station,valid,metar
AMA,2023-05-31 00:53,KAMA 310053Z 15013KT 10SM CLR 25/17 A2991 RMK AO2 SLP079 T02500172
AMA,2023-05-31 01:53,KAMA 310153Z 15013KT 10SM CLR 23/17 A2989 RMK AO2 SLP072 T02330167
AMA,2023-05-31 02:53,KAMA 310253Z 16011KT 10SM CLR 22/17 A2991 RMK AO2 SLP077 T02220167 53001
AMA,2023-05-31 03:53,KAMA 310353Z 15005KT 10SM CLR 22/17 A2995 RMK AO2 LTG DSNT W AND NW SLP091 T02170167
AMA,2023-05-31 04:53,KAMA 310453Z 35016G25KT 10SM VCTS -RA BKN045 OVC060 17/12 A3000 RMK AO2 PK WND 33028/0413 LTG DSNT NW-NE RAB46 TSB37E52 SLP111 P0000 T01720117
AMA,2023-05-31 05:53,KAMA 310553Z AUTO 07006KT 10SM VCTS SCT060 SCT080 BKN100 17/13 A2995 RMK AO2 LTG DSNT N-SE RAE41 TSB03E52 SLP093 P0018 60018 T01720128 10267 20156 402940156 50013
AMA,2023-05-31 06:53,KAMA 310653Z AUTO 12013KT 10SM CLR 17/12 A2994 RMK AO2 WSHFT 0630 SLP089 T01670122
AMA,2023-05-31 07:53,KAMA 310753Z AUTO 13014KT 10SM SCT050 16/12 A2998 RMK AO2 LTG DSNT NW SLP104 T01610122
AMA,2023-05-31 08:53,KAMA 310853Z AUTO 11012G20KT 10SM TS OVC044 17/12 A2998 RMK AO2 LTG DSNT ALQDS TSB45 SLP103 T01720122 53013
AMA,2023-05-31 09:53,KAMA 310953Z AUTO 02016G28KT 10SM VCTS SCT017 SCT027 OVC047 16/13 A3006 RMK AO2 PK WND 03028/0951 WSHFT 0935 LTG DSNT ALQDS TSE00 SLP131 T01610128
AMA,2023-05-31 10:53,KAMA 311053Z AUTO 03006KT 2 1/2SM R22/6000VP6000FT +TSRA BR BKN035 OVC060 14/13 A3007 RMK AO2 PK WND 03030/1018 WSHFT 1025 LTG DSNT ALQDS RAB08E20B24 TSB0954E09B17 SLP137 P0048 T01390128
AMA,2023-05-31 11:53,KAMA 311153Z 08017KT 10SM FEW095 OVC120 14/13 A2998 RMK AO2 PK WND 08031/1126 WSHFT 1058 LTG DSNT ALQDS RAE29 TSE23 SLP108 P0010 60058 70076 T01440128 10172 20139 58025
AMA,2023-05-31 12:53,KAMA 311253Z 17008KT 10SM BKN095 15/13 A3004 RMK AO2 SLP129 T01500128
AMA,2023-05-31 13:53,KAMA 311353Z 13009KT 10SM CLR 16/13 A3004 RMK AO2 RAB02E19 SLP130 P0002 T01560133
AMA,2023-05-31 14:53,KAMA 311453Z 14012KT 10SM FEW080 19/14 A3001 RMK AO2 SLP118 60002 T01890139 50009
AMA,2023-05-31 15:53,KAMA 311553Z 15013KT 10SM CLR 22/13 A2998 RMK AO2 SLP105 T02220133
AMA,2023-05-31 16:53,KAMA 311653Z 16013G22KT 10SM CLR 24/13 A2998 RMK AO2 SLP108 T02390133
AMA,2023-05-31 17:53,KAMA 311753Z 16019G25KT 10SM CLR 24/13 A2996 RMK AO2 SLP100 60002 T02440133 10244 20144 56015
AMA,2023-05-31 18:53,KAMA 311853Z 15016G26KT 10SM FEW037 24/16 A2997 RMK AO2 PK WND 16029/1801 SLP102 T02440156
AMA,2023-05-31 19:53,KAMA 311953Z 18019G26KT 10SM FEW039 SCT048 26/16 A2997 RMK AO2 PK WND 17030/1902 SLP101 T02560161
AMA,2023-05-31 20:53,KAMA 312053Z 17018G24KT 10SM FEW041 FEW050 BKN070 26/16 A2993 RMK AO2 PK WND 15026/2041 SLP087 T02560161 58010
AMA,2023-05-31 21:53,KAMA 312153Z 16015G23KT 10SM FEW046 SCT075 SCT100 25/16 A2992 RMK AO2 PK WND 15026/2120 LTG DSNT N AND NW SLP085 T02500156
AMA,2023-05-31 22:53,KAMA 312253Z 15012KT 10SM FEW036 SCT110 24/16 A2989 RMK AO2 LTG DSNT N AND NW SLP078 T02440156
AMA,2023-05-31 23:53,KAMA 312353Z 14016G22KT 10SM SCT060 24/14 A2987 RMK AO2 LTG DSNT N SLP073 T02440144 10261 20239 58018
AMA,2023-06-01 00:53,KAMA 010053Z 12012KT 10SM VCTS SCT060 BKN110 23/16 A2987 RMK AO2 LTG DSNT SW-NW SLP074 T02280161
AMA,2023-06-01 01:53,KAMA 010153Z 28016G34KT 10SM -TSRA BKN060 OVC080 22/17 A2995 RMK AO2 PK WND 29034/0153 LTG DSNT ALQDS RAB44 TSB49 PRESRR SLP101 P0000 T02170172
AMA,2023-06-01 02:13,KAMA 010213Z 24013G25KT 4SM +TSRA BR FEW014 BKN035 OVC060 16/15 A2997 RMK AO2 PK WND 30031/0154 WSHFT 0153 LTG DSNT ALQDS P0008 T01610150
AMA,2023-06-01 03:53,KAMA 010353Z 01006KT 3SM +TSRA BR SCT010 BKN043 OVC060 15/14 A3000 RMK AO2 WSHFT 0254 LTG DSNT ALQDS TSE16B19E36B42 SLP118 P0024 T01500144
AMA,2023-06-01 04:53,KAMA 010453Z AUTO 36006KT 7SM RA BKN070 OVC090 15/14 A2998 RMK AO2 LTG DSNT E-SW TSE26 SLP109 P0028 T01500144
AMA,2023-06-01 05:53,KAMA 010553Z AUTO 04007KT 6SM -TSRA BR SCT070 OVC095 15/14 A2994 RMK AO2 LTG DSNT E-SW TSB42 SLP096 P0005 60078 T01500144 10239 20150 402610139 58010
AMA,2023-06-01 06:53,KAMA 010653Z AUTO 01007KT 10SM VCTS -RA BKN065 OVC080 15/14 A2993 RMK AO2 LTG DSNT ALQDS RAE43B46 TSE0557B17E39 SLP093 P0015 T01500144
AMA,2023-06-01 07:53,KAMA 010753Z AUTO 35006KT 5SM VCTS RA BR BKN042 BKN049 OVC065 15/14 A2997 RMK AO2 LTG DSNT ALQDS TSB07E46 SLP103 P0061 T01500144
AMA,2023-06-01 08:53,KAMA 010853Z AUTO 33012G20KT 4SM TSRA BR BKN055 OVC070 14/13 A2997 RMK AO2 PK WND 31033/0827 LTG DSNT ALQDS RAE08B14 TSB23E38B43 SLP107 P0033 60109 T01390128 52001
AMA,2023-06-01 09:53,KAMA 010953Z AUTO 34008KT 10SM BKN070 OVC090 14/13 A2996 RMK AO2 LTG DSNT N AND SW RAE51 TSE0858B19E34 SLP105 P0007 T01390128
AMA,2023-06-01 10:53,KAMA 011053Z 36004KT 4SM RA BR OVC065 13/12 A2998 RMK AO2 LTG DSNT SE RAB04 SLP112 P0008 T01330122
AMA,2023-06-01 11:53,KAMA 011153Z 34006KT 5SM RA BR OVC065 13/12 A2999 RMK AO2 SLP116 P0010 60134 70214 T01330122 10156 20133 53005
AMA,2023-06-01 12:53,KAMA 011253Z 36010KT 8SM -RA FEW060 OVC085 14/12 A2996 RMK AO2 PRESFR SLP107 P0008 T01390122
AMA,2023-06-01 13:53,KAMA 011353Z 06005KT 10SM BKN120 16/14 A2997 RMK AO2 RAE07 SLP107 P0000 T01560139
AMA,2023-06-01 14:53,KAMA 011453Z 13011KT 10SM -RA SCT065 BKN095 OVC110 17/15 A2994 RMK AO2 RAB45 SLP104 P0000 60008 T01720150 56016
AMA,2023-06-01 15:53,KAMA 011553Z 14008KT 10SM BKN110 19/16 A2998 RMK AO2 RAE1454 PRESRR SLP116 P0000 T01890156
AMA,2023-06-01 16:53,KAMA 011653Z 13013KT 10SM CLR 19/15 A2997 RMK AO2 SLP112 T01940150
AMA,2023-06-01 17:53,KAMA 011753Z 15010G18KT 10SM FEW018 18/14 A2998 RMK AO2 SLP116 60008 T01830144 10200 20133 51011
AMA,2023-06-01 18:53,KAMA 011853Z 14011KT 10SM FEW120 20/14 A2997 RMK AO2 SLP112 T02000139
AMA,2023-06-01 19:53,KAMA 011953Z AUTO VRB03KT 10SM FEW026 SCT038 21/14 A2997 RMK AO2 SLP111 T02060144
AMA,2023-06-01 20:53,KAMA 012053Z 14008KT 10SM BKN027 BKN034 BKN046 21/15 A2997 RMK AO2 SLP109 T02110150 56003
AMA,2023-06-01 21:53,KAMA 012153Z 14013G20KT 10SM BKN050 21/14 A2994 RMK AO2 LTG DSNT W SLP104 T02060139
AMA,2023-06-01 22:53,KAMA 012253Z 17007KT 10SM FEW034 SCT049 BKN095 21/14 A2995 RMK AO2 LTG DSNT W SLP105 T02060139
AMA,2023-06-01 23:53,KAMA 012353Z 13008KT 10SM FEW090 FEW110 21/15 A2992 RMK AO2 SLP095 T02110150 10222 20183 58014
AMA,2023-06-02 00:53,KAMA 020053Z 16013KT 10SM CLR 21/14 A2991 RMK AO2 SLP090 T02060139
AMA,2023-06-02 01:53,KAMA 020153Z 16011KT 10SM CLR 19/14 A2993 RMK AO2 SLP096 T01940139
AMA,2023-06-02 02:53,KAMA 020253Z 15010KT 10SM CLR 18/14 A2995 RMK AO2 SLP104 T01780144 53009
AMA,2023-06-02 03:53,KAMA 020353Z 13011KT 10SM CLR 17/14 A2997 RMK AO2 SLP109 T01670144
AMA,2023-06-02 04:53,KAMA 020453Z AUTO 14010KT 10SM CLR 16/14 A2997 RMK AO2 SLP112 T01610144
AMA,2023-06-02 05:53,KAMA 020553Z AUTO 13010KT 10SM CLR 16/14 A2997 RMK AO2 SLP111 T01610144 10217 20161 402220133 50004
AMA,2023-06-02 06:53,KAMA 020653Z AUTO 14010KT 10SM SCT046 16/15 A2996 RMK AO2 SLP108 T01560150
AMA,2023-06-02 07:53,KAMA 020753Z AUTO 14012KT 10SM CLR 16/15 A2995 RMK AO2 SLP102 T01610150
AMA,2023-06-02 08:53,KAMA 020853Z AUTO 15015KT 10SM CLR 16/16 A2992 RMK AO2 SLP091 T01610156 58014
AMA,2023-06-02 09:53,KAMA 020953Z AUTO 16010KT 9SM OVC003 16/16 A2992 RMK AO2 SLP091 T01610156
AMA,2023-06-02 10:53,KAMA 021053Z AUTO 18011KT 6SM BR OVC002 16/16 A2994 RMK AO2 SLP098 T01610161
AMA,2023-06-02 11:53,KAMA 021153Z 17012KT 3SM BR OVC002 17/16 A2996 RMK AO2 SLP103 70008 T01670161 10167 20156 53010
AMA,2023-06-02 12:53,KAMA 021253Z 17010KT 3SM BR OVC003 17/16 A2998 RMK AO2 SFC VIS 5 SLP110 T01670161
AMA,2023-06-02 13:53,KAMA 021353Z 16007KT 3SM OVC003 17/17 A2999 RMK AO2 SFC VIS 7 SLP117 T01720167
AMA,2023-06-02 14:53,KAMA 021453Z 18012KT 10SM SCT006 BKN010 OVC022 19/17 A2998 RMK AO2 SLP112 T01940172 50002
AMA,2023-06-02 15:53,KAMA 021553Z 17012KT 10SM BKN010 OVC020 20/17 A2999 RMK AO2 CIG 007V014 SLP116 T02000172
AMA,2023-06-02 16:53,KAMA 021653Z 15010KT 10SM OVC011 20/17 A2997 RMK AO2 SLP111 T02000172
AMA,2023-06-02 17:53,KAMA 021753Z 16013KT 10SM SCT012 BKN017 OVC024 20/18 A2997 RMK AO2 LTG DSNT SW AND W SLP109 T02000178 10206 20167 58004
AMA,2023-06-02 18:53,KAMA 021853Z 18011KT 5SM -TSRA BR SCT013 BKN032 OVC095 19/18 A2996 RMK AO2 LTG DSNT ALQDS RAB31 TSB28 SLP108 P0010 T01940178
AMA,2023-06-02 19:53,KAMA 021953Z 27018G36KT 2 1/2SM +TSRA BR SCT009 BKN023 OVC050 15/13 A3001 RMK AO2 PK WND 27036/1946 LTG DSNT ALQDS TSE1855B01E25B26 SLP129 P0011 T01500133
AMA,2023-06-02 20:53,KAMA 022053Z 25007KT 4SM VCTS RA BR OVC070 14/13 A3003 RMK AO2 PK WND 27027/1956 LTG DSNT ALQDS TSE1958B02E35 SLP138 P0027 60048 T01440128 53022
AMA,2023-06-02 21:53,KAMA 022153Z 14015KT 5SM RA SCT055 OVC075 15/12 A2996 RMK AO2 WSHFT 2138 LTG DSNT S TSB14E29 PRESFR SLP113 P0028 T01500117
AMA,2023-06-02 22:53,KAMA 022253Z 16027G38KT 10SM -RA OVC090 15/12 A2989 RMK AO2 PK WND 16038/2249 WSHFT 2140 PRESFR SLP089 P0004 T01500117
AMA,2023-06-02 23:53,KAMA 022353Z 16016KT 10SM CLR 16/12 A2986 RMK AO2 PK WND 16036/2256 RAE22 SLP075 P0002 60082 T01610117 10206 20144 56054
AMA,2023-06-03 00:53,KAMA 030053Z 14009KT 10SM CLR 16/11 A2989 RMK AO2 SLP085 T01610111
AMA,2023-06-03 01:53,KAMA 030153Z 29008G20KT 10SM FEW110 16/11 A2995 RMK AO2 SLP107 T01560111
AMA,2023-06-03 02:53,KAMA 030253Z 10010KT 10SM CLR 15/12 A2990 RMK AO2 SLP087 T01500122 50012
AMA,2023-06-03 03:53,KAMA 030353Z 09009KT 10SM CLR 15/12 A2989 RMK AO2 SLP084 T01500117
AMA,2023-06-03 04:53,KAMA 030453Z AUTO 20004KT 10SM CLR 14/11 A2993 RMK AO2 SLP097 T01390111
AMA,2023-06-03 05:53,KAMA 030553Z AUTO 11006KT 10SM CLR 13/12 A2992 RMK AO2 SLP097 T01330117 10167 20128 402060128 50008
AMA,2023-06-03 06:53,KAMA 030653Z AUTO 12011KT 10SM CLR 13/12 A2991 RMK AO2 SLP095 T01280122
AMA,2023-06-03 07:53,KAMA 030753Z AUTO 17006KT 10SM CLR 13/12 A2992 RMK AO2 SLP105 T01280122
AMA,2023-06-03 08:53,KAMA 030853Z AUTO 18010KT 10SM OVC011 13/12 A2993 RMK AO2 SLP107 T01280122 53002
AMA,2023-06-03 09:53,KAMA 030953Z AUTO 19010KT 10SM SCT005 12/12 A2993 RMK AO2 SLP107 T01220117
AMA,2023-06-03 10:53,KAMA 031053Z 17006KT 10SM OVC003 12/12 A2995 RMK AO2 SLP115 T01220117
AMA,2023-06-03 11:53,KAMA 031153Z 18007KT 10SM OVC003 12/12 A2995 RMK AO2 SLP114 70082 T01220117 10133 20122 53008
AMA,2023-06-03 12:53,KAMA 031253Z 17008KT 8SM OVC003 12/12 A2997 RMK AO2 SLP118 T01220117
AMA,2023-06-03 13:53,KAMA 031353Z 17009KT 10SM OVC004 13/12 A2998 RMK AO2 SLP122 T01330122
AMA,2023-06-03 14:53,KAMA 031453Z 19008KT 10SM BKN007 15/13 A2999 RMK AO2 SLP127 T01500128 53013
AMA,2023-06-03 15:53,KAMA 031553Z 18009KT 10SM CLR 17/13 A3000 RMK AO2 SLP124 T01720133
AMA,2023-06-03 16:53,KAMA 031653Z 17009KT 10SM CLR 19/14 A2999 RMK AO2 SLP122 T01940139
AMA,2023-06-03 17:53,KAMA 031753Z 18007KT 10SM CLR 21/13 A2999 RMK AO2 SLP120 T02110133 10211 20117 58001
AMA,2023-06-03 18:53,KAMA 031853Z VRB06KT 10SM BKN033 23/14 A2999 RMK AO2 SLP117 T02280144
AMA,2023-06-03 19:53,KAMA 031953Z AUTO VRB03KT 10SM FEW042 24/13 A2998 RMK AO2 SLP112 T02390133
AMA,2023-06-03 20:53,KAMA 032053Z 16007KT 10SM SCT041 SCT050 23/15 A2996 RMK AO2 SLP105 T02330150 58010
AMA,2023-06-03 21:53,KAMA 032153Z VRB05KT 10SM CLR 24/13 A2993 RMK AO2 SLP097 T02440128
AMA,2023-06-03 22:53,KAMA 032253Z 18007G16KT 10SM FEW041 SCT050 24/15 A2992 RMK AO2 SLP093 T02440150
AMA,2023-06-03 23:53,KAMA 032353Z 18008KT 10SM FEW046 FEW055 23/15 A2993 RMK AO2 LTG DSNT E AND W SLP096 T02330150 10250 20211 55009
AMA,2023-06-04 00:53,KAMA 040053Z 24009KT 10SM TS BKN045 OVC080 22/16 A2993 RMK AO2 LTG DSNT NE AND E TSB48 SLP099 T02220161
AMA,2023-06-04 01:53,KAMA 040153Z 12011G23KT 10SM TS BKN048 16/13 A2997 RMK AO2 PK WND 07028/0127 LTG DSNT ALQDS SLP120 T01610128
AMA,2023-06-04 02:53,KAMA 040253Z 21012G18KT 10SM VCTS BKN042 BKN055 OVC100 16/14 A3002 RMK AO2 LTG DSNT ALQDS RAB32E53 TSE0158B36E51 SLP134 P0003 60003 T01560139 53027
AMA,2023-06-04 03:53,KAMA 040353Z 14009KT 10SM FEW075 SCT120 16/13 A3001 RMK AO2 LTG DSNT SE AND S RAB07E17 SLP128 P0000 T01560133
AMA,2023-06-04 04:53,KAMA 040453Z 21007KT 10SM BKN055 OVC110 16/13 A3004 RMK AO2 LTG DSNT SW SLP133 T01560133 $
AMA,2023-06-04 05:53,KAMA 040553Z AUTO 22008KT 10SM CLR 15/13 A3003 RMK AO2 SLP130 60003 T01500128 10239 20150 402500117 53003 $
AMA,2023-06-04 06:53,KAMA 040653Z AUTO 22009KT 10SM BKN110 14/13 A3000 RMK AO2 SLP119 T01440133 $
AMA,2023-06-04 07:53,KAMA 040753Z AUTO 26006KT 10SM CLR 14/13 A3000 RMK AO2 SLP119 T01440128 $
AMA,2023-06-04 08:53,KAMA 040853Z AUTO 33003KT 10SM CLR 14/12 A2999 RMK AO2 SLP114 T01440122 56013 $
AMA,2023-06-04 09:53,KAMA 040953Z AUTO 31005KT 10SM CLR 15/13 A3000 RMK AO2 SLP114 T01500128 $
AMA,2023-06-04 10:53,KAMA 041053Z AUTO 36007KT 10SM CLR 14/13 A3000 RMK AO2 SLP117 T01390128 $
AMA,2023-06-04 11:53,KAMA 041153Z 01006KT 10SM CLR 14/13 A3002 RMK AO2 SLP124 70003 T01390128 10150 20139 53009 $
AMA,2023-06-04 12:53,KAMA 041253Z 01005KT 10SM FEW026 16/14 A3004 RMK AO2 SLP131 T01560139 $
AMA,2023-06-04 13:53,KAMA 041353Z 05011KT 10SM SCT100 18/15 A3005 RMK AO2 SLP140 T01780150 $
AMA,2023-06-04 14:53,KAMA 041453Z 05008KT 10SM FEW070 BKN090 19/15 A3006 RMK AO2 SLP142 T01940150 51013 $
AMA,2023-06-04 15:53,KAMA 041553Z 10006KT 10SM FEW029 BKN040 BKN048 20/14 A3006 RMK AO2 SLP141 T02000144 $
AMA,2023-06-04 16:53,KAMA 041653Z 12005KT 10SM SCT023 BKN090 21/15 A3005 RMK AO2 LTG DSNT E SLP137 T02060150 $
AMA,2023-06-04 17:53,KAMA 041753Z 27004KT 10SM VCTS SCT030 BKN050 OVC090 21/15 A3004 RMK AO2 LTG DSNT E AND SE RAB08E42 SLP134 P0000 60000 T02110150 10217 20139 57005 $
AMA,2023-06-04 18:53,KAMA 041853Z 09008KT 10SM TS FEW013 BKN026 OVC060 19/16 A3004 RMK AO2 LTG DSNT ALQDS TSB42 SLP137 T01940156 $
AMA,2023-06-04 19:53,KAMA 041953Z 07006KT 10SM -RA SCT036 BKN080 OVC100 16/14 A3007 RMK AO2 LTG DSNT ALQDS RAB12 TSE03B05E20B21E36 SLP153 P0002 T01560144 $
AMA,2023-06-04 20:53,KAMA 042053Z AUTO 08012KT 10SM -RA OVC090 16/14 A3006 RMK AO2 LTG DSNT ALQDS SLP148 P0002 60004 T01560144 50007 $
AMA,2023-06-04 21:53,KAMA 042153Z AUTO 10009KT 10SM FEW043 BKN075 OVC095 17/15 A3004 RMK AO2 RAE51 SLP140 P0002 T01670150 $
AMA,2023-06-04 22:53,KAMA 042253Z 10009KT 10SM SCT110 17/14 A3003 RMK AO2 SLP139 T01670144 $
AMA,2023-06-04 23:53,KAMA 042353Z 08009KT 10SM SCT100 17/14 A3004 RMK AO2 SLP140 60006 T01720139 10217 20156 55006 $
AMA,2023-06-05 00:53,KAMA 050053Z 08006KT 10SM BKN095 BKN120 17/14 A3004 RMK AO2 SLP138 T01670139 $
AMA,2023-06-05 01:53,KAMA 050153Z 10006KT 10SM CLR 16/14 A3005 RMK AO2 SLP141 T01560139 $
AMA,2023-06-05 02:53,KAMA 050253Z 10006KT 10SM CLR 16/14 A3005 RMK AO2 SLP138 T01560139 52004 $
AMA,2023-06-05 03:53,KAMA 050353Z 00000KT 10SM CLR 14/13 A3008 RMK AO2 SLP150 T01390133 $
AMA,2023-06-05 04:53,KAMA 050453Z 00000KT 10SM BKN100 14/13 A3011 RMK AO2 SLP157 T01440133 $
AMA,2023-06-05 05:53,KAMA 050553Z 35004KT 10SM FEW070 OVC100 15/14 A3011 RMK AO2 SLP157 T01500144 10172 20139 402170139 51018 $
AMA,2023-06-05 06:53,KAMA 050653Z 02004KT 10SM OVC090 15/14 A3011 RMK AO2 SLP160 T01500144 $
AMA,2023-06-05 07:53,KAMA 050753Z AUTO 36005KT 10SM OVC095 15/14 A3010 RMK AO2 SLP163 T01500144 $
AMA,2023-06-05 08:53,KAMA 050853Z AUTO 03004KT 10SM BKN100 15/14 A3009 RMK AO2 SLP160 T01500144 58004 $
AMA,2023-06-05 09:53,KAMA 050953Z AUTO 34004KT 10SM FEW046 SCT100 14/14 A3010 RMK AO2 SLP162 T01440139 $
AMA,2023-06-05 10:53,KAMA 051053Z 01005KT 10SM OVC100 14/14 A3011 RMK AO2 SLP164 T01440139 $
AMA,2023-06-05 11:53,KAMA 051153Z 34005KT 1SM R22/P6000FT BR BKN001 OVC100 14/14 A3012 RMK AO2 TWR VIS 10 SLP168 70006 T01440139 10150 20144 53009 $
AMA,2023-06-05 12:53,KAMA 051253Z 36006KT 8SM OVC100 15/14 A3013 RMK AO2 SLP172 T01500144 $
AMA,2023-06-05 13:53,KAMA 051353Z 04006KT 5SM BR SCT100 17/16 A3014 RMK AO2 SLP173 T01670156
AMA,2023-06-05 14:53,KAMA 051453Z 03004KT 10SM BKN100 18/15 A3015 RMK AO2 SLP176 T01780150 51007
AMA,2023-06-05 15:53,KAMA 051553Z 04006KT 10SM BKN110 19/15 A3016 RMK AO2 SLP179 T01940150
AMA,2023-06-05 16:53,KAMA 051653Z 09005KT 10SM SCT024 BKN110 21/14 A3016 RMK AO2 SLP177 T02060144
AMA,2023-06-05 17:53,KAMA 051753Z VRB04KT 10SM FEW028 21/14 A3015 RMK AO2 SLP173 T02110144 10217 20144 50001
AMA,2023-06-05 18:53,KAMA 051853Z VRB03KT 10SM SCT033 BKN043 BKN090 22/14 A3014 RMK AO2 LTG DSNT N AND NW SLP168 T02170139
AMA,2023-06-05 19:53,KAMA 051953Z 09007G16KT 10SM FEW041 FEW050 23/13 A3012 RMK AO2 SLP159 T02330128
AMA,2023-06-05 20:53,KAMA 052053Z 11010KT 10SM SCT047 24/13 A3010 RMK AO2 SLP153 T02390128 58015
AMA,2023-06-05 21:53,KAMA 052153Z 07006KT 10SM FEW044 FEW100 22/13 A3009 RMK AO2 SLP151 T02220128
AMA,2023-06-05 22:53,KAMA 052253Z 22015KT 10SM VCTS FEW075 BKN100 21/12 A3009 RMK AO2 LTG DSNT E SLP153 T02060122
AMA,2023-06-05 23:53,KAMA 052353Z 26006KT 10SM CLR 19/12 A3009 RMK AO2 LTG DSNT E AND W SLP155 T01940122 10244 20194 55003
AMA,2023-06-06 00:53,KAMA 060053Z 04008KT 10SM CLR 19/13 A3011 RMK AO2 SLP160 T01890133
AMA,2023-06-06 01:53,KAMA 060153Z 03004KT 10SM SCT110 18/13 A3012 RMK AO2 SLP163 T01780133
AMA,2023-06-06 02:53,KAMA 060253Z 36003KT 10SM SCT100 17/14 A3012 RMK AO2 SLP163 T01720139 51008
AMA,2023-06-06 03:53,KAMA 060353Z 01004KT 10SM FEW090 17/12 A3014 RMK AO2 SLP168 T01670122
AMA,2023-06-06 04:53,KAMA 060453Z AUTO 02003KT 10SM FEW100 17/11 A3014 RMK AO2 SLP167 T01720111
AMA,2023-06-06 05:53,KAMA 060553Z AUTO 31003KT 10SM OVC110 17/13 A3014 RMK AO2 SLP168 T01670128 10200 20150 402440144 51006
AMA,2023-06-06 06:53,KAMA 060653Z AUTO 32003KT 10SM CLR 17/13 A3013 RMK AO2 SLP162 T01670133
AMA,2023-06-06 07:53,KAMA 060753Z AUTO 00000KT 10SM OVC100 16/14 A3012 RMK AO2 SLP156 T01610139
AMA,2023-06-06 08:53,KAMA 060853Z AUTO 36003KT 10SM CLR 17/14 A3011 RMK AO2 SLP150 T01670139 56011
AMA,2023-06-06 09:53,KAMA 060953Z AUTO 00000KT 10SM FEW110 16/14 A3011 RMK AO2 SLP154 T01610144
AMA,2023-06-06 10:53,KAMA 061053Z 29003KT 10SM FEW100 17/14 A3010 RMK AO2 SLP153 T01670139
AMA,2023-06-06 11:53,KAMA 061153Z 01004KT 10SM CLR 16/14 A3010 RMK AO2 SLP157 T01610144 10167 20156 55001
AMA,2023-06-06 12:53,KAMA 061253Z 36005KT 10SM CLR 17/15 A3012 RMK AO2 SLP162 T01720150
AMA,2023-06-06 13:53,KAMA 061353Z 05003KT 10SM CLR 19/13 A3012 RMK AO2 SLP160 T01940133
AMA,2023-06-06 14:53,KAMA 061453Z 07004KT 10SM CLR 21/14 A3012 RMK AO2 SLP161 T02060139 51006
AMA,2023-06-06 15:53,KAMA 061553Z 00000KT 10SM SCT110 22/14 A3011 RMK AO2 SLP156 T02220139
AMA,2023-06-06 16:53,KAMA 061653Z 10SM FEW037 23/14 A3010 RMK AO2 SLP152 T02280139
AMA,2023-06-06 17:53,KAMA 061753Z 19004KT 10SM CLR 23/13 A3010 RMK AO2 SLP149 T02330133 10233 20161 56008
AMA,2023-06-06 18:53,KAMA 061853Z 19005KT 10SM CLR 24/14 A3008 RMK AO2 SLP143 T02440144
AMA,2023-06-06 19:53,KAMA 061953Z AUTO 10SM FEW048 25/13 A3007 RMK AO2 SLP137 T02500128
AMA,2023-06-06 20:53,KAMA 062053Z AUTO 20010KT 10SM SCT050 SCT065 26/13 A3005 RMK AO2 SLP129 T02560128 58016
AMA,2023-06-06 21:53,KAMA 062153Z AUTO 19006KT 10SM FEW055 26/12 A3002 RMK AO2 SLP120 T02560122
AMA,2023-06-06 22:53,KAMA 062253Z 21007KT 10SM FEW050 26/13 A2999 RMK AO2 SLP111 T02560133
AMA,2023-06-06 23:53,KAMA 062353Z 21006KT 10SM SCT055 25/13 A2998 RMK AO2 SLP106 T02500128 10256 20228 56021
AMA,2023-06-07 00:53,KAMA 070053Z 15006KT 10SM CLR 24/13 A2998 RMK AO2 SLP106 T02390128
AMA,2023-06-07 01:53,KAMA 070153Z 13005KT 10SM CLR 21/14 A2999 RMK AO2 SLP111 T02110144
AMA,2023-06-07 02:53,KAMA 070253Z 14006KT 10SM CLR 19/14 A3000 RMK AO2 SLP117 T01890144 53008
AMA,2023-06-07 03:53,KAMA 070353Z 14009KT 10SM FEW090 19/13 A3003 RMK AO2 SLP124 T01890133
AMA,2023-06-07 04:53,KAMA 070453Z AUTO 14010KT 10SM CLR 19/13 A3003 RMK AO2 SLP122 T01890128
AMA,2023-06-07 05:53,KAMA 070553Z AUTO 15009KT 10SM CLR 18/13 A3003 RMK AO2 SLP123 T01780128 10250 20172 402560156 50006
AMA,2023-06-07 06:53,KAMA 070653Z AUTO 16009KT 10SM CLR 17/14 A3002 RMK AO2 SLP119 T01670139
AMA,2023-06-07 07:53,KAMA 070753Z AUTO 18009KT 10SM CLR 17/14 A3001 RMK AO2 SLP118 T01720139
AMA,2023-06-07 08:53,KAMA 070853Z AUTO 22006KT 10SM BKN080 OVC100 17/14 A3003 RMK AO2 SLP120 T01720144 55000
AMA,2023-06-07 09:53,KAMA 070953Z AUTO 32013G27KT 10SM FEW020 BKN040 OVC049 16/14 A3006 RMK AO2 PK WND 31027/0944 SLP134 T01610139
AMA,2023-06-07 10:53,KAMA 071053Z 32010G19KT 10SM BKN045 OVC060 16/14 A3005 RMK AO2 RAB10E40 SLP133 P0000 T01560139
AMA,2023-06-07 11:53,KAMA 071153Z 01005KT 10SM -RA OVC100 15/14 A3002 RMK AO2 RAB19 SLP121 P0001 60001 70001 T01500144 10178 20150 58003
AMA,2023-06-07 12:53,KAMA 071253Z 09010KT 10SM SCT090 BKN110 16/14 A2996 RMK AO2 RAE1157 SLP102 P0000 T01560144
AMA,2023-06-07 13:53,KAMA 071353Z 26003KT 10SM FEW110 17/15 A2997 RMK AO2 SLP107 T01720150
AMA,2023-06-07 14:53,KAMA 071453Z 22007KT 10SM R22/1600VP6000FT OVC095 18/15 A2999 RMK AO2 SLP115 60000 T01830150 55008
AMA,2023-06-07 15:53,KAMA 071553Z 22007KT 10SM CLR 21/16 A2999 RMK AO2 SLP113 T02110161
AMA,2023-06-07 16:53,KAMA 071653Z 27005KT 10SM SCT038 BKN060 22/15 A3001 RMK AO2 SLP116 T02170150
AMA,2023-06-07 17:53,KAMA 071753Z 17004KT 10SM SCT120 22/14 A3000 RMK AO2 SLP115 60000 T02220144 10228 20150 50002
AMA,2023-06-07 18:53,KAMA 071853Z 22011KT 10SM FEW048 SCT110 24/14 A2998 RMK AO2 SLP109 T02440139
AMA,2023-06-07 19:53,KAMA 071953Z AUTO 23009G14KT 10SM CLR 25/14 A2996 RMK AO2 SLP100 T02500144
AMA,2023-06-07 20:53,KAMA 072053Z VRB04KT 10SM SCT048 26/14 A2995 RMK AO2 LTG DSNT NE SLP093 T02560144 58015
AMA,2023-06-07 21:53,KAMA 072153Z 19008KT 160V220 10SM FEW050 26/14 A2992 RMK AO2 SLP085 T02610144
AMA,2023-06-07 22:53,KAMA 072253Z 18007KT 10SM FEW047 SCT085 25/15 A2990 RMK AO2 SLP078 T02500150
AMA,2023-06-07 23:53,KAMA 072353Z 22011KT 10SM CLR 26/13 A2989 RMK AO2 LTG DSNT N SLP075 T02560133 10261 20222 56018
AMA,2023-06-08 00:53,KAMA 080053Z 15012KT 10SM CLR 23/17 A2989 RMK AO2 LTG DSNT N AND NE SLP081 T02280172
AMA,2023-06-08 01:53,KAMA 080153Z 14010KT 10SM CLR 21/16 A2989 RMK AO2 LTG DSNT NE AND E SLP081 T02110161
AMA,2023-06-08 02:53,KAMA 080253Z 14010KT 10SM CLR 19/16 A2992 RMK AO2 SLP091 T01940161 53010
AMA,2023-06-08 03:53,KAMA 080353Z 12010KT 10SM CLR 18/16 A2992 RMK AO2 LTG DSNT W AND NW SLP088 T01830161
AMA,2023-06-08 04:53,KAMA 080453Z AUTO 32021G34KT 1 3/4SM R22/4500VP6000FT +TSRA BR FEW020 BKN029 OVC095 16/14 A3001 RMK AO2 PK WND 31041/0440 WSHFT 0431 LTG DSNT ALQDS RAB45 TSB39 SLP122 P0005 T01560144
AMA,2023-06-08 05:53,KAMA 080553Z AUTO 01010KT 10SM -TSRA FEW049 OVC075 15/14 A2998 RMK AO2 LTG DSNT E-S TSE41B42E43B53 SLP112 P0060 60065 T01500144 10256 20150 402610150 50019
AMA,2023-06-08 06:53,KAMA 080653Z AUTO 07010KT 10SM -RA OVC085 16/13 A2996 RMK AO2 LTG DSNT E TSE0555 SLP101 P0002 T01610133
AMA,2023-06-08 07:53,KAMA 080753Z AUTO 05015G30KT 10SM FEW050 OVC090 18/12 A2991 RMK AO2 PK WND 05030/0746 RAE37 SLP081 P0001 T01780117
AMA,2023-06-08 08:53,KAMA 080853Z AUTO 04012G22KT 10SM -RA OVC090 17/12 A2991 RMK AO2 PK WND 03029/0817 RAB16 SLP081 P0000 60003 T01670117 56023
AMA,2023-06-08 09:53,KAMA 080953Z AUTO 23006KT 10SM BKN120 17/13 A2989 RMK AO2 RAE20 SLP075 P0000 T01670128
AMA,2023-06-08 10:53,KAMA 081053Z AUTO 23008KT 10SM CLR 16/14 A2994 RMK AO2 SLP092 T01560139
AMA,2023-06-08 11:53,KAMA 081153Z 28008KT 10SM CLR 16/14 A2996 RMK AO2 SLP100 60003 70068 T01560139 10178 20150 53016
AMA,2023-06-08 12:53,KAMA 081253Z 30007KT 10SM CLR 16/14 A2997 RMK AO2 SLP108 T01560139
AMA,2023-06-08 13:53,KAMA 081353Z 29009KT 10SM CLR 18/14 A2997 RMK AO2 SLP107 T01780139
AMA,2023-06-08 14:53,KAMA 081453Z 31011KT 10SM CLR 22/14 A2998 RMK AO2 SLP107 T02170139 51006
AMA,2023-06-08 15:53,KAMA 081553Z 32007KT 10SM CLR 22/14 A2999 RMK AO2 SLP110 T02220139
AMA,2023-06-08 16:53,KAMA 081653Z 32008KT 10SM CLR 24/14 A2999 RMK AO2 SLP111 T02390139
AMA,2023-06-08 17:53,KAMA 081753Z 30010KT 10SM CLR 26/13 A2999 RMK AO2 SLP109 T02560133 10256 20156 50002
AMA,2023-06-08 18:53,KAMA 081853Z 29010KT 10SM CLR 26/13 A2998 RMK AO2 SLP104 T02610128
AMA,2023-06-08 19:53,KAMA 081953Z 28008KT 10SM CLR 26/13 A2996 RMK AO2 SLP097 T02610133
AMA,2023-06-08 20:53,KAMA 082053Z AUTO 31006KT 10SM CLR 27/12 A2996 RMK AO2 SLP095 T02720122 56009
AMA,2023-06-08 21:53,KAMA 082153Z 35008KT 10SM CLR 27/12 A2993 RMK AO2 SLP087 T02720122
AMA,2023-06-08 22:53,KAMA 082253Z 34007KT 10SM CLR 28/13 A2992 RMK AO2 SLP084 T02780133
AMA,2023-06-08 23:53,KAMA 082353Z 34005KT 10SM CLR 27/12 A2992 RMK AO2 SLP082 T02720122 10278 20244 56012
AMA,2023-06-09 00:53,KAMA 090053Z 31003KT 10SM CLR 27/13 A2992 RMK AO2 SLP084 T02720128
AMA,2023-06-09 01:53,KAMA 090153Z 06004KT 10SM CLR 23/13 A2994 RMK AO2 SLP092 T02330133
AMA,2023-06-09 02:53,KAMA 090253Z 08007KT 10SM CLR 21/16 A2995 RMK AO2 SLP095 T02110156 53011
AMA,2023-06-09 03:53,KAMA 090353Z 10006KT 10SM CLR 21/15 A2996 RMK AO2 SLP099 T02110150
AMA,2023-06-09 04:53,KAMA 090453Z AUTO 12007KT 10SM CLR 19/16 A2997 RMK AO2 SLP102 T01940156
AMA,2023-06-09 05:53,KAMA 090553Z AUTO 14007KT 10SM CLR 18/16 A2997 RMK AO2 SLP100 T01830156 10278 20178 402780150 50005
AMA,2023-06-09 06:53,KAMA 090653Z AUTO 18007KT 10SM CLR 19/14 A2996 RMK AO2 SLP095 T01890144
AMA,2023-06-09 07:53,KAMA 090753Z AUTO 17006KT 10SM CLR 18/15 A2995 RMK AO2 SLP094 T01830150
AMA,2023-06-09 08:53,KAMA 090853Z AUTO 19006KT 10SM CLR 18/15 A2995 RMK AO2 SLP091 T01830150 56007
AMA,2023-06-09 09:53,KAMA 090953Z AUTO 15003KT 10SM CLR 17/14 A2995 RMK AO2 SLP093 T01720144
AMA,2023-06-09 10:53,KAMA 091053Z AUTO 16003KT 10SM CLR 17/14 A2996 RMK AO2 SLP095 T01670144
AMA,2023-06-09 11:53,KAMA 091153Z 17006KT 10SM CLR 18/15 A2997 RMK AO2 SLP098 T01780150 10194 20161 53006
AMA,2023-06-09 12:53,KAMA 091253Z 16004KT 10SM CLR 20/16 A2998 RMK AO2 SLP100 T02000156
AMA,2023-06-09 13:53,KAMA 091353Z 16003KT 10SM CLR 22/16 A2999 RMK AO2 SLP106 T02220161
AMA,2023-06-09 14:53,KAMA 091453Z VRB03KT 10SM CLR 24/15 A2999 RMK AO2 SLP107 T02440150 51007
AMA,2023-06-09 15:53,KAMA 091553Z 24004KT 10SM CLR 26/14 A2999 RMK AO2 SLP103 T02560144
AMA,2023-06-09 16:53,KAMA 091653Z 16006KT 10SM CLR 27/15 A2999 RMK AO2 SLP103 T02670150
AMA,2023-06-09 17:53,KAMA 091753Z 14010KT 10SM CLR 28/14 A2998 RMK AO2 SLP102 T02780144 10283 20178 56003
AMA,2023-06-09 18:53,KAMA 091853Z 15009G17KT 10SM CLR 28/15 A2997 RMK AO2 SLP095 T02830150
AMA,2023-06-09 19:53,KAMA 091953Z 14010KT 10SM CLR 29/14 A2995 RMK AO2 SLP089 T02890144
AMA,2023-06-09 20:53,KAMA 092053Z 15014KT 10SM CLR 29/16 A2993 RMK AO2 SLP081 T02940156 58017
AMA,2023-06-09 21:53,KAMA 092153Z 14011KT 10SM CLR 29/17 A2991 RMK AO2 SLP075 T02890167
AMA,2023-06-09 22:53,KAMA 092253Z AUTO 14015G23KT 10SM CLR 28/17 A2989 RMK AO2 SLP073 T02780167
AMA,2023-06-09 23:53,KAMA 092353Z 16016KT 10SM CLR 27/17 A2989 RMK AO2 SLP069 T02720167 10294 20272 56013
AMA,2023-06-10 00:53,KAMA 100053Z 14011KT 10SM CLR 25/17 A2988 RMK AO2 LTG DSNT NW SLP066 T02500172
AMA,2023-06-10 01:53,KAMA 100153Z 15007KT 10SM CLR 23/18 A2989 RMK AO2 SLP069 T02330178
AMA,2023-06-10 02:53,KAMA 100253Z 17008KT 10SM CLR 23/17 A2988 RMK AO2 SLP065 T02280172 56001
AMA,2023-06-10 03:53,KAMA 100353Z 19009KT 10SM CLR 22/17 A2987 RMK AO2 SLP062 T02170167
AMA,2023-06-10 04:53,KAMA 100453Z 17005KT 10SM CLR 21/17 A2987 RMK AO2 SLP061 T02060167
AMA,2023-06-10 05:53,KAMA 100553Z 16005KT 10SM CLR 21/17 A2988 RMK AO2 SLP065 T02110167 10272 20194 402940161 53000
AMA,2023-06-10 06:53,KAMA 100653Z 07004KT 10SM SCT110 21/17 A2989 RMK AO2 SLP067 T02060172
AMA,2023-06-10 07:53,KAMA 100753Z 09014KT 10SM FEW120 21/17 A2987 RMK AO2 LTG DSNT E SLP058 T02110167
AMA,2023-06-10 08:53,KAMA 100853Z AUTO 06011KT 10SM FEW090 17/14 A2984 RMK AO2 SLP052 T01720144 58014
AMA,2023-06-10 09:53,KAMA 100953Z AUTO 03006KT 10SM CLR 16/14 A2985 RMK AO2 SLP059 T01560139
AMA,2023-06-10 10:53,KAMA 101053Z 14008KT 10SM CLR 16/14 A2983 RMK AO2 SLP053 T01560139
AMA,2023-06-10 11:53,KAMA 101153Z 36008KT 10SM CLR 16/14 A2987 RMK AO2 SLP066 T01560139 10217 20156 53010
AMA,2023-06-10 12:53,KAMA 101253Z 34006KT 10SM CLR 16/14 A2987 RMK AO2 SLP071 T01560139
AMA,2023-06-10 13:53,KAMA 101353Z 03004KT 10SM CLR 19/15 A2990 RMK AO2 SLP076 T01940150
AMA,2023-06-10 14:53,KAMA 101453Z 11004KT 10SM CLR 22/16 A2992 RMK AO2 SLP081 T02170156 53014
AMA,2023-06-10 15:53,KAMA 101553Z 11005KT 10SM CLR 23/16 A2992 RMK AO2 SLP082 T02280156
AMA,2023-06-10 16:53,KAMA 101653Z 00000KT 10SM CLR 24/16 A2991 RMK AO2 SLP080 T02390156
AMA,2023-06-10 17:53,KAMA 101753Z 10SM CLR 25/17 A2991 RMK AO2 SLP076 T02500167 10250 20150 58002
AMA,2023-06-10 18:53,KAMA 101853Z 00000KT 10SM BKN037 26/16 A2990 RMK AO2 SLP075 T02560161
AMA,2023-06-10 19:53,KAMA 101953Z 00000KT 10SM BKN040 27/16 A2989 RMK AO2 SLP068 T02670161
AMA,2023-06-10 20:53,KAMA 102053Z 08007KT 10SM CLR 28/17 A2988 RMK AO2 SLP067 T02830167 58009
AMA,2023-06-10 21:53,KAMA 102153Z 15005KT 10SM CLR 28/16 A2986 RMK AO2 SLP063 T02780156
AMA,2023-06-10 22:53,KAMA 102253Z 11007KT 10SM CLR 28/16 A2986 RMK AO2 SLP063 T02780156
AMA,2023-06-10 23:53,KAMA 102353Z 15005KT 10SM CLR 28/16 A2985 RMK AO2 SLP060 T02780156 10289 20250 56008
AMA,2023-06-11 00:53,KAMA 110053Z 18004KT 10SM CLR 27/16 A2986 RMK AO2 SLP066 T02670156
AMA,2023-06-11 01:53,KAMA 110153Z 12004KT 10SM CLR 25/16 A2988 RMK AO2 SLP068 T02500161
AMA,2023-06-11 02:53,KAMA 110253Z 12007KT 10SM CLR 23/16 A2988 RMK AO2 SLP067 T02330161 51009
AMA,2023-06-11 03:53,KAMA 110353Z 12009KT 10SM CLR 23/17 A2989 RMK AO2 SLP070 T02280172
AMA,2023-06-11 04:53,KAMA 110453Z AUTO 15011KT 10SM CLR 21/17 A2987 RMK AO2 SLP064 T02110172
AMA,2023-06-11 05:53,KAMA 110553Z AUTO 12007KT 10SM CLR 21/17 A2988 RMK AO2 SLP067 T02060172 10278 20200 402890150 57001
AMA,2023-06-11 06:53,KAMA 110653Z AUTO 12007KT 10SM CLR 19/17 A2988 RMK AO2 SLP067 T01940167
AMA,2023-06-11 07:53,KAMA 110753Z AUTO 15005KT 10SM CLR 19/17 A2989 RMK AO2 SLP070 T01890167
AMA,2023-06-11 08:53,KAMA 110853Z AUTO 18004KT 10SM CLR 18/16 A2990 RMK AO2 SLP071 T01830161 53005
AMA,2023-06-11 09:53,KAMA 110953Z AUTO 03016G27KT 10SM SCT065 18/14 A2995 RMK AO2 PK WND 02029/0930 SLP091 T01830139
AMA,2023-06-11 10:53,KAMA 111053Z AUTO 06017KT 10SM CLR 17/13 A2995 RMK AO2 SLP094 T01670128
AMA,2023-06-11 11:53,KAMA 111153Z 09012KT 10SM CLR 16/13 A2997 RMK AO2 PK WND 06026/1117 SLP100 T01610128 10206 20161 51023
AMA,2023-06-11 12:53,KAMA 111253Z 09010KT 10SM CLR 17/13 A2999 RMK AO2 SLP106 T01720128
AMA,2023-06-11 13:53,KAMA 111353Z 08011KT 10SM CLR 20/12 A3001 RMK AO2 SLP111 T02000122
AMA,2023-06-11 14:53,KAMA 111453Z 07011KT 10SM CLR 23/13 A3000 RMK AO2 SLP106 T02280128 50008
AMA,2023-06-11 15:53,KAMA 111553Z 08013KT 10SM CLR 24/14 A2998 RMK AO2 SLP100 T02440139
AMA,2023-06-11 16:53,KAMA 111653Z VRB06KT 10SM CLR 26/15 A2999 RMK AO2 SLP101 T02610150
AMA,2023-06-11 17:53,KAMA 111753Z 04014KT 10SM CLR 26/17 A2999 RMK AO2 SLP105 T02610167 10272 20161 55001
AMA,2023-06-11 18:53,KAMA 111853Z 06009G19KT 10SM CLR 26/16 A2999 RMK AO2 SLP105 T02610156
AMA,2023-06-11 19:53,KAMA 111953Z 05011G20KT 10SM FEW047 27/16 A2998 RMK AO2 SLP102 T02670156
AMA,2023-06-11 20:53,KAMA 112053Z 05011G17KT 10SM CLR 27/16 A2997 RMK AO2 SLP098 T02720156 58006
AMA,2023-06-11 21:53,KAMA 112153Z 08013G19KT 10SM FEW050 27/16 A2996 RMK AO2 SLP095 T02720156
AMA,2023-06-11 22:53,KAMA 112253Z 07012KT 10SM BKN055 27/15 A2996 RMK AO2 SLP096 T02720150
AMA,2023-06-11 23:53,KAMA 112353Z 08012KT 10SM SCT055 25/14 A2994 RMK AO2 LTG DSNT SW SLP094 T02500144 10278 20250 58008
AMA,2023-06-12 00:53,KAMA 120053Z 08015G21KT 10SM TS BKN055 BKN110 24/15 A2993 RMK AO2 LTG DSNT S-NW TSB45E50B51 SLP089 T02390150
AMA,2023-06-12 01:53,KAMA 120153Z 06009G18KT 10SM VCTS -RA FEW070 FEW085 BKN110 22/16 A2996 RMK AO2 LTG DSNT SE-SW RAB42 TSE0058B0059E00B03E05B16E17B18E23B24E25 SLP097 P0000 T02220161
AMA,2023-06-12 02:53,KAMA 120253Z 08013KT 10SM CLR 21/16 A2997 RMK AO2 RAE0155B08E27 TSB0157E0159 SLP098 P0000 60000 T02110156 53007
AMA,2023-06-12 03:53,KAMA 120353Z 08010KT 10SM CLR 19/16 A2998 RMK AO2 SLP103 T01940156
AMA,2023-06-12 04:53,KAMA 120453Z 11011KT 10SM CLR 19/15 A2999 RMK AO2 SLP106 T01890150
AMA,2023-06-12 05:53,KAMA 120553Z AUTO 09007KT 10SM CLR 18/15 A2999 RMK AO2 SLP107 60000 T01780150 10250 20178 402780161 50007
AMA,2023-06-12 06:53,KAMA 120653Z AUTO 10011KT 10SM CLR 18/15 A2999 RMK AO2 SLP107 T01780150
AMA,2023-06-12 07:53,KAMA 120753Z AUTO 10016KT 10SM OVC050 18/15 A2997 RMK AO2 SLP100 T01780150
AMA,2023-06-12 08:53,KAMA 120853Z AUTO 11018G26KT 10SM FEW012 OVC038 17/15 A2997 RMK AO2 PK WND 12026/0852 SLP098 T01720150 58007
AMA,2023-06-12 09:53,KAMA 120953Z AUTO 13010G23KT 10SM BKN013 BKN038 17/15 A2999 RMK AO2 PK WND 13028/0942 LTG DSNT NW-NE PRESRR SLP108 T01720150
AMA,2023-06-12 10:53,KAMA 121053Z 08016G24KT 10SM FEW013 SCT022 BKN031 17/14 A3002 RMK AO2 LTG DSNT E SLP118 T01720139
AMA,2023-06-12 11:53,KAMA 121153Z 08012KT 10SM BKN048 OVC055 17/14 A3003 RMK AO2 SLP122 T01720139 10178 20167 51009
AMA,2023-06-12 12:53,KAMA 121253Z 09016G24KT 10SM FEW011 OVC040 16/12 A3004 RMK AO2 SLP129 T01560122
AMA,2023-06-12 13:53,KAMA 121353Z 09013KT 10SM OVC039 16/12 A3004 RMK AO2 SLP131 T01560122
AMA,2023-06-12 14:53,KAMA 121453Z 11016G21KT 10SM OVC038 16/13 A3003 RMK AO2 SLP129 T01610128 50002
AMA,2023-06-12 15:53,KAMA 121553Z 13016G23KT 10SM VCTS FEW010 OVC037 16/13 A3001 RMK AO2 LTG DSNT NW RAB00E11 SLP125 P0000 T01610133
AMA,2023-06-12 16:53,KAMA 121653Z 16013KT 10SM OVC038 17/13 A3002 RMK AO2 TSB09E10 SLP128 T01720133
AMA,2023-06-12 17:53,KAMA 121753Z 15007G20KT 10SM OVC037 18/13 A3003 RMK AO2 SLP130 60000 T01780133 10183 20156 55001
AMA,2023-06-12 18:53,KAMA 121853Z 11014KT 10SM -RA SCT021 OVC039 18/13 A3003 RMK AO2 RAB52 SLP130 P0000 T01830133
AMA,2023-06-12 19:53,KAMA 121953Z 12011G19KT 10SM BKN020 OVC040 19/13 A3000 RMK AO2 RAE02 SLP119 P0000 T01940133
AMA,2023-06-12 20:53,KAMA 122053Z 15016KT 10SM BKN021 OVC042 20/14 A2998 RMK AO2 SLP112 60000 T02000139 58014
AMA,2023-06-12 21:53,KAMA 122153Z 15016KT 10SM SCT023 BKN043 BKN050 20/13 A2996 RMK AO2 SLP106 T02000133
AMA,2023-06-12 22:53,KAMA 122253Z 13017KT 10SM FEW023 21/13 A2993 RMK AO2 PK WND 14027/2243 SLP095 T02060133
AMA,2023-06-12 23:53,KAMA 122353Z 12019G24KT 10SM CLR 20/13 A2993 RMK AO2 PK WND 12028/2342 SLP094 60000 T02000128 10206 20178 58010
AMA,2023-06-13 00:53,KAMA 130053Z 13016G25KT 10SM CLR 19/13 A2992 RMK AO2 PK WND 12026/0033 SLP092 T01940128
AMA,2023-06-13 01:53,KAMA 130153Z 14013KT 10SM CLR 17/13 A2993 RMK AO2 SLP099 T01720133
AMA,2023-06-13 02:53,KAMA 130253Z 14013KT 10SM OVC017 17/14 A2994 RMK AO2 SLP104 T01670139 53004
AMA,2023-06-13 03:53,KAMA 130353Z 15009KT 10SM OVC014 17/14 A2998 RMK AO2 SLP119 T01720144
AMA,2023-06-13 04:53,KAMA 130453Z AUTO 16012KT 6SM BR OVC009 16/15 A2997 RMK AO2 CIG 006V010 SLP114 T01610150
AMA,2023-06-13 05:53,KAMA 130553Z AUTO 15005KT 8SM OVC005 17/16 A3000 RMK AO2 SLP122 T01670156 10200 20161 402060156 51017
AMA,2023-06-13 06:53,KAMA 130653Z AUTO 10008KT 2 1/2SM BR OVC003 16/16 A2999 RMK AO2 RAB14E25 CIG 002V007 SLP118 P0001 T01610156
AMA,2023-06-13 07:53,KAMA 130753Z AUTO 08008KT 7SM OVC004 16/16 A2999 RMK AO2 SLP118 T01610156
AMA,2023-06-13 08:53,KAMA 130853Z AUTO 07011KT 8SM OVC003 15/15 A2997 RMK AO2 SLP110 60001 T01500150 58006
AMA,2023-06-13 09:53,KAMA 130953Z AUTO 07009KT 3/4SM R04/3500V5000FT BR VV002 14/14 A2997 RMK AO2 SLP114 T01440144
AMA,2023-06-13 10:53,KAMA 131053Z 09010KT 2SM BR OVC002 14/14 A2997 RMK AO2 CIG 001V005 SLP111 T01440139
AMA,2023-06-13 11:53,KAMA 131153Z 11006KT 3SM BR OVC003 14/14 A2997 RMK AO2 SFC VIS 4 CIG 002V007 SLP113 60001 70001 T01440139 10167 20144 51002
AMA,2023-06-13 12:53,KAMA 131253Z 12006KT 2SM BR OVC003 15/14 A2997 RMK AO2 SLP113 T01500144
AMA,2023-06-13 13:53,KAMA 131353Z 12009KT 3/4SM R04/3000VP6000FT BR OVC002 15/15 A2997 RMK AO2 TWR VIS 2 SLP115 T01500150
AMA,2023-06-13 14:53,KAMA 131453Z 15007KT 3SM BR OVC003 16/15 A2999 RMK AO2 SFC VIS 5 CIG 002V006 SLP120 T01560150 53004
AMA,2023-06-13 15:53,KAMA 131553Z 18006KT 8SM OVC005 17/15 A2999 RMK AO2 CIG 005V010 SLP119 T01670150
AMA,2023-06-13 16:53,KAMA 131653Z 00000KT 10SM BKN008 OVC023 17/15 A2998 RMK AO2 CIG 007V012 SLP119 T01720150 $
AMA,2023-06-13 17:53,KAMA 131753Z VRB04KT 10SM FEW017 FEW022 OVC036 18/15 A2997 RMK AO2 SLP112 T01830150 10183 20144 56005
AMA,2023-06-13 18:53,KAMA 131853Z 18005KT 10SM SCT020 BKN042 21/15 A2995 RMK AO2 SLP102 T02060150
AMA,2023-06-13 19:53,KAMA 131953Z 19003KT 10SM BKN033 22/14 A2992 RMK AO2 SLP089 T02170144
AMA,2023-06-13 20:53,KAMA 132053Z VRB04KT 10SM BKN035 23/15 A2989 RMK AO2 SLP079 T02280150 58026
AMA,2023-06-13 21:53,KAMA 132153Z 20007KT 10SM FEW035 24/15 A2986 RMK AO2 SLP070 T02390150
AMA,2023-06-13 22:53,KAMA 132253Z 18013KT 10SM CLR 25/16 A2982 RMK AO2 SLP054 T02500156
AMA,2023-06-13 23:53,KAMA 132353Z 17009KT 10SM CLR 26/15 A2981 RMK AO2 LTG DSNT NE SLP050 T02560150 10256 20183 56023
AMA,2023-06-14 00:53,KAMA 140053Z 01021G29KT 10SM FEW039 19/12 A2988 RMK AO2 PK WND 01029/0050 LTG DSNT NE AND E SLP081 T01890122
AMA,2023-06-14 01:53,KAMA 140153Z 04013G22KT 10SM CLR 17/14 A2988 RMK AO2 PK WND 04033/0112 SLP083 T01670139
AMA,2023-06-14 02:53,KAMA 140253Z 06014KT 10SM BKN009 17/16 A2989 RMK AO2 SLP088 T01670156 51025
AMA,2023-06-14 03:53,KAMA 140353Z 05008KT 10SM BKN041 17/16 A2992 RMK AO2 SLP098 T01670156
AMA,2023-06-14 04:53,KAMA 140453Z AUTO 01007KT 6SM BR BKN008 BKN046 15/14 A2994 RMK AO2 CIG 006V011 SLP106 T01500144
AMA,2023-06-14 05:53,KAMA 140553Z AUTO 13007KT 8SM CLR 16/15 A2991 RMK AO2 SLP092 T01560150 10256 20150 402560144 58004
AMA,2023-06-14 06:53,KAMA 140653Z AUTO 15008KT 9SM CLR 16/15 A2988 RMK AO2 SLP080 T01560150
AMA,2023-06-14 07:53,KAMA 140753Z AUTO 15006KT 10SM CLR 16/15 A2988 RMK AO2 SLP076 T01560150
AMA,2023-06-14 08:53,KAMA 140853Z AUTO 36011KT 1/2SM R04/2400VP6000FT FG BKN002 BKN006 OVC037 15/14 A2989 RMK AO2 SLP081 T01500144 55006
AMA,2023-06-14 09:53,KAMA 140953Z AUTO 36007KT 8SM OVC035 14/13 A2990 RMK AO2 SLP082 T01440133
AMA,2023-06-14 10:53,KAMA 141053Z AUTO 35007KT 10SM BKN036 14/12 A2990 RMK AO2 SLP081 T01390122
AMA,2023-06-14 11:53,KAMA 141153Z 29005KT 7SM CLR 13/12 A2990 RMK AO2 SLP082 T01330122 10161 20128 51002
AMA,2023-06-14 12:53,KAMA 141253Z 29003KT 9SM CLR 15/13 A2991 RMK AO2 SLP093 T01500133
AMA,2023-06-14 13:53,KAMA 141353Z 31007KT 10SM CLR 17/14 A2992 RMK AO2 SLP096 T01720139
AMA,2023-06-14 14:53,KAMA 141453Z 32008KT 10SM CLR 19/14 A2993 RMK AO2 SLP098 T01890144 51010
AMA,2023-06-14 15:53,KAMA 141553Z 31009KT 10SM CLR 21/14 A2992 RMK AO2 SLP092 T02110144
AMA,2023-06-14 16:53,KAMA 141653Z 32007KT 10SM CLR 23/15 A2992 RMK AO2 SLP091 T02330150
AMA,2023-06-14 17:53,KAMA 141753Z 32006KT 10SM CLR 24/13 A2991 RMK AO2 SLP084 T02440133 10244 20128 58007
AMA,2023-06-14 18:53,KAMA 141853Z 34006KT 10SM CLR 26/13 A2989 RMK AO2 SLP075 T02560133
AMA,2023-06-14 19:53,KAMA 141953Z 30010G15KT 10SM CLR 27/12 A2987 RMK AO2 SLP069 T02670122
AMA,2023-06-14 20:53,KAMA 142053Z 32005KT 10SM CLR 27/11 A2986 RMK AO2 SLP066 T02720111 56014
AMA,2023-06-14 21:53,KAMA 142153Z 34008G15KT 10SM CLR 28/11 A2985 RMK AO2 SLP060 T02780111
AMA,2023-06-14 22:53,KAMA 142253Z 28006KT 10SM CLR 28/11 A2984 RMK AO2 SLP057 T02830111
AMA,2023-06-14 23:53,KAMA 142353Z 32006KT 10SM CLR 28/11 A2983 RMK AO2 SLP055 T02830106 10283 20239 56009
AMA,2023-06-15 00:53,KAMA 150053Z 08003KT 10SM CLR 27/11 A2984 RMK AO2 SLP056 T02670111
AMA,2023-06-15 01:53,KAMA 150153Z 10005KT 10SM CLR 23/12 A2983 RMK AO2 SLP057 T02280117
AMA,2023-06-15 02:53,KAMA 150253Z 11008KT 10SM CLR 22/11 A2984 RMK AO2 SLP058 T02220111 53002
AMA,2023-06-15 03:53,KAMA 150353Z 12007KT 10SM CLR 19/12 A2985 RMK AO2 SLP062 T01940122
AMA,2023-06-15 04:53,KAMA 150453Z AUTO 12012KT 10SM CLR 20/13 A2984 RMK AO2 SLP056 T02000128
AMA,2023-06-15 05:53,KAMA 150553Z AUTO 13008KT 10SM CLR 18/14 A2985 RMK AO2 SLP060 T01780139 10283 20178 402830128 51002
AMA,2023-06-15 06:53,KAMA 150653Z AUTO 14007KT 10SM CLR 17/14 A2984 RMK AO2 SLP055 T01720144
AMA,2023-06-15 07:53,KAMA 150753Z AUTO 14010KT 10SM CLR 18/14 A2982 RMK AO2 SLP049 T01780139
AMA,2023-06-15 08:53,KAMA 150853Z AUTO 14010KT 10SM CLR 17/14 A2981 RMK AO2 SLP044 T01670139 58011
AMA,2023-06-15 09:53,KAMA 150953Z AUTO 15013KT 10SM CLR 17/14 A2981 RMK AO2 SLP043 T01720144
AMA,2023-06-15 10:53,KAMA 151053Z AUTO 15011KT 10SM CLR 17/15 A2980 RMK AO2 SLP041 T01670150
AMA,2023-06-15 11:53,KAMA 151153Z 17010KT 10SM CLR 17/15 A2981 RMK AO2 SLP042 T01670150 10178 20167 55000
AMA,2023-06-15 12:53,KAMA 151253Z 16012KT 10SM CLR 19/17 A2981 RMK AO2 SLP044 T01890172
AMA,2023-06-15 13:53,KAMA 151353Z 18014KT 10SM CLR 22/18 A2982 RMK AO2 SLP049 T02170178
AMA,2023-06-15 14:53,KAMA 151453Z 21014KT 10SM CLR 23/17 A2984 RMK AO2 SLP053 T02330167 53009
AMA,2023-06-15 15:53,KAMA 151553Z 24008KT 10SM CLR 25/15 A2984 RMK AO2 SLP054 T02500150
AMA,2023-06-15 16:53,KAMA 151653Z 21007KT 10SM CLR 27/13 A2983 RMK AO2 SLP050 T02670133
AMA,2023-06-15 17:53,KAMA 151753Z 18010KT 10SM CLR 28/14 A2982 RMK AO2 SLP046 T02830144 10283 20167 58005
AMA,2023-06-15 18:53,KAMA 151853Z 17013G16KT 10SM CLR 30/12 A2980 RMK AO2 SLP038 T03000122
AMA,2023-06-15 19:53,KAMA 151953Z 22018G29KT 10SM CLR 32/03 A2978 RMK AO2 PK WND 23029/1949 SLP027 T03170028
AMA,2023-06-15 20:53,KAMA 152053Z 22021G31KT 10SM CLR 32/02 A2977 RMK AO2 PK WND 22032/2036 SLP024 T03170022 56017
AMA,2023-06-15 21:53,KAMA 152153Z 24019G31KT 10SM CLR 32/02 A2973 RMK AO2 PK WND 27031/2148 SLP013 T03170017
AMA,2023-06-15 22:53,KAMA 152253Z 28015G28KT 10SM CLR 32/03 A2974 RMK AO2 PK WND 26037/2235 SLP015 T03170033
AMA,2023-06-15 23:53,KAMA 152353Z 29012G25KT 10SM CLR 31/04 A2975 RMK AO2 PK WND 29030/2332 SLP019 T03110039 10322 20283 55005
AMA,2023-06-16 00:53,KAMA 160053Z 03019G32KT 10SM BKN026 21/10 A2980 RMK AO2 PK WND 02038/0020 WSHFT 0005 SLP045 T02060100
AMA,2023-06-16 01:53,KAMA 160153Z 04009KT 10SM CLR 19/10 A2983 RMK AO2 SLP054 T01890100
AMA,2023-06-16 02:53,KAMA 160253Z 07005KT 10SM CLR 16/11 A2985 RMK AO2 SLP067 T01560106 51032
AMA,2023-06-16 03:53,KAMA 160353Z 03008KT 10SM CLR 14/11 A2988 RMK AO2 SLP074 T01440106
AMA,2023-06-16 04:53,KAMA 160453Z AUTO 35007KT 10SM CLR 14/11 A2990 RMK AO2 SLP078 T01440111
AMA,2023-06-16 05:53,KAMA 160553Z AUTO 33005KT 10SM CLR 14/12 A2991 RMK AO2 SLP081 T01440117 10311 20144 403220144 51018
AMA,2023-06-16 06:53,KAMA 160653Z AUTO 30003KT 10SM CLR 13/12 A2992 RMK AO2 SLP084 T01330117
AMA,2023-06-16 07:53,KAMA 160753Z AUTO 33005KT 10SM CLR 13/12 A2992 RMK AO2 SLP081 T01330117
AMA,2023-06-16 08:53,KAMA 160853Z AUTO 34006KT 10SM CLR 13/12 A2994 RMK AO2 SLP089 T01280117 53007
AMA,2023-06-16 09:53,KAMA 160953Z AUTO 33006KT 10SM CLR 12/12 A2994 RMK AO2 SLP089 T01220117
AMA,2023-06-16 10:53,KAMA 161053Z 32006KT 10SM CLR 12/11 A2997 RMK AO2 SLP098 T01220111
AMA,2023-06-16 11:53,KAMA 161153Z 33011KT 10SM CLR 12/11 A2998 RMK AO2 SLP105 T01220111 10144 20117 53013
AMA,2023-06-16 12:53,KAMA 161253Z 36012KT 10SM CLR 14/12 A2999 RMK AO2 SLP119 T01440117
AMA,2023-06-16 13:53,KAMA 161353Z 36013G22KT 10SM CLR 17/12 A3001 RMK AO2 SLP126 T01670122
AMA,2023-06-16 14:53,KAMA 161453Z 36011KT 10SM CLR 18/12 A3003 RMK AO2 SLP135 T01830122 53016
AMA,2023-06-16 15:53,KAMA 161553Z 36006KT 10SM CLR 21/13 A3005 RMK AO2 SLP137 T02110128
AMA,2023-06-16 16:53,KAMA 161653Z 02005KT 10SM CLR 23/13 A3005 RMK AO2 SLP135 T02280128
AMA,2023-06-16 17:53,KAMA 161753Z VRB03KT 10SM CLR 24/13 A3005 RMK AO2 SLP134 T02440128 10244 20122 51004
AMA,2023-06-16 18:53,KAMA 161853Z 06007KT 030V090 10SM CLR 26/12 A3003 RMK AO2 SLP125 T02610122
AMA,2023-06-16 19:53,KAMA 161953Z AUTO 09007KT 10SM CLR 27/13 A3002 RMK AO2 SLP122 T02670128
AMA,2023-06-16 20:53,KAMA 162053Z AUTO 09008G15KT 10SM CLR 28/12 A3000 RMK AO2 SLP114 T02830122 56015
AMA,2023-06-16 21:53,KAMA 162153Z 17008KT 10SM CLR 29/12 A2999 RMK AO2 SLP110 T02890122
AMA,2023-06-16 22:53,KAMA 162253Z 18009KT 10SM CLR 29/12 A2998 RMK AO2 SLP106 T02890122
AMA,2023-06-16 23:53,KAMA 162353Z 17009KT 10SM CLR 28/12 A2997 RMK AO2 SLP104 T02830122 10289 20239 56008
AMA,2023-06-17 00:53,KAMA 170053Z 14010KT 10SM CLR 27/13 A2996 RMK AO2 SLP099 T02670128
AMA,2023-06-17 01:53,KAMA 170153Z 14009KT 10SM CLR 24/14 A2997 RMK AO2 SLP103 T02390139
AMA,2023-06-17 02:53,KAMA 170253Z 14014KT 10SM CLR 23/14 A2997 RMK AO2 SLP105 T02280139 53000
AMA,2023-06-17 03:53,KAMA 170353Z 15015KT 10SM CLR 21/14 A2998 RMK AO2 SLP107 T02110144
AMA,2023-06-17 04:53,KAMA 170453Z 14012KT 10SM CLR 20/14 A2998 RMK AO2 SLP105 T02000144
AMA,2023-06-17 05:53,KAMA 170553Z AUTO 06006KT 10SM CLR 20/15 A3000 RMK AO2 SLP111 T02000150 10283 20200 402890117 53009
AMA,2023-06-17 06:53,KAMA 170653Z AUTO 11008KT 10SM CLR 19/14 A3000 RMK AO2 SLP108 T01940144
AMA,2023-06-17 07:53,KAMA 170753Z AUTO 14011KT 10SM CLR 18/15 A2999 RMK AO2 SLP105 T01830150
AMA,2023-06-17 08:53,KAMA 170853Z AUTO 14014KT 10SM CLR 18/15 A2999 RMK AO2 SLP104 T01830150 56004
AMA,2023-06-17 09:53,KAMA 170953Z AUTO 10SM CLR 18/16 A3001 RMK AO2 PRESRR SLP113 T01780156
AMA,2023-06-17 10:53,KAMA 171053Z 04008KT 10SM BKN019 OVC025 19/16 A3002 RMK AO2 PK WND 02026/1001 SLP112 T01940161
AMA,2023-06-17 11:53,KAMA 171153Z 08010KT 10SM FEW023 19/17 A3000 RMK AO2 SLP104 T01890167 10194 20172 58006
AMA,2023-06-17 12:53,KAMA 171253Z 11011KT 10SM CLR 19/17 A3000 RMK AO2 SLP106 T01940172
AMA,2023-06-17 13:53,KAMA 171353Z 14014KT 10SM CLR 22/18 A3001 RMK AO2 SLP113 T02170183
AMA,2023-06-17 14:53,KAMA 171453Z 14013KT 10SM BKN016 23/18 A3001 RMK AO2 SLP111 T02280183 50004
AMA,2023-06-17 15:53,KAMA 171553Z 17012KT 10SM BKN022 24/18 A3000 RMK AO2 SLP110 T02390183
AMA,2023-06-17 16:53,KAMA 171653Z 14011KT 10SM SCT025 24/18 A3000 RMK AO2 SLP111 T02440178
AMA,2023-06-17 17:53,KAMA 171753Z 15009KT 10SM FEW028 26/18 A2997 RMK AO2 SLP099 T02610183 10261 20189 58010
AMA,2023-06-17 18:53,KAMA 171853Z 16009KT 10SM CLR 27/18 A2995 RMK AO2 SLP092 T02670178
AMA,2023-06-17 19:53,KAMA 171953Z COR 16010KT 10SM CLR 28/18 A2992 RMK AO2 SLP081 T02830183
AMA,2023-06-17 20:53,KAMA 172053Z 15009KT 10SM CLR 29/18 A2989 RMK AO2 SLP068 T02890178 58025
AMA,2023-06-17 21:53,KAMA 172153Z 15016KT 10SM CLR 29/18 A2986 RMK AO2 SLP057 T02940183
AMA,2023-06-17 22:53,KAMA 172253Z 15015KT 10SM CLR 29/18 A2982 RMK AO2 SLP044 T02940178
AMA,2023-06-17 23:53,KAMA 172353Z 14013KT 10SM CLR 28/18 A2980 RMK AO2 SLP037 T02830183 10300 20256 56027
AMA,2023-06-18 00:53,KAMA 180053Z 16011KT 10SM CLR 27/17 A2981 RMK AO2 PK WND 15026/0020 SLP042 T02670172
AMA,2023-06-18 01:53,KAMA 180153Z VRB05KT 10SM CLR 25/17 A2982 RMK AO2 LTG DSNT NE PRESRR SLP046 T02500172
AMA,2023-06-18 02:53,KAMA 180253Z 01013KT 10SM CLR 21/07 A2990 RMK AO2 PK WND 35026/0215 WSHFT 0205 SLP076 T02060072 53030
AMA,2023-06-18 03:53,KAMA 180353Z 04009KT 10SM CLR 17/09 A2995 RMK AO2 WSHFT 0252 SLP095 T01670089
AMA,2023-06-18 04:53,KAMA 180453Z AUTO 01007KT 10SM CLR 15/09 A2995 RMK AO2 SLP097 T01500094
AMA,2023-06-18 05:53,KAMA 180553Z AUTO 36008KT 10SM CLR 14/09 A2995 RMK AO2 SLP098 T01390094 10283 20133 403000133 51015
AMA,2023-06-18 06:53,KAMA 180653Z AUTO 32005KT 10SM CLR 15/09 A2992 RMK AO2 SLP085 T01500089
AMA,2023-06-18 07:53,KAMA 180753Z AUTO 26005KT 10SM CLR 13/09 A2993 RMK AO2 SLP088 T01280089
AMA,2023-06-18 08:53,KAMA 180853Z AUTO 23006KT 10SM CLR 11/08 A2995 RMK AO2 SLP098 T01110083 55000
AMA,2023-06-18 09:53,KAMA 180953Z AUTO 30004KT 10SM CLR 13/09 A2994 RMK AO2 SLP094 T01280089
AMA,2023-06-18 10:53,KAMA 181053Z 22006KT 10SM CLR 11/08 A2995 RMK AO2 SLP098 T01110083
AMA,2023-06-18 11:53,KAMA 181153Z 29007KT 10SM CLR 13/09 A2996 RMK AO2 SLP098 T01280089 10150 20106 53002
AMA,2023-06-18 12:53,KAMA 181253Z 29005KT 10SM CLR 17/10 A2996 RMK AO2 SLP097 T01670100
AMA,2023-06-18 13:53,KAMA 181353Z 31009KT 10SM CLR 19/08 A2997 RMK AO2 SLP100 T01940083
AMA,2023-06-18 14:53,KAMA 181453Z 34008KT 10SM CLR 22/09 A2997 RMK AO2 SLP104 T02170089 51006
AMA,2023-06-18 15:53,KAMA 181553Z 29005KT 10SM CLR 23/09 A2997 RMK AO2 SLP106 T02280089
AMA,2023-06-18 16:53,KAMA 181653Z 27007KT 10SM CLR 25/09 A2997 RMK AO2 SLP105 T02500094
AMA,2023-06-18 17:53,KAMA 181753Z COR 10SM CLR 210/08 27/10 A2995 RMK AO2 SLP096 T02670100 10267 20117 58008
AMA,2023-06-18 18:53,KAMA 181853Z VRB04KT 10SM CLR 28/09 A2993 RMK AO2 SLP085 T02780094
AMA,2023-06-18 19:53,KAMA 181953Z 22007G15KT 10SM CLR 29/09 A2991 RMK AO2 SLP081 T02890094
AMA,2023-06-18 20:53,KAMA 182053Z 20008KT 10SM CLR 29/09 A2989 RMK AO2 SLP074 T02940089 56019
AMA,2023-06-18 21:53,KAMA 182153Z 21010G15KT 10SM CLR 31/09 A2986 RMK AO2 SLP062 T03060094
AMA,2023-06-18 22:53,KAMA 182253Z 17008G17KT 10SM CLR 31/10 A2984 RMK AO2 SLP056 T03110100
AMA,2023-06-18 23:53,KAMA 182353Z 23009KT 10SM CLR 31/07 A2981 RMK AO2 SLP046 T03110072 10317 20267 56022
AMA,2023-06-19 00:53,KAMA 190053Z 18008KT 10SM CLR 30/07 A2981 RMK AO2 SLP043 T03000072
AMA,2023-06-19 01:53,KAMA 190153Z 15012KT 10SM CLR 26/12 A2982 RMK AO2 SLP047 T02610117
AMA,2023-06-19 02:53,KAMA 190253Z 15014KT 10SM CLR 24/11 A2983 RMK AO2 SLP049 T02390111 53004
AMA,2023-06-19 03:53,KAMA 190353Z 16014KT 10SM CLR 22/12 A2985 RMK AO2 SLP057 T02220122
AMA,2023-06-19 04:53,KAMA 190453Z AUTO 16012KT 10SM CLR 22/12 A2986 RMK AO2 SLP060 T02170122
AMA,2023-06-19 05:53,KAMA 190553Z AUTO 17013KT 10SM CLR 21/11 A2986 RMK AO2 SLP057 T02110111 10311 20211 403170106 50009
AMA,2023-06-19 06:53,KAMA 190653Z AUTO 17011KT 10SM CLR 22/10 A2986 RMK AO2 SLP054 T02170100
AMA,2023-06-19 07:53,KAMA 190753Z AUTO 18012KT 10SM CLR 21/10 A2986 RMK AO2 SLP053 T02110100
AMA,2023-06-19 08:53,KAMA 190853Z AUTO 19011KT 10SM CLR 19/11 A2985 RMK AO2 SLP054 T01890111 58002
AMA,2023-06-19 09:53,KAMA 190953Z AUTO 19010KT 10SM CLR 18/11 A2985 RMK AO2 SLP053 T01780111
AMA,2023-06-19 10:53,KAMA 191053Z 18010KT 10SM CLR 18/11 A2985 RMK AO2 SLP052 T01780111
AMA,2023-06-19 11:53,KAMA 191153Z 19006KT 10SM CLR 17/12 A2985 RMK AO2 SLP054 T01720122 10217 20172 53000
AMA,2023-06-19 12:53,KAMA 191253Z 21007KT 10SM CLR 18/13 A2986 RMK AO2 SLP058 T01830128
AMA,2023-06-19 13:53,KAMA 191353Z 29004KT 10SM CLR 23/12 A2988 RMK AO2 SLP063 T02330117
AMA,2023-06-19 14:53,KAMA 191453Z 29009KT 10SM CLR 27/08 A2990 RMK AO2 SLP066 T02720083 52013
AMA,2023-06-19 15:53,KAMA 191553Z 30009KT 10SM CLR 30/08 A2990 RMK AO2 SLP067 T03000078
AMA,2023-06-19 16:53,KAMA 191653Z 29008KT 10SM CLR 32/07 A2990 RMK AO2 SLP065 T03220072
AMA,2023-06-19 17:53,KAMA 191753Z 28008KT 10SM CLR 34/07 A2989 RMK AO2 SLP060 T03390067 10339 20167 58000
AMA,2023-06-19 18:53,KAMA 191853Z 26015G25KT 10SM CLR 34/06 A2988 RMK AO2 SLP054 T03440061
AMA,2023-06-19 19:53,KAMA 191953Z 26018G26KT 10SM CLR 35/07 A2987 RMK AO2 PK WND 25030/1919 SLP052 T03500067
AMA,2023-06-19 20:53,KAMA 192053Z 25017G27KT 10SM CLR 35/06 A2986 RMK AO2 PK WND 24032/2041 SLP050 T03500061 56010
AMA,2023-06-19 21:53,KAMA 192153Z 27011G28KT 210V280 10SM CLR 36/06 A2984 RMK AO2 PK WND 25034/2104 SLP046 T03560061
AMA,2023-06-19 22:53,KAMA 192253Z 27023G29KT 10SM CLR 36/05 A2983 RMK AO2 PK WND 28031/2225 SLP041 T03560050
AMA,2023-06-19 23:53,KAMA 192353Z 25019G30KT 10SM CLR 35/06 A2983 RMK AO2 PK WND 25030/2350 SLP041 T03500056 10356 20333 56010
AMA,2023-06-20 00:53,KAMA 200053Z 26011KT 10SM CLR 33/06 A2983 RMK AO2 PK WND 27030/2355 SLP042 T03330061
AMA,2023-06-20 01:53,KAMA 200153Z 26006KT 10SM CLR 28/09 A2983 RMK AO2 SLP042 T02830094
AMA,2023-06-20 02:53,KAMA 200253Z 20007KT 10SM CLR 27/09 A2984 RMK AO2 SLP044 T02670094 53005
AMA,2023-06-20 03:53,KAMA 200353Z 17007KT 10SM CLR 24/09 A2986 RMK AO2 SLP051 T02440094
AMA,2023-06-20 04:53,KAMA 200453Z AUTO 16010KT 10SM CLR 23/11 A2987 RMK AO2 SLP052 T02330106
AMA,2023-06-20 05:53,KAMA 200553Z AUTO 14012KT 10SM CLR 22/18 A2987 RMK AO2 SLP052 T02220178 10350 20217 403560167 51009
AMA,2023-06-20 06:53,KAMA 200653Z AUTO 14011KT 7SM CLR 22/21 A2986 RMK AO2 SLP048 T02170211
AMA,2023-06-20 07:53,KAMA 200753Z AUTO 16006KT 6SM BR CLR 21/20 A2987 RMK AO2 SLP051 T02060200
AMA,2023-06-20 08:53,KAMA 200853Z AUTO 00000KT 1/4SM R04/P6000FT FG VV001 21/21 A2986 RMK AO2 SLP048 T02060206 56004
AMA,2023-06-20 09:53,KAMA 200953Z AUTO 19007KT 1/2SM R04/1000V1800FT FG VV002 19/19 A2986 RMK AO2 SLP049 T01940189
AMA,2023-06-20 10:53,KAMA 201053Z 22006KT 5SM BR SCT001 17/17 A2987 RMK AO2 SLP055 T01720167 $
AMA,2023-06-20 11:53,KAMA 201153Z 30005KT 8SM CLR 18/17 A2988 RMK AO2 SLP059 T01780167 10222 20156 53006 $
AMA,2023-06-20 12:53,KAMA 201253Z 29003KT 10SM CLR 22/14 A2991 RMK AO2 SLP064 T02170139 $
AMA,2023-06-20 13:53,KAMA 201353Z 29011G17KT 10SM CLR 26/10 A2992 RMK AO2 SLP071 T02610100
AMA,2023-06-20 14:53,KAMA 201453Z 30007KT 10SM CLR 28/11 A2993 RMK AO2 SLP072 T02830106 51014
AMA,2023-06-20 15:53,KAMA 201553Z 28011KT 10SM CLR 31/11 A2994 RMK AO2 SLP075 T03110106
AMA,2023-06-20 16:53,KAMA 201653Z 30007KT 10SM CLR 32/11 A2994 RMK AO2 SLP078 T03170111
AMA,2023-06-20 17:53,KAMA 201753Z 30008KT 10SM CLR 34/10 A2994 RMK AO2 SLP076 T03390100 10339 20172 50004
AMA,2023-06-20 18:53,KAMA 201853Z 29013G21KT 10SM CLR 36/11 A2994 RMK AO2 SLP073 T03610111
AMA,2023-06-20 19:53,KAMA 201953Z AUTO 29016G24KT 10SM CLR 36/09 A2993 RMK AO2 SLP071 T03610089
AMA,2023-06-20 20:53,KAMA 202053Z 29014G24KT 10SM CLR 36/09 A2992 RMK AO2 PK WND 28027/1957 SLP069 T03610089 57006
AMA,2023-06-20 21:53,KAMA 202153Z 29010KT 10SM CLR 37/11 A2991 RMK AO2 SLP064 T03720106
AMA,2023-06-20 22:53,KAMA 202253Z 31010KT 10SM CLR 37/09 A2989 RMK AO2 SLP061 T03670089
AMA,2023-06-20 23:53,KAMA 202353Z 27004KT 10SM CLR 35/11 A2989 RMK AO2 SLP060 T03500106 10372 20339 56011
AMA,2023-06-21 00:53,KAMA 210053Z 20008KT 10SM CLR 31/12 A2989 RMK AO2 SLP063 T03060122
AMA,2023-06-21 01:53,KAMA 210153Z 00000KT 10SM VCTS CLR 32/09 A2991 RMK AO2 LTG DSNT E RAB26E37 TSB16E45 SLP062 P0001 T03220094
AMA,2023-06-21 02:53,KAMA 210253Z 21007KT 10SM CLR 28/11 A2992 RMK AO2 SLP067 60001 T02780111 51008
AMA,2023-06-21 03:53,KAMA 210353Z 22007KT 10SM CLR 27/11 A2993 RMK AO2 SLP069 T02720111
AMA,2023-06-21 04:53,KAMA 210453Z AUTO 21009KT 10SM CLR 24/11 A2993 RMK AO2 SLP072 T02390111
AMA,2023-06-21 05:53,KAMA 210553Z AUTO 23006KT 10SM CLR 24/11 A2992 RMK AO2 SLP066 60001 T02440106 10350 20233 403720156 50000
AMA,2023-06-21 06:53,KAMA 210653Z AUTO 14010KT 10SM CLR 22/12 A2992 RMK AO2 SLP068 T02220117
AMA,2023-06-21 07:53,KAMA 210753Z AUTO 15008KT 10SM CLR 22/13 A2992 RMK AO2 SLP066 T02220128
AMA,2023-06-21 08:53,KAMA 210853Z AUTO 18012KT 10SM CLR 23/15 A2992 RMK AO2 SLP064 T02330150 50000
AMA,2023-06-21 09:53,KAMA 210953Z AUTO 18010KT 10SM CLR 22/14 A2991 RMK AO2 SLP063 T02220144
AMA,2023-06-21 10:53,KAMA 211053Z AUTO 20009KT 10SM CLR 22/14 A2991 RMK AO2 SLP064 T02170144 $
AMA,2023-06-21 11:53,KAMA 211153Z 18009KT 10SM CLR 22/15 A2991 RMK AO2 SLP066 70001 T02170150 10244 20211 55001 $
AMA,2023-06-21 12:53,KAMA 211253Z 19010KT 10SM CLR 23/16 A2990 RMK AO2 SLP065 T02330161 $
AMA,2023-06-21 13:53,KAMA 211353Z 19009KT 10SM CLR 27/17 A2990 RMK AO2 SLP060 T02670172
AMA,2023-06-21 14:53,KAMA 211453Z 18012KT 10SM CLR 29/16 A2991 RMK AO2 SLP065 T02890161 55001
AMA,2023-06-21 15:53,KAMA 211553Z 22008KT 10SM CLR 31/16 A2992 RMK AO2 SLP066 T03060156
AMA,2023-06-21 16:53,KAMA 211653Z 20006KT 10SM CLR 32/14 A2992 RMK AO2 SLP068 T03220144
AMA,2023-06-21 17:53,KAMA 211753Z 32012KT 10SM CLR 34/15 A2992 RMK AO2 SLP066 T03440150 10344 20211 50002
AMA,2023-06-21 18:53,KAMA 211853Z 04004KT 10SM CLR 34/14 A2991 RMK AO2 SLP066 T03440139
AMA,2023-06-21 19:53,KAMA 211953Z 30004KT 10SM CLR 36/12 A2991 RMK AO2 SLP062 T03610122
AMA,2023-06-21 20:53,KAMA 212053Z 26008KT 10SM CLR 36/09 A2990 RMK AO2 SLP059 T03560094 58006
AMA,2023-06-21 21:53,KAMA 212153Z 23006KT 10SM CLR 37/08 A2989 RMK AO2 LTG DSNT NE AND E SLP057 T03670083
AMA,2023-06-21 22:53,KAMA 212253Z 14015G22KT 10SM CLR 33/22 A2985 RMK AO2 LTG DSNT NE-SE PRESFR SLP046 T03280222
AMA,2023-06-21 23:53,KAMA 212353Z 10023G29KT 10SM CLR 31/19 A2986 RMK AO2 PK WND 08033/2315 LTG DSNT E AND SE SLP053 T03060189 10372 20300 55011
AMA,2023-06-22 00:53,KAMA 220053Z 10015KT 10SM CLR 26/15 A2988 RMK AO2 PK WND 11038/2356 LTG DSNT N-SE SLP065 T02560150
AMA,2023-06-22 01:53,KAMA 220153Z 10024G34KT 9SM SCT011 24/21 A2992 RMK AO2 PK WND 09034/0149 SLP074 T02390211
AMA,2023-06-22 02:53,KAMA 220253Z 13022G32KT 9SM BKN010 23/21 A2992 RMK AO2 PK WND 13032/0249 CIG 008V014 SLP072 T02330211 51017
AMA,2023-06-22 03:53,KAMA 220353Z 12017G27KT 8SM OVC008 23/21 A2994 RMK AO2 PK WND 12032/0300 SLP078 T02280211
AMA,2023-06-22 04:53,KAMA 220453Z AUTO 13019G27KT 7SM BKN008 OVC014 23/21 A2995 RMK AO2 PK WND 13029/0433 CIG 006V011 SLP079 T02280211
AMA,2023-06-22 05:53,KAMA 220553Z AUTO 12019G28KT 7SM OVC007 23/21 A2994 RMK AO2 PK WND 12028/0457 SLP076 T02280206 10306 20228 403720211 50008
AMA,2023-06-22 06:53,KAMA 220653Z AUTO 13017G23KT 7SM OVC007 22/21 A2996 RMK AO2 PK WND 13026/0611 SLP082 T02220206
AMA,2023-06-22 07:53,KAMA 220753Z AUTO 14012G21KT 6SM BR OVC007 22/21 A2996 RMK AO2 SLP080 T02220206
AMA,2023-06-22 08:53,KAMA 220853Z AUTO 13009KT 2 1/2SM BR OVC004 21/21 A2996 RMK AO2 CIG 003V009 SLP083 T02110206 51005
AMA,2023-06-22 09:53,KAMA 220953Z AUTO 11007KT 6SM BR OVC005 21/21 A2997 RMK AO2 CIG 003V008 SLP085 T02110206
AMA,2023-06-22 10:53,KAMA 221053Z AUTO 07014KT 6SM BR OVC004 21/19 A2998 RMK AO2 SLP093 T02060194
AMA,2023-06-22 11:53,KAMA 221153Z 11010KT 6SM BR OVC004 21/19 A3000 RMK AO2 SLP104 T02060194 10228 20206 53010
AMA,2023-06-22 12:53,KAMA 221253Z 11011KT 8SM OVC008 21/19 A3001 RMK AO2 SLP111 T02060189
AMA,2023-06-22 13:53,KAMA 221353Z 11012KT 8SM OVC008 21/19 A3003 RMK AO2 SLP120 T02110189
AMA,2023-06-22 14:53,KAMA 221453Z 12011KT 7SM OVC009 22/19 A3004 RMK AO2 SLP121 T02170189 51010
AMA,2023-06-22 15:53,KAMA 221553Z 13011KT 7SM OVC009 22/19 A3003 RMK AO2 SLP120 T02220189
AMA,2023-06-22 16:53,KAMA 221653Z 12009KT 9SM BKN014 BKN026 OVC043 24/19 A3004 RMK AO2 SLP119 T02440194
AMA,2023-06-22 17:53,KAMA 221753Z 11008KT 10SM BKN018 BKN024 OVC043 24/19 A3003 RMK AO2 SLP117 T02390189 10244 20206 58001
AMA,2023-06-22 18:53,KAMA 221853Z 14005KT 10SM SCT023 BKN035 OVC055 26/19 A3003 RMK AO2 SLP116 T02560189
AMA,2023-06-22 19:53,KAMA 221953Z 12004KT 10SM FEW045 FEW055 FEW070 27/18 A3003 RMK AO2 SLP112 T02720183
AMA,2023-06-22 20:53,KAMA 222053Z 12008KT 10SM SCT039 28/18 A3001 RMK AO2 SLP109 T02780183 58005
AMA,2023-06-22 21:53,KAMA 222153Z 06020G26KT 10SM BKN041 OVC050 26/19 A3001 RMK AO2 PK WND 06027/2141 WSHFT 2101 SLP109 T02560189
AMA,2023-06-22 22:53,KAMA 222253Z 08018KT 10SM SCT035 26/19 A3000 RMK AO2 PK WND 08027/2205 SLP107 T02610189
AMA,2023-06-22 23:53,KAMA 222353Z 11016KT 10SM CLR 26/19 A2998 RMK AO2 PK WND 08027/2308 SLP100 T02610189 10283 20244 58010
AMA,2023-06-23 00:53,KAMA 230053Z 11018G25KT 10SM CLR 24/19 A2998 RMK AO2 PK WND 11026/0000 SLP102 T02440189
AMA,2023-06-23 01:53,KAMA 230153Z 11016KT 10SM CLR 23/19 A2999 RMK AO2 PK WND 11027/0128 SLP107 T02280189
AMA,2023-06-23 02:53,KAMA 230253Z 12013KT 10SM CLR 22/18 A3001 RMK AO2 SLP114 T02170183 53009
AMA,2023-06-23 03:53,KAMA 230353Z 12009KT 10SM CLR 21/18 A3003 RMK AO2 LTG DSNT NW SLP123 T02110178
AMA,2023-06-23 04:53,KAMA 230453Z AUTO 09008KT 10SM OVC020 22/18 A3009 RMK AO2 SLP137 T02170178
AMA,2023-06-23 05:53,KAMA 230553Z AUTO 13015KT 10SM CLR 21/18 A3003 RMK AO2 PRESFR SLP117 T02110178 10261 20211 402830206 50005
AMA,2023-06-23 06:53,KAMA 230653Z AUTO 15008G22KT 10SM CLR 21/18 A3004 RMK AO2 LTG DSNT NW-NE PRESRR SLP120 T02110178
AMA,2023-06-23 07:53,KAMA 230753Z AUTO 08008KT 10SM BKN015 21/18 A3005 RMK AO2 LTG DSNT NE AND E SLP122 T02060183
AMA,2023-06-23 08:53,KAMA 230853Z AUTO 13013KT 10SM BKN012 21/18 A3003 RMK AO2 SLP114 T02060183 50000
AMA,2023-06-23 09:53,KAMA 230953Z AUTO 14014KT 10SM CLR 20/18 A2999 RMK AO2 SLP105 T02000183
AMA,2023-06-23 10:53,KAMA 231053Z 15014KT 9SM CLR 19/18 A2999 RMK AO2 LTG DSNT N AND NW SLP104 T01940183
AMA,2023-06-23 11:53,KAMA 231153Z 15009KT 7SM OVC007 21/19 A3001 RMK AO2 SLP109 T02110194 10211 20194 55005
AMA,2023-06-23 12:53,KAMA 231253Z 16010KT 5SM BR OVC005 21/19 A3005 RMK AO2 LTG DSNT NW-NE PRESRR SLP126 T02110194
AMA,2023-06-23 13:53,KAMA 231353Z 05003G17KT 10SM OVC006 20/17 A3008 RMK AO2 LTG DSNT NE AND E CIG 005V012 SLP138 T02000172
AMA,2023-06-23 14:53,KAMA 231453Z 08012KT 10SM OVC008 19/17 A3008 RMK AO2 SLP140 T01890167 50020
AMA,2023-06-23 15:53,KAMA 231553Z 11008KT 10SM BKN012 OVC018 21/17 A3005 RMK AO2 SLP131 T02110172
AMA,2023-06-23 16:53,KAMA 231653Z 11012KT 10SM CLR 24/20 A3003 RMK AO2 SLP117 T02440200
AMA,2023-06-23 17:53,KAMA 231753Z 13014KT 10SM CLR 27/20 A3000 RMK AO2 SLP107 T02670200 10267 20183 58022
AMA,2023-06-23 18:53,KAMA 231853Z 15014G24KT 10SM FEW023 28/21 A2999 RMK AO2 SLP100 T02830206
AMA,2023-06-23 19:53,KAMA 231953Z 16016KT 10SM CLR 29/21 A2998 RMK AO2 SLP096 T02940211
AMA,2023-06-23 20:53,KAMA 232053Z 16018G27KT 10SM CLR 30/21 A2997 RMK AO2 PK WND 15027/2045 SLP093 T03000206 56009
AMA,2023-06-23 21:53,KAMA 232153Z 15021G30KT 10SM CLR 29/21 A2995 RMK AO2 PK WND 15030/2123 SLP087 T02940211
AMA,2023-06-23 22:53,KAMA 232253Z 15024G33KT 10SM VCTS CLR 29/21 A2992 RMK AO2 PK WND 16033/2251 LTG DSNT S-W SLP078 T02940206
AMA,2023-06-23 23:53,KAMA 232353Z 13020G28KT 10SM CLR 26/22 A2989 RMK AO2 PK WND 17037/2316 LTG DSNT NW-E RAB18E34 TSB03E46 SLP066 P0013 60013 T02610222 10306 20250 58027
AMA,2023-06-24 00:53,KAMA 240053Z 18020G33KT 10SM CLR 27/21 A2989 RMK AO2 PK WND 18036/0025 SLP069 T02670211
AMA,2023-06-24 01:53,KAMA 240153Z 18025G40KT 10SM -TSRA FEW070 SCT120 26/21 A2989 RMK AO2 PK WND 16040/0147 LTG DSNT SW AND W RAB51 TSB44 SLP069 P0000 T02560211
AMA,2023-06-24 02:53,KAMA 240253Z 17017KT 10SM CLR 24/21 A2988 RMK AO2 PK WND 18033/0156 RAE04 TSE0159 SLP070 P0000 60000 T02390206 58003
AMA,2023-06-24 03:53,KAMA 240353Z 20013KT 10SM CLR 23/19 A2992 RMK AO2 PK WND 17027/0303 SLP081 T02280194
AMA,2023-06-24 04:53,KAMA 240453Z AUTO 18028G37KT 10SM CLR 24/20 A2994 RMK AO2 PK WND 19037/0452 SLP085 T02390200
AMA,2023-06-24 05:53,KAMA 240553Z AUTO 19024G36KT 10SM CLR 23/16 A2993 RMK AO2 PK WND 20036/0546 SLP080 60000 T02330161 10267 20228 403060183 50016
AMA,2023-06-24 06:53,KAMA 240653Z AUTO 20019KT 10SM CLR 22/17 A2993 RMK AO2 PK WND 19035/0603 SLP081 T02170167
AMA,2023-06-24 07:53,KAMA 240753Z AUTO 20016G26KT 10SM CLR 21/16 A2993 RMK AO2 PK WND 19027/0654 SLP077 T02060161
AMA,2023-06-24 08:53,KAMA 240853Z AUTO 21018G25KT 10SM CLR 21/15 A2993 RMK AO2 PK WND 20027/0818 SLP080 T02110150 53000
AMA,2023-06-24 09:53,KAMA 240953Z AUTO 21015KT 10SM CLR 21/14 A2995 RMK AO2 PK WND 20028/0932 SLP084 T02060144
AMA,2023-06-24 10:53,KAMA 241053Z AUTO 22018G26KT 10SM CLR 21/14 A2995 RMK AO2 PK WND 23026/1044 SLP086 T02110139
AMA,2023-06-24 11:53,KAMA 241153Z 22018G28KT 10SM CLR 22/13 A2996 RMK AO2 PK WND 22029/1127 SLP092 70013 T02170133 10233 20206 51008
AMA,2023-06-24 12:53,KAMA 241253Z 22019G28KT 10SM CLR 23/15 A2997 RMK AO2 PK WND 23031/1220 SLP094 T02280150
AMA,2023-06-24 13:53,KAMA 241353Z 22023G29KT 10SM CLR 24/17 A2999 RMK AO2 PK WND 23032/1335 SLP100 T02390167
AMA,2023-06-24 14:53,KAMA 241453Z 24020G28KT 10SM CLR 27/17 A2999 RMK AO2 PK WND 24033/1413 SLP098 T02670172 50008
AMA,2023-06-24 15:53,KAMA 241553Z 25016KT 10SM CLR 29/16 A2998 RMK AO2 PK WND 23031/1508 SLP094 T02940161
AMA,2023-06-24 16:53,KAMA 241653Z 27014G23KT 10SM CLR 32/13 A2997 RMK AO2 SLP087 T03220133
AMA,2023-06-24 17:53,KAMA 241753Z 28018G25KT 10SM CLR 35/06 A2998 RMK AO2 SLP086 T03500061 10350 20217 55003
AMA,2023-06-24 18:53,KAMA 241853Z 27012G21KT 10SM CLR 36/05 A2997 RMK AO2 SLP086 T03560050
AMA,2023-06-24 19:53,KAMA 241953Z 25015G25KT 10SM CLR 36/04 A2995 RMK AO2 SLP080 T03610039
AMA,2023-06-24 20:53,KAMA 242053Z AUTO 27010G25KT 10SM CLR 36/04 A2995 RMK AO2 PK WND 26027/1959 SLP077 T03610044 58009
AMA,2023-06-24 21:53,KAMA 242153Z 25012G21KT 10SM CLR 36/04 A2994 RMK AO2 SLP075 T03610039
AMA,2023-06-24 22:53,KAMA 242253Z 25014G26KT 10SM CLR 36/01 A2994 RMK AO2 PK WND 26026/2244 SLP074 T03610011
AMA,2023-06-24 23:53,KAMA 242353Z 29009KT 10SM CLR 35/02 A2993 RMK AO2 SLP073 T03500022 10367 20350 56004
AMA,2023-06-25 00:53,KAMA 250053Z 03006KT 10SM CLR 33/09 A2993 RMK AO2 SLP074 T03280089
AMA,2023-06-25 01:53,KAMA 250153Z 08011KT 10SM CLR 28/12 A2994 RMK AO2 SLP079 T02830117
AMA,2023-06-25 02:53,KAMA 250253Z 10011KT 10SM CLR 26/12 A2994 RMK AO2 SLP080 T02610117 53003
AMA,2023-06-25 03:53,KAMA 250353Z 11012KT 10SM CLR 25/14 A2996 RMK AO2 SLP083 T02500144
AMA,2023-06-25 04:53,KAMA 250453Z 12010KT 10SM CLR 23/15 A2997 RMK AO2 SLP085 T02330150
AMA,2023-06-25 05:53,KAMA 250553Z AUTO 15006KT 10SM CLR 22/15 A2998 RMK AO2 SLP087 T02170150 10356 20211 403670206 51010
AMA,2023-06-25 06:53,KAMA 250653Z AUTO 14007KT 10SM CLR 21/16 A2997 RMK AO2 SLP087 T02110161
AMA,2023-06-25 07:53,KAMA 250753Z AUTO 15009KT 10SM CLR 22/17 A2995 RMK AO2 SLP078 T02170172
AMA,2023-06-25 08:53,KAMA 250853Z AUTO 17008KT 10SM CLR 22/18 A2995 RMK AO2 SLP076 T02170178 58009
AMA,2023-06-25 09:53,KAMA 250953Z AUTO 22004KT 10SM CLR 19/17 A2994 RMK AO2 SLP077 T01890167
AMA,2023-06-25 10:53,KAMA 251053Z 35009KT 10SM CLR 20/18 A2998 RMK AO2 SLP090 T02000183
AMA,2023-06-25 11:53,KAMA 251153Z 36010KT 6SM BR CLR 19/18 A3002 RMK AO2 SLP105 T01890178 10217 20178 53023
AMA,2023-06-25 12:53,KAMA 251253Z 01010KT 5SM BR OVC004 20/19 A3005 RMK AO2 SLP115 T02000189
AMA,2023-06-25 13:53,KAMA 251353Z 04017G25KT 10SM CLR 23/16 A3006 RMK AO2 SLP121 T02280161
AMA,2023-06-25 14:53,KAMA 251453Z 04017G25KT 10SM CLR 23/13 A3008 RMK AO2 PK WND 04026/1441 SLP131 T02330133 52018
AMA,2023-06-25 15:53,KAMA 251553Z 03017G23KT 10SM CLR 26/14 A3009 RMK AO2 PK WND 05026/1528 SLP134 T02560139
AMA,2023-06-25 16:53,KAMA 251653Z 03015G24KT 10SM CLR 26/14 A3011 RMK AO2 SLP140 T02610144
AMA,2023-06-25 17:53,KAMA 251753Z 03012G24KT 10SM CLR 27/16 A3010 RMK AO2 SLP139 T02720156 10272 20189 50006
AMA,2023-06-25 18:53,KAMA 251853Z 04013G22KT 10SM CLR 28/16 A3010 RMK AO2 SLP138 T02780156
AMA,2023-06-25 19:53,KAMA 251953Z COR 04013G20KT 10SM CLR 28/16 A3008 RMK AO2 SLP131 T02780161
AMA,2023-06-25 20:53,KAMA 252053Z 07010KT 10SM CLR 29/17 A3008 RMK AO2 SLP129 T02890167 56007
AMA,2023-06-25 21:53,KAMA 252153Z 08009KT 10SM CLR 29/16 A3006 RMK AO2 SLP128 T02890161
AMA,2023-06-25 22:53,KAMA 252253Z 08008G16KT 10SM CLR 29/16 A3006 RMK AO2 SLP122 T02940161
AMA,2023-06-25 23:53,KAMA 252353Z 08007KT 10SM CLR 29/16 A3004 RMK AO2 SLP120 T02940161 10294 20267 56010
AMA,2023-06-26 00:53,KAMA 260053Z 11011KT 10SM CLR 28/16 A3003 RMK AO2 SLP116 T02830161
AMA,2023-06-26 01:53,KAMA 260153Z 12006KT 10SM CLR 26/17 A3004 RMK AO2 SLP119 T02560167
AMA,2023-06-26 02:53,KAMA 260253Z 11008KT 10SM CLR 24/17 A3004 RMK AO2 SLP121 T02390167 53000
AMA,2023-06-26 03:53,KAMA 260353Z 10011KT 10SM CLR 23/17 A3006 RMK AO2 SLP125 T02330172
AMA,2023-06-26 04:53,KAMA 260453Z 10009KT 10SM CLR 22/17 A3005 RMK AO2 SLP124 T02170167
AMA,2023-06-26 05:53,KAMA 260553Z AUTO 10011KT 10SM CLR 21/17 A3005 RMK AO2 SLP120 T02110167 10294 20211 402940178 50000
AMA,2023-06-26 06:53,KAMA 260653Z AUTO 10011KT 10SM CLR 21/16 A3004 RMK AO2 SLP119 T02110161
AMA,2023-06-26 07:53,KAMA 260753Z AUTO 11007KT 10SM CLR 20/16 A3004 RMK AO2 SLP120 T02000161
AMA,2023-06-26 08:53,KAMA 260853Z AUTO 11009KT 10SM CLR 20/16 A3003 RMK AO2 SLP117 T02000156 58003
AMA,2023-06-26 09:53,KAMA 260953Z AUTO 13008KT 10SM CLR 19/15 A3004 RMK AO2 SLP120 T01940150
AMA,2023-06-26 10:53,KAMA 261053Z 07006KT 10SM CLR 18/15 A3005 RMK AO2 SLP123 T01780150
AMA,2023-06-26 11:53,KAMA 261153Z 02004KT 10SM OVC020 19/16 A3008 RMK AO2 SLP133 T01890156 10211 20172 53014
AMA,2023-06-26 12:53,KAMA 261253Z 06004KT 10SM BKN023 20/15 A3008 RMK AO2 SLP132 T02000150
AMA,2023-06-26 13:53,KAMA 261353Z 12006KT 10SM OVC025 23/14 A3009 RMK AO2 SLP137 T02280144
AMA,2023-06-26 14:53,KAMA 261453Z 12008KT 10SM BKN022 BKN027 OVC034 24/14 A3010 RMK AO2 SLP142 T02390139 53007
AMA,2023-06-26 15:53,KAMA 261553Z 12012KT 10SM CLR 26/15 A3008 RMK AO2 SLP131 T02560150
AMA,2023-06-26 16:53,KAMA 261653Z 14011G18KT 10SM CLR 27/17 A3007 RMK AO2 SLP129 T02720172
AMA,2023-06-26 17:53,KAMA 261753Z 15010KT 10SM CLR 28/19 A3007 RMK AO2 SLP126 T02830189 10283 20189 56012
AMA,2023-06-26 18:53,KAMA 261853Z 16010G16KT 10SM FEW040 29/19 A3005 RMK AO2 SLP121 T02940189
AMA,2023-06-26 19:53,KAMA 261953Z AUTO 12007KT 10SM FEW041 31/19 A3002 RMK AO2 SLP110 T03060194
AMA,2023-06-26 20:53,KAMA 262053Z 18010KT 10SM CLR 31/19 A3001 RMK AO2 SLP105 T03110194 58018
AMA,2023-06-26 21:53,KAMA 262153Z 15014KT 10SM CLR 32/19 A3000 RMK AO2 SLP101 T03170189
AMA,2023-06-26 22:53,KAMA 262253Z 17012G20KT 10SM CLR 32/18 A2998 RMK AO2 SLP095 T03170183
AMA,2023-06-26 23:53,KAMA 262353Z 15013KT 10SM CLR 32/19 A2996 RMK AO2 SLP087 T03170189 10322 20278 58016
AMA,2023-06-27 00:53,KAMA 270053Z 14015KT 10SM CLR 31/18 A2995 RMK AO2 SLP085 T03060183
AMA,2023-06-27 01:53,KAMA 270153Z 14014KT 10SM CLR 29/19 A2994 RMK AO2 SLP081 T02890189
AMA,2023-06-27 02:53,KAMA 270253Z 14014KT 10SM CLR 27/19 A2995 RMK AO2 SLP084 T02720189 55002
AMA,2023-06-27 03:53,KAMA 270353Z 14011KT 10SM CLR 26/19 A2997 RMK AO2 SLP091 T02610189
AMA,2023-06-27 04:53,KAMA 270453Z 13011KT 10SM CLR 24/19 A2998 RMK AO2 SLP092 T02440189
AMA,2023-06-27 05:53,KAMA 270553Z AUTO 09010KT 10SM CLR 23/18 A3001 RMK AO2 LTG DSNT W AND NW SLP103 T02330178 10317 20233 403220172 53018
AMA,2023-06-27 06:53,KAMA 270653Z AUTO 29010G21KT 8SM -TSRA FEW019 BKN024 23/19 A3010 RMK AO2 PK WND 28026/0641 LTG DSNT ALQDS RAB45 TSB42 SLP133 P0000 T02280189
AMA,2023-06-27 07:53,KAMA 270753Z AUTO 08013KT 10SM TS BKN100 21/16 A3000 RMK AO2 LTG DSNT ALQDS RAE31 SLP103 P0019 T02060161
AMA,2023-06-27 08:53,KAMA 270853Z AUTO 12008KT 10SM CLR 21/17 A2999 RMK AO2 LTG DSNT W-NE TSE07B09E24 SLP097 60019 T02060172 58005
AMA,2023-06-27 09:53,KAMA 270953Z AUTO 18009KT 10SM CLR 21/16 A2998 RMK AO2 LTG DSNT NE AND NW SLP093 T02060161
AMA,2023-06-27 10:53,KAMA 271053Z 17015G21KT 10SM FEW100 FEW120 21/14 A2995 RMK AO2 SLP082 T02110144
AMA,2023-06-27 11:53,KAMA 271153Z 15016KT 10SM CLR 22/13 A2993 RMK AO2 LTG DSNT N SLP074 60019 70019 T02220133 10233 20194 58019
AMA,2023-06-27 12:53,KAMA 271253Z 17012KT 10SM CLR 23/14 A2995 RMK AO2 SLP081 T02280139
AMA,2023-06-27 13:53,KAMA 271353Z VRB03KT 10SM CLR 25/16 A2998 RMK AO2 SLP092 T02500161
AMA,2023-06-27 14:53,KAMA 271453Z 16007KT 10SM CLR 28/18 A2997 RMK AO2 SLP085 T02830183 50011
AMA,2023-06-27 15:53,KAMA 271553Z 18009KT 10SM CLR 31/17 A2996 RMK AO2 SLP081 T03060172
AMA,2023-06-27 16:53,KAMA 271653Z 19016G23KT 10SM CLR 32/17 A2994 RMK AO2 SLP075 T03170167
AMA,2023-06-27 17:53,KAMA 271753Z 19017G23KT 10SM CLR 34/17 A2992 RMK AO2 SLP068 T03390167 10339 20222 58013
AMA,2023-06-27 18:53,KAMA 271853Z 20010G20KT 10SM CLR 36/16 A2991 RMK AO2 PK WND 19026/1836 SLP064 T03610156
AMA,2023-06-27 19:53,KAMA 271953Z 21013G24KT 10SM CLR 38/12 A2989 RMK AO2 SLP057 T03830117
AMA,2023-06-27 20:53,KAMA 272053Z 22015G29KT 10SM CLR 39/08 A2987 RMK AO2 PK WND 21036/2038 SLP048 T03890078 58016
AMA,2023-06-27 21:53,KAMA 272153Z 20017G30KT 10SM CLR 39/07 A2984 RMK AO2 PK WND 20030/2148 SLP039 T03940072
AMA,2023-06-27 22:53,KAMA 272253Z 20020G27KT 10SM CLR 38/04 A2983 RMK AO2 PK WND 20031/2242 SLP035 T03780044
AMA,2023-06-27 23:53,KAMA 272353Z 20017G27KT 10SM CLR 37/04 A2982 RMK AO2 PK WND 21029/2325 SLP032 T03670039 10394 20339 56016
AMA,2023-06-28 00:53,KAMA 280053Z AUTO 24010KT 10SM CLR 33/07 A2982 RMK AO2 SLP035 T03330072
AMA,2023-06-28 01:53,KAMA 280153Z 24005KT 10SM CLR 32/06 A2985 RMK AO2 SLP045 T03170061
AMA,2023-06-28 02:53,KAMA 280253Z 21008KT 10SM CLR 29/07 A2988 RMK AO2 SLP052 T02940072 53017
AMA,2023-06-28 03:53,KAMA 280353Z 19008KT 10SM CLR 28/07 A2989 RMK AO2 SLP055 T02780067
AMA,2023-06-28 04:53,KAMA 280453Z AUTO 20005KT 10SM CLR 26/08 A2990 RMK AO2 SLP059 T02560078
AMA,2023-06-28 05:53,KAMA 280553Z AUTO 25011G20KT 10SM CLR 31/03 A2993 RMK AO2 PK WND 18033/0535 SLP065 T03060033 10367 20250 403940194 53017
AMA,2023-06-28 06:53,KAMA 280653Z AUTO 23013KT 10SM CLR 29/03 A2993 RMK AO2 SLP064 T02890028
AMA,2023-06-28 07:53,KAMA 280753Z AUTO 22012KT 10SM CLR 26/04 A2992 RMK AO2 SLP063 T02560039
AMA,2023-06-28 08:53,KAMA 280853Z AUTO 21012KT 10SM CLR 23/04 A2992 RMK AO2 SLP064 T02330044 58002
AMA,2023-06-28 09:53,KAMA 280953Z AUTO 21011KT 10SM CLR 22/06 A2992 RMK AO2 SLP064 T02220061
AMA,2023-06-28 10:53,KAMA 281053Z 21010KT 10SM CLR 21/08 A2993 RMK AO2 SLP070 T02060078
AMA,2023-06-28 11:53,KAMA 281153Z 22011KT 10SM CLR 22/08 A2994 RMK AO2 SLP072 T02170078 10300 20206 53004
AMA,2023-06-28 12:53,KAMA 281253Z 22012KT 10SM CLR 24/09 A2994 RMK AO2 SLP075 T02440089
AMA,2023-06-28 13:53,KAMA 281353Z 20013KT 10SM CLR 27/09 A2995 RMK AO2 SLP076 T02670094
AMA,2023-06-28 14:53,KAMA 281453Z 21017KT 10SM CLR 29/10 A2995 RMK AO2 PK WND 20029/1436 SLP078 T02890100 51005
AMA,2023-06-28 15:53,KAMA 281553Z 21021G29KT 10SM CLR 32/09 A2995 RMK AO2 PK WND 21030/1509 SLP076 T03220089
AMA,2023-06-28 16:53,KAMA 281653Z 22018G27KT 10SM CLR 34/09 A2996 RMK AO2 PK WND 20031/1623 SLP077 T03440094
AMA,2023-06-28 17:53,KAMA 281753Z 20019G25KT 10SM CLR 36/08 A2995 RMK AO2 PK WND 22033/1709 SLP070 T03610078 10361 20217 58000
AMA,2023-06-28 18:53,KAMA 281853Z 22018G26KT 10SM CLR 37/08 A2994 RMK AO2 PK WND 21026/1853 SLP066 T03720083
AMA,2023-06-28 19:53,KAMA 281953Z AUTO 21020G28KT 10SM CLR 38/07 A2992 RMK AO2 PK WND 21031/1928 SLP061 T03780067
AMA,2023-06-28 20:53,KAMA 282053Z 22019G29KT 10SM CLR 38/06 A2990 RMK AO2 PK WND 20030/2002 SLP058 T03830056 57014
AMA,2023-06-28 21:53,KAMA 282153Z 22017G31KT 10SM CLR 38/04 A2989 RMK AO2 PK WND 21034/2104 SLP053 T03830044
AMA,2023-06-28 22:53,KAMA 282253Z 20019G30KT 10SM CLR 38/04 A2987 RMK AO2 PK WND 21031/2208 SLP050 T03780044
AMA,2023-06-28 23:53,KAMA 282353Z 19020G29KT 10SM CLR 37/05 A2986 RMK AO2 PK WND 18032/2329 SLP046 T03670050 10389 20361 56014
AMA,2023-06-29 00:53,KAMA 290053Z 18017G28KT 10SM CLR 36/04 A2987 RMK AO2 PK WND 18029/0036 SLP047 T03560039
AMA,2023-06-29 01:53,KAMA 290153Z 18016KT 10SM CLR 33/03 A2988 RMK AO2 PK WND 17027/0109 SLP050 T03280028
AMA,2023-06-29 02:53,KAMA 290253Z 18015G23KT 10SM CLR 31/02 A2989 RMK AO2 SLP056 T03060022 53010
AMA,2023-06-29 03:53,KAMA 290353Z 18016KT 10SM CLR 30/02 A2992 RMK AO2 SLP062 T03000022
AMA,2023-06-29 04:53,KAMA 290453Z 20016KT 10SM CLR 29/02 A2993 RMK AO2 SLP066 T02890022
AMA,2023-06-29 05:53,KAMA 290553Z 20014KT 10SM CLR 28/03 A2994 RMK AO2 SLP068 T02830028 10367 20283 403890206 51014
AMA,2023-06-29 06:53,KAMA 290653Z 21016KT 10SM CLR 28/03 A2994 RMK AO2 SLP066 T02780033
AMA,2023-06-29 07:53,KAMA 290753Z 20017G28KT 10SM CLR 27/05 A2994 RMK AO2 PK WND 20028/0748 SLP068 T02720050
AMA,2023-06-29 08:53,KAMA 290853Z 19018G26KT 10SM CLR 25/06 A2994 RMK AO2 PK WND 20028/0811 SLP070 T02500061 53001
AMA,2023-06-29 09:53,KAMA 290953Z 20016G24KT 10SM CLR 23/08 A2996 RMK AO2 SLP076 T02330078
AMA,2023-06-29 10:53,KAMA 291053Z 20012KT 10SM CLR 22/09 A2998 RMK AO2 SLP084 T02220094
AMA,2023-06-29 11:53,KAMA 291153Z 20009KT 10SM CLR 22/11 A2999 RMK AO2 SLP089 T02170106 10283 20217 51013
AMA,2023-06-29 12:53,KAMA 291253Z 19011KT 10SM CLR 23/11 A3000 RMK AO2 SLP094 T02280111
AMA,2023-06-29 13:53,KAMA 291353Z 20015G20KT 10SM CLR 26/13 A3001 RMK AO2 SLP098 T02560128
AMA,2023-06-29 14:53,KAMA 291453Z 20019G28KT 10SM CLR 27/13 A3002 RMK AO2 PK WND 21031/1442 SLP101 T02720133 51010
AMA,2023-06-29 15:53,KAMA 291553Z 21019G26KT 10SM CLR 29/14 A3001 RMK AO2 PK WND 20031/1518 SLP099 T02890139
AMA,2023-06-29 16:53,KAMA 291653Z 20021G27KT 10SM CLR 32/12 A3001 RMK AO2 PK WND 21031/1600 SLP096 T03220122
AMA,2023-06-29 17:53,KAMA 291753Z 21019KT 10SM CLR 33/11 A3000 RMK AO2 PK WND 19031/1726 SLP091 T03280106 10333 20217 58006
AMA,2023-06-29 18:53,KAMA 291853Z 19020G31KT 10SM CLR 34/09 A2999 RMK AO2 PK WND 20031/1846 SLP086 T03390094
AMA,2023-06-29 19:53,KAMA 291953Z 18024G33KT 10SM CLR 34/08 A2996 RMK AO2 PK WND 17033/1952 SLP078 T03440083
AMA,2023-06-29 20:53,KAMA 292053Z 18019G29KT 10SM CLR 36/08 A2995 RMK AO2 PK WND 19033/2019 SLP074 T03560078 58015
AMA,2023-06-29 21:53,KAMA 292153Z 18016G25KT 10SM CLR 36/07 A2994 RMK AO2 PK WND 18027/2126 SLP073 T03560072
AMA,2023-06-29 22:53,KAMA 292253Z 18017G26KT 10SM CLR 34/06 A2992 RMK AO2 PK WND 18026/2253 SLP069 T03440061
AMA,2023-06-29 23:53,KAMA 292353Z 19015G24KT 10SM CLR 34/07 A2991 RMK AO2 SLP065 T03440067 10361 20328 58012
AMA,2023-06-30 00:53,KAMA 300053Z 19013KT 10SM CLR 32/06 A2993 RMK AO2 SLP073 T03170056
AMA,2023-06-30 01:53,KAMA 300153Z 15007KT 10SM CLR 29/07 A2996 RMK AO2 SLP082 T02940067
AMA,2023-06-30 02:53,KAMA 300253Z 16011KT 10SM CLR 28/07 A2996 RMK AO2 SLP084 T02780072 51011
AMA,2023-06-30 03:53,KAMA 300353Z 34006KT 10SM CLR 26/13 A3000 RMK AO2 SLP097 T02610128
AMA,2023-06-30 04:53,KAMA 300453Z AUTO 06006KT 10SM CLR 22/13 A3001 RMK AO2 SLP100 T02220133
AMA,2023-06-30 05:53,KAMA 300553Z AUTO 08004KT 10SM CLR 23/13 A3000 RMK AO2 SLP095 T02330128 10344 20222 403610217 50010
AMA,2023-06-30 06:53,KAMA 300653Z AUTO 12009KT 10SM CLR 22/12 A2998 RMK AO2 SLP088 T02220122
AMA,2023-06-30 07:53,KAMA 300753Z AUTO 17009KT 10SM CLR 24/09 A2998 RMK AO2 SLP088 T02440089
AMA,2023-06-30 08:53,KAMA 300853Z AUTO 19009KT 10SM CLR 22/08 A2999 RMK AO2 SLP091 T02220078 55003
AMA,2023-06-30 09:53,KAMA 300953Z AUTO 19013KT 10SM CLR 23/08 A3000 RMK AO2 SLP094 T02280078
AMA,2023-06-30 10:53,KAMA 301053Z 27006KT 10SM CLR 20/09 A3005 RMK AO2 SLP114 T02000089
AMA,2023-06-30 11:53,KAMA 301153Z 23008KT 10SM CLR 22/11 A3006 RMK AO2 SLP115 T02170106 10250 20194 51021
AMA,2023-06-30 12:53,KAMA 301253Z 30003KT 10SM CLR 23/12 A3007 RMK AO2 SLP121 T02280117
AMA,2023-06-30 13:53,KAMA 301353Z 05003KT 10SM CLR 26/12 A3007 RMK AO2 SLP120 T02560122
AMA,2023-06-30 14:53,KAMA 301453Z 21010G15KT 10SM CLR 27/14 A3006 RMK AO2 SLP118 T02720139 50002
AMA,2023-06-30 15:53,KAMA 301553Z 21007KT 10SM CLR 28/16 A3006 RMK AO2 SLP117 T02830156
AMA,2023-06-30 16:53,KAMA 301653Z 21009G17KT 10SM BKN050 30/17 A3005 RMK AO2 SLP119 T03000167
AMA,2023-06-30 17:53,KAMA 301753Z VRB04KT 10SM SCT055 29/17 A3005 RMK AO2 SLP117 T02890167 10300 20217 56004
AMA,2023-06-30 18:53,KAMA 301853Z 22010G15KT 10SM FEW060 30/17 A3004 RMK AO2 LTG DSNT E AND W AND NW SLP113 T03000167
AMA,2023-06-30 19:53,KAMA 301953Z 30016G44KT 280V340 1/2SM R04/2200VP6000FT +TSRA BKN049 BKN055 OVC070 19/16 A3005 RMK AO2 PK WND 29044/1948 WSHFT 1933 LTG DSNT ALQDS RAB32 TSB22 SLP129 P0028 T01890161
AMA,2023-06-30 20:53,KAMA 302053Z 09011G15KT 10SM FEW080 SCT100 24/18 A3001 RMK AO2 PK WND 22027/2000 WSHFT 2000 LTG DSNT NE-S RAE27 TSE42 PRESFR SLP110 P0041 60069 T02440178 58009
AMA,2023-06-30 21:53,KAMA 302153Z 13009KT 10SM FEW110 26/17 A3000 RMK AO2 LTG DSNT E AND SE SLP106 T02560172
AMA,2023-06-30 22:53,KAMA 302253Z 11015KT 10SM OVC110 23/17 A3000 RMK AO2 PK WND 13032/2205 RAB18E32 SLP112 P0000 T02280167
AMA,2023-06-30 23:53,KAMA 302353Z 12017KT 10SM CLR 23/18 A2995 RMK AO2 SLP092 60069 T02330178 10306 20189 58017
AMA,2023-07-01 00:53,KAMA 010053Z 13011KT 10SM CLR 22/18 A2997 RMK AO2 SLP098 T02220178
AMA,2023-07-01 01:53,KAMA 010153Z 14008KT 10SM CLR 22/18 A2998 RMK AO2 SLP097 T02220178
AMA,2023-07-01 02:53,KAMA 010253Z 14007KT 10SM CLR 20/18 A3002 RMK AO2 SLP111 T02000183 53020
AMA,2023-07-01 03:53,KAMA 010353Z 12005KT 10SM CLR 19/18 A3005 RMK AO2 SLP121 T01940183
AMA,2023-07-01 04:53,KAMA 010453Z AUTO 08014KT 10SM SCT019 BKN031 BKN044 19/18 A3009 RMK AO2 SLP136 T01890178
AMA,2023-07-01 05:53,KAMA 010553Z AUTO 09011KT 10SM OVC012 19/17 A3009 RMK AO2 SLP137 T01940172 10233 20189 403060189 51015
AMA,2023-07-01 06:53,KAMA 010653Z AUTO 36018G29KT 10SM -RA OVC020 17/14 A3017 RMK AO2 PK WND 02032/0619 LTG DSNT N AND NW RAB35 SLP165 P0000 T01670144
AMA,2023-07-01 07:53,KAMA 010753Z AUTO 05013G24KT 10SM BKN060 16/14 A3013 RMK AO2 PK WND 33033/0701 LTG DSNT N AND NE RAE24 TSB24E39 SLP168 P0007 T01560139
AMA,2023-07-01 08:53,KAMA 010853Z AUTO 03008KT 10SM SCT070 OVC100 16/13 A3012 RMK AO2 LTG DSNT NW SLP157 60007 T01560133 50008
AMA,2023-07-01 09:53,KAMA 010953Z AUTO 09006KT 7SM -TSRA BKN080 OVC090 16/14 A3010 RMK AO2 LTG DSNT ALQDS RAB33 TSB44 PRESFR SLP148 P0005 T01560139
AMA,2023-07-01 10:53,KAMA 011053Z 14015KT 10SM -RA FEW038 SCT070 OVC095 16/14 A3007 RMK AO2 RAE03B27 TSE29 PRESFR SLP140 P0001 T01560144
AMA,2023-07-01 11:53,KAMA 011153Z 20011KT 10SM CLR 16/14 A3008 RMK AO2 RAE04 SLP146 P0001 60014 70083 T01560144 10194 20156 55007
AMA,2023-07-01 12:53,KAMA 011253Z 23005KT 10SM CLR 17/15 A3009 RMK AO2 SLP150 T01670150
AMA,2023-07-01 13:53,KAMA 011353Z 33006KT 10SM CLR 19/14 A3010 RMK AO2 SLP147 T01940144
AMA,2023-07-01 14:53,KAMA 011453Z 33008KT 10SM SCT080 SCT100 20/16 A3011 RMK AO2 SLP154 T02000156 53009
AMA,2023-07-01 15:53,KAMA 011553Z 28006KT 10SM OVC080 22/16 A3013 RMK AO2 SLP159 T02170156
AMA,2023-07-01 16:53,KAMA 011653Z 25006KT 10SM SCT055 BKN090 24/14 A3013 RMK AO2 SLP157 T02390144
AMA,2023-07-01 17:53,KAMA 011753Z 30009KT 10SM FEW065 SCT090 27/14 A3013 RMK AO2 SLP152 T02720144 10272 20150 50005
AMA,2023-07-01 18:53,KAMA 011853Z 33007KT 290V350 10SM BKN070 28/15 A3012 RMK AO2 SLP152 T02780150
AMA,2023-07-01 19:53,KAMA 011953Z 01008KT 10SM SCT080 28/16 A3011 RMK AO2 SLP147 T02830156
AMA,2023-07-01 20:53,KAMA 012053Z 02007KT 10SM BKN075 27/15 A3009 RMK AO2 SLP143 T02720150 58012
AMA,2023-07-01 21:53,KAMA 012153Z 00000KT 10SM CLR 28/15 A3008 RMK AO2 SLP136 T02830150
AMA,2023-07-01 22:53,KAMA 012253Z VRB03KT 10SM CLR 28/15 A3006 RMK AO2 SLP131 T02830150
AMA,2023-07-01 23:53,KAMA 012353Z 32004KT 10SM CLR 29/15 A3005 RMK AO2 SLP126 T02890150 10289 20256 57014
AMA,2023-07-02 00:53,KAMA 020053Z 00000KT 10SM CLR 28/14 A3005 RMK AO2 SLP126 T02830144
AMA,2023-07-02 01:53,KAMA 020153Z 12007KT 10SM FEW060 25/16 A3007 RMK AO2 SLP134 T02500156
AMA,2023-07-02 02:53,KAMA 020253Z 17009KT 10SM CLR 23/18 A3008 RMK AO2 SLP139 T02330178 53011
AMA,2023-07-02 03:53,KAMA 020353Z 20009KT 10SM CLR 22/18 A3010 RMK AO2 SLP145 T02170183
AMA,2023-07-02 04:53,KAMA 020453Z AUTO 21008KT 10SM CLR 21/18 A3010 RMK AO2 SLP144 T02060183
AMA,2023-07-02 05:53,KAMA 020553Z AUTO 21009KT 10SM CLR 20/18 A3008 RMK AO2 SLP134 T02000183 10289 20200 402890150 50000
AMA,2023-07-02 06:53,KAMA 020653Z AUTO 23007KT 10SM CLR 20/19 A3008 RMK AO2 SLP133 T02000189
AMA,2023-07-02 07:53,KAMA 020753Z AUTO 24008KT 10SM CLR 19/19 A3007 RMK AO2 SLP130 T01940189
AMA,2023-07-02 08:53,KAMA 020853Z AUTO 24011KT 10SM CLR 20/19 A3007 RMK AO2 SLP130 T02000189 56003
AMA,2023-07-02 09:53,KAMA 020953Z AUTO 28005KT 10SM CLR 19/18 A3007 RMK AO2 SLP130 T01940183
AMA,2023-07-02 10:53,KAMA 021053Z AUTO 24004KT 8SM CLR 19/18 A3007 RMK AO2 SLP131 T01890178
AMA,2023-07-02 11:53,KAMA 021153Z 00000KT 6SM BR CLR 18/18 A3009 RMK AO2 SLP136 T01830178 10200 20183 53005
AMA,2023-07-02 12:53,KAMA 021253Z 32003KT 8SM CLR 21/19 A3010 RMK AO2 SLP138 T02060189
AMA,2023-07-02 13:53,KAMA 021353Z COR 29008KT 10SM CLR 24/19 A3011 RMK AO2 T02390194
AMA,2023-07-02 14:53,KAMA 021453Z 30006KT 10SM CLR 26/19 A3011 RMK AO2 SLP142 T02560194 51006
AMA,2023-07-02 15:53,KAMA 021553Z VRB03KT 10SM CLR 28/17 A3010 RMK AO2 SLP136 T02830172
AMA,2023-07-02 16:53,KAMA 021653Z VRB04KT 10SM CLR 29/13 A3009 RMK AO2 SLP135 T02890133
AMA,2023-07-02 17:53,KAMA 021753Z 24005KT 10SM CLR 29/14 A3008 RMK AO2 SLP131 T02940144 10300 20183 58008
AMA,2023-07-02 18:53,KAMA 021853Z VRB05KT 10SM CLR 31/14 A3006 RMK AO2 SLP124 T03060144
AMA,2023-07-02 19:53,KAMA 021953Z 23007KT 10SM CLR 31/15 A3004 RMK AO2 SLP116 T03110150
AMA,2023-07-02 20:53,KAMA 022053Z 12006KT 10SM CLR 32/13 A3000 RMK AO2 SLP102 T03170133 58023
AMA,2023-07-02 21:53,KAMA 022153Z 14007G17KT 10SM CLR 30/13 A3000 RMK AO2 SLP101 T03000133
AMA,2023-07-02 22:53,KAMA 022253Z 16009KT 10SM FEW110 31/14 A3001 RMK AO2 SLP105 T03110139
AMA,2023-07-02 23:53,KAMA 022353Z 17012KT 10SM FEW002 30/14 A2999 RMK AO2 LTG DSNT W-N SLP102 T03000139 10322 20294 58004
AMA,2023-07-03 00:53,KAMA 030053Z 33024G40KT 1SM R04/5000VP6000FT TSRA BR FEW050 OVC070 17/16 A3011 RMK AO2 PK WND 33047/0025 WSHFT 0013 SFC VIS 4 LTG DSNT ALQDS RAB32 TSB19 SLP157 P0002 T01720156
AMA,2023-07-03 01:53,KAMA 030153Z 34016G27KT 10SM -TSRA OVC100 18/14 A3011 RMK AO2 PK WND 34034/0054 LTG DSNT ALQDS SLP153 P0020 T01780144
AMA,2023-07-03 02:53,KAMA 030253Z 09007KT 10SM FEW038 18/16 A3005 RMK AO2 WSHFT 0215 LTG DSNT S RAE40 TSE02 SLP129 P0003 60025 T01780161 50019
AMA,2023-07-03 03:53,KAMA 030353Z 07007KT 10SM FEW120 18/16 A3010 RMK AO2 SLP142 T01780161
AMA,2023-07-03 04:53,KAMA 030453Z 19005KT 10SM SCT120 18/16 A3009 RMK AO2 SLP138 T01780161
AMA,2023-07-03 05:53,KAMA 030553Z AUTO 22007KT 10SM CLR 17/16 A3007 RMK AO2 SLP132 60025 T01720161 10300 20172 403220172 50006
AMA,2023-07-03 06:53,KAMA 030653Z AUTO 22010KT 10SM CLR 18/16 A3005 RMK AO2 SLP123 T01830156
AMA,2023-07-03 07:53,KAMA 030753Z AUTO 24008KT 10SM CLR 18/16 A3004 RMK AO2 SLP118 T01830156
AMA,2023-07-03 08:53,KAMA 030853Z AUTO 28007KT 10SM CLR 18/14 A3003 RMK AO2 SLP114 T01830144 56012
AMA,2023-07-03 09:53,KAMA 030953Z AUTO 33008KT 10SM CLR 17/16 A3005 RMK AO2 SLP125 T01670156
AMA,2023-07-03 10:53,KAMA 031053Z 07004KT 10SM CLR 16/15 A3006 RMK AO2 SLP126 T01610150
AMA,2023-07-03 11:53,KAMA 031153Z 33004KT 10SM CLR 16/15 A3006 RMK AO2 SLP128 70025 T01610150 10189 20156 51008
AMA,2023-07-03 12:53,KAMA 031253Z 17008KT 10SM CLR 17/16 A3007 RMK AO2 SLP149 T01720156
AMA,2023-07-03 13:53,KAMA 031353Z 19008KT 10SM CLR 19/16 A3009 RMK AO2 SLP148 T01940156
AMA,2023-07-03 14:53,KAMA 031453Z 19009KT 10SM CLR 23/15 A3008 RMK AO2 SLP143 T02280150 50007
AMA,2023-07-03 15:53,KAMA 031553Z 21007KT 10SM CLR 25/16 A3008 RMK AO2 SLP139 T02500156
AMA,2023-07-03 16:53,KAMA 031653Z 20008KT 10SM CLR 27/16 A3008 RMK AO2 SLP136 T02720156
AMA,2023-07-03 17:53,KAMA 031753Z 20010G18KT 10SM CLR 29/15 A3007 RMK AO2 SLP130 T02890150 10289 20156 58006
AMA,2023-07-03 18:53,KAMA 031853Z 21011G17KT 10SM CLR 30/16 A3005 RMK AO2 SLP122 T03000161
AMA,2023-07-03 19:53,KAMA 031953Z 23009G16KT 10SM CLR 31/16 A3003 RMK AO2 SLP116 T03060156
AMA,2023-07-03 20:53,KAMA 032053Z 24008KT 10SM CLR 32/15 A3001 RMK AO2 SLP108 T03170150 58016
AMA,2023-07-03 21:53,KAMA 032153Z 20008KT 10SM CLR 32/15 A3000 RMK AO2 SLP104 T03170150
AMA,2023-07-03 22:53,KAMA 032253Z 21008KT 10SM CLR 32/13 A2998 RMK AO2 SLP099 T03170133
AMA,2023-07-03 23:53,KAMA 032353Z 19004KT 10SM CLR 32/13 A2996 RMK AO2 SLP092 T03170128 10322 20289 58017
AMA,2023-07-04 00:53,KAMA 040053Z 17010KT 10SM CLR 31/14 A2996 RMK AO2 SLP090 T03060139
AMA,2023-07-04 01:53,KAMA 040153Z 16007KT 10SM CLR 27/16 A2997 RMK AO2 SLP099 T02720161
AMA,2023-07-04 02:53,KAMA 040253Z 16009KT 10SM CLR 26/16 A2999 RMK AO2 SLP100 T02560156 53008
AMA,2023-07-04 03:53,KAMA 040353Z 17009KT 10SM CLR 26/15 A3002 RMK AO2 SLP108 T02560150
AMA,2023-07-04 04:53,KAMA 040453Z AUTO 17008KT 10SM CLR 23/16 A3002 RMK AO2 SLP111 T02280156
AMA,2023-07-04 05:53,KAMA 040553Z AUTO 19008KT 10SM CLR 22/17 A3002 RMK AO2 SLP111 T02170167 10317 20211 403220156 51012
AMA,2023-07-04 06:53,KAMA 040653Z AUTO 19008KT 10SM CLR 21/17 A3002 RMK AO2 SLP111 T02110167
AMA,2023-07-04 07:53,KAMA 040753Z AUTO 19009KT 10SM CLR 21/17 A3002 RMK AO2 SLP107 T02110167
AMA,2023-07-04 08:53,KAMA 040853Z AUTO 15008KT 10SM CLR 21/16 A3002 RMK AO2 SLP106 T02110161 58002
AMA,2023-07-04 09:53,KAMA 040953Z AUTO 17009KT 10SM CLR 22/15 A3002 RMK AO2 SLP106 T02170150
AMA,2023-07-04 10:53,KAMA 041053Z 19010KT 10SM CLR 20/16 A3003 RMK AO2 SLP109 T02000156
AMA,2023-07-04 11:53,KAMA 041153Z 22009KT 10SM FEW001 18/16 A3005 RMK AO2 SLP119 T01830156 10228 20183 51008
AMA,2023-07-04 12:53,KAMA 041253Z 22004KT 10SM CLR 20/16 A3005 RMK AO2 SLP119 T02000156
AMA,2023-07-04 13:53,KAMA 041353Z 20008KT 10SM CLR 23/15 A3007 RMK AO2 SLP126 T02280150
AMA,2023-07-04 14:53,KAMA 041453Z 21008KT 10SM CLR 25/15 A3006 RMK AO2 SLP124 T02500150 50005 $
AMA,2023-07-04 15:53,KAMA 041553Z 20009KT 10SM CLR 28/15 A3006 RMK AO2 SLP117 T02830150 $
AMA,2023-07-04 16:53,KAMA 041653Z 23011KT 10SM CLR 31/14 A3006 RMK AO2 SLP121 T03060139 $
AMA,2023-07-04 17:53,KAMA 041753Z 23012G17KT 10SM CLR 32/13 A3005 RMK AO2 SLP117 T03170133 10317 20183 58003 $
AMA,2023-07-04 18:53,KAMA 041853Z 21014G27KT 180V270 10SM CLR 33/12 A3004 RMK AO2 PK WND 21027/1852 SLP111 T03280117 $
AMA,2023-07-04 19:53,KAMA 041953Z 18014G19KT 10SM CLR 33/11 A3003 RMK AO2 SLP107 T03280106 $
AMA,2023-07-04 20:53,KAMA 042053Z 17012G20KT 10SM CLR 33/10 A3001 RMK AO2 SLP101 T03330100 58013 $
AMA,2023-07-04 21:53,KAMA 042153Z 19013G20KT 10SM CLR 33/11 A3000 RMK AO2 SLP097 T03330106 $
AMA,2023-07-04 22:53,KAMA 042253Z 17015G22KT 10SM CLR 33/12 A2999 RMK AO2 SLP095 T03330117 $
AMA,2023-07-04 23:53,KAMA 042353Z 19014KT 10SM CLR 32/11 A2999 RMK AO2 SLP099 T03220106 10339 20317 55006 $
AMA,2023-07-05 00:53,KAMA 050053Z 18013KT 10SM FEW001 32/09 A2998 RMK AO2 SLP095 T03170094 $
AMA,2023-07-05 01:53,KAMA 050153Z 16009KT 10SM FEW002 29/11 A2999 RMK AO2 SLP097 T02890106 $
AMA,2023-07-05 02:53,KAMA 050253Z 16009KT 10SM CLR 27/11 A3001 RMK AO2 SLP105 T02720111 53007 $
AMA,2023-07-05 03:53,KAMA 050353Z 17010KT 10SM CLR 26/12 A3003 RMK AO2 SLP109 T02610117 $
AMA,2023-07-05 04:53,KAMA 050453Z AUTO 17008KT 10SM CLR 23/13 A3004 RMK AO2 SLP111 T02330128 $
AMA,2023-07-05 05:53,KAMA 050553Z AUTO 17011KT 10SM CLR 25/14 A3002 RMK AO2 SLP104 T02500139 10322 20233 403390183 50003 $
AMA,2023-07-05 06:53,KAMA 050653Z AUTO 18016KT 10SM CLR 24/15 A3002 RMK AO2 SLP102 T02440150 $
AMA,2023-07-05 07:53,KAMA 050753Z AUTO 19016G24KT 10SM CLR 24/17 A3001 RMK AO2 SLP098 T02440167 $
AMA,2023-07-05 08:53,KAMA 050853Z AUTO 20014KT 10SM CLR 23/17 A3001 RMK AO2 SLP101 T02330167 55003 $
AMA,2023-07-05 09:53,KAMA 050953Z AUTO 20011KT 10SM CLR 22/17 A3003 RMK AO2 SLP107 T02220167 $
AMA,2023-07-05 10:53,KAMA 051053Z 20008KT 10SM CLR 21/16 A3004 RMK AO2 SLP113 T02060161 $
AMA,2023-07-05 11:53,KAMA 051153Z 03004KT 10SM CLR 21/16 A3008 RMK AO2 SLP126 T02110161 10250 20206 53019 $
AMA,2023-07-05 12:53,KAMA 051253Z 34003KT 10SM CLR 23/17 A3010 RMK AO2 SLP130 T02330172 $
AMA,2023-07-05 13:53,KAMA 051353Z 20005KT 10SM CLR 24/17 A3010 RMK AO2 SLP133 T02440172
AMA,2023-07-05 14:53,KAMA 051453Z 25010KT 10SM CLR 26/17 A3012 RMK AO2 SLP142 T02560167 53014
AMA,2023-07-05 15:53,KAMA 051553Z 21011KT 10SM CLR 28/17 A3011 RMK AO2 SLP136 T02830167
AMA,2023-07-05 16:53,KAMA 051653Z 22009KT 10SM CLR 29/17 A3010 RMK AO2 SLP136 T02890167
AMA,2023-07-05 17:53,KAMA 051753Z 19009KT 10SM CLR 30/17 A3012 RMK AO2 SLP139 T03000167 10300 20200 55000
AMA,2023-07-05 18:53,KAMA 051853Z 36013KT 10SM FEW055 29/20 A3012 RMK AO2 WSHFT 1759 SLP139 T02890200
AMA,2023-07-05 19:53,KAMA 051953Z 36008KT 10SM CLR 31/20 A3010 RMK AO2 SLP130 T03060200
AMA,2023-07-05 20:53,KAMA 052053Z 36007KT 10SM FEW075 32/19 A3007 RMK AO2 SLP122 T03170194 58015
AMA,2023-07-05 21:53,KAMA 052153Z 02006KT 10SM CLR 33/19 A3005 RMK AO2 SLP113 T03280189
AMA,2023-07-05 22:53,KAMA 052253Z VRB05KT 10SM FEW070 32/17 A3002 RMK AO2 SLP107 T03220172
AMA,2023-07-05 23:53,KAMA 052353Z 17007KT 10SM CLR 33/13 A3002 RMK AO2 SLP104 T03280133 10333 20278 56017
AMA,2023-07-06 00:53,KAMA 060053Z 18009KT 10SM BKN095 32/13 A3002 RMK AO2 SLP103 T03220133
AMA,2023-07-06 01:53,KAMA 060153Z 11011KT 10SM BKN085 24/18 A3006 RMK AO2 WSHFT 0111 SLP125 T02440178
AMA,2023-07-06 02:53,KAMA 060253Z 13015G24KT 10SM CLR 23/17 A3007 RMK AO2 SLP128 T02280167 53014
AMA,2023-07-06 03:53,KAMA 060353Z 13021G28KT 10SM CLR 22/18 A3009 RMK AO2 PK WND 13028/0353 LTG DSNT W AND NW SLP132 T02220178
AMA,2023-07-06 04:53,KAMA 060453Z 24017G25KT 10SM VCTS SCT080 BKN095 22/17 A3018 RMK AO2 PK WND 14030/0437 LTG DSNT ALQDS PRESRR SLP164 T02220167
AMA,2023-07-06 05:53,KAMA 060553Z AUTO 14032G47KT 10SM VCTS -RA FEW033 SCT080 BKN110 21/17 A2995 RMK AO2 PK WND 15047/0552 WSHFT 0445 LTG DSNT ALQDS RAB00E25B40 TSB0456E35 SLP086 P0000 60000 T02110172 10328 20211 403330200 58034
AMA,2023-07-06 06:53,KAMA 060653Z AUTO 21018G30KT 10SM CLR 21/14 A3003 RMK AO2 PK WND 14051/0600 WSHFT 0605 LTG DSNT S RAE0557 SLP115 P0000 T02110139
AMA,2023-07-06 07:53,KAMA 060753Z AUTO 06014G23KT 10SM CLR 21/15 A3006 RMK AO2 PK WND 20035/0705 WSHFT 0735 LTG DSNT S SLP123 T02060150
AMA,2023-07-06 08:53,KAMA 060853Z AUTO 34013KT 10SM VCTS SCT120 21/18 A3012 RMK AO2 LTG DSNT SW-N PRESRR SLP143 60000 T02060178 51052
AMA,2023-07-06 09:53,KAMA 060953Z AUTO 06023G32KT 10SM -RA FEW008 FEW075 BKN110 19/18 A3011 RMK AO2 PK WND 06032/0953 LTG DSNT W RAB05 SLP140 P0002 T01890178
AMA,2023-07-06 10:53,KAMA 061053Z AUTO 07017KT 10SM FEW008 17/16 A3013 RMK AO2 PK WND 06033/1019 LTG DSNT W RAE28 SLP148 P0001 T01720161
AMA,2023-07-06 11:53,KAMA 061153Z 08017G27KT 10SM CLR 18/15 A3015 RMK AO2 PK WND 08029/1127 SLP153 60003 70003 T01780150 10233 20172 53007
AMA,2023-07-06 12:53,KAMA 061253Z 08020G27KT 10SM CLR 18/15 A3017 RMK AO2 PK WND 08027/1252 SLP163 T01780150
AMA,2023-07-06 13:53,KAMA 061353Z 13015KT 10SM FEW002 19/16 A3019 RMK AO2 SLP176 T01890156 $
AMA,2023-07-06 14:53,KAMA 061453Z 12012KT 10SM CLR 20/15 A3020 RMK AO2 SLP179 T02000150 51016
AMA,2023-07-06 15:53,KAMA 061553Z 09012KT 10SM BKN110 23/16 A3020 RMK AO2 SLP176 T02280161
AMA,2023-07-06 16:53,KAMA 061653Z 11014KT 10SM CLR 24/16 A3018 RMK AO2 SLP170 T02440156
AMA,2023-07-06 17:53,KAMA 061753Z 14017G23KT 10SM CLR 27/14 A3015 RMK AO2 SLP157 T02720139 10272 20178 58014
AMA,2023-07-06 18:53,KAMA 061853Z 15018G24KT 10SM CLR 28/14 A3013 RMK AO2 PK WND 13027/1837 SLP149 T02830139
AMA,2023-07-06 19:53,KAMA 061953Z 17011G18KT 10SM CLR 29/15 A3011 RMK AO2 SLP140 T02940150
AMA,2023-07-06 20:53,KAMA 062053Z 15011G21KT 10SM CLR 30/15 A3008 RMK AO2 SLP131 T03000150 58021
AMA,2023-07-06 21:53,KAMA 062153Z 16013G19KT 10SM CLR 30/16 A3006 RMK AO2 SLP124 T03000156
AMA,2023-07-06 22:53,KAMA 062253Z 17014G25KT 10SM CLR 31/16 A3004 RMK AO2 SLP118 T03060161
AMA,2023-07-06 23:53,KAMA 062353Z 18016G25KT 10SM CLR 29/16 A3002 RMK AO2 PK WND 17026/2255 SLP111 T02940156 10306 20272 56021
AMA,2023-07-07 00:53,KAMA 070053Z 17016G25KT 10SM CLR 29/16 A3001 RMK AO2 PK WND 18027/0014 SLP110 T02890156
AMA,2023-07-07 01:53,KAMA 070153Z 16013KT 10SM CLR 28/16 A2999 RMK AO2 SLP105 T02780161
AMA,2023-07-07 02:53,KAMA 070253Z 16012KT 10SM CLR 26/17 A3000 RMK AO2 SLP107 T02560167 55006
AMA,2023-07-07 03:53,KAMA 070353Z 14014KT 10SM CLR 24/17 A3001 RMK AO2 SLP110 T02390172
AMA,2023-07-07 04:53,KAMA 070453Z AUTO 14015KT 10SM CLR 23/18 A3000 RMK AO2 SLP105 T02280178
AMA,2023-07-07 05:53,KAMA 070553Z AUTO 14017KT 10SM CLR 22/18 A2999 RMK AO2 SLP100 T02220178 10300 20222 403060172 58001
AMA,2023-07-07 06:53,KAMA 070653Z AUTO 14018KT 10SM CLR 22/18 A2998 RMK AO2 SLP095 T02170178
AMA,2023-07-07 07:53,KAMA 070753Z AUTO 15013KT 10SM CLR 21/18 A2998 RMK AO2 SLP094 T02110178
AMA,2023-07-07 08:53,KAMA 070853Z AUTO 16013KT 10SM CLR 21/19 A2997 RMK AO2 SLP091 T02110189 56007
AMA,2023-07-07 09:53,KAMA 070953Z AUTO 16012KT 10SM CLR 20/18 A2996 RMK AO2 SLP090 T02000183
AMA,2023-07-07 10:53,KAMA 071053Z AUTO 16010KT 10SM CLR 20/18 A2996 RMK AO2 SLP090 T02000178
AMA,2023-07-07 11:53,KAMA 071153Z 08014KT 10SM FEW002 19/18 A3000 RMK AO2 SLP106 T01940183 10222 20194 53011
AMA,2023-07-07 12:53,KAMA 071253Z 11013KT 10SM FEW005 21/19 A3002 RMK AO2 LTG DSNT E AND SE SLP110 T02110194 $
AMA,2023-07-07 13:53,KAMA 071353Z 13021KT 10SM SCT009 BKN110 22/19 A3001 RMK AO2 PK WND 14027/1352 SLP107 T02170194 $
AMA,2023-07-07 14:53,KAMA 071453Z 16022G30KT 10SM FEW010 FEW015 24/19 A2999 RMK AO2 PK WND 15030/1427 SLP101 T02390194 58003
AMA,2023-07-07 15:53,KAMA 071553Z 18022G29KT 10SM CLR 26/19 A2999 RMK AO2 PK WND 16032/1523 SLP098 T02610194
AMA,2023-07-07 16:53,KAMA 071653Z 17023G29KT 10SM CLR 28/19 A2997 RMK AO2 PK WND 18035/1639 SLP092 T02830194
AMA,2023-07-07 17:53,KAMA 071753Z 18029G36KT 10SM CLR 31/19 A2995 RMK AO2 PK WND 18036/1752 SLP084 T03060189 10306 20194 58012
AMA,2023-07-07 18:53,KAMA 071853Z 18025G37KT 10SM CLR 32/19 A2994 RMK AO2 PK WND 18040/1810 SLP078 T03170189
AMA,2023-07-07 19:53,KAMA 071953Z 20024G36KT 10SM CLR 32/19 A2992 RMK AO2 PK WND 19036/1953 SLP071 T03220189
AMA,2023-07-07 20:53,KAMA 072053Z 18022G33KT 10SM CLR 33/19 A2988 RMK AO2 PK WND 20039/2007 SLP057 T03280189 58022
AMA,2023-07-07 21:53,KAMA 072153Z 18019G30KT 10SM CLR 33/18 A2985 RMK AO2 PK WND 18033/2057 SLP048 T03280178
AMA,2023-07-07 22:53,KAMA 072253Z 19019G28KT 10SM CLR 31/17 A2986 RMK AO2 PK WND 18032/2159 LTG DSNT W-N SLP055 T03110172
AMA,2023-07-07 23:53,KAMA 072353Z 01018G29KT 10SM -TSRA FEW015 SCT043 BKN120 19/17 A2993 RMK AO2 PK WND 33038/2325 WSHFT 2319 LTG DSNT ALQDS RAB29 TSB22 SLP094 P0006 60006 T01940172 10333 20189 53016
AMA,2023-07-08 00:53,KAMA 080053Z 02012G20KT 10SM FEW110 19/17 A2993 RMK AO2 PK WND 04035/0003 WSHFT 2351 LTG DSNT SE RAE14 TSE11 SLP090 P0001 T01940172
AMA,2023-07-08 01:53,KAMA 080153Z 14007KT 10SM FEW042 FEW100 SCT110 19/17 A2993 RMK AO2 SLP088 T01940172 $
AMA,2023-07-08 02:53,KAMA 080253Z 17005KT 10SM -TSRA BKN120 20/18 A2997 RMK AO2 LTG DSNT ALQDS RAB46 TSB40 SLP099 P0000 60001 T02000178 53011 $
AMA,2023-07-08 03:53,KAMA 080353Z 30004KT 10SM VCTS FEW060 BKN095 BKN120 19/18 A3006 RMK AO2 LTG DSNT S-W RAE0255B13E52 TSE0259 SLP129 P0004 T01940183 $
AMA,2023-07-08 04:53,KAMA 080453Z 16011KT 10SM CLR 20/18 A2997 RMK AO2 LTG DSNT SE AND S RAB03E26 SLP093 P0001 T02000178 $
AMA,2023-07-08 05:53,KAMA 080553Z AUTO 15011KT 10SM CLR 20/17 A2997 RMK AO2 SLP093 60006 T02000172 10206 20183 403330183 51001 $
AMA,2023-07-08 06:53,KAMA 080653Z AUTO 07007KT 10SM CLR 19/17 A3003 RMK AO2 SLP112 T01940172 $
AMA,2023-07-08 07:53,KAMA 080753Z AUTO 08006KT 9SM -RA FEW060 OVC110 19/17 A3007 RMK AO2 LTG DSNT SE-W RAB49 SLP128 P0000 T01890172 $
AMA,2023-07-08 08:53,KAMA 080853Z AUTO 06005KT 10SM SCT110 18/17 A3007 RMK AO2 RAE01 SLP125 P0001 60001 T01830172 50028 $
AMA,2023-07-08 09:53,KAMA 080953Z AUTO 07006KT 10SM SCT110 18/17 A3004 RMK AO2 SLP115 T01830172 $
AMA,2023-07-08 10:53,KAMA 081053Z 09011KT 10SM TS SCT100 BKN120 18/17 A3003 RMK AO2 LTG DSNT S TSB49 SLP116 T01780167 $
AMA,2023-07-08 11:53,KAMA 081153Z 09011KT 10SM BKN100 18/16 A3005 RMK AO2 LTG DSNT N-SE TSE15 SLP136 60001 70013 T01780161 10200 20178 55004 $
AMA,2023-07-08 12:53,KAMA 081253Z 13009KT 10SM FEW110 18/17 A3007 RMK AO2 LTG DSNT NE AND E SLP141 T01830167 $
AMA,2023-07-08 13:53,KAMA 081353Z 15012KT 10SM FEW090 21/17 A3008 RMK AO2 SLP142 T02060172 $
AMA,2023-07-08 14:53,KAMA 081453Z 13013KT 10SM CLR 23/18 A3008 RMK AO2 SLP138 T02280178 51007 $
AMA,2023-07-08 15:53,KAMA 081553Z 15010KT 10SM CLR 24/19 A3007 RMK AO2 SLP135 T02390189
AMA,2023-07-08 16:53,KAMA 081653Z 19011KT 10SM CLR 26/19 A3006 RMK AO2 SLP129 T02610189
AMA,2023-07-08 17:53,KAMA 081753Z 17010KT 10SM FEW090 28/19 A3005 RMK AO2 SLP123 T02780194 10278 20178 58008
AMA,2023-07-08 18:53,KAMA 081853Z 21012G17KT 10SM FEW034 29/19 A3004 RMK AO2 SLP119 T02890194
AMA,2023-07-08 19:53,KAMA 081953Z AUTO 20010G20KT 10SM FEW043 30/19 A3001 RMK AO2 SLP107 T03000189
AMA,2023-07-08 20:53,KAMA 082053Z 20014KT 10SM SCT047 SCT070 29/18 A2999 RMK AO2 SLP104 T02940178 58017
AMA,2023-07-08 21:53,KAMA 082153Z 20015G19KT 10SM FEW060 31/17 A2997 RMK AO2 SLP093 T03060167
AMA,2023-07-08 22:53,KAMA 082253Z 20018G23KT 10SM CLR 31/16 A2994 RMK AO2 SLP083 T03110156
AMA,2023-07-08 23:53,KAMA 082353Z 20016G21KT 10SM FEW060 30/17 A2992 RMK AO2 SLP080 T03000167 10317 20272 56021
AMA,2023-07-09 00:53,KAMA 090053Z 19012KT 10SM FEW002 29/18 A2993 RMK AO2 SLP082 T02940178
AMA,2023-07-09 01:53,KAMA 090153Z 17010KT 10SM FEW002 28/18 A2993 RMK AO2 SLP080 T02780183 $
AMA,2023-07-09 02:53,KAMA 090253Z 17012KT 10SM CLR 27/19 A2992 RMK AO2 LTG DSNT SW AND W SLP075 T02720189 58002 $
AMA,2023-07-09 03:53,KAMA 090353Z 17012G26KT 10SM CLR 25/15 A2993 RMK AO2 PK WND 21029/0327 WSHFT 0317 LTG DSNT SE-SW SLP081 T02500150 $
AMA,2023-07-09 04:53,KAMA 090453Z 17012KT 10SM CLR 24/14 A2989 RMK AO2 WSHFT 0346 LTG DSNT SE AND S SLP066 T02390144 $
AMA,2023-07-09 05:53,KAMA 090553Z AUTO 15009KT 10SM CLR 22/16 A2991 RMK AO2 PRESRR SLP072 T02170156 10300 20217 403170178 55003 $
AMA,2023-07-09 06:53,KAMA 090653Z AUTO 02022G33KT 10SM FEW085 SCT120 21/17 A3000 RMK AO2 PK WND 36033/0649 LTG DSNT NE PRESRR SLP104 T02110167 $
AMA,2023-07-09 07:53,KAMA 090753Z AUTO 07020G31KT 10SM SCT080 BKN110 17/16 A3000 RMK AO2 PK WND 07031/0748 WSHFT 0643 SLP107 T01720156 $
AMA,2023-07-09 08:53,KAMA 090853Z AUTO 08012KT 10SM CLR 17/16 A2999 RMK AO2 PK WND 06030/0755 SLP102 T01670156 50023 $
AMA,2023-07-09 09:53,KAMA 090953Z AUTO 09011KT 10SM FEW005 17/16 A3001 RMK AO2 SLP108 T01670156 $
AMA,2023-07-09 10:53,KAMA 091053Z 10009KT 10SM BKN005 17/16 A3003 RMK AO2 SLP117 T01670156 $
AMA,2023-07-09 11:53,KAMA 091153Z 10008KT 10SM OVC029 17/16 A3005 RMK AO2 SLP124 T01720156 10222 20167 51014 $
AMA,2023-07-09 12:53,KAMA 091253Z 13010KT 10SM CLR 17/16 A3007 RMK AO2 SLP130 T01720156 $
AMA,2023-07-09 13:53,KAMA 091353Z 14012KT 10SM OVC007 18/16 A3008 RMK AO2 SLP135 T01780161 $
AMA,2023-07-09 14:53,KAMA 091453Z 14010KT 10SM FEW008 BKN036 20/17 A3009 RMK AO2 SLP135 T02000167 51009 $
AMA,2023-07-09 15:53,KAMA 091553Z 08008KT 10SM BKN018 OVC039 21/17 A3010 RMK AO2 SLP143 T02110167 $
AMA,2023-07-09 16:53,KAMA 091653Z 08007KT 10SM BKN018 OVC039 22/17 A3011 RMK AO2 SLP145 T02170172 $
AMA,2023-07-09 17:53,KAMA 091753Z 07005KT 10SM BKN025 OVC038 22/16 A3011 RMK AO2 SLP149 T02220161 10222 20172 51008 $
AMA,2023-07-09 18:53,KAMA 091853Z 05007KT 10SM BKN026 OVC049 23/17 A3010 RMK AO2 SLP144 T02280172 $
AMA,2023-07-09 19:53,KAMA 091953Z COR 05008KT 10SM SCT018 OVC024 21/17 A3009 RMK AO2 SLP150 T02110172 $
AMA,2023-07-09 20:53,KAMA 092053Z 08009KT 10SM OVC027 23/17 A3009 RMK AO2 SLP145 T02280172 56008 $
AMA,2023-07-09 21:53,KAMA 092153Z 14007KT 10SM OVC025 24/17 A3007 RMK AO2 SLP138 T02390172 $
AMA,2023-07-09 22:53,KAMA 092253Z 10008KT 10SM BKN031 25/18 A3005 RMK AO2 SLP132 T02500178 $
AMA,2023-07-09 23:53,KAMA 092353Z 13010KT 10SM BKN030 26/18 A3005 RMK AO2 SLP128 T02560178 10256 20211 56012 $
AMA,2023-07-10 00:53,KAMA 100053Z 13008KT 10SM SCT032 24/18 A3004 RMK AO2 SLP128 T02440178 $
AMA,2023-07-10 01:53,KAMA 100153Z 14007KT 10SM BKN031 23/18 A3005 RMK AO2 SLP130 T02330178 $
AMA,2023-07-10 02:53,KAMA 100253Z 12009KT 10SM CLR 21/18 A3006 RMK AO2 SLP133 T02110183 53003 $
AMA,2023-07-10 03:53,KAMA 100353Z 11008KT 10SM CLR 21/18 A3008 RMK AO2 SLP139 T02060178 $
AMA,2023-07-10 04:53,KAMA 100453Z AUTO 13007KT 10SM CLR 19/18 A3010 RMK AO2 SLP147 T01890178 $
AMA,2023-07-10 05:53,KAMA 100553Z AUTO 13005KT 10SM CLR 18/18 A3010 RMK AO2 SLP148 T01830178 10256 20183 402560167 51013 $
AMA,2023-07-10 06:53,KAMA 100653Z AUTO 14007KT 9SM CLR 18/18 A3009 RMK AO2 SLP145 T01830178 $
AMA,2023-07-10 07:53,KAMA 100753Z AUTO 16006KT 9SM CLR 18/17 A3008 RMK AO2 SLP146 T01780172 $
AMA,2023-07-10 08:53,KAMA 100853Z AUTO 17007KT 8SM BKN006 18/17 A3008 RMK AO2 SLP141 T01780172 55004 $
AMA,2023-07-10 09:53,KAMA 100953Z AUTO 17012KT 6SM BR OVC003 18/18 A3007 RMK AO2 SLP138 T01830178 $
AMA,2023-07-10 10:53,KAMA 101053Z 17013KT 10SM OVC003 19/18 A3009 RMK AO2 SLP141 T01890178 $
AMA,2023-07-10 11:53,KAMA 101153Z 19011KT 10SM OVC005 19/18 A3009 RMK AO2 SLP141 T01890178 10189 20178 51005 $
AMA,2023-07-10 12:53,KAMA 101253Z 20011KT 10SM OVC004 19/18 A3010 RMK AO2 SLP145 T01890178 $
AMA,2023-07-10 13:53,KAMA 101353Z 16008KT 10SM FEW007 21/18 A3010 RMK AO2 SLP146 T02110183 $
AMA,2023-07-10 14:53,KAMA 101453Z 19008KT 10SM FEW012 BKN021 22/18 A3011 RMK AO2 SLP148 T02220183 50003
AMA,2023-07-10 15:53,KAMA 101553Z 19013KT 10SM BKN016 23/19 A3009 RMK AO2 SLP141 T02330189
AMA,2023-07-10 16:53,KAMA 101653Z 22013KT 10SM BKN020 26/19 A3009 RMK AO2 SLP140 T02610194
AMA,2023-07-10 17:53,KAMA 101753Z 24008G17KT 10SM BKN025 28/20 A3007 RMK AO2 SLP133 T02780200 10278 20189 58011
AMA,2023-07-10 18:53,KAMA 101853Z VRB05G17KT 10SM SCT034 29/20 A3006 RMK AO2 SLP126 T02940200
AMA,2023-07-10 19:53,KAMA 101953Z 22010G20KT 10SM CLR 31/20 A3004 RMK AO2 SLP118 T03110200
AMA,2023-07-10 20:53,KAMA 102053Z 22013G22KT 10SM CLR 32/19 A3002 RMK AO2 SLP109 T03170194 58017
AMA,2023-07-10 21:53,KAMA 102153Z 24007KT 10SM CLR 32/19 A3001 RMK AO2 SLP105 T03170194
AMA,2023-07-10 22:53,KAMA 102253Z 21015KT 10SM CLR 33/19 A2998 RMK AO2 SLP094 T03280194
AMA,2023-07-10 23:53,KAMA 102353Z 21010KT 10SM CLR 32/19 A2996 RMK AO2 SLP088 T03220189 10339 20272 58018 $
AMA,2023-07-11 00:53,KAMA 110053Z 20008KT 10SM CLR 31/19 A2995 RMK AO2 SLP086 T03060189 $
AMA,2023-07-11 01:53,KAMA 110153Z 19009KT 10SM FEW002 30/16 A2994 RMK AO2 SLP083 T03000156 $
AMA,2023-07-11 02:53,KAMA 110253Z 20003KT 10SM CLR 27/14 A2999 RMK AO2 SLP101 T02670139 53009 $
AMA,2023-07-11 03:53,KAMA 110353Z 33009KT 10SM CLR 27/19 A3003 RMK AO2 SLP114 T02670189 $
AMA,2023-07-11 04:53,KAMA 110453Z AUTO 00000KT 10SM CLR 24/19 A3002 RMK AO2 SLP108 T02440189 $
AMA,2023-07-11 05:53,KAMA 110553Z AUTO 16007KT 10SM CLR 25/18 A2997 RMK AO2 SLP091 T02500178 10322 20228 403390178 58005 $
AMA,2023-07-11 06:53,KAMA 110653Z AUTO 14006KT 10SM CLR 23/17 A2997 RMK AO2 SLP090 T02330172 $
AMA,2023-07-11 07:53,KAMA 110753Z AUTO 16006KT 10SM CLR 22/17 A2998 RMK AO2 SLP092 T02220167 $
AMA,2023-07-11 08:53,KAMA 110853Z AUTO 23005KT 10SM CLR 22/15 A2997 RMK AO2 SLP086 T02220150 58002 $
AMA,2023-07-11 09:53,KAMA 110953Z AUTO 24004KT 10SM CLR 23/14 A2996 RMK AO2 SLP083 T02280144 $
AMA,2023-07-11 10:53,KAMA 111053Z 34003KT 10SM CLR 20/16 A2999 RMK AO2 SLP097 T02000161 $
AMA,2023-07-11 11:53,KAMA 111153Z 01005KT 10SM CLR 20/18 A3002 RMK AO2 SLP107 T02000178 10250 20183 53016 $
AMA,2023-07-11 12:53,KAMA 111253Z 00000KT 10SM CLR 23/19 A3006 RMK AO2 SLP119 T02280189 $
AMA,2023-07-11 13:53,KAMA 111353Z 22009KT 10SM CLR 27/17 A3006 RMK AO2 SLP116 T02670167
AMA,2023-07-11 14:53,KAMA 111453Z 22011KT 10SM CLR 28/16 A3004 RMK AO2 SLP112 T02830156 50007
AMA,2023-07-11 15:53,KAMA 111553Z 21016G23KT 10SM CLR 31/16 A3002 RMK AO2 SLP103 T03060161
AMA,2023-07-11 16:53,KAMA 111653Z 10SM CLR 33/17 A3001 RMK AO2 SLP099 T03280167 $
AMA,2023-07-11 17:53,KAMA 111753Z 21017G22KT 10SM CLR 34/17 A3000 RMK AO2 SLP095 T03390167 10339 20189 56013 $
AMA,2023-07-11 18:53,KAMA 111853Z 22013G19KT 10SM CLR 34/16 A2999 RMK AO2 SLP091 T03440161 $
AMA,2023-07-11 19:53,KAMA 111953Z 21008G16KT 10SM CLR 36/16 A2997 RMK AO2 SLP084 T03560161
AMA,2023-07-11 20:53,KAMA 112053Z 20010G17KT 10SM CLR 37/17 A2994 RMK AO2 SLP075 T03670167 58017
AMA,2023-07-11 21:53,KAMA 112153Z 21008KT 10SM CLR 37/16 A2993 RMK AO2 SLP067 T03720156
AMA,2023-07-11 22:53,KAMA 112253Z 21005KT 10SM BKN100 38/14 A2992 RMK AO2 SLP066 T03830139
AMA,2023-07-11 23:53,KAMA 112353Z 00000KT 10SM CLR 38/12 A2991 RMK AO2 SLP063 T03780117 10389 20339 56012
AMA,2023-07-12 00:53,KAMA 120053Z 17013G19KT 10SM CLR 36/17 A2991 RMK AO2 SLP062 T03560167
AMA,2023-07-12 01:53,KAMA 120153Z 17011KT 10SM CLR 33/16 A2991 RMK AO2 WSHFT 0049 SLP062 T03330161
AMA,2023-07-12 02:53,KAMA 120253Z 14010KT 10SM CLR 29/17 A2993 RMK AO2 SLP071 T02940167 53007
AMA,2023-07-12 03:53,KAMA 120353Z 14011KT 10SM CLR 28/17 A2994 RMK AO2 SLP075 T02830167
AMA,2023-07-12 04:53,KAMA 120453Z AUTO 15009KT 10SM CLR 27/17 A2995 RMK AO2 SLP075 T02670167
AMA,2023-07-12 05:53,KAMA 120553Z AUTO 16010KT 10SM CLR 26/16 A2995 RMK AO2 SLP074 T02610161 10389 20261 403890183 50005
AMA,2023-07-12 06:53,KAMA 120653Z AUTO 16012KT 10SM CLR 28/16 A2993 RMK AO2 SLP068 T02780161
AMA,2023-07-12 07:53,KAMA 120753Z AUTO 17014G20KT 10SM CLR 28/14 A2991 RMK AO2 SLP058 T02830144
AMA,2023-07-12 08:53,KAMA 120853Z AUTO 19016G25KT 10SM CLR 28/13 A2990 RMK AO2 SLP053 T02780133 58016
AMA,2023-07-12 09:53,KAMA 120953Z AUTO 21013KT 10SM CLR 26/14 A2989 RMK AO2 SLP053 T02560139
AMA,2023-07-12 10:53,KAMA 121053Z 20014KT 10SM CLR 26/13 A2990 RMK AO2 SLP053 T02560133
AMA,2023-07-12 11:53,KAMA 121153Z 21017KT 10SM CLR 25/14 A2990 RMK AO2 SLP055 T02500139 10283 20250 53001
AMA,2023-07-12 12:53,KAMA 121253Z 23008G19KT 10SM CLR 25/15 A2993 RMK AO2 PRESRR SLP066 T02500150
AMA,2023-07-12 13:53,KAMA 121353Z 21012KT 10SM CLR 27/16 A2992 RMK AO2 SLP066 T02670161
AMA,2023-07-12 14:53,KAMA 121453Z 24012KT 10SM CLR 30/16 A2992 RMK AO2 SLP066 T03000161 51007
AMA,2023-07-12 15:53,KAMA 121553Z 26011KT 10SM CLR 32/15 A2992 RMK AO2 SLP064 T03220150
AMA,2023-07-12 16:53,KAMA 121653Z 25008G16KT 10SM CLR 35/15 A2992 RMK AO2 SLP064 T03500150
AMA,2023-07-12 17:53,KAMA 121753Z 31009KT 10SM CLR 36/15 A2992 RMK AO2 SLP063 T03610150 10367 20244 56001
AMA,2023-07-12 18:53,KAMA 121853Z 32012G17KT 10SM CLR 36/17 A2991 RMK AO2 SLP058 T03610172
AMA,2023-07-12 19:53,KAMA 121953Z 35009KT 10SM CLR 38/18 A2990 RMK AO2 SLP054 T03780178
AMA,2023-07-12 20:53,KAMA 122053Z 36009G16KT 10SM CLR 39/17 A2989 RMK AO2 SLP049 T03890167 58009
AMA,2023-07-12 21:53,KAMA 122153Z 01010G15KT 10SM CLR 39/17 A2988 RMK AO2 SLP048 T03890167
AMA,2023-07-12 22:53,KAMA 122253Z 03011KT 10SM CLR 38/17 A2988 RMK AO2 SLP046 T03830172
AMA,2023-07-12 23:53,KAMA 122353Z 02012KT 10SM CLR 36/19 A2987 RMK AO2 SLP048 T03610189 10394 20350 56005
AMA,2023-07-13 00:53,KAMA 130053Z 02010KT 10SM CLR 34/19 A2989 RMK AO2 SLP056 T03440194
AMA,2023-07-13 01:53,KAMA 130153Z 06009KT 10SM CLR 30/20 A2991 RMK AO2 SLP066 T03000200
AMA,2023-07-13 02:53,KAMA 130253Z 04008KT 10SM CLR 27/20 A2992 RMK AO2 SLP067 T02720200 51013
AMA,2023-07-13 03:53,KAMA 130353Z 03006KT 10SM CLR 26/19 A2994 RMK AO2 SLP074 T02560194
AMA,2023-07-13 04:53,KAMA 130453Z AUTO 02005KT 10SM CLR 26/21 A2995 RMK AO2 SLP074 T02560206
AMA,2023-07-13 05:53,KAMA 130553Z AUTO 01006KT 10SM CLR 26/22 A2995 RMK AO2 SLP072 T02610222 10361 20250 403940244 50009
AMA,2023-07-13 06:53,KAMA 130653Z AUTO 04004KT 10SM CLR 26/23 A2995 RMK AO2 SLP074 T02610228
AMA,2023-07-13 07:53,KAMA 130753Z AUTO 34005KT 10SM CLR 26/23 A2994 RMK AO2 SLP069 T02560228
AMA,2023-07-13 08:53,KAMA 130853Z AUTO 35005KT 10SM CLR 25/23 A2993 RMK AO2 SLP064 T02500228 58005
AMA,2023-07-13 09:53,KAMA 130953Z AUTO 33005KT 10SM CLR 24/23 A2994 RMK AO2 SLP069 T02440228
AMA,2023-07-13 10:53,KAMA 131053Z 33007KT 10SM CLR 24/22 A2995 RMK AO2 SLP073 T02390222
AMA,2023-07-13 11:53,KAMA 131153Z 33007KT 9SM CLR 24/22 A2995 RMK AO2 SLP076 T02390222 10267 20239 51007
AMA,2023-07-13 12:53,KAMA 131253Z 36008KT 8SM CLR 24/22 A2996 RMK AO2 SLP081 T02440222
AMA,2023-07-13 13:53,KAMA 131353Z 01007KT 9SM CLR 25/23 A2997 RMK AO2 LTG DSNT NE AND E TSB23E40 SLP086 T02500228
AMA,2023-07-13 14:53,KAMA 131453Z 00000KT 9SM CLR 27/23 A2999 RMK AO2 SLP093 T02670228 53010
AMA,2023-07-13 15:53,KAMA 131553Z 04007KT 10SM CLR 28/23 A2998 RMK AO2 LTG DSNT NE SLP090 T02830228
AMA,2023-07-13 16:53,KAMA 131653Z 11004KT 10SM CLR 29/23 A2998 RMK AO2 SLP090 T02940228
AMA,2023-07-13 17:53,KAMA 131753Z 06005KT 10SM CLR 32/23 A2998 RMK AO2 SLP087 T03220228 10322 20239 56002
AMA,2023-07-13 18:53,KAMA 131853Z VRB03KT 10SM CLR 34/20 A2996 RMK AO2 SLP078 T03440200
AMA,2023-07-13 19:53,KAMA 131953Z 10SM CLR 36/19 A2994 RMK AO2 LTG DSNT S SLP071 T03560194
AMA,2023-07-13 20:53,KAMA 132053Z 00000KT 10SM CLR 34/18 A2992 RMK AO2 LTG DSNT W SLP064 T03440183 58019
AMA,2023-07-13 21:53,KAMA 132153Z 08010KT 10SM TS SCT070 SCT090 33/21 A2992 RMK AO2 LTG DSNT ALQDS TSB50 SLP066 T03280206
AMA,2023-07-13 22:53,KAMA 132253Z 09005KT 10SM VCTS -RA FEW038 BKN100 OVC110 29/18 A2989 RMK AO2 LTG DSNT E-SW RAB48 TSE43 PRESFR SLP062 P0000 T02940183 $
AMA,2023-07-13 23:53,KAMA 132353Z 15019G35KT 10SM TS CLR 25/17 A2992 RMK AO2 PK WND 13035/2346 LTG DSNT ALQDS RAE2258 TSB01 SLP077 P0000 60000 T02500172 10361 20250 53001 $
AMA,2023-07-14 00:53,KAMA 140053Z 11016G23KT 10SM CLR 26/16 A2994 RMK AO2 LTG DSNT NE-S TSE01 SLP082 T02610161 $
AMA,2023-07-14 01:53,KAMA 140153Z 08012KT 10SM CLR 26/19 A2992 RMK AO2 LTG DSNT E SLP075 T02610189 $
AMA,2023-07-14 02:53,KAMA 140253Z 08011KT 10SM FEW110 27/18 A2992 RMK AO2 LTG DSNT E-S RAB12E21 SLP071 P0000 60000 T02670183 58001 $
AMA,2023-07-14 03:53,KAMA 140353Z 13011KT 10SM VCTS FEW024 26/18 A2998 RMK AO2 LTG DSNT NE-S SLP090 T02610178 $
AMA,2023-07-14 04:53,KAMA 140453Z AUTO 12015KT 10SM VCTS BKN120 24/19 A3001 RMK AO2 LTG DSNT NE AND E SLP101 T02440189 $
AMA,2023-07-14 05:53,KAMA 140553Z AUTO 14016G20KT 10SM CLR 23/19 A2997 RMK AO2 LTG DSNT NE SLP088 60000 T02330194 10272 20233 403610233 58002 $
AMA,2023-07-14 06:53,KAMA 140653Z AUTO 12009KT 10SM BKN110 23/19 A2999 RMK AO2 LTG DSNT NE SLP091 T02330194 $
AMA,2023-07-14 07:53,KAMA 140753Z AUTO 16015KT 10SM VCTS CLR 22/19 A2997 RMK AO2 LTG DSNT N-E SLP086 T02170189 $
AMA,2023-07-14 08:53,KAMA 140853Z AUTO 01014G24KT 10SM VCTS FEW018 BKN110 23/18 A3008 RMK AO2 LTG DSNT W-NE TSB0754E08 PRESRR SLP123 T02280178 53033 $
AMA,2023-07-14 09:53,KAMA 140953Z AUTO 36011KT 3SM +TSRA BR BKN050 BKN070 OVC100 21/19 A3006 RMK AO2 LTG DSNT ALQDS RAB19 TSB04 SLP119 P0007 T02060189 $
AMA,2023-07-14 10:53,KAMA 141053Z 21007KT 10SM VCTS SCT029 SCT065 BKN110 20/19 A3007 RMK AO2 LTG DSNT ALQDS RAE45 TSE49 SLP126 P0016 T02000189 $
AMA,2023-07-14 11:53,KAMA 141153Z 13014KT 10SM FEW001 20/18 A3002 RMK AO2 LTG DSNT N-SE SLP116 60023 70023 T02000183 10239 20200 58018 $
AMA,2023-07-14 12:53,KAMA 141253Z 10009KT 10SM VCTS CLR 21/18 A3004 RMK AO2 LTG DSNT N SLP118 T02110183 $
AMA,2023-07-14 13:53,KAMA 141353Z 14009KT 10SM CLR 23/19 A3003 RMK AO2 SLP114 T02280189
AMA,2023-07-14 14:53,KAMA 141453Z 15011KT 10SM CLR 27/19 A3001 RMK AO2 SLP104 T02670189 58002
AMA,2023-07-14 15:53,KAMA 141553Z 17014KT 10SM CLR 28/18 A3000 RMK AO2 SLP098 T02830178
AMA,2023-07-14 16:53,KAMA 141653Z 17016KT 10SM CLR 29/18 A3000 RMK AO2 SLP098 T02940183
AMA,2023-07-14 17:53,KAMA 141753Z 20017G23KT 10SM CLR 31/18 A3000 RMK AO2 SLP096 T03060183 10306 20200 56005
AMA,2023-07-14 18:53,KAMA 141853Z 19014G23KT 10SM CLR 32/18 A2998 RMK AO2 SLP091 T03220183
AMA,2023-07-14 19:53,KAMA 141953Z 20016G22KT 10SM CLR 33/19 A2995 RMK AO2 SLP081 T03330189
AMA,2023-07-14 20:53,KAMA 142053Z 22015G22KT 10SM CLR 34/17 A2993 RMK AO2 SLP072 T03440167 58019
AMA,2023-07-14 21:53,KAMA 142153Z 23011G19KT 10SM CLR 35/17 A2992 RMK AO2 SLP071 T03500167
AMA,2023-07-14 22:53,KAMA 142253Z 19011KT 10SM CLR 34/16 A2992 RMK AO2 SLP069 T03440161
AMA,2023-07-14 23:53,KAMA 142353Z 17011KT 10SM CLR 34/16 A2991 RMK AO2 SLP065 T03440156 10350 20306 57008
AMA,2023-07-15 00:53,KAMA 150053Z 16010KT 10SM CLR 32/16 A2991 RMK AO2 LTG DSNT W AND NW SLP070 T03170156
AMA,2023-07-15 01:53,KAMA 150153Z 16007KT 10SM CLR 30/17 A2994 RMK AO2 LTG DSNT SW-N SLP078 T03000172 $
AMA,2023-07-15 02:53,KAMA 150253Z 11005KT 10SM CLR 28/18 A2997 RMK AO2 SLP086 T02780178 53018 $
AMA,2023-07-15 03:53,KAMA 150353Z 09006KT 10SM CLR 28/18 A3000 RMK AO2 SLP097 T02780178 $
AMA,2023-07-15 04:53,KAMA 150453Z AUTO 06008KT 10SM FEW080 26/19 A3002 RMK AO2 LTG DSNT S SLP105 T02560189 $
AMA,2023-07-15 05:53,KAMA 150553Z AUTO 04011KT 10SM CLR 24/21 A3003 RMK AO2 LTG DSNT SE AND W AND NW SLP108 T02440206 10344 20244 403500200 51020 $
AMA,2023-07-15 06:53,KAMA 150653Z AUTO 03010KT 10SM TS SCT075 BKN090 OVC100 24/21 A3006 RMK AO2 LTG DSNT W-NE TSB45 SLP115 T02390206 $
AMA,2023-07-15 07:53,KAMA 150753Z AUTO 08012G17KT 10SM TS SCT050 BKN070 BKN090 22/20 A3006 RMK AO2 LTG DSNT ALQDS RAB0659E49 TSE19B38 SLP116 P0007 T02220200 $
AMA,2023-07-15 08:53,KAMA 150853Z AUTO 04004KT 10SM CLR 22/22 A3007 RMK AO2 LTG DSNT ALQDS TSE00 SLP120 60007 T02220217 53004 $
AMA,2023-07-15 09:53,KAMA 150953Z AUTO 09009KT 10SM -RA FEW009 SCT050 BKN110 22/21 A3007 RMK AO2 LTG DSNT N AND NE RAB45 SLP118 P0001 T02220206 $
AMA,2023-07-15 10:53,KAMA 151053Z AUTO 08010KT 10SM FEW014 21/19 A3009 RMK AO2 LTG DSNT N-E RAE0958 SLP129 P0000 T02110189 $
AMA,2023-07-15 11:53,KAMA 151153Z 07009KT 10SM FEW002 21/19 A3012 RMK AO2 LTG DSNT NW-NE SLP138 60008 70008 T02110194 10244 20211 53015 $
AMA,2023-07-15 12:53,KAMA 151253Z 35013KT 10SM BKN007 BKN015 21/19 A3019 RMK AO2 LTG DSNT N AND NW CIG 006V013 PRESRR SLP167 T02060189 $
AMA,2023-07-15 13:53,KAMA 151353Z 11013KT 10SM CLR 21/19 A3012 RMK AO2 SLP145 T02110189 $
AMA,2023-07-15 14:53,KAMA 151453Z 12008KT 10SM CLR 23/19 A3014 RMK AO2 SLP151 T02330194 51006 $
AMA,2023-07-15 15:53,KAMA 151553Z 02008KT 10SM FEW019 24/19 A3017 RMK AO2 SLP160 T02440189 $
AMA,2023-07-15 16:53,KAMA 151653Z 03010KT 10SM BKN020 25/19 A3019 RMK AO2 SLP168 T02500189 $
AMA,2023-07-15 17:53,KAMA 151753Z 05011G15KT 10SM OVC027 26/19 A3018 RMK AO2 SLP165 T02610189 10261 20200 50013 $
AMA,2023-07-15 18:53,KAMA 151853Z 10011G15KT 10SM CLR 28/18 A3017 RMK AO2 SLP158 T02780183 $
AMA,2023-07-15 19:53,KAMA 151953Z 10008G16KT 10SM FEW034 28/18 A3016 RMK AO2 SLP157 T02830183 $
AMA,2023-07-15 20:53,KAMA 152053Z 07006KT 10SM FEW041 29/18 A3014 RMK AO2 SLP150 T02940183 57012 $
AMA,2023-07-15 21:53,KAMA 152153Z VRB05G17KT 10SM SCT047 BKN110 29/18 A3013 RMK AO2 SLP144 T02940178 $
AMA,2023-07-15 22:53,KAMA 152253Z 13007KT 10SM CLR 29/18 A3011 RMK AO2 SLP140 T02940178 $
AMA,2023-07-15 23:53,KAMA 152353Z 15013KT 10SM FEW050 30/18 A3009 RMK AO2 SLP134 T03000178 10306 20261 57016 $
AMA,2023-07-16 00:53,KAMA 160053Z 14009KT 10SM CLR 28/18 A3011 RMK AO2 SLP142 T02830183 $
AMA,2023-07-16 01:53,KAMA 160153Z 14011KT 10SM CLR 27/19 A3014 RMK AO2 SLP153 T02670189 $
AMA,2023-07-16 02:53,KAMA 160253Z 12008KT 10SM CLR 26/19 A3015 RMK AO2 SLP154 T02610194 51017 $
AMA,2023-07-16 03:53,KAMA 160353Z 12011KT 10SM FEW080 OVC100 26/19 A3015 RMK AO2 LTG DSNT W AND NW SLP155 T02560194 $
AMA,2023-07-16 04:53,KAMA 160453Z 25010KT 10SM TS SCT060 SCT070 BKN090 21/17 A3022 RMK AO2 LTG DSNT ALQDS RAB02E19 TSB0358 SLP183 P0001 T02060172 $
AMA,2023-07-16 05:53,KAMA 160553Z AUTO 18016KT 10SM -RA FEW060 SCT090 OVC110 21/18 A3011 RMK AO2 WSHFT 0529 LTG DSNT SE-SW RAB0457 TSE04 PRESFR SLP144 P0001 60002 T02110178 10300 20194 403060194 58012 $
AMA,2023-07-16 06:53,KAMA 160653Z AUTO 20018G33KT 10SM CLR 20/18 A3009 RMK AO2 PK WND 19037/0636 LTG DSNT SE RAE08 PRESRR SLP135 P0000 T02000178 $
AMA,2023-07-16 07:53,KAMA 160753Z AUTO 20016G25KT 10SM CLR 21/17 A3012 RMK AO2 PK WND 20029/0658 SLP146 T02060172 $
AMA,2023-07-16 08:53,KAMA 160853Z AUTO 00000KT 10SM CLR 21/16 A3018 RMK AO2 SLP163 60000 T02110156 53020 $
AMA,2023-07-16 09:53,KAMA 160953Z AUTO 26006KT 10SM CLR 18/16 A3017 RMK AO2 SLP163 T01830156 $
AMA,2023-07-16 10:53,KAMA 161053Z 17006KT 10SM CLR 19/16 A3017 RMK AO2 SLP162 T01940156 $
AMA,2023-07-16 11:53,KAMA 161153Z 22006KT 10SM CLR 18/16 A3017 RMK AO2 SLP165 60000 70002 T01830156 10217 20183 55001 $
AMA,2023-07-16 12:53,KAMA 161253Z 18007KT 10SM CLR 21/16 A3017 RMK AO2 SLP161 T02110156 $
AMA,2023-07-16 13:53,KAMA 161353Z 20009KT 10SM CLR 23/16 A3017 RMK AO2 SLP163 T02280161 $
AMA,2023-07-16 14:53,KAMA 161453Z 22008KT 10SM CLR 24/17 A3018 RMK AO2 SLP165 T02390167 53002 $
AMA,2023-07-16 15:53,KAMA 161553Z 25007KT 10SM CLR 26/16 A3017 RMK AO2 SLP160 T02610161 $
AMA,2023-07-16 16:53,KAMA 161653Z 31007KT 10SM CLR 29/16 A3017 RMK AO2 SLP161 T02890161
AMA,2023-07-16 17:53,KAMA 161753Z COR 23011G16KT 10SM CLR 30/16 A3015 RMK AO2 SLP155 T03000161 10300 20183 58008 $
AMA,2023-07-16 18:53,KAMA 161853Z 22008G17KT 10SM CLR 31/17 A3014 RMK AO2 SLP149 T03060172 $
AMA,2023-07-16 19:53,KAMA 161953Z 22010G17KT 10SM CLR 32/17 A3012 RMK AO2 SLP139 T03220167 $
AMA,2023-07-16 20:53,KAMA 162053Z 23011KT 10SM CLR 33/17 A3010 RMK AO2 SLP133 T03280167 56016 $
AMA,2023-07-16 21:53,KAMA 162153Z 25008KT 10SM CLR 33/16 A3009 RMK AO2 SLP132 T03280156 $
AMA,2023-07-16 22:53,KAMA 162253Z 22005KT 10SM CLR 32/17 A3007 RMK AO2 SLP126 T03220172 $
AMA,2023-07-16 23:53,KAMA 162353Z 19010KT 10SM CLR 32/18 A3006 RMK AO2 SLP123 T03220178 10333 20294 58013 $
AMA,2023-07-17 00:53,KAMA 170053Z 19009KT 10SM CLR 31/18 A3005 RMK AO2 SLP119 T03110178 $
AMA,2023-07-17 01:53,KAMA 170153Z 18011KT 10SM CLR 29/19 A3006 RMK AO2 SLP120 T02940189 $
AMA,2023-07-17 02:53,KAMA 170253Z 16009KT 10SM CLR 27/19 A3008 RMK AO2 SLP129 T02670194 53005 $
AMA,2023-07-17 03:53,KAMA 170353Z 15009KT 10SM CLR 26/19 A3010 RMK AO2 SLP136 T02610189 $
AMA,2023-07-17 04:53,KAMA 170453Z 16010KT 10SM CLR 25/19 A3011 RMK AO2 SLP135 T02500189 $
AMA,2023-07-17 05:53,KAMA 170553Z AUTO 16007KT 10SM CLR 23/19 A3012 RMK AO2 SLP141 T02330189 10322 20233 403330183 51013 $
AMA,2023-07-17 06:53,KAMA 170653Z AUTO 16007KT 10SM CLR 23/18 A3012 RMK AO2 SLP142 T02280183 $
AMA,2023-07-17 07:53,KAMA 170753Z AUTO 18008KT 10SM CLR 22/18 A3012 RMK AO2 SLP138 T02220183 $
AMA,2023-07-17 08:53,KAMA 170853Z AUTO 20008KT 10SM CLR 22/18 A3011 RMK AO2 SLP135 T02170183 58004 $
AMA,2023-07-17 09:53,KAMA 170953Z AUTO 20009KT 10SM CLR 21/19 A3011 RMK AO2 SLP136 T02110189 $
AMA,2023-07-17 10:53,KAMA 171053Z 21008KT 10SM CLR 21/19 A3011 RMK AO2 SLP136 T02060189 $
AMA,2023-07-17 11:53,KAMA 171153Z 21009KT 10SM CLR 21/19 A3011 RMK AO2 SLP136 T02110189 10239 20206 58000 $
AMA,2023-07-17 12:53,KAMA 171253Z 22012KT 10SM CLR 23/19 A3011 RMK AO2 SLP134 T02280189 $
AMA,2023-07-17 13:53,KAMA 171353Z 23012KT 10SM CLR 26/18 A3011 RMK AO2 SLP136 T02560183
AMA,2023-07-17 14:53,KAMA 171453Z 24019G27KT 10SM CLR 29/14 A3012 RMK AO2 PK WND 25027/1431 SLP136 T02940144 53003
AMA,2023-07-17 15:53,KAMA 171553Z 24015G23KT 10SM CLR 31/15 A3012 RMK AO2 PK WND 23028/1509 SLP135 T03110150
AMA,2023-07-17 16:53,KAMA 171653Z 24015G21KT 10SM CLR 33/16 A3012 RMK AO2 SLP136 T03330156
AMA,2023-07-17 17:53,KAMA 171753Z 24015G22KT 10SM CLR 35/15 A3011 RMK AO2 SLP132 T03500150 10350 20211 58002
AMA,2023-07-17 18:53,KAMA 171853Z 23015G23KT 10SM CLR 36/13 A3009 RMK AO2 SLP124 T03610133
AMA,2023-07-17 19:53,KAMA 171953Z 24016G22KT 10SM CLR 37/13 A3007 RMK AO2 SLP116 T03720133
AMA,2023-07-17 20:53,KAMA 172053Z 22013G22KT 10SM CLR 37/13 A3005 RMK AO2 SLP112 T03720128 56017
AMA,2023-07-17 21:53,KAMA 172153Z 22012G23KT 10SM CLR 38/12 A3004 RMK AO2 SLP108 T03780122
AMA,2023-07-17 22:53,KAMA 172253Z 20013G22KT 10SM CLR 37/12 A3003 RMK AO2 SLP105 T03720117
AMA,2023-07-17 23:53,KAMA 172353Z 18020G31KT 10SM CLR 36/11 A3001 RMK AO2 PK WND 18031/2352 SLP097 T03610111 10378 20344 58014
AMA,2023-07-18 00:53,KAMA 180053Z 18016KT 10SM CLR 34/11 A3001 RMK AO2 SLP100 T03440106
AMA,2023-07-18 01:53,KAMA 180153Z 16011KT 10SM CLR 31/13 A3003 RMK AO2 SLP108 T03110128
AMA,2023-07-18 02:53,KAMA 180253Z 16013KT 10SM CLR 29/13 A3005 RMK AO2 SLP111 T02940133 53013
AMA,2023-07-18 03:53,KAMA 180353Z 16013KT 10SM CLR 28/13 A3006 RMK AO2 SLP113 T02830133
AMA,2023-07-18 04:53,KAMA 180453Z 18013KT 10SM CLR 28/13 A3005 RMK AO2 SLP107 T02830128
AMA,2023-07-18 05:53,KAMA 180553Z AUTO 19014KT 10SM CLR 26/13 A3005 RMK AO2 SLP108 T02610128 10361 20256 403780206 58000
AMA,2023-07-18 06:53,KAMA 180653Z AUTO 20014KT 10SM CLR 26/13 A3004 RMK AO2 SLP104 T02560128
AMA,2023-07-18 07:53,KAMA 180753Z AUTO 21012KT 10SM CLR 24/11 A3003 RMK AO2 SLP102 T02440111
AMA,2023-07-18 08:53,KAMA 180853Z AUTO 22014KT 10SM CLR 24/10 A3003 RMK AO2 SLP101 T02440100 56005
AMA,2023-07-18 09:53,KAMA 180953Z AUTO 23014G27KT 10SM CLR 26/08 A3003 RMK AO2 PK WND 22027/0950 SLP099 T02560078
AMA,2023-07-18 10:53,KAMA 181053Z 23016G24KT 10SM CLR 24/08 A3003 RMK AO2 PK WND 23030/1035 SLP100 T02440078
AMA,2023-07-18 11:53,KAMA 181153Z 22015KT 10SM CLR 23/08 A3004 RMK AO2 SLP105 T02330083 10267 20233 53002
AMA,2023-07-18 12:53,KAMA 181253Z 21015KT 10SM CLR 24/11 A3005 RMK AO2 SLP110 T02390106
AMA,2023-07-18 13:53,KAMA 181353Z 21023G33KT 10SM CLR 27/12 A3005 RMK AO2 PK WND 23033/1346 SLP110 T02720117
AMA,2023-07-18 14:53,KAMA 181453Z 21022G31KT 10SM CLR 29/12 A3004 RMK AO2 PK WND 21033/1354 SLP108 T02940122 50001
AMA,2023-07-18 15:53,KAMA 181553Z 21023G32KT 10SM CLR 32/12 A3003 RMK AO2 PK WND 21033/1533 SLP101 T03220122
AMA,2023-07-18 16:53,KAMA 181653Z 21021G34KT 10SM CLR 34/12 A3002 RMK AO2 PK WND 21036/1627 SLP097 T03440122
AMA,2023-07-18 17:53,KAMA 181753Z 22027G36KT 10SM CLR 36/11 A3001 RMK AO2 PK WND 21036/1744 SLP095 T03610111 10367 20228 56008
AMA,2023-07-18 18:53,KAMA 181853Z 22026G33KT 10SM CLR 38/12 A3000 RMK AO2 PK WND 22036/1840 SLP090 T03830117
AMA,2023-07-18 19:53,KAMA 181953Z 21024G37KT 10SM CLR 39/11 A2999 RMK AO2 PK WND 22037/1949 SLP086 T03890111
AMA,2023-07-18 20:53,KAMA 182053Z 22025G34KT 10SM CLR 40/10 A2998 RMK AO2 PK WND 22036/2023 SLP081 T04000100 58011
AMA,2023-07-18 21:53,KAMA 182153Z 21020G30KT 10SM CLR 41/09 A2997 RMK AO2 PK WND 21034/2058 SLP076 T04060094
AMA,2023-07-18 22:53,KAMA 182253Z 21019G26KT 10SM CLR 40/09 A2995 RMK AO2 PK WND 22029/2214 SLP071 T04000089
AMA,2023-07-18 23:53,KAMA 182353Z 21016G27KT 10SM CLR 39/08 A2993 RMK AO2 PK WND 21028/2321 SLP068 T03890083 10406 20367 58013
AMA,2023-07-19 00:53,KAMA 190053Z 19015KT 10SM CLR 37/09 A2993 RMK AO2 PK WND 22026/0000 SLP067 T03720094
AMA,2023-07-19 01:53,KAMA 190153Z 18014KT 10SM CLR 34/10 A2994 RMK AO2 SLP071 T03390100
AMA,2023-07-19 02:53,KAMA 190253Z 18013KT 10SM CLR 32/10 A2996 RMK AO2 SLP078 T03170100 53008
AMA,2023-07-19 03:53,KAMA 190353Z 19012KT 10SM CLR 30/09 A2999 RMK AO2 SLP088 T03000089
AMA,2023-07-19 04:53,KAMA 190453Z AUTO 21010KT 10SM CLR 28/08 A3000 RMK AO2 SLP089 T02830083
AMA,2023-07-19 05:53,KAMA 190553Z AUTO 21012KT 10SM CLR 28/08 A3000 RMK AO2 SLP090 T02830083 10389 20272 404060228 51013
AMA,2023-07-19 06:53,KAMA 190653Z AUTO 28005KT 10SM CLR 27/07 A3003 RMK AO2 SLP098 T02670072
AMA,2023-07-19 07:53,KAMA 190753Z AUTO 30003KT 10SM CLR 27/07 A3003 RMK AO2 SLP099 T02670067
AMA,2023-07-19 08:53,KAMA 190853Z AUTO 19007KT 10SM CLR 24/08 A3001 RMK AO2 SLP092 T02440078 50002
AMA,2023-07-19 09:53,KAMA 190953Z AUTO 21008KT 10SM CLR 23/08 A3001 RMK AO2 SLP093 T02330083
AMA,2023-07-19 10:53,KAMA 191053Z AUTO 21016KT 10SM CLR 26/08 A3001 RMK AO2 SLP091 T02610078
AMA,2023-07-19 11:53,KAMA 191153Z 22018G26KT 10SM CLR 27/09 A3003 RMK AO2 PK WND 22026/1152 SLP099 T02670089 10289 20233 53006
AMA,2023-07-19 12:53,KAMA 191253Z 23018G24KT 10SM CLR 27/11 A3005 RMK AO2 SLP107 T02670111
AMA,2023-07-19 13:53,KAMA 191353Z 23018G25KT 10SM CLR 27/11 A3009 RMK AO2 PK WND 23028/1308 SLP121 T02670111
AMA,2023-07-19 14:53,KAMA 191453Z 23012G25KT 10SM CLR 29/13 A3010 RMK AO2 SLP127 T02940128 51022
AMA,2023-07-19 15:53,KAMA 191553Z 23012G21KT 10SM CLR 29/13 A3010 RMK AO2 SLP125 T02940128
AMA,2023-07-19 16:53,KAMA 191653Z 22014G22KT 10SM CLR 33/13 A3010 RMK AO2 SLP125 T03330133
AMA,2023-07-19 17:53,KAMA 191753Z 25014G22KT 10SM CLR 35/14 A3010 RMK AO2 SLP123 T03500139 10350 20261 56002
AMA,2023-07-19 18:53,KAMA 191853Z 23010G19KT 10SM CLR 37/14 A3008 RMK AO2 SLP119 T03670139
AMA,2023-07-19 19:53,KAMA 191953Z 24012G18KT 10SM CLR 38/13 A3007 RMK AO2 SLP114 T03780133
AMA,2023-07-19 20:53,KAMA 192053Z 22016G26KT 10SM CLR 39/11 A3005 RMK AO2 PK WND 23026/2053 SLP107 T03940111 58013
AMA,2023-07-19 21:53,KAMA 192153Z 21014KT 10SM CLR 39/11 A3003 RMK AO2 SLP099 T03940106
AMA,2023-07-19 22:53,KAMA 192253Z 21016G25KT 10SM CLR 39/10 A3002 RMK AO2 PK WND 20028/2217 SLP094 T03890100
AMA,2023-07-19 23:53,KAMA 192353Z 17016G24KT 10SM CLR 37/09 A3002 RMK AO2 PK WND 18027/2315 SLP096 T03670089 10400 20350 55010
AMA,2023-07-20 00:53,KAMA 200053Z 17011KT 10SM CLR 35/09 A3002 RMK AO2 SLP098 T03500094
AMA,2023-07-20 01:53,KAMA 200153Z 17010KT 10SM CLR 33/11 A3003 RMK AO2 SLP102 T03330111
AMA,2023-07-20 02:53,KAMA 200253Z 29008KT 10SM CLR 32/11 A3010 RMK AO2 PRESRR SLP126 T03170111 53025
AMA,2023-07-20 03:53,KAMA 200353Z 01009KT 10SM CLR 29/19 A3014 RMK AO2 SLP141 T02940194
AMA,2023-07-20 04:53,KAMA 200453Z 02012G21KT 10SM CLR 29/17 A3016 RMK AO2 LTG DSNT N SLP144 T02890172
AMA,2023-07-20 05:53,KAMA 200553Z AUTO 03012G21KT 10SM CLR 27/19 A3015 RMK AO2 PK WND 04029/0521 SLP141 T02670189 10367 20267 404000233 50014
AMA,2023-07-20 06:53,KAMA 200653Z AUTO 02009KT 10SM CLR 24/20 A3016 RMK AO2 SLP146 T02440200
AMA,2023-07-20 07:53,KAMA 200753Z AUTO 06005KT 10SM CLR 23/19 A3013 RMK AO2 SLP135 T02330194
AMA,2023-07-20 08:53,KAMA 200853Z AUTO 11016KT 10SM FEW100 24/22 A3009 RMK AO2 PRESFR SLP119 T02440222 58018
AMA,2023-07-20 09:53,KAMA 200953Z AUTO 06008KT 10SM FEW075 SCT090 BKN120 24/22 A3015 RMK AO2 SLP141 T02440217
AMA,2023-07-20 10:53,KAMA 201053Z COR 04004KT 10SM FEW015 FEW110 24/22 A3016 RMK AO2 RAB07E30 SLP146 P0000 T02390217
AMA,2023-07-20 11:53,KAMA 201153Z 09003KT 10SM CLR 23/22 A3018 RMK AO2 SLP153 60000 T02330217 10261 20228 51027
AMA,2023-07-20 12:53,KAMA 201253Z 03004KT 9SM BKN012 OVC020 24/22 A3021 RMK AO2 SLP166 T02390222
AMA,2023-07-20 13:53,KAMA 201353Z 07006KT 10SM FEW017 26/22 A3021 RMK AO2 SLP166 T02610222
AMA,2023-07-20 14:53,KAMA 201453Z 00000KT 10SM CLR 26/22 A3022 RMK AO2 SLP171 T02610217 51014
AMA,2023-07-20 15:53,KAMA 201553Z 23003KT 10SM CLR 27/21 A3022 RMK AO2 SLP170 T02720211
AMA,2023-07-20 16:53,KAMA 201653Z 00000KT 10SM CLR 28/20 A3021 RMK AO2 SLP167 T02830200
AMA,2023-07-20 17:53,KAMA 201753Z 23005KT 10SM CLR 31/19 A3020 RMK AO2 SLP163 T03060189 10306 20228 58007
AMA,2023-07-20 18:53,KAMA 201853Z 00000KT 10SM CLR 33/17 A3018 RMK AO2 SLP158 T03280167
AMA,2023-07-20 19:53,KAMA 201953Z VRB05KT 10SM CLR 34/17 A3016 RMK AO2 SLP151 T03390167
AMA,2023-07-20 20:53,KAMA 202053Z 00000KT 10SM CLR 34/16 A3014 RMK AO2 SLP144 T03390161 57016
AMA,2023-07-20 21:53,KAMA 202153Z 16011G19KT 140V200 10SM CLR 35/15 A3011 RMK AO2 SLP132 T03500150
AMA,2023-07-20 22:53,KAMA 202253Z 16007G18KT 10SM CLR 35/15 A3009 RMK AO2 SLP126 T03500150
AMA,2023-07-20 23:53,KAMA 202353Z 11013KT 10SM CLR 33/18 A3008 RMK AO2 SLP125 T03330183 10356 20300 56018
AMA,2023-07-21 00:53,KAMA 210053Z 12014KT 10SM CLR 32/20 A3008 RMK AO2 SLP125 T03170200 $
AMA,2023-07-21 01:53,KAMA 210153Z 12012KT 10SM CLR 30/20 A3010 RMK AO2 SLP130 T03000200 $
AMA,2023-07-21 02:53,KAMA 210253Z 12014KT 10SM CLR 28/21 A3010 RMK AO2 SLP133 T02780211 53005 $
AMA,2023-07-21 03:53,KAMA 210353Z 12014KT 10SM CLR 26/21 A3012 RMK AO2 PRESRR SLP140 T02610211 $
AMA,2023-07-21 04:53,KAMA 210453Z AUTO 14012KT 10SM CLR 24/22 A3010 RMK AO2 SLP134 T02440217 $
AMA,2023-07-21 05:53,KAMA 210553Z AUTO 15014KT 10SM CLR 24/21 A3006 RMK AO2 SLP118 T02440211 10333 20239 403560228 58012 $
AMA,2023-07-21 06:53,KAMA 210653Z AUTO 15013KT 10SM CLR 24/21 A3006 RMK AO2 SLP118 T02390211 $
AMA,2023-07-21 07:53,KAMA 210753Z AUTO 09011KT 10SM CLR 24/21 A3012 RMK AO2 SLP136 T02390206 $
AMA,2023-07-21 08:53,KAMA 210853Z AUTO 06015KT 10SM CLR 23/21 A3015 RMK AO2 SLP148 T02280211 53027 $
AMA,2023-07-21 09:53,KAMA 210953Z AUTO 04012KT 10SM SCT015 19/17 A3019 RMK AO2 PK WND 05032/0901 SLP163 T01890172 $
AMA,2023-07-21 10:53,KAMA 211053Z 05014G20KT 10SM FEW036 19/17 A3020 RMK AO2 PK WND 05030/1024 SLP167 T01890167 $
AMA,2023-07-21 11:53,KAMA 211153Z 05011KT 10SM CLR 19/17 A3021 RMK AO2 PK WND 05029/1058 SLP173 T01890167 10244 20189 51018 $
AMA,2023-07-21 12:53,KAMA 211253Z 06010KT 10SM CLR 19/17 A3021 RMK AO2 SLP175 T01940167 $
AMA,2023-07-21 13:53,KAMA 211353Z 07008KT 10SM CLR 22/17 A3021 RMK AO2 SLP172 T02170167
AMA,2023-07-21 14:53,KAMA 211453Z 07005KT 10SM CLR 25/16 A3021 RMK AO2 SLP172 T02500156 57000
AMA,2023-07-21 15:53,KAMA 211553Z 03012KT 10SM CLR 27/16 A3021 RMK AO2 SLP172 T02720156
AMA,2023-07-21 16:53,KAMA 211653Z 03011G17KT 10SM CLR 27/17 A3022 RMK AO2 SLP175 T02720167
AMA,2023-07-21 17:53,KAMA 211753Z 36010G17KT 10SM SCT032 27/17 A3022 RMK AO2 SLP175 T02720172 10278 20189 50002
AMA,2023-07-21 18:53,KAMA 211853Z 02010G17KT 10SM BKN035 27/17 A3021 RMK AO2 SLP174 T02720172
AMA,2023-07-21 19:53,KAMA 211953Z 02011G19KT 10SM BKN038 28/17 A3020 RMK AO2 SLP171 T02830172
AMA,2023-07-21 20:53,KAMA 212053Z 06013G18KT 10SM BKN043 27/17 A3021 RMK AO2 SLP175 T02670172 55002
AMA,2023-07-21 21:53,KAMA 212153Z 02012KT 10SM CLR 28/17 A3019 RMK AO2 SLP173 T02780167
AMA,2023-07-21 22:53,KAMA 212253Z 04011G19KT 10SM CLR 28/17 A3018 RMK AO2 SLP166 T02830167
AMA,2023-07-21 23:53,KAMA 212353Z 06011G19KT 10SM FEW070 27/17 A3017 RMK AO2 SLP167 T02720167 10289 20267 56011
AMA,2023-07-22 00:53,KAMA 220053Z 05012KT 10SM CLR 26/17 A3018 RMK AO2 SLP172 T02560167
AMA,2023-07-22 01:53,KAMA 220153Z 07007KT 10SM CLR 23/17 A3019 RMK AO2 SLP174 T02330167
AMA,2023-07-22 02:53,KAMA 220253Z 09007KT 10SM CLR 22/17 A3019 RMK AO2 SLP172 T02220167 51006
AMA,2023-07-22 03:53,KAMA 220353Z 09007KT 10SM CLR 22/17 A3020 RMK AO2 SLP175 T02170167
AMA,2023-07-22 04:53,KAMA 220453Z AUTO 14005KT 10SM CLR 21/17 A3021 RMK AO2 SLP176 T02110167
AMA,2023-07-22 05:53,KAMA 220553Z AUTO 13006KT 10SM CLR 21/17 A3019 RMK AO2 SLP173 T02060167 10272 20206 402890189 50000
AMA,2023-07-22 06:53,KAMA 220653Z AUTO 11005KT 10SM CLR 19/17 A3020 RMK AO2 SLP176 T01940167
AMA,2023-07-22 07:53,KAMA 220753Z AUTO 09005KT 10SM CLR 19/17 A3020 RMK AO2 SLP176 T01890167
AMA,2023-07-22 08:53,KAMA 220853Z AUTO 06004KT 10SM CLR 18/17 A3021 RMK AO2 SLP180 T01830167 52004
AMA,2023-07-22 09:53,KAMA 220953Z AUTO 00000KT 10SM CLR 19/17 A3022 RMK AO2 SLP185 T01890167
AMA,2023-07-22 10:53,KAMA 221053Z 18003KT 10SM CLR 18/16 A3022 RMK AO2 SLP183 T01780161
AMA,2023-07-22 11:53,KAMA 221153Z 20005KT 10SM CLR 18/16 A3021 RMK AO2 SLP180 T01780161 10206 20167 50000
AMA,2023-07-22 12:53,KAMA 221253Z 21003KT 10SM CLR 19/17 A3020 RMK AO2 SLP181 T01890167 $
AMA,2023-07-22 13:53,KAMA 221353Z 17006KT 10SM CLR 22/17 A3022 RMK AO2 SLP184 T02170167 $
AMA,2023-07-22 14:53,KAMA 221453Z 16007KT 10SM BKN055 22/17 A3023 RMK AO2 SLP188 T02220172 53005 $
AMA,2023-07-22 15:53,KAMA 221553Z 20010KT 10SM CLR 25/17 A3022 RMK AO2 SLP182 T02500172 $
AMA,2023-07-22 16:53,KAMA 221653Z 21006G15KT 10SM CLR 27/17 A3021 RMK AO2 SLP176 T02720172 $
AMA,2023-07-22 17:53,KAMA 221753Z 20007G14KT 10SM CLR 29/17 A3019 RMK AO2 SLP167 T02890172 10289 20178 58012 $
AMA,2023-07-22 18:53,KAMA 221853Z 18005G16KT 10SM CLR 30/17 A3017 RMK AO2 SLP162 T03000167 $
AMA,2023-07-22 19:53,KAMA 221953Z AUTO 24008KT 190V280 10SM SCT055 32/17 A3015 RMK AO2 SLP155 T03220167 $
AMA,2023-07-22 20:53,KAMA 222053Z 21008KT 10SM SCT065 32/14 A3013 RMK AO2 SLP147 T03220144 58017 $
AMA,2023-07-22 21:53,KAMA 222153Z 22007KT 10SM CLR 33/15 A3011 RMK AO2 SLP138 T03280150 $
AMA,2023-07-22 22:53,KAMA 222253Z 21010KT 10SM SCT070 32/14 A3009 RMK AO2 SLP135 T03170144 $
AMA,2023-07-22 23:53,KAMA 222353Z 16008G15KT 10SM FEW070 32/14 A3008 RMK AO2 SLP129 T03170144 10333 20283 56017 $
AMA,2023-07-23 00:53,KAMA 230053Z 18009KT 10SM CLR 31/14 A3009 RMK AO2 SLP133 T03110144 $
AMA,2023-07-23 01:53,KAMA 230153Z 16008KT 10SM FEW002 28/15 A3009 RMK AO2 SLP134 T02830150 $
AMA,2023-07-23 02:53,KAMA 230253Z 17008KT 10SM CLR 28/15 A3011 RMK AO2 SLP140 T02780150 53006 $
AMA,2023-07-23 03:53,KAMA 230353Z 15009KT 10SM CLR 26/16 A3013 RMK AO2 SLP148 T02560156 $
AMA,2023-07-23 04:53,KAMA 230453Z AUTO 16010KT 10SM CLR 24/16 A3013 RMK AO2 SLP145 T02440156 $
AMA,2023-07-23 05:53,KAMA 230553Z AUTO 15009KT 10SM CLR 24/16 A3015 RMK AO2 SLP151 T02390156 10322 20233 403330167 51013 $
AMA,2023-07-23 06:53,KAMA 230653Z AUTO 16008KT 10SM FEW110 23/16 A3015 RMK AO2 SLP152 T02280156 $
AMA,2023-07-23 07:53,KAMA 230753Z AUTO 17008KT 10SM CLR 23/16 A3015 RMK AO2 LTG DSNT N SLP147 T02280156 $
AMA,2023-07-23 08:53,KAMA 230853Z AUTO 20006KT 10SM VCTS FEW070 SCT090 OVC110 23/16 A3016 RMK AO2 LTG DSNT E AND SE TSB06E21 SLP151 T02280156 53002 $
AMA,2023-07-23 09:53,KAMA 230953Z AUTO 18009KT 10SM VCTS SCT095 BKN110 23/16 A3016 RMK AO2 LTG DSNT ALQDS TSB06E47 SLP153 T02280161 $
AMA,2023-07-23 10:53,KAMA 231053Z 15012KT 10SM TS CLR 22/16 A3017 RMK AO2 LTG DSNT NE-S TSB0955 SLP156 T02220161 $
AMA,2023-07-23 11:53,KAMA 231153Z 21013KT 10SM CLR 21/17 A3017 RMK AO2 LTG DSNT NE AND S TSE13 SLP158 T02110172 10239 20211 51004 $
AMA,2023-07-23 12:53,KAMA 231253Z 21013G18KT 10SM CLR 22/17 A3018 RMK AO2 LTG DSNT E SLP163 T02170167 $
AMA,2023-07-23 13:53,KAMA 231353Z 23016G23KT 10SM CLR 24/16 A3019 RMK AO2 SLP166 T02440156 $
AMA,2023-07-23 14:53,KAMA 231453Z 24015G23KT 10SM CLR 27/15 A3019 RMK AO2 SLP163 T02720150 51006 $
AMA,2023-07-23 15:53,KAMA 231553Z 24018G24KT 10SM CLR 30/14 A3018 RMK AO2 SLP159 T03000139 $
AMA,2023-07-23 16:53,KAMA 231653Z 24015G26KT 10SM CLR 32/14 A3017 RMK AO2 PK WND 23026/1629 SLP155 T03170144 $
AMA,2023-07-23 17:53,KAMA 231753Z 25015G23KT 10SM CLR 33/15 A3016 RMK AO2 SLP150 T03330150 10333 20211 57009 $
AMA,2023-07-23 18:53,KAMA 231853Z 23012G21KT 10SM CLR 34/14 A3015 RMK AO2 SLP145 T03440139 $
AMA,2023-07-23 19:53,KAMA 231953Z AUTO 22008G16KT 190V260 10SM CLR 36/14 A3013 RMK AO2 SLP141 T03560139 $
AMA,2023-07-23 20:53,KAMA 232053Z 28009KT 10SM CLR 36/12 A3011 RMK AO2 SLP133 T03610122 58015 $
AMA,2023-07-23 21:53,KAMA 232153Z VRB03KT 10SM CLR 36/10 A3009 RMK AO2 SLP126 T03610100 $
AMA,2023-07-23 22:53,KAMA 232253Z 19008KT 10SM FEW110 37/11 A3008 RMK AO2 SLP121 T03670111 $
AMA,2023-07-23 23:53,KAMA 232353Z 20007KT 10SM CLR 36/10 A3007 RMK AO2 SLP119 T03610100 10372 20333 56013 $
AMA,2023-07-24 00:53,KAMA 240053Z 18013KT 10SM CLR 33/13 A3008 RMK AO2 SLP124 T03330133 $
AMA,2023-07-24 01:53,KAMA 240153Z 18010KT 10SM CLR 31/14 A3009 RMK AO2 SLP126 T03060139 $
AMA,2023-07-24 14:53,KAMA 241453Z 22014G18KT 10SM CLR 29/11 A3019 RMK AO2 SLP161 T02890111 53004
AMA,2023-07-24 15:53,KAMA 241553Z 23018G26KT 10SM CLR 32/12 A3018 RMK AO2 PK WND 24026/1549 SLP154 T03220117
AMA,2023-07-24 16:53,KAMA 241653Z 23017G26KT 10SM CLR 35/12 A3016 RMK AO2 PK WND 24027/1642 SLP147 T03500122
AMA,2023-07-24 21:53,KAMA 242153Z 21015G29KT 10SM CLR 39/09 A3010 RMK AO2 PK WND 22029/2148 SLP127 T03940089
AMA,2023-07-24 22:53,KAMA 242253Z 19023G30KT 10SM CLR 38/12 A3008 RMK AO2 PK WND 18030/2253 SLP123 T03780117
AMA,2023-07-24 23:53,KAMA 242353Z 18023G31KT 10SM CLR 36/11 A3008 RMK AO2 PK WND 19032/2341 SLP123 T03610106 10394 20361 56011
AMA,2023-07-25 00:53,KAMA 250053Z 18022G31KT 10SM CLR 35/10 A3008 RMK AO2 PK WND 17033/0001 SLP123 T03500100
AMA,2023-07-25 01:53,KAMA 250153Z 18019KT 10SM CLR 33/10 A3008 RMK AO2 PK WND 18031/0111 SLP123 T03280100
AMA,2023-07-25 02:53,KAMA 250253Z 18015KT 10SM CLR 31/11 A3010 RMK AO2 SLP126 T03110111 53006
AMA,2023-07-25 03:53,KAMA 250353Z 19012KT 10SM CLR 29/10 A3012 RMK AO2 SLP134 T02940100
AMA,2023-07-25 04:53,KAMA 250453Z 19015G23KT 10SM CLR 28/11 A3013 RMK AO2 SLP135 T02830106
AMA,2023-07-25 05:53,KAMA 250553Z 20016KT 10SM CLR 27/11 A3015 RMK AO2 SLP141 T02720111 10361 20272 403940189 51015
AMA,2023-07-25 06:53,KAMA 250653Z AUTO 19010KT 10SM CLR 25/11 A3014 RMK AO2 SLP138 T02500106
AMA,2023-07-25 07:53,KAMA 250753Z AUTO 19011KT 10SM CLR 24/11 A3013 RMK AO2 SLP135 T02440106
AMA,2023-07-25 08:53,KAMA 250853Z AUTO 20014KT 10SM CLR 24/10 A3013 RMK AO2 SLP133 T02390100 56006
AMA,2023-07-25 09:53,KAMA 250953Z AUTO 21014KT 10SM CLR 24/09 A3013 RMK AO2 SLP135 T02390094
AMA,2023-07-25 10:53,KAMA 251053Z 21012KT 10SM CLR 23/09 A3013 RMK AO2 SLP137 T02330089
AMA,2023-07-25 11:53,KAMA 251153Z 22012KT 10SM CLR 24/08 A3013 RMK AO2 SLP138 T02390083 10272 20228 51002
AMA,2023-07-25 12:53,KAMA 251253Z 21011KT 10SM CLR 23/09 A3014 RMK AO2 SLP144 T02330094
AMA,2023-07-25 13:53,KAMA 251353Z 21013KT 10SM CLR 27/09 A3016 RMK AO2 SLP148 T02720094
AMA,2023-07-25 14:53,KAMA 251453Z 22019G28KT 10SM CLR 31/10 A3016 RMK AO2 PK WND 21028/1446 SLP147 T03110100 51009
AMA,2023-07-25 15:53,KAMA 251553Z 23020KT 10SM CLR 33/11 A3016 RMK AO2 PK WND 23028/1550 SLP145 T03330106
AMA,2023-07-25 16:53,KAMA 251653Z 21021G27KT 10SM CLR 36/10 A3015 RMK AO2 PK WND 23028/1601 SLP142 T03560100
AMA,2023-07-25 17:53,KAMA 251753Z 20024G34KT 10SM CLR 37/09 A3015 RMK AO2 PK WND 21034/1744 SLP139 T03720089 10372 20228 58005
AMA,2023-07-25 18:53,KAMA 251853Z 21020G34KT 10SM CLR 38/08 A3013 RMK AO2 PK WND 20035/1841 SLP135 T03830078
AMA,2023-07-25 19:53,KAMA 251953Z AUTO 20017G33KT 10SM CLR 38/08 A3011 RMK AO2 PK WND 21039/1943 SLP128 T03830078
AMA,2023-07-25 20:53,KAMA 252053Z 20024G33KT 10SM CLR 39/08 A3009 RMK AO2 PK WND 21034/2023 SLP122 T03890078 58016
AMA,2023-07-25 21:53,KAMA 252153Z 20022G33KT 10SM CLR 38/08 A3008 RMK AO2 PK WND 19035/2103 SLP117 T03830083
AMA,2023-07-25 22:53,KAMA 252253Z 19022G31KT 10SM CLR 37/09 A3007 RMK AO2 PK WND 19034/2207 SLP114 T03720094
AMA,2023-07-25 23:53,KAMA 252353Z 19020G32KT 10SM CLR 37/09 A3006 RMK AO2 PK WND 20033/2307 SLP111 T03670089 10389 20367 56012
AMA,2023-07-26 00:53,KAMA 260053Z 18020G28KT 10SM CLR 35/09 A3006 RMK AO2 PK WND 18032/2356 SLP114 T03500094
AMA,2023-07-26 01:53,KAMA 260153Z 18018KT 10SM CLR 33/09 A3007 RMK AO2 PK WND 18028/0054 SLP116 T03280089
AMA,2023-07-26 02:53,KAMA 260253Z 18017KT 10SM CLR 31/09 A3008 RMK AO2 PK WND 18027/0206 SLP117 T03110094 53006
AMA,2023-07-26 03:53,KAMA 260353Z 18020KT 10SM CLR 29/11 A3009 RMK AO2 SLP121 T02940106
AMA,2023-07-26 04:53,KAMA 260453Z 19013KT 10SM CLR 28/11 A3009 RMK AO2 SLP122 T02780106
AMA,2023-07-26 05:53,KAMA 260553Z AUTO 20016KT 10SM CLR 27/11 A3010 RMK AO2 PK WND 20026/0502 SLP122 T02670106 10367 20267 403890228 51006
AMA,2023-07-26 07:53,KAMA 260753Z AUTO 20013KT 10SM CLR 24/11 A3010 RMK AO2 PK WND 20026/0717 SLP123 T02440106
AMA,2023-07-26 08:53,KAMA 260853Z AUTO 20015KT 10SM CLR 24/11 A3009 RMK AO2 SLP120 T02390106 58003
AMA,2023-07-26 09:53,KAMA 260953Z AUTO 20013KT 10SM CLR 23/11 A3008 RMK AO2 SLP118 T02330106
AMA,2023-07-26 10:53,KAMA 261053Z AUTO 21011KT 10SM CLR 23/11 A3010 RMK AO2 SLP126 T02280106
AMA,2023-07-26 11:53,KAMA 261153Z 22012KT 10SM CLR 22/11 A3010 RMK AO2 SLP130 T02170106 10267 20217 53005
AMA,2023-07-26 12:53,KAMA 261253Z 25005KT 10SM CLR 23/11 A3013 RMK AO2 SLP139 T02330106
AMA,2023-07-26 13:53,KAMA 261353Z 20012KT 10SM CLR 27/11 A3014 RMK AO2 SLP142 T02670111
AMA,2023-07-26 14:53,KAMA 261453Z 20013KT 10SM CLR 29/11 A3016 RMK AO2 SLP145 T02940111 51016
AMA,2023-07-26 15:53,KAMA 261553Z 20018G25KT 10SM CLR 32/12 A3014 RMK AO2 PK WND 21026/1537 SLP140 T03170117
AMA,2023-07-26 16:53,KAMA 261653Z 20020G27KT 10SM CLR 33/12 A3013 RMK AO2 PK WND 21028/1614 SLP136 T03280117
AMA,2023-07-26 17:53,KAMA 261753Z 21018G28KT 10SM CLR 35/11 A3011 RMK AO2 PK WND 20028/1732 SLP129 T03500111 10356 20222 58014
AMA,2023-07-26 18:53,KAMA 261853Z 20022G28KT 10SM CLR 37/11 A3009 RMK AO2 PK WND 20028/1852 SLP121 T03670106
AMA,2023-07-26 19:53,KAMA 261953Z 21015G26KT 10SM CLR 38/10 A3007 RMK AO2 PK WND 20028/1921 SLP115 T03780100
AMA,2023-07-26 20:53,KAMA 262053Z 20016G26KT 10SM CLR 38/11 A3006 RMK AO2 PK WND 21031/1954 SLP110 T03780106 56017
AMA,2023-07-26 21:53,KAMA 262153Z 19016G23KT 10SM CLR 38/10 A3004 RMK AO2 PK WND 21028/2139 SLP106 T03780100
AMA,2023-07-26 22:53,KAMA 262253Z 18017G26KT 10SM CLR 37/11 A3003 RMK AO2 PK WND 17026/2250 SLP104 T03670106
AMA,2023-07-26 23:53,KAMA 262353Z 18019KT 10SM CLR 36/09 A3003 RMK AO2 PK WND 18026/2320 SLP106 T03560094 10383 20350 56007
AMA,2023-07-27 00:53,KAMA 270053Z 18017KT 10SM CLR 34/10 A3004 RMK AO2 SLP108 T03440100
AMA,2023-07-27 01:53,KAMA 270153Z 17014KT 10SM CLR 32/09 A3004 RMK AO2 SLP107 T03220094
AMA,2023-07-27 02:53,KAMA 270253Z 17015KT 10SM CLR 31/09 A3005 RMK AO2 SLP110 T03060094 53006
AMA,2023-07-27 03:53,KAMA 270353Z 18014KT 10SM CLR 29/10 A3006 RMK AO2 SLP111 T02890100
AMA,2023-07-27 04:53,KAMA 270453Z 17014KT 10SM CLR 28/11 A3006 RMK AO2 SLP113 T02830106
AMA,2023-07-27 05:53,KAMA 270553Z 17013KT 10SM CLR 27/11 A3008 RMK AO2 SLP116 T02720111 10356 20272 403830217 53007
AMA,2023-07-27 06:53,KAMA 270653Z 19012KT 10SM CLR 26/12 A3008 RMK AO2 SLP116 T02610117
AMA,2023-07-27 07:53,KAMA 270753Z 19012KT 10SM CLR 25/12 A3007 RMK AO2 SLP113 T02500122
AMA,2023-07-27 08:53,KAMA 270853Z 20011KT 10SM CLR 24/12 A3006 RMK AO2 SLP113 T02390122 58003
AMA,2023-07-27 09:53,KAMA 270953Z 20010KT 10SM CLR 24/12 A3006 RMK AO2 SLP112 T02390122
AMA,2023-07-27 10:53,KAMA 271053Z 31004KT 10SM CLR 23/12 A3010 RMK AO2 SLP127 T02280117
AMA,2023-07-27 11:53,KAMA 271153Z 22009KT 10SM CLR 23/12 A3010 RMK AO2 SLP128 T02280122 10272 20222 53010
AMA,2023-07-27 12:53,KAMA 271253Z 22009KT 10SM CLR 24/12 A3010 RMK AO2 SLP128 T02390122
AMA,2023-07-27 13:53,KAMA 271353Z 27014KT 10SM CLR 28/12 A3012 RMK AO2 SLP134 T02830117
AMA,2023-07-27 14:53,KAMA 271453Z 25013KT 10SM CLR 30/11 A3014 RMK AO2 SLP140 T03000111 53013
AMA,2023-07-27 15:53,KAMA 271553Z 24012KT 10SM CLR 32/12 A3014 RMK AO2 SLP141 T03170117
AMA,2023-07-27 16:53,KAMA 271653Z 21013KT 10SM CLR 33/13 A3014 RMK AO2 SLP137 T03330128
AMA,2023-07-27 17:53,KAMA 271753Z 20011G20KT 10SM CLR 34/13 A3013 RMK AO2 SLP134 T03440133 10344 20228 58004
AMA,2023-07-27 18:53,KAMA 271853Z 20013G23KT 10SM CLR 37/12 A3010 RMK AO2 SLP124 T03670122
AMA,2023-07-27 19:53,KAMA 271953Z 20015G26KT 10SM CLR 38/11 A3008 RMK AO2 PK WND 17026/1939 SLP118 T03780106
AMA,2023-07-27 20:53,KAMA 272053Z 19016G28KT 10SM CLR 38/09 A3007 RMK AO2 PK WND 19028/2018 SLP114 T03780094 56018
AMA,2023-07-27 21:53,KAMA 272153Z 19021G28KT 10SM CLR 37/10 A3005 RMK AO2 PK WND 18028/2149 SLP107 T03720100
AMA,2023-07-27 22:53,KAMA 272253Z 18020G29KT 10SM CLR 37/11 A3004 RMK AO2 PK WND 18030/2201 SLP105 T03720106
AMA,2023-07-27 23:53,KAMA 272353Z 17016KT 10SM CLR 36/09 A3003 RMK AO2 PK WND 17028/2338 SLP105 T03560094 10383 20339 56011
AMA,2023-07-28 00:53,KAMA 280053Z 18015KT 10SM CLR 34/10 A3004 RMK AO2 PK WND 18026/0000 SLP110 T03390100
AMA,2023-07-28 01:53,KAMA 280153Z 18014KT 10SM CLR 32/09 A3007 RMK AO2 SLP117 T03170094
AMA,2023-07-28 02:53,KAMA 280253Z 18013KT 10SM CLR 30/11 A3009 RMK AO2 SLP122 T03000106 53017
AMA,2023-07-28 03:53,KAMA 280353Z 18014KT 10SM CLR 29/11 A3010 RMK AO2 SLP127 T02940106
AMA,2023-07-28 04:53,KAMA 280453Z 29009KT 10SM CLR 29/11 A3015 RMK AO2 SLP142 T02890111
AMA,2023-07-28 05:53,KAMA 280553Z AUTO 22005KT 10SM CLR 26/13 A3013 RMK AO2 SLP138 T02560128 10356 20250 403830222 50014
AMA,2023-07-28 06:53,KAMA 280653Z AUTO 18009KT 10SM CLR 26/12 A3011 RMK AO2 SLP129 T02610122
AMA,2023-07-28 07:53,KAMA 280753Z AUTO 18011KT 10SM CLR 26/11 A3011 RMK AO2 SLP126 T02610111
AMA,2023-07-28 08:53,KAMA 280853Z AUTO 20008KT 10SM CLR 25/11 A3011 RMK AO2 SLP126 T02500111 56008
AMA,2023-07-28 09:53,KAMA 280953Z AUTO 21008KT 10SM CLR 23/12 A3010 RMK AO2 SLP126 T02280117
AMA,2023-07-28 10:53,KAMA 281053Z 22005KT 10SM CLR 23/11 A3010 RMK AO2 SLP128 T02280111
AMA,2023-07-28 11:53,KAMA 281153Z 21006KT 10SM CLR 21/12 A3011 RMK AO2 SLP134 T02110117 10272 20211 53002
AMA,2023-07-28 12:53,KAMA 281253Z 22005KT 10SM CLR 23/11 A3013 RMK AO2 SLP141 T02280111
AMA,2023-07-28 13:53,KAMA 281353Z 25007KT 10SM FEW075 SCT110 24/12 A3015 RMK AO2 SLP148 T02440117
AMA,2023-07-28 14:53,KAMA 281453Z 25007KT 10SM CLR 27/11 A3015 RMK AO2 SLP148 T02670106 51013
AMA,2023-07-28 15:53,KAMA 281553Z 26014G20KT 10SM CLR 31/11 A3015 RMK AO2 SLP144 T03060111
AMA,2023-07-28 16:53,KAMA 281653Z 25009KT 10SM CLR 33/12 A3015 RMK AO2 SLP143 T03280117
AMA,2023-07-28 17:53,KAMA 281753Z 24012KT 10SM CLR 34/11 A3014 RMK AO2 SLP142 T03390111 10344 20211 58002
AMA,2023-07-28 18:53,KAMA 281853Z 23010G17KT 10SM CLR 36/11 A3014 RMK AO2 SLP140 T03560111
AMA,2023-07-28 19:53,KAMA 281953Z 23013G17KT 10SM CLR 36/12 A3013 RMK AO2 SLP135 T03610117
AMA,2023-07-28 20:53,KAMA 282053Z 18016G22KT 10SM CLR 37/12 A3011 RMK AO2 SLP128 T03720117 58010
AMA,2023-07-28 21:53,KAMA 282153Z 18014G28KT 10SM CLR 37/11 A3010 RMK AO2 PK WND 20028/2145 SLP126 T03670111
AMA,2023-07-28 22:53,KAMA 282253Z 16015KT 10SM CLR 36/12 A3009 RMK AO2 SLP125 T03610117
AMA,2023-07-28 23:53,KAMA 282353Z 18017G22KT 10SM CLR 36/12 A3008 RMK AO2 SLP124 T03560117 10378 20339 56008
AMA,2023-07-29 00:53,KAMA 290053Z 17016KT 10SM CLR 34/11 A3009 RMK AO2 SLP128 T03390111
AMA,2023-07-29 01:53,KAMA 290153Z 17012KT 10SM CLR 32/11 A3010 RMK AO2 SLP132 T03220111
AMA,2023-07-29 02:53,KAMA 290253Z 17009KT 10SM CLR 30/12 A3013 RMK AO2 SLP142 T03000122 53016
AMA,2023-07-29 03:53,KAMA 290353Z 17012KT 10SM CLR 30/12 A3015 RMK AO2 SLP143 T03000117
AMA,2023-07-29 04:53,KAMA 290453Z 16010KT 10SM CLR 28/12 A3016 RMK AO2 SLP147 T02830122
AMA,2023-07-29 05:53,KAMA 290553Z AUTO 18012KT 10SM CLR 28/12 A3016 RMK AO2 SLP145 T02780122 10356 20261 403780211 50007
AMA,2023-07-29 06:53,KAMA 290653Z AUTO 19012KT 10SM CLR 27/12 A3015 RMK AO2 SLP141 T02670122
AMA,2023-07-29 07:53,KAMA 290753Z AUTO 19014KT 10SM CLR 27/12 A3015 RMK AO2 LTG DSNT E SLP140 T02670122
AMA,2023-07-29 08:53,KAMA 290853Z AUTO 16009KT 10SM CLR 27/12 A3017 RMK AO2 LTG DSNT E AND SE SLP146 T02670122 53003
AMA,2023-07-29 09:53,KAMA 290953Z AUTO 19009KT 10SM CLR 26/12 A3016 RMK AO2 SLP146 T02560122
AMA,2023-07-29 10:53,KAMA 291053Z 21010KT 10SM CLR 24/12 A3017 RMK AO2 SLP149 T02390122
AMA,2023-07-29 11:53,KAMA 291153Z 17010KT 130V190 10SM BKN110 24/12 A3021 RMK AO2 LTG DSNT NE SLP165 T02440122 10278 20233 53013
AMA,2023-07-29 12:53,KAMA 291253Z 17003KT 10SM FEW060 SCT075 SCT100 24/13 A3021 RMK AO2 SLP167 T02390128
AMA,2023-07-29 13:53,KAMA 291353Z 21007KT 10SM CLR 26/13 A3020 RMK AO2 SLP165 T02560128
AMA,2023-07-29 14:53,KAMA 291453Z 22007KT 10SM CLR 27/12 A3021 RMK AO2 SLP169 T02670122 53001
AMA,2023-07-29 15:53,KAMA 291553Z 21009KT 10SM CLR 31/13 A3021 RMK AO2 SLP166 T03110128
AMA,2023-07-29 16:53,KAMA 291653Z 21007KT 10SM CLR 34/13 A3021 RMK AO2 SLP163 T03390128
AMA,2023-07-29 17:53,KAMA 291753Z 18008KT 10SM CLR 35/12 A3020 RMK AO2 SLP158 T03500122 10350 20239 58005
AMA,2023-07-29 18:53,KAMA 291853Z 16007G18KT 130V210 10SM CLR 36/11 A3019 RMK AO2 SLP157 T03560111
AMA,2023-07-29 19:53,KAMA 291953Z 15011G17KT 10SM CLR 37/12 A3018 RMK AO2 SLP151 T03670117
AMA,2023-07-29 20:53,KAMA 292053Z 14016G21KT 10SM CLR 37/11 A3016 RMK AO2 SLP145 T03720111 58010
AMA,2023-07-29 21:53,KAMA 292153Z 15014G17KT 10SM FEW100 37/12 A3015 RMK AO2 SLP142 T03720117
AMA,2023-07-29 22:53,KAMA 292253Z 15012KT 10SM SCT100 36/11 A3014 RMK AO2 SLP140 T03610106
AMA,2023-07-29 23:53,KAMA 292353Z 15008G19KT 10SM FEW100 36/11 A3013 RMK AO2 SLP135 T03610111 10372 20350 56012
AMA,2023-07-30 00:53,KAMA 300053Z 14013KT 10SM CLR 34/11 A3013 RMK AO2 SLP140 T03390111
AMA,2023-07-30 01:53,KAMA 300153Z 13011KT 10SM CLR 31/11 A3014 RMK AO2 SLP145 T03110106
AMA,2023-07-30 02:53,KAMA 300253Z 15007KT 10SM CLR 28/12 A3017 RMK AO2 SLP155 T02830122 53013
AMA,2023-07-30 03:53,KAMA 300353Z 16008KT 10SM CLR 27/12 A3018 RMK AO2 SLP157 T02720122
AMA,2023-07-30 04:53,KAMA 300453Z AUTO 17007KT 10SM CLR 27/12 A3019 RMK AO2 SLP157 T02720117
AMA,2023-07-30 05:53,KAMA 300553Z AUTO 16009KT 10SM CLR 26/12 A3019 RMK AO2 SLP158 T02610117 10361 20256 403720233 51008
AMA,2023-07-30 06:53,KAMA 300653Z AUTO 20005KT 10SM CLR 24/11 A3020 RMK AO2 SLP163 T02390111
AMA,2023-07-30 07:53,KAMA 300753Z AUTO 20007KT 10SM CLR 23/12 A3020 RMK AO2 SLP162 T02330117
AMA,2023-07-30 08:53,KAMA 300853Z AUTO 19010KT 10SM CLR 24/11 A3019 RMK AO2 SLP157 T02440111 58000
AMA,2023-07-30 09:53,KAMA 300953Z AUTO 18009KT 10SM CLR 24/11 A3018 RMK AO2 SLP153 T02390111
AMA,2023-07-30 10:53,KAMA 301053Z 20006KT 10SM CLR 22/11 A3019 RMK AO2 SLP161 T02170111
AMA,2023-07-30 11:53,KAMA 301153Z 19008KT 10SM CLR 22/11 A3020 RMK AO2 SLP165 T02170111 10261 20211 53003
AMA,2023-07-30 12:53,KAMA 301253Z 22005KT 10SM CLR 23/12 A3021 RMK AO2 SLP167 T02280117
AMA,2023-07-30 13:53,KAMA 301353Z 24007KT 10SM CLR 27/11 A3022 RMK AO2 SLP170 T02670111
AMA,2023-07-30 14:53,KAMA 301453Z 22008KT 10SM CLR 29/12 A3022 RMK AO2 SLP173 T02940117 53007
AMA,2023-07-30 15:53,KAMA 301553Z 23006KT 10SM CLR 32/11 A3023 RMK AO2 SLP171 T03220111
AMA,2023-07-30 16:53,KAMA 301653Z 23005KT 10SM CLR 33/11 A3022 RMK AO2 SLP169 T03330106
AMA,2023-07-30 17:53,KAMA 301753Z 15015G20KT 10SM CLR 35/10 A3021 RMK AO2 SLP165 T03500100 10350 20211 58003
AMA,2023-07-30 18:53,KAMA 301853Z 22012G19KT 10SM CLR 36/09 A3020 RMK AO2 SLP161 T03610094
AMA,2023-07-30 19:53,KAMA 301953Z 19012G18KT 10SM CLR 36/09 A3018 RMK AO2 SLP153 T03610089
AMA,2023-07-30 20:53,KAMA 302053Z 19009G18KT 150V220 10SM CLR 36/08 A3016 RMK AO2 SLP146 T03610083 58017
AMA,2023-07-30 21:53,KAMA 302153Z 19009G18KT 10SM CLR 36/09 A3015 RMK AO2 SLP145 T03610089
AMA,2023-07-30 22:53,KAMA 302253Z 18017G23KT 10SM CLR 36/09 A3014 RMK AO2 SLP144 T03560094
AMA,2023-07-30 23:53,KAMA 302353Z 18013KT 10SM CLR 35/10 A3013 RMK AO2 PK WND 18027/2342 SLP141 T03500100 10372 20350 58008
AMA,2023-07-31 00:53,KAMA 310053Z 20013KT 10SM CLR 33/09 A3013 RMK AO2 SLP141 T03330094
AMA,2023-07-31 01:53,KAMA 310153Z 21008KT 10SM CLR 30/09 A3014 RMK AO2 SLP146 T03000094
AMA,2023-07-31 02:53,KAMA 310253Z 20008KT 10SM CLR 28/09 A3015 RMK AO2 SLP147 T02780089 53006
AMA,2023-07-31 03:53,KAMA 310353Z 20009KT 10SM CLR 26/11 A3017 RMK AO2 SLP151 T02610106
AMA,2023-07-31 04:53,KAMA 310453Z AUTO 21007KT 10SM CLR 24/11 A3016 RMK AO2 SLP151 T02390111
AMA,2023-07-31 05:53,KAMA 310553Z AUTO 21008KT 10SM CLR 24/11 A3016 RMK AO2 SLP148 T02390111 10350 20233 403720211 50002
AMA,2023-07-31 06:53,KAMA 310653Z AUTO 21007KT 10SM CLR 22/12 A3015 RMK AO2 SLP146 T02220117
AMA,2023-07-31 07:53,KAMA 310753Z AUTO 19009KT 10SM CLR 24/11 A3015 RMK AO2 SLP142 T02440106
AMA,2023-07-31 08:53,KAMA 310853Z AUTO 20006KT 10SM CLR 21/11 A3015 RMK AO2 SLP145 T02110111 56003
AMA,2023-07-31 09:53,KAMA 310953Z AUTO 19007KT 10SM CLR 22/11 A3015 RMK AO2 SLP146 T02170111
AMA,2023-07-31 10:53,KAMA 311053Z 21007KT 10SM CLR 21/11 A3016 RMK AO2 SLP152 T02110111
AMA,2023-07-31 11:53,KAMA 311153Z 21009KT 10SM CLR 21/11 A3017 RMK AO2 SLP154 T02060111 10250 20194 53006
AMA,2023-07-31 12:53,KAMA 311253Z 21006KT 10SM CLR 22/12 A3018 RMK AO2 SLP158 T02220117
AMA,2023-07-31 13:53,KAMA 311353Z 20010KT 10SM CLR 26/12 A3020 RMK AO2 SLP166 T02560122
AMA,2023-07-31 14:53,KAMA 311453Z 23011KT 10SM CLR 29/13 A3020 RMK AO2 SLP164 T02940128 51010
AMA,2023-07-31 15:53,KAMA 311553Z 23012KT 10SM CLR 32/13 A3019 RMK AO2 SLP161 T03220128
AMA,2023-07-31 16:53,KAMA 311653Z 22011KT 10SM CLR 34/13 A3019 RMK AO2 SLP161 T03390133
AMA,2023-07-31 17:53,KAMA 311753Z 22009G18KT 10SM CLR 34/13 A3018 RMK AO2 SLP155 T03440128 10350 20206 58007
AMA,2023-07-31 18:53,KAMA 311853Z 20008G21KT 10SM CLR 35/12 A3015 RMK AO2 SLP147 T03500122
AMA,2023-07-31 19:53,KAMA 311953Z 21011G22KT 10SM CLR 36/12 A3012 RMK AO2 SLP134 T03610117
AMA,2023-07-31 20:53,KAMA 312053Z 20015G22KT 10SM CLR 36/12 A3011 RMK AO2 PK WND 20026/2008 SLP133 T03610117 56020
AMA,2023-07-31 21:53,KAMA 312153Z 23015G33KT 10SM CLR 37/12 A3009 RMK AO2 PK WND 17033/2149 SLP125 T03720117
AMA,2023-07-31 22:53,KAMA 312253Z 20015G23KT 10SM CLR 36/12 A3007 RMK AO2 SLP120 T03610117
AMA,2023-07-31 23:53,KAMA 312353Z 17015G21KT 10SM CLR 36/12 A3007 RMK AO2 PK WND 16026/2341 SLP121 T03560122 10372 20344 56012
AMA,2023-08-01 00:53,KAMA 010053Z 18018G22KT 10SM CLR 34/12 A3008 RMK AO2 PK WND 18026/0028 SLP125 T03390122
AMA,2023-08-01 01:53,KAMA 010153Z 18011KT 10SM CLR 32/12 A3009 RMK AO2 SLP126 T03170122
AMA,2023-08-01 02:53,KAMA 010253Z 17012KT 10SM CLR 31/12 A3011 RMK AO2 SLP129 T03060122 53010
AMA,2023-08-01 03:53,KAMA 010353Z 17008KT 10SM CLR 29/13 A3012 RMK AO2 SLP133 T02890128
AMA,2023-08-01 04:53,KAMA 010453Z AUTO 16008G17KT 10SM CLR 28/13 A3012 RMK AO2 SLP132 T02830128
AMA,2023-08-01 05:53,KAMA 010553Z AUTO 16011KT 10SM CLR 27/13 A3012 RMK AO2 SLP133 T02670128 10356 20261 403720194 51005
AMA,2023-08-01 06:53,KAMA 010653Z AUTO 15010KT 10SM CLR 26/13 A3013 RMK AO2 SLP135 T02560133
AMA,2023-08-01 07:53,KAMA 010753Z AUTO 17014KT 10SM CLR 27/13 A3013 RMK AO2 SLP134 T02720133
AMA,2023-08-01 08:53,KAMA 010853Z AUTO 15009KT 10SM BKN100 27/13 A3013 RMK AO2 SLP135 T02670133 51004
AMA,2023-08-01 09:53,KAMA 010953Z AUTO 16010KT 10SM FEW110 27/13 A3013 RMK AO2 SLP134 T02670133
AMA,2023-08-01 10:53,KAMA 011053Z 18012KT 10SM CLR 26/13 A3013 RMK AO2 SLP137 T02610128
AMA,2023-08-01 11:53,KAMA 011153Z 19013KT 10SM CLR 25/13 A3014 RMK AO2 SLP138 T02500128 10272 20250 53001
AMA,2023-08-01 12:53,KAMA 011253Z 20012KT 10SM CLR 26/13 A3015 RMK AO2 SLP143 T02560133
AMA,2023-08-01 13:53,KAMA 011353Z 21013KT 10SM CLR 27/14 A3016 RMK AO2 SLP148 T02720144
AMA,2023-08-01 14:53,KAMA 011453Z 21018G25KT 10SM CLR 31/14 A3016 RMK AO2 SLP147 T03060144 51008
AMA,2023-08-01 15:53,KAMA 011553Z 23019G28KT 10SM CLR 33/15 A3016 RMK AO2 PK WND 21028/1522 SLP145 T03280150
AMA,2023-08-01 16:53,KAMA 011653Z 21019G29KT 10SM CLR 35/15 A3016 RMK AO2 PK WND 20030/1629 SLP143 T03500150
AMA,2023-08-01 17:53,KAMA 011753Z 20017G26KT 10SM CLR 36/14 A3015 RMK AO2 PK WND 21028/1656 SLP143 T03560144 10361 20244 58003
AMA,2023-08-01 18:53,KAMA 011853Z 22016G24KT 10SM FEW085 SCT100 36/14 A3014 RMK AO2 PK WND 23029/1843 SLP139 T03610139
AMA,2023-08-01 19:53,KAMA 011953Z AUTO 20016G24KT 10SM FEW090 SCT110 37/14 A3012 RMK AO2 PK WND 22026/1909 SLP128 T03670139
AMA,2023-08-01 20:53,KAMA 012053Z 20014G21KT 10SM FEW090 38/13 A3009 RMK AO2 PK WND 18028/2009 SLP119 T03780133 58019
AMA,2023-08-01 21:53,KAMA 012153Z 17018G25KT 10SM FEW090 37/14 A3007 RMK AO2 PK WND 16027/2126 SLP113 T03720139
AMA,2023-08-01 22:53,KAMA 012253Z 19017G25KT 10SM FEW095 37/13 A3006 RMK AO2 PK WND 19029/2217 SLP110 T03670128
AMA,2023-08-01 23:53,KAMA 012353Z 20013G24KT 10SM CLR 36/13 A3005 RMK AO2 SLP109 T03610128 10383 20350 56012
AMA,2023-08-02 00:53,KAMA 020053Z 19013KT 10SM CLR 34/13 A3006 RMK AO2 SLP112 T03440128
AMA,2023-08-02 01:53,KAMA 020153Z 18014KT 10SM CLR 33/13 A3008 RMK AO2 SLP120 T03280128
AMA,2023-08-02 02:53,KAMA 020253Z 18014KT 10SM CLR 31/12 A3010 RMK AO2 SLP124 T03110122 53014
AMA,2023-08-02 03:53,KAMA 020353Z 17012KT 10SM CLR 31/12 A3012 RMK AO2 SLP130 T03060117
AMA,2023-08-02 04:53,KAMA 020453Z AUTO 19012G20KT 10SM CLR 29/12 A3012 RMK AO2 SLP129 T02940122
AMA,2023-08-02 05:53,KAMA 020553Z AUTO 21007KT 10SM CLR 26/13 A3012 RMK AO2 SLP132 T02560128 10361 20256 403830244 51006
AMA,2023-08-02 06:53,KAMA 020653Z AUTO 20008KT 10SM CLR 25/13 A3011 RMK AO2 SLP131 T02500133
AMA,2023-08-02 07:53,KAMA 020753Z AUTO 22006KT 10SM CLR 22/13 A3010 RMK AO2 SLP130 T02220133
AMA,2023-08-02 08:53,KAMA 020853Z AUTO 20005KT 10SM CLR 23/13 A3010 RMK AO2 SLP126 T02280133 58005
AMA,2023-08-02 09:53,KAMA 020953Z AUTO 19004KT 10SM CLR 22/14 A3010 RMK AO2 SLP128 T02170139
AMA,2023-08-02 10:53,KAMA 021053Z 20007KT 10SM CLR 21/14 A3011 RMK AO2 SLP132 T02110139
AMA,2023-08-02 11:53,KAMA 021153Z 20007KT 10SM CLR 21/14 A3011 RMK AO2 SLP133 T02060144 10256 20200 53003
AMA,2023-08-02 12:53,KAMA 021253Z 20009KT 10SM CLR 22/14 A3012 RMK AO2 SLP137 T02220139
AMA,2023-08-02 13:53,KAMA 021353Z 21014KT 10SM CLR 26/14 A3013 RMK AO2 SLP140 T02610139
AMA,2023-08-02 14:53,KAMA 021453Z 24017G28KT 10SM CLR 30/13 A3013 RMK AO2 PK WND 22028/1447 SLP138 T03000133 51008
AMA,2023-08-02 15:53,KAMA 021553Z 23020G30KT 10SM CLR 32/13 A3013 RMK AO2 PK WND 22030/1550 SLP133 T03220133
AMA,2023-08-02 16:53,KAMA 021653Z 23019G27KT 10SM CLR 34/14 A3013 RMK AO2 PK WND 24028/1618 SLP133 T03390139
AMA,2023-08-02 17:53,KAMA 021753Z 21018G25KT 10SM CLR 36/14 A3011 RMK AO2 PK WND 21027/1709 SLP128 T03560139 10356 20206 58008
AMA,2023-08-02 18:53,KAMA 021853Z 22016G30KT 10SM CLR 37/13 A3009 RMK AO2 PK WND 20030/1844 SLP121 T03670133
AMA,2023-08-02 19:53,KAMA 021953Z AUTO 23016G26KT 10SM FEW090 38/13 A3007 RMK AO2 PK WND 20027/1859 SLP117 T03780128
AMA,2023-08-02 20:53,KAMA 022053Z 21014G24KT 10SM CLR 37/12 A3005 RMK AO2 PK WND 22027/2038 SLP111 T03720122 56016
AMA,2023-08-02 21:53,KAMA 022153Z 18012KT 10SM FEW100 36/12 A3004 RMK AO2 PK WND 21027/2131 SLP108 T03560117
AMA,2023-08-02 22:53,KAMA 022253Z 21019G26KT 10SM CLR 37/12 A3003 RMK AO2 PK WND 21026/2252 SLP105 T03670122
AMA,2023-08-02 23:53,KAMA 022353Z 18016G24KT 10SM CLR 36/12 A3001 RMK AO2 SLP099 T03560117 10378 20350 58014
AMA,2023-08-03 00:53,KAMA 030053Z 18015KT 10SM CLR 34/11 A3001 RMK AO2 PK WND 19027/0010 SLP101 T03440111
AMA,2023-08-03 01:53,KAMA 030153Z 18012KT 10SM CLR 32/11 A3002 RMK AO2 SLP101 T03220111
AMA,2023-08-03 02:53,KAMA 030253Z 17012KT 10SM CLR 31/11 A3004 RMK AO2 SLP104 T03060111 53009
AMA,2023-08-03 03:53,KAMA 030353Z 18012KT 10SM CLR 30/11 A3006 RMK AO2 SLP110 T03000111
AMA,2023-08-03 04:53,KAMA 030453Z 19010KT 10SM CLR 29/11 A3005 RMK AO2 SLP106 T02890111
AMA,2023-08-03 05:53,KAMA 030553Z AUTO 19012KT 10SM CLR 28/11 A3005 RMK AO2 SLP106 T02780111 10361 20278 403780200 51003
AMA,2023-08-03 06:53,KAMA 030653Z AUTO 20007KT 10SM FEW110 26/12 A3004 RMK AO2 SLP105 T02610122
AMA,2023-08-03 07:53,KAMA 030753Z AUTO 19008KT 10SM BKN110 26/12 A3004 RMK AO2 SLP105 T02560122
AMA,2023-08-03 08:53,KAMA 030853Z AUTO 20009KT 10SM SCT110 26/12 A3005 RMK AO2 SLP105 T02560117 55000
AMA,2023-08-03 09:53,KAMA 030953Z AUTO 22010KT 10SM FEW065 FEW080 OVC110 26/11 A3005 RMK AO2 SLP108 T02560111
AMA,2023-08-03 10:53,KAMA 031053Z AUTO 22011KT 10SM FEW065 25/11 A3005 RMK AO2 RAB0956E31 SLP106 P0000 T02500106
AMA,2023-08-03 11:53,KAMA 031153Z 21011KT 10SM SCT110 25/11 A3005 RMK AO2 SLP109 60000 T02500106 10278 20228 53002
AMA,2023-08-03 12:53,KAMA 031253Z 22015G27KT 10SM -RA FEW050 OVC110 25/13 A3008 RMK AO2 PK WND 22027/1245 RAB53 SLP119 P0000 T02500128
AMA,2023-08-03 13:53,KAMA 031353Z 27010G17KT 10SM TS FEW065 OVC095 26/13 A3011 RMK AO2 PK WND 26035/1324 RAE38 TSB1259 SLP132 P0014 T02560128
AMA,2023-08-03 14:53,KAMA 031453Z 21012KT 10SM CLR 28/16 A3008 RMK AO2 TSE09 SLP123 60014 T02780156 50010
AMA,2023-08-03 15:53,KAMA 031553Z 23017KT 10SM CLR 31/13 A3007 RMK AO2 PK WND 22026/1457 SLP116 T03110133
AMA,2023-08-03 16:53,KAMA 031653Z 21015G22KT 10SM CLR 34/13 A3007 RMK AO2 SLP114 T03390133
AMA,2023-08-03 17:53,KAMA 031753Z 22017G26KT 10SM CLR 36/13 A3006 RMK AO2 PK WND 22026/1753 SLP109 60014 T03610128 10361 20211 56007
AMA,2023-08-03 18:53,KAMA 031853Z 20014G23KT 10SM CLR 37/12 A3004 RMK AO2 SLP105 T03670117
AMA,2023-08-03 19:53,KAMA 031953Z 22013G24KT 10SM FEW120 37/12 A3003 RMK AO2 SLP101 T03720117
AMA,2023-08-03 20:53,KAMA 032053Z 21013G18KT 10SM CLR 37/12 A3001 RMK AO2 SLP094 T03720117 58015
AMA,2023-08-03 21:53,KAMA 032153Z 19012G18KT 10SM CLR 38/12 A2999 RMK AO2 SLP088 T03780122
AMA,2023-08-03 22:53,KAMA 032253Z 18016G22KT 10SM CLR 37/12 A2997 RMK AO2 PK WND 21029/2204 LTG DSNT N SLP081 T03720117
AMA,2023-08-03 23:53,KAMA 032353Z 19012KT 10SM FEW110 35/12 A2997 RMK AO2 LTG DSNT W-N SLP083 T03500117 10383 20350 56012
AMA,2023-08-04 00:53,KAMA 040053Z 17013KT 10SM CLR 34/12 A2997 RMK AO2 LTG DSNT NW SLP080 T03440117
AMA,2023-08-04 01:53,KAMA 040153Z 18011KT 10SM CLR 32/12 A2998 RMK AO2 SLP088 T03220122
AMA,2023-08-04 02:53,KAMA 040253Z 19011KT 10SM CLR 30/13 A2999 RMK AO2 SLP093 T03000128 53007
AMA,2023-08-04 03:53,KAMA 040353Z 19009KT 10SM CLR 29/12 A3000 RMK AO2 LTG DSNT NW SLP093 T02890117
AMA,2023-08-04 04:53,KAMA 040453Z AUTO 19009KT 10SM CLR 28/11 A3000 RMK AO2 SLP091 T02780111
AMA,2023-08-04 05:53,KAMA 040553Z AUTO 19011KT 10SM CLR 28/11 A3000 RMK AO2 SLP090 T02830106 10350 20278 403830211 51003
AMA,2023-08-04 06:53,KAMA 040653Z AUTO 18009KT 10SM CLR 27/12 A2999 RMK AO2 SLP087 T02720117
AMA,2023-08-04 07:53,KAMA 040753Z AUTO 20007KT 10SM CLR 27/12 A2998 RMK AO2 SLP083 T02670117
AMA,2023-08-04 08:53,KAMA 040853Z AUTO 19007KT 10SM CLR 27/12 A2998 RMK AO2 SLP082 T02720117 56007
AMA,2023-08-04 09:53,KAMA 040953Z AUTO 18006KT 10SM CLR 27/12 A2998 RMK AO2 SLP083 T02670122
AMA,2023-08-04 10:53,KAMA 041053Z 02010KT 10SM TS OVC110 26/13 A3001 RMK AO2 LTG DSNT E TSB42 SLP093 T02610133
AMA,2023-08-04 11:53,KAMA 041153Z 00000KT 10SM -RA BKN110 24/15 A3003 RMK AO2 LTG DSNT E AND SE RAB10E19B45 TSE00B07E22B32E47 SLP102 P0000 60000 70014 T02440150 10278 20244 53014
AMA,2023-08-04 12:53,KAMA 041253Z 03004KT 10SM CLR 22/17 A3002 RMK AO2 RAE03 SLP102 P0000 T02170172
AMA,2023-08-04 13:53,KAMA 041353Z 12005KT 10SM CLR 24/17 A3004 RMK AO2 SLP109 T02440167
AMA,2023-08-04 14:53,KAMA 041453Z 36007KT 10SM CLR 27/17 A3006 RMK AO2 SLP114 60000 T02720172 53009
AMA,2023-08-04 15:53,KAMA 041553Z VRB05KT 10SM CLR 29/16 A3005 RMK AO2 SLP113 T02940161
AMA,2023-08-04 16:53,KAMA 041653Z 00000KT 10SM CLR 31/16 A3006 RMK AO2 SLP115 T03110161
AMA,2023-08-04 17:53,KAMA 041753Z 00000KT 10SM CLR 33/14 A3005 RMK AO2 SLP107 60000 T03280144 10333 20217 58003
AMA,2023-08-04 18:53,KAMA 041853Z 19007KT 10SM CLR 35/13 A3003 RMK AO2 SLP099 T03500133
AMA,2023-08-04 19:53,KAMA 041953Z 28011G15KT 10SM CLR 37/13 A3001 RMK AO2 SLP094 T03670128
AMA,2023-08-04 20:53,KAMA 042053Z 35007KT 10SM CLR 39/12 A2999 RMK AO2 SLP085 T03890117 56016
AMA,2023-08-04 21:53,KAMA 042153Z 26005KT 10SM CLR 38/11 A2998 RMK AO2 LTG DSNT E SLP082 T03780106
AMA,2023-08-04 22:53,KAMA 042253Z VRB04KT 10SM CLR 39/09 A2997 RMK AO2 SLP079 T03890094
AMA,2023-08-04 23:53,KAMA 042353Z 30003KT 10SM CLR 38/08 A2996 RMK AO2 SLP076 T03780078 10394 20328 58010
AMA,2023-08-05 00:53,KAMA 050053Z 20003KT 10SM CLR 36/07 A2996 RMK AO2 SLP081 T03610072
AMA,2023-08-05 01:53,KAMA 050153Z 16009KT 10SM CLR 33/13 A2997 RMK AO2 SLP084 T03280128
AMA,2023-08-05 02:53,KAMA 050253Z 14010KT 10SM CLR 29/14 A2998 RMK AO2 SLP089 T02940139 53007
AMA,2023-08-05 03:53,KAMA 050353Z 14009KT 10SM CLR 27/14 A2999 RMK AO2 SLP094 T02720144
AMA,2023-08-05 04:53,KAMA 050453Z AUTO 17010KT 10SM CLR 27/14 A3000 RMK AO2 SLP093 T02670144
AMA,2023-08-05 05:53,KAMA 050553Z AUTO 18009KT 10SM CLR 27/14 A3000 RMK AO2 SLP091 T02670144 10383 20267 403940217 51004
AMA,2023-08-05 06:53,KAMA 050653Z AUTO 19010KT 10SM CLR 27/13 A2998 RMK AO2 SLP085 T02670133
AMA,2023-08-05 07:53,KAMA 050753Z AUTO 18010KT 10SM CLR 26/13 A2998 RMK AO2 SLP082 T02610128
AMA,2023-08-05 08:53,KAMA 050853Z AUTO 19009KT 10SM CLR 26/13 A2997 RMK AO2 SLP077 T02610128 56008
AMA,2023-08-05 09:53,KAMA 050953Z AUTO 20010KT 10SM CLR 25/13 A2997 RMK AO2 SLP079 T02500128
AMA,2023-08-05 10:53,KAMA 051053Z 18003KT 10SM CLR 24/12 A3000 RMK AO2 SLP088 T02440122
AMA,2023-08-05 11:53,KAMA 051153Z VRB04KT 10SM FEW055 FEW085 24/14 A3004 RMK AO2 RAB37E53 SLP106 P0000 60000 T02390144 10278 20239 53023
AMA,2023-08-05 12:53,KAMA 051253Z 21005KT 10SM CLR 26/13 A3005 RMK AO2 LTG DSNT E AND SE SLP107 T02560133
AMA,2023-08-05 13:53,KAMA 051353Z 23009KT 10SM CLR 29/13 A3005 RMK AO2 LTG DSNT N AND NE SLP109 T02890133
AMA,2023-08-05 14:53,KAMA 051453Z 23011KT 10SM CLR 29/13 A3006 RMK AO2 LTG DSNT NE AND SW SLP116 T02890133 53006
AMA,2023-08-05 15:53,KAMA 051553Z 05008KT 10SM CLR 31/14 A3008 RMK AO2 SLP122 T03060139
AMA,2023-08-05 16:53,KAMA 051653Z 10008KT 10SM CLR 33/14 A3007 RMK AO2 SLP118 T03280139
AMA,2023-08-05 17:53,KAMA 051753Z 12013G18KT 10SM SCT120 35/16 A3006 RMK AO2 LTG DSNT S SLP112 T03500156 10350 20233 58000
AMA,2023-08-05 18:53,KAMA 051853Z 14020G33KT 10SM CLR 36/17 A3004 RMK AO2 PK WND 14033/1847 LTG DSNT SE AND S SLP106 T03560167
AMA,2023-08-05 19:53,KAMA 051953Z 15022G33KT 10SM CLR 36/15 A3001 RMK AO2 PK WND 15033/1948 LTG DSNT S-NW SLP095 T03560150
AMA,2023-08-05 20:53,KAMA 052053Z 14014G21KT 10SM -TSRA FEW075 BKN110 29/18 A3004 RMK AO2 PK WND 14033/2004 LTG DSNT ALQDS RAB44 TSB25 SLP111 P0000 60000 T02940178 55007
AMA,2023-08-05 21:53,KAMA 052153Z 15024G35KT 10SM TS FEW060 FEW080 27/19 A3000 RMK AO2 PK WND 15035/2151 WSHFT 2105 LTG DSNT SE AND S RAE37 SLP099 P0018 T02670194
AMA,2023-08-05 22:53,KAMA 052253Z 16015G23KT 10SM CLR 31/18 A2999 RMK AO2 PK WND 15037/2156 TSE2157 SLP095 T03060183
AMA,2023-08-05 23:53,KAMA 052353Z 16015G23KT 10SM CLR 32/18 A2997 RMK AO2 PK WND 16026/2331 SLP088 60018 T03170178 10356 20239 56020
AMA,2023-08-06 00:53,KAMA 060053Z 16011KT 10SM CLR 32/17 A2996 RMK AO2 SLP081 T03170172
AMA,2023-08-06 01:53,KAMA 060153Z 17010KT 10SM CLR 31/13 A2996 RMK AO2 SLP078 T03060133
AMA,2023-08-06 02:53,KAMA 060253Z 15011KT 10SM CLR 27/14 A2995 RMK AO2 SLP080 T02720144 56006
AMA,2023-08-06 03:53,KAMA 060353Z 16010KT 10SM CLR 27/14 A2997 RMK AO2 LTG DSNT N AND NE SLP084 T02720144
AMA,2023-08-06 04:53,KAMA 060453Z AUTO 15010KT 10SM CLR 28/13 A2998 RMK AO2 LTG DSNT NE AND E SLP083 T02830128
AMA,2023-08-06 05:53,KAMA 060553Z AUTO 11009KT 10SM CLR 28/13 A3001 RMK AO2 SLP092 T02780133 10322 20261 403560233 53016
AMA,2023-08-06 06:53,KAMA 060653Z AUTO 10010KT 10SM CLR 27/13 A3002 RMK AO2 SLP098 T02670128
AMA,2023-08-06 07:53,KAMA 060753Z AUTO 14011KT 10SM CLR 25/14 A3001 RMK AO2 SLP095 T02500139
AMA,2023-08-06 08:53,KAMA 060853Z AUTO 14008KT 10SM CLR 22/16 A3002 RMK AO2 SLP106 T02220156 51003
AMA,2023-08-06 09:53,KAMA 060953Z AUTO 10009KT 10SM CLR 22/19 A3004 RMK AO2 SLP120 T02170189
AMA,2023-08-06 10:53,KAMA 061053Z 10009KT 10SM CLR 21/19 A3007 RMK AO2 SLP124 T02110189
AMA,2023-08-06 11:53,KAMA 061153Z 11016KT 10SM CLR 19/18 A3007 RMK AO2 SLP127 70018 T01940183 10278 20194 51017
AMA,2023-08-06 12:53,KAMA 061253Z 03010KT 10SM CLR 20/18 A3012 RMK AO2 SLP142 T02000178
AMA,2023-08-06 13:53,KAMA 061353Z 05017G21KT 10SM BKN011 21/18 A3016 RMK AO2 SLP156 T02060178
AMA,2023-08-06 14:53,KAMA 061453Z 05016KT 10SM OVC012 21/18 A3017 RMK AO2 SLP164 T02110178 51030
AMA,2023-08-06 15:53,KAMA 061553Z 05014KT 10SM OVC020 23/18 A3017 RMK AO2 SLP162 T02330178
AMA,2023-08-06 16:53,KAMA 061653Z 05013KT 10SM BKN024 OVC030 24/18 A3016 RMK AO2 SLP156 T02440178
AMA,2023-08-06 17:53,KAMA 061753Z 07012G21KT 10SM BKN030 27/18 A3016 RMK AO2 SLP153 T02670183 10272 20194 58004
AMA,2023-08-06 18:53,KAMA 061853Z 05011G19KT 10SM BKN035 28/18 A3015 RMK AO2 SLP148 T02830178
AMA,2023-08-06 19:53,KAMA 061953Z AUTO 06009KT 10SM BKN039 BKN050 29/18 A3013 RMK AO2 SLP144 T02940178
AMA,2023-08-06 20:53,KAMA 062053Z 06011G17KT 10SM CLR 31/18 A3012 RMK AO2 SLP142 T03060178 56010
AMA,2023-08-06 21:53,KAMA 062153Z 03008G17KT 10SM CLR 31/18 A3011 RMK AO2 SLP139 T03060178
AMA,2023-08-06 22:53,KAMA 062253Z 03010G14KT 10SM CLR 29/18 A3009 RMK AO2 SLP133 T02940178
AMA,2023-08-06 23:53,KAMA 062353Z 07013KT 10SM CLR 29/18 A3007 RMK AO2 SLP129 T02890178 10311 20267 58016
AMA,2023-08-07 00:53,KAMA 070053Z 06012KT 10SM CLR 27/18 A3006 RMK AO2 SLP127 T02720178
AMA,2023-08-07 01:53,KAMA 070153Z 07013KT 10SM CLR 26/17 A3007 RMK AO2 SLP130 T02560172
AMA,2023-08-07 02:53,KAMA 070253Z 06011KT 10SM CLR 24/18 A3008 RMK AO2 SLP137 T02390178 53004
AMA,2023-08-07 03:53,KAMA 070353Z 07009KT 10SM CLR 23/17 A3010 RMK AO2 SLP141 T02280172
AMA,2023-08-07 04:53,KAMA 070453Z 05010KT 10SM CLR 22/17 A3013 RMK AO2 SLP152 T02220167
AMA,2023-08-07 05:53,KAMA 070553Z AUTO 07011KT 10SM CLR 22/16 A3013 RMK AO2 SLP151 T02170161 10289 20217 403110194 51015
AMA,2023-08-07 06:53,KAMA 070653Z AUTO 06009KT 10SM CLR 21/16 A3015 RMK AO2 SLP154 T02110156
AMA,2023-08-07 07:53,KAMA 070753Z AUTO 07009KT 10SM FEW042 21/16 A3014 RMK AO2 SLP152 T02060156
AMA,2023-08-07 08:53,KAMA 070853Z AUTO 07006KT 10SM CLR 19/15 A3014 RMK AO2 SLP153 T01940150 51004
AMA,2023-08-07 09:53,KAMA 070953Z AUTO 07008KT 10SM CLR 19/15 A3015 RMK AO2 SLP153 T01940150
AMA,2023-08-07 10:53,KAMA 071053Z 08007KT 10SM SCT040 19/15 A3016 RMK AO2 SLP159 T01890150
AMA,2023-08-07 11:53,KAMA 071153Z 07012KT 10SM BKN048 BKN055 19/15 A3018 RMK AO2 SLP166 T01940150 10217 20189 53010
AMA,2023-08-07 12:53,KAMA 071253Z 09013KT 10SM CLR 19/14 A3017 RMK AO2 SLP166 T01940139
AMA,2023-08-07 13:53,KAMA 071353Z 10010KT 10SM CLR 22/13 A3018 RMK AO2 SLP168 T02170128
AMA,2023-08-07 14:53,KAMA 071453Z 16012KT 10SM CLR 24/13 A3018 RMK AO2 SLP169 T02390133 53001
AMA,2023-08-07 15:53,KAMA 071553Z 16012KT 10SM CLR 26/14 A3020 RMK AO2 SLP173 T02560139
AMA,2023-08-07 16:53,KAMA 071653Z 16011G19KT 10SM CLR 27/14 A3020 RMK AO2 SLP173 T02720139
AMA,2023-08-07 17:53,KAMA 071753Z 17011G18KT 10SM CLR 28/14 A3017 RMK AO2 SLP163 T02830144 10283 20189 58002
AMA,2023-08-07 18:53,KAMA 071853Z 18012G22KT 10SM CLR 29/15 A3014 RMK AO2 SLP150 T02940150
AMA,2023-08-07 19:53,KAMA 071953Z 15009G14KT 10SM CLR 30/15 A3013 RMK AO2 SLP147 T03000150
AMA,2023-08-07 20:53,KAMA 072053Z 22007KT 10SM CLR 29/14 A3012 RMK AO2 SLP147 T02940144 56016
AMA,2023-08-07 21:53,KAMA 072153Z 18013G19KT 10SM CLR 31/14 A3008 RMK AO2 SLP130 T03110144
AMA,2023-08-07 22:53,KAMA 072253Z 18013KT 10SM CLR 31/14 A3006 RMK AO2 SLP123 T03060144
AMA,2023-08-07 23:53,KAMA 072353Z 18015KT 10SM SCT110 30/14 A3002 RMK AO2 SLP110 T03000144 10322 20283 56030
AMA,2023-08-08 00:53,KAMA 080053Z 17016KT 10SM CLR 29/15 A3001 RMK AO2 PK WND 18033/0010 RAB2355E07 SLP110 P0000 T02940150
AMA,2023-08-08 01:53,KAMA 080153Z 18016KT 10SM CLR 29/15 A3004 RMK AO2 SLP115 T02940150
AMA,2023-08-08 02:53,KAMA 080253Z 15011KT 10SM CLR 28/16 A3001 RMK AO2 SLP104 60000 T02780156 58003
AMA,2023-08-08 03:53,KAMA 080353Z 19007KT 10SM CLR 26/16 A3003 RMK AO2 SLP109 T02610156
AMA,2023-08-08 04:53,KAMA 080453Z AUTO 16006KT 10SM CLR 24/16 A3003 RMK AO2 SLP109 T02440156
AMA,2023-08-08 05:53,KAMA 080553Z AUTO 18012KT 10SM CLR 25/14 A3004 RMK AO2 SLP115 60000 T02500144 10306 20239 403220189 53010
AMA,2023-08-08 06:53,KAMA 080653Z AUTO 18010KT 10SM CLR 24/16 A3003 RMK AO2 SLP109 T02440161
AMA,2023-08-08 07:53,KAMA 080753Z AUTO 20012KT 10SM CLR 24/17 A3002 RMK AO2 SLP104 T02390167
AMA,2023-08-08 08:53,KAMA 080853Z AUTO 21012KT 10SM CLR 24/16 A3003 RMK AO2 SLP110 T02390156 55005
AMA,2023-08-08 09:53,KAMA 080953Z AUTO 17006KT 10SM CLR 23/14 A3004 RMK AO2 SLP112 T02280139
AMA,2023-08-08 10:53,KAMA 081053Z 16012KT 10SM CLR 23/15 A3002 RMK AO2 SLP108 T02280150
AMA,2023-08-08 11:53,KAMA 081153Z 21011KT 10SM CLR 22/15 A3004 RMK AO2 SLP114 T02220150 10250 20206 53003
AMA,2023-08-08 12:53,KAMA 081253Z 22008KT 10SM CLR 23/15 A3005 RMK AO2 SLP116 T02330150
AMA,2023-08-08 13:53,KAMA 081353Z 22011KT 10SM CLR 25/15 A3005 RMK AO2 SLP115 T02500150
AMA,2023-08-08 14:53,KAMA 081453Z 28014G20KT 10SM CLR 27/12 A3005 RMK AO2 SLP116 T02670122 51005
AMA,2023-08-08 15:53,KAMA 081553Z 31009KT 10SM CLR 26/15 A3007 RMK AO2 SLP123 T02560150
AMA,2023-08-08 16:53,KAMA 081653Z 31005KT 10SM CLR 26/15 A3007 RMK AO2 SLP125 T02610150
AMA,2023-08-08 17:53,KAMA 081753Z 20006KT 10SM CLR 29/14 A3004 RMK AO2 SLP113 T02890144 10289 20222 58003
AMA,2023-08-08 18:53,KAMA 081853Z VRB05KT 10SM CLR 31/14 A3002 RMK AO2 SLP104 T03060144
AMA,2023-08-08 19:53,KAMA 081953Z 10SM CLR 33/13 A2999 RMK AO2 SLP092 T03330133
AMA,2023-08-08 20:53,KAMA 082053Z 22007KT 10SM CLR 34/12 A2996 RMK AO2 SLP081 T03440122 58024
AMA,2023-08-08 21:53,KAMA 082153Z 25008KT 10SM CLR 35/11 A2993 RMK AO2 SLP073 T03500111
AMA,2023-08-08 22:53,KAMA 082253Z 22011KT 10SM CLR 36/09 A2992 RMK AO2 SLP066 T03560094
AMA,2023-08-08 23:53,KAMA 082353Z 19007KT 10SM CLR 34/08 A2989 RMK AO2 SLP058 T03440083 10361 20289 57022
AMA,2023-08-09 00:53,KAMA 090053Z 16007KT 10SM CLR 33/09 A2989 RMK AO2 LTG DSNT S AND SW SLP060 T03330089
AMA,2023-08-09 01:53,KAMA 090153Z 22013KT 10SM VCTS FEW100 30/09 A2995 RMK AO2 PK WND 23028/0112 WSHFT 0110 LTG DSNT E-SW SLP081 T03000094
AMA,2023-08-09 02:53,KAMA 090253Z 20013G22KT 10SM FEW055 FEW100 SCT120 28/11 A2995 RMK AO2 LTG DSNT E-SW SLP078 T02830106 50017
AMA,2023-08-09 03:53,KAMA 090353Z 17011KT 10SM CLR 26/13 A2991 RMK AO2 SLP070 T02610133
AMA,2023-08-09 04:53,KAMA 090453Z AUTO 18009KT 10SM CLR 23/15 A2993 RMK AO2 SLP079 T02330150
AMA,2023-08-09 05:53,KAMA 090553Z AUTO 20010KT 10SM CLR 22/16 A2992 RMK AO2 SLP075 T02220161 10350 20222 403610206 56008
AMA,2023-08-09 06:53,KAMA 090653Z AUTO 22008KT 10SM CLR 20/16 A2991 RMK AO2 SLP071 T02000156
AMA,2023-08-09 07:53,KAMA 090753Z AUTO 21009KT 10SM CLR 22/14 A2987 RMK AO2 SLP052 T02220139
AMA,2023-08-09 08:53,KAMA 090853Z AUTO 20004KT 10SM CLR 21/14 A2987 RMK AO2 SLP052 T02110139 56016
AMA,2023-08-09 09:53,KAMA 090953Z AUTO 22007KT 10SM CLR 22/13 A2985 RMK AO2 SLP043 T02170128
AMA,2023-08-09 10:53,KAMA 091053Z 26010KT 10SM CLR 23/12 A2984 RMK AO2 SLP040 T02280117
AMA,2023-08-09 11:53,KAMA 091153Z 27012G21KT 10SM CLR 24/11 A2985 RMK AO2 SLP041 T02390106 10244 20200 55007
AMA,2023-08-09 12:53,KAMA 091253Z 30014KT 10SM CLR 24/11 A2987 RMK AO2 SLP051 T02440106
AMA,2023-08-09 13:53,KAMA 091353Z 31019G28KT 10SM CLR 24/14 A2990 RMK AO2 PK WND 31031/1318 SLP062 T02390144
AMA,2023-08-09 14:53,KAMA 091453Z 33021G32KT 10SM CLR 24/16 A2991 RMK AO2 PK WND 32033/1442 SLP070 T02440156 51021
AMA,2023-08-09 15:53,KAMA 091553Z 35017G30KT 10SM CLR 25/16 A2993 RMK AO2 PK WND 33033/1507 SLP078 T02500156
AMA,2023-08-09 16:53,KAMA 091653Z 34017G24KT 10SM CLR 27/17 A2994 RMK AO2 PK WND 35027/1601 SLP081 T02670167
AMA,2023-08-09 17:53,KAMA 091753Z 35013G22KT 10SM CLR 28/16 A2993 RMK AO2 SLP078 T02830161 10283 20233 50005
AMA,2023-08-09 18:53,KAMA 091853Z 33012KT 10SM CLR 31/16 A2994 RMK AO2 SLP083 T03060156
AMA,2023-08-09 19:53,KAMA 091953Z 35010KT 10SM CLR 32/16 A2994 RMK AO2 SLP077 T03220161
AMA,2023-08-09 20:53,KAMA 092053Z 01009G20KT 10SM CLR 33/15 A2993 RMK AO2 SLP075 T03280150 50001
AMA,2023-08-09 21:53,KAMA 092153Z 03006G17KT 10SM CLR 33/13 A2993 RMK AO2 SLP073 T03330133
AMA,2023-08-09 22:53,KAMA 092253Z 06009G17KT 10SM CLR 33/13 A2992 RMK AO2 SLP071 T03280128
AMA,2023-08-09 23:53,KAMA 092353Z 05010KT 10SM CLR 32/12 A2993 RMK AO2 SLP071 T03220117 10333 20283 55001
AMA,2023-08-10 00:53,KAMA 100053Z 07012KT 10SM CLR 30/12 A2993 RMK AO2 SLP074 T03000122
AMA,2023-08-10 01:53,KAMA 100153Z 08009KT 10SM CLR 27/12 A2994 RMK AO2 SLP082 T02720122
AMA,2023-08-10 02:53,KAMA 100253Z 08010KT 10SM CLR 26/14 A2996 RMK AO2 SLP089 T02560139 53009
AMA,2023-08-10 03:53,KAMA 100353Z 09010KT 10SM CLR 24/14 A2996 RMK AO2 SLP090 T02390144
AMA,2023-08-10 04:53,KAMA 100453Z AUTO 10007KT 10SM CLR 22/14 A2996 RMK AO2 SLP091 T02170144
AMA,2023-08-10 05:53,KAMA 100553Z AUTO 10010KT 10SM CLR 22/14 A2997 RMK AO2 SLP094 T02170144 10322 20217 403330200 53004
AMA,2023-08-10 06:53,KAMA 100653Z AUTO 12007KT 10SM CLR 21/15 A2998 RMK AO2 SLP094 T02060150
AMA,2023-08-10 07:53,KAMA 100753Z AUTO 10004KT 10SM CLR 19/16 A2997 RMK AO2 SLP091 T01940156 $
AMA,2023-08-10 08:53,KAMA 100853Z AUTO 13007KT 10SM CLR 19/16 A2997 RMK AO2 SLP090 T01890156 58001 $
AMA,2023-08-10 09:53,KAMA 100953Z AUTO 16008KT 10SM CLR 19/16 A2998 RMK AO2 SLP093 T01890161 $
AMA,2023-08-10 10:53,KAMA 101053Z 20007KT 10SM CLR 18/16 A2999 RMK AO2 SLP098 T01830161 $
AMA,2023-08-10 11:53,KAMA 101153Z 21009KT 10SM CLR 18/16 A3001 RMK AO2 SLP106 T01780161 10217 20172 53012 $
AMA,2023-08-10 12:53,KAMA 101253Z 21006KT 10SM CLR 20/17 A3001 RMK AO2 SLP108 T02000167 $
AMA,2023-08-10 13:53,KAMA 101353Z 17003KT 10SM CLR 23/18 A3001 RMK AO2 SLP105 T02280183
AMA,2023-08-10 14:53,KAMA 101453Z 00000KT 10SM CLR 24/18 A3001 RMK AO2 SLP105 T02390178 58000
AMA,2023-08-10 15:53,KAMA 101553Z 16006KT 10SM CLR 27/16 A3001 RMK AO2 SLP106 T02720156
AMA,2023-08-10 16:53,KAMA 101653Z 16010KT 10SM CLR 30/13 A3000 RMK AO2 SLP099 T03000133
AMA,2023-08-10 17:53,KAMA 101753Z COR 16009G16 10SM CLR 32/13 A2998 RMK AO2 SLP094 T03170133 10317 20178 $
AMA,2023-08-10 18:53,KAMA 101853Z 16009G16KT 10SM CLR 32/15 A2996 RMK AO2 SLP085 T03220150 $
AMA,2023-08-10 19:53,KAMA 101953Z 18010G22KT 10SM CLR 34/15 A2994 RMK AO2 SLP076 T03440150 $
AMA,2023-08-10 20:53,KAMA 102053Z 19015G22KT 10SM CLR 36/14 A2991 RMK AO2 SLP067 T03560144 57023 $
AMA,2023-08-10 21:53,KAMA 102153Z 22010G21KT 10SM CLR 36/14 A2989 RMK AO2 SLP060 T03610144 $
AMA,2023-08-10 22:53,KAMA 102253Z 20013G23KT 10SM CLR 36/14 A2988 RMK AO2 SLP057 T03610139 $
AMA,2023-08-10 23:53,KAMA 102353Z 23011KT 10SM CLR 36/11 A2987 RMK AO2 SLP053 T03610111 10367 20317 56012 $
AMA,2023-08-11 00:53,KAMA 110053Z 16010KT 10SM CLR 34/15 A2986 RMK AO2 SLP049 T03440150
AMA,2023-08-11 01:53,KAMA 110153Z 15011KT 10SM CLR 32/16 A2987 RMK AO2 SLP052 T03170156
AMA,2023-08-11 02:53,KAMA 110253Z 14015KT 10SM CLR 29/17 A2989 RMK AO2 SLP062 T02940167 53006
AMA,2023-08-11 03:53,KAMA 110353Z 14012KT 10SM CLR 29/17 A2991 RMK AO2 SLP064 T02890167
AMA,2023-08-11 04:53,KAMA 110453Z AUTO 13011KT 10SM CLR 27/17 A2991 RMK AO2 SLP065 T02720167
AMA,2023-08-11 05:53,KAMA 110553Z AUTO 14014G24KT 10SM CLR 28/17 A2991 RMK AO2 SLP063 T02780172 10361 20272 403670172 51007
AMA,2023-08-11 06:53,KAMA 110653Z AUTO 14013KT 10SM CLR 27/17 A2991 RMK AO2 SLP060 T02720172
AMA,2023-08-11 07:53,KAMA 110753Z AUTO 17011KT 10SM CLR 26/17 A2992 RMK AO2 SLP064 T02560172
AMA,2023-08-11 08:53,KAMA 110853Z AUTO 16010KT 10SM CLR 24/17 A2990 RMK AO2 SLP057 T02390172 58005
AMA,2023-08-11 09:53,KAMA 110953Z AUTO 17015KT 10SM CLR 26/14 A2988 RMK AO2 SLP050 T02560144
AMA,2023-08-11 10:53,KAMA 111053Z 19010KT 10SM CLR 23/14 A2988 RMK AO2 SLP053 T02280144
AMA,2023-08-11 11:53,KAMA 111153Z 22008KT 10SM CLR 21/14 A2989 RMK AO2 SLP058 T02110144 10278 20211 55002
AMA,2023-08-11 12:53,KAMA 111253Z 22009KT 10SM CLR 22/13 A2990 RMK AO2 SLP062 T02170133
AMA,2023-08-11 13:53,KAMA 111353Z 24014G21KT 10SM CLR 26/11 A2992 RMK AO2 SLP067 T02610111
AMA,2023-08-11 14:53,KAMA 111453Z 25014KT 10SM CLR 30/12 A2992 RMK AO2 SLP065 T03000117 51009
AMA,2023-08-11 15:53,KAMA 111553Z 25013KT 10SM CLR 32/14 A2993 RMK AO2 SLP067 T03220139
AMA,2023-08-11 16:53,KAMA 111653Z 28009G19KT 10SM CLR 34/14 A2993 RMK AO2 SLP067 T03440144
AMA,2023-08-11 17:53,KAMA 111753Z 25011G17KT 10SM CLR 37/14 A2993 RMK AO2 SLP064 T03670139 10367 20200 50002
AMA,2023-08-11 18:53,KAMA 111853Z 26011KT 10SM CLR 38/12 A2992 RMK AO2 SLP061 T03830117
AMA,2023-08-11 19:53,KAMA 111953Z 25009KT 220V280 10SM CLR 37/11 A2991 RMK AO2 SLP058 T03720106
AMA,2023-08-11 20:53,KAMA 112053Z 22010G17KT 190V260 10SM CLR 39/09 A2989 RMK AO2 SLP052 T03940094 58012
AMA,2023-08-11 21:53,KAMA 112153Z 27008G18KT 10SM CLR 39/08 A2988 RMK AO2 SLP045 T03940083
AMA,2023-08-11 22:53,KAMA 112253Z 20006KT 10SM CLR 39/08 A2987 RMK AO2 SLP044 T03890083
AMA,2023-08-11 23:53,KAMA 112353Z 24010KT 10SM CLR 39/07 A2986 RMK AO2 SLP043 T03890072 10400 20361 56010
AMA,2023-08-12 00:53,KAMA 120053Z 20006KT 10SM CLR 36/08 A2986 RMK AO2 SLP046 T03560083
AMA,2023-08-12 01:53,KAMA 120153Z 05011KT 10SM CLR 33/13 A2988 RMK AO2 SLP054 T03280128
AMA,2023-08-12 02:53,KAMA 120253Z 07007KT 10SM CLR 31/14 A2991 RMK AO2 SLP062 T03060139 53017
AMA,2023-08-12 03:53,KAMA 120353Z 07006KT 10SM CLR 29/14 A2994 RMK AO2 SLP069 T02940144
AMA,2023-08-12 04:53,KAMA 120453Z AUTO 07005KT 10SM CLR 27/15 A2995 RMK AO2 SLP074 T02720150
AMA,2023-08-12 05:53,KAMA 120553Z AUTO 00000KT 10SM CLR 26/14 A2995 RMK AO2 SLP074 T02560144 10389 20250 404000200 51012
AMA,2023-08-12 06:53,KAMA 120653Z AUTO 13004KT 10SM CLR 26/14 A2994 RMK AO2 SLP069 T02560144
AMA,2023-08-12 07:53,KAMA 120753Z AUTO 13005KT 10SM CLR 26/16 A2994 RMK AO2 SLP070 T02560156
AMA,2023-08-12 08:53,KAMA 120853Z AUTO 20007KT 10SM CLR 26/15 A2995 RMK AO2 SLP070 T02610150 55001
AMA,2023-08-12 09:53,KAMA 120953Z AUTO 21010KT 10SM CLR 26/13 A2995 RMK AO2 SLP071 T02610133
AMA,2023-08-12 10:53,KAMA 121053Z 19013KT 10SM CLR 28/11 A2995 RMK AO2 SLP070 T02780111
AMA,2023-08-12 11:53,KAMA 121153Z 20010KT 10SM CLR 27/11 A2997 RMK AO2 SLP076 T02670111 10278 20244 53005
AMA,2023-08-12 12:53,KAMA 121253Z 21009KT 10SM CLR 27/12 A2997 RMK AO2 SLP079 T02720122
AMA,2023-08-12 13:53,KAMA 121353Z 34006KT 10SM CLR 27/16 A2999 RMK AO2 SLP089 T02670161
AMA,2023-08-12 14:53,KAMA 121453Z 34006KT 10SM CLR 29/15 A3000 RMK AO2 SLP093 T02890150 53011
AMA,2023-08-12 15:53,KAMA 121553Z 00000KT 10SM CLR 29/14 A3001 RMK AO2 SLP098 T02940144
AMA,2023-08-12 16:53,KAMA 121653Z 02006KT 10SM CLR 33/14 A3002 RMK AO2 LTG DSNT NE SLP098 T03280144
AMA,2023-08-12 17:53,KAMA 121753Z COR VRB/05 10SM CLR 34/14 A3000 RMK AO2 SLP094 T03440144 10350 20267 58002
AMA,2023-08-12 18:53,KAMA 121853Z 09009G15KT 10SM CLR 36/16 A3000 RMK AO2 SLP089 T03610156
AMA,2023-08-12 19:53,KAMA 121953Z 10008KT 10SM VCTS CLR 36/16 A2998 RMK AO2 LTG DSNT SE AND S SLP085 T03560156
AMA,2023-08-12 20:53,KAMA 122053Z 12016G23KT 10SM TS CLR 36/16 A2995 RMK AO2 LTG DSNT ALQDS TSB42 SLP075 T03560156 56013
AMA,2023-08-12 21:53,KAMA 122153Z 15013G21KT 10SM VCTS SCT110 34/12 A2994 RMK AO2 PK WND 14029/2112 LTG DSNT ALQDS TSE2057B20E35 SLP070 T03390122
AMA,2023-08-12 22:53,KAMA 122253Z 04010KT 10SM TS FEW095 SCT120 26/18 A2998 RMK AO2 LTG DSNT ALQDS RAB21E40 TSB12 SLP091 P0002 T02610183
AMA,2023-08-12 23:53,KAMA 122353Z 05008KT 10SM VCTS FEW120 27/18 A2995 RMK AO2 LTG DSNT ALQDS TSE2257 SLP082 60002 T02720183 10372 20250 58000
AMA,2023-08-13 00:53,KAMA 130053Z 09019G28KT 10SM VCTS FEW110 26/19 A2996 RMK AO2 PK WND 09028/0052 LTG DSNT E-S TSB08E39 SLP085 T02610194
AMA,2023-08-13 01:53,KAMA 130153Z 36011KT 10SM FEW110 24/19 A3003 RMK AO2 WSHFT 0114 LTG DSNT ALQDS PRESRR SLP112 T02440194
AMA,2023-08-13 02:53,KAMA 130253Z 04015G21KT 10SM VCTS FEW044 FEW070 SCT100 21/20 A3006 RMK AO2 LTG DSNT NW-NE RAB28E52 SLP125 P0003 60003 T02110200 53034
AMA,2023-08-13 03:53,KAMA 130353Z 05008KT 10SM FEW120 21/19 A3008 RMK AO2 LTG DSNT NE SLP129 T02110189
AMA,2023-08-13 04:53,KAMA 130453Z AUTO 08011KT 10SM CLR 21/19 A3007 RMK AO2 SLP125 T02060189
AMA,2023-08-13 05:53,KAMA 130553Z AUTO 08006KT 10SM CLR 21/18 A3006 RMK AO2 SLP117 60003 T02060178 10278 20206 403720206 58002
AMA,2023-08-13 06:53,KAMA 130653Z AUTO 12007KT 10SM CLR 20/18 A3003 RMK AO2 SLP107 T02000178
AMA,2023-08-13 07:53,KAMA 130753Z AUTO 15008KT 10SM CLR 20/18 A3002 RMK AO2 SLP104 T02000178
AMA,2023-08-13 08:53,KAMA 130853Z AUTO 18009KT 10SM CLR 20/18 A3001 RMK AO2 SLP101 T02000178 56014
AMA,2023-08-13 09:53,KAMA 130953Z AUTO 19008KT 10SM CLR 20/18 A3001 RMK AO2 SLP099 T02000183
AMA,2023-08-13 10:53,KAMA 131053Z 21010KT 10SM CLR 19/18 A3001 RMK AO2 SLP111 T01940178
AMA,2023-08-13 11:53,KAMA 131153Z 22009KT 10SM CLR 19/17 A3002 RMK AO2 SLP114 70005 T01940172 10206 20194 53002
AMA,2023-08-13 12:53,KAMA 131253Z 31004KT 10SM CLR 20/18 A3004 RMK AO2 SLP120 T02000178
AMA,2023-08-13 13:53,KAMA 131353Z 31006KT 10SM CLR 22/18 A3004 RMK AO2 SLP123 T02220183
AMA,2023-08-13 14:53,KAMA 131453Z 25007KT 10SM CLR 25/18 A3005 RMK AO2 SLP124 T02500178 51009
AMA,2023-08-13 15:53,KAMA 131553Z 25011G17KT 10SM CLR 28/18 A3004 RMK AO2 SLP118 T02830178
AMA,2023-08-13 16:53,KAMA 131653Z 25012KT 10SM CLR 31/17 A3005 RMK AO2 SLP118 T03060167
AMA,2023-08-13 17:53,KAMA 131753Z 28014G20KT 10SM CLR 33/17 A3005 RMK AO2 SLP115 T03280167 10333 20194 56001
AMA,2023-08-13 18:53,KAMA 131853Z 24012KT 10SM CLR 35/16 A3003 RMK AO2 SLP107 T03500156
AMA,2023-08-13 19:53,KAMA 131953Z AUTO 26010G20KT 10SM CLR 36/14 A3002 RMK AO2 SLP102 T03610144
AMA,2023-08-13 20:53,KAMA 132053Z 24012KT 10SM VCTS FEW100 38/12 A2998 RMK AO2 LTG DSNT W-N SLP088 T03780122 58020
AMA,2023-08-13 21:53,KAMA 132153Z 31011KT 10SM VCTS FEW100 SCT120 33/14 A2998 RMK AO2 LTG DSNT ALQDS TSB35E51 SLP093 T03330144
AMA,2023-08-13 22:53,KAMA 132253Z 32005KT 10SM TS FEW060 28/17 A2998 RMK AO2 PK WND 31027/2206 LTG DSNT ALQDS RAB23E37 TSB2156 SLP098 P0001 T02780167
AMA,2023-08-13 23:53,KAMA 132353Z 01021G34KT 10SM SCT110 24/19 A3002 RMK AO2 PK WND 32039/2322 LTG DSNT E TSE2254 SLP116 60001 T02440189 10383 20244 53011
AMA,2023-08-14 00:53,KAMA 140053Z 04012KT 10SM TS BKN100 23/18 A3005 RMK AO2 PK WND 01031/2354 LTG DSNT ALQDS RAB22E37 TSB19E50B53 SLP128 P0001 T02280183
AMA,2023-08-14 01:53,KAMA 140153Z 35015G26KT 10SM VCTS FEW065 SCT095 22/18 A3013 RMK AO2 PK WND 33029/0143 LTG DSNT ALQDS TSE20 SLP155 T02220183
AMA,2023-08-14 02:53,KAMA 140253Z 03008KT 10SM SCT026 BKN032 22/18 A3015 RMK AO2 LTG DSNT E-S SLP160 60001 T02170178 51041
AMA,2023-08-14 03:53,KAMA 140353Z 05009KT 10SM CLR 21/17 A3014 RMK AO2 LTG DSNT E AND SE SLP151 T02110172
AMA,2023-08-14 04:53,KAMA 140453Z 01009KT 10SM CLR 21/18 A3013 RMK AO2 SLP145 T02110178
AMA,2023-08-14 05:53,KAMA 140553Z AUTO 36016G21KT 10SM CLR 21/18 A3016 RMK AO2 SLP155 60001 T02060178 10239 20206 403830194 53003
AMA,2023-08-14 06:53,KAMA 140653Z AUTO 01018G28KT 10SM BKN014 20/17 A3017 RMK AO2 PK WND 35029/0628 SLP156 T02000172
AMA,2023-08-14 07:53,KAMA 140753Z AUTO 03020G29KT 10SM OVC014 19/16 A3019 RMK AO2 PK WND 02031/0743 SLP164 T01940156
AMA,2023-08-14 08:53,KAMA 140853Z AUTO 04015G25KT 10SM BKN013 OVC110 18/16 A3021 RMK AO2 PK WND 02034/0807 SLP168 T01830156 53015
AMA,2023-08-14 09:53,KAMA 140953Z AUTO 04013G22KT 10SM SCT110 18/15 A3022 RMK AO2 LTG DSNT SE AND S SLP178 T01830150
AMA,2023-08-14 10:53,KAMA 141053Z 02012KT 10SM BKN100 18/15 A3027 RMK AO2 LTG DSNT S SLP200 T01780150
AMA,2023-08-14 11:53,KAMA 141153Z 03007KT 10SM BKN043 OVC100 18/14 A3032 RMK AO2 LTG DSNT SE SLP220 70002 T01830139 10206 20178 53033
AMA,2023-08-14 12:53,KAMA 141253Z 03011KT 10SM OVC044 18/13 A3033 RMK AO2 LTG DSNT SE AND S SLP227 T01830133
AMA,2023-08-14 13:53,KAMA 141353Z 03011KT 10SM FEW060 BKN080 OVC110 17/14 A3032 RMK AO2 RAB08E47 SLP227 P0002 T01670139
AMA,2023-08-14 14:53,KAMA 141453Z 03012G20KT 10SM CLR 19/12 A3033 RMK AO2 SLP229 60002 T01890117 53005
AMA,2023-08-14 15:53,KAMA 141553Z 04012KT 10SM CLR 22/09 A3035 RMK AO2 SLP231 T02170094
AMA,2023-08-14 16:53,KAMA 141653Z 05014G23KT 10SM BKN060 24/08 A3035 RMK AO2 SLP229 T02390078
AMA,2023-08-14 17:53,KAMA 141753Z 05009G20KT 10SM FEW060 26/08 A3034 RMK AO2 SLP226 60002 T02560083 10256 20167 50003
AMA,2023-08-14 18:53,KAMA 141853Z 02010G19KT 10SM OVC060 25/08 A3035 RMK AO2 SLP228 T02500083
AMA,2023-08-14 19:53,KAMA 141953Z 03010G17KT 10SM FEW085 27/09 A3033 RMK AO2 SLP221 T02670089
AMA,2023-08-14 20:53,KAMA 142053Z 04010G17KT 10SM CLR 27/09 A3030 RMK AO2 SLP213 T02670094 58012
AMA,2023-08-14 21:53,KAMA 142153Z 10SM CLR 28/09 A3028 RMK AO2 SLP206 T02780089
AMA,2023-08-14 22:53,KAMA 142253Z 05008G16KT 10SM CLR 27/09 A3027 RMK AO2 SLP200 T02720094
AMA,2023-08-14 23:53,KAMA 142353Z 04008KT 10SM CLR 27/09 A3026 RMK AO2 SLP199 T02670089 10283 20250 56013
AMA,2023-08-15 00:53,KAMA 150053Z 07006KT 10SM CLR 24/09 A3026 RMK AO2 SLP202 T02440094
AMA,2023-08-15 01:53,KAMA 150153Z 06006KT 10SM CLR 22/10 A3027 RMK AO2 SLP210 T02220100
AMA,2023-08-15 02:53,KAMA 150253Z 06006KT 10SM CLR 23/10 A3030 RMK AO2 SLP215 T02280100 53010
AMA,2023-08-15 03:53,KAMA 150353Z 08005KT 10SM CLR 21/11 A3032 RMK AO2 SLP223 T02110106
AMA,2023-08-15 04:53,KAMA 150453Z AUTO 10005KT 10SM CLR 20/11 A3033 RMK AO2 SLP223 T02000111
AMA,2023-08-15 05:53,KAMA 150553Z AUTO 13005KT 10SM OVC120 19/12 A3033 RMK AO2 SLP221 T01940117 10267 20189 402830167 51009
AMA,2023-08-15 06:53,KAMA 150653Z AUTO 15006KT 10SM CLR 19/11 A3032 RMK AO2 SLP219 T01890106
AMA,2023-08-15 07:53,KAMA 150753Z AUTO 16005KT 10SM CLR 19/12 A3031 RMK AO2 SLP215 T01890117
AMA,2023-08-15 08:53,KAMA 150853Z AUTO 21004KT 10SM CLR 17/12 A3031 RMK AO2 SLP217 T01720117 56006
AMA,2023-08-15 09:53,KAMA 150953Z AUTO 21003KT 10SM CLR 18/12 A3030 RMK AO2 SLP212 T01780122
AMA,2023-08-15 10:53,KAMA 151053Z 22004KT 10SM CLR 16/12 A3029 RMK AO2 SLP213 T01560117
AMA,2023-08-15 11:53,KAMA 151153Z 22005KT 10SM CLR 17/12 A3031 RMK AO2 SLP217 70002 T01670117 10194 20156 55001
AMA,2023-08-15 12:53,KAMA 151253Z 21004KT 10SM CLR 17/12 A3032 RMK AO2 SLP224 T01720122
AMA,2023-08-15 13:53,KAMA 151353Z 20008KT 10SM CLR 22/12 A3033 RMK AO2 SLP224 T02220117
AMA,2023-08-15 14:53,KAMA 151453Z 21009KT 10SM R04/3500VP6000FT CLR 25/11 A3034 RMK AO2 SLP224 T02500106 51012
AMA,2023-08-15 15:53,KAMA 151553Z 24008KT 10SM CLR 26/11 A3034 RMK AO2 SLP223 T02610111
AMA,2023-08-15 16:53,KAMA 151653Z 21010KT 10SM CLR 27/11 A3034 RMK AO2 SLP222 T02720106
AMA,2023-08-15 17:53,KAMA 151753Z 20010G16KT 10SM CLR 29/11 A3031 RMK AO2 SLP212 T02940106 10294 20161 58010
AMA,2023-08-15 18:53,KAMA 151853Z 23012G18KT 10SM CLR 31/11 A3028 RMK AO2 SLP201 T03060106
AMA,2023-08-15 19:53,KAMA 151953Z 24009G20KT 10SM CLR 32/11 A3025 RMK AO2 SLP189 T03170111
AMA,2023-08-15 20:53,KAMA 152053Z 24009G20KT 10SM CLR 32/11 A3023 RMK AO2 SLP182 T03220111 56025
AMA,2023-08-15 21:53,KAMA 152153Z 22009G19KT 10SM CLR 32/11 A3020 RMK AO2 SLP171 T03220111
AMA,2023-08-15 22:53,KAMA 152253Z 19008KT 10SM CLR 32/11 A3017 RMK AO2 SLP165 T03220111
AMA,2023-08-15 23:53,KAMA 152353Z 20008KT 10SM CLR 32/11 A3015 RMK AO2 SLP158 T03170111 10333 20289 56022
AMA,2023-08-16 00:53,KAMA 160053Z 17009KT 10SM CLR 31/12 A3015 RMK AO2 SLP156 T03060117
AMA,2023-08-16 01:53,KAMA 160153Z 15009KT 10SM CLR 28/12 A3015 RMK AO2 SLP155 T02780117
AMA,2023-08-16 02:53,KAMA 160253Z 15011KT 10SM CLR 26/12 A3017 RMK AO2 SLP159 T02560122 53004
AMA,2023-08-16 03:53,KAMA 160353Z 16011KT 10SM CLR 24/11 A3018 RMK AO2 SLP164 T02390111
AMA,2023-08-16 04:53,KAMA 160453Z AUTO 16011KT 10SM CLR 23/10 A3019 RMK AO2 SLP166 T02330100
AMA,2023-08-16 05:53,KAMA 160553Z AUTO 15010KT 10SM CLR 22/10 A3018 RMK AO2 SLP161 T02220100 10317 20222 403330156 50003
AMA,2023-08-16 06:53,KAMA 160653Z AUTO 15010KT 10SM CLR 22/10 A3016 RMK AO2 SLP157 T02170100
AMA,2023-08-16 07:53,KAMA 160753Z AUTO 16011KT 10SM CLR 21/11 A3015 RMK AO2 SLP153 T02060106
AMA,2023-08-16 08:53,KAMA 160853Z AUTO 17013G21KT 10SM CLR 22/09 A3015 RMK AO2 SLP149 T02170094 56008
AMA,2023-08-16 09:53,KAMA 160953Z AUTO 16012KT 10SM CLR 21/10 A3015 RMK AO2 SLP150 T02060100
AMA,2023-08-16 10:53,KAMA 161053Z 17010KT 10SM CLR 19/10 A3015 RMK AO2 SLP152 T01940100
AMA,2023-08-16 11:53,KAMA 161153Z 16009KT 10SM FEW100 18/10 A3015 RMK AO2 SLP155 T01830100 10222 20183 53001
AMA,2023-08-16 12:53,KAMA 161253Z 16008KT 10SM SCT110 19/11 A3015 RMK AO2 SLP155 T01940111
AMA,2023-08-16 13:53,KAMA 161353Z 20014KT 10SM CLR 23/12 A3015 RMK AO2 SLP154 T02330122
AMA,2023-08-16 14:53,KAMA 161453Z 20020G27KT 10SM CLR 27/12 A3014 RMK AO2 PK WND 21027/1452 SLP147 T02720122 58004
AMA,2023-08-16 15:53,KAMA 161553Z 21019G26KT 10SM CLR 31/12 A3013 RMK AO2 PK WND 19027/1501 SLP142 T03060122
AMA,2023-08-16 16:53,KAMA 161653Z 21018G25KT 10SM CLR 33/12 A3011 RMK AO2 PK WND 21030/1618 SLP134 T03330122
AMA,2023-08-16 17:53,KAMA 161753Z 23015G29KT 10SM CLR 35/13 A3008 RMK AO2 PK WND 22029/1747 SLP124 T03500128 10350 20178 58016
AMA,2023-08-16 18:53,KAMA 161853Z 25014G21KT 10SM CLR 37/13 A3005 RMK AO2 PK WND 24028/1804 SLP112 T03670128
AMA,2023-08-16 19:53,KAMA 161953Z 26015G21KT 10SM CLR 38/12 A3003 RMK AO2 SLP103 T03780117
AMA,2023-08-16 20:53,KAMA 162053Z 23008G19KT 10SM CLR 38/11 A3000 RMK AO2 SLP091 T03830106 56027
AMA,2023-08-16 21:53,KAMA 162153Z 22007KT 10SM CLR 38/09 A2997 RMK AO2 SLP085 T03830089
AMA,2023-08-16 22:53,KAMA 162253Z 21009G17KT 10SM FEW110 38/09 A2995 RMK AO2 SLP078 T03830094
AMA,2023-08-16 23:53,KAMA 162353Z 16015G19KT 10SM CLR 37/11 A2994 RMK AO2 SLP076 T03720106 10394 20344 56018
AMA,2023-08-17 00:53,KAMA 170053Z 18010KT 10SM CLR 36/10 A2994 RMK AO2 WSHFT 2348 SLP076 T03610100
AMA,2023-08-17 01:53,KAMA 170153Z 16009KT 10SM CLR 32/11 A2996 RMK AO2 SLP083 T03170111
AMA,2023-08-17 02:53,KAMA 170253Z 15008KT 10SM CLR 28/12 A2998 RMK AO2 SLP091 T02780117 53014
AMA,2023-08-17 03:53,KAMA 170353Z 19011KT 10SM CLR 29/12 A3000 RMK AO2 SLP091 T02890117
AMA,2023-08-17 04:53,KAMA 170453Z AUTO 20011KT 10SM CLR 28/11 A3000 RMK AO2 SLP091 T02780111
AMA,2023-08-17 05:53,KAMA 170553Z AUTO 21009KT 10SM CLR 25/12 A3000 RMK AO2 SLP091 T02500117 10372 20250 403940178 50004
AMA,2023-08-17 06:53,KAMA 170653Z AUTO 24012G18KT 10SM CLR 26/11 A2999 RMK AO2 SLP087 T02610106
AMA,2023-08-17 07:53,KAMA 170753Z AUTO 26008KT 10SM CLR 26/10 A2998 RMK AO2 SLP082 T02560100
AMA,2023-08-17 08:53,KAMA 170853Z AUTO 26008KT 10SM CLR 24/09 A2998 RMK AO2 SLP082 T02390094 56006
AMA,2023-08-17 09:53,KAMA 170953Z AUTO 30005KT 10SM CLR 24/09 A2999 RMK AO2 SLP085 T02440094
AMA,2023-08-17 10:53,KAMA 171053Z 27006KT 10SM CLR 22/09 A2999 RMK AO2 SLP090 T02170094
AMA,2023-08-17 11:53,KAMA 171153Z 01004KT 10SM CLR 23/09 A3001 RMK AO2 SLP095 T02280094 10278 20217 53010
AMA,2023-08-17 12:53,KAMA 171253Z 29009KT 10SM CLR 23/10 A3001 RMK AO2 SLP097 T02330100
AMA,2023-08-17 13:53,KAMA 171353Z 29009KT 10SM CLR 28/10 A3003 RMK AO2 SLP102 T02830100
AMA,2023-08-17 14:53,KAMA 171453Z 33008KT 10SM CLR 32/10 A3004 RMK AO2 SLP106 T03170100 53009
AMA,2023-08-17 15:53,KAMA 171553Z 34008KT 10SM CLR 34/10 A3005 RMK AO2 SLP106 T03390100
AMA,2023-08-17 16:53,KAMA 171653Z COR 36004KT 10SM CLR 36/09 A3006 RMK AO2 SLP109 T03560094
AMA,2023-08-17 17:53,KAMA 171753Z COR 32007KT 10SM CLR 37/10 A3005 RMK AO2 SLP108 T03720100 10372 20222 50003
AMA,2023-08-17 18:53,KAMA 171853Z VRB05KT 10SM CLR 38/09 A3004 RMK AO2 SLP103 T03830094
AMA,2023-08-17 19:53,KAMA 171953Z 35007G15KT 10SM CLR 39/11 A3003 RMK AO2 SLP100 T03890106
AMA,2023-08-17 20:53,KAMA 172053Z 03011G19KT 10SM CLR 39/12 A3003 RMK AO2 SLP100 T03890122 56006
AMA,2023-08-17 21:53,KAMA 172153Z 04010G17KT 10SM CLR 38/12 A3002 RMK AO2 SLP097 T03830117
AMA,2023-08-17 22:53,KAMA 172253Z 06008KT 10SM CLR 38/11 A3001 RMK AO2 SLP095 T03780111
AMA,2023-08-17 23:53,KAMA 172353Z 06010KT 10SM CLR 37/11 A3000 RMK AO2 SLP093 T03720111 10400 20367 56008
AMA,2023-08-18 00:53,KAMA 180053Z 08013KT 10SM CLR 36/12 A3000 RMK AO2 SLP095 T03560117
AMA,2023-08-18 01:53,KAMA 180153Z 08015G22KT 10SM CLR 31/18 A3002 RMK AO2 SLP100 T03110178
AMA,2023-08-18 02:53,KAMA 180253Z 08011KT 10SM CLR 29/16 A3004 RMK AO2 SLP106 T02890156 53013
AMA,2023-08-18 03:53,KAMA 180353Z 09012KT 10SM CLR 27/17 A3006 RMK AO2 SLP112 T02720167
AMA,2023-08-18 04:53,KAMA 180453Z AUTO 11012KT 10SM CLR 26/17 A3007 RMK AO2 SLP115 T02560167
AMA,2023-08-18 05:53,KAMA 180553Z AUTO 12013KT 10SM CLR 24/17 A3009 RMK AO2 SLP121 T02390167 10372 20239 404000217 53013
AMA,2023-08-18 06:53,KAMA 180653Z AUTO 13012KT 10SM CLR 23/17 A3008 RMK AO2 SLP119 T02280167
AMA,2023-08-18 07:53,KAMA 180753Z AUTO 13011KT 10SM CLR 22/16 A3005 RMK AO2 SLP108 T02170161
AMA,2023-08-18 08:53,KAMA 180853Z AUTO 14010KT 10SM CLR 21/16 A3005 RMK AO2 SLP108 T02110161 56013
AMA,2023-08-18 09:53,KAMA 180953Z AUTO 14011KT 10SM CLR 21/16 A3004 RMK AO2 SLP109 T02060161
AMA,2023-08-18 10:53,KAMA 181053Z 15009KT 10SM CLR 19/16 A3004 RMK AO2 SLP110 T01940161
AMA,2023-08-18 11:53,KAMA 181153Z 14010KT 10SM CLR 19/16 A3005 RMK AO2 SLP114 T01890161 10239 20189 53002
AMA,2023-08-18 12:53,KAMA 181253Z VRB04KT 10SM CLR 19/17 A3008 RMK AO2 SLP124 T01940167
AMA,2023-08-18 13:53,KAMA 181353Z COR 00000KT 10SM CLR 22/17 A3009 RMK AO2 SLP130 T02220167
AMA,2023-08-18 14:53,KAMA 181453Z 20007KT 10SM CLR 26/17 A3009 RMK AO2 SLP128 T02610167 51012
AMA,2023-08-18 15:53,KAMA 181553Z 23011KT 10SM CLR 31/15 A3009 RMK AO2 SLP125 T03110150
AMA,2023-08-18 16:53,KAMA 181653Z 25009G17KT 10SM CLR 35/13 A3008 RMK AO2 SLP121 T03500128
AMA,2023-08-18 17:53,KAMA 181753Z 23014G22KT 10SM CLR 38/09 A3007 RMK AO2 SLP116 T03830094 10383 20189 58005
AMA,2023-08-18 18:53,KAMA 181853Z 24014G21KT 10SM CLR 39/08 A3005 RMK AO2 PK WND 25027/1829 SLP108 T03890078
AMA,2023-08-18 19:53,KAMA 181953Z 19007G18KT 10SM CLR 38/07 A3003 RMK AO2 SLP103 T03830067
AMA,2023-08-18 20:53,KAMA 182053Z 22016G22KT 10SM CLR 40/06 A3001 RMK AO2 SLP095 T04000061 56019
AMA,2023-08-18 21:53,KAMA 182153Z 20014G26KT 10SM CLR 40/06 A2999 RMK AO2 PK WND 20026/2147 SLP087 T04000056
AMA,2023-08-18 22:53,KAMA 182253Z 21009KT 10SM CLR 39/05 A2997 RMK AO2 SLP085 T03940050
AMA,2023-08-18 23:53,KAMA 182353Z 21012KT 10SM CLR 38/05 A2997 RMK AO2 SLP083 T03830050 10406 20378 56013
AMA,2023-08-19 00:53,KAMA 190053Z 17011KT 10SM CLR 37/05 A2996 RMK AO2 SLP083 T03670050
AMA,2023-08-19 01:53,KAMA 190153Z 18012KT 10SM CLR 33/06 A2998 RMK AO2 SLP089 T03330061
AMA,2023-08-19 02:53,KAMA 190253Z 19011KT 10SM CLR 30/07 A3000 RMK AO2 SLP096 T03000067 53011
AMA,2023-08-19 03:53,KAMA 190353Z 19011KT 10SM CLR 30/06 A3001 RMK AO2 SLP097 T03000061
AMA,2023-08-19 04:53,KAMA 190453Z AUTO 20010KT 10SM CLR 27/07 A3002 RMK AO2 SLP099 T02670072
AMA,2023-08-19 05:53,KAMA 190553Z AUTO 20009KT 10SM CLR 26/08 A3003 RMK AO2 SLP099 T02560078 10383 20244 404060189 51009
AMA,2023-08-19 06:53,KAMA 190653Z AUTO 21009KT 10SM CLR 24/08 A3004 RMK AO2 SLP103 T02440078
AMA,2023-08-19 07:53,KAMA 190753Z AUTO 20010KT 10SM CLR 24/07 A3004 RMK AO2 SLP106 T02390072
AMA,2023-08-19 08:53,KAMA 190853Z AUTO 20011KT 10SM CLR 23/07 A3005 RMK AO2 SLP107 T02330072 51006
AMA,2023-08-19 09:53,KAMA 190953Z AUTO 20011KT 10SM CLR 23/07 A3007 RMK AO2 SLP112 T02280072
AMA,2023-08-19 10:53,KAMA 191053Z 20011KT 10SM CLR 22/08 A3007 RMK AO2 SLP117 T02170078
AMA,2023-08-19 11:53,KAMA 191153Z 25006KT 10SM CLR 22/07 A3010 RMK AO2 SLP127 T02220067 10256 20194 53015
AMA,2023-08-19 12:53,KAMA 191253Z 25008KT 10SM CLR 23/07 A3011 RMK AO2 SLP129 T02280067
AMA,2023-08-19 13:53,KAMA 191353Z 27010KT 10SM CLR 29/03 A3012 RMK AO2 SLP130 T02890033
AMA,2023-08-19 14:53,KAMA 191453Z 29011KT 10SM CLR 32/04 A3012 RMK AO2 SLP131 T03170039 51005
AMA,2023-08-19 15:53,KAMA 191553Z 26008KT 10SM CLR 34/05 A3012 RMK AO2 SLP130 T03440050
AMA,2023-08-19 16:53,KAMA 191653Z 17007KT 10SM CLR 36/06 A3011 RMK AO2 SLP130 T03560056
AMA,2023-08-19 17:53,KAMA 191753Z 19011G18KT 130V210 10SM CLR 37/06 A3011 RMK AO2 SLP129 T03670056 10372 20200 58002
AMA,2023-08-19 18:53,KAMA 191853Z 18008G21KT 10SM CLR 37/04 A3010 RMK AO2 SLP126 T03670044
AMA,2023-08-19 19:53,KAMA 191953Z 22013G22KT 180V260 10SM CLR 38/03 A3009 RMK AO2 SLP121 T03780033
AMA,2023-08-19 20:53,KAMA 192053Z 19014KT 10SM CLR 38/02 A3007 RMK AO2 PK WND 19026/2035 SLP116 T03780017 58012
AMA,2023-08-19 21:53,KAMA 192153Z 19018G24KT 10SM CLR 37/03 A3007 RMK AO2 SLP115 T03720033
AMA,2023-08-19 22:53,KAMA 192253Z 16017G23KT 10SM CLR 37/04 A3006 RMK AO2 SLP116 T03670039
AMA,2023-08-19 23:53,KAMA 192353Z 18015KT 10SM CLR 36/06 A3007 RMK AO2 SLP118 T03560056 10383 20356 55002
AMA,2023-08-20 00:53,KAMA 200053Z 19011KT 10SM CLR 33/07 A3007 RMK AO2 SLP121 T03330067
AMA,2023-08-20 01:53,KAMA 200153Z 19009KT 10SM CLR 30/07 A3009 RMK AO2 SLP124 T03000067
AMA,2023-08-20 02:53,KAMA 200253Z 19010KT 10SM CLR 29/07 A3011 RMK AO2 SLP128 T02890067 53012
AMA,2023-08-20 03:53,KAMA 200353Z 16007KT 10SM CLR 26/07 A3013 RMK AO2 SLP138 T02610072
AMA,2023-08-20 04:53,KAMA 200453Z AUTO 17007KT 10SM CLR 27/08 A3015 RMK AO2 SLP141 T02670078
AMA,2023-08-20 05:53,KAMA 200553Z AUTO 18005KT 10SM CLR 24/08 A3015 RMK AO2 SLP144 T02440078 10356 20222 403830194 51014
AMA,2023-08-20 06:53,KAMA 200653Z AUTO 22005KT 10SM CLR 22/08 A3016 RMK AO2 SLP148 T02170083
AMA,2023-08-20 07:53,KAMA 200753Z AUTO 19006KT 10SM CLR 23/08 A3016 RMK AO2 SLP147 T02280078
AMA,2023-08-20 08:53,KAMA 200853Z AUTO 21005KT 10SM CLR 21/08 A3016 RMK AO2 SLP150 T02110078 51003
AMA,2023-08-20 09:53,KAMA 200953Z AUTO 19008KT 10SM CLR 22/08 A3018 RMK AO2 SLP154 T02220078
AMA,2023-08-20 10:53,KAMA 201053Z 20006KT 10SM CLR 21/07 A3018 RMK AO2 SLP158 T02060072
AMA,2023-08-20 11:53,KAMA 201153Z 17008KT 10SM CLR 23/07 A3020 RMK AO2 SLP162 T02280072 10244 20194 51010
AMA,2023-08-20 12:53,KAMA 201253Z 19006KT 10SM CLR 23/08 A3021 RMK AO2 SLP170 T02280078
AMA,2023-08-20 13:53,KAMA 201353Z 19007KT 10SM CLR 27/07 A3023 RMK AO2 SLP176 T02670072
AMA,2023-08-20 14:53,KAMA 201453Z 20009KT 10SM CLR 29/08 A3024 RMK AO2 SLP178 T02940078 51014
AMA,2023-08-20 15:53,KAMA 201553Z 21009KT 10SM CLR 32/08 A3025 RMK AO2 SLP182 T03220083
AMA,2023-08-20 16:53,KAMA 201653Z 23007KT 190V250 10SM CLR 33/08 A3025 RMK AO2 SLP179 T03330083
AMA,2023-08-20 17:53,KAMA 201753Z 17014G22KT 10SM CLR 36/08 A3024 RMK AO2 SLP175 T03560083 10356 20194 58001
AMA,2023-08-20 18:53,KAMA 201853Z 15010G21KT 10SM CLR 35/08 A3022 RMK AO2 SLP173 T03500083
AMA,2023-08-20 19:53,KAMA 201953Z 14012G21KT 10SM CLR 36/08 A3021 RMK AO2 SLP165 T03610083
AMA,2023-08-20 20:53,KAMA 202053Z 16013G18KT 10SM CLR 37/08 A3018 RMK AO2 SLP156 T03720083 58019
AMA,2023-08-20 21:53,KAMA 202153Z 16014G25KT 10SM CLR 37/09 A3017 RMK AO2 SLP150 T03720089
AMA,2023-08-20 22:53,KAMA 202253Z 13009G22KT 10SM CLR 36/08 A3017 RMK AO2 SLP155 T03610078
AMA,2023-08-20 23:53,KAMA 202353Z 15018G22KT 10SM CLR 36/08 A3017 RMK AO2 SLP153 T03560078 10372 20344 56002
AMA,2023-08-21 00:53,KAMA 210053Z 15012KT 10SM CLR 33/09 A3018 RMK AO2 SLP158 T03330089
AMA,2023-08-21 01:53,KAMA 210153Z 16007KT 10SM CLR 31/09 A3020 RMK AO2 SLP163 T03060094
AMA,2023-08-21 02:53,KAMA 210253Z 16007KT 10SM CLR 28/10 A3022 RMK AO2 SLP170 T02830100 53014
AMA,2023-08-21 03:53,KAMA 210353Z 16007KT 10SM CLR 27/11 A3023 RMK AO2 SLP173 T02720106
AMA,2023-08-21 04:53,KAMA 210453Z AUTO 18004KT 10SM CLR 26/11 A3024 RMK AO2 SLP175 T02560111
AMA,2023-08-21 05:53,KAMA 210553Z AUTO 00000KT 10SM CLR 24/11 A3024 RMK AO2 SLP176 T02390111 10356 20239 403720194 51008
AMA,2023-08-21 06:53,KAMA 210653Z AUTO 12005KT 10SM FEW095 24/11 A3025 RMK AO2 SLP179 T02390111
AMA,2023-08-21 07:53,KAMA 210753Z AUTO 12007KT 10SM CLR 25/12 A3024 RMK AO2 SLP176 T02500117
AMA,2023-08-21 08:53,KAMA 210853Z AUTO 14008KT 10SM CLR 23/12 A3024 RMK AO2 SLP176 T02280122 58000
AMA,2023-08-21 09:53,KAMA 210953Z AUTO 14008KT 10SM CLR 24/13 A3024 RMK AO2 SLP175 T02390128
AMA,2023-08-21 10:53,KAMA 211053Z 14007KT 10SM CLR 23/13 A3025 RMK AO2 SLP180 T02280128
AMA,2023-08-21 11:53,KAMA 211153Z 13008KT 10SM CLR 22/13 A3026 RMK AO2 SLP186 T02170128 10256 20211 53007
AMA,2023-08-21 12:53,KAMA 211253Z 14006KT 10SM CLR 23/13 A3027 RMK AO2 SLP191 T02280128
AMA,2023-08-21 13:53,KAMA 211353Z 15005KT 10SM CLR 28/14 A3028 RMK AO2 SLP190 T02830139
AMA,2023-08-21 14:53,KAMA 211453Z 16009KT 10SM CLR 31/15 A3029 RMK AO2 SLP194 T03060150 53008
AMA,2023-08-21 15:53,KAMA 211553Z 18007KT 10SM CLR 32/15 A3029 RMK AO2 SLP194 T03220150
AMA,2023-08-21 16:53,KAMA 211653Z 10SM CLR 33/15 A3029 RMK AO2 SLP195 T03330150
AMA,2023-08-21 17:53,KAMA 211753Z 12009G17KT 10SM CLR 35/13 A3027 RMK AO2 SLP188 T03500128 10350 20211 58005
AMA,2023-08-21 18:53,KAMA 211853Z 14011G19KT 10SM CLR 37/12 A3026 RMK AO2 SLP180 T03670117
AMA,2023-08-21 19:53,KAMA 211953Z AUTO 11014G27KT 10SM CLR 37/11 A3024 RMK AO2 PK WND 16028/1937 SLP173 T03720111
AMA,2023-08-21 20:53,KAMA 212053Z 16018G28KT 10SM FEW100 37/09 A3022 RMK AO2 PK WND 17028/2051 WSHFT 2001 SLP168 T03720094 58017
AMA,2023-08-21 21:53,KAMA 212153Z 13017G34KT 10SM CLR 37/09 A3021 RMK AO2 PK WND 12034/2149 SLP163 T03720094
AMA,2023-08-21 22:53,KAMA 212253Z 13015G28KT 10SM CLR 37/08 A3020 RMK AO2 PK WND 13031/2225 SLP162 T03670083
AMA,2023-08-21 23:53,KAMA 212353Z 14020G27KT 10SM CLR 36/09 A3020 RMK AO2 PK WND 14030/2256 SLP162 T03560094 10378 20350 56007
AMA,2023-08-22 00:53,KAMA 220053Z 13016G23KT 10SM CLR 34/09 A3020 RMK AO2 PK WND 11030/0008 SLP165 T03390094
AMA,2023-08-22 01:53,KAMA 220153Z 12009KT 10SM CLR 31/11 A3022 RMK AO2 SLP171 T03060106
AMA,2023-08-22 02:53,KAMA 220253Z 12010KT 10SM CLR 29/11 A3024 RMK AO2 SLP176 T02890111 53014
AMA,2023-08-22 03:53,KAMA 220353Z 12009KT 10SM CLR 28/12 A3025 RMK AO2 SLP179 T02830117
AMA,2023-08-22 04:53,KAMA 220453Z 13011KT 10SM CLR 27/12 A3025 RMK AO2 SLP178 T02720117
AMA,2023-08-22 05:53,KAMA 220553Z AUTO 13009KT 10SM CLR 25/11 A3025 RMK AO2 SLP178 T02500111 10356 20244 403780211 50002
AMA,2023-08-22 06:53,KAMA 220653Z AUTO 14006KT 10SM CLR 24/11 A3025 RMK AO2 SLP177 T02440106
AMA,2023-08-22 07:53,KAMA 220753Z AUTO 15008KT 10SM CLR 23/11 A3024 RMK AO2 SLP176 T02280111
AMA,2023-08-22 08:53,KAMA 220853Z AUTO 13008KT 10SM CLR 23/11 A3023 RMK AO2 SLP173 T02280106 58005
AMA,2023-08-22 09:53,KAMA 220953Z AUTO 13006KT 10SM CLR 22/11 A3023 RMK AO2 SLP174 T02170111
AMA,2023-08-22 10:53,KAMA 221053Z 12007KT 10SM CLR 21/11 A3023 RMK AO2 SLP174 T02110111
AMA,2023-08-22 11:53,KAMA 221153Z 12006KT 10SM CLR 21/12 A3024 RMK AO2 SLP177 T02060122 10267 20206 53001
AMA,2023-08-22 12:53,KAMA 221253Z 13008KT 10SM CLR 23/13 A3025 RMK AO2 SLP181 T02280128
AMA,2023-08-22 13:53,KAMA 221353Z 15009KT 10SM CLR 28/13 A3026 RMK AO2 SLP183 T02780128
AMA,2023-08-22 14:53,KAMA 221453Z 17009KT 10SM CLR 31/14 A3027 RMK AO2 SLP185 T03060139 $
AMA,2023-08-22 15:53,KAMA 221553Z 16007KT 10SM CLR 31/14 A3027 RMK AO2 SLP185 T03110139
AMA,2023-08-22 16:53,KAMA 221653Z 18009G17KT 10SM CLR 33/13 A3026 RMK AO2 SLP182 T03330133
AMA,2023-08-22 17:53,KAMA 221753Z 11005G16KT 10SM CLR 34/12 A3024 RMK AO2 SLP178 T03390122 10344 20206 58007
AMA,2023-08-22 18:53,KAMA 221853Z 13008G21KT 10SM CLR 36/10 A3023 RMK AO2 SLP170 T03560100
AMA,2023-08-22 19:53,KAMA 221953Z 15013G21KT 10SM CLR 36/09 A3020 RMK AO2 SLP164 T03610094
AMA,2023-08-22 20:53,KAMA 222053Z 09011G15KT 10SM CLR 36/10 A3018 RMK AO2 SLP157 T03610100 58019
AMA,2023-08-22 21:53,KAMA 222153Z 15013G21KT 10SM FEW100 36/10 A3016 RMK AO2 SLP150 T03610100
AMA,2023-08-22 22:53,KAMA 222253Z 14016KT 10SM FEW095 36/11 A3015 RMK AO2 SLP146 T03610106
AMA,2023-08-22 23:53,KAMA 222353Z AUTO 11014G22KT 10SM CLR 34/11 A3015 RMK AO2 SLP149 T03440111 10367 20333 55009
AMA,2023-08-23 00:53,KAMA 230053Z 12014KT 10SM CLR 33/12 A3015 RMK AO2 SLP149 T03330117
AMA,2023-08-23 01:53,KAMA 230153Z 11009KT 10SM CLR 31/12 A3016 RMK AO2 SLP150 T03110122
AMA,2023-08-23 02:53,KAMA 230253Z 13007KT 10SM CLR 29/13 A3017 RMK AO2 SLP152 T02890128 53007
AMA,2023-08-23 03:53,KAMA 230353Z 11006KT 10SM CLR 28/13 A3019 RMK AO2 SLP158 T02780128
AMA,2023-08-23 04:53,KAMA 230453Z AUTO 13008KT 10SM CLR 27/14 A3019 RMK AO2 SLP155 T02720139
AMA,2023-08-23 05:53,KAMA 230553Z AUTO 12011G19KT 10SM CLR 27/16 A3019 RMK AO2 SLP157 T02720156 10344 20267 403670206 51004
AMA,2023-08-23 06:53,KAMA 230653Z AUTO 12011KT 10SM CLR 26/16 A3019 RMK AO2 SLP155 T02610161
AMA,2023-08-23 07:53,KAMA 230753Z AUTO 14008KT 10SM CLR 24/16 A3019 RMK AO2 SLP155 T02440156
AMA,2023-08-23 08:53,KAMA 230853Z AUTO 14007KT 10SM CLR 24/16 A3019 RMK AO2 SLP158 T02440156 53001
AMA,2023-08-23 09:53,KAMA 230953Z AUTO 15005KT 10SM CLR 23/16 A3020 RMK AO2 SLP162 T02280156
AMA,2023-08-23 10:53,KAMA 231053Z 00000KT 10SM CLR 22/15 A3020 RMK AO2 SLP163 T02170150
AMA,2023-08-23 11:53,KAMA 231153Z 16007KT 10SM CLR 22/15 A3020 RMK AO2 SLP166 T02220150 10272 20211 53003
AMA,2023-08-23 12:53,KAMA 231253Z 16009KT 10SM CLR 22/15 A3022 RMK AO2 SLP174 T02220150
AMA,2023-08-23 13:53,KAMA 231353Z 17011KT 10SM CLR 27/15 A3022 RMK AO2 SLP172 T02670150
AMA,2023-08-23 14:53,KAMA 231453Z 19012KT 10SM CLR 29/14 A3023 RMK AO2 SLP173 T02940139 51008
AMA,2023-08-23 15:53,KAMA 231553Z 16013KT 10SM CLR 31/14 A3024 RMK AO2 SLP176 T03060144
AMA,2023-08-23 16:53,KAMA 231653Z 20009KT 10SM CLR 31/13 A3023 RMK AO2 SLP173 T03110133
AMA,2023-08-23 17:53,KAMA 231753Z 16017G24KT 10SM CLR 33/12 A3020 RMK AO2 SLP163 T03280122 10328 20222 58007
AMA,2023-08-23 18:53,KAMA 231853Z 17010G21KT 10SM CLR 34/11 A3018 RMK AO2 SLP155 T03390111
AMA,2023-08-23 19:53,KAMA 231953Z AUTO 13015G21KT 10SM CLR 34/11 A3016 RMK AO2 SLP150 T03440111
AMA,2023-08-23 20:53,KAMA 232053Z 16013G26KT 10SM CLR 34/12 A3013 RMK AO2 PK WND 14026/2051 SLP140 T03440117 58022
AMA,2023-08-23 21:53,KAMA 232153Z 12017G24KT 10SM CLR 34/11 A3012 RMK AO2 PK WND 15026/2125 SLP137 T03440111
AMA,2023-08-23 22:53,KAMA 232253Z 15015G21KT 10SM CLR 33/12 A3011 RMK AO2 PK WND 16026/2214 SLP136 T03330122
AMA,2023-08-23 23:53,KAMA 232353Z 14017G27KT 10SM CLR 32/12 A3011 RMK AO2 PK WND 17027/2345 SLP135 T03220117 10350 20322 56007
AMA,2023-08-24 00:53,KAMA 240053Z 15019G25KT 10SM CLR 31/11 A3011 RMK AO2 PK WND 16026/2358 SLP137 T03110111
AMA,2023-08-24 01:53,KAMA 240153Z 17011KT 10SM CLR 29/13 A3013 RMK AO2 SLP141 T02890128
AMA,2023-08-24 02:53,KAMA 240253Z 17007KT 10SM CLR 27/13 A3014 RMK AO2 SLP145 T02720128 53010
AMA,2023-08-24 03:53,KAMA 240353Z 17006KT 10SM CLR 26/13 A3015 RMK AO2 SLP148 T02560128
AMA,2023-08-24 04:53,KAMA 240453Z 15005KT 10SM CLR 24/13 A3015 RMK AO2 SLP149 T02390128
AMA,2023-08-24 05:53,KAMA 240553Z AUTO 14006KT 10SM CLR 24/13 A3015 RMK AO2 SLP148 T02390128 10322 20233 403500211 50002
AMA,2023-08-24 06:53,KAMA 240653Z AUTO 18010KT 10SM CLR 25/12 A3015 RMK AO2 SLP146 T02500122
AMA,2023-08-24 07:53,KAMA 240753Z AUTO 20006KT 10SM CLR 23/12 A3014 RMK AO2 SLP144 T02280122
AMA,2023-08-24 08:53,KAMA 240853Z AUTO 20005KT 10SM CLR 22/13 A3014 RMK AO2 SLP143 T02170128 58004
AMA,2023-08-24 09:53,KAMA 240953Z AUTO 21006KT 10SM CLR 21/13 A3014 RMK AO2 SLP144 T02110133
AMA,2023-08-24 10:53,KAMA 241053Z 19006KT 10SM CLR 21/14 A3014 RMK AO2 SLP145 T02110144
AMA,2023-08-24 11:53,KAMA 241153Z 22004KT 10SM CLR 21/15 A3016 RMK AO2 SLP154 T02060150 10250 20206 53006
AMA,2023-08-24 12:53,KAMA 241253Z 23004KT 10SM CLR 21/15 A3017 RMK AO2 SLP159 T02060150
AMA,2023-08-24 13:53,KAMA 241353Z 23009KT 10SM CLR 26/16 A3018 RMK AO2 SLP160 T02560161
AMA,2023-08-24 14:53,KAMA 241453Z 25014KT 10SM CLR 28/17 A3019 RMK AO2 SLP162 T02780167 51010
AMA,2023-08-24 15:53,KAMA 241553Z 22012KT 10SM CLR 29/17 A3020 RMK AO2 SLP164 T02940167
AMA,2023-08-24 16:53,KAMA 241653Z 21011G24KT 10SM FEW048 31/17 A3018 RMK AO2 SLP161 T03060167
AMA,2023-08-24 17:53,KAMA 241753Z 18016G24KT 10SM BKN060 32/16 A3017 RMK AO2 SLP155 T03170156 10317 20194 58007
AMA,2023-08-24 18:53,KAMA 241853Z 16016G21KT 10SM SCT090 32/15 A3015 RMK AO2 PK WND 17026/1828 SLP149 T03170150
AMA,2023-08-24 19:53,KAMA 241953Z AUTO 20015G25KT 10SM SCT065 BKN100 33/15 A3013 RMK AO2 SLP142 T03330150
AMA,2023-08-24 20:53,KAMA 242053Z 21015G20KT 10SM SCT070 SCT100 34/15 A3011 RMK AO2 SLP134 T03390150 58018
AMA,2023-08-24 21:53,KAMA 242153Z 21012G21KT 10SM CLR 33/14 A3010 RMK AO2 PK WND 20027/2107 SLP130 T03330144
AMA,2023-08-24 22:53,KAMA 242253Z 19012KT 10SM CLR 33/14 A3008 RMK AO2 SLP126 T03330139
AMA,2023-08-24 23:53,KAMA 242353Z 18016G23KT 10SM FEW100 33/14 A3007 RMK AO2 SLP125 T03280144 10344 20300 56010
AMA,2023-08-25 00:53,KAMA 250053Z 18014G21KT 10SM CLR 32/14 A3007 RMK AO2 SLP126 T03170139
AMA,2023-08-25 01:53,KAMA 250153Z 17012KT 10SM CLR 30/13 A3008 RMK AO2 SLP123 T03000133
AMA,2023-08-25 02:53,KAMA 250253Z 18012KT 10SM CLR 28/13 A3009 RMK AO2 SLP126 T02830133 53004
AMA,2023-08-25 03:53,KAMA 250353Z 18012KT 10SM CLR 28/13 A3009 RMK AO2 SLP127 T02830133
AMA,2023-08-25 04:53,KAMA 250453Z AUTO 18009KT 10SM CLR 27/13 A3010 RMK AO2 SLP131 T02670128
AMA,2023-08-25 05:53,KAMA 250553Z AUTO 19011KT 10SM CLR 27/12 A3011 RMK AO2 SLP133 T02670122 10328 20261 403440194 53007
AMA,2023-08-25 06:53,KAMA 250653Z AUTO 19009KT 10SM FEW100 25/12 A3011 RMK AO2 SLP133 T02500117
AMA,2023-08-25 07:53,KAMA 250753Z AUTO 19010KT 10SM SCT100 24/11 A3010 RMK AO2 SLP128 T02440111
AMA,2023-08-25 08:53,KAMA 250853Z AUTO 19011KT 10SM OVC100 24/11 A3009 RMK AO2 SLP126 T02390106 58006
AMA,2023-08-25 09:53,KAMA 250953Z AUTO 21010KT 10SM CLR 22/11 A3008 RMK AO2 SLP125 T02220106
AMA,2023-08-25 10:53,KAMA 251053Z 19009KT 10SM CLR 22/10 A3009 RMK AO2 SLP129 T02170100
AMA,2023-08-25 11:53,KAMA 251153Z 18004KT 10SM CLR 21/11 A3011 RMK AO2 SLP136 T02110106 10267 20206 53006
AMA,2023-08-25 12:53,KAMA 251253Z 20006KT 10SM CLR 22/11 A3013 RMK AO2 SLP145 T02170111
AMA,2023-08-25 13:53,KAMA 251353Z 22006KT 10SM CLR 26/14 A3015 RMK AO2 SLP147 T02560139
AMA,2023-08-25 14:53,KAMA 251453Z 23011KT 10SM CLR 29/14 A3016 RMK AO2 SLP150 T02940139 51015
AMA,2023-08-25 15:53,KAMA 251553Z 23014G23KT 10SM CLR 32/12 A3016 RMK AO2 SLP149 T03170122
AMA,2023-08-25 16:53,KAMA 251653Z 22015G22KT 10SM CLR 34/12 A3016 RMK AO2 SLP146 T03390117
AMA,2023-08-25 17:53,KAMA 251753Z 20015G25KT 10SM CLR 35/10 A3014 RMK AO2 PK WND 22028/1727 SLP138 T03500100 10350 20206 58007
AMA,2023-08-25 18:53,KAMA 251853Z 23009G21KT 10SM CLR 35/11 A3012 RMK AO2 PK WND 21026/1823 SLP133 T03500111
AMA,2023-08-25 19:53,KAMA 251953Z 21016G24KT 10SM CLR 36/11 A3010 RMK AO2 SLP126 T03610111
AMA,2023-08-25 20:53,KAMA 252053Z 19011G22KT 10SM FEW090 36/11 A3009 RMK AO2 PK WND 19026/2043 SLP122 T03610106 56016
AMA,2023-08-25 21:53,KAMA 252153Z 22013G22KT 10SM CLR 36/09 A3007 RMK AO2 SLP119 T03610089
AMA,2023-08-25 22:53,KAMA 252253Z 18010G17KT 10SM CLR 36/08 A3007 RMK AO2 SLP118 T03560083
AMA,2023-08-25 23:53,KAMA 252353Z 18013KT 10SM CLR 35/08 A3007 RMK AO2 SLP120 T03500083 10367 20344 55005
AMA,2023-08-26 00:53,KAMA 260053Z 18012KT 10SM CLR 33/08 A3007 RMK AO2 SLP122 T03280083
AMA,2023-08-26 01:53,KAMA 260153Z 19010KT 10SM CLR 30/07 A3008 RMK AO2 SLP126 T03000067
AMA,2023-08-26 02:53,KAMA 260253Z 18009KT 10SM CLR 29/07 A3010 RMK AO2 SLP129 T02890072 53009
AMA,2023-08-26 03:53,KAMA 260353Z 17008KT 10SM CLR 28/07 A3012 RMK AO2 SLP133 T02780067
AMA,2023-08-26 04:53,KAMA 260453Z 27007KT 10SM CLR 28/08 A3014 RMK AO2 SLP139 T02780078
AMA,2023-08-26 05:53,KAMA 260553Z AUTO 36011G20KT 10SM CLR 23/16 A3016 RMK AO2 SLP150 T02330161 10344 20233 403670206 53019
AMA,2023-08-26 06:53,KAMA 260653Z AUTO 01011KT 10SM CLR 23/16 A3016 RMK AO2 SLP151 T02280161
AMA,2023-08-26 07:53,KAMA 260753Z AUTO 36009KT 10SM CLR 22/16 A3016 RMK AO2 SLP150 T02170161
AMA,2023-08-26 08:53,KAMA 260853Z AUTO 35009KT 10SM CLR 21/16 A3016 RMK AO2 SLP149 T02110161 58002
AMA,2023-08-26 09:53,KAMA 260953Z AUTO 35010KT 10SM CLR 21/15 A3016 RMK AO2 SLP151 T02060150
AMA,2023-08-26 10:53,KAMA 261053Z 34012G19KT 10SM CLR 19/14 A3018 RMK AO2 SLP157 T01940144
AMA,2023-08-26 11:53,KAMA 261153Z 35011G20KT 10SM CLR 19/15 A3019 RMK AO2 SLP163 T01940150 10233 20194 53010
AMA,2023-08-26 12:53,KAMA 261253Z 35012KT 10SM CLR 19/15 A3020 RMK AO2 SLP170 T01940150
AMA,2023-08-26 13:53,KAMA 261353Z 36016G23KT 10SM SCT012 21/16 A3022 RMK AO2 SLP176 T02110156
AMA,2023-08-26 14:53,KAMA 261453Z 01019G26KT 10SM CLR 23/17 A3022 RMK AO2 PK WND 36026/1453 SLP176 T02280167 51009
AMA,2023-08-26 15:53,KAMA 261553Z 36018G25KT 10SM CLR 24/17 A3023 RMK AO2 SLP180 T02440167
AMA,2023-08-26 16:53,KAMA 261653Z 36015G25KT 10SM CLR 27/17 A3022 RMK AO2 SLP172 T02720172
AMA,2023-08-26 17:53,KAMA 261753Z 01012G22KT 330V030 10SM CLR 28/17 A3021 RMK AO2 PK WND 35026/1726 SLP173 T02830167 10283 20189 58003
AMA,2023-08-26 18:53,KAMA 261853Z 02016G21KT 10SM CLR 29/17 A3020 RMK AO2 SLP171 T02940172
AMA,2023-08-26 19:53,KAMA 261953Z 35012G23KT 10SM CLR 30/17 A3019 RMK AO2 SLP165 T03000167
AMA,2023-08-26 20:53,KAMA 262053Z 01011G22KT 10SM CLR 29/17 A3017 RMK AO2 SLP161 T02940167 58013
AMA,2023-08-26 21:53,KAMA 262153Z 04012G20KT 10SM CLR 29/17 A3015 RMK AO2 SLP155 T02940167
AMA,2023-08-26 22:53,KAMA 262253Z 02013G18KT 10SM CLR 29/17 A3014 RMK AO2 SLP154 T02940167
AMA,2023-08-26 23:53,KAMA 262353Z 02012KT 10SM CLR 27/16 A3015 RMK AO2 SLP159 T02720161 10306 20272 55006
AMA,2023-08-27 00:53,KAMA 270053Z 04010KT 10SM CLR 26/16 A3015 RMK AO2 SLP162 T02560161
AMA,2023-08-27 01:53,KAMA 270153Z 03009KT 10SM CLR 23/17 A3016 RMK AO2 SLP167 T02280167
AMA,2023-08-27 02:53,KAMA 270253Z 03005KT 10SM CLR 21/17 A3017 RMK AO2 SLP171 T02110167 53008
AMA,2023-08-27 03:53,KAMA 270353Z 04007KT 10SM CLR 21/17 A3019 RMK AO2 SLP173 T02110167
AMA,2023-08-27 04:53,KAMA 270453Z AUTO 05007KT 10SM CLR 22/17 A3020 RMK AO2 SLP173 T02170172
AMA,2023-08-27 05:53,KAMA 270553Z AUTO 05008KT 10SM CLR 22/17 A3019 RMK AO2 SLP170 T02170172 10272 20206 403060189 50006
AMA,2023-08-27 06:53,KAMA 270653Z AUTO 04009KT 10SM FEW110 21/17 A3018 RMK AO2 SLP165 T02110172
AMA,2023-08-27 07:53,KAMA 270753Z AUTO 05007KT 10SM SCT120 21/17 A3017 RMK AO2 SLP162 T02110172
AMA,2023-08-27 08:53,KAMA 270853Z AUTO 04006KT 10SM OVC110 21/17 A3017 RMK AO2 SLP163 T02060172 55006
AMA,2023-08-27 09:53,KAMA 270953Z AUTO 07007KT 10SM BKN100 OVC120 20/17 A3017 RMK AO2 SLP162 T02000172
AMA,2023-08-27 10:53,KAMA 271053Z AUTO 04008KT 10SM FEW110 19/16 A3018 RMK AO2 SLP166 T01940161
AMA,2023-08-27 11:53,KAMA 271153Z 04005KT 10SM FEW110 19/16 A3019 RMK AO2 SLP172 T01890161 10217 20189 53004
AMA,2023-08-27 12:53,KAMA 271253Z 35004KT 10SM BKN100 19/16 A3020 RMK AO2 SLP179 T01940161
AMA,2023-08-27 13:53,KAMA 271353Z 30003KT 10SM CLR 21/16 A3021 RMK AO2 SLP184 T02060156
AMA,2023-08-27 14:53,KAMA 271453Z 00000KT 10SM FEW120 22/16 A3021 RMK AO2 SLP184 T02170156 51007
AMA,2023-08-27 15:53,KAMA 271553Z 01006KT 10SM FEW075 25/16 A3020 RMK AO2 SLP175 T02500156
AMA,2023-08-27 16:53,KAMA 271653Z VRB06KT 10SM FEW120 27/15 A3018 RMK AO2 SLP166 T02670150
AMA,2023-08-27 17:53,KAMA 271753Z VRB05KT 10SM CLR 28/14 A3016 RMK AO2 SLP158 T02780144 10283 20189 58016
AMA,2023-08-27 18:53,KAMA 271853Z VRB05KT 10SM CLR 29/14 A3013 RMK AO2 SLP147 T02940144
AMA,2023-08-27 19:53,KAMA 271953Z 05007KT 010V070 10SM CLR 31/14 A3011 RMK AO2 SLP139 T03110144
AMA,2023-08-27 20:53,KAMA 272053Z AUTO 01006KT 10SM FEW060 32/14 A3008 RMK AO2 SLP129 T03220144 56023
AMA,2023-08-27 21:53,KAMA 272153Z 05007KT 010V070 10SM BKN060 32/14 A3006 RMK AO2 SLP121 T03170144
AMA,2023-08-27 22:53,KAMA 272253Z VRB05KT 10SM SCT075 31/14 A3004 RMK AO2 SLP118 T03110139
AMA,2023-08-27 23:53,KAMA 272353Z 05009KT 10SM CLR 31/14 A3003 RMK AO2 SLP114 T03110139 10333 20278 56016
AMA,2023-08-28 00:53,KAMA 280053Z 08010KT 10SM CLR 29/13 A3004 RMK AO2 SLP120 T02890133
AMA,2023-08-28 01:53,KAMA 280153Z 08010KT 10SM CLR 27/13 A3006 RMK AO2 SLP128 T02670128
AMA,2023-08-28 02:53,KAMA 280253Z 08014KT 10SM CLR 26/13 A3008 RMK AO2 SLP132 T02560128 53014
AMA,2023-08-28 03:53,KAMA 280353Z 08010KT 10SM CLR 24/11 A3011 RMK AO2 SLP144 T02390111
AMA,2023-08-28 04:53,KAMA 280453Z AUTO 08008KT 10SM SCT075 23/12 A3012 RMK AO2 SLP145 T02280117
AMA,2023-08-28 05:53,KAMA 280553Z AUTO 11009KT 10SM BKN075 23/11 A3012 RMK AO2 SLP143 T02280106 10311 20217 403330189 50013
AMA,2023-08-28 06:53,KAMA 280653Z AUTO 11009KT 10SM BKN070 22/12 A3012 RMK AO2 SLP140 T02220117
AMA,2023-08-28 07:53,KAMA 280753Z AUTO 10008KT 10SM OVC070 22/12 A3012 RMK AO2 LTG DSNT W SLP141 T02170122
AMA,2023-08-28 08:53,KAMA 280853Z AUTO 30008G16KT 10SM OVC070 22/13 A3015 RMK AO2 LTG DSNT S AND SW SLP150 T02170128 53010
AMA,2023-08-28 09:53,KAMA 280953Z AUTO 29007KT 10SM SCT070 19/15 A3015 RMK AO2 LTG DSNT S SLP153 T01890150
AMA,2023-08-28 10:53,KAMA 281053Z 26003KT 10SM CLR 19/15 A3014 RMK AO2 SLP153 T01890150
AMA,2023-08-28 11:53,KAMA 281153Z 00000KT 10SM CLR 19/15 A3015 RMK AO2 SLP154 T01940150 10228 20189 55000
AMA,2023-08-28 12:53,KAMA 281253Z 34003KT 10SM CLR 19/15 A3016 RMK AO2 SLP162 T01940150
AMA,2023-08-28 13:53,KAMA 281353Z 31004KT 10SM CLR 21/16 A3018 RMK AO2 SLP168 T02110156
AMA,2023-08-28 14:53,KAMA 281453Z 00000KT 10SM CLR 24/14 A3018 RMK AO2 SLP166 T02390144 51009
AMA,2023-08-28 15:53,KAMA 281553Z 31005KT 10SM CLR 26/14 A3018 RMK AO2 SLP165 T02560139
AMA,2023-08-28 16:53,KAMA 281653Z 05005KT 10SM CLR 27/14 A3017 RMK AO2 SLP160 T02720144
AMA,2023-08-28 17:53,KAMA 281753Z 02008KT 10SM CLR 29/11 A3015 RMK AO2 SLP153 T02940111 10300 20189 58009
AMA,2023-08-28 18:53,KAMA 281853Z 10SM CLR 30/12 A3013 RMK AO2 SLP145 T03000117
AMA,2023-08-28 19:53,KAMA 281953Z 05007KT 10SM CLR 32/09 A3012 RMK AO2 SLP141 T03170089
AMA,2023-08-28 20:53,KAMA 282053Z 34010G16KT 10SM CLR 33/08 A3010 RMK AO2 SLP131 T03280083 58017
AMA,2023-08-28 21:53,KAMA 282153Z 07009G15KT 10SM CLR 32/09 A3008 RMK AO2 SLP131 T03220094
AMA,2023-08-28 22:53,KAMA 282253Z 09011G15KT 10SM CLR 32/08 A3007 RMK AO2 SLP127 T03220078
AMA,2023-08-28 23:53,KAMA 282353Z 06005KT 10SM CLR 32/05 A3007 RMK AO2 SLP128 T03170050 10333 20289 55007
AMA,2023-08-29 00:53,KAMA 290053Z 09006KT 10SM CLR 29/05 A3008 RMK AO2 SLP134 T02890050
AMA,2023-08-29 01:53,KAMA 290153Z 08009KT 10SM CLR 27/06 A3010 RMK AO2 SLP142 T02670056
AMA,2023-08-29 02:53,KAMA 290253Z 12007KT 10SM CLR 24/07 A3013 RMK AO2 SLP151 T02440072 53018
AMA,2023-08-29 03:53,KAMA 290353Z 10008KT 10SM CLR 24/07 A3014 RMK AO2 SLP152 T02390072
AMA,2023-08-29 04:53,KAMA 290453Z AUTO 30004KT 10SM CLR 21/07 A3015 RMK AO2 SLP158 T02110072
AMA,2023-08-29 05:53,KAMA 290553Z AUTO 31008KT 10SM CLR 22/14 A3016 RMK AO2 SLP157 T02220144 10317 20211 403330189 53009
AMA,2023-08-29 06:53,KAMA 290653Z AUTO 29006KT 10SM CLR 21/14 A3016 RMK AO2 SLP156 T02060144
AMA,2023-08-29 07:53,KAMA 290753Z AUTO 30006KT 10SM CLR 20/15 A3015 RMK AO2 SLP154 T02000150
AMA,2023-08-29 08:53,KAMA 290853Z AUTO 31009KT 10SM CLR 20/15 A3017 RMK AO2 SLP157 T02000150 53001
AMA,2023-08-29 09:53,KAMA 290953Z AUTO 34007KT 10SM CLR 20/13 A3018 RMK AO2 SLP161 T02000133
AMA,2023-08-29 10:53,KAMA 291053Z 01007KT 10SM CLR 20/13 A3018 RMK AO2 SLP161 T02000133
AMA,2023-08-29 11:53,KAMA 291153Z 36006KT 10SM CLR 18/14 A3018 RMK AO2 SLP166 T01830139 10222 20183 51004
AMA,2023-08-29 12:53,KAMA 291253Z 01004KT 10SM CLR 19/14 A3019 RMK AO2 SLP170 T01940139
AMA,2023-08-29 13:53,KAMA 291353Z 03007KT 10SM FEW100 21/14 A3020 RMK AO2 SLP174 T02060144
AMA,2023-08-29 14:53,KAMA 291453Z 03012KT 10SM CLR 24/14 A3021 RMK AO2 SLP179 T02390139 53010
AMA,2023-08-29 15:53,KAMA 291553Z 01016G21KT 10SM SCT100 26/13 A3023 RMK AO2 SLP181 T02560128
AMA,2023-08-29 16:53,KAMA 291653Z 35014G21KT 10SM SCT095 25/13 A3023 RMK AO2 SLP187 T02500133
AMA,2023-08-29 17:53,KAMA 291753Z 36013KT 10SM OVC100 22/14 A3023 RMK AO2 RAB26E34 SLP191 P0000 60000 T02220139 10267 20183 51005
AMA,2023-08-29 18:53,KAMA 291853Z 01009KT 10SM SCT110 24/14 A3021 RMK AO2 RAB17E33 SLP184 P0000 T02390144
AMA,2023-08-29 19:53,KAMA 291953Z VRB05G14KT 10SM SCT090 27/13 A3019 RMK AO2 SLP173 T02720128
AMA,2023-08-29 20:53,KAMA 292053Z 01008KT 10SM SCT095 26/13 A3018 RMK AO2 SLP168 60000 T02610133 58018
AMA,2023-08-29 21:53,KAMA 292153Z 03005KT 10SM OVC100 26/14 A3016 RMK AO2 SLP164 T02560139
AMA,2023-08-29 22:53,KAMA 292253Z VRB06KT 10SM SCT120 28/13 A3015 RMK AO2 SLP157 T02830133
AMA,2023-08-29 23:53,KAMA 292353Z 07006KT 10SM CLR 27/13 A3014 RMK AO2 SLP158 60000 T02670133 10283 20206 56009
AMA,2023-08-30 00:53,KAMA 300053Z 08007KT 10SM CLR 25/12 A3014 RMK AO2 SLP159 T02500122
AMA,2023-08-30 01:53,KAMA 300153Z 14003KT 10SM CLR 24/13 A3015 RMK AO2 SLP162 T02390128
AMA,2023-08-30 02:53,KAMA 300253Z 20003KT 10SM CLR 22/13 A3016 RMK AO2 SLP164 T02220128 53006
AMA,2023-08-30 03:53,KAMA 300353Z 00000KT 10SM CLR 22/12 A3017 RMK AO2 SLP164 T02220122
AMA,2023-08-30 04:53,KAMA 300453Z 25004KT 9SM CLR 20/13 A3017 RMK AO2 SLP166 T02000128
AMA,2023-08-30 05:53,KAMA 300553Z 23004KT 10SM CLR 18/12 A3017 RMK AO2 SLP171 T01830122 10267 20178 402830178 50001
AMA,2023-08-30 06:53,KAMA 300653Z 25005KT 10SM CLR 18/12 A3016 RMK AO2 SLP168 T01830122
AMA,2023-08-30 07:53,KAMA 300753Z 25006KT 10SM CLR 17/12 A3016 RMK AO2 SLP165 T01720122
AMA,2023-08-30 08:53,KAMA 300853Z 35005KT 10SM CLR 17/12 A3016 RMK AO2 SLP167 T01720122 55001
AMA,2023-08-30 09:53,KAMA 300953Z 34004KT 10SM CLR 18/12 A3016 RMK AO2 SLP167 T01780122
AMA,2023-08-30 10:53,KAMA 301053Z 31007KT 10SM CLR 19/13 A3017 RMK AO2 SLP163 T01890128
AMA,2023-08-30 11:53,KAMA 301153Z 01004KT 10SM CLR 17/13 A3017 RMK AO2 SLP169 T01720128 10194 20161 53003
AMA,2023-08-30 12:53,KAMA 301253Z 27004KT 10SM CLR 17/12 A3017 RMK AO2 SLP173 T01670122
AMA,2023-08-30 13:53,KAMA 301353Z 30009KT 10SM CLR 23/13 A3018 RMK AO2 SLP169 T02280128
AMA,2023-08-30 14:53,KAMA 301453Z 30010KT 10SM CLR 25/12 A3018 RMK AO2 SLP169 T02500122 53003
AMA,2023-08-30 15:53,KAMA 301553Z 29007KT 10SM CLR 28/11 A3019 RMK AO2 SLP166 T02830111
AMA,2023-08-30 16:53,KAMA 301653Z 32006KT 10SM CLR 29/08 A3017 RMK AO2 SLP162 T02940078
AMA,2023-08-30 17:53,KAMA 301753Z 29006KT 10SM CLR 31/07 A3015 RMK AO2 SLP155 T03060072 10306 20167 58011
AMA,2023-08-30 18:53,KAMA 301853Z VRB03KT 10SM CLR 31/06 A3012 RMK AO2 SLP146 T03060061
AMA,2023-08-30 19:53,KAMA 301953Z 26006KT 10SM CLR 33/04 A3009 RMK AO2 SLP136 T03280044
AMA,2023-08-30 20:53,KAMA 302053Z 33005KT 10SM CLR 32/04 A3007 RMK AO2 SLP127 T03220039 56024
AMA,2023-08-30 21:53,KAMA 302153Z 21006KT 10SM CLR 33/03 A3004 RMK AO2 SLP118 T03280033
AMA,2023-08-30 22:53,KAMA 302253Z 32004KT 10SM CLR 33/03 A3003 RMK AO2 SLP110 T03280028
AMA,2023-08-30 23:53,KAMA 302353Z VRB03KT 10SM CLR 32/03 A3001 RMK AO2 SLP110 T03170033 10333 20300 56016
AMA,2023-08-31 00:53,KAMA 310053Z 22004KT 10SM CLR 29/04 A3001 RMK AO2 SLP113 T02890039
AMA,2023-08-31 01:53,KAMA 310153Z 19005KT 10SM CLR 27/06 A3002 RMK AO2 SLP110 T02720056
AMA,2023-08-31 02:53,KAMA 310253Z 12008KT 10SM CLR 24/06 A3004 RMK AO2 SLP117 T02390056 53007
AMA,2023-08-31 03:53,KAMA 310353Z 16007KT 10SM CLR 23/06 A3004 RMK AO2 SLP115 T02330061
AMA,2023-08-31 04:53,KAMA 310453Z 18007KT 10SM CLR 23/07 A3004 RMK AO2 SLP114 T02280067
AMA,2023-08-31 05:53,KAMA 310553Z 19007KT 10SM CLR 22/07 A3004 RMK AO2 SLP115 T02170072 10317 20206 403330161 52002
AMA,2023-08-31 06:53,KAMA 310653Z 16010KT 10SM CLR 21/07 A3002 RMK AO2 SLP111 T02060072
AMA,2023-08-31 07:53,KAMA 310753Z 17008KT 10SM CLR 19/08 A3003 RMK AO2 SLP110 T01940078
AMA,2023-08-31 08:53,KAMA 310853Z 18004KT 10SM CLR 19/08 A3004 RMK AO2 SLP115 T01940078 53000
AMA,2023-08-31 09:53,KAMA 310953Z 15005KT 10SM CLR 18/08 A3004 RMK AO2 SLP116 T01780083
AMA,2023-08-31 10:53,KAMA 311053Z 13007KT 10SM CLR 15/08 A3004 RMK AO2 SLP119 T01500083
AMA,2023-08-31 11:53,KAMA 311153Z 16008KT 10SM CLR 17/09 A3003 RMK AO2 SLP117 T01670089 10222 20150 58002
AMA,2023-08-31 12:53,KAMA 311253Z 15009KT 10SM CLR 17/09 A3005 RMK AO2 SLP125 T01670089
AMA,2023-08-31 13:53,KAMA 311353Z 15012KT 10SM CLR 21/10 A3005 RMK AO2 SLP123 T02060100
AMA,2023-08-31 14:53,KAMA 311453Z 17012KT 10SM CLR 24/11 A3004 RMK AO2 SLP120 T02440106 50002
AMA,2023-08-31 15:53,KAMA 311553Z 18012KT 10SM CLR 28/10 A3005 RMK AO2 SLP118 T02780100
AMA,2023-08-31 16:53,KAMA 311653Z 19011G19KT 10SM CLR 31/11 A3004 RMK AO2 SLP114 T03060106
AMA,2023-08-31 17:53,KAMA 311753Z 22011KT 10SM CLR 33/08 A3003 RMK AO2 SLP108 T03280083 10328 20161 58004
AMA,2023-08-31 18:53,KAMA 311853Z 21011G20KT 10SM CLR 34/08 A3001 RMK AO2 SLP102 T03390083
AMA,2023-08-31 19:53,KAMA 311953Z AUTO 20016G20KT 10SM CLR 35/07 A2999 RMK AO2 SLP094 T03500072
AMA,2023-08-31 20:53,KAMA 312053Z 21012G20KT 10SM CLR 36/08 A2997 RMK AO2 SLP086 T03610078 58018
AMA,2023-08-31 21:53,KAMA 312153Z 20012G21KT 10SM CLR 36/07 A2996 RMK AO2 SLP085 T03560072
AMA,2023-08-31 22:53,KAMA 312253Z 20012G22KT 10SM CLR 35/08 A2996 RMK AO2 SLP088 T03500078
AMA,2023-08-31 23:53,KAMA 312353Z 16014KT 10SM CLR 34/07 A2996 RMK AO2 SLP087 T03390072 10361 20328 55003
