station,valid,vsby,skyl1,metar
ATL,2023-05-31 00:52,10.00,10000.00,KATL 310052Z 09007KT 10SM SCT100 24/14 A2997 RMK AO2 SLP140 T02390144 $
ATL,2023-05-31 01:52,10.00,9500.00,KATL 310152Z 09007KT 10SM SCT095 23/15 A2998 RMK AO2 SLP143 T02280150 $
ATL,2023-05-31 02:52,10.00,10000.00,KATL 310252Z 09006KT 10SM BKN100 22/15 A3000 RMK AO2 SLP150 T02220150 53013 $
ATL,2023-05-31 03:52,10.00,9500.00,KATL 310352Z 09007KT 10SM FEW095 22/16 A3001 RMK AO2 SLP153 T02170156 $
ATL,2023-05-31 04:52,10.00,4500.00,KATL 310452Z 08008KT 10SM FEW045 SCT100 21/16 A3001 RMK AO2 SLP152 T02110156 402830161 $
ATL,2023-05-31 05:52,10.00,3300.00,KATL 310552Z 08012KT 10SM BKN033 BKN080 BKN100 21/16 A3001 RMK AO2 SLP154 T02110156 10244 20211 51004 $
ATL,2023-05-31 06:52,10.00,3300.00,KATL 310652Z 07012KT 10SM FEW033 BKN100 21/16 A3001 RMK AO2 SLP153 T02110161 $
ATL,2023-05-31 07:52,10.00,5500.00,KATL 310752Z 07012KT 10SM FEW055 SCT070 BKN100 21/17 A3002 RMK AO2 SLP156 T02060167 $
ATL,2023-05-31 08:52,10.00,11000.00,KATL 310852Z 07013KT 10SM OVC110 20/17 A3003 RMK AO2 SLP160 T02000167 53005 $
ATL,2023-05-31 09:52,10.00,1100.00,KATL 310952Z 07014KT 10SM BKN011 OVC110 19/17 A3004 RMK AO2 SLP163 T01940167 $
ATL,2023-05-31 10:52,10.00,1000.00,KATL 311052Z 08012G20KT 10SM OVC010 19/17 A3005 RMK AO2 SLP169 BINOVC T01940167 $
ATL,2023-05-31 11:52,10.00,900.00,KATL 311152Z 08017KT 10SM OVC009 19/17 A3006 RMK AO2 SLP172 BINOVC T01940167 10211 20194 53009 $
ATL,2023-05-31 12:52,10.00,1000.00,KATL 311252Z 08013G20KT 10SM OVC010 20/17 A3008 RMK AO2 SLP178 BINOVC T02000167 $
ATL,2023-05-31 13:52,10.00,1000.00,KATL 311352Z 08013KT 10SM OVC010 21/17 A3009 RMK AO2 SLP182 T02060172 $
ATL,2023-05-31 14:52,10.00,1300.00,KATL 311452Z 07013KT 10SM OVC013 21/17 A3009 RMK AO2 SLP183 CIG 011V015 T02110172 51009 $
ATL,2023-05-31 15:52,10.00,1500.00,KATL 311552Z 08011KT 10SM OVC015 22/17 A3009 RMK AO2 SLP182 CIG 013V017 BINOVC T02170172 $
ATL,2023-05-31 16:52,10.00,1800.00,KATL 311652Z 09006KT 10SM BKN018 OVC030 23/17 A3009 RMK AO2 SLP182 CIG 016V020 T02280172 $
ATL,2023-05-31 17:52,10.00,2200.00,KATL 311752Z 07011KT 10SM SCT022 BKN035 BKN180 BKN250 24/18 A3008 RMK AO2 SLP179 MDT CU SE-SW T02440178 10250 20194 58003 $
ATL,2023-05-31 18:52,10.00,2600.00,KATL 311852Z 09010KT 10SM SCT026 BKN038 BKN200 BKN250 24/17 A3007 RMK AO2 SLP173 MDT CU E-S-SW T02390172 $
ATL,2023-05-31 19:52,10.00,3000.00,KATL 311952Z 06014G29KT 10SM FEW030 SCT046 SCT200 BKN250 26/17 A3005 RMK AO2 PK WND 07029/1952 SLP167 MDT CU S-SW T02560172 $
ATL,2023-05-31 20:52,10.00,3300.00,KATL 312052Z 09009G19KT 10SM FEW033 SCT048 SCT200 BKN250 26/17 A3004 RMK AO2 SLP164 MDT CU SW W T02560167 56014 $
ATL,2023-05-31 21:52,10.00,3500.00,KATL 312152Z 07010KT 10SM FEW035 SCT200 BKN250 25/16 A3003 RMK AO2 SLP162 T02500161 $
ATL,2023-05-31 22:52,10.00,3500.00,KATL 312252Z 09011KT 10SM FEW035 SCT200 BKN250 24/17 A3002 RMK AO2 SLP159 T02440167 $
ATL,2023-05-31 23:52,10.00,3200.00,KATL 312352Z 09011KT 10SM FEW032 SCT200 BKN250 24/17 A3004 RMK AO2 SLP165 T02390167 10261 20239 55000 $
ATL,2023-06-01 00:52,10.00,20000.00,KATL 010052Z 09009KT 10SM FEW200 BKN250 22/17 A3004 RMK AO2 SLP167 T02220167 $
ATL,2023-06-01 01:52,10.00,12000.00,KATL 010152Z 09010KT 10SM FEW120 BKN250 22/17 A3006 RMK AO2 SLP172 T02170167 $
ATL,2023-06-01 03:52,10.00,25000.00,KATL 010352Z 10007KT 10SM BKN250 20/17 A3007 RMK AO2 SLP175 T02000167 $
ATL,2023-06-01 04:52,10.00,25000.00,KATL 010452Z 09008KT 10SM BKN250 19/17 A3006 RMK AO2 SLP172 T01940167 402610194 $
ATL,2023-06-01 05:52,10.00,25000.00,KATL 010552Z 10006KT 10SM BKN250 19/16 A3005 RMK AO2 SLP168 T01940161 10239 20194 58008 $
ATL,2023-06-01 06:52,10.00,25000.00,KATL 010652Z 08007KT 10SM BKN250 19/16 A3004 RMK AO2 SLP165 T01890161 $
ATL,2023-06-01 07:52,10.00,25000.00,KATL 010752Z 08007KT 10SM BKN250 18/17 A3003 RMK AO2 SLP161 T01830167 $
ATL,2023-06-01 08:52,10.00,25000.00,KATL 010852Z 05007KT 10SM BKN250 19/17 A3004 RMK AO2 SLP163 T01890167 55005 $
ATL,2023-06-01 09:52,10.00,25000.00,KATL 010952Z 06010KT 10SM BKN250 19/17 A3005 RMK AO2 SLP166 T01890167 $
ATL,2023-06-01 10:52,10.00,20000.00,KATL 011052Z 08007KT 10SM FEW200 BKN250 18/16 A3007 RMK AO2 SLP174 T01830161 $
ATL,2023-06-01 11:52,10.00,11000.00,KATL 011152Z 07009KT 10SM FEW110 SCT200 BKN250 19/16 A3008 RMK AO2 SLP179 T01940161 10194 20178 53014 $
ATL,2023-06-01 12:52,10.00,1500.00,KATL 011252Z 08011KT 10SM FEW015 FEW110 SCT200 BKN250 21/17 A3009 RMK AO2 SLP183 ACC DSNT E T02060167 $
ATL,2023-06-01 13:52,10.00,1800.00,KATL 011352Z 08008KT 10SM FEW018 SCT200 BKN250 23/17 A3009 RMK AO2 SLP183 T02330172 $
ATL,2023-06-01 14:52,10.00,2400.00,KATL 011452Z 08009KT 10SM SCT024 SCT200 BKN250 23/17 A3008 RMK AO2 SLP179 MDT CU NW-NE T02330167 50002 $
ATL,2023-06-01 15:52,10.00,100.00,KATL 011552Z 06008KT 10SM FEW001 SCT030 SCT200 BKN250 24/16 A3008 RMK AO2 SLP178 FU FEW001 FU PLUME S MDT CU N-NE W T02440161 $
ATL,2023-06-01 16:52,10.00,3400.00,KATL 011652Z 06007KT 10SM SCT034 BKN200 BKN250 25/17 A3007 RMK AO2 SLP175 MDT CU DSNT ALQDS T02500167 $
ATL,2023-06-01 17:52,10.00,3800.00,KATL 011752Z 08009KT 10SM SCT038 BKN200 BKN250 26/17 A3006 RMK AO2 SLP170 TCU DSNT E SW W MDT CU DSNT ALQDS T02560167 10261 20194 58009 $
ATL,2023-06-01 18:52,10.00,4000.00,KATL 011852Z 06009KT 10SM SCT040 BKN200 BKN250 27/16 A3003 RMK AO2 SLP162 TCU DSNT NE SE MDT CU S SW-NW DSNT ALQDS T02670161
ATL,2023-06-01 19:52,10.00,4300.00,KATL 011952Z 07007KT 10SM SCT043TCU SCT200 BKN250 27/16 A3001 RMK AO2 SLP155 TCU W DSNT E-SE MDT CU DSNT ALQDS T02720161
ATL,2023-06-01 20:52,10.00,5000.00,KATL 012052Z 06008G17KT 10SM FEW050 FEW075 SCT200 BKN250 28/16 A2999 RMK AO2 SLP146 TCU DSNT SE-S MDT CU NE-E T02780156 57022
ATL,2023-06-01 21:52,10.00,5500.00,KATL 012152Z 09007KT 10SM FEW055 SCT200 BKN250 28/15 A2998 RMK AO2 SLP141 TCU DSNT S T02830150
ATL,2023-06-01 22:52,10.00,5500.00,KATL 012252Z 07005KT 10SM FEW055 SCT200 BKN250 27/14 A2997 RMK AO2 SLP139 MDT CU OHD T02720144
ATL,2023-06-01 23:52,10.00,5000.00,KATL 012352Z 10009KT 10SM FEW050 BKN250 27/15 A2997 RMK AO2 SLP140 TCU DSNT SE T02670150 10289 20256 55006
ATL,2023-06-02 00:52,10.00,5000.00,KATL 020052Z 11005KT 10SM FEW050 FEW100 BKN250 26/15 A2998 RMK AO2 SLP142 TCU DSNT SE T02560150
ATL,2023-06-02 01:52,10.00,10000.00,KATL 020152Z 10005KT 10SM FEW100 BKN250 25/16 A2999 RMK AO2 SLP145 T02500156
ATL,2023-06-02 02:52,10.00,10000.00,KATL 020252Z 09005KT 10SM FEW100 BKN250 23/16 A3000 RMK AO2 SLP149 T02330161 53009
ATL,2023-06-02 03:52,10.00,10000.00,KATL 020352Z 09006KT 10SM FEW100 BKN250 22/16 A3000 RMK AO2 SLP148 T02220161
ATL,2023-06-02 04:52,10.00,25000.00,KATL 020452Z 08005KT 10SM SCT250 22/16 A3000 RMK AO2 SLP148 T02220161 402890178
ATL,2023-06-02 05:52,10.00,10000.00,KATL 020552Z 08003KT 10SM FEW100 SCT250 22/16 A2999 RMK AO2 SLP145 T02170161 10267 20217 58004
ATL,2023-06-02 06:52,10.00,10000.00,KATL 020652Z 04005KT 10SM FEW100 SCT250 22/16 A2998 RMK AO2 SLP143 T02170161
ATL,2023-06-02 07:52,10.00,10000.00,KATL 020752Z 03007KT 10SM FEW100 SCT250 22/16 A2997 RMK AO2 SLP139 T02170161
ATL,2023-06-02 08:52,10.00,25000.00,KATL 020852Z 04008KT 10SM SCT250 21/16 A2997 RMK AO2 SLP138 T02110161 56007
ATL,2023-06-02 09:52,10.00,11000.00,KATL 020952Z COR 06006KT 10SM FEW110 SCT250 20/16 A2997 RMK AO2 SLP140 T02000161 $
ATL,2023-06-02 10:52,10.00,11000.00,KATL 021052Z 06010KT 10SM FEW110 SCT250 20/16 A2999 RMK AO2 SLP146 T02000156
ATL,2023-06-02 11:52,10.00,11000.00,KATL 021152Z 06007KT 10SM FEW110 FEW250 21/16 A3000 RMK AO2 SLP150 T02110156 10222 20200 53011
ATL,2023-06-02 12:52,10.00,11000.00,KATL 021252Z 07006KT 10SM FEW110 FEW250 22/16 A3000 RMK AO2 SLP150 T02220161
ATL,2023-06-02 13:52,10.00,3000.00,KATL 021352Z 09005KT 10SM FEW030 FEW250 24/16 A2999 RMK AO2 SLP146 T02440161
ATL,2023-06-02 14:52,10.00,3300.00,KATL 021452Z 09009KT 10SM FEW033 FEW100 FEW250 26/17 A2998 RMK AO2 SLP143 ACC DSNT NW T02560167 58007
ATL,2023-06-02 15:52,10.00,3800.00,KATL 021552Z VRB06KT 10SM FEW038 FEW100 FEW250 27/16 A2997 RMK AO2 SLP138 T02720161
ATL,2023-06-02 16:52,10.00,4800.00,KATL 021652Z 02011G16KT 10SM SCT048 SCT250 29/16 A2994 RMK AO2 SLP129 MDT CU ALQDS T02890156
ATL,2023-06-02 17:52,10.00,5500.00,KATL 021752Z 06010G18KT 10SM SCT055 BKN070 BKN250 29/16 A2993 RMK AO2 SLP124 MDT CU ALQDS T02940156 10294 20211 58018
ATL,2023-06-02 18:52,10.00,5500.00,KATL 021852Z 03008KT 360V090 10SM SCT055 SCT080 SCT250 29/15 A2991 RMK AO2 SLP117 MDT CU ALQDS T02940150
ATL,2023-06-02 19:52,10.00,5500.00,KATL 021952Z 04012G18KT 10SM SCT055 SCT080 SCT250 30/15 A2989 RMK AO2 SLP109 TCU DSNT N NW MDT CU ALQDS T03000150
ATL,2023-06-02 20:52,10.00,6000.00,KATL 022052Z 09007G16KT 10SM FEW060 SCT080 SCT200 29/14 A2987 RMK AO2 SLP104 CB DSNT N MDT CU S-W T02940144 56019
ATL,2023-06-02 21:52,10.00,5500.00,KATL 022152Z 06009KT 10SM FEW055 SCT200 30/14 A2985 RMK AO2 SLP099 T03000144
ATL,2023-06-02 22:52,10.00,6000.00,KATL 022252Z 07009G17KT 10SM FEW060 FEW200 30/13 A2985 RMK AO2 SLP096 T03000128
ATL,2023-06-02 23:52,10.00,6000.00,KATL 022352Z 10007KT 10SM FEW060 FEW200 28/13 A2985 RMK AO2 SLP098 T02830128 10306 20278 55006
ATL,2023-06-03 00:52,10.00,6000.00,KATL 030052Z 10006KT 10SM FEW060 FEW200 27/13 A2986 RMK AO2 SLP101 T02670128
ATL,2023-06-03 01:52,10.00,6000.00,KATL 030152Z 10006KT 10SM FEW060 FEW250 26/13 A2987 RMK AO2 SLP104 T02560128
ATL,2023-06-03 02:52,10.00,6000.00,KATL 030252Z 10005KT 10SM FEW060 FEW250 24/13 A2988 RMK AO2 SLP108 T02440128 53009
ATL,2023-06-03 03:52,10.00,6000.00,KATL 030352Z 11003KT 10SM FEW060 FEW250 24/14 A2988 RMK AO2 SLP108 T02440139
ATL,2023-06-03 04:52,10.00,6000.00,KATL 030452Z 09004KT 10SM FEW060 FEW250 23/13 A2988 RMK AO2 SLP108 T02280133 403060200
ATL,2023-06-03 05:52,10.00,6000.00,KATL 030552Z 03003KT 10SM FEW060 FEW250 23/14 A2988 RMK AO2 SLP107 T02280139 10283 20222 58000
ATL,2023-06-03 06:52,10.00,6000.00,KATL 030652Z 04003KT 10SM FEW060 FEW250 22/14 A2987 RMK AO2 SLP102 T02220144
ATL,2023-06-03 07:52,10.00,25000.00,KATL 030752Z 00000KT 10SM FEW250 21/14 A2985 RMK AO2 SLP099 T02060144
ATL,2023-06-03 08:52,10.00,25000.00,KATL 030852Z 03004KT 10SM FEW250 20/14 A2985 RMK AO2 SLP097 T02000144 56010
ATL,2023-06-03 09:52,10.00,6000.00,KATL 030952Z 03006KT 10SM FEW060 FEW250 21/13 A2986 RMK AO2 SLP099 T02110133
ATL,2023-06-03 10:52,10.00,25000.00,KATL 031052Z 04009KT 10SM FEW250 21/13 A2987 RMK AO2 SLP103 T02110133
ATL,2023-06-03 11:52,10.00,25000.00,KATL 031152Z 04009KT 10SM SCT250 22/12 A2987 RMK AO2 SLP104 T02220122 10228 20194 51006 $
ATL,2023-06-03 12:52,10.00,20000.00,KATL 031252Z 04009G18KT 10SM FEW200 BKN250 23/13 A2988 RMK AO2 SLP106 T02330128 $
ATL,2023-06-03 13:52,10.00,25000.00,KATL 031352Z 05007KT 10SM BKN250 25/14 A2988 RMK AO2 SLP107 T02500144 $
ATL,2023-06-03 14:52,10.00,25000.00,KATL 031452Z 09008KT 10SM BKN250 27/14 A2987 RMK AO2 SLP104 T02670144 50001 $
ATL,2023-06-03 15:52,10.00,5000.00,KATL 031552Z 04012KT 10SM FEW050 BKN250 29/13 A2987 RMK AO2 SLP105 T02890128 $
ATL,2023-06-03 16:52,10.00,6000.00,KATL 031652Z 07008KT 10SM FEW060 SCT250 29/11 A2986 RMK AO2 SLP101 T02890111 $
ATL,2023-06-03 17:52,10.00,6500.00,KATL 031752Z 04007G17KT 10SM FEW065 SCT250 30/11 A2985 RMK AO2 SLP098 T03000111 10306 20222 58005 $
ATL,2023-06-03 18:52,10.00,7000.00,KATL 031852Z 09010KT 10SM FEW070 SCT250 30/09 A2985 RMK AO2 SLP096 MDT CU DSNT SE-S T03000089 $
ATL,2023-06-03 19:52,10.00,7000.00,KATL 031952Z 06010G20KT 10SM FEW070 BKN250 31/09 A2984 RMK AO2 SLP094 MDT CU DSNT SE-S T03110089 $
ATL,2023-06-03 20:52,10.00,7000.00,KATL 032052Z 08010G18KT 10SM FEW070 BKN250 31/11 A2982 RMK AO2 SLP087 CB DSNT SE S T03060106 58011 $
ATL,2023-06-03 21:52,10.00,7000.00,KATL 032152Z 03007G17KT 10SM FEW070 SCT250 31/09 A2981 RMK AO2 SLP083 CB DSNT SE S T03060094 $
ATL,2023-06-03 22:52,10.00,7000.00,KATL 032252Z 08013KT 10SM FEW070 SCT250 29/11 A2980 RMK AO2 SLP081 T02940106
ATL,2023-06-03 23:52,10.00,7000.00,KATL 032352Z 06010KT 10SM FEW070 FEW200 SCT250 29/11 A2981 RMK AO2 SLP084 T02940111 10317 20289 55003
ATL,2023-06-04 00:52,10.00,7000.00,KATL 040052Z 08007KT 10SM FEW070 FEW200 SCT250 27/12 A2981 RMK AO2 SLP085 T02720117
ATL,2023-06-04 01:52,10.00,7000.00,KATL 040152Z 07007KT 10SM FEW070 FEW200 SCT250 27/12 A2982 RMK AO2 SLP085 T02670122
ATL,2023-06-04 02:52,10.00,25000.00,KATL 040252Z 07007KT 10SM FEW250 27/13 A2983 RMK AO2 SLP090 T02670128 53006
ATL,2023-06-04 03:52,10.00,25000.00,KATL 040352Z 04005KT 10SM FEW250 26/13 A2983 RMK AO2 SLP089 T02560128
ATL,2023-06-04 04:52,10.00,25000.00,KATL 040452Z 01004KT 10SM FEW250 25/13 A2984 RMK AO2 SLP093 T02500128 403170194
ATL,2023-06-04 05:52,10.00,8000.00,KATL 040552Z 00000KT 10SM FEW080 FEW250 22/14 A2984 RMK AO2 SLP093 T02220139 10294 20222 53003
ATL,2023-06-04 06:52,10.00,8000.00,KATL 040652Z 04012KT 10SM FEW080 FEW250 24/13 A2985 RMK AO2 SLP097 T02390133
ATL,2023-06-04 07:52,10.00,8000.00,KATL 040752Z 07014KT 10SM FEW080 FEW250 22/14 A2986 RMK AO2 SLP101 T02220139 $
ATL,2023-06-04 08:52,10.00,8000.00,KATL 040852Z COR 08014KT 10SM FEW080 FEW250 22/14 A2987 RMK AO2 SLP105 T02170144 52012 $
ATL,2023-06-04 09:52,10.00,10000.00,KATL 040952Z 07013KT 10SM FEW100 FEW250 21/14 A2988 RMK AO2 SLP106 T02110144 $
ATL,2023-06-04 10:52,10.00,10000.00,KATL 041052Z 10008KT 10SM FEW100 FEW250 20/15 A2988 RMK AO2 SLP108 T02000150 $
ATL,2023-06-04 11:52,10.00,12000.00,KATL 041152Z 09007KT 10SM FEW120 FEW200 SCT250 21/16 A2989 RMK AO2 SLP113 T02110156 10239 20200 53007 $
ATL,2023-06-04 12:52,10.00,10000.00,KATL 041252Z 10008KT 10SM BKN100 BKN140 BKN250 21/16 A2991 RMK AO2 SLP121 ACC SW-W T02110156 $
ATL,2023-06-04 13:52,10.00,10000.00,KATL 041352Z 06009KT 10SM FEW100 OVC130 22/16 A2992 RMK AO2 SLP124 T02220161 $
ATL,2023-06-04 14:52,10.00,9500.00,KATL 041452Z 07010KT 10SM SCT095 OVC150 23/16 A2994 RMK AO2 SLP127 VIRGA SW-W T02280161 51014 $
ATL,2023-06-04 15:52,10.00,2500.00,KATL 041552Z 07009KT 10SM FEW025 SCT085 OVC150 23/17 A2995 RMK AO2 SLP132 SHRA W-N T02280167 $
ATL,2023-06-04 16:52,10.00,2500.00,KATL 041652Z 08009KT 10SM FEW025 BKN085 OVC150 23/17 A2994 RMK AO2 SLP129 SHRA W-N-NE T02280172 $
ATL,2023-06-04 17:52,9.00,2200.00,KATL 041752Z 00000KT 9SM -RA FEW022 BKN090 OVC150 23/18 A2993 RMK AO2 RAB04 SLP128 TCU DSNT SE-S P0000 60000 T02280178 10228 20211 58001 $
ATL,2023-06-04 18:52,9.00,1800.00,KATL 041852Z 02004KT 9SM FEW018 BKN110 OVC150 22/19 A2994 RMK AO2 RAE13 SLP128 SHRA SW P0000 T02220189 $
ATL,2023-06-04 19:52,10.00,2000.00,KATL 041952Z 00000KT 10SM FEW020 SCT130 26/19 A2992 RMK AO2 SLP122 MDT CU DSNT NE T02560194 $
ATL,2023-06-04 20:52,10.00,2800.00,KATL 042052Z VRB03KT 10SM FEW028 FEW130 27/18 A2990 RMK AO2 SLP114 CB DSNT NE TCU DSNT N 60000 T02670183 58012
ATL,2023-06-04 21:52,10.00,3200.00,KATL 042152Z COR 04006KT 10SM FEW032 SCT130 SCT250 27/18 A2989 RMK AO2 LTG DSNT E SLP113 CB DSNT NE-SE TCU DSNT N-NE T02720178
ATL,2023-06-04 22:52,10.00,3500.00,KATL 042252Z 05005KT 10SM FEW035TCU FEW150 SCT250 28/18 A2989 RMK AO2 LTG DSNT N-SE SLP111 TCU N AND DSNT NW NE E CB DSNT N-SE T02780178
ATL,2023-06-04 23:52,3.00,4000.00,KATL 042352Z COR 06012KT 3SM -TSRA BR SCT040CB BKN050 BKN075 OVC150 22/18 A2993 RMK AO2 PK WND 07027/2330 LTG DSNT N AND NW SLP128 RAB38 TSB17 OCNL LTGICCG OHD-NW-SE TS OHD-NW-SE MOV SW P0000 60000 T02220178 10278 2021
ATL,2023-06-05 00:52,10.00,3500.00,KATL 050052Z 20005KT 10SM -RA SCT035 BKN085 BKN100 OVC150 21/19 A2992 RMK AO2 SLP124 TSE40 TS MOV SW CB DSNT SW P0050 T02060189
ATL,2023-06-05 01:52,10.00,4100.00,KATL 050152Z 00000KT 10SM SCT041 SCT085 SCT110 BKN250 22/19 A2993 RMK AO2 RAE51 SLP126 P0002 T02220189
ATL,2023-06-05 02:52,10.00,4000.00,KATL 050252Z 06007KT 10SM FEW040 FEW110 BKN170 BKN250 22/18 A2995 RMK AO2 SLP133 60052 T02220183 53006
ATL,2023-06-05 03:52,10.00,5000.00,KATL 050352Z 07008KT 10SM FEW050 SCT110 BKN180 BKN250 22/18 A2996 RMK AO2 SLP135 T02170183
ATL,2023-06-05 04:52,10.00,18000.00,KATL 050452Z 09006KT 10SM FEW180 FEW250 20/18 A2996 RMK AO2 SLP137 T02000183 402780200
ATL,2023-06-05 05:52,10.00,25000.00,KATL 050552Z 10006KT 10SM FEW250 20/18 A2996 RMK AO2 SLP137 60052 T02000178 10228 20200 50003
ATL,2023-06-05 06:52,10.00,25000.00,KATL 050652Z 08006KT 10SM FEW250 19/17 A2996 RMK AO2 SLP140 T01890172
ATL,2023-06-05 07:52,10.00,25000.00,KATL 050752Z 09005KT 10SM FEW250 18/17 A2997 RMK AO2 SLP141 T01830167
ATL,2023-06-05 08:52,10.00,3400.00,KATL 050852Z 09004KT 10SM FEW034 FEW250 18/17 A2997 RMK AO2 SLP141 T01830167 51005
ATL,2023-06-05 09:52,10.00,25000.00,KATL 050952Z 09006KT 10SM FEW250 18/16 A2998 RMK AO2 SLP143 T01780161
ATL,2023-06-05 10:52,7.00,10000.00,KATL 051052Z 10005KT 7SM FEW100 FEW200 18/16 A2999 RMK AO2 SLP149 T01780161
ATL,2023-06-05 11:52,7.00,700.00,KATL 051152Z 13004KT 7SM FEW007 FEW200 FEW250 18/16 A3000 RMK AO2 SLP154 70052 T01830161 10200 20178 53010
ATL,2023-06-05 12:52,6.00,800.00,KATL 051252Z 13004KT 6SM BR SCT008 OVC012 19/17 A3002 RMK AO2 SLP158 CIG 010V014 BINOVC T01890167
ATL,2023-06-05 13:52,7.00,1000.00,KATL 051352Z 16003KT 7SM BKN010 OVC016 19/17 A3003 RMK AO2 SLP163 CIG 009V012 T01940167
ATL,2023-06-05 14:52,9.00,1200.00,KATL 051452Z 21004KT 9SM BKN012 OVC018 21/17 A3003 RMK AO2 SLP161 CIG 010V014 BINOVC T02060172 50008
ATL,2023-06-05 15:52,8.00,1600.00,KATL 051552Z 21004KT 8SM BKN016 OVC024 22/17 A3003 RMK AO2 SLP160 CIG 014V018 BINOVC T02170172
ATL,2023-06-05 16:52,9.00,2200.00,KATL 051652Z 36003KT 9SM OVC022 23/17 A3001 RMK AO2 SLP156 BINOVC T02330172
ATL,2023-06-05 17:52,9.00,2700.00,KATL 051752Z 00000KT 9SM SCT027 BKN033 BKN250 25/18 A3000 RMK AO2 SLP150 T02500183 10250 20183 58009
ATL,2023-06-05 18:52,10.00,3000.00,KATL 051852Z 02006KT 10SM BKN030 BKN250 26/18 A2998 RMK AO2 SLP145 T02610178
ATL,2023-06-05 19:52,10.00,3300.00,KATL 051952Z 00000KT 10SM FEW033 27/18 A2997 RMK AO2 SLP140 T02720183
ATL,2023-06-05 20:52,10.00,3500.00,KATL 052052Z 35005KT 10SM FEW035 FEW250 28/18 A2995 RMK AO2 SLP131 T02830178 58018
ATL,2023-06-05 21:52,10.00,3800.00,KATL 052152Z 35004KT 10SM FEW038 SCT250 29/18 A2993 RMK AO2 SLP127 T02890178
ATL,2023-06-05 22:52,10.00,4000.00,KATL 052252Z 20004KT 10SM FEW040 SCT250 28/18 A2993 RMK AO2 SLP126 T02780178 $
ATL,2023-06-05 23:52,10.00,4000.00,KATL 052352Z 21005KT 10SM FEW040 BKN250 27/18 A2993 RMK AO2 SLP127 T02720183 10289 20239 55005 $
ATL,2023-06-06 00:52,10.00,20000.00,KATL 060052Z 19005KT 10SM FEW200 BKN250 26/18 A2993 RMK AO2 SLP125 T02560183 $
ATL,2023-06-06 01:52,10.00,20000.00,KATL 060152Z 20005KT 10SM FEW200 BKN250 24/18 A2994 RMK AO2 SLP129 T02440183 $
ATL,2023-06-06 02:52,10.00,25000.00,KATL 060252Z 21003KT 10SM BKN250 23/19 A2996 RMK AO2 SLP137 T02330189 53010 $
ATL,2023-06-06 03:52,10.00,25000.00,KATL 060352Z 22003KT 10SM SCT250 23/18 A2996 RMK AO2 SLP138 T02280183 $
ATL,2023-06-06 04:52,10.00,25000.00,KATL 060452Z 24004KT 10SM SCT250 22/18 A2997 RMK AO2 SLP139 T02220183 402890178 $
ATL,2023-06-06 05:52,10.00,25000.00,KATL 060552Z 25006KT 10SM SCT250 22/17 A2995 RMK AO2 SLP131 T02220172 10272 20222 58005 $
ATL,2023-06-06 06:52,10.00,25000.00,KATL 060652Z 25006KT 10SM SCT250 22/17 A2994 RMK AO2 SLP130 T02220172 $
ATL,2023-06-06 07:52,10.00,25000.00,KATL 060752Z 27006KT 10SM SCT250 22/17 A2995 RMK AO2 SLP133 T02170172 $
ATL,2023-06-06 08:52,10.00,25000.00,KATL 060852Z 27005KT 10SM FEW250 21/17 A2995 RMK AO2 SLP132 T02060172 53001 $
ATL,2023-06-06 09:52,10.00,5000.00,KATL 060952Z 32005KT 10SM FEW050 FEW250 21/17 A2997 RMK AO2 SLP138 FRQ LTG DSNT NW-NE CB DSNT NW-NE T02060172 $
ATL,2023-06-06 10:52,9.00,5000.00,KATL 061052Z 00000KT 9SM FEW050 SCT250 20/17 A2996 RMK AO2 SLP137 T02000172 $
ATL,2023-06-06 11:52,10.00,25000.00,KATL 061152Z 27008KT 10SM FEW250 22/18 A2995 RMK AO2 SLP133 T02170178 10222 20200 50001
ATL,2023-06-06 12:52,10.00,5000.00,KATL 061252Z 28008KT 10SM FEW050 FEW250 24/18 A2996 RMK AO2 SLP134 T02390183
ATL,2023-06-06 13:52,10.00,5500.00,KATL 061352Z 27008KT 10SM FEW055 FEW140 FEW250 26/18 A2996 RMK AO2 SLP134 T02610183
ATL,2023-06-06 14:52,10.00,14000.00,KATL 061452Z 27008KT 10SM FEW140 FEW250 28/18 A2996 RMK AO2 SLP135 T02780183 51003
ATL,2023-06-06 15:52,10.00,2400.00,KATL 061552Z COR 27010G17KT 10SM FEW024 FEW250 29/19 A2995 RMK AO2 SLP132 T02890189
ATL,2023-06-06 16:52,10.00,3800.00,KATL 061652Z 28012KT 10SM FEW038 SCT250 29/18 A2994 RMK AO2 SLP128 MDT CU ALQDS T02940183
ATL,2023-06-06 17:52,10.00,4600.00,KATL 061752Z 27012KT 10SM SCT046TCU SCT070 SCT250 31/18 A2991 RMK AO2 SLP118 TCU N-E SE SW-NW MDT CU ALQDS T03060183 10306 20217 58015
ATL,2023-06-06 18:52,10.00,5500.00,KATL 061852Z 26010G18KT 10SM FEW055TCU SCT085 SCT250 31/18 A2989 RMK AO2 SLP111 TCU NE-E SW NW T03110178
ATL,2023-06-06 19:52,10.00,5500.00,KATL 061952Z 27010G17KT 10SM FEW055TCU FEW085 SCT250 32/17 A2987 RMK AO2 SLP105 TCU NW DSNT N NE E T03170172
ATL,2023-06-06 20:52,10.00,6500.00,KATL 062052Z 27010G19KT 10SM FEW065 FEW100 SCT200 SCT250 32/16 A2986 RMK AO2 SLP102 CB DSNT NW TCU DSNT NE W NW T03170156 56016
ATL,2023-06-06 21:52,10.00,6500.00,KATL 062152Z 26011G19KT 10SM FEW065TCU SCT200 SCT250 31/15 A2985 RMK AO2 SLP095 LTG DSNT NW-NE CB DSNT NW-NE TCU N-NE T03110150
ATL,2023-06-06 22:52,10.00,6000.00,KATL 062252Z 34013G22KT 10SM TS SCT060CB BKN150 BKN200 29/17 A2986 RMK AO2 SLP101 TSB34 OCNL LTGICCG N-NE DSNT NE-E NW TS N-NE DSNT NE-E NW CB N-NE DSNT NE-E NW MOV SE T02890167
ATL,2023-06-06 23:52,10.00,6000.00,KATL 062352Z 32003KT 10SM FEW060 SCT120 BKN200 27/17 A2986 RMK AO2 WSHFT 2240 RAB15E24 TSE24 SLP101 CB DSNT NW P0000 60000 T02720167 10322 20267 55002
ATL,2023-06-07 00:52,10.00,6000.00,KATL 070052Z 00000KT 10SM FEW060 FEW200 SCT250 26/18 A2986 RMK AO2 SLP101 LTG DSNT NE CB DSNT N NE T02610178
ATL,2023-06-07 01:52,10.00,7000.00,KATL 070152Z 32003KT 10SM FEW070 SCT200 25/18 A2988 RMK AO2 SLP107 CB DSNT N T02500178
ATL,2023-06-07 02:52,10.00,7000.00,KATL 070252Z 00000KT 10SM FEW070 FEW200 24/18 A2988 RMK AO2 SLP108 CB DSNT NW-N T02440178 53008
ATL,2023-06-07 03:52,10.00,6500.00,KATL 070352Z 31004KT 10SM FEW065 SCT200 SCT250 24/18 A2988 RMK AO2 SLP107 T02390178
ATL,2023-06-07 04:52,10.00,6500.00,KATL 070452Z 27004KT 10SM FEW065 SCT250 24/17 A2987 RMK AO2 SLP103 T02390167 403220200
ATL,2023-06-07 05:52,10.00,6500.00,KATL 070552Z 24005KT 10SM FEW065 SCT250 23/17 A2986 RMK AO2 SLP100 T02280167 10272 20228 58008
ATL,2023-06-07 06:52,10.00,6500.00,KATL 070652Z 27005KT 10SM FEW065 FEW250 23/16 A2985 RMK AO2 SLP096 T02280161
ATL,2023-06-07 07:52,10.00,25000.00,KATL 070752Z 23004KT 10SM FEW250 21/17 A2985 RMK AO2 SLP095 T02110167
ATL,2023-06-07 08:52,10.00,5500.00,KATL 070852Z 26004KT 10SM BKN055 22/17 A2985 RMK AO2 SLP097 T02170167 55003
ATL,2023-06-07 09:52,10.00,6000.00,KATL 070952Z 27006KT 10SM SCT060 21/17 A2985 RMK AO2 SLP098 T02110167
ATL,2023-06-07 10:52,10.00,6000.00,KATL 071052Z 27004KT 10SM FEW060 FEW250 21/17 A2985 RMK AO2 SLP097 T02060167
ATL,2023-06-07 11:52,10.00,1500.00,KATL 071152Z 27007KT 10SM FEW015 22/17 A2986 RMK AO2 SLP101 T02170172 10228 20206 53002
ATL,2023-06-07 12:52,10.00,M,KATL 071252Z 27007KT 10SM CLR 23/18 A2986 RMK AO2 SLP100 T02330178
ATL,2023-06-07 13:52,9.00,25000.00,KATL 071352Z 28008KT 9SM FEW250 26/18 A2986 RMK AO2 SLP099 T02560183
ATL,2023-06-07 14:52,9.00,M,KATL 071452Z 31008KT 9SM CLR 28/18 A2985 RMK AO2 SLP095 T02780183 58003
ATL,2023-06-07 15:52,9.00,3800.00,KATL 071552Z 31009G16KT 9SM FEW038 FEW250 29/17 A2984 RMK AO2 SLP092 T02890172
ATL,2023-06-07 16:52,9.00,5000.00,KATL 071652Z 31014G19KT 9SM FEW050TCU FEW250 30/17 A2981 RMK AO2 SLP084 TCU SE MDT CU SE-SW T03000167
ATL,2023-06-07 17:52,9.00,5500.00,KATL 071752Z 29010KT 9SM FEW055 31/17 A2980 RMK AO2 SLP078 TCU DSNT SE-S T03060167 10306 20217 58017
ATL,2023-06-07 18:52,8.00,6000.00,KATL 071852Z 26012G18KT 8SM FEW060 FEW080 FEW250 32/16 A2977 RMK AO2 SLP068 CB DSNT SE TCU DSNT NE SE-S MDT CU N W-NW T03170161
ATL,2023-06-07 19:52,9.00,6500.00,KATL 071952Z 30011G18KT 9SM FEW065 FEW100 SCT250 31/16 A2975 RMK AO2 SLP061 MDT CU ALQDS T03110156
ATL,2023-06-07 20:52,10.00,6500.00,KATL 072052Z 28011G16KT 10SM FEW065 FEW200 SCT250 31/15 A2973 RMK AO2 SLP056 MDT CU NE E S-SW T03110150 56021
ATL,2023-06-07 21:52,10.00,6500.00,KATL 072152Z 29009G16KT 10SM FEW065 FEW200 SCT250 31/15 A2972 RMK AO2 SLP051 MDT CU SE S T03110150
ATL,2023-06-07 22:52,10.00,6500.00,KATL 072252Z 31007KT 10SM FEW065 SCT250 31/14 A2971 RMK AO2 SLP051 MDT CU SE-SW T03060144
ATL,2023-06-07 23:52,10.00,6500.00,KATL 072352Z 31011G16KT 10SM FEW065 FEW200 29/14 A2971 RMK AO2 SLP051 T02940144 10322 20294 55005
ATL,2023-06-08 00:52,10.00,6500.00,KATL 080052Z 27005KT 10SM FEW065 FEW200 27/14 A2972 RMK AO2 SLP052 T02720144
ATL,2023-06-08 01:52,10.00,6500.00,KATL 080152Z 26004KT 10SM SCT065 SCT250 26/15 A2972 RMK AO2 SLP053 T02560150
ATL,2023-06-08 02:52,10.00,7000.00,KATL 080252Z 32007KT 10SM FEW070 26/16 A2974 RMK AO2 SLP058 T02560156 53007
ATL,2023-06-08 03:52,10.00,7000.00,KATL 080352Z 32005KT 10SM FEW070 24/16 A2975 RMK AO2 SLP061 T02390156
ATL,2023-06-08 04:52,10.00,7000.00,KATL 080452Z 30004KT 10SM FEW070 SCT120 23/15 A2975 RMK AO2 SLP062 T02330150 403220206
ATL,2023-06-08 05:52,10.00,8000.00,KATL 080552Z 30006KT 10SM SCT080 BKN120 BKN250 23/16 A2974 RMK AO2 SLP060 T02280156 10294 20222 50002 $
ATL,2023-06-08 06:52,10.00,7500.00,KATL 080652Z 30006KT 10SM FEW075 SCT120 BKN250 22/15 A2974 RMK AO2 SLP058 T02220150 $
ATL,2023-06-08 07:52,10.00,10000.00,KATL 080752Z 33006KT 10SM BKN100 BKN250 23/15 A2973 RMK AO2 SLP055 T02280150 $
ATL,2023-06-08 08:52,10.00,10000.00,KATL 080852Z 31003KT 10SM BKN100 BKN250 22/15 A2973 RMK AO2 SLP056 T02220150 55004 $
ATL,2023-06-08 09:52,10.00,9000.00,KATL 080952Z 00000KT 10SM SCT090 BKN110 BKN250 22/15 A2974 RMK AO2 SLP058 T02170150
ATL,2023-06-08 10:52,10.00,9000.00,KATL 081052Z 33007KT 10SM SCT090 BKN120 21/14 A2976 RMK AO2 SLP067 T02110144
ATL,2023-06-08 11:52,10.00,7000.00,KATL 081152Z 29004KT 10SM BKN070 BKN090 22/15 A2976 RMK AO2 SLP067 T02220150 10233 20211 51011
ATL,2023-06-08 12:52,10.00,7000.00,KATL 081252Z 33006KT 10SM SCT070 23/15 A2979 RMK AO2 SLP076 T02280150
ATL,2023-06-08 13:52,9.00,6500.00,KATL 081352Z 36009KT 9SM SCT065 24/15 A2979 RMK AO2 SLP079 T02390150
ATL,2023-06-08 14:52,9.00,7000.00,KATL 081452Z 33009KT 9SM FEW070 25/16 A2979 RMK AO2 SLP077 T02500156 50008
ATL,2023-06-08 15:52,9.00,3800.00,KATL 081552Z 32012G18KT 9SM FEW038 FEW055 27/16 A2980 RMK AO2 SLP079 T02670156
ATL,2023-06-08 16:52,9.00,4800.00,KATL 081652Z COR 29008G16KT 9SM SCT048 27/16 A2979 RMK AO2 SLP077 T02720156
ATL,2023-06-08 17:52,10.00,4800.00,KATL 081752Z 29010G21KT 10SM SCT048 SCT065 28/15 A2979 RMK AO2 SLP076 MDT CU E-S-SW T02780150 10283 20217 58002
ATL,2023-06-08 18:52,10.00,5000.00,KATL 081852Z 28010G18KT 10SM FEW050 SCT065 28/15 A2978 RMK AO2 SLP073 MDT CU S-SW T02830150
ATL,2023-06-08 19:52,10.00,6000.00,KATL 081952Z 33007G16KT 10SM FEW060 FEW250 29/13 A2976 RMK AO2 SLP067 T02890133
ATL,2023-06-08 20:52,10.00,6500.00,KATL 082052Z 31012G17KT 10SM FEW065 FEW250 29/13 A2976 RMK AO2 PK WND 36028/1956 SLP065 T02890128 56010
ATL,2023-06-08 21:52,10.00,6500.00,KATL 082152Z 35013G23KT 10SM FEW065 FEW250 28/11 A2976 RMK AO2 SLP066 T02830111
ATL,2023-06-08 22:52,10.00,25000.00,KATL 082252Z 32010KT 10SM FEW250 28/12 A2976 RMK AO2 SLP067 T02780117
ATL,2023-06-08 23:52,10.00,25000.00,KATL 082352Z 36011KT 10SM SCT250 27/11 A2977 RMK AO2 SLP073 T02670111 10294 20267 53006
ATL,2023-06-09 00:52,10.00,25000.00,KATL 090052Z 02008KT 10SM SCT250 25/11 A2979 RMK AO2 SLP078 T02500111
ATL,2023-06-09 01:52,10.00,25000.00,KATL 090152Z 01009KT 10SM SCT250 24/09 A2981 RMK AO2 SLP084 T02440094
ATL,2023-06-09 02:52,10.00,25000.00,KATL 090252Z 03007KT 10SM FEW250 24/08 A2982 RMK AO2 SLP090 T02390078 53016
ATL,2023-06-09 03:52,10.00,20000.00,KATL 090352Z 02009KT 10SM FEW200 23/08 A2983 RMK AO2 SLP090 T02330078
ATL,2023-06-09 04:52,10.00,20000.00,KATL 090452Z 04007KT 10SM FEW200 BKN250 22/08 A2983 RMK AO2 SLP090 T02220083 402940211
ATL,2023-06-09 05:52,10.00,25000.00,KATL 090552Z 04006KT 10SM BKN250 22/08 A2983 RMK AO2 SLP090 T02170083 10267 20217 50001
ATL,2023-06-09 06:52,10.00,25000.00,KATL 090652Z 04007KT 10SM BKN250 21/08 A2982 RMK AO2 SLP090 T02060083
ATL,2023-06-09 07:52,10.00,25000.00,KATL 090752Z 06006KT 10SM BKN250 20/08 A2983 RMK AO2 SLP091 T02000078
ATL,2023-06-09 08:52,10.00,25000.00,KATL 090852Z 05008KT 10SM BKN250 20/08 A2983 RMK AO2 SLP092 T02000078 53001
ATL,2023-06-09 09:52,10.00,14000.00,KATL 090952Z 07006KT 10SM SCT140 SCT250 19/08 A2984 RMK AO2 SLP094 T01890078
ATL,2023-06-09 10:52,10.00,12000.00,KATL 091052Z 07009KT 10SM BKN120 BKN140 19/08 A2986 RMK AO2 SLP101 T01940078
ATL,2023-06-09 11:52,10.00,11000.00,KATL 091152Z 07008KT 10SM BKN110 OVC140 20/08 A2988 RMK AO2 SLP109 BINOVC T02000078 10217 20189 53016
ATL,2023-06-09 12:52,10.00,11000.00,KATL 091252Z 09010KT 10SM BKN110 BKN140 20/08 A2990 RMK AO2 SLP117 T02000083
ATL,2023-06-09 13:52,10.00,13000.00,KATL 091352Z 08008KT 10SM SCT130 23/08 A2991 RMK AO2 SLP119 T02280083
ATL,2023-06-09 14:52,10.00,13000.00,KATL 091452Z 09007KT 10SM FEW130 24/08 A2991 RMK AO2 SLP119 T02440083 50009
ATL,2023-06-09 15:52,10.00,M,KATL 091552Z 10006KT 10SM CLR 26/09 A2991 RMK AO2 SLP117 T02560089
ATL,2023-06-09 16:52,10.00,7000.00,KATL 091652Z 32008G15KT 10SM FEW070 27/08 A2989 RMK AO2 SLP112 T02720083
ATL,2023-06-09 17:52,10.00,M,KATL 091752Z VRB06KT 10SM CLR 28/08 A2989 RMK AO2 SLP110 T02780083 10278 20194 58007
ATL,2023-06-09 18:52,10.00,7500.00,KATL 091852Z 00000KT 10SM FEW075 28/08 A2987 RMK AO2 SLP105 T02780078
ATL,2023-06-09 19:52,10.00,7500.00,KATL 091952Z 34005KT 10SM FEW075 FEW250 28/07 A2986 RMK AO2 PK WND 36026/1924 SLP101 T02830072
ATL,2023-06-09 20:52,10.00,7500.00,KATL 092052Z VRB06KT 10SM FEW075 FEW250 28/08 A2985 RMK AO2 SLP098 T02830078 56013
ATL,2023-06-09 21:52,10.00,25000.00,KATL 092152Z 34009G16KT 10SM FEW250 28/08 A2984 RMK AO2 SLP095 T02830078
ATL,2023-06-09 22:52,10.00,25000.00,KATL 092252Z VRB06KT 10SM FEW250 28/07 A2985 RMK AO2 SLP098 T02780072
ATL,2023-06-09 23:52,10.00,25000.00,KATL 092352Z 33007KT 10SM FEW250 27/08 A2987 RMK AO2 SLP105 T02720083 10294 20267 53007
ATL,2023-06-10 00:52,9.00,25000.00,KATL 100052Z 36006KT 9SM FEW250 26/08 A2988 RMK AO2 SLP108 T02610078
ATL,2023-06-10 01:52,10.00,25000.00,KATL 100152Z 02009KT 10SM FEW250 26/07 A2989 RMK AO2 SLP113 T02560072
ATL,2023-06-10 02:52,9.00,25000.00,KATL 100252Z 05007KT 9SM FEW250 24/08 A2991 RMK AO2 SLP119 T02440078 53014
ATL,2023-06-10 03:52,10.00,25000.00,KATL 100352Z 04007KT 10SM FEW250 23/08 A2991 RMK AO2 SLP120 T02330078
ATL,2023-06-10 04:52,10.00,25000.00,KATL 100452Z 04006KT 10SM FEW250 23/08 A2992 RMK AO2 SLP120 T02280078 402940189
ATL,2023-06-10 05:52,9.00,25000.00,KATL 100552Z 09004KT 9SM FEW250 20/08 A2990 RMK AO2 SLP116 T02000083 10272 20200 58003
ATL,2023-06-10 06:52,9.00,25000.00,KATL 100652Z 00000KT 9SM FEW250 20/09 A2990 RMK AO2 SLP116 T02000094
ATL,2023-06-10 07:52,9.00,25000.00,KATL 100752Z 00000KT 9SM FEW250 18/10 A2990 RMK AO2 SLP115 T01830100
ATL,2023-06-10 08:52,9.00,25000.00,KATL 100852Z 00000KT 9SM FEW250 18/11 A2990 RMK AO2 SLP116 T01780106 55000
ATL,2023-06-10 09:52,9.00,25000.00,KATL 100952Z 00000KT 9SM FEW250 18/10 A2991 RMK AO2 SLP119 T01830100
ATL,2023-06-10 10:52,9.00,25000.00,KATL 101052Z 13003KT 9SM FEW250 18/11 A2993 RMK AO2 SLP126 T01780111
ATL,2023-06-10 11:52,9.00,25000.00,KATL 101152Z 00000KT 9SM FEW250 20/11 A2994 RMK AO2 SLP129 T02000111 10206 20172 53013
ATL,2023-06-10 12:52,9.00,25000.00,KATL 101252Z VRB05KT 9SM SCT250 22/12 A2995 RMK AO2 SLP131 T02170122
ATL,2023-06-10 13:52,9.00,25000.00,KATL 101352Z 17007KT 9SM SCT250 24/14 A2995 RMK AO2 SLP131 T02390144
ATL,2023-06-10 14:52,9.00,25000.00,KATL 101452Z 18007KT 9SM BKN250 26/14 A2995 RMK AO2 SLP132 T02560144 51004
ATL,2023-06-10 15:52,10.00,5500.00,KATL 101552Z 16005KT 10SM FEW055 BKN250 27/12 A2996 RMK AO2 SLP136 MDT CU SE T02720117 $
ATL,2023-06-10 16:52,9.00,6500.00,KATL 101652Z VRB03KT 9SM FEW065 BKN250 28/10 A2995 RMK AO2 SLP132 T02780100 $
ATL,2023-06-10 17:52,9.00,6500.00,KATL 101752Z 17006KT 9SM FEW065 SCT200 BKN250 28/11 A2994 RMK AO2 SLP128 T02780106 10283 20200 58005 $
ATL,2023-06-10 18:52,10.00,7000.00,KATL 101852Z 18008KT 10SM FEW070 FEW200 BKN250 29/11 A2992 RMK AO2 SLP121 T02890111 $
ATL,2023-06-10 19:52,10.00,7500.00,KATL 101952Z 03003KT 10SM FEW075 FEW200 BKN250 29/10 A2989 RMK AO2 SLP113 T02940100 $
ATL,2023-06-10 20:52,10.00,7500.00,KATL 102052Z VRB06KT 10SM FEW075 BKN250 30/11 A2988 RMK AO2 SLP109 T03000106 56018 $
ATL,2023-06-10 21:52,10.00,7500.00,KATL 102152Z 23005KT 10SM FEW075 SCT250 30/10 A2988 RMK AO2 SLP108 T03000100 $
ATL,2023-06-10 22:52,10.00,8000.00,KATL 102252Z 19007KT 10SM FEW080 SCT250 29/11 A2987 RMK AO2 SLP107 T02940106 $
ATL,2023-06-10 23:52,10.00,8000.00,KATL 102352Z 18004KT 10SM FEW080 SCT250 29/11 A2987 RMK AO2 SLP107 T02890111 10306 20278 56003 $
ATL,2023-06-11 00:52,10.00,20000.00,KATL 110052Z 17004KT 10SM FEW200 SCT250 27/12 A2988 RMK AO2 SLP110 T02720117 $
ATL,2023-06-11 01:52,10.00,20000.00,KATL 110152Z 15003KT 10SM FEW200 SCT250 26/12 A2990 RMK AO2 SLP114 T02560122 $
ATL,2023-06-11 02:52,10.00,9500.00,KATL 110252Z 00000KT 10SM FEW095 SCT250 25/13 A2991 RMK AO2 SLP118 T02500128 53012 $
ATL,2023-06-11 03:52,10.00,9500.00,KATL 110352Z 14004KT 10SM FEW095 BKN250 24/14 A2991 RMK AO2 SLP117 T02390139 $
ATL,2023-06-11 04:52,10.00,8500.00,KATL 110452Z 13008KT 10SM BKN085 BKN250 24/13 A2990 RMK AO2 SLP114 T02390128 403060172 $
ATL,2023-06-11 05:52,9.00,8000.00,KATL 110552Z 12006KT 9SM FEW080 SCT110 BKN250 23/13 A2989 RMK AO2 SLP110 T02330128 10283 20233 58008 $
ATL,2023-06-11 06:52,10.00,11000.00,KATL 110652Z 14005KT 10SM FEW110 BKN250 23/13 A2987 RMK AO2 SLP104 T02280128 $
ATL,2023-06-11 07:52,10.00,6000.00,KATL 110752Z 15005KT 10SM SCT060 SCT100 BKN250 22/13 A2986 RMK AO2 SLP100 T02220128 $
ATL,2023-06-11 08:52,10.00,12000.00,KATL 110852Z 14005KT 10SM BKN120 BKN250 22/13 A2986 RMK AO2 SLP101 T02170128 55008 $
ATL,2023-06-11 09:52,10.00,5500.00,KATL 110952Z 12003KT 10SM SCT055 BKN120 BKN250 22/13 A2987 RMK AO2 SLP102 T02220133 $
ATL,2023-06-11 10:52,8.00,4800.00,KATL 111052Z 13004KT 8SM FEW048 SCT070 BKN100 OVC250 22/14 A2988 RMK AO2 SLP107 T02170139 $
ATL,2023-06-11 11:52,8.00,4800.00,KATL 111152Z 18004KT 8SM FEW048 SCT070 OVC100 21/14 A2989 RMK AO2 SLP111 SHRA SW-W T02110144 10233 20211 53009 $
ATL,2023-06-11 12:52,8.00,3000.00,KATL 111252Z 19003KT 8SM FEW030 BKN055 BKN070 OVC130 20/17 A2990 RMK AO2 LTG DSNT E AND W RAB21E44 SLP115 CB DSNT SW-NW P0000 T02000167 $
ATL,2023-06-11 13:52,0.50,2000.00,KATL 111352Z 25010G18KT 1/2SM R09R/P6000FT +TSRA FG FEW020CB BKN045 OVC080 19/18 A2992 RMK AO2 RAB07 TSB15 SLP122 OCNL LTGCGIC N-OHD-S TS N-OHD-S MOV NE P0014 T01940183 $
ATL,2023-06-11 14:52,5.00,1200.00,KATL 111452Z 18007KT 5SM -RA BR FEW012 SCT048 BKN080 OVC150 20/19 A2991 RMK AO2 LTG DSNT E AND SE TSE41 SLP120 TS MOVD NE CB DSNT NE-SE P0051 60065 T02000189 50007 $
ATL,2023-06-11 15:52,6.00,1100.00,KATL 111552Z 18005KT 6SM BR FEW011 BKN042 BKN090 OVC150 21/19 A2991 RMK AO2 RAE11 SLP120 P0000 T02110194 $
ATL,2023-06-11 16:52,8.00,1300.00,KATL 111652Z 19008KT 8SM FEW013 SCT028 SCT090 OVC130 23/20 A2991 RMK AO2 LTG DSNT S SLP118 CB DSNT S-SW T02280200 $
ATL,2023-06-11 17:52,10.00,1700.00,KATL 111752Z 22011G18KT 10SM SCT017 BKN150 BKN250 25/20 A2988 RMK AO2 SLP108 60065 T02500200 10250 20194 58010 $
ATL,2023-06-11 18:52,10.00,2400.00,KATL 111852Z 23010G15KT 10SM SCT024 SCT150 BKN250 27/21 A2985 RMK AO2 SLP097 T02670206 $
ATL,2023-06-11 19:52,10.00,3000.00,KATL 111952Z 22010G19KT 10SM SCT030 SCT150 SCT250 28/20 A2982 RMK AO2 SLP088 MDT CU E-SE T02780200 $
ATL,2023-06-11 20:52,10.00,3800.00,KATL 112052Z 20010G17KT 10SM SCT038 SCT200 28/20 A2980 RMK AO2 SLP082 MDT CU ALQDS T02830200 56024 $
ATL,2023-06-11 21:52,10.00,3900.00,KATL 112152Z 20009G17KT 10SM SCT039TCU SCT050 SCT250 28/21 A2979 RMK AO2 LTG DSNT S AND SW SLP078 TCU W AND DSNT S-SW CB DSNT S-SW T02830206 $
ATL,2023-06-11 22:52,10.00,3000.00,KATL 112252Z 21008KT 10SM TS SCT030CB SCT055 SCT095 BKN200 BKN250 24/20 A2978 RMK AO2 PK WND 18032/2221 SLP077 RAE50 TSB07 OCNL LTGICCG NW-E TS NW-E MOV NE TCU DSNT NW P0002 T02390200 $
ATL,2023-06-11 23:52,10.00,3500.00,KATL 112352Z 20007KT 10SM FEW035 FEW095 FEW250 24/20 A2979 RMK AO2 TSE11 SLP080 LTG DSNT NE CB DSNT NE 60002 T02440200 10289 20233 55004 $
ATL,2023-06-12 00:52,10.00,9500.00,KATL 120052Z 19008KT 10SM FEW095 FEW200 FEW250 24/21 A2980 RMK AO2 SLP081 CB DSNT N AND NE AND W TCU DSNT NW T02390206 $
ATL,2023-06-12 01:52,10.00,9500.00,KATL 120152Z 19009KT 10SM FEW095 FEW200 FEW250 23/20 A2979 RMK AO2 SLP081 CB DSNT NE AND W TCU DSNT NW T02330200 $
ATL,2023-06-12 02:52,10.00,10000.00,KATL 120252Z 20007KT 10SM FEW100 SCT160 SCT180 SCT250 23/19 A2981 RMK AO2 SLP086 T02330194 53005 $
ATL,2023-06-12 03:52,10.00,5000.00,KATL 120352Z 21008KT 10SM FEW050 FEW160 SCT250 23/19 A2980 RMK AO2 SLP084 LTG DSNT NW-NE CB DSNT NW-NE T02280194 $
ATL,2023-06-12 04:52,10.00,5000.00,KATL 120452Z COR 22010KT 10SM FEW050 BKN250 23/19 A2979 RMK AO2 SLP080 LTG DSNT W-NE CB DSNT W-NE T02280194 402890194 $
ATL,2023-06-12 05:52,10.00,1400.00,KATL 120552Z 24013G19KT 10SM SCT014 BKN045 BKN250 23/20 A2980 RMK AO2 SLP081 FRQ LTGICCG DSNT NW-NE SW CB DSNT NW-NE SW T02280200 10244 20228 55003 $
ATL,2023-06-12 06:52,6.00,6500.00,KATL 120652Z 26011KT 6SM RA BR FEW065 SCT085 OVC095 21/18 A2980 RMK AO2 RAB11 SLP081 LTG DSNT NE CB DSNT NE P0007 T02060183 $
ATL,2023-06-12 07:52,10.00,6000.00,KATL 120752Z 27008KT 10SM -RA BKN060 BKN080 OVC110 19/18 A2980 RMK AO2 SLP081 P0011 T01940178 $
ATL,2023-06-12 08:52,10.00,6000.00,KATL 120852Z 27010KT 10SM FEW060 SCT130 SCT180 BKN250 19/18 A2980 RMK AO2 RAE13 SLP081 P0000 60018 T01890178 52000 $
ATL,2023-06-12 09:52,10.00,6000.00,KATL 120952Z 24008KT 10SM FEW060 SCT150 BKN250 19/18 A2981 RMK AO2 SLP084 T01890178 $
ATL,2023-06-12 10:52,10.00,4300.00,KATL 121052Z 24005KT 10SM SCT043 SCT095 BKN110 BKN150 BKN250 19/18 A2982 RMK AO2 SLP092 T01890178
ATL,2023-06-12 11:52,10.00,4300.00,KATL 121152Z 25007KT 10SM FEW043 FEW090 SCT150 SCT250 20/18 A2983 RMK AO2 SLP094 ACC SE 60018 70085 T02000178 10233 20189 51011
ATL,2023-06-12 12:52,10.00,1000.00,KATL 121252Z 27009KT 10SM FEW010 SCT033 BKN055 BKN130 BKN250 21/18 A2986 RMK AO2 SLP102 T02110183
ATL,2023-06-12 13:52,10.00,1000.00,KATL 121352Z 27006KT 10SM SCT010 BKN028 OVC075 22/19 A2986 RMK AO2 SLP104 T02170189
ATL,2023-06-12 14:52,10.00,1000.00,KATL 121452Z 26006KT 10SM SCT010 SCT028 BKN042 OVC130 22/19 A2986 RMK AO2 SLP104 BINOVC T02220194 50010
ATL,2023-06-12 15:52,10.00,1300.00,KATL 121552Z 26006KT 10SM SCT013 BKN026 BKN044 BKN140 BKN250 24/19 A2986 RMK AO2 SLP102 T02390194
ATL,2023-06-12 16:52,10.00,2000.00,KATL 121652Z 29007KT 10SM BKN020 BKN036 OVC075 24/19 A2986 RMK AO2 SLP102 BINOVC T02440194
ATL,2023-06-12 17:52,10.00,2400.00,KATL 121752Z 26008KT 10SM SCT024TCU BKN055 BKN070 BKN200 26/20 A2985 RMK AO2 SLP097 TCU N-NE S-W-NW MDT CU ALQDS T02610200 10261 20206 58006
ATL,2023-06-12 18:52,10.00,2600.00,KATL 121852Z 32012KT 10SM SCT026TCU BKN060 BKN090 BKN250 25/19 A2984 RMK AO2 WSHFT 1833 SLP096 FROPA TCU N E-S-SW SHRA SE-S T02500194
ATL,2023-06-12 19:52,10.00,2500.00,KATL 121952Z 33012KT 10SM SCT025 SCT055 SCT100 BKN250 26/19 A2984 RMK AO2 SLP097 TCU DSNT SE-SW T02610194
ATL,2023-06-12 20:52,10.00,2800.00,KATL 122052Z 30012G22KT 10SM SCT028 SCT050 SCT250 26/19 A2984 RMK AO2 SLP096 MDT CU N-NE SE-S T02610189 56001
ATL,2023-06-12 21:52,10.00,3000.00,KATL 122152Z 32012KT 10SM SCT030 BKN038 BKN250 27/18 A2983 RMK AO2 SLP094 T02670183
ATL,2023-06-12 22:52,10.00,3800.00,KATL 122252Z 32011KT 10SM FEW038 SCT050 BKN250 26/17 A2983 RMK AO2 SLP092 T02610172
ATL,2023-06-12 23:52,10.00,4000.00,KATL 122352Z 32011KT 10SM FEW040 SCT250 25/17 A2983 RMK AO2 SLP091 T02500167 10272 20250 56005
ATL,2023-06-13 00:52,10.00,3500.00,KATL 130052Z 31009KT 10SM FEW035 BKN048 BKN250 24/16 A2987 RMK AO2 SLP106 T02390161
ATL,2023-06-13 01:52,10.00,4500.00,KATL 130152Z 34006KT 10SM FEW045 FEW250 22/16 A2988 RMK AO2 SLP111 T02220156
ATL,2023-06-13 02:52,10.00,25000.00,KATL 130252Z 26003KT 10SM FEW250 21/16 A2990 RMK AO2 SLP117 T02110156 51024
ATL,2023-06-13 03:52,10.00,14000.00,KATL 130352Z 29004KT 10SM SCT140 BKN250 21/16 A2988 RMK AO2 SLP110 T02060156
ATL,2023-06-13 04:52,10.00,14000.00,KATL 130452Z 28004KT 10SM FEW140 BKN250 19/16 A2989 RMK AO2 SLP114 T01940156 402720189
ATL,2023-06-13 05:52,10.00,14000.00,KATL 130552Z 29005KT 10SM FEW140 BKN250 19/16 A2988 RMK AO2 SLP110 T01940161 10250 20194 56006
ATL,2023-06-13 06:52,10.00,14000.00,KATL 130652Z 29005KT 10SM FEW140 SCT250 19/16 A2987 RMK AO2 SLP107 T01890156
ATL,2023-06-13 07:52,10.00,14000.00,KATL 130752Z 32006KT 10SM FEW140 SCT250 18/16 A2987 RMK AO2 SLP106 T01830156
ATL,2023-06-13 08:52,10.00,14000.00,KATL 130852Z 34007KT 10SM FEW140 SCT250 18/14 A2989 RMK AO2 SLP112 T01780144 53002 $
ATL,2023-06-13 09:52,10.00,13000.00,KATL 130952Z 33004KT 10SM FEW130 SCT250 17/14 A2990 RMK AO2 SLP116 T01720139 $
ATL,2023-06-13 10:52,10.00,11000.00,KATL 131052Z 32006KT 10SM SCT110 BKN200 BKN250 17/13 A2992 RMK AO2 SLP123 T01720133
ATL,2023-06-13 11:52,10.00,4500.00,KATL 131152Z 30005KT 10SM FEW045 SCT110 SCT150 SCT200 SCT250 19/13 A2994 RMK AO2 SLP131 T01890133 10194 20172 53018
ATL,2023-06-13 12:52,10.00,11000.00,KATL 131252Z 30004KT 10SM SCT110 SCT200 SCT250 21/12 A2994 RMK AO2 SLP131 T02060122
ATL,2023-06-13 13:52,10.00,11000.00,KATL 131352Z 32006KT 10SM FEW110 SCT140 SCT250 22/13 A2995 RMK AO2 SLP133 ACC W NW T02220128
ATL,2023-06-13 14:52,10.00,12000.00,KATL 131452Z 29008KT 10SM FEW120 SCT140 SCT250 23/13 A2994 RMK AO2 SLP131 ACC NW DSNT W T02280128 50000
ATL,2023-06-13 15:52,10.00,8000.00,KATL 131552Z 27009KT 10SM FEW080 BKN110 BKN150 BKN200 23/13 A2997 RMK AO2 PRESRR SLP140 ACC ALQDS T02280133
ATL,2023-06-13 16:52,10.00,5500.00,KATL 131652Z 29008KT 10SM FEW055 SCT100 BKN140 BKN200 23/13 A2995 RMK AO2 SLP135 VIRGA W-N ACC W-N-NE T02330133
ATL,2023-06-13 17:52,10.00,5500.00,KATL 131752Z 30009KT 10SM FEW055 SCT110 BKN150 BKN200 24/13 A2994 RMK AO2 SLP130 VIRGA N-NE ACC E-S-SW DSNT NE-E T02390128 10250 20189 58002
ATL,2023-06-13 18:52,10.00,5500.00,KATL 131852Z 26008KT 10SM FEW055 FEW130 SCT200 BKN250 25/14 A2992 RMK AO2 SLP125 ACC E S-SW T02500144
ATL,2023-06-13 19:52,10.00,5500.00,KATL 131952Z 30014G21KT 10SM FEW055 FEW120 BKN200 BKN250 26/15 A2991 RMK AO2 SLP120 ACC E T02560150
ATL,2023-06-13 20:52,10.00,5500.00,KATL 132052Z 23010KT 10SM FEW055 FEW130 BKN200 BKN250 25/15 A2991 RMK AO2 SLP121 T02500150 56008
ATL,2023-06-13 21:52,10.00,3500.00,KATL 132152Z 28013G19KT 10SM SCT035 BKN050 BKN200 BKN250 25/16 A2989 RMK AO2 SLP115 MDT CU OHD-ALQDS T02500161
ATL,2023-06-13 22:52,10.00,4000.00,KATL 132252Z 26010KT 10SM FEW040 SCT150 SCT200 25/17 A2987 RMK AO2 SLP108 T02500167
ATL,2023-06-13 23:52,10.00,3800.00,KATL 132352Z 27009KT 10SM FEW038 FEW200 24/17 A2986 RMK AO2 SLP104 T02440167 10261 20239 56016
ATL,2023-06-14 00:52,10.00,20000.00,KATL 140052Z 26004KT 10SM FEW200 23/17 A2986 RMK AO2 SLP104 T02280167
ATL,2023-06-14 01:52,10.00,12000.00,KATL 140152Z 22004KT 10SM FEW120 FEW200 23/17 A2988 RMK AO2 SLP109 T02280167
ATL,2023-06-14 02:52,10.00,12000.00,KATL 140252Z 22007KT 10SM FEW120 22/18 A2989 RMK AO2 SLP112 T02170178 53009
ATL,2023-06-14 03:52,10.00,4500.00,KATL 140352Z 24005KT 10SM FEW045 21/18 A2989 RMK AO2 SLP113 T02110178
ATL,2023-06-14 04:52,10.00,4000.00,KATL 140452Z 23006KT 10SM FEW040 21/18 A2989 RMK AO2 SLP111 T02110183 402610172
ATL,2023-06-14 05:52,10.00,800.00,KATL 140552Z 23006KT 10SM FEW008 FEW040 FEW120 21/18 A2987 RMK AO2 SLP105 T02060183 10244 20206 58007
ATL,2023-06-14 06:52,10.00,700.00,KATL 140652Z 22007KT 10SM FEW007 FEW100 21/18 A2987 RMK AO2 SLP107 T02060183
ATL,2023-06-14 07:52,8.00,600.00,KATL 140752Z 26008KT 8SM SCT006 BKN090 20/18 A2987 RMK AO2 SLP107 T02000183
ATL,2023-06-14 08:52,8.00,600.00,KATL 140852Z 24006KT 8SM BKN006 BKN085 20/18 A2986 RMK AO2 SLP102 BKN006 V SCT T02000183 58003
ATL,2023-06-14 09:52,10.00,700.00,KATL 140952Z 28005KT 10SM SCT007 SCT085 BKN250 20/18 A2985 RMK AO2 SLP100 T02000183
ATL,2023-06-14 10:52,6.00,600.00,KATL 141052Z 24006KT 6SM BR OVC006 20/18 A2985 RMK AO2 SLP099 BINOVC T02000183
ATL,2023-06-14 11:52,10.00,600.00,KATL 141152Z 20006KT 10SM FEW006 SCT060 SCT100 SCT150 BKN250 21/19 A2984 RMK AO2 SLP097 T02060189 10206 20194 57006
ATL,2023-06-14 12:52,9.00,800.00,KATL 141252Z 20005KT 9SM FEW008 FEW020CB BKN090 OVC140 21/19 A2987 RMK AO2 LTG DSNT SW SLP108 CB VC SW MOV E CB DSNT S-W SHRA VC SW T02110189
ATL,2023-06-14 13:52,6.00,600.00,KATL 141352Z 16007KT 6SM -TSRA BR FEW006 SCT033CB BKN095 OVC200 21/19 A2986 RMK AO2 LTG DSNT NE PRESFR SLP104 RAB1257 TSB1253 OCNL LTGICCA VC NE-SE TS VC NE-SE MOV E CB DSNT NE-SE P0019 T02060194
ATL,2023-06-14 14:52,10.00,800.00,KATL 141452Z 23010G18KT 10SM SCT008 SCT018 SCT100 BKN200 22/19 A2988 RMK AO2 RAE05 TSE00 SLP111 TS MOVD E ACC NE W P0000 60019 T02170194 51013
ATL,2023-06-14 15:52,10.00,900.00,KATL 141552Z 24007KT 10SM OVC009 23/20 A2986 RMK AO2 SLP104 CIG 007V011 T02280200
ATL,2023-06-14 16:52,10.00,1400.00,KATL 141652Z 22007KT 10SM SCT014 SCT080 BKN120 BKN200 24/20 A2986 RMK AO2 LTG DSNT S SLP104 CB DSNT S W-NW TCU DSNT SE-SW T02390200
ATL,2023-06-14 17:52,10.00,1600.00,KATL 141752Z 00000KT 10SM FEW016 SCT100 BKN200 BKN250 24/20 A2984 RMK AO2 LTG DSNT N AND W SLP096 CB DSNT SW-W NW-N 60019 T02440200 10244 20206 58014
ATL,2023-06-14 18:52,8.00,1200.00,KATL 141852Z 32005KT 8SM -TSRA SCT012 BKN028CB BKN090 OVC200 23/21 A2983 RMK AO2 SLP092 RAB1755 TSB02 OCNL LTGICCA VC NE-SE-SW TS VC NE-SE-SW MOV E CB DSNT NE-SE-SW P0023 T02280211
ATL,2023-06-14 19:52,8.00,600.00,KATL 141952Z VRB03KT 8SM -TSRA SCT006 BKN020CB OVC038 21/19 A2986 RMK AO2 LTG DSNT E AND SW SLP106 OCNL LTGICCA VC NE-SE TS VC NE-SE MOV E CB DSNT NE-SE SW P0040 T02060189
ATL,2023-06-14 20:52,10.00,800.00,KATL 142052Z 18011G16KT 10SM -RA FEW008 FEW030 SCT080 BKN140CB BKN200 21/19 A2976 RMK AO2 RAE05B28 TSE01 SLP069 TS MOVD E CBMAM NE-OHD-SW MOV E CB DSNT SE-SW P0002 60065 T02060194 58027
ATL,2023-06-14 21:52,10.00,800.00,KATL 142152Z 23005KT 10SM FEW008 SCT060 BKN090 BKN150 BKN200 22/19 A2979 RMK AO2 RAE2055 SLP080 P0000 T02170194
ATL,2023-06-14 22:52,10.00,800.00,KATL 142252Z 19009KT 10SM SCT008 BKN050 BKN150 BKN200 22/20 A2978 RMK AO2 SLP075 T02170200
ATL,2023-06-14 23:52,10.00,800.00,KATL 142352Z 21006KT 10SM FEW008 BKN050 BKN150 BKN200 22/20 A2980 RMK AO2 SLP084 60065 T02170200 10244 20206 51015
ATL,2023-06-15 00:52,10.00,700.00,KATL 150052Z 20005KT 10SM SCT007 BKN045 BKN150 OVC250 22/20 A2977 RMK AO2 SLP073 SCT007 V BKN CB DSNT SW T02170200
ATL,2023-06-15 01:52,10.00,600.00,KATL 150152Z 21007KT 10SM SCT006 BKN045 BKN200 BKN250 21/20 A2980 RMK AO2 SLP083 SCT006 V BKN T02110200
ATL,2023-06-15 02:52,10.00,500.00,KATL 150252Z 23004KT 10SM FEW005 SCT200 BKN250 21/19 A2980 RMK AO2 SLP084 T02060189 55000
ATL,2023-06-15 03:52,10.00,500.00,KATL 150352Z 22006KT 10SM FEW005 SCT250 21/19 A2981 RMK AO2 SLP088 T02060189
ATL,2023-06-15 04:52,10.00,500.00,KATL 150452Z 24008KT 10SM FEW005 SCT180 BKN250 21/19 A2982 RMK AO2 SLP089 T02060189 402440194
ATL,2023-06-15 05:52,10.00,500.00,KATL 150552Z 26008KT 10SM OVC005 21/19 A2982 RMK AO2 SLP088 T02060194 10217 20206 50005
ATL,2023-06-15 06:52,10.00,600.00,KATL 150652Z 26008KT 10SM SCT006 SCT250 21/19 A2982 RMK AO2 SLP089 T02110189
ATL,2023-06-15 07:52,10.00,600.00,KATL 150752Z 31005KT 10SM FEW006 SCT250 20/18 A2977 RMK AO2 PRESFR SLP072 T02000183
ATL,2023-06-15 08:52,10.00,600.00,KATL 150852Z 30004KT 10SM FEW006 SCT250 20/18 A2978 RMK AO2 SLP079 T02000183 55010
ATL,2023-06-15 09:52,10.00,400.00,KATL 150952Z COR 21007KT 10SM SCT004 BKN025 BKN250 20/18 A2982 RMK AO2 PRESRR SLP091 T02000183
ATL,2023-06-15 10:52,10.00,400.00,KATL 151052Z 25004KT 10SM FEW004 FEW025 FEW110 BKN200 BKN250 20/18 A2982 RMK AO2 SLP091 VIRGA OHD-S T02000178
ATL,2023-06-15 11:52,10.00,800.00,KATL 151152Z 21005KT 10SM FEW008 BKN045 BKN200 OVC250 20/18 A2984 RMK AO2 SLP096 70084 T02000178 10211 20200 51018
ATL,2023-06-15 12:52,10.00,2500.00,KATL 151252Z COR 25007KT 10SM FEW025 SCT043 BKN180 OVC250 21/18 A2985 RMK AO2 SLP101 VIRGA OHD-ALQDS T02060178
ATL,2023-06-15 13:52,10.00,1600.00,KATL 151352Z 26008G17KT 10SM FEW016 SCT050 BKN180 OVC250 22/18 A2986 RMK AO2 SLP105 VIRGA DSNT SE-SW T02170183
ATL,2023-06-15 14:52,10.00,2000.00,KATL 151452Z 27008KT 10SM FEW020 FEW050 BKN200 BKN250 23/18 A2986 RMK AO2 SLP104 T02330183 51008
ATL,2023-06-15 15:52,10.00,2300.00,KATL 151552Z 25011KT 10SM SCT023 SCT050 BKN200 BKN250 24/18 A2987 RMK AO2 SLP106 T02390183
ATL,2023-06-15 16:52,10.00,2800.00,KATL 151652Z 23009KT 10SM SCT028 SCT110 BKN200 BKN250 24/18 A2985 RMK AO2 SLP100 MDT CU N T02440183
ATL,2023-06-15 17:52,10.00,2800.00,KATL 151752Z 24010KT 10SM FEW028 SCT050 SCT120 BKN180 BKN250 26/18 A2985 RMK AO2 SLP098 T02560183 10256 20200 58004
ATL,2023-06-15 18:52,10.00,2700.00,KATL 151852Z 24010KT 10SM SCT027 BKN050 BKN200 BKN250 24/18 A2985 RMK AO2 SLP099 T02440183
ATL,2023-06-15 19:52,10.00,2400.00,KATL 151952Z 24009KT 10SM FEW024 FEW038 SCT200 BKN250 27/20 A2981 RMK AO2 SLP084 T02670200
ATL,2023-06-15 20:52,10.00,2800.00,KATL 152052Z 25005KT 10SM FEW028 SCT045 SCT200 BKN250 27/19 A2979 RMK AO2 SLP077 T02670194 58020
ATL,2023-06-15 21:52,10.00,3200.00,KATL 152152Z 22005KT 10SM SCT032TCU BKN045 BKN200 BKN250 27/19 A2981 RMK AO2 SLP085 TCU OHD-ALQDS T02670194
ATL,2023-06-15 22:52,10.00,3000.00,KATL 152252Z 20009KT 10SM FEW030 SCT200 BKN250 26/20 A2980 RMK AO2 SLP081 TCU DSNT SE-SW NW T02610200
ATL,2023-06-15 23:52,10.00,3000.00,KATL 152352Z 20007KT 10SM FEW030 BKN200 BKN250 25/20 A2980 RMK AO2 SLP081 TCU DSNT NE T02500200 10278 20244 50002
ATL,2023-06-16 00:52,10.00,3500.00,KATL 160052Z 20007KT 10SM FEW035 SCT200 BKN250 24/20 A2980 RMK AO2 SLP084 T02390200
ATL,2023-06-16 01:52,10.00,2800.00,KATL 160152Z 19004KT 10SM SCT028 BKN035 BKN200 23/20 A2980 RMK AO2 SLP084 T02330200
ATL,2023-06-16 02:52,10.00,1400.00,KATL 160252Z 23004KT 10SM SCT014 OVC035 23/20 A2985 RMK AO2 SLP100 SCT014 V BKN T02330200 53019
ATL,2023-06-16 03:52,10.00,1400.00,KATL 160352Z 21005KT 10SM FEW014 SCT030 BKN045 BKN200 23/21 A2985 RMK AO2 SLP097 T02280206
ATL,2023-06-16 04:52,10.00,1200.00,KATL 160452Z 21003KT 10SM BKN012 BKN045 BKN200 22/21 A2985 RMK AO2 SLP099 LTG DSNT N-NE CB DSNT N-NE T02220206 402780200
ATL,2023-06-16 05:52,10.00,1200.00,KATL 160552Z 25008KT 10SM BKN012 BKN045 23/20 A2985 RMK AO2 SLP097 T02280200 10250 20222 56003
ATL,2023-06-16 06:52,10.00,1100.00,KATL 160652Z 26006KT 10SM FEW011 SCT250 22/20 A2984 RMK AO2 SLP094 T02220200
ATL,2023-06-16 07:52,9.00,800.00,KATL 160752Z 23004KT 9SM SCT008 BKN130 BKN250 22/20 A2983 RMK AO2 SLP092 T02170200
ATL,2023-06-16 08:52,9.00,800.00,KATL 160852Z 22004KT 9SM BKN008 OVC130 22/20 A2983 RMK AO2 SLP090 BINOVC T02170200 56007
ATL,2023-06-16 09:52,9.00,900.00,KATL 160952Z 23005KT 9SM OVC009 22/21 A2985 RMK AO2 SLP099 T02220206
ATL,2023-06-16 10:52,9.00,700.00,KATL 161052Z 24006KT 9SM SCT007 OVC012 22/20 A2986 RMK AO2 SLP103 T02220200
ATL,2023-06-16 11:52,7.00,800.00,KATL 161152Z 27007KT 7SM BKN008 OVC014 22/20 A2985 RMK AO2 SLP099 T02220200 10228 20217 50009
ATL,2023-06-16 12:52,10.00,1000.00,KATL 161252Z 27006KT 10SM BKN010 BKN015 BKN250 23/20 A2987 RMK AO2 SLP106 CIG 008V012 T02330200
ATL,2023-06-16 13:52,10.00,1600.00,KATL 161352Z 26009KT 10SM BKN016 BKN250 24/20 A2989 RMK AO2 SLP114 T02440200
ATL,2023-06-16 14:52,10.00,2100.00,KATL 161452Z 31010KT 10SM BKN021 BKN250 26/21 A2989 RMK AO2 SLP111 T02610206 50012
ATL,2023-06-16 15:52,10.00,2800.00,KATL 161552Z 31009KT 10SM SCT028 BKN250 28/20 A2989 RMK AO2 SLP112 MDT CU ALQDS T02780200
ATL,2023-06-16 16:52,10.00,3700.00,KATL 161652Z 27007G19KT 230V300 10SM SCT037 BKN250 29/19 A2989 RMK AO2 SLP110 MDT CU ALQDS T02890194
ATL,2023-06-16 17:52,10.00,4300.00,KATL 161752Z 30009KT 10SM SCT043 SCT200 BKN250 29/19 A2988 RMK AO2 SLP105 MDT CU W-N-E T02890189 10294 20222 58004
ATL,2023-06-16 18:52,10.00,4500.00,KATL 161852Z 33011G19KT 10SM FEW045 SCT200 BKN250 30/18 A2986 RMK AO2 SLP100 MDT CU N-NE DSNT S T03000183
ATL,2023-06-16 19:52,10.00,5500.00,KATL 161952Z 32013KT 10SM FEW055 SCT250 31/17 A2985 RMK AO2 SLP098 MDT CU ALQDS T03060167
ATL,2023-06-16 20:52,10.00,5500.00,KATL 162052Z 31011KT 10SM FEW055 FEW250 31/17 A2984 RMK AO2 SLP093 MDT CU DSNT S T03060167 56012
ATL,2023-06-16 21:52,10.00,5500.00,KATL 162152Z 33011G17KT 10SM FEW055 FEW250 31/16 A2984 RMK AO2 SLP092 T03110161
ATL,2023-06-16 22:52,10.00,5500.00,KATL 162252Z 30009KT 10SM FEW055 FEW250 30/17 A2984 RMK AO2 SLP093 T03000167
ATL,2023-06-16 23:52,10.00,5500.00,KATL 162352Z 27007KT 10SM FEW055 SCT250 29/16 A2985 RMK AO2 SLP098 T02890161 10311 20289 53004
ATL,2023-06-17 00:52,10.00,5500.00,KATL 170052Z 26007KT 10SM FEW055 SCT200 BKN250 27/17 A2986 RMK AO2 SLP102 T02720167
ATL,2023-06-17 01:52,10.00,20000.00,KATL 170152Z 27008KT 10SM SCT200 BKN250 26/18 A2988 RMK AO2 SLP109 T02610178
ATL,2023-06-17 02:52,10.00,6000.00,KATL 170252Z 27007KT 10SM FEW060 SCT200 BKN250 26/18 A2988 RMK AO2 SLP106 T02560183 50009
ATL,2023-06-17 03:52,10.00,20000.00,KATL 170352Z 27007KT 10SM FEW200 BKN250 24/18 A2987 RMK AO2 SLP104 T02440183
ATL,2023-06-17 04:52,10.00,25000.00,KATL 170452Z 28007KT 10SM BKN250 24/18 A2988 RMK AO2 SLP108 T02390183 403110217
ATL,2023-06-17 05:52,10.00,25000.00,KATL 170552Z 27007KT 10SM FEW250 23/18 A2988 RMK AO2 SLP107 T02280183 10289 20228 53001
ATL,2023-06-17 06:52,10.00,20000.00,KATL 170652Z 26007KT 10SM FEW200 22/18 A2989 RMK AO2 SLP111 T02220178
ATL,2023-06-17 07:52,10.00,20000.00,KATL 170752Z 27009KT 10SM FEW200 22/17 A2989 RMK AO2 SLP111 T02170172
ATL,2023-06-17 08:52,10.00,20000.00,KATL 170852Z 26006KT 10SM FEW200 21/17 A2990 RMK AO2 SLP113 T02110172 51005
ATL,2023-06-17 09:52,10.00,20000.00,KATL 170952Z 26006KT 10SM FEW200 FEW250 21/18 A2990 RMK AO2 SLP114 T02060178
ATL,2023-06-17 10:52,10.00,20000.00,KATL 171052Z 24003KT 10SM FEW200 FEW250 21/18 A2991 RMK AO2 SLP119 T02060178
ATL,2023-06-17 11:52,10.00,20000.00,KATL 171152Z 29006KT 10SM FEW200 FEW250 22/19 A2993 RMK AO2 SLP123 T02170189 10228 20206 53009
ATL,2023-06-17 12:52,10.00,25000.00,KATL 171252Z 30008KT 10SM FEW250 23/19 A2993 RMK AO2 SLP126 T02330194 $
ATL,2023-06-17 13:52,10.00,25000.00,KATL 171352Z 32006KT 10SM SCT250 26/19 A2993 RMK AO2 SLP125 T02560194 $
ATL,2023-06-17 14:52,10.00,25000.00,KATL 171452Z 00000KT 10SM FEW250 28/19 A2993 RMK AO2 SLP123 T02780194 50000 $
ATL,2023-06-17 15:52,10.00,25000.00,KATL 171552Z 31004KT 10SM SCT250 29/19 A2992 RMK AO2 SLP122 T02940189 $
ATL,2023-06-17 16:52,10.00,4800.00,KATL 171652Z 31006KT 10SM FEW048 SCT250 31/18 A2991 RMK AO2 SLP118 T03060178 $
ATL,2023-06-17 17:52,10.00,6000.00,KATL 171752Z 30005KT 10SM FEW060 BKN250 31/17 A2990 RMK AO2 SLP115 MDT CU SE SW T03110167 10311 20217 58007 $
ATL,2023-06-17 18:52,10.00,6000.00,KATL 171852Z VRB05KT 10SM FEW060 BKN250 32/17 A2990 RMK AO2 SLP112 MDT CU ALQDS T03170167 $
ATL,2023-06-17 19:52,10.00,6000.00,KATL 171952Z VRB05KT 10SM FEW060 BKN250 32/16 A2988 RMK AO2 SLP107 TCU DSNT SW W MDT CU N-E T03170161 $
ATL,2023-06-17 20:52,10.00,6000.00,KATL 172052Z 29005KT 10SM FEW060TCU BKN250 31/16 A2986 RMK AO2 SLP100 TCU NW MDT N-NE SE T03060161 58014 $
ATL,2023-06-17 21:52,10.00,6500.00,KATL 172152Z 34008KT 10SM FEW065 BKN250 32/16 A2984 RMK AO2 SLP094 TCU DSNT W MDT CU N NE SE-S T03170161 $
ATL,2023-06-17 22:52,10.00,6500.00,KATL 172252Z 34009KT 10SM FEW065 BKN250 31/16 A2984 RMK AO2 SLP094 TCU DSNT SW MDT CU N-SE T03060156 $
ATL,2023-06-17 23:52,10.00,6500.00,KATL 172352Z 33007KT 10SM FEW065 BKN250 30/16 A2986 RMK AO2 SLP101 MDT CU E-SE T03000156 10322 20300 53000 $
ATL,2023-06-18 00:52,10.00,6500.00,KATL 180052Z 34005KT 10SM FEW065 SCT075 BKN250 29/16 A2987 RMK AO2 SLP104 ACC DSNT W T02940156 $
ATL,2023-06-18 01:52,10.00,7000.00,KATL 180152Z COR 02006KT 10SM FEW070 SCT250 29/14 A2990 RMK AO2 SLP112 T02890144 $
ATL,2023-06-18 02:52,10.00,7000.00,KATL 180252Z 03007KT 10SM FEW070 FEW250 28/15 A2990 RMK AO2 SLP114 T02830150 51013 $
ATL,2023-06-18 03:52,9.00,25000.00,KATL 180352Z 01004KT 9SM FEW250 28/16 A2990 RMK AO2 SLP113 T02780156 $
ATL,2023-06-18 04:52,10.00,M,KATL 180452Z 00000KT 10SM CLR 24/17 A2991 RMK AO2 SLP115 T02440167 403220206 $
ATL,2023-06-18 05:52,10.00,M,KATL 180552Z 30003KT 10SM CLR 23/17 A2990 RMK AO2 SLP112 T02330172 10300 20233 58002 $
ATL,2023-06-18 06:52,9.00,M,KATL 180652Z 00000KT 9SM CLR 23/17 A2990 RMK AO2 SLP112 T02280172 $
ATL,2023-06-18 07:52,9.00,M,KATL 180752Z 00000KT 9SM CLR 23/18 A2989 RMK AO2 SLP110 T02280178 $
ATL,2023-06-18 08:52,9.00,25000.00,KATL 180852Z 01004KT 9SM FEW250 23/17 A2988 RMK AO2 SLP106 T02330172 58006 $
ATL,2023-06-18 09:52,9.00,25000.00,KATL 180952Z 00000KT 9SM FEW250 22/17 A2990 RMK AO2 SLP113 T02220167 $
ATL,2023-06-18 10:52,7.00,25000.00,KATL 181052Z 00000KT 7SM SCT250 22/17 A2992 RMK AO2 SLP121 T02170167 $
ATL,2023-06-18 11:52,7.00,25000.00,KATL 181152Z 04005KT 7SM BKN250 24/14 A2992 RMK AO2 SLP121 T02390144 10239 20206 51015 $
ATL,2023-06-18 12:52,7.00,20000.00,KATL 181252Z 08009KT 7SM SCT200 BKN250 24/14 A2993 RMK AO2 SLP125 T02440139 $
ATL,2023-06-18 13:52,8.00,20000.00,KATL 181352Z 08006KT 8SM FEW200 OVC250 26/14 A2996 RMK AO2 SLP135 T02560144 $
ATL,2023-06-18 14:52,8.00,20000.00,KATL 181452Z 09005KT 8SM FEW200 BKN250 27/16 A2996 RMK AO2 SLP134 T02670156 51013 $
ATL,2023-06-18 15:52,8.00,20000.00,KATL 181552Z VRB03KT 8SM SCT200 OVC250 28/16 A2996 RMK AO2 SLP133 T02780161 $
ATL,2023-06-18 16:52,8.00,20000.00,KATL 181652Z 19007KT 8SM BKN200 OVC250 28/17 A2994 RMK AO2 SLP129 T02830172 $
ATL,2023-06-18 17:52,8.00,20000.00,KATL 181752Z 20005KT 8SM BKN200 OVC250 28/18 A2993 RMK AO2 SLP126 T02780178 10289 20239 58009 $
ATL,2023-06-18 18:52,8.00,20000.00,KATL 181852Z 23007KT 8SM BKN200 OVC250 29/18 A2993 RMK AO2 SLP123 T02890183 $
ATL,2023-06-18 19:52,8.00,3800.00,KATL 181952Z COR 17007KT 8SM FEW038 FEW120 SCT200 BKN250 29/19 A2990 RMK AO2 LTG DSNT S AND SW SLP113 CB DSNT S SW T02890194 $
ATL,2023-06-18 20:52,9.00,3900.00,KATL 182052Z 20007KT 9SM FEW039 BKN130 BKN250 29/19 A2987 RMK AO2 LTG DSNT SE-W SLP103 CB DSNT SE-S W MDT CU DSNT N-E T02940194 58022 $
ATL,2023-06-18 21:52,10.00,2000.00,KATL 182152Z VRB05G15KT 10SM FEW020 SCT037 SCT120 BKN250 26/20 A2983 RMK AO2 RAB40E51 SLP093 P0000 T02610200 $
ATL,2023-06-18 22:52,10.00,3500.00,KATL 182252Z 22005KT 10SM FEW035 SCT060 SCT120 BKN200 BKN250 26/19 A2986 RMK AO2 SLP103 VIRGA SW-NW CB DSNT SE T02610194 $
ATL,2023-06-18 23:52,10.00,6000.00,KATL 182352Z 18004KT 10SM FEW060 FEW120 BKN220 BKN250 27/20 A2987 RMK AO2 SLP104 60000 T02670200 10300 20256 53000 $
ATL,2023-06-19 00:52,10.00,6000.00,KATL 190052Z 17003KT 10SM FEW060 SCT120 BKN250 26/21 A2988 RMK AO2 SLP107 TCU DSNT N T02560211 $
ATL,2023-06-19 01:52,10.00,8000.00,KATL 190152Z 17005KT 10SM FEW080 SCT120 BKN150 25/22 A2988 RMK AO2 SLP108 T02500217 $
ATL,2023-06-19 02:52,10.00,13000.00,KATL 190252Z 00000KT 10SM BKN130 BKN150 25/22 A2990 RMK AO2 SLP112 T02500217 53009 $
ATL,2023-06-19 03:52,10.00,13000.00,KATL 190352Z 17005KT 10SM FEW130 SCT160 BKN250 24/21 A2988 RMK AO2 SLP108 T02390211 $
ATL,2023-06-19 04:52,10.00,10000.00,KATL 190452Z 18005KT 10SM SCT100 SCT110 SCT150 BKN250 23/21 A2988 RMK AO2 SLP106 T02330211 403000206 $
ATL,2023-06-19 05:52,9.00,10000.00,KATL 190552Z 16004KT 9SM FEW100 SCT150 BKN250 23/21 A2987 RMK AO2 SLP103 T02280211 10267 20228 58010 $
ATL,2023-06-19 06:52,9.00,9000.00,KATL 190652Z COR 20004KT 9SM FEW090 SCT120 BKN150 BKN250 23/21 A2988 RMK AO2 LTG DSNT NW SLP108 CB DSNT NW T02280211 $
ATL,2023-06-19 07:52,5.00,800.00,KATL 190752Z 25003KT 5SM -TSRA BR FEW008 SCT035CB BKN110 BKN150 23/21 A2987 RMK AO2 LTG DSNT SW-N SLP103 RAB28 TSB35 FRQ LTGICCG VC W-NW TS VC W-NW MOV NE CB DSNT SW-NW-N P0002 T02280211 $
ATL,2023-06-19 08:52,10.00,3100.00,KATL 190852Z 17005KT 10SM TS SCT031CB BKN047 OVC110 22/19 A2985 RMK AO2 PK WND 28029/0807 RAE46 SLP096 OCNL LTGICCG NE-SE TS NE-SE MOV NE FRQ LTGICCG DSNT SW-W CB DSNT SW-W P0046 60048 T02170194 58006 $
ATL,2023-06-19 09:52,6.00,1300.00,KATL 190952Z 16006G17KT 6SM TSRA BR FEW013 SCT043CB OVC080 21/19 A2988 RMK AO2 PK WND 22027/0909 LTG DSNT ALQDS RAB0855 SLP109 OCNL LTGICCG VC NE-SE TS VC NE-SE MOV NE CB DSNT ALQDS P0028 T02060189 $
ATL,2023-06-19 10:52,5.00,4300.00,KATL 191052Z 14006KT 5SM TSRA BR FEW043CB BKN090 OVC110 20/19 A2988 RMK AO2 LTG DSNT ALQDS SLP110 OCNL LTGICCA OHD-ALQDS TS OHD-ALQDS MOV NE CB DSNT ALQDS P0015 T02000189 $
ATL,2023-06-19 11:52,9.00,500.00,KATL 191152Z 17005KT 9SM -RA FEW005 BKN060 BKN090 OVC150 20/19 A2988 RMK AO2 LTG DSNT N TSE07 SLP108 TS MOV NE CB DSNT N P0009 60100 70100 T02000189 10233 20194 50010 $
ATL,2023-06-19 12:52,10.00,700.00,KATL 191252Z 17007KT 10SM FEW007 SCT055 BKN120 OVC150 21/19 A2989 RMK AO2 RAE1155 SLP113 VIS LWR N-NE FG BANK N-NE P0000 T02060189 $
ATL,2023-06-19 13:52,10.00,500.00,KATL 191352Z 13008KT 10SM FEW005 BKN100 OVC200 21/19 A2988 RMK AO2 SLP108 ACC S-SW T02110194 $
ATL,2023-06-19 14:52,10.00,1000.00,KATL 191452Z 18009KT 10SM BKN010 BKN100 OVC200 24/21 A2988 RMK AO2 SLP110 CIG 009V013 ACC N 60000 T02390206 51002 $
ATL,2023-06-19 15:52,10.00,1200.00,KATL 191552Z 17008KT 10SM BKN012 OVC032 24/21 A2989 RMK AO2 SLP114 T02390206 $
ATL,2023-06-19 16:52,10.00,1600.00,KATL 191652Z 17008KT 10SM SCT016 BKN034 OVC220 25/21 A2989 RMK AO2 SLP112 T02500211 $
ATL,2023-06-19 17:52,10.00,1900.00,KATL 191752Z 19006KT 10SM BKN019 BKN026 OVC042 25/21 A2987 RMK AO2 SLP105 60000 T02500211 10256 20200 58005 $
ATL,2023-06-19 18:52,10.00,1800.00,KATL 191852Z 20006KT 10SM BKN018 OVC026 25/21 A2986 RMK AO2 SLP100 SHRA N-NE T02500211 $
ATL,2023-06-19 19:52,9.00,1500.00,KATL 191952Z 19008G17KT 9SM -RA BKN015TCU BKN026 OVC250 24/22 A2984 RMK AO2 RAB52 SLP096 CB DSNT W TCU SE P0000 T02440217 $
ATL,2023-06-19 20:52,10.00,1500.00,KATL 192052Z 19012KT 10SM -RA BKN015TCU BKN026 OVC050 24/21 A2984 RMK AO2 RAE30B51 SLP096 CB DSNT SW TCU ALQDS BINOVC P0000 60000 T02390211 56010 $
ATL,2023-06-19 21:52,10.00,1300.00,KATL 192152Z 20013G19KT 10SM SCT013 BKN045 BKN070 BKN200 25/21 A2983 RMK AO2 RAE12 SLP094 TCU DSNT S P0000 T02500211
ATL,2023-06-19 22:52,10.00,1300.00,KATL 192252Z 19009KT 10SM FEW013 BKN200 26/22 A2982 RMK AO2 SLP089 T02560217
ATL,2023-06-19 23:52,10.00,1400.00,KATL 192352Z 22009KT 10SM SCT014 BKN200 25/21 A2982 RMK AO2 SLP089 SCT014 V BKN 60000 T02500211 10256 20239 55006
ATL,2023-06-20 00:52,10.00,1500.00,KATL 200052Z 20006KT 10SM FEW015 BKN200 24/21 A2983 RMK AO2 SLP091 T02440211
ATL,2023-06-20 01:52,10.00,1200.00,KATL 200152Z 20004KT 10SM FEW012 BKN200 23/21 A2983 RMK AO2 SLP094 T02330211
ATL,2023-06-20 02:52,10.00,1200.00,KATL 200252Z 24006KT 10SM FEW012 BKN250 23/21 A2983 RMK AO2 SLP092 T02330211 50004
ATL,2023-06-20 03:52,10.00,800.00,KATL 200352Z 24004KT 10SM FEW008 SCT250 23/21 A2983 RMK AO2 SLP091 T02280211
ATL,2023-06-20 04:52,9.00,300.00,KATL 200452Z 19004KT 9SM FEW003 BKN006 BKN250 22/21 A2983 RMK AO2 SLP093 T02220211 402560194 $
ATL,2023-06-20 05:52,8.00,400.00,KATL 200552Z 22005KT 8SM BKN004 BKN039 BKN250 22/21 A2983 RMK AO2 SLP092 BKN004 V SCT T02220211 10250 20222 53000 $
ATL,2023-06-20 06:52,8.00,400.00,KATL 200652Z 24005KT 8SM BKN004 BKN007 22/21 A2983 RMK AO2 SLP093 BKN004 V SCT T02220211 $
ATL,2023-06-20 07:52,8.00,700.00,KATL 200752Z 25003KT 8SM BKN007 BKN110 22/21 A2983 RMK AO2 SLP091 BKN007 V SCT T02220206 $
ATL,2023-06-20 08:52,10.00,600.00,KATL 200852Z 22003KT 10SM FEW006 SCT090 BKN110 22/21 A2982 RMK AO2 SLP089 T02220206 58003 $
ATL,2023-06-20 09:52,8.00,600.00,KATL 200952Z 00000KT 8SM BKN006 BKN110 22/21 A2982 RMK AO2 SLP087 T02170206
ATL,2023-06-20 10:52,7.00,500.00,KATL 201052Z 28006KT 7SM BKN005 BKN110 22/20 A2983 RMK AO2 SLP091 T02170200
ATL,2023-06-20 11:52,10.00,700.00,KATL 201152Z 29005KT 10SM FEW007 SCT110 22/20 A2984 RMK AO2 SLP094 T02220200 10222 20211 53005
ATL,2023-06-20 12:52,10.00,1300.00,KATL 201252Z 00000KT 10SM FEW013 BKN100 23/19 A2986 RMK AO2 SLP101 T02330194
ATL,2023-06-20 13:52,10.00,1800.00,KATL 201352Z 00000KT 10SM FEW018 BKN100 BKN250 24/19 A2986 RMK AO2 SLP103 TCU DSNT NE E NW T02440189
ATL,2023-06-20 14:52,10.00,2600.00,KATL 201452Z 28003KT 10SM SCT026 SCT100 SCT250 26/19 A2985 RMK AO2 SLP099 TCU DSNT NE-SE MDT CU ALQDS T02610189 50005
ATL,2023-06-20 15:52,10.00,3000.00,KATL 201552Z 26006KT 10SM SCT030 SCT060 BKN100 BKN200 27/18 A2985 RMK AO2 SLP097 TCU DSNT N-E-SE MDT CU ALQDS T02670183
ATL,2023-06-20 16:52,10.00,3600.00,KATL 201652Z 21007KT 10SM SCT036 SCT070 BKN110 BKN200 27/18 A2983 RMK AO2 LTG DSNT NE-S SLP093 CB DSNT NW-NE-SE TCU DSNT NE-SE MDT CU ALQDS T02670183
ATL,2023-06-20 17:52,10.00,4000.00,KATL 201752Z 24007G15KT 10SM FEW040TCU SCT075 BKN110 BKN200 28/18 A2981 RMK AO2 SLP083 CB DSNT NW-NE-SE TCU SW NW DSNT S MDT CU ALQDS T02830183 10283 20222 58015
ATL,2023-06-20 18:52,10.00,4500.00,KATL 201852Z COR 23008KT 10SM SCT045CB BKN080 BKN120 BKN200 28/18 A2980 RMK AO2 LTG DSNT NE SLP080 CB N-NE MOV E CB DSNT NE TCU ALQDS SHRA N-NE T02830183
ATL,2023-06-20 19:52,10.00,4500.00,KATL 201952Z 34009KT 10SM -RA SCT045TCU BKN095 BKN130 BKN200 25/19 A2980 RMK AO2 PK WND 35026/1935 WSHFT 1921 LTG DSNT NE RAB28 SLP080 CB DSNT NE TCU E-SE SW-W P0000 T02500194
ATL,2023-06-20 20:52,10.00,4400.00,KATL 202052Z 01007KT 10SM FEW044 SCT080 BKN120 BKN200 25/19 A2980 RMK AO2 LTG DSNT W RAE10 SLP082 CB DSNT SE SW-W TCU DSNT SE S NW P0000 60000 T02500189 55002
ATL,2023-06-20 21:52,10.00,4500.00,KATL 202152Z 27005KT 10SM -RA FEW045 SCT070 BKN110 BKN200 24/19 A2980 RMK AO2 RAB12E21B49 SLP082 LTG DSNT SE W-NW CB DSNT SE S W-NW P0000 T02390194
ATL,2023-06-20 22:52,9.00,4000.00,KATL 202252Z 32008KT 9SM -RA FEW040 BKN070 BKN100 BKN200 23/20 A2979 RMK AO2 LTG DSNT NW RAE03B23 SLP078 CB DSNT SE-SW NW P0003 T02280200
ATL,2023-06-20 23:52,10.00,2000.00,KATL 202352Z 27004KT 10SM -RA FEW020 BKN070 BKN120 BKN200 23/19 A2981 RMK AO2 SLP085 RAE2256B17E30B49 TSB2257E18 LTG DSNT SW CB DSNT SW P0000 60003 T02280189 10294 20222 53002
ATL,2023-06-21 00:52,10.00,2000.00,KATL 210052Z 10005KT 10SM FEW020 BKN080 BKN120 OVC200 23/19 A2983 RMK AO2 LTG DSNT N RAE13 SLP091 CB DSNT NW-N SW P0000 T02330194
ATL,2023-06-21 01:52,10.00,2000.00,KATL 210152Z 12004KT 10SM FEW020 BKN060 BKN100 OVC200 23/20 A2983 RMK AO2 LTG DSNT SE AND SW AND NW SLP091 CB DSNT SE SW NW T02280200
ATL,2023-06-21 02:52,10.00,1500.00,KATL 210252Z 10009KT 10SM FEW015 SCT040 BKN150 BKN250 23/19 A2984 RMK AO2 SLP094 CB DSNT S-SW 60000 T02280194 51010
ATL,2023-06-21 03:52,10.00,1300.00,KATL 210352Z 11005KT 10SM FEW013 SCT045 BKN070 BKN200 22/20 A2984 RMK AO2 SLP096 T02220200
ATL,2023-06-21 04:52,10.00,1100.00,KATL 210452Z 09007KT 10SM FEW011 BKN040 BKN080 BKN200 22/19 A2983 RMK AO2 SLP091 T02220194 402940211
ATL,2023-06-21 05:52,10.00,800.00,KATL 210552Z 08009KT 10SM SCT008 BKN047 OVC085 22/20 A2982 RMK AO2 SLP088 60000 T02170200 10233 20217 58005
ATL,2023-06-21 06:52,10.00,600.00,KATL 210652Z 09009KT 10SM FEW006 BKN016 OVC095 21/19 A2982 RMK AO2 SLP087 T02110194
ATL,2023-06-21 07:52,10.00,700.00,KATL 210752Z 11006KT 10SM -RA BKN007 BKN020 OVC100 21/19 A2982 RMK AO2 RAB34 SLP088 P0000 T02110194
ATL,2023-06-21 08:52,8.00,800.00,KATL 210852Z 08010KT 8SM -RA OVC008 21/20 A2982 RMK AO2 SLP088 P0001 60001 T02110200 56001
ATL,2023-06-21 09:52,3.00,400.00,KATL 210952Z 08012KT 3SM -RA BR BKN004 OVC008 21/19 A2982 RMK AO2 RAE0853B12 SLP091 CIG 003V005 P0001 T02060194
ATL,2023-06-21 10:52,1.00,400.00,KATL 211052Z 08011KT 1SM -RA BR BKN004 BKN009 OVC013 21/19 A2984 RMK AO2 SFC VIS 4 SLP096 CIG 003V006 TWRINC PCPN VRY LGT P0000 T02060194
ATL,2023-06-21 11:52,2.00,500.00,KATL 211152Z COR 07011KT 2SM -DZ BR BKN005 BKN009 OVC016 21/19 A2985 RMK AO2 SFC VIS 4 RAE31DZB31 SLP100 VIS SE-SW 2_CIG 003V006 TWRINC P0000 60002 70005 T02060189 10217 20200 53010
ATL,2023-06-21 12:52,10.00,700.00,KATL 211252Z 08010KT 10SM BKN007 OVC031 21/19 A2986 RMK AO2 DZE23 SLP102 CIG 006V009 BINOVC P0000 T02110189
ATL,2023-06-21 13:52,8.00,800.00,KATL 211352Z 10005KT 8SM -RA OVC008 21/19 A2987 RMK AO2 RAB45 SLP106 CIG 007V010 P0000 T02110189
ATL,2023-06-21 14:52,3.00,700.00,KATL 211452Z 10009KT 3SM -RA BKN007 OVC014 22/19 A2987 RMK AO2 SFC VIS 8 RAE27B46DZB27E46 SLP106 CIG 005V009 P0000 60000 T02170194 51007
ATL,2023-06-21 15:52,9.00,800.00,KATL 211552Z 12007KT 9SM BKN008 OVC016 22/19 A2987 RMK AO2 RAE03B33E51DZB03E25 SLP106 CIG 007V010 P0000 T02170194
ATL,2023-06-21 16:52,10.00,1400.00,KATL 211652Z 15007KT 10SM SCT014 BKN024 OVC033 23/19 A2986 RMK AO2 SLP103 MDT CU ALQDS SHRA N-NE T02330194
ATL,2023-06-21 17:52,8.00,1700.00,KATL 211752Z VRB03KT 8SM -RA SCT017 BKN026 OVC042 24/19 A2985 RMK AO2 LTG DSNT E RAB48 SLP098 VIS NW-NE 2 CB DSNT NE-E MDT CU ALQDS BINOVC P0000 60000 T02390194 10244 20206 58008 $
ATL,2023-06-21 18:52,4.00,1300.00,KATL 211852Z 04012KT 4SM -TSRA BR SCT013 BKN026CB OVC048 22/20 A2985 RMK AO2 LTG DSNT NE TSB43 SLP099 VIS NW-NE 1 1/2 OCNL LTGIC VC NW-NE TS VC NW-NE MOV W CB DSNT NE P0003 T02170200 $
ATL,2023-06-21 19:52,3.00,800.00,KATL 211952Z 07014G20KT 3SM -TSRA BR SCT008 BKN026CB OVC036 21/19 A2985 RMK AO2 TSE05B42 SLP100 VIS NE-SE 1 1/2 OCNL LTGICCA NE-SE-SW TS NE-SE-SW MOV W P0001 T02110194 $
ATL,2023-06-21 20:52,8.00,700.00,KATL 212052Z 05012KT 8SM -RA SCT007 BKN013 OVC038 22/20 A2984 RMK AO2 TSE1957 SLP097 TS DSIPTD CIG 011V015 P0031 60035 T02170200 58002 $
ATL,2023-06-21 21:52,10.00,900.00,KATL 212152Z 05013KT 10SM SCT009 BKN014 OVC040 22/20 A2984 RMK AO2 RAE06 SLP097 CB DSNT SE-SW P0000 T02220200 $
ATL,2023-06-21 22:52,10.00,900.00,KATL 212252Z 06018G24KT 10SM BKN009 BKN014 OVC035 22/19 A2985 RMK AO2 SLP100 CB DSNT SE-SW T02170189 $
ATL,2023-06-21 23:52,6.00,700.00,KATL 212352Z 05015KT 6SM -RA BR BKN007 BKN015 OVC030 21/19 A2986 RMK AO2 RAB09 SLP104 CB DSNT S-SW P0000 60035 T02110194 10239 20211 53007 $
ATL,2023-06-22 00:52,10.00,800.00,KATL 220052Z 07017G23KT 10SM SCT008 BKN012 OVC035 21/18 A2986 RMK AO2 RAE26 SLP104 P0000 T02060183 $
ATL,2023-06-22 01:52,10.00,800.00,KATL 220152Z 05014KT 10SM BKN008 BKN012 OVC035 20/18 A2985 RMK AO2 SLP102 T02000183 $
ATL,2023-06-22 02:52,10.00,800.00,KATL 220252Z 07012KT 10SM BKN008 OVC013 19/18 A2987 RMK AO2 SLP108 60000 T01940178 53002 $
ATL,2023-06-22 03:52,6.00,600.00,KATL 220352Z 07012G20KT 6SM -RA BR OVC006 19/18 A2987 RMK AO2 RAB15 SLP107 CIG 004V009 P0000 T01890178 $
ATL,2023-06-22 04:52,2.50,600.00,KATL 220452Z 08013KT 2 1/2SM -DZ BR OVC006 19/18 A2985 RMK AO2 RAE50DZB50 SLP101 CIG 004V009 P0000 T01890178 402440189 $
ATL,2023-06-22 05:52,1.50,500.00,KATL 220552Z 08012KT 1 1/2SM -DZ BR OVC005 19/18 A2986 RMK AO2 SFC VIS 2 1/2 SLP102 CIG 003V006 P0000 60000 T01890178 10211 20189 55004 $
ATL,2023-06-22 06:52,1.50,500.00,KATL 220652Z 08010KT 1 1/2SM -DZ BR OVC005 19/18 A2986 RMK AO2 SFC VIS 2 1/2 SLP105 CIG 004V006 P0000 T01890178 $
ATL,2023-06-22 07:52,2.00,500.00,KATL 220752Z 07010KT 2SM -DZ BR OVC005 19/18 A2985 RMK AO2 SFC VIS 3 SLP103 CIG 004V007 P0001 T01890178 $
ATL,2023-06-22 08:52,1.50,500.00,KATL 220852Z 06007KT 1 1/2SM -DZ OVC005 19/18 A2986 RMK AO2 SFC VIS 7 SLP103 CIG 004V006 PCPN VRY LGT P0000 60001 T01890178 50000 $
ATL,2023-06-22 09:52,3.00,500.00,KATL 220952Z COR 07009KT 3SM -RA BR OVC005 19/18 A2985 RMK AO2 SLP102 DZE03RAB03 CIG 004V006 P0003 T01890178
ATL,2023-06-22 10:52,10.00,600.00,KATL 221052Z 07009KT 10SM -RA OVC006 19/18 A2985 RMK AO2 DZE00RAB00 SLP103 CIG 005V008 P0001 T01890178
ATL,2023-06-22 11:52,2.50,500.00,KATL 221152Z 07007KT 2 1/2SM -RA BR OVC005 19/17 A2987 RMK AO2 RAE09B36 SLP108 CIG 004V006 P0000 60005 70040 T01890172 10189 20183 53006
ATL,2023-06-22 12:52,3.00,600.00,KATL 221252Z 09008KT 3SM -RA BR OVC006 19/18 A2989 RMK AO2 RAE07B39DZB07E39 SLP115 CIG 005V007 P0000 T01890178
ATL,2023-06-22 13:52,7.00,600.00,KATL 221352Z 10007KT 7SM -DZ OVC006 20/18 A2990 RMK AO2 RAE17DZB17 SLP118 CIG 005V007 P0000 T02000183
ATL,2023-06-22 14:52,7.00,600.00,KATL 221452Z 11005KT 7SM -DZ OVC006 20/18 A2990 RMK AO2 SLP119 CIG 005V008 PCPN VRY LGT P0000 60000 T02000183 51010
ATL,2023-06-22 15:52,8.00,700.00,KATL 221552Z 00000KT 8SM OVC007 21/18 A2990 RMK AO2 DZE50 SLP118 CIG 006V009 P0000 T02060183
ATL,2023-06-22 16:52,9.00,1000.00,KATL 221652Z 21003KT 9SM BKN010 OVC016 22/19 A2990 RMK AO2 SLP117 CIG 009V012 BINOVC T02220194
ATL,2023-06-22 17:52,10.00,1300.00,KATL 221752Z 28003KT 10SM SCT013 BKN020 OVC048 24/20 A2989 RMK AO2 SLP115 60000 T02390200 10239 20189 58003
ATL,2023-06-22 18:52,10.00,1800.00,KATL 221852Z 30006KT 10SM FEW018TCU SCT028 BKN060 25/21 A2989 RMK AO2 SLP112 TCU NW MDT CU ALQDS T02500206
ATL,2023-06-22 19:52,10.00,1800.00,KATL 221952Z 35010KT 10SM SCT018TCU BKN031 BKN075 26/20 A2988 RMK AO2 SLP109 TCU W DSNT NE SE MDT CU ALQDS T02610200
ATL,2023-06-22 20:52,10.00,2100.00,KATL 222052Z 34007KT 10SM FEW021TCU SCT034 BKN075 27/20 A2988 RMK AO2 SLP110 TCU E SW MDT CU ALQDS T02670200 55004
ATL,2023-06-22 21:52,10.00,2400.00,KATL 222152Z 35007KT 10SM SCT024 BKN035 BKN075 26/19 A2986 RMK AO2 SLP104 TCU DSNT SE MDT CU ALQDS T02610194
ATL,2023-06-22 22:52,10.00,2500.00,KATL 222252Z 32005KT 10SM FEW025TCU SCT040 SCT200 26/20 A2987 RMK AO2 SLP106 TCU E-S-SW T02610200
ATL,2023-06-22 23:52,10.00,2500.00,KATL 222352Z 36005KT 10SM FEW025 BKN045 BKN200 26/19 A2988 RMK AO2 SLP111 CB DSNT SE T02610189 10272 20239 53002
ATL,2023-06-23 00:52,10.00,2500.00,KATL 230052Z 35006KT 10SM FEW025TCU SCT060 SCT200 24/19 A2989 RMK AO2 SLP114 CB DSNT SE TCU S T02440189
ATL,2023-06-23 01:52,10.00,2500.00,KATL 230152Z 36005KT 10SM FEW025 FEW200 24/19 A2991 RMK AO2 SLP119 LTG DSNT SE CB DSNT SE T02440189
ATL,2023-06-23 02:52,10.00,2500.00,KATL 230252Z 35006KT 10SM SCT025 BKN032 BKN200 24/19 A2993 RMK AO2 SLP126 CB DSNT SE MDT CU OHD-ALQDS T02390189 53014
ATL,2023-06-23 03:52,10.00,1800.00,KATL 230352Z 10005KT 10SM FEW018 SCT030 SCT200 22/19 A2993 RMK AO2 SLP129 T02220194
ATL,2023-06-23 04:52,10.00,1800.00,KATL 230452Z 06004KT 10SM SCT018 BKN025 BKN045 22/20 A2994 RMK AO2 SLP129 T02220200 402720183
ATL,2023-06-23 05:52,10.00,1000.00,KATL 230552Z 10006KT 10SM FEW010 SCT018 SCT030 21/19 A2992 RMK AO2 SLP124 T02110194 10261 20211 58002
ATL,2023-06-23 06:52,10.00,700.00,KATL 230652Z 09004KT 10SM FEW007 SCT020 SCT100 21/19 A2992 RMK AO2 SLP123 T02060194
ATL,2023-06-23 07:52,10.00,700.00,KATL 230752Z 00000KT 10SM BKN007 BKN100 21/19 A2992 RMK AO2 SLP121 T02110194
ATL,2023-06-23 08:52,10.00,600.00,KATL 230852Z 13005KT 10SM OVC006 21/19 A2992 RMK AO2 SLP122 CIG 005V007 T02110194 55001
ATL,2023-06-23 09:52,1.00,400.00,KATL 230952Z 19004KT 1SM BR OVC004 21/19 A2994 RMK AO2 SFC VIS 6 SLP128 CIG 003V005 T02060194
ATL,2023-06-23 10:52,1.50,400.00,KATL 231052Z COR 22004KT 1 1/2SM BR BKN004 OVC010 21/19 A2995 RMK AO2 SFC VIS 6 SLP134 CIG 003V005 BINOVC T02060194
ATL,2023-06-23 11:52,1.50,500.00,KATL 231152Z 19004KT 1 1/2SM BKN005 OVC009 21/20 A2997 RMK AO2 SFC VIS 9 SLP138 CIG 004V006 T02110200 10211 20206 51016
ATL,2023-06-23 12:52,6.00,600.00,KATL 231252Z 24004KT 6SM BR OVC006 22/20 A2998 RMK AO2 SLP143 CIG 005V008 BINOVC T02220200
ATL,2023-06-23 13:52,10.00,1300.00,KATL 231352Z 27006KT 10SM BKN013 BKN060 24/20 A2997 RMK AO2 SLP140 T02390200
ATL,2023-06-23 14:52,10.00,1900.00,KATL 231452Z 29006KT 10SM SCT019 25/19 A2997 RMK AO2 SLP138 MDT CU E-S-SW T02500194 50000
ATL,2023-06-23 15:52,10.00,2800.00,KATL 231552Z 24005KT 10SM SCT028 SCT060 27/19 A2997 RMK AO2 SLP140 TCU DSNT W NW MDT CU ALQDS T02670189
ATL,2023-06-23 16:52,10.00,3200.00,KATL 231652Z 24005KT 10SM SCT032TCU SCT090 27/19 A2998 RMK AO2 SLP142 TCU E-SE S DSNT W-NW MDT CU ALQDS T02670189
ATL,2023-06-23 17:52,10.00,4300.00,KATL 231752Z 28009G16KT 10SM SCT043 SCT090 28/17 A2997 RMK AO2 SLP137 TCU DSNT ALQDS MDT CU NE-E SE-S T02830172 10283 20211 58000
ATL,2023-06-23 18:52,10.00,4500.00,KATL 231852Z 31011G20KT 10SM SCT045TCU SCT080 28/19 A2996 RMK AO2 WSHFT 1832 SLP136 TCU W NW-NE MDT CU SE-S T02830189
ATL,2023-06-23 19:52,10.00,4000.00,KATL 231952Z 32007G15KT 10SM FEW040 SCT090 28/19 A2995 RMK AO2 WSHFT 1839 SLP132 TCU DSNT W-NW MDT CU S DSNT E-SE T02830189
ATL,2023-06-23 20:52,10.00,3500.00,KATL 232052Z 33010G19KT 10SM FEW035TCU SCT060 BKN100 26/18 A2995 RMK AO2 PK WND 32027/2026 SLP131 TCU NE-SE-S DSNT S MDT CU DSNT W-NW SHRA E T02560183 56006
ATL,2023-06-23 21:52,10.00,3500.00,KATL 232152Z 33005KT 10SM FEW035 SCT100 SCT200 27/19 A2993 RMK AO2 PK WND 36026/2115 SLP127 TCU DSNT SW MDT CU NW-N T02720189
ATL,2023-06-23 22:52,10.00,3500.00,KATL 232252Z 33009G16KT 10SM FEW035TCU SCT050 SCT110 28/17 A2994 RMK AO2 SLP130 TCU NE-E DSNT SW-W T02780172
ATL,2023-06-23 23:52,10.00,4000.00,KATL 232352Z 33006KT 10SM FEW040 SCT100 26/17 A2996 RMK AO2 SLP135 T02610172 10294 20256 53003
ATL,2023-06-24 00:52,10.00,4000.00,KATL 240052Z 32007KT 10SM FEW040 FEW100 25/17 A2997 RMK AO2 SLP140 T02500167
ATL,2023-06-24 01:52,10.00,10000.00,KATL 240152Z 33007KT 10SM FEW100 24/18 A2998 RMK AO2 SLP142 T02440178
ATL,2023-06-24 02:52,10.00,10000.00,KATL 240252Z 33006KT 10SM FEW100 24/18 A2999 RMK AO2 SLP147 T02390178 51011
ATL,2023-06-24 03:52,10.00,M,KATL 240352Z 32006KT 10SM CLR 23/18 A2999 RMK AO2 SLP147 T02280178
ATL,2023-06-24 04:52,10.00,25000.00,KATL 240452Z 30004KT 10SM FEW250 22/18 A2999 RMK AO2 SLP146 T02170183 402940206
ATL,2023-06-24 05:52,10.00,25000.00,KATL 240552Z 31005KT 10SM FEW250 21/18 A2997 RMK AO2 SLP138 T02110183 10261 20211 58007
ATL,2023-06-24 06:52,10.00,25000.00,KATL 240652Z 31006KT 10SM FEW250 21/18 A2996 RMK AO2 SLP134 T02110178
ATL,2023-06-24 07:52,10.00,25000.00,KATL 240752Z 26003KT 10SM FEW250 20/18 A2997 RMK AO2 SLP139 T02000178
ATL,2023-06-24 08:52,10.00,25000.00,KATL 240852Z 28004KT 10SM FEW250 20/17 A2998 RMK AO2 SLP143 T02000172 53003
ATL,2023-06-24 09:52,10.00,7000.00,KATL 240952Z 30005KT 10SM FEW070 20/17 A3000 RMK AO2 SLP148 T02000167
ATL,2023-06-24 10:52,10.00,12000.00,KATL 241052Z 30007KT 10SM FEW120 FEW250 21/17 A3002 RMK AO2 SLP155 T02060167
ATL,2023-06-24 11:52,10.00,12000.00,KATL 241152Z 28006KT 10SM FEW120 SCT250 22/17 A3003 RMK AO2 SLP159 T02170172 10217 20194 51017
ATL,2023-06-24 12:52,10.00,25000.00,KATL 241252Z 28007KT 10SM FEW250 23/18 A3003 RMK AO2 SLP160 T02330178 $
ATL,2023-06-24 13:52,10.00,15000.00,KATL 241352Z 28009KT 10SM FEW150 FEW250 26/18 A3003 RMK AO2 SLP160 T02560183 $
ATL,2023-06-24 14:52,10.00,3000.00,KATL 241452Z 27010KT 10SM FEW030 SCT250 27/19 A3003 RMK AO2 SLP160 T02720189 51002 $
ATL,2023-06-24 15:52,10.00,3800.00,KATL 241552Z 31014G19KT 10SM SCT038 BKN250 28/18 A3003 RMK AO2 SLP158 MDT CU ALQDS T02780178 $
ATL,2023-06-24 16:52,10.00,4800.00,KATL 241652Z 32009G18KT 280V350 10SM SCT048 BKN250 29/17 A3002 RMK AO2 SLP157 MDT CU ALQDS T02940172 $
ATL,2023-06-24 17:52,10.00,6000.00,KATL 241752Z 30011KT 10SM SCT060 SCT090 BKN250 30/15 A3002 RMK AO2 SLP154 MDT CU ALQDS T03000150 10306 20217 58005 $
ATL,2023-06-24 18:52,10.00,6000.00,KATL 241852Z 31007KT 10SM FEW060 FEW090 BKN250 31/16 A3001 RMK AO2 SLP150 MDT CU ALQDS T03060161 $
ATL,2023-06-24 19:52,10.00,6000.00,KATL 241952Z 30011KT 10SM FEW060 FEW100 BKN250 31/16 A2999 RMK AO2 SLP145 MDT CU ALQDS T03110161 $
ATL,2023-06-24 20:52,10.00,6000.00,KATL 242052Z 32010KT 290V350 10SM FEW060 FEW100 BKN250 31/16 A2998 RMK AO2 SLP141 TCU DSNT S MDT CU ALQDS T03110156 58013 $
ATL,2023-06-24 21:52,10.00,6000.00,KATL 242152Z 31010KT 10SM FEW060 FEW100 SCT250 31/17 A2997 RMK AO2 SLP139 MDT CU NW-NE T03060167 $
ATL,2023-06-24 22:52,10.00,6000.00,KATL 242252Z 30008KT 10SM FEW060 FEW100 SCT250 30/17 A2997 RMK AO2 SLP137 T03000167 $
ATL,2023-06-24 23:52,10.00,6000.00,KATL 242352Z 31008KT 10SM FEW060 FEW250 29/16 A2997 RMK AO2 SLP139 T02940161 10311 20289 55002 $
ATL,2023-06-25 00:52,10.00,6500.00,KATL 250052Z 28005KT 10SM FEW065 FEW250 27/18 A2998 RMK AO2 SLP141 T02670178 $
ATL,2023-06-25 01:52,10.00,7000.00,KATL 250152Z 28005KT 10SM FEW070 FEW250 26/18 A2999 RMK AO2 SLP144 T02560178 $
ATL,2023-06-25 02:52,10.00,7000.00,KATL 250252Z 27004KT 10SM FEW070 FEW250 25/18 A3000 RMK AO2 SLP147 T02500183 53009 $
ATL,2023-06-25 03:52,10.00,7000.00,KATL 250352Z 27003KT 10SM FEW070 24/19 A3001 RMK AO2 SLP152 T02440189 $
ATL,2023-06-25 04:52,10.00,7000.00,KATL 250452Z 24003KT 10SM FEW070 24/18 A3000 RMK AO2 SLP149 T02390183 403110194 $
ATL,2023-06-25 05:52,10.00,6000.00,KATL 250552Z 00000KT 10SM BKN060 23/18 A3000 RMK AO2 SLP147 T02330178 10294 20233 58000 $
ATL,2023-06-25 06:52,10.00,6000.00,KATL 250652Z 00000KT 10SM BKN060 23/18 A2998 RMK AO2 SLP142 T02330183 $
ATL,2023-06-25 07:52,10.00,6000.00,KATL 250752Z 28005KT 10SM FEW060 23/18 A2998 RMK AO2 SLP142 T02280178 $
ATL,2023-06-25 08:52,10.00,5500.00,KATL 250852Z 27004KT 10SM FEW055 SCT085 23/18 A2998 RMK AO2 SLP142 T02330178 55004 $
ATL,2023-06-25 09:52,10.00,8500.00,KATL 250952Z 28007KT 10SM SCT085 23/18 A3000 RMK AO2 SLP147 T02280178 $
ATL,2023-06-25 10:52,9.00,5500.00,KATL 251052Z 28007KT 9SM FEW055 SCT070 23/18 A3000 RMK AO2 SLP148 T02280183 $
ATL,2023-06-25 11:52,9.00,7000.00,KATL 251152Z 27005KT 9SM FEW070 24/19 A3001 RMK AO2 SLP149 T02390189 10239 20222 51007 $
ATL,2023-06-25 12:52,10.00,M,KATL 251252Z 28008KT 10SM CLR 26/19 A3001 RMK AO2 SLP153 T02560189 $
ATL,2023-06-25 13:52,10.00,M,KATL 251352Z 28006KT 10SM CLR 28/19 A3002 RMK AO2 SLP153 T02780194 $
ATL,2023-06-25 14:52,10.00,M,KATL 251452Z 29010KT 10SM CLR 29/19 A3001 RMK AO2 SLP153 T02890194 50003 $
ATL,2023-06-25 15:52,10.00,4200.00,KATL 251552Z 31010KT 10SM FEW042 31/19 A3001 RMK AO2 SLP151 T03060189 $
ATL,2023-06-25 16:52,10.00,5000.00,KATL 251652Z 29008KT 10SM FEW050 31/19 A3001 RMK AO2 SLP149 T03110194 $
ATL,2023-06-25 17:52,10.00,5500.00,KATL 251752Z 24010G14KT 10SM FEW055 SCT250 32/18 A2999 RMK AO2 SLP144 T03170183 10317 20239 58007 $
ATL,2023-06-25 18:52,10.00,6000.00,KATL 251852Z 22008KT 10SM FEW060 FEW250 32/17 A2997 RMK AO2 SLP138 T03220172 $
ATL,2023-06-25 19:52,10.00,6500.00,KATL 251952Z 27010KT 10SM FEW065 FEW250 33/18 A2995 RMK AO2 SLP131 MDT CU DSNT S T03280178 $
ATL,2023-06-25 20:52,10.00,6500.00,KATL 252052Z VRB04KT 10SM FEW065 SCT085 SCT200 33/18 A2994 RMK AO2 SLP125 MDT CU DSNT SE-S T03280183 57019 $
ATL,2023-06-25 21:52,10.00,6500.00,KATL 252152Z COR 25009KT 10SM FEW065 BKN080 BKN150 BKN200 BKN250 32/18 A2993 RMK AO2 LTG DSNT N AND NE CB DSNT W-NE SLP124 T03170183 $
ATL,2023-06-25 22:52,1.25,2500.00,KATL 252252Z 02022G39KT 1 1/4SM TSRA BR SCT025CB BKN035 OVC047 21/19 A3003 RMK AO2 PK WND 36048/2232 SLP161 RAB39 TSB35 OCNL LTGICCCCG OHD-NW-NE TS OHD-NW-NE MOV SE P0007 T02110189 $
ATL,2023-06-25 23:52,8.00,900.00,KATL 252352Z 15003KT 8SM -TSRA FEW009 SCT045CB OVC095 21/19 A3002 RMK AO2 PK WND 36029/2308 SLP157 OCNL LTGICCG NW AND DSNT SE-SW TS NW AND DSNT SE-SW MOV SE BINOVC P0051 60058 T02060189 10333 20206 50028 $
ATL,2023-06-26 00:52,10.00,600.00,KATL 260052Z 20011G28KT 10SM FEW006 BKN090CB BKN110 21/18 A2989 RMK AO2 PK WND 17030/0037 LTG DSNT SW RAE50 TSE48 SLP113 TS MOV SE CBMAM OHD AND ALQDS VIRGA OHD-SW CB DSNT SE-SW P0009 T02060183 $
ATL,2023-06-26 01:52,10.00,9000.00,KATL 260152Z 09005KT 10SM FEW090 SCT110 BKN250 21/18 A2996 RMK AO2 SLP134 T02060183 $
ATL,2023-06-26 02:52,10.00,10000.00,KATL 260252Z 21004KT 10SM FEW100 BKN200 BKN250 21/18 A2995 RMK AO2 SLP131 60009 T02060183 50020 $
ATL,2023-06-26 03:52,10.00,5000.00,KATL 260352Z COR 20005KT 10SM FEW050 FEW065 BKN200 BKN250 20/18 A2995 RMK AO2 SLP133 T02000183 $
ATL,2023-06-26 04:52,10.00,700.00,KATL 260452Z 20007KT 10SM FEW007 SCT049 BKN065 BKN250 20/18 A2993 RMK AO2 SLP124 T02000183 403330200 $
ATL,2023-06-26 05:52,10.00,400.00,KATL 260552Z 21006KT 10SM FEW004 SCT055 BKN100 BKN250 19/18 A2992 RMK AO2 SLP123 60009 T01940183 10217 20194 58007 $
ATL,2023-06-26 06:52,10.00,400.00,KATL 260652Z 21005KT 10SM FEW004 SCT034 BKN043 BKN150 OVC250 19/18 A2990 RMK AO2 SLP113 T01940183 $
ATL,2023-06-26 07:52,10.00,700.00,KATL 260752Z 23006KT 10SM FEW007 FEW035 SCT046 SCT150 BKN250 20/18 A2989 RMK AO2 SLP112 T02000183 $
ATL,2023-06-26 08:52,10.00,2200.00,KATL 260852Z 23004KT 10SM BKN022 BKN032 BKN250 20/18 A2988 RMK AO2 SLP107 T02000183 56014 $
ATL,2023-06-26 09:52,10.00,2400.00,KATL 260952Z 00000KT 10SM FEW024 FEW100 20/18 A2990 RMK AO2 SLP113 T02000183 $
ATL,2023-06-26 10:52,10.00,2400.00,KATL 261052Z 24006KT 10SM FEW024 SCT110 21/19 A2991 RMK AO2 SLP122 T02060189
ATL,2023-06-26 11:52,6.00,500.00,KATL 261152Z 28005KT 6SM BR OVC005 21/19 A2992 RMK AO2 SLP125 CIG 004V007 70067 T02110194 10211 20194 51014 $
ATL,2023-06-26 12:52,0.50,300.00,KATL 261252Z 26004KT 1/2SM BR OVC003 22/21 A2993 RMK AO2 SFC VIS 1 1/4 SLP127 TWRINC T02170206 $
ATL,2023-06-26 13:52,6.00,600.00,KATL 261352Z 25007KT 6SM BR OVC006 23/21 A2992 RMK AO2 SLP126 CIG 004V008 BINOVC T02280211 $
ATL,2023-06-26 14:52,9.00,1200.00,KATL 261452Z 28006KT 9SM SCT012 25/21 A2991 RMK AO2 SLP121 T02500211 58005 $
ATL,2023-06-26 15:52,10.00,2000.00,KATL 261552Z 25007KT 10SM FEW020 27/21 A2990 RMK AO2 SLP114 T02670211 $
ATL,2023-06-26 16:52,10.00,3000.00,KATL 261652Z 24011G16KT 10SM SCT030 29/22 A2989 RMK AO2 SLP110 T02940222 $
ATL,2023-06-26 17:52,10.00,3800.00,KATL 261752Z 27011G21KT 10SM FEW038 31/22 A2987 RMK AO2 SLP104 T03110217 10311 20211 58014 $
ATL,2023-06-26 18:52,10.00,4300.00,KATL 261852Z 26011KT 10SM SCT043 32/22 A2985 RMK AO2 SLP098 T03170217 $
ATL,2023-06-26 19:52,10.00,4800.00,KATL 261952Z 27010G19KT 10SM SCT048 SCT070 32/22 A2984 RMK AO2 SLP093 MDT CU W-N T03220222 $
ATL,2023-06-26 20:52,10.00,4600.00,KATL 262052Z 26012G18KT 10SM FEW046 FEW065 32/22 A2983 RMK AO2 SLP089 MDT CU NE-SE T03170222 56014 $
ATL,2023-06-26 21:52,10.00,4500.00,KATL 262152Z 26010G20KT 10SM SCT045 31/22 A2982 RMK AO2 SLP086 T03110217 $
ATL,2023-06-26 22:52,10.00,4500.00,KATL 262252Z 27011G16KT 10SM FEW045 SCT055 31/22 A2981 RMK AO2 SLP084 T03110217 $
ATL,2023-06-26 23:52,10.00,4500.00,KATL 262352Z 27008KT 10SM FEW045 31/21 A2982 RMK AO2 SLP086 T03060206 10328 20306 55003 $
ATL,2023-06-27 00:52,10.00,4500.00,KATL 270052Z 25006KT 10SM FEW045 29/21 A2983 RMK AO2 SLP090 T02940211 $
ATL,2023-06-27 01:52,10.00,3800.00,KATL 270152Z 24007KT 10SM FEW038 SCT045 28/22 A2983 RMK AO2 SLP092 T02830217 $
ATL,2023-06-27 02:52,10.00,4200.00,KATL 270252Z 25007KT 10SM FEW042 27/22 A2985 RMK AO2 SLP097 T02720222 53011 $
ATL,2023-06-27 03:52,10.00,5000.00,KATL 270352Z 26009KT 10SM FEW050 26/22 A2986 RMK AO2 SLP101 T02610222 $
ATL,2023-06-27 04:52,10.00,5500.00,KATL 270452Z 27008KT 10SM FEW055 26/22 A2986 RMK AO2 SLP099 T02560217 403280194 $
ATL,2023-06-27 05:52,10.00,5500.00,KATL 270552Z 27008KT 10SM FEW055 25/21 A2986 RMK AO2 SLP099 T02500206 10306 20250 50002 $
ATL,2023-06-27 06:52,10.00,5500.00,KATL 270652Z 28007KT 10SM FEW055 24/19 A2985 RMK AO2 SLP096 T02390194 $
ATL,2023-06-27 07:52,10.00,M,KATL 270752Z 27006KT 10SM CLR 23/19 A2986 RMK AO2 SLP097 T02280194 $
ATL,2023-06-27 08:52,10.00,M,KATL 270852Z 27006KT 10SM CLR 23/19 A2987 RMK AO2 SLP102 T02280194 53002 $
ATL,2023-06-27 09:52,10.00,M,KATL 270952Z 27005KT 10SM CLR 22/19 A2988 RMK AO2 SLP106 T02220189 $
ATL,2023-06-27 10:52,10.00,M,KATL 271052Z 27005KT 10SM CLR 22/19 A2989 RMK AO2 SLP109 T02220189 $
ATL,2023-06-27 11:52,10.00,M,KATL 271152Z 28008KT 10SM CLR 23/19 A2991 RMK AO2 SLP116 T02280189 10250 20222 53014 $
ATL,2023-06-27 12:52,10.00,M,KATL 271252Z 29008KT 10SM CLR 25/18 A2992 RMK AO2 SLP120 T02500183 $
ATL,2023-06-27 13:52,9.00,M,KATL 271352Z 30009KT 9SM CLR 26/19 A2992 RMK AO2 SLP121 T02610189 $
ATL,2023-06-27 14:52,9.00,M,KATL 271452Z 29009KT 9SM CLR 28/18 A2992 RMK AO2 SLP120 T02780183 50004 $
ATL,2023-06-27 15:52,10.00,4000.00,KATL 271552Z 30010KT 10SM FEW040 29/18 A2992 RMK AO2 SLP120 T02890183 $
ATL,2023-06-27 16:52,10.00,5000.00,KATL 271652Z 27011KT 10SM FEW050 30/17 A2991 RMK AO2 SLP117 T03000172 $
ATL,2023-06-27 17:52,10.00,6000.00,KATL 271752Z 30013G20KT 10SM FEW060 31/16 A2990 RMK AO2 SLP113 T03110161 10311 20228 58007 $
ATL,2023-06-27 18:52,10.00,6500.00,KATL 271852Z 28011G20KT 10SM FEW065 32/16 A2990 RMK AO2 SLP114 T03170161 $
ATL,2023-06-27 19:52,10.00,6500.00,KATL 271952Z 28011G18KT 10SM FEW065 32/16 A2990 RMK AO2 SLP113 T03170161 $
ATL,2023-06-27 20:52,10.00,7000.00,KATL 272052Z 29010KT 10SM FEW070 32/16 A2991 RMK AO2 SLP116 T03170161 53002 $
ATL,2023-06-27 21:52,10.00,7000.00,KATL 272152Z 30016G22KT 10SM FEW070 32/14 A2990 RMK AO2 SLP115 T03170144 $
ATL,2023-06-27 22:52,10.00,6500.00,KATL 272252Z 31012KT 10SM FEW065 31/14 A2990 RMK AO2 SLP112 T03060144 $
ATL,2023-06-27 23:52,10.00,6500.00,KATL 272352Z 30009KT 10SM FEW065 29/15 A2990 RMK AO2 SLP112 T02940150 10317 20294 56004 $
ATL,2023-06-28 00:52,10.00,25000.00,KATL 280052Z 30008KT 10SM FEW250 28/16 A2990 RMK AO2 SLP114 T02780156 $
ATL,2023-06-28 01:52,10.00,25000.00,KATL 280152Z 30005KT 10SM FEW250 27/16 A2993 RMK AO2 SLP122 T02670161 $
ATL,2023-06-28 02:52,10.00,25000.00,KATL 280252Z 29006KT 10SM FEW250 26/17 A2995 RMK AO2 SLP130 T02560167 53018 $
ATL,2023-06-28 03:52,10.00,25000.00,KATL 280352Z 31006KT 10SM FEW250 24/17 A2995 RMK AO2 SLP130 T02440172 $
ATL,2023-06-28 04:52,10.00,25000.00,KATL 280452Z 32004KT 10SM SCT250 24/17 A2993 RMK AO2 SLP125 T02390172 403170222 $
ATL,2023-06-28 05:52,10.00,25000.00,KATL 280552Z 35004KT 10SM FEW250 25/16 A2993 RMK AO2 SLP124 T02500161 10294 20239 57005 $
ATL,2023-06-28 06:52,10.00,25000.00,KATL 280652Z 02005KT 10SM FEW250 24/17 A2993 RMK AO2 SLP124 T02440167 $
ATL,2023-06-28 07:52,10.00,25000.00,KATL 280752Z 30003KT 10SM SCT250 22/17 A2994 RMK AO2 SLP127 T02220167 $
ATL,2023-06-28 08:52,10.00,25000.00,KATL 280852Z 31004KT 10SM FEW250 22/17 A2995 RMK AO2 SLP129 T02170172 53004 $
ATL,2023-06-28 09:52,10.00,M,KATL 280952Z 31003KT 10SM CLR 22/17 A2997 RMK AO2 SLP138 T02170172 $
ATL,2023-06-28 10:52,10.00,M,KATL 281052Z 33004KT 10SM CLR 22/17 A2998 RMK AO2 SLP142 T02170172 $
ATL,2023-06-28 11:52,10.00,M,KATL 281152Z 02003KT 10SM CLR 25/17 A2999 RMK AO2 SLP145 T02500167 10250 20211 51015
ATL,2023-06-28 12:52,10.00,M,KATL 281252Z 32004KT 10SM CLR 25/18 A3001 RMK AO2 SLP152 T02500178
ATL,2023-06-28 13:52,10.00,25000.00,KATL 281352Z 33006KT 10SM FEW250 27/18 A3003 RMK AO2 SLP157 T02720183
ATL,2023-06-28 14:52,10.00,3800.00,KATL 281452Z 35008KT 10SM FEW038 FEW250 28/17 A3002 RMK AO2 SLP153 T02830172 50008
ATL,2023-06-28 15:52,10.00,5000.00,KATL 281552Z COR 35009KT 10SM FEW050 FEW250 29/18 A3001 RMK AO2 SLP152 T02940178
ATL,2023-06-28 16:52,10.00,6000.00,KATL 281652Z 33009KT 10SM FEW060 FEW250 31/17 A3000 RMK AO2 SLP148 T03060172
ATL,2023-06-28 17:52,10.00,6000.00,KATL 281752Z 34007KT 10SM FEW060 FEW250 31/16 A2999 RMK AO2 SLP145 T03060161 10311 20244 58007
ATL,2023-06-28 18:52,10.00,6000.00,KATL 281852Z 33008KT 10SM FEW060 32/17 A2999 RMK AO2 SLP143 T03170167
ATL,2023-06-28 19:52,10.00,6500.00,KATL 281952Z 33008G16KT 10SM FEW065 FEW250 32/17 A2997 RMK AO2 SLP136 T03170167
ATL,2023-06-28 20:52,10.00,6500.00,KATL 282052Z 30006KT 10SM FEW065 FEW250 32/18 A2995 RMK AO2 SLP131 T03170178 58015
ATL,2023-06-28 21:52,10.00,25000.00,KATL 282152Z COR 28007KT 10SM FEW250 32/18 A2995 RMK AO2 SLP130 T03170178
ATL,2023-06-28 22:52,10.00,M,KATL 282252Z 34008KT 10SM CLR 32/16 A2995 RMK AO2 SLP131 T03170161
ATL,2023-06-28 23:52,10.00,M,KATL 282352Z 32007KT 10SM CLR 31/17 A2997 RMK AO2 SLP136 T03060172 10322 20306 53006
ATL,2023-06-29 00:52,9.00,M,KATL 290052Z VRB06KT 9SM CLR 29/17 A2998 RMK AO2 SLP142 T02890172
ATL,2023-06-29 01:52,8.00,M,KATL 290152Z 34007KT 8SM CLR 28/17 A2999 RMK AO2 SLP142 T02830167
ATL,2023-06-29 02:52,8.00,M,KATL 290252Z 35006KT 8SM CLR 28/17 A2999 RMK AO2 SLP142 T02780167 50006
ATL,2023-06-29 03:52,7.00,M,KATL 290352Z 35005KT 7SM CLR 28/17 A2999 RMK AO2 SLP142 T02780167
ATL,2023-06-29 04:52,7.00,M,KATL 290452Z 00000KT 7SM CLR 25/18 A3000 RMK AO2 SLP145 T02500178 403220211
ATL,2023-06-29 05:52,7.00,M,KATL 290552Z 00000KT 7SM CLR 23/18 A2999 RMK AO2 SLP143 T02330183 10306 20233 50000
ATL,2023-06-29 06:52,7.00,M,KATL 290652Z 00000KT 7SM CLR 23/19 A2998 RMK AO2 SLP142 T02330189
ATL,2023-06-29 07:52,7.00,M,KATL 290752Z 28003KT 7SM CLR 22/18 A2999 RMK AO2 SLP143 T02220183
ATL,2023-06-29 08:52,7.00,M,KATL 290852Z 32004KT 7SM CLR 23/18 A3000 RMK AO2 SLP147 T02280183 53004
ATL,2023-06-29 09:52,7.00,M,KATL 290952Z 01005KT 7SM CLR 24/18 A3002 RMK AO2 SLP152 T02390183 $
ATL,2023-06-29 10:52,6.00,M,KATL 291052Z 04003KT 6SM HZ CLR 23/18 A3004 RMK AO2 SLP160 T02330183 $
ATL,2023-06-29 11:52,6.00,M,KATL 291152Z 02004KT 6SM HZ CLR 26/18 A3006 RMK AO2 SLP167 T02560183 10256 20222 53020
ATL,2023-06-29 12:52,6.00,M,KATL 291252Z VRB03KT 6SM HZ CLR 26/19 A3007 RMK AO2 SLP171 T02610189
ATL,2023-06-29 13:52,5.00,25000.00,KATL 291352Z 14003KT 5SM HZ FU FEW250 27/19 A3007 RMK AO2 SLP171 T02720189
ATL,2023-06-29 14:52,6.00,25000.00,KATL 291452Z 17004KT 6SM HZ FU FEW250 29/19 A3006 RMK AO2 SLP169 T02890189 50002
ATL,2023-06-29 15:52,7.00,25000.00,KATL 291552Z 17008KT 7SM FEW250 SCT300 30/19 A3007 RMK AO2 SLP170 T03000189
ATL,2023-06-29 16:52,8.00,4400.00,KATL 291652Z 20005KT 8SM FEW044 SCT250 SCT300 32/20 A3007 RMK AO2 SLP169 T03170200
ATL,2023-06-29 17:52,9.00,5000.00,KATL 291752Z 35004KT 9SM FEW050 SCT250 SCT300 32/18 A3007 RMK AO2 SLP171 T03170183 10322 20256 53003
ATL,2023-06-29 18:52,7.00,5000.00,KATL 291852Z 20004KT 7SM FEW050 SCT250 BKN300 33/18 A3005 RMK AO2 SLP164 T03280183
ATL,2023-06-29 19:52,7.00,6000.00,KATL 291952Z 20008KT 7SM FEW060 BKN250 BKN300 33/18 A3003 RMK AO2 SLP158 T03280183
ATL,2023-06-29 20:52,6.00,20000.00,KATL 292052Z 33007KT 6SM HZ FU SCT200 BKN250 BKN300 33/18 A3004 RMK AO2 SLP159 T03280178 55012
ATL,2023-06-29 21:52,6.00,20000.00,KATL 292152Z 30008KT 6SM HZ FU SCT200 BKN250 32/19 A3003 RMK AO2 SLP156 T03170189
ATL,2023-06-29 22:52,5.00,20000.00,KATL 292252Z 32009KT 5SM HZ FU BKN200 BKN250 32/19 A3005 RMK AO2 SLP163 T03170189
ATL,2023-06-29 23:52,5.00,15000.00,KATL 292352Z 33009KT 5SM HZ FU FEW150 BKN180 BKN250 31/19 A3006 RMK AO2 SLP167 T03060189 10333 20306 53007
ATL,2023-06-30 00:52,5.00,15000.00,KATL 300052Z 00000KT 5SM HZ FU SCT150 BKN200 BKN250 29/19 A3003 RMK AO2 SLP156 T02890194
ATL,2023-06-30 01:52,6.00,12000.00,KATL 300152Z 34006KT 6SM HZ FU SCT120 BKN200 BKN250 29/19 A3007 RMK AO2 PRESRR SLP169 T02890194
ATL,2023-06-30 02:52,6.00,12000.00,KATL 300252Z 01009KT 6SM HZ FU FEW120 SCT250 28/20 A3007 RMK AO2 SLP172 T02830200 53005
ATL,2023-06-30 03:52,7.00,25000.00,KATL 300352Z 01005KT 7SM SCT250 28/19 A3005 RMK AO2 SLP163 T02780189
ATL,2023-06-30 04:52,7.00,25000.00,KATL 300452Z 00000KT 7SM SCT250 26/19 A3003 RMK AO2 SLP157 T02610194 403330222
ATL,2023-06-30 05:52,7.00,25000.00,KATL 300552Z 26003KT 7SM SCT250 25/21 A3003 RMK AO2 SLP155 T02500206 10300 20244 56016
ATL,2023-06-30 06:52,7.00,25000.00,KATL 300652Z 30004KT 7SM FEW250 24/20 A3003 RMK AO2 SLP157 T02440200
ATL,2023-06-30 07:52,6.00,25000.00,KATL 300752Z 27004KT 6SM HZ FU FEW250 23/21 A3001 RMK AO2 SLP151 T02330206
ATL,2023-06-30 08:52,6.00,25000.00,KATL 300852Z 00000KT 6SM HZ FU FEW250 24/21 A3003 RMK AO2 SLP157 T02390206 53002
ATL,2023-06-30 09:52,6.00,M,KATL 300952Z 00000KT 6SM HZ FU CLR 24/21 A3004 RMK AO2 SLP161 T02390206
ATL,2023-06-30 10:52,5.00,M,KATL 301052Z 00000KT 5SM HZ FU CLR 23/21 A3006 RMK AO2 SLP167 T02330206
ATL,2023-06-30 11:52,5.00,M,KATL 301152Z 04003KT 5SM HZ FU CLR 26/21 A3008 RMK AO2 SLP173 T02610206 10261 20233 53016
ATL,2023-06-30 12:52,4.00,20000.00,KATL 301252Z 00000KT 4SM HZ FU FEW200 27/21 A3010 RMK AO2 SLP181 T02720211
ATL,2023-06-30 13:52,4.00,20000.00,KATL 301352Z 20004KT 4SM HZ FU FEW200 28/21 A3010 RMK AO2 SLP182 T02830211
ATL,2023-06-30 14:52,4.00,12000.00,KATL 301452Z 29008KT 4SM HZ FU FEW120 FEW200 31/21 A3010 RMK AO2 SLP181 ACC DSNT NW T03060211 51008
ATL,2023-06-30 15:52,5.00,11000.00,KATL 301552Z 33007KT 5SM HZ FU FEW110 BKN130 BKN200 31/21 A3013 RMK AO2 SLP190 ACC ALQDS T03110206
ATL,2023-06-30 16:52,6.00,4400.00,KATL 301652Z 33006KT 6SM HZ FU BKN044 BKN120 OVC200 32/22 A3013 RMK AO2 SLP190 CB DSNT NW-N T03170217 $
ATL,2023-06-30 17:52,4.00,4300.00,KATL 301752Z 03019G25KT 4SM TS HZ FU FEW043CB SCT110 OVC150 29/21 A3013 RMK AO2 TSB52 SLP191 OCNL LTGCG VC W TS VC W MOV S CB DSNT N T02940211 10322 20261 51008
ATL,2023-06-30 18:52,5.00,3800.00,KATL 301852Z 01011KT 5SM TSRA FEW038CB BKN090 OVC150 24/19 A3013 RMK AO2 PK WND 02035/1825 RAB34 SLP194 OCNL LTGICCG ALQDS TS ALQDS MOV S P0001 T02440194
ATL,2023-06-30 19:52,10.00,10000.00,KATL 301952Z 31009KT 10SM FEW100 BKN150 BKN200 23/20 A3005 RMK AO2 RAE50 TSE25 SLP165 VIRGA OHD-NW-NE TS MOVD SW CB DSNT S-SW P0004 T02280200
ATL,2023-06-30 20:52,10.00,15000.00,KATL 302052Z 27008KT 10SM SCT150 BKN200 22/20 A3003 RMK AO2 SLP161 VIRGA OHD-NE-SE-SW 60005 T02220200 58031
ATL,2023-06-30 21:52,10.00,15000.00,KATL 302152Z 29008KT 10SM FEW150 BKN200 24/21 A3003 RMK AO2 SLP161 VIRGA DSNT SE-SW T02390206
ATL,2023-06-30 22:52,10.00,20000.00,KATL 302252Z VRB03KT 10SM SCT200 BKN250 25/21 A3003 RMK AO2 SLP160 T02500206
ATL,2023-06-30 23:52,10.00,20000.00,KATL 302352Z 32004KT 10SM FEW200 BKN250 26/21 A3001 RMK AO2 SLP152 60005 T02560206 10294 20222 58006
ATL,2023-07-01 00:52,10.00,20000.00,KATL 010052Z 00000KT 10SM FEW200 SCT250 25/21 A3001 RMK AO2 SLP151 T02500206
ATL,2023-07-01 01:52,10.00,20000.00,KATL 010152Z 00000KT 10SM FEW200 SCT250 24/21 A3002 RMK AO2 SLP155 T02440206
ATL,2023-07-01 02:52,10.00,20000.00,KATL 010252Z 03005KT 10SM FEW200 BKN250 26/20 A3006 RMK AO2 SLP167 T02560200 53015
ATL,2023-07-01 03:52,10.00,5000.00,KATL 010352Z 00000KT 10SM FEW050 BKN250 24/21 A3006 RMK AO2 SLP167 T02440206
ATL,2023-07-01 04:52,10.00,5000.00,KATL 010452Z 21003KT 10SM FEW050 SCT200 BKN250 23/21 A3006 RMK AO2 SLP167 T02330206 403220222
ATL,2023-07-01 05:52,10.00,2500.00,KATL 010552Z 21003KT 10SM TS FEW025CB SCT046 BKN060 BKN200 BKN250 23/21 A3004 RMK AO2 LTG DSNT N AND NW TSB47 SLP160 OCNL LTGICCG VC SE TS VC SE MOV S CB DSNT NE-SE NW T02330211 10256 20233 58008
ATL,2023-07-01 06:52,9.00,3600.00,KATL 010652Z 23005KT 9SM FEW036 FEW050 SCT200 BKN250 23/21 A3000 RMK AO2 LTG DSNT SE-SW TSE35 SLP151 TS MOV SE-SW CB DSNT SE-SW T02330206
ATL,2023-07-01 07:52,9.00,3000.00,KATL 010752Z 29003KT 9SM BKN030 BKN042 BKN200 OVC250 23/21 A3001 RMK AO2 LTG DSNT S SLP153 CB DSNT S T02330211
ATL,2023-07-01 08:52,10.00,4000.00,KATL 010852Z 11006KT 10SM FEW040 SCT200 BKN250 23/21 A3000 RMK AO2 SLP150 T02280211 56013
ATL,2023-07-01 09:52,10.00,3000.00,KATL 010952Z 00000KT 10SM SCT030 SCT250 23/21 A3003 RMK AO2 PRESRR SLP159 T02280206
ATL,2023-07-01 10:52,8.00,3000.00,KATL 011052Z 00000KT 8SM FEW030 SCT250 23/21 A3002 RMK AO2 SLP158 T02280206
ATL,2023-07-01 11:52,8.00,3000.00,KATL 011152Z 29003KT 8SM BKN030 BKN250 23/21 A3006 RMK AO2 SLP169 70005 T02330206 10233 20228 53019
ATL,2023-07-01 12:52,10.00,12000.00,KATL 011252Z 27004KT 10SM SCT120 26/21 A3005 RMK AO2 SLP167 T02610206
ATL,2023-07-01 13:52,10.00,18000.00,KATL 011352Z 29007KT 10SM BKN180 BKN250 27/21 A3009 RMK AO2 PRESRR SLP180 T02670206
ATL,2023-07-01 14:52,10.00,4000.00,KATL 011452Z 00000KT 10SM FEW040 SCT180 SCT250 28/22 A3009 RMK AO2 SLP178 T02780217 50010
ATL,2023-07-01 15:52,10.00,2800.00,KATL 011552Z COR 28005KT 10SM FEW028 FEW180 SCT250 30/22 A3007 RMK AO2 SLP171 T03000222
ATL,2023-07-01 16:52,10.00,25000.00,KATL 011652Z 27008KT 10SM FEW250 32/22 A3006 RMK AO2 SLP167 T03170222
ATL,2023-07-01 17:52,10.00,4200.00,KATL 011752Z 34008KT 10SM FEW042 FEW250 33/22 A3004 RMK AO2 SLP159 TCU DSNT N T03330222 10333 20233 58017
ATL,2023-07-01 18:52,10.00,4800.00,KATL 011852Z 31006KT 10SM FEW048 FEW250 34/22 A3001 RMK AO2 SLP150 CB DSNT NW TCU DSNT N-NE T03440222
ATL,2023-07-01 19:52,10.00,5000.00,KATL 011952Z 30008KT 10SM FEW050 FEW250 35/22 A3000 RMK AO2 SLP145 CB DSNT NW TCU DSNT NE E T03500222
ATL,2023-07-01 20:52,10.00,5500.00,KATL 012052Z 34009KT 10SM FEW055 SCT200 BKN250 35/19 A2999 RMK AO2 LTG DSNT E SLP142 CB DSNT NE E W-NW MDT CU E-SE T03500194 56017
ATL,2023-07-01 21:52,10.00,5500.00,KATL 012152Z 33008KT 10SM FEW055 BKN200 OVC250 33/21 A3000 RMK AO2 LTG DSNT E AND SE SLP146 CB DSNT E-SE W-NW TCU DSNT NE S T03330211
ATL,2023-07-01 22:52,10.00,5500.00,KATL 012252Z 33019G28KT 10SM FEW055 SCT150 BKN200 OVC250 29/20 A3002 RMK AO2 PK WND 33031/2236 SLP154 LTG DSNT E AND SW-NW CB DSNT E AND SW-NW TCU DSNT NE T02940200
ATL,2023-07-01 23:52,10.00,4000.00,KATL 012352Z 33014G24KT 10SM FEW040 FEW055 SCT100 BKN150 OVC200 27/18 A3004 RMK AO2 PK WND 31031/2329 LTG DSNT NE AND E SLP161 CB DSNT NE AND E VIRGA W T02720183 10356 20272 53017
ATL,2023-07-02 00:52,10.00,7500.00,KATL 020052Z 07014KT 10SM FEW075 SCT100 BKN150 OVC200 26/19 A3003 RMK AO2 WSHFT 0023 SLP158 CB DSNT NE AND E T02610189
ATL,2023-07-02 01:52,10.00,8000.00,KATL 020152Z 06006G16KT 10SM FEW080 SCT130 BKN160 OVC180 27/19 A3004 RMK AO2 SLP161 LTG DSNT SE-S CB DSNT SE-S T02670189
ATL,2023-07-02 02:52,10.00,12000.00,KATL 020252Z 12006KT 10SM SCT120 BKN150 BKN190 27/18 A3004 RMK AO2 SLP162 T02670183 53002
ATL,2023-07-02 03:52,10.00,12000.00,KATL 020352Z 10008KT 10SM FEW120 BKN150 BKN180 26/19 A3002 RMK AO2 SLP154 T02560194
ATL,2023-07-02 04:52,10.00,16000.00,KATL 020452Z 09004KT 10SM BKN160 BKN190 25/19 A3001 RMK AO2 SLP150 T02500189 403560228
ATL,2023-07-02 05:52,10.00,15000.00,KATL 020552Z 22005KT 10SM SCT150 BKN180 24/19 A3001 RMK AO2 SLP150 T02440194 10272 20244 55010
ATL,2023-07-02 06:52,10.00,15000.00,KATL 020652Z 00000KT 10SM SCT150 BKN180 24/19 A2999 RMK AO2 SLP144 T02440194
ATL,2023-07-02 07:52,10.00,15000.00,KATL 020752Z 00000KT 10SM SCT150 BKN200 24/19 A2999 RMK AO2 SLP142 T02440194
ATL,2023-07-02 08:52,10.00,15000.00,KATL 020852Z 00000KT 10SM SCT150 BKN200 24/19 A2997 RMK AO2 SLP134 T02390194 58015
ATL,2023-07-02 09:52,10.00,15000.00,KATL 020952Z 29004KT 10SM SCT150 BKN200 23/19 A2998 RMK AO2 SLP140 T02330194
ATL,2023-07-02 10:52,10.00,15000.00,KATL 021052Z 00000KT 10SM FEW150 SCT200 SCT250 23/19 A2999 RMK AO2 SLP145 T02330194
ATL,2023-07-02 11:52,10.00,16000.00,KATL 021152Z 00000KT 10SM BKN160 BKN250 25/20 A3002 RMK AO2 SLP153 T02500200 10250 20228 53017
ATL,2023-07-02 12:52,10.00,17000.00,KATL 021252Z 22004KT 10SM BKN170 BKN250 26/20 A3003 RMK AO2 SLP158 T02610200
ATL,2023-07-02 13:52,10.00,17000.00,KATL 021352Z 22007KT 10SM SCT170 BKN250 28/21 A3003 RMK AO2 SLP158 T02780211
ATL,2023-07-02 14:52,10.00,17000.00,KATL 021452Z 23008KT 10SM SCT170 BKN250 29/22 A3003 RMK AO2 SLP156 T02940217 50004 $
ATL,2023-07-02 15:52,10.00,17000.00,KATL 021552Z 24009KT 10SM FEW170 BKN250 30/21 A3004 RMK AO2 SLP159 T03000211 $
ATL,2023-07-02 16:52,10.00,3400.00,KATL 021652Z 26006KT 10SM FEW034 FEW190 BKN250 32/23 A3004 RMK AO2 SLP159 T03170228 $
ATL,2023-07-02 17:52,10.00,3400.00,KATL 021752Z 34005KT 10SM FEW034 BKN250 32/23 A3003 RMK AO2 SLP157 TCU DSNT W MDT CU DSNT NW-NE T03220233 10322 20250 50000 $
ATL,2023-07-02 18:52,10.00,3600.00,KATL 021852Z 25004KT 10SM SCT036 BKN250 33/23 A3000 RMK AO2 SLP147 CB DSNT W TCU DSNT NW-N T03330233 $
ATL,2023-07-02 19:52,10.00,4000.00,KATL 021952Z 29008KT 10SM SCT040 SCT150 BKN250 33/23 A2997 RMK AO2 LTG DSNT SW AND W SLP136 CB DSNT SW W NW MDT CU ALQDS T03280228 $
ATL,2023-07-02 20:52,10.00,4400.00,KATL 022052Z 00000KT 10SM TS SCT044CB SCT150 BKN250 33/23 A2996 RMK AO2 TSB25 SLP131 OCNL LTGCG VC NW TS VC NW MOV E TCU E SW DSNT N S T03280228 56024 $
ATL,2023-07-02 21:52,10.00,4000.00,KATL 022152Z 32008G18KT 10SM FEW040 FEW050 SCT100 BKN150 BKN250 28/20 A2996 RMK AO2 WSHFT 2111 LTG DSNT N AND NE SLP135 RAB24E44 TSE49 TS DSIPTD N-NE TCU DSNT NE-S CB DSNT N AND NE P0000 T02830200 $
ATL,2023-07-02 22:52,10.00,4000.00,KATL 022252Z COR 29005KT 10SM FEW040 FEW050 FEW150 BKN210 OVC240 29/21 A2995 RMK AO2 CBMAM OHD-W CB DSNT NE TCU DSNT S SLP132 T02890211 $
ATL,2023-07-02 23:52,10.00,5500.00,KATL 022352Z 34007KT 10SM FEW055 FEW100 BKN200 OVC250 29/21 A2997 RMK AO2 SLP136 TCU DSNT S 60000 T02940211 10339 20278 53003 $
ATL,2023-07-03 00:52,10.00,4500.00,KATL 030052Z 05009KT 10SM -RA FEW045 SCT110 BKN200 OVC250 28/21 A2999 RMK AO2 LTG DSNT E-S RAB52 SLP146 RAB35 CB DSNT SE AND S P0000 T02830206 $
ATL,2023-07-03 01:52,10.00,4500.00,KATL 030152Z 08005KT 10SM -RA FEW045 FEW110 BKN210 BKN250 27/20 A3000 RMK AO2 LTG DSNT E-SW SLP147 CB DSNT E-SW P0000 T02670200 $
ATL,2023-07-03 02:52,1.00,1000.00,KATL 030252Z 18012G26KT 1SM R09R/P6000FT +TSRA BR FEW010 BKN022CB OVC040 23/22 A3007 RMK AO2 PK WND 24026/0244 SLP170 TSB29 CONS LTGICCCCG OHD-ALQDS TS OHD-ALQDS MOV E P0040 60040 T02330222 50022 $
ATL,2023-07-03 03:52,10.00,2200.00,KATL 030352Z 15005KT 10SM FEW022 FEW070 BKN180 BKN210 BKN250 23/21 A3006 RMK AO2 SLP168 RAE26 TSE32 TS MOV E P0021 T02330211 $
ATL,2023-07-03 04:52,10.00,7000.00,KATL 030452Z COR 17005KT 10SM FEW070 FEW090 SCT130 BKN180 OVC250 23/21 A3004 RMK AO2 SLP160 T02280206 403390228 $
ATL,2023-07-03 05:52,10.00,9000.00,KATL 030552Z 17004KT 10SM FEW090 SCT180 OVC250 23/21 A3001 RMK AO2 SLP149 60061 T02280206 10294 20228 58020 $
ATL,2023-07-03 06:52,10.00,12000.00,KATL 030652Z 25003KT 10SM FEW120 SCT150 SCT200 BKN250 23/21 A3001 RMK AO2 SLP150 T02280206 $
ATL,2023-07-03 07:52,10.00,12000.00,KATL 030752Z 00000KT 10SM FEW120 SCT150 SCT200 BKN250 23/21 A3000 RMK AO2 SLP146 T02280206 $
ATL,2023-07-03 08:52,10.00,15000.00,KATL 030852Z 21003KT 10SM FEW150 SCT220 BKN250 22/21 A3000 RMK AO2 SLP146 T02220206 58002 $
ATL,2023-07-03 09:52,10.00,15000.00,KATL 030952Z 00000KT 10SM FEW150 SCT220 BKN250 22/21 A3000 RMK AO2 SLP149 T02220206 $
ATL,2023-07-03 10:52,9.00,15000.00,KATL 031052Z 00000KT 9SM SCT150 SCT220 BKN250 22/21 A3002 RMK AO2 SLP155 T02220206
ATL,2023-07-03 11:52,10.00,15000.00,KATL 031152Z 23003KT 10SM BKN150 BKN250 23/21 A3004 RMK AO2 SLP160 70061 T02330211 10233 20222 53013
ATL,2023-07-03 12:52,10.00,15000.00,KATL 031252Z 22005KT 10SM SCT150 BKN250 24/21 A3005 RMK AO2 SLP164 T02390211
ATL,2023-07-03 13:52,10.00,15000.00,KATL 031352Z 26010KT 10SM FEW150 BKN200 BKN250 27/22 A3005 RMK AO2 SLP163 T02670217
ATL,2023-07-03 14:52,10.00,2200.00,KATL 031452Z 26007KT 10SM FEW022 FEW150 BKN200 BKN250 28/22 A3006 RMK AO2 SLP166 T02830222 51006
ATL,2023-07-03 15:52,10.00,2400.00,KATL 031552Z 26007G14KT 10SM FEW024 FEW150 BKN200 BKN250 29/23 A3006 RMK AO2 SLP170 T02890228
ATL,2023-07-03 16:52,10.00,2800.00,KATL 031652Z 26007KT 10SM FEW028 SCT140 BKN200 BKN250 30/23 A3006 RMK AO2 SLP169 MDT CU DSNT E-SE T03000233
ATL,2023-07-03 17:52,10.00,3000.00,KATL 031752Z 27006KT 10SM SCT030TCU BKN200 BKN250 29/23 A3006 RMK AO2 SLP167 TCU NW-N DSNT W T02940228 10306 20233 50001 $
ATL,2023-07-03 18:52,10.00,3300.00,KATL 031852Z 28006KT 10SM FEW033 SCT060 BKN200 BKN250 30/23 A3004 RMK AO2 LTG DSNT S SLP161 CB DSNT S MDT CU E-OHD-W T03000233 $
ATL,2023-07-03 19:52,10.00,3100.00,KATL 031952Z 21007KT 10SM FEW031 SCT065 BKN200 BKN250 30/23 A3002 RMK AO2 SLP153 CB DSNT SE T03000233 $
ATL,2023-07-03 20:52,10.00,3000.00,KATL 032052Z 23007KT 10SM FEW030TCU FEW065 SCT200 BKN250 31/23 A3000 RMK AO2 SLP147 CB DSNT SE TCU NW-N DSNT SE T03110228 56019 $
ATL,2023-07-03 21:52,10.00,3000.00,KATL 032152Z 23005KT 10SM FEW030 FEW065 SCT200 BKN250 31/23 A2999 RMK AO2 SLP143 CB DSNT W-NW TCU DSNT N-E-SE MDT CU OHD T03060228 $
ATL,2023-07-03 22:52,10.00,3000.00,KATL 032252Z 22005KT 10SM FEW030 SCT150 BKN200 BKN250 30/23 A2998 RMK AO2 LTG DSNT SW-NW SLP142 CB DSNT SW-NW TCU DSNT N-NE T03000233 $
ATL,2023-07-03 23:08,10.00,3000.00,KATL 032308Z 22006KT 10SM TS FEW030CB SCT060 BKN150 BKN200 29/23 A2999 RMK AO2 TSB08 OCNL LTGICCG VC NW-N DSNT SW TS VC NW-N DSNT SW MOV E CBMAM OHD MOV E T02940233 $
ATL,2023-07-04 00:52,10.00,2500.00,KATL 040052Z 19006KT 10SM FEW025 SCT070 BKN150 OVC200 23/21 A3002 RMK AO2 RAE25 TSE45 SLP156 LTG DSNT NE-E SE-SW CB DSNT NE-E SE-SW P0000 T02330206 $
ATL,2023-07-04 01:52,9.00,500.00,KATL 040152Z 23003KT 9SM -RA FEW005 SCT080 BKN120 OVC150 23/20 A3004 RMK AO2 RAB37 SLP161 P0001 T02330200 $
ATL,2023-07-04 02:52,10.00,11000.00,KATL 040252Z 00000KT 10SM FEW110 SCT150 BKN200 23/21 A3006 RMK AO2 RAE0158 SLP168 P0000 60001 T02280211 53009 $
ATL,2023-07-04 03:52,10.00,12000.00,KATL 040352Z 29004KT 10SM FEW120 BKN200 BKN250 23/21 A3007 RMK AO2 SLP170 T02330206 $
ATL,2023-07-04 04:52,10.00,12000.00,KATL 040452Z 30008KT 10SM FEW120 BKN200 BKN250 23/21 A3006 RMK AO2 SLP168 T02280211 403170222 $
ATL,2023-07-04 05:52,10.00,12000.00,KATL 040552Z 27003KT 10SM FEW120 SCT200 BKN250 23/21 A3005 RMK AO2 SLP164 60001 T02280206 10239 20228 58003 $
ATL,2023-07-04 06:52,10.00,12000.00,KATL 040652Z 00000KT 10SM FEW120 SCT220 BKN250 23/21 A3004 RMK AO2 SLP162 T02280206 $
ATL,2023-07-04 07:52,10.00,7500.00,KATL 040752Z 23003KT 10SM FEW075 SCT120 SCT200 BKN250 23/21 A3004 RMK AO2 SLP160 T02280206 $
ATL,2023-07-04 08:52,10.00,7500.00,KATL 040852Z 00000KT 10SM FEW075 SCT120 BKN200 BKN250 23/21 A3004 RMK AO2 SLP162 T02280206 55002 $
ATL,2023-07-04 09:52,10.00,7500.00,KATL 040952Z 00000KT 10SM FEW075 FEW120 SCT200 SCT250 23/21 A3005 RMK AO2 SLP163 T02330206 $
ATL,2023-07-04 10:52,10.00,7000.00,KATL 041052Z 34006KT 10SM FEW070 FEW120 BKN200 BKN250 23/21 A3007 RMK AO2 SLP172 T02330211 $
ATL,2023-07-04 11:52,10.00,3200.00,KATL 041152Z 33003KT 10SM SCT032TCU BKN050 BKN120 BKN200 24/21 A3009 RMK AO2 LTG DSNT N AND NE SLP179 TCU OHD-E-S CB DSNT N-NE 70001 T02390211 10239 20228 53015 $
ATL,2023-07-04 12:52,10.00,3400.00,KATL 041252Z 00000KT 10SM FEW034 FEW050 SCT090 BKN200 BKN250 25/21 A3010 RMK AO2 LTG DSNT NE AND NW SLP185 CB DSNT NE NW T02500206 $
ATL,2023-07-04 13:52,10.00,3400.00,KATL 041352Z 00000KT 10SM SCT034TCU SCT075 BKN120 BKN200 27/21 A3012 RMK AO2 LTG DSNT N AND NE SLP188 CB DSNT N-NE TCU N-NE ACC E-SE W-NW T02670206 $
ATL,2023-07-04 14:52,10.00,3000.00,KATL 041452Z VRB04KT 10SM FEW030TCU BKN070 BKN180 BKN250 27/21 A3012 RMK AO2 LTG DSNT NE SLP190 CB DSNT NE TCU NW-NE ACC SE T02720206 51011 $
ATL,2023-07-04 15:52,10.00,7000.00,KATL 041552Z COR 00000KT 10SM FEW070 BKN180 BKN250 29/20 A3013 RMK AO2 LTG DSNT E SLP191 CB DSNT E ACC SE T02890200 $
ATL,2023-07-04 16:52,10.00,3800.00,KATL 041652Z 00000KT 10SM FEW038 FEW150 SCT200 BKN250 30/21 A3012 RMK AO2 SLP188 CB DSNT SE S SW T03000211 $
ATL,2023-07-04 17:52,10.00,3800.00,KATL 041752Z 00000KT 10SM FEW038 SCT200 BKN250 31/22 A3010 RMK AO2 SLP180 CB DSNT SE SW T03110222 10311 20239 58008 $
ATL,2023-07-04 18:52,10.00,3600.00,KATL 041852Z 29004KT 10SM FEW036 FEW150 BKN200 BKN250 31/22 A3007 RMK AO2 SLP172 CB DSNT SE SW TCU DSNT W T03110222 $
ATL,2023-07-04 19:52,10.00,3800.00,KATL 041952Z 16004KT 10SM FEW038 FEW150 SCT200 BKN250 32/21 A3005 RMK AO2 SLP163 CB DSNT SE-S TCU DSNT NW T03220211 $
ATL,2023-07-04 20:52,10.00,4500.00,KATL 042052Z 20005KT 10SM FEW045TCU SCT070 SCT150 BKN200 BKN250 33/21 A3004 RMK AO2 SLP160 CB DSNT S TCU NE SW DSNT NE-SE SW MDT CU SE-OHD-NW T03280211 56018 $
ATL,2023-07-04 21:52,10.00,4500.00,KATL 042152Z 22008KT 10SM FEW045CB SCT070 SCT150 BKN200 32/22 A3003 RMK AO2 SLP156 CB N-NE MOV NE TCU W-N T03170217 $
ATL,2023-07-04 22:52,10.00,4500.00,KATL 042252Z 19008KT 10SM TS FEW045CB SCT100 SCT150 BKN200 29/22 A3005 RMK AO2 TSB03 SLP164 OCNL LTGICCG VC NW-N DSNT NE TS VC NW-N DSNT NE MOV NE T02940217 $
ATL,2023-07-04 23:52,10.00,4000.00,KATL 042352Z 00000KT 10SM FEW040 SCT140 BKN200 OVC250 28/21 A3005 RMK AO2 TSE36 SLP165 LTG DSNT NW CB DSNT N-NE NW T02830206 10333 20283 53004 $
ATL,2023-07-05 00:52,10.00,14000.00,KATL 050052Z 24003KT 10SM SCT140 BKN200 OVC250 28/22 A3007 RMK AO2 SLP172 T02780217 $
ATL,2023-07-05 01:52,9.00,14000.00,KATL 050152Z 23004KT 9SM SCT140 BKN200 OVC250 27/22 A3008 RMK AO2 SLP174 T02670222 $
ATL,2023-07-05 02:52,9.00,15000.00,KATL 050252Z 26005KT 9SM FEW150 OVC200 27/23 A3009 RMK AO2 SLP177 T02670228 51011 $
ATL,2023-07-05 03:52,9.00,15000.00,KATL 050352Z 31006KT 9SM FEW150 SCT200 BKN250 26/22 A3008 RMK AO2 SLP173 T02610222 $
ATL,2023-07-05 04:52,10.00,15000.00,KATL 050452Z 00000KT 10SM BKN150 BKN200 BKN250 27/22 A3008 RMK AO2 SLP175 T02670222 403330228 $
ATL,2023-07-05 05:52,9.00,3500.00,KATL 050552Z 22006KT 9SM FEW035 BKN150 BKN200 BKN250 26/22 A3010 RMK AO2 SLP179 T02610222 10283 20256 53003 $
ATL,2023-07-05 06:52,8.00,3500.00,KATL 050652Z 28003KT 8SM FEW035 BKN130 BKN200 BKN250 26/23 A3008 RMK AO2 SLP172 T02560228 $
ATL,2023-07-05 07:52,7.00,3500.00,KATL 050752Z 20004KT 7SM FEW035 BKN130 BKN180 BKN250 25/23 A3006 RMK AO2 SLP168 T02500228 $
ATL,2023-07-05 08:52,8.00,15000.00,KATL 050852Z 24003KT 8SM BKN150 BKN180 BKN250 25/23 A3006 RMK AO2 SLP167 T02500228 56012 $
ATL,2023-07-05 09:52,9.00,14000.00,KATL 050952Z 27004KT 9SM BKN140 BKN180 24/22 A3006 RMK AO2 SLP168 T02440222 $
ATL,2023-07-05 10:52,6.00,14000.00,KATL 051052Z 30005KT 6SM BR FEW140 SCT180 SCT250 24/22 A3007 RMK AO2 SLP173 T02440222
ATL,2023-07-05 11:52,6.00,3500.00,KATL 051152Z 27005KT 6SM BR FEW035 SCT140 BKN180 BKN250 24/22 A3008 RMK AO2 SLP174 T02440222 10261 20239 52005
ATL,2023-07-05 12:52,9.00,3500.00,KATL 051252Z 24003KT 9SM FEW035 SCT120 BKN160 BKN200 OVC250 26/22 A3009 RMK AO2 SLP179 T02560222
ATL,2023-07-05 13:52,9.00,3400.00,KATL 051352Z 30003KT 9SM FEW034 SCT130 BKN200 BKN250 26/22 A3010 RMK AO2 SLP181 TCU DSNT NW ACC NW-NE T02610222
ATL,2023-07-05 14:52,10.00,1800.00,KATL 051452Z 32003KT 10SM FEW018 FEW036 SCT130 BKN200 BKN250 28/22 A3010 RMK AO2 SLP180 T02780217 50006
ATL,2023-07-05 15:52,10.00,2600.00,KATL 051552Z 00000KT 10SM FEW026 FEW048 BKN180 BKN250 29/22 A3009 RMK AO2 LTG DSNT N SLP177 TCU DSNT NW-N T02890217
ATL,2023-07-05 16:52,10.00,2800.00,KATL 051652Z 32013G21KT 10SM TS BKN028CB BKN065 BKN200 BKN250 30/23 A3009 RMK AO2 TSB36 SLP176 OCNL LTGICCG VC NW-NE TS VC NW-NE MOV E TCU OHD-ALQDS SHELF CLOUD NW-N MOV SE T03000228
ATL,2023-07-05 17:52,10.00,4800.00,KATL 051752Z 01011KT 10SM FEW048 SCT100 BKN200 BKN250 26/20 A3008 RMK AO2 PK WND 34034/1653 RAB06E19 TSE51 SLP175 TS MOVD E CB DSNT NE-SE-SW P0000 60000 T02560200 10306 20244 56005 PNO $
ATL,2023-07-05 18:52,10.00,2200.00,KATL 051852Z COR 01006KT 10SM FEW022 FEW055 SCT120 BKN200 BKN250 29/21 A3007 RMK AO2 LTG DSNT E AND SE SLP172 CB DSNT E-S T02890211 PNO $
ATL,2023-07-05 19:52,10.00,3600.00,KATL 051952Z 32005KT 10SM FEW036 FEW120 SCT200 BKN250 29/21 A3004 RMK AO2 SLP163 CB DSNT SE S NW TCU DSNT S W T02940211 $
ATL,2023-07-05 20:52,10.00,3600.00,KATL 052052Z 31005KT 10SM FEW036 FEW120 SCT200 BKN250 30/22 A3003 RMK AO2 SLP157 CB DSNT SE T03000217 58016 $
ATL,2023-07-05 21:52,10.00,3500.00,KATL 052152Z 30005KT 10SM SCT035 SCT200 31/21 A3000 RMK AO2 SLP147 T03060211 $
ATL,2023-07-05 22:52,10.00,3500.00,KATL 052252Z 28009KT 10SM FEW035 SCT200 31/20 A2999 RMK AO2 SLP143 T03060200 $
ATL,2023-07-05 23:52,10.00,4000.00,KATL 052352Z 30005KT 10SM FEW040 FEW200 30/21 A3001 RMK AO2 SLP150 T03000206 10311 20256 55008 $
ATL,2023-07-06 00:52,10.00,4000.00,KATL 060052Z 31006KT 10SM FEW040 SCT250 28/21 A3002 RMK AO2 SLP153 T02830206 $
ATL,2023-07-06 01:52,10.00,20000.00,KATL 060152Z 27003KT 10SM FEW200 SCT250 28/21 A3003 RMK AO2 SLP158 T02830211 $
ATL,2023-07-06 02:52,10.00,20000.00,KATL 060252Z 24003KT 10SM FEW200 FEW250 27/22 A3006 RMK AO2 SLP165 T02720222 53016 $
ATL,2023-07-06 03:52,10.00,20000.00,KATL 060352Z 23003KT 10SM FEW200 FEW250 26/22 A3003 RMK AO2 SLP158 T02610217 $
ATL,2023-07-06 04:52,10.00,5000.00,KATL 060452Z 27005KT 10SM FEW050 FEW250 26/22 A3004 RMK AO2 SLP161 T02560222 403110239 $
ATL,2023-07-06 05:52,10.00,5000.00,KATL 060552Z 26004KT 10SM FEW050 FEW100 FEW250 25/22 A3003 RMK AO2 SLP158 T02500217 10294 20250 56009 $
ATL,2023-07-06 06:52,10.00,10000.00,KATL 060652Z 25004KT 10SM FEW100 FEW250 24/22 A3001 RMK AO2 SLP152 T02390217 $
ATL,2023-07-06 07:52,10.00,10000.00,KATL 060752Z 00000KT 10SM FEW100 FEW250 24/22 A3000 RMK AO2 SLP149 T02390222 $
ATL,2023-07-06 08:52,10.00,25000.00,KATL 060852Z 27006KT 10SM FEW250 23/22 A3000 RMK AO2 SLP147 T02330217 56010 $
ATL,2023-07-06 09:52,9.00,3000.00,KATL 060952Z 30005KT 9SM FEW030 FEW040 SCT250 23/22 A3000 RMK AO2 SLP149 TCU DSNT NW T02280217
ATL,2023-07-06 10:52,10.00,500.00,KATL 061052Z 31009KT 10SM FEW005 FEW050 FEW250 23/22 A3002 RMK AO2 SLP153 T02330217
ATL,2023-07-06 11:52,10.00,20000.00,KATL 061152Z 32009KT 10SM FEW200 FEW250 24/22 A3002 RMK AO2 SLP154 T02440217 10250 20228 51006
ATL,2023-07-06 12:52,10.00,12000.00,KATL 061252Z 31008KT 10SM FEW120 FEW200 SCT250 26/22 A3003 RMK AO2 SLP156 T02610217
ATL,2023-07-06 13:52,10.00,11000.00,KATL 061352Z 32006KT 10SM FEW110 FEW200 SCT250 29/23 A3002 RMK AO2 SLP153 T02890228
ATL,2023-07-06 14:52,10.00,2600.00,KATL 061452Z 30007KT 10SM FEW026 FEW200 SCT250 29/22 A3002 RMK AO2 SLP152 TCU DSNT W T02940222 58000
ATL,2023-07-06 15:52,10.00,3300.00,KATL 061552Z 32005KT 10SM SCT033TCU SCT200 SCT250 31/22 A3001 RMK AO2 SLP150 TCU NE MDT CU ALQDS T03060217
ATL,2023-07-06 16:52,10.00,4000.00,KATL 061652Z 25005KT 10SM SCT040TCU SCT200 SCT250 31/22 A3000 RMK AO2 SLP147 CB DSNT NW TCU SW MDT CU ALQDS T03110217
ATL,2023-07-06 17:52,10.00,4400.00,KATL 061752Z VRB04KT 10SM SCT044TCU SCT200 SCT250 33/22 A2999 RMK AO2 SLP143 CB DSNT W-N TCU S-SW DSNT ALQDS T03280222 10328 20244 58009
ATL,2023-07-06 18:52,10.00,4300.00,KATL 061852Z 31009G19KT 10SM SCT043TCU SCT200 BKN250 33/21 A2997 RMK AO2 LTG DSNT S-NW SLP136 CB DSNT S-W-NW TCU ALQDS T03330211
ATL,2023-07-06 19:52,10.00,4600.00,KATL 061952Z 26011G19KT 10SM FEW046TCU SCT080 BKN200 BKN250 31/22 A2995 RMK AO2 LTG DSNT S AND SW SLP131 CB DSNT S SW TCU N-E-SE T03110222
ATL,2023-07-06 20:52,10.00,4200.00,KATL 062052Z 29010KT 10SM FEW042 FEW090 BKN200 BKN250 29/23 A2995 RMK AO2 SLP130 CB DSNT NE SE S TCU DSNT E T02890228 56014
ATL,2023-07-06 21:52,10.00,4000.00,KATL 062152Z 30010KT 10SM FEW040 FEW100 SCT200 BKN250 31/21 A2993 RMK AO2 SLP123 CB DSNT E-SE T03110211
ATL,2023-07-06 22:52,10.00,10000.00,KATL 062252Z 30007KT 10SM FEW100 SCT200 BKN250 31/21 A2992 RMK AO2 SLP121 T03110211
ATL,2023-07-06 23:52,10.00,4000.00,KATL 062352Z 27006KT 10SM FEW040TCU FEW150 SCT200 BKN250 29/21 A2994 RMK AO2 SLP128 TCU NE-E T02940211 10339 20289 55001
ATL,2023-07-07 00:52,10.00,15000.00,KATL 070052Z 29004KT 10SM FEW150 SCT200 BKN250 28/21 A2994 RMK AO2 SLP129 T02830211
ATL,2023-07-07 01:52,10.00,15000.00,KATL 070152Z 26005KT 10SM FEW150 SCT200 BKN250 28/22 A2996 RMK AO2 SLP134 T02780217
ATL,2023-07-07 02:52,10.00,12000.00,KATL 070252Z 28005KT 10SM FEW120 SCT250 27/22 A2997 RMK AO2 SLP138 T02670222 53010
ATL,2023-07-07 03:52,10.00,5000.00,KATL 070352Z 30007KT 10SM FEW050 SCT250 26/23 A2997 RMK AO2 SLP137 T02610228
ATL,2023-07-07 04:52,10.00,3000.00,KATL 070452Z 32008KT 10SM FEW030 FEW050 FEW250 26/23 A2996 RMK AO2 SLP131 T02610228 403390228
ATL,2023-07-07 05:52,10.00,3500.00,KATL 070552Z 28007KT 10SM FEW035 FEW050 SCT250 25/22 A2995 RMK AO2 SLP130 T02500222 10294 20250 56007
ATL,2023-07-07 06:52,10.00,15000.00,KATL 070652Z 29006KT 10SM FEW150 SCT200 BKN220 24/22 A2993 RMK AO2 SLP124 T02440217
ATL,2023-07-07 07:52,10.00,20000.00,KATL 070752Z 29005KT 10SM FEW200 SCT220 24/22 A2993 RMK AO2 SLP124 T02390217
ATL,2023-07-07 08:52,10.00,15000.00,KATL 070852Z 32006KT 10SM BKN150 BKN200 24/21 A2994 RMK AO2 SLP126 T02390211 55005
ATL,2023-07-07 09:52,10.00,14000.00,KATL 070952Z 31006KT 10SM BKN140 BKN160 BKN200 24/21 A2995 RMK AO2 SLP129 T02390211
ATL,2023-07-07 10:52,10.00,15000.00,KATL 071052Z 30007KT 10SM SCT150 BKN180 BKN250 23/21 A2995 RMK AO2 SLP129 T02330211
ATL,2023-07-07 11:52,10.00,15000.00,KATL 071152Z 30006KT 10SM SCT150 SCT180 BKN250 24/21 A2994 RMK AO2 SLP128 T02390211 10250 20233 50002
ATL,2023-07-07 12:52,10.00,16000.00,KATL 071252Z 30006KT 10SM SCT160 SCT220 26/21 A2996 RMK AO2 SLP134 T02560211
ATL,2023-07-07 13:52,10.00,16000.00,KATL 071352Z 31006KT 10SM FEW160 FEW250 28/22 A2995 RMK AO2 SLP129 T02780217
ATL,2023-07-07 14:52,10.00,16000.00,KATL 071452Z 30004KT 10SM SCT160 SCT250 29/22 A2995 RMK AO2 SLP129 T02940222 51002
ATL,2023-07-07 15:52,10.00,3400.00,KATL 071552Z 32006KT 10SM FEW034 SCT150 SCT250 31/22 A2995 RMK AO2 SLP130 MDT CU DSNT W T03110222 $
ATL,2023-07-07 16:52,10.00,4000.00,KATL 071652Z VRB05KT 10SM SCT040TCU BKN160 BKN250 32/21 A2995 RMK AO2 SLP129 TCU N SE MDT CU ALQDS T03170211
ATL,2023-07-07 17:52,10.00,4200.00,KATL 071752Z VRB06KT 10SM SCT042TCU BKN160 BKN250 33/22 A2993 RMK AO2 LTG DSNT SE SLP122 CB DSNT SE SW-W TCU ALQDS T03280217 10333 20239 58007
ATL,2023-07-07 18:52,10.00,4500.00,KATL 071852Z 32008KT 10SM SCT045TCU BKN095 BKN150 BKN200 32/21 A2990 RMK AO2 LTG DSNT E-SW SLP113 CB DSNT ALQDS TCU ALQDS SHRA E-S T03170206 $
ATL,2023-07-07 19:52,10.00,4300.00,KATL 071952Z 29009KT 10SM TS FEW043CB SCT095 BKN150 BKN200 31/21 A2990 RMK AO2 TSB17 SLP113 OCNL LTGCGIC VC SE-S TS VC SE-S MOV S CB DSNT E W TCU DSNT N-NE T03110211 $
ATL,2023-07-07 20:52,10.00,3000.00,KATL 072052Z 21008G16KT 10SM FEW030CB SCT080 BKN150 OVC200 28/22 A2990 RMK AO2 TSE14 SLP113 TS MOVD S CB N-NE DSNT NE-SE-S TCU NW SHRA N-NE T02830222 56010 $
ATL,2023-07-07 21:52,10.00,2500.00,KATL 072152Z 13006KT 10SM FEW025TCU SCT050 BKN150 BKN200 27/22 A2991 RMK AO2 RAB20E45 TSB2058E52 SLP119 LTG DSNT NE-SE TS MOVD SE CB DSNT NE-SE TCU OHD-NW P0000 T02670217 $
ATL,2023-07-07 22:52,10.00,3000.00,KATL 072252Z 19003KT 10SM FEW030 SCT150 BKN200 BKN250 27/20 A2990 RMK AO2 SLP114 CB DSNT NE TCU DSNT W-NW T02720200 $
ATL,2023-07-07 23:52,10.00,3000.00,KATL 072352Z 23005KT 10SM FEW030 SCT150 BKN200 BKN250 27/21 A2990 RMK AO2 SLP115 LTG DSNT SW-W CB DSNT N SW-W 60000 T02720206 10333 20256 51001 $
ATL,2023-07-08 00:52,10.00,3000.00,KATL 080052Z 19003KT 10SM FEW030 SCT150 BKN250 27/21 A2992 RMK AO2 SLP119 TCU DSNT N-NE T02670211 $
ATL,2023-07-08 01:52,10.00,15000.00,KATL 080152Z 00000KT 10SM FEW150 SCT250 26/22 A2992 RMK AO2 SLP119 T02610222 $
ATL,2023-07-08 02:52,10.00,15000.00,KATL 080252Z 28006KT 10SM FEW150 SCT250 26/22 A2993 RMK AO2 SLP122 T02560222 51009 $
ATL,2023-07-08 03:52,10.00,15000.00,KATL 080352Z 28006KT 10SM FEW150 SCT250 25/22 A2992 RMK AO2 SLP118 T02500217 $
ATL,2023-07-08 04:52,10.00,15000.00,KATL 080452Z 28003KT 10SM FEW150 FEW250 24/22 A2992 RMK AO2 SLP120 T02440222 403330233 $
ATL,2023-07-08 05:52,10.00,15000.00,KATL 080552Z 31007KT 10SM FEW150 SCT220 SCT250 24/22 A2991 RMK AO2 SLP116 T02440217 10272 20239 57005 $
ATL,2023-07-08 06:52,10.00,15000.00,KATL 080652Z 00000KT 10SM FEW150 SCT220 SCT250 24/22 A2991 RMK AO2 SLP117 T02440217 $
ATL,2023-07-08 07:52,10.00,15000.00,KATL 080752Z 31004KT 10SM FEW150 SCT200 SCT250 24/22 A2991 RMK AO2 SLP115 T02390217 $
ATL,2023-07-08 08:52,10.00,15000.00,KATL 080852Z 31006KT 10SM FEW150 SCT200 SCT250 23/21 A2990 RMK AO2 SLP115 T02330211 58002 $
ATL,2023-07-08 09:52,10.00,17000.00,KATL 080952Z 30005KT 10SM SCT170 BKN220 23/21 A2990 RMK AO2 SLP114 T02330211 $
ATL,2023-07-08 10:52,10.00,17000.00,KATL 081052Z 28003KT 10SM FEW170 FEW220 FEW250 23/21 A2992 RMK AO2 SLP120 T02280211 $
ATL,2023-07-08 11:52,10.00,14000.00,KATL 081152Z 29005KT 10SM SCT140 SCT220 SCT250 24/21 A2993 RMK AO2 SLP126 T02390211 10244 20222 53009 $
ATL,2023-07-08 12:52,10.00,14000.00,KATL 081252Z 29009KT 10SM SCT140 SCT250 25/22 A2994 RMK AO2 SLP127 T02500217 $
ATL,2023-07-08 13:52,10.00,14000.00,KATL 081352Z 30008KT 10SM FEW140 FEW250 28/22 A2994 RMK AO2 SLP128 T02780217 $
ATL,2023-07-08 14:52,10.00,2800.00,KATL 081452Z 28010KT 10SM FEW028 FEW140 SCT250 29/22 A2995 RMK AO2 SLP129 T02940222 53005 $
ATL,2023-07-08 15:52,10.00,3500.00,KATL 081552Z 31014KT 10SM SCT035 SCT250 31/21 A2995 RMK AO2 SLP130 MDT CU SE-S DSNT NW T03110211 $
ATL,2023-07-08 16:52,10.00,4200.00,KATL 081652Z 33011KT 10SM FEW042 SCT250 32/20 A2994 RMK AO2 SLP127 TCU DSNT NW MDT CU DSNT SE-S T03170200 $
ATL,2023-07-08 17:52,10.00,4400.00,KATL 081752Z 32005KT 10SM SCT044 SCT250 33/20 A2992 RMK AO2 SLP118 TCU DSNT E MDT CU ALQDS T03280200 10328 20239 58011 $
ATL,2023-07-08 18:52,10.00,4800.00,KATL 081852Z 23007KT 10SM SCT048TCU SCT250 32/20 A2990 RMK AO2 SLP112 TCU NE E SE DSNT ALQDS MDT CU ALQDS T03220200 $
ATL,2023-07-08 19:52,10.00,5000.00,KATL 081952Z 23009G18KT 10SM SCT050TCU SCT100 BKN250 33/19 A2988 RMK AO2 SLP105 TCU ALQDS CB DSNT SW T03280189 $
ATL,2023-07-08 20:52,10.00,5000.00,KATL 082052Z VRB05G15KT 10SM FEW050TCU FEW090 BKN250 33/19 A2986 RMK AO2 SLP099 CB DSNT N NE-E S-SW TCU N-NE SW T03330194 56018 $
ATL,2023-07-08 21:52,10.00,5000.00,KATL 082152Z COR 24011KT 10SM FEW050 FEW100 SCT200 BKN250 32/21 A2985 RMK AO2 SLP096 CB DSNT NE E-SE TCU DSNT ALQDS T03170206 $
ATL,2023-07-08 22:52,10.00,5000.00,KATL 082252Z 24005KT 10SM FEW050 FEW070 FEW150 BKN200 BKN250 31/21 A2986 RMK AO2 SLP099 CB DSNT NE TCU DSNT ALQDS T03110211 $
ATL,2023-07-08 23:52,10.00,5500.00,KATL 082352Z 28008KT 10SM FEW055 FEW150 BKN200 BKN250 31/21 A2986 RMK AO2 SLP098 CB DSNT NE TCU DSNT N AND E AND W MDT CU DSNT W T03060211 10333 20306 56002 $
ATL,2023-07-09 00:52,10.00,4700.00,KATL 090052Z 27009KT 10SM SCT047TCU SCT200 BKN250 29/21 A2987 RMK AO2 SLP103 TCU W CB DSNT N AND NE T02890211 $
ATL,2023-07-09 01:52,10.00,3000.00,KATL 090152Z 27007KT 10SM FEW030TCU SCT060 SCT200 BKN250 28/22 A2990 RMK AO2 SLP111 OCNL LTGIC DSNT NE CB DSNT NE TCU N AND S T02780222 $
ATL,2023-07-09 02:52,10.00,3000.00,KATL 090252Z 28007KT 10SM FEW030 FEW060 SCT200 BKN250 27/21 A2992 RMK AO2 LTG DSNT NE SLP119 CB DSNT NE TCU DSNT SE T02670211 53021 $
ATL,2023-07-09 03:52,10.00,1800.00,KATL 090352Z 27010KT 10SM FEW018 FEW025 SCT060 SCT200 BKN250 25/21 A2992 RMK AO2 LTG DSNT NE SLP119 CB DSNT NE T02500206 $
ATL,2023-07-09 04:52,10.00,1600.00,KATL 090452Z 28007KT 10SM FEW016 SCT040 SCT200 BKN250 25/21 A2991 RMK AO2 SLP117 T02500211 403330222 $
ATL,2023-07-09 05:52,10.00,1600.00,KATL 090552Z 28006KT 10SM FEW016 FEW040 BKN180 BKN250 24/22 A2990 RMK AO2 SLP111 T02440217 10306 20244 58007 $
ATL,2023-07-09 06:52,10.00,1500.00,KATL 090652Z 26006KT 10SM SCT015 SCT150 BKN180 BKN250 24/22 A2989 RMK AO2 SLP109 T02440217 $
ATL,2023-07-09 07:52,10.00,1400.00,KATL 090752Z 25005KT 10SM FEW014 SCT140 BKN180 BKN250 24/21 A2987 RMK AO2 SLP103 T02390211 $
ATL,2023-07-09 08:52,10.00,1400.00,KATL 090852Z 26008KT 10SM FEW014 FEW140 BKN180 BKN250 23/21 A2988 RMK AO2 SLP106 T02330211 55005 $
ATL,2023-07-09 09:52,10.00,900.00,KATL 090952Z 26007KT 10SM BKN009 BKN150 BKN250 23/21 A2989 RMK AO2 SLP108 CIG 008V012 T02330211 $
ATL,2023-07-09 10:52,10.00,900.00,KATL 091052Z 25007KT 10SM SCT009 BKN130 BKN180 23/21 A2990 RMK AO2 SLP113 T02330211 $
ATL,2023-07-09 11:52,9.00,900.00,KATL 091152Z 28011KT 9SM SCT009 BKN014 BKN140 BKN180 23/21 A2992 RMK AO2 SLP120 BKN014 V SCT T02330211 10244 20233 53014 $
ATL,2023-07-09 12:52,10.00,1300.00,KATL 091252Z 28009KT 10SM BKN013 BKN140 BKN180 24/21 A2993 RMK AO2 SLP125 CIG 010V015 T02440206 $
ATL,2023-07-09 13:52,10.00,2000.00,KATL 091352Z 31014G21KT 10SM BKN020 BKN075 BKN130 26/20 A2996 RMK AO2 SLP132 BKN020 V SCT T02610200 $
ATL,2023-07-09 14:52,10.00,2200.00,KATL 091452Z 29012KT 10SM SCT022 BKN080 27/21 A2997 RMK AO2 SLP138 SCT V BKN T02670206 53017 $
ATL,2023-07-09 15:52,10.00,2700.00,KATL 091552Z 30009KT 10SM SCT027 SCT080 28/21 A2996 RMK AO2 SLP133 MDT CU DSNT W-NW T02830206 $
ATL,2023-07-09 16:52,10.00,3400.00,KATL 091652Z 27008KT 10SM SCT034 SCT080 SCT250 30/20 A2995 RMK AO2 SLP129 MDT CU DSNT E W T03000200 $
ATL,2023-07-09 17:52,10.00,3700.00,KATL 091752Z 32011KT 10SM SCT037 SCT080 SCT220 31/21 A2994 RMK AO2 SLP125 MDT CU ALQDS T03110206 10311 20233 56012 $
ATL,2023-07-09 18:52,10.00,4400.00,KATL 091852Z 32010G16KT 10SM SCT044 SCT200 BKN250 32/20 A2991 RMK AO2 SLP116 MDT CU ALQDS T03170200 $
ATL,2023-07-09 19:52,10.00,4600.00,KATL 091952Z 29009KT 10SM SCT046 SCT200 BKN250 32/20 A2989 RMK AO2 SLP111 MDT CU ALQDS T03220200 $
ATL,2023-07-09 20:52,10.00,4800.00,KATL 092052Z 30009KT 10SM SCT048 SCT200 BKN250 32/20 A2988 RMK AO2 SLP107 MDT CU ALQDS T03220200 56017 $
ATL,2023-07-09 21:52,10.00,4900.00,KATL 092152Z 28008KT 10SM SCT049 SCT200 BKN250 31/19 A2989 RMK AO2 SLP109 TCU DSNT SW MDT CU S T03110189 $
ATL,2023-07-09 22:52,10.00,4800.00,KATL 092252Z 26009KT 10SM SCT048TCU SCT070 BKN180 BKN250 31/20 A2990 RMK AO2 SLP113 TCU OHD AND S AND W-NW MDT CU ALQDS T03110200 $
ATL,2023-07-09 23:52,10.00,4800.00,KATL 092352Z 27006KT 10SM FEW048 SCT120 SCT150 BKN180 BKN250 29/21 A2990 RMK AO2 SLP114 TCU DSNT E AND W T02940206 10328 20294 53005 $
ATL,2023-07-10 00:52,10.00,5500.00,KATL 100052Z 26005KT 10SM SCT055 SCT070 BKN150 BKN200 BKN250 29/21 A2991 RMK AO2 SLP118 CBMAM SE-SW T02890206 $
ATL,2023-07-10 01:52,10.00,4200.00,KATL 100152Z 22004KT 10SM SCT042 SCT090 BKN150 BKN200 BKN250 28/21 A2993 RMK AO2 SLP122 OCNL LTGIC DSNT S-W CB DSNT S-W T02830211 $
ATL,2023-07-10 02:52,6.00,1400.00,KATL 100252Z 27009G16KT 6SM -TSRA BR FEW014 SCT025CB BKN045 OVC150 23/21 A2995 RMK AO2 PK WND 26031/0219 RAB12 TSB35 SLP132 OCNL LTGICCG N-SE TS N-SE MOV E BINOVC P0017 60017 T02280206 53016 $
ATL,2023-07-10 03:52,10.00,4500.00,KATL 100352Z 00000KT 10SM FEW045 SCT090 SCT110 OVC150 22/20 A2989 RMK AO2 LTG DSNT E RAE34 TSE11 SLP113 TS MOV E CB DSNT NE-SE P0002 T02220200 $
ATL,2023-07-10 04:52,10.00,9000.00,KATL 100452Z 36007KT 10SM FEW090 SCT120 BKN140 23/20 A2989 RMK AO2 SLP109 T02280200 403280217 $
ATL,2023-07-10 05:52,10.00,8000.00,KATL 100552Z 31007KT 10SM FEW080 BKN100 OVC140 22/21 A2991 RMK AO2 SLP119 60019 T02220206 10300 20217 55012 $
ATL,2023-07-10 06:52,10.00,900.00,KATL 100652Z 34007KT 10SM -RA FEW009 BKN095 OVC110 22/21 A2991 RMK AO2 RAB17 SLP118 P0000 T02220211 $
ATL,2023-07-10 07:52,10.00,900.00,KATL 100752Z 01004KT 10SM FEW009 FEW065 BKN100 OVC130 23/21 A2990 RMK AO2 RAE0654 SLP113 P0000 T02280206 $
ATL,2023-07-10 08:52,5.00,900.00,KATL 100852Z 03005KT 5SM RA BR FEW009 OVC060 22/21 A2989 RMK AO2 RAB0756 SLP111 P0004 60004 T02220206 58007 $
ATL,2023-07-10 09:52,7.00,700.00,KATL 100952Z 04008KT 7SM RA BKN007 BKN013 OVC075 22/20 A2988 RMK AO2 SLP106 BKN007 V SCT P0011 T02220200 $
ATL,2023-07-10 10:52,2.50,800.00,KATL 101052Z 04009KT 2 1/2SM +RA BR FEW008 SCT015 OVC035 22/20 A2989 RMK AO2 SLP110 P0018 T02170200
ATL,2023-07-10 11:52,3.00,500.00,KATL 101152Z 06004KT 3SM RA BR SCT005 BKN036 OVC060 21/20 A2990 RMK AO2 SLP115 P0036 60069 70088 T02110200 10228 20211 53003
ATL,2023-07-10 12:52,7.00,700.00,KATL 101252Z 34008KT 7SM -RA BKN007 BKN013 OVC055 22/20 A2991 RMK AO2 SLP119 P0004 T02220200
ATL,2023-07-10 13:52,9.00,800.00,KATL 101352Z 36008KT 9SM SCT008 OVC015 23/21 A2992 RMK AO2 RAE1258 SLP121 BINOVC P0000 T02280206
ATL,2023-07-10 14:52,10.00,900.00,KATL 101452Z 34008KT 10SM SCT009 OVC016 23/20 A2994 RMK AO2 SLP130 TCU DSNT N-NE BINOVC 60004 T02280200 53012
ATL,2023-07-10 15:52,10.00,1600.00,KATL 101552Z 33009KT 10SM BKN016 OVC048 25/21 A2994 RMK AO2 SLP131 MDT CU ALQDS BINOVC T02500206
ATL,2023-07-10 16:52,10.00,2400.00,KATL 101652Z 31008KT 10SM SCT024 BKN034 BKN050 27/21 A2994 RMK AO2 SLP129 MDT CU ALQDS T02670211
ATL,2023-07-10 17:52,10.00,3000.00,KATL 101752Z 33007KT 10SM SCT030 BKN048 28/21 A2993 RMK AO2 SLP124 MDT CU ALQDS 60004 T02830206 10283 20211 58004
ATL,2023-07-10 18:52,10.00,3500.00,KATL 101852Z 32007KT 10SM SCT035 BKN060 30/21 A2992 RMK AO2 SLP122 TCU DSNT E-S MDT CU ALQDS T03000206
ATL,2023-07-10 19:52,10.00,4000.00,KATL 101952Z 31008KT 10SM SCT040 BKN065 30/21 A2993 RMK AO2 SLP123 TCU DSNT E-S SW MDT CU ALQDS T03000206
ATL,2023-07-10 20:52,10.00,4200.00,KATL 102052Z 31008KT 10SM SCT042TCU BKN065 29/20 A2992 RMK AO2 SLP120 TCU NE-E W MDT CU ALQDS T02940200 58002
ATL,2023-07-10 21:52,10.00,4500.00,KATL 102152Z 29009KT 10SM SCT045TCU BKN070 29/20 A2992 RMK AO2 SLP120 TCU N-E-S MDT CU OHD-ALQDS T02940200
ATL,2023-07-10 22:52,10.00,4500.00,KATL 102252Z 29012KT 10SM FEW045TCU SCT070 30/19 A2992 RMK AO2 SLP122 TCU NE-SE-S DSNT SW T03000194
ATL,2023-07-10 23:52,10.00,4500.00,KATL 102352Z 30010KT 10SM FEW045TCU SCT070 29/19 A2994 RMK AO2 SLP129 CB DSNT SE TCU NE-SE-S T02890194 10306 20272 53007
ATL,2023-07-11 00:52,10.00,4500.00,KATL 110052Z 30007KT 10SM FEW045 FEW070 27/19 A2996 RMK AO2 SLP133 TCU DSNT NE-SE T02720189
ATL,2023-07-11 01:52,10.00,4500.00,KATL 110152Z 32006KT 10SM FEW045 FEW070 27/19 A2997 RMK AO2 SLP138 T02670189
ATL,2023-07-11 02:52,10.00,5000.00,KATL 110252Z 28004KT 10SM FEW050 25/19 A2999 RMK AO2 SLP146 T02500194 53016
ATL,2023-07-11 03:52,10.00,5000.00,KATL 110352Z 31004KT 10SM FEW050 24/20 A2999 RMK AO2 SLP145 T02440200
ATL,2023-07-11 04:52,10.00,M,KATL 110452Z 27004KT 10SM CLR 24/20 A2999 RMK AO2 SLP144 T02390200 403060211
ATL,2023-07-11 05:52,10.00,M,KATL 110552Z 31007KT 10SM CLR 23/20 A2997 RMK AO2 SLP138 T02330200 10289 20233 58006
ATL,2023-07-11 06:52,10.00,M,KATL 110652Z 31005KT 10SM CLR 23/19 A2998 RMK AO2 SLP139 T02280194
ATL,2023-07-11 07:52,10.00,M,KATL 110752Z 29004KT 10SM CLR 22/19 A2998 RMK AO2 SLP142 T02220194
ATL,2023-07-11 08:52,10.00,5000.00,KATL 110852Z 31005KT 10SM FEW050 22/19 A2999 RMK AO2 SLP145 T02220194 53006
ATL,2023-07-11 09:52,10.00,5000.00,KATL 110952Z 31004KT 10SM FEW050 22/19 A3001 RMK AO2 SLP151 T02170194 $
ATL,2023-07-11 10:52,10.00,5000.00,KATL 111052Z 30004KT 10SM FEW050 22/19 A3002 RMK AO2 SLP153 T02170194 $
ATL,2023-07-11 11:52,10.00,5000.00,KATL 111152Z 29004KT 10SM FEW050 23/19 A3002 RMK AO2 SLP155 70004 T02330194 10233 20217 51010 $
ATL,2023-07-11 12:52,10.00,M,KATL 111252Z 32004KT 10SM CLR 26/19 A3003 RMK AO2 SLP158 T02560189
ATL,2023-07-11 13:52,10.00,3800.00,KATL 111352Z 25003KT 10SM FEW038 27/17 A3005 RMK AO2 SLP163 T02720172
ATL,2023-07-11 14:52,10.00,4000.00,KATL 111452Z 28006KT 10SM FEW040 FEW250 29/18 A3005 RMK AO2 SLP165 T02890183 51009
ATL,2023-07-11 15:52,10.00,4400.00,KATL 111552Z 26007KT 10SM FEW044 29/18 A3006 RMK AO2 SLP168 TCU DSNT S T02940183
ATL,2023-07-11 16:52,10.00,4600.00,KATL 111652Z 27007G15KT 10SM FEW046 FEW250 30/18 A3005 RMK AO2 SLP166 MDT CU DSNT SE-SW-W T03000183
ATL,2023-07-11 17:52,10.00,4800.00,KATL 111752Z 23009KT 10SM SCT048 30/18 A3005 RMK AO2 SLP166 MDT CU ALQDS T03000183 10311 20233 50001
ATL,2023-07-11 18:52,10.00,5000.00,KATL 111852Z 30011KT 10SM SCT050TCU SCT070 SCT250 31/19 A3003 RMK AO2 SLP159 TCU N SE MDT CU ALQDS T03060189
ATL,2023-07-11 19:52,10.00,5500.00,KATL 111952Z 33009G15KT 10SM SCT055 SCT200 BKN250 31/19 A3002 RMK AO2 SLP155 MDT CU ALQDS T03110189
ATL,2023-07-11 20:52,10.00,5500.00,KATL 112052Z 28008G15KT 10SM FEW055 SCT200 SCT250 32/19 A3001 RMK AO2 SLP151 MDT CU SE SW T03170189 56015
ATL,2023-07-11 21:52,10.00,5500.00,KATL 112152Z 25007KT 10SM FEW055 SCT200 BKN250 31/18 A3000 RMK AO2 SLP148 T03110183
ATL,2023-07-11 22:52,10.00,5500.00,KATL 112252Z 29006KT 10SM FEW055 SCT200 BKN250 31/18 A3000 RMK AO2 SLP147 T03060183
ATL,2023-07-11 23:52,10.00,20000.00,KATL 112352Z 27007KT 10SM SCT200 BKN250 30/18 A3000 RMK AO2 SLP149 T03000183 10322 20294 55001
ATL,2023-07-12 00:52,10.00,20000.00,KATL 120052Z 27004KT 10SM FEW200 SCT250 28/18 A3001 RMK AO2 SLP151 T02830183
ATL,2023-07-12 01:52,10.00,20000.00,KATL 120152Z 00000KT 10SM FEW200 BKN250 28/19 A3002 RMK AO2 SLP154 T02780194
ATL,2023-07-12 02:52,10.00,20000.00,KATL 120252Z 29004KT 10SM FEW200 BKN250 27/19 A3004 RMK AO2 SLP161 T02670194 53012
ATL,2023-07-12 03:52,10.00,20000.00,KATL 120352Z 27003KT 10SM FEW200 FEW250 26/20 A3005 RMK AO2 SLP163 T02560200
ATL,2023-07-12 04:52,10.00,5000.00,KATL 120452Z 00000KT 10SM FEW050 SCT250 25/20 A3004 RMK AO2 SLP160 T02500200 403220217
ATL,2023-07-12 05:52,10.00,5000.00,KATL 120552Z 04003KT 10SM FEW050 FEW250 26/20 A3003 RMK AO2 SLP158 T02560200 10300 20250 58002
ATL,2023-07-12 06:52,10.00,5000.00,KATL 120652Z 06003KT 10SM FEW050 FEW250 26/18 A3003 RMK AO2 SLP158 T02560178
ATL,2023-07-12 07:52,10.00,5000.00,KATL 120752Z 09003KT 10SM FEW050 FEW250 25/18 A3003 RMK AO2 SLP156 T02500183
ATL,2023-07-12 08:52,10.00,5000.00,KATL 120852Z 00000KT 10SM FEW050 FEW250 24/18 A3003 RMK AO2 SLP157 T02390183 55002
ATL,2023-07-12 09:52,10.00,5000.00,KATL 120952Z 00000KT 10SM FEW050 FEW250 23/18 A3003 RMK AO2 SLP159 T02330183
ATL,2023-07-12 10:52,10.00,5000.00,KATL 121052Z 10004KT 10SM SCT050 SCT250 24/17 A3005 RMK AO2 SLP163 T02390172
ATL,2023-07-12 11:52,10.00,6000.00,KATL 121152Z 00000KT 10SM SCT060 SCT250 25/18 A3005 RMK AO2 SLP165 T02500183 10256 20233 53008
ATL,2023-07-12 12:52,10.00,4100.00,KATL 121252Z 15004KT 10SM FEW041 FEW060 FEW250 26/18 A3007 RMK AO2 SLP170 T02560183
ATL,2023-07-12 13:52,10.00,4200.00,KATL 121352Z 15004KT 10SM FEW042 FEW070 FEW250 27/18 A3007 RMK AO2 SLP171 MDT CU DSNT N NE-E NW T02720183
ATL,2023-07-12 14:52,10.00,3300.00,KATL 121452Z 19007KT 10SM FEW033 FEW060 FEW250 29/21 A3007 RMK AO2 SLP169 TCU DSNT NW-N MDT CU DSNT S T02890206 50004
ATL,2023-07-12 15:52,10.00,4000.00,KATL 121552Z 22007KT 10SM SCT040TCU BKN065 BKN250 29/19 A3007 RMK AO2 SLP171 TCU SW MDT CU OHD ALQDS T02940194
ATL,2023-07-12 16:52,10.00,4400.00,KATL 121652Z 27006KT 10SM SCT044 SCT070 SCT250 31/21 A3007 RMK AO2 SLP169 TCU DSNT NE W MDT CU ALQDS T03060206
ATL,2023-07-12 17:52,10.00,4800.00,KATL 121752Z 27008G14KT 10SM SCT048TCU SCT075 SCT250 31/20 A3006 RMK AO2 SLP168 TCU S-SW DSNT NE-E MDT CU ALQDS T03060200 10322 20250 58001
ATL,2023-07-12 18:52,10.00,5000.00,KATL 121852Z 28007KT 10SM SCT050TCU SCT075 SCT250 33/20 A3004 RMK AO2 SLP159 CB DSNT SE SW-W TCU SW MDT CU ALQDS T03280200
ATL,2023-07-12 19:52,10.00,5000.00,KATL 121952Z 30007KT 10SM SCT050TCU SCT080 SCT250 33/20 A3001 RMK AO2 SLP151 CB DSNT W-NW TCU S SW DSNT E MDT CU ALQDS T03280200
ATL,2023-07-12 20:52,10.00,5500.00,KATL 122052Z 18005KT 10SM FEW055TCU FEW080 SCT200 SCT250 33/20 A3000 RMK AO2 SLP146 CB DSNT SE NW TCU N SE DSNT W MDT CU NE-SE SW T03280200 56021
ATL,2023-07-12 21:52,10.00,5500.00,KATL 122152Z 26004KT 10SM SCT055 SCT080 BKN200 BKN250 32/20 A2998 RMK AO2 SLP140 CB DSNT SW W-NW MDT CU OHD ALQDS T03220200 $
ATL,2023-07-12 22:52,10.00,5500.00,KATL 122252Z 23006KT 10SM SCT055TCU BKN090 BKN250 32/20 A2998 RMK AO2 SLP141 TCU NE-OHD-S T03170200 $
ATL,2023-07-12 23:52,10.00,5500.00,KATL 122352Z 26007KT 10SM FEW055 SCT080 SCT250 31/22 A2999 RMK AO2 RAB18E30 SLP143 CB DSNT NE-E P0000 60000 T03060217 10333 20306 55003 $
ATL,2023-07-13 00:52,10.00,5000.00,KATL 130052Z 25006KT 10SM FEW050 FEW080 SCT250 29/22 A3000 RMK AO2 SLP146 TCU DSNT NE-E T02940222 $
ATL,2023-07-13 01:52,10.00,8000.00,KATL 130152Z 23004KT 10SM FEW080 SCT250 29/22 A3000 RMK AO2 SLP147 T02890217 $
ATL,2023-07-13 02:52,10.00,25000.00,KATL 130252Z 23005KT 10SM FEW250 28/22 A3001 RMK AO2 SLP149 T02780222 51006 $
ATL,2023-07-13 03:52,10.00,25000.00,KATL 130352Z 00000KT 10SM FEW250 27/22 A3000 RMK AO2 SLP147 T02720217 $
ATL,2023-07-13 04:52,10.00,25000.00,KATL 130452Z 19003KT 10SM FEW250 26/22 A3000 RMK AO2 SLP145 T02610222 403330233 $
ATL,2023-07-13 05:52,10.00,25000.00,KATL 130552Z COR 22003KT 10SM FEW250 26/23 A2998 RMK AO2 SLP138 T02560228 10306 20256 58010 $
ATL,2023-07-13 06:52,10.00,25000.00,KATL 130652Z 21004KT 10SM FEW250 25/22 A2996 RMK AO2 SLP133 T02500222 $
ATL,2023-07-13 07:52,10.00,25000.00,KATL 130752Z 27005KT 10SM FEW250 24/22 A2996 RMK AO2 SLP132 T02440222 $
ATL,2023-07-13 08:52,10.00,25000.00,KATL 130852Z 27004KT 10SM FEW250 24/22 A2997 RMK AO2 SLP136 T02440222 55002 $
ATL,2023-07-13 09:52,10.00,25000.00,KATL 130952Z 27006KT 10SM FEW250 23/22 A3000 RMK AO2 SLP147 T02330217
ATL,2023-07-13 10:52,10.00,20000.00,KATL 131052Z 28006KT 10SM SCT200 SCT250 23/22 A3002 RMK AO2 SLP154 T02330217
ATL,2023-07-13 11:52,10.00,20000.00,KATL 131152Z VRB03KT 10SM FEW200 SCT250 24/22 A3003 RMK AO2 SLP156 T02440222 10256 20233 51019
ATL,2023-07-13 12:52,10.00,1800.00,KATL 131252Z 29006KT 10SM FEW018 FEW200 SCT250 26/22 A3003 RMK AO2 SLP155 T02610217
ATL,2023-07-13 13:52,10.00,2200.00,KATL 131352Z 28005KT 10SM FEW022 FEW200 SCT250 28/22 A3001 RMK AO2 SLP152 T02830222
ATL,2023-07-13 14:52,10.00,2600.00,KATL 131452Z 28004KT 10SM FEW026 FEW180 SCT250 BKN300 29/22 A3001 RMK AO2 SLP149 T02940222 58007
ATL,2023-07-13 15:52,10.00,3200.00,KATL 131552Z 16005KT 10SM FEW032 FEW180 SCT250 BKN300 31/22 A3000 RMK AO2 SLP148 T03060222
ATL,2023-07-13 16:52,10.00,3600.00,KATL 131652Z 26006KT 10SM SCT036TCU SCT180 SCT250 BKN300 31/21 A2999 RMK AO2 SLP144 TCU SW MDT CU ALQDS T03110211
ATL,2023-07-13 17:52,10.00,3800.00,KATL 131752Z 24007KT 10SM SCT038TCU SCT200 SCT250 BKN300 32/21 A2998 RMK AO2 SLP139 CB DSNT N W NW TCU ALQDS SHRA DSNT N T03170211 10322 20244 58009
ATL,2023-07-13 18:52,10.00,4000.00,KATL 131852Z 25007KT 10SM SCT040TCU SCT100 SCT200 BKN250 32/22 A2996 RMK AO2 LTG DSNT NW SLP133 CB DSNT N NW TCU E W DSNT N-NE NW MDT CU ALQDS T03220217
ATL,2023-07-13 19:52,10.00,4300.00,KATL 131952Z COR 21010KT 10SM SCT043TCU SCT075 SCT140 BKN200 BKN250 32/22 A2994 RMK AO2 LTG DSNT N SLP126 CB DSNT N NW TCU NE-SE SW-W MDT CU ALQDS T03220217
ATL,2023-07-13 20:52,10.00,4800.00,KATL 132052Z 20006KT 10SM FEW048TCU FEW080 SCT140 BKN200 BKN250 33/21 A2992 RMK AO2 SLP120 CB DSNT NE TCU NE DSNT NE MDT CU NE-SE T03280211 56019
ATL,2023-07-13 21:52,10.00,4500.00,KATL 132152Z 21010KT 10SM FEW045 SCT080 BKN150 BKN250 32/22 A2992 RMK AO2 SLP119 TCU DSNT N-E-S MDT CU OHD T03170217
ATL,2023-07-13 22:52,10.00,3500.00,KATL 132252Z 23009KT 10SM FEW035 BKN150 BKN200 BKN250 31/22 A2992 RMK AO2 LTG DSNT N AND NE SLP120 CB DSNT N NE T03060222
ATL,2023-07-13 23:52,10.00,4000.00,KATL 132352Z 22008KT 10SM FEW040 SCT150 BKN200 BKN250 29/21 A2993 RMK AO2 LTG DSNT NE SLP125 CB DSNT NE T02890211 10333 20289 53004
ATL,2023-07-14 00:52,10.00,4000.00,KATL 140052Z 22006KT 10SM FEW040 SCT150 BKN200 BKN250 28/21 A2994 RMK AO2 SLP127 CB DSNT NE T02780211
ATL,2023-07-14 01:52,10.00,15000.00,KATL 140152Z 23006KT 10SM FEW150 BKN200 BKN250 27/21 A2993 RMK AO2 SLP124 T02720211
ATL,2023-07-14 02:52,10.00,15000.00,KATL 140252Z 22004KT 10SM SCT150 BKN200 BKN250 27/22 A2996 RMK AO2 SLP133 T02670217 53008
ATL,2023-07-14 03:52,10.00,15000.00,KATL 140352Z 24007KT 10SM FEW150 SCT250 26/23 A2997 RMK AO2 SLP135 T02610228
ATL,2023-07-14 04:52,10.00,1500.00,KATL 140452Z 26004KT 10SM FEW015 SCT250 26/23 A2997 RMK AO2 SLP136 T02560233 403330233
ATL,2023-07-14 05:52,10.00,800.00,KATL 140552Z 24005KT 10SM FEW008 SCT250 26/23 A2997 RMK AO2 SLP137 T02560233 10289 20256 51004
ATL,2023-07-14 06:52,10.00,800.00,KATL 140652Z 00000KT 10SM FEW008 SCT200 BKN250 25/23 A2996 RMK AO2 SLP133 T02500233
ATL,2023-07-14 07:52,10.00,1500.00,KATL 140752Z 24004KT 10SM FEW015 SCT250 25/23 A2994 RMK AO2 SLP126 T02500228
ATL,2023-07-14 08:52,10.00,1500.00,KATL 140852Z 24003KT 10SM FEW015 SCT250 24/23 A2995 RMK AO2 SLP129 T02440228 55008
ATL,2023-07-14 09:52,9.00,600.00,KATL 140952Z 27005KT 9SM BKN006 24/23 A2995 RMK AO2 SLP128 CIG 004V008 T02390228
ATL,2023-07-14 10:52,10.00,500.00,KATL 141052Z 27006KT 10SM BKN005 BKN250 24/23 A2996 RMK AO2 SLP133 CIG 004V006 T02390228
ATL,2023-07-14 11:52,10.00,500.00,KATL 141152Z 25004KT 10SM BKN005 BKN250 24/23 A2996 RMK AO2 SLP133 T02440228 10256 20239 52003
ATL,2023-07-14 12:52,9.00,700.00,KATL 141252Z 28009KT 9SM OVC007 25/22 A2999 RMK AO2 SLP145 BINOVC T02500222
ATL,2023-07-14 13:52,10.00,1200.00,KATL 141352Z 28005KT 10SM SCT012 SCT250 27/23 A3001 RMK AO2 SLP150 T02720228
ATL,2023-07-14 14:52,10.00,1800.00,KATL 141452Z VRB03KT 10SM SCT018 BKN250 28/22 A2999 RMK AO2 SLP143 SCT V BKN MDT CU ALQDS T02780222 50010
ATL,2023-07-14 15:52,10.00,2800.00,KATL 141552Z 26003KT 10SM SCT028 BKN250 29/22 A2999 RMK AO2 SLP144 MDT CU ALQDS T02940222
ATL,2023-07-14 16:52,10.00,3400.00,KATL 141652Z 30006KT 10SM SCT034TCU BKN250 31/22 A3000 RMK AO2 SLP147 TCU N SE SW MDT CU ALQDS T03060222
ATL,2023-07-14 17:52,10.00,3400.00,KATL 141752Z 31006KT 10SM SCT034 BKN250 32/22 A2999 RMK AO2 SLP143 MDT CU ALQDS T03170222 10317 20244 50001 $
ATL,2023-07-14 18:52,10.00,4000.00,KATL 141852Z 32005KT 10SM SCT040TCU BKN250 33/23 A2996 RMK AO2 SLP134 TCU NE SE DSNT W NW MDT CU ALQDS T03280228 $
ATL,2023-07-14 19:52,10.00,4500.00,KATL 141952Z 04005KT 10SM SCT045TCU BKN250 33/21 A2994 RMK AO2 SLP127 TCU SE S MDT CU ALQDS T03330211 $
ATL,2023-07-14 20:52,10.00,4500.00,KATL 142052Z 29008KT 10SM SCT045TCU BKN250 33/22 A2992 RMK AO2 SLP120 TCU NE-SE-S MDT CU SW-NW SHRA NE T03280222 56022 $
ATL,2023-07-14 21:52,10.00,4500.00,KATL 142152Z 32006KT 10SM SCT045TCU SCT060 BKN250 33/21 A2992 RMK AO2 SLP120 TCU OHD-S ALQDS T03330211 $
ATL,2023-07-14 22:52,10.00,4500.00,KATL 142252Z 26005KT 10SM TS FEW045CB SCT090 BKN250 32/22 A2993 RMK AO2 TSB52 SLP124 OCNL LTGICCG VC SE-S TS VC SE-S MOV S TCU DSNT NE T03220217 $
ATL,2023-07-14 23:52,10.00,4500.00,KATL 142352Z 23007KT 10SM TS SCT045CB BKN070 BKN200 OVC250 30/22 A2994 RMK AO2 SLP128 OCNL LTGICCG VC S-SW DSNT NE W TS VC S-SW DSNT NE W MOV S TCU OHD-NE T03000222 10339 20300 53007 $
ATL,2023-07-15 00:52,10.00,4000.00,KATL 150052Z 25005KT 10SM TS BKN040CB BKN070 BKN200 OVC250 29/22 A2997 RMK AO2 SLP139 FRQ LTGICCG VC E-SE DSNT NE TS VC E-SE DSNT NE MOV SE T02890222 $
ATL,2023-07-15 01:52,10.00,3500.00,KATL 150152Z 23003KT 10SM FEW035 SCT070 BKN200 BKN250 28/22 A2997 RMK AO2 TSE37 SLP137 LTG DSNT NE CB DSNT NE T02830222 $
ATL,2023-07-15 02:52,10.00,15000.00,KATL 150252Z 00000KT 10SM FEW150 BKN200 BKN250 28/22 A2996 RMK AO2 SLP134 T02780222 50006 $
ATL,2023-07-15 03:52,10.00,15000.00,KATL 150352Z 09008KT 10SM FEW150 BKN200 BKN250 26/22 A2994 RMK AO2 SLP126 T02610217 $
ATL,2023-07-15 04:52,10.00,20000.00,KATL 150452Z 11006KT 10SM BKN200 BKN250 26/21 A2993 RMK AO2 SLP124 T02610211 403390239 $
ATL,2023-07-15 05:52,10.00,20000.00,KATL 150552Z 00000KT 10SM SCT200 SCT250 26/21 A2994 RMK AO2 SLP126 T02560211 10300 20256 55007 $
ATL,2023-07-15 06:52,10.00,18000.00,KATL 150652Z 28007KT 10SM SCT180 SCT250 25/22 A2996 RMK AO2 SLP132 T02500217 $
ATL,2023-07-15 07:52,10.00,18000.00,KATL 150752Z 29005KT 10SM BKN180 BKN250 25/22 A2995 RMK AO2 SLP129 T02500217 $
ATL,2023-07-15 08:52,10.00,3400.00,KATL 150852Z 00000KT 10SM SCT034 SCT180 SCT250 25/22 A2994 RMK AO2 SLP127 T02500217 50001 $
ATL,2023-07-15 09:52,10.00,2400.00,KATL 150952Z 00000KT 10SM SCT024 SCT180 SCT250 25/22 A2995 RMK AO2 SLP130 T02500217 $
ATL,2023-07-15 10:52,10.00,2400.00,KATL 151052Z 28003KT 10SM FEW024 FEW150 SCT200 SCT250 25/22 A2997 RMK AO2 SLP135 T02500222 $
ATL,2023-07-15 11:52,10.00,20000.00,KATL 151152Z 25003KT 10SM FEW200 SCT250 26/23 A2997 RMK AO2 SLP138 T02610228 10261 20250 51010 $
ATL,2023-07-15 12:52,10.00,25000.00,KATL 151252Z 00000KT 10SM SCT250 27/23 A2997 RMK AO2 SLP137 T02720233 $
ATL,2023-07-15 13:52,8.00,10000.00,KATL 151352Z 21006KT 8SM SCT100 BKN250 29/23 A2998 RMK AO2 SLP138 T02940233 $
ATL,2023-07-15 14:52,10.00,2700.00,KATL 151452Z 25009KT 10SM FEW027 SCT043 SCT100 BKN250 31/23 A2997 RMK AO2 SLP136 T03060233 50000 $
ATL,2023-07-15 15:52,10.00,3500.00,KATL 151552Z 23009G17KT 10SM SCT035 SCT050 SCT150 BKN250 32/22 A2998 RMK AO2 SLP138 MDT CU SE AND DSNT W-N T03170222 $
ATL,2023-07-15 16:52,10.00,3700.00,KATL 151652Z 28010KT 10SM SCT037TCU SCT050 SCT150 BKN250 32/22 A2997 RMK AO2 SLP135 TCU OHD MDT CU DSNT SE AND W-N T03220222 $
ATL,2023-07-15 17:52,10.00,3700.00,KATL 151752Z 26007KT 10SM SCT037 SCT050 BKN150 BKN250 32/23 A2994 RMK AO2 SLP125 MDT CU DSNT W AND N T03220228 10333 20261 58012 $
ATL,2023-07-15 18:52,10.00,4100.00,KATL 151852Z 23012G19KT 10SM SCT041TCU BKN050 BKN150 BKN250 33/22 A2993 RMK AO2 SLP122 TCU SE-W MDT CU ALQDS T03280222 $
ATL,2023-07-15 19:52,10.00,4400.00,KATL 151952Z 26011G20KT 10SM SCT044TCU SCT060 BKN150 BKN250 33/22 A2991 RMK AO2 SLP115 TCU SE-S MDT CU ALQDS T03330222 $
ATL,2023-07-15 20:52,10.00,4500.00,KATL 152052Z 27012G21KT 10SM SCT045 SCT060 SCT150 BKN250 33/21 A2988 RMK AO2 SLP106 CB DSNT NE AND E TCU DSNT SE T03330211 58017 $
ATL,2023-07-15 21:52,10.00,4500.00,KATL 152152Z 28016G25KT 10SM SCT045 SCT250 32/21 A2988 RMK AO2 PK WND 28027/2059 SLP106 CB DSNT NE E MDT CU ALQDS T03220211 $
ATL,2023-07-15 22:52,10.00,4500.00,KATL 152252Z 31013KT 10SM SCT045 BKN250 31/21 A2989 RMK AO2 PK WND 28026/2204 SLP110 MDT CU ALQDS T03110211 $
ATL,2023-07-15 23:52,10.00,4400.00,KATL 152352Z 26010KT 10SM FEW044 FEW055 BKN250 30/22 A2989 RMK AO2 SLP110 TCU DSNT E SE MDT CU NW-NE-E T03000217 10339 20300 53003 $
ATL,2023-07-16 00:52,10.00,4000.00,KATL 160052Z 29008KT 10SM FEW040 SCT055 BKN250 29/22 A2991 RMK AO2 SLP115 MDT CU N-NE SE-SW T02890217 $
ATL,2023-07-16 01:52,10.00,4400.00,KATL 160152Z 27008KT 10SM SCT044 SCT250 28/22 A2993 RMK AO2 SLP122 T02830217 $
ATL,2023-07-16 02:52,10.00,4000.00,KATL 160252Z 27008KT 10SM FEW040 FEW250 27/22 A2995 RMK AO2 SLP131 T02720217 53020 $
ATL,2023-07-16 03:52,10.00,4200.00,KATL 160352Z 27009KT 10SM SCT042 27/22 A2997 RMK AO2 SLP134 T02670217 $
ATL,2023-07-16 04:52,10.00,4300.00,KATL 160452Z 27010KT 10SM FEW043 26/21 A2997 RMK AO2 SLP135 T02610211 403390250 $
ATL,2023-07-16 05:52,10.00,4300.00,KATL 160552Z 27007KT 10SM FEW043 25/22 A2997 RMK AO2 SLP137 T02500217 10300 20250 51006 $
ATL,2023-07-16 06:52,10.00,4300.00,KATL 160652Z 27008KT 10SM FEW043 24/22 A2995 RMK AO2 SLP130 T02440217 $
ATL,2023-07-16 07:52,10.00,4300.00,KATL 160752Z 28007KT 10SM FEW043 FEW250 24/22 A2994 RMK AO2 SLP126 T02390217 $
ATL,2023-07-16 08:52,10.00,4300.00,KATL 160852Z 28008KT 10SM FEW043 FEW250 24/22 A2994 RMK AO2 SLP125 T02390217 56011 $
ATL,2023-07-16 09:52,10.00,4300.00,KATL 160952Z 28009KT 10SM FEW043 FEW250 23/22 A2995 RMK AO2 SLP130 T02330217 $
ATL,2023-07-16 10:52,10.00,700.00,KATL 161052Z 27006KT 10SM FEW007 FEW043 FEW250 23/22 A2997 RMK AO2 SLP137 T02330217 $
ATL,2023-07-16 11:52,10.00,600.00,KATL 161152Z 29008KT 10SM FEW006 SCT200 BKN250 24/22 A2998 RMK AO2 SLP142 VIRGA S-W T02390222 10250 20228 53015 $
ATL,2023-07-16 12:52,10.00,1200.00,KATL 161252Z 28007KT 10SM FEW012 FEW045 SCT150 BKN250 26/22 A3000 RMK AO2 SLP148 VIRGA OHD-S-W T02610222 $
ATL,2023-07-16 13:52,10.00,1800.00,KATL 161352Z 33008KT 10SM SCT018 SCT044 BKN140 BKN200 27/22 A3001 RMK AO2 SLP151 T02670222 $
ATL,2023-07-16 14:52,10.00,2000.00,KATL 161452Z 31009KT 10SM FEW020 SCT045 SCT140 BKN200 29/22 A3001 RMK AO2 SLP151 T02940222 50009 $
ATL,2023-07-16 15:52,10.00,3100.00,KATL 161552Z 33005KT 10SM FEW031 SCT047 SCT200 31/22 A3001 RMK AO2 SLP151 T03060217 $
ATL,2023-07-16 16:52,10.00,3900.00,KATL 161652Z 31005G15KT 10SM SCT039 SCT200 31/21 A3001 RMK AO2 SLP151 MDT CU DSNT NE AND SW-NW T03060211 $
ATL,2023-07-16 17:52,10.00,4300.00,KATL 161752Z 31008KT 10SM SCT043 SCT055 BKN250 32/21 A3000 RMK AO2 SLP148 MDT CU DSNT SE-NW T03220206 10322 20239 58002 $
ATL,2023-07-16 18:52,10.00,5000.00,KATL 161852Z 33008KT 10SM SCT050 SCT250 33/19 A2998 RMK AO2 SLP139 MDT CU DSNT SE AND SW-W T03280194 $
ATL,2023-07-16 19:52,10.00,6000.00,KATL 161952Z 33011G17KT 10SM SCT060 SCT250 33/18 A2997 RMK AO2 SLP136 MDT CU DSNT SE-S T03330178 $
ATL,2023-07-16 20:52,10.00,6000.00,KATL 162052Z 35010KT 10SM SCT060 SCT250 34/18 A2996 RMK AO2 SLP134 T03390178 56014 $
ATL,2023-07-16 21:52,10.00,5500.00,KATL 162152Z 31010KT 10SM FEW055 FEW250 33/18 A2996 RMK AO2 SLP134 MDT CU DSNT SE NW T03280178 $
ATL,2023-07-16 22:52,10.00,5500.00,KATL 162252Z 32008KT 10SM FEW055 BKN250 32/18 A2996 RMK AO2 SLP134 MDT CU E T03220183 $
ATL,2023-07-16 23:52,9.00,5500.00,KATL 162352Z 33009KT 9SM FEW055 FEW200 BKN250 31/18 A2996 RMK AO2 SLP134 T03060183 10344 20306 58001 $
ATL,2023-07-17 00:52,9.00,25000.00,KATL 170052Z 34006KT 9SM SCT250 30/19 A2999 RMK AO2 SLP144 T03000189 $
ATL,2023-07-17 01:52,9.00,25000.00,KATL 170152Z 33007KT 9SM FEW250 28/19 A3003 RMK AO2 SLP157 T02830194 $
ATL,2023-07-17 02:52,8.00,25000.00,KATL 170252Z 34009KT 8SM SCT250 28/20 A3004 RMK AO2 SLP162 T02780200 51028 $
ATL,2023-07-17 03:52,8.00,25000.00,KATL 170352Z 35009KT 8SM BKN250 27/19 A3004 RMK AO2 SLP159 T02720194 $
ATL,2023-07-17 04:52,8.00,20000.00,KATL 170452Z 33006KT 8SM FEW200 BKN250 27/19 A3004 RMK AO2 SLP159 T02670194 403440228 $
ATL,2023-07-17 05:52,8.00,20000.00,KATL 170552Z 30003KT 8SM FEW200 BKN250 26/19 A3002 RMK AO2 SLP153 T02560194 10311 20256 58008 $
ATL,2023-07-17 06:52,8.00,20000.00,KATL 170652Z 27004KT 8SM FEW200 BKN250 24/20 A3000 RMK AO2 SLP148 T02390200 $
ATL,2023-07-17 07:52,8.00,25000.00,KATL 170752Z 29004KT 8SM SCT250 23/20 A3000 RMK AO2 SLP146 T02330200 $
ATL,2023-07-17 08:52,7.00,25000.00,KATL 170852Z 26004KT 7SM SCT250 23/19 A2999 RMK AO2 SLP145 T02280194 56008 $
ATL,2023-07-17 09:52,7.00,25000.00,KATL 170952Z 30003KT 7SM SCT250 22/19 A3000 RMK AO2 SLP147 T02220194 $
ATL,2023-07-17 10:52,5.00,25000.00,KATL 171052Z 27005KT 5SM BR FU FEW250 22/19 A3001 RMK AO2 SLP150 T02170194
ATL,2023-07-17 11:52,6.00,20000.00,KATL 171152Z 31008KT 6SM HZ FU FEW200 BKN250 23/20 A3003 RMK AO2 SLP158 T02330200 10256 20217 53012
ATL,2023-07-17 12:52,6.00,20000.00,KATL 171252Z 31005KT 6SM HZ FU FEW200 BKN250 24/20 A3005 RMK AO2 SLP165 T02390200
ATL,2023-07-17 13:52,6.00,18000.00,KATL 171352Z 33004KT 6SM HZ FU BKN180 BKN250 25/20 A3007 RMK AO2 SLP171 T02500200
ATL,2023-07-17 14:52,6.00,18000.00,KATL 171452Z 32006KT 6SM HZ FU BKN180 OVC250 27/19 A3008 RMK AO2 SLP175 T02670194 51016
ATL,2023-07-17 15:52,6.00,18000.00,KATL 171552Z 32005KT 6SM HZ FU SCT180 BKN250 28/19 A3009 RMK AO2 SLP176 T02780194
ATL,2023-07-17 16:52,5.00,18000.00,KATL 171652Z 33010KT 5SM HZ FU FEW180 SCT250 31/18 A3008 RMK AO2 SLP173 T03060183
ATL,2023-07-17 17:52,5.00,18000.00,KATL 171752Z 33008G14KT 5SM HZ FU FEW180 SCT250 32/18 A3007 RMK AO2 SLP169 T03170178 10317 20228 58005
ATL,2023-07-17 18:52,4.00,18000.00,KATL 171852Z 32007KT 4SM HZ FU BKN180 BKN250 31/17 A3005 RMK AO2 SLP163 T03110167
ATL,2023-07-17 19:52,5.00,18000.00,KATL 171952Z 33008KT 5SM HZ FU FEW180 SCT250 32/16 A3003 RMK AO2 SLP158 T03220161
ATL,2023-07-17 20:52,5.00,25000.00,KATL 172052Z 32009KT 5SM HZ FU FEW250 32/14 A3002 RMK AO2 SLP154 T03220144 56015
ATL,2023-07-17 21:52,5.00,25000.00,KATL 172152Z 34004KT 5SM HZ FU FEW250 32/15 A3001 RMK AO2 SLP153 T03220150
ATL,2023-07-17 22:52,5.00,25000.00,KATL 172252Z 32007KT 5SM HZ FU FEW250 32/16 A3001 RMK AO2 SLP152 T03220156
ATL,2023-07-17 23:52,5.00,25000.00,KATL 172352Z 00000KT 5SM HZ FU FEW250 31/16 A3003 RMK AO2 SLP157 T03110156 10328 20311 53003
ATL,2023-07-18 00:52,5.00,25000.00,KATL 180052Z 28004KT 5SM HZ FU FEW250 29/17 A3006 RMK AO2 SLP167 T02890172
ATL,2023-07-18 01:52,6.00,25000.00,KATL 180152Z 24003KT 6SM HZ FU FEW250 28/17 A3006 RMK AO2 SLP168 T02830172
ATL,2023-07-18 02:52,6.00,25000.00,KATL 180252Z 28003KT 6SM HZ FU FEW250 27/18 A3007 RMK AO2 SLP172 T02670178 51015
ATL,2023-07-18 03:52,6.00,25000.00,KATL 180352Z 00000KT 6SM HZ FU FEW250 25/19 A3007 RMK AO2 SLP170 T02500189
ATL,2023-07-18 04:52,5.00,M,KATL 180452Z 28003KT 5SM HZ FU CLR 25/18 A3007 RMK AO2 SLP170 T02500183 403280217
ATL,2023-07-18 05:52,5.00,M,KATL 180552Z 26003KT 5SM HZ FU CLR 24/18 A3006 RMK AO2 SLP169 T02440183 10311 20239 56003
ATL,2023-07-18 06:52,5.00,M,KATL 180652Z 00000KT 5SM HZ FU CLR 24/19 A3006 RMK AO2 SLP166 T02390189
ATL,2023-07-18 07:52,4.00,M,KATL 180752Z 00000KT 4SM HZ FU CLR 23/19 A3005 RMK AO2 SLP165 T02280189
ATL,2023-07-18 08:52,4.00,25000.00,KATL 180852Z 31005KT 4SM HZ FU FEW250 23/19 A3005 RMK AO2 SLP164 T02330194 56005
ATL,2023-07-18 09:52,4.00,25000.00,KATL 180952Z 00000KT 4SM HZ FU FEW250 23/19 A3006 RMK AO2 SLP166 T02280194
ATL,2023-07-18 10:52,4.00,25000.00,KATL 181052Z 00000KT 4SM HZ FU FEW250 23/19 A3007 RMK AO2 SLP172 T02330194
ATL,2023-07-18 11:52,4.00,25000.00,KATL 181152Z 32004KT 4SM HZ FU FEW250 24/20 A3009 RMK AO2 SLP178 T02440200 10244 20228 53013
ATL,2023-07-18 12:52,4.00,M,KATL 181252Z 31004KT 4SM HZ FU CLR 26/21 A3011 RMK AO2 SLP186 T02560206
ATL,2023-07-18 13:52,4.00,M,KATL 181352Z 32009KT 4SM HZ FU CLR 28/21 A3014 RMK AO2 SLP193 T02780211
ATL,2023-07-18 14:52,4.00,M,KATL 181452Z 30006KT 4SM HZ FU CLR 29/21 A3015 RMK AO2 SLP198 T02940211 51020
ATL,2023-07-18 15:52,4.00,4000.00,KATL 181552Z 31009KT 4SM HZ FU FEW040 31/21 A3014 RMK AO2 SLP195 T03110206
ATL,2023-07-18 16:52,5.00,4100.00,KATL 181652Z COR 30007KT 5SM HZ FU FEW041 31/20 A3013 RMK AO2 SLP190 T03110200
ATL,2023-07-18 17:52,5.00,4300.00,KATL 181752Z 30006KT 5SM HZ FU FEW043 33/21 A3011 RMK AO2 SLP183 T03280206 10328 20244 58015
ATL,2023-07-18 18:52,5.00,5000.00,KATL 181852Z 26008KT 5SM HZ FU FEW050 33/19 A3010 RMK AO2 SLP181 T03280194
ATL,2023-07-18 19:52,6.00,5500.00,KATL 181952Z 27009KT 6SM HZ FU FEW055 FEW250 33/20 A3010 RMK AO2 SLP180 T03330200
ATL,2023-07-18 20:52,6.00,5500.00,KATL 182052Z 27007KT 6SM HZ FU FEW055 SCT250 33/20 A3006 RMK AO2 SLP168 T03330200 58015
ATL,2023-07-18 21:52,7.00,25000.00,KATL 182152Z 25004KT 7SM BKN250 33/19 A3006 RMK AO2 SLP166 T03280194
ATL,2023-07-18 22:52,7.00,25000.00,KATL 182252Z 27008KT 7SM BKN250 32/20 A3007 RMK AO2 SLP169 T03220200
ATL,2023-07-18 23:52,8.00,15000.00,KATL 182352Z 26007KT 8SM FEW150 SCT200 BKN250 31/20 A3007 RMK AO2 SLP171 T03110200 10339 20311 53004
ATL,2023-07-19 00:52,7.00,15000.00,KATL 190052Z 23005KT 7SM FEW150 BKN200 BKN250 31/21 A3007 RMK AO2 SLP172 T03060206
ATL,2023-07-19 01:52,8.00,10000.00,KATL 190152Z 24007KT 8SM FEW100 BKN200 BKN250 30/21 A3009 RMK AO2 LTG DSNT W SLP177 CB DSNT SW-W T03000206
ATL,2023-07-19 02:52,8.00,13000.00,KATL 190252Z 20007KT 8SM BKN130 OVC200 29/22 A3010 RMK AO2 SLP179 T02890217 53008
ATL,2023-07-19 03:52,10.00,11000.00,KATL 190352Z 27008G18KT 10SM SCT110 BKN150 OVC250 27/19 A3013 RMK AO2 RAB09E18 SLP190 P0000 T02720194
ATL,2023-07-19 04:52,10.00,12000.00,KATL 190452Z 27008KT 10SM FEW120 SCT150 OVC250 26/18 A3014 RMK AO2 SLP194 T02610183 403390228
ATL,2023-07-19 05:52,10.00,12000.00,KATL 190552Z 27005KT 10SM FEW120 BKN250 25/18 A3011 RMK AO2 SLP184 60000 T02500178 10311 20250 50003
ATL,2023-07-19 06:52,10.00,12000.00,KATL 190652Z 21007KT 10SM FEW120 BKN250 24/18 A3004 RMK AO2 SLP160 T02440178
ATL,2023-07-19 07:52,10.00,10000.00,KATL 190752Z 33010KT 10SM SCT100 BKN250 25/18 A3007 RMK AO2 WSHFT 0721 RAB04E13 SLP171 P0000 T02500178
ATL,2023-07-19 08:52,10.00,10000.00,KATL 190852Z 33006KT 10SM FEW100 BKN140 BKN250 25/18 A3010 RMK AO2 SLP178 60000 T02500183 55004
ATL,2023-07-19 09:52,10.00,10000.00,KATL 190952Z 28003KT 10SM FEW100 BKN140 BKN180 BKN250 24/18 A3011 RMK AO2 SLP184 T02440183
ATL,2023-07-19 10:52,10.00,10000.00,KATL 191052Z 29003KT 10SM SCT100 BKN140 BKN180 BKN250 24/18 A3013 RMK AO2 SLP190 ACC SW-NW T02440183
ATL,2023-07-19 11:52,10.00,10000.00,KATL 191152Z 30007KT 10SM FEW100 SCT140 BKN200 BKN250 24/19 A3014 RMK AO2 SLP195 ACC SW-NW 60000 T02440189 10256 20244 53016
ATL,2023-07-19 12:52,10.00,10000.00,KATL 191252Z 24003KT 10SM FEW100 FEW150 SCT200 SCT250 27/19 A3015 RMK AO2 SLP196 T02670189
ATL,2023-07-19 13:52,10.00,15000.00,KATL 191352Z 25005KT 10SM FEW150 SCT200 BKN250 28/19 A3015 RMK AO2 SLP195 T02830194
ATL,2023-07-19 14:52,10.00,8500.00,KATL 191452Z 27007KT 10SM FEW085 FEW150 SCT200 BKN250 31/20 A3015 RMK AO2 SLP196 ACC NE T03060200 52002
ATL,2023-07-19 15:52,10.00,3800.00,KATL 191552Z 28009KT 10SM FEW038 FEW120 SCT200 BKN250 32/21 A3016 RMK AO2 SLP199 T03170206
ATL,2023-07-19 16:52,10.00,4400.00,KATL 191652Z 21008KT 10SM FEW044 FEW110 SCT200 BKN250 32/20 A3014 RMK AO2 SLP195 ACC N T03170200
ATL,2023-07-19 17:52,10.00,100.00,KATL 191752Z 28008KT 10SM FEW001 FEW050 SCT110 SCT200 BKN250 34/21 A3015 RMK AO2 SLP198 FU FEW001 FU PLUME S ACC NW-NE T03390206 10339 20244 53002
ATL,2023-07-19 18:52,10.00,4600.00,KATL 191852Z 34015G24KT 10SM FEW046 SCT120 BKN200 BKN250 32/22 A3018 RMK AO2 SLP210 ACC NE-OHD-SW T03170217
ATL,2023-07-19 19:52,10.00,4800.00,KATL 191952Z 32013KT 10SM FEW048 FEW140 SCT200 BKN250 32/21 A3018 RMK AO2 SLP209 CB DSNT E SE T03220206
ATL,2023-07-19 20:52,10.00,4800.00,KATL 192052Z 24007KT 10SM FEW048 SCT150 BKN180 BKN250 30/20 A3012 RMK AO2 SLP189 CB DSNT SE-S T03000200 58010
ATL,2023-07-19 21:52,10.00,15000.00,KATL 192152Z 31006KT 10SM FEW150 BKN200 BKN250 31/21 A3012 RMK AO2 SLP186 T03110206
ATL,2023-07-19 22:52,10.00,15000.00,KATL 192252Z VRB05KT 10SM FEW150 SCT200 BKN250 31/21 A3011 RMK AO2 SLP183 T03110206
ATL,2023-07-19 23:52,10.00,15000.00,KATL 192352Z 23005KT 10SM FEW150 SCT200 BKN250 31/21 A3011 RMK AO2 SLP183 T03060206 10344 20300 56005
ATL,2023-07-20 00:52,10.00,15000.00,KATL 200052Z 20004KT 10SM FEW150 SCT200 BKN250 30/21 A3011 RMK AO2 SLP183 T03000211
ATL,2023-07-20 01:52,10.00,15000.00,KATL 200152Z 21003KT 10SM FEW150 SCT200 BKN250 29/21 A3012 RMK AO2 SLP188 T02890211
ATL,2023-07-20 02:52,10.00,20000.00,KATL 200252Z 21003KT 10SM FEW200 BKN250 28/22 A3014 RMK AO2 SLP194 T02780217 53012
ATL,2023-07-20 03:52,10.00,20000.00,KATL 200352Z 21003KT 10SM FEW200 BKN250 27/22 A3015 RMK AO2 SLP196 T02720222
ATL,2023-07-20 04:52,10.00,15000.00,KATL 200452Z 22003KT 10SM FEW150 SCT250 26/22 A3014 RMK AO2 SLP196 T02610222 403440244
ATL,2023-07-20 05:52,10.00,15000.00,KATL 200552Z 00000KT 10SM FEW150 SCT250 27/22 A3013 RMK AO2 SLP191 T02670222 10311 20261 58002
ATL,2023-07-20 06:52,10.00,25000.00,KATL 200652Z 28005KT 10SM SCT250 26/22 A3012 RMK AO2 SLP188 T02610222
ATL,2023-07-20 07:52,10.00,25000.00,KATL 200752Z 27004KT 10SM SCT250 26/22 A3012 RMK AO2 SLP188 T02560222
ATL,2023-07-20 08:52,10.00,25000.00,KATL 200852Z 25003KT 10SM SCT250 26/22 A3012 RMK AO2 SLP187 T02610222 56005
ATL,2023-07-20 09:52,10.00,25000.00,KATL 200952Z 27005KT 10SM SCT250 26/22 A3013 RMK AO2 SLP189 T02560222
ATL,2023-07-20 10:52,10.00,18000.00,KATL 201052Z 23003KT 10SM BKN180 BKN250 26/22 A3013 RMK AO2 SLP191 T02560222
ATL,2023-07-20 11:52,10.00,15000.00,KATL 201152Z 24005KT 10SM BKN150 BKN250 27/23 A3012 RMK AO2 SLP187 T02670228 10267 20250 58001 $
ATL,2023-07-20 12:52,10.00,15000.00,KATL 201252Z 27008KT 10SM FEW150 FEW250 28/23 A3011 RMK AO2 SLP185 T02830233
ATL,2023-07-20 13:52,9.00,15000.00,KATL 201352Z 28009KT 9SM FEW150 FEW200 SCT250 31/23 A3010 RMK AO2 SLP181 T03060233
ATL,2023-07-20 14:52,8.00,2600.00,KATL 201452Z 29010KT 8SM FEW026 FEW150 SCT200 SCT250 32/24 A3011 RMK AO2 SLP182 T03170239 55004
ATL,2023-07-20 15:52,8.00,3300.00,KATL 201552Z 27012G21KT 8SM FEW033 SCT150 SCT200 BKN250 32/23 A3011 RMK AO2 SLP182 T03220233
ATL,2023-07-20 16:52,9.00,3600.00,KATL 201652Z 29009G17KT 9SM SCT036 SCT150 BKN200 BKN250 33/23 A3010 RMK AO2 SLP180 T03280233
ATL,2023-07-20 17:52,9.00,4200.00,KATL 201752Z 30013G18KT 9SM FEW042 SCT150 SCT200 BKN250 34/23 A3009 RMK AO2 SLP176 MDT CU ALQDS T03440228 10344 20267 58005
ATL,2023-07-20 18:52,10.00,5000.00,KATL 201852Z 26011G18KT 10SM FEW050 SCT200 SCT250 34/21 A3006 RMK AO2 SLP167 MDT CU ALQDS T03440211
ATL,2023-07-20 19:52,10.00,5500.00,KATL 201952Z 25006G20KT 10SM FEW055 SCT200 BKN250 35/21 A3004 RMK AO2 SLP158 T03500211
ATL,2023-07-20 20:52,10.00,6500.00,KATL 202052Z 25015G19KT 10SM FEW065 BKN200 BKN250 35/21 A3003 RMK AO2 SLP155 T03500206 56020
ATL,2023-07-20 21:52,10.00,6500.00,KATL 202152Z 26008G18KT 10SM FEW065 SCT150 BKN200 BKN250 34/21 A3004 RMK AO2 LTG DSNT N SLP159 CB DSNT NW-NE T03390211
ATL,2023-07-20 22:52,5.00,2500.00,KATL 202252Z 36032G42KT 5SM -TSRA FEW025CB SCT040 BKN060 BKN150 OVC200 27/19 A3010 RMK AO2 PK WND 36042/2251 WSHFT 2226 RAB44 TSB35 SLP182 VIS LWR N-E OCNL LTGICCG NE-OHD-W TS NE-OHD-W MOV SE P0000 T02670194
ATL,2023-07-20 23:52,10.00,6000.00,KATL 202352Z 01006KT 10SM FEW060 SCT110 BKN150 OVC200 24/21 A3008 RMK AO2 PK WND 02039/2253 WSHFT 2239 RAE32 TSE32 SLP176 LTG DSNT SE CB DSNT SE SW P0000 60000 T02440206 10356 20239 50017
ATL,2023-07-21 00:52,10.00,6000.00,KATL 210052Z 17006KT 10SM FEW060 SCT110 BKN140 OVC200 24/21 A3004 RMK AO2 SLP161 T02390206
ATL,2023-07-21 01:52,10.00,1000.00,KATL 210152Z 20003KT 10SM FEW010 SCT150 BKN200 OVC250 23/21 A3007 RMK AO2 RAB01E10 SLP170 P0000 T02330211
ATL,2023-07-21 02:52,10.00,15000.00,KATL 210252Z 20006KT 10SM BKN150 BKN200 OVC250 23/21 A3004 RMK AO2 SLP161 60000 T02330211 56013
ATL,2023-07-21 03:52,10.00,15000.00,KATL 210352Z 23005KT 10SM SCT150 BKN200 BKN250 23/21 A3003 RMK AO2 SLP158 T02330211
ATL,2023-07-21 04:52,10.00,3500.00,KATL 210452Z 21004KT 10SM FEW035 SCT150 BKN200 BKN250 23/21 A3001 RMK AO2 SLP151 T02330206 403560233
ATL,2023-07-21 05:52,10.00,3300.00,KATL 210552Z 22005KT 10SM FEW033 SCT045 BKN200 BKN250 23/20 A3001 RMK AO2 SLP149 60000 T02330200 10244 20233 56011
ATL,2023-07-21 06:52,10.00,3300.00,KATL 210652Z 23005KT 10SM SCT033 BKN045 BKN250 24/20 A3000 RMK AO2 SLP145 T02390200
ATL,2023-07-21 07:52,10.00,3200.00,KATL 210752Z 23005KT 10SM SCT032 SCT048 BKN250 24/20 A2999 RMK AO2 SLP142 T02390200 $
ATL,2023-07-21 08:52,10.00,3500.00,KATL 210852Z 22005KT 10SM FEW035 BKN250 24/20 A2998 RMK AO2 SLP138 T02390200 58010 $
ATL,2023-07-21 09:52,10.00,1500.00,KATL 210952Z 27006KT 10SM SCT015 SCT035 BKN140 BKN200 24/21 A2999 RMK AO2 LTG DSNT NE SLP144 CB DSNT N AND NE T02440206 $
ATL,2023-07-21 10:52,10.00,1300.00,KATL 211052Z 28005KT 10SM FEW013 SCT042 BKN150 BKN250 24/21 A3002 RMK AO2 LTG DSNT N AND NW SLP157 CB DSNT N AND NW T02390206 $
ATL,2023-07-21 11:52,10.00,1200.00,KATL 211152Z 30005KT 10SM FEW012 SCT022 SCT029 BKN150 BKN250 24/21 A3002 RMK AO2 LTG DSNT N AND NE SLP156 VIRGA N-NE CB DSNT N AND NE T02390211 10244 20233 50014 $
ATL,2023-07-21 12:52,10.00,2000.00,KATL 211252Z 28006KT 10SM FEW020 SCT030 BKN140 BKN250 27/23 A3000 RMK AO2 SLP149 T02670228
ATL,2023-07-21 13:52,10.00,2300.00,KATL 211352Z 29008KT 10SM FEW023 SCT037 BKN150 BKN250 28/23 A3000 RMK AO2 SLP148 CB DSNT NW AND N T02780233
ATL,2023-07-21 14:52,10.00,1600.00,KATL 211452Z 29008KT 10SM FEW016 SCT037 SCT095 BKN150 BKN250 29/24 A3000 RMK AO2 SLP148 T02940239 55006
ATL,2023-07-21 15:52,10.00,2100.00,KATL 211552Z 28010KT 10SM FEW021 SCT038 SCT100 BKN160 BKN250 31/23 A3001 RMK AO2 SLP150 MDT CU DSNT W T03110228
ATL,2023-07-21 16:52,10.00,2300.00,KATL 211652Z 30012G19KT 10SM FEW023 SCT040 SCT100 BKN160 BKN250 32/22 A2999 RMK AO2 SLP143 MDT CU DSNT SE AND W T03220217
ATL,2023-07-21 17:52,10.00,2800.00,KATL 211752Z 27009G17KT 10SM SCT028 SCT044 SCT110 BKN160 BKN250 33/22 A2997 RMK AO2 SLP137 MDT CU DSNT SE AND SW-NW T03330222 10339 20239 58009
ATL,2023-07-21 18:52,10.00,3100.00,KATL 211852Z 25016G20KT 10SM SCT031 SCT044 SCT110 BKN160 BKN250 33/22 A2996 RMK AO2 SLP131 MDT CU DSNT SE-NW T03330217
ATL,2023-07-21 19:52,10.00,4400.00,KATL 211952Z 26009G17KT 10SM SCT044 SCT055 BKN110 BKN160 BKN250 33/22 A2994 RMK AO2 SLP127 VIRGA DSNT SW MDT CU DSNT ALQDS T03280217
ATL,2023-07-21 20:52,10.00,3400.00,KATL 212052Z COR 24010G20KT 10SM FEW034 SCT044TCU SCT110 BKN180 BKN250 33/23 A2992 RMK AO2 SLP118 TCU OHD-NE-E CB DSNT N AND NW T03280228 58019
ATL,2023-07-21 21:52,10.00,3500.00,KATL 212152Z 24012KT 10SM TS SCT035CB SCT110 BKN200 BKN250 34/22 A2991 RMK AO2 SLP116 OCNL LTGICCG VC NW-NE TS VC NW-NE MOV SE TCU SE-OHD-NW T03390222
ATL,2023-07-21 22:52,10.00,3500.00,KATL 212252Z 04013G25KT 10SM TS FEW035CB SCT070 SCT150 BKN200 BKN250 29/20 A2992 RMK AO2 SLP119 OCNL LTGICCG VC NW-NE TS VC NW-NE MOV SE TCU NE-SE T02890200
ATL,2023-07-21 23:52,7.00,3500.00,KATL 212352Z 35011KT 7SM -TSRA SCT035CB BKN050 BKN070 BKN200 27/22 A2996 RMK AO2 RAB44 SLP135 OCNL LTGICCG VC NE-E TS VC NE-E MOV SE CB NE-E SE DSNT W-NW P0000 60000 T02720217 10344 20272 53015
ATL,2023-07-22 00:52,9.00,2000.00,KATL 220052Z 31013KT 9SM -TSRA FEW020CB BKN040 BKN090 OVC200 24/21 A3001 RMK AO2 PK WND 34035/0009 RAE2358B15 PRESRR SLP151 OCNL LTGICCA VC N-NE SE-S TS VC N-NE SE-S MOV SE P0011 T02390211
ATL,2023-07-22 01:52,9.00,9000.00,KATL 220152Z 01010KT 9SM -RA BKN090 BKN120 OVC150 23/21 A2994 RMK AO2 PK WND 32032/0113 TSE23 PRESFR SLP129 LTG DSNT SE CB DSNT SE P0002 T02280206
ATL,2023-07-22 02:52,10.00,15000.00,KATL 220252Z 08005KT 10SM SCT150 BKN200 BKN250 23/21 A2992 RMK AO2 RAE23 SLP121 P0000 60013 T02280206 58013
ATL,2023-07-22 03:52,10.00,18000.00,KATL 220352Z 26005KT 10SM BKN180 BKN250 22/21 A2994 RMK AO2 SLP127 T02220211
ATL,2023-07-22 04:52,10.00,15000.00,KATL 220452Z 23006KT 10SM FEW150 SCT250 22/21 A2990 RMK AO2 SLP112 T02220206 403440222
ATL,2023-07-22 05:52,10.00,13000.00,KATL 220552Z 23007KT 10SM SCT130 BKN200 BKN250 22/20 A2993 RMK AO2 SLP124 60013 T02170200 10272 20217 53004
ATL,2023-07-22 06:52,10.00,13000.00,KATL 220652Z 26006KT 10SM SCT130 SCT180 BKN220 22/20 A2993 RMK AO2 SLP121 T02170200
ATL,2023-07-22 07:52,10.00,14000.00,KATL 220752Z 30007KT 10SM SCT140 SCT180 BKN220 22/20 A2992 RMK AO2 SLP121 T02170200
ATL,2023-07-22 08:52,10.00,400.00,KATL 220852Z 32006KT 10SM FEW004 BKN130 BKN180 BKN220 22/20 A2992 RMK AO2 SLP120 T02170200 56005
ATL,2023-07-22 09:52,10.00,400.00,KATL 220952Z 22003KT 10SM FEW004 BKN110 BKN180 22/20 A2993 RMK AO2 LTG DSNT NW SLP122 CB DSNT NW T02170200
ATL,2023-07-22 10:52,10.00,400.00,KATL 221052Z 27004KT 10SM FEW004 SCT060 BKN090 BKN130 BKN200 22/20 A2994 RMK AO2 LTG DSNT NE SLP126 CB DSNT NE SHRA NW-NE T02170200
ATL,2023-07-22 11:52,10.00,500.00,KATL 221152Z 30004KT 10SM FEW005 SCT065 SCT090 BKN130 BKN200 22/20 A2994 RMK AO2 SLP127 SHRA NW 70013 T02220200 10228 20217 51006
ATL,2023-07-22 12:52,7.00,500.00,KATL 221252Z 30009KT 7SM -RA SCT005 SCT037 BKN065 BKN130 BKN200 22/21 A2996 RMK AO2 RAB05E27B45 SLP135 CB DSNT SW P0002 T02220206
ATL,2023-07-22 13:52,8.00,500.00,KATL 221352Z 28011KT 8SM SCT005 SCT039 BKN060 BKN130 BKN200 23/21 A2997 RMK AO2 RAE18 SLP139 CB DSNT SW P0000 T02330211
ATL,2023-07-22 14:52,8.00,700.00,KATL 221452Z 31008KT 8SM SCT007 SCT041TCU BKN060 BKN130 BKN200 24/21 A2996 RMK AO2 RAB00E10B32E47 SLP135 TCU OHD-S-SW CB DSNT SE P0000 60002 T02440211 50007
ATL,2023-07-22 15:52,10.00,1400.00,KATL 221552Z 28007KT 10SM SCT014 SCT022 BKN042 BKN130 26/21 A2998 RMK AO2 SLP142 T02610211
ATL,2023-07-22 16:52,8.00,1800.00,KATL 221652Z 25006KT 8SM -RA SCT018 BKN034 OVC080 24/22 A2997 RMK AO2 RAB28 SLP141 CB DSNT SE P0003 T02440217
ATL,2023-07-22 17:52,10.00,1800.00,KATL 221752Z 32009KT 270V350 10SM SCT018 SCT027 BKN060 BKN130 27/22 A2993 RMK AO2 RAE02 PRESFR SLP124 TCU DSNT E-SW MDT CU ALQDS P0000 60005 T02720217 10278 20222 58010
ATL,2023-07-22 18:52,10.00,2700.00,KATL 221852Z 35014G19KT 10SM SCT027 SCT034 SCT070 BKN140 BKN250 29/21 A2988 RMK AO2 SLP108 MDT CU DSNT ALQDS T02890206
ATL,2023-07-22 19:52,10.00,3100.00,KATL 221952Z VRB05KT 10SM SCT031 SCT042 SCT075 BKN140 BKN250 30/20 A2989 RMK AO2 SLP110 MDT CU DSNT ALQDS T03000200
ATL,2023-07-22 20:52,10.00,3800.00,KATL 222052Z 30008KT 10SM SCT038 SCT055 BKN070 BKN140 29/20 A2991 RMK AO2 SLP117 CB DSNT NE-SE MDT CU ALQDS T02940200 55006
ATL,2023-07-22 21:52,10.00,3600.00,KATL 222152Z 26008KT 10SM SCT036 SCT043 BKN075 29/20 A2991 RMK AO2 SLP119 TCU DSNT E MDT CU ALQDS T02890200
ATL,2023-07-22 22:52,10.00,4200.00,KATL 222252Z 28006KT 10SM FEW042 SCT050 BKN085 BKN250 29/19 A2990 RMK AO2 SLP114 TCU DSNT E-S MDT CU DSNT N T02890194
ATL,2023-07-22 23:52,10.00,3800.00,KATL 222352Z 27007KT 10SM FEW038 SCT048 BKN085 BKN250 28/21 A2991 RMK AO2 SLP118 TCU DSNT SE T02780206 10306 20267 53001
ATL,2023-07-23 00:52,10.00,4000.00,KATL 230052Z 28006KT 10SM FEW040 FEW050 BKN090 BKN200 BKN250 27/21 A2992 RMK AO2 SLP122 TCU DSNT SW T02670206
ATL,2023-07-23 01:52,10.00,4000.00,KATL 230152Z 27005KT 10SM FEW040 FEW050 SCT090 BKN250 26/21 A2992 RMK AO2 SLP123 T02560206
ATL,2023-07-23 02:52,10.00,9000.00,KATL 230252Z 26003KT 10SM FEW090 SCT200 SCT250 25/21 A2994 RMK AO2 SLP127 T02500206 53009
ATL,2023-07-23 03:52,10.00,9000.00,KATL 230352Z 29004KT 10SM FEW090 SCT250 24/21 A2994 RMK AO2 SLP127 T02440206
ATL,2023-07-23 04:52,10.00,25000.00,KATL 230452Z 31006KT 10SM SCT250 24/21 A2994 RMK AO2 SLP130 T02390211 403060217
ATL,2023-07-23 05:52,10.00,25000.00,KATL 230552Z 29005KT 10SM FEW250 23/21 A2994 RMK AO2 SLP129 T02330206 10278 20233 52002
ATL,2023-07-23 06:52,10.00,7500.00,KATL 230652Z 29004KT 10SM BKN075 24/21 A2994 RMK AO2 SLP126 T02390206
ATL,2023-07-23 07:52,10.00,8000.00,KATL 230752Z 28004KT 10SM BKN080 24/20 A2994 RMK AO2 SLP127 T02390200 $
ATL,2023-07-23 08:52,10.00,8000.00,KATL 230852Z 00000KT 10SM SCT080 23/20 A2995 RMK AO2 SLP129 T02280200 53001 $
ATL,2023-07-23 09:52,10.00,7500.00,KATL 230952Z 25003KT 10SM BKN075 23/20 A2996 RMK AO2 SLP135 T02280200 $
ATL,2023-07-23 10:52,10.00,7000.00,KATL 231052Z 26004KT 10SM BKN070 22/20 A2998 RMK AO2 SLP141 T02220200 $
ATL,2023-07-23 11:52,10.00,7000.00,KATL 231152Z 28003KT 10SM BKN070 23/20 A2999 RMK AO2 SLP144 70005 T02280200 10239 20222 51013 $
ATL,2023-07-23 12:52,10.00,7000.00,KATL 231252Z 00000KT 10SM FEW070 25/21 A2999 RMK AO2 SLP145 T02500206 $
ATL,2023-07-23 13:52,10.00,7000.00,KATL 231352Z 31003KT 10SM FEW070 28/20 A2999 RMK AO2 SLP145 T02780200 $
ATL,2023-07-23 14:52,10.00,3500.00,KATL 231452Z 31007KT 10SM FEW035 SCT075 SCT110 29/20 A3000 RMK AO2 SLP149 T02940200 53006 $
ATL,2023-07-23 15:52,10.00,4600.00,KATL 231552Z VRB04KT 10SM SCT046 SCT080 SCT110 30/19 A3001 RMK AO2 SLP150 T03000189 $
ATL,2023-07-23 16:52,10.00,4600.00,KATL 231652Z VRB04KT 10SM SCT046 SCT080 SCT200 31/18 A2999 RMK AO2 SLP144 MDT CU DSNT E-SE AND SW T03060178 $
ATL,2023-07-23 17:52,10.00,4800.00,KATL 231752Z 00000KT 10SM SCT048 SCT200 32/18 A2997 RMK AO2 SLP137 MDT CU DSNT N-NE AND SE T03170178 10317 20228 58010 $
ATL,2023-07-23 18:52,10.00,5000.00,KATL 231852Z 30006KT 10SM SCT050 SCT200 32/18 A2997 RMK AO2 SLP137 MDT CU DSNT NW-NE AND SE-S T03220178 $
ATL,2023-07-23 19:52,10.00,5500.00,KATL 231952Z 33009G14KT 10SM SCT055 SCT085 BKN250 33/17 A2995 RMK AO2 SLP131 TCU DSNT NE-E MDT CU DSNT SE-S T03280172 $
ATL,2023-07-23 20:52,10.00,6000.00,KATL 232052Z COR 32007KT 10SM SCT060 SCT085 SCT250 33/17 A2995 RMK AO2 SLP129 MDT CU DSNT E-SW T03280167 58008 $
ATL,2023-07-23 21:52,10.00,6000.00,KATL 232152Z 27005KT 10SM SCT060TCU SCT095 SCT250 33/17 A2996 RMK AO2 SLP132 TCU S MDT CU DSNT SE AND S-SW T03280167 $
ATL,2023-07-23 22:52,10.00,6000.00,KATL 232252Z COR 31009G15KT 10SM SCT060 SCT090 SCT250 32/17 A2996 RMK AO2 SLP134 MDT CU DSNT NE-SE T03220172 $
ATL,2023-07-23 23:52,10.00,6000.00,KATL 232352Z 29008KT 10SM FEW060 FEW100 FEW250 31/17 A2997 RMK AO2 SLP138 TCU DSNT NE-S T03060172 10333 20300 53008 $
ATL,2023-07-24 00:52,10.00,6000.00,KATL 240052Z 31008KT 10SM FEW060 FEW100 29/17 A2998 RMK AO2 SLP141 MDT CU DSNT E-S T02890172 $
ATL,2023-07-24 01:52,10.00,6000.00,KATL 240152Z 32007KT 10SM FEW060 FEW100 FEW250 28/17 A3000 RMK AO2 LTG DSNT E SLP146 TCU DSNT E MDT CU DSNT E-S T02780172 $
ATL,2023-07-24 02:52,10.00,6000.00,KATL 240252Z 33006KT 10SM FEW060 FEW100 FEW250 27/18 A3002 RMK AO2 SLP154 CB DSNT E TCU DSNT SE T02670178 53016 $
ATL,2023-07-24 03:52,10.00,6000.00,KATL 240352Z 34006KT 10SM FEW060 FEW085 SCT250 26/18 A3004 RMK AO2 SLP160 CB DSNT E T02610178 $
ATL,2023-07-24 04:52,10.00,7000.00,KATL 240452Z 33005KT 10SM SCT070 SCT080 SCT250 26/18 A3005 RMK AO2 SLP165 T02560183 403330222 $
ATL,2023-07-24 05:52,10.00,7000.00,KATL 240552Z 33005KT 10SM FEW070 FEW250 24/18 A3004 RMK AO2 SLP161 T02440183 10306 20244 50006 $
ATL,2023-07-24 06:52,10.00,7000.00,KATL 240652Z 33007KT 10SM FEW070 FEW250 24/18 A3004 RMK AO2 SLP160 T02390183 $
ATL,2023-07-24 07:52,10.00,M,KATL 240752Z 33005KT 10SM CLR 23/18 A3004 RMK AO2 SLP162 T02330183 $
ATL,2023-07-24 08:52,10.00,M,KATL 240852Z 01006KT 10SM CLR 23/18 A3005 RMK AO2 SLP164 T02330178 53003 $
ATL,2023-07-24 09:52,10.00,7000.00,KATL 240952Z 03004KT 10SM FEW070 23/18 A3007 RMK AO2 SLP169 T02280183 $
ATL,2023-07-24 10:52,10.00,M,KATL 241052Z 04006KT 10SM CLR 23/19 A3008 RMK AO2 SLP174 T02280189
ATL,2023-07-24 11:52,10.00,M,KATL 241152Z 01005KT 10SM CLR 23/19 A3010 RMK AO2 SLP182 T02330194 10244 20222 53016
ATL,2023-07-24 12:52,10.00,M,KATL 241252Z 04004KT 10SM CLR 25/20 A3012 RMK AO2 SLP187 T02500200
ATL,2023-07-24 13:52,10.00,2200.00,KATL 241352Z 07005KT 10SM FEW022 26/20 A3013 RMK AO2 SLP191 T02610200
ATL,2023-07-24 14:52,10.00,3400.00,KATL 241452Z VRB03KT 10SM FEW034 29/20 A3013 RMK AO2 SLP192 T02890200 51011
ATL,2023-07-24 15:52,10.00,4000.00,KATL 241552Z 00000KT 10SM FEW040 29/19 A3013 RMK AO2 SLP192 T02890194
ATL,2023-07-24 16:52,10.00,4400.00,KATL 241652Z 35006KT 10SM FEW044 31/18 A3013 RMK AO2 SLP189 MDT CU ALQDS T03110183
ATL,2023-07-24 17:52,10.00,5500.00,KATL 241752Z 34008KT 10SM FEW055TCU 33/17 A3013 RMK AO2 SLP191 TCU SE-S MDT CU ALQDS T03330172 10333 20233 55001
ATL,2023-07-24 18:52,10.00,6500.00,KATL 241852Z 32008KT 10SM FEW065TCU 32/17 A3012 RMK AO2 SLP187 TCU SE DSNT NE-SE MDT CU ALQDS T03220172
ATL,2023-07-24 19:52,10.00,6500.00,KATL 241952Z 30007G15KT 10SM FEW065 34/17 A3011 RMK AO2 SLP184 TCU DSNT NE-E SE MDT CU E-S T03390172
ATL,2023-07-24 20:52,10.00,6500.00,KATL 242052Z 34007KT 10SM FEW065 33/16 A3010 RMK AO2 SLP180 TCU DSNT NE-SE MDT CU NE-SE-S T03330161 56010
ATL,2023-07-24 21:52,10.00,6500.00,KATL 242152Z 33009G16KT 10SM FEW065 33/16 A3010 RMK AO2 SLP179 T03330156
ATL,2023-07-24 22:52,10.00,6500.00,KATL 242252Z 32011KT 10SM FEW065 32/16 A3010 RMK AO2 SLP179 T03220161
ATL,2023-07-24 23:52,10.00,6500.00,KATL 242352Z 31010KT 10SM FEW065 31/16 A3011 RMK AO2 SLP184 T03060156 10339 20306 53003
ATL,2023-07-25 00:52,10.00,25000.00,KATL 250052Z 32007KT 10SM FEW250 29/16 A3011 RMK AO2 SLP186 T02890156
ATL,2023-07-25 01:52,10.00,25000.00,KATL 250152Z 32005KT 10SM FEW250 28/17 A3013 RMK AO2 SLP192 T02780167
ATL,2023-07-25 02:52,10.00,25000.00,KATL 250252Z 34007KT 10SM FEW250 27/17 A3015 RMK AO2 SLP196 T02720167 53013
ATL,2023-07-25 03:52,10.00,25000.00,KATL 250352Z 33005KT 10SM FEW250 26/17 A3015 RMK AO2 SLP197 T02610172
ATL,2023-07-25 04:52,10.00,25000.00,KATL 250452Z 34004KT 10SM FEW250 25/17 A3016 RMK AO2 SLP199 T02500172 403390222
ATL,2023-07-25 05:52,10.00,25000.00,KATL 250552Z 30003KT 10SM FEW250 24/18 A3013 RMK AO2 SLP193 T02390178 10306 20239 58003
ATL,2023-07-25 06:52,10.00,25000.00,KATL 250652Z 32006KT 10SM FEW250 23/18 A3014 RMK AO2 SLP193 T02330178
ATL,2023-07-25 07:52,10.00,25000.00,KATL 250752Z 32006KT 10SM FEW250 23/18 A3013 RMK AO2 SLP190 T02280178
ATL,2023-07-25 08:52,10.00,M,KATL 250852Z 28004KT 10SM CLR 22/18 A3013 RMK AO2 SLP191 T02220178 57002
ATL,2023-07-25 09:52,10.00,M,KATL 250952Z 00000KT 10SM CLR 22/18 A3014 RMK AO2 SLP195 T02220178
ATL,2023-07-25 10:52,10.00,25000.00,KATL 251052Z 31006KT 10SM FEW250 22/18 A3016 RMK AO2 SLP201 T02170178
ATL,2023-07-25 11:52,10.00,M,KATL 251152Z 32004KT 10SM CLR 23/18 A3017 RMK AO2 SLP204 T02330183 10244 20217 51013
ATL,2023-07-25 12:52,10.00,M,KATL 251252Z 33006KT 10SM CLR 26/19 A3018 RMK AO2 SLP209 T02610189
ATL,2023-07-25 13:52,10.00,15000.00,KATL 251352Z 33008KT 10SM FEW150 28/19 A3020 RMK AO2 SLP214 T02830189
ATL,2023-07-25 14:52,10.00,M,KATL 251452Z 35007KT 10SM CLR 31/19 A3020 RMK AO2 SLP215 T03060189 51011
ATL,2023-07-25 15:52,10.00,4600.00,KATL 251552Z 33007KT 10SM FEW046 32/19 A3020 RMK AO2 SLP213 T03170189
ATL,2023-07-25 16:52,10.00,5500.00,KATL 251652Z 35006KT 10SM FEW055 33/18 A3019 RMK AO2 SLP211 T03280178
ATL,2023-07-25 17:52,10.00,6500.00,KATL 251752Z 31005KT 10SM FEW065 34/16 A3017 RMK AO2 SLP205 T03390156 10339 20239 58009
ATL,2023-07-25 18:52,10.00,7000.00,KATL 251852Z 01006KT 10SM FEW070 FEW200 34/14 A3016 RMK AO2 SLP200 T03440144
ATL,2023-07-25 19:52,10.00,7000.00,KATL 251952Z 27005KT 10SM FEW070 FEW140 SCT200 33/16 A3014 RMK AO2 SLP193 T03280161
ATL,2023-07-25 20:52,10.00,6500.00,KATL 252052Z 27006KT 10SM FEW065 FEW140 SCT200 35/17 A3012 RMK AO2 SLP188 T03500167 56017
ATL,2023-07-25 21:52,10.00,6500.00,KATL 252152Z 33006KT 10SM FEW065 SCT140 SCT200 33/17 A3012 RMK AO2 SLP187 MDT CU N-E SE SW-W T03330167
ATL,2023-07-25 22:52,10.00,6500.00,KATL 252252Z 34008KT 10SM FEW065 SCT150 SCT250 33/17 A3012 RMK AO2 SLP187 CB DSNT NE MDT CU N T03330172
ATL,2023-07-25 23:52,10.00,5500.00,KATL 252352Z 33010KT 10SM FEW055CB SCT080 SCT150 33/17 A3014 RMK AO2 RAB39E50 SLP193 CB E-SE MOV S P0000 60000 T03280172 10350 20328 53005
ATL,2023-07-26 00:52,10.00,8000.00,KATL 260052Z 31006KT 10SM FEW080 FEW250 31/18 A3013 RMK AO2 SLP189 T03110178 $
ATL,2023-07-26 01:52,10.00,25000.00,KATL 260152Z 32006KT 10SM FEW250 31/18 A3014 RMK AO2 SLP192 T03060183 $
ATL,2023-07-26 02:52,10.00,25000.00,KATL 260252Z 35007KT 10SM FEW250 31/18 A3015 RMK AO2 SLP196 T03060183 53004 $
ATL,2023-07-26 03:52,10.00,25000.00,KATL 260352Z 33005KT 10SM FEW250 28/19 A3015 RMK AO2 SLP198 T02830194 $
ATL,2023-07-26 04:52,10.00,25000.00,KATL 260452Z 27003KT 10SM FEW250 27/20 A3015 RMK AO2 SLP196 T02720200 403500217 $
ATL,2023-07-26 05:52,10.00,M,KATL 260552Z 31004KT 10SM CLR 27/20 A3014 RMK AO2 SLP194 T02670200 10328 20261 58002 $
ATL,2023-07-26 06:52,10.00,M,KATL 260652Z 31004KT 10SM CLR 26/20 A3013 RMK AO2 SLP189 T02560200 $
ATL,2023-07-26 07:52,10.00,M,KATL 260752Z 00000KT 10SM CLR 25/20 A3013 RMK AO2 SLP189 T02500200 $
ATL,2023-07-26 08:52,9.00,M,KATL 260852Z 26003KT 9SM CLR 24/20 A3013 RMK AO2 SLP189 T02440200 55005 $
ATL,2023-07-26 09:52,10.00,M,KATL 260952Z 30004KT 10SM CLR 25/19 A3013 RMK AO2 SLP191 T02500194
ATL,2023-07-26 10:52,9.00,M,KATL 261052Z 32005KT 9SM CLR 24/19 A3015 RMK AO2 SLP198 T02440194
ATL,2023-07-26 11:52,9.00,M,KATL 261152Z 33006KT 9SM CLR 26/19 A3016 RMK AO2 SLP201 T02610194 10267 20244 53012
ATL,2023-07-26 12:52,9.00,M,KATL 261252Z 34006KT 9SM CLR 29/20 A3017 RMK AO2 SLP205 T02890200
ATL,2023-07-26 13:52,10.00,M,KATL 261352Z 36004KT 10SM CLR 31/20 A3018 RMK AO2 SLP206 T03110200
ATL,2023-07-26 14:52,10.00,4000.00,KATL 261452Z 30004KT 10SM FEW040 32/21 A3018 RMK AO2 SLP206 T03220206 50005
ATL,2023-07-26 15:52,10.00,5000.00,KATL 261552Z 32005KT 10SM FEW050 33/19 A3018 RMK AO2 SLP205 T03280194
ATL,2023-07-26 16:52,10.00,5500.00,KATL 261652Z VRB04KT 10SM FEW055 33/18 A3016 RMK AO2 SLP201 MDT CU ALQDS T03330183
ATL,2023-07-26 17:52,10.00,6000.00,KATL 261752Z 34007KT 10SM SCT060TCU SCT200 34/18 A3015 RMK AO2 SLP195 TCU E SE W DSNT N NE MDT CU ALQDS T03440178 10350 20261 58011 $
ATL,2023-07-26 18:52,10.00,6000.00,KATL 261852Z VRB03KT 10SM SCT060TCU SCT200 34/19 A3012 RMK AO2 SLP188 TCU NE SE-S NW DSNT W MDT CU ALQDS T03390189 $
ATL,2023-07-26 19:52,10.00,6000.00,KATL 261952Z 35005KT 10SM TS SCT060CB SCT075 SCT200 34/18 A3011 RMK AO2 SLP183 TSB46 OCNL LTGIC SW TS SW MOV S CB DSNT NW TCU ALQDS T03390183 $
ATL,2023-07-26 20:52,10.00,6000.00,KATL 262052Z 25005KT 10SM TS SCT060CB BKN080 BKN200 29/19 A3010 RMK AO2 TSE37B50 SLP181 OCNL LTGICCG W-NW TS W-NW MOV W TCU ALQDS SHRA SW-NW T02940194 56016 $
ATL,2023-07-26 21:52,10.00,6000.00,KATL 262152Z 31006KT 10SM FEW060TCU SCT100 BKN200 31/18 A3009 RMK AO2 SLP176 TSE51 LTG DSNT N W-NW TS MOVD W CB DSNT N W-NW TCU E-SE DSNT ALQDS T03110183 $
ATL,2023-07-26 22:52,10.00,5500.00,KATL 262252Z 34006KT 10SM FEW055 SCT150 SCT200 33/18 A3009 RMK AO2 SLP176 LTG DSNT SE-S CB DSNT NE E SE-S TCU DSNT NW-N T03280183 $
ATL,2023-07-26 23:52,10.00,5500.00,KATL 262352Z 02006KT 10SM FEW055 SCT200 33/18 A3009 RMK AO2 LTG DSNT S SLP176 CB DSNT S SW TCU DSNT NW-N T03330183 10356 20289 55003 $
ATL,2023-07-27 00:52,10.00,5500.00,KATL 270052Z 15004KT 10SM FEW055 SCT200 31/20 A3010 RMK AO2 SLP178 TCU DSNT SE T03110200 $
ATL,2023-07-27 01:52,10.00,5500.00,KATL 270152Z 00000KT 10SM FEW055 SCT200 BKN250 29/21 A3011 RMK AO2 SLP182 T02890211 $
ATL,2023-07-27 02:52,10.00,6500.00,KATL 270252Z 16004KT 10SM FEW065 SCT200 BKN250 28/21 A3012 RMK AO2 SLP185 T02780211 53009 $
ATL,2023-07-27 03:52,10.00,25000.00,KATL 270352Z 19004KT 10SM FEW250 27/21 A3011 RMK AO2 SLP184 T02720211 $
ATL,2023-07-27 04:52,10.00,25000.00,KATL 270452Z 00000KT 10SM FEW250 27/21 A3011 RMK AO2 SLP183 T02670206 403560244 $
ATL,2023-07-27 05:52,10.00,25000.00,KATL 270552Z 00000KT 10SM FEW250 26/21 A3010 RMK AO2 SLP179 T02610211 10333 20261 58006 $
ATL,2023-07-27 06:52,10.00,25000.00,KATL 270652Z 00000KT 10SM FEW250 26/21 A3009 RMK AO2 SLP175 T02560211 $
ATL,2023-07-27 07:52,10.00,25000.00,KATL 270752Z 00000KT 10SM FEW250 26/21 A3008 RMK AO2 SLP174 T02560211 $
ATL,2023-07-27 08:52,10.00,25000.00,KATL 270852Z 00000KT 10SM FEW250 24/21 A3010 RMK AO2 SLP181 T02440206 53000 $
ATL,2023-07-27 09:52,10.00,25000.00,KATL 270952Z 14004KT 10SM FEW250 24/21 A3012 RMK AO2 SLP186 T02440211 $
ATL,2023-07-27 10:52,10.00,25000.00,KATL 271052Z 14003KT 10SM FEW250 24/21 A3014 RMK AO2 SLP194 T02390211 $
ATL,2023-07-27 11:52,10.00,25000.00,KATL 271152Z 32004KT 10SM FEW250 26/21 A3015 RMK AO2 SLP197 T02560211 10261 20239 51018 $
ATL,2023-07-27 12:52,10.00,25000.00,KATL 271252Z 18004KT 10SM FEW250 27/20 A3016 RMK AO2 SLP202 T02720200 $
ATL,2023-07-27 13:52,9.00,25000.00,KATL 271352Z 22003KT 9SM FEW250 30/21 A3017 RMK AO2 SLP205 T03000206 $
ATL,2023-07-27 14:52,9.00,25000.00,KATL 271452Z 25003KT 9SM FEW250 32/21 A3017 RMK AO2 SLP205 T03170206 50007 $
ATL,2023-07-27 15:52,10.00,4800.00,KATL 271552Z 00000KT 10SM FEW048 FEW250 33/20 A3016 RMK AO2 SLP201 T03280200 $
ATL,2023-07-27 16:52,10.00,6000.00,KATL 271652Z 03005KT 10SM FEW060 FEW250 34/19 A3015 RMK AO2 SLP198 MDT CU N SE S T03390189 $
ATL,2023-07-27 17:52,10.00,6000.00,KATL 271752Z 23005KT 10SM FEW060 FEW250 34/19 A3013 RMK AO2 SLP190 CB DSNT NW TCU DSNT SW W MDT CU NW-NE T03390189 10356 20256 58014 $
ATL,2023-07-27 18:52,10.00,7000.00,KATL 271852Z 00000KT 10SM FEW070TCU FEW250 34/18 A3012 RMK AO2 SLP186 TCU SW DSNT NE NW MDT CU ALQDS T03390183 $
ATL,2023-07-27 19:52,10.00,7000.00,KATL 271952Z 17005KT 10SM FEW070 FEW200 SCT250 34/17 A3010 RMK AO2 SLP179 TCU DSNT SE SW W NW T03440167 $
ATL,2023-07-27 20:52,10.00,7000.00,KATL 272052Z 06006KT 10SM FEW070TCU FEW200 SCT250 35/17 A3009 RMK AO2 SLP176 TCU SW DSNT SE-S T03500167 56013 $
ATL,2023-07-27 21:52,10.00,7000.00,KATL 272152Z 07007KT 10SM FEW070 FEW250 35/16 A3008 RMK AO2 SLP173 TCU DSNT SE-S MDT SW-W T03500161 $
ATL,2023-07-27 22:52,10.00,7000.00,KATL 272252Z 08007KT 10SM FEW070 FEW250 35/17 A3008 RMK AO2 SLP172 T03500172 $
ATL,2023-07-27 23:52,10.00,7000.00,KATL 272352Z 10006KT 10SM FEW070 FEW250 34/17 A3009 RMK AO2 SLP176 T03440172 10361 20339 55000 $
ATL,2023-07-28 00:52,10.00,7000.00,KATL 280052Z 14004KT 10SM FEW070 SCT250 32/18 A3010 RMK AO2 SLP180 T03220178 $
ATL,2023-07-28 01:52,10.00,7000.00,KATL 280152Z 18007KT 10SM FEW070 SCT250 31/20 A3012 RMK AO2 LTG DSNT W SLP185 CB DSNT W T03060200 $
ATL,2023-07-28 02:52,10.00,7000.00,KATL 280252Z 21004KT 10SM FEW070 FEW250 29/21 A3013 RMK AO2 SLP190 T02940206 53014 $
ATL,2023-07-28 03:52,10.00,25000.00,KATL 280352Z 21003KT 10SM FEW250 28/21 A3014 RMK AO2 SLP192 T02830211 $
ATL,2023-07-28 04:52,10.00,7000.00,KATL 280452Z 00000KT 10SM FEW070 FEW250 28/21 A3014 RMK AO2 SLP192 T02780211 403610239 $
ATL,2023-07-28 05:52,10.00,7000.00,KATL 280552Z 14003KT 10SM FEW070 FEW250 27/21 A3013 RMK AO2 SLP188 T02720211 10339 20272 58002 $
ATL,2023-07-28 06:52,10.00,25000.00,KATL 280652Z 00000KT 10SM FEW250 27/22 A3012 RMK AO2 SLP187 T02670217 $
ATL,2023-07-28 07:52,10.00,25000.00,KATL 280752Z 15003KT 10SM FEW250 26/21 A3012 RMK AO2 SLP187 T02610211 $
ATL,2023-07-28 08:52,9.00,25000.00,KATL 280852Z 14003KT 9SM FEW250 26/21 A3012 RMK AO2 SLP187 T02610211 56002 $
ATL,2023-07-28 09:52,10.00,25000.00,KATL 280952Z 16003KT 10SM SCT250 26/22 A3014 RMK AO2 SLP192 T02560217
ATL,2023-07-28 10:52,10.00,25000.00,KATL 281052Z 16003KT 10SM SCT250 25/21 A3015 RMK AO2 SLP195 T02500211
ATL,2023-07-28 11:52,10.00,25000.00,KATL 281152Z 21003KT 10SM BKN250 26/22 A3015 RMK AO2 SLP197 T02610217 10272 20250 51010
ATL,2023-07-28 12:52,10.00,25000.00,KATL 281252Z 24004KT 10SM BKN250 28/22 A3016 RMK AO2 SLP201 T02780217
ATL,2023-07-28 13:52,10.00,25000.00,KATL 281352Z VRB03KT 10SM BKN250 30/22 A3017 RMK AO2 SLP205 T03000217
ATL,2023-07-28 14:52,10.00,25000.00,KATL 281452Z 28005KT 10SM BKN250 32/22 A3017 RMK AO2 SLP203 T03220217 50007
ATL,2023-07-28 15:52,10.00,4800.00,KATL 281552Z 00000KT 10SM FEW048 BKN250 33/21 A3017 RMK AO2 SLP201 MDT CU N T03330211
ATL,2023-07-28 16:52,10.00,5000.00,KATL 281652Z 00000KT 10SM SCT050TCU BKN250 33/21 A3017 RMK AO2 SLP202 TCU N SW MDT CU ALQDS T03280206
ATL,2023-07-28 17:52,10.00,5000.00,KATL 281752Z 23009KT 10SM SCT050TCU SCT200 BKN250 32/21 A3014 RMK AO2 SLP195 CB DSNT SW TCU W DSNT NW T03220211 10344 20261 58009
ATL,2023-07-28 18:52,9.00,5000.00,KATL 281852Z 23007KT 9SM SCT050 SCT150 SCT200 BKN250 33/21 A3012 RMK AO2 SLP186 CB DSNT W NW MDT CU NE-SE-S T03280206 $
ATL,2023-07-28 19:52,10.00,5000.00,KATL 281952Z 23005KT 10SM SCT050 SCT150 BKN200 BKN250 33/20 A3010 RMK AO2 SLP179 TCU DSNT E NW MDT CU N-OHD-S T03280200 $
ATL,2023-07-28 20:52,9.00,5500.00,KATL 282052Z 23006KT 9SM SCT055 SCT150 BKN200 OVC250 32/21 A3010 RMK AO2 LTG DSNT W SLP179 CB DSNT N W MDT CU N-NE SE T03220211 56016 $
ATL,2023-07-28 21:52,10.00,5000.00,KATL 282152Z 23006KT 10SM SCT050CB BKN150 BKN200 OVC250 32/22 A3009 RMK AO2 LTG DSNT N AND NE SLP177 CB N-NE DSNT N NE MOV SW T03170222 $
ATL,2023-07-28 22:52,7.00,4000.00,KATL 282252Z 08005KT 7SM -RA FEW040 SCT070 BKN140 OVC200 29/22 A3011 RMK AO2 RAB13 TSB02E52 SLP184 LTG DSNT NW-NE TS DSIPTD CB DSNT NW-NE P0001 T02940222 $
ATL,2023-07-28 23:52,10.00,3500.00,KATL 282352Z 08011KT 10SM FEW035CB SCT110 BKN200 BKN250 28/21 A3012 RMK AO2 PK WND 04030/2335 RAE15 TSB16E52 SLP187 TS DSIPTD CB NE MOV S TCU SE-SW P0000 60001 T02830211 10339 20283 53006 $
ATL,2023-07-29 00:52,10.00,11000.00,KATL 290052Z 14003KT 10SM FEW110 SCT150 BKN200 OVC250 28/20 A3015 RMK AO2 SLP196 T02780200 $
ATL,2023-07-29 01:52,10.00,15000.00,KATL 290152Z 16004KT 10SM SCT150 BKN200 OVC250 28/19 A3014 RMK AO2 SLP194 T02780194 $
ATL,2023-07-29 02:52,10.00,4800.00,KATL 290252Z 18003KT 10SM SCT048 BKN060 BKN200 BKN250 28/22 A3016 RMK AO2 SLP200 T02780222 51015 $
ATL,2023-07-29 03:52,10.00,6000.00,KATL 290352Z 17005KT 10SM FEW060 BKN200 BKN250 27/23 A3014 RMK AO2 SLP195 T02670228 $
ATL,2023-07-29 04:52,10.00,15000.00,KATL 290452Z 17005KT 10SM FEW150 BKN200 BKN250 27/22 A3015 RMK AO2 SLP196 T02670217 403440250 $
ATL,2023-07-29 05:52,10.00,15000.00,KATL 290552Z 16003KT 10SM FEW150 SCT200 BKN250 26/22 A3013 RMK AO2 SLP189 T02610222 10283 20261 58011 $
ATL,2023-07-29 06:52,10.00,20000.00,KATL 290652Z 20003KT 10SM FEW200 BKN250 26/22 A3011 RMK AO2 SLP183 T02560217 $
ATL,2023-07-29 07:52,10.00,15000.00,KATL 290752Z 25005KT 10SM FEW150 SCT200 BKN250 26/22 A3010 RMK AO2 SLP179 T02560217 $
ATL,2023-07-29 08:52,10.00,15000.00,KATL 290852Z 00000KT 10SM SCT150 BKN200 BKN250 26/22 A3011 RMK AO2 SLP184 VIRGA OHD-ALQDS T02560217 55006
ATL,2023-07-29 09:52,10.00,2000.00,KATL 290952Z 00000KT 10SM SCT020 SCT150 BKN200 BKN250 26/22 A3013 RMK AO2 SLP190 T02560217
ATL,2023-07-29 10:52,10.00,2000.00,KATL 291052Z 28003KT 10SM FEW020 FEW055 BKN120 OVC150 25/22 A3013 RMK AO2 SLP191 T02500222
ATL,2023-07-29 11:52,10.00,5500.00,KATL 291152Z 30004KT 10SM FEW055 SCT120 BKN150 BKN200 26/22 A3012 RMK AO2 SLP189 70001 T02560222 10261 20250 50004
ATL,2023-07-29 12:52,10.00,12000.00,KATL 291252Z 33004KT 10SM FEW120 BKN180 OVC210 27/22 A3013 RMK AO2 SLP191 T02670217
ATL,2023-07-29 13:52,10.00,19000.00,KATL 291352Z 33003KT 10SM BKN190 OVC220 28/22 A3013 RMK AO2 SLP191 BINOVC T02780217
ATL,2023-07-29 14:52,10.00,19000.00,KATL 291452Z 33008KT 10SM BKN190 OVC220 29/22 A3014 RMK AO2 SLP193 T02890217 51005
ATL,2023-07-29 15:52,10.00,18000.00,KATL 291552Z 33007KT 10SM BKN180 BKN220 32/22 A3013 RMK AO2 SLP192 T03170222
ATL,2023-07-29 16:52,10.00,4200.00,KATL 291652Z 35006KT 10SM FEW042 SCT180 SCT220 33/22 A3012 RMK AO2 SLP187 T03280222 $
ATL,2023-07-29 17:52,10.00,4300.00,KATL 291752Z 28004KT 10SM FEW043 BKN220 34/22 A3010 RMK AO2 SLP179 T03440222 10344 20256 58012 $
ATL,2023-07-29 18:52,10.00,5000.00,KATL 291852Z COR 32005G15KT 10SM FEW050 BKN220 36/21 A3008 RMK AO2 SLP174 MDT CU S-W-NW T03560211 $
ATL,2023-07-29 19:52,10.00,5500.00,KATL 291952Z 30005KT 10SM SCT055 SCT250 36/21 A3007 RMK AO2 LTG DSNT NW SLP169 CB DSNT NW TCU DSNT SE W T03560206 $
ATL,2023-07-29 20:52,10.00,5500.00,KATL 292052Z 31010KT 10SM FEW055 FEW200 BKN250 36/19 A3005 RMK AO2 LTG DSNT NW SLP164 CB DSNT W-NW TCU DSNT SE SW T03560194 57015 $
ATL,2023-07-29 21:52,10.00,5500.00,KATL 292152Z 29009KT 10SM FEW055 SCT180 BKN250 33/21 A3004 RMK AO2 SLP158 CB DSNT SE TCU DSNT SW T03280211 $
ATL,2023-07-29 22:52,10.00,5500.00,KATL 292252Z 32009KT 10SM FEW055 FEW180 SCT250 34/21 A3003 RMK AO2 SLP154 TCU DSNT NE T03390211 $
ATL,2023-07-29 23:52,10.00,5500.00,KATL 292352Z 29005KT 10SM FEW055 FEW120 SCT180 SCT250 33/21 A3003 RMK AO2 SLP155 CB DSNT S TCU DSNT NE AND SW T03280211 10367 20328 55009 $
ATL,2023-07-30 00:52,10.00,5500.00,KATL 300052Z 32007KT 10SM FEW055 FEW150 SCT200 SCT250 32/21 A3005 RMK AO2 SLP163 CB DSNT W TCU DSNT SW T03170211 $
ATL,2023-07-30 01:52,10.00,6000.00,KATL 300152Z 33005KT 10SM SCT060 SCT150 SCT250 31/22 A3008 RMK AO2 SLP172 CB DSNT N-NE TCU DSNT S T03110217 $
ATL,2023-07-30 02:52,10.00,4000.00,KATL 300252Z 30005KT 10SM FEW040 SCT060 SCT075 SCT150 SCT250 31/22 A3006 RMK AO2 LTG DSNT N AND NW SLP165 CB DSNT N AND NW T03110217 50010 $
ATL,2023-07-30 03:52,10.00,4000.00,KATL 300352Z 01015G21KT 10SM TS FEW040CB SCT060 SCT075 SCT150 BKN250 30/22 A3008 RMK AO2 LTG DSNT NW-NE TSB51 SLP173 CONS LTGICCCCA N TS N MOV SE CB DSNT NW T03000217 $
ATL,2023-07-30 04:52,10.00,5000.00,KATL 300452Z 18006KT 10SM TS FEW050CB SCT100 BKN150 BKN180 BKN250 27/19 A3006 RMK AO2 WSHFT 0350 SLP167 FRQ LTGICCCCA SW TS SW MOV SE TCU DSNT N-NE T02720194 403670250 $
ATL,2023-07-30 05:52,10.00,11000.00,KATL 300552Z 00000KT 10SM FEW110 FEW180 BKN220 BKN250 27/21 A3004 RMK AO2 TSE12 SLP160 TS MOV S T02670206 10328 20267 58005 $
ATL,2023-07-30 06:52,10.00,11000.00,KATL 300652Z 00000KT 10SM FEW110 FEW180 BKN220 BKN250 27/21 A3005 RMK AO2 SLP161 T02670211 $
ATL,2023-07-30 07:52,10.00,18000.00,KATL 300752Z 25003KT 10SM FEW180 BKN220 BKN250 26/22 A3004 RMK AO2 SLP157 T02610217 $
ATL,2023-07-30 08:52,10.00,3300.00,KATL 300852Z 33012KT 10SM FEW033 FEW065 FEW110 SCT220 BKN250 26/21 A3004 RMK AO2 SLP158 T02610211 57001 $
ATL,2023-07-30 09:52,10.00,11000.00,KATL 300952Z 32005KT 10SM FEW110 FEW200 SCT250 25/20 A3003 RMK AO2 SLP158 T02500200 $
ATL,2023-07-30 10:52,10.00,11000.00,KATL 301052Z 30005KT 10SM FEW110 SCT170 SCT250 24/20 A3004 RMK AO2 SLP158 T02440200 $
ATL,2023-07-30 11:52,10.00,11000.00,KATL 301152Z 28003KT 10SM FEW110 BKN180 BKN250 24/20 A3004 RMK AO2 SLP162 T02440200 10272 20239 53002 $
ATL,2023-07-30 12:52,10.00,15000.00,KATL 301252Z 26005KT 10SM SCT150 SCT200 SCT250 26/20 A3005 RMK AO2 SLP164 ACC OHD-NE-SE-SW T02610200 $
ATL,2023-07-30 13:52,10.00,17000.00,KATL 301352Z 29004KT 10SM SCT170 BKN250 28/21 A3006 RMK AO2 SLP164 T02830206 $
ATL,2023-07-30 14:52,10.00,14000.00,KATL 301452Z 28005KT 10SM SCT140 SCT170 BKN250 30/20 A3005 RMK AO2 SLP163 T03000200 50002 $
ATL,2023-07-30 15:52,10.00,4200.00,KATL 301552Z 27007KT 10SM FEW042 SCT170 SCT250 33/22 A3006 RMK AO2 SLP164 MDT CU DSNT W T03280217 $
ATL,2023-07-30 16:52,10.00,4500.00,KATL 301652Z 31014G23KT 10SM SCT045TCU BKN170 BKN250 34/21 A3005 RMK AO2 LTG DSNT SW AND W SLP162 CB DSNT SW W TCU SE SW T03390211 $
ATL,2023-07-30 17:52,10.00,5000.00,KATL 301752Z 33012G20KT 10SM FEW050 SCT170 SCT200 33/19 A3005 RMK AO2 LTG DSNT SE-W TSB01E42 SLP161 TS MOVD S CB DSNT SE-SW-W T03280194 10344 20244 58001 $
ATL,2023-07-30 18:52,10.00,5000.00,KATL 301852Z 29012G20KT 10SM FEW050 BKN170 BKN200 32/19 A3002 RMK AO2 SLP154 CB DSNT SE-S T03170189 $
ATL,2023-07-30 19:52,10.00,5500.00,KATL 301952Z 33014G23KT 10SM FEW055 BKN150 BKN220 33/18 A3001 RMK AO2 SLP147 CB DSNT E SE T03280183 $
ATL,2023-07-30 20:52,10.00,5500.00,KATL 302052Z 33014KT 10SM FEW055 SCT180 BKN220 34/20 A2999 RMK AO2 SLP143 T03390200 56018 $
ATL,2023-07-30 21:52,10.00,5000.00,KATL 302152Z 30013G24KT 10SM FEW050 BKN190 BKN220 33/20 A3000 RMK AO2 SLP147 MDT CU DSNT S-SW T03280200 $
ATL,2023-07-30 22:52,10.00,5000.00,KATL 302252Z 32012KT 10SM FEW050 SCT130 BKN250 31/20 A2999 RMK AO2 SLP143 CB DSNT E MDT CU DSNT NE AND S T03060200 $
ATL,2023-07-30 23:52,10.00,5000.00,KATL 302352Z 32008KT 10SM FEW050 SCT130 BKN250 29/20 A2999 RMK AO2 SLP143 T02940200 10339 20294 58001 $
ATL,2023-07-31 00:52,10.00,5000.00,KATL 310052Z 30007KT 10SM FEW050 FEW130 SCT180 SCT250 29/21 A2999 RMK AO2 SLP144 T02890206 $
ATL,2023-07-31 01:52,10.00,5000.00,KATL 310152Z 30006KT 10SM FEW050 FEW130 SCT180 SCT250 28/21 A3001 RMK AO2 SLP151 T02780206 $
ATL,2023-07-31 02:52,10.00,13000.00,KATL 310252Z 31006KT 10SM FEW130 SCT180 SCT250 27/21 A3003 RMK AO2 SLP155 T02720206 53013 $
ATL,2023-07-31 03:52,10.00,18000.00,KATL 310352Z 29004KT 10SM SCT180 SCT250 26/21 A3003 RMK AO2 SLP155 T02610211 $
ATL,2023-07-31 04:52,10.00,18000.00,KATL 310452Z 32005KT 10SM FEW180 SCT250 26/21 A3002 RMK AO2 SLP153 T02560211 403440239 $
ATL,2023-07-31 05:52,10.00,25000.00,KATL 310552Z 32006KT 10SM FEW250 25/21 A3001 RMK AO2 SLP150 T02500211 10294 20250 58005 $
ATL,2023-07-31 06:52,10.00,M,KATL 310652Z 30004KT 10SM CLR 24/21 A3000 RMK AO2 SLP146 T02440211 $
ATL,2023-07-31 07:52,10.00,M,KATL 310752Z 31004KT 10SM CLR 24/21 A2999 RMK AO2 SLP142 T02390211 $
ATL,2023-07-31 08:52,10.00,M,KATL 310852Z 34006KT 10SM CLR 24/21 A2999 RMK AO2 SLP142 T02390211 56008 $
ATL,2023-07-31 09:52,10.00,M,KATL 310952Z 34006KT 10SM CLR 24/21 A2999 RMK AO2 SLP145 T02390206 $
ATL,2023-07-31 10:52,10.00,5000.00,KATL 311052Z 33005KT 10SM FEW050 FEW180 FEW250 23/21 A3001 RMK AO2 SLP150 T02330206 $
ATL,2023-07-31 11:52,10.00,20000.00,KATL 311152Z 34007KT 10SM FEW200 FEW250 24/21 A3003 RMK AO2 SLP158 T02390206 10250 20233 53015 $
ATL,2023-07-31 12:52,10.00,18000.00,KATL 311252Z 02006KT 10SM FEW180 BKN250 27/21 A3004 RMK AO2 SLP162 T02670206 $
ATL,2023-07-31 13:52,10.00,5000.00,KATL 311352Z 03005KT 10SM FEW050 SCT200 SCT250 28/21 A3006 RMK AO2 SLP167 T02830206 $
ATL,2023-07-31 14:52,10.00,3800.00,KATL 311452Z 01005KT 10SM FEW038 FEW055 SCT200 SCT250 31/20 A3006 RMK AO2 SLP169 T03060200 51012 $
ATL,2023-07-31 15:52,10.00,3800.00,KATL 311552Z 05005KT 10SM FEW038 SCT055 SCT250 31/19 A3007 RMK AO2 SLP172 MDT CU NE S-SW NW T03110194 $
ATL,2023-07-31 16:52,10.00,5000.00,KATL 311652Z COR 33005KT 10SM SCT050 33/19 A3007 RMK AO2 SLP170 MDT CU ALQDS T03280189 $
ATL,2023-07-31 17:52,10.00,5500.00,KATL 311752Z COR 02007G14KT 10SM SCT055 SCT200 34/18 A3007 RMK AO2 SLP168 MDT CU ALQDS T03390178 10339 20239 50001 $
ATL,2023-07-31 18:52,10.00,6000.00,KATL 311852Z 35010KT 10SM FEW060 SCT200 34/18 A3004 RMK AO2 SLP159 MDT CU SW NW DSNT E-S T03440183 $
ATL,2023-07-31 19:52,10.00,6000.00,KATL 311952Z 34005KT 10SM FEW060 SCT250 34/18 A3001 RMK AO2 SLP150 TCU DSNT SE T03440183 $
ATL,2023-07-31 20:52,10.00,6500.00,KATL 312052Z 36006G18KT 10SM FEW065 FEW250 35/17 A3000 RMK AO2 SLP145 T03500172 56022 $
ATL,2023-07-31 21:52,10.00,6500.00,KATL 312152Z 36008G15KT 10SM FEW065 FEW250 35/16 A3000 RMK AO2 SLP145 T03500161 $
ATL,2023-07-31 22:52,10.00,6500.00,KATL 312252Z 36008G16KT 10SM FEW065 FEW250 34/17 A3000 RMK AO2 SLP145 T03390167 $
ATL,2023-07-31 23:52,10.00,6500.00,KATL 312352Z 35012KT 10SM FEW065 FEW250 33/13 A3002 RMK AO2 SLP153 T03280133 10361 20328 53006 $
ATL,2023-08-01 00:52,10.00,6500.00,KATL 010052Z 34008KT 10SM FEW065 FEW200 31/16 A3003 RMK AO2 SLP158 T03110161 $
ATL,2023-08-01 01:52,10.00,6500.00,KATL 010152Z 35010G16KT 10SM FEW065 FEW200 30/17 A3005 RMK AO2 SLP162 T03000172 $
ATL,2023-08-01 02:52,10.00,6500.00,KATL 010252Z 35010KT 10SM FEW065 FEW200 29/16 A3005 RMK AO2 SLP164 T02890161 51012 $
ATL,2023-08-01 03:52,10.00,6500.00,KATL 010352Z 36009KT 10SM FEW065 SCT250 28/17 A3005 RMK AO2 SLP163 T02830167 $
ATL,2023-08-01 04:52,10.00,15000.00,KATL 010452Z 34008KT 10SM FEW150 BKN250 28/17 A3004 RMK AO2 SLP161 T02780167 403610233 $
ATL,2023-08-01 05:52,10.00,15000.00,KATL 010552Z 34006KT 10SM FEW150 SCT200 BKN250 26/17 A3004 RMK AO2 SLP161 T02560172 10328 20256 56003 $
ATL,2023-08-01 06:52,10.00,20000.00,KATL 010652Z 34007KT 10SM FEW200 BKN250 25/17 A3004 RMK AO2 SLP158 T02500172 $
ATL,2023-08-01 07:52,10.00,25000.00,KATL 010752Z 33007KT 10SM FEW250 24/18 A3004 RMK AO2 SLP158 T02390178 $
ATL,2023-08-01 08:52,10.00,25000.00,KATL 010852Z 33007KT 10SM FEW250 24/18 A3005 RMK AO2 SLP161 T02390178 53001 $
ATL,2023-08-01 09:52,10.00,25000.00,KATL 010952Z 34007KT 10SM SCT250 23/18 A3005 RMK AO2 SLP164 T02330178 $
ATL,2023-08-01 10:52,10.00,5000.00,KATL 011052Z 34007KT 10SM FEW050 SCT250 24/18 A3007 RMK AO2 SLP171 T02390178 $
ATL,2023-08-01 11:52,10.00,5000.00,KATL 011152Z 01006KT 10SM FEW050 FEW150 FEW250 25/18 A3008 RMK AO2 SLP175 T02500178 10256 20228 53012 $
ATL,2023-08-01 12:52,10.00,5000.00,KATL 011252Z 04010KT 10SM FEW050 FEW150 FEW250 27/18 A3010 RMK AO2 SLP180 T02670183 $
ATL,2023-08-01 13:52,10.00,5000.00,KATL 011352Z 06009KT 10SM FEW050 FEW150 FEW250 28/19 A3010 RMK AO2 SLP182 MDT CU N-NE T02780189 $
ATL,2023-08-01 14:52,10.00,5000.00,KATL 011452Z 05006KT 10SM FEW050 FEW150 29/19 A3011 RMK AO2 SLP182 T02940189 51008 $
ATL,2023-08-01 15:52,10.00,5000.00,KATL 011552Z 04009KT 10SM FEW050 FEW150 FEW250 31/19 A3011 RMK AO2 SLP182 T03110189 $
ATL,2023-08-01 16:52,10.00,4200.00,KATL 011652Z 03007KT 10SM FEW042 FEW055 FEW250 32/19 A3010 RMK AO2 SLP178 MDT CU DSNT E-S W-NW T03220189
ATL,2023-08-01 17:52,10.00,6000.00,KATL 011752Z COR 33006G14KT 10SM SCT060 SCT250 34/18 A3009 RMK AO2 SLP176 MDT CU NE-SE-SW 10339 20250 57007 T03390178
ATL,2023-08-01 18:52,10.00,6000.00,KATL 011852Z 34007KT 10SM SCT060 SCT250 34/16 A3008 RMK AO2 SLP172 MDT CU NE-SE-SW T03390156
ATL,2023-08-01 19:52,10.00,7000.00,KATL 011952Z COR 33009KT 10SM FEW070 SCT200 BKN250 34/14 A3006 RMK AO2 SLP167 TCU DSNT E-SE T03440144 $
ATL,2023-08-01 20:52,10.00,7500.00,KATL 012052Z 35007KT 10SM FEW075 SCT200 SCT250 35/14 A3005 RMK AO2 SLP163 MDT CU DSNT NE E-SE T03500139 56013 $
ATL,2023-08-01 21:52,10.00,7500.00,KATL 012152Z 33009G15KT 10SM FEW075 SCT200 SCT250 35/13 A3004 RMK AO2 SLP159 T03500128
ATL,2023-08-01 22:52,10.00,7500.00,KATL 012252Z 34008KT 10SM FEW075 SCT250 34/14 A3004 RMK AO2 SLP159 T03390139
ATL,2023-08-01 23:52,10.00,7000.00,KATL 012352Z 34010KT 10SM FEW070 SCT200 BKN250 32/15 A3005 RMK AO2 SLP163 T03220150 10356 20322 55001
ATL,2023-08-02 00:52,10.00,7000.00,KATL 020052Z 33009KT 10SM FEW070 SCT200 BKN250 30/11 A3006 RMK AO2 SLP168 T03000111
ATL,2023-08-02 01:52,10.00,7000.00,KATL 020152Z 34007KT 10SM FEW070 SCT200 BKN250 29/12 A3008 RMK AO2 SLP174 T02890122
ATL,2023-08-02 02:52,10.00,6000.00,KATL 020252Z 02008KT 10SM SCT060 SCT250 29/14 A3010 RMK AO2 SLP180 T02890144 53017
ATL,2023-08-02 03:52,10.00,6000.00,KATL 020352Z 03006KT 10SM FEW060 FEW250 28/16 A3011 RMK AO2 SLP182 T02830156
ATL,2023-08-02 04:52,10.00,6000.00,KATL 020452Z 09007KT 10SM FEW060 FEW250 27/16 A3011 RMK AO2 SLP183 MDT CU SE-SW T02670161 403560228
ATL,2023-08-02 05:52,10.00,5000.00,KATL 020552Z 14005KT 10SM FEW050 FEW250 26/18 A3012 RMK AO2 SLP185 T02610178 10322 20261 51006
ATL,2023-08-02 06:52,10.00,5000.00,KATL 020652Z COR 21003KT 10SM FEW050 FEW150 25/20 A3011 RMK AO2 SLP183 T02500200 $
ATL,2023-08-02 07:52,10.00,5000.00,KATL 020752Z 14004KT 10SM FEW050 FEW150 24/21 A3010 RMK AO2 SLP180 T02440206 $
ATL,2023-08-02 08:52,10.00,1600.00,KATL 020852Z 09007KT 10SM BKN016 24/21 A3011 RMK AO2 SLP184 T02390206 55002 $
ATL,2023-08-02 09:52,10.00,1300.00,KATL 020952Z 10005KT 10SM BKN013 24/21 A3013 RMK AO2 SLP188 BKN013 V SCT T02390211 $
ATL,2023-08-02 10:52,10.00,1000.00,KATL 021052Z 09007KT 10SM FEW010 BKN018 BKN033 24/21 A3013 RMK AO2 SLP192 T02390206
ATL,2023-08-02 11:52,8.00,800.00,KATL 021152Z 10008KT 8SM BKN008 BKN021 BKN150 24/21 A3015 RMK AO2 SLP196 T02390211 10261 20233 52011
ATL,2023-08-02 12:52,8.00,900.00,KATL 021252Z 11005KT 8SM SCT009 SCT015 25/21 A3017 RMK AO2 SLP204 T02500211 $
ATL,2023-08-02 13:52,10.00,1600.00,KATL 021352Z 11008KT 10SM BKN016 BKN250 26/21 A3017 RMK AO2 SLP205 CIG 014V018 T02610211
ATL,2023-08-02 14:52,10.00,2500.00,KATL 021452Z 12006KT 10SM SCT025 SCT200 BKN250 27/21 A3018 RMK AO2 SLP209 T02720206 51012
ATL,2023-08-02 15:52,10.00,3300.00,KATL 021552Z 12008KT 10SM BKN033TCU BKN200 BKN250 28/21 A3018 RMK AO2 SLP208 TCU NE-SE-S MDT CU ALQDS T02830206
ATL,2023-08-02 16:52,10.00,3300.00,KATL 021652Z 14008KT 10SM BKN033TCU BKN080 BKN200 BKN250 29/21 A3018 RMK AO2 SLP207 TCU N NE MDT CU OHD ALQDS T02940206
ATL,2023-08-02 17:52,10.00,3700.00,KATL 021752Z 15006KT 10SM SCT037TCU BKN085 BKN200 BKN250 30/19 A3017 RMK AO2 SLP205 TCU N SE SW NW MDT CU ALQDS T03000194 10300 20239 58004
ATL,2023-08-02 18:52,10.00,4200.00,KATL 021852Z 13007KT 10SM SCT042TCU SCT085 BKN200 BKN250 32/19 A3015 RMK AO2 SLP199 TCU NE SE DSNT ALQDS T03170194
ATL,2023-08-02 19:52,10.00,5000.00,KATL 021952Z 16005KT 10SM FEW050TCU SCT090 SCT200 BKN250 32/19 A3013 RMK AO2 SLP192 CB DSNT NE E TCU N-E-SE DSNT NW T03220189
ATL,2023-08-02 20:52,10.00,5000.00,KATL 022052Z 12006KT 10SM SCT050TCU SCT085 BKN200 BKN250 31/19 A3013 RMK AO2 SLP191 CB DSNT NE E TCU N-NE SE W-NW DSNT ALQDS T03110189 56013
ATL,2023-08-02 21:52,10.00,4800.00,KATL 022152Z 19007KT 10SM SCT048TCU SCT070 BKN200 BKN250 31/19 A3012 RMK AO2 SLP187 TCU SE-OHD-NW MDT CU ALQDS T03110189
ATL,2023-08-02 22:52,10.00,5000.00,KATL 022252Z 07005KT 10SM SCT050CB SCT080 BKN200 BKN250 32/19 A3011 RMK AO2 SLP185 CB SE MOV SE TCU N-OHD-SE T03170189
ATL,2023-08-02 23:52,10.00,5000.00,KATL 022352Z 11007KT 10SM FEW050 SCT150 BKN250 30/19 A3010 RMK AO2 SLP182 T03000194 10328 20300 56009
ATL,2023-08-03 00:52,10.00,5000.00,KATL 030052Z 10012KT 10SM FEW050 BKN150 BKN250 28/21 A3011 RMK AO2 SLP185 T02830206
ATL,2023-08-03 01:52,10.00,18000.00,KATL 030152Z 11009KT 10SM SCT180 BKN250 28/21 A3013 RMK AO2 SLP191 T02780206
ATL,2023-08-03 02:52,10.00,18000.00,KATL 030252Z 12008KT 10SM FEW180 SCT250 27/21 A3014 RMK AO2 SLP194 T02670206 51011
ATL,2023-08-03 03:52,10.00,7000.00,KATL 030352Z 12005KT 10SM FEW070 FEW200 SCT250 26/21 A3013 RMK AO2 SLP193 T02610211
ATL,2023-08-03 04:52,10.00,6000.00,KATL 030452Z 13006KT 10SM FEW060 SCT150 SCT200 26/21 A3013 RMK AO2 SLP190 T02560211 403280233
ATL,2023-08-03 05:52,10.00,5500.00,KATL 030552Z 15006KT 10SM FEW055 FEW120 SCT150 SCT200 25/21 A3011 RMK AO2 SLP185 T02500211 10300 20250 58008
ATL,2023-08-03 06:52,10.00,4500.00,KATL 030652Z 17008KT 10SM FEW045 SCT055 BKN070 25/21 A3010 RMK AO2 SLP181 T02500211
ATL,2023-08-03 07:52,10.00,4500.00,KATL 030752Z 18008KT 10SM FEW045 FEW055 SCT120 SCT150 24/21 A3009 RMK AO2 SLP178 T02440211
ATL,2023-08-03 08:52,10.00,3500.00,KATL 030852Z 19008KT 10SM FEW035 BKN048 24/21 A3010 RMK AO2 SLP182 T02440211 55003
ATL,2023-08-03 09:52,10.00,1300.00,KATL 030952Z 20008KT 10SM FEW013 SCT048 SCT150 24/21 A3010 RMK AO2 SLP181 T02390211
ATL,2023-08-03 10:52,10.00,1000.00,KATL 031052Z 21007KT 10SM FEW010 SCT050 BKN120 BKN150 24/21 A3012 RMK AO2 SLP187 T02390211 $
ATL,2023-08-03 11:52,9.00,1000.00,KATL 031152Z 19008KT 9SM FEW010 SCT045 BKN090 BKN150 OVC200 24/22 A3012 RMK AO2 SLP188 BINOVC T02390217 10256 20239 53005 $
ATL,2023-08-03 12:52,10.00,1000.00,KATL 031252Z 21007KT 10SM SCT010 SCT090 BKN130 BKN160 24/22 A3012 RMK AO2 SLP189 T02440217 $
ATL,2023-08-03 13:52,10.00,1200.00,KATL 031352Z 22006KT 10SM FEW012 BKN095 BKN140 OVC200 25/22 A3013 RMK AO2 SLP192 T02500217 $
ATL,2023-08-03 14:52,10.00,300.00,KATL 031452Z 23005KT 10SM FEW003 FEW014 BKN095 BKN150 OVC200 26/22 A3012 RMK AO2 SLP187 FU FEW003 T02560217 58001 $
ATL,2023-08-03 15:52,10.00,2600.00,KATL 031552Z 21009KT 10SM FEW026 FEW080 SCT200 29/22 A3009 RMK AO2 SLP178 T02890222 $
ATL,2023-08-03 16:52,10.00,3000.00,KATL 031652Z 22008KT 10SM FEW030 SCT095 SCT200 BKN250 31/22 A3009 RMK AO2 SLP177 MDT CU SW-W NW T03060222 $
ATL,2023-08-03 17:52,10.00,3400.00,KATL 031752Z 21011G16KT 10SM SCT034 SCT100 BKN200 BKN250 32/21 A3006 RMK AO2 SLP167 TCU DSNT NW MDT CU NE-SE-SW T03170211 10322 20239 58019 $
ATL,2023-08-03 18:52,10.00,3300.00,KATL 031852Z 30005KT 10SM FEW033TCU SCT090 BKN200 BKN250 31/23 A3005 RMK AO2 RAB39E52 SLP163 TCU NW-N DSNT NE-SE W P0000 T03060228 $
ATL,2023-08-03 19:52,10.00,4500.00,KATL 031952Z 25010G17KT 10SM FEW045TCU SCT090 BKN200 BKN250 33/22 A3001 RMK AO2 LTG DSNT NW-NE SLP151 CB DSNT NW-NE TCU E SE W DSNT SW NW T03280217 $
ATL,2023-08-03 20:52,10.00,1800.00,KATL 032052Z 28004KT 10SM TS FEW018 BKN044CB BKN100 OVC200 31/22 A3001 RMK AO2 RAB33E45 TSB33 SLP152 FRQ LTGICCG VC W-N-NE TS VC W-N-NE MOV SE SHELF CLOUD VC NW-NE MOV SE P0000 60000 T03110222 55015 $
ATL,2023-08-03 21:52,10.00,3000.00,KATL 032152Z 21003KT 10SM -RA FEW030 SCT110 BKN150 OVC200 23/21 A3001 RMK AO2 PK WND 32034/2104 WSHFT 2057 RAB01 TSE52 SLP152 FRQ LTG DSNT SE-SW TS MOVD SE CB DSNT SE-SW P0023 T02330211 $
ATL,2023-08-03 22:52,10.00,11000.00,KATL 032252Z 21005KT 10SM FEW110 SCT150 BKN200 OVC250 24/22 A2999 RMK AO2 SLP145 RAE2159 LTG DSNT SE-SW CB DSNT SE-SW P0000 T02390222 $
ATL,2023-08-03 23:52,10.00,14000.00,KATL 032352Z 22006KT 10SM BKN140 BKN200 OVC250 24/22 A2999 RMK AO2 SLP147 60023 T02390217 10333 20233 55007 $
ATL,2023-08-04 00:52,10.00,11000.00,KATL 040052Z 26005KT 10SM SCT110 BKN150 OVC200 24/21 A3001 RMK AO2 SLP155 T02390211 $
ATL,2023-08-04 01:52,10.00,7000.00,KATL 040152Z 21003KT 10SM FEW070 BKN150 OVC200 23/21 A3002 RMK AO2 SLP155 T02330211 $
ATL,2023-08-04 02:52,10.00,6000.00,KATL 040252Z 22005KT 10SM FEW060 SCT150 BKN200 OVC250 23/21 A3002 RMK AO2 SLP155 T02330211 50007 $
ATL,2023-08-04 03:52,10.00,18000.00,KATL 040352Z 28005KT 10SM BKN180 BKN250 23/21 A3000 RMK AO2 SLP147 T02330211 $
ATL,2023-08-04 04:52,10.00,20000.00,KATL 040452Z 29005KT 10SM FEW200 SCT250 23/21 A3000 RMK AO2 SLP146 T02280206 403330228 $
ATL,2023-08-04 05:52,10.00,5500.00,KATL 040552Z 26005KT 10SM SCT055 SCT200 BKN250 23/21 A2999 RMK AO2 SLP146 T02280211 10239 20228 56007 $
ATL,2023-08-04 06:52,10.00,5500.00,KATL 040652Z 27003KT 10SM BKN055 23/21 A2999 RMK AO2 SLP146 T02280211 $
ATL,2023-08-04 07:52,10.00,4900.00,KATL 040752Z 28003KT 10SM SCT049 BKN060 BKN110 23/21 A2998 RMK AO2 SLP139 T02330211 $
ATL,2023-08-04 08:52,10.00,4800.00,KATL 040852Z 00000KT 10SM BKN048 BKN070 23/21 A2997 RMK AO2 SLP136 T02330211 58009 $
ATL,2023-08-04 09:52,10.00,3300.00,KATL 040952Z 31004KT 10SM -RA SCT033 SCT070 BKN100 23/21 A2995 RMK AO2 RAB40 SLP134 P0000 T02330211 $
ATL,2023-08-04 10:52,10.00,2500.00,KATL 041052Z 00000KT 10SM FEW025 SCT060 SCT110 BKN160 BKN250 23/21 A2996 RMK AO2 LTG DSNT SW RAE0955 SLP137 CB DSNT SW P0000 T02280211 $
ATL,2023-08-04 11:52,10.00,700.00,KATL 041152Z 24009KT 10SM SCT007 BKN042 BKN110 OVC250 23/21 A2999 RMK AO2 SLP145 60000 70023 T02280211 10233 20228 53006 $
ATL,2023-08-04 12:52,10.00,3800.00,KATL 041252Z 28006KT 10SM FEW038 SCT080 BKN150 OVC200 24/21 A2998 RMK AO2 SLP142 VIRGA SE-S T02390211 $
ATL,2023-08-04 13:52,10.00,1200.00,KATL 041352Z 28008KT 10SM FEW012 SCT048 SCT150 OVC200 24/22 A2999 RMK AO2 SLP146 T02440217 $
ATL,2023-08-04 14:52,10.00,1100.00,KATL 041452Z 30009KT 10SM BKN011 BKN026 OVC200 26/22 A3000 RMK AO2 SLP148 T02560222 53003 $
ATL,2023-08-04 15:52,10.00,1600.00,KATL 041552Z 31013KT 10SM SCT016 SCT150 BKN220 28/22 A2999 RMK AO2 SLP146 T02780222 $
ATL,2023-08-04 16:52,10.00,2300.00,KATL 041652Z 28012KT 10SM BKN023 BKN110 BKN220 29/23 A3000 RMK AO2 SLP147 T02940228
ATL,2023-08-04 17:52,10.00,2600.00,KATL 041752Z 32011KT 10SM BKN026 BKN130 BKN250 30/22 A2999 RMK AO2 SLP145 T03000222 10311 20228 58001
ATL,2023-08-04 18:52,10.00,3000.00,KATL 041852Z 31009KT 10SM SCT030 BKN044 OVC120 29/22 A2999 RMK AO2 SLP145 MDT CU ALQDS T02940222
ATL,2023-08-04 19:52,10.00,3200.00,KATL 041952Z 32012G20KT 10SM FEW032 FEW200 BKN250 31/22 A2996 RMK AO2 SLP135 CB DSNT N E MDT CU DSNT N SE SW T03110222
ATL,2023-08-04 20:52,10.00,3300.00,KATL 042052Z 31011KT 10SM SCT033 SCT150 BKN250 32/22 A2995 RMK AO2 SLP130 CB DSNT N MDT CU ALQDS T03170222 58014
ATL,2023-08-04 21:52,10.00,3400.00,KATL 042152Z 31008KT 10SM SCT034TCU SCT150 BKN250 31/21 A2993 RMK AO2 LTG DSNT NE SLP125 CB DSNT NE TCU N-E-S T03110211
ATL,2023-08-04 22:52,10.00,3500.00,KATL 042252Z 30006KT 10SM FEW035TCU SCT200 BKN250 31/22 A2993 RMK AO2 SLP124 TCU SE-S NW T03060217
ATL,2023-08-04 23:52,10.00,3000.00,KATL 042352Z 36008KT 10SM SCT030CB BKN060 BKN150 BKN250 29/22 A2994 RMK AO2 SLP126 CB W-NW MOV SE TCU E-S-W T02940222 10328 20289 55004
ATL,2023-08-05 00:52,10.00,2800.00,KATL 050052Z 29006KT 10SM FEW028 SCT090 BKN200 BKN250 27/23 A2995 RMK AO2 RAB13E26 SLP131 CB DSNT SE-S P0000 T02720228
ATL,2023-08-05 01:52,10.00,3000.00,KATL 050152Z 27003KT 10SM FEW030 BKN140 BKN200 BKN250 27/22 A2995 RMK AO2 LTG DSNT SE SLP129 CB DSNT SE T02720222
ATL,2023-08-05 02:52,10.00,15000.00,KATL 050252Z 31009KT 10SM SCT150 BKN200 BKN250 27/23 A2997 RMK AO2 SLP139 60000 T02670228 53012
ATL,2023-08-05 03:52,10.00,15000.00,KATL 050352Z 32005KT 10SM FEW150 BKN200 BKN250 26/22 A2998 RMK AO2 SLP139 T02610222
ATL,2023-08-05 04:52,10.00,18000.00,KATL 050452Z 29004KT 10SM BKN180 BKN250 26/22 A2999 RMK AO2 SLP142 T02560222 403280228
ATL,2023-08-05 05:52,10.00,18000.00,KATL 050552Z 31007KT 10SM BKN180 BKN250 25/22 A2999 RMK AO2 SLP142 60000 T02500222 10294 20250 50003
ATL,2023-08-05 06:52,10.00,18000.00,KATL 050652Z 30007KT 10SM SCT180 SCT250 24/22 A2998 RMK AO2 SLP139 T02440222
ATL,2023-08-05 07:52,10.00,18000.00,KATL 050752Z 30006KT 10SM SCT180 24/22 A2998 RMK AO2 SLP138 T02390217
ATL,2023-08-05 08:52,10.00,700.00,KATL 050852Z 31005KT 10SM FEW007 SCT180 23/22 A2997 RMK AO2 SLP137 T02330217 56004
ATL,2023-08-05 09:52,10.00,400.00,KATL 050952Z 32007KT 10SM SCT004 SCT150 23/22 A2998 RMK AO2 SLP141 T02330217
ATL,2023-08-05 10:52,3.00,300.00,KATL 051052Z 35007KT 3SM BR BKN003 23/22 A2999 RMK AO2 SFC VIS 6 SLP144 TWRINC T02330217
ATL,2023-08-05 11:52,7.00,600.00,KATL 051152Z 33005KT 7SM FEW006 FEW150 FEW200 24/22 A3000 RMK AO2 SLP147 T02390222 10250 20233 53008
ATL,2023-08-05 12:52,6.00,700.00,KATL 051252Z 35006KT 6SM HZ BKN007 BKN250 25/22 A3002 RMK AO2 SLP154 T02500222
ATL,2023-08-05 13:52,9.00,900.00,KATL 051352Z VRB04KT 9SM BKN009 BKN250 26/22 A3003 RMK AO2 SLP157 BKN009 V SCT T02610222
ATL,2023-08-05 14:52,10.00,2200.00,KATL 051452Z 00000KT 10SM FEW022 FEW250 29/22 A3003 RMK AO2 SLP157 MDT CU DSNT NE NW T02890222 51012
ATL,2023-08-05 15:52,10.00,3000.00,KATL 051552Z 00000KT 10SM SCT030 SCT100 30/22 A3003 RMK AO2 SLP159 MDT CU ALQDS T03000217
ATL,2023-08-05 16:52,10.00,3500.00,KATL 051652Z 00000KT 10SM SCT035 SCT100 32/21 A3003 RMK AO2 SLP156 MDT CU ALQDS T03220206
ATL,2023-08-05 17:52,10.00,4500.00,KATL 051752Z 16003KT 10SM SCT045 32/21 A3001 RMK AO2 SLP150 MDT CU ALQDS T03220206 10333 20239 58007
ATL,2023-08-05 18:52,10.00,5000.00,KATL 051852Z VRB03KT 10SM SCT050TCU SCT250 33/20 A3001 RMK AO2 SLP150 TCU SE MDT CU ALQDS T03330200
ATL,2023-08-05 19:52,10.00,5500.00,KATL 051952Z 00000KT 10SM SCT055 SCT150 SCT250 34/21 A3000 RMK AO2 SLP148 TCU DSNT SW-W MDT CU ALQDS T03390206
ATL,2023-08-05 20:52,10.00,6000.00,KATL 052052Z VRB05KT 10SM SCT060TCU SCT150 SCT250 35/21 A2998 RMK AO2 SLP140 TCU NE S DSNT SW MDT CU ALQDS T03500206 58008
ATL,2023-08-05 21:52,10.00,6000.00,KATL 052152Z VRB03KT 10SM SCT060 SCT250 34/19 A2996 RMK AO2 SLP134 TCU DSNT SE MDT CU ALQDS T03440194
ATL,2023-08-05 22:52,10.00,6500.00,KATL 052252Z 35005KT 10SM SCT065 SCT250 34/19 A2996 RMK AO2 SLP132 MDT CU ALQDS T03440194
ATL,2023-08-05 23:52,10.00,6000.00,KATL 052352Z 15008KT 10SM SCT060 SCT250 33/20 A2997 RMK AO2 SLP136 T03280200 10356 20322 55004
ATL,2023-08-06 00:52,10.00,6000.00,KATL 060052Z 18003KT 10SM SCT060 SCT090 BKN250 32/21 A3000 RMK AO2 SLP145 T03170206
ATL,2023-08-06 01:52,10.00,5500.00,KATL 060152Z 17003KT 10SM SCT055 SCT080 SCT250 31/21 A3001 RMK AO2 SLP149 T03060211
ATL,2023-08-06 02:52,10.00,5500.00,KATL 060252Z 00000KT 10SM BKN055 BKN080 29/22 A3004 RMK AO2 SLP158 T02940217 53022
ATL,2023-08-06 03:52,10.00,5500.00,KATL 060352Z 26005KT 10SM FEW055 SCT250 29/22 A3003 RMK AO2 SLP155 T02890217
ATL,2023-08-06 04:52,10.00,6500.00,KATL 060452Z 28006KT 10SM FEW065 SCT100 SCT250 28/22 A3003 RMK AO2 SLP158 T02830222 403560233
ATL,2023-08-06 05:52,10.00,6000.00,KATL 060552Z 29005KT 10SM FEW060 SCT085 SCT200 SCT250 28/22 A3001 RMK AO2 SLP151 T02780222 10328 20278 58007
ATL,2023-08-06 06:52,10.00,8500.00,KATL 060652Z 13004KT 10SM FEW085 SCT200 SCT250 27/22 A2996 RMK AO2 PRESFR SLP131 T02720222
ATL,2023-08-06 07:52,10.00,8500.00,KATL 060752Z 00000KT 10SM FEW085 SCT150 BKN200 BKN250 27/22 A2999 RMK AO2 SLP143 T02670222
ATL,2023-08-06 08:52,10.00,8500.00,KATL 060852Z 28004KT 10SM FEW085 BKN150 BKN200 BKN250 27/22 A3000 RMK AO2 SLP144 T02670222 55006
ATL,2023-08-06 09:52,10.00,15000.00,KATL 060952Z 17003KT 10SM BKN150 BKN200 26/23 A3000 RMK AO2 SLP144 T02610228
ATL,2023-08-06 10:52,10.00,5000.00,KATL 061052Z 00000KT 10SM FEW050 SCT150 26/23 A3001 RMK AO2 SLP149 T02610228
ATL,2023-08-06 11:52,10.00,5000.00,KATL 061152Z 21003KT 10SM FEW050 FEW150 FEW250 26/23 A3002 RMK AO2 SLP154 T02610228 10278 20256 53009 $
ATL,2023-08-06 12:52,10.00,5000.00,KATL 061252Z 24003KT 10SM FEW050 FEW150 FEW250 28/23 A3004 RMK AO2 SLP159 T02830228 $
ATL,2023-08-06 13:52,10.00,2800.00,KATL 061352Z 26006KT 10SM SCT028 SCT080 SCT200 31/23 A3005 RMK AO2 SLP163 CB DSNT N ACC W-NW T03060233 $
ATL,2023-08-06 14:52,10.00,2600.00,KATL 061452Z 29006KT 10SM BKN026TCU BKN100 BKN200 31/23 A3005 RMK AO2 SLP164 CB DSNT N TCU N MDT CU SW-W T03110233 51010 $
ATL,2023-08-06 15:52,10.00,3200.00,KATL 061552Z 27007KT 10SM BKN032TCU BKN075 BKN200 32/24 A3005 RMK AO2 SLP161 CB DSNT N TCU S-SW DSNT W NW MDT CU ALQDS T03170239 $
ATL,2023-08-06 16:52,10.00,3300.00,KATL 061652Z VRB06G16KT 10SM TS SCT033CB BKN065 BKN200 34/23 A3003 RMK AO2 TSB29 SLP155 OCNL LTGCG NW-N VC E TS NW-N VC E MOV E CB DSNT NE TCU SE W T03390233 $
ATL,2023-08-06 17:52,10.00,3200.00,KATL 061752Z 24006G14KT 10SM TS SCT032CB BKN060 BKN200 34/22 A2999 RMK AO2 SLP141 OCNL LTGCGIC VC N TS VC N MOV E CB DSNT E W TCU E S T03390222 10350 20261 58022 $
ATL,2023-08-06 18:52,1.25,1800.00,KATL 061852Z 04009G23KT 1 1/4SM +TSRA BR SCT018CB BKN030 OVC050 23/21 A3005 RMK AO2 PK WND 30053/1837 WSHFT 1829 RAB37 TSE08B28 SLP164 FRQ LTGICCCCG OHD-NE-SE TS OHD-NE-SE MOV E P0044 T02280211 $
ATL,2023-08-06 19:52,9.00,5500.00,KATL 061952Z 17007KT 9SM -TSRA FEW055CB BKN110 OVC150 23/21 A3002 RMK AO2 SLP155 OCNL LTGICCC OHD-ALQDS TS OHD-ALQDS MOV E CB DSNT W-NW P0019 T02330211 $
ATL,2023-08-06 20:52,10.00,900.00,KATL 062052Z COR 32007KT 10SM TS FEW009 SCT065CB BKN150 BKN200 24/22 A3005 RMK AO2 PK WND 30026/2038 RAE32 SLP165 OCNL LTGICCG VC W-NW TSE10B51 TS VC W-NW MOV E P0000 60063 T02440222 55006 $
ATL,2023-08-06 21:52,10.00,900.00,KATL 062152Z COR 22004KT 10SM -TSRA FEW009 SCT065CB BKN090 BKN200 BKN250 23/21 A2999 RMK AO2 LTG DSNT N AND S AND SW RAB07 SLP146 OCNL LTGICCG SW-W TS SW-W MOV E P0001 T02330211 $
ATL,2023-08-06 22:52,10.00,900.00,KATL 062252Z 29020G32KT 10SM SCT009 BKN020 OVC090 23/22 A3011 RMK AO2 PK WND 28032/2249 RAE36 TSE51 SLP186 TS DSIPTD P0000 T02330217 $
ATL,2023-08-06 23:52,6.00,3400.00,KATL 062352Z COR 00000KT 6SM -RA BR SCT034 OVC110 22/21 A3007 RMK AO2 PK WND 29032/2257 LTG DSNT ALQDS RAB2259 TSB02 SLP175 TS MOV E CB DSNT ALQDS P0037 60101 T02220206 10356 20222 50027 $
ATL,2023-08-07 00:52,10.00,3000.00,KATL 070052Z 17006KT 10SM FEW030 SCT045 BKN120 BKN170 BKN250 23/21 A3001 RMK AO2 SLP153 RAE36 P0006 T02280211 $
ATL,2023-08-07 01:52,10.00,11000.00,KATL 070152Z 16006KT 10SM FEW110 SCT140 BKN200 BKN250 22/21 A2999 RMK AO2 SLP145 T02220206 $
ATL,2023-08-07 02:52,10.00,400.00,KATL 070252Z 23008KT 10SM FEW004 SCT150 BKN190 BKN250 22/21 A3000 RMK AO2 SLP148 60006 T02170206 55024 $
ATL,2023-08-07 03:52,10.00,400.00,KATL 070352Z 24007KT 10SM FEW004 FEW150 SCT200 BKN250 22/21 A3001 RMK AO2 SLP149 T02220206 $
ATL,2023-08-07 04:52,10.00,500.00,KATL 070452Z 26004KT 10SM FEW005 SCT200 BKN250 22/21 A3002 RMK AO2 SLP152 T02170206 403560217 $
ATL,2023-08-07 05:52,10.00,20000.00,KATL 070552Z 20003KT 10SM FEW200 SCT250 22/21 A3000 RMK AO2 SLP147 60006 T02220206 10228 20217 50000 $
ATL,2023-08-07 06:52,10.00,20000.00,KATL 070652Z 25003KT 10SM FEW200 SCT250 22/21 A3000 RMK AO2 SLP151 T02170206 $
ATL,2023-08-07 07:52,10.00,20000.00,KATL 070752Z 27006KT 10SM FEW200 22/21 A3000 RMK AO2 SLP150 T02170206 $
ATL,2023-08-07 08:52,10.00,400.00,KATL 070852Z 26005KT 10SM FEW004 SCT200 22/21 A3001 RMK AO2 SLP152 T02170206 53001 $
ATL,2023-08-07 09:52,10.00,3500.00,KATL 070952Z 25004KT 10SM FEW035 SCT200 22/21 A3001 RMK AO2 SLP155 T02220206 $
ATL,2023-08-07 10:52,10.00,1400.00,KATL 071052Z 25008KT 10SM FEW014 SCT070 SCT120 BKN200 22/21 A3003 RMK AO2 RAB21E37 TSB08E46 SLP160 TS DSIPTD P0010 T02220206 $
ATL,2023-08-07 11:52,10.00,700.00,KATL 071152Z 24006KT 10SM FEW007 FEW035 FEW120 FEW200 23/21 A3003 RMK AO2 SLP162 60010 70117 T02280206 10228 20217 51009
ATL,2023-08-07 12:52,10.00,800.00,KATL 071252Z 24010KT 10SM BKN008 BKN035 BKN200 24/22 A3003 RMK AO2 SLP160 BKN008 V SCT T02390217
ATL,2023-08-07 13:52,10.00,700.00,KATL 071352Z 22007KT 10SM OVC007 25/23 A3004 RMK AO2 SLP165 CIG 006V009 BINOVC T02500228
ATL,2023-08-07 14:52,10.00,1000.00,KATL 071452Z 23008KT 10SM BKN010 BKN050 BKN250 26/23 A3005 RMK AO2 SLP166 CIG 008V012 T02610233 53004
ATL,2023-08-07 15:52,10.00,300.00,KATL 071552Z 23009G16KT 10SM FEW003 FEW016 FEW250 28/24 A3002 RMK AO2 SLP156 FU FEW003 T02780239
ATL,2023-08-07 16:52,10.00,2400.00,KATL 071652Z 23006G15KT 10SM FEW024 FEW200 FEW250 30/24 A3002 RMK AO2 SLP153 T03000244
ATL,2023-08-07 17:52,10.00,3000.00,KATL 071752Z 24014G20KT 10SM FEW030 FEW200 FEW250 32/24 A3000 RMK AO2 SLP148 TCU DSNT N NW T03220239 10322 20228 56015
ATL,2023-08-07 18:52,10.00,3800.00,KATL 071852Z COR 25010G19KT 10SM SCT038 SCT200 SCT250 33/24 A2997 RMK AO2 SLP137 CB DSNT N NE TCU DSNT NW-NE T03330244
ATL,2023-08-07 19:52,10.00,4200.00,KATL 071952Z 23012G24KT 10SM FEW042TCU SCT200 SCT250 34/24 A2994 RMK AO2 LTG DSNT N AND NW SLP125 CB DSNT NW-NE TCU NE DSNT N-NE NW T03390239
ATL,2023-08-07 20:52,10.00,4400.00,KATL 072052Z 25013G22KT 10SM TS SCT044CB SCT080 BKN200 BKN250 33/24 A2995 RMK AO2 TSB34 SLP129 FRQ LTGICCG NE TS NE MOV E CB DSNT N-NE SW NW TCU SW T03330239 55018
ATL,2023-08-07 21:52,10.00,3500.00,KATL 072152Z 30024G30KT 10SM -TSRA SCT035CB BKN080 BKN200 BKN250 28/21 A3005 RMK AO2 PK WND 30039/2152 PRESRR SLP165 RAB37 FRQ LTGICCG SW-NW-NE TS SW-NW-NE MOV E SHELF CLOUD SW-NW-N P0000 T02830211
ATL,2023-08-07 22:52,10.00,9000.00,KATL 072252Z 01003KT 10SM SCT090 BKN130CB OVC200 23/21 A2999 RMK AO2 PK WND 30040/2158 RAE28 TSE52 SLP146 LTG DSNT NE-SE TS MOVD E CB DSNT NE-SE CBMAM OHD P0016 T02330206
ATL,2023-08-07 23:52,10.00,11000.00,KATL 072352Z 26007KT 10SM FEW110 SCT150 BKN200 BKN250 23/21 A3001 RMK AO2 SLP154 60016 T02280211 10339 20228 51020
ATL,2023-08-08 00:52,10.00,15000.00,KATL 080052Z 26004KT 10SM SCT150 BKN200 BKN250 23/21 A3000 RMK AO2 SLP150 T02280211
ATL,2023-08-08 01:52,10.00,10000.00,KATL 080152Z 17005KT 10SM BKN100 BKN200 BKN250 23/21 A3001 RMK AO2 SLP154 T02280211
ATL,2023-08-08 02:52,10.00,7000.00,KATL 080252Z 21004KT 10SM FEW070 SCT150 BKN250 23/22 A3001 RMK AO2 LTG DSNT SW SLP153 CB DSNT SW T02280217 56000
ATL,2023-08-08 03:52,10.00,7000.00,KATL 080352Z 21004KT 10SM FEW070 FEW150 SCT250 23/21 A3001 RMK AO2 LTG DSNT SE AND S SLP151 CB DSNT SE-S T02280211
ATL,2023-08-08 04:52,10.00,4000.00,KATL 080452Z 23004KT 10SM FEW040CB BKN070 BKN200 BKN250 23/21 A3000 RMK AO2 SLP149 CB S DSNT SE SW MOV E T02280211 403390217
ATL,2023-08-08 05:52,10.00,6000.00,KATL 080552Z 26006KT 10SM SCT060 SCT100 SCT200 SCT250 23/21 A3000 RMK AO2 LTG DSNT SE AND S SLP148 CB DSNT SE-S T02280211 10233 20228 55001
ATL,2023-08-08 06:52,10.00,2700.00,KATL 080652Z COR 27005KT 10SM SCT027 BKN060 BKN250 23/21 A3001 RMK AO2 SLP149 T02280206
ATL,2023-08-08 07:52,10.00,3000.00,KATL 080752Z 24006KT 10SM FEW030 FEW250 23/21 A3001 RMK AO2 SLP150 LTG DSNT SE CB DSNT SE T02280206
ATL,2023-08-08 08:52,10.00,2700.00,KATL 080852Z 24003KT 10SM FEW027 23/21 A3002 RMK AO2 SLP152 T02280206 53004
ATL,2023-08-08 09:52,10.00,3000.00,KATL 080952Z 21003KT 10SM BKN030 22/21 A3003 RMK AO2 SLP158 T02220206
ATL,2023-08-08 10:52,10.00,3600.00,KATL 081052Z 27006KT 10SM SCT036 SCT250 22/21 A3003 RMK AO2 SLP161 T02220206 $
ATL,2023-08-08 11:52,10.00,3600.00,KATL 081152Z 26005KT 10SM FEW036 FEW250 23/21 A3004 RMK AO2 SLP162 70016 T02330206 10233 20222 51007 $
ATL,2023-08-08 12:52,10.00,1000.00,KATL 081252Z 28007KT 10SM FEW010 FEW150 SCT200 SCT250 24/21 A3005 RMK AO2 SLP167 T02440211 $
ATL,2023-08-08 13:52,10.00,1400.00,KATL 081352Z 27008KT 10SM FEW014 SCT200 SCT250 BKN300 26/22 A3005 RMK AO2 SLP165 T02610217 $
ATL,2023-08-08 14:52,10.00,2000.00,KATL 081452Z 27008KT 10SM SCT020 SCT200 BKN250 BKN300 27/21 A3004 RMK AO2 SLP163 T02720211 50002 $
ATL,2023-08-08 15:52,10.00,2600.00,KATL 081552Z 29007KT 10SM FEW026 FEW150 BKN200 BKN250 28/21 A3004 RMK AO2 SLP162 T02830211 $
ATL,2023-08-08 16:52,10.00,3200.00,KATL 081652Z 26010KT 10SM FEW032 SCT060 SCT150 BKN200 28/21 A3005 RMK AO2 SLP167 MDT CU S-W DSNT SE-S T02830206 $
ATL,2023-08-08 17:52,10.00,4000.00,KATL 081752Z 26010KT 10SM FEW040 FEW065 BKN180 BKN250 29/21 A3005 RMK AO2 SLP163 T02940206 10300 20233 50001 $
ATL,2023-08-08 18:52,10.00,4200.00,KATL 081852Z 31009KT 10SM FEW042 SCT060 SCT150 OVC200 30/21 A3004 RMK AO2 SLP163 T03000206 $
ATL,2023-08-08 19:52,10.00,4200.00,KATL 081952Z 31024G34KT 10SM FEW042TCU SCT060 SCT150 OVC200 29/19 A3006 RMK AO2 PK WND 31034/1951 SLP168 CB DSNT S TCU NW MDT CU SW-W DSNT E-SE T02890194 $
ATL,2023-08-08 20:52,10.00,3400.00,KATL 082052Z COR 32008G16KT 10SM -RA FEW034 SCT070 BKN110 OVC180 27/20 A3000 RMK AO2 PK WND 31032/1958 RAB12 SLP148 PCPN VRY LGT P0000 60000 T02670200 58016 $
ATL,2023-08-08 21:52,10.00,8000.00,KATL 082152Z 33007KT 10SM FEW080 BKN110 BKN150 OVC200 26/20 A3000 RMK AO2 RAE52 SLP149 P0000 T02610200 $
ATL,2023-08-08 22:52,10.00,11000.00,KATL 082252Z 28003KT 10SM BKN110 BKN150 BKN200 OVC250 25/20 A2998 RMK AO2 RAB20E39 SLP143 P0000 T02500200 $
ATL,2023-08-08 23:52,10.00,10000.00,KATL 082352Z 00000KT 10SM FEW100 BKN150 BKN200 BKN250 26/19 A2999 RMK AO2 SLP147 60000 T02560194 10311 20250 55002 $
ATL,2023-08-09 00:52,10.00,9000.00,KATL 090052Z 19004KT 10SM FEW090 SCT150 BKN200 BKN250 24/20 A2999 RMK AO2 SLP147 T02440200 $
ATL,2023-08-09 01:52,10.00,12000.00,KATL 090152Z 29005KT 10SM SCT120 BKN200 BKN250 24/20 A2999 RMK AO2 SLP147 T02390200 $
ATL,2023-08-09 02:52,10.00,12000.00,KATL 090252Z 26004KT 10SM FEW120 SCT250 23/21 A3002 RMK AO2 SLP155 T02280206 53009 $
ATL,2023-08-09 03:52,10.00,12000.00,KATL 090352Z 27006KT 10SM FEW120 FEW250 23/21 A3002 RMK AO2 SLP156 T02280206 $
ATL,2023-08-09 04:52,10.00,M,KATL 090452Z 29007KT 10SM CLR 22/21 A3002 RMK AO2 SLP156 T02220206 403110222 $
ATL,2023-08-09 05:52,10.00,M,KATL 090552Z 28005KT 10SM CLR 22/20 A3002 RMK AO2 SLP155 T02170200 10256 20217 58001 $
ATL,2023-08-09 06:52,10.00,M,KATL 090652Z 27005KT 10SM CLR 21/19 A3001 RMK AO2 SLP153 T02110194 $
ATL,2023-08-09 07:52,10.00,25000.00,KATL 090752Z 29005KT 10SM FEW250 21/19 A3001 RMK AO2 SLP153 T02110194 $
ATL,2023-08-09 08:52,10.00,25000.00,KATL 090852Z 28005KT 10SM SCT250 21/19 A3001 RMK AO2 SLP151 T02060194 58004 $
ATL,2023-08-09 09:52,10.00,20000.00,KATL 090952Z 27004KT 10SM FEW200 BKN250 21/19 A3001 RMK AO2 SLP153 T02060194 $
ATL,2023-08-09 10:52,8.00,20000.00,KATL 091052Z 26003KT 8SM FEW200 SCT250 21/19 A3003 RMK AO2 SLP160 T02060194 $
ATL,2023-08-09 11:52,8.00,20000.00,KATL 091152Z 27005KT 8SM FEW200 BKN250 22/20 A3004 RMK AO2 SLP164 T02170200 10217 20206 53012
ATL,2023-08-09 12:52,8.00,500.00,KATL 091252Z 31008KT 8SM FEW005 FEW200 BKN250 22/20 A3006 RMK AO2 SLP169 VIS LWR SW-NW T02220200
ATL,2023-08-09 13:52,8.00,1200.00,KATL 091352Z 31007KT 8SM FEW012 SCT200 SCT250 24/21 A3003 RMK AO2 SLP161 T02440206
ATL,2023-08-09 14:52,10.00,2000.00,KATL 091452Z 30006KT 10SM FEW020 SCT200 SCT250 26/20 A3003 RMK AO2 SLP161 T02610200 58003
ATL,2023-08-09 15:52,10.00,3000.00,KATL 091552Z 31007KT 10SM FEW030 BKN200 BKN250 27/20 A3003 RMK AO2 SLP157 T02720200
ATL,2023-08-09 16:52,10.00,3800.00,KATL 091652Z 31008KT 10SM FEW038 SCT200 BKN250 29/20 A3001 RMK AO2 SLP153 T02890200
ATL,2023-08-09 17:52,10.00,4200.00,KATL 091752Z 33006KT 10SM FEW042 SCT200 BKN250 30/20 A2999 RMK AO2 SLP145 T03000200 10300 20211 58013
ATL,2023-08-09 18:52,10.00,5000.00,KATL 091852Z 27008KT 10SM FEW050 SCT200 BKN250 31/20 A2998 RMK AO2 SLP140 T03060200
ATL,2023-08-09 19:52,10.00,5000.00,KATL 091952Z 27008KT 10SM FEW050 BKN200 BKN250 31/21 A2998 RMK AO2 SLP140 T03110206
ATL,2023-08-09 20:52,10.00,4600.00,KATL 092052Z 28007KT 10SM FEW046 FEW150 SCT200 BKN250 32/20 A2996 RMK AO2 SLP134 T03170200 57010
ATL,2023-08-09 21:52,10.00,4500.00,KATL 092152Z 29008KT 10SM FEW045 BKN150 BKN200 BKN250 31/19 A2997 RMK AO2 SLP138 T03060194
ATL,2023-08-09 22:52,10.00,4500.00,KATL 092252Z 25006KT 10SM FEW045 SCT150 BKN200 BKN250 31/21 A2996 RMK AO2 SLP133 T03110206
ATL,2023-08-09 23:52,10.00,14000.00,KATL 092352Z 27003KT 10SM FEW140 BKN200 BKN250 29/21 A2996 RMK AO2 SLP135 T02940206 10317 20294 50000
ATL,2023-08-10 00:52,10.00,9000.00,KATL 100052Z 35006KT 10SM -RA FEW090 BKN130 BKN200 BKN250 29/21 A2997 RMK AO2 RAB51 SLP139 LTG DSNT SW-W CB DSNT SW-W P0000 T02940206
ATL,2023-08-10 01:52,10.00,5000.00,KATL 100152Z 18004KT 10SM -RA FEW050 SCT080 BKN110 OVC150 28/23 A2998 RMK AO2 SLP140 LTG DSNT SW-W NW CB DSNT SW-W NW P0000 T02780228
ATL,2023-08-10 02:52,10.00,5000.00,KATL 100252Z 20005KT 10SM -RA FEW050 SCT070 BKN100 OVC150 27/23 A2998 RMK AO2 SLP142 P0000 60000 T02670228 51007
ATL,2023-08-10 03:52,8.00,7000.00,KATL 100352Z 15009G17KT 8SM -RA FEW070 BKN110 OVC150 25/23 A2988 RMK AO2 PRESFR SLP107 P0003 T02500228
ATL,2023-08-10 04:52,10.00,15000.00,KATL 100452Z 27005KT 10SM FEW150 BKN200 BKN250 26/23 A2992 RMK AO2 RAE08 SLP121 P0000 T02560233 403170206
ATL,2023-08-10 05:52,10.00,15000.00,KATL 100552Z 22004KT 10SM FEW150 SCT200 SCT250 24/23 A2991 RMK AO2 SLP117 60003 T02440228 10294 20244 56024
ATL,2023-08-10 06:52,10.00,25000.00,KATL 100652Z 18004KT 10SM SCT250 24/23 A2987 RMK AO2 SLP103 T02440228
ATL,2023-08-10 07:52,10.00,2500.00,KATL 100752Z 19004KT 10SM SCT025 BKN033 24/23 A2987 RMK AO2 SLP102 T02440228
ATL,2023-08-10 08:52,10.00,1200.00,KATL 100852Z 22007KT 10SM SCT012 SCT020 BKN028 24/22 A2987 RMK AO2 SLP102 T02440222 56014
ATL,2023-08-10 09:52,10.00,800.00,KATL 100952Z 25011G19KT 10SM BKN008 OVC014 25/23 A2988 RMK AO2 SLP105 T02500228
ATL,2023-08-10 10:52,10.00,900.00,KATL 101052Z 27013G18KT 10SM BKN009 BKN095 BKN110 BKN150 OVC250 25/23 A2990 RMK AO2 LTG DSNT W-N PRESRR SLP114 CB DSNT W-N BINOVC T02500228
ATL,2023-08-10 11:52,9.00,4000.00,KATL 101152Z 32008KT 9SM -RA SCT040 BKN060 BKN100 BKN150 OVC200 22/19 A2993 RMK AO2 PK WND 30034/1112 LTG DSNT SW RAB22 TSB26E44 SLP124 TS DSIPTD CB DSNT SW P0001 60001 70004 T02170189 10250 20217 53020
ATL,2023-08-10 12:52,10.00,4500.00,KATL 101252Z COR 29008KT 10SM -RA FEW045 BKN055 OVC070 22/19 A2997 RMK AO2 LTG DSNT SW CB DSNT SW SLP137 RAE10B47 P0001 T02170189
ATL,2023-08-10 13:52,2.00,800.00,KATL 101352Z 31011G25KT 2SM +RA BR FEW008 BKN050CB OVC080 21/19 A3000 RMK AO2 SLP151 VIS SW-NW-NE 1 CB NE-OHD-SW MOV E P0004 T02060194
ATL,2023-08-10 14:52,10.00,800.00,KATL 101452Z 21005KT 10SM FEW008 SCT080 SCT140 BKN200 BKN250 22/19 A2995 RMK AO2 RAE23 SLP133 ACC E-S-SW P0010 60015 T02170194 50007
ATL,2023-08-10 15:52,10.00,1200.00,KATL 101552Z 22009KT 10SM FEW012 FEW110 BKN180 BKN250 23/21 A2992 RMK AO2 SLP124 FU FEW012 VIRGA E-OHD-W ACC DSNT NE-E SE T02330206
ATL,2023-08-10 16:52,10.00,2000.00,KATL 101652Z 22008KT 10SM FEW020 FEW140 BKN200 BKN250 25/21 A2992 RMK AO2 SLP120 T02500206
ATL,2023-08-10 17:52,10.00,3200.00,KATL 101752Z 26009KT 10SM FEW032 FEW140 BKN200 BKN250 27/20 A2991 RMK AO2 SLP119 60015 T02670200 10267 20206 56013
ATL,2023-08-10 18:52,10.00,4000.00,KATL 101852Z 25012G21KT 10SM FEW040 FEW150 BKN200 BKN250 27/19 A2991 RMK AO2 SLP116 T02720194
ATL,2023-08-10 19:52,10.00,4200.00,KATL 101952Z 27011G23KT 10SM FEW042 FEW150 SCT200 SCT250 29/21 A2990 RMK AO2 SLP114 T02940206
ATL,2023-08-10 20:52,10.00,4000.00,KATL 102052Z 27010KT 10SM FEW040 FEW055 SCT200 BKN250 30/21 A2990 RMK AO2 SLP114 T03000206 56003
ATL,2023-08-10 21:52,10.00,4000.00,KATL 102152Z 27011KT 10SM FEW040 FEW055 SCT200 BKN250 31/20 A2991 RMK AO2 SLP114 T03060200 $
ATL,2023-08-10 22:52,10.00,3800.00,KATL 102252Z 30009KT 10SM FEW038 BKN065 BKN200 BKN250 29/20 A2991 RMK AO2 SLP117 T02940200 $
ATL,2023-08-10 23:52,10.00,4300.00,KATL 102352Z 27006KT 10SM BKN043 BKN070 BKN250 28/21 A2992 RMK AO2 SLP120 T02830206 10306 20267 53004 $
ATL,2023-08-11 00:52,10.00,3500.00,KATL 110052Z 29005KT 10SM FEW035 BKN047 BKN070 BKN250 28/21 A2992 RMK AO2 SLP121 T02780206 $
ATL,2023-08-11 01:52,10.00,4000.00,KATL 110152Z 27004KT 10SM SCT040 SCT250 27/21 A2993 RMK AO2 SLP126 T02670211 $
ATL,2023-08-11 02:52,10.00,4000.00,KATL 110252Z 27004KT 10SM FEW040 FEW250 26/21 A2994 RMK AO2 SLP130 T02610211 53009 $
ATL,2023-08-11 03:52,10.00,12000.00,KATL 110352Z 27003KT 10SM SCT120 26/22 A2994 RMK AO2 SLP130 T02610217 $
ATL,2023-08-11 04:52,10.00,10000.00,KATL 110452Z 21003KT 10SM FEW100 FEW250 25/22 A2995 RMK AO2 SLP132 T02500222 403060206 $
ATL,2023-08-11 05:52,10.00,10000.00,KATL 110552Z 00000KT 10SM SCT100 SCT250 26/22 A2994 RMK AO2 SLP127 T02560217 10283 20250 58001 $
ATL,2023-08-11 06:52,10.00,10000.00,KATL 110652Z 18003KT 10SM FEW100 FEW200 SCT250 24/22 A2993 RMK AO2 SLP123 T02440217 $
ATL,2023-08-11 07:52,10.00,9000.00,KATL 110752Z 00000KT 10SM SCT090 SCT200 SCT250 24/22 A2991 RMK AO2 SLP117 T02440222 $
ATL,2023-08-11 08:52,10.00,5000.00,KATL 110852Z 18003KT 10SM FEW050 SCT095 SCT200 BKN250 24/22 A2992 RMK AO2 SLP121 T02440222 55006 $
ATL,2023-08-11 09:52,1.00,2000.00,KATL 110952Z 32006KT 1SM R09R/P6000FT +TSRA BR FEW020 BKN038CB OVC070 24/23 A2995 RMK AO2 LTG DSNT W SLP129 RAB25 TSB38 OCNL LTGICCG NE-OHD-SW TS NE-OHD-SW MOV E CB DSNT W P0009 T02440228 $
ATL,2023-08-11 10:52,10.00,3400.00,KATL 111052Z 25003KT 10SM -TSRA SCT034CB BKN075 BKN110 BKN200 24/23 A2995 RMK AO2 RAE30B50 SLP129 OCNL LTGICCGCA W-N-NE TS W-N-NE MOV E CB DSNT SW-NW-NE P0030 T02390228
ATL,2023-08-11 11:52,10.00,3800.00,KATL 111152Z 09004KT 10SM -TSRA BKN038CB BKN060 OVC120 24/23 A2993 RMK AO2 TSE26B42 SLP125 FRQ LTGICCGCA SW-NW TS SW-NW MOV E SHELF CLOUD SW-NW MOV E P0000 60039 70054 T02440228 10256 20239 50004 $
ATL,2023-08-11 12:52,6.00,5500.00,KATL 111252Z 26009KT 6SM -TSRA BR SCT055CB BKN080 OVC120 22/21 A2998 RMK AO2 PK WND 28029/1215 WSHFT 1210 SLP140 OCNL LTGICCA OHD-ALQDS TS OHD-ALQDS MOV E P0015 T02220206
ATL,2023-08-11 13:52,9.00,800.00,KATL 111352Z 23004KT 9SM FEW008 SCT042 BKN110 OVC150 22/21 A2999 RMK AO2 RAE52 TSE34 SLP146 TS MOVD E CB DSNT E-SE P0011 T02220211
ATL,2023-08-11 14:52,10.00,900.00,KATL 111452Z 22009KT 10SM FEW009 BKN110 BKN200 23/21 A2998 RMK AO2 SLP141 CB DSNT S SW SHRA NE-SE-S 60026 T02280211 50014
ATL,2023-08-11 15:52,10.00,1300.00,KATL 111552Z 25009KT 10SM FEW013 SCT065 SCT120 SCT200 27/22 A2998 RMK AO2 LTG DSNT SW SLP139 CB DSNT S SW T02670222
ATL,2023-08-11 16:52,10.00,2500.00,KATL 111652Z 25010G18KT 10SM FEW025 SCT085 SCT200 28/21 A2997 RMK AO2 LTG DSNT SW AND W SLP138 CB DSNT SW W ACC OHD T02830211
ATL,2023-08-11 17:52,10.00,2800.00,KATL 111752Z 25009G21KT 10SM FEW028 FEW090 SCT200 29/22 A2996 RMK AO2 LTG DSNT SE-SW SLP133 CB DSNT SE-SW TCU DSNT NW 60026 T02940222 10294 20222 58005
ATL,2023-08-11 18:52,10.00,3000.00,KATL 111852Z 23009G16KT 10SM FEW030 FEW120 FEW200 29/22 A2994 RMK AO2 SLP127 CB DSNT S-SW TCU DSNT NW-N T02940222
ATL,2023-08-11 19:52,10.00,2800.00,KATL 111952Z 24009KT 10SM FEW028 FEW120 SCT200 31/23 A2994 RMK AO2 SLP127 TCU DSNT N W NW MDT CU DSNT W-N T03110233
ATL,2023-08-11 20:52,10.00,2800.00,KATL 112052Z 24007KT 10SM FEW028 FEW150 SCT200 32/24 A2992 RMK AO2 LTG DSNT NW SLP121 CB DSNT NW TCU DSNT N MDT CU DSNT W T03220239 56012
ATL,2023-08-11 21:52,10.00,3000.00,KATL 112152Z 22012G16KT 10SM SCT030 SCT200 BKN250 31/24 A2991 RMK AO2 LTG DSNT N AND NW SLP117 CB DSNT NW-N TCU DSNT N-NE MDT CU OHD-E T03060239
ATL,2023-08-11 22:52,10.00,2200.00,KATL 112252Z 25010KT 10SM TS FEW022CB BKN150 BKN200 BKN250 29/24 A2993 RMK AO2 TSB39 SLP122 OCNL LTGICCG VC W-NW TS VC W-NW MOV S TCU NW-NE SHRA NW-NE T02940244
ATL,2023-08-11 23:52,10.00,2000.00,KATL 112352Z 25006KT 10SM FEW020 SCT150 SCT200 BKN250 28/24 A2994 RMK AO2 RAB2254E24 TSE31 SLP126 LTG DSNT SW-W CB DSNT SW-W TCU DSNT NE-E P0000 60000 T02830244 10322 20283 53004
ATL,2023-08-12 00:52,10.00,2000.00,KATL 120052Z 26004KT 10SM FEW020 SCT200 SCT250 26/22 A2996 RMK AO2 SLP136 T02610217
ATL,2023-08-12 01:52,10.00,20000.00,KATL 120152Z 23003KT 10SM SCT200 BKN250 26/23 A2997 RMK AO2 SLP140 T02610228
ATL,2023-08-12 02:52,10.00,20000.00,KATL 120252Z 21004KT 10SM FEW200 BKN250 26/23 A2998 RMK AO2 SLP144 T02610233 51016
ATL,2023-08-12 03:52,10.00,20000.00,KATL 120352Z 18003KT 10SM FEW200 BKN250 25/23 A2997 RMK AO2 SLP138 T02500233
ATL,2023-08-12 04:52,10.00,20000.00,KATL 120452Z 00000KT 10SM FEW200 SCT250 25/23 A2998 RMK AO2 SLP141 T02500228 403220222
ATL,2023-08-12 05:52,10.00,20000.00,KATL 120552Z 27004KT 10SM FEW200 FEW250 24/22 A2997 RMK AO2 SLP138 T02440222 10283 20244 56004
ATL,2023-08-12 06:52,10.00,M,KATL 120652Z 18005KT 10SM CLR 24/22 A2998 RMK AO2 SLP140 T02390222
ATL,2023-08-12 07:52,10.00,M,KATL 120752Z 00000KT 10SM CLR 23/22 A2999 RMK AO2 SLP143 T02280217
ATL,2023-08-12 08:52,10.00,M,KATL 120852Z 27004KT 10SM CLR 23/22 A3000 RMK AO2 SLP146 T02280217 53009
ATL,2023-08-12 09:52,10.00,3200.00,KATL 120952Z 28004KT 10SM SCT032 23/22 A3000 RMK AO2 SLP149 T02280217
ATL,2023-08-12 10:52,10.00,3200.00,KATL 121052Z 26004KT 10SM FEW032 23/21 A3002 RMK AO2 SLP155 T02280211
ATL,2023-08-12 11:52,10.00,500.00,KATL 121152Z 27005KT 10SM FEW005 FEW200 23/22 A3003 RMK AO2 SLP159 70026 T02330217 10244 20228 53012
ATL,2023-08-12 12:52,10.00,25000.00,KATL 121252Z 27003KT 10SM FEW250 27/23 A3004 RMK AO2 SLP160 T02670228
ATL,2023-08-12 13:52,10.00,2200.00,KATL 121352Z 30007KT 10SM FEW022 FEW250 28/23 A3004 RMK AO2 SLP162 T02830228
ATL,2023-08-12 14:52,10.00,2200.00,KATL 121452Z 29006KT 10SM FEW022 BKN250 29/24 A3004 RMK AO2 SLP160 T02940244 50002
ATL,2023-08-12 15:52,10.00,2400.00,KATL 121552Z VRB03KT 10SM SCT024 SCT250 32/25 A3003 RMK AO2 SLP158 MDT CU NW-NE-E T03220250
ATL,2023-08-12 16:52,10.00,3000.00,KATL 121652Z 23005KT 10SM SCT030 SCT250 32/23 A3003 RMK AO2 SLP156 MDT CU ALQDS T03170233
ATL,2023-08-12 17:52,10.00,3400.00,KATL 121752Z 29008KT 10SM SCT034TCU SCT200 BKN250 33/23 A3003 RMK AO2 SLP156 TCU NW DSNT SW MDT CU ALQDS T03330233 10333 20233 56004
ATL,2023-08-12 18:52,10.00,4000.00,KATL 121852Z 24007KT 10SM SCT040TCU SCT200 BKN250 33/24 A3001 RMK AO2 SLP151 CB DSNT W TCU NW DSNT SW MDT CU ALQDS T03330239
ATL,2023-08-12 19:52,10.00,3600.00,KATL 121952Z 29005KT 10SM SCT036 BKN200 OVC250 33/24 A2998 RMK AO2 LTG DSNT SW-NW SLP141 CB DSNT SW-NW TCU DSNT S-SW NW-N MDT CU E-SE T03330239
ATL,2023-08-12 20:52,0.50,1300.00,KATL 122052Z 30040G52KT 1/2SM R09R/P6000FT +TSRA FG SCT013 OVC034CB 24/22 A3000 RMK AO2 PK WND 31052/2052 RAB37 TSB15 SLP151 CONS LTGCGIC OHD-ALQDS TS OHD-ALQDS MOV SE P0013 60013 T02390217 55007
ATL,2023-08-12 21:52,10.00,8000.00,KATL 122152Z 09010KT 10SM FEW080 SCT110 BKN150 OVC200 24/23 A2999 RMK AO2 PK WND 32058/2055 WSHFT 2047 LTG DSNT ALQDS PRESFR SLP147 RAE46 TSE40 TS MOVD E CB DSNT ALQDS P0046 T02440228
ATL,2023-08-12 22:52,1.50,1300.00,KATL 122252Z 01010KT 1 1/2SM TSRA FEW013 FEW022 BKN050CB OVC150 24/22 A3010 RMK AO2 LTG DSNT ALQDS RAB49 TSB31 PRESRR SLP184 FRQ LTGICCCCG 0HD-SW-NE TS OHD-SW-NE MOV SE CBMAM OHD-SE-S SHELF CLOUD NE-S CB DSNT ALQDS P0014 T024
ATL,2023-08-12 23:52,10.00,5500.00,KATL 122352Z COR 14008KT 10SM -RA SCT055 SCT090 BKN110 BKN200 BKN250 24/22 A3002 RMK AO2 LTG DSNT E-SW TSE52 SLP157 TS MOV SE CBMAM OHD-SE-S CB DSNT E-SW P0009 60082 T02390222 10344 20233 50006
ATL,2023-08-13 00:52,10.00,9000.00,KATL 130052Z 23005KT 10SM FEW090 SCT130 BKN150 BKN250 24/22 A3002 RMK AO2 RAE2353 SLP155 P0000 T02390222
ATL,2023-08-13 01:52,10.00,10000.00,KATL 130152Z 22005KT 10SM FEW100 BKN150 BKN250 23/22 A3004 RMK AO2 SLP162 T02330217
ATL,2023-08-13 02:52,10.00,15000.00,KATL 130252Z 22005KT 10SM BKN150 BKN250 23/22 A3005 RMK AO2 SLP164 60000 T02330217 53009
ATL,2023-08-13 03:52,10.00,15000.00,KATL 130352Z 27005KT 10SM SCT150 SCT200 BKN250 23/22 A3004 RMK AO2 SLP160 T02330217
ATL,2023-08-13 04:52,10.00,600.00,KATL 130452Z 31003KT 10SM FEW006 FEW110 SCT200 BKN250 23/21 A3004 RMK AO2 SLP162 T02330211 403440228
ATL,2023-08-13 05:52,10.00,400.00,KATL 130552Z 32004KT 10SM FEW004 SCT130 SCT200 SCT250 23/22 A3003 RMK AO2 SLP157 60000 T02280217 10239 20228 58006
ATL,2023-08-13 06:52,10.00,400.00,KATL 130652Z 00000KT 10SM FEW004 SCT130 BKN200 23/22 A3002 RMK AO2 SLP155 T02280217
ATL,2023-08-13 07:52,10.00,500.00,KATL 130752Z 29003KT 10SM FEW005 SCT130 BKN200 23/21 A3002 RMK AO2 SLP153 T02280211
ATL,2023-08-13 08:52,10.00,13000.00,KATL 130852Z 30003KT 10SM FEW130 SCT200 23/21 A3003 RMK AO2 SLP158 T02280211 55002
ATL,2023-08-13 09:52,10.00,13000.00,KATL 130952Z 30005KT 10SM FEW130 FEW250 23/21 A3003 RMK AO2 SLP161 T02280211
ATL,2023-08-13 10:52,10.00,13000.00,KATL 131052Z 31007KT 10SM SCT130 SCT200 BKN250 23/21 A3005 RMK AO2 SLP166 ACC N-NE T02280211 $
ATL,2023-08-13 11:52,10.00,4000.00,KATL 131152Z 30007KT 10SM FEW040 SCT090 BKN110 BKN200 BKN250 23/22 A3006 RMK AO2 SLP169 ACC E-SE 70082 T02330217 10233 20222 53010 $
ATL,2023-08-13 12:52,10.00,4000.00,KATL 131252Z 00000KT 10SM FEW040 SCT110 SCT250 24/22 A3007 RMK AO2 SLP173 ACC SE-S T02390217 $
ATL,2023-08-13 13:52,10.00,11000.00,KATL 131352Z 00000KT 10SM FEW110 FEW250 27/22 A3007 RMK AO2 SLP174 ACC DSNT SE-SW T02670222 $
ATL,2023-08-13 14:52,10.00,9000.00,KATL 131452Z 26006KT 10SM FEW090 SCT250 29/23 A3008 RMK AO2 SLP176 ACC S-W T02890228 51008 $
ATL,2023-08-13 15:52,10.00,2800.00,KATL 131552Z 30007KT 10SM FEW028 SCT085 SCT250 31/23 A3008 RMK AO2 SLP176 ACC ALQDS T03060228 $
ATL,2023-08-13 16:52,10.00,3200.00,KATL 131652Z 31006KT 10SM FEW032 FEW080 SCT250 32/24 A3008 RMK AO2 SLP174 ACC N S T03170239 $
ATL,2023-08-13 17:52,10.00,3400.00,KATL 131752Z 31006KT 10SM FEW034 FEW100 SCT250 33/24 A3006 RMK AO2 SLP167 CB DSNT SW-W MDT CU NW-N T03330239 10333 20233 58008 $
ATL,2023-08-13 18:52,10.00,4000.00,KATL 131852Z 00000KT 10SM SCT040 SCT220 34/23 A3004 RMK AO2 LTG DSNT W SLP160 CB DSNT SW-W MDT CU ALQDS T03390233 $
ATL,2023-08-13 19:52,10.00,4000.00,KATL 131952Z 27007KT 10SM SCT040TCU SCT200 BKN250 33/24 A3004 RMK AO2 LTG DSNT SW AND W SLP160 CB DSNT SW-W TCU E-SE NW MDT CU ALQDS T03330239 $
ATL,2023-08-13 20:52,10.00,3700.00,KATL 132052Z COR 26011KT 10SM FEW037TCU SCT110 SCT200 BKN250 29/23 A3002 RMK AO2 PK WND 27026/2022 LTG DSNT E SLP156 CB DSNT E TCU N-NE E T02940233 56012 $
ATL,2023-08-13 21:52,10.00,3800.00,KATL 132152Z COR 26006KT 10SM FEW038 SCT100 SCT200 BKN250 28/23 A3002 RMK AO2 LTG DSNT SE TCU DSNT N-E CB DSNT SE SLP156 T02830228 $
ATL,2023-08-13 22:52,10.00,3800.00,KATL 132252Z 28006KT 10SM FEW038 SCT100 SCT200 BKN250 28/23 A3001 RMK AO2 LTG DSNT N-E SLP152 CB DSNT NE AND E TCU DSNT NW-N VIRGA SW T02830228 $
ATL,2023-08-13 23:52,10.00,3800.00,KATL 132352Z COR 24005KT 10SM FEW038 SCT100 BKN200 BKN250 28/23 A3005 RMK AO2 LTG DSNT W-N CB DSNT W-N SHRA DSNT N-NE SLP163 T02830228 10344 20283 53007 $
ATL,2023-08-14 00:52,10.00,3800.00,KATL 140052Z 33006KT 10SM FEW038 SCT100 BKN200 BKN250 28/22 A3007 RMK AO2 LTG DSNT N SLP172 CB DSNT N AND E AND SE T02830222 $
ATL,2023-08-14 01:52,10.00,9000.00,KATL 140152Z 32007KT 10SM BKN090 BKN120 BKN250 28/22 A3008 RMK AO2 SLP174 CB DSNT SE T02830217 $
ATL,2023-08-14 02:52,10.00,9000.00,KATL 140252Z 33006KT 10SM SCT090 SCT120 BKN250 27/22 A3010 RMK AO2 SLP180 T02720217 51017 $
ATL,2023-08-14 03:52,10.00,10000.00,KATL 140352Z 15003KT 10SM SCT100 BKN250 27/21 A3007 RMK AO2 SLP172 T02670211 $
ATL,2023-08-14 04:52,10.00,20000.00,KATL 140452Z 29004KT 10SM FEW200 BKN250 26/22 A3008 RMK AO2 SLP174 T02560217 403440222 $
ATL,2023-08-14 05:52,10.00,20000.00,KATL 140552Z 28004KT 10SM FEW200 BKN250 25/22 A3005 RMK AO2 SLP163 T02500222 10283 20250 58015 $
ATL,2023-08-14 06:52,10.00,20000.00,KATL 140652Z 00000KT 10SM FEW200 SCT250 25/23 A3002 RMK AO2 SLP153 T02500228 $
ATL,2023-08-14 07:52,10.00,25000.00,KATL 140752Z 00000KT 10SM FEW250 25/22 A3000 RMK AO2 SLP146 T02500222 $
ATL,2023-08-14 08:52,10.00,25000.00,KATL 140852Z 00000KT 10SM FEW250 25/22 A3000 RMK AO2 SLP147 T02500222 56017 $
ATL,2023-08-14 09:52,10.00,25000.00,KATL 140952Z 00000KT 10SM FEW250 24/22 A3002 RMK AO2 SLP155 T02440222 $
ATL,2023-08-14 10:52,10.00,11000.00,KATL 141052Z 30003KT 10SM FEW110 SCT250 25/22 A3005 RMK AO2 SLP163 T02500222 $
ATL,2023-08-14 11:52,10.00,20000.00,KATL 141152Z 30005KT 10SM FEW200 SCT250 26/23 A3007 RMK AO2 SLP172 T02560228 10256 20244 53023 $
ATL,2023-08-14 12:52,10.00,11000.00,KATL 141252Z 25005KT 10SM FEW110 FEW200 FEW250 27/23 A3008 RMK AO2 SLP173 T02720228 $
ATL,2023-08-14 13:52,10.00,12000.00,KATL 141352Z 25006KT 10SM FEW120 FEW200 SCT250 29/23 A3007 RMK AO2 SLP171 T02890228 $
ATL,2023-08-14 14:52,10.00,14000.00,KATL 141452Z 25007KT 10SM FEW140 FEW200 SCT250 31/24 A3007 RMK AO2 SLP169 T03110239 58000 $
ATL,2023-08-14 15:52,10.00,14000.00,KATL 141552Z 28009KT 10SM FEW140 FEW200 SCT250 32/24 A3007 RMK AO2 SLP169 ACC W T03220244 $
ATL,2023-08-14 16:52,10.00,3600.00,KATL 141652Z 25008KT 10SM FEW036 FEW130 FEW200 SCT250 33/25 A3006 RMK AO2 SLP165 T03330250 $
ATL,2023-08-14 17:52,10.00,4000.00,KATL 141752Z 28012G17KT 10SM FEW040TCU FEW120 SCT200 SCT250 35/24 A3003 RMK AO2 SLP157 TCU NE E-SE S T03500244 10350 20256 58013 $
ATL,2023-08-14 18:52,10.00,4500.00,KATL 141852Z 27008G15KT 10SM SCT045TCU SCT120 SCT200 SCT250 36/24 A3000 RMK AO2 SLP145 TCU NW-NE MDT CU ALQDS T03560239 $
ATL,2023-08-14 19:52,10.00,4800.00,KATL 141952Z 25008KT 10SM SCT048TCU SCT120 SCT200 BKN250 36/23 A2998 RMK AO2 SLP140 CB DSNT NE TCU ALQDS SHRA SW W DSNT NE T03560233
ATL,2023-08-14 20:52,10.00,4800.00,KATL 142052Z 26012G20KT 10SM TS SCT048CB SCT120 SCT200 BKN250 33/24 A2997 RMK AO2 SLP136 TSB47 OCNL LTGICCG VC SE TS VC SE MOV E CB DSNT NE E SE T03330239 55009
ATL,2023-08-14 21:52,10.00,4500.00,KATL 142152Z 24005KT 10SM FEW045 SCT200 SCT250 34/22 A2996 RMK AO2 LTG DSNT E AND SE TSE00 SLP133 CB DSNT E-SE T03390217
ATL,2023-08-14 22:52,10.00,4000.00,KATL 142252Z 21008KT 10SM FEW040 SCT200 33/24 A2997 RMK AO2 SLP137 LTG DSNT SE SW CB DSNT SE SW TCU DSNT N-NE W-NW T03330239
ATL,2023-08-14 23:52,10.00,3000.00,KATL 142352Z 21006KT 10SM TS FEW030CB SCT050 BKN200 BKN250 32/24 A2999 RMK AO2 TSB37 SLP142 OCNL LTGICCG SW-NW TS SW-NW MOV E T03220244 10356 20322 53005
ATL,2023-08-15 00:52,10.00,3000.00,KATL 150052Z 26007KT 10SM FEW030 BKN180 BKN250 28/24 A2999 RMK AO2 RAB2359E22 TSE36 SLP143 P0001 T02780239
ATL,2023-08-15 01:52,10.00,20000.00,KATL 150152Z 23006KT 10SM SCT200 BKN250 28/21 A3001 RMK AO2 SLP149 T02830211
ATL,2023-08-15 02:52,10.00,20000.00,KATL 150252Z 23006KT 10SM FEW200 SCT250 27/21 A3000 RMK AO2 SLP147 60001 T02720211 50005
ATL,2023-08-15 03:52,10.00,20000.00,KATL 150352Z 23008KT 10SM FEW200 BKN250 27/21 A2999 RMK AO2 SLP144 T02670211
ATL,2023-08-15 04:52,10.00,25000.00,KATL 150452Z 23006KT 10SM BKN250 27/20 A2998 RMK AO2 SLP140 T02670200 403560244
ATL,2023-08-15 05:52,10.00,25000.00,KATL 150552Z 22005KT 10SM FEW250 26/20 A2995 RMK AO2 SLP129 60001 T02610200 10322 20261 58017
ATL,2023-08-15 06:52,10.00,25000.00,KATL 150652Z 25009KT 10SM SCT250 26/21 A2996 RMK AO2 SLP132 T02610206
ATL,2023-08-15 07:52,10.00,25000.00,KATL 150752Z 24008KT 10SM SCT250 26/21 A2996 RMK AO2 SLP130 T02610206
ATL,2023-08-15 08:52,10.00,12000.00,KATL 150852Z 25007KT 10SM FEW120 FEW250 26/21 A2995 RMK AO2 SLP129 T02610211 50000
ATL,2023-08-15 09:52,10.00,1600.00,KATL 150952Z 30009G19KT 10SM FEW016 FEW055 24/21 A2997 RMK AO2 SLP136 T02440211 $
ATL,2023-08-15 10:52,10.00,1000.00,KATL 151052Z 22005KT 10SM FEW010 FEW055 FEW150 FEW250 24/22 A2998 RMK AO2 SLP142 T02440217 $
ATL,2023-08-15 11:52,10.00,5000.00,KATL 151152Z 20005KT 10SM FEW050 24/22 A2998 RMK AO2 SLP139 70001 T02440217 10261 20233 50009 $
ATL,2023-08-15 12:52,10.00,5000.00,KATL 151252Z 23005KT 10SM FEW050 FEW250 26/22 A2998 RMK AO2 SLP141 T02560222 $
ATL,2023-08-15 13:52,10.00,1600.00,KATL 151352Z 25006KT 10SM FEW016 FEW050 FEW250 28/23 A2999 RMK AO2 SLP142 T02830233 $
ATL,2023-08-15 14:52,10.00,2200.00,KATL 151452Z 27007KT 10SM FEW022 FEW050 SCT250 30/23 A2999 RMK AO2 SLP143 CB DSNT NW T03000233 52003 $
ATL,2023-08-15 15:52,10.00,3000.00,KATL 151552Z 30008KT 10SM FEW030 FEW060 SCT200 31/24 A2999 RMK AO2 LTG DSNT NW SLP144 CB DSNT NW-N TCU DSNT NW T03110239 $
ATL,2023-08-15 16:52,10.00,3000.00,KATL 151652Z COR 31010KT 10SM TS SCT030CB SCT070 SCT200 BKN250 31/23 A2999 RMK AO2 LTG DSNT NE AND E TSB48 SLP142 OCNL LTGICCA NE-OHD-SW TS NE-OHD-SW MOV E CB DSNT NE E TCU E-S-SW T03060233 $
ATL,2023-08-15 17:52,10.00,3400.00,KATL 151752Z 32004KT 10SM FEW034 SCT090 BKN120 BKN200 30/24 A2997 RMK AO2 RAB01E22 TSE28 SLP137 TS DSIPTD CB DSNT NE-E W-NW ACC NE-OHD-SW P0007 60007 T03000244 10322 20244 58006 $
ATL,2023-08-15 18:52,1.00,1700.00,KATL 151852Z 03009G28KT 1SM +TSRA SCT017 BKN030CB OVC060 26/23 A2998 RMK AO2 PK WND 01029/1841 PRESRR SLP142 RAB25 TSB14 FRQ LTGICCG OHD-ALQDS TS OHD-ALQDS MOV E P0048 T02560228 RVRNO $
ATL,2023-08-15 19:52,10.00,1400.00,KATL 151952Z COR 34005KT 10SM FEW014 SCT035 BKN085 BKN130 BKN200 26/23 A2995 RMK AO2 RAE09B28E40 TSE47 SLP131 TS MOVD E FRQ LTGICCGCA DSNT E-SE CB DSNT E-SE P0008 T02560228 $
ATL,2023-08-15 20:52,10.00,3300.00,KATL 152052Z 32005KT 10SM FEW033TCU SCT085 SCT120 BKN200 BKN250 26/23 A2996 RMK AO2 LTG DSNT S RAB22E34 SLP133 CB DSNT S TCU SW P0000 60056 T02560228 55009 $
ATL,2023-08-15 21:52,10.00,1500.00,KATL 152152Z 32003KT 10SM FEW015 SCT150CB BKN200 27/22 A2992 RMK AO2 SLP121 LTG DSNT SE-SW CB DSNT SE-SW CBMAM SE-S T02670222 $
ATL,2023-08-15 22:52,10.00,1000.00,KATL 152252Z 22003KT 10SM FEW010 BKN180CB BKN200 26/23 A2993 RMK AO2 SLP125 CBMAM OHD-S T02610233 $
ATL,2023-08-15 23:52,10.00,600.00,KATL 152352Z 22004KT 10SM FEW006 BKN200 25/23 A2992 RMK AO2 SLP122 60056 T02500233 10311 20250 56011 $
ATL,2023-08-16 00:52,10.00,3000.00,KATL 160052Z 22005KT 10SM FEW030 SCT200 BKN250 25/23 A2995 RMK AO2 SLP131 T02500233 $
ATL,2023-08-16 01:52,10.00,500.00,KATL 160152Z 27005KT 10SM FEW005 SCT200 BKN250 24/23 A2997 RMK AO2 SLP138 T02440228 $
ATL,2023-08-16 02:52,10.00,4000.00,KATL 160252Z 31007KT 10SM FEW040 BKN250 24/20 A3000 RMK AO2 SLP147 T02390200 52025 $
ATL,2023-08-16 03:52,10.00,4500.00,KATL 160352Z 32008KT 10SM FEW045 BKN250 23/19 A3000 RMK AO2 SLP146 T02330194 $
ATL,2023-08-16 04:52,10.00,20000.00,KATL 160452Z 32006KT 10SM SCT200 BKN250 23/18 A2999 RMK AO2 SLP144 T02280183 403220228 $
ATL,2023-08-16 05:52,10.00,20000.00,KATL 160552Z 33005KT 10SM SCT200 BKN250 22/18 A2998 RMK AO2 SLP141 T02220178 10256 20222 58006 $
ATL,2023-08-16 06:52,10.00,20000.00,KATL 160652Z 32006KT 10SM SCT200 BKN250 22/18 A2997 RMK AO2 SLP140 T02170178 $
ATL,2023-08-16 07:52,10.00,20000.00,KATL 160752Z 31005KT 10SM SCT200 BKN250 21/17 A2997 RMK AO2 SLP141 T02060172 $
ATL,2023-08-16 08:52,10.00,20000.00,KATL 160852Z 32005KT 10SM FEW200 20/17 A2997 RMK AO2 SLP140 T02000172 56004 $
ATL,2023-08-16 09:52,10.00,20000.00,KATL 160952Z COR 30004KT 10SM FEW200 20/17 A2997 RMK AO2 SLP141 T02000172 $
ATL,2023-08-16 10:52,10.00,20000.00,KATL 161052Z 31005KT 10SM FEW200 FEW250 19/17 A2998 RMK AO2 SLP144 T01940172 $
ATL,2023-08-16 11:52,10.00,5000.00,KATL 161152Z 31004KT 10SM FEW050 FEW200 FEW250 20/17 A2999 RMK AO2 SLP146 70063 T02000172 10222 20194 53006 $
ATL,2023-08-16 12:52,10.00,15000.00,KATL 161252Z 32005KT 10SM FEW150 FEW250 22/18 A3000 RMK AO2 SLP148 T02170178 $
ATL,2023-08-16 13:52,10.00,15000.00,KATL 161352Z 32008KT 10SM FEW150 FEW250 24/18 A3000 RMK AO2 SLP150 T02390183 $
ATL,2023-08-16 14:52,10.00,20000.00,KATL 161452Z 34007KT 10SM FEW200 FEW250 26/18 A3001 RMK AO2 SLP153 T02610183 53008 $
ATL,2023-08-16 15:52,10.00,4600.00,KATL 161552Z 33007KT 10SM FEW046 FEW200 FEW250 28/17 A3002 RMK AO2 SLP155 T02780167 $
ATL,2023-08-16 16:52,10.00,4800.00,KATL 161652Z 28005KT 10SM FEW048 FEW200 FEW250 28/16 A3000 RMK AO2 SLP149 T02780161 $
ATL,2023-08-16 17:52,10.00,5000.00,KATL 161752Z 32008KT 10SM SCT050 SCT200 SCT250 28/17 A2999 RMK AO2 SLP145 T02830172 10283 20200 58007 $
ATL,2023-08-16 18:52,10.00,5500.00,KATL 161852Z 31007KT 10SM SCT055 SCT200 SCT250 29/15 A2998 RMK AO2 SLP142 T02940150 $
ATL,2023-08-16 19:52,10.00,5500.00,KATL 161952Z 26007KT 10SM FEW055 FEW200 SCT250 29/16 A2996 RMK AO2 SLP135 T02890156 $
ATL,2023-08-16 20:52,10.00,6000.00,KATL 162052Z 26006KT 10SM FEW060 FEW200 29/16 A2994 RMK AO2 SLP129 T02940156 58016 $
ATL,2023-08-16 21:52,10.00,6000.00,KATL 162152Z VRB04KT 10SM SCT060 SCT200 29/15 A2993 RMK AO2 SLP125 T02940150 $
ATL,2023-08-16 22:52,10.00,5500.00,KATL 162252Z 31008KT 10SM FEW055 FEW200 29/15 A2992 RMK AO2 SLP124 T02890150 $
ATL,2023-08-16 23:52,10.00,5500.00,KATL 162352Z 29007KT 10SM FEW055 FEW250 27/15 A2994 RMK AO2 SLP129 T02720150 10300 20272 55001 $
ATL,2023-08-17 00:52,10.00,5500.00,KATL 170052Z 31006KT 10SM FEW055 FEW250 26/16 A2995 RMK AO2 SLP133 T02610161
ATL,2023-08-17 01:52,10.00,5500.00,KATL 170152Z 32006KT 10SM FEW055 FEW250 26/17 A2997 RMK AO2 SLP137 T02560167
ATL,2023-08-17 02:52,10.00,6000.00,KATL 170252Z COR 33006KT 10SM FEW060 FEW250 24/17 A2998 RMK AO2 SLP141 T02440172 51012
ATL,2023-08-17 03:52,10.00,6000.00,KATL 170352Z 32004KT 10SM FEW060 FEW250 23/17 A2996 RMK AO2 SLP135 T02330172
ATL,2023-08-17 04:52,10.00,6000.00,KATL 170452Z 29003KT 10SM FEW060 FEW250 23/18 A2996 RMK AO2 SLP133 T02280178 403000194
ATL,2023-08-17 05:52,10.00,25000.00,KATL 170552Z 31005KT 10SM FEW250 22/18 A2994 RMK AO2 SLP129 T02220178 10272 20222 56011
ATL,2023-08-17 06:52,10.00,25000.00,KATL 170652Z 30003KT 10SM FEW250 21/18 A2993 RMK AO2 SLP126 T02110178
ATL,2023-08-17 07:52,10.00,25000.00,KATL 170752Z 00000KT 10SM FEW250 21/18 A2994 RMK AO2 SLP127 T02110178
ATL,2023-08-17 08:52,10.00,25000.00,KATL 170852Z 00000KT 10SM FEW250 20/17 A2994 RMK AO2 SLP128 T02000172 55001
ATL,2023-08-17 09:52,10.00,6000.00,KATL 170952Z 00000KT 10SM SCT060 20/17 A2995 RMK AO2 SLP132 T02000172 $
ATL,2023-08-17 10:52,10.00,5500.00,KATL 171052Z 31005KT 10SM FEW055 20/17 A2996 RMK AO2 SLP137 T02000172 $
ATL,2023-08-17 11:52,10.00,6000.00,KATL 171152Z 00000KT 10SM FEW060 FEW250 21/18 A2998 RMK AO2 SLP144 T02110178 10222 20200 53014 $
ATL,2023-08-17 12:52,10.00,6000.00,KATL 171252Z 30004KT 10SM FEW060 FEW250 23/18 A2998 RMK AO2 SLP143 T02330178 $
ATL,2023-08-17 13:52,10.00,200.00,KATL 171352Z 29005KT 10SM FEW002 FEW060 FEW250 26/18 A2999 RMK AO2 SLP145 FU FEW002 FU PLUME S T02560183 $
ATL,2023-08-17 14:52,10.00,3200.00,KATL 171452Z 30008KT 10SM FEW032 FEW250 27/18 A3000 RMK AO2 SLP148 T02670178 53005 $
ATL,2023-08-17 15:52,10.00,4000.00,KATL 171552Z 27010KT 10SM BKN040 BKN250 28/18 A2999 RMK AO2 SLP145 T02830178
ATL,2023-08-17 16:52,10.00,4600.00,KATL 171652Z 29010KT 10SM SCT046 SCT250 28/17 A2998 RMK AO2 SLP141 T02780167 $
ATL,2023-08-17 17:52,10.00,4800.00,KATL 171752Z 32009G17KT 10SM SCT048 30/17 A2997 RMK AO2 SLP139 T03000167 10300 20211 $
ATL,2023-08-17 18:52,10.00,5500.00,KATL 171852Z 32009KT 10SM SCT055 29/16 A2995 RMK AO2 SLP132 T02940161 $
ATL,2023-08-17 19:52,10.00,6000.00,KATL 171952Z 31009KT 10SM SCT060 30/17 A2994 RMK AO2 SLP127 T03000167 $
ATL,2023-08-17 20:52,10.00,5500.00,KATL 172052Z 30005KT 10SM FEW055 30/17 A2992 RMK AO2 SLP122 T03000167 56017 $
ATL,2023-08-17 21:52,10.00,5500.00,KATL 172152Z 25005KT 10SM FEW055 30/16 A2992 RMK AO2 SLP122 T03000161 $
ATL,2023-08-17 22:52,10.00,5000.00,KATL 172252Z 28007KT 10SM SCT050 29/17 A2993 RMK AO2 SLP125 T02890167 $
ATL,2023-08-17 23:52,10.00,5500.00,KATL 172352Z 28006KT 10SM FEW055 FEW250 28/17 A2993 RMK AO2 SLP126 T02780167 10306 20278 53004 $
ATL,2023-08-18 00:52,10.00,5500.00,KATL 180052Z 26005KT 10SM FEW055 FEW250 26/17 A2995 RMK AO2 SLP132 T02610167 $
ATL,2023-08-18 01:52,10.00,5500.00,KATL 180152Z 27006KT 10SM FEW055 FEW250 26/17 A2997 RMK AO2 SLP137 T02560172 $
ATL,2023-08-18 02:52,10.00,5500.00,KATL 180252Z 27005KT 10SM FEW055 FEW250 24/17 A2997 RMK AO2 SLP140 T02440172 51014 $
ATL,2023-08-18 03:52,10.00,25000.00,KATL 180352Z 28004KT 10SM FEW250 24/17 A2997 RMK AO2 SLP139 T02390172 $
ATL,2023-08-18 04:52,10.00,25000.00,KATL 180452Z 26004KT 10SM FEW250 23/17 A2997 RMK AO2 SLP139 T02330172 403060200 $
ATL,2023-08-18 05:52,10.00,25000.00,KATL 180552Z 28005KT 10SM FEW250 22/17 A2996 RMK AO2 SLP133 T02220172 10278 20222 58005 $
ATL,2023-08-18 06:52,10.00,25000.00,KATL 180652Z 29006KT 10SM FEW250 22/17 A2995 RMK AO2 SLP130 T02220172 $
ATL,2023-08-18 07:52,10.00,M,KATL 180752Z 29003KT 10SM CLR 21/18 A2995 RMK AO2 SLP132 T02110178 $
ATL,2023-08-18 08:52,10.00,M,KATL 180852Z 30006KT 10SM CLR 22/17 A2995 RMK AO2 SLP131 T02170172 56003 $
ATL,2023-08-18 09:52,10.00,M,KATL 180952Z 29005KT 10SM CLR 21/17 A2996 RMK AO2 SLP136 T02110172 $
ATL,2023-08-18 10:52,10.00,25000.00,KATL 181052Z 30007KT 10SM FEW250 21/17 A2998 RMK AO2 SLP141 T02110167
ATL,2023-08-18 11:52,10.00,25000.00,KATL 181152Z 29005KT 10SM FEW250 22/17 A2999 RMK AO2 SLP145 T02170172 10222 20206 51013 $
ATL,2023-08-18 12:52,10.00,M,KATL 181252Z 29007KT 10SM CLR 24/18 A3001 RMK AO2 SLP151 T02390178 $
ATL,2023-08-18 13:52,10.00,M,KATL 181352Z 30005KT 10SM CLR 26/18 A3002 RMK AO2 SLP155 T02560183 $
ATL,2023-08-18 14:52,10.00,3200.00,KATL 181452Z 32006KT 10SM FEW032 27/19 A3003 RMK AO2 SLP158 T02720189 51014 $
ATL,2023-08-18 15:52,10.00,3800.00,KATL 181552Z 35008G15KT 10SM FEW038 29/19 A3004 RMK AO2 SLP161 T02890189 $
ATL,2023-08-18 16:52,10.00,3800.00,KATL 181652Z 30006KT 10SM FEW038 29/19 A3003 RMK AO2 SLP158 T02940189 $
ATL,2023-08-18 17:52,10.00,4800.00,KATL 181752Z COR 31005G17KT 10SM FEW048 31/18 A3002 RMK AO2 SLP153 T03060183 10306 20217 58005 $
ATL,2023-08-18 18:52,10.00,5500.00,KATL 181852Z 32010KT 10SM SCT055 32/18 A3000 RMK AO2 SLP147 MDT CU NE-E T03220183 $
ATL,2023-08-18 19:52,10.00,5500.00,KATL 181952Z 32010KT 10SM SCT055 32/18 A2998 RMK AO2 SLP140 MDT CU N-E-S T03220178 $
ATL,2023-08-18 20:52,10.00,5500.00,KATL 182052Z 30010KT 10SM SCT055 32/18 A2997 RMK AO2 SLP136 MDT CU ALQDS T03170178 56016 $
ATL,2023-08-18 21:52,10.00,5500.00,KATL 182152Z 33007KT 10SM SCT055 31/18 A2995 RMK AO2 SLP132 MDT CU ALQDS T03060178 $
ATL,2023-08-18 22:52,10.00,5500.00,KATL 182252Z 33009KT 10SM FEW055 30/18 A2995 RMK AO2 SLP131 T03000183 $
ATL,2023-08-18 23:52,10.00,5500.00,KATL 182352Z 32007KT 10SM FEW055 29/18 A2995 RMK AO2 SLP132 T02940183 10322 20294 55005 $
ATL,2023-08-19 00:52,10.00,5500.00,KATL 190052Z 29003KT 10SM SCT055 28/19 A2997 RMK AO2 SLP138 T02830194 $
ATL,2023-08-19 01:52,10.00,5500.00,KATL 190152Z 34007KT 10SM SCT055 28/19 A2999 RMK AO2 SLP145 T02830194 $
ATL,2023-08-19 02:52,10.00,5500.00,KATL 190252Z 02008KT 10SM FEW055 28/18 A3001 RMK AO2 SLP149 T02830183 51018 $
ATL,2023-08-19 03:52,10.00,5500.00,KATL 190352Z 02005KT 10SM FEW055 28/18 A3001 RMK AO2 SLP150 T02780183 $
ATL,2023-08-19 04:52,10.00,5500.00,KATL 190452Z 01004KT 10SM FEW055 27/18 A3001 RMK AO2 SLP149 T02670183 403220206 $
ATL,2023-08-19 05:52,10.00,M,KATL 190552Z 03004KT 10SM CLR 26/18 A3001 RMK AO2 SLP149 T02610183 10294 20261 51000 $
ATL,2023-08-19 06:52,10.00,M,KATL 190652Z 05004KT 10SM CLR 26/18 A3001 RMK AO2 SLP150 T02560178 $
ATL,2023-08-19 07:52,10.00,M,KATL 190752Z 05005KT 10SM CLR 25/17 A3001 RMK AO2 SLP150 T02500167 $
ATL,2023-08-19 08:52,10.00,M,KATL 190852Z 03005KT 10SM CLR 24/17 A3002 RMK AO2 SLP152 T02440167 53003 $
ATL,2023-08-19 09:52,10.00,5000.00,KATL 190952Z COR 06004KT 10SM FEW050 23/17 A3003 RMK AO2 SLP156 T02330167 $
ATL,2023-08-19 10:52,10.00,5000.00,KATL 191052Z 04005KT 10SM FEW050 23/16 A3004 RMK AO2 SLP162 T02330161 $
ATL,2023-08-19 11:52,10.00,5000.00,KATL 191152Z 04006KT 10SM FEW050 23/16 A3006 RMK AO2 SLP168 T02330161 10261 20233 53014 $
ATL,2023-08-19 12:52,10.00,5000.00,KATL 191252Z 08007KT 10SM FEW050 24/17 A3007 RMK AO2 SLP173 T02390167 $
ATL,2023-08-19 13:52,10.00,5000.00,KATL 191352Z 07006KT 10SM FEW050 25/17 A3009 RMK AO2 SLP178 T02500172 $
ATL,2023-08-19 14:52,10.00,5000.00,KATL 191452Z 08005KT 10SM FEW050 27/17 A3010 RMK AO2 SLP180 T02670172 51013 $
ATL,2023-08-19 15:52,10.00,5000.00,KATL 191552Z VRB03KT 10SM FEW050 FEW250 29/18 A3010 RMK AO2 SLP181 T02890178 $
ATL,2023-08-19 16:52,10.00,5000.00,KATL 191652Z 09005KT 10SM FEW050 FEW250 29/17 A3010 RMK AO2 SLP179 T02940172 $
ATL,2023-08-19 17:52,10.00,4700.00,KATL 191752Z VRB03KT 10SM SCT047 SCT250 30/17 A3008 RMK AO2 SLP174 T03000172 10311 20233 58006 $
ATL,2023-08-19 18:52,10.00,5000.00,KATL 191852Z 00000KT 10SM SCT050 SCT250 31/18 A3007 RMK AO2 SLP170 T03110178 $
ATL,2023-08-19 19:52,10.00,5500.00,KATL 191952Z VRB03KT 10SM SCT055 SCT250 31/18 A3005 RMK AO2 SLP165 T03110178 $
ATL,2023-08-19 21:52,10.00,5500.00,KATL 192152Z 07007KT 10SM FEW055 SCT250 31/17 A3003 RMK AO2 SLP158 T03110172 $
ATL,2023-08-19 22:52,10.00,5500.00,KATL 192252Z 11005KT 10SM FEW055 SCT250 31/17 A3004 RMK AO2 SLP161 T03060172 $
ATL,2023-08-19 23:52,10.00,5500.00,KATL 192352Z 12005KT 10SM FEW055 FEW250 30/17 A3004 RMK AO2 SLP162 T03000167 10317 20294 53003 $
ATL,2023-08-20 00:52,10.00,25000.00,KATL 200052Z 12005KT 10SM FEW250 28/18 A3005 RMK AO2 SLP165 T02830183 $
ATL,2023-08-20 01:52,10.00,M,KATL 200152Z 10006KT 10SM CLR 27/18 A3007 RMK AO2 SLP171 T02720183 $
ATL,2023-08-20 02:52,10.00,M,KATL 200252Z 09007KT 10SM CLR 26/19 A3009 RMK AO2 SLP178 T02560194 53016 $
ATL,2023-08-20 03:52,10.00,M,KATL 200352Z 06008KT 10SM CLR 26/19 A3010 RMK AO2 SLP183 T02560194 $
ATL,2023-08-20 04:52,10.00,M,KATL 200452Z 08007KT 10SM CLR 24/19 A3011 RMK AO2 SLP185 T02440189 403170233 $
ATL,2023-08-20 05:52,10.00,M,KATL 200552Z 08006KT 10SM CLR 24/19 A3011 RMK AO2 SLP184 T02390189 10300 20239 50005 $
ATL,2023-08-20 06:52,10.00,M,KATL 200652Z 05004KT 10SM CLR 24/18 A3010 RMK AO2 SLP181 T02390183 $
ATL,2023-08-20 07:52,10.00,M,KATL 200752Z 09006KT 10SM CLR 23/18 A3010 RMK AO2 SLP182 T02280183 $
ATL,2023-08-20 08:52,10.00,M,KATL 200852Z 09006KT 10SM CLR 23/19 A3011 RMK AO2 SLP185 T02280189 53001 $
ATL,2023-08-20 09:52,10.00,M,KATL 200952Z 09005KT 10SM CLR 22/18 A3011 RMK AO2 SLP187 T02220183 $
ATL,2023-08-20 10:52,10.00,M,KATL 201052Z 07006KT 10SM CLR 23/18 A3012 RMK AO2 SLP190 T02280183 $
ATL,2023-08-20 11:52,10.00,M,KATL 201152Z 07006KT 10SM CLR 23/18 A3014 RMK AO2 SLP195 T02330183 10239 20222 53010 $
ATL,2023-08-20 12:52,10.00,M,KATL 201252Z 05007KT 10SM CLR 24/18 A3017 RMK AO2 SLP204 T02440183 $
ATL,2023-08-20 13:52,10.00,M,KATL 201352Z 07006KT 10SM CLR 26/19 A3018 RMK AO2 SLP208 T02560189 $
ATL,2023-08-20 14:52,10.00,M,KATL 201452Z 09006KT 10SM CLR 28/19 A3019 RMK AO2 SLP212 T02780194 51017 $
ATL,2023-08-20 15:52,6.00,M,KATL 201552Z 11004KT 6SM HZ CLR 29/20 A3020 RMK AO2 SLP214 T02940200 $
ATL,2023-08-20 16:52,7.00,4300.00,KATL 201652Z 08006KT 7SM FEW043 31/19 A3019 RMK AO2 SLP211 T03110189 $
ATL,2023-08-20 17:52,10.00,4900.00,KATL 201752Z 06006KT 10SM SCT049 32/18 A3018 RMK AO2 SLP209 T03170178 10322 20233 58003 $
ATL,2023-08-20 18:52,10.00,5500.00,KATL 201852Z 09008KT 10SM SCT055 33/18 A3016 RMK AO2 SLP202 T03280183 $
ATL,2023-08-20 19:52,10.00,5500.00,KATL 201952Z 06009KT 10SM SCT055 33/17 A3014 RMK AO2 SLP195 T03280172 $
ATL,2023-08-20 20:52,10.00,5500.00,KATL 202052Z 10007KT 10SM FEW055 33/18 A3013 RMK AO2 SLP190 T03280178 56018 $
ATL,2023-08-20 21:52,10.00,6000.00,KATL 202152Z 12005KT 10SM FEW060 33/18 A3012 RMK AO2 SLP188 T03280178 $
ATL,2023-08-20 22:52,10.00,6000.00,KATL 202252Z 07007KT 030V100 10SM FEW060 32/18 A3011 RMK AO2 SLP186 T03220183 $
ATL,2023-08-20 23:52,10.00,M,KATL 202352Z 09007KT 10SM CLR 31/18 A3013 RMK AO2 SLP191 T03060183 10333 20306 53000 $
ATL,2023-08-21 00:52,10.00,M,KATL 210052Z 10006KT 10SM CLR 29/19 A3014 RMK AO2 SLP194 T02890189 $
ATL,2023-08-21 01:52,10.00,M,KATL 210152Z 09006KT 10SM CLR 28/19 A3015 RMK AO2 SLP199 T02830194 $
ATL,2023-08-21 02:52,10.00,M,KATL 210252Z 11004KT 10SM CLR 28/19 A3016 RMK AO2 SLP202 T02830194 53012 $
ATL,2023-08-21 03:52,10.00,M,KATL 210352Z 11003KT 10SM CLR 27/20 A3017 RMK AO2 SLP204 T02720200 $
ATL,2023-08-21 04:52,10.00,5000.00,KATL 210452Z 00000KT 10SM FEW050 27/20 A3017 RMK AO2 SLP205 T02670200 403330222 $
ATL,2023-08-21 05:52,10.00,5000.00,KATL 210552Z 00000KT 10SM FEW050 27/20 A3016 RMK AO2 SLP199 T02670200 10300 20261 58002 $
ATL,2023-08-21 06:52,10.00,4800.00,KATL 210652Z 13003KT 10SM FEW048 26/20 A3016 RMK AO2 SLP200 T02560200 $
ATL,2023-08-21 07:52,10.00,4800.00,KATL 210752Z 12003KT 10SM FEW048 26/21 A3016 RMK AO2 SLP199 T02560206 $
ATL,2023-08-21 08:52,9.00,4800.00,KATL 210852Z 13003KT 9SM FEW048 25/21 A3016 RMK AO2 SLP201 T02500206 53001 $
ATL,2023-08-21 09:52,10.00,M,KATL 210952Z 00000KT 10SM CLR 24/21 A3016 RMK AO2 SLP203 T02440206 $
ATL,2023-08-21 10:52,10.00,M,KATL 211052Z 00000KT 10SM CLR 24/21 A3016 RMK AO2 SLP203 T02390206 $
ATL,2023-08-21 11:52,10.00,M,KATL 211152Z 00000KT 10SM CLR 25/21 A3019 RMK AO2 SLP210 T02500211 10267 20239 53008 $
ATL,2023-08-21 12:52,9.00,M,KATL 211252Z 00000KT 9SM CLR 27/22 A3020 RMK AO2 SLP216 T02720222 $
ATL,2023-08-21 13:52,9.00,M,KATL 211352Z 33006KT 9SM CLR 29/23 A3020 RMK AO2 SLP215 T02940228 $
ATL,2023-08-21 14:52,10.00,2800.00,KATL 211452Z 00000KT 10SM FEW028 31/22 A3021 RMK AO2 SLP217 T03060222 51007 $
ATL,2023-08-21 15:52,10.00,3400.00,KATL 211552Z 00000KT 10SM SCT034 33/23 A3020 RMK AO2 SLP215 MDT CU ALQDS T03280228 $
ATL,2023-08-21 16:52,10.00,4000.00,KATL 211652Z 30004KT 10SM SCT040TCU 33/22 A3018 RMK AO2 SLP207 TCU SE MDT CU ALQDS T03280217 $
ATL,2023-08-21 17:52,10.00,4800.00,KATL 211752Z 31005KT 10SM SCT048 SCT065 SCT250 33/21 A3016 RMK AO2 SLP200 MDT CU ALQDS T03280211 10333 20250 58016 $
ATL,2023-08-21 18:52,10.00,5000.00,KATL 211852Z 26005KT 10SM FEW050 SCT065 SCT250 34/21 A3014 RMK AO2 SLP194 MDT CU E-S-SW T03390211 $
ATL,2023-08-21 19:52,10.00,5500.00,KATL 211952Z 31007KT 10SM FEW055 SCT070 SCT200 SCT250 34/21 A3012 RMK AO2 SLP186 MDT CU SE-SW T03440206 $
ATL,2023-08-21 20:52,10.00,5500.00,KATL 212052Z 26005KT 10SM FEW055 FEW070 SCT200 SCT250 35/20 A3010 RMK AO2 SLP180 TCU DSNT SE MDT CU SE T03500200 56019 $
ATL,2023-08-21 21:52,10.00,6000.00,KATL 212152Z COR 31004KT 10SM SCT060 BKN250 34/20 A3010 RMK AO2 SLP179 MDT CU SE-S T03440200 $
ATL,2023-08-21 22:52,10.00,6000.00,KATL 212252Z 34007KT 300V010 10SM SCT060 BKN250 34/20 A3010 RMK AO2 SLP180 MDT CU SE-S T03440200 $
ATL,2023-08-21 23:52,10.00,6000.00,KATL 212352Z 33007KT 10SM SCT060 BKN250 33/21 A3011 RMK AO2 SLP184 MDT CU DSNT SE-S T03280206 10356 20322 53003 $
ATL,2023-08-22 00:52,10.00,6000.00,KATL 220052Z 35010KT 10SM FEW060 BKN250 32/21 A3011 RMK AO2 SLP184 T03170206 $
ATL,2023-08-22 01:52,10.00,20000.00,KATL 220152Z 36008KT 10SM FEW200 BKN250 31/20 A3013 RMK AO2 SLP188 T03110200 $
ATL,2023-08-22 02:52,10.00,20000.00,KATL 220252Z 35006KT 10SM FEW200 BKN250 31/21 A3013 RMK AO2 SLP190 T03060206 53006 $
ATL,2023-08-22 03:52,10.00,20000.00,KATL 220352Z 32003KT 10SM FEW200 SCT250 29/21 A3013 RMK AO2 SLP189 T02890211 $
ATL,2023-08-22 04:52,10.00,25000.00,KATL 220452Z 36005KT 10SM SCT250 29/21 A3014 RMK AO2 SLP191 T02890211 403560239 $
ATL,2023-08-22 05:52,10.00,25000.00,KATL 220552Z 31003KT 10SM FEW250 27/22 A3012 RMK AO2 SLP187 T02720217 10328 20272 58003 $
ATL,2023-08-22 06:52,10.00,25000.00,KATL 220652Z 30004KT 10SM FEW250 26/22 A3010 RMK AO2 SLP181 T02610222 $
ATL,2023-08-22 07:52,10.00,25000.00,KATL 220752Z 29003KT 10SM SCT250 26/22 A3010 RMK AO2 SLP178 T02610217 $
ATL,2023-08-22 08:52,10.00,25000.00,KATL 220852Z 31005KT 10SM SCT250 25/22 A3010 RMK AO2 SLP179 T02500217 55007 $
ATL,2023-08-22 09:52,10.00,25000.00,KATL 220952Z 31006KT 10SM FEW250 25/22 A3010 RMK AO2 SLP179 T02500217 $
ATL,2023-08-22 10:52,8.00,20000.00,KATL 221052Z 31005KT 8SM FEW200 FEW250 24/22 A3010 RMK AO2 SLP179 T02440217 $
ATL,2023-08-22 11:52,8.00,20000.00,KATL 221152Z 32006KT 8SM FEW200 FEW250 25/22 A3010 RMK AO2 SLP182 T02500217 10272 20244 53002 $
ATL,2023-08-22 12:52,8.00,20000.00,KATL 221252Z 34005KT 8SM FEW200 FEW250 27/22 A3011 RMK AO2 SLP182 T02670217 $
ATL,2023-08-22 13:52,9.00,20000.00,KATL 221352Z 34004KT 9SM FEW200 SCT250 SCT300 29/23 A3010 RMK AO2 SLP180 T02890228 $
ATL,2023-08-22 14:52,10.00,20000.00,KATL 221452Z 33005KT 10SM SCT200 SCT250 BKN300 31/23 A3010 RMK AO2 SLP181 T03060228 50000 $
ATL,2023-08-22 15:52,10.00,4600.00,KATL 221552Z 02006KT 10SM FEW046 SCT200 SCT250 BKN300 33/22 A3010 RMK AO2 SLP180 T03280222 $
ATL,2023-08-22 16:52,10.00,5000.00,KATL 221652Z 04006KT 10SM FEW050 SCT200 SCT250 SCT300 33/21 A3008 RMK AO2 SLP172 T03330211
ATL,2023-08-22 17:52,10.00,5000.00,KATL 221752Z 04005KT 10SM FEW050 SCT200 SCT250 SCT300 34/22 A3007 RMK AO2 SLP168 T03390217 10344 20250 58013 $
ATL,2023-08-22 18:52,9.00,5500.00,KATL 221852Z 08005KT 9SM FEW055 SCT200 SCT250 34/22 A3005 RMK AO2 SLP164 T03440217 $
ATL,2023-08-22 19:52,9.00,5500.00,KATL 221952Z 07008KT 9SM FEW055 SCT200 BKN250 34/21 A3003 RMK AO2 SLP157 T03440211 $
ATL,2023-08-22 20:52,8.00,6000.00,KATL 222052Z 06006KT 8SM FEW060 BKN200 BKN250 35/22 A3002 RMK AO2 SLP153 T03500217 56015 $
ATL,2023-08-22 21:52,9.00,5500.00,KATL 222152Z 35008KT 9SM FEW055 BKN200 BKN250 35/22 A3002 RMK AO2 SLP151 T03500217 $
ATL,2023-08-22 22:52,9.00,5500.00,KATL 222252Z 29008KT 9SM FEW055 BKN200 BKN250 33/23 A3001 RMK AO2 SLP151 T03330228 $
ATL,2023-08-22 23:52,10.00,20000.00,KATL 222352Z 31006KT 10SM BKN200 BKN250 32/23 A3001 RMK AO2 SLP150 T03220228 10356 20322 56003 $
ATL,2023-08-23 00:52,10.00,20000.00,KATL 230052Z 24004KT 10SM SCT200 BKN250 31/23 A3001 RMK AO2 SLP151 T03110228 $
ATL,2023-08-23 01:52,10.00,20000.00,KATL 230152Z 32008KT 10SM FEW200 BKN250 30/23 A3003 RMK AO2 SLP154 T03000233 $
ATL,2023-08-23 02:52,10.00,25000.00,KATL 230252Z 36006KT 10SM BKN250 30/23 A3003 RMK AO2 SLP158 T03000233 53008 $
ATL,2023-08-23 03:52,10.00,25000.00,KATL 230352Z 02005KT 10SM SCT250 30/23 A3004 RMK AO2 SLP158 T03000233 $
ATL,2023-08-23 04:52,10.00,5000.00,KATL 230452Z 02005KT 10SM FEW050 FEW250 29/23 A3004 RMK AO2 SLP157 T02940233 403560244 $
ATL,2023-08-23 05:52,10.00,5500.00,KATL 230552Z 00000KT 10SM FEW055 FEW250 29/23 A3003 RMK AO2 SLP156 T02940233 10322 20294 58001 $
ATL,2023-08-23 06:52,10.00,5500.00,KATL 230652Z 32004KT 10SM FEW055 FEW250 28/23 A3003 RMK AO2 SLP156 T02780233 $
ATL,2023-08-23 07:52,10.00,5000.00,KATL 230752Z 01004KT 10SM SCT050 SCT250 28/23 A3004 RMK AO2 SLP158 T02830233 $
ATL,2023-08-23 08:52,10.00,5000.00,KATL 230852Z 04005KT 10SM FEW050 FEW250 28/24 A3004 RMK AO2 SLP159 T02830239 53003 $
ATL,2023-08-23 09:52,10.00,5000.00,KATL 230952Z 03005KT 10SM FEW050 FEW250 28/24 A3004 RMK AO2 SLP160 T02830239 $
ATL,2023-08-23 10:52,10.00,5000.00,KATL 231052Z 06007KT 10SM FEW050 FEW250 28/23 A3006 RMK AO2 SLP166 T02780233 $
ATL,2023-08-23 11:52,9.00,M,KATL 231152Z 07011KT 9SM CLR 28/22 A3008 RMK AO2 SLP172 T02780222 10294 20278 53011 $
ATL,2023-08-23 12:52,9.00,M,KATL 231252Z 08014G19KT 9SM CLR 28/21 A3009 RMK AO2 SLP176 T02830206 $
ATL,2023-08-23 13:52,9.00,M,KATL 231352Z 07013G22KT 9SM CLR 29/21 A3009 RMK AO2 SLP177 T02940206 $
ATL,2023-08-23 14:52,9.00,25000.00,KATL 231452Z 08014KT 9SM FEW250 31/21 A3010 RMK AO2 SLP180 T03060206 51008 $
ATL,2023-08-23 15:52,9.00,25000.00,KATL 231552Z 10010G18KT 9SM SCT250 32/21 A3010 RMK AO2 SLP179 T03170211 $
ATL,2023-08-23 16:52,9.00,3500.00,KATL 231652Z 10008KT 9SM FEW035 SCT250 32/21 A3009 RMK AO2 SLP177 T03170211 $
ATL,2023-08-23 17:52,10.00,3800.00,KATL 231752Z 11007KT 10SM SCT038 SCT250 32/21 A3008 RMK AO2 SLP173 T03220211 10328 20278 58006 $
ATL,2023-08-23 18:52,9.00,4300.00,KATL 231852Z 13008G15KT 080V160 9SM SCT043 BKN250 33/21 A3008 RMK AO2 SLP171 T03280211 $
ATL,2023-08-23 19:52,9.00,4400.00,KATL 231952Z 09006KT 9SM FEW044 SCT250 33/22 A3005 RMK AO2 SLP164 T03280217 $
ATL,2023-08-23 20:52,9.00,4400.00,KATL 232052Z 09010KT 9SM FEW044 FEW250 33/21 A3003 RMK AO2 SLP155 T03330211 58017 $
ATL,2023-08-23 21:52,9.00,4500.00,KATL 232152Z 07007KT 9SM FEW045 FEW250 33/21 A3003 RMK AO2 SLP156 T03280211 $
ATL,2023-08-23 22:52,10.00,4500.00,KATL 232252Z 08007KT 10SM FEW045 FEW250 32/22 A3003 RMK AO2 SLP157 T03220217 $
ATL,2023-08-23 23:52,9.00,25000.00,KATL 232352Z 10007KT 9SM FEW250 31/22 A3004 RMK AO2 SLP158 T03110217 10339 20311 53002 $
ATL,2023-08-24 00:52,9.00,25000.00,KATL 240052Z 11008KT 9SM SCT250 30/22 A3005 RMK AO2 SLP163 T03000217 $
ATL,2023-08-24 01:52,9.00,25000.00,KATL 240152Z 11007KT 9SM BKN250 29/22 A3006 RMK AO2 SLP167 T02940217 $
ATL,2023-08-24 02:52,9.00,25000.00,KATL 240252Z 13007KT 9SM BKN250 28/22 A3006 RMK AO2 SLP165 T02830217 50007 $
ATL,2023-08-24 03:52,9.00,25000.00,KATL 240352Z 12005KT 9SM SCT250 28/22 A3007 RMK AO2 SLP170 T02780217 $
ATL,2023-08-24 04:52,8.00,4400.00,KATL 240452Z 13006KT 8SM BKN044 BKN250 28/21 A3007 RMK AO2 SLP171 T02780211 403390272 $
ATL,2023-08-24 05:52,9.00,4400.00,KATL 240552Z 12005KT 9SM FEW044 FEW060 SCT250 27/21 A3006 RMK AO2 SLP166 T02720206 10311 20272 50001 $
ATL,2023-08-24 06:52,9.00,6000.00,KATL 240652Z 12006KT 9SM FEW060 SCT250 27/21 A3006 RMK AO2 SLP166 T02670206 $
ATL,2023-08-24 07:52,9.00,6000.00,KATL 240752Z 13003KT 9SM FEW060 SCT200 BKN250 26/21 A3006 RMK AO2 SLP167 T02560211 $
ATL,2023-08-24 08:52,9.00,20000.00,KATL 240852Z 09004KT 9SM SCT200 BKN250 26/21 A3006 RMK AO2 SLP167 T02560211 53001 $
ATL,2023-08-24 09:52,9.00,20000.00,KATL 240952Z 00000KT 9SM SCT200 SCT250 25/21 A3006 RMK AO2 SLP168 T02500206 $
ATL,2023-08-24 10:52,8.00,1200.00,KATL 241052Z 00000KT 8SM FEW012 FEW140 SCT200 SCT250 25/21 A3006 RMK AO2 SLP168 T02500211 $
ATL,2023-08-24 11:52,8.00,20000.00,KATL 241152Z 21004KT 8SM SCT200 SCT250 25/21 A3007 RMK AO2 SLP169 T02500211 10272 20244 53001
ATL,2023-08-24 12:52,7.00,20000.00,KATL 241252Z 21005KT 7SM SCT200 SCT250 27/23 A3009 RMK AO2 SLP176 T02670228
ATL,2023-08-24 13:52,8.00,2200.00,KATL 241352Z 23005KT 8SM FEW022 SCT250 28/23 A3010 RMK AO2 SLP181 T02830228
ATL,2023-08-24 14:52,8.00,2300.00,KATL 241452Z VRB03KT 8SM SCT023 SCT250 29/23 A3012 RMK AO2 SLP186 T02940228 51016
ATL,2023-08-24 15:52,8.00,3200.00,KATL 241552Z 00000KT 8SM BKN032 BKN050 31/22 A3012 RMK AO2 SLP185 T03060222
ATL,2023-08-24 16:52,9.00,3600.00,KATL 241652Z 32003KT 9SM BKN036 31/22 A3010 RMK AO2 SLP181 T03110222
ATL,2023-08-24 17:52,9.00,3800.00,KATL 241752Z VRB03KT 9SM SCT038 33/22 A3008 RMK AO2 SLP172 T03330222 10333 20250 58012
ATL,2023-08-24 18:52,9.00,4500.00,KATL 241852Z VRB06KT 9SM FEW045 34/23 A3006 RMK AO2 SLP165 T03440228
ATL,2023-08-24 19:52,9.00,4800.00,KATL 241952Z 34005KT 9SM SCT048 SCT200 35/22 A3004 RMK AO2 SLP160 TCU DSNT NW MDT CU SE-S T03500222
ATL,2023-08-24 20:52,9.00,5000.00,KATL 242052Z VRB04KT 9SM SCT050TCU SCT200 35/22 A3002 RMK AO2 SLP154 TCU SE NW MDT CU ALQDS T03500217 56018
ATL,2023-08-24 21:52,10.00,5000.00,KATL 242152Z 26004KT 10SM SCT050TCU SCT200 35/22 A3003 RMK AO2 SLP154 TCU N NW MDT CU OHD-S T03500222 $
ATL,2023-08-24 22:52,10.00,4500.00,KATL 242252Z 29008KT 10SM SCT045TCU SCT200 34/23 A3002 RMK AO2 SLP153 LTG DSNT NE CB DSNT NE TCU NE-OHD-S T03390228 $
ATL,2023-08-24 23:52,10.00,4500.00,KATL 242352Z 25004KT 10SM FEW045TCU FEW180CB SCT200 33/23 A3001 RMK AO2 SLP151 CBMAM NE-E TCU S T03280228 10356 20328 58004 $
ATL,2023-08-25 00:52,10.00,20000.00,KATL 250052Z 23003KT 10SM FEW200 32/23 A3001 RMK AO2 SLP148 T03170228 $
ATL,2023-08-25 01:52,10.00,20000.00,KATL 250152Z 27005KT 10SM FEW200 30/23 A3002 RMK AO2 SLP152 T03000228 $
ATL,2023-08-25 02:52,10.00,20000.00,KATL 250252Z 26003KT 10SM FEW200 29/24 A3002 RMK AO2 SLP154 T02940239 53004 $
ATL,2023-08-25 03:52,10.00,M,KATL 250352Z 27006KT 10SM CLR 28/24 A3003 RMK AO2 SLP155 T02830239 $
ATL,2023-08-25 04:52,10.00,M,KATL 250452Z 27005KT 10SM CLR 28/24 A3002 RMK AO2 SLP154 T02830239 403560244 $
ATL,2023-08-25 05:52,9.00,15000.00,KATL 250552Z 28005KT 9SM BKN150 28/24 A3001 RMK AO2 SLP150 T02780239 10333 20278 58004 $
ATL,2023-08-25 06:52,10.00,17000.00,KATL 250652Z 29008KT 10SM BKN170 28/24 A3001 RMK AO2 SLP149 T02780239 $
ATL,2023-08-25 07:52,8.00,17000.00,KATL 250752Z 30006KT 8SM OVC170 28/24 A3002 RMK AO2 SLP151 T02780239 $
ATL,2023-08-25 08:52,9.00,18000.00,KATL 250852Z 29006KT 9SM OVC180 28/23 A3001 RMK AO2 SLP148 T02780233 58001 $
ATL,2023-08-25 09:52,9.00,4800.00,KATL 250952Z 27006KT 9SM FEW048 BKN200 BKN250 27/23 A3000 RMK AO2 SLP146 T02720233 $
ATL,2023-08-25 10:52,9.00,5000.00,KATL 251052Z 30008KT 9SM FEW050 SCT200 SCT250 27/23 A3000 RMK AO2 SLP147 T02670228 $
ATL,2023-08-25 11:52,7.00,20000.00,KATL 251152Z COR 30008KT 7SM FEW200 SCT250 27/23 A3002 RMK AO2 SLP152 T02670233 10283 20267 53003 $
ATL,2023-08-25 12:52,7.00,4000.00,KATL 251252Z 30009KT 7SM FEW040 SCT060 SCT200 SCT250 28/23 A3005 RMK AO2 SLP161 MDT CU NE-SE-SW T02780233 $
ATL,2023-08-25 13:52,8.00,4100.00,KATL 251352Z 31008KT 8SM FEW041 SCT055 SCT200 SCT250 30/24 A3005 RMK AO2 SLP163 MDT CU SE-S T03000239
ATL,2023-08-25 14:52,10.00,4500.00,KATL 251452Z 31010KT 10SM FEW045 SCT200 SCT250 32/24 A3006 RMK AO2 SLP164 T03220239 51013
ATL,2023-08-25 15:52,10.00,3200.00,KATL 251552Z COR 32008KT 10SM SCT032 SCT047 SCT200 33/24 A3006 RMK AO2 SLP164 MDT CU NW-NE T03330239 $
ATL,2023-08-25 16:52,10.00,3400.00,KATL 251652Z 34011G18KT 10SM SCT034 SCT046 BKN200 34/23 A3004 RMK AO2 SLP159 MDT CU ALQDS T03390233 $
ATL,2023-08-25 17:52,10.00,4000.00,KATL 251752Z 32007G16KT 10SM SCT040 SCT050 BKN200 36/22 A3002 RMK AO2 SLP153 MDT CU S-NW T03560222 10356 20267 $
ATL,2023-08-25 18:52,10.00,4400.00,KATL 251852Z 31007G18KT 10SM SCT044 SCT055 SCT200 36/22 A3000 RMK AO2 SLP144 MDT CU SE AND W T03610222 $
ATL,2023-08-25 19:52,10.00,4200.00,KATL 251952Z VRB04KT 10SM FEW042 SCT050 SCT200 36/21 A2998 RMK AO2 SLP138 MDT CU SE-S T03610211 $
ATL,2023-08-25 20:52,10.00,4600.00,KATL 252052Z 33010G14KT 10SM FEW046 SCT060 SCT200 36/21 A2996 RMK AO2 SLP131 T03610206 56021 $
ATL,2023-08-25 21:52,10.00,6000.00,KATL 252152Z 28010KT 10SM FEW060 FEW200 36/21 A2994 RMK AO2 SLP124 T03560206 $
ATL,2023-08-25 22:52,10.00,20000.00,KATL 252252Z 29010KT 10SM FEW200 35/21 A2993 RMK AO2 SLP122 T03500211 $
ATL,2023-08-25 23:52,10.00,20000.00,KATL 252352Z 31006KT 10SM FEW200 33/22 A2993 RMK AO2 SLP123 T03330217 10367 20333 55008 $
ATL,2023-08-26 00:52,10.00,20000.00,KATL 260052Z 31007KT 10SM FEW200 SCT250 32/23 A2995 RMK AO2 SLP128 T03170228 $
ATL,2023-08-26 01:52,10.00,20000.00,KATL 260152Z 32007KT 10SM FEW200 BKN250 31/23 A2997 RMK AO2 SLP136 T03110228 $
ATL,2023-08-26 02:52,10.00,25000.00,KATL 260252Z VRB06KT 10SM BKN250 30/23 A2998 RMK AO2 SLP138 T03000233 51015 $
ATL,2023-08-26 03:52,10.00,25000.00,KATL 260352Z 30004KT 10SM BKN250 29/23 A2997 RMK AO2 SLP134 T02940233 $
ATL,2023-08-26 04:52,10.00,25000.00,KATL 260452Z COR 31005KT 10SM BKN250 28/23 A2997 RMK AO2 SLP134 T02830233 403670267$
ATL,2023-08-26 05:52,10.00,25000.00,KATL 260552Z 33006KT 10SM SCT250 28/22 A2995 RMK AO2 SLP128 T02830222 10333 20283 58010 $
ATL,2023-08-26 06:52,10.00,25000.00,KATL 260652Z 31005KT 10SM FEW250 27/23 A2993 RMK AO2 SLP119 T02720228 $
ATL,2023-08-26 07:52,10.00,25000.00,KATL 260752Z 31006KT 10SM FEW250 27/23 A2992 RMK AO2 SLP117 T02670228 $
ATL,2023-08-26 08:52,10.00,25000.00,KATL 260852Z 32007KT 10SM FEW250 26/23 A2992 RMK AO2 SLP117 T02610228 56011 $
ATL,2023-08-26 09:52,9.00,25000.00,KATL 260952Z 30005KT 9SM FEW250 26/23 A2992 RMK AO2 SLP120 T02560228 $
ATL,2023-08-26 10:52,9.00,25000.00,KATL 261052Z 31007KT 9SM FEW250 26/23 A2993 RMK AO2 SLP123 T02560228 $
ATL,2023-08-26 11:52,8.00,15000.00,KATL 261152Z 32006KT 8SM FEW150 FEW250 26/23 A2994 RMK AO2 SLP126 T02610228 10283 20250 53008 $
ATL,2023-08-26 12:52,9.00,15000.00,KATL 261252Z 33007KT 9SM FEW150 FEW200 SCT250 28/23 A2995 RMK AO2 SLP129 T02830228 $
ATL,2023-08-26 13:52,10.00,20000.00,KATL 261352Z 33009KT 10SM FEW200 FEW250 31/23 A2996 RMK AO2 SLP129 T03110233 $
ATL,2023-08-26 14:52,10.00,20000.00,KATL 261452Z 33009G16KT 10SM FEW200 FEW250 33/23 A2995 RMK AO2 SLP129 T03330228 50003 $
ATL,2023-08-26 15:52,10.00,20000.00,KATL 261552Z 36012KT 10SM FEW200 34/22 A2995 RMK AO2 SLP127 T03440217 $
ATL,2023-08-26 16:52,10.00,5000.00,KATL 261652Z 34009G15KT 10SM FEW050 FEW200 36/22 A2993 RMK AO2 SLP120 T03560222 $
ATL,2023-08-26 17:52,10.00,5000.00,KATL 261752Z 31012G19KT 10SM SCT050 SCT200 37/22 A2991 RMK AO2 SLP115 T03670217 10367 20261 58014 $
ATL,2023-08-26 18:52,10.00,6000.00,KATL 261852Z 34011G17KT 10SM SCT060 SCT200 37/21 A2989 RMK AO2 SLP108 T03720211 $
ATL,2023-08-26 19:52,10.00,6000.00,KATL 261952Z 31008KT 290V350 10SM SCT060 SCT200 37/21 A2987 RMK AO2 SLP099 MDT CU E-S AND NW T03720211 $
ATL,2023-08-26 20:52,10.00,6500.00,KATL 262052Z 32007KT 10SM SCT065 SCT085 BKN200 37/19 A2985 RMK AO2 SLP093 MDT CU NE-S AND NW T03720189 56021 $
ATL,2023-08-26 21:52,10.00,5500.00,KATL 262152Z 33006KT 10SM SCT055TCU SCT100 SCT200 37/19 A2984 RMK AO2 LTG DSNT N AND NE SLP089 CB DSNT N NE TCU N-E DSNT N SW T03670189 $
ATL,2023-08-26 22:52,10.00,6000.00,KATL 262252Z 02008KT 10SM FEW060 FEW110 SCT150 SCT200 34/18 A2983 RMK AO2 WSHFT 2210 TSB2159E19 SLP089 TS DSIPTD CB DSNT S NW MDT CU SW T03440183 $
ATL,2023-08-26 23:52,10.00,5500.00,KATL 262352Z 33008KT 10SM FEW055 FEW110 SCT200 33/18 A2983 RMK AO2 SLP086 TCU DSNT S T03330183 10372 20333 56007
ATL,2023-08-27 00:52,10.00,13000.00,KATL 270052Z 32005KT 10SM FEW130 SCT250 32/19 A2985 RMK AO2 SLP096 T03170189
ATL,2023-08-27 01:52,10.00,14000.00,KATL 270152Z 30006KT 10SM BKN140 BKN200 32/19 A2988 RMK AO2 SLP105 T03170194
ATL,2023-08-27 02:52,10.00,15000.00,KATL 270252Z 33005KT 10SM SCT150 SCT200 31/21 A2989 RMK AO2 SLP107 T03060211 51020
ATL,2023-08-27 03:52,10.00,15000.00,KATL 270352Z 34004KT 10SM FEW150 FEW250 30/22 A2987 RMK AO2 SLP102 T03000217
ATL,2023-08-27 04:52,10.00,25000.00,KATL 270452Z 34003KT 10SM FEW250 29/22 A2986 RMK AO2 SLP097 T02890217 403720250
ATL,2023-08-27 05:52,10.00,25000.00,KATL 270552Z 33007KT 10SM FEW250 28/22 A2986 RMK AO2 SLP098 T02830222 10333 20283 55008
ATL,2023-08-27 06:52,10.00,25000.00,KATL 270652Z 32005KT 10SM FEW250 28/22 A2984 RMK AO2 SLP091 T02780217
ATL,2023-08-27 07:52,10.00,25000.00,KATL 270752Z 33005KT 10SM FEW250 27/22 A2984 RMK AO2 SLP089 T02670217
ATL,2023-08-27 08:52,10.00,25000.00,KATL 270852Z 02006KT 10SM SCT250 27/21 A2983 RMK AO2 SLP088 T02720211 56009
ATL,2023-08-27 09:52,10.00,25000.00,KATL 270952Z 01003KT 10SM SCT250 27/21 A2983 RMK AO2 SLP088 T02720211
ATL,2023-08-27 10:52,10.00,25000.00,KATL 271052Z 33004KT 10SM FEW250 26/21 A2985 RMK AO2 SLP094 T02610211
ATL,2023-08-27 11:52,10.00,20000.00,KATL 271152Z 07005KT 10SM FEW200 FEW250 27/22 A2985 RMK AO2 SLP096 T02720217 10283 20256 53006
ATL,2023-08-27 12:52,10.00,25000.00,KATL 271252Z VRB05KT 10SM FEW250 28/22 A2986 RMK AO2 SLP097 T02780222
ATL,2023-08-27 13:52,10.00,25000.00,KATL 271352Z 00000KT 10SM FEW250 29/23 A2987 RMK AO2 SLP100 T02940228
ATL,2023-08-27 14:52,10.00,25000.00,KATL 271452Z 19003KT 10SM FEW250 32/23 A2987 RMK AO2 SLP100 T03170228 51005
ATL,2023-08-27 15:52,10.00,M,KATL 271552Z VRB04KT 10SM CLR 33/22 A2987 RMK AO2 SLP100 T03330222
ATL,2023-08-27 16:52,10.00,4700.00,KATL 271652Z VRB05KT 10SM SCT047 35/22 A2985 RMK AO2 SLP094 T03500222
ATL,2023-08-27 17:52,10.00,4800.00,KATL 271752Z 31005KT 10SM SCT048TCU SCT055 BKN095 34/21 A2983 RMK AO2 LTG DSNT SE AND S SLP086 CB DSNT SE AND S TCU OHD-NE-E AND W T03440211 10356 20272 58014
ATL,2023-08-27 18:52,10.00,5000.00,KATL 271852Z 09013KT 10SM SCT050 SCT060 BKN095 33/22 A2981 RMK AO2 LTG DSNT ALQDS SLP079 RAB1758E18 TSB06E46 TS MOV E CB DSNT NE-S P0000 T03330217
ATL,2023-08-27 19:52,8.00,4700.00,KATL 271952Z 14010G18KT 8SM -TSRA SCT047CB BKN065 BKN095 31/21 A2979 RMK AO2 WSHFT 1931 LTG DSNT NE-SE RAB49 TSB12 SLP076 OCNL LTGIC SE-SW TS SE-SW MOV NE CB DSNT NE-SW P0000 T03060206
ATL,2023-08-27 20:52,10.00,4500.00,KATL 272052Z 29003KT 10SM -RA SCT045TCU BKN070 BKN110 30/20 A2979 RMK AO2 TSE25 SLP074 TCU OHD-W-NW AND S TS DSPTD MDT CU ALQDS P0000 60000 T03000200 56006
ATL,2023-08-27 21:52,10.00,5500.00,KATL 272152Z 17005KT 10SM FEW055 SCT110 BKN140 BKN200 32/19 A2979 RMK AO2 LTG DSNT N AND SE RAE07 SLP075 CB DSNT N SE TCU DSNT ALQDS P0000 T03220194
ATL,2023-08-27 22:52,10.00,5500.00,KATL 272252Z 13004KT 10SM FEW055 SCT140 BKN200 BKN250 33/20 A2979 RMK AO2 SLP074 CB DSNT N E-SE TCU DSNT S NW T03330200
ATL,2023-08-27 23:52,10.00,6000.00,KATL 272352Z VRB04KT 10SM FEW060 FEW140 BKN200 BKN250 32/23 A2980 RMK AO2 SLP077 CB DSNT NE E SW MDT CU NW 60000 T03170228 10361 20289 53004
ATL,2023-08-28 00:52,10.00,6000.00,KATL 280052Z 09010KT 10SM SCT060TCU BKN200 BKN250 29/21 A2982 RMK AO2 SLP087 TCU NW-N DSNT SW T02940211
ATL,2023-08-28 01:52,10.00,6000.00,KATL 280152Z 16004KT 10SM FEW060 SCT110 BKN200 BKN250 28/21 A2982 RMK AO2 SLP087 OCNL LTGICCG DSNT S-SW CB DSNT S-SW TCU DSNT NW T02830211
ATL,2023-08-28 02:52,10.00,6500.00,KATL 280252Z 18007G15KT 10SM TS SCT065CB OVC095 27/21 A2985 RMK AO2 TSB06 SLP095 FRQ LTGICCCCG VC S-SW TS VC S-SW MOV STNRY CB NW-N MOV STNRY T02720211 53017
ATL,2023-08-28 03:52,9.00,6500.00,KATL 280352Z 11008KT 9SM -RA FEW065 SCT100 OVC130 26/22 A2986 RMK AO2 LTG DSNT SE RAB03E29B51 TSE51 SLP097 TS DSIPTD CB DSNT NE SE P0000 T02560217
ATL,2023-08-28 04:52,10.00,7000.00,KATL 280452Z 10009KT 10SM FEW070 BKN120 BKN200 26/22 A2985 RMK AO2 RAE17 SLP095 OCNL LTGIC DSNT E W CB DSNT NE E W P0000 T02610217 403610250
ATL,2023-08-28 05:52,10.00,5500.00,KATL 280552Z COR 04006KT 10SM BKN055CB BKN090 BKN120 BKN200 26/22 A2985 RMK AO2 LTG DSNT E AND W AND NW SLP095 TSB22E46 TS DSIPTD CB NW & DSNT E W NW MOV N 60000 T02560217 10317 20250 51000 $
ATL,2023-08-28 06:52,10.00,1600.00,KATL 280652Z 06008KT 10SM TS BKN016 BKN024CB BKN050 OVC200 26/22 A2986 RMK AO2 LTG DSNT NW-E RAB15E25 TSB0559 SLP099 OCNL LTGICCG VC NW-N TS VC NW-N MOV N CB DSNT NW-NE-E P0000 T02560217 $
ATL,2023-08-28 07:52,10.00,1600.00,KATL 280752Z 08013KT 10SM BKN016 BKN050 BKN200 25/22 A2986 RMK AO2 SLP098 TSE10 TS MOVD N LTG DSNT N-E W CB DSNT N-E W T02500217 $
ATL,2023-08-28 08:52,10.00,800.00,KATL 280852Z 11008KT 10SM BKN008 BKN019 BKN050 BKN200 24/22 A2986 RMK AO2 LTG DSNT N SLP101 CB DSNT N-NE W-NW 60000 T02440222 51004 $
ATL,2023-08-28 09:52,10.00,800.00,KATL 280952Z 10009KT 10SM BKN008 OVC017 24/22 A2987 RMK AO2 SLP102 T02440217 $
ATL,2023-08-28 10:52,10.00,800.00,KATL 281052Z 10007KT 10SM FEW008 FEW019 FEW200 24/21 A2988 RMK AO2 SLP105 T02390211
ATL,2023-08-28 11:52,10.00,800.00,KATL 281152Z 12005KT 10SM FEW008 FEW019 FEW180 FEW250 24/21 A2989 RMK AO2 SLP109 60000 T02390211 10256 20233 53008
ATL,2023-08-28 12:52,10.00,18000.00,KATL 281252Z 12006KT 10SM FEW180 FEW250 25/22 A2989 RMK AO2 SLP109 T02500217
ATL,2023-08-28 13:52,10.00,1800.00,KATL 281352Z 12006KT 10SM FEW018 FEW200 SCT250 27/22 A2989 RMK AO2 SLP109 T02670222
ATL,2023-08-28 14:52,10.00,2200.00,KATL 281452Z COR 16006KT 10SM FEW022 FEW250 28/23 A2990 RMK AO2 SLP111 T02830228 53002
ATL,2023-08-28 15:52,10.00,2400.00,KATL 281552Z 15008KT 10SM SCT024 SCT250 30/23 A2990 RMK AO2 SLP111 T03000228
ATL,2023-08-28 16:52,10.00,2600.00,KATL 281652Z 18007KT 10SM BKN026 BKN033 BKN250 31/23 A2989 RMK AO2 SLP108 MDT CU ALQDS T03060233
ATL,2023-08-28 17:52,10.00,2800.00,KATL 281752Z 16005KT 10SM SCT028TCU BKN048 BKN250 32/23 A2986 RMK AO2 SLP101 TCU NW-N MDT CU ALQDS T03170233 10317 20239 58010
ATL,2023-08-28 18:52,10.00,3300.00,KATL 281852Z 14007KT 10SM SCT033TCU BKN060 BKN250 33/23 A2984 RMK AO2 LTG DSNT N SLP093 CB DSNT N TCU N SE-SW-NW MDT CU ALQDS T03280228
ATL,2023-08-28 19:52,10.00,3800.00,KATL 281952Z COR 13008KT 10SM TS SCT038CB BKN080 BKN200 BKN250 33/23 A2982 RMK AO2 LTG DSNT ALQDS TSB24 SLP084 OCNL LTGICCG VC SE TS VC SE MOV N CB DSNT ALQDS TCU ALQDS T03330228
ATL,2023-08-28 20:52,6.00,3200.00,KATL 282052Z 12013G23KT 6SM TSRA SCT032CB BKN080 BKN200 BKN250 26/22 A2985 RMK AO2 PK WND 14026/2028 LTG DSNT ALQDS RAB27 SLP097 OCNL LTGICCG NW-N TS NW-N MOV N CB DSNT ALQDS P0011 60011 T02610222 55006
ATL,2023-08-28 21:52,10.00,2500.00,KATL 282152Z 11006KT 10SM TS FEW025CB BKN070 BKN200 OVC250 28/21 A2985 RMK AO2 RAE04 SLP096 OCNL LTGICCG VC SE-SW-NW DSNT NW-NE TS VC SE-SW-NW DSNT NW-NE MOV N P0000 T02830206
ATL,2023-08-28 22:52,5.00,2500.00,KATL 282252Z 24005KT 5SM TSRA BR FEW025CB BKN050 OVC150 23/22 A2990 RMK AO2 PK WND 26030/2212 WSHFT 2201 RAB10 SLP115 FRQ LTGICCG NW-NE VC E-S TS NW-NE VC E-S MOV N P0055 T02330217
ATL,2023-08-28 23:52,6.00,800.00,KATL 282352Z COR 03013KT 6SM TSRA BR FEW008 SCT040CB BKN110 OVC150 23/21 A2992 RMK AO2 SLP123 OCNL LTGICCA ALQDS TS ALQDS MOV N P0006 60072 T02280206 10339 20228 53024
ATL,2023-08-29 00:52,8.00,7000.00,KATL 290052Z 01004KT 8SM -RA FEW070 BKN110 OVC150 24/22 A2989 RMK AO2 LTG DSNT NW-NE TSE49 SLP111 TS DSIPTD CB DSNT NW-NE P0010 T02390217
ATL,2023-08-29 01:52,10.00,9000.00,KATL 290152Z 00000KT 10SM -RA FEW090 SCT120 BKN150 OVC200 24/22 A2991 RMK AO2 SLP116 P0002 T02390222
ATL,2023-08-29 02:52,10.00,11000.00,KATL 290252Z 10005KT 10SM FEW110 BKN140 BKN200 24/22 A2991 RMK AO2 RAE38 SLP118 P0000 60012 T02440222 55003
ATL,2023-08-29 03:52,10.00,8000.00,KATL 290352Z 06005KT 10SM FEW080 SCT110 BKN150 BKN200 24/21 A2992 RMK AO2 LTG DSNT NW RAB08E19 SLP120 CB DSNT NW P0000 T02390211
ATL,2023-08-29 04:52,10.00,11000.00,KATL 290452Z 09006KT 10SM FEW110 BKN150 BKN200 23/22 A2990 RMK AO2 LTG DSNT N SLP115 CB DSNT N T02330217 403390228
ATL,2023-08-29 05:52,10.00,11000.00,KATL 290552Z 08005KT 10SM FEW110 BKN150 BKN180 23/21 A2989 RMK AO2 SLP109 60012 T02330211 10261 20228 58007
ATL,2023-08-29 06:52,10.00,6000.00,KATL 290652Z 12004KT 10SM FEW060 FEW110 BKN150 BKN180 23/22 A2988 RMK AO2 LTG DSNT SW RAB0558E10 SLP107 CB DSNT SW P0000 T02330217
ATL,2023-08-29 07:52,10.00,6000.00,KATL 290752Z 00000KT 10SM FEW060 FEW110 BKN150 BKN180 23/22 A2988 RMK AO2 SLP106 T02330217
ATL,2023-08-29 08:52,10.00,800.00,KATL 290852Z 34006KT 10SM BKN008 OVC055 23/22 A2989 RMK AO2 SLP111 CB DSNT NW 60000 T02330217 55000
ATL,2023-08-29 09:52,10.00,800.00,KATL 290952Z 06004KT 10SM BKN008 OVC045 23/22 A2988 RMK AO2 SLP108 T02330217
ATL,2023-08-29 10:52,3.00,600.00,KATL 291052Z 04005KT 3SM OVC006 24/22 A2989 RMK AO2 SFC VIS 8 SLP113 T02390222
ATL,2023-08-29 11:52,3.00,700.00,KATL 291152Z 07007KT 3SM BKN007 OVC013 24/22 A2991 RMK AO2 SFC VIS 7 SLP119 60000 70084 T02390217 10239 20228 53006
ATL,2023-08-29 12:52,3.00,600.00,KATL 291252Z 10006KT 3SM BKN006 OVC013 24/22 A2991 RMK AO2 SFC VIS 7 SLP120 T02440222
ATL,2023-08-29 13:52,3.00,800.00,KATL 291352Z 09007KT 3SM BR OVC008 25/23 A2992 RMK AO2 SFC VIS 6 SLP123 CIG 006V010 T02500228
ATL,2023-08-29 14:52,7.00,1000.00,KATL 291452Z 09008KT 7SM OVC010 26/23 A2994 RMK AO2 SLP129 CIG 009V012 T02560228 53011
ATL,2023-08-29 15:52,8.00,1800.00,KATL 291552Z 11005KT 8SM OVC018 28/23 A2994 RMK AO2 SLP126 BINOVC T02780233 $
ATL,2023-08-29 16:52,9.00,2200.00,KATL 291652Z 10007KT 9SM BKN022 BKN150 BKN250 29/23 A2992 RMK AO2 SLP120 T02940233 $
ATL,2023-08-29 17:52,10.00,2600.00,KATL 291752Z 13007KT 10SM SCT026 SCT180 SCT250 31/23 A2989 RMK AO2 SLP110 T03060233 10306 20239 58018 $
ATL,2023-08-29 18:52,10.00,3000.00,KATL 291852Z 14006KT 10SM SCT030TCU SCT200 SCT250 31/23 A2987 RMK AO2 SLP102 TCU SW-NW MDT CU ALQDS T03060228 $
ATL,2023-08-29 19:52,10.00,3300.00,KATL 291952Z 16005KT 10SM FEW033TCU SCT060 SCT200 SCT250 32/23 A2983 RMK AO2 LTG DSNT SE SLP090 CB DSNT SE TCU W DSNT NE-E S T03170228 $
ATL,2023-08-29 20:52,10.00,4000.00,KATL 292052Z 09005KT 10SM FEW040TCU SCT070 SCT200 BKN250 32/22 A2981 RMK AO2 LTG DSNT SE-SW SLP082 CB DSNT SE-SW TCU SW DSNT N-NE NW T03170222 57026 $
ATL,2023-08-29 21:52,10.00,4000.00,KATL 292152Z 16012G19KT 10SM SCT040TCU BKN070 BKN200 BKN250 31/22 A2982 RMK AO2 LTG DSNT E AND SE SLP086 CB DSNT E SE-S TCU E-OHD-W ALQDS T03060222 $
ATL,2023-08-29 22:52,10.00,3800.00,KATL 292252Z 16005KT 10SM FEW038CB SCT055 BKN110 OVC200 28/21 A2983 RMK AO2 LTG DSNT NE AND E SLP089 RAB14E24 CB W-NW DSNT NE-SE MOV N TCU NW-NE P0000 T02830206 $
ATL,2023-08-29 23:52,10.00,2000.00,KATL 292352Z 14016G24KT 10SM FEW020 SCT070 BKN110 OVC200 27/22 A2984 RMK AO2 TSB01E52 SLP093 LTG DSNT SE SW-NW-NE TS MOVD N CB DSNT SE SW-NW-NE 60000 T02670217 10322 20267 53008 $
ATL,2023-08-30 00:52,10.00,1400.00,KATL 300052Z 17015G22KT 10SM SCT014 BKN025 BKN070 OVC200 25/22 A2987 RMK AO2 PK WND 15027/0000 SLP103 LTG DSNT W-N-NE CB DSNT W-N-NE T02500217 $
ATL,2023-08-30 01:52,10.00,1200.00,KATL 300152Z COR 20003KT 10SM FEW012 BKN020 BKN080 BKN150 OVC200 24/21 A2989 RMK AO2 PK WND 18026/0055 SLP112 LTG DSNT NW-N CB DSNT NW-N SHRA SW-NW-NE T02440211 $
ATL,2023-08-30 02:52,5.00,1000.00,KATL 300252Z 28005KT 5SM -RA BR FEW010 BKN090 OVC150 24/22 A2986 RMK AO2 RAB02 SLP101 P0005 60005 T02390222 50007 $
ATL,2023-08-30 03:52,9.00,400.00,KATL 300352Z 28005KT 9SM -RA SCT004 BKN110 OVC150 23/22 A2985 RMK AO2 SLP097 P0002 T02330222 $
ATL,2023-08-30 04:52,10.00,500.00,KATL 300452Z 33003KT 10SM -RA FEW005 BKN110 OVC150 23/22 A2984 RMK AO2 SLP093 P0001 T02330222 403220228 $
ATL,2023-08-30 05:52,10.00,500.00,KATL 300552Z 08006KT 10SM -RA SCT005 SCT090 BKN110 OVC150 24/22 A2984 RMK AO2 SLP094 P0000 60008 T02390222 10267 20233 55005 $
ATL,2023-08-30 06:52,10.00,600.00,KATL 300652Z 10007KT 10SM BKN006 OVC011 23/22 A2983 RMK AO2 RAE05 SLP088 P0000 T02330222 $
ATL,2023-08-30 07:52,10.00,600.00,KATL 300752Z 11004KT 10SM BKN006 OVC014 23/22 A2982 RMK AO2 SLP084 T02330217 $
ATL,2023-08-30 08:52,10.00,600.00,KATL 300852Z 11004KT 10SM BKN006 OVC150 23/22 A2979 RMK AO2 SLP076 60000 T02280217 58017 $
ATL,2023-08-30 09:52,10.00,600.00,KATL 300952Z 12004KT 10SM FEW006 BKN150 23/21 A2977 RMK AO2 SLP071 T02280211 $
ATL,2023-08-30 10:52,10.00,600.00,KATL 301052Z 07007KT 10SM SCT006 BKN150 23/21 A2978 RMK AO2 SLP073 SCT006 V BKN T02280211
ATL,2023-08-30 11:52,10.00,600.00,KATL 301152Z 06007KT 10SM BKN006 BKN150 BKN250 23/22 A2978 RMK AO2 SLP073 CIG 005V009 60000 70008 T02330217 10239 20228 55004
ATL,2023-08-30 12:52,10.00,700.00,KATL 301252Z 04009KT 10SM FEW007 SCT150 BKN200 BKN250 24/22 A2978 RMK AO2 SLP075 ACC SE-S T02390217
ATL,2023-08-30 13:52,10.00,800.00,KATL 301352Z 03011KT 10SM BKN008 BKN110 BKN140 OVC200 24/22 A2977 RMK AO2 SLP072 CIG 007V010 T02440217
ATL,2023-08-30 14:52,10.00,1100.00,KATL 301452Z 04011KT 10SM BKN011 BKN100 BKN140 OVC200 25/21 A2977 RMK AO2 SLP072 CIG 009V013 T02500211 58002
ATL,2023-08-30 15:52,10.00,1500.00,KATL 301552Z 04012KT 10SM BKN015 BKN100 BKN140 OVC200 25/21 A2978 RMK AO2 SLP074 CIG 013V017 T02500211
ATL,2023-08-30 16:52,10.00,1500.00,KATL 301652Z 06012KT 10SM BKN015 BKN040 BKN090 OVC150 26/21 A2976 RMK AO2 SLP068 CIG 013V017 T02560211
ATL,2023-08-30 17:52,10.00,1800.00,KATL 301752Z 05013KT 10SM SCT018 SCT085 BKN130 OVC200 26/21 A2973 RMK AO2 SLP058 VIRGA NE-SE-SW T02560211 10261 20233 58013
ATL,2023-08-30 18:52,10.00,2100.00,KATL 301852Z 04015KT 10SM FEW021 SCT100 BKN140 BKN200 27/21 A2971 RMK AO2 SLP051 VIRGA NE-SE-SW T02670211
ATL,2023-08-30 19:52,10.00,2400.00,KATL 301952Z 02011KT 10SM -RA SCT024TCU BKN095 BKN140 BKN200 27/21 A2971 RMK AO2 RAB50 SLP049 TCU N NE MDT CU NE-E W-NW PCPN VRY LGT P0000 T02720211
ATL,2023-08-30 20:52,10.00,2600.00,KATL 302052Z 04011KT 10SM SCT026 SCT110 BKN180 BKN250 28/21 A2969 RMK AO2 RAE25 SLP044 TCU DSNT SW-NW P0000 60000 T02780211 56013
ATL,2023-08-30 21:52,10.00,2500.00,KATL 302152Z 02009G17KT 10SM FEW025TCU SCT120 BKN150 BKN200 28/21 A2970 RMK AO2 SLP045 TCU NW-N DSNT ALQDS T02830211
ATL,2023-08-30 22:52,10.00,2500.00,KATL 302252Z 36012KT 10SM FEW025TCU SCT040 BKN150 BKN200 28/21 A2970 RMK AO2 RAB09E27 SLP047 CB DSNT SW TCU SE-S P0000 T02780211
ATL,2023-08-30 23:52,10.00,2800.00,KATL 302352Z 32010KT 10SM SCT028 BKN035 BKN150 BKN200 26/22 A2972 RMK AO2 SLP053 CB DSNT N-NE S-SW TCU DSNT SE 60000 T02560222 10294 20256 53008
ATL,2023-08-31 00:52,5.00,700.00,KATL 310052Z 33006KT 5SM RA BR FEW007 BKN015CB BKN030 OVC150 24/22 A2975 RMK AO2 RAB25 SLP065 VIS LWR NE-SE-S CB NE-SE-S MOV S P0012 T02390222
ATL,2023-08-31 01:52,8.00,900.00,KATL 310152Z 29006KT 8SM -RA FEW009 BKN045 BKN070 BKN150 23/21 A2977 RMK AO2 SLP072 CB DSNT SE-S P0034 T02280206
ATL,2023-08-31 02:52,10.00,5000.00,KATL 310252Z 29007KT 10SM FEW050 BKN110 BKN150 BKN250 23/21 A2979 RMK AO2 RAE06 SLP077 P0000 60046 T02330206 51022
ATL,2023-08-31 03:52,10.00,6000.00,KATL 310352Z 31006KT 10SM BKN060 BKN150 BKN250 22/20 A2980 RMK AO2 SLP081 T02220200
ATL,2023-08-31 04:52,10.00,6000.00,KATL 310452Z 31006KT 10SM FEW060 FEW150 SCT250 22/19 A2980 RMK AO2 SLP080 T02170189 402940217
ATL,2023-08-31 05:52,10.00,6000.00,KATL 310552Z 32005KT 10SM FEW060 SCT250 22/18 A2980 RMK AO2 SLP081 60046 T02170183 10256 20211 51005
ATL,2023-08-31 06:52,10.00,8000.00,KATL 310652Z 32006KT 10SM FEW080 SCT200 21/18 A2981 RMK AO2 SLP084 T02110183
ATL,2023-08-31 07:52,10.00,7000.00,KATL 310752Z 32005KT 10SM FEW070 FEW250 21/18 A2981 RMK AO2 SLP086 T02060183
ATL,2023-08-31 08:52,10.00,7000.00,KATL 310852Z 30006KT 10SM FEW070 FEW250 21/18 A2982 RMK AO2 SLP087 T02060183 51005
ATL,2023-08-31 09:52,10.00,7000.00,KATL 310952Z 30006KT 10SM FEW070 20/18 A2983 RMK AO2 SLP092 T02000183
ATL,2023-08-31 10:52,10.00,3800.00,KATL 311052Z 30004KT 10SM BKN038 BKN065 20/18 A2985 RMK AO2 SLP097 T02000183
ATL,2023-08-31 11:52,10.00,3900.00,KATL 311152Z 34006KT 10SM SCT039 21/18 A2987 RMK AO2 SLP104 70046 T02060183 10217 20200 53017 $
ATL,2023-08-31 12:52,10.00,1500.00,KATL 311252Z 32003KT 10SM FEW015 BKN040 22/18 A2988 RMK AO2 SLP110 T02220183 $
ATL,2023-08-31 13:52,10.00,400.00,KATL 311352Z 11003KT 10SM FEW004 SCT039 24/19 A2990 RMK AO2 SLP117 FU FEW004 T02390194 $
ATL,2023-08-31 14:52,10.00,4000.00,KATL 311452Z 14003KT 10SM SCT040 26/20 A2992 RMK AO2 SLP122 T02610200 53018 $
ATL,2023-08-31 15:52,10.00,3000.00,KATL 311552Z 11008KT 10SM FEW030 SCT045 28/19 A2993 RMK AO2 SLP124 MDT CU DSNT N NE-SE T02780194 $
ATL,2023-08-31 16:52,10.00,3800.00,KATL 311652Z 12007KT 10SM FEW038 SCT055 29/19 A2993 RMK AO2 SLP125 MDT CU NE S-W-NW T02890194 $
ATL,2023-08-31 17:52,10.00,4200.00,KATL 311752Z 13006KT 10SM SCT042 BKN060 29/19 A2993 RMK AO2 SLP125 MDT CU ALQDS T02890189 10294 20206 51003 $
ATL,2023-08-31 18:52,10.00,4800.00,KATL 311852Z 13004KT 10SM SCT048 BKN065 BKN250 29/19 A2993 RMK AO2 SLP124 MDT CU SE-SW-NW T02940189 $
ATL,2023-08-31 19:52,10.00,4400.00,KATL 311952Z 13006KT 10SM SCT044 SCT060 SCT250 30/20 A2992 RMK AO2 SLP122 MDT CU SW-NW T03000200 $
ATL,2023-08-31 20:52,10.00,5000.00,KATL 312052Z 10005KT 10SM FEW050 SCT070 SCT180 SCT250 29/19 A2992 RMK AO2 SLP123 MDT CU N-NE SW-W T02940189 55002 $
ATL,2023-08-31 21:52,10.00,4800.00,KATL 312152Z 06012KT 10SM FEW048 SCT060 SCT180 BKN250 30/19 A2993 RMK AO2 SLP125 MDT CU SE SW-W T03000194 $
ATL,2023-08-31 22:52,10.00,5000.00,KATL 312252Z 10009KT 10SM FEW050 SCT070 SCT200 29/19 A2994 RMK AO2 SLP129 MDT CU SW-W T02890189 $
ATL,2023-08-31 23:52,10.00,5000.00,KATL 312352Z 12006KT 10SM FEW050 SCT070 SCT200 28/19 A2995 RMK AO2 SLP133 MDT CU W-NW T02830194 10311 20283 53009 $
