station,valid,vsby,skyl1,metar
CLT,2023-05-31 00:52,10.00,9500.00,KCLT 310052Z 06006KT 10SM OVC095 21/16 A3004 RMK AO2 SLP181 T02060156
CLT,2023-05-31 01:52,10.00,8500.00,KCLT 310152Z 05008G17KT 10SM BKN085 BKN110 21/16 A3006 RMK AO2 SLP186 T02060161
CLT,2023-05-31 02:52,10.00,5000.00,KCLT 310252Z 05010KT 10SM FEW050 BKN085 19/16 A3008 RMK AO2 SLP195 T01940156 53016
CLT,2023-05-31 03:52,10.00,1600.00,KCLT 310352Z 05009KT 10SM BKN016 OVC090 19/16 A3010 RMK AO2 SLP199 T01890156
CLT,2023-05-31 04:52,10.00,1500.00,KCLT 310452Z 06009KT 10SM BKN015 BKN090 18/15 A3010 RMK AO2 SLP201 T01830150 402560172
CLT,2023-05-31 05:52,10.00,1300.00,KCLT 310552Z 04006KT 10SM FEW013 SCT055 SCT090 17/15 A3009 RMK AO2 SLP196 T01720150 10211 20172 50001
CLT,2023-05-31 06:52,9.00,1100.00,KCLT 310652Z 02003KT 9SM FEW011 BKN019 OVC060 17/16 A3009 RMK AO2 SLP197 T01720156
CLT,2023-05-31 07:52,10.00,2100.00,KCLT 310752Z 05006KT 10SM BKN021 OVC070 18/15 A3009 RMK AO2 SLP199 T01780150
CLT,2023-05-31 08:52,10.00,1900.00,KCLT 310852Z 03005KT 10SM OVC019 18/15 A3010 RMK AO2 SLP202 T01780150 53005
CLT,2023-05-31 09:52,10.00,2900.00,KCLT 310952Z 05006KT 10SM OVC029 18/15 A3011 RMK AO2 SLP204 T01780150
CLT,2023-05-31 10:52,10.00,1100.00,KCLT 311052Z 07007KT 10SM SCT011 OVC029 18/15 A3012 RMK AO2 SLP210 T01780150
CLT,2023-05-31 11:52,10.00,1100.00,KCLT 311152Z 04006KT 10SM BKN011 OVC030 18/16 A3013 RMK AO2 SLP212 T01830156 10183 20172 51009
CLT,2023-05-31 12:52,10.00,1100.00,KCLT 311252Z 08006KT 10SM SCT011 BKN018 OVC045 19/16 A3014 RMK AO2 SLP213 T01890156
CLT,2023-05-31 13:52,10.00,1700.00,KCLT 311352Z 04009KT 10SM BKN017 OVC028 20/15 A3014 RMK AO2 SLP214 T02000150
CLT,2023-05-31 14:52,10.00,1900.00,KCLT 311452Z 03006KT 10SM BKN019 OVC026 20/16 A3014 RMK AO2 SLP216 T02000156 51005
CLT,2023-05-31 15:52,10.00,2100.00,KCLT 311552Z 05006KT 10SM BKN021 BKN033 22/16 A3014 RMK AO2 SLP215 T02170156
CLT,2023-05-31 16:52,10.00,2100.00,KCLT 311652Z 06009KT 10SM BKN021 BKN033 22/15 A3013 RMK AO2 SLP211 T02220150
CLT,2023-05-31 17:52,10.00,2600.00,KCLT 311752Z 06007KT 10SM BKN026 OVC035 23/14 A3012 RMK AO2 SLP207 T02330144 10233 20183 58009
CLT,2023-05-31 18:52,10.00,3400.00,KCLT 311852Z 07009KT 10SM BKN034 BKN045 24/14 A3011 RMK AO2 SLP203 T02390144
CLT,2023-05-31 19:52,10.00,4200.00,KCLT 311952Z 03008KT 10SM BKN042 BKN070 BKN250 24/14 A3009 RMK AO2 SLP199 T02390139
CLT,2023-05-31 20:52,10.00,4500.00,KCLT 312052Z 02008KT 10SM SCT045 SCT070 BKN250 24/15 A3008 RMK AO2 SLP195 T02440150 58012
CLT,2023-05-31 21:52,10.00,4000.00,KCLT 312152Z 07007KT 10SM SCT040 BKN055 BKN250 24/14 A3008 RMK AO2 SLP193 T02440144
CLT,2023-05-31 22:52,10.00,4000.00,KCLT 312252Z 04005KT 10SM FEW040 SCT060 BKN250 25/15 A3007 RMK AO2 SLP190 T02500150
CLT,2023-05-31 23:52,10.00,3800.00,KCLT 312352Z 07006KT 10SM SCT038 BKN065 BKN250 23/16 A3008 RMK AO2 SLP193 T02330156 10250 20233 55002
CLT,2023-06-01 00:52,10.00,6000.00,KCLT 010052Z 08006KT 10SM BKN060 23/15 A3008 RMK AO2 SLP193 T02330150
CLT,2023-06-01 01:52,10.00,3600.00,KCLT 010152Z 01005KT 10SM FEW036 22/16 A3009 RMK AO2 SLP199 T02170156
CLT,2023-06-01 03:52,10.00,25000.00,KCLT 010352Z 35003KT 10SM FEW250 19/16 A3009 RMK AO2 SLP198 T01890161
CLT,2023-06-01 04:52,10.00,4000.00,KCLT 010452Z 33003KT 10SM FEW040 SCT250 18/16 A3008 RMK AO2 SLP195 T01830156 402500172
CLT,2023-06-01 05:52,10.00,25000.00,KCLT 010552Z 33004KT 10SM SCT250 18/16 A3007 RMK AO2 SLP190 T01780156 10239 20178 58012
CLT,2023-06-01 06:52,10.00,25000.00,KCLT 010652Z 35004KT 10SM SCT250 18/16 A3006 RMK AO2 SLP187 T01780156
CLT,2023-06-01 07:52,9.00,25000.00,KCLT 010752Z 34004KT 9SM BKN250 17/15 A3006 RMK AO2 SLP187 T01670150
CLT,2023-06-01 08:52,9.00,25000.00,KCLT 010852Z 34005KT 9SM BKN250 17/15 A3007 RMK AO2 SLP190 T01670150 53000
CLT,2023-06-01 09:52,8.00,4500.00,KCLT 010952Z 35005KT 8SM FEW045 BKN250 16/14 A3008 RMK AO2 SLP193 T01610144
CLT,2023-06-01 10:52,8.00,4500.00,KCLT 011052Z 36005KT 8SM FEW045 BKN250 17/15 A3009 RMK AO2 SLP197 T01670150
CLT,2023-06-01 11:52,8.00,4600.00,KCLT 011152Z 01005KT 8SM SCT046 BKN250 18/16 A3010 RMK AO2 SLP201 T01830161 10183 20161 53011
CLT,2023-06-01 12:52,9.00,4500.00,KCLT 011252Z 03005KT 9SM FEW045 SCT070 BKN250 21/17 A3010 RMK AO2 SLP202 T02110167
CLT,2023-06-01 13:52,10.00,1700.00,KCLT 011352Z 04005KT 10SM FEW017 FEW100 BKN250 23/17 A3010 RMK AO2 SLP200 T02280167
CLT,2023-06-01 14:52,10.00,1900.00,KCLT 011452Z 02007KT 10SM SCT019 SCT110 BKN250 24/16 A3009 RMK AO2 SLP196 T02390156 58004
CLT,2023-06-01 15:52,10.00,3600.00,KCLT 011552Z 03010KT 10SM SCT036 BKN250 25/15 A3008 RMK AO2 SLP192 T02500150
CLT,2023-06-01 16:52,10.00,4500.00,KCLT 011652Z 06010KT 10SM FEW045 BKN250 26/14 A3006 RMK AO2 SLP187 T02610144
CLT,2023-06-01 17:52,10.00,4500.00,KCLT 011752Z 03009KT 10SM SCT045 SCT250 27/14 A3005 RMK AO2 SLP181 T02670139 10267 20183 58014
CLT,2023-06-01 18:52,10.00,4900.00,KCLT 011852Z 34007G14KT 300V010 10SM SCT049 SCT250 28/14 A3003 RMK AO2 SLP175 T02780144
CLT,2023-06-01 19:52,10.00,5500.00,KCLT 011952Z VRB04KT 10SM FEW055 BKN250 28/13 A3002 RMK AO2 SLP172 T02780133
CLT,2023-06-01 20:52,10.00,5500.00,KCLT 012052Z 05006KT 10SM FEW055 BKN250 28/13 A3000 RMK AO2 SLP166 T02780128 56015
CLT,2023-06-01 21:52,10.00,6000.00,KCLT 012152Z 05011G18KT 10SM FEW060 BKN250 28/12 A3000 RMK AO2 SLP166 T02780117
CLT,2023-06-01 22:52,10.00,6000.00,KCLT 012252Z 07009KT 10SM FEW060 BKN250 27/12 A2999 RMK AO2 SLP163 T02670117
CLT,2023-06-01 23:52,10.00,6000.00,KCLT 012352Z 07010KT 10SM FEW060 BKN250 26/14 A3000 RMK AO2 SLP164 T02560139 10289 20256 55002
CLT,2023-06-02 00:52,10.00,7000.00,KCLT 020052Z 07008KT 10SM FEW070 BKN250 24/14 A3000 RMK AO2 SLP165 T02440144
CLT,2023-06-02 01:52,10.00,25000.00,KCLT 020152Z 07005KT 10SM BKN250 23/15 A3001 RMK AO2 SLP169 T02330150
CLT,2023-06-02 02:52,10.00,8000.00,KCLT 020252Z 07006KT 10SM FEW080 SCT250 23/16 A3001 RMK AO2 SLP169 T02280156 51006
CLT,2023-06-02 03:52,10.00,8000.00,KCLT 020352Z 01004KT 10SM FEW080 BKN250 21/16 A3001 RMK AO2 SLP170 T02060156
CLT,2023-06-02 04:52,10.00,8500.00,KCLT 020452Z 36005KT 10SM SCT085 BKN250 19/16 A3000 RMK AO2 SLP165 T01890161 402890161
CLT,2023-06-02 05:52,10.00,8500.00,KCLT 020552Z 35006KT 10SM BKN085 OVC250 19/16 A2999 RMK AO2 SLP161 T01940161 10256 20189 58008
CLT,2023-06-02 06:52,10.00,6500.00,KCLT 020652Z 02004KT 10SM FEW065 SCT080 BKN250 20/16 A2999 RMK AO2 SLP161 T02000161
CLT,2023-06-02 07:52,10.00,6500.00,KCLT 020752Z 36005KT 10SM SCT065 BKN080 20/17 A2998 RMK AO2 SLP157 T02000167
CLT,2023-06-02 08:52,10.00,6500.00,KCLT 020852Z 36005KT 10SM BKN065 BKN080 19/17 A2998 RMK AO2 SLP157 T01940167 55004
CLT,2023-06-02 09:52,10.00,7000.00,KCLT 020952Z 35004KT 10SM FEW070 FEW250 18/16 A2998 RMK AO2 SLP158 T01830161
CLT,2023-06-02 10:52,10.00,25000.00,KCLT 021052Z 35004KT 10SM FEW250 18/17 A2999 RMK AO2 SLP161 T01830167
CLT,2023-06-02 11:52,10.00,6000.00,KCLT 021152Z 36005KT 10SM FEW060 FEW250 20/17 A2999 RMK AO2 SLP161 T02000172 10211 20178 51003
CLT,2023-06-02 12:52,10.00,1500.00,KCLT 021252Z 36006KT 10SM FEW015 FEW250 23/18 A2999 RMK AO2 SLP161 T02280178
CLT,2023-06-02 13:52,10.00,2000.00,KCLT 021352Z 02007KT 10SM SCT020 SCT250 24/17 A2997 RMK AO2 SLP156 T02440172
CLT,2023-06-02 14:52,10.00,3400.00,KCLT 021452Z 02008KT 10SM SCT034 SCT250 26/16 A2996 RMK AO2 SLP151 T02560161 58009
CLT,2023-06-02 15:52,10.00,4600.00,KCLT 021552Z 02007G16KT 10SM SCT046 SCT250 27/14 A2995 RMK AO2 SLP148 T02670144
CLT,2023-06-02 16:52,10.00,5000.00,KCLT 021652Z 04008G16KT 10SM FEW050 SCT250 28/13 A2994 RMK AO2 SLP143 T02780133
CLT,2023-06-02 17:52,10.00,6000.00,KCLT 021752Z 03009KT 10SM FEW060 FEW250 28/13 A2992 RMK AO2 SLP137 T02830128 10289 20200 58014
CLT,2023-06-02 18:52,10.00,7000.00,KCLT 021852Z 04008G17KT 10SM FEW070 FEW250 29/10 A2991 RMK AO2 SLP133 T02890100
CLT,2023-06-02 19:52,10.00,7000.00,KCLT 021952Z 06011KT 10SM FEW070 FEW250 29/09 A2989 RMK AO2 SLP125 T02940089
CLT,2023-06-02 20:52,10.00,7000.00,KCLT 022052Z 05011KT 10SM FEW070 FEW250 30/09 A2987 RMK AO2 SLP119 T03000094 58016
CLT,2023-06-02 21:52,10.00,6500.00,KCLT 022152Z 01009G15KT 10SM FEW065 FEW250 30/09 A2987 RMK AO2 SLP119 T03000094
CLT,2023-06-02 22:52,10.00,6500.00,KCLT 022252Z 05009G16KT 10SM FEW065 FEW250 29/08 A2986 RMK AO2 SLP117 T02940078
CLT,2023-06-02 23:52,10.00,25000.00,KCLT 022352Z 06009KT 10SM FEW250 28/07 A2987 RMK AO2 SLP121 T02780072 10300 20278 53000
CLT,2023-06-03 00:52,10.00,25000.00,KCLT 030052Z 08005KT 10SM FEW250 27/09 A2987 RMK AO2 SLP121 T02670089
CLT,2023-06-03 01:52,10.00,7000.00,KCLT 030152Z 08005KT 10SM FEW070 26/10 A2988 RMK AO2 SLP123 T02560100
CLT,2023-06-03 02:52,10.00,7000.00,KCLT 030252Z 08004KT 10SM FEW070 24/10 A2989 RMK AO2 SLP125 T02440100 53006
CLT,2023-06-03 03:52,10.00,M,KCLT 030352Z 32004KT 10SM CLR 20/13 A2988 RMK AO2 SLP126 T02000128
CLT,2023-06-03 04:52,10.00,M,KCLT 030452Z 33005KT 10SM CLR 19/13 A2988 RMK AO2 SLP125 T01940128 403000178
CLT,2023-06-03 05:52,10.00,M,KCLT 030552Z 32003KT 10SM CLR 18/13 A2988 RMK AO2 SLP122 T01780133 10278 20178 58004
CLT,2023-06-03 06:52,10.00,M,KCLT 030652Z 31003KT 10SM CLR 17/13 A2986 RMK AO2 SLP119 T01720133
CLT,2023-06-03 07:52,9.00,M,KCLT 030752Z 34007KT 9SM CLR 17/13 A2985 RMK AO2 SLP115 T01670133
CLT,2023-06-03 08:52,9.00,M,KCLT 030852Z 33005KT 9SM CLR 16/13 A2985 RMK AO2 SLP114 T01610128 56008
CLT,2023-06-03 09:52,9.00,M,KCLT 030952Z 34004KT 9SM CLR 16/13 A2985 RMK AO2 SLP116 T01560128
CLT,2023-06-03 10:52,8.00,25000.00,KCLT 031052Z 34003KT 8SM FEW250 16/13 A2986 RMK AO2 SLP119 T01610128
CLT,2023-06-03 11:52,9.00,M,KCLT 031152Z 34004KT 9SM CLR 19/13 A2986 RMK AO2 SLP118 T01890133 10189 20156 52004
CLT,2023-06-03 12:52,10.00,M,KCLT 031252Z 01004KT 10SM CLR 23/14 A2987 RMK AO2 SLP120 T02280144
CLT,2023-06-03 13:52,10.00,25000.00,KCLT 031352Z 01006KT 10SM FEW250 26/12 A2987 RMK AO2 SLP120 T02610117
CLT,2023-06-03 14:52,10.00,25000.00,KCLT 031452Z 01004KT 10SM FEW250 28/11 A2987 RMK AO2 SLP119 T02780111 50001
CLT,2023-06-03 15:52,10.00,25000.00,KCLT 031552Z 07009KT 10SM FEW250 29/12 A2987 RMK AO2 SLP119 T02890117
CLT,2023-06-03 16:52,10.00,25000.00,KCLT 031652Z 06008KT 020V090 10SM FEW250 30/12 A2985 RMK AO2 SLP114 T03000122
CLT,2023-06-03 17:52,10.00,6500.00,KCLT 031752Z 06012G16KT 10SM FEW065 FEW250 31/13 A2983 RMK AO2 SLP108 T03060128 10311 20189 58012
CLT,2023-06-03 18:52,10.00,7000.00,KCLT 031852Z 04010G16KT 10SM FEW070 FEW250 32/13 A2982 RMK AO2 SLP104 T03220128
CLT,2023-06-03 19:52,10.00,7500.00,KCLT 031952Z 05011G17KT 020V080 10SM SCT075 32/13 A2982 RMK AO2 SLP102 T03220128
CLT,2023-06-03 20:52,10.00,8000.00,KCLT 032052Z 05011G19KT 10SM SCT080 32/12 A2980 RMK AO2 SLP098 T03220122 58010
CLT,2023-06-03 21:52,10.00,8000.00,KCLT 032152Z 08006KT 10SM SCT080 BKN100 31/13 A2980 RMK AO2 SLP096 TCU DSNT NE T03060133
CLT,2023-06-03 22:52,10.00,8000.00,KCLT 032252Z 11007KT 10SM SCT080 BKN100 30/13 A2979 RMK AO2 LTG DSNT N SLP094 CB DSNT N T03000133
CLT,2023-06-03 23:52,10.00,8000.00,KCLT 032352Z 11007KT 10SM SCT080 BKN100 29/14 A2981 RMK AO2 LTG DSNT SW-NW SLP099 CB DSNT N-NE AND W-NW T02890139 10328 20289 53001
CLT,2023-06-04 00:52,10.00,7500.00,KCLT 040052Z 36008KT 10SM FEW075 BKN110 BKN180 26/14 A2982 RMK AO2 LTG DSNT N SLP105 CB DSNT N-NE AND SW-NW T02560144
CLT,2023-06-04 01:52,10.00,7000.00,KCLT 040152Z 01013G21KT 10SM BKN070 BKN090 OVC120 24/15 A2986 RMK AO2 LTG DSNT N AND NE SLP117 CB DSNT N T02390150
CLT,2023-06-04 02:52,7.00,5000.00,KCLT 040252Z 03010G20KT 7SM TS BKN050CB BKN070 BKN085 20/17 A2992 RMK AO2 PK WND 03027/0155 LTG DSNT W-NE RAB0159E33 TSB24 PRESRR SLP138 OCNL LTGICCCCG E AND NW TS E AND NW MOV SW CB DSNT NE-E P0015 60015 T02000172
CLT,2023-06-04 03:52,3.00,4200.00,KCLT 040352Z 35011KT 3SM +TSRA BR SCT042CB BKN065 BKN080 18/17 A2993 RMK AO2 PK WND 06032/0318 LTG DSNT SW AND NW RAB0258 SLP141 OCNL LTGICCCCG OHD AND S TS OHD AND S MOV SW P0048 T01830167
CLT,2023-06-04 04:52,6.00,6500.00,KCLT 040452Z 33008KT 6SM -RA BR FEW065 OVC100 18/17 A2992 RMK AO2 TSE48 SLP137 TS MOV SW P0015 T01830167 403280156
CLT,2023-06-04 05:52,10.00,6500.00,KCLT 040552Z 35004KT 10SM FEW065 SCT080 OVC110 18/17 A2990 RMK AO2 RAE34 SLP132 TS MOV SW P0001 60079 T01830167 10289 20183 58005
CLT,2023-06-04 06:52,9.00,8000.00,KCLT 040652Z 02005KT 9SM FEW080 OVC180 18/17 A2990 RMK AO2 SLP130 TS MOV SW T01830172
CLT,2023-06-04 07:52,8.00,3000.00,KCLT 040752Z COR 01003KT 8SM FEW030 OVC200 19/17 A2990 RMK AO2 SLP131 T01890172
CLT,2023-06-04 08:52,10.00,2800.00,KCLT 040852Z 02005KT 10SM BKN028 BKN046 OVC200 19/17 A2991 RMK AO2 SLP134 T01890172 53003
CLT,2023-06-04 09:52,8.00,2200.00,KCLT 040952Z 36006KT 8SM SCT022 SCT049 BKN250 18/17 A2993 RMK AO2 SLP140 T01830172
CLT,2023-06-04 10:52,7.00,800.00,KCLT 041052Z 04007KT 7SM FEW008 FEW049 SCT250 19/17 A2993 RMK AO2 SLP143 T01890167
CLT,2023-06-04 11:52,10.00,900.00,KCLT 041152Z 07010KT 10SM BKN009 BKN250 19/16 A2994 RMK AO2 SLP146 70079 T01890161 10194 20183 51010
CLT,2023-06-04 12:52,10.00,1200.00,KCLT 041252Z 05013KT 10SM OVC012 18/15 A2996 RMK AO2 SLP153 T01830150
CLT,2023-06-04 13:52,10.00,1400.00,KCLT 041352Z 07010KT 10SM OVC014 18/15 A2998 RMK AO2 SLP159 T01830150
CLT,2023-06-04 14:52,9.00,1500.00,KCLT 041452Z 04012KT 9SM OVC015 19/14 A2998 RMK AO2 SLP162 T01890144 51013
CLT,2023-06-04 15:52,8.00,1600.00,KCLT 041552Z 03009KT 8SM OVC016 19/15 A2999 RMK AO2 SLP166 T01890150
CLT,2023-06-04 16:52,9.00,1400.00,KCLT 041652Z 07008KT 9SM BKN014 OVC021 19/14 A3002 RMK AO2 SLP173 T01940144
CLT,2023-06-04 17:52,9.00,2200.00,KCLT 041752Z 04007KT 9SM OVC022 20/14 A3000 RMK AO2 SLP166 T02000144 10200 20183 50004
CLT,2023-06-04 18:52,10.00,2400.00,KCLT 041852Z 02008KT 10SM BKN024 21/15 A2998 RMK AO2 SLP161 T02060150
CLT,2023-06-04 19:52,10.00,2300.00,KCLT 041952Z 04008KT 10SM OVC023 20/15 A2998 RMK AO2 SLP160 T02000150
CLT,2023-06-04 20:52,10.00,2700.00,KCLT 042052Z 10008KT 10SM OVC027 21/14 A2997 RMK AO2 SLP155 T02060144 56010
CLT,2023-06-04 21:52,10.00,2400.00,KCLT 042152Z 09005KT 10SM BKN024 BKN250 21/14 A2996 RMK AO2 SLP153 T02110144
CLT,2023-06-04 22:52,10.00,2600.00,KCLT 042252Z 11004KT 10SM SCT026 BKN250 21/14 A2996 RMK AO2 SLP152 T02060144
CLT,2023-06-04 23:52,10.00,2700.00,KCLT 042352Z 09004KT 10SM SCT027 BKN250 21/14 A2997 RMK AO2 SLP156 T02060139 10211 20200 53001
CLT,2023-06-05 00:52,10.00,2500.00,KCLT 050052Z 09004KT 10SM FEW025 FEW250 20/14 A2997 RMK AO2 SLP156 T02000139
CLT,2023-06-05 01:52,10.00,2500.00,KCLT 050152Z 07004KT 10SM FEW025 FEW250 19/14 A2998 RMK AO2 SLP161 T01890144
CLT,2023-06-05 02:52,10.00,2500.00,KCLT 050252Z 17003KT 10SM FEW025 FEW250 18/14 A2999 RMK AO2 SLP163 T01780144 53005
CLT,2023-06-05 03:52,10.00,2400.00,KCLT 050352Z 08003KT 10SM BKN024 BKN100 18/14 A2999 RMK AO2 SLP164 T01830144
CLT,2023-06-05 04:52,10.00,2300.00,KCLT 050452Z 06006KT 10SM BKN023 18/14 A2999 RMK AO2 SLP163 T01780144 402110172
CLT,2023-06-05 05:52,10.00,2300.00,KCLT 050552Z 07004KT 10SM FEW023 BKN100 18/14 A2997 RMK AO2 SLP158 T01780144 10206 20172 58005
CLT,2023-06-05 06:52,9.00,7500.00,KCLT 050652Z 07003KT 9SM SCT075 SCT100 17/14 A2997 RMK AO2 SLP159 T01720139
CLT,2023-06-05 07:52,9.00,2600.00,KCLT 050752Z 00000KT 9SM OVC026 17/14 A2998 RMK AO2 SLP160 T01670144
CLT,2023-06-05 08:52,9.00,2700.00,KCLT 050852Z 14003KT 9SM SCT027 BKN060 OVC075 17/14 A2998 RMK AO2 SLP162 T01720144 53004
CLT,2023-06-05 09:52,9.00,2700.00,KCLT 050952Z 00000KT 9SM SCT027 OVC035 17/14 A2999 RMK AO2 SLP165 T01720144
CLT,2023-06-05 10:52,8.00,2800.00,KCLT 051052Z 00000KT 8SM OVC028 17/15 A3000 RMK AO2 SLP168 T01720150
CLT,2023-06-05 11:52,10.00,2500.00,KCLT 051152Z 15003KT 10SM BKN025 OVC045 18/14 A3001 RMK AO2 SLP170 T01780139 10178 20167 51007
CLT,2023-06-05 12:52,9.00,2400.00,KCLT 051252Z 22005KT 9SM BKN024 OVC034 18/14 A3002 RMK AO2 SLP173 T01780144
CLT,2023-06-05 13:52,10.00,2400.00,KCLT 051352Z 20004KT 10SM FEW024 OVC035 18/15 A3002 RMK AO2 SLP174 T01830150
CLT,2023-06-05 14:52,10.00,1700.00,KCLT 051452Z 24004KT 10SM BKN017 OVC033 19/15 A3000 RMK AO2 SLP169 T01890150 58001
CLT,2023-06-05 15:52,10.00,1700.00,KCLT 051552Z 21004KT 10SM BKN017 BKN033 21/15 A3000 RMK AO2 SLP168 T02060150
CLT,2023-06-05 16:52,10.00,2000.00,KCLT 051652Z 30004KT 10SM BKN020 OVC032 22/16 A2999 RMK AO2 SLP163 T02170156
CLT,2023-06-05 17:52,10.00,2200.00,KCLT 051752Z VRB03KT 10SM BKN022 BKN026 OVC031 22/16 A2997 RMK AO2 SLP158 T02220161 10222 20172 58009
CLT,2023-06-05 18:52,10.00,2500.00,KCLT 051852Z VRB03KT 10SM BKN025 OVC033 23/16 A2996 RMK AO2 SLP153 T02280161
CLT,2023-06-05 19:52,10.00,2500.00,KCLT 051952Z 27004KT 10SM FEW025 OVC033 23/16 A2996 RMK AO2 SLP152 T02280161
CLT,2023-06-05 20:52,10.00,2400.00,KCLT 052052Z 28003KT 10SM SCT024 BKN034 OVC042 23/17 A2994 RMK AO2 SLP148 T02330167 56010
CLT,2023-06-05 21:52,10.00,2400.00,KCLT 052152Z VRB03KT 10SM FEW024 SCT034 BKN042 24/17 A2993 RMK AO2 SLP145 T02390167
CLT,2023-06-05 22:52,10.00,2500.00,KCLT 052252Z 28006KT 10SM FEW025 FEW042 24/17 A2992 RMK AO2 SLP140 T02390172
CLT,2023-06-05 23:52,10.00,4200.00,KCLT 052352Z 26003KT 10SM SCT042 SCT250 22/17 A2994 RMK AO2 SLP145 T02220167 10244 20222 55003
CLT,2023-06-06 00:52,10.00,4200.00,KCLT 060052Z 22004KT 10SM BKN042 BKN250 22/17 A2993 RMK AO2 SLP143 T02170172
CLT,2023-06-06 01:52,10.00,4000.00,KCLT 060152Z 20003KT 10SM BKN040 22/17 A2994 RMK AO2 SLP145 T02170172
CLT,2023-06-06 02:52,10.00,4000.00,KCLT 060252Z 00000KT 10SM SCT040 21/17 A2995 RMK AO2 SLP150 T02110172 53005
CLT,2023-06-06 03:52,9.00,4200.00,KCLT 060352Z 00000KT 9SM SCT042 20/17 A2995 RMK AO2 SLP150 T02000172
CLT,2023-06-06 04:52,8.00,3900.00,KCLT 060452Z 00000KT 8SM FEW039 19/17 A2995 RMK AO2 SLP148 T01940172 402440167
CLT,2023-06-06 05:52,7.00,2900.00,KCLT 060552Z 00000KT 7SM BKN029 19/17 A2994 RMK AO2 SLP146 T01890172 10228 20189 58004
CLT,2023-06-06 06:52,8.00,3300.00,KCLT 060652Z 00000KT 8SM SCT033 19/17 A2993 RMK AO2 SLP143 T01890172
CLT,2023-06-06 07:52,7.00,2800.00,KCLT 060752Z COR 00000KT 7SM BKN028 19/17 A2992 RMK AO2 SLP140 T01890172
CLT,2023-06-06 08:52,8.00,2900.00,KCLT 060852Z 00000KT 8SM FEW029 SCT036 BKN045 19/17 A2992 RMK AO2 SLP140 T01940172 55005
CLT,2023-06-06 09:52,8.00,3000.00,KCLT 060952Z 29003KT 8SM BKN030 19/17 A2992 RMK AO2 SLP138 T01940172
CLT,2023-06-06 10:52,7.00,3000.00,KCLT 061052Z 24003KT 7SM BKN030 19/17 A2991 RMK AO2 SLP137 T01940172
CLT,2023-06-06 11:52,8.00,2800.00,KCLT 061152Z 22006KT 8SM BKN028 20/17 A2991 RMK AO2 SLP138 T02000172 10200 20189 56003
CLT,2023-06-06 12:52,9.00,2800.00,KCLT 061252Z 24005KT 9SM FEW028 FEW045 22/17 A2991 RMK AO2 SLP134 T02220172
CLT,2023-06-06 13:52,9.00,3000.00,KCLT 061352Z 27005KT 9SM FEW030 24/18 A2991 RMK AO2 SLP134 T02390178
CLT,2023-06-06 14:52,9.00,1900.00,KCLT 061452Z 26005KT 9SM SCT019 SCT030 25/19 A2990 RMK AO2 SLP131 T02500189 56004
CLT,2023-06-06 15:52,10.00,2500.00,KCLT 061552Z 26005KT 10SM FEW025 26/18 A2989 RMK AO2 SLP129 T02560183
CLT,2023-06-06 16:52,10.00,3500.00,KCLT 061652Z 35008KT 10SM FEW035 28/17 A2988 RMK AO2 SLP123 T02780172
CLT,2023-06-06 17:52,10.00,4500.00,KCLT 061752Z 31008KT 10SM SCT045 28/16 A2986 RMK AO2 SLP118 T02830161 10289 20200 58013
CLT,2023-06-06 18:52,10.00,5000.00,KCLT 061852Z VRB06KT 10SM SCT050 29/17 A2984 RMK AO2 SLP110 T02890167
CLT,2023-06-06 19:52,9.00,5000.00,KCLT 061952Z 29006KT 9SM SCT050 29/16 A2982 RMK AO2 SLP104 T02940156
CLT,2023-06-06 20:52,9.00,5500.00,KCLT 062052Z 02007KT 9SM SCT055 29/16 A2980 RMK AO2 SLP098 T02940161 56019
CLT,2023-06-06 21:52,8.00,6000.00,KCLT 062152Z 01004KT 8SM FEW060 28/15 A2979 RMK AO2 SLP095 T02830150
CLT,2023-06-06 22:52,8.00,6000.00,KCLT 062252Z 02006KT 8SM FEW060 SCT250 28/16 A2979 RMK AO2 SLP093 T02830156
CLT,2023-06-06 23:52,8.00,25000.00,KCLT 062352Z 01005KT 8SM FEW250 26/16 A2980 RMK AO2 SLP095 T02610156 10294 20261 55003
CLT,2023-06-07 00:52,7.00,7000.00,KCLT 070052Z 03003KT 7SM FEW070 25/12 A2981 RMK AO2 SLP102 T02500122
CLT,2023-06-07 01:52,7.00,7000.00,KCLT 070152Z 00000KT 7SM FEW070 22/15 A2983 RMK AO2 SLP106 FRQ LTG DSNT S CB DSNT S T02220150
CLT,2023-06-07 02:52,7.00,7000.00,KCLT 070252Z 00000KT 7SM FEW070 21/15 A2984 RMK AO2 SLP112 T02060150 51015
CLT,2023-06-07 03:52,7.00,8500.00,KCLT 070352Z 31003KT 7SM SCT085 19/14 A2983 RMK AO2 SLP108 OCNL LTG DSNT SE CB DSNT SE T01940144
CLT,2023-06-07 04:52,6.00,8000.00,KCLT 070452Z 00000KT 6SM HZ SCT080 18/14 A2982 RMK AO2 SLP105 T01830144 402940183
CLT,2023-06-07 05:52,5.00,M,KCLT 070552Z 00000KT 5SM HZ CLR 18/14 A2983 RMK AO2 SLP106 T01830139 10261 20183 55005
CLT,2023-06-07 06:52,4.00,M,KCLT 070652Z 30003KT 4SM HZ CLR 17/13 A2981 RMK AO2 SLP100 T01720133
CLT,2023-06-07 07:52,5.00,M,KCLT 070752Z 00000KT 5SM HZ CLR 17/13 A2980 RMK AO2 SLP096 T01670133
CLT,2023-06-07 08:52,5.00,M,KCLT 070852Z 30003KT 5SM HZ CLR 16/13 A2979 RMK AO2 SLP094 T01610133 56012
CLT,2023-06-07 09:52,5.00,9000.00,KCLT 070952Z 00000KT 5SM HZ FEW090 FEW250 15/13 A2979 RMK AO2 SLP096 T01500128
CLT,2023-06-07 10:52,4.00,9000.00,KCLT 071052Z COR 23003KT 4SM HZ FEW090 BKN250 17/14 A2980 RMK AO2 SLP098 T01670144
CLT,2023-06-07 11:52,4.00,10000.00,KCLT 071152Z 30004KT 4SM HZ FEW100 BKN250 18/12 A2980 RMK AO2 SLP099 T01830122 10183 20150 51005
CLT,2023-06-07 12:52,5.00,13000.00,KCLT 071252Z 26006KT 5SM HZ FEW130 SCT250 22/12 A2980 RMK AO2 SLP097 T02170122
CLT,2023-06-07 13:52,5.00,13000.00,KCLT 071352Z 29007KT 5SM HZ FEW130 SCT250 23/13 A2981 RMK AO2 SLP100 T02330128
CLT,2023-06-07 14:52,6.00,8000.00,KCLT 071452Z 32009KT 6SM HZ FEW080 FEW130 BKN250 26/13 A2979 RMK AO2 SLP094 T02560133 58004
CLT,2023-06-07 15:52,6.00,9000.00,KCLT 071552Z 34005KT 6SM HZ FEW090 BKN250 27/13 A2978 RMK AO2 SLP090 T02670133
CLT,2023-06-07 16:52,6.00,6000.00,KCLT 071652Z 35009KT 6SM HZ FEW060 BKN140 BKN250 27/14 A2977 RMK AO2 SLP087 T02670139
CLT,2023-06-07 17:52,6.00,6000.00,KCLT 071752Z 36011KT 6SM HZ SCT060 BKN140 OVC250 26/15 A2977 RMK AO2 SLP087 T02560150 10278 20183 56007
CLT,2023-06-07 18:52,7.00,6000.00,KCLT 071852Z 34012KT 7SM FEW060 SCT110 OVC250 27/14 A2975 RMK AO2 SLP082 T02670139
CLT,2023-06-07 19:52,8.00,7000.00,KCLT 071952Z 33010KT 8SM SCT070 BKN120 OVC250 23/14 A2975 RMK AO2 SLP081 T02330144
CLT,2023-06-07 20:52,7.00,8000.00,KCLT 072052Z 35006KT 7SM -RA BKN080 BKN110 OVC250 21/16 A2974 RMK AO2 RAB18 SLP080 P0000 60000 T02060161 56009
CLT,2023-06-07 21:52,10.00,7500.00,KCLT 072152Z 34006KT 10SM FEW075 BKN100 OVC200 21/14 A2972 RMK AO2 RAE2054 SLP073 P0000 T02110139
CLT,2023-06-07 22:52,10.00,7500.00,KCLT 072252Z 36006KT 10SM FEW075 OVC100 20/14 A2973 RMK AO2 RAB04E34 SLP075 P0000 T02000144
CLT,2023-06-07 23:52,5.00,7500.00,KCLT 072352Z 00000KT 5SM -RA BR FEW075 OVC100 19/17 A2973 RMK AO2 RAB00 SLP078 P0003 60003 T01890167 10272 20189 55002
CLT,2023-06-08 00:52,10.00,7000.00,KCLT 080052Z 16003KT 10SM FEW070 BKN110 OVC140 19/16 A2972 RMK AO2 RAE31 SLP073 P0001 T01940161
CLT,2023-06-08 01:52,10.00,9000.00,KCLT 080152Z 00000KT 10SM BKN090 BKN110 OVC140 19/16 A2973 RMK AO2 SLP075 T01890161
CLT,2023-06-08 02:52,9.00,8000.00,KCLT 080252Z 00000KT 9SM FEW080 OVC100 18/17 A2973 RMK AO2 RAB06E16 SLP074 P0000 60001 T01830167 55001
CLT,2023-06-08 03:52,8.00,6500.00,KCLT 080352Z 26004KT 8SM SCT065 OVC090 18/17 A2973 RMK AO2 RAB0256E06 SLP074 P0000 T01830167
CLT,2023-06-08 04:52,10.00,8000.00,KCLT 080452Z 00000KT 10SM SCT080 OVC100 18/16 A2973 RMK AO2 SLP075 T01830156 402780150
CLT,2023-06-08 05:52,10.00,11000.00,KCLT 080552Z 30003KT 10SM OVC110 18/16 A2972 RMK AO2 SLP072 60001 T01780156 10194 20178 58002
CLT,2023-06-08 06:52,10.00,8500.00,KCLT 080652Z 31003KT 10SM FEW085 FEW120 17/15 A2971 RMK AO2 SLP069 T01720150
CLT,2023-06-08 07:52,10.00,8000.00,KCLT 080752Z 00000KT 10SM OVC080 17/15 A2971 RMK AO2 SLP069 T01720150
CLT,2023-06-08 08:52,10.00,8000.00,KCLT 080852Z 25004KT 10SM OVC080 17/15 A2973 RMK AO2 SLP075 T01670150 53001
CLT,2023-06-08 09:52,10.00,8000.00,KCLT 080952Z 29004KT 10SM OVC080 17/15 A2975 RMK AO2 SLP081 T01670150
CLT,2023-06-08 10:52,10.00,7000.00,KCLT 081052Z 30004KT 10SM OVC070 17/14 A2976 RMK AO2 SLP085 T01670144
CLT,2023-06-08 11:52,10.00,7000.00,KCLT 081152Z 34006KT 10SM OVC070 17/14 A2977 RMK AO2 SLP088 70004 T01720139 10178 20167 51013
CLT,2023-06-08 12:52,10.00,7500.00,KCLT 081252Z 33006KT 10SM FEW075 BKN100 18/14 A2978 RMK AO2 SLP093 T01780139
CLT,2023-06-08 13:52,9.00,11000.00,KCLT 081352Z 35007KT 9SM FEW110 21/13 A2978 RMK AO2 SLP093 T02060128
CLT,2023-06-08 14:52,8.00,3500.00,KCLT 081452Z 01009KT 340V040 8SM FEW035 22/11 A2978 RMK AO2 SLP091 T02220111 50004
CLT,2023-06-08 15:52,7.00,5000.00,KCLT 081552Z 36008KT 7SM FEW050 24/07 A2978 RMK AO2 SLP093 T02390067
CLT,2023-06-08 16:52,8.00,6000.00,KCLT 081652Z 01010KT 8SM FEW060 24/07 A2978 RMK AO2 SLP090 T02440072
CLT,2023-06-08 17:52,8.00,6500.00,KCLT 081752Z 32008G16KT 290V350 8SM FEW065 25/07 A2976 RMK AO2 SLP085 T02500067 10250 20172 58004
CLT,2023-06-08 18:52,8.00,7000.00,KCLT 081852Z 34007KT 8SM SCT070 25/06 A2976 RMK AO2 SLP085 T02500061
CLT,2023-06-08 19:52,8.00,7000.00,KCLT 081952Z 32009G15KT 8SM FEW070 26/07 A2975 RMK AO2 SLP080 T02610067
CLT,2023-06-08 20:52,7.00,8000.00,KCLT 082052Z 01007KT 7SM FEW080 26/07 A2975 RMK AO2 SLP079 T02610067 56006
CLT,2023-06-08 21:52,8.00,8000.00,KCLT 082152Z 34006KT 8SM FEW080 26/06 A2975 RMK AO2 SLP079 T02610056
CLT,2023-06-08 22:52,8.00,10000.00,KCLT 082252Z VRB06KT 8SM BKN100 25/06 A2976 RMK AO2 SLP083 T02500056
CLT,2023-06-08 23:52,8.00,10000.00,KCLT 082352Z 36005KT 8SM BKN100 23/07 A2978 RMK AO2 SLP091 T02280072 10261 20228 53010
CLT,2023-06-09 00:52,8.00,9000.00,KCLT 090052Z 35004KT 8SM BKN090 BKN110 22/09 A2980 RMK AO2 SLP098 T02170089
CLT,2023-06-09 01:52,9.00,9000.00,KCLT 090152Z 01005KT 9SM SCT090 BKN110 20/08 A2982 RMK AO2 SLP105 T02000083
CLT,2023-06-09 02:52,9.00,10000.00,KCLT 090252Z 35004KT 9SM BKN100 19/09 A2984 RMK AO2 SLP112 T01890089 52021
CLT,2023-06-09 03:52,9.00,11000.00,KCLT 090352Z 33004KT 9SM SCT110 17/09 A2984 RMK AO2 SLP111 T01720094
CLT,2023-06-09 04:52,8.00,10000.00,KCLT 090452Z 34004KT 8SM BKN100 17/10 A2983 RMK AO2 SLP109 T01670100 402610167
CLT,2023-06-09 05:52,9.00,10000.00,KCLT 090552Z 00000KT 9SM SCT100 16/09 A2983 RMK AO2 SLP110 T01610094 10228 20161 55001
CLT,2023-06-09 06:52,8.00,10000.00,KCLT 090652Z 00000KT 8SM FEW100 15/09 A2983 RMK AO2 SLP108 T01500089
CLT,2023-06-09 07:52,8.00,9500.00,KCLT 090752Z 32004KT 8SM SCT095 14/09 A2983 RMK AO2 SLP109 T01390089
CLT,2023-06-09 08:52,8.00,10000.00,KCLT 090852Z 34003KT 8SM SCT100 13/09 A2984 RMK AO2 SLP114 T01280089 53003
CLT,2023-06-09 09:52,8.00,10000.00,KCLT 090952Z 33004KT 8SM SCT100 13/08 A2985 RMK AO2 SLP118 T01280083
CLT,2023-06-09 10:52,6.00,9500.00,KCLT 091052Z 33005KT 6SM HZ SCT095 13/08 A2987 RMK AO2 SLP123 T01330083
CLT,2023-06-09 11:52,7.00,10000.00,KCLT 091152Z 33006KT 7SM FEW100 15/08 A2988 RMK AO2 SLP129 T01500083 10161 20122 53014
CLT,2023-06-09 12:52,8.00,9500.00,KCLT 091252Z 35006KT 8SM SCT095 18/09 A2990 RMK AO2 SLP133 T01830089
CLT,2023-06-09 13:52,8.00,9500.00,KCLT 091352Z 34007KT 8SM FEW095 21/07 A2990 RMK AO2 SLP134 T02060072
CLT,2023-06-09 14:52,9.00,M,KCLT 091452Z 35007KT 9SM CLR 23/08 A2990 RMK AO2 SLP134 T02280083 50006
CLT,2023-06-09 15:52,9.00,M,KCLT 091552Z VRB03KT 9SM CLR 23/05 A2990 RMK AO2 SLP133 T02330050
CLT,2023-06-09 16:52,10.00,M,KCLT 091652Z 11004KT 10SM CLR 23/06 A2988 RMK AO2 SLP127 T02330056
CLT,2023-06-09 17:52,10.00,M,KCLT 091752Z 33009KT 10SM CLR 25/05 A2987 RMK AO2 SLP124 T02500050 10256 20150 58009
CLT,2023-06-09 18:52,10.00,8000.00,KCLT 091852Z VRB06KT 10SM FEW080 26/06 A2987 RMK AO2 SLP121 T02610056
CLT,2023-06-09 19:52,9.00,8000.00,KCLT 091952Z 33004G14KT 9SM FEW080 26/07 A2985 RMK AO2 SLP117 T02610067
CLT,2023-06-09 20:52,9.00,8000.00,KCLT 092052Z 00000KT 9SM FEW080 26/07 A2985 RMK AO2 SLP115 T02610072 56009
CLT,2023-06-09 21:52,9.00,M,KCLT 092152Z 34004KT 9SM CLR 26/07 A2984 RMK AO2 SLP114 T02610072
CLT,2023-06-09 22:52,8.00,7500.00,KCLT 092252Z 33004KT 8SM FEW075 26/08 A2985 RMK AO2 SLP116 T02560078
CLT,2023-06-09 23:52,8.00,M,KCLT 092352Z 00000KT 8SM CLR 24/09 A2986 RMK AO2 SLP120 T02440089 10267 20244 53005
CLT,2023-06-10 00:52,8.00,7000.00,KCLT 100052Z 00000KT 8SM FEW070 23/08 A2988 RMK AO2 SLP125 T02330083
CLT,2023-06-10 01:52,9.00,M,KCLT 100152Z 19003KT 9SM CLR 23/08 A2990 RMK AO2 SLP131 T02280078
CLT,2023-06-10 02:52,8.00,8000.00,KCLT 100252Z 15003KT 8SM FEW080 20/11 A2991 RMK AO2 SLP135 T02000106 51016
CLT,2023-06-10 03:52,8.00,8500.00,KCLT 100352Z 00000KT 8SM SCT085 17/12 A2991 RMK AO2 SLP137 T01720117
CLT,2023-06-10 04:52,8.00,8500.00,KCLT 100452Z 00000KT 8SM FEW085 17/11 A2991 RMK AO2 SLP137 T01670106 402670122
CLT,2023-06-10 05:52,8.00,M,KCLT 100552Z 30003KT 8SM CLR 16/11 A2990 RMK AO2 SLP135 T01560111 10244 20156 58001
CLT,2023-06-10 06:52,7.00,M,KCLT 100652Z 00000KT 7SM CLR 16/12 A2990 RMK AO2 SLP134 T01560122
CLT,2023-06-10 07:52,7.00,M,KCLT 100752Z 00000KT 7SM CLR 14/12 A2990 RMK AO2 SLP133 T01440117
CLT,2023-06-10 08:52,7.00,M,KCLT 100852Z 00000KT 7SM CLR 14/11 A2991 RMK AO2 SLP137 T01390111 53002
CLT,2023-06-10 09:52,7.00,25000.00,KCLT 100952Z 00000KT 7SM FEW250 14/11 A2992 RMK AO2 SLP141 T01390111
CLT,2023-06-10 10:52,6.00,25000.00,KCLT 101052Z 31003KT 6SM BR FEW250 13/11 A2993 RMK AO2 SLP146 T01330111
CLT,2023-06-10 11:52,6.00,25000.00,KCLT 101152Z 35003KT 6SM HZ FEW250 17/12 A2994 RMK AO2 SLP146 T01720122 10172 20133 51009
CLT,2023-06-10 12:52,7.00,25000.00,KCLT 101252Z 32003KT 7SM FEW250 21/12 A2996 RMK AO2 SLP151 T02060122
CLT,2023-06-10 13:52,8.00,25000.00,KCLT 101352Z VRB03KT 8SM FEW250 23/11 A2996 RMK AO2 SLP151 T02330106
CLT,2023-06-10 14:52,9.00,25000.00,KCLT 101452Z 26003KT 9SM FEW250 26/09 A2996 RMK AO2 SLP151 T02560094 50006
CLT,2023-06-10 15:52,10.00,6000.00,KCLT 101552Z VRB06KT 10SM FEW060 FEW250 27/08 A2995 RMK AO2 SLP150 T02670083
CLT,2023-06-10 16:52,10.00,7000.00,KCLT 101652Z 24007KT 200V260 10SM FEW070 FEW250 27/09 A2995 RMK AO2 SLP148 T02720089
CLT,2023-06-10 17:52,10.00,7500.00,KCLT 101752Z 25007G16KT 10SM SCT075 SCT250 28/09 A2994 RMK AO2 SLP144 T02830094 10283 20172 58007
CLT,2023-06-10 18:52,10.00,7500.00,KCLT 101852Z 26008KT 10SM SCT075 SCT250 28/09 A2992 RMK AO2 SLP139 T02830094
CLT,2023-06-10 19:52,10.00,7500.00,KCLT 101952Z VRB04KT 10SM FEW075 SCT250 29/09 A2991 RMK AO2 SLP135 T02890094
CLT,2023-06-10 20:52,9.00,7500.00,KCLT 102052Z 25006KT 9SM FEW075 BKN250 28/09 A2990 RMK AO2 SLP132 T02780089 56012
CLT,2023-06-10 21:52,9.00,7000.00,KCLT 102152Z 25004KT 9SM FEW070 BKN250 28/10 A2989 RMK AO2 SLP130 T02830100
CLT,2023-06-10 22:52,9.00,7000.00,KCLT 102252Z 27003KT 9SM FEW070 BKN250 27/12 A2989 RMK AO2 SLP130 T02670117
CLT,2023-06-10 23:52,8.00,7000.00,KCLT 102352Z 26003KT 8SM FEW070 BKN250 26/12 A2990 RMK AO2 SLP131 T02560122 10294 20256 55000
CLT,2023-06-11 00:52,8.00,25000.00,KCLT 110052Z 24003KT 8SM BKN250 24/13 A2990 RMK AO2 SLP131 T02390128
CLT,2023-06-11 01:52,9.00,25000.00,KCLT 110152Z 18003KT 9SM SCT250 24/12 A2991 RMK AO2 SLP133 T02390117
CLT,2023-06-11 02:52,9.00,25000.00,KCLT 110252Z 16003KT 9SM FEW250 22/13 A2993 RMK AO2 SLP139 T02220128 53009
CLT,2023-06-11 03:52,8.00,25000.00,KCLT 110352Z 00000KT 8SM FEW250 21/13 A2993 RMK AO2 SLP141 T02060133
CLT,2023-06-11 04:52,8.00,25000.00,KCLT 110452Z 21004KT 8SM FEW250 20/13 A2992 RMK AO2 SLP139 T02000128 402940133
CLT,2023-06-11 05:52,8.00,M,KCLT 110552Z 15004KT 8SM CLR 19/13 A2992 RMK AO2 SLP137 T01940128 10256 20189 58002
CLT,2023-06-11 06:52,8.00,25000.00,KCLT 110652Z 18006KT 8SM FEW250 19/12 A2992 RMK AO2 SLP137 T01940117
CLT,2023-06-11 07:52,8.00,M,KCLT 110752Z 20005KT 8SM CLR 18/13 A2992 RMK AO2 SLP137 T01830133
CLT,2023-06-11 08:52,8.00,M,KCLT 110852Z 18004KT 8SM CLR 18/14 A2991 RMK AO2 SLP135 T01830144 58002
CLT,2023-06-11 09:52,7.00,15000.00,KCLT 110952Z 12004KT 7SM FEW150 17/14 A2992 RMK AO2 SLP138 T01720139
CLT,2023-06-11 10:52,5.00,7000.00,KCLT 111052Z 00000KT 5SM BR FEW070 17/14 A2994 RMK AO2 SLP147 T01670144
CLT,2023-06-11 11:52,6.00,1900.00,KCLT 111152Z 00000KT 6SM HZ SCT019 20/15 A2995 RMK AO2 SLP148 T02000150 10200 20161 51012
CLT,2023-06-11 12:52,7.00,1500.00,KCLT 111252Z 22003KT 7SM BKN015 21/16 A2996 RMK AO2 SLP152 T02110161
CLT,2023-06-11 13:52,7.00,1400.00,KCLT 111352Z 21004KT 7SM BKN014 23/17 A2995 RMK AO2 SLP147 T02280172
CLT,2023-06-11 14:52,8.00,1800.00,KCLT 111452Z 24006KT 8SM BKN018 24/18 A2993 RMK AO2 SLP142 T02390183 58004
CLT,2023-06-11 15:52,9.00,2300.00,KCLT 111552Z 22005KT 9SM FEW023 BKN060 BKN250 26/19 A2991 RMK AO2 SLP135 T02560189
CLT,2023-06-11 16:52,9.00,3900.00,KCLT 111652Z 17008KT 9SM SCT039 SCT048 SCT250 29/17 A2989 RMK AO2 SLP127 TCU DSNT S CB DSNT SW T02890172
CLT,2023-06-11 17:52,9.00,4400.00,KCLT 111752Z 17006KT 9SM SCT044TCU BKN080 BKN130 BKN250 28/17 A2985 RMK AO2 LTG DSNT S AND SW SLP114 CB DSNT S AND SW MOV NE TCU S T02830167 10294 20200 58028
CLT,2023-06-11 18:52,1.25,4300.00,KCLT 111852Z COR 20019G30KT 1 1/4SM R18C/5000VP6000FT +TSRA BR BKN043CB BKN090 OVC110 21/18 A2989 RMK AO2 PK WND 20030/1849 LTG DSNT SE AND S RAB30 B43 SLP128 OCNL LTGICCG OHD TS OHD MOV NE P0007 T02060183
CLT,2023-06-11 19:52,2.50,800.00,KCLT 111952Z 18006KT 2 1/2SM TSRA BR FEW008 BKN065CB OVC095 20/19 A2987 RMK AO2 SLP124 TSE037TSB045 OCNL LTGICCG TS NW MOV NE P0017 T02000189
CLT,2023-06-11 20:52,7.00,500.00,KCLT 112052Z 15005KT 7SM -RA SCT005 SCT037 OVC110 21/19 A2985 RMK AO2 TSE06 SLP118 TS MOV NE P0004 60028 T02060194 58010 $
CLT,2023-06-11 21:52,8.00,600.00,KCLT 112152Z 14006KT 8SM -RA FEW006 FEW060 BKN120 20/19 A2983 RMK AO2 SLP111 P0002 T02000189 $
CLT,2023-06-11 22:52,10.00,600.00,KCLT 112252Z 11008KT 10SM SCT006 SCT024 BKN110 BKN250 21/19 A2983 RMK AO2 RAE27 SLP110 P0000 T02060189 $
CLT,2023-06-11 23:52,9.00,900.00,KCLT 112352Z 19006KT 9SM BKN009 OVC014 21/19 A2985 RMK AO2 SLP116 60030 T02060189 10283 20200 55001 $
CLT,2023-06-12 00:52,8.00,900.00,KCLT 120052Z 15004KT 8SM FEW009 SCT024 SCT130 BKN250 20/19 A2984 RMK AO2 SLP111 T02000189 $
CLT,2023-06-12 01:52,10.00,500.00,KCLT 120152Z 16003KT 10SM FEW005 SCT018 BKN250 20/19 A2983 RMK AO2 SLP108 T02000189 $
CLT,2023-06-12 02:52,10.00,500.00,KCLT 120252Z 18004KT 10SM FEW005 SCT016 SCT250 20/19 A2983 RMK AO2 SLP106 T02000189 56008 $
CLT,2023-06-12 03:52,7.00,200.00,KCLT 120352Z 16008KT 7SM FEW002 BKN005 BKN120 20/19 A2981 RMK AO2 SLP100 T02000189 $
CLT,2023-06-12 04:52,8.00,900.00,KCLT 120452Z AUTO 18009KT 8SM BKN009 BKN040 20/18 A2979 RMK AO2 SLP094 T02000183 402940161 $
CLT,2023-06-12 05:52,10.00,800.00,KCLT 120552Z 18009KT 10SM BKN008 OVC040 20/18 A2978 RMK AO2 SLP090 T02000183 10206 20194 56015 $
CLT,2023-06-12 06:52,10.00,600.00,KCLT 120652Z 22005KT 10SM BKN006 OVC012 19/18 A2977 RMK AO2 SLP088 T01940183 $
CLT,2023-06-12 07:52,5.00,800.00,KCLT 120752Z 20007KT 5SM -RA BR SCT008 OVC015 20/18 A2975 RMK AO2 RAB0656E22B50 SLP081 P0000 T02000183 $
CLT,2023-06-12 08:52,8.00,700.00,KCLT 120852Z 21010KT 8SM -RA BKN007 OVC014 20/19 A2974 RMK AO2 SLP079 P0004 60004 T02000189 56013 $
CLT,2023-06-12 09:52,6.00,700.00,KCLT 120952Z 21010KT 6SM -RA BR FEW007 SCT060 SCT090 OVC130 20/18 A2975 RMK AO2 SLP081 P0010 T02000183 $
CLT,2023-06-12 10:52,9.00,700.00,KCLT 121052Z 21010KT 9SM -RA FEW007 FEW075 BKN130 19/18 A2973 RMK AO2 SLP077 P0002 T01940183 $
CLT,2023-06-12 11:52,10.00,700.00,KCLT 121152Z 23008KT 10SM FEW007 SCT130 BKN200 BKN250 20/18 A2974 RMK AO2 RAE01 SLP080 P0000 60016 70046 T02000183 10200 20194 53000
CLT,2023-06-12 12:52,10.00,900.00,KCLT 121252Z 24010KT 10SM SCT009 BKN130 BKN250 22/19 A2975 RMK AO2 SLP083 T02170189
CLT,2023-06-12 13:52,10.00,1300.00,KCLT 121352Z 26011G17KT 10SM BKN013 BKN180 BKN250 23/19 A2975 RMK AO2 SLP082 T02280189
CLT,2023-06-12 14:52,10.00,2000.00,KCLT 121452Z 25012G18KT 10SM BKN020 BKN250 24/19 A2974 RMK AO2 SLP078 T02440189 58000
CLT,2023-06-12 15:52,10.00,2000.00,KCLT 121552Z 24008KT 10SM BKN020 BKN055 26/19 A2974 RMK AO2 SLP077 T02610189
CLT,2023-06-12 16:52,10.00,3300.00,KCLT 121652Z 27008KT 10SM BKN033 BKN055 27/18 A2974 RMK AO2 SLP076 T02720183
CLT,2023-06-12 17:52,10.00,4600.00,KCLT 121752Z 26007KT 10SM SCT046 BKN060 27/19 A2973 RMK AO2 SLP074 T02720189 10278 20200 58003
CLT,2023-06-12 18:52,10.00,3600.00,KCLT 121852Z 23007KT 200V270 10SM TS SCT036CB BKN080 27/18 A2972 RMK AO2 TSE46B47 SLP068 OCNL LTGICCG NW TS NW MOV E TCU NW-NE T02720183
CLT,2023-06-12 19:52,10.00,2000.00,KCLT 121952Z 06003KT 10SM -RA FEW020 SCT042 BKN060 21/17 A2973 RMK AO2 PK WND 26036/1905 WSHFT 1904 LTG DSNT E RAB09 TSE36 SLP074 TS MOV E P0050 T02060172 $
CLT,2023-06-12 20:52,10.00,4300.00,KCLT 122052Z 28004KT 10SM FEW043 SCT065 BKN110 26/18 A2973 RMK AO2 RAE1953 SLP075 CB DSNT E TCU DSNT SE-S P0000 60050 T02560183 53000 $
CLT,2023-06-12 21:52,10.00,5000.00,KCLT 122152Z 00000KT 10SM SCT050 BKN065 BKN250 26/19 A2973 RMK AO2 RAB34E45 SLP074 P0000 T02610194 $
CLT,2023-06-12 22:52,10.00,6000.00,KCLT 122252Z 32006KT 10SM OVC060 26/17 A2974 RMK AO2 SLP078 T02560172 $
CLT,2023-06-12 23:52,10.00,6000.00,KCLT 122352Z COR 32009KT 10SM FEW060 SCT250 26/14 A2975 RMK AO2 SLP080 60050 T02560144 10283 20194 53004 $
CLT,2023-06-13 00:52,10.00,6000.00,KCLT 130052Z 30006KT 10SM FEW060 BKN250 22/13 A2977 RMK AO2 SLP087 T02220128 $
CLT,2023-06-13 01:52,10.00,6000.00,KCLT 130152Z 34004KT 10SM BKN060 22/13 A2979 RMK AO2 SLP095 T02170128 $
CLT,2023-06-13 02:52,10.00,6500.00,KCLT 130252Z 32003KT 10SM SCT065 20/14 A2983 RMK AO2 SLP108 T02000139 53027 $
CLT,2023-06-13 03:52,10.00,6500.00,KCLT 130352Z 33005KT 10SM SCT065 BKN075 BKN250 18/14 A2984 RMK AO2 SLP110 T01830144 $
CLT,2023-06-13 04:52,10.00,6000.00,KCLT 130452Z 34005KT 10SM FEW060 FEW075 18/13 A2983 RMK AO2 SLP107 T01780133 402830178 $
CLT,2023-06-13 05:52,10.00,6000.00,KCLT 130552Z 00000KT 10SM BKN060 18/13 A2982 RMK AO2 SLP105 T01780133 10256 20172 58003 $
CLT,2023-06-13 06:52,10.00,5500.00,KCLT 130652Z 32003KT 10SM BKN055 18/13 A2981 RMK AO2 SLP103 T01780133 $
CLT,2023-06-13 07:52,10.00,5500.00,KCLT 130752Z 32003KT 10SM BKN055 17/13 A2981 RMK AO2 SLP104 T01720133 $
CLT,2023-06-13 08:52,10.00,6500.00,KCLT 130852Z 28003KT 10SM BKN065 17/13 A2984 RMK AO2 SLP110 T01720133 53005 $
CLT,2023-06-13 09:52,10.00,6000.00,KCLT 130952Z 00000KT 10SM BKN060 BKN250 17/13 A2985 RMK AO2 SLP114 T01670133 $
CLT,2023-06-13 10:52,10.00,5500.00,KCLT 131052Z 00000KT 10SM BKN055 BKN070 17/13 A2987 RMK AO2 SLP121 T01720133 $
CLT,2023-06-13 11:52,10.00,6000.00,KCLT 131152Z 00000KT 10SM BKN060 19/13 A2989 RMK AO2 SLP127 70050 T01940133 10194 20161 53017
CLT,2023-06-13 12:52,10.00,6000.00,KCLT 131252Z 00000KT 10SM FEW060 FEW250 21/14 A2988 RMK AO2 SLP125 T02060139
CLT,2023-06-13 13:52,10.00,6000.00,KCLT 131352Z 00000KT 10SM FEW060 SCT250 22/13 A2989 RMK AO2 SLP128 T02220128
CLT,2023-06-13 14:52,10.00,3700.00,KCLT 131452Z VRB03KT 10SM FEW037 FEW055 SCT250 23/13 A2988 RMK AO2 SLP125 T02330128 58002
CLT,2023-06-13 15:52,10.00,4400.00,KCLT 131552Z 00000KT 10SM SCT044 SCT060 BKN250 24/14 A2987 RMK AO2 SLP121 T02440139
CLT,2023-06-13 16:52,10.00,4900.00,KCLT 131652Z 24010KT 10SM BKN049 BKN250 25/14 A2985 RMK AO2 SLP116 T02500139
CLT,2023-06-13 17:52,10.00,4900.00,KCLT 131752Z VRB04KT 10SM SCT049 SCT065 BKN180 BKN250 26/13 A2984 RMK AO2 SLP112 T02560133 10267 20189 56012
CLT,2023-06-13 18:52,10.00,5000.00,KCLT 131852Z 21008KT 10SM FEW050 BKN060 BKN250 26/13 A2983 RMK AO2 SLP107 T02610128
CLT,2023-06-13 19:52,10.00,5000.00,KCLT 131952Z 26006KT 10SM SCT050 BKN060 BKN250 26/14 A2982 RMK AO2 SLP104 T02610139
CLT,2023-06-13 20:52,10.00,5000.00,KCLT 132052Z 24008KT 10SM FEW050 BKN250 26/13 A2980 RMK AO2 SLP098 T02610133 58014
CLT,2023-06-13 21:52,10.00,5000.00,KCLT 132152Z 22009KT 10SM FEW050 SCT250 26/13 A2980 RMK AO2 SLP098 T02610133
CLT,2023-06-13 22:52,10.00,5500.00,KCLT 132252Z 25009KT 10SM FEW055 FEW250 26/13 A2979 RMK AO2 SLP095 T02560128
CLT,2023-06-13 23:52,10.00,5500.00,KCLT 132352Z 24006KT 10SM FEW055 FEW250 24/12 A2980 RMK AO2 SLP097 T02440122 10272 20244 55002
CLT,2023-06-14 00:52,10.00,25000.00,KCLT 140052Z 23006KT 10SM FEW250 23/12 A2980 RMK AO2 SLP097 T02280122
CLT,2023-06-14 01:52,10.00,M,KCLT 140152Z 23007KT 10SM CLR 22/12 A2980 RMK AO2 SLP096 T02170122
CLT,2023-06-14 02:52,10.00,M,KCLT 140252Z 24007KT 10SM CLR 21/12 A2980 RMK AO2 SLP099 T02110122 53002
CLT,2023-06-14 03:52,10.00,M,KCLT 140352Z 22007KT 10SM CLR 20/12 A2980 RMK AO2 SLP098 T02000122
CLT,2023-06-14 04:52,10.00,M,KCLT 140452Z 24007KT 10SM CLR 20/12 A2981 RMK AO2 SLP102 T02000122 402720161
CLT,2023-06-14 05:52,10.00,M,KCLT 140552Z 00000KT 10SM CLR 17/13 A2980 RMK AO2 SLP099 T01720128 10244 20172 50000
CLT,2023-06-14 06:52,10.00,M,KCLT 140652Z 25006KT 10SM CLR 17/13 A2980 RMK AO2 SLP097 T01670128
CLT,2023-06-14 07:52,10.00,M,KCLT 140752Z 24004KT 10SM CLR 16/12 A2979 RMK AO2 SLP095 T01610122
CLT,2023-06-14 08:52,10.00,12000.00,KCLT 140852Z 26004KT 10SM FEW120 16/12 A2978 RMK AO2 SLP094 T01610117 56006
CLT,2023-06-14 09:52,10.00,12000.00,KCLT 140952Z 00000KT 10SM FEW120 14/12 A2979 RMK AO2 SLP094 T01440117
CLT,2023-06-14 10:52,10.00,25000.00,KCLT 141052Z 25004KT 10SM FEW250 16/12 A2980 RMK AO2 SLP100 T01610122
CLT,2023-06-14 11:52,10.00,25000.00,KCLT 141152Z 23006KT 10SM FEW250 18/13 A2980 RMK AO2 SLP099 T01830128 10183 20144 51006
CLT,2023-06-14 12:52,10.00,25000.00,KCLT 141252Z 27007KT 10SM FEW250 21/14 A2979 RMK AO2 SLP095 T02060139
CLT,2023-06-14 13:52,10.00,25000.00,KCLT 141352Z 27006KT 10SM SCT250 23/14 A2979 RMK AO2 SLP095 T02330144
CLT,2023-06-14 14:52,10.00,4000.00,KCLT 141452Z 26012KT 10SM FEW040 FEW200 SCT250 25/13 A2979 RMK AO2 SLP094 T02500133 55004
CLT,2023-06-14 15:52,10.00,4000.00,KCLT 141552Z 24013G20KT 10SM FEW040 SCT200 BKN250 26/14 A2981 RMK AO2 SLP100 T02560144
CLT,2023-06-14 16:52,10.00,4500.00,KCLT 141652Z 24011G18KT 10SM SCT045 SCT200 BKN250 27/16 A2980 RMK AO2 SLP097 T02720161
CLT,2023-06-14 17:52,10.00,5000.00,KCLT 141752Z 25008KT 10SM FEW050 BKN180 BKN250 27/16 A2977 RMK AO2 SLP086 T02670156 10272 20183 58009
CLT,2023-06-14 18:52,10.00,5000.00,KCLT 141852Z 22011KT 10SM FEW050 BKN180 BKN250 26/18 A2977 RMK AO2 SLP087 T02610183
CLT,2023-06-14 19:52,10.00,3500.00,KCLT 141952Z 24013G22KT 10SM SCT035 BKN180 BKN250 28/17 A2975 RMK AO2 SLP080 T02780172
CLT,2023-06-14 20:52,10.00,3700.00,KCLT 142052Z 23010KT 10SM SCT037 BKN065 BKN180 27/18 A2975 RMK AO2 SLP079 T02670178 58007
CLT,2023-06-14 21:52,10.00,3500.00,KCLT 142152Z 24010G20KT 10SM FEW035 FEW065 BKN180 OVC250 26/18 A2973 RMK AO2 PK WND 22026/2112 SLP073 T02610178
CLT,2023-06-14 22:52,10.00,3000.00,KCLT 142252Z 23010G17KT 10SM FEW030 SCT038 BKN060 OVC200 24/19 A2971 RMK AO2 SLP067 T02440189
CLT,2023-06-14 23:52,10.00,2800.00,KCLT 142352Z 24004KT 10SM SCT028 BKN100 BKN190 23/19 A2973 RMK AO2 RAB07E18 SLP076 P0000 60000 T02330194 10278 20233 55004
CLT,2023-06-15 00:52,10.00,2400.00,KCLT 150052Z 21008KT 10SM FEW024 BKN130 BKN250 23/19 A2974 RMK AO2 SLP076 T02280189
CLT,2023-06-15 01:52,10.00,7000.00,KCLT 150152Z 21009KT 10SM FEW070 SCT100 BKN170 22/18 A2973 RMK AO2 RAB27E49 SLP073 P0000 T02170178
CLT,2023-06-15 02:52,10.00,13000.00,KCLT 150252Z 25005KT 10SM FEW130 21/18 A2975 RMK AO2 SLP080 60000 T02110178 53006
CLT,2023-06-15 03:52,10.00,2500.00,KCLT 150352Z 22009KT 10SM FEW025 21/18 A2974 RMK AO2 SLP078 T02060183
CLT,2023-06-15 04:52,10.00,1000.00,KCLT 150452Z 24006KT 10SM BKN010 21/18 A2974 RMK AO2 SLP078 T02060183 402780144
CLT,2023-06-15 05:52,10.00,900.00,KCLT 150552Z 27006KT 10SM BKN009 BKN250 20/18 A2974 RMK AO2 SLP075 60000 T02000183 10233 20200 58005
CLT,2023-06-15 06:52,10.00,900.00,KCLT 150652Z 25007KT 10SM BKN009 BKN250 20/18 A2974 RMK AO2 SLP076 T02000183
CLT,2023-06-15 07:52,10.00,600.00,KCLT 150752Z 25003KT 10SM OVC006 20/18 A2973 RMK AO2 SLP074 T02000183
CLT,2023-06-15 08:52,10.00,500.00,KCLT 150852Z 26005KT 10SM OVC005 19/18 A2973 RMK AO2 SLP075 T01940183 57000
CLT,2023-06-15 09:52,10.00,400.00,KCLT 150952Z 26006KT 10SM BKN004 19/18 A2976 RMK AO2 SLP084 T01940178
CLT,2023-06-15 10:52,9.00,500.00,KCLT 151052Z 22004KT 9SM OVC005 19/18 A2977 RMK AO2 SLP089 T01940178
CLT,2023-06-15 11:52,9.00,500.00,KCLT 151152Z 23005KT 9SM BKN005 19/17 A2979 RMK AO2 SLP096 T01940172 10200 20194 53012
CLT,2023-06-15 12:52,10.00,700.00,KCLT 151252Z VRB03KT 10SM FEW007 SCT250 21/18 A2981 RMK AO2 SLP101 T02110178
CLT,2023-06-15 13:52,10.00,25000.00,KCLT 151352Z 22004KT 10SM BKN250 23/18 A2981 RMK AO2 SLP102 T02330178
CLT,2023-06-15 14:52,10.00,25000.00,KCLT 151452Z 23003KT 10SM BKN250 26/18 A2982 RMK AO2 SLP102 T02560178 51007
CLT,2023-06-15 15:52,10.00,3500.00,KCLT 151552Z 21007KT 10SM FEW035 BKN250 27/17 A2983 RMK AO2 SLP105 T02670172
CLT,2023-06-15 16:52,10.00,4000.00,KCLT 151652Z 23006KT 10SM FEW040 BKN250 28/17 A2980 RMK AO2 SLP097 T02780172
CLT,2023-06-15 17:52,10.00,4500.00,KCLT 151752Z 21009KT 170V270 10SM SCT045 SCT250 29/16 A2980 RMK AO2 SLP096 T02890161 10289 20194 58005
CLT,2023-06-15 18:52,10.00,4800.00,KCLT 151852Z 21006G15KT 10SM SCT048 SCT250 29/15 A2979 RMK AO2 SLP091 T02940150
CLT,2023-06-15 19:52,10.00,5000.00,KCLT 151952Z 21008KT 10SM SCT050 SCT250 30/15 A2977 RMK AO2 SLP084 T03000150
CLT,2023-06-15 20:52,10.00,6000.00,KCLT 152052Z 21007KT 190V260 10SM SCT060 SCT100 BKN250 29/14 A2975 RMK AO2 SLP080 TCU DSNT N T02940139 58017
CLT,2023-06-15 21:52,10.00,6000.00,KCLT 152152Z 20009KT 10SM SCT060 SCT120 BKN250 28/17 A2976 RMK AO2 LTG DSNT N SLP084 CB DSNT N AND NW T02830172
CLT,2023-06-15 22:52,10.00,4800.00,KCLT 152252Z 22009KT 10SM FEW048 FEW120 SCT230 BKN250 27/17 A2977 RMK AO2 LTG DSNT NW SLP086 CB DSNT NW TCU DSNT N T02720172
CLT,2023-06-15 23:52,10.00,4500.00,KCLT 152352Z 22007KT 10SM FEW045 FEW100 SCT200 BKN250 26/18 A2978 RMK AO2 SLP091 CB DSNT SW T02610178 10300 20261 53010
CLT,2023-06-16 00:52,10.00,4000.00,KCLT 160052Z 21006KT 10SM FEW040 FEW100 SCT200 BKN250 25/18 A2977 RMK AO2 SLP088 CB DSNT W T02500183
CLT,2023-06-16 01:52,10.00,20000.00,KCLT 160152Z 00000KT 10SM SCT200 SCT250 24/19 A2978 RMK AO2 SLP088 T02390189
CLT,2023-06-16 02:52,10.00,3000.00,KCLT 160252Z 22005KT 10SM FEW030 SCT250 23/19 A2980 RMK AO2 SLP097 T02280189 53006
CLT,2023-06-16 03:52,10.00,1900.00,KCLT 160352Z 24007KT 10SM SCT019 SCT250 23/19 A2981 RMK AO2 SLP100 T02280189
CLT,2023-06-16 04:52,10.00,1900.00,KCLT 160452Z 24004KT 10SM FEW019 BKN250 22/19 A2981 RMK AO2 SLP099 T02170189 403000194
CLT,2023-06-16 05:52,10.00,2000.00,KCLT 160552Z 23006KT 10SM FEW020 BKN250 21/19 A2980 RMK AO2 SLP095 T02110189 10261 20211 58000
CLT,2023-06-16 06:52,10.00,25000.00,KCLT 160652Z 22006KT 10SM BKN250 21/19 A2979 RMK AO2 SLP093 T02110194
CLT,2023-06-16 07:52,10.00,25000.00,KCLT 160752Z 25005KT 10SM BKN250 21/18 A2978 RMK AO2 SLP091 T02060183
CLT,2023-06-16 08:52,10.00,12000.00,KCLT 160852Z 25004KT 10SM FEW120 SCT250 20/18 A2978 RMK AO2 SLP089 T02000178 56006
CLT,2023-06-16 09:52,10.00,12000.00,KCLT 160952Z 26004KT 10SM BKN120 BKN250 19/18 A2978 RMK AO2 SLP090 T01940178
CLT,2023-06-16 10:52,9.00,12000.00,KCLT 161052Z 30004KT 9SM FEW120 19/18 A2977 RMK AO2 SLP088 T01940178
CLT,2023-06-16 11:52,10.00,12000.00,KCLT 161152Z 28003KT 10SM FEW120 21/18 A2979 RMK AO2 SLP093 T02060178 10222 20194 53003
CLT,2023-06-16 12:52,10.00,M,KCLT 161252Z 29004KT 10SM CLR 23/18 A2980 RMK AO2 SLP097 T02280178
CLT,2023-06-16 13:52,10.00,M,KCLT 161352Z VRB03KT 10SM CLR 26/18 A2980 RMK AO2 SLP095 T02560183
CLT,2023-06-16 14:52,10.00,M,KCLT 161452Z VRB05KT 10SM CLR 28/18 A2978 RMK AO2 SLP088 T02780178 58004
CLT,2023-06-16 15:52,10.00,3500.00,KCLT 161552Z 28007KT 10SM FEW035 FEW250 29/17 A2978 RMK AO2 SLP089 T02940167
CLT,2023-06-16 16:52,10.00,3500.00,KCLT 161652Z 31006KT 10SM FEW035 FEW250 31/16 A2977 RMK AO2 SLP085 T03110156
CLT,2023-06-16 17:52,10.00,5500.00,KCLT 161752Z 23006KT 10SM BKN055 31/16 A2976 RMK AO2 SLP083 T03060161 10311 20206 58005
CLT,2023-06-16 18:52,10.00,6500.00,KCLT 161852Z 28007KT 10SM SCT065 BKN110 31/16 A2975 RMK AO2 SLP078 T03110156
CLT,2023-06-16 19:52,10.00,6500.00,KCLT 161952Z 23007KT 10SM SCT065TCU SCT110 31/17 A2973 RMK AO2 SLP073 TCU SE T03110167
CLT,2023-06-16 20:52,10.00,6000.00,KCLT 162052Z 26006KT 10SM FEW060 FEW130 SCT250 32/17 A2972 RMK AO2 SLP067 T03170167 58016
CLT,2023-06-16 21:52,10.00,6000.00,KCLT 162152Z 25008KT 10SM FEW060 FEW095 SCT250 31/17 A2971 RMK AO2 SLP064 T03110167
CLT,2023-06-16 22:52,8.00,7000.00,KCLT 162252Z 28010KT 8SM FEW070 FEW250 30/14 A2971 RMK AO2 SLP066 T03000139
CLT,2023-06-16 23:52,8.00,M,KCLT 162352Z 28007KT 8SM CLR 29/14 A2972 RMK AO2 SLP068 T02890144 10322 20289 53001
CLT,2023-06-17 00:52,8.00,25000.00,KCLT 170052Z 24004KT 8SM FEW250 27/15 A2974 RMK AO2 SLP074 T02670150
CLT,2023-06-17 01:52,8.00,M,KCLT 170152Z 21005KT 8SM CLR 26/15 A2977 RMK AO2 SLP085 T02560150
CLT,2023-06-17 02:52,8.00,7500.00,KCLT 170252Z 28005KT 8SM FEW075 24/16 A2980 RMK AO2 SLP097 T02390161 53028
CLT,2023-06-17 03:52,8.00,7500.00,KCLT 170352Z 01006KT 8SM FEW075 23/16 A2982 RMK AO2 SLP103 T02280161
CLT,2023-06-17 04:52,6.00,M,KCLT 170452Z 01008KT 6SM HZ CLR 23/13 A2983 RMK AO2 SLP104 T02330133 403220194
CLT,2023-06-17 05:52,6.00,M,KCLT 170552Z 03006KT 6SM HZ CLR 22/12 A2983 RMK AO2 SLP106 T02170117 10289 20217 51008
CLT,2023-06-17 06:52,7.00,M,KCLT 170652Z 03004KT 7SM CLR 21/11 A2985 RMK AO2 SLP111 T02060111
CLT,2023-06-17 07:52,7.00,M,KCLT 170752Z 01006KT 7SM CLR 19/11 A2985 RMK AO2 SLP114 T01890106
CLT,2023-06-17 08:52,7.00,M,KCLT 170852Z 24003KT 7SM CLR 18/12 A2986 RMK AO2 SLP115 T01830117 51009
CLT,2023-06-17 09:52,6.00,M,KCLT 170952Z 28003KT 6SM HZ CLR 17/12 A2987 RMK AO2 SLP121 T01720122
CLT,2023-06-17 10:52,5.00,M,KCLT 171052Z 00000KT 5SM HZ CLR 17/13 A2990 RMK AO2 SLP129 T01720128
CLT,2023-06-17 11:52,5.00,M,KCLT 171152Z 36004KT 5SM HZ CLR 19/13 A2991 RMK AO2 SLP134 T01940133 10217 20161 53018
CLT,2023-06-17 12:52,6.00,M,KCLT 171252Z 02005KT 6SM HZ CLR 22/13 A2992 RMK AO2 SLP139 T02170133
CLT,2023-06-17 13:52,7.00,M,KCLT 171352Z 03007KT 7SM CLR 23/13 A2992 RMK AO2 SLP138 T02330128
CLT,2023-06-17 14:52,8.00,M,KCLT 171452Z 34007KT 8SM CLR 25/13 A2992 RMK AO2 SLP137 T02500128 50003
CLT,2023-06-17 15:52,8.00,M,KCLT 171552Z VRB03KT 8SM CLR 27/13 A2992 RMK AO2 SLP136 T02670128
CLT,2023-06-17 16:52,8.00,M,KCLT 171652Z 00000KT 8SM CLR 26/12 A2990 RMK AO2 SLP132 T02560122
CLT,2023-06-17 17:52,8.00,5000.00,KCLT 171752Z 28006KT 8SM FEW050 27/13 A2989 RMK AO2 SLP128 T02720128 10278 20194 58009
CLT,2023-06-17 18:52,8.00,5000.00,KCLT 171852Z 16005KT 8SM FEW050 27/13 A2988 RMK AO2 SLP123 T02720128
CLT,2023-06-17 19:52,7.00,5500.00,KCLT 171952Z 23005KT 7SM FEW055 29/13 A2987 RMK AO2 SLP121 T02890133
CLT,2023-06-17 20:52,7.00,6000.00,KCLT 172052Z VRB04KT 7SM FEW060 29/13 A2985 RMK AO2 SLP115 T02940128 58013
CLT,2023-06-17 21:52,7.00,M,KCLT 172152Z 31004KT 7SM CLR 29/13 A2984 RMK AO2 SLP111 T02940128
CLT,2023-06-17 22:52,7.00,M,KCLT 172252Z 25003KT 7SM CLR 28/14 A2984 RMK AO2 SLP111 T02830139
CLT,2023-06-17 23:52,7.00,M,KCLT 172352Z 24004KT 7SM CLR 27/14 A2984 RMK AO2 SLP112 T02720139 10294 20272 55003
CLT,2023-06-18 00:52,7.00,5500.00,KCLT 180052Z 21003KT 7SM FEW055 26/14 A2986 RMK AO2 SLP119 T02610144
CLT,2023-06-18 01:52,7.00,M,KCLT 180152Z 00000KT 7SM CLR 24/16 A2989 RMK AO2 SLP127 T02390156
CLT,2023-06-18 02:52,7.00,7500.00,KCLT 180252Z 14003KT 7SM FEW075 25/15 A2991 RMK AO2 SLP133 T02500150 51022
CLT,2023-06-18 03:52,7.00,7000.00,KCLT 180352Z 12003KT 7SM FEW070 23/15 A2991 RMK AO2 SLP134 T02330150
CLT,2023-06-18 04:52,7.00,7000.00,KCLT 180452Z 00000KT 7SM FEW070 23/14 A2991 RMK AO2 SLP135 T02280144 402940161
CLT,2023-06-18 05:52,8.00,M,KCLT 180552Z 03008KT 8SM CLR 22/13 A2991 RMK AO2 SLP133 T02170133 10272 20200 58001
CLT,2023-06-18 06:52,8.00,M,KCLT 180652Z 04008KT 8SM CLR 22/12 A2990 RMK AO2 SLP131 T02170117
CLT,2023-06-18 07:52,8.00,M,KCLT 180752Z 03005KT 8SM CLR 21/12 A2990 RMK AO2 SLP130 T02060117
CLT,2023-06-18 08:52,8.00,M,KCLT 180852Z 34003KT 8SM CLR 19/12 A2991 RMK AO2 SLP133 T01890122 55000
CLT,2023-06-18 09:52,8.00,6000.00,KCLT 180952Z 04005KT 8SM SCT060 19/12 A2992 RMK AO2 SLP138 T01890117
CLT,2023-06-18 10:52,7.00,6000.00,KCLT 181052Z 07006KT 7SM FEW060 20/12 A2992 RMK AO2 SLP136 T02000117
CLT,2023-06-18 11:52,6.00,M,KCLT 181152Z 35005KT 6SM HZ CLR 19/13 A2994 RMK AO2 SLP143 T01940133 10222 20183 53010
CLT,2023-06-18 12:52,7.00,5500.00,KCLT 181252Z 36005KT 7SM FEW055 FEW250 22/13 A2996 RMK AO2 SLP151 T02170133
CLT,2023-06-18 13:52,7.00,6000.00,KCLT 181352Z 04006KT 7SM FEW060 FEW250 24/13 A2996 RMK AO2 SLP153 T02390133
CLT,2023-06-18 14:52,7.00,6000.00,KCLT 181452Z 08006KT 7SM FEW060 FEW250 26/13 A2995 RMK AO2 SLP147 T02560133 50004
CLT,2023-06-18 15:52,8.00,6500.00,KCLT 181552Z 04004KT 8SM FEW065 SCT250 28/14 A2995 RMK AO2 SLP146 T02780139
CLT,2023-06-18 16:52,8.00,25000.00,KCLT 181652Z 15004KT 8SM SCT250 28/13 A2994 RMK AO2 SLP143 T02830133
CLT,2023-06-18 17:52,8.00,6000.00,KCLT 181752Z VRB05KT 8SM SCT060 SCT075 BKN250 29/13 A2992 RMK AO2 SLP138 T02940133 10300 20194 58009
CLT,2023-06-18 18:52,8.00,6000.00,KCLT 181852Z 21009KT 8SM FEW060 BKN250 30/14 A2990 RMK AO2 SLP130 T03000144
CLT,2023-06-18 19:52,8.00,6000.00,KCLT 181952Z VRB04KT 8SM FEW060 BKN250 30/15 A2989 RMK AO2 SLP125 T03000150
CLT,2023-06-18 20:52,7.00,6000.00,KCLT 182052Z VRB04KT 7SM SCT060 BKN250 31/15 A2987 RMK AO2 SLP120 T03110150 56017
CLT,2023-06-18 21:52,6.00,6500.00,KCLT 182152Z 28004KT 6SM HZ SCT065 SCT200 BKN250 31/16 A2986 RMK AO2 SLP117 T03110161
CLT,2023-06-18 22:52,7.00,6000.00,KCLT 182252Z 27004KT 7SM FEW060 FEW200 BKN250 31/16 A2985 RMK AO2 SLP114 T03060161
CLT,2023-06-18 23:52,7.00,6000.00,KCLT 182352Z 36004KT 7SM FEW060 BKN250 28/16 A2986 RMK AO2 SLP119 T02830161 10317 20283 55003
CLT,2023-06-19 00:52,7.00,6000.00,KCLT 190052Z 08005KT 7SM FEW060 SCT250 28/16 A2987 RMK AO2 SLP119 T02830156
CLT,2023-06-19 01:52,8.00,7000.00,KCLT 190152Z 00000KT 8SM SCT070 SCT250 26/17 A2989 RMK AO2 SLP126 T02610172
CLT,2023-06-19 02:52,7.00,25000.00,KCLT 190252Z 15004KT 7SM FEW250 25/17 A2990 RMK AO2 SLP128 T02500167 53010
CLT,2023-06-19 03:52,8.00,20000.00,KCLT 190352Z 17008KT 8SM SCT200 BKN250 24/18 A2990 RMK AO2 SLP130 T02440178
CLT,2023-06-19 04:52,7.00,21000.00,KCLT 190452Z 16008KT 7SM BKN210 24/19 A2990 RMK AO2 SLP130 T02390189 403170183
CLT,2023-06-19 05:52,8.00,18000.00,KCLT 190552Z 17009KT 8SM SCT180 BKN210 23/19 A2990 RMK AO2 SLP130 T02330194 10283 20233 51002
CLT,2023-06-19 06:52,8.00,M,KCLT 190652Z 17005KT 8SM CLR 23/20 A2990 RMK AO2 SLP130 T02280200
CLT,2023-06-19 07:52,8.00,5500.00,KCLT 190752Z 16004KT 8SM FEW055 22/20 A2990 RMK AO2 SLP132 T02220200
CLT,2023-06-19 08:52,8.00,5500.00,KCLT 190852Z 15004KT 8SM FEW055 SCT075 22/20 A2991 RMK AO2 SLP131 T02170200 51001
CLT,2023-06-19 09:52,7.00,6000.00,KCLT 190952Z 13004KT 7SM SCT060 SCT080 22/20 A2990 RMK AO2 SLP129 T02170200
CLT,2023-06-19 10:52,6.00,700.00,KCLT 191052Z 18007KT 6SM BR BKN007 OVC130 22/20 A2991 RMK AO2 SLP134 T02220200
CLT,2023-06-19 11:52,6.00,600.00,KCLT 191152Z 18009KT 6SM HZ OVC006 23/20 A2992 RMK AO2 LTG DSNT W SLP136 T02280200 10233 20211 53005
CLT,2023-06-19 12:52,8.00,900.00,KCLT 191252Z 21005KT 8SM BKN009 BKN060 BKN110 OVC250 24/21 A2993 RMK AO2 LTG DSNT N AND NW SLP141 T02390206
CLT,2023-06-19 13:52,9.00,1400.00,KCLT 191352Z 18004KT 9SM BKN014 BKN060 OVC090 25/21 A2993 RMK AO2 LTG DSNT SW-NW RAB35E51 SLP139 P0000 T02500206
CLT,2023-06-19 14:52,1.00,1400.00,KCLT 191452Z 21004KT 1SM R18C/4500VP6000FT TSRA BR BKN014 BKN025CB OVC031 22/21 A2994 RMK AO2 RAB31 TSB26 SLP143 FRQ LTGICCG OHD TS OHD MOV NE P0036 60036 T02170206 51005
CLT,2023-06-19 15:52,8.00,1200.00,KCLT 191552Z 27007KT 8SM SCT012 BKN034 BKN055 BKN200 24/22 A2993 RMK AO2 LTG DSNT N AND NE RAE00 TSE15 SLP140 TS MOV NE P0000 T02440217
CLT,2023-06-19 16:52,10.00,1500.00,KCLT 191652Z 21005KT 10SM SCT015 BKN042 OVC200 24/19 A2993 RMK AO2 LTG DSNT NE AND SE SLP140 T02440194
CLT,2023-06-19 17:52,10.00,2700.00,KCLT 191752Z VRB03KT 10SM -RA FEW027 BKN048 OVC090 25/21 A2991 RMK AO2 LTG DSNT E RAB38 SLP134 P0000 60036 T02500206 10256 20217 58009
CLT,2023-06-19 18:52,10.00,2900.00,KCLT 191852Z 12003KT 10SM FEW029 BKN065 BKN095 OVC250 26/19 A2991 RMK AO2 RAE06 SLP133 P0000 T02560194
CLT,2023-06-19 19:52,10.00,2300.00,KCLT 191952Z 12009KT 10SM SCT023 BKN080 BKN140 OVC250 26/21 A2988 RMK AO2 SLP123 T02560206
CLT,2023-06-19 20:52,10.00,2500.00,KCLT 192052Z 15009KT 10SM FEW025 SCT075 SCT110 BKN140 25/20 A2987 RMK AO2 LTG DSNT N AND NW SLP119 60000 T02500200 58015
CLT,2023-06-19 21:52,10.00,2500.00,KCLT 192152Z COR 14005KT 10SM FEW025TCU FEW060 BKN100 26/20 A2985 RMK AO2 LTG DSNT N AND NE AND S SLP115 CB DSNT S TCU SW AND DSNT W T02610200
CLT,2023-06-19 22:52,10.00,2500.00,KCLT 192252Z VRB03KT 10SM SCT025 BKN050 BKN075 OVC180 24/21 A2985 RMK AO2 LTG DSNT S RAB30E51 SLP115 P0003 T02390211
CLT,2023-06-19 23:52,10.00,2600.00,KCLT 192352Z 19007KT 10SM FEW026 SCT050 BKN110 OVC250 24/21 A2987 RMK AO2 LTG DSNT ALQDS RAB04E21 SLP121 P0000 60003 T02390206 10267 20239 53002
CLT,2023-06-20 00:52,10.00,1500.00,KCLT 200052Z 13005KT 10SM FEW015 SCT033 BKN045 OVC150 22/21 A2988 RMK AO2 LTG DSNT N-SE RAB11E20 SLP123 CB DSNT E-SE P0000 T02220206
CLT,2023-06-20 01:52,10.00,1200.00,KCLT 200152Z 13008KT 10SM SCT012 BKN018 OVC025 23/21 A2988 RMK AO2 LTG DSNT NE AND E SLP124 T02280211
CLT,2023-06-20 02:52,8.00,800.00,KCLT 200252Z 14005KT 8SM OVC008 23/21 A2988 RMK AO2 RAB38E52 CIG 005V011 SLP125 P0000 60000 T02280211 51003
CLT,2023-06-20 03:52,2.50,600.00,KCLT 200352Z 13005KT 2 1/2SM +RA BR BKN006 BKN013 OVC024 22/21 A2988 RMK AO2 VIS 1 1/2V4 LTG DSNT NW RAB0254 SLP122 P0034 T02220211
CLT,2023-06-20 04:52,9.00,600.00,KCLT 200452Z 15006KT 9SM BKN006 BKN010 OVC016 22/21 A2988 RMK AO2 RAE39 SLP123 P0036 T02220211 402670211
CLT,2023-06-20 05:52,9.00,1000.00,KCLT 200552Z 16007KT 9SM BKN010 OVC016 22/21 A2987 RMK AO2 CIG 006V013 SLP121 60070 T02220206 10239 20222 57003
CLT,2023-06-20 06:52,7.00,600.00,KCLT 200652Z 15007KT 7SM BKN006 BKN024 OVC029 22/21 A2987 RMK AO2 CIG 004V010 SLP120 T02170206
CLT,2023-06-20 07:52,8.00,1000.00,KCLT 200752Z 14005KT 8SM BKN010 OVC032 22/21 A2987 RMK AO2 CIG 005V011 SLP122 T02170206
CLT,2023-06-20 08:52,8.00,700.00,KCLT 200852Z 14007KT 8SM OVC007 22/20 A2987 RMK AO2 CIG 005V010 SLP120 T02170200 56001
CLT,2023-06-20 09:52,7.00,900.00,KCLT 200952Z 12006KT 7SM -RA OVC009 22/20 A2988 RMK AO2 RAB52 CIG 006V014 SLP123 P0000 T02170200
CLT,2023-06-20 10:52,7.00,1000.00,KCLT 201052Z 11006KT 7SM BKN010 OVC014 22/21 A2989 RMK AO2 RAE17 SLP127 P0005 T02170206
CLT,2023-06-20 11:52,8.00,700.00,KCLT 201152Z 12006KT 8SM BKN007 BKN028 OVC075 22/20 A2989 RMK AO2 SLP128 60005 70114 T02170200 10222 20217 51006
CLT,2023-06-20 12:52,10.00,700.00,KCLT 201252Z 14004KT 10SM BKN007 OVC017 22/21 A2990 RMK AO2 SLP131 T02220206
CLT,2023-06-20 13:52,9.00,800.00,KCLT 201352Z 10006KT 9SM BKN008 OVC015 22/21 A2990 RMK AO2 RAB38E48 SLP133 P0000 T02220206
CLT,2023-06-20 14:52,10.00,900.00,KCLT 201452Z 11009KT 10SM BKN009 BKN013 OVC055 23/20 A2991 RMK AO2 SLP134 60000 T02280200 51006
CLT,2023-06-20 15:52,10.00,1100.00,KCLT 201552Z 10008KT 10SM BKN011 OVC025 24/20 A2990 RMK AO2 SLP131 T02390200
CLT,2023-06-20 16:52,6.00,1400.00,KCLT 201652Z 11008KT 6SM -RA BR BKN014 OVC020 23/21 A2990 RMK AO2 RAB35 SLP131 P0004 T02280206
CLT,2023-06-20 17:52,10.00,1100.00,KCLT 201752Z 09009KT 10SM BKN011 BKN020 OVC050 24/21 A2989 RMK AO2 LTG DSNT NE RAE18 SLP126 P0003 60007 T02390211 10239 20217 58007
CLT,2023-06-20 18:52,10.00,1000.00,KCLT 201852Z 11011KT 10SM BKN010 OVC015 24/21 A2988 RMK AO2 LTG DSNT NW-NE RAB02E20 SLP124 P0000 T02390206
CLT,2023-06-20 19:52,10.00,1400.00,KCLT 201952Z 11010G17KT 10SM BKN014 BKN021 OVC035 24/20 A2988 RMK AO2 RAB43E52 SLP124 P0000 T02390200
CLT,2023-06-20 20:52,10.00,1600.00,KCLT 202052Z 10010G18KT 10SM FEW016 SCT031 BKN060 OVC250 26/21 A2987 RMK AO2 SLP122 60000 T02560206 56004
CLT,2023-06-20 21:52,9.00,1400.00,KCLT 202152Z 09011G18KT 9SM SCT014 BKN022 BKN046 OVC250 24/21 A2987 RMK AO2 SLP120 T02390206
CLT,2023-06-20 22:52,10.00,1800.00,KCLT 202252Z 09013G19KT 10SM FEW018 SCT025 24/19 A2990 RMK AO2 SLP132 T02390194
CLT,2023-06-20 23:52,9.00,1800.00,KCLT 202352Z 08014KT 9SM -RA FEW018 SCT035 SCT110 23/19 A2989 RMK AO2 RAB34 SLP130 P0000 60000 T02280194 10256 20228 52007
CLT,2023-06-21 00:52,9.00,1600.00,KCLT 210052Z 07013KT 9SM BKN016 BKN037 23/19 A2991 RMK AO2 RAE09 SLP136 P0000 T02280194
CLT,2023-06-21 01:52,10.00,1600.00,KCLT 210152Z 08014KT 10SM BKN016 OVC026 22/19 A2995 RMK AO2 SLP147 T02220189
CLT,2023-06-21 02:52,10.00,1400.00,KCLT 210252Z 08011KT 10SM BKN014 OVC019 22/19 A2995 RMK AO2 RAB17E33 SLP150 P0000 60000 T02170189 53013
CLT,2023-06-21 03:52,10.00,1400.00,KCLT 210352Z 07011KT 10SM BKN014 OVC020 22/19 A2994 RMK AO2 SLP144 T02170189
CLT,2023-06-21 04:52,10.00,1200.00,KCLT 210452Z 06010KT 10SM OVC012 22/19 A2993 RMK AO2 SLP143 T02170189 402560217
CLT,2023-06-21 05:52,4.00,900.00,KCLT 210552Z 06009KT 4SM -RA BR BKN009 OVC015 21/19 A2992 RMK AO2 RAB17 CIG 006V012 SLP138 P0003 60003 T02060189 10228 20206 56011
CLT,2023-06-21 06:52,4.00,800.00,KCLT 210652Z 04009KT 4SM BR BKN008 OVC012 21/19 A2990 RMK AO2 RAE37 SLP132 P0001 T02060189
CLT,2023-06-21 07:52,3.00,900.00,KCLT 210752Z 05016G20KT 3SM RA BR BKN009 OVC029 21/19 A2989 RMK AO2 RAB30 SLP129 P0002 T02060189
CLT,2023-06-21 08:52,3.00,900.00,KCLT 210852Z 07013KT 3SM -RA BR BKN009 BKN029 OVC035 20/18 A2989 RMK AO2 SLP128 P0019 60022 T02000183 56010
CLT,2023-06-21 09:52,10.00,1000.00,KCLT 210952Z 06012KT 10SM FEW010 BKN014 OVC022 21/19 A2989 RMK AO2 RAE29 SLP128 P0000 T02060189
CLT,2023-06-21 10:52,9.00,1100.00,KCLT 211052Z 06012KT 9SM -RA OVC011 20/18 A2990 RMK AO2 RAB52 SLP133 P0000 T02000183
CLT,2023-06-21 11:52,4.00,1000.00,KCLT 211152Z 05012KT 4SM -RA BR BKN010 OVC014 20/18 A2991 RMK AO2 SLP134 P0006 60028 70038 T02000183 10211 20200 52006
CLT,2023-06-21 12:52,7.00,1000.00,KCLT 211252Z 05015G20KT 7SM -RA BKN010 OVC014 21/19 A2991 RMK AO2 SLP137 P0001 T02060189
CLT,2023-06-21 13:52,3.00,800.00,KCLT 211352Z 05014KT 3SM -RA BR BKN008 BKN014 OVC023 20/18 A2992 RMK AO2 SLP141 P0002 T02000183
CLT,2023-06-21 14:52,4.00,900.00,KCLT 211452Z 05011G19KT 4SM -RA BR BKN009 OVC018 20/18 A2993 RMK AO2 SLP144 P0005 60008 T02000183 53009
CLT,2023-06-21 15:52,3.00,900.00,KCLT 211552Z 05013G22KT 3SM -RA BR BKN009 BKN016 OVC030 20/18 A2994 RMK AO2 PK WND 05029/1507 SLP146 P0002 T02000178
CLT,2023-06-21 16:52,2.50,900.00,KCLT 211652Z 05013G18KT 2 1/2SM -RA BR BKN009 BKN016 OVC027 20/18 A2994 RMK AO2 SLP146 P0004 T02000178
CLT,2023-06-21 17:52,3.00,1000.00,KCLT 211752Z 04011KT 3SM -RA BR BKN010 OVC019 19/18 A2993 RMK AO2 SLP144 P0002 60016 T01940178 10206 20194 50000
CLT,2023-06-21 18:52,9.00,900.00,KCLT 211852Z 02008KT 9SM SCT009 BKN014 OVC020 20/18 A2993 RMK AO2 RAE43 SLP143 P0000 T02000178
CLT,2023-06-21 19:52,4.00,1100.00,KCLT 211952Z 02009KT 4SM -RA BR SCT011 BKN026 OVC031 19/18 A2993 RMK AO2 RAB1856 SLP143 P0004 T01940178
CLT,2023-06-21 20:52,10.00,1000.00,KCLT 212052Z 01006KT 10SM FEW010 FEW023 OVC029 19/17 A2994 RMK AO2 RAE1957 SLP146 P0000 60004 T01940172 53002
CLT,2023-06-21 21:52,10.00,1000.00,KCLT 212152Z 01008KT 10SM -RA FEW010 BKN029 19/17 A2993 RMK AO2 RAB02 SLP143 P0000 T01940172
CLT,2023-06-21 22:52,10.00,1000.00,KCLT 212252Z 03009G15KT 10SM -RA FEW010 SCT025 BKN033 20/17 A2993 RMK AO2 RAE24B39 SLP145 P0000 T02000167
CLT,2023-06-21 23:52,4.00,1800.00,KCLT 212352Z 03010KT 4SM -RA OVC018 19/16 A2995 RMK AO2 RAE2254B27 SLP150 P0000 60004 T01890161 10200 20189 53002
CLT,2023-06-22 00:52,10.00,1900.00,KCLT 220052Z 04007KT 10SM -RA SCT019 BKN032 OVC047 18/16 A2996 RMK AO2 RAE13B42 SLP154 P0000 T01780161
CLT,2023-06-22 01:52,10.00,1400.00,KCLT 220152Z 02008KT 10SM BKN014 OVC029 18/16 A2995 RMK AO2 RAE0057 SLP152 P0000 T01780161
CLT,2023-06-22 02:52,10.00,700.00,KCLT 220252Z 04006KT 10SM OVC007 18/16 A2996 RMK AO2 SLP155 60000 T01780161 51005
CLT,2023-06-22 03:52,6.00,700.00,KCLT 220352Z 04009KT 6SM BR OVC007 18/16 A2995 RMK AO2 SLP150 T01780161
CLT,2023-06-22 04:52,10.00,600.00,KCLT 220452Z 03007KT 10SM -RA OVC006 18/16 A2994 RMK AO2 RAB37 SLP148 P0000 T01780161 402170178
CLT,2023-06-22 05:52,9.00,400.00,KCLT 220552Z 03007KT 9SM OVC004 18/16 A2993 RMK AO2 RAE06 SLP143 P0000 60000 T01780161 10189 20178 56012
CLT,2023-06-22 06:52,7.00,400.00,KCLT 220652Z 04008KT 7SM OVC004 18/17 A2993 RMK AO2 SLP143 T01780167
CLT,2023-06-22 07:52,4.00,400.00,KCLT 220752Z 06009KT 4SM BR OVC004 18/17 A2992 RMK AO2 RAB23E40 SLP140 P0000 T01780167
CLT,2023-06-22 08:52,5.00,400.00,KCLT 220852Z 04006KT 5SM BR OVC004 18/17 A2992 RMK AO2 SLP140 60000 T01780167 58003
CLT,2023-06-22 09:52,5.00,500.00,KCLT 220952Z 05008KT 5SM BR OVC005 18/17 A2992 RMK AO2 RAB0855E17B36E50 SLP141 P0001 T01780167
CLT,2023-06-22 10:52,0.50,400.00,KCLT 221052Z 07006KT 1/2SM R18C/P6000FT -DZ BR OVC004 18/17 A2993 RMK AO2 SFC VIS 3 DZB45 SLP145 P0000 T01780167
CLT,2023-06-22 11:52,0.50,500.00,KCLT 221152Z 05009KT 1/2SM R18C/P6000FT -RA BR OVC005 18/17 A2994 RMK AO2 SFC VIS 4 DZE23RAB23 SLP147 P0001 60002 70022 T01780167 10178 20178 53007
CLT,2023-06-22 12:52,2.00,500.00,KCLT 221252Z 06010KT 2SM -RA BR OVC005 18/17 A2995 RMK AO2 SFC VIS 6 SLP149 P0001 T01830167
CLT,2023-06-22 13:52,3.00,600.00,KCLT 221352Z 04006KT 3SM -RA OVC006 18/17 A2994 RMK AO2 SFC VIS 8 SLP148 P0001 T01830172
CLT,2023-06-22 14:52,3.00,600.00,KCLT 221452Z 05006KT 3SM -RA BR OVC006 19/17 A2994 RMK AO2 SLP148 P0003 60005 T01890172 51001
CLT,2023-06-22 15:52,6.00,600.00,KCLT 221552Z 03006KT 6SM -RA BR OVC006 19/18 A2994 RMK AO2 SLP148 P0002 T01940178
CLT,2023-06-22 16:52,3.00,600.00,KCLT 221652Z 01006KT 3SM -RA BR OVC006 20/18 A2994 RMK AO2 SLP146 P0002 T02000183
CLT,2023-06-22 17:52,3.00,600.00,KCLT 221752Z 02005KT 3SM BR BKN006 OVC011 21/19 A2993 RMK AO2 RAE02B19E47 SLP144 P0001 60010 T02060189 10211 20178 58004
CLT,2023-06-22 18:52,10.00,500.00,KCLT 221852Z 01006KT 10SM BKN005 OVC012 21/19 A2992 RMK AO2 SLP141 T02110189
CLT,2023-06-22 19:52,10.00,700.00,KCLT 221952Z 01004KT 10SM BKN007 OVC011 22/19 A2992 RMK AO2 SLP141 T02170189
CLT,2023-06-22 20:52,10.00,800.00,KCLT 222052Z 36005KT 10SM SCT008 OVC011 22/19 A2991 RMK AO2 SLP136 T02170189 58007
CLT,2023-06-22 21:52,9.00,900.00,KCLT 222152Z 36007KT 9SM SCT009 BKN013 BKN018 22/19 A2990 RMK AO2 SLP132 T02170189
CLT,2023-06-22 22:52,10.00,900.00,KCLT 222252Z 35006KT 10SM SCT009 BKN016 BKN095 22/19 A2990 RMK AO2 LTG DSNT S SLP132 CB DSNT S T02220194
CLT,2023-06-22 23:52,10.00,900.00,KCLT 222352Z 36007KT 10SM SCT009 BKN012 BKN090 22/19 A2991 RMK AO2 LTG DSNT E-S SLP135 CB DSNT SE AND S T02170189 10228 20206 55000
CLT,2023-06-23 00:52,10.00,900.00,KCLT 230052Z 01004KT 10SM FEW009 BKN012 OVC090 21/19 A2993 RMK AO2 LTG DSNT E-S RAB25E36 SLP142 P0000 T02110189
CLT,2023-06-23 01:52,10.00,800.00,KCLT 230152Z 01008KT 10SM BKN008 OVC012 20/18 A2991 RMK AO2 TSB07E33 SLP139 TS DSIPTD T02000183
CLT,2023-06-23 02:52,10.00,600.00,KCLT 230252Z 36005KT 10SM OVC006 20/18 A2994 RMK AO2 SLP148 60000 T02000183 53011
CLT,2023-06-23 03:52,9.00,500.00,KCLT 230352Z 35005KT 9SM OVC005 20/18 A2994 RMK AO2 SLP146 T02000183
CLT,2023-06-23 04:52,8.00,400.00,KCLT 230452Z 35004KT 8SM OVC004 20/18 A2994 RMK AO2 SLP146 T02000183 402280178
CLT,2023-06-23 05:52,7.00,400.00,KCLT 230552Z 35004KT 7SM OVC004 20/18 A2992 RMK AO2 SLP141 60000 T02000183 10217 20200 58006
CLT,2023-06-23 06:52,4.00,300.00,KCLT 230652Z 00000KT 4SM BR OVC003 19/18 A2991 RMK AO2 SLP135 T01940183
CLT,2023-06-23 07:52,0.75,200.00,KCLT 230752Z 30004KT 3/4SM R18C/4000V5000FT BR VV002 19/18 A2991 RMK AO2 SLP137 T01940183
CLT,2023-06-23 08:52,0.50,200.00,KCLT 230852Z 34004KT 1/2SM R18C/2200V2600FT FG VV002 19/18 A2990 RMK AO2 SLP134 T01940183 56007
CLT,2023-06-23 09:52,0.25,200.00,KCLT 230952Z 00000KT 1/4SM R18C/2400V3000FT FG VV002 19/18 A2994 RMK AO2 SLP147 T01940183
CLT,2023-06-23 10:52,0.75,200.00,KCLT 231052Z 00000KT 3/4SM R18C/4500VP6000FT BR VV002 19/19 A2995 RMK AO2 SLP150 T01940189 $
CLT,2023-06-23 11:52,1.50,300.00,KCLT 231152Z 35003KT 1 1/2SM R18C/3500VP6000FT -RA BR OVC003 20/19 A2996 RMK AO2 RAB22 SLP152 P0000 60000 70010 T02000189 10200 20194 51018
CLT,2023-06-23 12:52,4.00,200.00,KCLT 231252Z 00000KT 4SM BR BKN002 OVC005 21/19 A2997 RMK AO2 RAE06 SLP158 P0000 T02060194
CLT,2023-06-23 13:52,10.00,500.00,KCLT 231352Z 24003KT 10SM FEW005 BKN008 OVC018 22/19 A2997 RMK AO2 SLP155 T02220189
CLT,2023-06-23 14:52,10.00,1000.00,KCLT 231452Z 27004KT 10SM FEW010 BKN016 OVC024 23/19 A2997 RMK AO2 SLP154 60000 T02280194 51003
CLT,2023-06-23 15:52,10.00,1600.00,KCLT 231552Z 31005KT 10SM BKN016 BKN055 24/19 A2995 RMK AO2 SLP150 T02440194
CLT,2023-06-23 16:52,10.00,2700.00,KCLT 231652Z VRB03KT 10SM SCT027 BKN042 BKN060 26/19 A2995 RMK AO2 SLP150 TCU DSNT E-SE AND W T02560194
CLT,2023-06-23 17:52,10.00,2300.00,KCLT 231752Z 23005KT 10SM SCT023 SCT075 27/19 A2993 RMK AO2 SLP142 TCU DSNT N AND E-SE 60000 T02670194 10272 20200 58011
CLT,2023-06-23 18:52,10.00,2800.00,KCLT 231852Z 24008KT 10SM SCT028 SCT095 28/19 A2992 RMK AO2 SLP138 TCU DSNT SE AND SW T02780189
CLT,2023-06-23 19:52,10.00,3000.00,KCLT 231952Z VRB06KT 10SM SCT030 SCT100 28/19 A2991 RMK AO2 SLP134 TCU DSNT E AND SW T02830189
CLT,2023-06-23 20:52,10.00,4200.00,KCLT 232052Z 23009KT 10SM SCT042 SCT100 BKN250 29/18 A2990 RMK AO2 SLP129 TCU DSNT NW T02890183 57013
CLT,2023-06-23 21:52,10.00,4000.00,KCLT 232152Z 20006KT 10SM FEW040TCU SCT110 SCT250 28/18 A2989 RMK AO2 SLP126 CB DSNT N TCU SE T02830183
CLT,2023-06-23 22:52,10.00,4300.00,KCLT 232252Z 22006KT 10SM SCT043TCU SCT120 BKN250 27/19 A2989 RMK AO2 SLP127 TCU E-SE AND NW T02670189
CLT,2023-06-23 23:52,10.00,4000.00,KCLT 232352Z 20006KT 10SM FEW040 FEW120 SCT250 27/19 A2989 RMK AO2 SLP128 TCU DSNT W AND NW T02670194 10289 20267 55001
CLT,2023-06-24 00:52,10.00,4900.00,KCLT 240052Z 21005KT 10SM FEW049CB FEW065 SCT100 SCT250 25/19 A2991 RMK AO2 SLP136 CB W-NW MOV NE CB DSNT SW T02500194
CLT,2023-06-24 01:52,8.00,2800.00,KCLT 240152Z 21007KT 8SM FEW028 FEW040 BKN085 BKN250 23/20 A2993 RMK AO2 RAB23E41 TSB14E44 SLP143 TS MOV NE P0000 T02330200
CLT,2023-06-24 02:52,10.00,4700.00,KCLT 240252Z 16004KT 10SM FEW047 SCT075 BKN100 22/19 A2994 RMK AO2 RAB00E09 SLP146 P0000 60000 T02220194 51010
CLT,2023-06-24 03:52,10.00,3900.00,KCLT 240352Z 20004KT 10SM SCT039 SCT060 BKN120 22/19 A2996 RMK AO2 SLP150 T02170194
CLT,2023-06-24 04:52,10.00,3600.00,KCLT 240452Z 00000KT 10SM FEW036 BKN047 BKN055 21/19 A2993 RMK AO2 SLP142 T02110194 402890194
CLT,2023-06-24 05:52,10.00,3700.00,KCLT 240552Z 00000KT 10SM FEW037 FEW150 21/19 A2992 RMK AO2 SLP137 60000 T02110194 10267 20211 58008
CLT,2023-06-24 06:52,10.00,1300.00,KCLT 240652Z 17003KT 10SM SCT013 21/19 A2991 RMK AO2 SLP134 T02060194
CLT,2023-06-24 07:52,8.00,1200.00,KCLT 240752Z 00000KT 8SM BKN012 20/19 A2991 RMK AO2 SLP135 T02000189
CLT,2023-06-24 08:52,9.00,900.00,KCLT 240852Z 00000KT 9SM BKN009 21/19 A2992 RMK AO2 SLP135 T02060189 55001
CLT,2023-06-24 09:52,10.00,800.00,KCLT 240952Z 18004KT 10SM SCT008 BKN085 21/19 A2993 RMK AO2 SLP141 T02060189
CLT,2023-06-24 10:52,0.25,100.00,KCLT 241052Z 27003KT 1/4SM R18C/P6000FT FG VV001 20/19 A2995 RMK AO2 SLP149 T02000194
CLT,2023-06-24 11:52,0.75,300.00,KCLT 241152Z 32004KT 3/4SM R18C/4500VP6000FT BR VV003 21/20 A2996 RMK AO2 SLP151 T02060200 10211 20200 51014
CLT,2023-06-24 12:52,6.00,300.00,KCLT 241252Z VRB03KT 6SM BR BKN003 BKN060 22/20 A2996 RMK AO2 SLP152 T02220200
CLT,2023-06-24 13:52,10.00,2500.00,KCLT 241352Z VRB04KT 10SM FEW025 FEW050 25/19 A2996 RMK AO2 SLP151 T02500189
CLT,2023-06-24 14:52,10.00,2300.00,KCLT 241452Z 34003KT 10SM FEW023 27/19 A2996 RMK AO2 SLP150 T02670189 58001
CLT,2023-06-24 15:52,10.00,2900.00,KCLT 241552Z VRB04KT 10SM FEW029 BKN040 BKN048 27/19 A2995 RMK AO2 SLP149 T02670189
CLT,2023-06-24 16:52,10.00,3100.00,KCLT 241652Z 30007KT 10SM SCT031 SCT048 28/19 A2994 RMK AO2 SLP145 T02830189
CLT,2023-06-24 17:52,10.00,4500.00,KCLT 241752Z 28008KT 10SM SCT045 BKN080 29/17 A2994 RMK AO2 SLP142 TCU DSNT E-SE T02890167 10294 20206 58007
CLT,2023-06-24 18:52,10.00,4700.00,KCLT 241852Z 27007KT 10SM SCT047 SCT070 BKN090 28/17 A2993 RMK AO2 SLP140 TCU DSNT E AND SE T02830167
CLT,2023-06-24 19:52,10.00,4700.00,KCLT 241952Z 28009KT 10SM FEW047 SCT075 SCT100 30/17 A2992 RMK AO2 RAB05E15 SLP136 TCU DSNT SE AND S-SW P0000 T03000167
CLT,2023-06-24 20:52,10.00,5000.00,KCLT 242052Z 24007KT 10SM SCT050 SCT065 BKN110 29/17 A2991 RMK AO2 SLP132 TCU DSNT NE AND SE-S 60000 T02890167 58009
CLT,2023-06-24 21:52,10.00,4600.00,KCLT 242152Z 33005KT 10SM FEW046TCU FEW070 SCT100 SCT250 28/18 A2990 RMK AO2 SLP131 TCU W AND DSNT NE-SE T02830178
CLT,2023-06-24 22:52,10.00,5000.00,KCLT 242252Z 31005KT 10SM FEW050 FEW080 SCT110 SCT250 29/17 A2990 RMK AO2 SLP131 TCU DSNT E-SE T02940172
CLT,2023-06-24 23:52,10.00,5500.00,KCLT 242352Z 35003KT 10SM FEW055 SCT110 SCT250 28/17 A2991 RMK AO2 SLP135 TCU DSNT SE-S 60000 T02780172 10300 20272 53002
CLT,2023-06-25 00:52,10.00,5000.00,KCLT 250052Z 00000KT 10SM FEW050 SCT100 26/18 A2993 RMK AO2 SLP140 TCU DSNT SE T02610183
CLT,2023-06-25 01:52,10.00,8500.00,KCLT 250152Z 21004KT 10SM SCT085 25/18 A2994 RMK AO2 SLP142 T02500183
CLT,2023-06-25 02:52,10.00,8000.00,KCLT 250252Z 21004KT 10SM FEW080 FEW110 24/19 A2995 RMK AO2 SLP146 T02390194 51011
CLT,2023-06-25 03:52,10.00,11000.00,KCLT 250352Z 27004KT 10SM FEW110 22/19 A2997 RMK AO2 SLP153 T02220189
CLT,2023-06-25 04:52,10.00,10000.00,KCLT 250452Z 00000KT 10SM BKN100 22/19 A2997 RMK AO2 SLP152 T02220194 403000200
CLT,2023-06-25 05:52,10.00,8000.00,KCLT 250552Z 33004KT 10SM SCT080 BKN110 22/19 A2995 RMK AO2 SLP147 T02220189 10278 20222 50002
CLT,2023-06-25 06:52,10.00,8000.00,KCLT 250652Z 00000KT 10SM FEW080 BKN110 22/18 A2994 RMK AO2 SLP142 T02220183
CLT,2023-06-25 07:52,10.00,11000.00,KCLT 250752Z 30003KT 10SM SCT110 21/18 A2993 RMK AO2 SLP141 T02110183
CLT,2023-06-25 08:52,10.00,M,KCLT 250852Z 30004KT 10SM CLR 20/18 A2993 RMK AO2 SLP141 T02000178 56007
CLT,2023-06-25 09:52,10.00,8000.00,KCLT 250952Z 31004KT 10SM FEW080 20/17 A2995 RMK AO2 SLP147 T02000172
CLT,2023-06-25 10:52,10.00,M,KCLT 251052Z 00000KT 10SM CLR 21/17 A2996 RMK AO2 SLP149 T02060172
CLT,2023-06-25 11:52,10.00,M,KCLT 251152Z 00000KT 10SM CLR 23/18 A2997 RMK AO2 SLP153 T02330178 10233 20194 51013
CLT,2023-06-25 12:52,10.00,M,KCLT 251252Z 00000KT 10SM CLR 24/19 A2997 RMK AO2 SLP153 T02440189
CLT,2023-06-25 13:52,10.00,M,KCLT 251352Z 28004KT 10SM CLR 27/19 A2997 RMK AO2 SLP152 T02670189
CLT,2023-06-25 14:52,10.00,10000.00,KCLT 251452Z 31005KT 10SM FEW100 29/18 A2997 RMK AO2 SLP152 T02890183 57001
CLT,2023-06-25 15:52,10.00,4700.00,KCLT 251552Z 28006KT 10SM FEW047 FEW250 29/18 A2997 RMK AO2 SLP153 T02940178
CLT,2023-06-25 16:52,10.00,5000.00,KCLT 251652Z 00000KT 10SM FEW050 FEW250 30/18 A2996 RMK AO2 SLP151 T03000178
CLT,2023-06-25 17:52,10.00,4800.00,KCLT 251752Z 24005KT 10SM FEW048 SCT250 31/18 A2995 RMK AO2 SLP145 T03110178 10311 20228 58006
CLT,2023-06-25 18:52,10.00,6000.00,KCLT 251852Z 25006KT 10SM FEW060 SCT250 31/17 A2994 RMK AO2 SLP142 T03110167
CLT,2023-06-25 19:52,10.00,6000.00,KCLT 251952Z 27005KT 10SM FEW060 BKN250 32/17 A2992 RMK AO2 SLP135 T03170167
CLT,2023-06-25 20:52,10.00,7000.00,KCLT 252052Z 26005KT 10SM SCT070 BKN120 BKN250 31/17 A2990 RMK AO2 SLP131 SHRA DSNT NW T03060167 58015
CLT,2023-06-25 21:52,10.00,8000.00,KCLT 252152Z 21007KT 10SM FEW080 FEW120 BKN250 31/18 A2985 RMK AO2 RAB25E36 PRESFR SLP114 P0000 T03110178
CLT,2023-06-25 22:52,10.00,8000.00,KCLT 252252Z 22007KT 10SM FEW080 FEW110 SCT200 BKN250 30/17 A2985 RMK AO2 SLP114 T03000172
CLT,2023-06-25 23:52,10.00,11000.00,KCLT 252352Z 19006KT 10SM FEW110 BKN220 BKN250 29/18 A2986 RMK AO2 SLP116 60000 T02890183 10322 20289 55014
CLT,2023-06-26 00:52,9.00,11000.00,KCLT 260052Z 24006KT 9SM FEW110 BKN220 BKN250 27/18 A2986 RMK AO2 SLP117 T02720183
CLT,2023-06-26 01:52,10.00,12000.00,KCLT 260152Z 26010G16KT 10SM FEW120 BKN220 BKN250 26/19 A2990 RMK AO2 SLP128 T02560189
CLT,2023-06-26 02:52,10.00,22000.00,KCLT 260252Z 24005KT 10SM BKN220 BKN250 24/18 A2988 RMK AO2 SLP121 T02440183 50006
CLT,2023-06-26 03:52,10.00,22000.00,KCLT 260352Z 21005KT 10SM BKN220 OVC250 24/17 A2984 RMK AO2 SLP110 T02390172
CLT,2023-06-26 04:52,10.00,25000.00,KCLT 260452Z 25007KT 10SM OVC250 23/17 A2986 RMK AO2 SLP115 T02280172 403220194
CLT,2023-06-26 05:52,10.00,7000.00,KCLT 260552Z 22006KT 10SM FEW070 BKN250 22/17 A2984 RMK AO2 SLP109 T02220172 10289 20222 56012
CLT,2023-06-26 06:52,10.00,5000.00,KCLT 260652Z 26007KT 10SM FEW050 21/17 A2984 RMK AO2 SLP109 T02110172
CLT,2023-06-26 07:52,10.00,5000.00,KCLT 260752Z 21003KT 10SM FEW050 21/17 A2982 RMK AO2 SLP103 T02060172
CLT,2023-06-26 08:52,10.00,5000.00,KCLT 260852Z 24006KT 10SM FEW050 SCT250 21/17 A2984 RMK AO2 SLP109 T02110167 55000
CLT,2023-06-26 09:52,10.00,8000.00,KCLT 260952Z 26006KT 10SM SCT080 BKN250 21/16 A2986 RMK AO2 SLP117 T02110161
CLT,2023-06-26 10:52,10.00,7500.00,KCLT 261052Z COR 31006KT 10SM FEW075 SCT090 BKN250 21/16 A2987 RMK AO2 LTG DSNT S SLP121 CB DSNT S T02110161
CLT,2023-06-26 11:52,10.00,7500.00,KCLT 261152Z 17004KT 10SM FEW075 FEW090 BKN230 22/17 A2984 RMK AO2 SLP110 CB DSNT S T02220167 10222 20200 50001
CLT,2023-06-26 12:52,10.00,4900.00,KCLT 261252Z 13004KT 10SM FEW049 SCT070 BKN140 BKN250 22/17 A2980 RMK AO2 SLP097 T02220167
CLT,2023-06-26 13:52,10.00,5000.00,KCLT 261352Z 22007KT 10SM FEW050 SCT080 BKN200 24/18 A2984 RMK AO2 SLP108 T02440178
CLT,2023-06-26 14:52,10.00,20000.00,KCLT 261452Z 21008KT 10SM FEW200 SCT250 26/18 A2984 RMK AO2 SLP109 T02560178 55002
CLT,2023-06-26 15:52,10.00,25000.00,KCLT 261552Z 20010KT 10SM FEW250 27/17 A2983 RMK AO2 SLP106 T02720172
CLT,2023-06-26 16:52,10.00,25000.00,KCLT 261652Z 23009KT 10SM FEW250 29/18 A2982 RMK AO2 SLP102 T02890178
CLT,2023-06-26 17:52,10.00,4500.00,KCLT 261752Z 25010KT 10SM FEW045 FEW200 30/19 A2980 RMK AO2 SLP097 T03000189 10306 20222 58011
CLT,2023-06-26 18:52,10.00,5000.00,KCLT 261852Z 22014KT 10SM FEW050 31/18 A2979 RMK AO2 SLP091 T03110183
CLT,2023-06-26 19:52,10.00,5000.00,KCLT 261952Z 20012KT 10SM FEW050 32/19 A2976 RMK AO2 SLP082 TCU DSNT N AND NW T03170189
CLT,2023-06-26 20:52,10.00,5000.00,KCLT 262052Z 23009G17KT 10SM FEW050 32/19 A2974 RMK AO2 SLP074 CB DSNT N AND NW T03170194 58022
CLT,2023-06-26 21:52,10.00,4800.00,KCLT 262152Z 22013G20KT 10SM FEW048 32/19 A2972 RMK AO2 SLP068 CB DSNT N T03170194
CLT,2023-06-26 22:52,10.00,4500.00,KCLT 262252Z 22011G19KT 10SM SCT045 SCT250 31/21 A2972 RMK AO2 SLP069 CB DSNT N AND NE AND W TCU DSNT W T03110206
CLT,2023-06-26 23:52,10.00,4700.00,KCLT 262352Z 22012KT 10SM SCT047 SCT250 30/20 A2972 RMK AO2 LTG DSNT N AND NW SLP068 CB DSNT E AND NW-N TCU DSNT NE T03000200 10322 20294 56006
CLT,2023-06-27 00:52,10.00,4500.00,KCLT 270052Z 21010KT 10SM TS SCT045CB SCT095 BKN250 29/21 A2973 RMK AO2 TSB27 SLP071 CONS LTGICCG NW-NE TS NW-NE MOV E T02890206
CLT,2023-06-27 01:52,10.00,4500.00,KCLT 270152Z 24007KT 10SM TS SCT045CB SCT095 BKN250 28/21 A2974 RMK AO2 LTG DSNT N-E SLP073 FRQ LTGICCC NE-E TS NE-E MOV E T02830211
CLT,2023-06-27 02:52,10.00,3900.00,KCLT 270252Z COR 29007KT 10SM FEW039 SCT060 BKN100 27/18 A2977 RMK AO2 LTG DSNT NE-SE TSE0157 SLP086 TS MOV E CB DSNT NE-SE T02670178 53017
CLT,2023-06-27 03:52,10.00,5000.00,KCLT 270352Z 36004KT 10SM FEW050 SCT100 24/19 A2977 RMK AO2 SLP086 LTG DSNT E AND S CB DSNT E AND S T02440189
CLT,2023-06-27 04:52,10.00,5000.00,KCLT 270452Z 00000KT 10SM FEW050 FEW100 23/19 A2977 RMK AO2 SLP086 LTG DSNT E AND SE-S CB DSNT E AND SE-S T02280194 403220200
CLT,2023-06-27 05:52,8.00,5000.00,KCLT 270552Z 01003KT 8SM FEW050 FEW100 23/19 A2977 RMK AO2 SLP085 LTG DSNT E AND SE-S CB DSNT E AND SE-S T02280194 10300 20222 54000
CLT,2023-06-27 06:52,9.00,M,KCLT 270652Z 00000KT 9SM CLR 21/19 A2977 RMK AO2 SLP086 T02110189
CLT,2023-06-27 07:52,10.00,7500.00,KCLT 270752Z 19003KT 10SM FEW075 22/19 A2977 RMK AO2 SLP086 T02170189
CLT,2023-06-27 08:52,10.00,7500.00,KCLT 270852Z 00000KT 10SM FEW075 FEW100 22/18 A2977 RMK AO2 SLP085 T02170183 58000
CLT,2023-06-27 09:52,10.00,8000.00,KCLT 270952Z 24004KT 10SM FEW080 21/18 A2978 RMK AO2 SLP088 T02060183
CLT,2023-06-27 10:52,10.00,7000.00,KCLT 271052Z 27004KT 10SM FEW070 FEW100 21/18 A2978 RMK AO2 SLP090 T02110178
CLT,2023-06-27 11:52,10.00,7500.00,KCLT 271152Z 30003KT 10SM FEW075 FEW100 23/18 A2980 RMK AO2 SLP095 T02330178 10233 20206 53009
CLT,2023-06-27 12:52,10.00,7500.00,KCLT 271252Z 35003KT 10SM FEW075 BKN100 25/18 A2981 RMK AO2 SLP097 T02500178
CLT,2023-06-27 13:52,10.00,7500.00,KCLT 271352Z 31003KT 10SM FEW075 FEW100 27/17 A2982 RMK AO2 SLP100 T02720167
CLT,2023-06-27 14:52,10.00,4500.00,KCLT 271452Z 27011KT 240V320 10SM FEW045 SCT100 28/16 A2982 RMK AO2 SLP100 T02830161 51006
CLT,2023-06-27 15:52,10.00,5000.00,KCLT 271552Z COR 31012KT 10SM SCT050 SCT100 30/16 A2983 RMK SLP104 T03000161
CLT,2023-06-27 16:57,10.00,5000.00,KCLT 271657Z VRB03KT 10SM SCT050 SCT110 30/16 A2982 RMK T03000156
CLT,2023-06-27 17:52,10.00,5500.00,KCLT 271752Z VRB03KT 10SM SCT055 BKN095 30/16 A2981 RMK AO2 SLP099 T03000161 10306 20217
CLT,2023-06-27 18:52,10.00,6000.00,KCLT 271852Z 29004KT 10SM SCT060 BKN090 30/16 A2981 RMK AO2 SLP099 T03000156
CLT,2023-06-27 19:52,10.00,6000.00,KCLT 271952Z 28005KT 10SM SCT060 SCT090 31/16 A2980 RMK AO2 SLP096 T03060156
CLT,2023-06-27 20:52,10.00,6000.00,KCLT 272052Z 32009KT 10SM SCT060 SCT075 32/16 A2981 RMK AO2 SLP097 T03170156 55002
CLT,2023-06-27 21:52,10.00,6500.00,KCLT 272152Z 26008KT 10SM FEW065 SCT080 31/16 A2981 RMK AO2 SLP100 T03110161
CLT,2023-06-27 22:52,10.00,6500.00,KCLT 272252Z 27004KT 10SM BKN065 BKN090 31/17 A2981 RMK AO2 SLP099 T03060167
CLT,2023-06-27 23:52,10.00,6000.00,KCLT 272352Z COR 29004KT 10SM FEW060 29/16 A2982 RMK AO2 SLP103 T02940161 10322 20294 53005
CLT,2023-06-28 00:52,10.00,6500.00,KCLT 280052Z 23004KT 10SM FEW065 FEW100 27/16 A2983 RMK AO2 SLP105 T02720156
CLT,2023-06-28 01:52,10.00,10000.00,KCLT 280152Z 27004KT 10SM FEW100 26/16 A2985 RMK AO2 SLP113 T02560161
CLT,2023-06-28 02:52,10.00,10000.00,KCLT 280252Z 33003KT 10SM FEW100 24/17 A2988 RMK AO2 SLP124 T02390167 53021
CLT,2023-06-28 03:52,10.00,10000.00,KCLT 280352Z 33005KT 10SM FEW100 23/17 A2990 RMK AO2 SLP128 T02330167
CLT,2023-06-28 04:52,10.00,10000.00,KCLT 280452Z 34004KT 10SM FEW100 23/16 A2991 RMK AO2 SLPNO T02280161 403220206
CLT,2023-06-28 05:52,9.00,9500.00,KCLT 280552Z 34005KT 9SM SCT095 22/16 A2991 RMK AO2 SLP132 T02170161 10289 20217 50007
CLT,2023-06-28 06:52,9.00,M,KCLT 280652Z 34005KT 9SM CLR 21/16 A2990 RMK AO2 SLP130 T02060156
CLT,2023-06-28 07:52,8.00,M,KCLT 280752Z 30003KT 8SM CLR 20/16 A2989 RMK AO2 SLP128 T02000161
CLT,2023-06-28 08:52,8.00,M,KCLT 280852Z 00000KT 8SM CLR 19/16 A2990 RMK AO2 SLP129 T01940156 55003
CLT,2023-06-28 09:52,7.00,M,KCLT 280952Z 33005KT 7SM CLR 19/16 A2991 RMK AO2 SLP134 T01940161
CLT,2023-06-28 10:52,7.00,M,KCLT 281052Z 33004KT 7SM CLR 20/16 A2994 RMK AO2 SLP143 T02000161
CLT,2023-06-28 11:52,7.00,M,KCLT 281152Z 36005KT 7SM CLR 22/17 A2995 RMK AO2 SLP147 T02220167 10222 20189 51018
CLT,2023-06-28 12:52,7.00,M,KCLT 281252Z 01005KT 7SM CLR 25/17 A2997 RMK AO2 SLP153 T02500172
CLT,2023-06-28 13:52,7.00,M,KCLT 281352Z VRB05KT 7SM CLR 27/17 A2998 RMK AO2 SLP157 T02670172
CLT,2023-06-28 14:52,7.00,M,KCLT 281452Z 00000KT 7SM CLR 28/17 A2998 RMK AO2 SLP157 T02830167 50009
CLT,2023-06-28 15:52,7.00,5000.00,KCLT 281552Z VRB04KT 7SM FEW050 FEW250 29/17 A2998 RMK AO2 SLP155 T02940167
CLT,2023-06-28 16:52,8.00,5500.00,KCLT 281652Z VRB05KT 8SM FEW055 SCT250 30/17 A2997 RMK AO2 SLP154 T03000167
CLT,2023-06-28 17:52,8.00,4900.00,KCLT 281752Z 34005KT 8SM SCT049 SCT250 31/17 A2997 RMK AO2 SLP153 T03060167 10311 20222 58004
CLT,2023-06-28 18:52,8.00,4900.00,KCLT 281852Z 21005KT 8SM SCT049 30/17 A2995 RMK AO2 SLP146 T03000172
CLT,2023-06-28 19:52,8.00,5000.00,KCLT 281952Z VRB05KT 8SM SCT050 31/17 A2994 RMK AO2 SLP143 T03060172
CLT,2023-06-28 20:52,8.00,6000.00,KCLT 282052Z 30004KT 8SM SCT060 32/17 A2993 RMK AO2 SLP139 T03170172 56014
CLT,2023-06-28 21:52,8.00,6000.00,KCLT 282152Z COR VRB03KT 8SM FEW060 32/17 A2993 RMK AO2 SLP139 T03170167
CLT,2023-06-28 22:52,8.00,6000.00,KCLT 282252Z 29005KT 8SM FEW060 31/17 A2993 RMK AO2 SLP139 T03110167
CLT,2023-06-28 23:52,8.00,6000.00,KCLT 282352Z 01003KT 8SM FEW060 29/18 A2994 RMK AO2 SLP144 T02940178 10317 20294 53005
CLT,2023-06-29 00:52,8.00,6000.00,KCLT 290052Z 02005KT 8SM FEW060 27/17 A2995 RMK AO2 SLP145 T02720172
CLT,2023-06-29 01:52,8.00,7000.00,KCLT 290152Z VRB04KT 8SM SCT070 27/18 A2997 RMK AO2 SLP154 T02670183
CLT,2023-06-29 02:52,8.00,7000.00,KCLT 290252Z 14003KT 8SM FEW070 27/18 A2999 RMK AO2 SLP159 T02670183 53016
CLT,2023-06-29 03:52,7.00,7000.00,KCLT 290352Z 10003KT 7SM FEW070 26/18 A2999 RMK AO2 SLP159 T02560183
CLT,2023-06-29 04:52,7.00,6500.00,KCLT 290452Z 00000KT 7SM FEW065 25/18 A2999 RMK AO2 SLP159 T02500183 403170189
CLT,2023-06-29 05:52,7.00,5000.00,KCLT 290552Z 00000KT 7SM SCT050 BKN060 24/19 A2999 RMK AO2 SLP160 T02390189 10294 20239 53002
CLT,2023-06-29 06:52,7.00,5000.00,KCLT 290652Z 06003KT 7SM BKN050 23/18 A3000 RMK AO2 SLP163 T02330183
CLT,2023-06-29 07:52,7.00,5500.00,KCLT 290752Z 00000KT 7SM FEW055 24/18 A3001 RMK AO2 SLP165 T02390183
CLT,2023-06-29 08:52,6.00,6000.00,KCLT 290852Z 03003KT 6SM HZ BKN060 23/18 A3002 RMK AO2 SLP169 T02280178 53008
CLT,2023-06-29 09:52,6.00,6500.00,KCLT 290952Z 06004KT 6SM HZ BKN065 23/17 A3004 RMK AO2 SLP177 T02330172
CLT,2023-06-29 10:52,5.00,5500.00,KCLT 291052Z 01004KT 5SM HZ FEW055 21/18 A3006 RMK AO2 SLP185 T02110178
CLT,2023-06-29 11:52,4.00,5500.00,KCLT 291152Z 36006KT 4SM HZ SCT055 23/18 A3008 RMK AO2 SLP189 T02330178 10250 20211 51019
CLT,2023-06-29 12:52,4.00,5500.00,KCLT 291252Z 08004KT 4SM HZ FEW055 26/16 A3008 RMK AO2 SLP192 T02560161
CLT,2023-06-29 13:52,4.00,M,KCLT 291352Z 10003KT 4SM HZ CLR 27/16 A3009 RMK AO2 SLP193 T02670156
CLT,2023-06-29 14:52,4.00,M,KCLT 291452Z 05004KT 4SM HZ CLR 28/16 A3008 RMK AO2 SLP191 T02780161 50003
CLT,2023-06-29 15:52,4.00,M,KCLT 291552Z 00000KT 4SM HZ CLR 29/16 A3008 RMK AO2 SLP190 T02890161
CLT,2023-06-29 16:52,4.00,5000.00,KCLT 291652Z VRB03KT 4SM HZ FEW050 FEW250 31/17 A3007 RMK AO2 SLP187 T03060167
CLT,2023-06-29 17:52,5.00,5000.00,KCLT 291752Z 31006KT 5SM HZ FEW050 SCT250 31/17 A3006 RMK AO2 SLP183 T03110172 10317 20228 58008
CLT,2023-06-29 18:52,5.00,5000.00,KCLT 291852Z 24009KT 5SM HZ FEW050 BKN250 31/18 A3005 RMK AO2 SLP179 T03060178
CLT,2023-06-29 19:52,5.00,5000.00,KCLT 291952Z 28005KT 5SM HZ FEW050 BKN250 31/17 A3003 RMK AO2 SLP174 T03110172
CLT,2023-06-29 20:52,5.00,5000.00,KCLT 292052Z 27006KT 5SM HZ FEW050 BKN250 31/18 A3003 RMK AO2 SLP171 T03110178 56012
CLT,2023-06-29 21:52,5.00,5000.00,KCLT 292152Z 30005KT 5SM HZ FEW050 BKN250 31/18 A3003 RMK AO2 SLP172 T03060183
CLT,2023-06-29 22:52,5.00,5000.00,KCLT 292252Z 28004KT 5SM HZ FEW050 BKN250 30/19 A3005 RMK AO2 SLP181 T03000189
CLT,2023-06-29 23:52,5.00,5000.00,KCLT 292352Z 00000KT 5SM HZ FEW050 FEW150 BKN250 29/18 A3004 RMK AO2 SLP176 T02940183 10317 20294 50004
CLT,2023-06-30 00:52,5.00,15000.00,KCLT 300052Z 00000KT 5SM HZ FEW150 BKN250 28/20 A3004 RMK AO2 SLP175 T02830200
CLT,2023-06-30 01:52,6.00,M,KCLT 300152Z 10005KT 6SM HZ CLR 28/19 A3006 RMK AO2 SLP183 T02780189
CLT,2023-06-30 02:52,5.00,25000.00,KCLT 300252Z 12004KT 5SM HZ BKN250 27/19 A3006 RMK AO2 SLP182 T02720189 52006
CLT,2023-06-30 03:52,5.00,25000.00,KCLT 300352Z 15003KT 5SM HZ BKN250 27/19 A3007 RMK AO2 SLP186 T02670189
CLT,2023-06-30 04:52,5.00,M,KCLT 300452Z 13006KT 5SM HZ CLR 25/19 A3003 RMK AO2 SLP173 T02500194 403170211
CLT,2023-06-30 05:52,5.00,25000.00,KCLT 300552Z 17003KT 5SM HZ FEW250 26/18 A3002 RMK AO2 SLP171 T02560183 10294 20250 58011
CLT,2023-06-30 06:52,5.00,M,KCLT 300652Z 00000KT 5SM HZ CLR 24/18 A3002 RMK AO2 SLP170 T02440183
CLT,2023-06-30 07:52,5.00,M,KCLT 300752Z 00000KT 5SM HZ CLR 24/18 A3002 RMK AO2 SLP169 T02390183
CLT,2023-06-30 08:52,5.00,25000.00,KCLT 300852Z 15004KT 5SM HZ FEW250 23/19 A3001 RMK AO2 SLP167 T02330189 58003
CLT,2023-06-30 09:52,5.00,15000.00,KCLT 300952Z 00000KT 5SM HZ BKN150 BKN180 BKN250 23/19 A3003 RMK AO2 SLP174 T02330189
CLT,2023-06-30 10:52,4.00,4500.00,KCLT 301052Z 15003KT 4SM HZ FEW045 BKN150 BKN180 BKN220 23/19 A3004 RMK AO2 SLP176 T02280194
CLT,2023-06-30 11:52,4.00,4800.00,KCLT 301152Z 14003KT 4SM -RA BKN048 BKN085 BKN120 OVC150 24/20 A3007 RMK AO2 RAB49 SLP186 P0000 60000 T02390200 10250 20228 53018
CLT,2023-06-30 12:52,4.00,4000.00,KCLT 301252Z 00000KT 4SM HZ FEW040 BKN100 OVC140 24/21 A3010 RMK AO2 RAE18 SLP196 P0000 T02390206
CLT,2023-06-30 13:52,4.00,4500.00,KCLT 301352Z 18004KT 4SM HZ FEW045 SCT110 OVC140 25/21 A3009 RMK AO2 SLP192 T02500211
CLT,2023-06-30 14:52,4.00,4500.00,KCLT 301452Z 20005KT 4SM HZ FEW045 FEW110 BKN180 27/22 A3005 RMK AO2 SLP180 60000 T02720217 58006
CLT,2023-06-30 15:52,5.00,4400.00,KCLT 301552Z VRB05KT 5SM HZ SCT044 SCT110 BKN190 29/22 A3005 RMK AO2 SLP180 T02940217
CLT,2023-06-30 16:52,5.00,3400.00,KCLT 301652Z 25008KT 5SM HZ SCT034 BKN120 BKN200 29/21 A3005 RMK AO2 SLP180 T02890211
CLT,2023-06-30 17:52,7.00,3200.00,KCLT 301752Z 27010KT 7SM FEW032 FEW050 BKN250 30/20 A3003 RMK AO2 SLP174 60000 T03000200 10306 20233 58005
CLT,2023-06-30 18:52,8.00,3500.00,KCLT 301852Z 28007KT 260V320 8SM FEW035 BKN250 32/19 A3001 RMK AO2 SLP166 TCU DSNT E-SE T03170194
CLT,2023-06-30 19:52,10.00,4000.00,KCLT 301952Z 25007KT 10SM FEW040 SCT250 32/18 A2999 RMK AO2 SLP159 TCU DSNT E-SE T03220183
CLT,2023-06-30 20:52,10.00,4000.00,KCLT 302052Z VRB04KT 10SM FEW040 BKN250 32/18 A2997 RMK AO2 SLP152 TCU DSNT E-SE T03220178 56022
CLT,2023-06-30 21:52,10.00,4000.00,KCLT 302152Z VRB04KT 10SM FEW040 SCT250 32/18 A2998 RMK AO2 SLP154 TCU DSNT E T03220178
CLT,2023-06-30 22:52,8.00,4500.00,KCLT 302252Z 27004KT 8SM FEW045 FEW250 32/19 A2999 RMK AO2 SLP159 T03170194
CLT,2023-06-30 23:52,7.00,4500.00,KCLT 302352Z 27003KT 7SM FEW045 FEW250 30/21 A2999 RMK AO2 SLP160 TCU DSNT SE T03000206 10328 20300 51008
CLT,2023-07-01 00:52,6.00,4000.00,KCLT 010052Z 23004KT 6SM HZ FEW040 FEW250 28/21 A2999 RMK AO2 SLP161 T02830211
CLT,2023-07-01 01:52,7.00,M,KCLT 010152Z 22004KT 7SM CLR 28/21 A3000 RMK AO2 SLP163 T02780211
CLT,2023-07-01 02:52,7.00,M,KCLT 010252Z 15004KT 7SM CLR 27/22 A3003 RMK AO2 SLP172 T02670217 53012
CLT,2023-07-01 03:52,7.00,M,KCLT 010352Z 15004KT 7SM CLR 26/22 A3003 RMK AO2 SLP174 T02610222
CLT,2023-07-01 04:52,6.00,25000.00,KCLT 010452Z 15005KT 6SM HZ FEW250 25/22 A3001 RMK AO2 SLP168 T02500222 403280228
CLT,2023-07-01 05:52,6.00,25000.00,KCLT 010552Z 19004KT 6SM HZ FEW250 25/22 A3002 RMK AO2 SLP169 T02500217 10300 20250 58003
CLT,2023-07-01 06:52,6.00,25000.00,KCLT 010652Z 00000KT 6SM HZ SCT250 24/22 A3000 RMK AO2 SLP164 T02440217
CLT,2023-07-01 07:52,6.00,25000.00,KCLT 010752Z 00000KT 6SM BR FEW250 24/22 A3000 RMK AO2 SLP162 T02390217
CLT,2023-07-01 08:52,5.00,25000.00,KCLT 010852Z 00000KT 5SM BR FEW250 23/22 A3000 RMK AO2 SLP162 T02330217 56007
CLT,2023-07-01 09:52,4.00,25000.00,KCLT 010952Z 22003KT 4SM BR SCT250 23/22 A3001 RMK AO2 SLP165 T02330217
CLT,2023-07-01 10:52,4.00,25000.00,KCLT 011052Z 14003KT 4SM BR BKN250 23/22 A3002 RMK AO2 SLP170 T02280217
CLT,2023-07-01 11:52,5.00,25000.00,KCLT 011152Z 00000KT 5SM BR BKN250 24/22 A3003 RMK AO2 SLP174 T02390217 10250 20228 53012
CLT,2023-07-01 12:52,5.00,10000.00,KCLT 011252Z 00000KT 5SM BR FEW100 FEW200 BKN250 24/22 A3004 RMK AO2 SLP176 T02440222
CLT,2023-07-01 13:52,6.00,20000.00,KCLT 011352Z 23003KT 6SM HZ FEW200 BKN250 28/22 A3005 RMK AO2 SLP181 T02780217
CLT,2023-07-01 14:52,7.00,2500.00,KCLT 011452Z 18003KT 7SM FEW025 FEW080 BKN250 28/22 A3006 RMK AO2 SLP182 T02830217 51007
CLT,2023-07-01 15:52,7.00,3000.00,KCLT 011552Z VRB04KT 7SM FEW030 FEW100 BKN250 30/22 A3004 RMK AO2 SLP178 T03000217
CLT,2023-07-01 16:52,7.00,3400.00,KCLT 011652Z 23007KT 7SM BKN034 BKN055 OVC250 32/22 A3004 RMK AO2 SLP178 T03170222
CLT,2023-07-01 17:52,8.00,3700.00,KCLT 011752Z VRB05KT 8SM SCT037 SCT060 BKN250 33/21 A3004 RMK AO2 SLP176 T03280211 10328 20239 56006 $
CLT,2023-07-01 18:52,9.00,5000.00,KCLT 011852Z VRB04KT 9SM SCT050 SCT160 BKN250 33/21 A3001 RMK AO2 SLP166 T03280211 $
CLT,2023-07-01 19:52,9.00,4700.00,KCLT 011952Z 9SM SCT047 SCT070 BKN250 33/22 A2999 RMK AO2 SLP159 T03330217 $
CLT,2023-07-01 20:52,9.00,5000.00,KCLT 012052Z 25008KT 9SM SCT050 SCT250 33/22 A2997 RMK AO2 SLP152 T03330217 56023
CLT,2023-07-01 21:52,8.00,5000.00,KCLT 012152Z 24005KT 8SM SCT050 BKN200 BKN250 32/22 A2996 RMK AO2 LTG DSNT N AND NW SLP148 CB DSNT N AND NW T03220217
CLT,2023-07-01 22:52,9.00,5000.00,KCLT 012252Z 27005KT 9SM FEW050 SCT170 BKN250 31/23 A2998 RMK AO2 LTG DSNT NW-NE SLP155 CB DSNT N AND NW T03110228
CLT,2023-07-01 23:52,10.00,4500.00,KCLT 012352Z 33006KT 10SM VCTS FEW045CB SCT060 BKN150 OVC250 28/19 A2998 RMK AO2 LTG DSNT ALQDS SLP158 CB NW-NE AND SE MOV SE T02830189 10339 20283 53005
CLT,2023-07-02 00:52,10.00,4000.00,KCLT 020052Z 16004KT 10SM FEW040 BKN130 OVC250 27/19 A2997 RMK AO2 LTG DSNT SE RAB11E29 SLP154 CB DSNT SE P0000 T02670189 $
CLT,2023-07-02 01:52,10.00,14000.00,KCLT 020152Z 19005KT 10SM BKN140 BKN170 28/21 A2999 RMK AO2 SLP159 T02780206 $
CLT,2023-07-02 02:52,10.00,15000.00,KCLT 020252Z 15003KT 10SM BKN150 BKN190 27/21 A3002 RMK AO2 SLP168 60000 T02720211 53012 $
CLT,2023-07-02 03:52,8.00,16000.00,KCLT 020352Z 21004KT 8SM BKN160 27/22 A3001 RMK AO2 SLP167 T02670222 $
CLT,2023-07-02 04:52,10.00,16000.00,KCLT 020452Z 21004KT 10SM BKN160 26/21 A3000 RMK AO2 SLP163 T02610211 403390228 $
CLT,2023-07-02 05:52,10.00,M,KCLT 020552Z 19005KT 10SM CLR 26/21 A2997 RMK AO2 SLP154 60000 T02560211 10283 20256 58014 $
CLT,2023-07-02 06:52,7.00,16000.00,KCLT 020652Z 18006KT 7SM FEW160 25/22 A2995 RMK AO2 SLP147 T02500222 $
CLT,2023-07-02 07:52,7.00,M,KCLT 020752Z 20004KT 7SM CLR 24/22 A2996 RMK AO2 SLP148 T02440217 $
CLT,2023-07-02 08:52,6.00,M,KCLT 020852Z 18003KT 6SM HZ CLR 24/22 A2996 RMK AO2 SLP148 T02390222 56006 $
CLT,2023-07-02 09:52,6.00,18000.00,KCLT 020952Z 21004KT 6SM HZ FEW180 23/22 A2996 RMK AO2 SLP150 T02330217 $
CLT,2023-07-02 10:52,6.00,18000.00,KCLT 021052Z 21004KT 6SM HZ BKN180 23/21 A2997 RMK AO2 SLP151 T02330211 $
CLT,2023-07-02 11:52,10.00,18000.00,KCLT 021152Z 25004KT 10SM BKN180 24/20 A2998 RMK AO2 SLP158 T02390200 10261 20233 53009 $
CLT,2023-07-02 12:52,10.00,19000.00,KCLT 021252Z 22006KT 10SM SCT190 BKN250 26/20 A2999 RMK AO2 SLP161 T02610200
CLT,2023-07-02 13:52,10.00,18000.00,KCLT 021352Z 24009KT 10SM SCT180 BKN250 28/19 A3000 RMK AO2 SLP162 T02780194
CLT,2023-07-02 14:52,10.00,18000.00,KCLT 021452Z 24009KT 10SM FEW180 SCT250 30/19 A3000 RMK AO2 SLP162 T03000189 51005
CLT,2023-07-02 15:52,10.00,18000.00,KCLT 021552Z 20009KT 10SM FEW180 SCT250 31/21 A3000 RMK AO2 SLP163 T03110206
CLT,2023-07-02 16:52,10.00,4000.00,KCLT 021652Z 27011KT 10SM FEW040 FEW180 BKN250 33/20 A3001 RMK AO2 SLP166 T03280200
CLT,2023-07-02 17:52,10.00,5000.00,KCLT 021752Z 22006KT 10SM FEW050 BKN250 33/21 A2999 RMK AO2 SLP161 T03330206 10339 20239 58001
CLT,2023-07-02 18:52,10.00,5000.00,KCLT 021852Z 27006KT 10SM FEW050 SCT250 34/21 A2997 RMK AO2 SLP151 T03440206
CLT,2023-07-02 19:52,10.00,5000.00,KCLT 021952Z 24010KT 10SM FEW050 BKN250 34/22 A2995 RMK AO2 SLP146 TCU DSNT NW T03440217
CLT,2023-07-02 20:52,10.00,5000.00,KCLT 022052Z 25008KT 10SM FEW050 BKN250 34/20 A2994 RMK AO2 SLP141 T03440200 56019
CLT,2023-07-02 21:52,10.00,5000.00,KCLT 022152Z 21008KT 10SM FEW050 BKN250 33/22 A2992 RMK AO2 SLP134 T03330217
CLT,2023-07-02 22:52,10.00,5500.00,KCLT 022252Z 22008KT 10SM FEW055 BKN250 33/22 A2991 RMK AO2 SLP130 T03330217
CLT,2023-07-02 23:52,10.00,5500.00,KCLT 022352Z 22007KT 10SM FEW055 BKN250 32/22 A2991 RMK AO2 SLP133 CB DSNT NW-N T03170217 10344 20317 55008
CLT,2023-07-03 00:52,10.00,18000.00,KCLT 030052Z 21005KT 10SM FEW180 BKN250 31/22 A2992 RMK AO2 SLP136 CB DSNT NW-N T03060222
CLT,2023-07-03 01:52,10.00,18000.00,KCLT 030152Z 24004KT 10SM FEW180 BKN250 29/23 A2995 RMK AO2 SLP144 T02940228
CLT,2023-07-03 02:52,9.00,15000.00,KCLT 030252Z 23007KT 9SM FEW150 BKN250 29/23 A2998 RMK AO2 LTG DSNT SW AND W SLP155 T02940233 53022
CLT,2023-07-03 03:52,10.00,17000.00,KCLT 030352Z 19006KT 10SM FEW170 BKN250 27/21 A2996 RMK AO2 PK WND 25029/0310 SLP151 T02720206
CLT,2023-07-03 04:52,10.00,12000.00,KCLT 030452Z 20006KT 10SM FEW120 BKN150 BKN170 BKN250 27/19 A2998 RMK AO2 SLP155 T02720194 403440233
CLT,2023-07-03 05:52,10.00,8000.00,KCLT 030552Z 22005KT 10SM FEW080 FEW120 BKN170 BKN200 OVC250 26/19 A2997 RMK AO2 SLP152 T02610194 10317 20261 56003
CLT,2023-07-03 06:52,10.00,11000.00,KCLT 030652Z 24003KT 10SM FEW110 BKN160 BKN180 OVC250 26/20 A2997 RMK AO2 SLP151 T02560200
CLT,2023-07-03 07:52,10.00,4300.00,KCLT 030752Z 21006KT 10SM SCT043 OVC160 26/21 A2997 RMK AO2 SLP150 LTG DSNT S CB DSNT S MOV NE T02560206
CLT,2023-07-03 08:52,10.00,4000.00,KCLT 030852Z 25006KT 10SM FEW040 OVC140 25/19 A2996 RMK AO2 LTG DSNT SE RAB18E29 SLP149 CB DSNT SE MOV NE P0000 60000 T02500194 58002
CLT,2023-07-03 09:52,10.00,11000.00,KCLT 030952Z 25005KT 10SM FEW110 BKN170 BKN200 OVC250 24/19 A2997 RMK AO2 SLP154 T02440194
CLT,2023-07-03 10:52,10.00,15000.00,KCLT 031052Z 23003KT 10SM BKN150 BKN170 BKN250 24/19 A2996 RMK AO2 SLP150 T02390194
CLT,2023-07-03 11:52,10.00,15000.00,KCLT 031152Z 23003KT 10SM BKN150 BKN170 OVC250 24/20 A2996 RMK AO2 SLP150 60000 T02440200 10267 20239 50000
CLT,2023-07-03 12:52,10.00,16000.00,KCLT 031252Z 21006KT 10SM SCT160 BKN220 26/20 A2998 RMK AO2 SLP157 T02610200
CLT,2023-07-03 13:52,10.00,16000.00,KCLT 031352Z 22006KT 10SM SCT160 BKN250 27/21 A3000 RMK AO2 SLP163 T02670206
CLT,2023-07-03 14:52,10.00,14000.00,KCLT 031452Z 20009KT 10SM SCT140 BKN200 BKN250 29/21 A2999 RMK AO2 SLP161 T02940211 50010
CLT,2023-07-03 15:52,10.00,14000.00,KCLT 031552Z 21011KT 10SM SCT140 BKN200 BKN250 30/20 A3001 RMK AO2 SLP165 T03000200
CLT,2023-07-03 16:52,10.00,14000.00,KCLT 031652Z 20011KT 10SM FEW140 BKN210 31/21 A3000 RMK AO2 SLP162 T03110206
CLT,2023-07-03 17:52,10.00,14000.00,KCLT 031752Z 23012KT 10SM SCT140 BKN220 32/21 A3000 RMK AO2 SLP162 T03220206 10322 20244 51002
CLT,2023-07-03 18:52,10.00,4500.00,KCLT 031852Z 21010KT 10SM FEW045 SCT130 BKN250 32/22 A2998 RMK AO2 SLP157 TCU DSNT NW T03220217
CLT,2023-07-03 19:52,10.00,4500.00,KCLT 031952Z 23009KT 190V250 10SM FEW045 BKN160 BKN250 32/22 A2996 RMK AO2 SLP148 CB DSNT NW T03220217
CLT,2023-07-03 20:52,10.00,5000.00,KCLT 032052Z 24008KT 10SM FEW050 BKN250 32/22 A2995 RMK AO2 LTG DSNT SW-NW SLP147 CB DSNT W-N T03170217 56015
CLT,2023-07-03 21:52,8.00,5000.00,KCLT 032152Z 24008KT 8SM -TSRA FEW050CB SCT110 BKN250 29/23 A2994 RMK AO2 RAB38 TSB15 SLP142 OCNL LTGICCC S TS S MOV SE CB DSNT N P0000 T02890228
CLT,2023-07-03 22:52,10.00,3000.00,KCLT 032252Z 27003KT 10SM FEW030 FEW110 BKN220 28/22 A2995 RMK AO2 RAE00 TSE09 SLP146 TS MOV E TCU DSNT N-E AND S P0000 T02830222
CLT,2023-07-03 23:52,10.00,5000.00,KCLT 032352Z 27005KT 10SM FEW050 FEW120 BKN230 28/22 A2996 RMK AO2 SLP148 TCU DSNT SW 60000 T02830217 10333 20283 53001
CLT,2023-07-04 00:52,10.00,5500.00,KCLT 040052Z 00000KT 10SM FEW055 FEW130 BKN240 27/21 A2996 RMK AO2 SLP148 T02720211
CLT,2023-07-04 01:52,10.00,3900.00,KCLT 040152Z 26003KT 10SM FEW039 FEW140 BKN250 26/22 A2998 RMK AO2 SLP155 T02610217
CLT,2023-07-04 02:52,10.00,6000.00,KCLT 040252Z 20003KT 10SM FEW060 BKN250 26/22 A2999 RMK AO2 SLP161 T02610217 53013
CLT,2023-07-04 03:52,9.00,14000.00,KCLT 040352Z 23004KT 9SM FEW140 BKN250 26/22 A3000 RMK AO2 SLP164 T02610217
CLT,2023-07-04 04:52,9.00,7000.00,KCLT 040452Z 23005KT 9SM FEW070 OVC250 26/22 A3000 RMK AO2 SLP163 T02610222 403330239
CLT,2023-07-04 05:52,10.00,14000.00,KCLT 040552Z 24006KT 10SM FEW140 BKN250 26/22 A2999 RMK AO2 SLP161 T02610222 10283 20256 50000
CLT,2023-07-04 06:52,9.00,14000.00,KCLT 040652Z 22004KT 9SM FEW140 BKN250 26/22 A2998 RMK AO2 SLP157 T02560222
CLT,2023-07-04 07:52,8.00,14000.00,KCLT 040752Z 23004KT 8SM BKN140 BKN250 25/22 A2999 RMK AO2 SLP161 T02500222
CLT,2023-07-04 08:52,8.00,25000.00,KCLT 040852Z 00000KT 8SM BKN250 24/22 A3000 RMK AO2 SLP164 T02440222 53003
CLT,2023-07-04 09:52,7.00,14000.00,KCLT 040952Z 00000KT 7SM FEW140 SCT250 24/22 A3001 RMK AO2 SLP167 T02390217
CLT,2023-07-04 10:52,7.00,14000.00,KCLT 041052Z 00000KT 7SM FEW140 BKN250 24/22 A3003 RMK AO2 SLP175 T02390222
CLT,2023-07-04 11:52,7.00,15000.00,KCLT 041152Z 30003KT 7SM SCT150 BKN220 BKN250 26/22 A3005 RMK AO2 SLP180 T02560222 10261 20233 53016
CLT,2023-07-04 12:52,9.00,15000.00,KCLT 041252Z 00000KT 9SM BKN150 BKN250 27/22 A3006 RMK AO2 SLP185 T02670217
CLT,2023-07-04 13:52,10.00,15000.00,KCLT 041352Z 35003KT 10SM BKN150 BKN250 28/21 A3007 RMK AO2 SLP187 T02830211
CLT,2023-07-04 14:52,10.00,15000.00,KCLT 041452Z 35004KT 10SM SCT150 BKN250 30/20 A3008 RMK AO2 SLP189 T03000200 51008
CLT,2023-07-04 15:52,10.00,4000.00,KCLT 041552Z VRB04KT 10SM FEW040 SCT150 BKN250 31/21 A3007 RMK AO2 SLP186 T03060206
CLT,2023-07-04 16:52,10.00,4500.00,KCLT 041652Z 23003KT 10SM FEW045 SCT130 BKN250 32/19 A3006 RMK AO2 SLP184 T03170194
CLT,2023-07-04 17:52,10.00,5000.00,KCLT 041752Z 10SM FEW050 SCT140 BKN250 32/19 A3005 RMK AO2 SLP181 T03220194 10328 20256 58007
CLT,2023-07-04 18:52,10.00,5000.00,KCLT 041852Z 25005KT 10SM FEW050 BKN140 BKN250 32/20 A3004 RMK AO2 SLP176 T03220200
CLT,2023-07-04 19:52,10.00,5500.00,KCLT 041952Z 23005KT 10SM FEW055 SCT150 SCT210 BKN250 33/18 A3002 RMK AO2 SLP170 T03280183
CLT,2023-07-04 20:52,10.00,5500.00,KCLT 042052Z 27004KT 10SM FEW055 SCT140 BKN250 33/19 A3001 RMK AO2 SLP165 T03280194 58015
CLT,2023-07-04 21:52,10.00,5500.00,KCLT 042152Z 27007KT 10SM FEW055 SCT140 SCT250 32/20 A3000 RMK AO2 SLP161 T03220200
CLT,2023-07-04 22:52,10.00,5500.00,KCLT 042252Z 26007KT 10SM FEW055 SCT200 BKN250 32/21 A3000 RMK AO2 SLP164 T03170206
CLT,2023-07-04 23:52,10.00,5500.00,KCLT 042352Z 27004KT 10SM FEW055 SCT140 SCT200 SCT250 29/21 A3000 RMK AO2 SLP164 TCU DSNT SE T02940206 10339 20294 55001
CLT,2023-07-05 00:52,10.00,5500.00,KCLT 050052Z 27005KT 10SM FEW055 FEW140 BKN250 28/21 A3003 RMK AO2 SLP171 T02830211
CLT,2023-07-05 01:52,10.00,14000.00,KCLT 050152Z 29003KT 10SM SCT140 BKN200 BKN250 28/22 A3003 RMK AO2 SLP174 T02780217
CLT,2023-07-05 02:52,9.00,14000.00,KCLT 050252Z 25003KT 9SM FEW140 SCT250 28/22 A3005 RMK AO2 SLP181 T02780217 51016
CLT,2023-07-05 03:52,6.00,13000.00,KCLT 050352Z 29003KT 6SM HZ BKN130 27/22 A3006 RMK AO2 SLP184 T02670222
CLT,2023-07-05 04:52,7.00,11000.00,KCLT 050452Z 00000KT 7SM FEW110 BKN140 27/22 A3006 RMK AO2 SLP184 T02670217 403390233
CLT,2023-07-05 05:52,8.00,16000.00,KCLT 050552Z 00000KT 8SM BKN160 26/21 A3005 RMK AO2 SLP180 T02610206 10294 20261 58000
CLT,2023-07-05 06:52,8.00,11000.00,KCLT 050652Z 29003KT 8SM FEW110 BKN150 25/21 A3004 RMK AO2 SLP178 T02500206
CLT,2023-07-05 07:52,8.00,15000.00,KCLT 050752Z 00000KT 8SM SCT150 24/21 A3003 RMK AO2 SLP175 T02440206
CLT,2023-07-05 08:52,9.00,15000.00,KCLT 050852Z 00000KT 9SM SCT150 24/20 A3003 RMK AO2 SLP174 T02390200 56006
CLT,2023-07-05 09:52,9.00,15000.00,KCLT 050952Z 00000KT 9SM FEW150 SCT230 24/20 A3003 RMK AO2 SLP174 T02390200
CLT,2023-07-05 10:52,8.00,16000.00,KCLT 051052Z 00000KT 8SM FEW160 BKN250 23/20 A3005 RMK AO2 SLP179 T02330200
CLT,2023-07-05 11:52,7.00,21000.00,KCLT 051152Z 00000KT 7SM SCT210 BKN250 24/21 A3005 RMK AO2 SLP180 T02390206 10261 20228 53006
CLT,2023-07-05 12:52,8.00,19000.00,KCLT 051252Z 31004KT 8SM SCT190 BKN250 26/21 A3006 RMK AO2 SLP184 T02560206
CLT,2023-07-05 13:52,10.00,19000.00,KCLT 051352Z 22003KT 10SM BKN190 BKN250 27/21 A3006 RMK AO2 SLP184 T02670206
CLT,2023-07-05 14:52,10.00,17000.00,KCLT 051452Z 27003KT 10SM BKN170 BKN250 28/20 A3006 RMK AO2 SLP183 T02780200 50003
CLT,2023-07-05 15:52,10.00,12000.00,KCLT 051552Z 28005KT 10SM FEW120 BKN160 BKN250 29/22 A3007 RMK AO2 SLP185 T02890217
CLT,2023-07-05 16:52,9.00,13000.00,KCLT 051652Z 27004KT 9SM BKN130 BKN250 29/22 A3006 RMK AO2 SLP183 T02940222
CLT,2023-07-05 17:52,9.00,3500.00,KCLT 051752Z 26004KT 9SM FEW035 FEW110 BKN140 BKN250 30/22 A3005 RMK AO2 SLP178 T03000222 10306 20239 58005
CLT,2023-07-05 18:52,10.00,4000.00,KCLT 051852Z 28005KT 10SM FEW040 SCT150 BKN250 32/22 A3002 RMK AO2 SLP170 T03170217
CLT,2023-07-05 19:52,10.00,4500.00,KCLT 051952Z VRB05KT 10SM FEW045 SCT150 BKN250 32/20 A2999 RMK AO2 SLP161 CB DSNT S T03220200
CLT,2023-07-05 20:52,10.00,4500.00,KCLT 052052Z 28006KT 10SM FEW045 BKN180 BKN250 32/20 A2999 RMK AO2 SLP159 T03170200 56019
CLT,2023-07-05 21:52,10.00,4700.00,KCLT 052152Z 31005KT 10SM FEW047 FEW160 BKN250 32/20 A2997 RMK AO2 SLP152 CB DSNT E T03220200
CLT,2023-07-05 22:52,10.00,4700.00,KCLT 052252Z 33006KT 10SM FEW047 FEW160 BKN250 31/21 A2995 RMK AO2 LTG DSNT SE SLP147 CB DSNT NE-SE T03110211
CLT,2023-07-05 23:52,10.00,4400.00,KCLT 052352Z COR 16008KT 10SM SCT044CB BKN160 OVC250 29/20 A2998 RMK AO2 LTG DSNT NE AND E SLP155 CB SE MOV NW CB DSNT NE-SE T02890200 10333 20289 55004
CLT,2023-07-06 00:52,10.00,3900.00,KCLT 060052Z 10012G15KT 10SM SCT039 BKN046CB OVC140 27/20 A3000 RMK AO2 SLP163 CB OHD-NE-SE MOV W T02670200
CLT,2023-07-06 01:52,10.00,3900.00,KCLT 060152Z 13013KT 10SM TS SCT039 BKN046CB OVC140 24/22 A3003 RMK AO2 TSE05B22 SLP175 OCNL LTGIC SW TS SW MOV NRLY STNRY T02440217 $
CLT,2023-07-06 02:52,3.00,600.00,KCLT 060252Z 14007KT 3SM TSRA BR FEW006 BKN042CB BKN075 OVC130 23/22 A3004 RMK AO2 RAB0155 SLP176 OCNL LTGIC SW TS SW MOV NW P0030 60030 T02330222 51020 $
CLT,2023-07-06 03:52,5.00,4500.00,KCLT 060352Z 20003KT 5SM VCTS -RA BR FEW045 FEW065 BKN130 23/22 A3003 RMK AO2 LTG DSNT SW-NW TSE06B21E49E52 SLP173 TS MOV W CB DSNT SW-NW P0004 T02330222 $
CLT,2023-07-06 04:52,6.00,500.00,KCLT 060452Z 29004KT 6SM -RA BR FEW005 FEW038 BKN120 BKN250 23/22 A3002 RMK AO2 LTG DSNT W AND NW RAE14B34 SLP168 P0001 T02330222 403330228 $
CLT,2023-07-06 05:52,6.00,10000.00,KCLT 060552Z 33003KT 6SM -RA BR BKN100 BKN120 BKN130 23/22 A3001 RMK AO2 RAE14B43 SLP166 P0001 60036 T02330222 10289 20233 57008 $
CLT,2023-07-06 06:52,8.00,1200.00,KCLT 060652Z 35003KT 8SM BKN012 23/22 A3000 RMK AO2 RAE15B39E50 SLP162 P0000 T02280217 $
CLT,2023-07-06 07:52,9.00,1000.00,KCLT 060752Z 00000KT 9SM FEW010 SCT019 BKN100 23/21 A2998 RMK AO2 SLP155 T02280211 $
CLT,2023-07-06 08:52,6.00,500.00,KCLT 060852Z 34005KT 6SM BR FEW005 BKN010 BKN017 BKN140 23/22 A2997 RMK AO2 SLP153 60000 T02280217 56009 $
CLT,2023-07-06 09:52,10.00,700.00,KCLT 060952Z 32003KT 10SM OVC007 23/21 A2997 RMK AO2 SLP154 T02280211 $
CLT,2023-07-06 10:52,9.00,1300.00,KCLT 061052Z 35003KT 9SM BKN013 23/21 A2997 RMK AO2 SLP153 T02280211 $
CLT,2023-07-06 11:52,10.00,1300.00,KCLT 061152Z 00000KT 10SM BKN013 24/21 A2998 RMK AO2 SLP157 60000 70036 T02390211 10239 20228 53004
CLT,2023-07-06 12:52,9.00,1300.00,KCLT 061252Z 28003KT 9SM SCT013 25/21 A2999 RMK AO2 SLP162 T02500211
CLT,2023-07-06 13:52,10.00,1200.00,KCLT 061352Z 00000KT 10SM SCT012 SCT250 27/21 A2999 RMK AO2 SLP159 T02670211
CLT,2023-07-06 14:52,10.00,1200.00,KCLT 061452Z 28005KT 10SM FEW012 SCT095 SCT250 28/21 A2999 RMK AO2 SLP159 T02830211 51002
CLT,2023-07-06 15:52,10.00,1500.00,KCLT 061552Z VRB03KT 10SM FEW015 SCT100 SCT250 29/21 A2998 RMK AO2 SLP158 T02890211
CLT,2023-07-06 16:52,10.00,3700.00,KCLT 061652Z 00000KT 10SM FEW037 SCT046 SCT070 BKN250 31/22 A2996 RMK AO2 SLP151 T03060217
CLT,2023-07-06 17:52,10.00,3900.00,KCLT 061752Z 17003KT 10SM SCT039 BKN049 BKN250 30/21 A2994 RMK AO2 SLP143 T03000211 10311 20239 58015
CLT,2023-07-06 18:52,10.00,4900.00,KCLT 061852Z VRB05KT 10SM SCT049 BKN250 32/20 A2992 RMK AO2 SLP136 T03170200
CLT,2023-07-06 19:52,10.00,4600.00,KCLT 061952Z 25004KT 10SM SCT046TCU SCT250 32/21 A2991 RMK AO2 SLP132 TCU SE AND DSNT N AND S T03220206
CLT,2023-07-06 20:52,10.00,4600.00,KCLT 062052Z 26004KT 10SM SCT046TCU SCT250 32/21 A2989 RMK AO2 SLP125 TCU SE AND DSNT N AND S T03220206 58017
CLT,2023-07-06 21:52,10.00,4800.00,KCLT 062152Z 25004KT 10SM SCT048 SCT150 33/21 A2988 RMK AO2 SLP122 CB DSNT NE AND S T03280206
CLT,2023-07-06 22:52,10.00,5000.00,KCLT 062252Z 26005KT 10SM SCT050 SCT150 32/21 A2988 RMK AO2 SLP121 CB DSNT NE AND S T03170206
CLT,2023-07-06 23:52,10.00,5500.00,KCLT 062352Z 26005KT 10SM FEW055 FEW150 SCT250 31/21 A2988 RMK AO2 LTG DSNT E SLP123 CB DSNT E T03060211 10333 20306 55002
CLT,2023-07-07 00:52,10.00,5500.00,KCLT 070052Z AUTO 27003KT 10SM FEW055 SCT150 SCT250 29/21 A2988 RMK AO2 SLP123 TCU DSNT SE T02940211
CLT,2023-07-07 01:52,10.00,21000.00,KCLT 070152Z 24004KT 10SM FEW210 28/21 A2990 RMK AO2 SLP129 T02830211
CLT,2023-07-07 02:52,10.00,21000.00,KCLT 070252Z 22004KT 10SM FEW210 27/22 A2991 RMK AO2 SLP133 T02720217 53010
CLT,2023-07-07 03:52,10.00,15000.00,KCLT 070352Z 23003KT 10SM FEW150 27/22 A2992 RMK AO2 SLP136 T02670222
CLT,2023-07-07 04:52,10.00,25000.00,KCLT 070452Z 00000KT 10SM FEW250 26/22 A2991 RMK AO2 SLP132 T02560222 403330228
CLT,2023-07-07 05:52,10.00,25000.00,KCLT 070552Z 00000KT 10SM FEW250 24/22 A2989 RMK AO2 SLP126 T02440222 10306 20244 58007
CLT,2023-07-07 06:52,8.00,M,KCLT 070652Z 28005KT 8SM CLR 24/23 A2989 RMK AO2 SLP124 T02440228
CLT,2023-07-07 07:52,9.00,25000.00,KCLT 070752Z 00000KT 9SM FEW250 24/22 A2989 RMK AO2 SLP124 T02390217
CLT,2023-07-07 08:52,9.00,M,KCLT 070852Z 00000KT 9SM CLR 24/21 A2988 RMK AO2 SLP121 T02390211 57005
CLT,2023-07-07 09:52,8.00,25000.00,KCLT 070952Z 33003KT 8SM FEW250 23/21 A2989 RMK AO2 SLP127 T02280211
CLT,2023-07-07 10:52,8.00,25000.00,KCLT 071052Z 35003KT 8SM SCT250 23/21 A2990 RMK AO2 SLP129 T02330211
CLT,2023-07-07 11:52,10.00,20000.00,KCLT 071152Z 36005KT 10SM FEW200 SCT250 25/21 A2992 RMK AO2 SLP134 T02500206 10256 20228 51012
CLT,2023-07-07 12:52,9.00,20000.00,KCLT 071252Z 33003KT 9SM FEW200 FEW250 28/21 A2992 RMK AO2 SLP137 T02780206
CLT,2023-07-07 13:52,10.00,25000.00,KCLT 071352Z 36006KT 10SM FEW250 30/20 A2991 RMK AO2 SLP134 T03000200
CLT,2023-07-07 14:52,10.00,25000.00,KCLT 071452Z VRB03KT 10SM FEW250 31/19 A2991 RMK AO2 SLP132 T03060194 58002
CLT,2023-07-07 15:52,10.00,4500.00,KCLT 071552Z 11006KT 10SM FEW045 FEW250 31/19 A2991 RMK AO2 SLP132 T03110194
CLT,2023-07-07 16:52,10.00,4700.00,KCLT 071652Z 00000KT 10SM SCT047 SCT250 32/20 A2991 RMK AO2 SLP131 T03170200
CLT,2023-07-07 17:52,10.00,5500.00,KCLT 071752Z 27004KT 10SM SCT055 BKN250 33/20 A2989 RMK AO2 SLP126 T03330200 10333 20250 58006
CLT,2023-07-07 18:52,10.00,5500.00,KCLT 071852Z VRB06KT 10SM SCT055TCU BKN250 34/20 A2987 RMK AO2 LTG DSNT S SLP119 TCU SE-S AND DSNT E AND NW T03440200
CLT,2023-07-07 19:52,10.00,5500.00,KCLT 071952Z 25005KT 10SM SCT055TCU SCT250 34/20 A2985 RMK AO2 LTG DSNT NW SLP112 TCU SE-S AND DSNT N-E AND SW-NW T03440200
CLT,2023-07-07 20:52,10.00,6000.00,KCLT 072052Z 36006KT 10SM SCT060TCU SCT120 BKN250 33/19 A2985 RMK AO2 LTG DSNT SE-W SLP111 CB DSNT NE AND SE-S TCU E AND W T03330194 56014
CLT,2023-07-07 21:52,10.00,6000.00,KCLT 072152Z 35008KT 10SM SCT060TCU SCT160 BKN250 32/19 A2984 RMK AO2 LTG DSNT E-SW SLP108 CB DSNT E-S TCU NE T03170189
CLT,2023-07-07 22:52,10.00,5000.00,KCLT 072252Z 19010KT 10SM SCT050TCU SCT075 BKN170 BKN250 29/21 A2987 RMK AO2 LTG DSNT E-SW TSB00E24 SLP119 TS DSIPTD CB DSNT SE-SW TCU E T02940206
CLT,2023-07-07 23:52,10.00,5500.00,KCLT 072352Z 26003KT 10SM FEW055 FEW080 SCT170 BKN250 27/19 A2986 RMK AO2 SLP117 CB DSNT S TCU DSNT E T02670194 10350 20267 52005
CLT,2023-07-08 00:52,10.00,5000.00,KCLT 080052Z 29003KT 10SM FEW050 FEW110 SCT170 BKN240 26/19 A2988 RMK AO2 SLP122 TCU DSNT NE AND NW T02610189
CLT,2023-07-08 01:52,10.00,5000.00,KCLT 080152Z 00000KT 10SM FEW050 FEW120 BKN220 26/20 A2988 RMK AO2 SLP123 T02610200
CLT,2023-07-08 02:52,10.00,14000.00,KCLT 080252Z 00000KT 10SM SCT140 BKN220 26/21 A2990 RMK AO2 SLP130 T02560206 53014
CLT,2023-07-08 03:52,10.00,6000.00,KCLT 080352Z 00000KT 10SM FEW060 FEW140 SCT250 25/21 A2991 RMK AO2 SLP131 T02500206
CLT,2023-07-08 04:52,10.00,14000.00,KCLT 080452Z 24004KT 10SM FEW140 FEW250 24/21 A2990 RMK AO2 SLP129 T02440206 403500228
CLT,2023-07-08 05:52,10.00,25000.00,KCLT 080552Z 34004KT 10SM FEW250 23/21 A2988 RMK AO2 SLP123 T02330206 10267 20233 58007
CLT,2023-07-08 06:52,10.00,25000.00,KCLT 080652Z 00000KT 10SM FEW250 23/21 A2988 RMK AO2 SLP120 T02330211
CLT,2023-07-08 07:52,10.00,15000.00,KCLT 080752Z 13004KT 10SM FEW150 23/21 A2988 RMK AO2 SLP123 T02330211
CLT,2023-07-08 08:52,10.00,25000.00,KCLT 080852Z 21003KT 10SM FEW250 23/21 A2987 RMK AO2 SLP120 T02280211 57004
CLT,2023-07-08 09:52,10.00,20000.00,KCLT 080952Z 00000KT 10SM SCT200 23/21 A2988 RMK AO2 SLP122 T02280211
CLT,2023-07-08 10:52,9.00,15000.00,KCLT 081052Z 34003KT 9SM FEW150 BKN250 23/21 A2987 RMK AO2 SLP121 T02280211
CLT,2023-07-08 11:52,9.00,15000.00,KCLT 081152Z 00000KT 9SM FEW150 BKN250 24/22 A2989 RMK AO2 SLP126 T02440217 10244 20228 53005
CLT,2023-07-08 12:52,10.00,20000.00,KCLT 081252Z 27004KT 10SM FEW200 BKN250 27/22 A2991 RMK AO2 SLP132 T02670222
CLT,2023-07-08 13:52,10.00,11000.00,KCLT 081352Z 31003KT 10SM FEW110 BKN250 28/21 A2992 RMK AO2 SLP134 T02830211
CLT,2023-07-08 14:52,10.00,9500.00,KCLT 081452Z 00000KT 10SM SCT095 BKN250 29/22 A2990 RMK AO2 SLP129 T02940217 50004
CLT,2023-07-08 15:52,10.00,4000.00,KCLT 081552Z VRB03KT 10SM FEW040 FEW095 BKN250 31/21 A2990 RMK AO2 SLP127 T03110206
CLT,2023-07-08 16:52,10.00,4000.00,KCLT 081652Z 00000KT 10SM SCT040TCU SCT080 BKN250 30/22 A2989 RMK AO2 SLP124 TCU ALQDS T03000217
CLT,2023-07-08 17:52,6.00,4400.00,KCLT 081752Z 11016G23KT 6SM TS HZ SCT044CB BKN080 BKN250 26/19 A2988 RMK AO2 LTG DSNT NE-SE TSB1653 SLP122 CONS LTGICCG E-SE TS E-SE MOV E TCU ALQDS T02610194 10322 20244 58008
CLT,2023-07-08 18:52,10.00,3700.00,KCLT 081852Z 11009KT 10SM SCT037TCU BKN080 BKN250 27/21 A2987 RMK AO2 LTG DSNT NE-SE RAB05E21 TSE19 SLP118 TCU ALQDS TS MOV E P0006 T02720211
CLT,2023-07-08 19:52,10.00,4000.00,KCLT 081952Z VRB04KT 10SM FEW040 FEW080 SCT250 31/22 A2983 RMK AO2 SLP105 CB DSNT E T03060217
CLT,2023-07-08 20:52,10.00,4500.00,KCLT 082052Z 11004KT 10SM FEW045 FEW080 SCT250 32/22 A2981 RMK AO2 SLP099 CB DSNT E-SE 60006 T03170217 58021
CLT,2023-07-08 21:52,10.00,4200.00,KCLT 082152Z 10SM SCT042 SCT085 BKN250 33/22 A2982 RMK AO2 SLP101 CB DSNT SE TCU DSNT NE AND NW T03280217
CLT,2023-07-08 22:52,10.00,5500.00,KCLT 082252Z 11006KT 10SM SCT055 SCT090 BKN250 31/21 A2981 RMK AO2 SLP097 CB DSNT S TCU DSNT NE T03110211
CLT,2023-07-08 23:52,10.00,5500.00,KCLT 082352Z 11009KT 10SM SCT055 BKN250 29/22 A2982 RMK AO2 LTG DSNT SW SLP102 CB DSNT N AND S 60006 T02940217 10333 20244 53003
CLT,2023-07-09 00:52,10.00,6000.00,KCLT 090052Z 13007KT 10SM FEW060 BKN250 28/23 A2984 RMK AO2 LTG DSNT S SLP109 CB DSNT N AND S T02780228
CLT,2023-07-09 01:52,10.00,6000.00,KCLT 090152Z 16007KT 10SM FEW060 SCT250 27/22 A2986 RMK AO2 SLP116 T02670222
CLT,2023-07-09 02:52,10.00,6500.00,KCLT 090252Z 19006KT 10SM FEW065 SCT250 26/21 A2987 RMK AO2 SLP118 T02610206 51015
CLT,2023-07-09 03:52,10.00,7000.00,KCLT 090352Z 19003KT 10SM FEW070 SCT250 24/19 A2986 RMK AO2 SLP114 T02440194
CLT,2023-07-09 04:52,10.00,7000.00,KCLT 090452Z 22003KT 10SM FEW070 BKN250 24/20 A2985 RMK AO2 SLP112 T02390200 403330228
CLT,2023-07-09 05:52,10.00,7000.00,KCLT 090552Z 00000KT 10SM FEW070 BKN250 23/21 A2984 RMK AO2 SLP111 OCNL LTG DSNT N CB DSNT N T02330206 10294 20228 56008
CLT,2023-07-09 06:52,10.00,15000.00,KCLT 090652Z 00000KT 10SM FEW150 SCT250 23/20 A2984 RMK AO2 SLP109 T02330200
CLT,2023-07-09 07:52,10.00,24000.00,KCLT 090752Z 16003KT 10SM BKN240 23/20 A2984 RMK AO2 SLP107 T02330200
CLT,2023-07-09 08:52,10.00,23000.00,KCLT 090852Z 14003KT 10SM BKN230 23/20 A2982 RMK AO2 SLP102 T02280200 58008
CLT,2023-07-09 09:52,10.00,21000.00,KCLT 090952Z 13003KT 10SM BKN210 23/20 A2983 RMK AO2 SLP104 T02280200
CLT,2023-07-09 10:52,10.00,17000.00,KCLT 091052Z 13003KT 10SM FEW170 BKN210 23/20 A2982 RMK AO2 SLP103 T02280200
CLT,2023-07-09 11:52,10.00,10000.00,KCLT 091152Z 00000KT 10SM SCT100 BKN210 23/20 A2984 RMK AO2 SLP109 70006 T02330200 10239 20228 53007
CLT,2023-07-09 12:52,10.00,8500.00,KCLT 091252Z 19004KT 10SM FEW085 BKN160 BKN250 25/21 A2984 RMK AO2 SLP108 T02500206
CLT,2023-07-09 13:52,10.00,3000.00,KCLT 091352Z 21004KT 10SM FEW030 FEW065 BKN140 BKN250 25/21 A2984 RMK AO2 SLP108 TCU DSNT NW-N T02500211
CLT,2023-07-09 14:52,10.00,2500.00,KCLT 091452Z 25007KT 10SM FEW025 FEW060 SCT160 SCT250 28/22 A2984 RMK AO2 SLP108 CB DSNT N-NE T02780217 55001
CLT,2023-07-09 15:52,10.00,2300.00,KCLT 091552Z 26007KT 10SM SCT023 BKN030TCU BKN250 29/22 A2985 RMK AO2 SLP112 TCU NW-N T02940222
CLT,2023-07-09 16:52,10.00,2500.00,KCLT 091652Z 34010G18KT 10SM TS FEW025 BKN035CB BKN060 OVC250 25/21 A2987 RMK AO2 WSHFT 1613 RAB19RAEMM TSB22E23B25 SLP119 OCNL LTGICCC E-SE TS E-SE MOV E P0005 T02500206 $
CLT,2023-07-09 17:52,10.00,2000.00,KCLT 091752Z 34009KT 10SM FEW020 FEW050 SCT250 28/21 A2985 RMK AO2 TSE1659 SLP112 TS MOV E TCU DSNT SE-S 60005 T02780211 10300 20233 50003 $
CLT,2023-07-09 18:52,10.00,3500.00,KCLT 091852Z 35008KT 10SM FEW035 FEW065 SCT250 29/21 A2982 RMK AO2 SLP102 TCU DSNT S T02940206 $
CLT,2023-07-09 19:52,10.00,4000.00,KCLT 091952Z VRB06KT 10SM FEW040 FEW070 SCT250 31/21 A2983 RMK AO2 SLP103 CB DSNT SE T03060206 $
CLT,2023-07-09 20:52,10.00,4000.00,KCLT 092052Z 35007KT 10SM FEW040 FEW075 SCT250 32/20 A2982 RMK AO2 SLP100 CB DSNT SE-SW T03170200 56010 $
CLT,2023-07-09 21:52,10.00,4500.00,KCLT 092152Z 00000KT 10SM FEW045 SCT250 32/21 A2981 RMK AO2 SLP099 CB DSNT SW TCU DSNT S T03170206 $
CLT,2023-07-09 22:52,10.00,4500.00,KCLT 092252Z 24005KT 10SM FEW045 FEW065 BKN250 30/19 A2982 RMK AO2 SLP100 CB DSNT S AND W TCU DSNT NE AND NW T03000194 $
CLT,2023-07-09 23:52,10.00,4800.00,KCLT 092352Z 23005KT 10SM FEW048 SCT070 BKN250 29/21 A2982 RMK AO2 SLP103 CB DSNT NE AND SW-W T02940206 10317 20278 53003 $
CLT,2023-07-10 00:52,10.00,5000.00,KCLT 100052Z 27005KT 10SM FEW050 FEW075 BKN250 27/20 A2985 RMK AO2 SLP112 TCU DSNT SW T02670200 $
CLT,2023-07-10 01:52,10.00,7000.00,KCLT 100152Z 25004KT 10SM SCT070 BKN080 BKN250 27/19 A2987 RMK AO2 SLP118 T02670194 $
CLT,2023-07-10 02:52,10.00,7500.00,KCLT 100252Z 25005KT 10SM SCT075 BKN210 26/19 A2989 RMK AO2 LTG DSNT SE SLP124 T02560194 51021 $
CLT,2023-07-10 03:52,10.00,7500.00,KCLT 100352Z 22003KT 10SM FEW075 FEW120 BKN250 25/21 A2989 RMK AO2 SLP124 T02500206 $
CLT,2023-07-10 04:52,10.00,5500.00,KCLT 100452Z 23004KT 10SM FEW055 SCT075 SCT160 BKN250 24/21 A2987 RMK AO2 SLP121 T02440206 403170228 $
CLT,2023-07-10 05:52,10.00,5000.00,KCLT 100552Z 28004KT 10SM SCT050 SCT075 BKN130 24/21 A2987 RMK AO2 SLP119 T02390211 10294 20239 58006 $
CLT,2023-07-10 06:52,10.00,7000.00,KCLT 100652Z 34003KT 10SM FEW070 FEW120 OVC230 23/21 A2985 RMK AO2 SLP113 T02330211 $
CLT,2023-07-10 07:52,10.00,6500.00,KCLT 100752Z 32005KT 10SM -RA FEW065 BKN110 OVC160 24/20 A2986 RMK AO2 RAB45 SLP115 P0000 T02390200 $
CLT,2023-07-10 08:52,10.00,4500.00,KCLT 100852Z 29003KT 10SM FEW045 SCT100 OVC150 23/19 A2987 RMK AO2 RAE20B39E51 SLP117 P0000 60000 T02330194 55001 $
CLT,2023-07-10 09:52,10.00,5000.00,KCLT 100952Z 35006KT 10SM FEW050 SCT095 OVC140 23/19 A2988 RMK AO2 RAB26E46 SLP121 P0000 T02280189 $
CLT,2023-07-10 10:52,10.00,4000.00,KCLT 101052Z 35005KT 10SM SCT040 SCT065 BKN110 OVC150 23/19 A2989 RMK AO2 RAB43E51 SLP125 P0000 T02280189 $
CLT,2023-07-10 11:52,10.00,5000.00,KCLT 101152Z 00000KT 10SM FEW050 BKN095 BKN120 OVC150 23/19 A2991 RMK AO2 RAB17E37 SLP133 P0000 60000 70005 T02280194 10239 20228 53015
CLT,2023-07-10 12:52,10.00,5500.00,KCLT 101252Z 00000KT 10SM FEW055 BKN085 BKN110 OVC250 24/19 A2992 RMK AO2 SLP137 VIRGA N-NE T02390194
CLT,2023-07-10 13:52,10.00,5500.00,KCLT 101352Z 18003KT 10SM FEW055 BKN110 OVC250 24/19 A2992 RMK AO2 RAB17E27 SLP137 P0000 T02390194
CLT,2023-07-10 14:52,10.00,5500.00,KCLT 101452Z 00000KT 10SM SCT055 BKN070 BKN110 BKN250 25/20 A2993 RMK AO2 SLP140 60000 T02500200 51006
CLT,2023-07-10 15:52,10.00,2500.00,KCLT 101552Z VRB03KT 10SM FEW025 SCT080 BKN120 BKN250 26/18 A2994 RMK AO2 SLP144 T02610178
CLT,2023-07-10 16:52,10.00,3800.00,KCLT 101652Z 12007KT 10SM FEW038 SCT080 SCT120 BKN250 28/18 A2993 RMK AO2 SLP138 T02830178
CLT,2023-07-10 17:52,10.00,3800.00,KCLT 101752Z 04007KT 10SM SCT038 SCT100 BKN250 29/17 A2991 RMK AO2 SLP132 60000 T02940167 10294 20228 58006
CLT,2023-07-10 18:52,10.00,3800.00,KCLT 101852Z VRB03KT 10SM SCT038 BKN050 BKN250 29/16 A2990 RMK AO2 SLP129 T02890161
CLT,2023-07-10 19:52,10.00,4000.00,KCLT 101952Z 14006KT 10SM SCT040 BKN065 BKN090 28/18 A2990 RMK AO2 SLP131 T02830178
CLT,2023-07-10 20:52,10.00,4500.00,KCLT 102052Z 00000KT 10SM SCT045 SCT065 29/17 A2990 RMK AO2 SLP129 TCU DSNT SE T02890172 56004
CLT,2023-07-10 21:52,10.00,5000.00,KCLT 102152Z VRB03KT 10SM SCT050 SCT080 29/17 A2990 RMK AO2 SLP128 T02940172
CLT,2023-07-10 22:52,10.00,4900.00,KCLT 102252Z 00000KT 10SM FEW049 FEW075 29/17 A2990 RMK AO2 SLP129 T02940172
CLT,2023-07-10 23:52,10.00,5000.00,KCLT 102352Z 18004KT 10SM FEW050 FEW080 SCT250 28/18 A2991 RMK AO2 SLP134 TCU DSNT NW T02830178 10300 20272 53006
CLT,2023-07-11 00:52,10.00,4900.00,KCLT 110052Z 17004KT 10SM FEW049 FEW090 SCT250 26/19 A2992 RMK AO2 SLP138 TCU DSNT NW T02610194
CLT,2023-07-11 01:52,10.00,9000.00,KCLT 110152Z 19004KT 10SM FEW090 FEW250 25/19 A2995 RMK AO2 SLP146 T02500194
CLT,2023-07-11 02:52,10.00,4000.00,KCLT 110252Z 21003KT 10SM FEW040 FEW065 24/19 A2996 RMK AO2 SLP151 T02440189 53016
CLT,2023-07-11 03:52,10.00,M,KCLT 110352Z 26004KT 10SM CLR 23/19 A2996 RMK AO2 SLP150 T02330194
CLT,2023-07-11 04:52,10.00,M,KCLT 110452Z 27003KT 10SM CLR 23/20 A2996 RMK AO2 SLP152 T02280200 403000228
CLT,2023-07-11 05:52,10.00,M,KCLT 110552Z 30003KT 10SM CLR 22/20 A2995 RMK AO2 SLP148 T02220200 10283 20222 58002
CLT,2023-07-11 06:52,10.00,5000.00,KCLT 110652Z 00000KT 10SM FEW050 SCT060 22/20 A2996 RMK AO2 SLP149 T02220200
CLT,2023-07-11 07:52,10.00,6000.00,KCLT 110752Z 28004KT 10SM BKN060 22/20 A2996 RMK AO2 SLP150 T02170200
CLT,2023-07-11 08:52,10.00,6000.00,KCLT 110852Z 33003KT 10SM BKN060 22/20 A2997 RMK AO2 SLP154 T02170200 53006
CLT,2023-07-11 09:52,10.00,6000.00,KCLT 110952Z 33004KT 10SM FEW060 21/19 A2999 RMK AO2 SLP160 T02110189
CLT,2023-07-11 10:52,10.00,5000.00,KCLT 111052Z 34004KT 10SM FEW050 21/18 A3000 RMK AO2 SLP163 T02110183
CLT,2023-07-11 11:52,10.00,5000.00,KCLT 111152Z 01004KT 10SM FEW050 FEW070 23/17 A3001 RMK AO2 SLP168 T02330172 10233 20206 51014
CLT,2023-07-11 12:52,10.00,5000.00,KCLT 111252Z 02006KT 10SM SCT050 SCT070 24/16 A3002 RMK AO2 SLP171 T02440156 $
CLT,2023-07-11 13:52,10.00,5000.00,KCLT 111352Z 06008KT 10SM SCT050 BKN065 27/15 A3003 RMK AO2 SLP174 T02670150
CLT,2023-07-11 14:52,10.00,5000.00,KCLT 111452Z VRB05KT 10SM FEW050 BKN070 28/14 A3004 RMK AO2 SLP176 T02780139
CLT,2023-07-11 15:52,10.00,4400.00,KCLT 111552Z 00000KT 10SM SCT044 SCT060 29/14 A3004 RMK AO2 SLP176 T02890144
CLT,2023-07-11 16:52,10.00,4700.00,KCLT 111652Z 19003KT 10SM BKN047 BKN070 29/16 A3002 RMK AO2 SLP172 T02890161
CLT,2023-07-11 17:52,10.00,4600.00,KCLT 111752Z 25006KT 10SM SCT046 BKN060 31/18 A3002 RMK AO2 SLP170 T03060183 10306 20233 58005
CLT,2023-07-11 18:52,10.00,4800.00,KCLT 111852Z 25006KT 10SM SCT048 SCT060 31/18 A3000 RMK AO2 SLP164 T03110183
CLT,2023-07-11 19:52,10.00,4900.00,KCLT 111952Z 27007KT 10SM SCT049 32/18 A2999 RMK AO2 SLP160 T03220183
CLT,2023-07-11 20:52,10.00,4900.00,KCLT 112052Z 26007KT 10SM SCT049 32/18 A2999 RMK AO2 SLP158 T03220183 56012
CLT,2023-07-11 21:52,10.00,4900.00,KCLT 112152Z COR VRB04KT 10SM FEW049 32/18 A2997 RMK AO2 SLP152 TCU DSNT S T03170178
CLT,2023-07-11 22:52,10.00,5500.00,KCLT 112252Z 27004KT 10SM SCT055 31/18 A2997 RMK AO2 SLP155 TCU DSNT S T03060183
CLT,2023-07-11 23:52,10.00,6000.00,KCLT 112352Z 00000KT 10SM SCT060 30/18 A2998 RMK AO2 SLP156 TCU DSNT SE-S T03000183 10328 20294 55002
CLT,2023-07-12 00:52,10.00,6000.00,KCLT 120052Z COR 00000KT 10SM FEW060 29/19 A2999 RMK AO2 SLP158 CB DSNT SE T02890194
CLT,2023-07-12 01:52,10.00,5500.00,KCLT 120152Z 14004KT 10SM FEW055 28/19 A3000 RMK AO2 SLP162 TCU DSNT SE-S T02780194
CLT,2023-07-12 02:52,10.00,5500.00,KCLT 120252Z 13005KT 10SM FEW055 27/21 A3002 RMK AO2 SLP168 T02670206 53012
CLT,2023-07-12 03:52,10.00,4700.00,KCLT 120352Z 00000KT 10SM BKN047 OVC055 26/21 A3002 RMK AO2 SLP170 T02610206
CLT,2023-07-12 04:52,10.00,5500.00,KCLT 120452Z 23004KT 10SM FEW055 FEW080 25/21 A3002 RMK AO2 SLP171 T02500206 403280206
CLT,2023-07-12 05:52,10.00,5500.00,KCLT 120552Z 00000KT 10SM FEW055 24/21 A3002 RMK AO2 SLP169 T02440206 10306 20244 50001
CLT,2023-07-12 06:52,10.00,5500.00,KCLT 120652Z 00000KT 10SM FEW055 24/20 A3001 RMK AO2 SLP166 T02390200
CLT,2023-07-12 07:52,10.00,M,KCLT 120752Z 00000KT 10SM CLR 22/18 A3001 RMK AO2 SLP165 T02220183
CLT,2023-07-12 08:52,10.00,M,KCLT 120852Z 00000KT 10SM CLR 22/18 A3001 RMK AO2 SLP166 T02220178 55003
CLT,2023-07-12 09:52,10.00,M,KCLT 120952Z 00000KT 10SM CLR 21/18 A3002 RMK AO2 SLP171 T02060178
CLT,2023-07-12 10:52,8.00,25000.00,KCLT 121052Z 00000KT 8SM FEW250 22/18 A3003 RMK AO2 SLP175 T02170183
CLT,2023-07-12 11:52,8.00,6500.00,KCLT 121152Z 00000KT 8SM FEW065 FEW250 24/19 A3004 RMK AO2 SLP178 T02440189 10244 20200 51012
CLT,2023-07-12 12:52,10.00,6500.00,KCLT 121252Z 00000KT 10SM FEW065 27/17 A3005 RMK AO2 SLP181 T02670172
CLT,2023-07-12 13:52,10.00,6500.00,KCLT 121352Z 20004KT 10SM FEW065 28/18 A3006 RMK AO2 SLP182 T02780183
CLT,2023-07-12 14:52,10.00,6500.00,KCLT 121452Z 22004KT 10SM FEW065 29/18 A3005 RMK AO2 SLP181 T02940178 50003
CLT,2023-07-12 15:52,10.00,5000.00,KCLT 121552Z 22007KT 10SM FEW050 31/17 A3006 RMK AO2 SLP184 T03060172
CLT,2023-07-12 16:52,10.00,5500.00,KCLT 121652Z 26010G15KT 10SM SCT055 32/16 A3005 RMK AO2 SLP180 T03220161
CLT,2023-07-12 17:52,10.00,5500.00,KCLT 121752Z 18007KT 10SM SCT055 SCT070 32/16 A3004 RMK AO2 SLP176 T03170161 10328 20239 58004
CLT,2023-07-12 18:52,10.00,6000.00,KCLT 121852Z 20005KT 10SM SCT060 SCT250 32/17 A3002 RMK AO2 SLP169 T03220172
CLT,2023-07-12 19:52,10.00,6500.00,KCLT 121952Z 22010KT 10SM SCT065 SCT250 33/16 A3000 RMK AO2 SLP164 T03330156
CLT,2023-07-12 20:52,10.00,6500.00,KCLT 122052Z 23006KT 10SM R18C/4500VP6000FT SCT065 SCT250 33/16 A2999 RMK AO2 SLP158 T03280161 56018
CLT,2023-07-12 21:52,10.00,7000.00,KCLT 122152Z 26008KT 10SM FEW070 SCT250 33/16 A2998 RMK AO2 SLP154 T03330161
CLT,2023-07-12 22:52,10.00,7000.00,KCLT 122252Z 23006KT 10SM FEW070 FEW250 33/16 A2996 RMK AO2 SLP151 T03280156
CLT,2023-07-12 23:52,10.00,7000.00,KCLT 122352Z 27004KT 10SM FEW070 FEW250 31/17 A2997 RMK AO2 SLP151 T03110172 10339 20311 55007
CLT,2023-07-13 00:52,10.00,6500.00,KCLT 130052Z 26003KT 10SM FEW065 FEW250 29/18 A2998 RMK AO2 SLP155 T02890183
CLT,2023-07-13 01:52,10.00,25000.00,KCLT 130152Z 22004KT 10SM FEW250 28/19 A2999 RMK AO2 SLP160 T02780189
CLT,2023-07-13 02:52,10.00,M,KCLT 130252Z 20004KT 10SM CLR 27/19 A2999 RMK AO2 SLP161 T02670189 51009
CLT,2023-07-13 03:52,10.00,25000.00,KCLT 130352Z 18004KT 10SM FEW250 26/18 A2999 RMK AO2 SLP159 T02610183
CLT,2023-07-13 04:52,10.00,25000.00,KCLT 130452Z 18007KT 10SM FEW250 25/20 A2998 RMK AO2 SLP155 T02500200 403390200
CLT,2023-07-13 05:52,10.00,M,KCLT 130552Z 20004KT 10SM CLR 24/21 A2997 RMK AO2 SLP152 T02390206 10311 20239 57008
CLT,2023-07-13 06:52,10.00,M,KCLT 130652Z 18004KT 10SM CLR 24/21 A2996 RMK AO2 SLP149 T02390206
CLT,2023-07-13 07:52,10.00,M,KCLT 130752Z 20004KT 10SM CLR 23/21 A2996 RMK AO2 SLP148 T02330211
CLT,2023-07-13 08:52,10.00,6000.00,KCLT 130852Z 18003KT 10SM FEW060 FEW250 23/21 A2996 RMK AO2 SLP148 T02330211 55004
CLT,2023-07-13 09:52,10.00,6500.00,KCLT 130952Z 00000KT 10SM FEW065 FEW250 23/21 A2997 RMK AO2 SLP153 T02280206
CLT,2023-07-13 10:52,7.00,7000.00,KCLT 131052Z 28003KT 7SM SCT070 SCT250 23/21 A3000 RMK AO2 SLP161 T02280211
CLT,2023-07-13 11:52,9.00,7000.00,KCLT 131152Z VRB03KT 9SM FEW070 BKN250 24/22 A3000 RMK AO2 SLP164 T02440217 10244 20217 51016
CLT,2023-07-13 12:52,10.00,7000.00,KCLT 131252Z 23006KT 10SM FEW070 BKN250 26/22 A3000 RMK AO2 SLP164 T02610217
CLT,2023-07-13 13:52,10.00,7000.00,KCLT 131352Z 20008KT 10SM FEW070 BKN250 28/21 A2998 RMK AO2 SLP156 T02830211
CLT,2023-07-13 14:52,10.00,25000.00,KCLT 131452Z 21006KT 10SM BKN250 31/22 A2997 RMK AO2 SLP153 T03060217 58010
CLT,2023-07-13 15:52,10.00,3500.00,KCLT 131552Z 22007KT 10SM FEW035 BKN250 32/22 A2998 RMK AO2 SLP156 T03170222
CLT,2023-07-13 16:52,10.00,4000.00,KCLT 131652Z VRB05KT 10SM SCT040 BKN250 33/22 A2996 RMK AO2 SLP150 T03330217
CLT,2023-07-13 17:52,10.00,4300.00,KCLT 131752Z 20006KT 10SM SCT043 BKN250 34/21 A2994 RMK AO2 SLP143 TCU DSNT SE AND NW T03390206 10344 20244 58010
CLT,2023-07-13 18:52,10.00,4500.00,KCLT 131852Z 22004KT 10SM FEW045 BKN250 34/20 A2992 RMK AO2 SLP135 TCU DSNT SE AND NW T03390200
CLT,2023-07-13 19:52,10.00,5000.00,KCLT 131952Z 22007KT 10SM FEW050 FEW080 BKN250 34/21 A2990 RMK AO2 SLP128 TCU DSNT SE-SW AND NW-N T03440206
CLT,2023-07-13 20:52,10.00,5000.00,KCLT 132052Z 22007KT 10SM FEW050 FEW110 BKN250 35/20 A2989 RMK AO2 SLP124 TCU DSNT S-SW AND W T03500200 56018
CLT,2023-07-13 21:52,10.00,5000.00,KCLT 132152Z 22007KT 10SM FEW050 FEW110 BKN250 34/21 A2989 RMK AO2 SLP123 CB DSNT S TCU DSNT E-SE T03390211
CLT,2023-07-13 22:52,10.00,5000.00,KCLT 132252Z 22007KT 10SM FEW050 FEW110 SCT180 BKN250 33/22 A2988 RMK AO2 LTG DSNT NW SLP123 CB DSNT S AND NW TCU DSNT E-SE T03280222
CLT,2023-07-13 23:52,10.00,4500.00,KCLT 132352Z 22005KT 10SM FEW045 BKN170 BKN250 32/22 A2990 RMK AO2 LTG DSNT N AND NE SLP129 CB DSNT NE MOV NE T03170222 10350 20317 53005
CLT,2023-07-14 00:52,10.00,4500.00,KCLT 140052Z 18005KT 10SM SCT045 SCT110 BKN180 BKN250 31/22 A2990 RMK AO2 LTG DSNT N AND NE SLP128 CB DSNT N AND NE AND W T03110222
CLT,2023-07-14 01:52,10.00,4500.00,KCLT 140152Z 16007KT 10SM FEW045 BKN150 BKN250 30/22 A2992 RMK AO2 LTG DSNT W AND NW SLP134 CB DSNT W-NW T03000217
CLT,2023-07-14 02:52,10.00,M,KCLT 140252Z 21005KT 10SM CLR 29/21 A2994 RMK AO2 LTG DSNT W AND NW PRESRR SLP141 T02890211 53012
CLT,2023-07-14 03:52,10.00,5000.00,KCLT 140352Z 19007KT 10SM FEW050 FEW080 SCT110 28/21 A2995 RMK AO2 LTG DSNT SW-N SLP145 CB DSNT SW-W MOV E T02830211
CLT,2023-07-14 04:52,2.00,2400.00,KCLT 140452Z 34008KT 2SM +TSRA BR BKN024 BKN046CB OVC140 23/22 A2999 RMK AO2 RAB01 TSB01 SLP159 FRQ LTGICCCCG W-N TS W-N MOV E P0018 T02330217 403500217
CLT,2023-07-14 05:52,9.00,4000.00,KCLT 140552Z 20006KT 9SM -RA FEW040 BKN095 BKN110 BKN140 23/22 A2993 RMK AO2 TSE42 SLP137 TS DSIPTD P0023 60041 T02280217 10311 20228 58008
CLT,2023-07-14 06:52,10.00,11000.00,KCLT 140652Z 22006KT 10SM FEW110 BKN140 23/22 A2991 RMK AO2 RAE06 SLP132 P0001 T02330217
CLT,2023-07-14 07:52,10.00,25000.00,KCLT 140752Z 15004KT 10SM FEW250 23/22 A2991 RMK AO2 SLP133 T02330217
CLT,2023-07-14 08:52,10.00,M,KCLT 140852Z 34006KT 10SM CLR 23/22 A2992 RMK AO2 SLP136 60001 T02330217 55002
CLT,2023-07-14 09:52,10.00,25000.00,KCLT 140952Z 33003KT 10SM FEW250 22/21 A2994 RMK AO2 SLP142 T02220206
CLT,2023-07-14 10:52,10.00,13000.00,KCLT 141052Z 34003KT 10SM FEW130 SCT250 22/21 A2995 RMK AO2 SLP146 T02220206
CLT,2023-07-14 11:52,10.00,1400.00,KCLT 141152Z 36003KT 10SM FEW014 SCT110 SCT130 BKN250 24/22 A2995 RMK AO2 SLP145 60001 70042 T02440217 10244 20217 50009
CLT,2023-07-14 12:52,10.00,1200.00,KCLT 141252Z 03003KT 10SM BKN012 BKN110 BKN250 26/22 A2995 RMK AO2 SLP146 T02560217
CLT,2023-07-14 13:52,9.00,1400.00,KCLT 141352Z 10004KT 9SM BKN014 BKN250 26/22 A2997 RMK AO2 SLP152 T02610222
CLT,2023-07-14 14:52,9.00,1400.00,KCLT 141452Z 00000KT 9SM BKN014 BKN100 BKN250 28/23 A2998 RMK AO2 SLP156 T02780228 53011
CLT,2023-07-14 15:52,10.00,1600.00,KCLT 141552Z 09003KT 10SM SCT016 SCT100 BKN250 29/23 A2998 RMK AO2 SLP156 T02890228
CLT,2023-07-14 16:52,10.00,2000.00,KCLT 141652Z 31007KT 10SM SCT020 SCT100 SCT250 31/23 A2997 RMK AO2 SLP152 T03060233
CLT,2023-07-14 17:52,10.00,2900.00,KCLT 141752Z VRB06KT 10SM FEW029TCU SCT100 BKN250 32/23 A2995 RMK AO2 SLP146 TCU SE-SW AND DSNT N-NE CB DSNT W-NW T03220233 10322 20244 58010
CLT,2023-07-14 18:52,10.00,3000.00,KCLT 141852Z 30006KT 10SM FEW030TCU SCT100 BKN250 33/23 A2994 RMK AO2 LTG DSNT E SLP141 TCU SE-W AND DSNT N-E CB DSNT NW-N T03280228
CLT,2023-07-14 19:52,10.00,4100.00,KCLT 141952Z 26004KT 10SM FEW041TCU SCT100 BKN250 34/22 A2991 RMK AO2 LTG DSNT SW AND W SLP131 TCU SE-W AND DSNT NW-N T03390222
CLT,2023-07-14 20:52,10.00,4200.00,KCLT 142052Z 28012G19KT 10SM FEW042TCU SCT110 BKN250 30/22 A2991 RMK AO2 LTG DSNT E-S SLP132 CB DSNT E-SE AND S TCU NW T03000222 56014
CLT,2023-07-14 21:52,10.00,4000.00,KCLT 142152Z 33004KT 10SM FEW040 SCT110 BKN250 33/22 A2990 RMK AO2 LTG DSNT E-S SLP128 CB DSNT E-S AND SW T03280217
CLT,2023-07-14 22:52,10.00,4000.00,KCLT 142252Z 13005KT 10SM FEW040 FEW060 SCT110 BKN250 32/23 A2992 RMK AO2 LTG DSNT S SLP134 CB DSNT NE AND SE-S TCU DSNT S T03170228
CLT,2023-07-14 23:52,10.00,5000.00,KCLT 142352Z COR 14009KT 10SM FEW050 SCT060 BKN25O 29/23 A2993 RMK AO2 LTG DSNT S CB DSNT NE AND S SLP139 T02940228 10339 20294 53007
CLT,2023-07-15 00:52,10.00,5000.00,KCLT 150052Z 14006KT 10SM SCT050 SCT110 BKN250 28/21 A2996 RMK AO2 SLP148 CB DSTN NE AND S TCU DSNT SE T02780211
CLT,2023-07-15 01:52,10.00,4700.00,KCLT 150152Z 19008KT 10SM BKN047 BKN060 27/21 A2999 RMK AO2 SLP158 T02670206
CLT,2023-07-15 02:52,10.00,4500.00,KCLT 150252Z 16008KT 10SM BKN045 BKN060 BKN080 26/22 A3000 RMK AO2 SLP163 T02560222 51024
CLT,2023-07-15 03:52,10.00,4500.00,KCLT 150352Z 15005KT 10SM BKN045 BKN080 24/22 A2999 RMK AO2 SLP159 T02440222
CLT,2023-07-15 04:52,10.00,4500.00,KCLT 150452Z 18003KT 10SM FEW045 SCT080 24/22 A2997 RMK AO2 SLP153 T02440217 403390217
CLT,2023-07-15 05:52,10.00,4500.00,KCLT 150552Z 22005KT 10SM FEW045 FEW080 24/22 A2994 RMK AO2 SLP143 T02390222 10294 20239 58020
CLT,2023-07-15 06:52,10.00,8000.00,KCLT 150652Z 04003KT 10SM FEW080 FEW250 23/22 A2994 RMK AO2 SLP143 T02280217
CLT,2023-07-15 07:52,10.00,25000.00,KCLT 150752Z 15003KT 10SM FEW250 23/22 A2995 RMK AO2 SLP144 T02330217
CLT,2023-07-15 08:52,10.00,3900.00,KCLT 150852Z 15003KT 10SM FEW039 FEW250 23/22 A2994 RMK AO2 SLP144 T02330217 50001
CLT,2023-07-15 09:52,10.00,1100.00,KCLT 150952Z 13003KT 10SM SCT011 SCT038 23/22 A2994 RMK AO2 SLP142 T02280217
CLT,2023-07-15 10:52,9.00,900.00,KCLT 151052Z 15003KT 9SM FEW009 SCT032 BKN250 23/22 A2996 RMK AO2 SLP149 T02330217
CLT,2023-07-15 11:52,10.00,800.00,KCLT 151152Z 12004KT 10SM OVC008 24/22 A2999 RMK AO2 SLP158 T02390217 10250 20228 53014
CLT,2023-07-15 12:52,8.00,700.00,KCLT 151252Z 15004KT 8SM OVC007 24/22 A3000 RMK AO2 SLP163 T02440222
CLT,2023-07-15 13:52,8.00,800.00,KCLT 151352Z 23004KT 8SM OVC008 26/23 A2999 RMK AO2 SLP160 T02560228
CLT,2023-07-15 14:52,8.00,1000.00,KCLT 151452Z VRB04KT 8SM BKN010 27/23 A2999 RMK AO2 SLP159 T02670228 50000
CLT,2023-07-15 15:52,10.00,1600.00,KCLT 151552Z 00000KT 10SM SCT016 OVC250 29/23 A2998 RMK AO2 SLP156 T02890233
CLT,2023-07-15 16:52,10.00,2500.00,KCLT 151652Z 00000KT 10SM BKN025 BKN045 OVC250 30/24 A2996 RMK AO2 SLP150 T03000239
CLT,2023-07-15 17:52,10.00,3000.00,KCLT 151752Z 13006KT 10SM SCT030 SCT050 BKN140 BKN250 31/23 A2993 RMK AO2 SLP140 TCU DSNT SW T03060233 10311 20239 58018
CLT,2023-07-15 18:52,10.00,3200.00,KCLT 151852Z 15005KT 10SM SCT032TCU SCT070 BKN250 32/23 A2990 RMK AO2 LTG DSNT SW SLP130 TCU SE-E AND W AND DSNT SW T03170233
CLT,2023-07-15 19:52,3.00,3500.00,KCLT 151952Z COR 13006KT 3SM +TSRA BKN035CB BKN070 OVC090 29/24 A2989 RMK AO2 RAB32 TSB29 SLP126 OCNL LTGICCC OHD-E-S TS OHD-E-S MOV E P0004 T02890244
CLT,2023-07-15 20:52,10.00,3000.00,KCLT 152052Z 15005KT 10SM FEW030 SCT050 BKN075 BKN250 28/23 A2988 RMK AO2 PK WND 21030/2000 LTG DSNT ALQDS RAE24 TSE51 SLP123 TS MOV NE CB DSNT ALQDS P0018 60022 T02830233 56018
CLT,2023-07-15 21:52,10.00,1700.00,KCLT 152152Z 17007KT 10SM FEW017 SCT023 BKN080 BKN130 28/24 A2988 RMK AO2 LTG DSNT SW SLP121 CB DSNT NE AND SW T02830244
CLT,2023-07-15 22:52,7.00,2000.00,KCLT 152252Z 15005KT 7SM -RA FEW020 FEW050 BKN140 BKN250 28/25 A2985 RMK AO2 RAB00 SLP114 TCU DSNT NE P0000 T02780250
CLT,2023-07-15 23:52,10.00,2000.00,KCLT 152352Z 15011KT 10SM FEW020 SCT150 BKN250 28/24 A2983 RMK AO2 RAE2259 SLP105 TCU DSNT NE P0000 60022 T02780239 10322 20256 58018
CLT,2023-07-16 00:52,10.00,5000.00,KCLT 160052Z 18013KT 10SM TS FEW050CB SCT140 OVC240 27/23 A2986 RMK AO2 TSB45E46B47 SLP116 OCNL LTGICCG SW-NW TS SW-NW MOV NE T02720228
CLT,2023-07-16 01:52,7.00,2000.00,KCLT 160152Z COR 17008KT 7SM TSRA FEW020 SCT065CB OVC140 26/24 A2988 RMK AO2 RAB00 SLP122 OCNL LTGICCG NE TS OHD MOV E P0003 T02560239
CLT,2023-07-16 02:52,10.00,700.00,KCLT 160252Z 17008KT 10SM FEW007 FEW075 SCT090 OVC140 25/23 A2986 RMK AO2 RAE26 TSE07 SLP118 TS DSIPTD P0003 60006 T02500233 50013
CLT,2023-07-16 03:52,10.00,700.00,KCLT 160352Z 21005KT 10SM SCT007 BKN013 OVC080 24/23 A2987 RMK AO2 SLP118 T02440233
CLT,2023-07-16 04:52,10.00,700.00,KCLT 160452Z 21007KT 10SM FEW007 FEW040 BKN110 24/22 A2988 RMK AO2 SLP121 T02440222 403220228
CLT,2023-07-16 05:52,10.00,800.00,KCLT 160552Z 21008KT 10SM BKN008 OVC012 24/22 A2986 RMK AO2 SLP117 60006 T02390222 10278 20239 50000
CLT,2023-07-16 06:52,10.00,600.00,KCLT 160652Z 26007KT 10SM OVC006 24/22 A2986 RMK AO2 SLP114 T02390222
CLT,2023-07-16 07:52,10.00,600.00,KCLT 160752Z 26008KT 10SM OVC006 24/22 A2984 RMK AO2 SLP109 T02390222
CLT,2023-07-16 08:52,9.00,500.00,KCLT 160852Z 26007KT 9SM BKN005 23/22 A2984 RMK AO2 SLP108 T02330222 56009
CLT,2023-07-16 09:52,10.00,500.00,KCLT 160952Z 25003KT 10SM FEW005 BKN120 24/22 A2985 RMK AO2 SLP113 T02390222
CLT,2023-07-16 10:52,9.00,500.00,KCLT 161052Z 26005KT 9SM FEW005 FEW120 SCT250 23/22 A2987 RMK AO2 SLP119 T02330222
CLT,2023-07-16 11:52,10.00,12000.00,KCLT 161152Z 28005KT 10SM FEW120 SCT250 26/22 A2989 RMK AO2 SLP126 70028 T02560222 10256 20233 53019
CLT,2023-07-16 12:52,10.00,1000.00,KCLT 161252Z 27003KT 10SM FEW010 FEW120 BKN250 27/22 A2991 RMK AO2 SLP133 T02720222
CLT,2023-07-16 13:52,10.00,1000.00,KCLT 161352Z 27004KT 10SM FEW010 FEW110 BKN250 29/22 A2992 RMK AO2 SLP137 T02890217
CLT,2023-07-16 14:52,10.00,2000.00,KCLT 161452Z 28007KT 10SM FEW020 FEW090 SCT250 30/21 A2993 RMK AO2 SLP137 T03000206 51011
CLT,2023-07-16 15:52,10.00,3000.00,KCLT 161552Z 31007KT 10SM FEW030 SCT085 SCT250 31/19 A2994 RMK AO2 SLP141 T03110194
CLT,2023-07-16 16:52,10.00,4500.00,KCLT 161652Z 28007KT 10SM SCT045 SCT085 BKN250 32/19 A2993 RMK AO2 SLP140 T03170194
CLT,2023-07-16 17:52,10.00,5500.00,KCLT 161752Z 31009KT 10SM SCT055 SCT080 BKN250 32/19 A2992 RMK AO2 SLP137 T03170189 10328 20256 58000
CLT,2023-07-16 18:52,10.00,5000.00,KCLT 161852Z 34007KT 10SM SCT050 SCT085 BKN250 33/19 A2991 RMK AO2 SLP133 T03280189
CLT,2023-07-16 19:52,10.00,5500.00,KCLT 161952Z 35009KT 10SM SCT055 33/19 A2990 RMK AO2 SLP128 T03330189
CLT,2023-07-16 20:52,10.00,6000.00,KCLT 162052Z 36007KT 10SM SCT060 SCT250 33/19 A2990 RMK AO2 SLP128 T03330194 56008
CLT,2023-07-16 21:52,10.00,6000.00,KCLT 162152Z 33007KT 10SM FEW060 FEW090 33/18 A2990 RMK AO2 SLP128 T03280183
CLT,2023-07-16 22:52,10.00,6000.00,KCLT 162252Z 36006KT 10SM FEW060 SCT250 32/19 A2991 RMK AO2 SLP131 T03170189
CLT,2023-07-16 23:52,10.00,6000.00,KCLT 162352Z 34003KT 10SM FEW060 SCT250 31/18 A2992 RMK AO2 SLP135 T03060183 10339 20306 53006
CLT,2023-07-17 00:52,10.00,25000.00,KCLT 170052Z COR 00000KT 10SM SCT250 29/18 A2994 RMK AO2 SLP141 T02940183
CLT,2023-07-17 01:52,10.00,M,KCLT 170152Z 27004KT 10SM CLR 27/19 A2996 RMK AO2 SLP148 T02720194
CLT,2023-07-17 02:52,10.00,M,KCLT 170252Z 00000KT 10SM CLR 26/21 A2999 RMK AO2 SLP158 T02560206 53023
CLT,2023-07-17 03:52,10.00,M,KCLT 170352Z 00000KT 10SM CLR 25/21 A3000 RMK AO2 SLP162 T02500206
CLT,2023-07-17 04:52,10.00,25000.00,KCLT 170452Z 33004KT 10SM FEW250 24/21 A3000 RMK AO2 SLP164 T02440206 403390233
CLT,2023-07-17 05:52,9.00,25000.00,KCLT 170552Z 34006KT 9SM FEW250 24/21 A2999 RMK AO2 SLP159 T02390206 10300 20233 50000
CLT,2023-07-17 06:52,9.00,M,KCLT 170652Z 32004KT 9SM CLR 23/19 A2997 RMK AO2 SLP152 T02330194
CLT,2023-07-17 07:52,9.00,25000.00,KCLT 170752Z 23003KT 9SM SCT250 23/19 A2997 RMK AO2 SLP153 T02280194
CLT,2023-07-17 08:52,8.00,M,KCLT 170852Z 34003KT 8SM CLR 22/19 A2997 RMK AO2 SLP153 T02220194 55005
CLT,2023-07-17 09:52,8.00,5500.00,KCLT 170952Z 33004KT 8SM FEW055 FEW250 22/19 A2998 RMK AO2 SLP156 T02170194
CLT,2023-07-17 10:52,6.00,7000.00,KCLT 171052Z 35003KT 6SM HZ BKN070 BKN250 22/19 A3000 RMK AO2 SLP162 T02220194
CLT,2023-07-17 11:52,6.00,5500.00,KCLT 171152Z 35004KT 6SM HZ FEW055 FEW070 SCT250 23/19 A3000 RMK AO2 SLP164 T02330194 10244 20217 51010
CLT,2023-07-17 12:52,5.00,6000.00,KCLT 171252Z 02004KT 5SM HZ BKN060 BKN250 26/19 A3003 RMK AO2 SLP174 T02610189
CLT,2023-07-17 13:52,5.00,5000.00,KCLT 171352Z 05004KT 5SM HZ SCT050 BKN250 28/17 A3005 RMK AO2 SLP180 T02780167
CLT,2023-07-17 14:52,5.00,6000.00,KCLT 171452Z 03008KT 5SM HZ FEW060 BKN250 28/16 A3007 RMK AO2 SLP186 T02830156 51021
CLT,2023-07-17 15:52,4.00,6000.00,KCLT 171552Z 06006KT 4SM HZ FEW060 BKN250 29/14 A3007 RMK AO2 SLP188 T02940144
CLT,2023-07-17 16:52,4.00,6500.00,KCLT 171652Z 02007KT 4SM HZ FEW065 BKN250 30/15 A3007 RMK AO2 SLP186 T03000150
CLT,2023-07-17 17:52,4.00,6500.00,KCLT 171752Z 01005KT 4SM HZ FEW065 BKN250 31/14 A3006 RMK AO2 SLP182 T03060144 10311 20233 58004
CLT,2023-07-17 18:52,4.00,25000.00,KCLT 171852Z 36006KT 4SM HZ BKN250 31/16 A3003 RMK AO2 SLP174 T03060156
CLT,2023-07-17 19:52,3.00,25000.00,KCLT 171952Z 35005KT 3SM HZ OVC250 31/15 A3002 RMK AO2 SLP171 T03060150
CLT,2023-07-17 20:52,3.00,25000.00,KCLT 172052Z 36006KT 3SM HZ BKN250 31/14 A3001 RMK AO2 SLP165 T03110139 56016
CLT,2023-07-17 21:52,3.00,25000.00,KCLT 172152Z 02003KT 3SM HZ BKN250 32/12 A3000 RMK AO2 SLP163 T03170117
CLT,2023-07-17 22:52,3.00,25000.00,KCLT 172252Z 00000KT 3SM HZ SCT250 31/16 A3001 RMK AO2 SLP165 T03060156
CLT,2023-07-17 23:52,3.00,25000.00,KCLT 172352Z 16004KT 3SM HZ BKN250 29/14 A3000 RMK AO2 SLP163 T02940139 10317 20294 57002
CLT,2023-07-18 00:52,3.00,M,KCLT 180052Z 00000KT 3SM HZ CLR 28/14 A3002 RMK AO2 SLP169 T02780144
CLT,2023-07-18 01:52,4.00,25000.00,KCLT 180152Z 23003KT 4SM HZ BKN250 27/16 A3004 RMK AO2 SLP175 T02670156
CLT,2023-07-18 02:52,4.00,25000.00,KCLT 180252Z COR 00000KT 4SM HZ BKN250 24/17 A3005 RMK AO2 SLP178 T02440172 51015
CLT,2023-07-18 03:52,4.00,25000.00,KCLT 180352Z 00000KT 4SM HZ BKN250 24/18 A3004 RMK AO2 SLP178 T02390183
CLT,2023-07-18 04:52,4.00,M,KCLT 180452Z 00000KT 4SM HZ FU CLR 23/19 A3005 RMK AO2 SLP180 T02330189 403170217
CLT,2023-07-18 05:52,4.00,M,KCLT 180552Z 00000KT 4SM HZ FU CLR 23/19 A3005 RMK AO2 SLP178 T02280194 10294 20217 50000
CLT,2023-07-18 06:52,3.00,M,KCLT 180652Z 00000KT 3SM BR FU CLR 21/19 A3003 RMK AO2 SLP175 T02110194
CLT,2023-07-18 07:52,3.00,M,KCLT 180752Z 00000KT 3SM BR FU CLR 21/19 A3003 RMK AO2 SLP173 T02110194
CLT,2023-07-18 08:52,3.00,M,KCLT 180852Z 00000KT 3SM HZ FU CLR 21/18 A3003 RMK AO2 SLP174 T02060183 55005
CLT,2023-07-18 09:52,3.00,M,KCLT 180952Z 00000KT 3SM HZ FU CLR 21/19 A3004 RMK AO2 SLP177 T02110189
CLT,2023-07-18 10:52,3.00,M,KCLT 181052Z 00000KT 3SM HZ FU CLR 21/18 A3006 RMK AO2 SLP183 T02060183
CLT,2023-07-18 11:52,3.00,M,KCLT 181152Z 00000KT 3SM HZ FU CLR 23/19 A3007 RMK AO2 SLP188 T02280194 10239 20200 53014
CLT,2023-07-18 12:52,3.00,M,KCLT 181252Z 33004KT 3SM HZ CLR 25/20 A3009 RMK AO2 SLP195 T02500200
CLT,2023-07-18 13:52,4.00,25000.00,KCLT 181352Z 27004KT 4SM HZ FEW250 27/20 A3009 RMK AO2 SLP194 T02720200
CLT,2023-07-18 14:52,4.00,25000.00,KCLT 181452Z 00000KT 4SM HZ FEW250 29/19 A3008 RMK AO2 SLP191 T02890189 50003
CLT,2023-07-18 15:52,4.00,12000.00,KCLT 181552Z 29004KT 4SM HZ FEW120 BKN250 31/19 A3010 RMK AO2 SLP195 T03110194
CLT,2023-07-18 16:52,4.00,12000.00,KCLT 181652Z 00000KT 4SM HZ FEW120 SCT250 32/19 A3009 RMK AO2 SLP192 T03220189
CLT,2023-07-18 17:52,4.00,12000.00,KCLT 181752Z 00000KT 4SM HZ FEW120 SCT250 33/19 A3007 RMK AO2 SLP188 T03330189 10333 20228 58003
CLT,2023-07-18 18:52,5.00,5500.00,KCLT 181852Z VRB03KT 5SM HZ FEW055 SCT250 33/17 A3006 RMK AO2 SLP182 T03280167
CLT,2023-07-18 19:52,5.00,6000.00,KCLT 181952Z 24005KT 5SM HZ FEW060 FEW250 34/17 A3004 RMK AO2 SLP176 T03390172
CLT,2023-07-18 20:52,5.00,6000.00,KCLT 182052Z 00000KT 5SM HZ FEW060 FEW250 33/18 A3003 RMK AO2 SLP173 T03330178 56014
CLT,2023-07-18 21:52,5.00,6000.00,KCLT 182152Z 24004KT 5SM HZ FEW060 BKN250 33/18 A3002 RMK AO2 SLP168 T03280178
CLT,2023-07-18 22:52,5.00,6000.00,KCLT 182252Z 24006KT 5SM HZ FEW060 BKN250 32/18 A3001 RMK AO2 SLP169 T03170183
CLT,2023-07-18 23:52,5.00,5500.00,KCLT 182352Z 24005KT 5SM HZ FEW055 BKN250 31/18 A3002 RMK AO2 SLP168 T03060183 10344 20306 55005
CLT,2023-07-19 00:52,5.00,M,KCLT 190052Z 22004KT 5SM HZ CLR 29/19 A3005 RMK AO2 SLP178 T02940189
CLT,2023-07-19 01:52,5.00,25000.00,KCLT 190152Z 19004KT 5SM HZ BKN250 28/19 A3007 RMK AO2 SLP185 T02830189
CLT,2023-07-19 02:52,5.00,25000.00,KCLT 190252Z 17006KT 5SM HZ BKN250 28/19 A3006 RMK AO2 SLP185 T02830194 50016
CLT,2023-07-19 03:52,5.00,25000.00,KCLT 190352Z 20006KT 5SM HZ BKN250 27/19 A3007 RMK AO2 SLP186 T02720194
CLT,2023-07-19 04:52,7.00,22000.00,KCLT 190452Z 20005KT 7SM FEW220 BKN250 27/19 A3007 RMK AO2 SLP187 T02720194 403440200
CLT,2023-07-19 05:52,7.00,22000.00,KCLT 190552Z 19007KT 7SM FEW220 BKN250 27/19 A3006 RMK AO2 SLP182 T02670194 10306 20267 58002
CLT,2023-07-19 06:52,7.00,11000.00,KCLT 190652Z 19005KT 7SM FEW110 BKN250 27/20 A3004 RMK AO2 SLP175 T02670200
CLT,2023-07-19 07:52,6.00,3000.00,KCLT 190752Z 19004KT 6SM HZ FEW030 FEW100 BKN140 BKN250 27/21 A3003 RMK AO2 LTG DSNT W SLP171 CB DSNT W MOV E T02670206
CLT,2023-07-19 08:52,7.00,6000.00,KCLT 190852Z 31005KT 7SM -RA SCT060 BKN130 BKN250 24/20 A3003 RMK AO2 RAB48 SLP172 P0000 60000 T02440200 56010
CLT,2023-07-19 09:52,6.00,3100.00,KCLT 190952Z 21004KT 6SM BR BKN031 BKN044 OVC070 23/21 A3003 RMK AO2 RAE35 TSB03E43 SLP174 TS DSIPTD P0046 T02280211
CLT,2023-07-19 10:52,6.00,2400.00,KCLT 191052Z 26005KT 6SM BR FEW024 SCT100 BKN250 23/21 A3005 RMK AO2 SLP182 T02280211
CLT,2023-07-19 11:52,7.00,1000.00,KCLT 191152Z 25006KT 7SM FEW010 FEW100 BKN250 23/21 A3008 RMK AO2 SLP189 60046 70046 T02330211 10272 20222 53017
CLT,2023-07-19 12:52,7.00,800.00,KCLT 191252Z 21003KT 7SM FEW008 FEW100 BKN250 24/21 A3009 RMK AO2 SLP193 T02440211
CLT,2023-07-19 13:52,7.00,900.00,KCLT 191352Z VRB04KT 7SM FEW009 SCT130 BKN250 26/22 A3008 RMK AO2 SLP190 T02560217
CLT,2023-07-19 14:52,8.00,1100.00,KCLT 191452Z 18004KT 8SM FEW011 BKN250 27/22 A3008 RMK AO2 SLP191 T02670217 51002
CLT,2023-07-19 15:52,10.00,1400.00,KCLT 191552Z 00000KT 10SM FEW014 FEW130 BKN250 29/21 A3008 RMK AO2 SLP191 T02940206
CLT,2023-07-19 16:52,10.00,2000.00,KCLT 191652Z 00000KT 10SM FEW020 FEW130 BKN250 31/21 A3008 RMK AO2 SLP189 T03110206
CLT,2023-07-19 17:52,10.00,3800.00,KCLT 191752Z 28009KT 10SM FEW038 SCT120 BKN200 BKN250 32/20 A3008 RMK AO2 SLP189 T03170200 10322 20233 56002
CLT,2023-07-19 18:52,10.00,3800.00,KCLT 191852Z 25004KT 10SM FEW038 SCT055 SCT130 OVC250 31/21 A3007 RMK AO2 SLP188 T03110206
CLT,2023-07-19 19:52,10.00,3800.00,KCLT 191952Z 26007KT 10SM FEW038 BKN130 BKN190 OVC250 31/21 A3008 RMK AO2 SLP191 T03110211
CLT,2023-07-19 20:52,10.00,4000.00,KCLT 192052Z 26010KT 10SM FEW040 SCT120 BKN200 OVC250 30/21 A3008 RMK AO2 SLP190 T03000211 50001
CLT,2023-07-19 21:52,10.00,4000.00,KCLT 192152Z 26007KT 10SM FEW040 FEW120 SCT200 BKN250 31/21 A3006 RMK AO2 SLP182 TCU DSNT N AND NE T03110211
CLT,2023-07-19 22:52,10.00,4400.00,KCLT 192252Z 31009KT 10SM FEW044 SCT080 SCT120 BKN250 30/20 A3006 RMK AO2 SLP183 TCU DSNT NE T03000200
CLT,2023-07-19 23:52,10.00,4400.00,KCLT 192352Z 31004KT 10SM FEW044 BKN120 28/19 A3005 RMK AO2 SLP182 T02830194 10322 20283 56008
CLT,2023-07-20 00:52,10.00,4400.00,KCLT 200052Z 00000KT 10SM FEW044 FEW120 BKN250 28/20 A3007 RMK AO2 SLP188 T02780200
CLT,2023-07-20 01:52,10.00,12000.00,KCLT 200152Z 34003KT 10SM SCT120 28/20 A3009 RMK AO2 SLP193 T02780200
CLT,2023-07-20 02:52,10.00,12000.00,KCLT 200252Z 00000KT 10SM FEW120 26/21 A3010 RMK AO2 SLP196 T02610206 51015
CLT,2023-07-20 03:52,10.00,25000.00,KCLT 200352Z 00000KT 10SM FEW250 24/21 A3010 RMK AO2 SLP195 T02440211
CLT,2023-07-20 04:52,10.00,25000.00,KCLT 200452Z 29003KT 10SM FEW250 24/21 A3009 RMK AO2 SLP195 T02390211 403220222
CLT,2023-07-20 05:52,10.00,M,KCLT 200552Z 00000KT 10SM CLR 24/21 A3009 RMK AO2 SLP192 T02390206 10283 20233 58004
CLT,2023-07-20 06:52,10.00,25000.00,KCLT 200652Z 25003KT 10SM FEW250 23/21 A3008 RMK AO2 SLP189 T02280206
CLT,2023-07-20 07:52,10.00,25000.00,KCLT 200752Z 00000KT 10SM FEW250 23/21 A3007 RMK AO2 SLP186 T02280206
CLT,2023-07-20 08:52,10.00,25000.00,KCLT 200852Z 25003KT 10SM FEW250 22/20 A3007 RMK AO2 SLP189 T02220200 55004
CLT,2023-07-20 09:52,10.00,25000.00,KCLT 200952Z 00000KT 10SM FEW250 21/19 A3008 RMK AO2 SLP192 T02110194
CLT,2023-07-20 10:52,10.00,8000.00,KCLT 201052Z 00000KT 10SM FEW080 FEW250 23/20 A3009 RMK AO2 SLP192 T02280200
CLT,2023-07-20 11:52,10.00,8000.00,KCLT 201152Z 00000KT 10SM FEW080 FEW250 24/20 A3007 RMK AO2 SLP188 T02440200 10244 20211 58001
CLT,2023-07-20 12:52,10.00,8000.00,KCLT 201252Z 31003KT 10SM FEW080 FEW250 26/20 A3008 RMK AO2 SLP189 T02610200
CLT,2023-07-20 13:52,10.00,8500.00,KCLT 201352Z 00000KT 10SM FEW085 BKN250 28/20 A3006 RMK AO2 SLP185 T02780200
CLT,2023-07-20 14:52,10.00,7500.00,KCLT 201452Z 28005KT 10SM FEW075 BKN250 30/19 A3006 RMK AO2 SLP182 T03000189 58005
CLT,2023-07-20 15:52,10.00,8500.00,KCLT 201552Z 24005KT 10SM FEW085 FEW200 OVC250 31/20 A3005 RMK AO2 SLP179 T03060200
CLT,2023-07-20 16:52,10.00,4000.00,KCLT 201652Z 24004KT 10SM FEW040 SCT150 OVC250 30/20 A3004 RMK AO2 SLP178 T03000200
CLT,2023-07-20 17:52,10.00,4000.00,KCLT 201752Z 26009KT 10SM FEW040 SCT150 BKN190 OVC250 29/21 A3005 RMK AO2 SLP179 T02940206 10311 20244 55003
CLT,2023-07-20 18:52,10.00,4000.00,KCLT 201852Z 29007KT 10SM FEW040 SCT120 BKN190 OVC250 29/21 A3003 RMK AO2 RAB20E35 SLP175 P0000 T02940211
CLT,2023-07-20 19:52,10.00,4000.00,KCLT 201952Z 24004KT 10SM FEW040 FEW120 BKN200 OVC250 29/21 A2999 RMK AO2 SLP159 TCU DSNT N AND SE-S T02890206
CLT,2023-07-20 20:52,10.00,4000.00,KCLT 202052Z 21007KT 10SM FEW040 FEW120 BKN200 BKN250 29/21 A2998 RMK AO2 SLP157 TCU DSNT SE 60000 T02890206 56022
CLT,2023-07-20 21:52,10.00,4000.00,KCLT 202152Z 23005KT 10SM FEW040 FEW120 SCT200 BKN250 28/21 A2996 RMK AO2 SLP151 TCU DSNT SE T02830206
CLT,2023-07-20 22:52,10.00,12000.00,KCLT 202252Z 25004KT 10SM FEW120 BKN250 28/20 A2998 RMK AO2 SLP155 T02830200
CLT,2023-07-20 23:52,10.00,9500.00,KCLT 202352Z COR 26008KT 10SM SCT095 OVC180 27/21 A2998 RMK AO2 SLP158 60000 T02670206 10294 20267 53000
CLT,2023-07-21 00:52,10.00,M,KCLT 210052Z 22004KT 10SM CLR 26/21 A2992 RMK AO2 PRESFR SLP136 T02610206
CLT,2023-07-21 01:52,10.00,18000.00,KCLT 210152Z 24006KT 10SM SCT180 BKN230 26/21 A2991 RMK AO2 SLP132 T02560206
CLT,2023-07-21 02:52,10.00,18000.00,KCLT 210252Z 23005KT 10SM FEW180 BKN240 25/21 A2990 RMK AO2 SLP128 T02500206 56028
CLT,2023-07-21 03:52,10.00,10000.00,KCLT 210352Z 25005KT 10SM FEW100 BKN250 24/21 A2991 RMK AO2 SLP134 T02440206
CLT,2023-07-21 04:52,10.00,9500.00,KCLT 210452Z 24006KT 10SM FEW095 BKN250 24/20 A2992 RMK AO2 SLP136 T02390200 403110211
CLT,2023-07-21 05:52,10.00,10000.00,KCLT 210552Z 26005KT 10SM FEW100 BKN250 23/20 A2993 RMK AO2 SLP138 T02330200 10267 20233 51010
CLT,2023-07-21 06:52,10.00,10000.00,KCLT 210652Z 00000KT 10SM FEW100 BKN250 22/20 A2992 RMK AO2 SLP136 T02220200
CLT,2023-07-21 07:52,10.00,11000.00,KCLT 210752Z 24004KT 10SM FEW110 SCT250 22/20 A2992 RMK AO2 SLP137 T02170200
CLT,2023-07-21 08:52,10.00,25000.00,KCLT 210852Z 29003KT 10SM FEW250 22/19 A2992 RMK AO2 SLP135 T02170194 56004
CLT,2023-07-21 09:52,10.00,M,KCLT 210952Z 26005KT 10SM CLR 21/19 A2991 RMK AO2 SLP134 T02110194
CLT,2023-07-21 10:52,10.00,12000.00,KCLT 211052Z 27004KT 10SM FEW120 FEW250 21/19 A2991 RMK AO2 SLP135 T02110189
CLT,2023-07-21 11:52,10.00,25000.00,KCLT 211152Z 28005KT 10SM SCT250 23/19 A2992 RMK AO2 SLP136 T02280189 10233 20211 53001
CLT,2023-07-21 12:52,10.00,25000.00,KCLT 211252Z 25007KT 10SM BKN250 25/19 A2993 RMK AO2 SLP141 T02500194
CLT,2023-07-21 13:52,10.00,25000.00,KCLT 211352Z 30005KT 10SM SCT250 27/21 A2992 RMK AO2 SLP135 T02720206
CLT,2023-07-21 14:52,10.00,4000.00,KCLT 211452Z COR 25007KT 10SM FEW040 SCT250 29/20 A2991 RMK AO2 SLP133 T02940200
CLT,2023-07-21 15:52,10.00,4500.00,KCLT 211552Z 26008KT 10SM FEW045 BKN250 31/20 A2991 RMK AO2 SLP134 T03110200
CLT,2023-07-21 16:52,10.00,4900.00,KCLT 211652Z VRB06KT 10SM FEW049 BKN250 32/20 A2990 RMK AO2 SLP128 T03220200
CLT,2023-07-21 17:52,10.00,5000.00,KCLT 211752Z VRB06KT 10SM SCT050 BKN250 33/20 A2989 RMK AO2 SLP124 T03280200 10328 20228 58008
CLT,2023-07-21 18:52,10.00,5500.00,KCLT 211852Z 27009KT 10SM SCT055 BKN250 33/19 A2987 RMK AO2 SLP119 T03330194
CLT,2023-07-21 19:52,10.00,6000.00,KCLT 211952Z 24004KT 10SM SCT060 BKN250 33/20 A2986 RMK AO2 SLP115 T03330200
CLT,2023-07-21 20:52,10.00,5500.00,KCLT 212052Z 28005KT 10SM SCT055 BKN095 BKN250 32/19 A2985 RMK AO2 SLP113 T03170194 56011
CLT,2023-07-21 21:52,10.00,5000.00,KCLT 212152Z 25004KT 10SM SCT050 BKN110 BKN250 32/20 A2984 RMK AO2 SLP107 T03170200
CLT,2023-07-21 22:52,10.00,10000.00,KCLT 212252Z 30004KT 10SM FEW100 31/21 A2984 RMK AO2 SLP108 T03110206
CLT,2023-07-21 23:52,10.00,6000.00,KCLT 212352Z 25009KT 10SM -RA FEW060 SCT075 OVC100 28/22 A2984 RMK AO2 RAB26 SLP109 P0000 60000 T02780217 10344 20278 55005
CLT,2023-07-22 00:52,10.00,6000.00,KCLT 220052Z 20003KT 10SM BKN060 BKN110 26/21 A2985 RMK AO2 LTG DSNT SE RAE05 TSB04E33 SLP111 TS MOV SE CB DSNT SE P0000 T02560206
CLT,2023-07-22 01:52,10.00,6000.00,KCLT 220152Z 23004KT 10SM FEW060 SCT110 25/22 A2987 RMK AO2 SLP120 OCNL LTG DSNT SE AND SW CB DSNT SE AND SW T02500217
CLT,2023-07-22 02:52,10.00,6500.00,KCLT 220252Z 22003KT 10SM SCT065 SCT095 SCT250 26/22 A2988 RMK AO2 SLP123 60000 T02610217 53015
CLT,2023-07-22 03:52,10.00,10000.00,KCLT 220352Z 00000KT 10SM BKN100 25/22 A2987 RMK AO2 SLP118 T02500222
CLT,2023-07-22 04:52,10.00,9000.00,KCLT 220452Z 26003KT 10SM SCT090 24/22 A2987 RMK AO2 SLP118 T02390217 403440211
CLT,2023-07-22 05:52,10.00,9000.00,KCLT 220552Z 00000KT 10SM SCT090 23/21 A2984 RMK AO2 SLP108 60000 T02330211 10278 20233 58014
CLT,2023-07-22 06:52,10.00,9000.00,KCLT 220652Z 35004KT 10SM FEW090 SCT160 23/21 A2983 RMK AO2 SLP105 T02330211
CLT,2023-07-22 07:52,10.00,9000.00,KCLT 220752Z 36004KT 10SM FEW090 FEW160 24/18 A2983 RMK AO2 SLP106 T02390183
CLT,2023-07-22 08:52,10.00,16000.00,KCLT 220852Z 35005KT 10SM BKN160 23/18 A2984 RMK AO2 SLP110 T02330183 53001
CLT,2023-07-22 09:52,10.00,8000.00,KCLT 220952Z 35005KT 10SM SCT080 BKN130 23/18 A2986 RMK AO2 SLP114 T02280183
CLT,2023-07-22 10:52,10.00,8000.00,KCLT 221052Z 35004KT 10SM BKN080 BKN095 OVC110 23/18 A2986 RMK AO2 SLP116 T02330178
CLT,2023-07-22 11:52,10.00,7000.00,KCLT 221152Z 02004KT 10SM BKN070 BKN090 OVC110 23/18 A2988 RMK AO2 SLP121 T02330178 10239 20222 52010
CLT,2023-07-22 12:52,10.00,6000.00,KCLT 221252Z 30004KT 10SM BKN060 BKN085 OVC110 24/18 A2991 RMK AO2 SLP132 T02390178
CLT,2023-07-22 13:52,10.00,6500.00,KCLT 221352Z VRB03KT 10SM SCT065 BKN080 OVC110 25/17 A2990 RMK AO2 SLP129 T02500172
CLT,2023-07-22 14:52,10.00,6000.00,KCLT 221452Z 01006KT 10SM FEW060 BKN075 BKN095 25/17 A2990 RMK AO2 SLP130 T02500172 51009
CLT,2023-07-22 15:52,10.00,8000.00,KCLT 221552Z 03008KT 10SM FEW080 BKN095 BKN120 27/17 A2989 RMK AO2 SLP126 T02670167
CLT,2023-07-22 16:52,10.00,4000.00,KCLT 221652Z VRB05KT 10SM FEW040 BKN095 BKN120 29/17 A2990 RMK AO2 SLP128 T02940172
CLT,2023-07-22 17:52,10.00,5000.00,KCLT 221752Z 00000KT 10SM FEW050 FEW120 SCT200 30/16 A2990 RMK AO2 SLP127 T03000161 10306 20233 56002
CLT,2023-07-22 18:52,10.00,5000.00,KCLT 221852Z VRB04KT 10SM FEW050 SCT140 31/16 A2987 RMK AO2 SLP120 T03110161
CLT,2023-07-22 19:52,10.00,5000.00,KCLT 221952Z 03007KT 10SM SCT050 SCT065 BKN140 31/17 A2986 RMK AO2 SLP115 T03110172
CLT,2023-07-22 20:52,10.00,5000.00,KCLT 222052Z VRB06KT 10SM SCT050 SCT090 BKN130 BKN250 30/16 A2987 RMK AO2 SLP117 T03000161 55010
CLT,2023-07-22 21:52,10.00,5500.00,KCLT 222152Z 01007KT 10SM FEW055 SCT100 SCT250 29/17 A2987 RMK AO2 SLP119 T02890172
CLT,2023-07-22 22:52,10.00,5500.00,KCLT 222252Z 02005KT 10SM FEW055 SCT110 SCT250 29/18 A2987 RMK AO2 SLP118 T02940178
CLT,2023-07-22 23:52,10.00,5000.00,KCLT 222352Z 36007KT 10SM FEW050 FEW110 SCT250 28/18 A2987 RMK AO2 SLP121 T02780183 10311 20278 53003
CLT,2023-07-23 00:52,10.00,5000.00,KCLT 230052Z 01005KT 10SM FEW050 FEW090 SCT250 26/18 A2989 RMK AO2 SLP127 T02610183
CLT,2023-07-23 01:52,10.00,9000.00,KCLT 230152Z 03005KT 10SM FEW090 SCT250 25/18 A2991 RMK AO2 SLP133 T02500183
CLT,2023-07-23 02:52,10.00,12000.00,KCLT 230252Z 07007KT 10SM SCT120 SCT250 26/18 A2991 RMK AO2 SLP134 T02610183 51013
CLT,2023-07-23 03:52,10.00,11000.00,KCLT 230352Z 09004KT 10SM BKN110 BKN250 26/18 A2992 RMK AO2 SLP137 T02560183
CLT,2023-07-23 04:52,10.00,10000.00,KCLT 230452Z 14003KT 10SM BKN100 BKN120 25/19 A2993 RMK AO2 SLP139 T02500189 403110222
CLT,2023-07-23 05:52,10.00,10000.00,KCLT 230552Z 11005KT 10SM OVC100 25/19 A2993 RMK AO2 SLP141 T02500189 10278 20244 51007
CLT,2023-07-23 06:52,10.00,10000.00,KCLT 230652Z 11003KT 10SM SCT100 24/19 A2993 RMK AO2 SLP139 T02390189
CLT,2023-07-23 07:52,10.00,6000.00,KCLT 230752Z 07004KT 10SM FEW060 FEW080 24/19 A2993 RMK AO2 SLP139 T02390189
CLT,2023-07-23 08:52,10.00,9500.00,KCLT 230852Z 13003KT 10SM FEW095 SCT110 23/19 A2993 RMK AO2 SLP140 T02280189 55001
CLT,2023-07-23 09:52,10.00,5000.00,KCLT 230952Z 07004KT 10SM SCT050 SCT090 23/19 A2995 RMK AO2 SLP148 T02330189
CLT,2023-07-23 10:52,10.00,5000.00,KCLT 231052Z 00000KT 10SM SCT050 BKN090 BKN110 23/19 A2998 RMK AO2 SLP155 T02330189
CLT,2023-07-23 11:52,10.00,5000.00,KCLT 231152Z 10003KT 10SM FEW050 BKN100 BKN250 24/19 A2999 RMK AO2 SLP160 T02390194 10250 20222 51019
CLT,2023-07-23 12:52,10.00,5000.00,KCLT 231252Z 08005KT 10SM SCT050 SCT090 BKN140 25/20 A3000 RMK AO2 SLP163 T02500200
CLT,2023-07-23 13:52,10.00,5000.00,KCLT 231352Z 31011G14KT 10SM SCT050 BKN075 BKN120 26/21 A3001 RMK AO2 SLP167 T02560206
CLT,2023-07-23 14:52,10.00,2800.00,KCLT 231452Z 05006KT 10SM FEW028 SCT055 BKN130 27/21 A3000 RMK AO2 SLP164 T02670206 50005
CLT,2023-07-23 15:52,10.00,2400.00,KCLT 231552Z 09006KT 10SM FEW024 SCT060 BKN075 28/21 A3000 RMK AO2 SLP164 TCU DSNT NE CB DSNT SE T02830211
CLT,2023-07-23 16:52,10.00,2400.00,KCLT 231652Z 10008KT 10SM SCT024 BKN055 BKN075 28/20 A3000 RMK AO2 LTG DSNT E AND SE SLP162 CB DSNT SE T02830200
CLT,2023-07-23 17:52,10.00,6000.00,KCLT 231752Z 06009KT 10SM TS SCT060CB BKN085 BKN140 27/21 A2997 RMK AO2 TSB39 SLP154 FRQ LTGICCC OHD-W TS OHD-W MOV E CB DSNT SE T02720206 10289 20239 58010
CLT,2023-07-23 18:52,1.00,3500.00,KCLT 231852Z COR 18007KT 1SM R18C/P6000FT +TSRA BR SCT035 BKN065CB OVC090 23/21 A3000 RMK AO2 WSHFT 1800 RAB1753 SLP163 OCNL LTGICCC E-S TS E-S MOV SE P0053 T02280211
CLT,2023-07-23 19:52,10.00,5000.00,KCLT 231952Z 11006KT 10SM FEW050 BKN090 BKN120 25/22 A2997 RMK AO2 LTG DSNT E AND SE RAE49 TSE13 SLP153 TS MOV SE CB DSNT N AND E-SE P0010 T02500217
CLT,2023-07-23 20:52,10.00,4500.00,KCLT 232052Z 13009KT 10SM FEW045 SCT085 SCT120 BKN250 27/21 A2996 RMK AO2 SLP150 CB DSNT N-NE AND SE TCU DSNT W 60063 T02670211 58004
CLT,2023-07-23 21:52,10.00,4000.00,KCLT 232152Z 11005KT 10SM FEW040 FEW090 BKN250 28/20 A2997 RMK AO2 SLP152 CB DSNT N-NE TCU DSNT SE T02780200
CLT,2023-07-23 22:52,10.00,4000.00,KCLT 232252Z 15006KT 10SM FEW040 FEW070 SCT110 BKN250 27/19 A2997 RMK AO2 SLP152 CB DSNT N-NE TCU DSNT SE AND NW T02720194
CLT,2023-07-23 23:52,10.00,4000.00,KCLT 232352Z 11006KT 10SM FEW040 FEW060 SCT110 BKN250 27/19 A2999 RMK AO2 SLP159 CB DSNT NW-N TCU DSNT NE AND SW-W 60063 T02670194 10283 20222 53009
CLT,2023-07-24 00:52,10.00,5000.00,KCLT 240052Z 08004KT 10SM FEW050TCU FEW075 SCT120 BKN250 26/19 A2998 RMK AO2 LTG DSNT W AND NW SLP158 CB DSNT W-NW TCU S-SW T02560194
CLT,2023-07-24 01:52,1.00,1200.00,KCLT 240152Z 30015G20KT 1SM R18C/6000VP6000FT +TSRA BR FEW012 BKN025 OVC055CB 22/21 A3004 RMK AO2 LTG DSNT SW-NW RAB40 TSB09 SLP177 CONS LTGICCCCG OHD-S-W TS OHD-S-W MOV E P0031 T02220206
CLT,2023-07-24 02:52,3.00,1800.00,KCLT 240252Z 00000KT 3SM +TSRA BR FEW018 SCT028CB OVC055 22/21 A3005 RMK AO2 LTG DSNT ALQDS SLP182 FRQ LTGICCCCG OHD-E AND S-W TS OHD-E AND S-W MOV E P0124 60155 T02170206 51023
CLT,2023-07-24 03:52,4.00,500.00,KCLT 240352Z 10005KT 4SM -RA BR FEW005 FEW034 OVC090 22/21 A3005 RMK AO2 LTG DSNT NE AND E TSE50 SLP182 TS MOV NE P0010 T02170206
CLT,2023-07-24 04:52,4.00,300.00,KCLT 240452Z 29006KT 4SM RA BR SCT003 BKN090 OVC120 21/21 A3005 RMK AO2 SLP182 P0015 T02110206 402890211
CLT,2023-07-24 05:52,10.00,300.00,KCLT 240552Z 35008KT 10SM -RA FEW003 SCT110 21/20 A3000 RMK AO2 RAE24B49 SLP165 P0002 60182 T02110200 10267 20211 58017
CLT,2023-07-24 06:52,10.00,800.00,KCLT 240652Z 00000KT 10SM FEW008 21/20 A3003 RMK AO2 RAE03 SLP177 P0000 T02110200
CLT,2023-07-24 07:52,9.00,1000.00,KCLT 240752Z 17004KT 9SM SCT010 BKN017 21/20 A3005 RMK AO2 SLP182 T02110200
CLT,2023-07-24 08:52,6.00,1800.00,KCLT 240852Z 17004KT 6SM BR SCT018 21/20 A3005 RMK AO2 SLP182 60000 T02110200 51017
CLT,2023-07-24 09:52,9.00,1600.00,KCLT 240952Z 00000KT 9SM FEW016 21/19 A3006 RMK AO2 SLP185 T02110194
CLT,2023-07-24 10:52,5.00,100.00,KCLT 241052Z 29003KT 5SM BR FEW001 21/19 A3007 RMK AO2 SLP189 T02060194
CLT,2023-07-24 11:52,4.00,200.00,KCLT 241152Z 32006KT 4SM BR BKN002 21/20 A3009 RMK AO2 SLP195 60000 70245 T02110200 10211 20206 53010
CLT,2023-07-24 12:52,8.00,200.00,KCLT 241252Z 33005KT 8SM SCT002 SCT100 23/20 A3010 RMK AO2 SLP200 T02330200
CLT,2023-07-24 13:52,10.00,900.00,KCLT 241352Z 32007KT 10SM BKN009 24/21 A3011 RMK AO2 SLP204 T02440206
CLT,2023-07-24 14:52,10.00,1400.00,KCLT 241452Z 33009KT 10SM BKN014 25/21 A3012 RMK AO2 SLP207 T02500206 51012
CLT,2023-07-24 15:52,10.00,1400.00,KCLT 241552Z VRB04KT 10SM BKN014 BKN021 26/21 A3012 RMK AO2 SLP206 T02610206
CLT,2023-07-24 16:52,10.00,1800.00,KCLT 241652Z 03003KT 10SM BKN018 28/21 A3012 RMK AO2 SLP204 T02830211
CLT,2023-07-24 17:52,10.00,2900.00,KCLT 241752Z 35003KT 10SM SCT029 29/21 A3011 RMK AO2 SLP201 T02890206 10294 20206 58004
CLT,2023-07-24 18:52,10.00,3700.00,KCLT 241852Z 00000KT 10SM SCT037 30/20 A3010 RMK AO2 SLP199 T03000200
CLT,2023-07-24 19:52,10.00,4400.00,KCLT 241952Z 00000KT 10SM SCT044 31/19 A3009 RMK AO2 SLP195 TCU DSNT NW T03060194
CLT,2023-07-24 20:52,10.00,4900.00,KCLT 242052Z 36007KT 10SM FEW049 31/18 A3009 RMK AO2 SLP193 T03110183 56008
CLT,2023-07-24 21:52,10.00,5000.00,KCLT 242152Z 35004KT 10SM FEW050 31/18 A3007 RMK AO2 SLP189 CB DSNT N AND W T03110183
CLT,2023-07-24 22:52,10.00,M,KCLT 242252Z 29005KT 10SM CLR 31/19 A3008 RMK AO2 SLP190 T03060189
CLT,2023-07-24 23:52,10.00,25000.00,KCLT 242352Z 27003KT 10SM FEW250 29/19 A3007 RMK AO2 SLP187 CB DSNT NW TCU DSNT SE AND W T02940189 10317 20289 56006
CLT,2023-07-25 00:52,10.00,11000.00,KCLT 250052Z 00000KT 10SM FEW110 FEW250 27/21 A3009 RMK AO2 SLP194 T02670206
CLT,2023-07-25 01:52,10.00,25000.00,KCLT 250152Z 34003KT 10SM FEW250 24/20 A3010 RMK AO2 SLP200 T02440200
CLT,2023-07-25 02:52,10.00,25000.00,KCLT 250252Z 00000KT 10SM FEW250 24/20 A3012 RMK AO2 SLP206 T02390200 51018
CLT,2023-07-25 03:52,10.00,12000.00,KCLT 250352Z 29003KT 10SM FEW120 FEW250 23/20 A3014 RMK AO2 SLP211 T02280200
CLT,2023-07-25 04:52,10.00,11000.00,KCLT 250452Z 00000KT 10SM FEW110 24/20 A3013 RMK AO2 SLP206 T02390200 403170206
CLT,2023-07-25 05:52,9.00,M,KCLT 250552Z 00000KT 9SM CLR 23/21 A3011 RMK AO2 SLP201 T02280206 10289 20228 58005
CLT,2023-07-25 06:52,10.00,M,KCLT 250652Z 00000KT 10SM CLR 22/20 A3011 RMK AO2 SLP200 T02220200
CLT,2023-07-25 07:52,9.00,M,KCLT 250752Z 00000KT 9SM CLR 22/20 A3010 RMK AO2 SLP196 T02220200
CLT,2023-07-25 08:52,9.00,M,KCLT 250852Z 00000KT 9SM CLR 22/20 A3010 RMK AO2 SLP199 T02220200 55001
CLT,2023-07-25 09:52,9.00,M,KCLT 250952Z 33004KT 9SM CLR 21/19 A3012 RMK AO2 SLP204 T02110194
CLT,2023-07-25 10:52,7.00,25000.00,KCLT 251052Z 31003KT 7SM FEW250 22/19 A3013 RMK AO2 SLP209 T02170194
CLT,2023-07-25 11:52,8.00,25000.00,KCLT 251152Z 01003KT 8SM FEW250 23/21 A3015 RMK AO2 SLP212 T02330206 10233 20211 53013
CLT,2023-07-25 12:52,9.00,25000.00,KCLT 251252Z 32005KT 9SM FEW250 25/20 A3016 RMK AO2 SLP218 T02500200
CLT,2023-07-25 13:52,10.00,25000.00,KCLT 251352Z 33003KT 10SM FEW250 28/19 A3016 RMK AO2 SLP218 T02780189
CLT,2023-07-25 14:52,10.00,4000.00,KCLT 251452Z 00000KT 10SM FEW040 FEW250 30/19 A3016 RMK AO2 SLP216 T03000194 50004
CLT,2023-07-25 15:52,10.00,4500.00,KCLT 251552Z 28005KT 10SM FEW045 FEW250 31/19 A3016 RMK AO2 SLP217 T03110189
CLT,2023-07-25 16:52,10.00,4500.00,KCLT 251652Z 24004KT 10SM FEW045 FEW250 31/18 A3015 RMK AO2 SLP215 T03110178
CLT,2023-07-25 17:52,10.00,5000.00,KCLT 251752Z 28005KT 10SM SCT050 SCT250 32/17 A3014 RMK AO2 SLP209 CB DSNT NW T03220167 10322 20233 58007
CLT,2023-07-25 18:52,10.00,6000.00,KCLT 251852Z VRB03KT 10SM FEW060 SCT250 33/17 A3012 RMK AO2 SLP202 CB DSNT NW-N T03280167
CLT,2023-07-25 19:52,10.00,6000.00,KCLT 251952Z 27007KT 10SM FEW060 FEW090 SCT250 33/17 A3011 RMK AO2 SLP198 T03280172
CLT,2023-07-25 20:52,10.00,6000.00,KCLT 252052Z 25005KT 10SM FEW060 FEW090 SCT250 33/18 A3009 RMK AO2 SLP192 CB DSNT NE AND W T03280183 56017
CLT,2023-07-25 21:52,10.00,6000.00,KCLT 252152Z 29007KT 10SM FEW060 FEW095 SCT250 33/19 A3009 RMK AO2 SLP193 T03280189
CLT,2023-07-25 22:52,10.00,6000.00,KCLT 252252Z 25004KT 10SM FEW060 FEW100 SCT250 32/19 A3008 RMK AO2 SLP191 TCU DSNT SE T03220189
CLT,2023-07-25 23:52,10.00,10000.00,KCLT 252352Z 24003KT 10SM FEW100 SCT250 30/19 A3009 RMK AO2 SLP194 T03000194 10333 20300 53002
CLT,2023-07-26 00:52,10.00,M,KCLT 260052Z 22004KT 10SM CLR 29/21 A3010 RMK AO2 SLP196 T02890206
CLT,2023-07-26 01:52,8.00,25000.00,KCLT 260152Z 22003KT 8SM FEW250 28/21 A3011 RMK AO2 SLP201 T02830206
CLT,2023-07-26 02:52,8.00,M,KCLT 260252Z 00000KT 8SM CLR 26/21 A3012 RMK AO2 SLP202 T02610211 53007
CLT,2023-07-26 03:52,8.00,25000.00,KCLT 260352Z 00000KT 8SM FEW250 24/21 A3012 RMK AO2 SLP203 T02440211
CLT,2023-07-26 04:52,8.00,25000.00,KCLT 260452Z 00000KT 8SM SCT250 24/21 A3012 RMK AO2 SLP203 T02440211 403330211
CLT,2023-07-26 05:52,8.00,25000.00,KCLT 260552Z 19003KT 8SM FEW250 24/21 A3012 RMK AO2 SLP202 T02390211 10300 20239 50000
CLT,2023-07-26 06:52,7.00,25000.00,KCLT 260652Z 00000KT 7SM FEW250 23/22 A3010 RMK AO2 SLP198 T02330217
CLT,2023-07-26 07:52,9.00,25000.00,KCLT 260752Z 00000KT 9SM FEW250 24/21 A3010 RMK AO2 SLP198 T02390211
CLT,2023-07-26 08:52,7.00,M,KCLT 260852Z 32003KT 7SM CLR 23/21 A3011 RMK AO2 SLP201 T02280211 55001
CLT,2023-07-26 09:52,7.00,M,KCLT 260952Z 00000KT 7SM CLR 23/21 A3013 RMK AO2 SLP206 T02330206
CLT,2023-07-26 10:52,7.00,25000.00,KCLT 261052Z 31003KT 7SM FEW250 23/21 A3015 RMK AO2 SLP214 T02280206
CLT,2023-07-26 11:52,7.00,25000.00,KCLT 261152Z 35003KT 7SM FEW250 24/22 A3016 RMK AO2 SLP218 T02440217 10244 20222 51016
CLT,2023-07-26 12:52,7.00,25000.00,KCLT 261252Z 34004KT 7SM FEW250 28/22 A3016 RMK AO2 SLP219 T02780217
CLT,2023-07-26 13:52,10.00,25000.00,KCLT 261352Z 06006KT 10SM FEW250 30/21 A3016 RMK AO2 SLP217 T03000206
CLT,2023-07-26 14:52,9.00,25000.00,KCLT 261452Z 00000KT 9SM FEW250 31/21 A3016 RMK AO2 SLP218 T03110206 50000
CLT,2023-07-26 15:52,10.00,4500.00,KCLT 261552Z 15006KT 10SM FEW045 FEW250 32/21 A3016 RMK AO2 SLP218 T03220206
CLT,2023-07-26 16:52,10.00,4500.00,KCLT 261652Z 25004KT 10SM SCT045 SCT250 33/19 A3016 RMK AO2 SLP216 T03280194
CLT,2023-07-26 17:52,10.00,5000.00,KCLT 261752Z 24004KT 10SM SCT050 SCT250 33/20 A3014 RMK AO2 SLP210 T03330200 10333 20244 58007
CLT,2023-07-26 18:52,10.00,5500.00,KCLT 261852Z 21005KT 10SM SCT055 SCT250 34/20 A3012 RMK AO2 LTG DSNT SE SLP203 TCU DSNT SE T03390200
CLT,2023-07-26 19:52,10.00,5500.00,KCLT 261952Z 22004KT 10SM SCT055 SCT250 34/18 A3010 RMK AO2 SLP198 TCU DSNT SE-S T03390178
CLT,2023-07-26 20:52,10.00,5500.00,KCLT 262052Z 24005KT 10SM FEW055 SCT250 34/19 A3009 RMK AO2 SLP192 TCU DSNT SE T03390194 56018
CLT,2023-07-26 21:52,10.00,6000.00,KCLT 262152Z 27006KT 10SM FEW060 SCT250 34/19 A3008 RMK AO2 SLP191 TCU DSNT S T03440194
CLT,2023-07-26 22:52,10.00,5500.00,KCLT 262252Z 19007KT 10SM FEW055 FEW100 SCT250 32/20 A3009 RMK AO2 SLP192 TCU DSNT NE AND S T03220200
CLT,2023-07-26 23:52,10.00,5500.00,KCLT 262352Z 22005KT 10SM FEW055 FEW110 SCT250 31/21 A3009 RMK AO2 SLP194 T03110206 10350 20311 53003
CLT,2023-07-27 00:52,10.00,M,KCLT 270052Z 20005KT 10SM CLR 29/21 A3010 RMK AO2 SLP198 T02940211
CLT,2023-07-27 01:52,10.00,12000.00,KCLT 270152Z 18003KT 10SM FEW120 29/21 A3011 RMK AO2 SLP200 T02890206
CLT,2023-07-27 02:52,10.00,M,KCLT 270252Z 18004KT 10SM CLR 27/21 A3011 RMK AO2 SLP200 T02720206 51005
CLT,2023-07-27 03:52,10.00,M,KCLT 270352Z 19005KT 10SM CLR 27/20 A3011 RMK AO2 SLP199 T02720200
CLT,2023-07-27 04:52,10.00,M,KCLT 270452Z 19006KT 10SM CLR 26/21 A3011 RMK AO2 SLP200 T02610206 403500222
CLT,2023-07-27 05:52,10.00,M,KCLT 270552Z 18004KT 10SM CLR 26/21 A3010 RMK AO2 SLP198 T02560211 10311 20256 58001
CLT,2023-07-27 06:52,10.00,M,KCLT 270652Z 18004KT 10SM CLR 25/21 A3010 RMK AO2 SLP196 T02500211
CLT,2023-07-27 07:52,9.00,M,KCLT 270752Z 21003KT 9SM CLR 24/22 A3010 RMK AO2 SLP197 T02440217
CLT,2023-07-27 08:52,9.00,M,KCLT 270852Z 18003KT 9SM CLR 24/21 A3011 RMK AO2 SLP199 T02440211 53001
CLT,2023-07-27 09:52,8.00,M,KCLT 270952Z 00000KT 8SM CLR 23/21 A3013 RMK AO2 SLP206 T02330211
CLT,2023-07-27 10:52,7.00,M,KCLT 271052Z 18003KT 7SM CLR 24/21 A3014 RMK AO2 SLP211 T02390211
CLT,2023-07-27 11:52,8.00,25000.00,KCLT 271152Z 20004KT 8SM FEW250 25/22 A3015 RMK AO2 SLP213 T02500217 10256 20233 51013
CLT,2023-07-27 12:52,10.00,25000.00,KCLT 271252Z 22006KT 10SM FEW250 27/22 A3016 RMK AO2 SLP217 T02720217
CLT,2023-07-27 13:52,10.00,25000.00,KCLT 271352Z 25005KT 10SM FEW250 29/22 A3016 RMK AO2 SLP219 T02890222
CLT,2023-07-27 14:52,10.00,25000.00,KCLT 271452Z 27006KT 10SM FEW250 30/22 A3016 RMK AO2 SLP218 T03000222 50005
CLT,2023-07-27 15:52,10.00,3500.00,KCLT 271552Z 00000KT 10SM FEW035 FEW250 31/23 A3016 RMK AO2 SLP216 T03110228
CLT,2023-07-27 16:52,10.00,4000.00,KCLT 271652Z 21006KT 10SM FEW040 FEW250 33/22 A3014 RMK AO2 SLP212 T03280217
CLT,2023-07-27 17:52,10.00,5000.00,KCLT 271752Z 23008KT 10SM FEW050 FEW250 34/21 A3013 RMK AO2 SLP206 T03390206 10339 20250 58010
CLT,2023-07-27 18:52,10.00,5000.00,KCLT 271852Z 26008KT 10SM FEW050 FEW250 34/20 A3011 RMK AO2 SLP201 CB DSNT NW AND S TCU DSNT S T03440200
CLT,2023-07-27 19:52,10.00,6000.00,KCLT 271952Z VRB06KT 10SM FEW060 FEW250 34/20 A3010 RMK AO2 SLP198 TCU DSNT SW T03440200
CLT,2023-07-27 20:52,10.00,6000.00,KCLT 272052Z VRB05KT 10SM FEW060 FEW250 34/19 A3009 RMK AO2 SLP193 CB DSNT W TCU DSNT S-SW T03440194 56013
CLT,2023-07-27 21:52,10.00,6000.00,KCLT 272152Z 26006KT 10SM FEW060 FEW250 34/19 A3008 RMK AO2 SLP191 CB DSNT SW TCU DSNT S T03440189
CLT,2023-07-27 22:52,10.00,6000.00,KCLT 272252Z 21007KT 10SM FEW060 FEW250 34/21 A3008 RMK AO2 SLP190 T03390211
CLT,2023-07-27 23:52,10.00,25000.00,KCLT 272352Z 21005KT 10SM FEW250 32/21 A3009 RMK AO2 SLP192 T03220211 10350 20322 55001
CLT,2023-07-28 00:52,10.00,5500.00,KCLT 280052Z 21005KT 10SM FEW055 FEW250 31/22 A3011 RMK AO2 SLP199 T03060217
CLT,2023-07-28 01:52,10.00,25000.00,KCLT 280152Z 20005KT 10SM FEW250 29/21 A3013 RMK AO2 SLP206 T02940211
CLT,2023-07-28 02:52,10.00,M,KCLT 280252Z 18006KT 10SM CLR 29/21 A3014 RMK AO2 SLP209 T02890206 51017
CLT,2023-07-28 03:52,10.00,25000.00,KCLT 280352Z 19005KT 10SM FEW250 28/19 A3014 RMK AO2 SLP211 T02780194
CLT,2023-07-28 04:52,10.00,25000.00,KCLT 280452Z 19005KT 10SM FEW250 27/20 A3013 RMK AO2 SLP207 T02670200 403500233
CLT,2023-07-28 05:52,10.00,25000.00,KCLT 280552Z 19005KT 10SM FEW250 26/21 A3013 RMK AO2 SLP206 T02610206 10322 20261 58002
CLT,2023-07-28 06:52,10.00,M,KCLT 280652Z 20005KT 10SM CLR 26/22 A3013 RMK AO2 SLP206 T02560217
CLT,2023-07-28 07:52,10.00,M,KCLT 280752Z 20006KT 10SM CLR 26/22 A3013 RMK AO2 SLP205 T02560217
CLT,2023-07-28 08:52,10.00,M,KCLT 280852Z 22005KT 10SM CLR 25/22 A3013 RMK AO2 SLP207 T02500222 53001
CLT,2023-07-28 09:52,10.00,6000.00,KCLT 280952Z 22006KT 10SM FEW060 25/22 A3014 RMK AO2 SLP211 T02500222
CLT,2023-07-28 10:52,10.00,6000.00,KCLT 281052Z 21006KT 10SM FEW060 FEW250 25/22 A3015 RMK AO2 SLP216 T02500222
CLT,2023-07-28 11:52,10.00,25000.00,KCLT 281152Z VRB04KT 10SM FEW250 26/23 A3017 RMK AO2 SLP220 T02610228 10267 20250 53011
CLT,2023-07-28 12:52,10.00,25000.00,KCLT 281252Z 23005KT 10SM FEW250 27/23 A3017 RMK AO2 SLP222 T02720228
CLT,2023-07-28 13:52,10.00,25000.00,KCLT 281352Z VRB05KT 10SM FEW250 29/23 A3017 RMK AO2 SLP222 T02890228
CLT,2023-07-28 14:52,10.00,25000.00,KCLT 281452Z 24006KT 10SM FEW250 31/23 A3017 RMK AO2 SLP219 T03060228 50000
CLT,2023-07-28 15:52,10.00,4000.00,KCLT 281552Z 23005KT 10SM FEW040 FEW200 SCT250 32/23 A3016 RMK AO2 SLP217 T03170228
CLT,2023-07-28 16:52,10.00,4000.00,KCLT 281652Z 24006KT 10SM SCT040 SCT200 SCT250 33/22 A3016 RMK AO2 SLP214 T03280217
CLT,2023-07-28 17:52,10.00,4500.00,KCLT 281752Z 22009KT 10SM SCT045 SCT200 BKN250 33/22 A3014 RMK AO2 SLP208 T03330222 10339 20261 58011
CLT,2023-07-28 18:52,10.00,4500.00,KCLT 281852Z 25006KT 10SM SCT045 SCT210 BKN250 34/21 A3010 RMK AO2 SLP195 CB DSNT NW T03390206
CLT,2023-07-28 19:52,10.00,5000.00,KCLT 281952Z 19006KT 10SM SCT050 SCT200 BKN250 34/21 A3010 RMK AO2 SLP195 TCU DSNT NW-N T03390211
CLT,2023-07-28 20:52,10.00,5000.00,KCLT 282052Z 19005KT 10SM SCT050 SCT070 BKN250 34/22 A3009 RMK AO2 SLP192 CB DSNT NW-N T03440217 56016
CLT,2023-07-28 21:52,10.00,5000.00,KCLT 282152Z 20006KT 10SM TS SCT050CB BKN090 BKN250 33/22 A3009 RMK AO2 LTG DSNT N TSB40 SLP194 FRQ LTGICCG N-NE TS N-NE MOV NRLY STNRY T03330217
CLT,2023-07-28 22:52,1.25,1200.00,KCLT 282252Z 25019G26KT 1 1/4SM R18C/4500VP6000FT +TSRA SCT012 BKN050CB OVC110 26/22 A3011 RMK AO2 PK WND 25026/2249 LTG DSNT ALQDS SLP201 RAB35 TSE34B51 OCNL LTGIC OHD TS OHD MOV NE TS DSIPTD P0040 T02610217
CLT,2023-07-28 23:52,10.00,5500.00,KCLT 282352Z 27007KT 10SM -RA FEW055 SCT080 BKN120 BKN250 25/20 A3010 RMK AO2 WSHFT 2240 LTG DSNT SW AND W TSE50 SLP199 TS DSIPTD CB DSNT SW P0061 60101 T02500200 10344 20244 50005
CLT,2023-07-29 00:52,10.00,7000.00,KCLT 290052Z 17004KT 10SM FEW070 SCT110 BKN250 27/21 A3011 RMK AO2 RAE2358 SLP200 P0000 T02670211
CLT,2023-07-29 01:52,10.00,7000.00,KCLT 290152Z 19005KT 10SM FEW070 BKN250 27/21 A3013 RMK AO2 SLP206 T02720211
CLT,2023-07-29 02:52,10.00,2700.00,KCLT 290252Z 00000KT 10SM SCT027 SCT070 BKN250 25/23 A3016 RMK AO2 SLP218 60000 T02500228 53019
CLT,2023-07-29 03:52,10.00,4200.00,KCLT 290352Z 21003KT 10SM SCT042 SCT120 BKN250 26/23 A3015 RMK AO2 SLP214 T02610228
CLT,2023-07-29 04:52,10.00,12000.00,KCLT 290452Z 18006KT 10SM SCT120 SCT250 27/22 A3013 RMK AO2 SLP206 T02670222 403440244
CLT,2023-07-29 05:52,10.00,12000.00,KCLT 290552Z 23004KT 10SM FEW120 SCT250 26/22 A3011 RMK AO2 SLP199 60000 T02560222 10272 20250 58019
CLT,2023-07-29 06:52,10.00,12000.00,KCLT 290652Z 30003KT 10SM FEW120 24/23 A3009 RMK AO2 SLP194 T02440228
CLT,2023-07-29 07:52,10.00,15000.00,KCLT 290752Z 26005KT 10SM BKN150 24/22 A3009 RMK AO2 SLP193 T02440222
CLT,2023-07-29 08:52,10.00,15000.00,KCLT 290852Z 23004KT 10SM BKN150 24/22 A3010 RMK AO2 SLP196 T02440222 55002
CLT,2023-07-29 09:52,10.00,14000.00,KCLT 290952Z 20004KT 10SM BKN140 25/22 A3011 RMK AO2 SLP200 T02500222
CLT,2023-07-29 10:52,10.00,9500.00,KCLT 291052Z 24003KT 10SM SCT095 BKN140 BKN250 24/22 A3011 RMK AO2 SLP200 T02440222
CLT,2023-07-29 11:52,10.00,9500.00,KCLT 291152Z VRB04KT 10SM SCT095 BKN120 BKN160 25/22 A3011 RMK AO2 SLP201 70101 T02500222 10256 20244 51004
CLT,2023-07-29 12:52,10.00,11000.00,KCLT 291252Z 20004KT 10SM SCT110 BKN140 BKN250 25/22 A3012 RMK AO2 SLP205 T02500222
CLT,2023-07-29 13:52,10.00,11000.00,KCLT 291352Z 17006KT 10SM FEW110 BKN150 BKN250 26/22 A3011 RMK AO2 SLP199 T02610222
CLT,2023-07-29 14:52,9.00,6000.00,KCLT 291452Z 19005KT 9SM -RA SCT060 BKN110 BKN250 27/23 A3011 RMK AO2 RAB47 SLP201 P0000 60000 T02670228 50000
CLT,2023-07-29 15:52,10.00,3000.00,KCLT 291552Z 22004KT 10SM FEW030 SCT110 BKN150 BKN250 28/22 A3011 RMK AO2 RAE09 SLP201 P0000 T02780222
CLT,2023-07-29 16:52,10.00,3000.00,KCLT 291652Z 22007KT 10SM FEW030 FEW110 BKN150 BKN250 28/22 A3008 RMK AO2 SLP191 T02780217
CLT,2023-07-29 17:52,10.00,3400.00,KCLT 291752Z 23006KT 10SM FEW034 SCT150 SCT220 BKN250 29/22 A3006 RMK AO2 SLP182 60000 T02890217 10300 20250 58018
CLT,2023-07-29 18:52,10.00,3500.00,KCLT 291852Z 26007KT 10SM FEW035 FEW060 BKN170 BKN250 29/23 A3003 RMK AO2 SLP174 TCU DSNT SE T02940233
CLT,2023-07-29 19:52,10.00,3000.00,KCLT 291952Z 21008KT 10SM SCT030 SCT190 BKN250 31/23 A3001 RMK AO2 SLP167 T03060228
CLT,2023-07-29 20:52,10.00,3000.00,KCLT 292052Z 20007KT 180V240 10SM FEW030 SCT200 SCT250 31/23 A2998 RMK AO2 SLP156 TCU DSNT NE T03110233 58025
CLT,2023-07-29 21:52,10.00,3000.00,KCLT 292152Z 21010KT 10SM FEW030 SCT250 31/23 A2998 RMK AO2 SLP155 CB DSNT N TCU DSNT S T03110228
CLT,2023-07-29 22:52,10.00,3000.00,KCLT 292252Z 22009KT 10SM FEW030 BKN140 BKN250 30/23 A3000 RMK AO2 SLP161 T03000228
CLT,2023-07-29 23:52,10.00,3500.00,KCLT 292352Z 26006KT 10SM FEW035 SCT140 BKN250 29/23 A3000 RMK AO2 LTG DSNT NW SLP163 CB DSNT W-N T02890233 10317 20289 53006
CLT,2023-07-30 00:52,10.00,2900.00,KCLT 300052Z 33015G23KT 10SM TS FEW029CB SCT037 SCT049 BKN250 26/19 A3005 RMK AO2 PK WND 33033/0035 LTG DSNT NE TSB29 SLP181 OCNL LTGICCC W TS W MOV SE T02560189
CLT,2023-07-30 01:52,10.00,6000.00,KCLT 300152Z 00000KT 10SM -RA FEW060 BKN110 23/20 A3002 RMK AO2 LTG DSNT E RAB0056E05B40 TSE0056 SLP172 TS MOV SE P0000 T02280200
CLT,2023-07-30 02:52,10.00,6000.00,KCLT 300252Z 28007KT 10SM FEW060 BKN140 23/21 A3001 RMK AO2 RAE13 SLP166 P0000 60000 T02280206 50002
CLT,2023-07-30 03:52,10.00,14000.00,KCLT 300352Z 00000KT 10SM FEW140 BKN230 23/21 A3001 RMK AO2 SLP166 T02280206
CLT,2023-07-30 04:52,10.00,15000.00,KCLT 300452Z 29005KT 10SM SCT150 BKN210 22/21 A2999 RMK AO2 SLP160 T02220206 403170222
CLT,2023-07-30 05:52,10.00,15000.00,KCLT 300552Z 00000KT 10SM FEW150 SCT200 22/20 A2997 RMK AO2 SLP155 60000 T02220200 10283 20222 58010
CLT,2023-07-30 06:52,10.00,20000.00,KCLT 300652Z 28003KT 10SM FEW200 22/20 A2997 RMK AO2 SLP153 T02170200
CLT,2023-07-30 07:52,10.00,24000.00,KCLT 300752Z 00000KT 10SM SCT240 21/20 A2997 RMK AO2 SLP152 T02110200
CLT,2023-07-30 08:52,10.00,24000.00,KCLT 300852Z 00000KT 10SM SCT240 22/20 A2997 RMK AO2 SLP154 T02170200 55000
CLT,2023-07-30 09:52,10.00,19000.00,KCLT 300952Z 28003KT 10SM BKN190 22/20 A2998 RMK AO2 SLP155 T02170200
CLT,2023-07-30 10:52,10.00,24000.00,KCLT 301052Z 29004KT 10SM BKN240 22/20 A2999 RMK AO2 SLP159 T02170200
CLT,2023-07-30 11:52,10.00,15000.00,KCLT 301152Z 35004KT 10SM BKN150 23/21 A3000 RMK AO2 SLP164 T02330206 10233 20211 53009
CLT,2023-07-30 12:52,10.00,14000.00,KCLT 301252Z VRB04KT 10SM SCT140 SCT250 26/21 A3000 RMK AO2 SLP165 T02610211
CLT,2023-07-30 13:52,10.00,11000.00,KCLT 301352Z 01008KT 10SM FEW110 SCT140 SCT190 27/21 A3001 RMK AO2 SLP167 T02720211
CLT,2023-07-30 14:52,10.00,2000.00,KCLT 301452Z 35007KT 10SM FEW020 FEW060 SCT130 BKN170 28/21 A3002 RMK AO2 SLP171 T02780206 53007
CLT,2023-07-30 15:52,10.00,2500.00,KCLT 301552Z VRB03KT 10SM FEW025 FEW075 SCT120 BKN160 29/21 A3002 RMK AO2 SLP170 T02890211
CLT,2023-07-30 16:52,10.00,3000.00,KCLT 301652Z 34007KT 10SM FEW030 FEW100 SCT160 30/22 A3001 RMK AO2 SLP166 TCU DSNT NW-N T03000217
CLT,2023-07-30 17:52,10.00,3500.00,KCLT 301752Z 02007KT 340V050 10SM FEW035 FEW070 BKN140 BKN250 31/20 A2999 RMK AO2 SLP160 CB DSNT NW-N T03060200 10306 20228 58009
CLT,2023-07-30 18:52,10.00,3500.00,KCLT 301852Z 34007KT 10SM SCT035 SCT070 BKN100 BKN250 30/21 A2998 RMK AO2 LTG DSNT NW SLP157 CB DSNT NW-N T03000206
CLT,2023-07-30 19:52,9.00,600.00,KCLT 301952Z 35015G20KT 9SM -TSRA FEW006 SCT039CB BKN060 BKN140 24/21 A2999 RMK AO2 PK WND 34030/1926 RAB45 TSE11B13 SLP162 OCNL LTGICCCCG NE-E TS NE-E MOV SE P0000 T02440211
CLT,2023-07-30 20:52,10.00,3800.00,KCLT 302052Z 33007KT 10SM FEW038 SCT070 SCT120 BKN250 25/21 A2998 RMK AO2 LTG DSNT E AND SE RAE00 TSE05 SLP160 CB DSNT E TS MOV SE P0000 60000 T02500206 56003
CLT,2023-07-30 21:52,10.00,7000.00,KCLT 302152Z 35007KT 10SM FEW070 BKN140 BKN250 26/21 A2997 RMK AO2 SLP153 T02610206
CLT,2023-07-30 22:52,10.00,7000.00,KCLT 302252Z 34007KT 10SM FEW070 SCT150 BKN250 27/21 A2996 RMK AO2 SLP152 T02670206
CLT,2023-07-30 23:52,10.00,16000.00,KCLT 302352Z 01004KT 10SM FEW160 BKN250 26/20 A2997 RMK AO2 SLP154 60000 T02610200 10311 20239 55004
CLT,2023-07-31 00:52,10.00,7000.00,KCLT 310052Z 00000KT 10SM FEW070 FEW150 SCT250 24/21 A2998 RMK AO2 SLP158 T02440206
CLT,2023-07-31 01:52,10.00,25000.00,KCLT 310152Z 00000KT 10SM FEW250 24/21 A3000 RMK AO2 SLP165 T02390211
CLT,2023-07-31 02:52,10.00,25000.00,KCLT 310252Z 32003KT 10SM FEW250 23/21 A3001 RMK AO2 SLP168 T02280206 51013
CLT,2023-07-31 03:52,10.00,25000.00,KCLT 310352Z 00000KT 10SM FEW250 23/21 A3001 RMK AO2 SLP166 T02280206
CLT,2023-07-31 04:52,10.00,25000.00,KCLT 310452Z 00000KT 10SM FEW250 22/21 A3001 RMK AO2 SLP167 T02220206 403110211
CLT,2023-07-31 05:52,10.00,25000.00,KCLT 310552Z 00000KT 10SM FEW250 22/21 A3000 RMK AO2 SLP163 T02220206 10261 20222 58004
CLT,2023-07-31 06:52,9.00,25000.00,KCLT 310652Z 00000KT 9SM FEW250 21/20 A2998 RMK AO2 SLP156 T02110200
CLT,2023-07-31 07:52,10.00,M,KCLT 310752Z 31004KT 10SM CLR 22/20 A2997 RMK AO2 SLP156 T02170200
CLT,2023-07-31 08:52,8.00,M,KCLT 310852Z 32003KT 8SM CLR 21/20 A2998 RMK AO2 SLP157 T02110200 55008
CLT,2023-07-31 09:52,9.00,10000.00,KCLT 310952Z 32004KT 9SM FEW100 21/20 A2999 RMK AO2 SLP160 T02110200
CLT,2023-07-31 10:52,7.00,5000.00,KCLT 311052Z 00000KT 7SM FEW050 SCT090 BKN110 22/20 A3000 RMK AO2 SLP164 T02170200
CLT,2023-07-31 11:52,9.00,5000.00,KCLT 311152Z COR 00000KT 9SM FEW050 FEW110 23/21 A3002 RMK AO2 SLP171 T02330211 10233 20211 53015
CLT,2023-07-31 12:52,10.00,2000.00,KCLT 311252Z 02003KT 10SM FEW020 FEW110 26/22 A3004 RMK AO2 SLP176 T02560217
CLT,2023-07-31 13:52,10.00,2000.00,KCLT 311352Z 33005KT 10SM FEW020 SCT120 27/22 A3004 RMK AO2 SLP179 T02720217
CLT,2023-07-31 14:52,10.00,2200.00,KCLT 311452Z 06005KT 10SM SCT022 29/22 A3004 RMK AO2 SLP178 T02890217 50007
CLT,2023-07-31 15:52,10.00,3000.00,KCLT 311552Z 31005KT 10SM SCT030 29/21 A3005 RMK AO2 SLP181 T02890211
CLT,2023-07-31 16:52,10.00,3600.00,KCLT 311652Z 36005KT 10SM SCT036TCU 31/20 A3004 RMK AO2 SLP178 TCU E-S-W T03110200
CLT,2023-07-31 17:52,10.00,4800.00,KCLT 311752Z 32009KT 10SM SCT048TCU SCT250 32/18 A3003 RMK AO2 SLP173 TCU N AND S T03170183 10317 20233 58004
CLT,2023-07-31 18:52,10.00,4900.00,KCLT 311852Z 01005KT 10SM SCT049 SCT250 32/18 A3000 RMK AO2 SLP163 TCU DSNT E-S AND NW T03220183
CLT,2023-07-31 19:52,10.00,5000.00,KCLT 311952Z 31008KT 10SM SCT050 SCT160 SCT250 32/18 A2999 RMK AO2 SLP159 TCU DSNT SE T03170183
CLT,2023-07-31 20:52,10.00,5500.00,KCLT 312052Z 02006KT 10SM FEW055 SCT160 SCT250 31/17 A2998 RMK AO2 SLP158 TCU DSNT SE T03110172 56016
CLT,2023-07-31 21:52,10.00,5500.00,KCLT 312152Z COR 30008KT 10SM FEW055 FEW160 32/16 A2998 RMK AO2 SLP156 T03170161 $
CLT,2023-07-31 22:52,10.00,5500.00,KCLT 312252Z COR 31005KT 10SM FEW055 FEW160 32/17 A2999 RMK AO2 SLP159 T03170167 $
CLT,2023-07-31 23:52,10.00,5500.00,KCLT 312352Z 30003KT 10SM FEW055 SCT150 30/18 A3000 RMK AO2 SLP162 TCU DSNT NE T03000183 10328 20300 53005 $
CLT,2023-08-01 00:52,10.00,6500.00,KCLT 010052Z 31004KT 10SM FEW065 SCT140 28/19 A3001 RMK AO2 SLP167 CB DSNT NE AND S T02780194 $
CLT,2023-08-01 01:52,10.00,12000.00,KCLT 010152Z 13003KT 10SM SCT120 27/19 A3005 RMK AO2 SLP180 LTG DSNT S CB DSNT S T02670194 $
CLT,2023-08-01 02:52,10.00,12000.00,KCLT 010252Z 16003KT 10SM FEW120 26/19 A3006 RMK AO2 SLP182 T02610194 51020 $
CLT,2023-08-01 03:52,10.00,8000.00,KCLT 010352Z 00000KT 10SM FEW080 SCT120 25/20 A3006 RMK AO2 SLP182 T02500200 $
CLT,2023-08-01 04:52,10.00,8000.00,KCLT 010452Z 33003KT 10SM FEW080 FEW120 23/20 A3005 RMK AO2 SLP181 T02330200 403280211 $
CLT,2023-08-01 05:52,10.00,8000.00,KCLT 010552Z 00000KT 10SM FEW080 SCT120 24/20 A3006 RMK AO2 SLP182 T02440200 10300 20233 55000 $
CLT,2023-08-01 06:52,10.00,8000.00,KCLT 010652Z 00000KT 10SM FEW080 FEW110 23/20 A3005 RMK AO2 SLP180 T02280200 $
CLT,2023-08-01 07:52,10.00,7500.00,KCLT 010752Z 00000KT 10SM FEW075 BKN120 23/21 A3005 RMK AO2 SLP178 T02280206 $
CLT,2023-08-01 08:52,10.00,8500.00,KCLT 010852Z 36005KT 10SM BKN085 BKN110 22/21 A3007 RMK AO2 SLP185 T02220206 53003 $
CLT,2023-08-01 09:52,10.00,12000.00,KCLT 010952Z 36007KT 10SM SCT120 22/18 A3008 RMK AO2 SLP192 T02170183 $
CLT,2023-08-01 10:52,10.00,8000.00,KCLT 011052Z 01006KT 10SM FEW080 SCT110 21/18 A3010 RMK AO2 SLP198 T02110183 $
CLT,2023-08-01 11:52,10.00,8000.00,KCLT 011152Z 01007KT 10SM FEW080 FEW110 22/19 A3011 RMK AO2 SLP202 T02220189 10244 20206 51016
CLT,2023-08-01 12:52,10.00,2000.00,KCLT 011252Z 02007KT 10SM FEW020 FEW080 SCT110 24/19 A3013 RMK AO2 SLP207 T02390189
CLT,2023-08-01 13:52,10.00,2000.00,KCLT 011352Z 03007KT 10SM FEW020 FEW090 SCT120 26/19 A3013 RMK AO2 SLP207 T02560194
CLT,2023-08-01 14:52,10.00,2300.00,KCLT 011452Z VRB06KT 10SM FEW023 FEW100 27/19 A3013 RMK AO2 SLP207 T02720194 51005
CLT,2023-08-01 15:52,10.00,2800.00,KCLT 011552Z 04009KT 10SM SCT028 BKN100 28/19 A3013 RMK AO2 SLP206 T02780194
CLT,2023-08-01 16:52,10.00,3400.00,KCLT 011652Z VRB04KT 10SM BKN034 BKN100 28/19 A3012 RMK AO2 SLP203 T02780194
CLT,2023-08-01 17:52,10.00,3700.00,KCLT 011752Z 02006KT 10SM BKN037 BKN100 28/19 A3012 RMK AO2 SLP203 T02830194 10294 20222 55004
CLT,2023-08-01 18:52,10.00,4100.00,KCLT 011852Z 34007KT 310V010 10SM SCT041 BKN085 31/19 A3011 RMK AO2 SLP199 TCU DSNT E-S AND W-NW T03060194
CLT,2023-08-01 19:52,10.00,6000.00,KCLT 011952Z 36007KT 10SM SCT060 SCT250 31/19 A3009 RMK AO2 SLP194 TCU DSNT E-SE T03060189
CLT,2023-08-01 20:52,10.00,4800.00,KCLT 012052Z 04006KT 10SM FEW048 FEW250 31/17 A3009 RMK AO2 SLP192 TCU DSNT SE-S T03110172 56010
CLT,2023-08-01 21:52,10.00,5500.00,KCLT 012152Z 01006KT 10SM FEW055 FEW250 31/17 A3007 RMK AO2 SLP188 T03060172
CLT,2023-08-01 22:52,10.00,5500.00,KCLT 012252Z 02007KT 10SM FEW055 29/17 A3007 RMK AO2 SLP188 T02940172
CLT,2023-08-01 23:52,10.00,M,KCLT 012352Z 01007KT 10SM CLR 27/18 A3009 RMK AO2 SLP194 T02720178 10311 20272 53001
CLT,2023-08-02 00:52,10.00,5500.00,KCLT 020052Z 07010KT 10SM FEW055 28/17 A3011 RMK AO2 SLP203 T02780167
CLT,2023-08-02 01:52,10.00,5500.00,KCLT 020152Z 08008KT 10SM FEW055 27/17 A3014 RMK AO2 SLP212 T02720167
CLT,2023-08-02 02:52,10.00,M,KCLT 020252Z 07009KT 10SM CLR 26/17 A3016 RMK AO2 SLP216 T02610167 51022
CLT,2023-08-02 03:52,10.00,5500.00,KCLT 020352Z 08007KT 10SM FEW055 26/16 A3017 RMK AO2 SLP221 T02560161
CLT,2023-08-02 04:52,10.00,6000.00,KCLT 020452Z 08009G15KT 10SM FEW060 24/16 A3017 RMK AO2 SLP222 T02440161 403110206
CLT,2023-08-02 05:52,10.00,M,KCLT 020552Z 08011KT 10SM CLR 24/16 A3017 RMK AO2 SLP222 T02390156 10278 20239 51005
CLT,2023-08-02 06:52,10.00,M,KCLT 020652Z 08009KT 10SM CLR 23/16 A3017 RMK AO2 SLP220 T02330161
CLT,2023-08-02 07:52,10.00,M,KCLT 020752Z 08006KT 10SM CLR 22/17 A3017 RMK AO2 SLP219 T02220167
CLT,2023-08-02 08:52,10.00,M,KCLT 020852Z 08006KT 10SM CLR 22/17 A3017 RMK AO2 SLP221 T02220172 53000
CLT,2023-08-02 09:52,10.00,8000.00,KCLT 020952Z 07004KT 10SM FEW080 21/17 A3018 RMK AO2 SLP225 T02110167
CLT,2023-08-02 10:52,10.00,7000.00,KCLT 021052Z 07004KT 10SM FEW070 FEW250 21/16 A3019 RMK AO2 SLP229 T02110161
CLT,2023-08-02 11:52,10.00,3200.00,KCLT 021152Z 07005KT 10SM FEW032 FEW070 SCT250 22/17 A3019 RMK AO2 SLP229 T02220167 10250 20206 50006
CLT,2023-08-02 12:52,10.00,3600.00,KCLT 021252Z 05005KT 10SM FEW036 SCT070 SCT250 24/17 A3022 RMK AO2 SLP238 T02390172
CLT,2023-08-02 13:52,10.00,3500.00,KCLT 021352Z 07007KT 10SM FEW035 BKN080 BKN250 24/18 A3025 RMK AO2 SLP249 T02440178
CLT,2023-08-02 14:52,10.00,3000.00,KCLT 021452Z 10009KT 10SM FEW030 FEW080 SCT250 26/18 A3023 RMK AO2 SLP241 T02610178 50011
CLT,2023-08-02 15:52,10.00,4000.00,KCLT 021552Z 13006KT 10SM FEW040 SCT250 27/18 A3023 RMK AO2 SLP241 T02720178
CLT,2023-08-02 16:52,10.00,4200.00,KCLT 021652Z 14003KT 10SM BKN042 BKN080 BKN250 28/17 A3021 RMK AO2 SLP234 T02780167
CLT,2023-08-02 17:52,10.00,4500.00,KCLT 021752Z VRB03KT 10SM BKN045 BKN070 BKN250 29/17 A3020 RMK AO2 SLP232 T02890167 10300 20222 58007
CLT,2023-08-02 18:52,10.00,4500.00,KCLT 021852Z 07004KT 10SM FEW045 SCT070 BKN250 29/16 A3019 RMK AO2 SLP228 T02940161
CLT,2023-08-02 19:52,10.00,5000.00,KCLT 021952Z 14003KT 10SM SCT050 BKN080 BKN250 29/16 A3017 RMK AO2 SLP222 T02940161
CLT,2023-08-02 20:52,10.00,5000.00,KCLT 022052Z VRB06KT 10SM FEW050 SCT100 BKN250 30/17 A3016 RMK AO2 SLP218 T03000167 56015
CLT,2023-08-02 21:52,10.00,5000.00,KCLT 022152Z 16004KT 10SM FEW050 FEW100 BKN250 30/16 A3015 RMK AO2 SLP214 T03000161
CLT,2023-08-02 22:52,10.00,5500.00,KCLT 022252Z 15004KT 10SM FEW055 SCT100 BKN250 29/17 A3014 RMK AO2 SLP213 T02890167
CLT,2023-08-02 23:52,10.00,6000.00,KCLT 022352Z 16004KT 10SM SCT060 BKN110 OVC250 28/17 A3015 RMK AO2 SLP213 T02830172 10306 20283 55004
CLT,2023-08-03 00:52,10.00,5500.00,KCLT 030052Z 15003KT 10SM BKN055 BKN070 BKN100 OVC250 27/17 A3014 RMK AO2 SLP213 T02720172
CLT,2023-08-03 01:52,10.00,6000.00,KCLT 030152Z 15005KT 10SM BKN060 OVC110 27/18 A3015 RMK AO2 SLP215 T02670178
CLT,2023-08-03 02:52,10.00,7500.00,KCLT 030252Z 15006KT 10SM FEW075 BKN110 26/18 A3016 RMK AO2 SLP220 T02560178 53006
CLT,2023-08-03 03:52,10.00,6000.00,KCLT 030352Z 14005KT 10SM SCT060 BKN080 OVC100 25/18 A3017 RMK AO2 SLP221 T02500178
CLT,2023-08-03 04:52,4.00,4900.00,KCLT 030452Z 15006KT 4SM RA SCT049 OVC070 24/17 A3017 RMK AO2 RAB46 SLP223 P0002 T02390172 403060206
CLT,2023-08-03 05:52,10.00,4100.00,KCLT 030552Z 14005KT 10SM FEW041 BKN050 OVC120 23/18 A3014 RMK AO2 RAE34 SLP213 P0007 60009 T02280178 10283 20222 58007
CLT,2023-08-03 06:52,10.00,7500.00,KCLT 030652Z 17006KT 10SM BKN075 OVC095 23/18 A3013 RMK AO2 SLP208 T02280183
CLT,2023-08-03 07:52,10.00,9000.00,KCLT 030752Z 18006KT 10SM OVC090 23/19 A3012 RMK AO2 RAB18E35 SLP205 P0000 T02330189
CLT,2023-08-03 08:52,10.00,12000.00,KCLT 030852Z 18006KT 10SM BKN120 OVC130 23/19 A3013 RMK AO2 SLP206 60000 T02330189 55006
CLT,2023-08-03 09:52,10.00,5000.00,KCLT 030952Z 17006KT 10SM -RA BKN050 OVC120 23/19 A3013 RMK AO2 RAB52 SLP207 P0000 T02330189
CLT,2023-08-03 10:52,7.00,5000.00,KCLT 031052Z 18003KT 7SM -RA FEW050 OVC100 22/20 A3013 RMK AO2 SLP209 P0001 T02220200
CLT,2023-08-03 11:52,7.00,3500.00,KCLT 031152Z 15004KT 7SM FEW035 OVC050 22/20 A3014 RMK AO2 RAE29 SLP210 P0001 60002 70011 T02220200 10233 20217 51003
CLT,2023-08-03 12:52,5.00,3700.00,KCLT 031252Z 20005KT 5SM -RA BR SCT037 BKN070 OVC095 22/20 A3015 RMK AO2 RAB1154E08B34 SLP215 P0001 T02220200
CLT,2023-08-03 13:52,4.00,3700.00,KCLT 031352Z 17008KT 4SM -RA FEW037 SCT055 OVC100 22/19 A3014 RMK AO2 SLP212 P0006 T02220194
CLT,2023-08-03 14:52,5.00,7000.00,KCLT 031452Z 18008KT 5SM -RA BR FEW070 OVC090 22/20 A3013 RMK AO2 SLP209 P0002 60009 T02220200 58002
CLT,2023-08-03 15:52,4.00,3500.00,KCLT 031552Z 18007KT 4SM -RA BR SCT035 BKN060 OVC080 22/20 A3013 RMK AO2 SLP209 P0001 T02220200
CLT,2023-08-03 16:52,2.50,2200.00,KCLT 031652Z 18006KT 2 1/2SM RA BR FEW022 BKN041 OVC080 22/21 A3011 RMK AO2 SLP204 P0008 T02220206
CLT,2023-08-03 17:52,2.50,700.00,KCLT 031752Z 18008KT 2 1/2SM -RA BR SCT007 BKN050 OVC070 22/21 A3010 RMK AO2 SLP199 P0016 60034 T02220206 10228 20217 58010
CLT,2023-08-03 18:52,5.00,700.00,KCLT 031852Z 16008KT 5SM -RA BR SCT007 BKN020 OVC055 22/21 A3008 RMK AO2 RAE38B40 SLP193 P0000 T02220206
CLT,2023-08-03 19:52,6.00,900.00,KCLT 031952Z 17008KT 6SM BR BKN009 OVC015 23/21 A3005 RMK AO2 RAE06 SLP183 P0000 T02330211
CLT,2023-08-03 20:52,6.00,900.00,KCLT 032052Z 18011KT 6SM -RA FEW009 BKN015 OVC100 24/21 A3003 RMK AO2 RAB39 SLP176 P0000 60000 T02390211 58022
CLT,2023-08-03 21:52,3.00,1300.00,KCLT 032152Z 16008KT 3SM -RA BR BKN013 OVC020 23/21 A3001 RMK AO2 SLP168 P0001 T02280211
CLT,2023-08-03 22:52,2.00,700.00,KCLT 032252Z 16007KT 2SM RA BR BKN007 BKN015 OVC019 22/21 A2999 RMK AO2 SLP163 P0006 T02220211
CLT,2023-08-03 23:52,4.00,700.00,KCLT 032352Z 16010KT 4SM -RA BR BKN007 OVC011 23/21 A2999 RMK AO2 RAE26B42 SLP162 P0003 60010 T02280211 10239 20222 56015
CLT,2023-08-04 00:52,8.00,900.00,KCLT 040052Z 16008KT 8SM FEW009 BKN035 OVC070 22/21 A2998 RMK AO2 RAE04 SLP158 P0000 T02220206
CLT,2023-08-04 01:52,8.00,1100.00,KCLT 040152Z 16008KT 8SM BKN011 OVC026 22/20 A2998 RMK AO2 SLP160 T02220200
CLT,2023-08-04 02:52,9.00,1700.00,KCLT 040252Z 17009KT 9SM FEW017 BKN033 OVC042 22/18 A2999 RMK AO2 SLP162 60000 T02170183 55000
CLT,2023-08-04 03:52,6.00,1300.00,KCLT 040352Z 17006KT 6SM BR BKN013 OVC018 21/19 A2998 RMK AO2 RAB24E52 SLP158 P0000 T02110194
CLT,2023-08-04 04:52,4.00,700.00,KCLT 040452Z 16006KT 4SM -RA BR SCT007 BKN018 OVC050 21/19 A2997 RMK AO2 RAB50 SLP154 P0000 T02110194 402390211
CLT,2023-08-04 05:52,5.00,700.00,KCLT 040552Z 18006KT 5SM BR SCT007 OVC012 21/20 A2996 RMK AO2 RAE22 SLP151 P0001 60001 T02110200 10228 20211 56006
CLT,2023-08-04 06:52,5.00,800.00,KCLT 040652Z 18006KT 5SM BR BKN008 OVC013 22/21 A2995 RMK AO2 CIG 005V010 SLP148 T02170206
CLT,2023-08-04 07:52,10.00,800.00,KCLT 040752Z 22006KT 10SM OVC008 22/21 A2994 RMK AO2 SLP146 T02220206
CLT,2023-08-04 08:52,9.00,600.00,KCLT 040852Z 23006KT 9SM OVC006 22/21 A2993 RMK AO2 SLP140 T02220206 58009
CLT,2023-08-04 09:52,6.00,500.00,KCLT 040952Z 25004KT 6SM BR OVC005 22/21 A2993 RMK AO2 SLP141 T02170206
CLT,2023-08-04 10:52,8.00,600.00,KCLT 041052Z 28004KT 8SM OVC006 22/21 A2993 RMK AO2 CIG 004V008 SLP142 T02170206
CLT,2023-08-04 11:52,2.50,600.00,KCLT 041152Z 27003KT 2 1/2SM OVC006 22/21 A2994 RMK AO2 SFC VIS 7 DZB1059E16 CIG 003V010 SLP144 P0000 60000 70045 T02220206 10222 20211 53003
CLT,2023-08-04 12:52,5.00,400.00,KCLT 041252Z 30004KT 5SM BR OVC004 22/21 A2993 RMK AO2 SLP144 T02220206
CLT,2023-08-04 13:52,10.00,600.00,KCLT 041352Z 01004KT 10SM BKN006 BKN012 OVC045 24/21 A2995 RMK AO2 RAB02E12 SLP147 P0000 T02390211
CLT,2023-08-04 14:52,10.00,800.00,KCLT 041452Z 35004KT 10SM R18C/0200VP6000FT BKN008 OVC012 24/21 A2996 RMK AO2 SLP150 60000 T02440211 53006
CLT,2023-08-04 15:52,10.00,800.00,KCLT 041552Z 01004KT 10SM FEW008 BKN014 BKN060 OVC250 26/22 A2996 RMK AO2 SLP151 T02610217
CLT,2023-08-04 16:52,10.00,1900.00,KCLT 041652Z 34005KT 10SM BKN019 BKN049 BKN250 28/22 A2996 RMK AO2 SLP150 T02780217
CLT,2023-08-04 17:52,10.00,2600.00,KCLT 041752Z 35004KT 10SM BKN026 BKN055 BKN250 28/21 A2995 RMK AO2 SLP147 60000 T02830211 10283 20222 58002
CLT,2023-08-04 18:52,10.00,2600.00,KCLT 041852Z 36007KT 10SM SCT026 SCT046 BKN080 BKN250 29/21 A2993 RMK AO2 SLP140 T02940211
CLT,2023-08-04 19:52,10.00,4800.00,KCLT 041952Z 29005KT 10SM SCT048 BKN080 BKN250 30/21 A2992 RMK AO2 SLP136 T03000211
CLT,2023-08-04 20:52,10.00,3400.00,KCLT 042052Z COR 00000KT 10SM SCT034 SCT090 BKN250 29/21 A2991 RMK AO2 SLP133 T02940206 56013
CLT,2023-08-04 21:52,10.00,3400.00,KCLT 042152Z 01004KT 10SM FEW034 BKN250 29/21 A2992 RMK AO2 SLP136 T02940206
CLT,2023-08-04 22:52,10.00,3500.00,KCLT 042252Z 01006KT 10SM FEW035 FEW090 SCT250 29/20 A2992 RMK AO2 SLP136 T02940200
CLT,2023-08-04 23:52,10.00,3400.00,KCLT 042352Z 01003KT 10SM FEW034 FEW100 BKN250 28/21 A2992 RMK AO2 SLP135 T02780211 10306 20278 50002
CLT,2023-08-05 00:52,10.00,4000.00,KCLT 050052Z 16003KT 10SM FEW040 FEW100 BKN250 28/21 A2993 RMK AO2 SLP142 T02780206
CLT,2023-08-05 01:52,10.00,10000.00,KCLT 050152Z 14003KT 10SM FEW100 BKN250 26/21 A2994 RMK AO2 SLP144 T02610206
CLT,2023-08-05 02:52,10.00,25000.00,KCLT 050252Z 00000KT 10SM SCT250 24/21 A2996 RMK AO2 SLP152 T02440211 53016
CLT,2023-08-05 03:52,10.00,25000.00,KCLT 050352Z 00000KT 10SM BKN250 23/21 A2997 RMK AO2 SLP155 T02330211
CLT,2023-08-05 04:52,10.00,25000.00,KCLT 050452Z 00000KT 10SM BKN250 23/21 A2997 RMK AO2 SLP154 T02280211 403060211
CLT,2023-08-05 05:52,10.00,25000.00,KCLT 050552Z 00000KT 10SM SCT250 23/21 A2997 RMK AO2 SLP154 T02280211 10278 20228 51002
CLT,2023-08-05 06:52,10.00,4300.00,KCLT 050652Z 00000KT 10SM FEW043 SCT250 23/21 A2997 RMK AO2 SLP154 T02280211
CLT,2023-08-05 07:52,10.00,3400.00,KCLT 050752Z 00000KT 10SM SCT034 BKN043 BKN250 23/21 A2997 RMK AO2 SLP153 T02330211
CLT,2023-08-05 08:52,9.00,3500.00,KCLT 050852Z 11003KT 9SM SCT035 SCT250 22/21 A2998 RMK AO2 SLP156 T02220206 53002
CLT,2023-08-05 09:52,7.00,25000.00,KCLT 050952Z 00000KT 7SM SCT250 22/21 A2999 RMK AO2 SLP160 T02170206
CLT,2023-08-05 10:52,5.00,25000.00,KCLT 051052Z 34003KT 5SM BR SCT250 22/21 A2999 RMK AO2 SLP161 T02170206
CLT,2023-08-05 11:52,6.00,500.00,KCLT 051152Z 35003KT 6SM BR FEW005 FEW250 23/21 A3000 RMK AO2 SLP165 T02280211 10233 20211 51009
CLT,2023-08-05 12:52,8.00,1000.00,KCLT 051252Z 35003KT 8SM FEW010 SCT250 25/22 A3001 RMK AO2 SLP167 T02500217
CLT,2023-08-05 13:52,10.00,1000.00,KCLT 051352Z 00000KT 10SM FEW010 FEW250 27/22 A3002 RMK AO2 SLP171 T02670222
CLT,2023-08-05 14:52,10.00,2000.00,KCLT 051452Z VRB04KT 10SM FEW020 FEW250 29/21 A3003 RMK AO2 SLP173 T02890211 51008
CLT,2023-08-05 15:52,10.00,3000.00,KCLT 051552Z 00000KT 10SM FEW030 FEW250 29/21 A3003 RMK AO2 SLP172 T02940206
CLT,2023-08-05 16:52,10.00,3500.00,KCLT 051652Z 32004KT 10SM SCT035 SCT250 31/21 A3001 RMK AO2 SLP165 T03060211
CLT,2023-08-05 17:52,10.00,4000.00,KCLT 051752Z 34006KT 10SM SCT040 SCT250 32/21 A3000 RMK AO2 SLP161 T03220206 10328 20228 58011
CLT,2023-08-05 18:52,10.00,5000.00,KCLT 051852Z 00000KT 10SM SCT050 SCT250 32/20 A2999 RMK AO2 SLP160 T03220200
CLT,2023-08-05 19:52,10.00,6000.00,KCLT 051952Z 26005KT 10SM SCT060 34/18 A2998 RMK AO2 SLP156 T03390183
CLT,2023-08-05 20:52,10.00,6500.00,KCLT 052052Z 30006KT 10SM SCT065 33/19 A2998 RMK AO2 SLP157 T03330189 55004
CLT,2023-08-05 21:52,10.00,6000.00,KCLT 052152Z COR 24005KT 10SM FEW060 33/19 A2998 RMK AO2 SLP155 T03280194
CLT,2023-08-05 22:52,10.00,6000.00,KCLT 052252Z 00000KT 10SM FEW060 FEW250 33/18 A2996 RMK AO2 SLP149 T03280183
CLT,2023-08-05 23:52,10.00,6500.00,KCLT 052352Z 00000KT 10SM FEW065 FEW250 31/20 A2996 RMK AO2 SLP148 T03110200 10339 20311 56008
CLT,2023-08-06 00:52,10.00,6500.00,KCLT 060052Z 00000KT 10SM FEW065 FEW250 28/19 A2998 RMK AO2 SLP157 T02830189
CLT,2023-08-06 01:52,8.00,6000.00,KCLT 060152Z 00000KT 8SM FEW060 FEW250 28/20 A3001 RMK AO2 SLP166 T02830200
CLT,2023-08-06 02:52,10.00,6000.00,KCLT 060252Z 15006KT 10SM FEW060 FEW250 27/21 A3002 RMK AO2 SLP170 T02670206 51021
CLT,2023-08-06 03:52,10.00,8000.00,KCLT 060352Z 20004KT 10SM FEW080 FEW250 27/20 A3003 RMK AO2 SLP172 T02670200
CLT,2023-08-06 04:52,10.00,8000.00,KCLT 060452Z 18004KT 10SM FEW080 FEW250 26/20 A3003 RMK AO2 SLP172 T02610200 403390211
CLT,2023-08-06 05:52,10.00,6000.00,KCLT 060552Z 18004KT 10SM FEW060 FEW250 25/20 A3002 RMK AO2 SLP171 T02500200 10311 20250 50001
CLT,2023-08-06 06:52,10.00,6000.00,KCLT 060652Z 00000KT 10SM FEW060 FEW250 24/20 A3001 RMK AO2 SLP165 T02390200
CLT,2023-08-06 07:52,9.00,25000.00,KCLT 060752Z 14004KT 9SM FEW250 23/20 A2999 RMK AO2 SLP159 T02330200
CLT,2023-08-06 08:52,9.00,25000.00,KCLT 060852Z 00000KT 9SM FEW250 23/20 A2999 RMK AO2 SLP158 T02330200 56013
CLT,2023-08-06 09:52,9.00,25000.00,KCLT 060952Z 12004KT 9SM FEW250 23/20 A3000 RMK AO2 SLP163 T02280200
CLT,2023-08-06 10:52,8.00,25000.00,KCLT 061052Z 14004KT 8SM FEW250 23/20 A3002 RMK AO2 SLP170 T02280200
CLT,2023-08-06 11:52,7.00,18000.00,KCLT 061152Z VRB03KT 7SM FEW180 FEW250 24/21 A3003 RMK AO2 SLP171 T02440206 10256 20228 51013
CLT,2023-08-06 12:52,10.00,7000.00,KCLT 061252Z 22006KT 10SM FEW070 FEW250 27/22 A3004 RMK AO2 SLP176 T02670217
CLT,2023-08-06 13:52,10.00,8000.00,KCLT 061352Z 22008KT 10SM FEW080 FEW250 29/23 A3004 RMK AO2 SLP175 T02890228
CLT,2023-08-06 14:52,10.00,3000.00,KCLT 061452Z 23007KT 10SM FEW030 FEW080 SCT250 30/23 A3003 RMK AO2 SLP172 T03000228 50001
CLT,2023-08-06 15:52,10.00,3500.00,KCLT 061552Z 22006KT 10SM SCT035 SCT080 BKN250 32/22 A3002 RMK AO2 SLP171 T03170222
CLT,2023-08-06 16:52,10.00,4000.00,KCLT 061652Z 20007KT 10SM FEW040TCU SCT060 SCT100 BKN250 32/21 A3000 RMK AO2 SLP164 CB DSNT NW TCU E-SE T03220211
CLT,2023-08-06 17:52,10.00,4300.00,KCLT 061752Z 21011KT 10SM SCT043 SCT060 BKN100 BKN250 34/21 A2998 RMK AO2 LTG DSNT NW SLP156 CB DSNT W-NW T03390211 10339 20244 58017
CLT,2023-08-06 18:52,10.00,4800.00,KCLT 061852Z 22009G17KT 10SM SCT048 SCT060 BKN095 BKN250 34/21 A2996 RMK AO2 LTG DSNT SW-N SLP147 CB DSNT SW-NW T03390211
CLT,2023-08-06 19:52,0.75,1500.00,KCLT 061952Z 29023G46KT 3/4SM R18C/1800VP6000FT TS BR SCT015 BKN031CB OVC070 22/21 A2999 RMK AO2 PK WND 28046/1947 LTG DSNT ALQDS RAB43RAEMM TSB24 SLP161 OCNL LTGICCC OHD-SW-NW TS OHD-SW-NW MOV NE P0013 T02170206 $
CLT,2023-08-06 20:52,10.00,2100.00,KCLT 062052Z 15004KT 10SM FEW021 SCT034 BKN070 BKN150 24/22 A2998 RMK AO2 PK WND 28028/1953 LTG DSNT ALQDS RAB1956RAEMMB1959E44 TSE51 SLP157 TS MOV E CB DSNT E-SW P0038 60051 T02390222 56000 $
CLT,2023-08-06 21:52,10.00,2100.00,KCLT 062152Z 15005KT 10SM FEW021 FEW034 SCT085 BKN170 25/23 A2997 RMK AO2 RAB04E26 SLP153 P0000 T02500233 $
CLT,2023-08-06 22:52,10.00,3000.00,KCLT 062252Z 20006KT 10SM -RA FEW030 FEW047 SCT085 BKN170 25/23 A2996 RMK AO2 RAB2153 SLP150 P0000 T02500228 $
CLT,2023-08-06 23:52,10.00,2500.00,KCLT 062352Z 19003KT 10SM FEW025 FEW075 BKN160 OVC210 24/22 A2999 RMK AO2 RAE02 SLP162 P0000 60051 T02440222 10344 20217 53005 $
CLT,2023-08-07 00:52,10.00,2100.00,KCLT 070052Z 19004KT 10SM FEW021 BKN160 OVC210 24/22 A2999 RMK AO2 SLP162 T02390217
CLT,2023-08-07 01:52,10.00,1000.00,KCLT 070152Z COR 18005KT 10SM FEW010 BKN210 23/22 A3000 RMK AO2 SLP164 T02330217
CLT,2023-08-07 02:52,10.00,1000.00,KCLT 070252Z 19005KT 10SM FEW010 BKN210 23/22 A3000 RMK AO2 SLP163 T02330217 51003
CLT,2023-08-07 03:52,10.00,700.00,KCLT 070352Z 19005KT 10SM FEW007 BKN250 23/22 A2998 RMK AO2 SLP156 T02330217
CLT,2023-08-07 04:52,10.00,500.00,KCLT 070452Z 19005KT 10SM SCT005 BKN220 23/22 A2996 RMK AO2 SLP148 T02280217 403440217
CLT,2023-08-07 05:52,9.00,700.00,KCLT 070552Z 26005KT 9SM BKN007 BKN220 23/22 A2996 RMK AO2 SLP150 T02280217 10244 20228 55013
CLT,2023-08-07 06:52,10.00,500.00,KCLT 070652Z 25003KT 10SM BKN005 OVC010 23/21 A2995 RMK AO2 SLP146 T02280211
CLT,2023-08-07 07:52,7.00,500.00,KCLT 070752Z 22005KT 7SM BKN005 OVC010 23/21 A2995 RMK AO2 SLP148 T02280211
CLT,2023-08-07 08:52,9.00,600.00,KCLT 070852Z 20004KT 9SM BKN006 OVC011 23/22 A2995 RMK AO2 SLP147 T02280217 56004
CLT,2023-08-07 09:52,6.00,500.00,KCLT 070952Z 23004KT 6SM BR OVC005 23/22 A2995 RMK AO2 SLP148 T02280217
CLT,2023-08-07 10:52,5.00,500.00,KCLT 071052Z 21004KT 5SM BR BKN005 OVC009 23/22 A2997 RMK AO2 SLP155 T02280217
CLT,2023-08-07 11:52,6.00,700.00,KCLT 071152Z 24006KT 6SM BR OVC007 23/22 A2998 RMK AO2 SLP159 70051 T02330217 10233 20228 53011
CLT,2023-08-07 12:52,10.00,700.00,KCLT 071252Z 22006KT 10SM BKN007 OVC014 24/22 A2999 RMK AO2 SLP160 T02390217
CLT,2023-08-07 13:52,10.00,1200.00,KCLT 071352Z 23008KT 10SM BKN012 OVC017 24/22 A2998 RMK AO2 SLP158 T02440217
CLT,2023-08-07 14:52,10.00,1400.00,KCLT 071452Z 23010KT 10SM BKN014 BKN120 26/22 A2997 RMK AO2 SLP155 T02610217 58003
CLT,2023-08-07 15:52,10.00,1500.00,KCLT 071552Z 22005KT 10SM SCT015 SCT120 28/22 A2996 RMK AO2 SLP150 T02780222
CLT,2023-08-07 16:52,10.00,2000.00,KCLT 071652Z 21008KT 10SM FEW020 FEW250 30/22 A2993 RMK AO2 SLP141 T03000222
CLT,2023-08-07 17:52,10.00,3500.00,KCLT 071752Z 23008KT 10SM FEW035 FEW250 32/22 A2992 RMK AO2 SLP134 T03170217 10317 20233 58019
CLT,2023-08-07 18:52,10.00,4000.00,KCLT 071852Z 23008KT 10SM FEW040 FEW130 BKN250 32/22 A2989 RMK AO2 SLP126 T03170222
CLT,2023-08-07 19:52,10.00,4000.00,KCLT 071952Z COR 24010KT 10SM FEW040 BKN250 32/23 A2988 RMK AO2 SLP121 T03220233
CLT,2023-08-07 20:52,10.00,4400.00,KCLT 072052Z COR 23006KT 10SM SCT044 BKN200 BKN250 31/24 A2988 RMK AO2 LTG DSNT N AND NW CB DSNT N AND NW SLP121 T03110239
CLT,2023-08-07 21:52,0.50,2600.00,KCLT 072152Z 32019G31KT 1/2SM R18C/1600V4000FT +TSRA BR SCT026 BKN043CB OVC085 22/21 A2994 RMK AO2 PK WND 33041/2120 WSHFT 2119 LTG DSNT ALQDS RAB38 TSB23 SLP144 FRQ LTGICCG OHD-NW-NE TS OHD-NW-NE MOV E P0006 T02170206
CLT,2023-08-07 22:52,5.00,5000.00,KCLT 072252Z 19007KT 5SM TSRA FEW050CB SCT085 BKN120 OVC180 23/21 A2994 RMK AO2 LTG DSNT ALQDS SLP146 OCNL LTGICCC OHD-SE-SW TS OHD-SE-SW MOV E P0036 T02280211
CLT,2023-08-07 23:52,10.00,8500.00,KCLT 072352Z 24003KT 10SM -RA FEW085 FEW100 BKN140 22/21 A2990 RMK AO2 TSE19 SLP131 TS MOV E P0004 60046 T02220211 10333 20217 58014
CLT,2023-08-08 00:52,10.00,M,KCLT 080052Z 22008KT 10SM CLR 23/21 A2989 RMK AO2 RAE2357 SLP129 P0000 T02280206
CLT,2023-08-08 01:52,10.00,11000.00,KCLT 080152Z 22006KT 10SM FEW110 SCT180 BKN240 23/20 A2989 RMK AO2 SLP127 T02280200
CLT,2023-08-08 02:52,10.00,11000.00,KCLT 080252Z 20007KT 10SM FEW110 BKN180 OVC250 23/21 A2991 RMK AO2 SLP135 60000 T02280206 53005
CLT,2023-08-08 03:52,10.00,12000.00,KCLT 080352Z 21008KT 10SM SCT120 BKN150 BKN250 23/21 A2991 RMK AO2 SLP134 T02280206
CLT,2023-08-08 04:52,10.00,1100.00,KCLT 080452Z 22010G17KT 10SM BKN011 BKN160 OVC250 23/21 A2992 RMK AO2 SLP136 T02280206 403330217
CLT,2023-08-08 05:52,10.00,1100.00,KCLT 080552Z 25012G18KT 10SM OVC011 23/21 A2991 RMK AO2 SLP131 60000 T02280206 10228 20222 58002
CLT,2023-08-08 06:52,10.00,1000.00,KCLT 080652Z 24008KT 10SM OVC010 22/21 A2989 RMK AO2 CIG 008V012 SLP126 T02220206
CLT,2023-08-08 07:52,10.00,800.00,KCLT 080752Z 23007KT 10SM OVC008 22/20 A2990 RMK AO2 CIG 007V011 SLP128 T02220200
CLT,2023-08-08 08:52,10.00,800.00,KCLT 080852Z 26007KT 10SM BKN008 BKN250 22/20 A2991 RMK AO2 SLP131 T02170200 55001
CLT,2023-08-08 09:52,10.00,800.00,KCLT 080952Z 23006KT 10SM BKN008 BKN250 22/20 A2993 RMK AO2 SLP141 T02170200
CLT,2023-08-08 10:52,10.00,800.00,KCLT 081052Z 21007KT 10SM BKN008 BKN250 22/20 A2993 RMK AO2 SLP140 T02170200
CLT,2023-08-08 11:52,10.00,800.00,KCLT 081152Z 26006KT 10SM OVC008 22/20 A2996 RMK AO2 SLP151 70046 T02170200 10228 20211 53017
CLT,2023-08-08 12:52,10.00,800.00,KCLT 081252Z 25006KT 10SM BKN008 22/20 A2997 RMK AO2 SLP157 T02220200
CLT,2023-08-08 13:52,10.00,1200.00,KCLT 081352Z 26005KT 10SM SCT012 BKN250 24/20 A2995 RMK AO2 SLP149 T02390200
CLT,2023-08-08 14:52,10.00,1500.00,KCLT 081452Z 26007KT 10SM FEW015 SCT250 26/21 A2997 RMK AO2 SLP155 T02610206 52005
CLT,2023-08-08 15:52,10.00,2500.00,KCLT 081552Z 29006KT 10SM SCT025 SCT250 28/21 A2996 RMK AO2 SLP151 T02830206
CLT,2023-08-08 16:52,10.00,3500.00,KCLT 081652Z 32008KT 10SM SCT035 BKN250 29/19 A2995 RMK AO2 SLP145 T02940194
CLT,2023-08-08 17:52,10.00,4500.00,KCLT 081752Z 29008KT 10SM SCT045 BKN250 30/19 A2994 RMK AO2 SLP142 T03000189 10306 20217 56010
CLT,2023-08-08 18:52,10.00,5000.00,KCLT 081852Z 30006KT 10SM BKN050 BKN250 29/19 A2994 RMK AO2 SLP144 T02940194
CLT,2023-08-08 19:52,10.00,4600.00,KCLT 081952Z 33010KT 10SM SCT046 BKN250 30/19 A2995 RMK AO2 SLP147 T03000194
CLT,2023-08-08 20:52,10.00,4400.00,KCLT 082052Z 33007KT 10SM FEW044 BKN250 31/19 A2994 RMK AO2 SLP145 T03060194 50001
CLT,2023-08-08 21:52,10.00,7500.00,KCLT 082152Z 36006KT 10SM FEW075 BKN250 29/19 A2993 RMK AO2 SLP138 T02890189
CLT,2023-08-08 22:52,10.00,25000.00,KCLT 082252Z 32005KT 10SM OVC250 28/18 A2994 RMK AO2 SLP145 T02780183
CLT,2023-08-08 23:52,10.00,6000.00,KCLT 082352Z 34003KT 10SM SCT060 SCT075 BKN190 26/19 A2995 RMK AO2 SLP148 T02610189 10306 20261 53002
CLT,2023-08-09 00:52,10.00,6000.00,KCLT 090052Z 33003KT 10SM FEW060 SCT075 BKN200 26/19 A2995 RMK AO2 SLP146 T02560194
CLT,2023-08-09 01:52,10.00,7000.00,KCLT 090152Z 00000KT 10SM FEW070 SCT110 BKN200 26/19 A2994 RMK AO2 SLP144 T02560189
CLT,2023-08-09 02:52,10.00,11000.00,KCLT 090252Z 04004KT 10SM OVC110 25/18 A2992 RMK AO2 RAB00E19 SLP136 P0000 60000 T02500183 58010
CLT,2023-08-09 03:52,10.00,12000.00,KCLT 090352Z 00000KT 10SM BKN120 24/19 A2995 RMK AO2 SLP144 T02440194
CLT,2023-08-09 04:52,10.00,12000.00,KCLT 090452Z 00000KT 10SM SCT120 SCT250 23/20 A2996 RMK AO2 SLP149 T02330200 403060211
CLT,2023-08-09 05:52,10.00,12000.00,KCLT 090552Z 00000KT 10SM FEW120 FEW250 22/20 A2996 RMK AO2 SLP151 60000 T02170200 10267 20217 51015
CLT,2023-08-09 06:52,10.00,M,KCLT 090652Z 31003KT 10SM CLR 22/20 A2995 RMK AO2 SLP148 T02170200
CLT,2023-08-09 07:52,10.00,6000.00,KCLT 090752Z 31003KT 10SM FEW060 21/19 A2996 RMK AO2 SLP150 T02110194
CLT,2023-08-09 08:52,10.00,M,KCLT 090852Z 33004KT 10SM CLR 21/19 A2996 RMK AO2 SLP149 T02060189 56002
CLT,2023-08-09 09:52,10.00,5500.00,KCLT 090952Z 33005KT 10SM FEW055 SCT250 21/18 A2996 RMK AO2 SLP151 T02060183
CLT,2023-08-09 10:52,10.00,6000.00,KCLT 091052Z 31003KT 10SM FEW060 FEW250 21/18 A2998 RMK AO2 SLP158 T02060178
CLT,2023-08-09 11:52,10.00,5500.00,KCLT 091152Z 34005KT 10SM SCT055 SCT250 22/18 A2999 RMK AO2 SLP161 T02220183 10222 20200 53010
CLT,2023-08-09 12:52,10.00,5500.00,KCLT 091252Z 34003KT 10SM FEW055 SCT250 23/18 A3000 RMK AO2 SLP163 T02330183
CLT,2023-08-09 13:52,10.00,25000.00,KCLT 091352Z VRB04KT 10SM BKN250 26/18 A2999 RMK AO2 SLP160 T02610178
CLT,2023-08-09 14:52,10.00,4000.00,KCLT 091452Z 32005KT 10SM FEW040 SCT250 27/17 A2998 RMK AO2 SLP157 T02720172 58003
CLT,2023-08-09 15:52,10.00,4500.00,KCLT 091552Z 31007KT 10SM FEW045 FEW180 SCT250 28/17 A2998 RMK AO2 SLP157 T02830172
CLT,2023-08-09 16:52,10.00,4500.00,KCLT 091652Z 32006KT 10SM SCT045 BKN250 29/18 A2998 RMK AO2 SLP156 T02940178
CLT,2023-08-09 17:52,10.00,4600.00,KCLT 091752Z VRB05KT 10SM BKN046 BKN250 29/17 A2996 RMK AO2 SLP152 T02940172 10300 20217 58005
CLT,2023-08-09 18:52,10.00,4600.00,KCLT 091852Z VRB04KT 10SM SCT046 BKN250 30/18 A2995 RMK AO2 SLP147 T03000178
CLT,2023-08-09 19:52,10.00,5000.00,KCLT 091952Z 26005KT 10SM SCT050 BKN250 30/18 A2993 RMK AO2 SLP140 T03000178
CLT,2023-08-09 20:52,10.00,5000.00,KCLT 092052Z 27003KT 10SM SCT050 SCT250 31/17 A2994 RMK AO2 SLP143 T03060172 55009
CLT,2023-08-09 21:52,10.00,5000.00,KCLT 092152Z 23006KT 10SM FEW050 SCT250 30/18 A2994 RMK AO2 SLP144 T03000178
CLT,2023-08-09 22:52,10.00,25000.00,KCLT 092252Z COR 26004KT 10SM BKN250 29/19 A2994 RMK AO2 SLP142 T02890189
CLT,2023-08-09 23:52,10.00,25000.00,KCLT 092352Z 27004KT 10SM BKN250 28/19 A2994 RMK AO2 SLP143 T02780189 10311 20278 52000
CLT,2023-08-10 00:52,10.00,25000.00,KCLT 100052Z 25003KT 10SM BKN250 27/19 A2994 RMK AO2 SLP145 T02670189
CLT,2023-08-10 01:52,10.00,6000.00,KCLT 100152Z 25003KT 10SM FEW060 BKN250 27/18 A2996 RMK AO2 SLP150 T02670183
CLT,2023-08-10 02:52,10.00,6000.00,KCLT 100252Z 23005KT 10SM FEW060 BKN170 BKN250 26/19 A2997 RMK AO2 SLP153 T02610189 53010
CLT,2023-08-10 03:52,10.00,14000.00,KCLT 100352Z 16005KT 10SM BKN140 BKN210 26/19 A2992 RMK AO2 SLP135 T02610194
CLT,2023-08-10 04:52,10.00,14000.00,KCLT 100452Z 15004KT 10SM BKN140 BKN180 26/19 A2989 RMK AO2 SLP126 T02610189 403110200
CLT,2023-08-10 05:52,10.00,11000.00,KCLT 100552Z 22005KT 10SM BKN110 BKN140 26/19 A2988 RMK AO2 SLP122 T02560194 10278 20256 56030
CLT,2023-08-10 06:52,10.00,11000.00,KCLT 100652Z 00000KT 10SM BKN110 BKN140 25/19 A2987 RMK AO2 SLP118 T02500194
CLT,2023-08-10 07:52,10.00,13000.00,KCLT 100752Z 25003KT 10SM BKN130 BKN160 24/20 A2984 RMK AO2 SLP108 T02440200
CLT,2023-08-10 08:52,10.00,12000.00,KCLT 100852Z COR 22004KT 10SM SCT120 SCT250 24/19 A2983 RMK AO2 SLP104 T02390194 56018
CLT,2023-08-10 09:52,10.00,11000.00,KCLT 100952Z 21006KT 10SM SCT110 BKN250 23/20 A2984 RMK AO2 SLP109 T02330200
CLT,2023-08-10 10:52,10.00,6000.00,KCLT 101052Z 19005KT 10SM FEW060 SCT110 BKN130 OVC250 23/20 A2984 RMK AO2 SLP108 T02330200
CLT,2023-08-10 11:52,10.00,6500.00,KCLT 101152Z 18005KT 10SM BKN065 BKN110 BKN200 OVC250 23/21 A2983 RMK AO2 LTG DSNT NW SLP108 T02330206 10256 20233 50003
CLT,2023-08-10 12:52,2.00,3500.00,KCLT 101252Z 00000KT 2SM R18C/4500VP6000FT +TSRA BR SCT035 BKN050CB OVC120 23/21 A2983 RMK AO2 LTG DSNT ALQDS SLP107 RAB03 TSB36 FRQ LTGICCG W-NW TS W MOV E P0003 T02280211
CLT,2023-08-10 13:52,4.00,700.00,KCLT 101352Z 14005KT 4SM RA BR SCT007 BKN025 BKN045 OVC130 22/20 A2985 RMK AO2 LTG DSNT NE-S PRESFR SLP115 TS MOV E P0069 T02170200
CLT,2023-08-10 14:52,10.00,1000.00,KCLT 101452Z 23005KT 10SM FEW010 SCT050 BKN120 BKN250 23/21 A2984 RMK AO2 RAE41 SLP108 P0001 60073 T02330211 50000
CLT,2023-08-10 15:52,10.00,800.00,KCLT 101552Z 25007KT 10SM SCT008 BKN170 BKN250 25/21 A2983 RMK AO2 SLP106 T02500211
CLT,2023-08-10 16:52,10.00,1200.00,KCLT 101652Z 23010KT 10SM FEW012 BKN110 BKN160 BKN250 27/21 A2981 RMK AO2 SLP100 T02670211
CLT,2023-08-10 17:52,10.00,1900.00,KCLT 101752Z 24008KT 10SM BKN019 BKN140 BKN250 27/22 A2980 RMK AO2 SLP095 60073 T02720217 10272 20217 58012
CLT,2023-08-10 18:52,10.00,2100.00,KCLT 101852Z 29008KT 10SM SCT021 BKN130 BKN250 29/22 A2981 RMK AO2 SLP098 T02890217
CLT,2023-08-10 19:52,10.00,2700.00,KCLT 101952Z 26005KT 10SM SCT027 SCT047 BKN140 BKN250 29/22 A2980 RMK AO2 SLP094 T02940217
CLT,2023-08-10 20:52,10.00,2900.00,KCLT 102052Z 00000KT 10SM FEW029 SCT050 SCT140 BKN250 29/21 A2980 RMK AO2 SLP094 T02890211 58002
CLT,2023-08-10 21:52,10.00,4800.00,KCLT 102152Z 22007KT 10SM FEW048 BKN060 BKN080 30/22 A2981 RMK AO2 SLP098 T03000217
CLT,2023-08-10 22:52,10.00,4800.00,KCLT 102252Z 23005KT 10SM FEW048 BKN080 BKN250 29/22 A2981 RMK AO2 SLP098 T02940217
CLT,2023-08-10 23:52,10.00,4200.00,KCLT 102352Z 24005KT 10SM SCT042 SCT070 28/22 A2983 RMK AO2 SLP105 T02780217 10300 20267 53010
CLT,2023-08-11 00:52,10.00,4300.00,KCLT 110052Z 24006KT 10SM FEW043 SCT075 SCT085 27/22 A2984 RMK AO2 SLP110 T02670217
CLT,2023-08-11 01:52,10.00,8500.00,KCLT 110152Z 26004KT 10SM FEW085 26/22 A2987 RMK AO2 SLP119 T02610222
CLT,2023-08-11 02:52,10.00,4200.00,KCLT 110252Z 30003KT 10SM FEW042 26/22 A2988 RMK AO2 SLP125 T02560222 52019
CLT,2023-08-11 03:52,10.00,4200.00,KCLT 110352Z 00000KT 10SM FEW042 25/22 A2989 RMK AO2 SLP127 T02500222
CLT,2023-08-11 04:52,10.00,5000.00,KCLT 110452Z 36003KT 10SM FEW050 FEW075 24/22 A2990 RMK AO2 SLP128 T02440217 403000217
CLT,2023-08-11 05:52,10.00,M,KCLT 110552Z 23003KT 10SM CLR 23/22 A2991 RMK AO2 SLP132 T02330217 10278 20228 51007
CLT,2023-08-11 06:52,10.00,M,KCLT 110652Z 00000KT 10SM CLR 22/21 A2990 RMK AO2 SLP131 T02220211
CLT,2023-08-11 07:52,10.00,M,KCLT 110752Z 00000KT 10SM CLR 23/21 A2990 RMK AO2 SLP129 T02280211
CLT,2023-08-11 08:52,10.00,M,KCLT 110852Z 35003KT 10SM CLR 22/21 A2989 RMK AO2 SLP125 T02170206 58007
CLT,2023-08-11 09:52,10.00,25000.00,KCLT 110952Z 00000KT 10SM FEW250 21/19 A2990 RMK AO2 SLP129 T02110194
CLT,2023-08-11 10:52,10.00,25000.00,KCLT 111052Z 00000KT 10SM FEW250 21/19 A2993 RMK AO2 SLP140 T02060194
CLT,2023-08-11 11:52,10.00,5500.00,KCLT 111152Z 34003KT 10SM FEW055 FEW250 23/20 A2996 RMK AO2 SLP149 70073 T02330200 10233 20206 53023
CLT,2023-08-11 12:52,10.00,5500.00,KCLT 111252Z 36004KT 10SM FEW055 BKN250 25/20 A2997 RMK AO2 SLP153 T02500200
CLT,2023-08-11 13:52,10.00,5500.00,KCLT 111352Z 00000KT 10SM FEW055 BKN250 27/19 A2997 RMK AO2 SLP151 T02720189
CLT,2023-08-11 14:52,10.00,3500.00,KCLT 111452Z VRB04KT 10SM FEW035 BKN250 28/19 A2996 RMK AO2 SLP149 T02780189 50001
CLT,2023-08-11 15:52,10.00,3600.00,KCLT 111552Z 13003KT 10SM FEW036 FEW080 SCT200 OVC250 28/19 A2997 RMK AO2 SLP154 T02830194
CLT,2023-08-11 16:52,10.00,3500.00,KCLT 111652Z 29003KT 10SM FEW035 SCT085 BKN120 OVC250 29/20 A2996 RMK AO2 SLP147 T02890200
CLT,2023-08-11 17:52,10.00,3500.00,KCLT 111752Z 29005KT 10SM FEW035 SCT090 BKN140 OVC250 28/21 A2995 RMK AO2 SLP146 T02830206 10294 20233 58004
CLT,2023-08-11 18:52,10.00,3500.00,KCLT 111852Z 21010G14KT 10SM FEW035 BKN070 BKN140 OVC250 28/20 A2995 RMK AO2 SLP147 T02830200
CLT,2023-08-11 19:52,10.00,3300.00,KCLT 111952Z 23007KT 10SM SCT033 SCT110 BKN160 BKN250 29/20 A2993 RMK AO2 SLP139 T02890200
CLT,2023-08-11 20:52,10.00,3300.00,KCLT 112052Z 00000KT 10SM FEW033 SCT120 SCT160 BKN250 30/19 A2989 RMK AO2 SLP125 T03000194 58020
CLT,2023-08-11 21:52,10.00,3300.00,KCLT 112152Z 28004KT 10SM FEW033 FEW120 SCT250 30/21 A2990 RMK AO2 SLP128 T03000206
CLT,2023-08-11 22:52,10.00,3500.00,KCLT 112252Z 25004KT 10SM FEW035 SCT120 SCT250 29/21 A2992 RMK AO2 SLP135 T02890206
CLT,2023-08-11 23:52,10.00,4500.00,KCLT 112352Z 24004KT 10SM FEW045 BKN065 BKN110 BKN250 28/21 A2991 RMK AO2 LTG DSNT SE SLP133 CB DSNT SE MOV E T02830206 10306 20278 50007
CLT,2023-08-12 00:52,10.00,4600.00,KCLT 120052Z 23004KT 10SM BKN046 BKN070 BKN110 27/21 A2992 RMK AO2 SLP138 T02720211
CLT,2023-08-12 01:52,10.00,4400.00,KCLT 120152Z 19006KT 10SM FEW044 FEW065 SCT085 26/22 A2995 RMK AO2 SLP146 T02560217
CLT,2023-08-12 02:52,10.00,4500.00,KCLT 120252Z 21003KT 10SM FEW045 FEW065 25/22 A2996 RMK AO2 SLP148 T02500222 51016
CLT,2023-08-12 03:52,10.00,4000.00,KCLT 120352Z 22005KT 10SM FEW040 24/23 A2996 RMK AO2 SLP149 T02440228
CLT,2023-08-12 04:52,10.00,M,KCLT 120452Z 25003KT 10SM CLR 24/23 A2997 RMK AO2 SLP152 T02440228 403060206
CLT,2023-08-12 05:52,10.00,M,KCLT 120552Z 00000KT 10SM CLR 24/23 A2996 RMK AO2 SLP149 T02390228 10283 20239 50000
CLT,2023-08-12 06:52,10.00,M,KCLT 120652Z 00000KT 10SM CLR 24/22 A2996 RMK AO2 SLP149 T02390222
CLT,2023-08-12 07:52,10.00,500.00,KCLT 120752Z 00000KT 10SM FEW005 24/22 A2996 RMK AO2 SLP150 T02390222
CLT,2023-08-12 08:52,7.00,300.00,KCLT 120852Z 00000KT 7SM OVC003 23/22 A2997 RMK AO2 SLP153 T02330222 53004
CLT,2023-08-12 09:52,1.00,200.00,KCLT 120952Z 00000KT 1SM R18C/3500V6000FT BR VV002 23/23 A2998 RMK AO2 SLP154 T02330228
CLT,2023-08-12 10:52,0.50,200.00,KCLT 121052Z 22003KT 1/2SM R18C/0800V1200FT FG VV002 23/22 A2999 RMK AO2 SLP160 T02280222
CLT,2023-08-12 11:52,0.50,200.00,KCLT 121152Z 00000KT 1/2SM R18C/0700V1000FT FG VV002 23/22 A2999 RMK AO2 SLP160 T02280222 10239 20228 51006
CLT,2023-08-12 12:52,2.00,300.00,KCLT 121252Z 22003KT 2SM BR BKN003 24/23 A3000 RMK AO2 SLP165 T02390228
CLT,2023-08-12 13:52,10.00,700.00,KCLT 121352Z 00000KT 10SM FEW007 SCT250 27/23 A3001 RMK AO2 SLP166 T02670228
CLT,2023-08-12 14:52,10.00,1000.00,KCLT 121452Z 20004KT 10SM FEW010 BKN250 29/23 A3001 RMK AO2 SLP168 T02890228 51008
CLT,2023-08-12 15:52,10.00,3000.00,KCLT 121552Z VRB03KT 10SM SCT030 BKN250 30/21 A3000 RMK AO2 SLP163 T03000211
CLT,2023-08-12 16:52,10.00,4000.00,KCLT 121652Z 24006KT 10SM FEW040 BKN250 31/20 A3000 RMK AO2 SLP162 T03110200
CLT,2023-08-12 17:52,10.00,4500.00,KCLT 121752Z VRB05KT 10SM SCT045 BKN250 32/21 A2998 RMK AO2 SLP157 T03220206 10322 20228 57010
CLT,2023-08-12 18:52,10.00,4500.00,KCLT 121852Z VRB04KT 10SM SCT045 BKN250 33/21 A2998 RMK AO2 SLP157 T03280211
CLT,2023-08-12 19:52,10.00,4500.00,KCLT 121952Z 24007KT 10SM FEW045 SCT200 BKN250 33/21 A2996 RMK AO2 SLP149 T03280211
CLT,2023-08-12 20:52,10.00,5000.00,KCLT 122052Z 25004KT 10SM FEW050 OVC250 32/21 A2995 RMK AO2 SLP146 T03220211 58010
CLT,2023-08-12 21:52,10.00,4500.00,KCLT 122152Z 28004KT 10SM FEW045 OVC250 31/23 A2996 RMK AO2 SLP151 T03110228
CLT,2023-08-12 22:52,10.00,4500.00,KCLT 122252Z 27004KT 10SM FEW045 OVC250 31/23 A2996 RMK AO2 SLP150 T03060228
CLT,2023-08-12 23:52,10.00,4500.00,KCLT 122352Z COR 26005KT 10SM FEW045 SCT075 SCT180 OVC250 29/23 A2996 RMK AO2 LTG DSNT N AND NW CB DSNT N AND NW SLP152 T02940233 10339 20294 51004
CLT,2023-08-13 00:52,10.00,7000.00,KCLT 130052Z 30007KT 10SM FEW070 SCT120 BKN180 26/18 A2998 RMK AO2 SLP159 T02560183
CLT,2023-08-13 01:52,10.00,13000.00,KCLT 130152Z 26003KT 10SM SCT130 BKN180 24/19 A2999 RMK AO2 SLP161 T02390189
CLT,2023-08-13 02:52,10.00,13000.00,KCLT 130252Z 27004KT 10SM BKN130 BKN190 24/19 A2999 RMK AO2 SLP158 T02390194 50007
CLT,2023-08-13 03:52,10.00,13000.00,KCLT 130352Z COR 00000KT 10SM FEW130 BKN180 23/20 A3000 RMK AO2 SLP164 T02280200
CLT,2023-08-13 04:52,10.00,12000.00,KCLT 130452Z 22004KT 10SM FEW120 SCT180 23/20 A3000 RMK AO2 SLP163 T02280200 403390228
CLT,2023-08-13 05:52,10.00,18000.00,KCLT 130552Z 00000KT 10SM SCT180 22/20 A2999 RMK AO2 SLP158 T02220200 10294 20222 58000
CLT,2023-08-13 06:52,10.00,20000.00,KCLT 130652Z 16004KT 10SM FEW200 22/20 A2998 RMK AO2 SLP156 T02220200
CLT,2023-08-13 07:52,10.00,20000.00,KCLT 130752Z 00000KT 10SM FEW200 22/20 A2998 RMK AO2 SLP155 T02170200
CLT,2023-08-13 08:52,10.00,20000.00,KCLT 130852Z 00000KT 10SM FEW200 21/19 A2998 RMK AO2 SLP156 T02110194 55001
CLT,2023-08-13 09:52,10.00,M,KCLT 130952Z 18004KT 10SM CLR 21/19 A3000 RMK AO2 SLP162 T02110194
CLT,2023-08-13 10:52,10.00,25000.00,KCLT 131052Z 00000KT 10SM FEW250 21/19 A3002 RMK AO2 SLP169 T02110194
CLT,2023-08-13 11:52,10.00,2000.00,KCLT 131152Z 25006KT 10SM FEW020 FEW250 23/20 A3003 RMK AO2 SLP173 T02280200 10228 20211 51015
CLT,2023-08-13 12:52,10.00,25000.00,KCLT 131252Z 26005KT 10SM FEW250 24/21 A3005 RMK AO2 SLP180 T02440206
CLT,2023-08-13 13:52,10.00,2500.00,KCLT 131352Z 26003KT 10SM FEW025 SCT250 27/21 A3005 RMK AO2 SLP180 T02670211
CLT,2023-08-13 14:52,10.00,25000.00,KCLT 131452Z 25004KT 10SM SCT250 29/19 A3005 RMK AO2 SLP179 T02890194 51007
CLT,2023-08-13 15:52,10.00,25000.00,KCLT 131552Z 29005KT 10SM SCT250 31/20 A3005 RMK AO2 SLP181 T03060200
CLT,2023-08-13 16:52,10.00,4000.00,KCLT 131652Z 26006KT 10SM FEW040 FEW250 31/19 A3004 RMK AO2 SLP178 T03110194
CLT,2023-08-13 17:52,10.00,4500.00,KCLT 131752Z 00000KT 10SM FEW045 SCT250 32/18 A3003 RMK AO2 SLP174 T03170183 10322 20228 58005
CLT,2023-08-13 18:52,10.00,5000.00,KCLT 131852Z 32004KT 10SM FEW050 FEW250 32/19 A3002 RMK AO2 SLP170 T03220189
CLT,2023-08-13 19:52,10.00,5000.00,KCLT 131952Z 23004KT 10SM FEW050 SCT250 33/19 A3000 RMK AO2 SLP163 T03330194
CLT,2023-08-13 20:52,10.00,5000.00,KCLT 132052Z 18005KT 10SM FEW050 BKN250 33/19 A2998 RMK AO2 SLP157 T03280189 58016
CLT,2023-08-13 21:52,10.00,5000.00,KCLT 132152Z 22006KT 10SM FEW050 BKN250 33/20 A2999 RMK AO2 SLP160 T03330200
CLT,2023-08-13 22:52,10.00,5000.00,KCLT 132252Z 26005KT 10SM FEW050 BKN250 32/21 A2999 RMK AO2 SLP159 T03220211
CLT,2023-08-13 23:52,10.00,5000.00,KCLT 132352Z COR 25003KT 10SM FEW050 BKN250 31/22 A3000 RMK AO2 SLP162 T03060217 10339 20306 51005
CLT,2023-08-14 00:52,10.00,5000.00,KCLT 140052Z 28004KT 10SM FEW050 BKN250 29/22 A3003 RMK AO2 SLP172 T02890217
CLT,2023-08-14 01:52,10.00,M,KCLT 140152Z 28005KT 10SM CLR 28/22 A3004 RMK AO2 SLP178 T02780217
CLT,2023-08-14 02:52,10.00,M,KCLT 140252Z 00000KT 10SM CLR 27/22 A3005 RMK AO2 SLP181 T02670222 51018
CLT,2023-08-14 03:52,10.00,M,KCLT 140352Z 20003KT 10SM CLR 27/22 A3005 RMK AO2 SLP179 T02670222
CLT,2023-08-14 04:52,10.00,25000.00,KCLT 140452Z 00000KT 10SM BKN250 26/22 A3002 RMK AO2 SLP170 T02610222 403390211
CLT,2023-08-14 05:52,10.00,25000.00,KCLT 140552Z 11003KT 10SM BKN250 26/22 A2999 RMK AO2 SLP160 T02560222 10306 20256 58020
CLT,2023-08-14 06:52,10.00,25000.00,KCLT 140652Z 00000KT 10SM BKN250 26/22 A3000 RMK AO2 SLP162 T02560222
CLT,2023-08-14 07:52,10.00,25000.00,KCLT 140752Z 29003KT 10SM BKN250 24/22 A2999 RMK AO2 SLP160 T02440222
CLT,2023-08-14 08:52,9.00,25000.00,KCLT 140852Z 00000KT 9SM SCT250 24/22 A2997 RMK AO2 SLP152 T02440222 58008
CLT,2023-08-14 09:52,10.00,25000.00,KCLT 140952Z 15003KT 10SM FEW250 24/22 A2997 RMK AO2 SLP152 T02440222
CLT,2023-08-14 10:52,10.00,12000.00,KCLT 141052Z 19003KT 10SM FEW120 FEW250 25/22 A3000 RMK AO2 SLP162 T02500217
CLT,2023-08-14 11:52,10.00,12000.00,KCLT 141152Z 17004KT 10SM FEW120 FEW250 26/22 A3001 RMK AO2 SLP167 T02610222 10261 20239 53015
CLT,2023-08-14 12:52,10.00,12000.00,KCLT 141252Z 21006KT 10SM FEW120 FEW250 28/23 A3002 RMK AO2 SLP171 T02780233
CLT,2023-08-14 13:52,10.00,10000.00,KCLT 141352Z 21006KT 10SM FEW100 SCT250 29/24 A3003 RMK AO2 SLP172 T02940239
CLT,2023-08-14 14:52,10.00,3000.00,KCLT 141452Z 25004KT 10SM FEW030 SCT110 SCT250 31/24 A3003 RMK AO2 SLP172 T03060239 51005
CLT,2023-08-14 15:52,10.00,4000.00,KCLT 141552Z 25008KT 10SM FEW040 SCT120 SCT250 33/23 A3002 RMK AO2 SLP167 T03280233
CLT,2023-08-14 16:52,10.00,4000.00,KCLT 141652Z 27008G15KT 240V300 10SM FEW040 SCT130 SCT250 34/23 A3001 RMK AO2 SLP164 T03390233
CLT,2023-08-14 17:52,10.00,3900.00,KCLT 141752Z 28006KT 10SM FEW039 SCT150 SCT250 34/24 A2999 RMK AO2 SLP160 TCU DSNT NW-N T03390239 10339 20261 56011
CLT,2023-08-14 18:52,10.00,4500.00,KCLT 141852Z 24005KT 10SM FEW045TCU FEW150 SCT250 34/24 A2997 RMK AO2 SLP151 CB DSNT N AND SE TCU NE T03440239
CLT,2023-08-14 19:52,10.00,4300.00,KCLT 141952Z 28007KT 10SM FEW043TCU FEW080 SCT150 SCT250 35/23 A2995 RMK AO2 SLP143 CB DSNT NE AND SE TCU NE AND DSNT N T03500233
CLT,2023-08-14 20:52,10.00,5000.00,KCLT 142052Z VRB04KT 10SM R18C/4500VP6000FT FEW050 FEW110 FEW250 36/22 A2991 RMK AO2 SLP131 CB DSNT NE AND SE TCU DSNT NE T03560222 58028
CLT,2023-08-14 21:52,10.00,5000.00,KCLT 142152Z 27006KT 10SM SCT050 SCT110 SCT250 35/23 A2992 RMK AO2 SLP136 CB DSNT SE TCU DSNT E AND SW T03500228
CLT,2023-08-14 22:52,10.00,5000.00,KCLT 142252Z 00000KT 10SM FEW050 FEW110 SCT250 33/23 A2992 RMK AO2 SLP134 CB DSNT E TCU DSNT SE T03330233
CLT,2023-08-14 23:52,10.00,5000.00,KCLT 142352Z 23005KT 10SM FEW050 FEW120 SCT250 32/24 A2992 RMK AO2 SLP137 T03220239 10356 20322 51005
CLT,2023-08-15 00:52,10.00,6000.00,KCLT 150052Z 21005KT 10SM FEW060 31/24 A2995 RMK AO2 SLP144 T03110239
CLT,2023-08-15 01:52,10.00,6000.00,KCLT 150152Z COR 22006KT 10SM FEW060 FEW250 31/23 A2995 RMK AO2 SLP146 T03060233
CLT,2023-08-15 02:52,10.00,5000.00,KCLT 150252Z 22006KT 10SM FEW050 30/23 A2994 RMK AO2 SLP142 T03000233 50006
CLT,2023-08-15 03:52,10.00,25000.00,KCLT 150352Z 21006KT 10SM SCT250 29/23 A2994 RMK AO2 SLP140 T02940233
CLT,2023-08-15 04:52,10.00,25000.00,KCLT 150452Z 21008KT 10SM BKN250 29/23 A2993 RMK AO2 SLP138 T02890233 403560239
CLT,2023-08-15 05:52,10.00,25000.00,KCLT 150552Z 23005KT 10SM BKN250 28/23 A2993 RMK AO2 SLP136 T02830233 10322 20278 56006
CLT,2023-08-15 06:52,10.00,25000.00,KCLT 150652Z COR 21006KT 10SM SCT250 27/23 A2990 RMK AO2 SLP129 T02720233
CLT,2023-08-15 07:52,10.00,M,KCLT 150752Z 19007KT 10SM CLR 27/23 A2990 RMK AO2 SLP126 T02720233
CLT,2023-08-15 08:52,10.00,25000.00,KCLT 150852Z 26005KT 10SM FEW250 27/24 A2990 RMK AO2 SLP129 T02670239 55007
CLT,2023-08-15 09:52,9.00,25000.00,KCLT 150952Z 29003KT 9SM FEW250 26/24 A2992 RMK AO2 SLP135 T02610239
CLT,2023-08-15 10:52,7.00,10000.00,KCLT 151052Z 21005KT 7SM FEW100 BKN250 26/24 A2991 RMK AO2 SLP134 T02560239
CLT,2023-08-15 11:52,8.00,1500.00,KCLT 151152Z 21008KT 8SM FEW015 FEW100 BKN250 26/24 A2990 RMK AO2 SLP129 T02610239 10283 20256 58001
CLT,2023-08-15 12:52,9.00,1000.00,KCLT 151252Z 22007KT 9SM FEW010 FEW100 BKN250 27/24 A2992 RMK AO2 SLP136 T02720239
CLT,2023-08-15 13:52,10.00,11000.00,KCLT 151352Z 20008KT 10SM FEW110 FEW250 29/24 A2991 RMK AO2 SLP130 T02890239
CLT,2023-08-15 14:52,10.00,11000.00,KCLT 151452Z 20011KT 10SM FEW110 FEW250 31/23 A2991 RMK AO2 SLP130 T03110228 51001
CLT,2023-08-15 15:52,10.00,3500.00,KCLT 151552Z 24010G22KT 10SM FEW035 FEW110 SCT250 33/23 A2991 RMK AO2 SLP131 T03280228
CLT,2023-08-15 16:52,10.00,4000.00,KCLT 151652Z 25008G19KT 10SM FEW040 FEW120 SCT250 34/23 A2990 RMK AO2 SLP128 T03390228
CLT,2023-08-15 17:52,10.00,4500.00,KCLT 151752Z 25010G21KT 10SM SCT045 SCT095 BKN150 BKN250 34/22 A2989 RMK AO2 SLP126 T03390222 10350 20261 58004
CLT,2023-08-15 18:52,10.00,4500.00,KCLT 151852Z 25006G16KT 10SM FEW045TCU SCT100 SCT150 SCT250 34/23 A2985 RMK AO2 LTG DSNT NW-NE SLP110 TCU N-NE AND DSNT SE-SW-NW DSNT CB NE AND SW T03440228
CLT,2023-08-15 19:52,10.00,4500.00,KCLT 151952Z 30009KT 10SM TS SCT045CB SCT100 BKN250 34/22 A2984 RMK AO2 LTG DSNT NE AND SW AND W TSB12 SLP107 OCNL LTGICCG NE TS NE MOV NE TCU NW-N AND DSNT S-SW T03390217
CLT,2023-08-15 20:52,10.00,3900.00,KCLT 152052Z 24008KT 10SM TS FEW039CB SCT070 BKN100 BKN250 25/22 A2984 RMK AO2 PK WND 26039/2021 WSHFT 1953 LTG DSNT NE-S RAB20E44 TSE00B13 SLP109 OCNL LTGICCG SE TS SE MOV NE P0018 60018 T02500217 56018
CLT,2023-08-15 21:52,10.00,4100.00,KCLT 152152Z 25006KT 10SM FEW041 FEW110 SCT210 BKN250 26/23 A2984 RMK AO2 TSE10 SLP110 TS MOV NE CB DSNT NE-E MOV NE T02610228
CLT,2023-08-15 22:52,10.00,4300.00,KCLT 152252Z 23005KT 10SM FEW043 FEW110 BKN250 27/22 A2983 RMK AO2 SLP106 T02670222
CLT,2023-08-15 23:52,10.00,5000.00,KCLT 152352Z 25005KT 10SM FEW050 FEW120 BKN250 26/22 A2983 RMK AO2 SLP107 60018 T02610222 10350 20244 57002
CLT,2023-08-16 00:52,10.00,4500.00,KCLT 160052Z 25004KT 10SM FEW045 FEW110 BKN250 26/23 A2988 RMK AO2 SLP123 T02560228
CLT,2023-08-16 01:52,10.00,4700.00,KCLT 160152Z 00000KT 10SM FEW047 BKN250 26/23 A2992 RMK AO2 SLP136 T02560228
CLT,2023-08-16 02:52,10.00,4600.00,KCLT 160252Z VRB03KT 10SM FEW046 BKN250 25/23 A2993 RMK AO2 SLP139 T02500228 51032
CLT,2023-08-16 03:52,10.00,5500.00,KCLT 160352Z 28004KT 10SM BKN055 BKN250 25/23 A2994 RMK AO2 SLP142 T02500228
CLT,2023-08-16 04:52,10.00,6000.00,KCLT 160452Z 31005KT 10SM SCT060 BKN250 24/21 A2993 RMK AO2 SLP140 T02440211 403500244
CLT,2023-08-16 05:52,10.00,6500.00,KCLT 160552Z 30004KT 10SM SCT065 BKN250 23/21 A2992 RMK AO2 SLP135 T02330206 10261 20233 58004
CLT,2023-08-16 06:52,10.00,25000.00,KCLT 160652Z 32004KT 10SM BKN250 22/19 A2991 RMK AO2 SLP132 T02220189
CLT,2023-08-16 07:52,10.00,25000.00,KCLT 160752Z 32003KT 10SM BKN250 22/18 A2992 RMK AO2 SLP135 T02170183
CLT,2023-08-16 08:52,10.00,6000.00,KCLT 160852Z 00000KT 10SM SCT060 22/18 A2993 RMK AO2 SLP141 T02170178 53004
CLT,2023-08-16 09:52,10.00,5500.00,KCLT 160952Z 00000KT 10SM FEW055 BKN250 21/18 A2994 RMK AO2 SLP145 T02060183
CLT,2023-08-16 10:52,10.00,5500.00,KCLT 161052Z 35004KT 10SM FEW055 BKN250 21/18 A2997 RMK AO2 SLP155 T02060178
CLT,2023-08-16 11:52,10.00,6000.00,KCLT 161152Z 01004KT 10SM FEW060 FEW120 BKN250 22/18 A2998 RMK AO2 SLP159 70018 T02220183 10233 20200 53018
CLT,2023-08-16 12:52,10.00,6000.00,KCLT 161252Z 03009KT 10SM FEW060 FEW250 24/17 A2999 RMK AO2 SLP161 T02440167
CLT,2023-08-16 13:52,10.00,6000.00,KCLT 161352Z 03008KT 10SM FEW060 FEW120 SCT250 26/17 A3000 RMK AO2 SLP162 T02560167
CLT,2023-08-16 14:52,10.00,6000.00,KCLT 161452Z 03007KT 10SM FEW060 SCT120 27/17 A3001 RMK AO2 SLP167 T02670172 53008
CLT,2023-08-16 15:52,10.00,4000.00,KCLT 161552Z 02006KT 10SM FEW040 FEW060 SCT250 28/17 A3000 RMK AO2 SLP164 T02780172
CLT,2023-08-16 16:52,10.00,5000.00,KCLT 161652Z VRB05KT 10SM FEW050 FEW065 SCT250 29/17 A2998 RMK AO2 SLP157 T02890167
CLT,2023-08-16 17:52,10.00,5000.00,KCLT 161752Z 00000KT 10SM SCT050 SCT065 SCT250 29/17 A2997 RMK AO2 SLP154 T02940167 10300 20222 58012
CLT,2023-08-16 18:52,10.00,5000.00,KCLT 161852Z 00000KT 10SM BKN050 BKN250 31/17 A2997 RMK AO2 SLP152 T03060167
CLT,2023-08-16 19:52,10.00,6000.00,KCLT 161952Z 00000KT 10SM BKN060 BKN250 31/16 A2995 RMK AO2 SLP147 T03060156
CLT,2023-08-16 20:52,10.00,6000.00,KCLT 162052Z 04005KT 10SM SCT060 SCT250 32/17 A2993 RMK AO2 SLP139 T03170167 58014
CLT,2023-08-16 21:52,10.00,6000.00,KCLT 162152Z 36004KT 10SM SCT060 SCT250 31/17 A2992 RMK AO2 SLP137 T03110167
CLT,2023-08-16 22:52,10.00,6000.00,KCLT 162252Z 36004KT 10SM FEW060 SCT250 31/16 A2992 RMK AO2 SLP137 T03060161
CLT,2023-08-16 23:52,10.00,6000.00,KCLT 162352Z 08004KT 10SM SCT060 BKN250 29/16 A2994 RMK AO2 SLP142 T02940161 10317 20289 53002
CLT,2023-08-17 00:52,10.00,6500.00,KCLT 170052Z 02003KT 10SM BKN065 27/17 A2995 RMK AO2 SLP145 T02720172
CLT,2023-08-17 01:52,10.00,6500.00,KCLT 170152Z 34004KT 10SM SCT065 SCT080 26/18 A2996 RMK AO2 SLP150 T02560183
CLT,2023-08-17 02:52,10.00,5000.00,KCLT 170252Z 02006KT 10SM BKN050 BKN065 OVC095 26/18 A2996 RMK AO2 SLP149 T02560178 50007
CLT,2023-08-17 03:52,10.00,5000.00,KCLT 170352Z 07005KT 10SM BKN050 BKN095 27/17 A2995 RMK AO2 SLP145 T02670172
CLT,2023-08-17 04:52,10.00,4800.00,KCLT 170452Z 14004KT 10SM FEW048 FEW250 25/18 A2994 RMK AO2 SLP144 T02500183 403170200
CLT,2023-08-17 05:52,10.00,25000.00,KCLT 170552Z 00000KT 10SM FEW250 24/18 A2994 RMK AO2 SLP143 T02440178 10294 20244 56005
CLT,2023-08-17 06:52,10.00,25000.00,KCLT 170652Z 00000KT 10SM FEW250 23/18 A2993 RMK AO2 SLP139 T02280183
CLT,2023-08-17 07:52,10.00,10000.00,KCLT 170752Z 00000KT 10SM SCT100 BKN250 23/18 A2993 RMK AO2 SLP138 T02280183
CLT,2023-08-17 08:52,10.00,9500.00,KCLT 170852Z 36004KT 10SM SCT095 22/19 A2992 RMK AO2 SLP136 T02170189 56007
CLT,2023-08-17 09:52,10.00,8500.00,KCLT 170952Z 33003KT 10SM BKN085 22/19 A2993 RMK AO2 SLP139 T02170189
CLT,2023-08-17 10:52,10.00,9000.00,KCLT 171052Z 35004KT 10SM BKN090 21/18 A2994 RMK AO2 SLP143 T02110183
CLT,2023-08-17 11:52,10.00,3600.00,KCLT 171152Z 00000KT 10SM FEW036 SCT075 BKN090 BKN250 23/19 A2995 RMK AO2 SLP147 T02330189 10244 20211 53010
CLT,2023-08-17 12:52,10.00,1100.00,KCLT 171252Z 16004KT 10SM BKN011 BKN036 BKN090 OVC250 24/21 A2996 RMK AO2 SLP150 T02390206
CLT,2023-08-17 13:52,8.00,800.00,KCLT 171352Z VRB03KT 8SM BKN008 OVC011 25/21 A2995 RMK AO2 SLP148 T02500211
CLT,2023-08-17 14:52,8.00,800.00,KCLT 171452Z 23004KT 8SM BKN008 BKN012 25/22 A2995 RMK AO2 SLP148 T02500217 51001
CLT,2023-08-17 15:52,10.00,1400.00,KCLT 171552Z 19005KT 10SM SCT014 BKN025 27/22 A2995 RMK AO2 SLP145 T02670217
CLT,2023-08-17 16:52,10.00,2400.00,KCLT 171652Z VRB03KT 10SM SCT024 SCT045 28/22 A2993 RMK AO2 SLP137 T02830217
CLT,2023-08-17 17:52,10.00,3200.00,KCLT 171752Z VRB03KT 10SM SCT032 SCT065 31/21 A2991 RMK AO2 SLP131 TCU DSNT N AND S T03060211 10306 20233 58016
CLT,2023-08-17 18:52,10.00,4000.00,KCLT 171852Z 27006KT 10SM SCT040 SCT070 32/19 A2989 RMK AO2 SLP125 TCU DSNT NE-SE T03170189
CLT,2023-08-17 19:52,10.00,5000.00,KCLT 171952Z 24005KT 10SM SCT050 32/18 A2987 RMK AO2 SLP118 T03220178
CLT,2023-08-17 20:52,10.00,5000.00,KCLT 172052Z 28009KT 10SM FEW050 32/18 A2986 RMK AO2 SLP115 T03170183 56015
CLT,2023-08-17 21:52,10.00,5500.00,KCLT 172152Z 28007KT 10SM SCT055 31/18 A2987 RMK AO2 SLP117 T03110178
CLT,2023-08-17 22:52,10.00,5500.00,KCLT 172252Z 27004KT 10SM FEW055 31/18 A2986 RMK AO2 SLP115 T03060178
CLT,2023-08-17 23:52,10.00,5500.00,KCLT 172352Z 26004KT 10SM FEW055 FEW250 28/18 A2987 RMK AO2 SLP118 T02830178 10322 20283 53002
CLT,2023-08-18 00:52,10.00,6500.00,KCLT 180052Z 25005KT 10SM FEW065 FEW250 27/18 A2988 RMK AO2 SLP123 T02720178
CLT,2023-08-18 01:52,10.00,6500.00,KCLT 180152Z 25007KT 10SM FEW065 FEW250 26/18 A2990 RMK AO2 SLP129 T02610183
CLT,2023-08-18 02:52,10.00,6500.00,KCLT 180252Z 23006KT 10SM FEW065 FEW250 26/18 A2990 RMK AO2 SLP130 T02560183 51012
CLT,2023-08-18 03:52,10.00,M,KCLT 180352Z 24006KT 10SM CLR 24/17 A2990 RMK AO2 SLP131 T02440172
CLT,2023-08-18 04:52,10.00,M,KCLT 180452Z 23007KT 10SM CLR 24/17 A2990 RMK AO2 SLP128 T02390167 403220211
CLT,2023-08-18 05:52,10.00,M,KCLT 180552Z 24006KT 10SM CLR 23/17 A2988 RMK AO2 SLP121 T02330172 10283 20233 58007
CLT,2023-08-18 06:52,10.00,M,KCLT 180652Z 23005KT 10SM CLR 22/17 A2987 RMK AO2 SLP118 T02220172
CLT,2023-08-18 07:52,10.00,M,KCLT 180752Z 26005KT 10SM CLR 21/17 A2987 RMK AO2 SLP120 T02110172
CLT,2023-08-18 08:52,10.00,M,KCLT 180852Z 22003KT 10SM CLR 21/18 A2988 RMK AO2 SLP122 T02060178 55000
CLT,2023-08-18 09:52,10.00,M,KCLT 180952Z 22003KT 10SM CLR 21/18 A2989 RMK AO2 SLP125 T02060178
CLT,2023-08-18 10:52,10.00,25000.00,KCLT 181052Z 00000KT 10SM FEW250 21/18 A2991 RMK AO2 SLP132 T02060178
CLT,2023-08-18 11:52,10.00,M,KCLT 181152Z 00000KT 10SM CLR 22/18 A2992 RMK AO2 SLP137 T02170183 10233 20206 53015
CLT,2023-08-18 12:52,10.00,8000.00,KCLT 181252Z 26003KT 10SM FEW080 23/18 A2994 RMK AO2 SLP144 T02330183
CLT,2023-08-18 13:52,10.00,8000.00,KCLT 181352Z VRB03KT 10SM FEW080 26/18 A2996 RMK AO2 SLP149 T02610178
CLT,2023-08-18 14:52,10.00,4000.00,KCLT 181452Z 30006KT 10SM FEW040 FEW080 28/18 A2997 RMK AO2 SLP152 T02830183 51015
CLT,2023-08-18 15:52,10.00,5000.00,KCLT 181552Z 00000KT 10SM SCT050 29/17 A2997 RMK AO2 SLP153 T02890172
CLT,2023-08-18 16:52,10.00,4900.00,KCLT 181652Z 30005KT 10SM SCT049 30/16 A2996 RMK AO2 SLP149 T03000161
CLT,2023-08-18 17:52,10.00,5500.00,KCLT 181752Z 28009KT 10SM SCT055 32/16 A2995 RMK AO2 SLP145 T03170156 10317 20217 58007
CLT,2023-08-18 18:52,10.00,7000.00,KCLT 181852Z 29007G16KT 10SM SCT070 32/15 A2994 RMK AO2 SLP141 T03170150
CLT,2023-08-18 19:52,10.00,7000.00,KCLT 181952Z 30008KT 10SM SCT070 32/16 A2993 RMK AO2 SLP138 T03220156
CLT,2023-08-18 20:52,10.00,7000.00,KCLT 182052Z 29007KT 10SM SCT070 32/16 A2991 RMK AO2 SLP135 T03170161 58011
CLT,2023-08-18 21:52,10.00,6000.00,KCLT 182152Z 28004KT 10SM SCT060 30/16 A2991 RMK AO2 SLP134 T03000161
CLT,2023-08-18 22:52,10.00,6000.00,KCLT 182252Z 33005KT 10SM FEW060 30/17 A2992 RMK AO2 SLP135 T03000167
CLT,2023-08-18 23:52,10.00,6000.00,KCLT 182352Z 00000KT 10SM FEW060 28/18 A2993 RMK AO2 SLP139 T02780178 10322 20278 53004
CLT,2023-08-19 00:52,10.00,6000.00,KCLT 190052Z 00000KT 10SM FEW060 26/18 A2996 RMK AO2 SLP150 T02610178
CLT,2023-08-19 01:52,10.00,6000.00,KCLT 190152Z 34007KT 10SM FEW060 24/18 A2998 RMK AO2 SLP158 T02390183
CLT,2023-08-19 02:52,10.00,6000.00,KCLT 190252Z 36004KT 10SM FEW060 23/17 A3000 RMK AO2 SLP164 T02330167 51024
CLT,2023-08-19 03:52,10.00,6000.00,KCLT 190352Z 01006KT 10SM FEW060 23/14 A3001 RMK AO2 SLP166 T02280144
CLT,2023-08-19 04:52,10.00,6500.00,KCLT 190452Z 01005KT 10SM FEW065 22/14 A3001 RMK AO2 SLP168 T02170144 403220206
CLT,2023-08-19 05:52,10.00,6500.00,KCLT 190552Z 01006KT 10SM FEW065 22/14 A3002 RMK AO2 SLP168 T02170139 10278 20217 51005
CLT,2023-08-19 06:52,10.00,6500.00,KCLT 190652Z 03006KT 10SM FEW065 FEW250 21/14 A3002 RMK AO2 SLP170 T02110139
CLT,2023-08-19 07:52,10.00,6500.00,KCLT 190752Z 01005KT 10SM FEW065 FEW250 21/14 A3003 RMK AO2 SLP172 T02060139
CLT,2023-08-19 08:52,10.00,M,KCLT 190852Z 36005KT 10SM CLR 19/14 A3003 RMK AO2 SLP174 T01940139 51005
CLT,2023-08-19 09:52,10.00,6000.00,KCLT 190952Z 04007KT 10SM FEW060 20/13 A3004 RMK AO2 SLP179 T02000133
CLT,2023-08-19 10:52,10.00,6000.00,KCLT 191052Z 05009KT 10SM FEW060 FEW250 21/13 A3007 RMK AO2 SLP189 T02060128
CLT,2023-08-19 11:52,10.00,6000.00,KCLT 191152Z 05009KT 10SM FEW060 FEW250 21/12 A3009 RMK AO2 SLP197 T02110122 10217 20189 53021
CLT,2023-08-19 12:52,10.00,6500.00,KCLT 191252Z 07010KT 10SM FEW065 SCT250 22/12 A3011 RMK AO2 SLP203 T02220117
CLT,2023-08-19 13:52,10.00,6500.00,KCLT 191352Z 04012KT 10SM FEW065 FEW250 24/12 A3012 RMK AO2 SLP206 T02390122
CLT,2023-08-19 14:52,10.00,6500.00,KCLT 191452Z 04007KT 10SM FEW065 FEW250 25/13 A3014 RMK AO2 SLP211 T02500128 51014
CLT,2023-08-19 15:52,10.00,6500.00,KCLT 191552Z 03007KT 360V060 10SM FEW065 FEW250 27/13 A3014 RMK AO2 SLP212 T02670128
CLT,2023-08-19 16:52,10.00,6000.00,KCLT 191652Z 06005KT 10SM FEW060 27/12 A3012 RMK AO2 SLP207 T02720117
CLT,2023-08-19 17:52,10.00,6000.00,KCLT 191752Z 36004KT 10SM FEW060 29/13 A3011 RMK AO2 SLP202 T02890128 10289 20211 58008
CLT,2023-08-19 18:52,10.00,6000.00,KCLT 191852Z VRB04KT 10SM FEW060 29/13 A3010 RMK AO2 SLP196 T02940128
CLT,2023-08-19 19:52,10.00,7000.00,KCLT 191952Z 27004KT 10SM FEW070 31/14 A3008 RMK AO2 SLP189 T03060144
CLT,2023-08-19 20:52,10.00,7000.00,KCLT 192052Z 30007KT 10SM FEW070 31/15 A3006 RMK AO2 SLP183 T03060150 57019
CLT,2023-08-19 21:52,10.00,7000.00,KCLT 192152Z 28005KT 10SM FEW070 31/15 A3006 RMK AO2 SLP184 T03060150
CLT,2023-08-19 22:52,10.00,10000.00,KCLT 192252Z 31004KT 10SM FEW100 29/16 A3005 RMK AO2 SLP182 T02940156
CLT,2023-08-19 23:52,10.00,7000.00,KCLT 192352Z 32004KT 10SM FEW070 FEW250 27/17 A3006 RMK AO2 SLP186 T02720167 10311 20272 53002
CLT,2023-08-20 00:52,10.00,25000.00,KCLT 200052Z 35004KT 10SM FEW250 25/17 A3008 RMK AO2 SLP191 T02500172
CLT,2023-08-20 01:52,10.00,M,KCLT 200152Z 35004KT 10SM CLR 24/17 A3009 RMK AO2 SLP196 T02440172
CLT,2023-08-20 02:52,10.00,M,KCLT 200252Z 34003KT 10SM CLR 24/17 A3011 RMK AO2 SLP201 T02390172 51015
CLT,2023-08-20 03:52,10.00,M,KCLT 200352Z 06003KT 10SM CLR 24/17 A3012 RMK AO2 SLP205 T02390167
CLT,2023-08-20 04:52,10.00,M,KCLT 200452Z 00000KT 10SM CLR 24/16 A3013 RMK AO2 SLP209 T02390161 403110189
CLT,2023-08-20 05:52,10.00,M,KCLT 200552Z 04004KT 10SM CLR 22/16 A3012 RMK AO2 SLP205 T02220161 10272 20222 50005
CLT,2023-08-20 06:52,10.00,M,KCLT 200652Z 00000KT 10SM CLR 22/17 A3012 RMK AO2 SLP204 T02170167
CLT,2023-08-20 07:52,10.00,M,KCLT 200752Z 33004KT 10SM CLR 20/17 A3012 RMK AO2 SLP204 T02000172
CLT,2023-08-20 08:52,9.00,25000.00,KCLT 200852Z 32003KT 9SM FEW250 19/17 A3012 RMK AO2 SLP206 T01940172 53001
CLT,2023-08-20 09:52,9.00,25000.00,KCLT 200952Z 33004KT 9SM FEW250 19/17 A3012 RMK AO2 SLP206 T01890172
CLT,2023-08-20 10:52,7.00,25000.00,KCLT 201052Z 34005KT 7SM FEW250 19/17 A3015 RMK AO2 SLP216 T01890167
CLT,2023-08-20 11:52,9.00,25000.00,KCLT 201152Z 35004KT 9SM FEW250 21/18 A3016 RMK AO2 SLP220 T02110178 10239 20189 53013
CLT,2023-08-20 12:52,10.00,25000.00,KCLT 201252Z 34004KT 10SM FEW250 24/18 A3018 RMK AO2 SLP227 T02390178
CLT,2023-08-20 13:52,10.00,25000.00,KCLT 201352Z 34003KT 10SM FEW250 27/18 A3020 RMK AO2 SLP231 T02670178
CLT,2023-08-20 14:52,10.00,2500.00,KCLT 201452Z 29003KT 10SM FEW025 FEW250 28/19 A3021 RMK AO2 SLP235 T02830189 51015
CLT,2023-08-20 15:52,10.00,4000.00,KCLT 201552Z 32004KT 10SM FEW040 FEW250 31/19 A3021 RMK AO2 SLP233 T03060194
CLT,2023-08-20 16:52,10.00,5000.00,KCLT 201652Z 32006KT 10SM SCT050 SCT250 32/19 A3019 RMK AO2 SLP228 T03170189
CLT,2023-08-20 17:52,10.00,5000.00,KCLT 201752Z 27004KT 10SM SCT050 32/17 A3018 RMK AO2 SLP223 T03220172 10322 20211 58010
CLT,2023-08-20 18:52,10.00,5000.00,KCLT 201852Z 31005KT 10SM SCT050 32/17 A3016 RMK AO2 SLP217 T03220172
CLT,2023-08-20 19:52,10.00,6000.00,KCLT 201952Z COR 00000KT 10SM SCT060 33/17 A3014 RMK AO2 SLP210 T03280172
CLT,2023-08-20 20:52,10.00,6000.00,KCLT 202052Z 29006KT 10SM FEW060 33/18 A3013 RMK AO2 SLP207 T03280178 56016
CLT,2023-08-20 21:52,10.00,6000.00,KCLT 202152Z 27005KT 10SM FEW060 33/17 A3012 RMK AO2 SLP204 T03280172
CLT,2023-08-20 22:52,10.00,M,KCLT 202252Z 29005KT 10SM CLR 32/18 A3011 RMK AO2 SLP202 T03170178
CLT,2023-08-20 23:52,10.00,6000.00,KCLT 202352Z 30004KT 10SM FEW060 29/19 A3012 RMK AO2 SLP205 T02940189 10333 20294 55002
CLT,2023-08-21 00:52,10.00,6000.00,KCLT 210052Z 33004KT 10SM FEW060 27/19 A3013 RMK AO2 SLP209 T02720194
CLT,2023-08-21 01:52,10.00,6000.00,KCLT 210152Z 32003KT 10SM FEW060 27/19 A3015 RMK AO2 SLP215 T02670194
CLT,2023-08-21 02:52,10.00,7000.00,KCLT 210252Z 31003KT 10SM FEW070 25/20 A3016 RMK AO2 SLP217 T02500200 51013
CLT,2023-08-21 03:52,10.00,7000.00,KCLT 210352Z 32003KT 10SM FEW070 24/20 A3016 RMK AO2 SLP218 T02390200
CLT,2023-08-21 04:52,10.00,5000.00,KCLT 210452Z 00000KT 10SM FEW050 25/20 A3016 RMK AO2 SLP218 T02500200 403330189
CLT,2023-08-21 05:52,10.00,M,KCLT 210552Z 00000KT 10SM CLR 23/20 A3015 RMK AO2 SLP214 T02330200 10294 20228 58003
CLT,2023-08-21 06:52,9.00,M,KCLT 210652Z 33004KT 9SM CLR 22/20 A3014 RMK AO2 SLP211 T02220200
CLT,2023-08-21 07:52,9.00,M,KCLT 210752Z 00000KT 9SM CLR 23/21 A3014 RMK AO2 SLP212 T02280206
CLT,2023-08-21 08:52,8.00,M,KCLT 210852Z 24003KT 8SM CLR 23/21 A3014 RMK AO2 SLP210 T02280206 56003
CLT,2023-08-21 09:52,8.00,M,KCLT 210952Z 00000KT 8SM CLR 22/21 A3015 RMK AO2 SLP214 T02220206
CLT,2023-08-21 10:52,7.00,5000.00,KCLT 211052Z 00000KT 7SM FEW050 22/20 A3016 RMK AO2 SLP218 T02170200
CLT,2023-08-21 11:52,7.00,25000.00,KCLT 211152Z 00000KT 7SM FEW250 24/21 A3017 RMK AO2 SLP221 T02440206 10244 20217 52010
CLT,2023-08-21 12:52,9.00,25000.00,KCLT 211252Z 29003KT 9SM FEW250 26/21 A3018 RMK AO2 SLP224 T02610206
CLT,2023-08-21 13:52,10.00,25000.00,KCLT 211352Z 25003KT 10SM FEW250 29/20 A3017 RMK AO2 SLP222 T02890200
CLT,2023-08-21 14:52,10.00,25000.00,KCLT 211452Z 25003KT 10SM R18C/5000VP6000FT SCT250 31/20 A3018 RMK AO2 SLP224 T03060200 51002
CLT,2023-08-21 15:52,10.00,25000.00,KCLT 211552Z 28007KT 10SM SCT250 32/19 A3017 RMK AO2 SLP221 T03170194
CLT,2023-08-21 16:52,10.00,4000.00,KCLT 211652Z VRB04KT 10SM FEW040 BKN250 32/20 A3016 RMK AO2 SLP217 T03220200
CLT,2023-08-21 17:52,10.00,5500.00,KCLT 211752Z 00000KT 10SM FEW055 BKN250 32/19 A3014 RMK AO2 SLP209 T03220194 10333 20244 58014
CLT,2023-08-21 18:52,10.00,6000.00,KCLT 211852Z 28006KT 10SM FEW060 BKN250 33/20 A3011 RMK AO2 SLP201 T03330200
CLT,2023-08-21 19:52,10.00,6000.00,KCLT 211952Z 25005KT 10SM FEW060 BKN250 33/19 A3010 RMK AO2 SLP196 T03330189
CLT,2023-08-21 20:52,10.00,6000.00,KCLT 212052Z 29005KT 10SM FEW060 BKN250 34/19 A3009 RMK AO2 SLP194 T03390194 56015
CLT,2023-08-21 21:52,10.00,6000.00,KCLT 212152Z 32006KT 10SM FEW060 BKN250 33/19 A3009 RMK AO2 SLP193 T03330194
CLT,2023-08-21 22:52,10.00,6000.00,KCLT 212252Z 36007KT 10SM FEW060 BKN250 31/20 A3009 RMK AO2 SLP192 T03110200
CLT,2023-08-21 23:52,10.00,25000.00,KCLT 212352Z 32003KT 10SM BKN250 30/20 A3009 RMK AO2 SLP192 T03000200 10344 20300 56002
CLT,2023-08-22 00:52,10.00,25000.00,KCLT 220052Z 34004KT 10SM R18C/5500VP6000FT BKN250 28/21 A3009 RMK AO2 SLP192 T02830206
CLT,2023-08-22 01:52,10.00,25000.00,KCLT 220152Z 34004KT 10SM BKN250 27/21 A3011 RMK AO2 SLP199 T02720211
CLT,2023-08-22 02:52,10.00,25000.00,KCLT 220252Z 34004KT 10SM BKN250 26/22 A3011 RMK AO2 SLP200 T02610217 53008
CLT,2023-08-22 03:52,10.00,5000.00,KCLT 220352Z 33005KT 10SM FEW050 BKN250 26/22 A3011 RMK AO2 SLP199 T02610217
CLT,2023-08-22 04:52,10.00,25000.00,KCLT 220452Z 32004KT 10SM BKN250 26/22 A3010 RMK AO2 SLP197 T02560217 403440217
CLT,2023-08-22 05:52,10.00,25000.00,KCLT 220552Z 30004KT 10SM BKN250 25/21 A3009 RMK AO2 SLP195 T02500211 10300 20250 58005
CLT,2023-08-22 06:52,10.00,25000.00,KCLT 220652Z 30003KT 10SM BKN250 24/21 A3008 RMK AO2 SLP190 T02440211
CLT,2023-08-22 07:52,10.00,25000.00,KCLT 220752Z COR 33004KT 10SM BKN250 24/21 A3008 RMK AO2 SLP189 T02390211
CLT,2023-08-22 08:52,10.00,25000.00,KCLT 220852Z 34003KT 10SM BKN250 24/21 A3007 RMK AO2 SLP188 T02390211 56006
CLT,2023-08-22 09:52,9.00,25000.00,KCLT 220952Z 00000KT 9SM BKN250 23/21 A3008 RMK AO2 SLP189 T02330211
CLT,2023-08-22 10:52,9.00,25000.00,KCLT 221052Z 36003KT 9SM BKN250 23/21 A3009 RMK AO2 SLP193 T02330211
CLT,2023-08-22 11:52,9.00,25000.00,KCLT 221152Z 35003KT 9SM BKN250 24/21 A3009 RMK AO2 SLP194 T02390211 10250 20233 51006
CLT,2023-08-22 12:52,9.00,25000.00,KCLT 221252Z 35004KT 9SM BKN250 27/22 A3009 RMK AO2 SLP195 T02670222
CLT,2023-08-22 13:52,10.00,25000.00,KCLT 221352Z 01007KT 10SM BKN250 29/22 A3009 RMK AO2 SLP195 T02940217
CLT,2023-08-22 14:52,10.00,25000.00,KCLT 221452Z 35009KT 10SM BKN250 31/22 A3009 RMK AO2 SLP193 T03060217 58001
CLT,2023-08-22 15:52,10.00,25000.00,KCLT 221552Z 04011KT 10SM OVC250 32/22 A3008 RMK AO2 SLP190 T03170217
CLT,2023-08-22 16:52,10.00,4500.00,KCLT 221652Z 02006KT 10SM FEW045 BKN250 32/21 A3006 RMK AO2 SLP185 T03220211
CLT,2023-08-22 17:52,10.00,5500.00,KCLT 221752Z 34007KT 320V070 10SM FEW055 OVC250 33/21 A3005 RMK AO2 SLP178 T03330211 10339 20239 58014
CLT,2023-08-22 18:52,10.00,5500.00,KCLT 221852Z 01008KT 10SM FEW055 OVC250 34/21 A3004 RMK AO2 SLP175 T03390211
CLT,2023-08-22 19:52,8.00,5500.00,KCLT 221952Z 35006KT 8SM FEW055 OVC250 34/21 A3002 RMK AO2 SLP169 T03390206
CLT,2023-08-22 20:52,8.00,5500.00,KCLT 222052Z 01006KT 8SM FEW055 BKN250 33/20 A3001 RMK AO2 SLP166 T03330200 57012
CLT,2023-08-22 21:52,8.00,5500.00,KCLT 222152Z 01007KT 8SM FEW055 BKN250 33/19 A3001 RMK AO2 SLP167 T03330194
CLT,2023-08-22 22:52,8.00,5500.00,KCLT 222252Z 02005KT 8SM FEW055 BKN250 32/20 A3001 RMK AO2 SLP165 T03220200
CLT,2023-08-22 23:52,8.00,25000.00,KCLT 222352Z 01004KT 8SM BKN250 30/21 A3001 RMK AO2 SLP166 T03000206 10344 20300 57000
CLT,2023-08-23 00:52,9.00,25000.00,KCLT 230052Z 03005KT 9SM SCT250 30/20 A3001 RMK AO2 SLP166 T03000200
CLT,2023-08-23 01:52,9.00,6000.00,KCLT 230152Z 06004KT 9SM FEW060 FEW250 29/20 A3002 RMK AO2 SLP169 T02940200
CLT,2023-08-23 02:52,10.00,6000.00,KCLT 230252Z 33003KT 10SM FEW060 27/22 A3002 RMK AO2 SLP170 T02720217 53004
CLT,2023-08-23 03:52,10.00,7000.00,KCLT 230352Z 34004KT 10SM BKN070 27/22 A3003 RMK AO2 SLP172 T02670217
CLT,2023-08-23 04:52,10.00,5500.00,KCLT 230452Z 02010KT 10SM BKN055 BKN070 28/19 A3004 RMK AO2 SLP176 T02780194 403440233
CLT,2023-08-23 05:52,8.00,5500.00,KCLT 230552Z 05010G17KT 8SM OVC055 27/21 A3006 RMK AO2 SLP182 T02720206 10311 20267 53013
CLT,2023-08-23 06:52,9.00,6000.00,KCLT 230652Z 05010G20KT 9SM SCT060 27/19 A3006 RMK AO2 SLP183 T02670189
CLT,2023-08-23 07:52,9.00,4200.00,KCLT 230752Z 05013KT 9SM SCT042 26/17 A3007 RMK AO2 SLP186 T02610167
CLT,2023-08-23 08:52,10.00,4100.00,KCLT 230852Z 04009KT 10SM SCT041 25/16 A3008 RMK AO2 SLP190 T02500161 53007
CLT,2023-08-23 09:52,10.00,4700.00,KCLT 230952Z 04009KT 10SM FEW047 24/14 A3010 RMK AO2 SLP196 T02390144
CLT,2023-08-23 10:52,10.00,3000.00,KCLT 231052Z 01006KT 10SM FEW030 FEW055 22/15 A3013 RMK AO2 SLP206 T02220150
CLT,2023-08-23 11:52,10.00,3000.00,KCLT 231152Z 04010KT 10SM FEW030 FEW055 23/15 A3014 RMK AO2 SLP212 T02280150 10272 20217 52021
CLT,2023-08-23 12:52,10.00,25000.00,KCLT 231252Z 04008KT 10SM FEW250 24/15 A3016 RMK AO2 SLP217 T02390150
CLT,2023-08-23 13:52,10.00,25000.00,KCLT 231352Z 06010G15KT 10SM FEW250 26/14 A3016 RMK AO2 SLP218 T02560144
CLT,2023-08-23 14:52,10.00,25000.00,KCLT 231452Z 06008KT 10SM FEW250 26/14 A3017 RMK AO2 SLP220 T02610139 51008
CLT,2023-08-23 15:52,10.00,25000.00,KCLT 231552Z 04006KT 10SM FEW250 27/14 A3015 RMK AO2 SLP213 T02720144
CLT,2023-08-23 16:52,10.00,M,KCLT 231652Z 02008KT 10SM CLR 28/14 A3013 RMK AO2 SLP207 T02830144
CLT,2023-08-23 17:52,10.00,5500.00,KCLT 231752Z 06007KT 10SM FEW055 29/14 A3011 RMK AO2 SLP202 T02890144 10294 20228 56018
CLT,2023-08-23 18:52,10.00,6000.00,KCLT 231852Z 02007KT 10SM FEW060 FEW250 31/15 A3009 RMK AO2 SLP193 T03060150
CLT,2023-08-23 19:52,10.00,25000.00,KCLT 231952Z 00000KT 10SM FEW250 31/15 A3006 RMK AO2 SLP185 T03060150
CLT,2023-08-23 20:52,10.00,8000.00,KCLT 232052Z VRB05KT 10SM FEW080 31/14 A3006 RMK AO2 SLP182 T03110144 56019
CLT,2023-08-23 21:52,10.00,25000.00,KCLT 232152Z 26006KT 10SM FEW250 31/16 A3005 RMK AO2 SLP181 T03060156
CLT,2023-08-23 22:52,10.00,25000.00,KCLT 232252Z 29005KT 10SM FEW250 29/17 A3006 RMK AO2 SLP183 T02940167
CLT,2023-08-23 23:52,10.00,25000.00,KCLT 232352Z 36006KT 10SM FEW250 27/16 A3007 RMK AO2 SLP188 T02720161 10317 20272 53005
CLT,2023-08-24 00:52,10.00,25000.00,KCLT 240052Z 05008KT 10SM FEW250 28/16 A3008 RMK AO2 SLP191 T02780156
CLT,2023-08-24 01:52,10.00,25000.00,KCLT 240152Z 07006KT 10SM SCT250 27/16 A3008 RMK AO2 SLP189 T02720156
CLT,2023-08-24 02:52,10.00,25000.00,KCLT 240252Z 00000KT 10SM FEW250 25/17 A3008 RMK AO2 SLP191 T02500167 51003
CLT,2023-08-24 03:52,10.00,25000.00,KCLT 240352Z 00000KT 10SM FEW250 24/17 A3007 RMK AO2 SLP187 T02440167
CLT,2023-08-24 04:52,10.00,25000.00,KCLT 240452Z 22003KT 10SM FEW250 23/17 A3006 RMK AO2 SLP183 T02280167 403170217
CLT,2023-08-24 05:52,10.00,25000.00,KCLT 240552Z 21003KT 10SM FEW250 23/17 A3004 RMK AO2 SLP178 T02280172 10278 20228 58013
CLT,2023-08-24 06:52,10.00,25000.00,KCLT 240652Z 13004KT 10SM FEW250 22/16 A3006 RMK AO2 SLP182 T02220161
CLT,2023-08-24 07:52,10.00,25000.00,KCLT 240752Z 00000KT 10SM SCT250 22/16 A3005 RMK AO2 SLP181 T02220161
CLT,2023-08-24 08:52,9.00,25000.00,KCLT 240852Z 15003KT 9SM FEW250 22/16 A3005 RMK AO2 SLP180 T02170161 50003
CLT,2023-08-24 09:52,10.00,10000.00,KCLT 240952Z 00000KT 10SM FEW100 FEW250 22/16 A3005 RMK AO2 SLP181 T02170156
CLT,2023-08-24 10:52,10.00,11000.00,KCLT 241052Z 15006KT 10SM SCT110 SCT250 21/15 A3005 RMK AO2 SLP181 T02110150
CLT,2023-08-24 11:52,10.00,11000.00,KCLT 241152Z 18004KT 10SM SCT110 BKN250 22/16 A3007 RMK AO2 SLP187 T02220161 10228 20206 53005
CLT,2023-08-24 12:52,10.00,14000.00,KCLT 241252Z 21007KT 10SM FEW140 SCT250 24/16 A3007 RMK AO2 SLP189 T02390161
CLT,2023-08-24 13:52,10.00,14000.00,KCLT 241352Z 23008KT 10SM FEW140 SCT250 27/16 A3008 RMK AO2 SLP191 T02670161
CLT,2023-08-24 14:52,10.00,18000.00,KCLT 241452Z 24006KT 10SM FEW180 SCT250 28/17 A3008 RMK AO2 SLP190 T02780172 50004
CLT,2023-08-24 15:52,10.00,18000.00,KCLT 241552Z 23009KT 10SM FEW180 BKN250 29/18 A3007 RMK AO2 SLP186 T02940178
CLT,2023-08-24 16:52,10.00,10000.00,KCLT 241652Z 25006KT 10SM FEW100 FEW180 BKN250 31/18 A3006 RMK AO2 SLP183 T03110183
CLT,2023-08-24 17:52,10.00,10000.00,KCLT 241752Z COR 26004KT 10SM SCT100 SCT200 BKN250 32/20 A3005 RMK AO2 SLP178 T03220200 10322 20222 58011
CLT,2023-08-24 18:52,10.00,6000.00,KCLT 241852Z 22007KT 10SM FEW060 FEW200 SCT250 33/20 A3002 RMK AO2 SLP168 T03330200
CLT,2023-08-24 19:52,10.00,6000.00,KCLT 241952Z 19006KT 10SM FEW060 SCT250 34/20 A2998 RMK AO2 SLP157 T03390200
CLT,2023-08-24 20:52,10.00,6000.00,KCLT 242052Z 21011KT 10SM FEW060 FEW250 34/20 A2995 RMK AO2 SLP146 T03440200
CLT,2023-08-24 21:52,10.00,6500.00,KCLT 242152Z 23006KT 10SM FEW065 SCT250 34/20 A2995 RMK AO2 SLP145 CB DSNT N T03440200
CLT,2023-08-24 22:52,10.00,6500.00,KCLT 242252Z 25005KT 10SM SCT065 SCT250 33/21 A2995 RMK AO2 SLP145 CB DSNT N-NE T03280206
CLT,2023-08-24 23:52,10.00,6500.00,KCLT 242352Z 24006KT 10SM SCT065 BKN120 BKN250 32/21 A2994 RMK AO2 LTG DSNT N SLP144 CB DSNT N-NE T03170206 10350 20317 58002
CLT,2023-08-25 00:52,10.00,6500.00,KCLT 250052Z 24007KT 10SM FEW065 SCT110 BKN250 31/21 A2995 RMK AO2 LTG DSNT N-E SLP147 CB DSNT N-E T03060211
CLT,2023-08-25 01:52,10.00,6500.00,KCLT 250152Z COR 07016G32KT 10SM BKN065 OVC100 25/20 A3001 RMK AO2 PK WND 07032/0144 WSHFT 0134 LTG DSNT N-E TSB21E47 SLP169 TS MOV S T02500200
CLT,2023-08-25 02:52,10.00,5500.00,KCLT 250252Z 06004KT 10SM FEW055 SCT110 26/20 A3000 RMK AO2 PK WND 05028/0212 LTG DSNT E AND SE RAB13E31 SLP164 P0011 60011 T02560200 50020
CLT,2023-08-25 03:52,10.00,5000.00,KCLT 250352Z 09003KT 10SM BKN050 BKN150 24/21 A3001 RMK AO2 SLP165 T02390211
CLT,2023-08-25 04:52,10.00,4000.00,KCLT 250452Z 00000KT 10SM FEW040 BKN110 BKN250 23/21 A3000 RMK AO2 SLP162 T02280211 403500206
CLT,2023-08-25 05:52,10.00,25000.00,KCLT 250552Z 25005KT 10SM BKN250 23/21 A3000 RMK AO2 SLP161 60011 T02280211 10317 20228 58002
CLT,2023-08-25 06:52,10.00,25000.00,KCLT 250652Z 00000KT 10SM BKN250 23/21 A3001 RMK AO2 SLP165 T02280206
CLT,2023-08-25 07:52,10.00,11000.00,KCLT 250752Z 29004KT 10SM FEW110 BKN250 23/21 A3000 RMK AO2 SLP164 T02280206
CLT,2023-08-25 08:52,10.00,15000.00,KCLT 250852Z 00000KT 10SM BKN150 BKN250 23/21 A2998 RMK AO2 SLP158 T02280206 58003
CLT,2023-08-25 09:52,10.00,16000.00,KCLT 250952Z 00000KT 10SM FEW160 SCT250 23/21 A2996 RMK AO2 SLP150 T02280206
CLT,2023-08-25 10:52,10.00,16000.00,KCLT 251052Z 00000KT 10SM FEW160 SCT250 22/21 A2999 RMK AO2 SLP161 T02220206
CLT,2023-08-25 11:52,10.00,15000.00,KCLT 251152Z 00000KT 10SM FEW150 FEW250 23/21 A3000 RMK AO2 SLP161 70011 T02330206 10233 20217 53003
CLT,2023-08-25 12:52,10.00,15000.00,KCLT 251252Z 00000KT 10SM SCT150 SCT250 24/21 A3002 RMK AO2 SLP168 T02440206
CLT,2023-08-25 13:52,10.00,18000.00,KCLT 251352Z 00000KT 10SM FEW180 SCT250 26/21 A3002 RMK AO2 SLP169 T02610211
CLT,2023-08-25 14:52,10.00,18000.00,KCLT 251452Z VRB03KT 10SM FEW180 SCT250 29/22 A3002 RMK AO2 SLP169 T02890222 51008
CLT,2023-08-25 15:52,10.00,4500.00,KCLT 251552Z 03005KT 10SM FEW045 FEW180 SCT250 31/22 A3001 RMK AO2 SLP168 T03110222
CLT,2023-08-25 16:52,10.00,3800.00,KCLT 251652Z 35007KT 10SM SCT038 SCT180 BKN250 32/22 A2999 RMK AO2 SLP158 T03220222
CLT,2023-08-25 17:52,10.00,4000.00,KCLT 251752Z VRB03KT 10SM FEW040 FEW200 SCT250 33/21 A2995 RMK AO2 SLP146 T03280211 10328 20239 58023
CLT,2023-08-25 18:52,10.00,5000.00,KCLT 251852Z 31004KT 10SM FEW050 BKN180 BKN250 34/21 A2994 RMK AO2 SLP141 T03390211
CLT,2023-08-25 19:52,10.00,5000.00,KCLT 251952Z 32004KT 10SM FEW050 FEW150 BKN170 BKN250 35/22 A2992 RMK AO2 SLP136 T03500217
CLT,2023-08-25 20:52,10.00,5500.00,KCLT 252052Z 24006KT 10SM FEW055 SCT120 BKN250 34/22 A2991 RMK AO2 SLP131 T03440217 58015
CLT,2023-08-25 21:52,9.00,5500.00,KCLT 252152Z VRB03KT 9SM FEW055 SCT250 34/22 A2991 RMK AO2 SLP130 T03390217
CLT,2023-08-25 22:52,10.00,15000.00,KCLT 252252Z 28003KT 10SM SCT150 SCT250 33/22 A2990 RMK AO2 SLP127 T03330217
CLT,2023-08-25 23:52,9.00,15000.00,KCLT 252352Z 00000KT 9SM SCT150 SCT250 32/22 A2991 RMK AO2 SLP131 T03170222 10350 20317 53000
CLT,2023-08-26 00:52,9.00,6000.00,KCLT 260052Z 00000KT 9SM FEW060 SCT150 BKN250 30/23 A2992 RMK AO2 SLP136 T03000228
CLT,2023-08-26 01:52,9.00,6500.00,KCLT 260152Z 00000KT 9SM FEW065 SCT150 SCT250 30/23 A2993 RMK AO2 SLP138 T03000228
CLT,2023-08-26 02:52,8.00,6000.00,KCLT 260252Z 16003KT 8SM SCT060 SCT150 SCT250 29/23 A2994 RMK AO2 SLP141 T02940233 51009
CLT,2023-08-26 03:52,9.00,6000.00,KCLT 260352Z 21004KT 9SM FEW060 FEW250 28/23 A2993 RMK AO2 SLP139 T02830228
CLT,2023-08-26 04:52,9.00,6000.00,KCLT 260452Z 22004KT 9SM FEW060 FEW250 28/23 A2993 RMK AO2 SLP137 T02780228 403500217
CLT,2023-08-26 05:52,8.00,25000.00,KCLT 260552Z 21003KT 8SM FEW250 27/23 A2990 RMK AO2 SLP127 T02670233 10317 20267 58013
CLT,2023-08-26 06:52,10.00,25000.00,KCLT 260652Z 18005KT 10SM FEW250 27/22 A2987 RMK AO2 SLP119 T02720217
CLT,2023-08-26 07:52,10.00,25000.00,KCLT 260752Z 19003KT 10SM FEW250 27/22 A2988 RMK AO2 SLP120 T02670217
CLT,2023-08-26 08:52,9.00,25000.00,KCLT 260852Z 22003KT 9SM FEW250 26/22 A2989 RMK AO2 SLP124 T02560217 55003
CLT,2023-08-26 09:52,8.00,18000.00,KCLT 260952Z 00000KT 8SM SCT180 24/22 A2990 RMK AO2 SLP128 T02440222
CLT,2023-08-26 10:52,8.00,15000.00,KCLT 261052Z 00000KT 8SM BKN150 BKN170 BKN250 25/22 A2991 RMK AO2 SLP131 T02500222
CLT,2023-08-26 11:52,7.00,18000.00,KCLT 261152Z 00000KT 7SM BKN180 BKN250 27/22 A2992 RMK AO2 SLP135 T02670222 10272 20244 53010
CLT,2023-08-26 12:52,6.00,15000.00,KCLT 261252Z 33004KT 6SM HZ BKN150 BKN200 27/22 A2993 RMK AO2 SLP138 T02670222
CLT,2023-08-26 13:52,7.00,15000.00,KCLT 261352Z 04003KT 7SM BKN150 BKN200 29/23 A2992 RMK AO2 SLP137 T02890228
CLT,2023-08-26 14:52,7.00,15000.00,KCLT 261452Z 03007KT 7SM SCT150 SCT200 30/23 A2993 RMK AO2 SLP138 T03000233 51004
CLT,2023-08-26 15:52,10.00,25000.00,KCLT 261552Z 08006KT 10SM FEW250 32/22 A2991 RMK AO2 SLP133 T03220222
CLT,2023-08-26 16:52,10.00,4500.00,KCLT 261652Z VRB03KT 10SM FEW045 SCT200 34/22 A2990 RMK AO2 SLP128 T03440222
CLT,2023-08-26 17:52,10.00,4800.00,KCLT 261752Z 01004KT 10SM SCT048 BKN160 35/22 A2988 RMK AO2 SLP122 T03500222 10350 20261 58016
CLT,2023-08-26 18:52,10.00,4700.00,KCLT 261852Z 31004KT 10SM FEW047 SCT180 36/22 A2986 RMK AO2 LTG DSNT S SLP115 T03560217
CLT,2023-08-26 19:52,10.00,5000.00,KCLT 261952Z 31008KT 10SM FEW050 SCT250 36/22 A2984 RMK AO2 LTG DSNT S SLP106 CB DSNT S T03610217
CLT,2023-08-26 20:52,10.00,5500.00,KCLT 262052Z 29003KT 10SM FEW055 FEW120 SCT250 36/22 A2982 RMK AO2 LTG DSNT SE AND S SLP100 CB DSNT SE AND S TCU DSNT SW T03560217 56021
CLT,2023-08-26 21:52,10.00,5500.00,KCLT 262152Z VRB04KT 10SM FEW055 SCT160 BKN250 35/22 A2981 RMK AO2 SLP098 CB DSNT SE TCU DSNT N AND SE-S T03500217
CLT,2023-08-26 22:52,10.00,5500.00,KCLT 262252Z 15006KT 10SM FEW055 FEW110 SCT250 33/22 A2980 RMK AO2 SLP096 CB DSNT S T03280217
CLT,2023-08-26 23:52,10.00,5500.00,KCLT 262352Z 14003KT 10SM FEW055 SCT250 31/22 A2982 RMK AO2 LTG DSNT NE SLP101 CB DSNT NE MOV SLWLY SE T03110217 10361 20311 53001
CLT,2023-08-27 00:52,10.00,5500.00,KCLT 270052Z 15004KT 10SM FEW055 FEW110 SCT250 29/22 A2983 RMK AO2 SLP105 LTG DSNT NE AND E AND NW CB DSNT NE AND E AND NW T02940222
CLT,2023-08-27 01:52,10.00,6000.00,KCLT 270152Z 19008KT 10SM BKN060 BKN080 BKN110 29/21 A2985 RMK AO2 SLP110 CONS LTG DSNT NW-NE CB DSNT NW-NE MOV SE T02940211
CLT,2023-08-27 02:52,6.00,3600.00,KCLT 270252Z 33023G35KT 6SM -TSRA SCT036 BKN049CB BKN080 24/19 A2992 RMK AO2 PK WND 33035/0249 WSHFT 0219 RAB51 TSB16 SLP137 CONS LTGICCCCG OHD-NW-N AND E TS OHD-NW-N AND E MOV SE P0000 60000 T02390194 53035
CLT,2023-08-27 03:52,10.00,4500.00,KCLT 270352Z 09006KT 10SM TS FEW045CB SCT090 BKN120 23/21 A2990 RMK AO2 PK WND 32031/0254 RAE45 SLP128 OCNL LTGICCC S TS S MOV SE P0060 T02330211
CLT,2023-08-27 04:52,10.00,4700.00,KCLT 270452Z 10005KT 10SM FEW047 FEW100 BKN130 24/21 A2988 RMK AO2 TSE08 SLP122 TS MOV SE T02390211 403610222
CLT,2023-08-27 05:52,10.00,4800.00,KCLT 270552Z 29003KT 10SM FEW048 SCT120 BKN160 23/22 A2987 RMK AO2 SLP117 60060 T02330217 10311 20222 56019
CLT,2023-08-27 06:52,10.00,4400.00,KCLT 270652Z 32004KT 10SM FEW044 SCT160 23/21 A2986 RMK AO2 SLP116 T02280211
CLT,2023-08-27 07:52,10.00,4400.00,KCLT 270752Z 00000KT 10SM FEW044 FEW180 23/21 A2985 RMK AO2 SLP112 T02280211
CLT,2023-08-27 08:52,10.00,4400.00,KCLT 270852Z 00000KT 10SM FEW044 FEW180 23/21 A2985 RMK AO2 SLP113 T02280211 55004
CLT,2023-08-27 09:52,10.00,4900.00,KCLT 270952Z 00000KT 10SM FEW049 FEW180 22/21 A2987 RMK AO2 SLP118 T02220211
CLT,2023-08-27 10:52,10.00,5000.00,KCLT 271052Z 00000KT 10SM FEW050 FEW150 SCT250 22/21 A2988 RMK AO2 SLP121 T02220211
CLT,2023-08-27 11:52,10.00,5000.00,KCLT 271152Z 35003KT 10SM FEW050 FEW150 SCT250 24/22 A2988 RMK AO2 SLP123 70060 T02390217 10239 20222 51010
CLT,2023-08-27 12:52,10.00,20000.00,KCLT 271252Z 00000KT 10SM FEW200 27/22 A2989 RMK AO2 SLP125 T02670222
CLT,2023-08-27 13:52,10.00,4000.00,KCLT 271352Z 07005KT 10SM FEW040 FEW200 28/22 A2988 RMK AO2 SLP124 T02780222
CLT,2023-08-27 14:52,10.00,3500.00,KCLT 271452Z 10004KT 10SM FEW035 FEW200 29/22 A2989 RMK AO2 SLP126 T02890217 53003
CLT,2023-08-27 15:52,10.00,3000.00,KCLT 271552Z 10004KT 10SM SCT030 29/22 A2989 RMK AO2 SLP125 T02940217
CLT,2023-08-27 16:52,10.00,3000.00,KCLT 271652Z VRB03KT 10SM SCT030 SCT250 32/22 A2988 RMK AO2 SLP121 T03170222
CLT,2023-08-27 17:52,10.00,3600.00,KCLT 271752Z 06005KT 10SM FEW036 SCT085 SCT250 32/22 A2986 RMK AO2 SLP113 TCU DSNT NW T03220222 10322 20239 58013
CLT,2023-08-27 18:52,10.00,4100.00,KCLT 271852Z 00000KT 10SM SCT041 SCT080 BKN250 33/22 A2983 RMK AO2 SLP103 CB DSNT S AND NW T03280217
CLT,2023-08-27 19:52,10.00,4500.00,KCLT 271952Z VRB05KT 10SM SCT045 SCT085 BKN250 33/22 A2979 RMK AO2 SLP091 T03330217
CLT,2023-08-27 20:52,10.00,5000.00,KCLT 272052Z 03005KT 10SM BKN050 BKN250 34/22 A2980 RMK AO2 LTG DSNT N AND S AND SW SLP093 CB DSNT N AND S AND SW T03440222 55020
CLT,2023-08-27 21:52,10.00,5000.00,KCLT 272152Z COR 10SM 200/10KT TS SCT050CB BKN080 BKN250 31/22 A2982 RMK AO2 TSB52 SLP100 OCNL LTGCG S-SW TS S-SW MOV NE T03110222
CLT,2023-08-27 22:52,8.00,3000.00,KCLT 272252Z 03006KT 8SM R18C/4500VP6000FT -TSRA BKN030CB OVC050 25/22 A2984 RMK AO2 RAB08 TSE51B52 SLP112 OCNL LTGCGCC ALQDS TS N-W MOV NE P0014 T02500222 $
CLT,2023-08-27 23:52,10.00,3000.00,KCLT 272352Z 29005KT 10SM TS BKN030 BKN050CB OVC080 24/22 A2986 RMK AO2 RAE48 SLP119 OCNL LTGCGCC ALQDS TS ALQDS MOV NE P0000 60014 T02440222 10344 20244 51023
CLT,2023-08-28 00:52,10.00,3000.00,KCLT 280052Z 17007KT 10SM -TSRA SCT030 BKN050CB OVC100 24/22 A2992 RMK AO2 RAB29 PRESRR SLP135 CONT LTGICCCCG OHD ALQDS TS OHD ALQDS MOV NE P0001 T02390222
CLT,2023-08-28 01:52,5.00,1000.00,KCLT 280152Z 12006KT 5SM TSRA BR BKN010 BKN050CB OVC100 23/22 A2989 RMK AO2 SLP126 CONS LTGICCCCG OHD ALQDS TS OHD ALQDS MOV NE P0021 T02280217
CLT,2023-08-28 02:52,10.00,1000.00,KCLT 280252Z 14004KT 10SM BKN010 BKN060 OVC100 23/22 A2990 RMK AO2 RAE51 TSE0157B00E18 SLP130 TS MOV NE P0007 60029 T02280217 51012
CLT,2023-08-28 03:52,10.00,500.00,KCLT 280352Z 12004KT 10SM BKN005 OVC100 23/22 A2989 RMK AO2 SLP127 T02280217
CLT,2023-08-28 04:52,10.00,600.00,KCLT 280452Z 15005KT 10SM BKN006 BKN070 BKN150 OVC200 23/22 A2991 RMK AO2 SLP131 T02280217 403440222
CLT,2023-08-28 05:52,10.00,500.00,KCLT 280552Z 23003KT 10SM SCT005 BKN150 OVC200 23/22 A2989 RMK AO2 SLP124 60029 T02280217 10250 20228 58004
CLT,2023-08-28 06:52,10.00,700.00,KCLT 280652Z 20003KT 10SM FEW007 23/22 A2987 RMK AO2 SLP118 T02280217
CLT,2023-08-28 07:52,10.00,1100.00,KCLT 280752Z 33003KT 10SM BKN011 23/22 A2987 RMK AO2 CIG 005V013 SLP118 T02280217
CLT,2023-08-28 08:52,10.00,900.00,KCLT 280852Z 00000KT 10SM BKN009 23/22 A2988 RMK AO2 SLP121 T02280217 55003
CLT,2023-08-28 09:52,10.00,900.00,KCLT 280952Z 00000KT 10SM SCT009 BKN013 OVC050 23/22 A2990 RMK AO2 SLP128 T02330217
CLT,2023-08-28 10:52,10.00,1500.00,KCLT 281052Z 11003KT 10SM OVC015 23/22 A2992 RMK AO2 SLP136 T02330217
CLT,2023-08-28 11:52,10.00,1000.00,KCLT 281152Z 09004KT 10SM OVC010 24/21 A2993 RMK AO2 SLP141 70043 T02390211 10239 20228 51017
CLT,2023-08-28 12:52,10.00,1200.00,KCLT 281252Z 09003KT 10SM BKN012 BKN016 OVC030 24/22 A2993 RMK AO2 SLP142 T02390222
CLT,2023-08-28 13:52,10.00,1000.00,KCLT 281352Z 16004KT 10SM SCT010 BKN035 BKN050 BKN250 25/22 A2993 RMK AO2 SLP140 T02500217
CLT,2023-08-28 14:52,10.00,1100.00,KCLT 281452Z VRB03KT 10SM BKN011 BKN019 BKN250 27/22 A2993 RMK AO2 SLP141 T02670222 53001
CLT,2023-08-28 15:52,10.00,1600.00,KCLT 281552Z 00000KT 10SM BKN016 BKN024 BKN045 BKN250 27/22 A2993 RMK AO2 SLP139 T02720222
CLT,2023-08-28 16:52,10.00,2000.00,KCLT 281652Z 33004KT 10SM BKN020 BKN034 BKN250 29/23 A2992 RMK AO2 SLP136 T02890228
CLT,2023-08-28 17:52,10.00,2500.00,KCLT 281752Z 36005KT 10SM BKN025 BKN034 BKN080 OVC250 29/23 A2991 RMK AO2 SLP134 T02890228 10294 20239 58007
CLT,2023-08-28 18:52,10.00,2300.00,KCLT 281852Z 03004KT 10SM TS SCT023CB BKN035 BKN046 BKN250 29/22 A2989 RMK AO2 TSE49B51 SLP127 OCNL LTGICCG S-SW TS S-SW MOV NE TCU E-S-W T02890222
CLT,2023-08-28 19:52,10.00,1200.00,KCLT 281952Z 15009KT 10SM TS FEW012 SCT023CB BKN047 OVC250 27/23 A2989 RMK AO2 LTG DSNT SE-SW SLP126 OCNL LTGICCG SE-SW TS SE-SW MOV NE T02720233
CLT,2023-08-28 20:52,3.00,1900.00,KCLT 282052Z 08007KT 3SM RA BKN019 BKN040 BKN070 BKN250 25/22 A2990 RMK AO2 LTG DSNT SE AND SW RAB14 TSE50 SLP131 TS MOV NE P0122 60122 T02500222 55004
CLT,2023-08-28 21:52,10.00,1900.00,KCLT 282152Z 13004KT 10SM FEW019 BKN041 BKN060 BKN250 27/23 A2990 RMK AO2 LTG DSNT SE AND S RAE09 SLP129 P0002 T02720233
CLT,2023-08-28 22:52,10.00,2200.00,KCLT 282252Z COR 14003KT 10SM FEW022 SCT048 BKN070 BKN250 27/23 A2989 RMK AO2 SLP125 T02720233
CLT,2023-08-28 23:52,10.00,2800.00,KCLT 282352Z 00000KT 10SM FEW028 FEW110 SCT250 26/23 A2988 RMK AO2 SLP124 TCU DSNT W-NW 60124 T02610233 10300 20239 56005
CLT,2023-08-29 00:52,9.00,5000.00,KCLT 290052Z 14003KT 9SM FEW050 FEW100 SCT250 26/24 A2991 RMK AO2 LTG DSNT NW SLP133 CB DSNT NW T02560239
CLT,2023-08-29 01:52,10.00,5000.00,KCLT 290152Z 15003KT 10SM FEW050 SCT075 SCT095 26/24 A2993 RMK AO2 SLP141 LTG DSNT N-NE AND W CB DSNT N-NE AND W T02560239
CLT,2023-08-29 02:52,8.00,5000.00,KCLT 290252Z 34006KT 8SM BKN050 BKN065 25/24 A2995 RMK AO2 LTG DSNT N SLP146 T02500239 51021
CLT,2023-08-29 03:52,10.00,3700.00,KCLT 290352Z 05005KT 10SM TS SCT037CB SCT048 SCT110 BKN250 25/23 A2995 RMK AO2 LTG DSNT SE-W TSB47 SLP146 OCNL LTGIC S TS S MOV NE CB DSNT SE MOV NE T02500228
CLT,2023-08-29 04:52,6.00,2300.00,KCLT 290452Z 09004KT 6SM TSRA BR FEW023 FEW046CB BKN110 OVC130 24/22 A2995 RMK AO2 RAB27 SLP144 OCNL LTGICCC E TS E MOV NE P0005 T02390217 403000228
CLT,2023-08-29 05:52,10.00,3600.00,KCLT 290552Z 36004KT 10SM FEW036 BKN044 BKN055 BKN160 BKN250 23/22 A2995 RMK AO2 RAE12 TSE26 SLP146 LTG DSNT W CB DSNT W MOV NE TS MOV NE P0002 60007 T02330217 10261 20233 55000
CLT,2023-08-29 06:52,10.00,1100.00,KCLT 290652Z 03006KT 10SM VCTS BKN011 BKN036 OVC110 23/21 A2994 RMK AO2 LTG DSNT N-E SLP143 TSB0558E51 TS MOV NE P0000 T02280211
CLT,2023-08-29 07:52,10.00,1700.00,KCLT 290752Z 07006KT 10SM SCT017 OVC055 23/21 A2993 RMK AO2 LTG DSNT E AND SE SLP140 T02280211
CLT,2023-08-29 08:52,10.00,5500.00,KCLT 290852Z 00000KT 10SM FEW055 SCT250 22/21 A2991 RMK AO2 SLP134 60000 T02220211 58010
CLT,2023-08-29 09:52,7.00,400.00,KCLT 290952Z 36004KT 7SM BKN004 BKN250 22/21 A2991 RMK AO2 SLP133 T02170211
CLT,2023-08-29 10:52,0.25,300.00,KCLT 291052Z 03005KT 1/4SM R18C/5000VP6000FT BR OVC003 22/21 A2993 RMK AO2 SFC VIS 5 SLP139 T02220211
CLT,2023-08-29 11:52,0.25,300.00,KCLT 291152Z 05007KT 1/4SM R18C/P6000FT BR OVC003 23/22 A2994 RMK AO2 SFC VIS 5 SLP143 60000 70131 T02280217 10233 20217 53009
CLT,2023-08-29 12:52,0.75,400.00,KCLT 291252Z 08007KT 3/4SM R18C/P6000FT BR BKN004 BKN007 OVC023 23/22 A2994 RMK AO2 SFC VIS 5 SLP146 T02330217
CLT,2023-08-29 13:52,2.00,700.00,KCLT 291352Z 10003KT 2SM HZ BKN007 BKN023 BKN085 25/22 A2996 RMK AO2 SFC VIS 6 SLP150 T02500222
CLT,2023-08-29 14:52,10.00,900.00,KCLT 291452Z 16004KT 10SM BKN009 BKN055 BKN085 26/22 A2997 RMK AO2 SLP154 T02560222 53011
CLT,2023-08-29 15:52,10.00,1100.00,KCLT 291552Z 13004KT 10SM BKN011 BKN160 BKN220 26/22 A2996 RMK AO2 SLP151 T02610222
CLT,2023-08-29 16:52,10.00,1300.00,KCLT 291652Z 24004KT 10SM BKN013 BKN055 OVC160 27/23 A2995 RMK AO2 SLP147 T02720228
CLT,2023-08-29 17:52,10.00,2100.00,KCLT 291752Z 00000KT 10SM BKN021 BKN060 BKN250 28/23 A2992 RMK AO2 SLP137 T02830228 10283 20228 58016
CLT,2023-08-29 18:52,10.00,2600.00,KCLT 291852Z 23004KT 10SM BKN026 BKN150 BKN250 29/22 A2990 RMK AO2 LTG DSNT NE SLP130 T02940222
CLT,2023-08-29 19:52,10.00,3000.00,KCLT 291952Z VRB03KT 10SM SCT030 SCT180 BKN250 31/22 A2986 RMK AO2 LTG DSNT NE SLP115 T03060217
CLT,2023-08-29 20:52,10.00,3000.00,KCLT 292052Z 12004KT 10SM SCT030 SCT180 BKN250 31/22 A2984 RMK AO2 LTG DSNT S SLP109 CB DSNT S T03060217 56026
CLT,2023-08-29 21:52,10.00,3600.00,KCLT 292152Z 36009KT 10SM TS BKN036CB BKN060 BKN110 BKN250 28/23 A2983 RMK AO2 LTG DSNT SE AND S TSB15 SLP107 FRQ LTGICCG S OCNL LTGICCG NW-N TS S MOV NE TS NW-N MOV E T02830233
CLT,2023-08-29 22:52,1.50,1300.00,KCLT 292252Z 36007KT 1 1/2SM R18C/2000V5000FT +TSRA BR FEW013 BKN028CB BKN045 OVC130 22/22 A2988 RMK AO2 RAB03 SLP126 OCNL LTGICCG OHD-NE-E TS OHD-NE-E MOV NE P0074 T02220217
CLT,2023-08-29 23:52,6.00,2900.00,KCLT 292352Z 28007KT 6SM -RA BR FEW029CB FEW055 BKN095 BKN250 23/22 A2986 RMK AO2 TSE12 SLP119 TS MOV NE P0032 60106 T02330222 10317 20222 50008
CLT,2023-08-30 00:52,10.00,4800.00,KCLT 300052Z 00000KT 10SM FEW048 SCT110 BKN250 23/22 A2987 RMK AO2 LTG DSNT E RAE52 SLP122 P0000 T02330217
CLT,2023-08-30 01:52,5.00,3000.00,KCLT 300152Z 00000KT 5SM RA BR SCT030 BKN036 OVC070 24/22 A2988 RMK AO2 LTG DSNT S AND SW RAB44 SLP125 P0000 T02390222
CLT,2023-08-30 02:52,7.00,700.00,KCLT 300252Z 16005KT 7SM -TSRA FEW007 FEW028CB BKN085 24/22 A2989 RMK AO2 LTG DSNT NE-S TSE13B18 SLP125 OCNL LTGICCG E TS E MOV NE P0011 60011 T02390222 51007
CLT,2023-08-30 03:52,10.00,900.00,KCLT 300352Z 12005KT 10SM FEW009 SCT050 BKN240 23/21 A2989 RMK AO2 LTG DSNT NE AND E RAE01 SLP126 TS MOV NE CB DSNT E MOV NE P0000 T02330211 $
CLT,2023-08-30 04:52,10.00,5500.00,KCLT 300452Z 18003KT 10SM FEW055 BKN150 BKN180 BKN250 23/21 A2987 RMK AO2 SLP121 T02280211 403170217 $
CLT,2023-08-30 05:52,10.00,18000.00,KCLT 300552Z 00000KT 10SM BKN180 BKN250 22/21 A2984 RMK AO2 SLP111 60011 T02220211 10244 20222 58014 $
CLT,2023-08-30 06:52,10.00,25000.00,KCLT 300652Z 00000KT 10SM FEW250 22/21 A2984 RMK AO2 SLP108 T02220211 $
CLT,2023-08-30 07:52,9.00,25000.00,KCLT 300752Z 00000KT 9SM BKN250 22/21 A2982 RMK AO2 SLP102 T02220211 $
CLT,2023-08-30 08:52,8.00,25000.00,KCLT 300852Z 15003KT 8SM BKN250 22/21 A2982 RMK AO2 SLP100 T02220211 56009 $
CLT,2023-08-30 09:52,10.00,22000.00,KCLT 300952Z 16003KT 10SM BKN220 22/21 A2980 RMK AO2 SLP096 T02220211 $
CLT,2023-08-30 10:52,9.00,25000.00,KCLT 301052Z 18003KT 9SM BKN250 22/21 A2982 RMK AO2 SLP106 T02220211 $
CLT,2023-08-30 11:52,9.00,200.00,KCLT 301152Z 00000KT 9SM FEW002 BKN250 23/22 A2983 RMK AO2 SLP107 70117 T02280217 10228 20222 53005
CLT,2023-08-30 12:52,10.00,600.00,KCLT 301252Z 30004KT 10SM SCT006 BKN200 OVC250 24/22 A2984 RMK AO2 SLP110 T02390217
CLT,2023-08-30 13:52,10.00,600.00,KCLT 301352Z 00000KT 10SM FEW006 SCT100 BKN200 OVC250 25/22 A2985 RMK AO2 SLP113 T02500217
CLT,2023-08-30 14:52,10.00,900.00,KCLT 301452Z 00000KT 10SM FEW009 BKN070 BKN190 OVC250 26/22 A2985 RMK AO2 SLP114 T02560222 51007
CLT,2023-08-30 15:52,10.00,1200.00,KCLT 301552Z VRB03KT 10SM -RA FEW012 SCT039 BKN080 BKN140 OVC250 26/22 A2984 RMK AO2 RAB48 SLP110 P0000 T02610217
CLT,2023-08-30 16:52,10.00,1400.00,KCLT 301652Z 06006KT 10SM SCT014 BKN033 BKN110 OVC250 27/23 A2981 RMK AO2 RAE1554 SLP099 P0000 T02670228
CLT,2023-08-30 17:52,10.00,1600.00,KCLT 301752Z 06006KT 10SM -RA SCT016 SCT065 BKN110 OVC250 27/22 A2979 RMK AO2 RAB40 SLP094 P0000 60000 T02670222 10267 20228 58021
CLT,2023-08-30 18:52,7.00,1400.00,KCLT 301852Z 08006KT 7SM -RA SCT014 BKN030 BKN070 BKN140 OVC250 26/23 A2977 RMK AO2 SLP088 P0001 T02560228
CLT,2023-08-30 19:52,5.00,1500.00,KCLT 301952Z 07006KT 5SM -RA BR FEW015 FEW035 BKN130 OVC250 25/23 A2975 RMK AO2 SLP080 P0003 T02500228
CLT,2023-08-30 20:52,4.00,3500.00,KCLT 302052Z 03008KT 4SM -RA BR FEW035 SCT110 BKN130 OVC250 25/23 A2973 RMK AO2 SLP072 P0013 60017 T02500233 58021
CLT,2023-08-30 21:52,6.00,3500.00,KCLT 302152Z 04010KT 6SM -RA BR FEW035 BKN110 24/23 A2970 RMK AO2 SLP063 P0002 T02440233
CLT,2023-08-30 22:52,6.00,700.00,KCLT 302252Z 03009KT 6SM -RA BR SCT007 SCT013 SCT060 OVC130 24/23 A2970 RMK AO2 SLP061 P0001 T02440228
CLT,2023-08-30 23:52,6.00,1000.00,KCLT 302352Z 03010KT 6SM -RA BR FEW010 FEW021 SCT065 OVC140 23/22 A2968 RMK AO2 SLP056 P0002 60022 T02330217 10267 20233 56015
CLT,2023-08-31 00:52,7.00,900.00,KCLT 310052Z 04013KT 7SM -RA FEW009 FEW020 SCT060 OVC140 23/21 A2969 RMK AO2 SLP058 P0003 T02330206
CLT,2023-08-31 01:52,7.00,900.00,KCLT 310152Z 03010G17KT 7SM -RA FEW009 SCT031 SCT065 OVC140 22/20 A2968 RMK AO2 SLP055 P0002 T02220200
CLT,2023-08-31 02:52,7.00,3200.00,KCLT 310252Z 02009KT 7SM -RA OVC032 22/20 A2968 RMK AO2 SLP057 P0001 60006 T02220200 51000
CLT,2023-08-31 03:52,8.00,2500.00,KCLT 310352Z 36007KT 8SM -RA OVC025 22/20 A2967 RMK AO2 SLP053 P0003 T02220200
CLT,2023-08-31 04:52,10.00,2900.00,KCLT 310452Z 36013G19KT 10SM -RA BKN029 BKN035 OVC044 22/19 A2969 RMK AO2 RAE01B21 SLP059 P0000 T02220189 402670222
CLT,2023-08-31 05:52,10.00,4400.00,KCLT 310552Z 35011KT 10SM BKN044 OVC065 23/18 A2969 RMK AO2 PK WND 32027/0534 RAE47 SLP058 P0000 60009 T02280178 10233 20222 53003
CLT,2023-08-31 06:52,10.00,6000.00,KCLT 310652Z 36014G19KT 10SM FEW060 SCT075 OVC090 23/17 A2969 RMK AO2 SLP058 T02330172
CLT,2023-08-31 07:52,10.00,3100.00,KCLT 310752Z 01008G14KT 10SM BKN031 23/17 A2972 RMK AO2 SLP070 T02280172
CLT,2023-08-31 08:52,10.00,3100.00,KCLT 310852Z 01015G22KT 10SM BKN031 23/16 A2975 RMK AO2 SLP081 T02280161 53021
CLT,2023-08-31 09:52,10.00,3200.00,KCLT 310952Z 01010G18KT 10SM FEW032 FEW090 SCT220 22/16 A2979 RMK AO2 SLP093 T02170156
CLT,2023-08-31 10:52,10.00,3300.00,KCLT 311052Z 36009KT 10SM FEW033 FEW080 21/15 A2981 RMK AO2 SLP103 T02060150
CLT,2023-08-31 11:52,10.00,7000.00,KCLT 311152Z 36008KT 10SM FEW070 21/15 A2985 RMK AO2 SLP115 70031 T02060150 10233 20206 51032
CLT,2023-08-31 12:52,10.00,7000.00,KCLT 311252Z 02011G18KT 10SM FEW070 22/14 A2987 RMK AO2 SLP122 T02220144
CLT,2023-08-31 13:52,10.00,3500.00,KCLT 311352Z 02011KT 10SM FEW035 FEW080 23/15 A2990 RMK AO2 SLP133 T02330150
CLT,2023-08-31 14:52,10.00,3500.00,KCLT 311452Z 01011G17KT 10SM FEW035 FEW080 FEW250 24/15 A2993 RMK AO2 SLP142 T02390150 53027
CLT,2023-08-31 15:52,10.00,4000.00,KCLT 311552Z 02006KT 10SM FEW040 FEW250 25/15 A2995 RMK AO2 SLP147 T02500150
CLT,2023-08-31 16:52,10.00,4000.00,KCLT 311652Z 02009KT 10SM FEW040 FEW250 26/15 A2995 RMK SLP148 T02610150
CLT,2023-08-31 17:52,10.00,4000.00,KCLT 311752Z VRB05KT 10SM FEW040 27/16 A2995 RMK AO2 SLP147 T02670156 10267 20206 51006
CLT,2023-08-31 18:52,10.00,4500.00,KCLT 311852Z 02007KT 10SM FEW045 28/16 A2995 RMK AO2 SLP148 T02780161
CLT,2023-08-31 19:52,10.00,4700.00,KCLT 311952Z VRB03KT 10SM SCT047 28/15 A2996 RMK AO2 SLP149 T02780150
CLT,2023-08-31 20:52,10.00,4900.00,KCLT 312052Z 02007KT 10SM FEW049 28/16 A2996 RMK AO2 SLP151 T02830156 53004
CLT,2023-08-31 21:52,10.00,4900.00,KCLT 312152Z 02004KT 10SM FEW049 28/15 A2997 RMK AO2 SLP154 T02780150
CLT,2023-08-31 22:52,10.00,4900.00,KCLT 312252Z 03006KT 10SM FEW049 27/15 A2998 RMK AO2 SLP158 T02670150
CLT,2023-08-31 23:52,10.00,5000.00,KCLT 312352Z 08006KT 10SM FEW050 26/14 A2999 RMK AO2 SLP163 T02610139 10283 20261 53011
