station,valid,metar
CVG,2023-05-31 00:52,KCVG 310052Z 13010KT 10SM FEW300 26/17 A2998 RMK AO2 SLP144 T02560167
CVG,2023-05-31 01:52,KCVG 310152Z 12005KT 10SM FEW300 24/16 A2999 RMK AO2 SLP147 T02390161
CVG,2023-05-31 02:52,KCVG 310252Z 13009KT 10SM FEW300 23/17 A3001 RMK AO2 SLP152 T02330167 53012
CVG,2023-05-31 03:52,KCVG 310352Z 11005KT 10SM CLR 22/16 A3002 RMK AO2 SLP157 T02220161
CVG,2023-05-31 04:52,KCVG 310452Z 13009KT 10SM CLR 22/17 A3003 RMK AO2 SLP157 T02220167 402890178
CVG,2023-05-31 05:52,KCVG 310552Z 12005KT 10SM CLR 21/17 A3003 RMK AO2 SLP158 T02110167 10267 20211 51006
CVG,2023-05-31 06:52,KCVG 310652Z 10005KT 10SM FEW300 20/17 A3002 RMK AO2 SLP157 T02000167
CVG,2023-05-31 07:52,KCVG 310752Z 13007KT 10SM FEW300 20/17 A3002 RMK AO2 SLP156 T02000172
CVG,2023-05-31 08:52,KCVG 310852Z 14005KT 10SM CLR 19/17 A3002 RMK AO2 SLP157 T01890167 55002
CVG,2023-05-31 09:52,KCVG 310952Z 15007KT 10SM CLR 19/17 A3003 RMK AO2 SLP161 T01890167
CVG,2023-05-31 10:52,KCVG 311052Z 14006KT 10SM CLR 18/17 A3005 RMK AO2 SLP166 T01830167
CVG,2023-05-31 11:52,KCVG 311152Z 14006KT 10SM CLR 20/17 A3006 RMK AO2 SLP171 T02000167 10211 20183 53014
CVG,2023-05-31 12:52,KCVG 311252Z 15007KT 10SM CLR 22/17 A3009 RMK AO2 SLP179 T02220167
CVG,2023-05-31 13:52,KCVG 311352Z 15007KT 10SM CLR 23/17 A3010 RMK AO2 SLP184 T02330167
CVG,2023-05-31 14:52,KCVG 311452Z 14008KT 10SM CLR 25/17 A3009 RMK AO2 SLP180 T02500167 50010
CVG,2023-05-31 15:52,KCVG 311552Z VRB05KT 10SM CLR 27/18 A3009 RMK AO2 SLP177 T02720178
CVG,2023-05-31 16:52,KCVG 311652Z COR 14009KT 10SM FEW043 28/17 A3008 RMK AO2 SLP173 T02830167
CVG,2023-05-31 17:52,KCVG 311752Z 11009KT 10SM SCT055 29/17 A3006 RMK AO2 SLP170 T02890167 10289 20200 58010
CVG,2023-05-31 18:52,KCVG 311852Z 10008KT 10SM SCT055 SCT070 29/16 A3005 RMK AO2 SLP165 MDT CU OHD AND N-NE T02940161
CVG,2023-05-31 19:52,KCVG 311952Z VRB05KT 10SM FEW060 FEW075 29/16 A3004 RMK AO2 SLP161 MDT CU W-N T02940161
CVG,2023-05-31 20:52,KCVG 312052Z 16006KT 10SM FEW060 FEW085 FEW300 29/16 A3002 RMK AO2 SLP155 MDT CU DSNT W-N T02940156 58014
CVG,2023-05-31 21:52,KCVG 312152Z 15009KT 10SM FEW065 FEW300 29/15 A3001 RMK AO2 SLP153 T02890150
CVG,2023-05-31 22:52,KCVG 312252Z 12009KT 10SM FEW065 FEW300 28/15 A3001 RMK AO2 SLP153 T02830150
CVG,2023-05-31 23:52,KCVG 312352Z 12010G17KT 10SM FEW300 27/16 A3001 RMK AO2 SLP154 T02720156 10300 20272 55002
CVG,2023-06-01 00:52,KCVG 010052Z 13011KT 10SM SCT300 26/16 A3002 RMK AO2 SLP155 T02610156
CVG,2023-06-01 01:52,KCVG 010152Z 13009KT 10SM FEW300 24/16 A3003 RMK AO2 SLP159 T02440156
CVG,2023-06-01 03:52,KCVG 010352Z 13007KT 10SM FEW300 23/16 A3006 RMK AO2 SLP169 T02280161
CVG,2023-06-01 04:52,KCVG 010452Z 13004KT 10SM CLR 21/16 A3006 RMK AO2 SLP169 T02110161 403000183
CVG,2023-06-01 05:52,KCVG 010552Z 13003KT 10SM FEW300 21/16 A3005 RMK AO2 SLP167 T02110161 10272 20206 50000
CVG,2023-06-01 07:52,KCVG 010752Z 01003KT 10SM FEW300 20/16 A3004 RMK AO2 SLP164 T02000161 $
CVG,2023-06-01 08:52,KCVG 010852Z 07005KT 10SM FEW300 20/17 A3005 RMK AO2 SLP165 T02000167 $
CVG,2023-06-01 09:52,KCVG 010952Z 08003KT 10SM SCT300 19/16 A3006 RMK AO2 SLP168 T01940161 $
CVG,2023-06-01 10:52,KCVG 011052Z 02003KT 9SM FEW300 19/17 A3008 RMK AO2 SLP176 T01940167 $
CVG,2023-06-01 11:52,KCVG 011152Z 07005KT 9SM FEW300 21/17 A3009 RMK AO2 SLP180 T02110167 10222 20189 53015 $
CVG,2023-06-01 12:52,KCVG 011252Z 10003KT 9SM FEW300 23/17 A3011 RMK AO2 SLP185 T02280167
CVG,2023-06-01 13:52,KCVG 011352Z 03005KT 8SM CLR 25/18 A3011 RMK AO2 SLP186 T02500178
CVG,2023-06-01 14:52,KCVG 011452Z 06006KT 10SM FEW045 27/16 A3010 RMK AO2 SLP182 T02720161 50002
CVG,2023-06-01 15:52,KCVG 011552Z 04010KT 10SM FEW048 28/16 A3010 RMK AO2 SLP180 T02830161
CVG,2023-06-01 16:52,KCVG 011652Z 07011G15KT 10SM FEW050 29/16 A3009 RMK AO2 SLP177 T02940156
CVG,2023-06-01 17:52,KCVG 011752Z VRB03KT 10SM FEW055 29/15 A3007 RMK AO2 SLP172 T02940150 10300 20211 58009
CVG,2023-06-01 18:52,KCVG 011852Z 14009G15KT 10SM FEW065 SCT250 31/15 A3006 RMK AO2 SLP167 T03060150
CVG,2023-06-01 19:52,KCVG 011952Z 14008KT 10SM FEW065 FEW250 30/14 A3004 RMK AO2 SLP163 T03000144
CVG,2023-06-01 20:52,KCVG 012052Z VRB04KT 10SM FEW070 FEW250 31/15 A3002 RMK AO2 SLP154 T03060150 58017
CVG,2023-06-01 21:52,KCVG 012152Z 05003KT 10SM FEW070 FEW300 30/13 A3001 RMK AO2 SLP153 T03000133
CVG,2023-06-01 22:52,KCVG 012252Z 06006KT 10SM FEW075 FEW300 31/13 A3000 RMK AO2 SLP149 T03060128
CVG,2023-06-01 23:52,KCVG 012352Z 12004KT 10SM FEW075 FEW300 28/14 A3000 RMK AO2 SLP149 T02830139 10311 20283 56006
CVG,2023-06-02 00:52,KCVG 020052Z 27003KT 10SM CLR 26/13 A3001 RMK AO2 SLP151 T02610133
CVG,2023-06-02 01:52,KCVG 020152Z 36004KT 10SM CLR 26/13 A3002 RMK AO2 SLP155 T02560133
CVG,2023-06-02 02:52,KCVG 020252Z 10006KT 10SM CLR 24/12 A3004 RMK AO2 SLP160 T02390117 53012
CVG,2023-06-02 03:52,KCVG 020352Z 08006KT 10SM CLR 23/11 A3004 RMK AO2 SLP161 T02280111
CVG,2023-06-02 04:52,KCVG 020452Z 06005KT 10SM CLR 23/09 A3005 RMK AO2 SLP163 T02280094 403110189
CVG,2023-06-02 05:52,KCVG 020552Z 07006KT 10SM CLR 22/08 A3004 RMK AO2 SLP162 T02220083 10283 20211 50002
CVG,2023-06-02 06:52,KCVG 020652Z 00000KT 10SM CLR 19/09 A3003 RMK AO2 SLP158 T01940089
CVG,2023-06-02 07:52,KCVG 020752Z 00000KT 10SM CLR 18/09 A3002 RMK AO2 SLP155 T01830094
CVG,2023-06-02 08:52,KCVG 020852Z 00000KT 10SM CLR 18/10 A3002 RMK AO2 SLP156 T01780100 55007
CVG,2023-06-02 09:52,KCVG 020952Z 36003KT 9SM CLR 16/11 A3004 RMK AO2 SLP162 T01610111
CVG,2023-06-02 10:52,KCVG 021052Z 36003KT 9SM CLR 18/09 A3005 RMK AO2 SLP165 T01830094
CVG,2023-06-02 11:52,KCVG 021152Z 36005KT 9SM CLR 19/09 A3006 RMK AO2 SLP168 T01940094 10222 20150 51011
CVG,2023-06-02 12:52,KCVG 021252Z 02004KT 8SM CLR 22/11 A3006 RMK AO2 SLP170 T02220111
CVG,2023-06-02 13:52,KCVG 021352Z 00000KT 8SM CLR 25/13 A3006 RMK AO2 SLP168 T02500128
CVG,2023-06-02 14:52,KCVG 021452Z 01006KT 8SM CLR 28/14 A3005 RMK AO2 SLP165 T02780139 58002
CVG,2023-06-02 15:52,KCVG 021552Z 07009KT 10SM FEW300 29/13 A3004 RMK AO2 SLP161 T02940128
CVG,2023-06-02 16:52,KCVG 021652Z 05009G16KT 10SM CLR 31/12 A3002 RMK AO2 SLP154 T03060117
CVG,2023-06-02 17:52,KCVG 021752Z 06012G16KT 10SM CLR 32/11 A3001 RMK AO2 SLP149 T03170106 10317 20194 58015
CVG,2023-06-02 18:52,KCVG 021852Z 06007KT 9SM FEW080 32/13 A2999 RMK AO2 SLP142 T03170128
CVG,2023-06-02 19:52,KCVG 021952Z 13008KT 9SM FEW085 32/12 A2996 RMK AO2 SLP134 T03220122
CVG,2023-06-02 20:52,KCVG 022052Z 03007KT 360V080 10SM FEW090 33/12 A2994 RMK AO2 SLP127 T03280117 56021
CVG,2023-06-02 21:52,KCVG 022152Z 01009G16KT 9SM CLR 33/11 A2993 RMK AO2 SLP123 T03280106
CVG,2023-06-02 22:52,KCVG 022252Z 02005G14KT 9SM CLR 32/11 A2992 RMK AO2 SLP120 T03220111
CVG,2023-06-02 23:52,KCVG 022352Z 04006KT 9SM CLR 31/12 A2992 RMK AO2 SLP119 T03110117 10333 20311 56008
CVG,2023-06-03 00:52,KCVG 030052Z 35005KT 9SM FEW300 28/13 A2992 RMK AO2 SLP119 T02830133
CVG,2023-06-03 01:52,KCVG 030152Z 17004KT 10SM FEW300 24/13 A2992 RMK AO2 SLP122 T02390128
CVG,2023-06-03 02:52,KCVG 030252Z 00000KT 10SM FEW250 23/13 A2994 RMK AO2 SLP128 T02330133 53009
CVG,2023-06-03 03:52,KCVG 030352Z 00000KT 10SM CLR 25/13 A2995 RMK AO2 SLP129 T02500133
CVG,2023-06-03 04:52,KCVG 030452Z VRB03KT 10SM CLR 22/14 A2996 RMK AO2 SLP134 T02170139 403330150
CVG,2023-06-03 05:52,KCVG 030552Z 04007KT 10SM CLR 25/12 A2995 RMK AO2 SLP129 T02500117 10311 20217 50002
CVG,2023-06-03 06:52,KCVG 030652Z 03007KT 10SM CLR 24/12 A2994 RMK AO2 SLP127 T02390117
CVG,2023-06-03 07:52,KCVG 030752Z 03007KT 10SM CLR 23/12 A2993 RMK AO2 SLP124 T02280122
CVG,2023-06-03 08:52,KCVG 030852Z 04009KT 10SM CLR 22/12 A2993 RMK AO2 SLP122 T02220122 56006
CVG,2023-06-03 09:52,KCVG 030952Z 34003KT 10SM FEW250 19/12 A2994 RMK AO2 SLP125 T01940122
CVG,2023-06-03 10:52,KCVG 031052Z 35003KT 7SM FEW150 SCT250 19/13 A2995 RMK AO2 SLP130 T01940128
CVG,2023-06-03 11:52,KCVG 031152Z 32003KT 7SM FEW150 SCT250 21/14 A2995 RMK AO2 SLP131 T02110139 10250 20194 51007
CVG,2023-06-03 12:52,KCVG 031252Z 06005KT 7SM FEW150 SCT250 24/14 A2996 RMK AO2 SLP133 T02440139
CVG,2023-06-03 13:52,KCVG 031352Z 06008KT 7SM SCT150 SCT250 26/14 A2996 RMK AO2 SLP133 T02560139
CVG,2023-06-03 14:52,KCVG 031452Z 06009KT 7SM FEW150 SCT250 28/14 A2995 RMK AO2 SLP131 T02830144 50000
CVG,2023-06-03 15:52,KCVG 031552Z 00000KT 7SM FEW150 SCT250 29/16 A2995 RMK AO2 SLP132 T02940156
CVG,2023-06-03 16:52,KCVG 031652Z 05007KT 8SM FEW025 SCT150 SCT250 32/13 A2995 RMK AO2 SLP130 T03220133
CVG,2023-06-03 17:52,KCVG 031752Z 35008KT 8SM FEW060 SCT090 SCT150 32/13 A2993 RMK AO2 SLP124 T03170133 10328 20211 58006
CVG,2023-06-03 18:52,KCVG 031852Z 06012G18KT 9SM FEW095 SCT150 32/12 A2993 RMK AO2 SLP121 T03220122
CVG,2023-06-03 19:52,KCVG 031952Z 05011G14KT 9SM SCT110 BKN150 32/13 A2991 RMK AO2 SLP117 T03220133
CVG,2023-06-03 20:52,KCVG 032052Z 05007KT 010V080 8SM BKN120 33/14 A2990 RMK AO2 SLP111 T03330139 58012
CVG,2023-06-03 21:52,KCVG 032152Z 33006KT 8SM SCT100 32/16 A2989 RMK AO2 LTG DSNT N AND E SLP109 T03170156
CVG,2023-06-03 22:52,KCVG 032252Z VRB04G14KT 7SM -TSRA BKN060CB BKN170 26/18 A2989 RMK AO2 PK WND 35029/2231 RAB38 TSB28 SLP113 OCNL LTGICCC TS OVHD MOV SW P0000 T02610183
CVG,2023-06-03 23:52,KCVG 032352Z 00000KT 8SM FEW100 BKN170 26/19 A2989 RMK AO2 RAE01 TSE01 SLP113 P0000 60000 T02610189 10339 20239 56001
CVG,2023-06-04 00:52,KCVG 040052Z 01007KT 8SM FEW110 BKN200 26/17 A2991 RMK AO2 SLP117 T02610167
CVG,2023-06-04 01:52,KCVG 040152Z 04007KT 9SM FEW110 SCT200 27/15 A2991 RMK AO2 SLP118 T02670150
CVG,2023-06-04 02:52,KCVG 040252Z 05007KT 10SM FEW090 SCT150 SCT200 27/16 A2992 RMK AO2 SLP120 T02670161 51009
CVG,2023-06-04 03:52,KCVG 040352Z 09011KT 10SM BKN085 24/17 A2993 RMK AO2 SLP125 T02440167
CVG,2023-06-04 04:52,KCVG 040452Z 05004KT 10SM FEW085 BKN250 24/16 A2993 RMK AO2 SLP123 T02390156 403390194
CVG,2023-06-04 05:52,KCVG 040552Z 36006KT 10SM BKN250 22/16 A2992 RMK AO2 SLP120 T02220156 10272 20222 58001
CVG,2023-06-04 06:52,KCVG 040652Z 03009KT 10SM BKN250 22/16 A2992 RMK AO2 SLP120 T02220161
CVG,2023-06-04 07:52,KCVG 040752Z 03006KT 10SM SCT250 22/16 A2993 RMK AO2 SLP124 T02220156
CVG,2023-06-04 08:52,KCVG 040852Z 03009KT 10SM SCT250 22/14 A2994 RMK AO2 SLP124 T02170144 53005
CVG,2023-06-04 09:52,KCVG 040952Z 04009KT 10SM SCT250 21/14 A2995 RMK AO2 SLP130 T02060144
CVG,2023-06-04 10:52,KCVG 041052Z 04010KT 5SM HZ FEW150 FEW250 19/14 A2996 RMK AO2 SLP135 T01940139
CVG,2023-06-04 11:52,KCVG 041152Z 03012KT 5SM HZ FEW150 FEW250 19/13 A2996 RMK AO2 SLP136 T01940133 10228 20194 51009
CVG,2023-06-04 12:52,KCVG 041252Z 03011KT 5SM HZ SCT150 20/12 A2997 RMK AO2 SLP138 T02000122
CVG,2023-06-04 13:52,KCVG 041352Z VRB04KT 7SM SCT150 22/13 A2997 RMK AO2 SLP139 T02170128
CVG,2023-06-04 14:52,KCVG 041452Z 04006KT 7SM SCT250 22/13 A2997 RMK AO2 SLP138 T02220133 50003
CVG,2023-06-04 15:52,KCVG 041552Z 01006KT 7SM BKN250 23/13 A2998 RMK AO2 SLP142 T02330133
CVG,2023-06-04 16:52,KCVG 041652Z 36008KT 330V040 7SM OVC250 25/14 A2997 RMK AO2 SLP139 T02500139
CVG,2023-06-04 17:52,KCVG 041752Z 03008KT 7SM OVC250 26/15 A2996 RMK AO2 SLP136 T02610150 10261 20194 58002
CVG,2023-06-04 18:52,KCVG 041852Z 02010KT 6SM HZ OVC250 27/15 A2995 RMK AO2 SLP133 T02670150
CVG,2023-06-04 19:52,KCVG 041952Z 03009G16KT 6SM HZ OVC250 27/16 A2995 RMK AO2 SLP132 T02720156
CVG,2023-06-04 20:52,KCVG 042052Z 04009KT 6SM HZ OVC250 28/16 A2993 RMK AO2 SLP125 T02780156 58011
CVG,2023-06-04 21:52,KCVG 042152Z 11004KT 6SM HZ OVC250 27/17 A2992 RMK AO2 SLP121 T02720167
CVG,2023-06-04 22:52,KCVG 042252Z VRB06G15KT 6SM HZ OVC250 27/18 A2990 RMK AO2 SLP117 T02720178
CVG,2023-06-04 23:52,KCVG 042352Z 28007KT 6SM HZ SCT250 27/18 A2991 RMK AO2 SLP118 T02670178 10283 20256 55008
CVG,2023-06-05 00:52,KCVG 050052Z 26006KT 7SM SCT200 23/18 A2992 RMK AO2 SLP122 T02330178
CVG,2023-06-05 01:52,KCVG 050152Z 31003KT 7SM SCT200 23/17 A2993 RMK AO2 SLP126 T02330167
CVG,2023-06-05 02:52,KCVG 050252Z 04014G22KT 9SM FEW300 25/12 A2996 RMK AO2 SLP134 T02500117 53016
CVG,2023-06-05 03:52,KCVG 050352Z 03011KT 10SM FEW300 23/12 A2997 RMK AO2 SLP138 T02330117
CVG,2023-06-05 04:52,KCVG 050452Z 04011KT 10SM FEW300 22/11 A2997 RMK AO2 SLP138 T02170106 402830194
CVG,2023-06-05 05:52,KCVG 050552Z 02008KT 10SM CLR 21/10 A2996 RMK AO2 SLP137 T02060100 10267 20206 50003
CVG,2023-06-05 06:52,KCVG 050652Z 03008KT 10SM CLR 19/09 A2997 RMK AO2 SLP137 T01940094
CVG,2023-06-05 07:52,KCVG 050752Z 03009KT 10SM CLR 18/08 A2997 RMK AO2 SLP139 T01830083
CVG,2023-06-05 08:52,KCVG 050852Z 03008KT 10SM CLR 17/08 A2997 RMK AO2 SLP139 T01720078 53002
CVG,2023-06-05 09:52,KCVG 050952Z 02006KT 10SM FEW300 15/09 A2998 RMK AO2 SLP143 T01500089
CVG,2023-06-05 10:52,KCVG 051052Z 02006KT 9SM FEW250 15/08 A2999 RMK AO2 SLP146 T01500078
CVG,2023-06-05 11:52,KCVG 051152Z 05007KT 9SM CLR 17/08 A2999 RMK AO2 SLP147 T01670078 10206 20144 51006
CVG,2023-06-05 12:52,KCVG 051252Z 06006KT 8SM FEW250 18/09 A3000 RMK AO2 SLP151 T01830089
CVG,2023-06-05 13:52,KCVG 051352Z 05006KT 8SM FEW250 20/10 A3001 RMK AO2 SLP153 T02000100
CVG,2023-06-05 14:52,KCVG 051452Z 00000KT 7SM BKN250 23/11 A3000 RMK AO2 SLP150 T02280111 50004
CVG,2023-06-05 15:52,KCVG 051552Z 01004KT 7SM SCT180 BKN210 25/13 A3000 RMK AO2 SLP149 T02500128
CVG,2023-06-05 16:52,KCVG 051652Z 35007KT 7SM OVC250 24/14 A3000 RMK AO2 SLP148 T02390139
CVG,2023-06-05 17:52,KCVG 051752Z 03008KT 7SM OVC250 26/14 A2999 RMK AO2 SLP145 T02560139 10256 20167 58004
CVG,2023-06-05 18:52,KCVG 051852Z 36007KT 9SM OVC250 26/13 A2998 RMK AO2 SLP144 T02610133
CVG,2023-06-05 19:52,KCVG 051952Z VRB03KT 9SM SCT250 BKN300 27/11 A2997 RMK AO2 SLP140 T02670111
CVG,2023-06-05 20:52,KCVG 052052Z 35005KT 9SM BKN300 27/10 A2997 RMK AO2 SLP139 T02720100 57007
CVG,2023-06-05 21:52,KCVG 052152Z 34010KT 9SM BKN300 27/08 A2996 RMK AO2 SLP137 T02720083
CVG,2023-06-05 22:52,KCVG 052252Z 01009KT 8SM BKN300 26/08 A2995 RMK AO2 SLP135 T02610083
CVG,2023-06-05 23:52,KCVG 052352Z 35005KT 8SM SCT300 25/09 A2995 RMK AO2 SLP134 T02500089 10272 20250 56005
CVG,2023-06-06 00:52,KCVG 060052Z 36007KT 6SM HZ FEW300 23/07 A2995 RMK AO2 SLP136 T02280072
CVG,2023-06-06 01:52,KCVG 060152Z 05007KT 5SM HZ CLR 23/04 A2996 RMK AO2 SLP138 T02280044
CVG,2023-06-06 02:52,KCVG 060252Z 34003KT 5SM HZ CLR 19/06 A2998 RMK AO2 SLP143 T01890061 53009
CVG,2023-06-06 03:52,KCVG 060352Z 08004KT 5SM HZ CLR 21/04 A2999 RMK AO2 SLP145 T02060039
CVG,2023-06-06 04:52,KCVG 060452Z 07003KT 4SM HZ CLR 19/04 A2999 RMK AO2 SLP148 T01940044 402720144
CVG,2023-06-06 05:52,KCVG 060552Z 11003KT 5SM HZ CLR 17/06 A2999 RMK AO2 SLP146 T01720056 10250 20172 50003
CVG,2023-06-06 06:52,KCVG 060652Z 00000KT 5SM HZ CLR 15/06 A2998 RMK AO2 SLP143 T01500061
CVG,2023-06-06 07:52,KCVG 060752Z 26005KT 5SM HZ SCT300 13/07 A2997 RMK AO2 SLP141 T01330067
CVG,2023-06-06 08:52,KCVG 060852Z 00000KT 4SM HZ SCT300 13/07 A2997 RMK AO2 SLP142 T01280072 55005
CVG,2023-06-06 09:52,KCVG 060952Z 00000KT 4SM HZ SCT300 13/07 A2997 RMK AO2 SLP141 T01330072
CVG,2023-06-06 10:52,KCVG 061052Z 00000KT 5SM HZ FEW200 13/08 A2997 RMK AO2 SLP140 T01280083
CVG,2023-06-06 11:52,KCVG 061152Z 00000KT 5SM HZ OVC200 15/11 A2997 RMK AO2 SLP141 THN OVC BINOVC T01500106 10183 20122 53001
CVG,2023-06-06 12:52,KCVG 061252Z 00000KT 5SM HZ OVC200 19/11 A2997 RMK AO2 SLP139 THN OVC BINOVC T01890111
CVG,2023-06-06 13:52,KCVG 061352Z VRB04KT 5SM HZ FEW180 OVC200 22/12 A2996 RMK AO2 SLP138 THN OVC BINOVC T02170117
CVG,2023-06-06 14:52,KCVG 061452Z 28007KT 6SM HZ BKN200 23/09 A2996 RMK AO2 SLP138 T02330094 56002
CVG,2023-06-06 15:52,KCVG 061552Z 25008KT 5SM HZ BKN200 26/10 A2995 RMK AO2 SLP131 T02560100
CVG,2023-06-06 16:52,KCVG 061652Z 29008KT 250V310 5SM HZ CLR 27/12 A2992 RMK AO2 SLP123 T02670122
CVG,2023-06-06 17:52,KCVG 061752Z 29013KT 5SM HZ FEW180 BKN200 28/12 A2990 RMK AO2 SLP114 T02830117 10283 20150 58023
CVG,2023-06-06 18:52,KCVG 061852Z 30015G19KT 6SM HZ FEW200 BKN300 29/12 A2987 RMK AO2 SLP107 T02890117
CVG,2023-06-06 19:52,KCVG 061952Z 32018G23KT 7SM SCT075 BKN300 29/13 A2985 RMK AO2 SLP100 T02940133
CVG,2023-06-06 20:52,KCVG 062052Z 31014KT 8SM SCT080 OVC300 29/13 A2984 RMK AO2 SLP095 T02940133 56019
CVG,2023-06-06 21:52,KCVG 062152Z 32012G20KT 8SM SCT085 BKN220 OVC300 28/13 A2983 RMK AO2 SLP092 T02830133
CVG,2023-06-06 22:52,KCVG 062252Z 32009KT 8SM BKN080 BKN100 OVC230 28/14 A2982 RMK AO2 SLP090 T02780139
CVG,2023-06-06 23:52,KCVG 062352Z 33007KT 7SM BKN085 BKN120 OVC250 27/14 A2982 RMK AO2 SLP087 T02670139 10300 20267 56008
CVG,2023-06-07 00:52,KCVG 070052Z 33006KT 8SM OVC080 26/14 A2981 RMK AO2 SLP086 T02560139
CVG,2023-06-07 01:52,KCVG 070152Z 01017KT 7SM -RA OVC070 21/14 A2986 RMK AO2 PK WND 02033/0138 RAB17 PRESRR SLP103 WSHFT 0133 FROPA P0000 T02110139
CVG,2023-06-07 02:52,KCVG 070252Z 07006KT 6SM BR BKN110 18/16 A2986 RMK AO2 RAE36 SLP102 P0002 60002 T01830156 53014
CVG,2023-06-07 03:52,KCVG 070352Z 08005KT 6SM HZ OVC085 18/16 A2985 RMK AO2 SLP099 T01830156
CVG,2023-06-07 04:52,KCVG 070452Z 09005KT 6SM BR FEW070 OVC080 18/16 A2984 RMK AO2 RAB17E40 SLP097 P0000 T01780156 403000122
CVG,2023-06-07 05:52,KCVG 070552Z 03007KT 6SM -RA BR OVC085 17/17 A2985 RMK AO2 RAB37 SLP097 P0000 60002 T01720167 10267 20172 55004
CVG,2023-06-07 06:52,KCVG 070652Z 24004KT 4SM -RA BR FEW065 OVC090 16/16 A2984 RMK AO2 SLP096 P0006 T01610161
CVG,2023-06-07 07:52,KCVG 070752Z 19004KT 3SM -RA BR FEW080 OVC095 16/16 A2982 RMK AO2 SLP089 P0003 T01560156
CVG,2023-06-07 08:52,KCVG 070852Z 00000KT 3SM BR SCT200 16/16 A2983 RMK AO2 RAE0759 SLP090 P0000 60009 T01560156 55007
CVG,2023-06-07 09:52,KCVG 070952Z 31005KT 3SM BR SCT200 15/15 A2985 RMK AO2 SLP099 T01500150
CVG,2023-06-07 10:52,KCVG 071052Z 01005KT 1 1/2SM R36C/1000V2400FT BR HZ FEW005 BKN250 15/15 A2984 RMK AO2 SLP097 VIS S1 T01500150 $
CVG,2023-06-07 11:52,KCVG 071152Z 05004KT 5SM BR HZ BKN250 17/16 A2984 RMK AO2 SLP095 60009 70011 T01670161 10172 20150 50004
CVG,2023-06-07 12:52,KCVG 071252Z 05007KT 5SM HZ BKN160 OVC250 17/16 A2984 RMK AO2 SLP095 T01720161
CVG,2023-06-07 13:52,KCVG 071352Z COR 04005KT 5SM HZ BKN150 OVC200 18/14 A2985 RMK AO2 SLP099 T01780144
CVG,2023-06-07 14:52,KCVG 071452Z 04005KT 5SM HZ FEW038 FEW055 BKN100 OVC150 19/11 A2984 RMK AO2 SLP099 T01890111 50002
CVG,2023-06-07 15:52,KCVG 071552Z 02004KT 5SM HZ FEW040 SCT060 OVC140 19/09 A2984 RMK AO2 SLP097 T01940094
CVG,2023-06-07 16:52,KCVG 071652Z 01007KT 6SM HZ BKN040 BKN180 22/08 A2982 RMK AO2 SLP091 T02170078
CVG,2023-06-07 17:52,KCVG 071752Z 29003KT 6SM HZ FEW040 SCT060 23/09 A2981 RMK AO2 SLP087 T02280094 10233 20167 58011 $
CVG,2023-06-07 18:52,KCVG 071852Z 32004KT 5SM HZ FEW050 23/11 A2979 RMK AO2 SLP079 T02280106 $
CVG,2023-06-07 19:52,KCVG 071952Z 36012G19KT 5SM HZ FEW055 24/11 A2978 RMK AO2 SLP075 T02390106 $
CVG,2023-06-07 20:52,KCVG 072052Z 33007G15KT 300V010 6SM HZ FEW065 24/09 A2976 RMK AO2 SLP071 T02390094 56016 $
CVG,2023-06-07 21:52,KCVG 072152Z 02008KT 6SM HZ FEW075 24/07 A2975 RMK AO2 SLP067 T02390067 $
CVG,2023-06-07 22:52,KCVG 072252Z 01009KT 7SM FEW075 24/03 A2974 RMK AO2 SLP064 T02390033 $
CVG,2023-06-07 23:52,KCVG 072352Z 36007KT 8SM CLR 22/04 A2975 RMK AO2 SLP065 T02220039 10244 20222 55005 $
CVG,2023-06-08 00:52,KCVG 080052Z 36007KT 6SM HZ CLR 20/04 A2975 RMK AO2 SLP069 T02000044 $
CVG,2023-06-08 01:52,KCVG 080152Z 04007KT 5SM HZ CLR 20/04 A2977 RMK AO2 SLP074 T02000039 $
CVG,2023-06-08 02:52,KCVG 080252Z 07004KT 5SM HZ CLR 18/04 A2979 RMK AO2 SLP079 T01830044 53012 $
CVG,2023-06-08 03:52,KCVG 080352Z 00000KT 5SM HZ FEW095 16/05 A2979 RMK AO2 SLP079 T01610050 $
CVG,2023-06-08 04:52,KCVG 080452Z 00000KT 5SM HZ FEW090 16/05 A2979 RMK AO2 SLP079 T01610050 402440150 $
CVG,2023-06-08 05:52,KCVG 080552Z 00000KT 5SM HZ BKN100 15/08 A2979 RMK AO2 SLP080 T01500078 10222 20150 52000 $
CVG,2023-06-08 06:52,KCVG 080652Z 00000KT 5SM HZ SCT100 14/08 A2979 RMK AO2 SLP080 T01440078 $
CVG,2023-06-08 07:52,KCVG 080752Z VRB03KT 5SM HZ CLR 14/07 A2980 RMK AO2 SLP083 T01390072 $
CVG,2023-06-08 08:52,KCVG 080852Z 36005KT 5SM HZ FEW100 13/07 A2981 RMK AO2 SLP087 T01330067 53007 $
CVG,2023-06-08 09:52,KCVG 080952Z 06004KT 5SM HZ SCT100 13/07 A2983 RMK AO2 SLP093 T01330067 $
CVG,2023-06-08 10:52,KCVG 081052Z 02005KT 5SM HZ SCT100 13/06 A2985 RMK AO2 SLP101 T01280061 $
CVG,2023-06-08 11:52,KCVG 081152Z 04006KT 7SM CLR 14/06 A2986 RMK AO2 SLP105 TWR VIS 10SM T01440061 10156 20111 51017
CVG,2023-06-08 12:52,KCVG 081252Z 06007KT 8SM FEW120 16/06 A2986 RMK AO2 SLP105 T01610061
CVG,2023-06-08 13:52,KCVG 081352Z 05006KT 8SM CLR 18/06 A2987 RMK AO2 SLP108 T01780056
CVG,2023-06-08 14:52,KCVG 081452Z 02009KT 10SM CLR 20/05 A2988 RMK AO2 SLP110 T02000050 53006
CVG,2023-06-08 15:52,KCVG 081552Z 02010KT 10SM CLR 22/05 A2988 RMK AO2 SLP113 T02170050
CVG,2023-06-08 16:52,KCVG 081652Z VRB06KT 10SM CLR 23/05 A2988 RMK AO2 SLP109 T02280050
CVG,2023-06-08 17:52,KCVG 081752Z 36009G16KT 10SM FEW070 23/05 A2986 RMK AO2 SLP105 T02280050 10233 20144 58005
CVG,2023-06-08 18:52,KCVG 081852Z VRB03KT 9SM FEW075 24/05 A2985 RMK AO2 SLP101 T02390050
CVG,2023-06-08 19:52,KCVG 081952Z 01007KT 9SM FEW080 24/04 A2984 RMK AO2 SLP098 T02390044
CVG,2023-06-08 20:52,KCVG 082052Z 32009KT 8SM FEW080 24/05 A2983 RMK AO2 SLP095 T02440050 58010
CVG,2023-06-08 21:52,KCVG 082152Z 00000KT 8SM FEW085 24/04 A2982 RMK AO2 SLP092 T02440044
CVG,2023-06-08 22:52,KCVG 082252Z 34007KT 8SM FEW085 24/03 A2982 RMK AO2 SLP091 T02390033
CVG,2023-06-08 23:52,KCVG 082352Z 35006KT 9SM CLR 23/04 A2982 RMK AO2 SLP092 T02280039 10250 20228 55003
CVG,2023-06-09 00:52,KCVG 090052Z 33003KT 9SM CLR 21/05 A2983 RMK AO2 SLP095 T02110050
CVG,2023-06-09 01:52,KCVG 090152Z 30003KT 9SM CLR 18/04 A2984 RMK AO2 SLP099 T01830039
CVG,2023-06-09 02:52,KCVG 090252Z 27003KT 8SM CLR 16/06 A2986 RMK AO2 SLP104 T01560056 53012
CVG,2023-06-09 03:52,KCVG 090352Z 00000KT 8SM FEW100 16/06 A2985 RMK AO2 SLP101 T01560056
CVG,2023-06-09 04:52,KCVG 090452Z 00000KT 7SM CLR 14/06 A2984 RMK AO2 SLP099 T01440061 402500111
CVG,2023-06-09 05:52,KCVG 090552Z 27004KT 7SM CLR 14/06 A2985 RMK AO2 SLP101 T01390061 10228 20122 55002
CVG,2023-06-09 06:52,KCVG 090652Z 00000KT 7SM CLR 13/08 A2986 RMK AO2 SLP104 T01280078
CVG,2023-06-09 07:52,KCVG 090752Z 32003KT 7SM CLR 13/07 A2986 RMK AO2 SLP104 T01330067
CVG,2023-06-09 08:52,KCVG 090852Z 30004KT 7SM CLR 10/08 A2987 RMK AO2 SLP108 T01000078 52005
CVG,2023-06-09 09:52,KCVG 090952Z 00000KT 7SM CLR 11/08 A2987 RMK AO2 SLP107 T01110078
CVG,2023-06-09 10:52,KCVG 091052Z 00000KT 8SM CLR 10/07 A2987 RMK AO2 SLP110 T01000072
CVG,2023-06-09 11:52,KCVG 091152Z 31006KT 10SM CLR 14/08 A2990 RMK AO2 SLP117 T01390083 10144 20094 53009
CVG,2023-06-09 12:52,KCVG 091252Z 35006KT 10SM CLR 16/08 A2991 RMK AO2 SLP120 T01610083
CVG,2023-06-09 13:52,KCVG 091352Z 35006KT 10SM CLR 19/08 A2991 RMK AO2 SLP122 T01890078
CVG,2023-06-09 14:52,KCVG 091452Z 29004KT 10SM CLR 21/09 A2991 RMK AO2 SLP121 T02110089 50004
CVG,2023-06-09 15:52,KCVG 091552Z VRB06KT 10SM CLR 23/08 A2991 RMK AO2 SLP120 T02330078
CVG,2023-06-09 16:52,KCVG 091652Z 26008G21KT 10SM FEW065 24/08 A2990 RMK AO2 SLP119 T02390083
CVG,2023-06-09 17:52,KCVG 091752Z 24009KT 10SM FEW070 25/08 A2989 RMK AO2 SLP115 T02500078 10250 20139 58004
CVG,2023-06-09 18:52,KCVG 091852Z 30010G14KT 270V340 9SM FEW080 26/07 A2989 RMK AO2 SLP113 T02560067
CVG,2023-06-09 19:52,KCVG 091952Z 35011G16KT 9SM CLR 26/05 A2988 RMK AO2 SLP110 T02610050
CVG,2023-06-09 20:52,KCVG 092052Z 27011G14KT 9SM CLR 26/05 A2987 RMK AO2 SLP108 T02610050 58008
CVG,2023-06-09 21:52,KCVG 092152Z 33008KT 260V360 9SM CLR 26/06 A2986 RMK AO2 SLP106 T02610056
CVG,2023-06-09 22:52,KCVG 092252Z 35006KT 9SM CLR 26/07 A2986 RMK AO2 SLP104 T02610072
CVG,2023-06-09 23:52,KCVG 092352Z 32007KT 9SM CLR 25/08 A2986 RMK AO2 SLP103 T02500078 10267 20250 55003
CVG,2023-06-10 00:52,KCVG 100052Z 28004KT 9SM CLR 22/08 A2986 RMK AO2 SLP105 T02170083
CVG,2023-06-10 01:52,KCVG 100152Z 26004KT 10SM CLR 20/07 A2987 RMK AO2 SLP106 T02000072
CVG,2023-06-10 02:52,KCVG 100252Z 00000KT 10SM CLR 18/08 A2987 RMK AO2 SLP108 T01780083 53005
CVG,2023-06-10 03:52,KCVG 100352Z 24005KT 10SM CLR 16/09 A2988 RMK AO2 SLP111 T01560089
CVG,2023-06-10 04:52,KCVG 100452Z 00000KT 10SM CLR 17/08 A2989 RMK AO2 SLP112 T01670083 402670094
CVG,2023-06-10 05:52,KCVG 100552Z 00000KT 10SM SCT200 14/09 A2989 RMK AO2 SLP113 T01440089 10250 20133 51004
CVG,2023-06-10 06:52,KCVG 100652Z 20003KT 10SM SCT210 13/10 A2987 RMK AO2 SLP109 T01330100
CVG,2023-06-10 07:52,KCVG 100752Z 27004KT 10SM SCT210 13/10 A2987 RMK AO2 SLP109 T01280100
CVG,2023-06-10 08:52,KCVG 100852Z 00000KT 10SM SCT220 13/10 A2987 RMK AO2 SLP109 T01280100 56004
CVG,2023-06-10 09:52,KCVG 100952Z 29003KT 10SM SCT220 12/10 A2987 RMK AO2 SLP106 T01220100
CVG,2023-06-10 10:52,KCVG 101052Z 19003KT 10SM SCT150 SCT200 11/11 A2988 RMK AO2 SLP110 T01110106
CVG,2023-06-10 11:52,KCVG 101152Z 18004KT 5SM BR SCT250 13/13 A2989 RMK AO2 SLP115 T01280128 10161 20111 53005
CVG,2023-06-10 12:52,KCVG 101252Z 00000KT 5SM HZ CLR 18/13 A2990 RMK AO2 SLP116 T01780133
CVG,2023-06-10 13:52,KCVG 101352Z 21005KT 5SM HZ CLR 22/12 A2989 RMK AO2 SLP113 T02170117
CVG,2023-06-10 14:52,KCVG 101452Z 23006KT 5SM HZ FEW150 24/12 A2989 RMK AO2 SLP113 T02440117 50000
CVG,2023-06-10 15:52,KCVG 101552Z COR 5SM HZ FEW080 FEW150 26/10 A2990 RMK AO2 SLP116 T02560100
CVG,2023-06-10 16:52,KCVG 101652Z VRB04KT 6SM HZ FEW060 FEW130 27/11 A2988 RMK AO2 SLP110 T02670106
CVG,2023-06-10 17:52,KCVG 101752Z VRB06KT 7SM FEW075 FEW150 27/09 A2987 RMK AO2 SLP108 T02670094 10272 20128 58006
CVG,2023-06-10 18:52,KCVG 101852Z 24008G16KT 200V290 9SM FEW070 FEW200 28/10 A2986 RMK AO2 SLP105 T02780100
CVG,2023-06-10 19:52,KCVG 101952Z 20007KT 170V240 9SM FEW070 FEW250 28/11 A2985 RMK AO2 SLP102 T02830106
CVG,2023-06-10 20:52,KCVG 102052Z 20008G20KT 8SM FEW070 FEW250 28/10 A2984 RMK AO2 SLP095 T02780100 58012
CVG,2023-06-10 21:52,KCVG 102152Z 20006KT 8SM FEW070 FEW200 SCT250 28/10 A2982 RMK AO2 SLP091 T02780100
CVG,2023-06-10 22:52,KCVG 102252Z 21008KT 9SM SCT250 27/10 A2981 RMK AO2 SLP088 T02670100
CVG,2023-06-10 23:52,KCVG 102352Z 20007KT 10SM SCT250 26/09 A2981 RMK AO2 SLP087 T02560094 10289 20256 55008
CVG,2023-06-11 00:52,KCVG 110052Z 22005KT 10SM FEW200 SCT250 23/11 A2983 RMK AO2 SLP092 T02280106
CVG,2023-06-11 01:52,KCVG 110152Z 20004KT 9SM SCT250 21/10 A2983 RMK AO2 SLP093 T02110100
CVG,2023-06-11 02:52,KCVG 110252Z 20003KT 10SM SCT200 20/11 A2984 RMK AO2 SLP096 T02000106 51010
CVG,2023-06-11 03:52,KCVG 110352Z 18004KT 10SM FEW160 FEW250 20/11 A2982 RMK AO2 SLP089 T02000106
CVG,2023-06-11 04:52,KCVG 110452Z 18004KT 10SM BKN250 19/11 A2982 RMK AO2 SLP088 THN BKN LYR T01890106 402890111
CVG,2023-06-11 05:52,KCVG 110552Z 15003KT 10SM OVC200 19/11 A2981 RMK AO2 SLP083 THN OVC T01940106 10256 20189 56012
CVG,2023-06-11 06:52,KCVG 110652Z 16005KT 10SM OVC160 19/11 A2979 RMK AO2 SLP078 THN OVC BINOVC T01890106
CVG,2023-06-11 07:52,KCVG 110752Z 16004KT 10SM FEW065 OVC200 19/11 A2979 RMK AO2 SLP076 THN OVC T01890111
CVG,2023-06-11 08:52,KCVG 110852Z 14008KT 10SM SCT070 SCT090 OVC200 19/12 A2977 RMK AO2 SLP071 THN OVC T01940117 58012
CVG,2023-06-11 09:52,KCVG 110952Z 13007KT 10SM FEW070 SCT090 BKN140 19/12 A2976 RMK AO2 SLP067 T01890122
CVG,2023-06-11 10:52,KCVG 111052Z 15007KT 6SM HZ BKN250 18/13 A2975 RMK AO2 SLP063 T01830133
CVG,2023-06-11 11:52,KCVG 111152Z 17008KT 5SM HZ SCT060 BKN075 BKN085 19/14 A2975 RMK AO2 SLP067 T01890144 10194 20183 55005
CVG,2023-06-11 12:52,KCVG 111252Z 18008KT 2SM -RA BR SCT041 BKN055 OVC100 17/17 A2976 RMK AO2 TWR VIS 3 RAB34 SLP069 P0005 T01720172
CVG,2023-06-11 13:52,KCVG 111352Z 18007KT 1SM R36C/P6000FT RA BR BKN030 BKN040 OVC055 17/17 A2976 RMK AO2 SLP071 P0058 T01720172 $
CVG,2023-06-11 14:52,KCVG 111452Z 17007KT 3SM -RA BR FEW020 BKN026 OVC050 18/18 A2975 RMK AO2 SLP067 P0010 60073 T01780178 58001 $
CVG,2023-06-11 15:52,KCVG 111552Z 15008KT 3SM BR SCT011 OVC025 19/19 A2973 RMK AO2 RAE16 SLP058 P0001 T01940194 $
CVG,2023-06-11 16:52,KCVG 111652Z 18011KT 3SM BR OVC011 21/21 A2970 RMK AO2 SFC VIS 4 SLP048 T02110211 $
CVG,2023-06-11 17:52,KCVG 111752Z 18010KT 6SM BR BKN014 OVC020 22/21 A2967 RMK AO2 SLP040 60074 T02170211 10222 20167 56025 $
CVG,2023-06-11 18:52,KCVG 111852Z 19013G21KT 6SM HZ SCT024 BKN029 BKN042 24/21 A2965 RMK AO2 SLP031 T02440206 $
CVG,2023-06-11 19:52,KCVG 111952Z 18012KT 7SM SCT031 BKN047 OVC055 25/20 A2962 RMK AO2 SLP022 T02500200 $
CVG,2023-06-11 20:52,KCVG 112052Z 18012KT 7SM FEW035 BKN040 OVC090 26/20 A2960 RMK AO2 LTG DSNT SE AND SW SLP011 T02610200 58026 $
CVG,2023-06-11 21:52,KCVG 112152Z 23005KT 2SM -TSRA BR SCT027 BKN036CB OVC070 20/20 A2961 RMK AO2 PK WND 18031/2130 RAB33 TSB21 SLP017 OCNL LTGICCC E-SW TS NE MOV NE P0021 T02000200 $
CVG,2023-06-11 22:52,KCVG 112252Z 25006KT 8SM -RA FEW050 BKN060 OVC075 21/21 A2959 RMK AO2 RAE18B52 TSE04E05 SLP013 P0002 T02110211 $
CVG,2023-06-11 23:52,KCVG 112352Z 25005KT 8SM SCT047 BKN070 OVC110 19/19 A2959 RMK AO2 RAE47 SLP010 P0033 60056 T01940194 10272 20189 58003 $
CVG,2023-06-12 00:52,KCVG 120052Z 29007KT 4SM -RA BR FEW009 SCT031 OVC070 19/19 A2959 RMK AO2 RAB24 CIG 005 36R SLP014 P0002 T01890189 $
CVG,2023-06-12 01:52,KCVG 120152Z 32009KT 9SM -RA BKN008 OVC120 18/18 A2960 RMK AO2 RAE0055B31 SLP016 P0001 T01780178 $
CVG,2023-06-12 02:52,KCVG 120252Z 34012KT 6SM BR OVC008 17/17 A2963 RMK AO2 RAE0155 SLP026 P0000 60003 T01670167 53010 $
CVG,2023-06-12 03:52,KCVG 120352Z 35015G23KT 5SM BR OVC009 17/17 A2964 RMK AO2 SLP028 T01670167 $
CVG,2023-06-12 04:52,KCVG 120452Z 34012KT 2 1/2SM BR OVC008 16/16 A2964 RMK AO2 SLP030 T01610161 402720161 $
CVG,2023-06-12 05:52,KCVG 120552Z 34012KT 6SM BR OVC011 16/16 A2965 RMK AO2 SLP033 60003 T01610161 10200 20161 51008 $
CVG,2023-06-12 06:52,KCVG 120652Z 32013KT 8SM OVC014 16/16 A2966 RMK AO2 SLP036 T01610156 $
CVG,2023-06-12 07:52,KCVG 120752Z 32012G20KT 7SM BKN016 OVC021 16/15 A2967 RMK AO2 SLP040 T01610150 $
CVG,2023-06-12 08:52,KCVG 120852Z 32011KT 7SM OVC015 16/15 A2969 RMK AO2 SLP046 T01610150 53015 $
CVG,2023-06-12 09:52,KCVG 120952Z 32011KT 7SM SCT018 OVC024 16/15 A2972 RMK AO2 SLP058 T01610150 $
CVG,2023-06-12 10:52,KCVG 121052Z 30011KT 7SM BKN014 OVC019 16/15 A2975 RMK AO2 SLP068 T01560150 $
CVG,2023-06-12 11:52,KCVG 121152Z 30012KT 8SM BKN022 BKN029 OVC037 16/14 A2978 RMK AO2 SLP079 BINOVC 70133 T01610139 10161 20156 53029
CVG,2023-06-12 12:52,KCVG 121252Z 31010KT 6SM -RA BR SCT017 BKN022 OVC046 16/14 A2980 RMK AO2 RAB51 SLP083 P0000 T01610144
CVG,2023-06-12 13:52,KCVG 121352Z 30015KT 7SM OVC008 14/14 A2981 RMK AO2 RAE41 SLP088 P0002 T01440144 $
CVG,2023-06-12 14:52,KCVG 121452Z 30010KT 10SM OVC009 15/14 A2981 RMK AO2 SLP090 60002 T01500144 51010 $
CVG,2023-06-12 15:52,KCVG 121552Z 29010KT 10SM OVC013 16/14 A2982 RMK AO2 SLP090 T01610144 $
CVG,2023-06-12 16:52,KCVG 121652Z 28010KT 10SM BKN015 OVC023 17/15 A2983 RMK AO2 SLP095 BINOVC T01720150 $
CVG,2023-06-12 17:52,KCVG 121752Z 28014KT 10SM SCT018 SCT026 BKN031 17/14 A2984 RMK AO2 SLP100 MDT CU N 60002 T01670139 10172 20144 53010 $
CVG,2023-06-12 18:52,KCVG 121852Z 27013G16KT 9SM OVC045 18/13 A2983 RMK AO2 SLP097 T01780133 $
CVG,2023-06-12 19:52,KCVG 121952Z 25008KT 9SM FEW030 OVC055 19/13 A2984 RMK AO2 SLP096 T01890133 $
CVG,2023-06-12 20:52,KCVG 122052Z 28011KT 9SM FEW035 BKN055 20/13 A2984 RMK AO2 SLP098 T02000128 55001 $
CVG,2023-06-12 21:52,KCVG 122152Z 29012KT 9SM FEW040 BKN060 19/11 A2983 RMK AO2 SLP096 T01890111 $
CVG,2023-06-12 22:52,KCVG 122252Z 28013KT 9SM BKN045 19/11 A2983 RMK AO2 SLP094 T01940106 $
CVG,2023-06-12 23:52,KCVG 122352Z 30015KT 10SM SCT048 SCT060 18/11 A2983 RMK AO2 SLP095 T01780106 10206 20167 55003 $
CVG,2023-06-13 00:52,KCVG 130052Z 30008KT 10SM BKN060 17/08 A2984 RMK AO2 SLP099 T01670083 $
CVG,2023-06-13 01:52,KCVG 130152Z 27004KT 10SM FEW060 14/09 A2984 RMK AO2 SLP100 T01390089 $
CVG,2023-06-13 02:52,KCVG 130252Z 25004KT 10SM FEW060 13/09 A2985 RMK AO2 SLP104 T01330089 51007 $
CVG,2023-06-13 03:52,KCVG 130352Z 23004KT 10SM CLR 12/09 A2986 RMK AO2 SLP106 T01170094 $
CVG,2023-06-13 04:52,KCVG 130452Z 23005KT 10SM CLR 12/09 A2986 RMK AO2 SLP106 T01170094 402060111 $
CVG,2023-06-13 05:52,KCVG 130552Z 21005KT 9SM CLR 11/09 A2985 RMK AO2 SLP103 T01060094 10178 20100 58002 $
CVG,2023-06-13 06:52,KCVG 130652Z 21006KT 10SM CLR 10/09 A2984 RMK AO2 SLP100 T01000094 $
CVG,2023-06-13 07:52,KCVG 130752Z 21006KT 9SM FEW050 10/09 A2983 RMK AO2 SLP096 T01000094 $
CVG,2023-06-13 08:52,KCVG 130852Z 21007KT 9SM FEW070 11/09 A2982 RMK AO2 SLP092 T01060094 58009 $
CVG,2023-06-13 09:52,KCVG 130952Z 22007KT 10SM BKN075 12/09 A2982 RMK AO2 SLP092 T01170094 $
CVG,2023-06-13 10:52,KCVG 131052Z 22009KT 9SM SCT070 BKN100 12/09 A2982 RMK AO2 SLP093 T01220094 $
CVG,2023-06-13 11:52,KCVG 131152Z 22009KT 9SM FEW075 BKN100 13/10 A2981 RMK AO2 SLP090 70002 T01330100 10133 20100 58002
CVG,2023-06-13 12:52,KCVG 131252Z 21008KT 9SM FEW085 BKN110 15/11 A2980 RMK AO2 SLP086 T01500106
CVG,2023-06-13 13:52,KCVG 131352Z 22008KT 10SM OVC090 17/10 A2979 RMK AO2 SLP082 BINOVC T01670100
CVG,2023-06-13 14:52,KCVG 131452Z 22013G21KT 10SM FEW080 BKN120 19/10 A2977 RMK AO2 SLP073 T01940100 58016
CVG,2023-06-13 15:52,KCVG 131552Z 24013G24KT 210V270 9SM BKN090 22/11 A2976 RMK AO2 SLP073 T02170111
CVG,2023-06-13 16:52,KCVG 131652Z 24013G20KT 9SM BKN110 22/11 A2975 RMK AO2 PK WND 25027/1553 SLP068 T02170111
CVG,2023-06-13 17:52,KCVG 131752Z 23013G21KT 10SM FEW040 SCT075 OVC090 21/11 A2974 RMK AO2 SLP064 T02110106 10228 20133 58009
CVG,2023-06-13 18:52,KCVG 131852Z 23011G19KT 9SM FEW055 SCT100 BKN140 23/12 A2971 RMK AO2 RAB1759E14 SLP055 VCSH NE P0000 T02330117
CVG,2023-06-13 19:52,KCVG 131952Z 23010G19KT 9SM FEW055 SCT100 BKN140 23/11 A2970 RMK AO2 SLP050 T02280111
CVG,2023-06-13 20:52,KCVG 132052Z 23019G29KT 9SM OVC110 24/12 A2967 RMK AO2 PK WND 22034/2032 SLP040 60000 T02390117 58023
CVG,2023-06-13 21:52,KCVG 132152Z 23020G30KT 9SM SCT080 SCT110 BKN250 23/11 A2965 RMK AO2 PK WND 23030/2147 LTG DSNT NW SLP035 T02330111
CVG,2023-06-13 22:52,KCVG 132252Z 23012G26KT 9SM FEW075 OVC100 23/10 A2965 RMK AO2 PK WND 24028/2155 SLP032 T02330100
CVG,2023-06-13 23:52,KCVG 132352Z 26012KT 5SM -RA BR SCT065 OVC080 17/15 A2970 RMK AO2 PK WND 29032/2322 WSHFT 2314 RAB18 SLP053 P0001 60001 T01720150 10244 20172 53012
CVG,2023-06-14 00:52,KCVG 140052Z 22010KT 9SM OVC095 18/14 A2966 RMK AO2 RAE16 SLP038 P0001 T01780144
CVG,2023-06-14 01:52,KCVG 140152Z 22007KT 10SM OVC090 18/14 A2965 RMK AO2 SLP035 T01780139
CVG,2023-06-14 02:52,KCVG 140252Z 24005KT 10SM OVC075 18/13 A2966 RMK AO2 RAB32E43 SLP037 P0000 60001 T01830133 55014
CVG,2023-06-14 03:52,KCVG 140352Z 20003KT 10SM -RA BKN075 BKN090 OVC110 17/14 A2965 RMK AO2 RAB43 SLP032 P0000 T01720144
CVG,2023-06-14 04:52,KCVG 140452Z 23010G20KT 10SM BKN095 BKN120 19/12 A2963 RMK AO2 RAE0354 SLP024 P0000 T01940117 402440100
CVG,2023-06-14 05:52,KCVG 140552Z 24011KT 9SM -RA FEW075 OVC090 19/12 A2962 RMK AO2 RAB35 SLP022 P0000 60001 T01890117 10200 20161 56014
CVG,2023-06-14 06:52,KCVG 140652Z 27012G22KT 10SM -RA SCT070 OVC090 18/12 A2962 RMK AO2 CIG 075 36R SLP022 P0000 T01830122
CVG,2023-06-14 07:52,KCVG 140752Z 26009KT 10SM BKN090 OVC110 18/13 A2961 RMK AO2 RAE38 SLP018 P0000 T01780128
CVG,2023-06-14 08:52,KCVG 140852Z 25004KT 10SM SCT095 OVC120 17/13 A2961 RMK AO2 SLP018 60000 T01720128 58003
CVG,2023-06-14 09:52,KCVG 140952Z 29005KT 10SM FEW080 OVC100 17/13 A2962 RMK AO2 RAB0858E13 SLP023 P0000 T01720128 $
CVG,2023-06-14 10:52,KCVG 141052Z 29006KT 8SM SCT075 OVC095 17/13 A2964 RMK AO2 SLP027 T01720133 $
CVG,2023-06-14 11:52,KCVG 141152Z 31005KT 9SM SCT065 OVC095 17/14 A2966 RMK AO2 SLP038 60000 70002 T01720144 10189 20167 53017
CVG,2023-06-14 12:52,KCVG 141252Z 31009KT 10SM SCT070 BKN100 19/14 A2967 RMK AO2 SLP041 T01890144
CVG,2023-06-14 13:52,KCVG 141352Z 31011KT 10SM FEW037 SCT075 20/15 A2968 RMK AO2 SLP044 T02000150
CVG,2023-06-14 14:52,KCVG 141452Z 32009KT 9SM FEW027 BKN034 21/16 A2968 RMK AO2 SLP043 T02060156 51007
CVG,2023-06-14 15:52,KCVG 141552Z 30010G16KT 8SM FEW030 BKN041 BKN048 22/16 A2970 RMK AO2 SLP047 T02170156
CVG,2023-06-14 16:52,KCVG 141652Z 30008KT 8SM SCT035 BKN045 OVC060 23/16 A2970 RMK AO2 SLP048 BINOVC T02280156
CVG,2023-06-14 17:52,KCVG 141752Z 28011G16KT 230V310 10SM SCT036 BKN055 24/16 A2970 RMK AO2 SLP047 MDT CU SE-S T02390161 10239 20172 50005
CVG,2023-06-14 18:52,KCVG 141852Z 29007KT 250V330 10SM SCT035 BKN045 BKN055 24/16 A2969 RMK AO2 SLP046 T02440161
CVG,2023-06-14 19:52,KCVG 141952Z 30009KT 10SM SCT065 SCT150 BKN200 26/16 A2968 RMK AO2 SLP043 T02610156
CVG,2023-06-14 20:52,KCVG 142052Z 32009KT 10SM FEW050 SCT065 BKN200 26/15 A2967 RMK AO2 SLP038 T02610150 58009
CVG,2023-06-14 21:52,KCVG 142152Z 31009KT 10SM SCT055 BKN200 25/14 A2967 RMK AO2 SLP037 T02500144
CVG,2023-06-14 22:52,KCVG 142252Z 32004KT 10SM FEW049 BKN060 OVC075 24/15 A2967 RMK AO2 SLP037 BINOVC T02440150
CVG,2023-06-14 23:52,KCVG 142352Z 35006KT 10SM BKN055 OVC080 24/16 A2968 RMK AO2 SLP041 BINOVC T02390156 10261 20233 53002
CVG,2023-06-15 00:52,KCVG 150052Z 34006KT 10SM FEW060 BKN085 BKN095 23/16 A2968 RMK AO2 SLP043 T02280156
CVG,2023-06-15 01:52,KCVG 150152Z 34005KT 10SM SCT050 BKN075 22/15 A2969 RMK AO2 SLP044 T02220150
CVG,2023-06-15 02:52,KCVG 150252Z 36007KT 9SM FEW050 21/16 A2970 RMK AO2 SLP049 T02060156 53008
CVG,2023-06-15 03:52,KCVG 150352Z 05007KT 10SM FEW050 21/16 A2972 RMK AO2 SLP053 T02060156
CVG,2023-06-15 04:52,KCVG 150452Z 09004KT 10SM FEW050 19/16 A2972 RMK AO2 SLP056 T01890156 402610167
CVG,2023-06-15 05:52,KCVG 150552Z 10003KT 10SM BKN050 19/16 A2973 RMK AO2 SLP058 T01940156 10239 20189 51010
CVG,2023-06-15 06:52,KCVG 150652Z 10003KT 10SM SCT049 19/16 A2973 RMK AO2 SLP057 T01890156
CVG,2023-06-15 07:52,KCVG 150752Z 08003KT 10SM FEW045 18/16 A2972 RMK AO2 SLP054 T01830156
CVG,2023-06-15 08:52,KCVG 150852Z 31003KT 9SM FEW045 16/15 A2972 RMK AO2 SLP056 T01560150 55002
CVG,2023-06-15 09:52,KCVG 150952Z 36004KT 7SM FEW050 16/16 A2973 RMK AO2 SLP061 T01610156
CVG,2023-06-15 10:52,KCVG 151052Z 35004KT 8SM FEW250 17/16 A2975 RMK AO2 SLP068 T01670161
CVG,2023-06-15 11:52,KCVG 151152Z 00000KT 7SM FEW250 18/16 A2976 RMK AO2 SLP068 T01780161 10194 20150 51012
CVG,2023-06-15 12:52,KCVG 151252Z 19004KT 8SM CLR 19/17 A2977 RMK AO2 SLP072 T01940167
CVG,2023-06-15 13:52,KCVG 151352Z 26007KT 9SM CLR 22/17 A2977 RMK AO2 SLP073 T02170172
CVG,2023-06-15 14:52,KCVG 151452Z 30006KT 8SM FEW250 23/17 A2978 RMK AO2 SLP074 T02280167 51006
CVG,2023-06-15 15:52,KCVG 151552Z 26006KT 9SM CLR 24/17 A2978 RMK AO2 SLP074 T02440172
CVG,2023-06-15 16:52,KCVG 151652Z 28007KT 8SM CLR 26/18 A2977 RMK AO2 SLP073 T02560178
CVG,2023-06-15 17:52,KCVG 151752Z 26008KT 8SM FEW050 FEW230 27/18 A2976 RMK AO2 SLP068 T02670178 10267 20178 58005
CVG,2023-06-15 18:52,KCVG 151852Z 26007KT 10SM SCT040 OVC200 27/18 A2976 RMK AO2 SLP066 THN OVC T02720183
CVG,2023-06-15 19:52,KCVG 151952Z 22008KT 10SM SCT050 SCT095 BKN200 27/18 A2975 RMK AO2 SLP062 T02720178
CVG,2023-06-15 20:52,KCVG 152052Z VRB05KT 10SM FEW050 SCT065 BKN095 BKN200 27/17 A2973 RMK AO2 SLP059 T02720172 58009
CVG,2023-06-15 21:52,KCVG 152152Z 26007KT 5SM HZ SCT055 SCT080 BKN100 OVC240 28/17 A2972 RMK AO2 SLP053 THN OVC T02780172
CVG,2023-06-15 22:52,KCVG 152252Z 23005KT 6SM HZ FEW080 SCT120 BKN180 27/17 A2971 RMK AO2 SLP051 T02670172
CVG,2023-06-15 23:52,KCVG 152352Z 23006KT 8SM SCT100 BKN180 26/18 A2972 RMK AO2 SLP054 T02610178 10283 20261 55005
CVG,2023-06-16 00:52,KCVG 160052Z 21007KT 8SM SCT090 BKN120 OVC180 24/18 A2971 RMK AO2 SLP051 BINOVC T02440178
CVG,2023-06-16 01:52,KCVG 160152Z 20006KT 8SM FEW120 BKN180 23/17 A2971 RMK AO2 SLP050 T02280172
CVG,2023-06-16 02:52,KCVG 160252Z 21006KT 8SM FEW120 BKN180 22/17 A2973 RMK AO2 SLP057 T02170172 53003
CVG,2023-06-16 03:52,KCVG 160352Z 20007KT 8SM FEW180 21/17 A2973 RMK AO2 SLP056 T02110172
CVG,2023-06-16 04:52,KCVG 160452Z 20006KT 8SM FEW200 21/17 A2972 RMK AO2 SLP055 T02060172 402830150
CVG,2023-06-16 05:52,KCVG 160552Z 34010KT 4SM -RA FEW075 OVC095 21/18 A2975 RMK AO2 RAB36 SLP063 P0000 60000 T02110178 10261 20206 53007
CVG,2023-06-16 06:52,KCVG 160652Z 35014KT 6SM BR FEW075 19/17 A2974 RMK AO2 RAE0556 SLP062 P0000 T01940172
CVG,2023-06-16 07:52,KCVG 160752Z 35008KT 6SM BR OVC080 17/17 A2975 RMK AO2 SLP064 T01720167
CVG,2023-06-16 08:52,KCVG 160852Z 35009KT 6SM BR FEW080 16/14 A2976 RMK AO2 SLP068 60000 T01610139 53003
CVG,2023-06-16 09:52,KCVG 160952Z 33005KT 7SM FEW080 15/13 A2977 RMK AO2 SLP073 T01500128
CVG,2023-06-16 10:52,KCVG 161052Z 32009KT 5SM BR FEW080 15/13 A2979 RMK AO2 SLP079 T01500128
CVG,2023-06-16 11:52,KCVG 161152Z 32011KT 5SM BR FEW080 14/12 A2981 RMK AO2 SLP087 60000 T01440122 10211 20144 53017
CVG,2023-06-16 12:52,KCVG 161252Z 35009KT 6SM HZ FEW006 FEW070 14/12 A2985 RMK AO2 SLP100 T01440117
CVG,2023-06-16 13:52,KCVG 161352Z 35008KT 5SM HZ OVC014 16/13 A2986 RMK AO2 SLP104 T01560128
CVG,2023-06-16 14:52,KCVG 161452Z 02011KT 6SM HZ BKN016 OVC021 17/13 A2987 RMK AO2 SLP106 T01720133 51019
CVG,2023-06-16 15:52,KCVG 161552Z 33011KT 5SM HZ OVC017 17/14 A2988 RMK AO2 SLP112 T01670139
CVG,2023-06-16 16:52,KCVG 161652Z 35007KT 5SM HZ OVC022 18/14 A2988 RMK AO2 SLP110 T01780139
CVG,2023-06-16 17:52,KCVG 161752Z 35008KT 5SM HZ OVC027 19/14 A2988 RMK AO2 SLP111 T01890144 10194 20139 52000
CVG,2023-06-16 18:52,KCVG 161852Z 34009KT 6SM HZ SCT025 OVC035 20/15 A2988 RMK AO2 SLP111 T02000150
CVG,2023-06-16 19:52,KCVG 161952Z 01008KT 5SM HZ BKN028 OVC033 21/15 A2988 RMK AO2 SLP112 T02060150
CVG,2023-06-16 20:52,KCVG 162052Z 30007KT 5SM HZ BKN028 OVC037 21/15 A2988 RMK AO2 SLP111 T02110150 58001
CVG,2023-06-16 21:52,KCVG 162152Z 30007KT 7SM SCT036 OVC047 20/15 A2989 RMK AO2 CIG 037 36R SLP113 T02000150
CVG,2023-06-16 22:52,KCVG 162252Z 27008KT 7SM OVC055 20/16 A2989 RMK AO2 SLP116 T02000156
CVG,2023-06-16 23:52,KCVG 162352Z COR 31009KT 5SM HZ BKN060 21/16 A2989 RMK AO2 SLP115 T02060156 10217 20189 50004
CVG,2023-06-17 00:52,KCVG 170052Z 30006KT 7SM BKN055 19/16 A2991 RMK AO2 SLP122 T01940156
CVG,2023-06-17 01:52,KCVG 170152Z 34007KT 8SM CLR 18/16 A2993 RMK AO2 SLP129 T01830156
CVG,2023-06-17 02:52,KCVG 170252Z 35006KT 8SM CLR 17/16 A2995 RMK AO2 SLP135 T01720156 53018
CVG,2023-06-17 03:52,KCVG 170352Z 34006KT 8SM CLR 18/15 A2994 RMK AO2 SLP134 T01780150
CVG,2023-06-17 04:52,KCVG 170452Z 36007KT 8SM CLR 16/15 A2994 RMK AO2 SLP134 T01610150 402220139
CVG,2023-06-17 05:52,KCVG 170552Z 36005KT 8SM CLR 16/14 A2993 RMK AO2 SLP128 T01610144 10206 20156 58005
CVG,2023-06-17 06:52,KCVG 170652Z 35006KT 6SM BR CLR 14/14 A2992 RMK AO2 SLP126 T01440144
CVG,2023-06-17 07:52,KCVG 170752Z 34004KT 6SM BR CLR 14/14 A2992 RMK AO2 SLP125 T01440139
CVG,2023-06-17 08:52,KCVG 170852Z 36004KT 6SM BR CLR 14/14 A2993 RMK AO2 SLP129 T01440139 53001
CVG,2023-06-17 09:52,KCVG 170952Z 00000KT 6SM BR CLR 13/13 A2996 RMK AO2 SLP139 T01280128
CVG,2023-06-17 10:52,KCVG 171052Z 08003KT 4SM BR CLR 15/14 A2998 RMK AO2 SLP144 T01500139
CVG,2023-06-17 11:52,KCVG 171152Z 11004KT 4SM BR CLR 16/15 A2999 RMK AO2 SLP150 T01610150 10161 20128 51021
CVG,2023-06-17 12:52,KCVG 171252Z 13007KT 3SM HZ CLR 18/14 A3001 RMK AO2 SLP155 T01780139
CVG,2023-06-17 13:52,KCVG 171352Z 13005KT 4SM HZ CLR 19/14 A3001 RMK AO2 SLP155 T01940139
CVG,2023-06-17 14:52,KCVG 171452Z 11003KT 4SM HZ FEW030 21/13 A3001 RMK AO2 SLP154 T02060133 50004
CVG,2023-06-17 15:52,KCVG 171552Z 06005KT 3SM HZ FEW037 22/13 A3000 RMK AO2 SLP152 T02220128
CVG,2023-06-17 16:52,KCVG 171652Z VRB03KT 3SM HZ SCT040 23/13 A3000 RMK AO2 SLP150 T02280128
CVG,2023-06-17 17:52,KCVG 171752Z 00000KT 3SM HZ SCT045 24/13 A2999 RMK AO2 SLP147 T02390133 10250 20161 58006
CVG,2023-06-17 18:52,KCVG 171852Z 00000KT 5SM HZ SCT045 24/12 A2997 RMK AO2 SLP140 T02440122
CVG,2023-06-17 19:52,KCVG 171952Z 00000KT 4SM HZ FEW045 25/11 A2995 RMK AO2 SLP134 T02500111
CVG,2023-06-17 20:52,KCVG 172052Z VRB06KT 7SM CLR 26/12 A2993 RMK AO2 SLP128 T02610122 56019
CVG,2023-06-17 21:52,KCVG 172152Z 32005KT 7SM CLR 26/10 A2992 RMK AO2 SLP125 T02610100
CVG,2023-06-17 22:52,KCVG 172252Z VRB04KT 7SM CLR 26/12 A2992 RMK AO2 SLP123 T02560117
CVG,2023-06-17 23:52,KCVG 172352Z 35004KT 7SM CLR 25/12 A2992 RMK AO2 SLP124 T02500122 10267 20239 55003
CVG,2023-06-18 00:52,KCVG 180052Z 36005KT 7SM CLR 23/12 A2992 RMK AO2 SLP124 T02330117
CVG,2023-06-18 01:52,KCVG 180152Z 01003KT 8SM CLR 21/12 A2993 RMK AO2 SLP129 T02110117
CVG,2023-06-18 02:52,KCVG 180252Z 12005KT 8SM CLR 21/12 A2994 RMK AO2 SLP131 T02060122 53007
CVG,2023-06-18 03:52,KCVG 180352Z 17003KT 8SM CLR 18/12 A2993 RMK AO2 SLP129 T01830122
CVG,2023-06-18 04:52,KCVG 180452Z 00000KT 8SM CLR 18/13 A2995 RMK AO2 SLP133 T01780128 402670128
CVG,2023-06-18 05:52,KCVG 180552Z 14003KT 8SM CLR 18/12 A2994 RMK AO2 SLP129 T01780122 10250 20172 58001
CVG,2023-06-18 06:52,KCVG 180652Z 18004KT 8SM CLR 18/12 A2994 RMK AO2 SLP129 T01780117
CVG,2023-06-18 07:52,KCVG 180752Z 18005KT 8SM CLR 17/12 A2993 RMK AO2 SLP126 T01670117
CVG,2023-06-18 08:52,KCVG 180852Z 18004KT 8SM CLR 16/12 A2993 RMK AO2 SLP125 T01610117 58004
CVG,2023-06-18 09:52,KCVG 180952Z 00000KT 8SM CLR 17/12 A2991 RMK AO2 SLP119 T01670122
CVG,2023-06-18 10:52,KCVG 181052Z 00000KT 7SM CLR 14/13 A2993 RMK AO2 SLP128 T01440128
CVG,2023-06-18 11:52,KCVG 181152Z 00000KT 5SM BR CLR 17/14 A2993 RMK AO2 SLP128 T01670144 10178 20144 53003
CVG,2023-06-18 12:52,KCVG 181252Z 18005KT 5SM HZ CLR 20/15 A2993 RMK AO2 SLP127 T02000150
CVG,2023-06-18 13:52,KCVG 181352Z 15006KT 6SM HZ CLR 23/15 A2991 RMK AO2 SLP120 T02330150
CVG,2023-06-18 14:52,KCVG 181452Z 11008KT 6SM HZ SCT250 24/13 A2991 RMK AO2 SLP118 T02440133 58008
CVG,2023-06-18 15:52,KCVG 181552Z 12013G17KT 6SM HZ BKN250 25/13 A2989 RMK AO2 SLP114 T02500133
CVG,2023-06-18 16:52,KCVG 181652Z 12007G16KT 6SM HZ BKN250 26/13 A2990 RMK AO2 SLP116 T02560128
CVG,2023-06-18 17:52,KCVG 181752Z 09007KT 7SM BKN250 26/15 A2988 RMK AO2 SLP110 T02610150 10267 20167 58008
CVG,2023-06-18 18:52,KCVG 181852Z 18008G18KT 7SM BKN250 27/15 A2989 RMK AO2 SLP111 T02720150
CVG,2023-06-18 19:52,KCVG 181952Z VRB04KT 7SM BKN250 27/13 A2986 RMK AO2 SLP102 T02720133
CVG,2023-06-18 20:52,KCVG 182052Z 11008KT 7SM BKN250 28/13 A2983 RMK AO2 SLP093 T02780128 58017
CVG,2023-06-18 21:52,KCVG 182152Z VRB05KT 7SM BKN250 27/12 A2982 RMK AO2 SLP087 T02720122
CVG,2023-06-18 22:52,KCVG 182252Z 11008KT 7SM BKN250 27/13 A2981 RMK AO2 SLP086 T02720133
CVG,2023-06-18 23:52,KCVG 182352Z 12008KT 7SM BKN250 26/13 A2981 RMK AO2 SLP085 T02610133 10283 20261 56008
CVG,2023-06-19 00:52,KCVG 190052Z 11006KT 7SM BKN250 25/13 A2980 RMK AO2 SLP082 T02500133
CVG,2023-06-19 01:52,KCVG 190152Z 11008KT 10SM BKN250 24/13 A2981 RMK AO2 SLP083 T02390133
CVG,2023-06-19 02:52,KCVG 190252Z 11008KT 7SM BKN200 24/13 A2982 RMK AO2 SLP085 T02390133 53003
CVG,2023-06-19 03:52,KCVG 190352Z 12008KT 7SM BKN200 23/13 A2982 RMK AO2 SLP087 T02330133
CVG,2023-06-19 04:52,KCVG 190452Z 11009KT 7SM BKN180 23/14 A2982 RMK AO2 SLP086 T02280139 402830144
CVG,2023-06-19 05:52,KCVG 190552Z 11009KT 7SM FEW060 BKN180 23/14 A2981 RMK AO2 SLP084 T02280144 10261 20222 58001
CVG,2023-06-19 06:52,KCVG 190652Z 11008KT 7SM OVC065 22/15 A2981 RMK AO2 SLP082 T02220150
CVG,2023-06-19 07:52,KCVG 190752Z 09007KT 7SM BKN180 22/15 A2979 RMK AO2 SLP076 T02170150
CVG,2023-06-19 08:52,KCVG 190852Z 12008KT 7SM BKN200 21/15 A2980 RMK AO2 SLP079 T02110150 55005
CVG,2023-06-19 09:52,KCVG 190952Z 08007KT 7SM BKN100 21/16 A2979 RMK AO2 SLP079 T02060156
CVG,2023-06-19 10:52,KCVG 191052Z 11006KT 7SM SCT075 OVC090 21/16 A2980 RMK AO2 SLP082 T02060156
CVG,2023-06-19 11:52,KCVG 191152Z 08010KT 7SM SCT080 BKN095 BKN110 OVC140 21/16 A2979 RMK AO2 LTG DSNT SE SLP079 T02060161 10228 20206 58001
CVG,2023-06-19 12:52,KCVG 191252Z 13011KT 7SM SCT036 OVC044 21/18 A2983 RMK AO2 SLP090 VCSH S T02060178
CVG,2023-06-19 13:52,KCVG 191352Z 12006KT 2 1/2SM -RA BR SCT055 BKN065 OVC100 19/19 A2983 RMK AO2 SFC VIS 3 RAB10 SLP092 P0007 T01890189
CVG,2023-06-19 14:52,KCVG 191452Z 10012KT 3SM -RA BR FEW005 BKN080 OVC110 19/19 A2983 RMK AO2 SFC VIS 4 SLP092 P0006 60013 T01940194 51012
CVG,2023-06-19 15:52,KCVG 191552Z 10010KT 3SM -RA BR FEW006 SCT065 OVC095 20/20 A2983 RMK AO2 SFC VIS 4 SLP092 P0004 T02000200
CVG,2023-06-19 16:52,KCVG 191652Z 06009KT 3SM -RA BR FEW008 BKN049 OVC055 20/20 A2983 RMK AO2 SFC VIS 5 SLP093 P0004 T02000200
CVG,2023-06-19 17:52,KCVG 191752Z 07009KT 2SM RA BR SCT007 BKN012 OVC035 20/20 A2983 RMK AO2 SLP094 P0007 60028 T02000200 10206 20189 53002
CVG,2023-06-19 18:52,KCVG 191852Z 08009KT 3SM -RA BR SCT007 BKN012 OVC035 20/20 A2983 RMK AO2 SLP093 P0005 T02000200
CVG,2023-06-19 19:52,KCVG 191952Z 05010KT 7SM FEW009 SCT015 OVC050 21/21 A2983 RMK AO2 RAE50 SLP092 P0004 T02060206
CVG,2023-06-19 20:52,KCVG 192052Z 06009KT 7SM -RA FEW008 SCT070 OVC100 21/21 A2983 RMK AO2 RAB39 SLP091 P0000 60009 T02110211 57002
CVG,2023-06-19 21:52,KCVG 192152Z 05009KT 8SM FEW008 BKN085 OVC110 22/21 A2982 RMK AO2 RAE22 SLP090 P0000 T02170211
CVG,2023-06-19 22:52,KCVG 192252Z 02010KT 8SM FEW009 BKN095 OVC130 22/22 A2983 RMK AO2 RAB10E48 SLP091 P0000 T02170217
CVG,2023-06-19 23:52,KCVG 192352Z 03011KT 6SM BR FEW008 SCT012 BKN090 OVC130 22/22 A2984 RMK AO2 SLP095 SCT V BKN 60009 T02170217 10217 20200 53003
CVG,2023-06-20 00:52,KCVG 200052Z 04010KT 6SM BR FEW010 BKN018 OVC025 21/21 A2985 RMK AO2 SLP101 T02110206
CVG,2023-06-20 01:52,KCVG 200152Z 03009KT 6SM -RA BR FEW043 FEW065 OVC120 21/20 A2985 RMK AO2 RAB51 SLP102 PCPN VRY LGT P0000 T02060200
CVG,2023-06-20 02:52,KCVG 200252Z 04008KT 5SM -RA BR FEW025 FEW055 BKN110 21/20 A2987 RMK AO2 SLP107 P0000 60000 T02060200 51011
CVG,2023-06-20 03:52,KCVG 200352Z 05010KT 4SM -RA BR FEW043 SCT065 OVC110 21/20 A2987 RMK AO2 SLP106 P0001 T02060200
CVG,2023-06-20 04:52,KCVG 200452Z 06011KT 4SM BR BKN085 21/20 A2987 RMK AO2 RAE12 SLP106 P0001 T02060200 402280189
CVG,2023-06-20 05:52,KCVG 200552Z COR 05010KT 5SM BR SCT085 BKN250 21/20 A2986 RMK AO2 SLP102 60002 T02060200 10217 20206 58004
CVG,2023-06-20 06:52,KCVG 200652Z 06011KT 5SM BR FEW120 BKN180 21/20 A2985 RMK AO2 SLP101 T02060200
CVG,2023-06-20 07:52,KCVG 200752Z 07009KT 5SM BR BKN085 OVC110 21/20 A2985 RMK AO2 SLP099 T02060200
CVG,2023-06-20 08:52,KCVG 200852Z 05009KT 6SM BR OVC100 21/20 A2986 RMK AO2 SLP103 T02060200 53002
CVG,2023-06-20 09:52,KCVG 200952Z 04009KT 6SM BR FEW014 SCT110 BKN180 20/19 A2987 RMK AO2 SLP106 T02000194
CVG,2023-06-20 10:52,KCVG 201052Z 05010KT 6SM BR FEW012 FEW041 SCT110 BKN150 20/19 A2989 RMK AO2 SLP112 T02000194
CVG,2023-06-20 11:52,KCVG 201152Z 05012KT 7SM FEW014 OVC035 20/20 A2990 RMK AO2 RAB29E48 SLP117 P0000 60000 70039 T02000200 10206 20200 53013
CVG,2023-06-20 12:52,KCVG 201252Z 06012KT 7SM FEW012 OVC037 21/19 A2991 RMK AO2 SLP120 BINOVC T02110194
CVG,2023-06-20 13:52,KCVG 201352Z 05012KT 10SM FEW013 SCT070 SCT300 23/20 A2992 RMK AO2 SLP124 T02280200
CVG,2023-06-20 14:52,KCVG 201452Z 05013KT 10SM FEW019 BKN040 24/20 A2993 RMK AO2 SLP125 T02440200 51008 $
CVG,2023-06-20 15:52,KCVG 201552Z 06013KT 10SM FEW025 BKN032 26/20 A2993 RMK AO2 SLP126 T02560200 $
CVG,2023-06-20 16:52,KCVG 201652Z 06012G20KT 8SM SCT030 BKN038 26/20 A2993 RMK AO2 SLP125 T02560200 $
CVG,2023-06-20 17:52,KCVG 201752Z 07012KT 9SM FEW024 OVC039 24/20 A2994 RMK AO2 SLP129 T02390200 10261 20200 53003 $
CVG,2023-06-20 18:52,KCVG 201852Z 05012KT 9SM OVC039 24/20 A2994 RMK AO2 SLP130 T02390200
CVG,2023-06-20 19:52,KCVG 201952Z 07014KT 9SM FEW024 BKN037 OVC047 24/20 A2994 RMK AO2 SLP130 T02390200
CVG,2023-06-20 20:52,KCVG 202052Z 08015KT 8SM SCT019 OVC025 23/20 A2994 RMK AO2 SLP131 T02330200 51002
CVG,2023-06-20 21:52,KCVG 202152Z 07017KT 9SM FEW011 OVC018 21/20 A2997 RMK AO2 DZB32E48 SLP139 CIG 015V023 P0000 T02060200
CVG,2023-06-20 22:52,KCVG 202252Z 06011KT 8SM OVC014 21/19 A2998 RMK AO2 SLP143 T02060189
CVG,2023-06-20 23:52,KCVG 202352Z 07012KT 9SM BKN018 BKN055 OVC085 21/18 A2998 RMK AO2 SLP146 BKN018 V SCT 60000 T02060183 10250 20206 51013
CVG,2023-06-21 00:52,KCVG 210052Z 07015KT 8SM SCT048 BKN060 OVC080 19/18 A2999 RMK AO2 RAB22E28 SLP149 P0000 T01940178
CVG,2023-06-21 01:52,KCVG 210152Z 06013KT 9SM FEW085 BKN130 BKN150 19/17 A3000 RMK AO2 SLP151 T01940172
CVG,2023-06-21 02:52,KCVG 210252Z 07010KT 8SM FEW060 BKN150 20/17 A3001 RMK AO2 SLP154 60000 T02000167 53009
CVG,2023-06-21 03:52,KCVG 210352Z 08011KT 9SM -RA FEW110 BKN180 20/17 A3001 RMK AO2 RAB43 SLP152 P0000 T02000167
CVG,2023-06-21 04:52,KCVG 210452Z 07009KT 8SM OVC060 21/16 A3001 RMK AO2 RAE0354 SLP151 P0000 T02110161 402610194
CVG,2023-06-21 05:52,KCVG 210552Z 06013KT 8SM OVC070 21/17 A3000 RMK AO2 SLP150 60000 T02110167 10211 20194 56003
CVG,2023-06-21 06:52,KCVG 210652Z 07012KT 8SM OVC075 21/17 A3000 RMK AO2 SLP148 T02110172
CVG,2023-06-21 07:52,KCVG 210752Z 06011KT 8SM BKN085 OVC120 21/18 A3000 RMK AO2 SLP149 T02060178
CVG,2023-06-21 08:52,KCVG 210852Z 06010KT 7SM -RA FEW095 BKN120 OVC200 20/18 A3000 RMK AO2 RAB40 CIG 095 36R SLP149 P0000 60000 T02000183 56002
CVG,2023-06-21 09:52,KCVG 210952Z 06009KT 5SM -RA BR BKN042 OVC100 19/19 A3001 RMK AO2 SLP156 P0001 T01890189
CVG,2023-06-21 10:52,KCVG 211052Z 07011KT 8SM FEW055 SCT095 BKN120 19/19 A3004 RMK AO2 RAE03 SLP163 P0000 T01940189
CVG,2023-06-21 11:52,KCVG 211152Z 06011KT 8SM -RA FEW060 SCT085 OVC110 19/19 A3004 RMK AO2 RAB47 SLP166 P0000 60001 70001 T01940189 10211 20189 51016
CVG,2023-06-21 12:52,KCVG 211252Z 06012KT 8SM -RA FEW038 SCT065 BKN080 20/19 A3005 RMK AO2 RAE08B43 SLP169 P0000 T02000189
CVG,2023-06-21 13:52,KCVG 211352Z 07013KT 7SM BKN090 OVC110 21/18 A3006 RMK AO2 RAE1254 SLP170 P0000 T02060183
CVG,2023-06-21 14:52,KCVG 211452Z 09013KT 8SM BKN070 OVC120 23/19 A3006 RMK AO2 SLP169 60000 T02280189 50004
CVG,2023-06-21 15:52,KCVG 211552Z 10011KT 10SM SCT120 BKN150 25/18 A3005 RMK AO2 SLP164 T02500183
CVG,2023-06-21 16:52,KCVG 211652Z 10014KT 10SM FEW037 BKN120 27/17 A3004 RMK AO2 SLP163 T02670172
CVG,2023-06-21 17:52,KCVG 211752Z 07009G18KT 10SM SCT041 BKN100 27/17 A3002 RMK AO2 WSHFT 1644 SLP156 60000 T02720172 10272 20194 58010
CVG,2023-06-21 18:52,KCVG 211852Z 06014KT 9SM FEW046 SCT150 SCT300 28/17 A3001 RMK AO2 SLP153 T02780172
CVG,2023-06-21 19:52,KCVG 211952Z 08012G21KT 9SM FEW045 FEW160 SCT300 28/18 A3001 RMK AO2 SLP150 MDT CU DSNT NW-N T02830178
CVG,2023-06-21 20:52,KCVG 212052Z 07015G21KT 9SM FEW050 SCT300 28/17 A3000 RMK AO2 SLP148 T02830172 56008
CVG,2023-06-21 21:52,KCVG 212152Z 07016G21KT 9SM FEW049 FEW075 BKN300 27/18 A2999 RMK AO2 SLP147 MDT CU OHD T02720178
CVG,2023-06-21 22:52,KCVG 212252Z 08020G24KT 8SM FEW050 FEW090 BKN300 27/14 A3001 RMK AO2 SLP151 T02720144
CVG,2023-06-21 23:52,KCVG 212352Z 08015KT 8SM FEW055 FEW250 BKN300 26/14 A3001 RMK AO2 PK WND 06028/2325 SLP153 T02610144 10283 20261 53004
CVG,2023-06-22 00:52,KCVG 220052Z 09011KT 9SM FEW050 FEW080 FEW250 BKN300 24/14 A3001 RMK AO2 SLP155 T02440144
CVG,2023-06-22 01:52,KCVG 220152Z 10013G17KT 10SM SCT300 23/13 A3001 RMK AO2 SLP155 T02280133
CVG,2023-06-22 02:52,KCVG 220252Z 11010KT 10SM SCT300 22/13 A3003 RMK AO2 SLP160 T02170128 53006
CVG,2023-06-22 03:52,KCVG 220352Z 11010KT 10SM SCT300 20/13 A3003 RMK AO2 SLP158 T02000128
CVG,2023-06-22 04:52,KCVG 220452Z 09016G22KT 10SM BKN300 20/12 A3001 RMK AO2 SLP152 T02000117 402830189
CVG,2023-06-22 05:52,KCVG 220552Z 09013G22KT 10SM BKN300 19/13 A3000 RMK AO2 SLP148 T01890128 10261 20189 58010
CVG,2023-06-22 06:52,KCVG 220652Z 08011KT 10SM SCT027 SCT075 BKN300 18/13 A3000 RMK AO2 SLP148 T01830133
CVG,2023-06-22 07:52,KCVG 220752Z 07011KT 10SM FEW026 SCT070 BKN300 18/13 A2999 RMK AO2 SLP145 T01780133
CVG,2023-06-22 08:52,KCVG 220852Z 07011KT 10SM BKN300 17/13 A2999 RMK AO2 SLP145 T01720133 57003
CVG,2023-06-22 09:52,KCVG 220952Z 08010KT 10SM SCT130 BKN300 17/14 A3001 RMK AO2 SLP152 T01720139
CVG,2023-06-22 10:52,KCVG 221052Z 08008KT 10SM BKN110 BKN300 17/14 A3001 RMK AO2 SLP152 T01670139
CVG,2023-06-22 11:52,KCVG 221152Z 06009KT 10SM FEW045 BKN100 BKN300 17/14 A3000 RMK AO2 SLP150 T01720139 10189 20167 50004
CVG,2023-06-22 12:52,KCVG 221252Z 07007KT 10SM BKN020 BKN210 18/14 A3002 RMK AO2 SLP156 T01780144
CVG,2023-06-22 13:52,KCVG 221352Z 05009KT 10SM FEW020 BKN080 18/14 A3001 RMK AO2 SLP154 FEW V SCT T01830144
CVG,2023-06-22 14:52,KCVG 221452Z 03010KT 10SM BKN023 OVC040 20/15 A3000 RMK AO2 SLP151 BINOVC T02000150 50001
CVG,2023-06-22 15:52,KCVG 221552Z 05010KT 10SM OVC025 19/15 A3000 RMK AO2 SLP150 T01940150
CVG,2023-06-22 16:52,KCVG 221652Z 03006KT 10SM BKN023 OVC028 19/16 A2999 RMK AO2 SLP147 T01940156
CVG,2023-06-22 17:52,KCVG 221752Z 03009KT 10SM BKN028 OVC033 20/16 A2998 RMK AO2 SLP144 T02000156 10217 20172 58008
CVG,2023-06-22 18:52,KCVG 221852Z 02009KT 10SM OVC027 21/16 A2997 RMK AO2 SLP141 T02060156
CVG,2023-06-22 19:52,KCVG 221952Z 04008KT 10SM OVC027 21/16 A2996 RMK AO2 SLP139 T02060156
CVG,2023-06-22 20:52,KCVG 222052Z 03007KT 10SM OVC026 20/16 A2996 RMK AO2 SLP139 CIG 024V030 T02000161 56006
CVG,2023-06-22 21:52,KCVG 222152Z 35007KT 10SM OVC027 20/16 A2995 RMK AO2 SLP136 T02000161
CVG,2023-06-22 22:52,KCVG 222252Z 01009KT 10SM OVC026 21/16 A2994 RMK AO2 SLP133 T02060161
CVG,2023-06-22 23:52,KCVG 222352Z 03008KT 10SM FEW031 OVC042 21/16 A2994 RMK AO2 SLP131 T02060161 10206 20200 57007
CVG,2023-06-23 00:52,KCVG 230052Z 03007KT 10SM BKN030 OVC041 21/16 A2994 RMK AO2 SLP130 BKN V OVC T02060161
CVG,2023-06-23 01:52,KCVG 230152Z 03007KT 10SM BKN028 OVC041 20/16 A2993 RMK AO2 SLP128 T02000161
CVG,2023-06-23 02:52,KCVG 230252Z 04005KT 10SM OVC024 20/16 A2994 RMK AO2 SLP132 T02000161 53002
CVG,2023-06-23 03:52,KCVG 230352Z 09005KT 10SM OVC022 19/17 A2994 RMK AO2 SLP131 T01940167
CVG,2023-06-23 04:52,KCVG 230452Z 03004KT 10SM OVC023 19/17 A2993 RMK AO2 SLP128 T01940172 402170167
CVG,2023-06-23 05:52,KCVG 230552Z 35004KT 2 1/2SM -RA BR BKN015 OVC023 18/18 A2993 RMK AO2 RAB15 SLP129 P0001 60001 T01780178 10206 20178 56003
CVG,2023-06-23 06:52,KCVG 230652Z 35003KT 2SM BR BKN015 OVC023 17/17 A2992 RMK AO2 RAE10B30E52 SLP126 P0002 T01720172
CVG,2023-06-23 07:52,KCVG 230752Z 35003KT 3SM BR BKN003 BKN038 OVC060 17/17 A2991 RMK AO2 SLP123 T01720172
CVG,2023-06-23 08:52,KCVG 230852Z 35004KT 3SM BR OVC005 18/18 A2991 RMK AO2 SLP120 60002 T01780178 56009
CVG,2023-06-23 09:52,KCVG 230952Z 35005KT 4SM BR OVC003 18/18 A2992 RMK AO2 SLP123 T01780178
CVG,2023-06-23 10:52,KCVG 231052Z 33003KT 3SM BR OVC003 18/18 A2993 RMK AO2 SLP127 T01780178
CVG,2023-06-23 11:52,KCVG 231152Z 31005KT 2SM BR OVC005 18/18 A2994 RMK AO2 SFC VIS 3 SLP132 60002 70003 T01780178 10178 20172 53012
CVG,2023-06-23 12:52,KCVG 231252Z 00000KT 2SM BR OVC006 18/18 A2994 RMK AO2 SFC VIS 3 SLP132 T01830183
CVG,2023-06-23 13:52,KCVG 231352Z 35003KT 3SM BR FEW005 BKN009 OVC035 19/19 A2995 RMK AO2 SFC VIS 5 SLP136 T01940189
CVG,2023-06-23 14:52,KCVG 231452Z 30003KT 3SM BR OVC010 20/19 A2996 RMK AO2 SFC VIS 6 SLP138 T02000189 53006
CVG,2023-06-23 15:52,KCVG 231552Z 35005KT 6SM BR BKN011 OVC020 19/19 A2996 RMK AO2 SLP137 T01940189
CVG,2023-06-23 16:52,KCVG 231652Z 29006KT 6SM BR SCT009 BKN014 OVC023 20/19 A2996 RMK AO2 RAB1557E31 CIG 009 36R SLP138 P0000 T02000189
CVG,2023-06-23 17:52,KCVG 231752Z 27007KT 9SM SCT017 BKN024 OVC035 22/19 A2995 RMK AO2 CIG 019 36R SLP134 60000 T02220194 10228 20183 58004
CVG,2023-06-23 18:52,KCVG 231852Z VRB04KT 9SM SCT018 BKN023 OVC034 22/19 A2994 RMK AO2 SLP131 OCNL BINOVC OHD T02170189
CVG,2023-06-23 19:52,KCVG 231952Z 36006KT 9SM FEW022 BKN038 OVC046 23/19 A2994 RMK AO2 SLP129 T02280189
CVG,2023-06-23 20:52,KCVG 232052Z 00000KT 9SM FEW023 SCT049 BKN070 BKN150 24/19 A2993 RMK AO2 SLP126 T02390189 57006
CVG,2023-06-23 21:52,KCVG 232152Z VRB06KT 10SM FEW028 SCT055 BKN075 BKN140 24/19 A2992 RMK AO2 SLP123 MDT CU OHD AND SE T02440189
CVG,2023-06-23 22:52,KCVG 232252Z 27007KT 10SM FEW030 BKN060 BKN080 23/19 A2992 RMK AO2 SLP123 T02330189
CVG,2023-06-23 23:52,KCVG 232352Z 25006KT 10SM FEW028 BKN060 BKN075 23/19 A2992 RMK AO2 SLP123 T02280189 10250 20217 56004
CVG,2023-06-24 00:52,KCVG 240052Z 22006KT 10SM FEW038 FEW050 OVC070 22/19 A2992 RMK AO2 SLP125 T02220194
CVG,2023-06-24 01:52,KCVG 240152Z 24003KT 8SM -RA FEW034 BKN045 OVC065 21/19 A2993 RMK AO2 RAB49 CIG 035 36R SLP128 P0000 T02110189
CVG,2023-06-24 02:52,KCVG 240252Z 22003KT 10SM OVC070 21/19 A2994 RMK AO2 RAE07 SLP131 P0000 60000 T02060194 53008
CVG,2023-06-24 03:52,KCVG 240352Z 23003KT 10SM OVC065 21/19 A2994 RMK AO2 SLP130 T02060189
CVG,2023-06-24 04:52,KCVG 240452Z 22003KT 10SM OVC085 21/19 A2993 RMK AO2 SLP128 T02060189 402500172
CVG,2023-06-24 05:52,KCVG 240552Z 22003KT 10SM OVC085 20/19 A2992 RMK AO2 SLP124 60000 T02000189 10228 20194 58005
CVG,2023-06-24 06:52,KCVG 240652Z 21003KT 10SM OVC090 19/19 A2992 RMK AO2 SLP125 T01940189
CVG,2023-06-24 07:52,KCVG 240752Z 23004KT 10SM BKN070 OVC090 20/19 A2993 RMK AO2 SLP125 T02000189
CVG,2023-06-24 08:52,KCVG 240852Z 25003KT 10SM SCT065 OVC095 19/19 A2993 RMK AO2 SLP126 T01940189 53001
CVG,2023-06-24 09:52,KCVG 240952Z 23003KT 10SM FEW055 BKN070 OVC090 19/19 A2994 RMK AO2 SLP129 T01940189
CVG,2023-06-24 10:52,KCVG 241052Z 22004KT 9SM BKN060 OVC090 19/19 A2995 RMK AO2 SLP132 OCNL BINOVC T01890189
CVG,2023-06-24 11:52,KCVG 241152Z 25004KT 9SM BKN055 OVC070 20/19 A2996 RMK AO2 SLP136 T02000189 10200 20189 53010
CVG,2023-06-24 12:52,KCVG 241252Z 25006KT 9SM FEW055 BKN100 22/19 A2998 RMK AO2 SLP143 T02170194
CVG,2023-06-24 13:52,KCVG 241352Z 26006KT 9SM BKN100 BKN150 23/19 A2998 RMK AO2 SLP143 T02280194
CVG,2023-06-24 14:52,KCVG 241452Z 27007KT 9SM SCT100 BKN150 24/20 A2997 RMK AO2 SLP140 T02440200 50005
CVG,2023-06-24 15:52,KCVG 241552Z 26008KT 220V310 8SM FEW060 27/21 A2996 RMK AO2 SLP136 T02720206
CVG,2023-06-24 16:52,KCVG 241652Z 26011KT 7SM SCT040 27/19 A2995 RMK AO2 SLP132 T02720194
CVG,2023-06-24 17:52,KCVG 241752Z 29006G15KT 7SM SCT045 BKN075 28/18 A2993 RMK AO2 SLP126 T02780178 10289 20200 58014
CVG,2023-06-24 18:52,KCVG 241852Z 26010KT 10SM BKN050 BKN080 29/19 A2993 RMK AO2 SLP123 T02940189
CVG,2023-06-24 19:52,KCVG 241952Z 27008KT 10SM SCT055 BKN075 BKN110 30/18 A2992 RMK AO2 SLP122 T03000183
CVG,2023-06-24 20:52,KCVG 242052Z 26009G18KT 10SM BKN090 BKN110 29/18 A2991 RMK AO2 SLP118 T02940183 58006
CVG,2023-06-24 21:52,KCVG 242152Z 27008KT 8SM SCT110 29/19 A2990 RMK AO2 SLP114 T02940189
CVG,2023-06-24 22:52,KCVG 242252Z 26005KT 8SM SCT110 29/18 A2989 RMK AO2 SLP112 T02940183
CVG,2023-06-24 23:52,KCVG 242352Z 25004KT 10SM FEW110 28/19 A2989 RMK AO2 SLP113 T02780189 10306 20278 56006
CVG,2023-06-25 00:52,KCVG 250052Z 23004KT 10SM FEW060 SCT090 SCT250 27/18 A2990 RMK AO2 SLP114 T02670178
CVG,2023-06-25 01:52,KCVG 250152Z 20003KT 10SM FEW065 24/18 A2990 RMK AO2 SLP115 T02390183
CVG,2023-06-25 02:52,KCVG 250252Z 21005KT 4SM HZ FEW250 23/18 A2991 RMK AO2 SLP119 T02280183 53006
CVG,2023-06-25 03:52,KCVG 250352Z 21003KT 5SM HZ FEW120 23/18 A2991 RMK AO2 SLP117 T02280178
CVG,2023-06-25 04:52,KCVG 250452Z 22004KT 5SM HZ FEW250 22/17 A2990 RMK AO2 SLP115 T02220172 403060189
CVG,2023-06-25 05:52,KCVG 250552Z 21004KT 5SM HZ FEW250 21/18 A2990 RMK AO2 SLP114 T02060178 10278 20200 58004
CVG,2023-06-25 06:52,KCVG 250652Z 00000KT 4SM BR SCT160 20/18 A2989 RMK AO2 SLP112 T02000183
CVG,2023-06-25 07:52,KCVG 250752Z 20005KT 5SM BR FEW160 19/17 A2989 RMK AO2 SLP110 T01940172
CVG,2023-06-25 08:52,KCVG 250852Z 19005KT 5SM BR FEW250 18/17 A2988 RMK AO2 SLP109 T01780172 58006
CVG,2023-06-25 09:52,KCVG 250952Z 20008KT 5SM BR BKN065 BKN250 20/18 A2988 RMK AO2 SLP107 T02000178
CVG,2023-06-25 10:52,KCVG 251052Z 19005KT 6SM HZ BKN060 BKN080 21/18 A2987 RMK AO2 RAB22E31 SLP105 P0000 T02060178
CVG,2023-06-25 11:52,KCVG 251152Z 19007KT 6SM HZ SCT130 BKN250 22/18 A2985 RMK AO2 SLP098 60000 T02220178 10222 20172 58009
CVG,2023-06-25 12:52,KCVG 251252Z 21007KT 7SM FEW080 BKN090 BKN110 23/18 A2988 RMK AO2 LTG DSNT SW-NW SLP108 T02330183
CVG,2023-06-25 13:52,KCVG 251352Z 21006KT 2SM -RA BR SCT095 OVC110 21/20 A2987 RMK AO2 RAB12E17B41 TSB17E40 SLP105 TS MOV E P0001 T02060200 $
CVG,2023-06-25 14:52,KCVG 251452Z 27005KT 6SM BR SCT046 BKN110 BKN250 21/21 A2985 RMK AO2 RAE39 SLP100 P0005 60006 T02060206 50000 $
CVG,2023-06-25 15:52,KCVG 251552Z 28006KT 7SM SCT150 OVC200 23/22 A2987 RMK AO2 SLP103 T02330217 $
CVG,2023-06-25 16:52,KCVG 251652Z 20010KT 8SM SCT030 BKN150 BKN200 24/22 A2985 RMK AO2 SLP098 T02440217 $
CVG,2023-06-25 17:52,KCVG 251752Z 20013G17KT 9SM FEW024 SCT150 BKN250 27/22 A2982 RMK AO2 SLP089 60006 T02670222 10267 20200 58010 $
CVG,2023-06-25 18:52,KCVG 251852Z 21013KT 10SM FEW025 SCT150 SCT200 28/22 A2979 RMK AO2 SLP078 T02830217 $
CVG,2023-06-25 19:52,KCVG 251952Z 21015KT 10SM FEW025 SCT150 SCT200 29/21 A2975 RMK AO2 SLP064 T02940211 $
CVG,2023-06-25 20:52,KCVG 252052Z 20010G18KT 10SM SCT110 SCT180 SCT200 28/22 A2974 RMK AO2 SLP062 T02830217 56026 $
CVG,2023-06-25 21:52,KCVG 252152Z 23005KT 10SM FEW060 FEW100 BKN150 BKN220 27/22 A2981 RMK AO2 RAB36E51 SLP083 P0000 T02670222 $
CVG,2023-06-25 22:52,KCVG 252252Z 18008KT 10SM SCT030 BKN050 BKN080 OVC230 25/23 A2971 RMK AO2 WSHFT 2209 LTG DSNT SW-N RAB2155E31 SLP051 BINOVC P0004 T02500228 $
CVG,2023-06-25 23:52,KCVG 252352Z COR 18015KT 10SM TS FEW025CB FEW085 BKN110 BKN150 BKN230 25/22 A2969 RMK AO2 LTG DSNT ALQDS TSB21E36B52 SLP045 OCNL LTGIC W TS W MOV E 60004 T02500222 10300 20244 58017 $
CVG,2023-06-26 00:52,KCVG 260052Z 23006KT 10SM BKN030 BKN150 BKN250 21/19 A2971 RMK AO2 PK WND 18027/0003 LTG DSNT E-SW RAB2358E25 TSE23E25 SLP053 CB MAM OHD MOV E P0006 T02060189 $
CVG,2023-06-26 01:52,KCVG 260152Z 20011KT 10SM FEW040 SCT090 BKN110 BKN230 21/18 A2969 RMK AO2 SLP046 T02060183 $
CVG,2023-06-26 02:52,KCVG 260252Z 21008KT 10SM SCT110 SCT130 21/19 A2970 RMK AO2 SLP050 60006 T02060194 51003 $
CVG,2023-06-26 03:52,KCVG 260352Z 21010KT 10SM FEW110 FEW130 20/19 A2970 RMK AO2 SLP049 T02000194 $
CVG,2023-06-26 04:52,KCVG 260452Z 19010KT 10SM FEW090 19/19 A2970 RMK AO2 SLP049 T01940189 403000172 $
CVG,2023-06-26 05:52,KCVG 260552Z 22011G18KT 10SM FEW070 FEW110 19/18 A2972 RMK AO2 SLP054 60006 T01890183 10206 20189 53006 $
CVG,2023-06-26 06:52,KCVG 260652Z 21008KT 10SM BKN095 19/18 A2972 RMK AO2 SLP053 T01890183 $
CVG,2023-06-26 07:52,KCVG 260752Z 20009KT 10SM BKN090 19/18 A2970 RMK AO2 SLP047 T01890183 $
CVG,2023-06-26 08:52,KCVG 260852Z 20010KT 10SM FEW060 BKN080 18/18 A2970 RMK AO2 SLP046 T01830183 58008 $
CVG,2023-06-26 09:52,KCVG 260952Z 21008KT 10SM BKN070 18/18 A2970 RMK AO2 SLP046 T01830183 $
CVG,2023-06-26 10:52,KCVG 261052Z 19006KT 10SM FEW050 18/18 A2970 RMK AO2 SLP049 T01780178 $
CVG,2023-06-26 11:52,KCVG 261152Z 21006KT 10SM SCT055 OVC075 19/19 A2970 RMK AO2 SLP047 70016 T01890189 10189 20178 50000 $
CVG,2023-06-26 12:52,KCVG 261252Z 20008KT 9SM BKN060 OVC075 19/19 A2971 RMK AO2 SLP052 T01940189
CVG,2023-06-26 13:52,KCVG 261352Z 22009KT 10SM SCT055 OVC070 21/19 A2970 RMK AO2 SLP049 BINOVC T02110189
CVG,2023-06-26 14:52,KCVG 261452Z 22012G17KT 10SM FEW050 24/19 A2969 RMK AO2 SLP045 T02390189 58001
CVG,2023-06-26 15:52,KCVG 261552Z 26014G18KT 10SM SCT035 BKN043 BKN050 25/18 A2968 RMK AO2 SLP041 T02500183
CVG,2023-06-26 16:52,KCVG 261652Z 26011G18KT 10SM FEW036 BKN046 BKN055 25/18 A2969 RMK AO2 CIG 035 36R SLP045 T02500183
CVG,2023-06-26 17:52,KCVG 261752Z 24012KT 10SM FEW048 SCT060 BKN075 25/18 A2970 RMK AO2 SLP046 T02500183 10256 20189 53001
CVG,2023-06-26 18:52,KCVG 261852Z 26010KT 9SM SCT038 BKN046 BKN070 25/19 A2970 RMK AO2 RAB41E46 SLP047 P0000 T02500189
CVG,2023-06-26 19:52,KCVG 261952Z 28018G22KT 9SM SCT045 BKN080 27/18 A2969 RMK AO2 SLP044 MDT CU NE-SE TCU DSNT SW T02720183
CVG,2023-06-26 20:52,KCVG 262052Z 27013G21KT 10SM SCT045TCU SCT060 BKN085 26/18 A2969 RMK AO2 SLP045 TCU SE-S DSNT NE VCSH SE 60000 T02610183 58001
CVG,2023-06-26 21:52,KCVG 262152Z 26014G24KT 10SM FEW050 FEW095 FEW250 27/18 A2968 RMK AO2 PK WND 28026/2130 LTG DSNT S SLP040 MDT CU E CB DSNT SE T02720183
CVG,2023-06-26 22:52,KCVG 262252Z 27014G25KT 10SM FEW046 FEW090 FEW250 26/18 A2968 RMK AO2 SLP040 MDT CU DSNT S-SW T02610178
CVG,2023-06-26 23:52,KCVG 262352Z 28015G21KT 10SM FEW047TCU FEW080 FEW150 26/18 A2969 RMK AO2 SLP046 TCU SE MDT CU SW 60000 T02560178 10278 20244 53001
CVG,2023-06-27 00:52,KCVG 270052Z 33011KT 10SM FEW047 BKN120 24/17 A2971 RMK AO2 SLP053 WSHFT 0050 T02440172
CVG,2023-06-27 01:52,KCVG 270152Z 25008KT 9SM SCT043 BKN075 BKN100 19/18 A2973 RMK AO2 PK WND 29038/0114 RAB16E40 SLP058 WSHFT 0116 P0016 T01890178
CVG,2023-06-27 02:52,KCVG 270252Z 25004KT 8SM FEW075 18/18 A2974 RMK AO2 SLP061 60016 T01830183 51014
CVG,2023-06-27 03:52,KCVG 270352Z 30011KT 8SM FEW037 BKN047 OVC055 19/19 A2976 RMK AO2 SLP068 T01940189
CVG,2023-06-27 04:52,KCVG 270452Z 30010KT 5SM BR SCT065 BKN090 OVC110 19/18 A2976 RMK AO2 RAB24E40 CIG 070 36R SLP070 P0000 T01940178 402780178
CVG,2023-06-27 05:52,KCVG 270552Z 30009KT 4SM BR FEW065 18/17 A2976 RMK AO2 SLP068 60016 T01830172 10256 20178 50007
CVG,2023-06-27 06:52,KCVG 270652Z 29006KT 5SM BR SCT050 18/17 A2976 RMK AO2 SLP068 T01780172
CVG,2023-06-27 07:52,KCVG 270752Z 27007KT 3SM BR SCT037 17/17 A2976 RMK AO2 SLP070 T01720172
CVG,2023-06-27 08:52,KCVG 270852Z 28006KT 4SM BR FEW035 SCT080 17/17 A2977 RMK AO2 SLP071 T01720172 53003
CVG,2023-06-27 09:52,KCVG 270952Z 28008KT 4SM BR OVC024 18/18 A2979 RMK AO2 SLP076 T01780178
CVG,2023-06-27 10:52,KCVG 271052Z 25006KT 3SM BCFG BR FEW018 SCT050 17/17 A2980 RMK AO2 SLP081 SFC VIS N2 T01720172
CVG,2023-06-27 11:52,KCVG 271152Z 27006KT 3SM BCFG BR SCT019 18/18 A2980 RMK AO2 SLP084 70016 T01780178 10189 20167 51012
CVG,2023-06-27 12:52,KCVG 271252Z 28010KT 4SM BR FEW007 19/18 A2982 RMK AO2 SLP089 T01940183
CVG,2023-06-27 13:52,KCVG 271352Z 29009KT 4SM BR SCT010 SCT015 OVC029 20/18 A2983 RMK AO2 CIG 012 36R SLP095 T02000183
CVG,2023-06-27 14:52,KCVG 271452Z 27011KT 3SM HZ FEW016 BKN022 OVC030 21/18 A2983 RMK AO2 SFC VIS 4 SLP092 BINOVC T02110183 50007
CVG,2023-06-27 15:52,KCVG 271552Z 28013KT 3SM HZ FEW021 FEW027 OVC039 22/18 A2985 RMK AO2 SFC VIS 5 SLP099 T02170178
CVG,2023-06-27 16:52,KCVG 271652Z 30012KT 3SM HZ SCT026 OVC042 22/18 A2986 RMK AO2 SFC VIS 4 SLP101 T02220178
CVG,2023-06-27 17:52,KCVG 271752Z 32016G23KT 3SM HZ OVC045 23/17 A2985 RMK AO2 SFC VIS 4 SLP102 T02280172 10228 20178 50009
CVG,2023-06-27 18:52,KCVG 271852Z 30012G20KT 3SM HZ OVC041 22/17 A2987 RMK AO2 SFC VIS 4 SLP107 T02220167
CVG,2023-06-27 19:52,KCVG 271952Z 31013KT 3SM HZ OVC042 23/17 A2988 RMK AO2 SLP109 T02280172
CVG,2023-06-27 20:52,KCVG 272052Z 30013G21KT 3SM HZ BKN040 24/17 A2988 RMK AO2 SFC VIS 4 SLP111 T02390167 51009
CVG,2023-06-27 21:52,KCVG 272152Z 30009KT 3SM HZ OVC043 23/17 A2989 RMK AO2 SFC VIS 4 SLP114 T02280167
CVG,2023-06-27 22:52,KCVG 272252Z 32010G17KT 3SM HZ FEW032 OVC043 23/17 A2989 RMK AO2 SFC VIS 4 SLP113 BINOVC OHD T02330172
CVG,2023-06-27 23:52,KCVG 272352Z 35008KT 3SM HZ FEW032 BKN040 23/17 A2989 RMK AO2 SFC VIS 4 SLP113 T02280172 10244 20222 50002
CVG,2023-06-28 00:52,KCVG 280052Z 33005KT 3SM HZ BKN039 22/17 A2990 RMK AO2 SFC VIS 4 SLP117 T02170167
CVG,2023-06-28 01:52,KCVG 280152Z 32006KT 3SM HZ SCT040 20/17 A2992 RMK AO2 SLP123 T02000167
CVG,2023-06-28 02:52,KCVG 280252Z 35007KT 3SM HZ OVC038 19/17 A2993 RMK AO2 SLP128 T01940167 53015
CVG,2023-06-28 03:52,KCVG 280352Z 03007KT 3SM HZ OVC031 19/16 A2994 RMK AO2 SLP130 T01940161
CVG,2023-06-28 04:52,KCVG 280452Z 34004KT 2SM HZ OVC030 18/16 A2995 RMK AO2 SLP134 T01830156 402440167
CVG,2023-06-28 05:52,KCVG 280552Z 35005KT 2SM HZ SCT028 19/16 A2995 RMK AO2 SLP132 T01890156 10222 20183 50004
CVG,2023-06-28 06:52,KCVG 280652Z 32003KT 2SM BR FEW027 16/15 A2996 RMK AO2 SLP137 T01610150
CVG,2023-06-28 07:52,KCVG 280752Z 27003KT 1 1/4SM BR CLR 15/15 A2997 RMK AO2 SLP141 T01500150
CVG,2023-06-28 08:52,KCVG 280852Z 28004KT 1 1/4SM BR CLR 15/15 A2999 RMK AO2 SLP146 T01500150 53013
CVG,2023-06-28 09:52,KCVG 280952Z 01005KT 1 1/4SM BR CLR 16/15 A2999 RMK AO2 SLP146 T01610150
CVG,2023-06-28 10:52,KCVG 281052Z 36005KT 1SM R36C/P6000FT BR FEW002 16/16 A2999 RMK AO2 SLP149 T01610156
CVG,2023-06-28 11:52,KCVG 281152Z 02003KT 1SM R36C/P6000FT BR CLR 18/16 A3001 RMK AO2 SLP155 T01780161 10189 20144 53008
CVG,2023-06-28 12:52,KCVG 281252Z 00000KT 1 1/4SM HZ FU CLR 19/17 A3004 RMK AO2 SLP164 T01940167
CVG,2023-06-28 13:52,KCVG 281352Z 36003KT 1 1/2SM HZ FU CLR 21/17 A3004 RMK AO2 SLP166 T02110167
CVG,2023-06-28 14:52,KCVG 281452Z 07004KT 2SM HZ FU FEW020 22/17 A3004 RMK AO2 SLP165 T02220172 50010
CVG,2023-06-28 15:52,KCVG 281552Z 00000KT 2SM HZ FU FEW035 24/17 A3004 RMK AO2 SLP164 T02390167
CVG,2023-06-28 16:52,KCVG 281652Z 27003KT 2 1/2SM HZ FU CLR 25/17 A3002 RMK AO2 SLP157 T02500172
CVG,2023-06-28 17:52,KCVG 281752Z 00000KT 2 1/2SM HZ FU FEW240 27/18 A3002 RMK AO2 SLP155 T02720178 10272 20178 58008
CVG,2023-06-28 18:52,KCVG 281852Z 00000KT 2SM HZ FU FEW042 FEW240 27/17 A2999 RMK AO2 TWR VIS 2 1/2 SLP147 T02720172
CVG,2023-06-28 19:52,KCVG 281952Z 11007KT 2SM HZ FU BKN160 OVC210 27/17 A2998 RMK AO2 TWR VIS 2 1/2 SLP142 T02670167
CVG,2023-06-28 20:52,KCVG 282052Z 14007KT 2SM HZ FU FEW040 SCT150 BKN250 28/17 A2999 RMK AO2 TWR VIS 2 1/2 SLP147 T02780172 55009
CVG,2023-06-28 21:52,KCVG 282152Z 28008KT 2 1/2SM HZ FU FEW047 BKN250 27/19 A3000 RMK AO2 SLP150 T02670189
CVG,2023-06-28 22:52,KCVG 282252Z 26007KT 2 1/2SM HZ FU OVC250 27/19 A2999 RMK AO2 SLP147 T02670189
CVG,2023-06-28 23:52,KCVG 282352Z 25004KT 2 1/2SM HZ FU BKN250 26/19 A2999 RMK AO2 SLP146 T02560189 10283 20256 58001
CVG,2023-06-29 00:52,KCVG 290052Z 00000KT 2 1/2SM HZ FU BKN250 24/19 A2997 RMK AO2 SLP141 T02440189
CVG,2023-06-29 01:52,KCVG 290152Z 19004KT 2 1/2SM HZ FU FEW210 BKN250 23/18 A2998 RMK AO2 SLP143 T02280178
CVG,2023-06-29 02:52,KCVG 290252Z 17004KT 2 1/2SM HZ FU CLR 22/18 A2999 RMK AO2 SLP147 T02170178 53001
CVG,2023-06-29 03:52,KCVG 290352Z 19004KT 2 1/2SM HZ FU CLR 21/18 A3000 RMK AO2 SLP148 T02110178
CVG,2023-06-29 04:52,KCVG 290452Z 19004KT 2 1/2SM HZ FU CLR 21/18 A3001 RMK AO2 SLP152 T02060178 402830144
CVG,2023-06-29 05:52,KCVG 290552Z 19005KT 2 1/2SM BR FU CLR 20/18 A3001 RMK AO2 SLP153 T02000178 10256 20194 51006
CVG,2023-06-29 06:52,KCVG 290652Z 18005KT 2 1/2SM HZ FU FEW050 19/18 A3001 RMK AO2 SLP152 T01890178
CVG,2023-06-29 07:52,KCVG 290752Z 16004KT 2SM HZ FU CLR 19/17 A3000 RMK AO2 SLP150 T01940172
CVG,2023-06-29 08:52,KCVG 290852Z 16004KT 2SM HZ FU CLR 19/17 A3000 RMK AO2 SLP150 T01940167 57003
CVG,2023-06-29 09:52,KCVG 290952Z 19005KT 2SM HZ FU CLR 19/17 A3001 RMK AO2 SLP154 T01890172
CVG,2023-06-29 10:52,KCVG 291052Z 18004KT 2SM HZ FU SCT300 18/17 A3001 RMK AO2 SLP153 T01830172
CVG,2023-06-29 11:52,KCVG 291152Z 17008KT 2 1/2SM HZ FU FEW300 21/19 A3002 RMK AO2 SLP157 T02060189 10206 20183 51007
CVG,2023-06-29 12:52,KCVG 291252Z 16011KT 2 1/2SM HZ FU BKN300 23/19 A3002 RMK AO2 SLP156 T02280189
CVG,2023-06-29 13:52,KCVG 291352Z 18007KT 2 1/2SM HZ FU BKN300 23/19 A3004 RMK AO2 SLP163 T02330194
CVG,2023-06-29 14:52,KCVG 291452Z 21004KT 2 1/2SM HZ FU FEW065 OVC130 24/19 A3006 RMK AO2 PRESRR SLP170 VCSH W T02390194 53013
CVG,2023-06-29 15:52,KCVG 291552Z 14012KT 2 1/2SM HZ BKN033 BKN055 24/22 A2999 RMK AO2 RAB10E48 TSB1458E13 SLP146 TS DSPTD P0001 T02440217
CVG,2023-06-29 16:52,KCVG 291652Z 18012KT 2 1/2SM HZ FEW055 BKN300 26/21 A3000 RMK AO2 SLP150 T02610206
CVG,2023-06-29 17:52,KCVG 291752Z 19009KT 3SM HZ BKN300 28/21 A2999 RMK AO2 SLP146 60001 T02830211 10283 20211 56023
CVG,2023-06-29 18:52,KCVG 291852Z 16011G16KT 3SM HZ FEW035 BKN300 29/22 A2996 RMK AO2 SLP133 T02940217
CVG,2023-06-29 19:52,KCVG 291952Z 18008KT 3SM HZ FEW200 OVC300 29/22 A2998 RMK AO2 SLP141 T02940217
CVG,2023-06-29 20:52,KCVG 292052Z 27016KT 4SM HZ FEW050 BKN230 OVC300 29/22 A3006 RMK AO2 PRESRR SLP168 GRDL WSHFT 2027 CB DSNT W-NW T02890217 53022
CVG,2023-06-29 21:52,KCVG 292152Z 30012G25KT 9SM FEW042 SCT060 OVC090 26/17 A3009 RMK AO2 PK WND 25027/2130 RAB26E39 TSB29E52 SLP181 LTG DSNT N TS DSIPTD CB DSNT N-NE P0000 T02610172
CVG,2023-06-29 22:52,KCVG 292252Z 25011KT 10SM FEW060 FEW120 BKN190 OVC240 24/18 A3001 RMK AO2 PK WND 27026/2226 RAB04E16 PRESFR SLP152 VCSH SW-W P0000 T02440178
CVG,2023-06-29 23:52,KCVG 292352Z 17012KT 10SM -RA FEW060 FEW075 BKN100 OVC140 22/19 A2988 RMK AO2 RAB2259 SLP110 GRDL WSHFT 2323 P0000 60000 T02220189 10300 20222 58059
CVG,2023-06-30 00:52,KCVG 300052Z 20008KT 10SM FEW110 OVC150 22/19 A2991 RMK AO2 RAE2358 SLP120 VIRGA OHD AND E-SE P0000 T02220189
CVG,2023-06-30 01:52,KCVG 300152Z 28005KT 10SM FEW090 SCT110 OVC130 21/20 A2994 RMK AO2 RAB10E44 SLP131 P0000 T02110200
CVG,2023-06-30 02:52,KCVG 300252Z 30005KT 4SM VCTS FEW055 SCT070 BKN090 21/21 A2997 RMK AO2 LTG DSNT NE SLP140 OCNL LTGCGIC DSNT S-SW CB DSNT S-SW P0001 60001 T02060206 51029
CVG,2023-06-30 03:52,KCVG 300352Z 32006KT 6SM VCTS FEW043 SCT065 OVC090 20/20 A3001 RMK AO2 LTG DSNT SE AND W AND NW PRESRR SLP152 P0008 T02000200
CVG,2023-06-30 04:52,KCVG 300452Z 20003KT 5SM VCTS -RA BR SCT040 BKN075 BKN090 19/19 A3000 RMK AO2 LTG DSNT S RAB06 SLP150 P0008 T01940194 403000183
CVG,2023-06-30 05:52,KCVG 300552Z 11004KT 8SM BKN070 BKN095 OVC110 20/20 A2998 RMK AO2 LTG DSNT W AND NW RAE13 SLP141 P0002 60019 T02000200 10222 20194 50003
CVG,2023-06-30 06:52,KCVG 300652Z 19006KT 1SM R36C/4000VP6000FT +TSRA BR BKN055CB BKN070 OVC110 19/19 A3000 RMK AO2 LTG DSNT NE AND S RAB07E17B33 TSB32 SLP150 OCNL LTGIC SW-NW MOV SE P0019 T01940194
CVG,2023-06-30 07:52,KCVG 300752Z 20004KT 9SM OVC055 19/19 A2999 RMK AO2 LTG DSNT SE AND S RAE52 TSE20 SLP146 P0030 T01940194
CVG,2023-06-30 08:52,KCVG 300852Z 19008KT 7SM BKN055 BKN080 BKN100 20/20 A2999 RMK AO2 SLP144 60049 T02000200 50003
CVG,2023-06-30 09:52,KCVG 300952Z 19009KT 5SM BR OVC043 20/20 A2999 RMK AO2 SLP145 T02000200
CVG,2023-06-30 10:52,KCVG 301052Z 19008KT 10SM FEW036 SCT043 BKN055 20/20 A3000 RMK AO2 SLP150 T02000200
CVG,2023-06-30 11:52,KCVG 301152Z 19008KT 10SM BKN055 20/20 A3000 RMK AO2 SLP151 60049 70069 T02000200 10206 20189 53005
CVG,2023-06-30 12:52,KCVG 301252Z 20010KT 10SM SCT035 BKN200 22/21 A3001 RMK AO2 SLP152 T02170211
CVG,2023-06-30 13:52,KCVG 301352Z 20007KT 10SM SCT035 SCT200 24/22 A3001 RMK AO2 SLP152 T02390217
CVG,2023-06-30 14:52,KCVG 301452Z 21009KT 10SM SCT016 SCT035 24/22 A2999 RMK AO2 SLP147 T02440217 58003
CVG,2023-06-30 15:52,KCVG 301552Z 23008KT 10SM SCT019 BKN031 26/22 A3001 RMK AO2 SLP152 T02560222
CVG,2023-06-30 16:52,KCVG 301652Z VRB04KT 8SM SCT025 27/22 A2999 RMK AO2 SLP147 SCT V BKN T02720222
CVG,2023-06-30 17:52,KCVG 301752Z VRB06KT 8SM SCT026 28/23 A2999 RMK AO2 SLP145 T02830228 10283 20200 58000
CVG,2023-06-30 18:52,KCVG 301852Z 21009KT 8SM SCT028 SCT300 29/24 A2998 RMK AO2 SLP142 SCT028 V BKN T02940239
CVG,2023-06-30 19:52,KCVG 301952Z 21007KT 8SM SCT032 BKN300 29/23 A2999 RMK AO2 SLP145 T02890233
CVG,2023-06-30 20:52,KCVG 302052Z 24006KT 8SM BKN032 BKN300 29/23 A2999 RMK AO2 SLP145 T02890233 55000
CVG,2023-06-30 21:52,KCVG 302152Z 23004KT 7SM FEW033 FEW041 FEW250 BKN300 30/24 A2998 RMK AO2 SLP142 T03000239
CVG,2023-06-30 22:52,KCVG 302252Z 18006KT 7SM FEW041 FEW210 BKN300 29/23 A2993 RMK AO2 PRESFR SLP124 T02940233
CVG,2023-06-30 23:52,KCVG 302352Z 21004KT 7SM FEW038 FEW200 FEW300 29/24 A2994 RMK AO2 SLP126 T02890239 10306 20283 55019
CVG,2023-07-01 00:52,KCVG 010052Z 20008KT 6SM HZ BKN220 BKN300 27/23 A2995 RMK AO2 SLP133 T02720233
CVG,2023-07-01 01:52,KCVG 010152Z 19008KT 7SM FEW034 BKN230 26/23 A2996 RMK AO2 SLP133 T02610233
CVG,2023-07-01 02:52,KCVG 010252Z 20006KT 7SM FEW110 SCT200 25/23 A2996 RMK AO2 SLP134 T02500233 51007
CVG,2023-07-01 03:52,KCVG 010352Z 19005KT 7SM BKN110 24/23 A2996 RMK AO2 LTG DSNT N AND NW SLP135 T02440233
CVG,2023-07-01 04:52,KCVG 010452Z 02005KT 6SM TS BR BKN016CB BKN110 26/24 A3001 RMK AO2 PK WND 34035/0433 LTG DSNT ALQDS TSB39 SLP150 OCNL LTGICCC TS NW MOV SE T02560239 403060189
CVG,2023-07-01 05:52,KCVG 010552Z 17013KT 6SM -TSRA BR BKN110 24/24 A2995 RMK AO2 LTG DSNT ALQDS RAB39 TSE0454B0455B28 PRESFR SLP131 OCNL LTGICCC SW TS SW-W MOV SE P0001 60001 T02390239 10283 20239 58002
CVG,2023-07-01 06:52,KCVG 010652Z 31010G22KT 6SM TS BR SCT050CB BKN100 24/24 A2994 RMK AO2 WSHFT 0548 LTG DSNT ALQDS RAE19 TSE06B08 SLP127 OCNL LTGICCC NW MOV SE TS NW MOV SE P0001 T02440239
CVG,2023-07-01 07:52,KCVG 010752Z 20008KT 5SM +TSRA BR SCT048CB BKN070 OVC090 21/21 A2997 RMK AO2 LTG DSNT ALQDS RAB0655 SLP137 OCNL LTGICCC NW-OVHD TS OVHD MOV SE P0024 T02110206
CVG,2023-07-01 08:52,KCVG 010852Z 21009KT 7SM -TSRA SCT049CB SCT100 BKN120 21/20 A2996 RMK AO2 LTG DSNT ALQDS TSE34B38 SLP135 OCNL LTGICCC S TS S MOV SE P0007 60032 T02060200 53003
CVG,2023-07-01 09:52,KCVG 010952Z 17009KT 6SM -RA BR OVC110 20/20 A2992 RMK AO2 LTG DSNT SW TSE02 SLP122 P0005 T02000200
CVG,2023-07-01 10:52,KCVG 011052Z 00000KT 8SM FEW070 BKN095 OVC120 21/20 A2996 RMK AO2 LTG DSNT NE AND E RAE0953 SLP134 P0000 T02110200
CVG,2023-07-01 11:52,KCVG 011152Z 23004KT 7SM FEW070 SCT100 OVC120 21/21 A2996 RMK AO2 SLP136 60037 70038 T02110211 10250 20200 53001
CVG,2023-07-01 12:52,KCVG 011252Z 21006KT 8SM SCT090 OVC150 21/21 A2998 RMK AO2 LTG DSNT SW AND W SLP143 T02060206
CVG,2023-07-01 13:52,KCVG 011352Z COR 17004KT 5SM TSRA BR SCT100CB OVC120 21/21 A2999 RMK AO2 LTG DSNT S-NW SLP146 LTGCG SW MOV E TB50 TS SW MOV E P0003 T02060206
CVG,2023-07-01 14:52,KCVG 011452Z 28004KT 5SM -RA BR FEW100 OVC110 21/21 A3001 RMK AO2 SLP153 TSE19 MOV E P0005 60008 T02110211 53016
CVG,2023-07-01 15:52,KCVG 011552Z 24004KT 5SM -RA BR BKN012 BKN080 OVC110 21/21 A3007 RMK AO2 SLP174 P0003 T02110211
CVG,2023-07-01 16:52,KCVG 011652Z 17010KT 6SM BR SCT035 BKN090 OVC110 22/22 A2997 RMK AO2 RAE42 SLP140 P0000 T02170217
CVG,2023-07-01 17:52,KCVG 011752Z 17010KT 8SM SCT040 OVC200 22/22 A2994 RMK AO2 SLP130 60011 T02220217 10222 20206 58023
CVG,2023-07-01 18:52,KCVG 011852Z 20011KT 10SM FEW020 SCT085 BKN100 OVC250 25/23 A2994 RMK AO2 SLP129 BINOVC T02500228
CVG,2023-07-01 19:52,KCVG 011952Z 20006KT 10SM FEW015 SCT100 OVC220 26/22 A2993 RMK AO2 SLP124 BINOVC T02560217
CVG,2023-07-01 20:52,KCVG 012052Z 21009G17KT 10SM SCT100 BKN220 OVC250 27/22 A2991 RMK AO2 SLP119 BINOVC T02670222 58011
CVG,2023-07-01 21:52,KCVG 012152Z 22008KT 10SM SCT025 SCT095 BKN210 28/23 A2989 RMK AO2 SLP110 T02830233
CVG,2023-07-01 22:52,KCVG 012252Z 21007KT 10SM SCT027 SCT095 BKN210 28/23 A2985 RMK AO2 SLP097 T02780233
CVG,2023-07-01 23:52,KCVG 012352Z 20004KT 10SM FEW027 BKN031 BKN150 OVC220 27/24 A2986 RMK AO2 SLP100 T02670239 10283 20222 55018
CVG,2023-07-02 00:52,KCVG 020052Z 00000KT 10SM BKN025 OVC035 26/24 A2987 RMK AO2 SLP106 T02610239
CVG,2023-07-02 01:52,KCVG 020152Z 18005KT 9SM BKN043 OVC055 25/24 A2988 RMK AO2 SLP109 T02500239
CVG,2023-07-02 02:52,KCVG 020252Z 18007KT 8SM FEW024 SCT029 OVC039 26/24 A2988 RMK AO2 LTG DSNT SW-NW SLP109 T02560239 51009
CVG,2023-07-02 03:52,KCVG 020352Z 24005KT 7SM -TSRA SCT049CB BKN070 BKN120 22/21 A2988 RMK AO2 PK WND 26030/0315 WSHFT 0310 LTG DSNT NW-E RAB14 TSE0257B02E39B41 SLP109 OCNL LTGICCC NE TS NE MOV NE P0003 T02170206
CVG,2023-07-02 04:52,KCVG 020452Z 23006KT 10SM -RA FEW110 BKN200 21/20 A2986 RMK AO2 RAE0357B49 TSE0356 SLP102 P0000 T02110200 402830200
CVG,2023-07-02 05:52,KCVG 020552Z 21007KT 10SM -RA FEW110 OVC170 21/20 A2983 RMK AO2 RAE0458B43 SLP094 P0000 60003 T02110200 10267 20211 58017
CVG,2023-07-02 06:52,KCVG 020652Z 18008KT 10SM SCT050 BKN170 21/20 A2983 RMK AO2 RAE0555 SLP091 P0000 T02110200
CVG,2023-07-02 07:52,KCVG 020752Z 21012G18KT 9SM FEW050 OVC170 22/21 A2981 RMK AO2 SLP083 T02170206
CVG,2023-07-02 08:52,KCVG 020852Z 22007KT 10SM BKN170 22/21 A2982 RMK AO2 SLP087 60000 T02170206 55004
CVG,2023-07-02 09:52,KCVG 020952Z 23008KT 10SM FEW065 BKN170 21/20 A2983 RMK AO2 SLP089 T02110200
CVG,2023-07-02 10:52,KCVG 021052Z 21008KT 6SM -RA BR FEW016 SCT055 21/21 A2984 RMK AO2 RAB39 SLP094 P0000 T02110206
CVG,2023-07-02 11:52,KCVG 021152Z 21008KT 7SM FEW007 SCT060 OVC200 21/21 A2986 RMK AO2 RAE23 SLP100 P0001 60001 70015 T02110211 10217 20211 53012
CVG,2023-07-02 12:52,KCVG 021252Z 22009KT 7SM BKN006 OVC007 22/22 A2987 RMK AO2 SLP106 T02170217 $
CVG,2023-07-02 13:52,KCVG 021352Z 21006KT 10SM BKN007 OVC009 23/22 A2986 RMK AO2 SLP102 T02280217 $
CVG,2023-07-02 14:52,KCVG 021452Z 20010KT 9SM SCT010 BKN012 BKN014 24/22 A2986 RMK AO2 SLP100 T02440222 50000
CVG,2023-07-02 15:52,KCVG 021552Z 21011KT 8SM SCT012 BKN014 26/23 A2986 RMK AO2 SLP102 T02560228
CVG,2023-07-02 16:52,KCVG 021652Z 21010KT 8SM SCT019 OVC023 27/23 A2986 RMK AO2 SLP099 T02720233
CVG,2023-07-02 17:52,KCVG 021752Z 22011KT 7SM BKN023 BKN032 BKN039 28/24 A2985 RMK AO2 SLP098 T02830239 10283 20211 58002
CVG,2023-07-02 18:52,KCVG 021852Z 20010KT 10SM SCT025 BKN035 BKN045 27/23 A2984 RMK AO2 LTG DSNT SW-NW SLP092 T02720233
CVG,2023-07-02 19:52,KCVG 021952Z 33005KT 10SM VCTS SCT030 BKN044 BKN055 26/19 A2983 RMK AO2 LTG DSNT ALQDS RAB09E13B24E45 TSB25 CIG 028 36R SLP093 TS SE MOV NE P0000 T02560189
CVG,2023-07-02 20:52,KCVG 022052Z 18010KT 10SM BKN038 BKN045 BKN220 BKN250 27/21 A2981 RMK AO2 LTG DSNT E-S TSB04E19 SLP084 TS SE MOV NE 60000 T02720211 58008
CVG,2023-07-02 21:52,KCVG 022152Z 21006KT 10SM SCT120 BKN160 BKN220 26/22 A2981 RMK AO2 LTG DSNT W-N SLP084 T02610217
CVG,2023-07-02 22:52,KCVG 022252Z 29010KT 10SM TS BKN026CB BKN050 BKN140 BKN220 26/23 A2982 RMK AO2 LTG DSNT NE AND W RAB2153E12 TSB47 SLP087 OCNL LTGIC N TS N MOV NE P0000 T02560233
CVG,2023-07-02 23:52,KCVG 022352Z 31004KT 10SM -TSRA FEW029CB SCT070 BKN085 BKN160 BKN240 23/22 A2980 RMK AO2 LTG DSNT E RAB33 TSE18B43 SLP082 OCNL LTGIC SW TS SW MOV NE P0002 60002 T02330222 10289 20228 58002
CVG,2023-07-03 00:52,KCVG 030052Z 18004KT 10SM SCT055 BKN110 BKN150 BKN240 22/22 A2980 RMK AO2 RAE11 TSE11 SLP083 TS E MOV NE P0000 T02220217
CVG,2023-07-03 01:52,KCVG 030152Z 18010KT 10SM FEW025 SCT055 BKN150 BKN240 22/22 A2982 RMK AO2 SLP088 T02220222
CVG,2023-07-03 02:52,KCVG 030252Z 19011KT 9SM BKN034 BKN250 21/21 A2983 RMK AO2 SLP093 60000 T02110206 53011
CVG,2023-07-03 03:52,KCVG 030352Z 20009KT 10SM BKN032 20/20 A2985 RMK AO2 SLP099 T02000200
CVG,2023-07-03 04:52,KCVG 030452Z 20007KT 10SM FEW110 19/19 A2985 RMK AO2 SLP098 T01940194 402890194
CVG,2023-07-03 05:52,KCVG 030552Z 19005KT 9SM FEW045 BKN090 19/19 A2985 RMK AO2 SLP097 60000 T01940194 10239 20194 50004
CVG,2023-07-03 06:52,KCVG 030652Z 20006KT 9SM BKN040 BKN050 OVC085 20/20 A2984 RMK AO2 SLP093 T02000200
CVG,2023-07-03 07:52,KCVG 030752Z 22007KT 8SM FEW004 SCT023 BKN060 20/20 A2983 RMK AO2 SLP092 T02000200
CVG,2023-07-03 08:52,KCVG 030852Z 21007KT 8SM OVC008 21/21 A2982 RMK AO2 SLP089 T02060206 56008
CVG,2023-07-03 09:52,KCVG 030952Z 22005KT 5SM -RA BR OVC006 21/21 A2984 RMK AO2 RAB27 SLP094 P0000 T02060206
CVG,2023-07-03 10:52,KCVG 031052Z 22006KT 7SM OVC008 21/21 A2986 RMK AO2 RAE0956 SLP103 P0000 T02060206
CVG,2023-07-03 11:52,KCVG 031152Z 21004KT 8SM SCT009 OVC014 21/21 A2987 RMK AO2 SLP107 60000 70002 T02110211 10211 20194 51017
CVG,2023-07-03 12:52,KCVG 031252Z 23008KT 8SM SCT010 BKN016 OVC028 22/22 A2989 RMK AO2 SLP113 BINOVC T02170217
CVG,2023-07-03 13:52,KCVG 031352Z 27008KT 10SM SCT014 BKN019 BKN050 23/22 A2990 RMK AO2 SLP115 T02330217
CVG,2023-07-03 14:52,KCVG 031452Z 26005KT 10SM SCT016 BKN024 OVC043 23/21 A2990 RMK AO2 SLP117 T02330211 51010
CVG,2023-07-03 15:52,KCVG 031552Z 25009KT 9SM SCT018 BKN031 OVC050 24/21 A2991 RMK AO2 SLP120 T02390211
CVG,2023-07-03 16:52,KCVG 031652Z 27010KT 7SM -RA SCT024 BKN034 OVC060 23/21 A2992 RMK AO2 RAB35 SLP124 P0000 T02330211
CVG,2023-07-03 17:52,KCVG 031752Z 29012G20KT 9SM FEW022 SCT043 BKN055 24/21 A2992 RMK AO2 RAE1655 SLP124 MDT CU W P0000 60000 T02440206 10250 20211 51007
CVG,2023-07-03 18:52,KCVG 031852Z 27011KT 9SM FEW033 BKN046 BKN055 25/22 A2993 RMK AO2 RAB1755E11 SLP124 MDT CU NW-N P0002 T02500217
CVG,2023-07-03 19:52,KCVG 031952Z 29013KT 10SM SCT030 BKN055 BKN070 26/21 A2992 RMK AO2 SLP123 MDT CU N AND SW T02610206
CVG,2023-07-03 20:52,KCVG 032052Z 31011KT 10SM FEW033 SCT060 28/21 A2991 RMK AO2 SLP119 60002 T02830211 58003
CVG,2023-07-03 21:52,KCVG 032152Z 29009KT 10SM SCT036 SCT049 27/21 A2991 RMK AO2 SLP119 MDT CU OHD-W AND DSNT N T02720206
CVG,2023-07-03 22:52,KCVG 032252Z 29007KT 10SM SCT040TCU SCT055 SCT300 27/22 A2991 RMK AO2 SLP118 TCU OHD MDT CU S T02720217
CVG,2023-07-03 23:52,KCVG 032352Z 28007KT 10SM FEW040TCU FEW065 SCT300 27/21 A2992 RMK AO2 SLP122 TCU E-SE 60002 T02720211 10283 20222 53003
CVG,2023-07-04 00:52,KCVG 040052Z 27005KT 9SM FEW040 FEW070 FEW130 BKN300 25/21 A2994 RMK AO2 SLP128 TCU DSNT N AND E T02500211
CVG,2023-07-04 01:52,KCVG 040152Z 27005KT 9SM FEW045TCU FEW120 FEW300 23/21 A2994 RMK AO2 SLP129 TCU N-NE T02330206
CVG,2023-07-04 02:52,KCVG 040252Z 31003KT 6SM HZ SCT300 23/21 A2998 RMK AO2 SLP141 T02330206 53018
CVG,2023-07-04 03:52,KCVG 040352Z 00000KT 8SM SCT300 22/21 A2997 RMK AO2 SLP140 T02170206
CVG,2023-07-04 04:52,KCVG 040452Z 23004KT 6SM BR SCT300 22/21 A3000 RMK AO2 SLP150 T02170206 402830194
CVG,2023-07-04 05:52,KCVG 040552Z 00000KT 6SM BR BKN090 22/21 A3000 RMK AO2 SLP148 T02170206 10272 20206 50007
CVG,2023-07-04 06:52,KCVG 040652Z 28006KT 7SM OVC110 22/21 A2999 RMK AO2 SLP147 T02170211
CVG,2023-07-04 07:52,KCVG 040752Z 27006KT 6SM BR BKN110 22/21 A2999 RMK AO2 SLP147 T02170211
CVG,2023-07-04 08:52,KCVG 040852Z 22004KT 7SM FEW075 OVC110 21/21 A3000 RMK AO2 SLP148 T02110206 53001
CVG,2023-07-04 09:52,KCVG 040952Z 00000KT 6SM BR SCT100 BKN300 21/21 A3000 RMK AO2 SLP151 T02060206
CVG,2023-07-04 10:52,KCVG 041052Z 27004KT 6SM BR FEW110 BKN300 21/21 A3002 RMK AO2 SLP154 T02060206
CVG,2023-07-04 11:52,KCVG 041152Z 00000KT 7SM BKN300 22/21 A3003 RMK AO2 SLP160 PTCHY MIFG SW W 70002 T02170211 10222 20200 53011
CVG,2023-07-04 12:52,KCVG 041252Z 30003KT 10SM BKN300 24/21 A3005 RMK AO2 SLP166 T02440206
CVG,2023-07-04 13:52,KCVG 041352Z 28004KT 10SM BKN300 26/20 A3006 RMK AO2 SLP170 T02560200
CVG,2023-07-04 14:52,KCVG 041452Z 27005KT 10SM BKN300 27/20 A3007 RMK AO2 SLP170 T02670200 51010
CVG,2023-07-04 15:52,KCVG 041552Z 26006KT 10SM FEW034 BKN300 28/21 A3007 RMK AO2 SLP172 T02830206
CVG,2023-07-04 16:52,KCVG 041652Z VRB03KT 10SM SCT041 BKN300 29/21 A3006 RMK AO2 SLP169 MDT CU SW T02890206
CVG,2023-07-04 17:52,KCVG 041752Z 31004KT 10SM FEW042 SCT050CB BKN300 29/21 A3005 RMK AO2 SLP162 CB SW MOV ESE CB DSNT S T02940211 10300 20217 58007
CVG,2023-07-04 18:52,KCVG 041852Z 22009KT 8SM FEW039TCU FEW055 BKN080 BKN300 29/22 A3004 RMK AO2 SLP160 TCU E CB DSIPTD T02890222
CVG,2023-07-04 19:52,KCVG 041952Z VRB04KT 8SM FEW040TCU FEW085 SCT150 BKN300 30/21 A3002 RMK AO2 LTG DSNT S SLP155 TCU N CB DSNT SW T03000206
CVG,2023-07-04 20:52,KCVG 042052Z 27005KT 9SM FEW042TCU FEW080 SCT150 BKN300 30/21 A3001 RMK AO2 LTG DSNT SW AND W SLP152 TCU NE-E CB DSNT SW T03000211 58010
CVG,2023-07-04 21:52,KCVG 042152Z 22006KT 9SM TS FEW030 FEW048CB SCT100 BKN150 BKN300 27/22 A3003 RMK AO2 SLP158 TSB31 OCNL LTGICCG E-SE TS E-SE MOV W VCSH E T02670217
CVG,2023-07-04 22:52,KCVG 042252Z 21003KT 9SM FEW043 SCT110 SCT240 BKN300 27/21 A3001 RMK AO2 TSE14 SLP151 WSHFT 2159 TS DSIPTD TCU DSNT SE T02720206
CVG,2023-07-04 23:52,KCVG 042352Z 18005KT 9SM FEW130 FEW250 BKN300 26/21 A3001 RMK AO2 SLP154 T02560211 10311 20256 58000
CVG,2023-07-05 00:52,KCVG 050052Z 18005KT 9SM FEW140 SCT250 OVC300 24/20 A3003 RMK AO2 SLP157 T02440200
CVG,2023-07-05 01:52,KCVG 050152Z 00000KT 9SM FEW140 FEW250 BKN300 23/21 A3003 RMK AO2 SLP157 T02330206
CVG,2023-07-05 02:52,KCVG 050252Z 00000KT 7SM FEW140 SCT300 23/21 A3005 RMK AO2 SLP165 T02330206 53013
CVG,2023-07-05 03:52,KCVG 050352Z 19004KT 3SM HZ FEW140 23/21 A3005 RMK AO2 SLP166 T02280206
CVG,2023-07-05 04:52,KCVG 050452Z 00000KT 3SM HZ FEW140 23/21 A3006 RMK AO2 SLP167 T02280211 403110200
CVG,2023-07-05 05:52,KCVG 050552Z 00000KT 3SM HZ SCT300 22/21 A3005 RMK AO2 SLP165 T02220211 10256 20211 50000
CVG,2023-07-05 06:52,KCVG 050652Z 21003KT 3SM HZ SCT300 22/21 A3005 RMK AO2 SLP163 T02170206
CVG,2023-07-05 07:52,KCVG 050752Z 00000KT 6SM BR BKN250 22/21 A3004 RMK AO2 SLP161 T02220206
CVG,2023-07-05 08:52,KCVG 050852Z 00000KT 5SM BR BKN250 21/21 A3004 RMK AO2 SLP160 T02110206 56005
CVG,2023-07-05 09:52,KCVG 050952Z 00000KT 6SM BR FEW250 21/21 A3004 RMK AO2 SLP163 T02060206
CVG,2023-07-05 10:52,KCVG 051052Z 00000KT 6SM BR FEW080 FEW250 21/21 A3006 RMK AO2 SLP168 T02060206
CVG,2023-07-05 11:52,KCVG 051152Z 00000KT 7SM FEW210 22/22 A3007 RMK AO2 SLP171 T02220217 10222 20200 53009
CVG,2023-07-05 12:52,KCVG 051252Z 24005KT 10SM CLR 25/22 A3006 RMK AO2 SLP170 T02500217
CVG,2023-07-05 13:52,KCVG 051352Z 00000KT 10SM FEW200 28/22 A3006 RMK AO2 SLP168 T02780222
CVG,2023-07-05 14:52,KCVG 051452Z 09004KT 10SM FEW028 29/22 A3004 RMK AO2 SLP162 T02890217 58007
CVG,2023-07-05 15:52,KCVG 051552Z VRB04KT 10SM SCT039 31/21 A3004 RMK AO2 SLP162 T03060211
CVG,2023-07-05 16:52,KCVG 051652Z VRB05KT 10SM FEW041 SCT055 31/22 A3003 RMK AO2 SLP158 MDT CU N T03060217
CVG,2023-07-05 17:52,KCVG 051752Z VRB05KT 10SM SCT048 BKN065 31/21 A3003 RMK AO2 SLP157 MDT CU NW-N T03060211 10311 20222 58005
CVG,2023-07-05 18:52,KCVG 051852Z 23009KT 8SM FEW050 FEW060 32/20 A3003 RMK AO2 SLP156 MDT CU NE-SE T03170200
CVG,2023-07-05 19:52,KCVG 051952Z 25007KT 9SM FEW050 FEW065 FEW300 32/21 A3001 RMK AO2 LTG DSNT NE SLP151 MDT CU E CB DSNT NE T03170206
CVG,2023-07-05 20:52,KCVG 052052Z 23008KT 9SM FEW048 FEW300 32/21 A2997 RMK AO2 LTG DSNT NE SLP138 CB DSNT NE T03170206 58018
CVG,2023-07-05 21:52,KCVG 052152Z 00000KT 9SM FEW050 FEW160 FEW300 31/20 A2994 RMK AO2 SLP128 T03110200
CVG,2023-07-05 22:52,KCVG 052252Z 24005KT 9SM FEW050 FEW200 SCT300 31/19 A2994 RMK AO2 SLP128 MDT CU E T03060194
CVG,2023-07-05 23:52,KCVG 052352Z 22006KT 8SM FEW055 FEW220 BKN300 29/21 A2995 RMK AO2 SLP131 T02940211 10322 20294 55006
CVG,2023-07-06 00:52,KCVG 060052Z 25004KT 9SM FEW055 FEW220 BKN300 28/21 A2998 RMK AO2 SLP140 T02830206
CVG,2023-07-06 01:52,KCVG 060152Z 19003KT 9SM FEW200 OVC300 26/21 A2998 RMK AO2 SLP141 T02560211
CVG,2023-07-06 02:52,KCVG 060252Z 21004KT 9SM BKN300 26/21 A2999 RMK AO2 SLP144 T02560211 51012
CVG,2023-07-06 03:52,KCVG 060352Z 20004KT 8SM BKN300 24/22 A2998 RMK AO2 SLP141 T02390217
CVG,2023-07-06 04:52,KCVG 060452Z 19005KT 8SM BKN300 23/21 A2998 RMK AO2 SLP139 T02330211 403220200
CVG,2023-07-06 05:52,KCVG 060552Z 20004KT 8SM BKN300 23/22 A2996 RMK AO2 SLP133 T02330217 10294 20228 58010
CVG,2023-07-06 06:52,KCVG 060652Z 19006KT 7SM SCT300 23/22 A2995 RMK AO2 SLP130 T02280217
CVG,2023-07-06 07:52,KCVG 060752Z 20006KT 7SM SCT300 23/22 A2995 RMK AO2 SLP130 T02280222
CVG,2023-07-06 08:52,KCVG 060852Z 20006KT 7SM FEW035 BKN300 22/22 A2995 RMK AO2 SLP129 T02220217 56005
CVG,2023-07-06 09:52,KCVG 060952Z 19003KT 7SM BKN300 22/22 A2994 RMK AO2 SLP127 T02220217
CVG,2023-07-06 10:52,KCVG 061052Z 22005KT 10SM -TSRA SCT030CB BKN110 BKN200 23/22 A2995 RMK AO2 RAB45 TSB46 SLP130 OCNL LTGIC SW TS SW MOV NE P0000 T02280217
CVG,2023-07-06 11:52,KCVG 061152Z 20005KT 10SM FEW055 SCT085 BKN150 OVC220 23/22 A2993 RMK AO2 RAE30 TSE12 SLP125 BINOVC P0017 60017 70017 T02280222 10233 20217 58004
CVG,2023-07-06 12:52,KCVG 061252Z 19006KT 10SM BKN150 BKN180 BKN220 24/23 A2994 RMK AO2 LTG DSNT SW SLP126 T02440233
CVG,2023-07-06 13:52,KCVG 061352Z 22010G16KT 10SM FEW016 SCT049 BKN090 BKN150 OVC220 25/23 A2995 RMK AO2 LTG DSNT S CIG 055 36R SLP131 T02500233
CVG,2023-07-06 14:52,KCVG 061452Z 18008KT 10SM FEW075 FEW100 BKN180 OVC250 26/23 A2995 RMK AO2 SLP130 T02560233 50005
CVG,2023-07-06 15:52,KCVG 061552Z 24007KT 200V270 10SM FEW040 SCT090 BKN180 OVC250 27/23 A2993 RMK AO2 SLP125 T02720228
CVG,2023-07-06 16:52,KCVG 061652Z 22011KT 10SM SCT023 SCT030 BKN180 OVC250 28/23 A2993 RMK AO2 SLP124 T02830233
CVG,2023-07-06 17:52,KCVG 061752Z 25012G19KT 10SM FEW027 SCT034 BKN200 29/23 A2992 RMK AO2 SLP119 T02890233 10289 20228 56010
CVG,2023-07-06 18:52,KCVG 061852Z 26009KT 9SM SCT038 SCT070 BKN300 30/23 A2991 RMK AO2 SLP118 MDT CU ALQDS T03000228
CVG,2023-07-06 19:52,KCVG 061952Z 28011KT 10SM FEW037 FEW075 SCT300 30/22 A2990 RMK AO2 SLP115 MDT CU N-NE AND E-S T03000222
CVG,2023-07-06 20:52,KCVG 062052Z 28012KT 10SM SCT041 SCT300 30/22 A2990 RMK AO2 SLP112 MDT CU OHD-N-NE T03000217 58007
CVG,2023-07-06 21:52,KCVG 062152Z 29012KT 10SM FEW041 SCT300 30/22 A2989 RMK AO2 SLP110 MDT CU DSNT E-SE T03000222
CVG,2023-07-06 22:52,KCVG 062252Z 32012KT 10SM FEW042 SCT300 29/21 A2990 RMK AO2 SLP111 TCU DSNT E T02890211
CVG,2023-07-06 23:52,KCVG 062352Z 30011KT 10SM FEW039 SCT300 29/21 A2990 RMK AO2 SLP112 T02890211 10306 20278 55000
CVG,2023-07-07 00:52,KCVG 070052Z 31009KT 10SM FEW038 SCT300 27/21 A2991 RMK AO2 SLP115 T02720206
CVG,2023-07-07 01:52,KCVG 070152Z 27005KT 10SM SCT041 BKN300 25/21 A2993 RMK AO2 SLP124 T02500211
CVG,2023-07-07 02:52,KCVG 070252Z 34006KT 10SM BKN044 BKN300 26/21 A2994 RMK AO2 SLP128 T02560211 53015
CVG,2023-07-07 03:52,KCVG 070352Z 35008KT 9SM SCT300 24/21 A2995 RMK AO2 SLP129 T02440211
CVG,2023-07-07 04:52,KCVG 070452Z 35006KT 9SM BKN300 24/21 A2994 RMK AO2 SLP127 T02390206 403060217
CVG,2023-07-07 05:52,KCVG 070552Z 34005KT 10SM BKN300 23/20 A2994 RMK AO2 SLP128 T02330200 10289 20233 53001
CVG,2023-07-07 06:52,KCVG 070652Z 34005KT 10SM BKN300 22/19 A2995 RMK AO2 SLP129 T02220194
CVG,2023-07-07 07:52,KCVG 070752Z 34003KT 10SM BKN300 22/19 A2995 RMK AO2 SLP131 T02170194
CVG,2023-07-07 08:52,KCVG 070852Z 33005KT 10SM BKN300 21/19 A2995 RMK AO2 SLP132 T02060189 52003
CVG,2023-07-07 09:52,KCVG 070952Z 33006KT 10SM BKN300 21/18 A2996 RMK AO2 SLP135 T02060183
CVG,2023-07-07 10:52,KCVG 071052Z 35005KT 10SM SCT180 BKN250 20/18 A2997 RMK AO2 SLP139 T02000178
CVG,2023-07-07 11:52,KCVG 071152Z 34007KT 10SM FEW150 SCT180 OVC250 21/18 A2998 RMK AO2 SLP141 BINOVC T02110183 10228 20200 51008
CVG,2023-07-07 12:52,KCVG 071252Z 35007KT 10SM FEW150 SCT180 BKN250 22/18 A2999 RMK AO2 SLP146 T02220183
CVG,2023-07-07 13:52,KCVG 071352Z VRB03KT 10SM FEW150 SCT180 BKN250 23/18 A2999 RMK AO2 SLP145 T02330183
CVG,2023-07-07 14:52,KCVG 071452Z COR 330/06 10SM FEW180 SCT250 26/18 A2998 RMK AO2 SLP142 T02560183 50002
CVG,2023-07-07 15:52,KCVG 071552Z 29006KT 10SM FEW180 SCT250 27/17 A3000 RMK AO2 SLP146 T02720172
CVG,2023-07-07 16:52,KCVG 071652Z 00000KT 10SM FEW035 FEW250 28/16 A2999 RMK AO2 SLP143 T02830161
CVG,2023-07-07 17:52,KCVG 071752Z 00000KT 10SM FEW035 FEW250 29/16 A2998 RMK AO2 SLP139 T02890161 10289 20211 58003
CVG,2023-07-07 18:52,KCVG 071852Z 00000KT 10SM FEW055 29/14 A2996 RMK AO2 SLP134 T02890144
CVG,2023-07-07 19:52,KCVG 071952Z 26007KT 10SM FEW055 30/17 A2995 RMK AO2 SLP131 T03000167
CVG,2023-07-07 20:52,KCVG 072052Z 23005KT 10SM FEW060 FEW300 30/16 A2994 RMK AO2 SLP127 T03000156 57012
CVG,2023-07-07 21:52,KCVG 072152Z 28004KT 10SM FEW300 30/16 A2991 RMK AO2 SLP118 T03000156
CVG,2023-07-07 22:52,KCVG 072252Z 27009KT 10SM FEW300 29/17 A2991 RMK AO2 SLP117 T02890167
CVG,2023-07-07 23:52,KCVG 072352Z 27006KT 10SM SCT300 28/18 A2991 RMK AO2 SLP117 T02780178 10306 20278 56010
CVG,2023-07-08 00:52,KCVG 080052Z 28005KT 10SM BKN300 25/18 A2991 RMK AO2 SLP120 T02500178
CVG,2023-07-08 01:52,KCVG 080152Z 28003KT 10SM BKN300 24/17 A2992 RMK AO2 SLP121 T02390167
CVG,2023-07-08 02:52,KCVG 080252Z 01003KT 10SM CLR 25/16 A2993 RMK AO2 SLP123 T02500161 53007
CVG,2023-07-08 03:52,KCVG 080352Z 00000KT 10SM CLR 23/17 A2993 RMK AO2 SLP123 T02330167
CVG,2023-07-08 04:52,KCVG 080452Z 00000KT 10SM FEW250 20/17 A2993 RMK AO2 SLP126 T02000172 403060200
CVG,2023-07-08 05:52,KCVG 080552Z 17005KT 9SM BKN250 20/17 A2991 RMK AO2 SLP118 T02000172 10278 20200 58006
CVG,2023-07-08 06:52,KCVG 080652Z 00000KT 9SM OVC250 23/17 A2990 RMK AO2 SLP114 T02280172
CVG,2023-07-08 07:52,KCVG 080752Z 16003KT 9SM OVC250 22/17 A2990 RMK AO2 SLP115 T02170172
CVG,2023-07-08 08:52,KCVG 080852Z 19004KT 10SM OVC250 21/17 A2989 RMK AO2 SLP108 T02110172 58008
CVG,2023-07-08 09:52,KCVG 080952Z 21003KT 9SM OVC250 20/18 A2989 RMK AO2 SLP109 T02000178
CVG,2023-07-08 10:52,KCVG 081052Z 18004KT 7SM BKN210 OVC230 20/17 A2989 RMK AO2 SLP111 T02000172
CVG,2023-07-08 11:52,KCVG 081152Z 19007KT 7SM SCT200 SCT230 22/18 A2989 RMK AO2 SLP110 T02170183 10233 20194 50001
CVG,2023-07-08 12:52,KCVG 081252Z 21005KT 8SM FEW190 SCT250 24/19 A2989 RMK AO2 SLP109 T02440189
CVG,2023-07-08 13:52,KCVG 081352Z 21008KT 9SM SCT180 OVC250 25/18 A2990 RMK AO2 SLP113 T02500183
CVG,2023-07-08 14:52,KCVG 081452Z 21005KT 9SM TS BKN050 BKN065CB OVC090 24/19 A2990 RMK AO2 LTG DSNT W-N TSB42 SLP113 OCNL LTGICCC N TS W-NW MOV E T02390189 53002
CVG,2023-07-08 15:52,KCVG 081552Z 33005KT 2 1/2SM TSRA BR SCT050CB BKN060 OVC080 19/19 A2994 RMK AO2 PK WND 31029/1516 WSHFT 1512 LTG DSNT ALQDS RAB18 TSE20B30 SLP131 OCNL LTGICCC NE SW TS E MOV E P0014 T01940194
CVG,2023-07-08 16:52,KCVG 081652Z 14015KT 2SM -TSRA BR FEW070 BKN090CB OVC110 19/19 A2989 RMK AO2 LTG DSNT S-W PRESFR SLP114 OCNL LTGICCC NE S TS SE MOV E P0021 T01890189
CVG,2023-07-08 17:52,KCVG 081752Z 17006KT 10SM SCT012 BKN130 OVC200 21/19 A2989 RMK AO2 RAE18 TSE08 SLP113 P0005 60040 T02060194 10250 20183 58003
CVG,2023-07-08 18:52,KCVG 081852Z 19004KT 10SM FEW025 BKN120 OVC170 22/21 A2985 RMK AO2 SLP099 BINOVC T02220206
CVG,2023-07-08 19:52,KCVG 081952Z 17003KT 10SM FEW025 BKN120 BKN250 25/21 A2984 RMK AO2 SLP093 T02500211
CVG,2023-07-08 20:52,KCVG 082052Z 21005KT 10SM FEW025 SCT055 BKN120 BKN250 26/22 A2983 RMK AO2 SLP093 T02610217 56018
CVG,2023-07-08 21:52,KCVG 082152Z 21004KT 10SM SCT025 BKN038 BKN045 BKN150 OVC220 25/21 A2982 RMK AO2 SLP087 BINOVC T02500211
CVG,2023-07-08 22:52,KCVG 082252Z 33005KT 9SM TS SCT024CB BKN075 OVC120 23/22 A2981 RMK AO2 LTG DSNT S AND SW RAB05E47 TSE07B09 SLP085 OCNL LTGIC S TS S MOV E P0000 T02330222
CVG,2023-07-08 23:52,KCVG 082352Z 17004KT 10SM SCT035 BKN060 BKN120 OVC220 23/22 A2983 RMK AO2 LTG DSNT E-SW SLP091 TS SE MOV E 60000 T02280222 10267 20206 53003
CVG,2023-07-09 00:52,KCVG 090052Z 00000KT 10SM FEW036 BKN060 BKN100 OVC220 22/21 A2983 RMK AO2 SLP091 T02220211
CVG,2023-07-09 01:52,KCVG 090152Z 00000KT 10SM SCT031 SCT044 OVC210 22/21 A2984 RMK AO2 SLP095 T02170211
CVG,2023-07-09 02:52,KCVG 090252Z 27005KT 10SM FEW024 BKN039 OVC250 22/21 A2985 RMK AO2 SLP097 T02170211 53007
CVG,2023-07-09 03:52,KCVG 090352Z 29005KT 10SM FEW049 OVC080 22/22 A2985 RMK AO2 SLP100 T02170217
CVG,2023-07-09 04:52,KCVG 090452Z 00000KT 10SM BKN055 BKN070 OVC095 21/21 A2986 RMK AO2 SLP103 T02110211 402670183
CVG,2023-07-09 05:52,KCVG 090552Z 28004KT 7SM OVC100 21/21 A2984 RMK AO2 SLP096 T02060206 10228 20206 58003
CVG,2023-07-09 06:52,KCVG 090652Z 26004KT 10SM OVC006 21/21 A2985 RMK AO2 SLP098 T02110211
CVG,2023-07-09 07:52,KCVG 090752Z 36007KT 10SM FEW019 OVC075 21/21 A2985 RMK AO2 SLP099 T02110206
CVG,2023-07-09 08:52,KCVG 090852Z 34007KT 9SM -RA BKN023 BKN044 OVC070 21/20 A2986 RMK AO2 RAB46 SLP101 P0000 60000 T02060200 51006
CVG,2023-07-09 09:52,KCVG 090952Z 35006KT 8SM SCT028 20/19 A2984 RMK AO2 RAE0855 SLP094 P0000 T02000194
CVG,2023-07-09 10:52,KCVG 091052Z 34005KT 5SM BR FEW023 SCT070 19/19 A2985 RMK AO2 SLP099 T01940194
CVG,2023-07-09 11:52,KCVG 091152Z 33008KT 4SM BR FEW015 BKN040 OVC070 20/19 A2988 RMK AO2 SLP108 60000 70040 T02000194 10211 20194 53006
CVG,2023-07-09 12:52,KCVG 091252Z 34007KT 6SM BR BKN007 BKN039 OVC065 21/19 A2989 RMK AO2 SLP114 T02060194
CVG,2023-07-09 13:52,KCVG 091352Z 34006KT 6SM BR FEW009 BKN025 OVC065 21/19 A2991 RMK AO2 CIG 011 36R SLP118 T02110194
CVG,2023-07-09 14:52,KCVG 091452Z VRB03KT 7SM SCT014 SCT020 BKN065 23/19 A2990 RMK AO2 SLP113 T02330194 50006
CVG,2023-07-09 15:52,KCVG 091552Z 32008KT 9SM SCT019 SCT026 BKN040 23/18 A2991 RMK AO2 SLP121 T02280183
CVG,2023-07-09 16:52,KCVG 091652Z 34006KT 9SM FEW030 BKN060 BKN250 24/18 A2991 RMK AO2 SLP119 T02390183
CVG,2023-07-09 17:52,KCVG 091752Z 32012KT 10SM FEW034 SCT041 SCT060 OVC250 24/18 A2991 RMK AO2 SLP117 T02440178 10256 20194 50004
CVG,2023-07-09 18:52,KCVG 091852Z 34012G20KT 10SM SCT034 BKN044 BKN060 OVC250 25/17 A2989 RMK AO2 SLP113 BINOVC T02500172
CVG,2023-07-09 19:52,KCVG 091952Z 35011KT 10SM SCT036 BKN045 BKN200 26/17 A2989 RMK AO2 SLP111 T02560167
CVG,2023-07-09 20:52,KCVG 092052Z 34011KT 10SM SCT035 BKN045 BKN200 25/16 A2990 RMK AO2 SLP115 T02500156 55002
CVG,2023-07-09 21:52,KCVG 092152Z 35010KT 10SM FEW035 FEW045 SCT200 26/16 A2989 RMK AO2 SLP111 T02560156
CVG,2023-07-09 22:52,KCVG 092252Z 35011KT 10SM FEW055 SCT150 SCT200 25/15 A2988 RMK AO2 SLP110 T02500150
CVG,2023-07-09 23:52,KCVG 092352Z 35007KT 10SM SCT150 SCT200 24/15 A2990 RMK AO2 SLP115 T02440150 10261 20244 55002
CVG,2023-07-10 00:52,KCVG 100052Z 34007KT 10SM SCT150 SCT200 23/15 A2991 RMK AO2 SLP120 T02280150
CVG,2023-07-10 01:52,KCVG 100152Z 34006KT 10SM SCT150 SCT200 22/15 A2992 RMK AO2 SLP123 T02170150
CVG,2023-07-10 02:52,KCVG 100252Z 00000KT 10SM SCT250 19/15 A2994 RMK AO2 SLP129 T01890150 53014
CVG,2023-07-10 03:52,KCVG 100352Z 00000KT 10SM FEW250 19/15 A2994 RMK AO2 SLP129 T01890150
CVG,2023-07-10 04:52,KCVG 100452Z 31003KT 10SM CLR 18/15 A2994 RMK AO2 SLP129 T01830150 402610178
CVG,2023-07-10 05:52,KCVG 100552Z 19003KT 10SM CLR 16/15 A2994 RMK AO2 SLP130 T01610150 10244 20161 55000
CVG,2023-07-10 06:52,KCVG 100652Z 23003KT 10SM CLR 16/15 A2994 RMK AO2 SLP130 T01560150
CVG,2023-07-10 07:52,KCVG 100752Z 00000KT 10SM CLR 16/15 A2994 RMK AO2 SLP131 T01610150
CVG,2023-07-10 08:52,KCVG 100852Z 27003KT 10SM CLR 16/15 A2994 RMK AO2 SLP132 T01560150 52001
CVG,2023-07-10 09:52,KCVG 100952Z 28004KT 10SM CLR 17/15 A2995 RMK AO2 SLP132 T01670150
CVG,2023-07-10 10:52,KCVG 101052Z 27003KT 10SM CLR 16/15 A2996 RMK AO2 SLP139 T01610150
CVG,2023-07-10 11:52,KCVG 101152Z 00000KT 8SM CLR 18/17 A2998 RMK AO2 SLP145 T01780172 10178 20150 53014
CVG,2023-07-10 12:52,KCVG 101252Z 26004KT 10SM CLR 21/17 A3000 RMK AO2 SLP149 T02110167
CVG,2023-07-10 13:52,KCVG 101352Z 00000KT 10SM CLR 24/17 A3000 RMK AO2 SLP149 T02440172
CVG,2023-07-10 14:52,KCVG 101452Z 34004KT 10SM CLR 26/17 A2999 RMK AO2 SLP148 T02560167 50003
CVG,2023-07-10 15:52,KCVG 101552Z 03005KT 10SM FEW050 27/15 A3000 RMK AO2 SLP148 T02720150 $
CVG,2023-07-10 16:52,KCVG 101652Z 30003KT 10SM SCT050 27/15 A2999 RMK AO2 SLP146 T02720150
CVG,2023-07-10 17:52,KCVG 101752Z 34003KT 10SM SCT065 28/14 A2999 RMK AO2 SLP146 T02780144 10283 20178 58002
CVG,2023-07-10 18:52,KCVG 101852Z 28006KT 10SM FEW065 SCT080 28/16 A2998 RMK AO2 SLP142 T02830156
CVG,2023-07-10 19:52,KCVG 101952Z 27010G16KT 10SM FEW060 FEW080 28/16 A2997 RMK AO2 SLP139 T02830161
CVG,2023-07-10 20:52,KCVG 102052Z 28009KT 10SM FEW060 FEW075 29/17 A2996 RMK AO2 SLP138 T02890167 56008
CVG,2023-07-10 21:52,KCVG 102152Z 25008KT 10SM FEW060 FEW075 28/15 A2996 RMK AO2 SLP134 T02830150
CVG,2023-07-10 22:52,KCVG 102252Z 27007KT 10SM FEW060 28/14 A2996 RMK AO2 SLP136 T02780144
CVG,2023-07-10 23:52,KCVG 102352Z 27007KT 10SM FEW060 27/16 A2996 RMK AO2 SLP137 T02670156 10289 20267 55001
CVG,2023-07-11 00:52,KCVG 110052Z 26004KT 10SM FEW065 25/15 A2996 RMK AO2 SLP135 T02500150
CVG,2023-07-11 01:52,KCVG 110152Z 26004KT 10SM CLR 23/16 A2997 RMK AO2 SLP138 T02280156
CVG,2023-07-11 02:52,KCVG 110252Z 25003KT 10SM CLR 22/16 A2998 RMK AO2 SLP143 T02170156 53007
CVG,2023-07-11 03:52,KCVG 110352Z 24003KT 10SM CLR 21/16 A2999 RMK AO2 SLP144 T02110156
CVG,2023-07-11 04:52,KCVG 110452Z 22003KT 10SM CLR 20/16 A2998 RMK AO2 SLP144 T02000161 402890150
CVG,2023-07-11 05:52,KCVG 110552Z 25004KT 10SM CLR 19/17 A2997 RMK AO2 SLP140 T01940167 10267 20183 58003
CVG,2023-07-11 06:52,KCVG 110652Z 22003KT 10SM CLR 18/17 A2997 RMK AO2 SLP138 T01780167
CVG,2023-07-11 07:52,KCVG 110752Z 23004KT 10SM CLR 17/16 A2998 RMK AO2 SLP142 T01670161
CVG,2023-07-11 08:52,KCVG 110852Z 00000KT 9SM CLR 17/17 A2999 RMK AO2 SLP146 T01720172 53005
CVG,2023-07-11 09:52,KCVG 110952Z 24003KT 9SM CLR 17/17 A3000 RMK AO2 SLP150 T01670167
CVG,2023-07-11 10:52,KCVG 111052Z 18003KT 7SM CLR 16/16 A3001 RMK AO2 SLP153 MIFG SW W T01560156
CVG,2023-07-11 11:52,KCVG 111152Z 17004KT 7SM CLR 19/18 A3001 RMK AO2 SLP152 T01890183 10194 20156 51006 $
CVG,2023-07-11 12:52,KCVG 111252Z 27005KT 9SM FEW250 23/18 A3000 RMK AO2 SLP150 T02280183
CVG,2023-07-11 13:52,KCVG 111352Z 28008KT 9SM FEW250 24/18 A3002 RMK AO2 SLP156 T02440183
CVG,2023-07-11 14:52,KCVG 111452Z 26008KT 9SM CLR 26/19 A3002 RMK AO2 SLP156 T02610189 53004
CVG,2023-07-11 15:52,KCVG 111552Z 26007KT 10SM SCT035 27/18 A3002 RMK AO2 SLP157 T02670178
CVG,2023-07-11 16:52,KCVG 111652Z 23009KT 10SM SCT048 SCT150 28/17 A3002 RMK AO2 SLP154 T02830167
CVG,2023-07-11 17:52,KCVG 111752Z 24009KT 10SM SCT055 SCT180 28/17 A3001 RMK AO2 SLP154 T02830167 10283 20189 58002
CVG,2023-07-11 18:52,KCVG 111852Z 27009KT 10SM FEW055 SCT200 29/17 A3001 RMK AO2 SLP152 T02890167
CVG,2023-07-11 19:52,KCVG 111952Z 24010G14KT 10SM FEW060 29/17 A3000 RMK AO2 SLP151 T02940167
CVG,2023-07-11 20:52,KCVG 112052Z 25010KT 10SM FEW060 29/17 A2999 RMK AO2 SLP147 T02940167 58006
CVG,2023-07-11 21:52,KCVG 112152Z 25006KT 10SM FEW060 29/16 A2998 RMK AO2 SLP143 T02890161
CVG,2023-07-11 22:52,KCVG 112252Z 22005KT 10SM FEW065 28/16 A2997 RMK AO2 SLP141 T02830161
CVG,2023-07-11 23:52,KCVG 112352Z 23006KT 10SM FEW065 FEW300 27/17 A2998 RMK AO2 SLP141 T02720167 10294 20272 55005
CVG,2023-07-12 00:52,KCVG 120052Z 20004KT 10SM FEW300 25/17 A2997 RMK AO2 SLP140 T02500167
CVG,2023-07-12 01:52,KCVG 120152Z 22005KT 10SM FEW250 FEW300 24/17 A2999 RMK AO2 SLP145 T02390167
CVG,2023-07-12 02:52,KCVG 120252Z 22004KT 10SM FEW300 23/17 A3001 RMK AO2 SLP150 T02280172 53009
CVG,2023-07-12 03:52,KCVG 120352Z 22005KT 10SM CLR 21/17 A3001 RMK AO2 SLP151 T02110172
CVG,2023-07-12 04:52,KCVG 120452Z 21006KT 10SM CLR 21/17 A3000 RMK AO2 SLP150 T02110172 402940156
CVG,2023-07-12 05:52,KCVG 120552Z 23005KT 10SM SCT300 21/18 A3001 RMK AO2 SLP151 T02060178 10272 20200 53001
CVG,2023-07-12 06:52,KCVG 120652Z 20005KT 9SM CLR 21/18 A3000 RMK AO2 SLP148 T02060178
CVG,2023-07-12 07:52,KCVG 120752Z 22003KT 9SM CLR 20/18 A3000 RMK AO2 SLP148 T02000178
CVG,2023-07-12 08:52,KCVG 120852Z 20006KT 8SM CLR 17/17 A2999 RMK AO2 SLP147 T01720172 56004
CVG,2023-07-12 09:52,KCVG 120952Z 00000KT 8SM FEW300 19/17 A2999 RMK AO2 SLP147 T01890172
CVG,2023-07-12 10:52,KCVG 121052Z 00000KT 8SM FEW250 19/17 A3001 RMK AO2 SLP151 T01890172
CVG,2023-07-12 11:52,KCVG 121152Z 20004KT 10SM FEW250 21/18 A3001 RMK AO2 SLP152 T02110183 10211 20167 53005
CVG,2023-07-12 12:52,KCVG 121252Z COR 20005KT 9SM SCT250 23/18 A3002 RMK AO2 SLP154 T02330183
CVG,2023-07-12 13:52,KCVG 121352Z 22007KT 10SM FEW300 26/18 A3002 RMK AO2 SLP154 T02560178
CVG,2023-07-12 14:52,KCVG 121452Z 24006KT 10SM FEW300 27/18 A3001 RMK AO2 SLP152 T02670178 50000
CVG,2023-07-12 15:52,KCVG 121552Z 26007KT 230V290 10SM FEW046 28/18 A3002 RMK AO2 SLP154 T02780183 $
CVG,2023-07-12 16:52,KCVG 121652Z 24004KT 10SM FEW050 28/18 A3000 RMK AO2 SLP149 T02830178
CVG,2023-07-12 17:52,KCVG 121752Z 23009KT 10SM FEW048 29/18 A3000 RMK AO2 SLP147 T02940183 10294 20211 58005
CVG,2023-07-12 18:52,KCVG 121852Z VRB06KT 10SM FEW050 SCT300 30/19 A2997 RMK AO2 SLP136 T03000189
CVG,2023-07-12 19:52,KCVG 121952Z 18011KT 10SM FEW050 BKN300 29/19 A2995 RMK AO2 SLP132 T02890189
CVG,2023-07-12 20:52,KCVG 122052Z 25009KT 10SM FEW050 OVC300 29/18 A2995 RMK AO2 SLP133 T02890183 55014
CVG,2023-07-12 21:52,KCVG 122152Z 21009KT 10SM FEW055 BKN300 29/18 A2993 RMK AO2 SLP124 T02890183
CVG,2023-07-12 22:52,KCVG 122252Z 20010G18KT 10SM FEW250 FEW300 28/18 A2988 RMK AO2 SLP109 T02830183
CVG,2023-07-12 23:52,KCVG 122352Z 19010KT 10SM FEW250 FEW300 28/18 A2987 RMK AO2 SLP103 T02780183 10300 20278 56028
CVG,2023-07-13 00:52,KCVG 130052Z 17010KT 10SM FEW240 BKN300 27/18 A2985 RMK AO2 SLP097 T02670183
CVG,2023-07-13 01:52,KCVG 130152Z 20006KT 10SM FEW240 FEW300 26/18 A2986 RMK AO2 SLP099 T02560178
CVG,2023-07-13 02:52,KCVG 130252Z 19005KT 10SM FEW300 24/18 A2987 RMK AO2 SLP103 T02390178 53001
CVG,2023-07-13 03:52,KCVG 130352Z 19006KT 10SM FEW300 24/19 A2988 RMK AO2 SLP105 T02390189
CVG,2023-07-13 04:52,KCVG 130452Z 19008KT 10SM FEW300 23/19 A2987 RMK AO2 SLP103 T02280189 403000167
CVG,2023-07-13 05:52,KCVG 130552Z 20008KT 10SM FEW300 23/19 A2985 RMK AO2 SLP096 T02330189 10278 20217 58007
CVG,2023-07-13 06:52,KCVG 130652Z 20006KT 10SM FEW037 SCT300 23/19 A2983 RMK AO2 SLP089 T02280194
CVG,2023-07-13 07:52,KCVG 130752Z 20008KT 10SM FEW300 23/20 A2981 RMK AO2 SLP084 T02280200
CVG,2023-07-13 08:52,KCVG 130852Z 21007KT 10SM FEW095 23/21 A2981 RMK AO2 LTG DSNT N AND NW SLP084 T02330206 56012
CVG,2023-07-13 09:52,KCVG 130952Z 22007KT 9SM FEW110 23/21 A2983 RMK AO2 LTG DSNT NE AND E SLP089 T02330211
CVG,2023-07-13 10:52,KCVG 131052Z 25005KT 8SM FEW095 FEW300 23/22 A2985 RMK AO2 SLP094 CB DSNT NE T02330217
CVG,2023-07-13 11:52,KCVG 131152Z 23005KT 9SM OVC020 24/22 A2985 RMK AO2 SLP098 T02390222 10239 20228 51014
CVG,2023-07-13 12:52,KCVG 131252Z 23004KT 7SM OVC023 24/22 A2986 RMK AO2 SLP098 T02390222
CVG,2023-07-13 13:52,KCVG 131352Z 27006KT 10SM SCT014 BKN250 26/24 A2985 RMK AO2 SLP097 T02610239
CVG,2023-07-13 14:52,KCVG 131452Z 24007KT 10SM BKN017 BKN050 BKN250 27/24 A2986 RMK AO2 SLP099 T02720239 53002
CVG,2023-07-13 15:52,KCVG 131552Z VRB03KT 10SM BKN023 BKN034 28/24 A2987 RMK AO2 SLP102 T02780239
CVG,2023-07-13 16:52,KCVG 131652Z 29004KT 8SM FEW030 BKN040 29/22 A2986 RMK AO2 SLP101 MDT CU S T02890222
CVG,2023-07-13 17:52,KCVG 131752Z 29009G16KT 9SM TS SCT037CB SCT065 31/23 A2984 RMK AO2 LTG DSNT E AND SE TSB50 SLP092 OCNL LTGIC SE TS SE MOV E CB S SE MOV E TCU NE T03110228 10311 20239 58007
CVG,2023-07-13 18:52,KCVG 131852Z 28008KT 10SM SCT039TCU BKN120 BKN190 BKN250 30/22 A2983 RMK AO2 LTG DSNT ALQDS TSE11 SLP088 TS AND CB MOV E TCU SE-S CB DSNT E AND SW VCSH S T03000222
CVG,2023-07-13 19:52,KCVG 131952Z 22012KT 8SM -TSRA SCT036CB BKN075 BKN140 OVC250 27/23 A2985 RMK AO2 SLP096 RAB44 TSB07 FRQ LTGIC OHD-SE-SW TS SE-SW MOV E TCU NE P0000 T02670233
CVG,2023-07-13 20:52,KCVG 132052Z 22007KT 10SM FEW045 SCT095 BKN110 BKN250 25/22 A2985 RMK AO2 LTG DSNT E-S RAE27 TSE39 SLP098 WSHFT 1942 TS MOV E CB DSNT NE AND SE P0000 60000 T02500222 53005
CVG,2023-07-13 21:52,KCVG 132152Z 23007KT 10SM FEW045 FEW090 BKN150 BKN250 27/22 A2985 RMK AO2 LTG DSNT SW SLP096 MDT CU DSNT N-NE T02720222
CVG,2023-07-13 22:52,KCVG 132252Z 25007KT 10SM FEW050 FEW100 BKN150 BKN250 28/23 A2985 RMK AO2 LTG DSNT SW AND W SLP095 MDT CU DSNT NE T02780228
CVG,2023-07-13 23:52,KCVG 132352Z 26010KT 10SM FEW047 FEW100 FEW160 SCT250 26/21 A2985 RMK AO2 SLP096 TCU DSNT NE 60000 T02610211 10317 20233 55002
CVG,2023-07-14 00:52,KCVG 140052Z 27004KT 10SM FEW140 FEW250 24/21 A2985 RMK AO2 SLP098 T02390211
CVG,2023-07-14 01:52,KCVG 140152Z 00000KT 10SM CLR 23/21 A2986 RMK AO2 SLP100 T02280206
CVG,2023-07-14 02:52,KCVG 140252Z 21006KT 10SM CLR 22/21 A2988 RMK AO2 SLP107 T02170206 53010
CVG,2023-07-14 03:52,KCVG 140352Z 00000KT 10SM CLR 22/21 A2988 RMK AO2 SLP109 T02170206
CVG,2023-07-14 04:52,KCVG 140452Z 20003KT 10SM FEW043 SCT055 21/21 A2988 RMK AO2 SLP106 T02110206 403170211
CVG,2023-07-14 05:52,KCVG 140552Z 29005KT 10SM SCT040 BKN050 22/21 A2988 RMK AO2 SLP106 T02220206 10261 20206 51000
CVG,2023-07-14 06:52,KCVG 140652Z 36004KT 10SM FEW039 22/21 A2988 RMK AO2 SLP106 T02170206
CVG,2023-07-14 07:52,KCVG 140752Z 00000KT 10SM CLR 21/20 A2987 RMK AO2 LTG DSNT N AND NW SLP106 T02060200
CVG,2023-07-14 08:52,KCVG 140852Z 35008KT 10SM FEW036 SCT055 SCT100 21/21 A2988 RMK AO2 LTG DSNT NE SLP109 T02110206 53001
CVG,2023-07-14 09:52,KCVG 140952Z 06006KT 10SM SCT044 22/20 A2988 RMK AO2 SLP107 T02170200
CVG,2023-07-14 10:52,KCVG 141052Z 13004KT 9SM SCT044 21/20 A2987 RMK AO2 SLP103 T02110200
CVG,2023-07-14 11:52,KCVG 141152Z 34004KT 9SM FEW040 SCT250 22/21 A2989 RMK AO2 SLP111 T02220206 10222 20206 53002
CVG,2023-07-14 12:52,KCVG 141252Z VRB03KT 9SM FEW250 24/21 A2992 RMK AO2 SLP122 T02440206
CVG,2023-07-14 13:52,KCVG 141352Z 01005KT 10SM FEW040 26/20 A2995 RMK AO2 SLP131 T02610200
CVG,2023-07-14 14:52,KCVG 141452Z 36004KT 10SM FEW024 SCT040 SCT200 27/19 A2994 RMK AO2 SLP126 T02720189 50015
CVG,2023-07-14 15:52,KCVG 141552Z COR 34004KT 10SM SCT040 BKN200 29/17 A2994 RMK AO2 SLP127 T02890172
CVG,2023-07-14 16:52,KCVG 141652Z VRB03KT 10SM SCT040 SCT200 29/18 A2994 RMK AO2 SLP127 T02940183
CVG,2023-07-14 17:52,KCVG 141752Z 25006KT 10SM FEW040 30/17 A2995 RMK AO2 SLP129 T03000172 10300 20222 53003
CVG,2023-07-14 18:52,KCVG 141852Z 28009KT 10SM FEW045 FEW300 30/17 A2994 RMK AO2 SLP127 T03000172
CVG,2023-07-14 19:52,KCVG 141952Z 25007KT 10SM FEW050 FEW300 31/19 A2993 RMK AO2 SLP122 T03110189
CVG,2023-07-14 20:52,KCVG 142052Z 20004KT 10SM FEW050 FEW300 31/18 A2991 RMK AO2 SLP117 T03060183 58012
CVG,2023-07-14 21:52,KCVG 142152Z 22005KT 10SM FEW055 31/19 A2991 RMK AO2 SLP116 T03060189
CVG,2023-07-14 22:52,KCVG 142252Z 25004KT 10SM FEW055 30/18 A2989 RMK AO2 SLP109 T03000183
CVG,2023-07-14 23:52,KCVG 142352Z 24006KT 10SM FEW300 29/19 A2989 RMK AO2 SLP111 T02890194 10317 20289 55006
CVG,2023-07-15 00:52,KCVG 150052Z 24004KT 10SM SCT300 27/19 A2992 RMK AO2 SLP119 T02720189
CVG,2023-07-15 01:52,KCVG 150152Z 21003KT 10SM SCT300 25/19 A2991 RMK AO2 SLP117 T02500194
CVG,2023-07-15 02:52,KCVG 150252Z 20005KT 10SM SCT250 23/19 A2992 RMK AO2 SLP119 T02330194 51008
CVG,2023-07-15 03:52,KCVG 150352Z 19003KT 10SM SCT250 24/19 A2991 RMK AO2 SLP116 T02440189
CVG,2023-07-15 04:52,KCVG 150452Z 19004KT 10SM FEW250 23/18 A2990 RMK AO2 SLP114 T02330183 403170206
CVG,2023-07-15 05:52,KCVG 150552Z 18006KT 10SM CLR 23/18 A2989 RMK AO2 SLP108 T02280178 10289 20222 58010
CVG,2023-07-15 06:52,KCVG 150652Z 17005KT 10SM CLR 23/18 A2988 RMK AO2 SLP106 T02280178
CVG,2023-07-15 07:52,KCVG 150752Z 19004KT 10SM CLR 22/18 A2988 RMK AO2 SLP105 T02220178
CVG,2023-07-15 08:52,KCVG 150852Z 19005KT 10SM CLR 22/18 A2987 RMK AO2 SLP102 T02220183 58007
CVG,2023-07-15 09:52,KCVG 150952Z 19006KT 10SM FEW027 SCT047 22/18 A2986 RMK AO2 SLP100 T02220183
CVG,2023-07-15 10:52,KCVG 151052Z 17004KT 10SM BKN150 BKN250 21/19 A2986 RMK AO2 SLP101 T02110189
CVG,2023-07-15 11:52,KCVG 151152Z 18005KT 9SM BKN150 BKN250 23/20 A2986 RMK AO2 LTG DSNT W AND NW SLP100 T02330200 10233 20211 58002
CVG,2023-07-15 12:52,KCVG 151252Z 19003KT 9SM FEW033 BKN043 BKN070 OVC250 24/21 A2985 RMK AO2 LTG DSNT ALQDS SLP097 T02390206
CVG,2023-07-15 13:52,KCVG 151352Z 21005KT 8SM SCT022 BKN040 OVC080 24/21 A2988 RMK AO2 LTG DSNT NE-S SLP106 T02440211
CVG,2023-07-15 14:52,KCVG 151452Z 11008KT 10SM SCT014 OVC015 23/21 A2988 RMK AO2 LTG DSNT NE SLP109 T02330211 53007
CVG,2023-07-15 15:52,KCVG 151552Z 10006KT 10SM BKN016 OVC018 23/21 A2988 RMK AO2 SLP108 T02330211
CVG,2023-07-15 16:52,KCVG 151652Z 11005KT 2SM RA BR BKN016 BKN080 OVC110 22/22 A2988 RMK AO2 RAB26 SLP109 P0002 T02220217
CVG,2023-07-15 17:52,KCVG 151752Z 13010KT 1SM R36C/P6000FT -RA BR BKN006 BKN043 OVC070 22/22 A2987 RMK AO2 SLP105 P0018 60020 T02220222 10244 20222 58004
CVG,2023-07-15 18:52,KCVG 151852Z 16008KT 5SM -RA BR BKN011 BKN085 OVC110 23/23 A2985 RMK AO2 SLP097 P0007 T02330228
CVG,2023-07-15 19:52,KCVG 151952Z 24006KT 10SM BKN012 BKN017 OVC055 25/23 A2983 RMK AO2 RAE11 SLP093 P0000 T02500228
CVG,2023-07-15 20:52,KCVG 152052Z 24008KT 10SM BKN022 BKN035 BKN050 26/22 A2982 RMK AO2 SLP087 60007 T02610222 56017
CVG,2023-07-15 21:52,KCVG 152152Z 23007KT 10SM SCT020 BKN026 26/23 A2980 RMK AO2 SLP081 T02610228
CVG,2023-07-15 22:52,KCVG 152252Z 28008KT 10SM SCT020 BKN035 BKN050 27/22 A2981 RMK AO2 LTG DSNT N AND NW SLP083 MDT CU N NW T02720222
CVG,2023-07-15 23:52,KCVG 152352Z 36003KT 9SM -RA SCT034 BKN050 BKN065 23/22 A2982 RMK AO2 WSHFT 2306 RAB14E38B46 TSB00E37 SLP088 P0000 60007 T02280217 10272 20217 53005
CVG,2023-07-16 00:52,KCVG 160052Z 00000KT 10SM FEW110 24/22 A2984 RMK AO2 LTG DSNT S RAE2355 SLP094 P0000 T02390217
CVG,2023-07-16 01:52,KCVG 160152Z 32003KT 10SM SCT022 SCT030 SCT035 23/22 A2984 RMK AO2 SLP096 T02330222
CVG,2023-07-16 02:52,KCVG 160252Z 28004KT 8SM SCT035 22/22 A2986 RMK AO2 SLP102 60000 T02170217 51014
CVG,2023-07-16 03:52,KCVG 160352Z 26004KT 10SM CLR 22/21 A2987 RMK AO2 SLP105 T02170211
CVG,2023-07-16 04:52,KCVG 160452Z 31003KT 9SM CLR 21/21 A2989 RMK AO2 SLP112 T02060206 402720206
CVG,2023-07-16 05:52,KCVG 160552Z 00000KT 7SM CLR 21/21 A2989 RMK AO2 SLP114 60000 T02060206 10239 20206 51010
CVG,2023-07-16 06:52,KCVG 160652Z 00000KT 7SM CLR 19/19 A2989 RMK AO2 SLP112 T01890189
CVG,2023-07-16 07:52,KCVG 160752Z 21003KT 7SM CLR 20/20 A2988 RMK AO2 SLP109 T02000200
CVG,2023-07-16 08:52,KCVG 160852Z 23003KT 8SM CLR 20/20 A2988 RMK AO2 SLP109 T02000200 55003
CVG,2023-07-16 09:52,KCVG 160952Z 26006KT 7SM CLR 20/20 A2989 RMK AO2 SLP112 T02000200
CVG,2023-07-16 10:52,KCVG 161052Z 00000KT 6SM BR CLR 19/19 A2989 RMK AO2 SLP113 T01940194
CVG,2023-07-16 11:52,KCVG 161152Z 27008KT 4SM BR CLR 21/21 A2992 RMK AO2 SLP123 70027 T02060206 10206 20189 53012
CVG,2023-07-16 12:52,KCVG 161252Z 27007KT 5SM BR BKN040 BKN150 21/21 A2994 RMK AO2 SLP128 T02110206
CVG,2023-07-16 13:52,KCVG 161352Z 27006KT 6SM BR FEW035 23/21 A2995 RMK AO2 SLP131 T02330211
CVG,2023-07-16 14:52,KCVG 161452Z 26007KT 6SM HZ CLR 25/20 A2995 RMK AO2 SLP132 T02500200 51010
CVG,2023-07-16 15:52,KCVG 161552Z 28010KT 4SM HZ FEW250 26/19 A2997 RMK AO2 SLP137 T02560189
CVG,2023-07-16 16:52,KCVG 161652Z 28009G14KT 5SM HZ CLR 27/18 A2997 RMK AO2 SLP138 T02720183
CVG,2023-07-16 17:52,KCVG 161752Z 24007KT 5SM HZ CLR 27/19 A2996 RMK AO2 SLP136 T02720189 10272 20206 50004
CVG,2023-07-16 18:52,KCVG 161852Z 24009KT 5SM HZ CLR 27/19 A2996 RMK AO2 SLP134 T02720189
CVG,2023-07-16 19:52,KCVG 161952Z 26009KT 4SM HZ CLR 28/19 A2995 RMK AO2 SLP131 T02780189
CVG,2023-07-16 20:52,KCVG 162052Z 26011KT 3SM HZ CLR 28/19 A2994 RMK AO2 SLP128 T02780189 58007
CVG,2023-07-16 21:52,KCVG 162152Z 25008KT 3SM HZ CLR 27/19 A2992 RMK AO2 SLP123 T02720194
CVG,2023-07-16 22:52,KCVG 162252Z 23008KT 3SM HZ FEW050 27/20 A2993 RMK AO2 SLP124 T02670200
CVG,2023-07-16 23:52,KCVG 162352Z 23005KT 3SM HZ CLR 26/21 A2992 RMK AO2 SLP123 T02560206 10278 20256 56005
CVG,2023-07-17 00:52,KCVG 170052Z 21005KT 3SM HZ FEW250 24/21 A2994 RMK AO2 LTG DSNT N AND NW SLP128 CB DSNT N T02440206
CVG,2023-07-17 01:52,KCVG 170152Z 00000KT 3SM VCTS HZ FEW060 SCT085 BKN250 24/21 A2995 RMK AO2 LTG DSNT W-N SLP133 T02390206
CVG,2023-07-17 02:52,KCVG 170252Z 23009KT 200V260 2SM R36C/3500VP6000FT RA BR SCT036 BKN060 BKN075 21/20 A2997 RMK AO2 RAB02 TSB0155E38 SLP139 P0026 60026 T02110200 53016
CVG,2023-07-17 03:52,KCVG 170352Z 20010KT 3SM BR BKN250 21/21 A2996 RMK AO2 RAE12 TSE41 SLP137 TSB0311E39 P0015 T02110206
CVG,2023-07-17 04:52,KCVG 170452Z 21006KT 3SM BR BKN170 22/21 A2997 RMK AO2 SLP137 T02170206 402780189
CVG,2023-07-17 05:52,KCVG 170552Z 21006KT 3SM BR BKN170 22/21 A2997 RMK AO2 RAB32E43 SLP138 P0000 60041 T02170211 10256 20206 53000
CVG,2023-07-17 06:52,KCVG 170652Z 22008KT 3SM BR OVC190 22/21 A2996 RMK AO2 LTG DSNT S SLP136 T02170211
CVG,2023-07-17 07:52,KCVG 170752Z 20005KT 3SM BR OVC190 21/20 A2995 RMK AO2 SLP132 T02110200
CVG,2023-07-17 08:52,KCVG 170852Z 23005KT 4SM BR FEW200 20/19 A2993 RMK AO2 SLP127 T02000194 58012
CVG,2023-07-17 09:52,KCVG 170952Z 25005KT 5SM BR FEW200 20/18 A2994 RMK AO2 SLP130 T02000183
CVG,2023-07-17 10:52,KCVG 171052Z 23005KT 6SM BR FEW042 SCT250 20/18 A2995 RMK AO2 SLP132 T02000178
CVG,2023-07-17 11:52,KCVG 171152Z 23005KT 6SM HZ SCT250 21/19 A2996 RMK AO2 SLP136 70041 T02060189 10222 20194 53009
CVG,2023-07-17 12:52,KCVG 171252Z 26006KT 6SM HZ FEW250 22/20 A2998 RMK AO2 SLP141 T02220200
CVG,2023-07-17 13:52,KCVG 171352Z 22007KT 6SM HZ SCT300 23/21 A2999 RMK AO2 SLP144 T02330211
CVG,2023-07-17 14:52,KCVG 171452Z 25009KT 6SM HZ FEW050 SCT210 OVC250 24/21 A3000 RMK AO2 SLP149 T02390206 51013
CVG,2023-07-17 15:52,KCVG 171552Z 24007KT 6SM HZ FEW045 BKN230 25/20 A3000 RMK AO2 SLP150 T02500200
CVG,2023-07-17 16:52,KCVG 171652Z 25006KT 7SM FEW025 BKN210 26/21 A2999 RMK AO2 SLP146 T02610206
CVG,2023-07-17 17:52,KCVG 171752Z 23009KT 7SM SCT030 SCT036 BKN250 27/21 A2998 RMK AO2 SLP142 T02720211 10272 20206 58006
CVG,2023-07-17 18:52,KCVG 171852Z 27008KT 5SM HZ BKN035 BKN043 28/21 A2996 RMK AO2 SLP135 T02780206
CVG,2023-07-17 19:52,KCVG 171952Z 21009KT 7SM FEW035 SCT050 28/21 A2995 RMK AO2 SLP132 T02830211
CVG,2023-07-17 20:52,KCVG 172052Z 23007KT 6SM HZ FEW037 BKN048 BKN065 28/21 A2994 RMK AO2 SLP127 T02830206 56015
CVG,2023-07-17 21:52,KCVG 172152Z 22009KT 7SM FEW035 SCT048 SCT060 27/20 A2993 RMK AO2 LTG DSNT E SLP125 T02720200
CVG,2023-07-17 22:52,KCVG 172252Z 23010KT 8SM FEW045 FEW060 27/19 A2993 RMK AO2 LTG DSNT E SLP125 T02670194
CVG,2023-07-17 23:52,KCVG 172352Z 21005KT 8SM FEW045 26/20 A2994 RMK AO2 LTG DSNT N SLP129 T02560200 10283 20256 53000
CVG,2023-07-18 00:52,KCVG 180052Z 36019G34KT 9SM FEW045 FEW110 BKN250 26/20 A2998 RMK AO2 PK WND 36034/0052 LTG DSNT W-NE PRESRR SLP143 T02560200
CVG,2023-07-18 01:52,KCVG 180152Z 04005KT 5SM -RA BR FEW050 BKN070 OVC110 17/17 A3000 RMK AO2 PK WND 35033/0102 WSHFT 0115 LTG DSNT ALQDS RAB11 TSB0055E46 SLP152 P0020 T01720167 $
CVG,2023-07-18 02:52,KCVG 180252Z COR 17010KT 5SM -RA BR FEW090 OVC110 18/17 A2999 RMK AO2 LTG DSNT S-W RAE49 TSE21 SLP148 P000 60020 T01780172 50017 $
CVG,2023-07-18 03:52,KCVG 180352Z 17008KT 5SM VCTS -RA BR BKN100 18/17 A3000 RMK AO2 LTG DSNT SE-W SLP151 P0000 T01780172 $
CVG,2023-07-18 04:52,KCVG 180452Z 31005KT 5SM BR BKN150 OVC200 18/17 A3003 RMK AO2 LTG DSNT E-SW RAE52 TSB13E14B19E52 SLP160 P0000 T01830172 402830172 $
CVG,2023-07-18 05:52,KCVG 180552Z 00000KT 4SM BR FEW120 18/18 A3000 RMK AO2 LTG DSNT SW RAB14E27 SLP149 P0000 60020 T01830178 10256 20172 50002 $
CVG,2023-07-18 06:52,KCVG 180652Z 18008KT 3SM BR SCT090 BKN120 18/18 A3001 RMK AO2 LTG DSNT NW SLP152 T01830178 $
CVG,2023-07-18 07:52,KCVG 180752Z 17003KT 4SM BR FEW120 18/17 A3000 RMK AO2 SLP148 T01780172 $
CVG,2023-07-18 08:52,KCVG 180852Z 19004KT 5SM BR SCT110 17/17 A2997 RMK AO2 SLP140 T01720172 58008 $
CVG,2023-07-18 09:52,KCVG 180952Z COR 00000KT 8SM SCT110 17/17 A2997 RMK AO2 SLP141 T01720172 $
CVG,2023-07-18 10:52,KCVG 181052Z 19005KT 7SM SCT110 17/17 A3000 RMK AO2 SLP150 T01670167 $
CVG,2023-07-18 11:52,KCVG 181152Z 21005KT 7SM BKN080 18/18 A3004 RMK AO2 SLP162 70020 T01780178 10183 20161 53021 $
CVG,2023-07-18 12:52,KCVG 181252Z 21006KT 7SM SCT080 BKN110 19/18 A3002 RMK AO2 SLP157 T01890183
CVG,2023-07-18 13:52,KCVG 181352Z 22007KT 7SM SCT070 BKN110 22/19 A3003 RMK AO2 LTG DSNT S AND W SLP161 T02170194 $
CVG,2023-07-18 14:52,KCVG 181452Z 22007KT 6SM VCTS BR SCT018 BKN032 BKN050 23/21 A3002 RMK AO2 LTG DSNT NE AND S AND SW RAB23E36 TSE05 SLP158 P0001 60001 T02280206 56005
CVG,2023-07-18 15:52,KCVG 181552Z 25006KT 7SM SCT060 BKN085 24/21 A3001 RMK AO2 SLP153 T02440211
CVG,2023-07-18 16:52,KCVG 181652Z 18006KT 7SM SCT018 27/22 A2999 RMK AO2 SLP147 T02670222
CVG,2023-07-18 17:52,KCVG 181752Z 22010KT 7SM SCT022 BKN025 BKN060 28/22 A2999 RMK AO2 SLP145 60001 T02780222 10278 20178 56011
CVG,2023-07-18 18:52,KCVG 181852Z 23006KT 5SM HZ FEW027 SCT055 BKN070 28/23 A2996 RMK AO2 SLP135 T02780228
CVG,2023-07-18 19:52,KCVG 181952Z 19008KT 6SM HZ SCT033 BKN040 BKN055 BKN150 OVC250 28/22 A2993 RMK AO2 SLP127 BINOVC T02830222
CVG,2023-07-18 20:52,KCVG 182052Z 24006KT 7SM SCT035 SCT047 OVC210 29/22 A2993 RMK AO2 LTG DSNT ALQDS SLP124 BINOVC T02890222 56020
CVG,2023-07-18 21:52,KCVG 182152Z 26006KT 10SM SCT033 BKN120 BKN210 28/22 A2991 RMK AO2 LTG DSNT NE AND E AND SW SLP117 T02830222
CVG,2023-07-18 22:52,KCVG 182252Z 32006KT 10SM BKN033 BKN045 BKN120 29/22 A2990 RMK AO2 LTG DSNT NE AND E SLP114 T02890222
CVG,2023-07-18 23:52,KCVG 182352Z 20010KT 10SM TS SCT043CB BKN070 BKN120 OVC210 26/22 A2991 RMK AO2 LTG DSNT E-SW TSB47 SLP121 OCNL LTGIC NE-SW TS E-SW MOV E T02610222 10289 20261 55004
CVG,2023-07-19 00:52,KCVG 190052Z 20006KT 1/4SM R36C/1800VP6000FT +TSRA FG FEW016CB BKN025 OVC060 22/20 A2995 RMK AO2 TWR VIS 1 LTG DSNT E AND SE RAB38 SLP135 OCNL LTGIC E-SW TS E-SW MOV E P0006 T02220200
CVG,2023-07-19 01:52,KCVG 190152Z 16003KT 5SM -RA BR SCT018 BKN028 OVC034 23/22 A2997 RMK AO2 LTG DSNT E TSE18 CIG 018 36R SLP141 TS E MOV E P0094 T02280222
CVG,2023-07-19 02:52,KCVG 190252Z 18003KT 8SM SCT090 22/22 A2999 RMK AO2 RAE46 SLP145 P0006 60106 T02220217 51024
CVG,2023-07-19 03:52,KCVG 190352Z 20005KT 8SM FEW100 22/21 A2999 RMK AO2 SLP146 T02170211
CVG,2023-07-19 04:52,KCVG 190452Z 19007KT 7SM FEW100 21/21 A3000 RMK AO2 SLP149 T02110206 402890161
CVG,2023-07-19 05:52,KCVG 190552Z 22004KT 5SM BR BKN003 21/21 A2999 RMK AO2 SLP146 60106 T02060206 10261 20206 51001
CVG,2023-07-19 06:52,KCVG 190652Z 22003KT 2SM BR BKN002 21/21 A2999 RMK AO2 SFC VIS 3 SLP143 T02060206 $
CVG,2023-07-19 07:52,KCVG 190752Z 22004KT 2SM BR OVC002 21/21 A2998 RMK AO2 SFC VIS 4 SLP140 T02060206 $
CVG,2023-07-19 08:52,KCVG 190852Z 00000KT 2SM BR OVC006 21/21 A3000 RMK AO2 SFC VIS 4 SLP149 T02060206 53002 $
CVG,2023-07-19 09:52,KCVG 190952Z 00000KT 2SM BR BKN004 OVC008 21/21 A3003 RMK AO2 SFC VIS 4 SLP159 T02060206 $
CVG,2023-07-19 10:52,KCVG 191052Z COR 00000KT 2SM -DZ BR OVC005 21/21 A3004 RMK AO2 SFC VIS 2 1/2 DZB48 SLP162 P0000 T02060206 $
CVG,2023-07-19 11:52,KCVG 191152Z 00000KT 2SM BR OVC006 21/21 A3005 RMK AO2 SFC VIS 2 1/2 DZE09 SLP165 P0000 60000 70107 T02110211 10211 20206 51004 $
CVG,2023-07-19 12:52,KCVG 191252Z 00000KT 2SM BR OVC005 21/21 A3005 RMK AO2 SFC VIS 2 1/2 SLP169 T02110211 $
CVG,2023-07-19 13:52,KCVG 191352Z 24003KT 2SM BR OVC007 22/21 A3006 RMK AO2 SFC VIS 4 SLP168 T02220211
CVG,2023-07-19 14:52,KCVG 191452Z 00000KT 2SM BR OVC009 23/22 A3007 RMK AO2 SFC VIS 4 SLP172 T02280217 53007
CVG,2023-07-19 15:52,KCVG 191552Z 21003KT 2SM BR OVC011 23/22 A3008 RMK AO2 SFC VIS 5 SLP176 T02330217
CVG,2023-07-19 16:52,KCVG 191652Z 22004KT 2SM HZ FEW012 OVC021 24/22 A3007 RMK AO2 SFC VIS 5 SLP175 T02440217
CVG,2023-07-19 17:52,KCVG 191752Z 18007KT 6SM HZ FEW014 SCT025 26/22 A3008 RMK AO2 SLP176 SCT V BKN T02560222 10256 20211 51004
CVG,2023-07-19 18:52,KCVG 191852Z 20010KT 6SM HZ FEW015 SCT024 BKN065 26/23 A3008 RMK AO2 SLP175 MDT CU N-NE T02560228
CVG,2023-07-19 19:52,KCVG 191952Z 18011KT 6SM HZ SCT013 SCT020 BKN060 25/22 A3007 RMK AO2 SLP174 SCT020 V BKN T02500222
CVG,2023-07-19 20:52,KCVG 192052Z 21009KT 7SM OVC015 24/22 A3007 RMK AO2 SLP173 CIG 011V019 BINOVC OHD T02440222 56003
CVG,2023-07-19 21:52,KCVG 192152Z 20007KT 6SM HZ FEW014 26/22 A3006 RMK AO2 SLP169 T02560222
CVG,2023-07-19 22:52,KCVG 192252Z 24007KT 7SM FEW018 26/22 A3005 RMK AO2 SLP167 T02560217
CVG,2023-07-19 23:52,KCVG 192352Z 23005KT 7SM FEW017 25/22 A3005 RMK AO2 SLP166 T02500222 10261 20239 56007
CVG,2023-07-20 00:52,KCVG 200052Z 20005KT 8SM FEW021 SCT250 SCT300 24/22 A3005 RMK AO2 SLP166 FEW V SCT T02390222
CVG,2023-07-20 01:52,KCVG 200152Z 20003KT 8SM FEW023 FEW250 FEW300 23/22 A3005 RMK AO2 SLP167 T02280217
CVG,2023-07-20 02:52,KCVG 200252Z 21005KT 7SM FEW250 22/22 A3005 RMK AO2 SLP167 T02220217 50001
CVG,2023-07-20 03:52,KCVG 200352Z 22003KT 7SM SCT250 22/21 A3006 RMK AO2 SLP169 T02170211
CVG,2023-07-20 04:52,KCVG 200452Z 21003KT 7SM BKN250 22/21 A3006 RMK AO2 SLP168 T02170211 402610206
CVG,2023-07-20 05:52,KCVG 200552Z 18004KT 7SM BKN250 21/21 A3005 RMK AO2 SLP166 T02110206 10250 20206 58000
CVG,2023-07-20 06:52,KCVG 200652Z 00000KT 8SM BKN250 22/21 A3006 RMK AO2 SLP168 T02170211
CVG,2023-07-20 07:52,KCVG 200752Z 17004KT 7SM BKN250 21/21 A3003 RMK AO2 SLP161 T02060206
CVG,2023-07-20 08:52,KCVG 200852Z 17005KT 7SM BKN210 21/20 A3003 RMK AO2 SLP158 T02060200 58008
CVG,2023-07-20 09:52,KCVG 200952Z COR 21005KT 9SM BKN022 BKN240 21/21 A3003 RMK AO2 SLP161 T02110211
CVG,2023-07-20 10:52,KCVG 201052Z 19004KT 7SM FEW024 OVC037 21/21 A3003 RMK AO2 SLP161 T02110211
CVG,2023-07-20 11:52,KCVG 201152Z 21004KT 9SM FEW017 SCT110 BKN210 22/22 A3002 RMK AO2 SLP157 T02170217 10217 20200 58001
CVG,2023-07-20 12:52,KCVG 201252Z 00000KT 10SM FEW022 SCT028 OVC039 23/22 A3002 RMK AO2 SLP155 BINOVC T02330222
CVG,2023-07-20 13:52,KCVG 201352Z 25003KT 9SM FEW014 SCT026 BKN250 25/23 A3000 RMK AO2 SLP151 T02500228
CVG,2023-07-20 14:52,KCVG 201452Z VRB03KT 10SM FEW026 SCT038 BKN250 27/22 A3001 RMK AO2 SLP150 T02670222 55006
CVG,2023-07-20 15:52,KCVG 201552Z VRB03KT 10SM FEW021 SCT030 BKN300 28/22 A2999 RMK AO2 SLP145 T02780222
CVG,2023-07-20 16:52,KCVG 201652Z 23008KT 9SM FEW030 BKN036 BKN250 28/22 A2997 RMK AO2 SLP138 T02830222
CVG,2023-07-20 17:52,KCVG 201752Z 20008KT 9SM FEW028 BKN043 29/23 A2994 RMK AO2 SLP129 T02890228 10294 20217 58020
CVG,2023-07-20 18:52,KCVG 201852Z 20010KT 8SM SCT031 BKN047 BKN220 BKN300 29/23 A2993 RMK AO2 SLP122 T02940233
CVG,2023-07-20 19:52,KCVG 201952Z 22007KT 9SM FEW031 BKN045 BKN200 BKN300 29/23 A2991 RMK AO2 SLP118 MDT CU NE-E T02890228
CVG,2023-07-20 20:52,KCVG 202052Z 24007KT 9SM SCT040TCU BKN300 29/23 A2988 RMK AO2 SLP106 TCU SW MDT CU E-S T02940233 58023
CVG,2023-07-20 21:52,KCVG 202152Z 22008KT 8SM FEW027 BKN036TCU BKN050 BKN300 29/24 A2986 RMK AO2 SLP101 TCU OHD MDT CU NE-E T02890239
CVG,2023-07-20 22:52,KCVG 202252Z 22007KT 9SM FEW032 FEW046 BKN210 OVC300 28/24 A2986 RMK AO2 SLP099 T02830239
CVG,2023-07-20 23:52,KCVG 202352Z 22006KT 9SM FEW041TCU SCT060 SCT200 28/24 A2986 RMK AO2 SLP100 TCU OHD T02780239 10300 20278 55005
CVG,2023-07-21 00:52,KCVG 210052Z 23006KT 8SM FEW040 FEW060 SCT300 27/23 A2986 RMK AO2 SLP100 T02670233
CVG,2023-07-21 01:52,KCVG 210152Z 25006KT 9SM FEW030 FEW300 26/23 A2987 RMK AO2 SLP103 T02610233
CVG,2023-07-21 02:52,KCVG 210252Z 25006KT 7SM FEW041 SCT049 BKN065 26/23 A2988 RMK AO2 CIG 046 36R SLP106 T02560233 53007
CVG,2023-07-21 03:52,KCVG 210352Z 28009KT 7SM FEW023 BKN049 24/23 A2989 RMK AO2 LTG DSNT E-SW RAB23E38 SLP108 P0015 T02440233
CVG,2023-07-21 04:52,KCVG 210452Z 31008KT 9SM FEW060 24/22 A2990 RMK AO2 LTG DSNT SE SLP113 T02390217 403000200
CVG,2023-07-21 05:52,KCVG 210552Z 30007KT 9SM CLR 23/21 A2990 RMK AO2 SLP113 60015 T02280206 10278 20228 51007
CVG,2023-07-21 06:52,KCVG 210652Z 31005KT 9SM FEW030 22/20 A2990 RMK AO2 SLP113 T02170200
CVG,2023-07-21 07:52,KCVG 210752Z 32006KT 9SM CLR 21/19 A2990 RMK AO2 SLP115 T02110194
CVG,2023-07-21 08:52,KCVG 210852Z 32006KT 9SM FEW033 20/19 A2990 RMK AO2 SLP114 T02000189 58000
CVG,2023-07-21 09:52,KCVG 210952Z 33007KT 9SM BKN055 20/18 A2991 RMK AO2 SLP118 T02000183
CVG,2023-07-21 10:52,KCVG 211052Z 31004KT 8SM FEW050 20/17 A2994 RMK AO2 SLP127 T02000172
CVG,2023-07-21 11:52,KCVG 211152Z COR 31004KT 8SM SCT060 21/18 A2994 RMK AO2 SLP128 70015 T02060178 10228 20194 51014
CVG,2023-07-21 12:52,KCVG 211252Z 33009KT 9SM FEW060 22/17 A2997 RMK AO2 SLP137 T02170172
CVG,2023-07-21 13:52,KCVG 211352Z 33007KT 10SM SCT300 22/17 A2997 RMK AO2 SLP137 T02220172
CVG,2023-07-21 14:52,KCVG 211452Z 34008KT 10SM FEW028 BKN300 24/17 A2997 RMK AO2 SLP139 T02390172 51011
CVG,2023-07-21 15:52,KCVG 211552Z 34007KT 10SM FEW032 BKN300 25/17 A2997 RMK AO2 SLP139 T02500172
CVG,2023-07-21 16:52,KCVG 211652Z 33009KT 10SM SCT037 BKN220 BKN300 26/17 A2997 RMK AO2 SLP136 T02610167
CVG,2023-07-21 17:52,KCVG 211752Z 35010KT 10SM SCT041 BKN055 BKN220 25/17 A2996 RMK AO2 SLP136 T02500167 10267 20206 57004
CVG,2023-07-21 18:52,KCVG 211852Z 34009KT 10SM SCT041 SCT060 BKN200 BKN250 27/17 A2996 RMK AO2 SLP133 T02670167
CVG,2023-07-21 19:52,KCVG 211952Z 34008KT 10SM FEW043 SCT065 BKN200 BKN250 26/16 A2996 RMK AO2 SLP136 T02560161
CVG,2023-07-21 20:52,KCVG 212052Z 35008KT 10SM SCT045 BKN070 BKN250 26/17 A2995 RMK AO2 SLP133 T02610167 58003
CVG,2023-07-21 21:52,KCVG 212152Z 33008KT 10SM FEW045 SCT075 SCT250 27/17 A2994 RMK AO2 SLP130 T02670167
CVG,2023-07-21 22:52,KCVG 212252Z 35008KT 10SM FEW046 SCT075 SCT250 26/17 A2993 RMK AO2 SLP126 MDT CU NE AND E T02560167
CVG,2023-07-21 23:52,KCVG 212352Z 36008KT 10SM FEW042 FEW075 FEW200 BKN250 25/17 A2994 RMK AO2 SLP127 T02500167 10278 20250 55005
CVG,2023-07-22 00:52,KCVG 220052Z 01007KT 10SM FEW040 FEW080 FEW200 BKN250 23/16 A2993 RMK AO2 SLP124 T02330161
CVG,2023-07-22 01:52,KCVG 220152Z 36007KT 10SM BKN250 22/17 A2993 RMK AO2 SLP127 T02220167
CVG,2023-07-22 02:52,KCVG 220252Z 03005KT 10SM SCT250 22/17 A2994 RMK AO2 SLP127 T02170167 53000
CVG,2023-07-22 03:52,KCVG 220352Z 02006KT 10SM SCT250 22/16 A2993 RMK AO2 SLP125 T02220161
CVG,2023-07-22 04:52,KCVG 220452Z 36005KT 10SM SCT250 21/16 A2993 RMK AO2 SLP125 T02060161 402780194
CVG,2023-07-22 05:52,KCVG 220552Z 33005KT 10SM CLR 19/16 A2994 RMK AO2 SLP131 T01940161 10250 20189 53002
CVG,2023-07-22 06:52,KCVG 220652Z 32004KT 10SM CLR 18/16 A2994 RMK AO2 SLP129 T01830161
CVG,2023-07-22 07:52,KCVG 220752Z 36005KT 10SM CLR 18/16 A2993 RMK AO2 SLP126 T01780161
CVG,2023-07-22 08:52,KCVG 220852Z 00000KT 10SM CLR 18/16 A2993 RMK AO2 SLP127 T01780161 55004
CVG,2023-07-22 09:52,KCVG 220952Z 34004KT 9SM FEW250 18/16 A2994 RMK AO2 SLP128 T01780161
CVG,2023-07-22 10:52,KCVG 221052Z 36005KT 6SM BR SCT150 SCT250 17/17 A2994 RMK AO2 SLP131 T01720167
CVG,2023-07-22 11:52,KCVG 221152Z VRB05KT 7SM FEW130 SCT150 SCT250 18/17 A2995 RMK AO2 PK WND 02026/1108 SLP135 T01780167 10194 20172 53008
CVG,2023-07-22 12:52,KCVG 221252Z 04003KT 8SM SCT060 SCT150 21/17 A2996 RMK AO2 SLP137 T02110172
CVG,2023-07-22 13:52,KCVG 221352Z 06005KT 10SM FEW070 23/17 A2996 RMK AO2 SLP137 T02330172
CVG,2023-07-22 14:52,KCVG 221452Z 09007KT 10SM SCT035 24/15 A2996 RMK AO2 SLP136 T02440150 50002
CVG,2023-07-22 15:52,KCVG 221552Z VRB04KT 10SM SCT046 SCT060 25/15 A2995 RMK AO2 SLP133 T02500150
CVG,2023-07-22 16:52,KCVG 221652Z 00000KT 10SM SCT045 SCT075 26/15 A2995 RMK AO2 SLP132 T02610150
CVG,2023-07-22 17:52,KCVG 221752Z VRB04KT 10SM SCT050 27/15 A2995 RMK AO2 SLP131 T02670150 10272 20178 56005
CVG,2023-07-22 18:52,KCVG 221852Z 10005KT 10SM BKN055 27/15 A2993 RMK AO2 SLP127 T02720150
CVG,2023-07-22 19:52,KCVG 221952Z 32007KT 10SM SCT055 SCT070 28/15 A2992 RMK AO2 SLP123 SCT V BKN T02830150
CVG,2023-07-22 20:52,KCVG 222052Z 04006KT 10SM SCT055 BKN080 28/14 A2991 RMK AO2 SLP119 T02780144 56013
CVG,2023-07-22 21:52,KCVG 222152Z 00000KT 10SM SCT055 BKN070 BKN100 27/14 A2990 RMK AO2 SLP115 T02670144
CVG,2023-07-22 22:52,KCVG 222252Z 00000KT 10SM SCT065 28/14 A2989 RMK AO2 SLP111 T02830139
CVG,2023-07-22 23:52,KCVG 222352Z 25004KT 10SM SCT080 BKN110 26/14 A2990 RMK AO2 CIG 065 36R SLP114 T02610144 10289 20261 55005
CVG,2023-07-23 00:52,KCVG 230052Z 30004KT 10SM SCT060 BKN080 26/14 A2990 RMK AO2 SLP115 T02560144
CVG,2023-07-23 01:52,KCVG 230152Z 11006KT 10SM SCT060 SCT080 24/15 A2992 RMK AO2 SLP121 T02390150
CVG,2023-07-23 02:52,KCVG 230252Z 14006KT 10SM SCT070 22/15 A2993 RMK AO2 SLP126 T02220150 53012
CVG,2023-07-23 03:52,KCVG 230352Z 00000KT 10SM FEW070 FEW250 22/15 A2994 RMK AO2 SLP129 T02220150
CVG,2023-07-23 04:52,KCVG 230452Z 19004KT 10SM FEW070 FEW250 21/16 A2994 RMK AO2 SLP130 T02060156 402890172
CVG,2023-07-23 05:52,KCVG 230552Z 00000KT 10SM CLR 20/16 A2994 RMK AO2 SLP130 T02000161 10261 20200 50003
CVG,2023-07-23 06:52,KCVG 230652Z 19003KT 10SM CLR 18/17 A2993 RMK AO2 SLP126 T01830167
CVG,2023-07-23 07:52,KCVG 230752Z 00000KT 9SM CLR 19/18 A2993 RMK AO2 SLP124 T01890178
CVG,2023-07-23 08:52,KCVG 230852Z 00000KT 9SM CLR 18/18 A2994 RMK AO2 SLP128 T01830178 55001
CVG,2023-07-23 09:52,KCVG 230952Z 21003KT 8SM FEW250 17/17 A2995 RMK AO2 SLP135 T01670167
CVG,2023-07-23 10:52,KCVG 231052Z 00000KT 5SM BR FEW130 FEW250 17/17 A2997 RMK AO2 SLP138 T01720172
CVG,2023-07-23 11:52,KCVG 231152Z 19003KT 6SM BR FEW150 SCT250 19/18 A2998 RMK AO2 SLP142 T01890183 10200 20167 51013
CVG,2023-07-23 12:52,KCVG 231252Z 00000KT 8SM FEW150 SCT250 22/18 A2999 RMK AO2 SLP147 T02170178
CVG,2023-07-23 13:52,KCVG 231352Z 00000KT 9SM FEW150 24/18 A2999 RMK AO2 SLP147 T02390178
CVG,2023-07-23 14:52,KCVG 231452Z 23005KT 10SM FEW030 FEW150 FEW250 26/18 A3000 RMK AO2 SLP149 T02560183 51007
CVG,2023-07-23 15:52,KCVG 231552Z 24006KT 10SM SCT040 SCT055 27/18 A3000 RMK AO2 SLP149 T02670178
CVG,2023-07-23 16:52,KCVG 231652Z 25004KT 10SM SCT045 SCT070 27/17 A3000 RMK AO2 SLP149 T02670167
CVG,2023-07-23 17:52,KCVG 231752Z 27008KT 10SM SCT050 SCT070 26/17 A2999 RMK AO2 SLP147 T02610167 10278 20189 58002
CVG,2023-07-23 18:52,KCVG 231852Z 25007KT 10SM SCT050 SCT100 28/17 A2998 RMK AO2 SLP143 T02830167
CVG,2023-07-23 19:52,KCVG 231952Z 22008KT 10SM SCT055 28/17 A2997 RMK AO2 SLP138 T02780167
CVG,2023-07-23 20:52,KCVG 232052Z 25008KT 10SM FEW055 28/16 A2996 RMK AO2 SLP136 T02830161 56011
CVG,2023-07-23 21:52,KCVG 232152Z 24007KT 10SM SCT055 SCT200 28/16 A2995 RMK AO2 SLP135 T02780156
CVG,2023-07-23 22:52,KCVG 232252Z 24006KT 10SM SCT180 BKN190 27/16 A2996 RMK AO2 LTG DSNT W AND NW SLP137 T02670156
CVG,2023-07-23 23:52,KCVG 232352Z 25005KT 10SM BKN065 BKN140 BKN200 26/16 A2998 RMK AO2 LTG DSNT W-N SLP144 T02560161 10283 20256 53007
CVG,2023-07-24 00:52,KCVG 240052Z 33007KT 9SM SCT055 SCT075 BKN120 BKN160 24/18 A2999 RMK AO2 LTG DSNT SW AND W RAB19E35 TSB2354E45 SLP145 TS MOV SE P0000 T02440178
CVG,2023-07-24 01:52,KCVG 240152Z 26007KT 10SM FEW090 BKN210 BKN230 22/17 A3000 RMK AO2 SLP150 T02170167
CVG,2023-07-24 02:52,KCVG 240252Z 27005KT 9SM FEW150 BKN250 21/17 A3003 RMK AO2 LTG DSNT SW AND W SLP159 60000 T02060167 53013
CVG,2023-07-24 03:52,KCVG 240352Z 00000KT 8SM BKN250 21/17 A3003 RMK AO2 SLP161 T02060172
CVG,2023-07-24 04:52,KCVG 240452Z 00000KT 8SM BKN250 19/17 A3004 RMK AO2 SLP161 T01940172 402830167
CVG,2023-07-24 05:52,KCVG 240552Z 21003KT 8SM BKN250 19/17 A3004 RMK AO2 SLP161 60000 T01940172 10261 20189 51002
CVG,2023-07-24 06:52,KCVG 240652Z 23004KT 8SM BKN250 20/17 A3003 RMK AO2 SLP158 T02000172
CVG,2023-07-24 07:52,KCVG 240752Z 21003KT 8SM SCT250 19/17 A3003 RMK AO2 SLP158 T01890172
CVG,2023-07-24 08:52,KCVG 240852Z 17003KT 7SM SCT250 18/17 A3003 RMK AO2 SLP161 T01830172 55001
CVG,2023-07-24 09:52,KCVG 240952Z 18003KT 7SM BKN250 19/17 A3004 RMK AO2 SLP163 T01890172
CVG,2023-07-24 10:52,KCVG 241052Z 18005KT 8SM SCT055TCU BKN250 18/17 A3005 RMK AO2 SLP166 TCU N T01830172
CVG,2023-07-24 11:52,KCVG 241152Z 19007KT 9SM FEW048 BKN060CB BKN100 20/18 A3007 RMK AO2 SLP171 CB NE MOV E T02000183 10206 20178 53010
CVG,2023-07-24 12:52,KCVG 241252Z 19009KT 9SM FEW050 BKN095 OVC120 22/19 A3007 RMK AO2 LTG DSNT NE AND E SLP174 CB MOV E BINOVC T02220194
CVG,2023-07-24 13:52,KCVG 241352Z COR 20008KT 9SM VCTS FEW045CB SCT100 BKN120 BKN250 24/20 A3007 RMK AO2 LTG DSNT N-E SLP174 CB N AND E MOV SE T02390200
CVG,2023-07-24 14:52,KCVG 241452Z 20007KT 8SM FEW055 BKN095 BKN250 24/21 A3008 RMK AO2 LTG DSNT NE-SE TSB28E45 SLP176 TS MOV SE CB DSNT NE-SE T02440206 51004
CVG,2023-07-24 15:52,KCVG 241552Z 17006KT 10SM BKN060 BKN080 26/21 A3009 RMK AO2 LTG DSNT NE SLP180 TCU DSNT NE T02560206
CVG,2023-07-24 16:52,KCVG 241652Z 17011KT 10SM FEW055 FEW075 27/21 A3008 RMK AO2 SLP175 T02720206
CVG,2023-07-24 17:52,KCVG 241752Z 19010KT 170V230 10SM SCT050 SCT120 29/21 A3006 RMK AO2 SLP168 MDT CU S T02890206 10289 20206 58006
CVG,2023-07-24 18:52,KCVG 241852Z 20014G19KT 8SM FEW039 FEW120 29/21 A3004 RMK AO2 SLP162 T02890206
CVG,2023-07-24 19:52,KCVG 241952Z 23011KT 9SM SCT043 BKN070 29/22 A3003 RMK AO2 SLP161 MDT CU OHD TCU DSNT W T02890217
CVG,2023-07-24 20:52,KCVG 242052Z 10003KT 8SM TS FEW019 BKN038CB BKN075 OVC250 26/20 A3000 RMK AO2 SLP151 WSHFT 2027 RAB14E35 TSB20 FRQ LTGIC E-SE AND W TS E-SE AND W MOV E VCSH E P0036 60036 T02560200 58019
CVG,2023-07-24 21:52,KCVG 242152Z COR 26017G43KT 1SM R36C/1600V4000FT +TSRAGR FEW017 BKN031CB OVC070 23/19 A3003 RMK AO2 PK WND 27043/2147 WSHFT 2121 TWR VIS 1 1/2 RAB2057GRB49 SLP161 FRQ LTGICCG OHD-ALQDS TS OHD-ALQDS MOV E GR 1/4 P0081 T02
CVG,2023-07-24 22:52,KCVG 242252Z 12006KT 9SM FEW038 FEW085 OVC190 21/19 A3004 RMK AO2 LTG DSNT ALQDS RAE13GRE2159 TSE20 SLP164 TS MOV E CBMAM DSIPTD CB DSNT SE-S P0065 T02060189 $
CVG,2023-07-24 23:52,KCVG 242352Z 16008KT 8SM FEW027 FEW040 BKN130 OVC230 21/19 A3003 RMK AO2 LTG DSNT N AND SE SLP162 CB DSNT SE 60182 T02110194 10300 20206 50010 $
CVG,2023-07-25 00:52,KCVG 250052Z 19006KT 8SM FEW090 FEW140 OVC250 21/19 A3003 RMK AO2 RAB2357E14 SLP160 P0000 T02060194 $
CVG,2023-07-25 01:52,KCVG 250152Z 20009KT 8SM FEW048 FEW180 BKN250 21/19 A3006 RMK AO2 SLP172 T02060194 $
CVG,2023-07-25 02:52,KCVG 250252Z 24004KT 8SM BKN250 21/19 A3008 RMK AO2 SLP176 60000 T02110194 53015 $
CVG,2023-07-25 03:52,KCVG 250352Z 00000KT 7SM SCT250 19/19 A3008 RMK AO2 SLP176 T01940194 $
CVG,2023-07-25 04:52,KCVG 250452Z 18005KT 5SM BR SCT250 18/18 A3009 RMK AO2 SLP180 T01830183 403000178 $
CVG,2023-07-25 05:52,KCVG 250552Z 21004KT 7SM FEW250 19/19 A3008 RMK AO2 SLP176 60000 T01940189 10211 20183 50001 $
CVG,2023-07-25 06:52,KCVG 250652Z 19003KT 6SM BR FEW250 19/19 A3008 RMK AO2 SLP176 T01890189 $
CVG,2023-07-25 07:52,KCVG 250752Z 16003KT 6SM BR CLR 18/18 A3009 RMK AO2 SLP179 T01830183 $
CVG,2023-07-25 08:52,KCVG 250852Z 19003KT 6SM BR CLR 18/18 A3009 RMK AO2 SLP180 T01830183 53002 $
CVG,2023-07-25 09:52,KCVG 250952Z 00000KT 6SM BR CLR 18/18 A3009 RMK AO2 SLP182 T01780178 $
CVG,2023-07-25 10:52,KCVG 251052Z 25003KT 5SM BCFG BR CLR 18/18 A3010 RMK AO2 SLP186 T01830183 $
CVG,2023-07-25 11:52,KCVG 251152Z 00000KT 6SM BR CLR 19/19 A3012 RMK AO2 SLP191 70182 T01890189 10194 20172 53010
CVG,2023-07-25 12:52,KCVG 251252Z 00000KT 7SM CLR 21/20 A3012 RMK AO2 SLP193 T02060200
CVG,2023-07-25 13:52,KCVG 251352Z 00000KT 10SM CLR 23/21 A3013 RMK AO2 SLP193 T02280206
CVG,2023-07-25 14:52,KCVG 251452Z 00000KT 10SM CLR 24/21 A3013 RMK AO2 SLP195 T02440206 53006
CVG,2023-07-25 15:52,KCVG 251552Z 34005KT 9SM FEW030 27/20 A3014 RMK AO2 SLP195 T02670200
CVG,2023-07-25 16:52,KCVG 251652Z 00000KT 9SM FEW038 28/19 A3013 RMK AO2 SLP194 T02830189
CVG,2023-07-25 17:52,KCVG 251752Z 29005KT 8SM FEW045 29/18 A3013 RMK AO2 SLP191 T02890183 10289 20189 58002
CVG,2023-07-25 18:52,KCVG 251852Z 25006KT 6SM HZ FEW050 29/17 A3012 RMK AO2 SLP187 T02940172
CVG,2023-07-25 19:52,KCVG 251952Z 00000KT 5SM HZ FEW050 30/17 A3010 RMK AO2 SLP181 T03000172
CVG,2023-07-25 20:52,KCVG 252052Z 24004KT 5SM HZ FEW055 30/18 A3009 RMK AO2 SLP177 T03000178 56014
CVG,2023-07-25 21:52,KCVG 252152Z 24006KT 5SM HZ FEW055 29/17 A3008 RMK AO2 SLP177 T02940172
CVG,2023-07-25 22:52,KCVG 252252Z 21005KT 5SM HZ CLR 29/18 A3008 RMK AO2 SLP176 T02890178
CVG,2023-07-25 23:52,KCVG 252352Z 20004KT 5SM HZ CLR 27/19 A3008 RMK AO2 SLP177 T02720189 10306 20272 55002
CVG,2023-07-26 00:52,KCVG 260052Z 19003KT 6SM HZ CLR 26/19 A3007 RMK AO2 SLP174 T02560189
CVG,2023-07-26 01:52,KCVG 260152Z 17003KT 7SM CLR 26/19 A3008 RMK AO2 SLP177 T02560189
CVG,2023-07-26 02:52,KCVG 260252Z 17005KT 6SM HZ CLR 24/20 A3009 RMK AO2 SLP179 T02440200 53004
CVG,2023-07-26 03:52,KCVG 260352Z 17005KT 7SM CLR 24/19 A3010 RMK AO2 SLP180 T02390194
CVG,2023-07-26 04:52,KCVG 260452Z 16006KT 7SM CLR 23/19 A3009 RMK AO2 SLP177 T02330194 403060172 $
CVG,2023-07-26 05:52,KCVG 260552Z 19005KT 7SM FEW040 23/19 A3009 RMK AO2 SLP178 T02330194 10272 20233 58001 $
CVG,2023-07-26 06:52,KCVG 260652Z 16005KT 7SM CLR 23/20 A3007 RMK AO2 SLP171 T02330200 $
CVG,2023-07-26 07:52,KCVG 260752Z 14010KT 7SM FEW250 23/20 A3004 RMK AO2 SLP161 T02330200 $
CVG,2023-07-26 08:52,KCVG 260852Z 17006KT 7SM SCT250 22/20 A3004 RMK AO2 SLP162 T02170200 55015 $
CVG,2023-07-26 09:52,KCVG 260952Z 17007KT 7SM SCT250 22/21 A3004 RMK AO2 SLP162 T02220206 $
CVG,2023-07-26 10:52,KCVG 261052Z 18007KT 6SM BR SCT075 BKN300 22/21 A3006 RMK AO2 SLP168 T02170206 $
CVG,2023-07-26 11:52,KCVG 261152Z 18008KT 6SM BR FEW090 SCT300 23/22 A3006 RMK AO2 SLP167 T02330217 10239 20211 50005
CVG,2023-07-26 12:52,KCVG 261252Z 19009KT 7SM FEW080 SCT300 25/22 A3006 RMK AO2 SLP167 T02500222
CVG,2023-07-26 13:52,KCVG 261352Z 20010KT 9SM SCT300 27/23 A3004 RMK AO2 SLP162 T02720228
CVG,2023-07-26 14:52,KCVG 261452Z 21011KT 10SM SCT300 28/23 A3003 RMK AO2 SLP157 T02830228 58010
CVG,2023-07-26 15:52,KCVG 261552Z 21012KT 10SM FEW027 SCT300 29/23 A3003 RMK AO2 SLP159 T02940233
CVG,2023-07-26 16:52,KCVG 261652Z 21011KT 9SM FEW032 SCT140 BKN250 30/23 A3003 RMK AO2 SLP157 T03000233
CVG,2023-07-26 17:52,KCVG 261752Z 23010G18KT 9SM FEW038 BKN140 31/23 A3002 RMK AO2 SLP153 T03110233 10311 20233 58004
CVG,2023-07-26 18:52,KCVG 261852Z 24011G17KT 9SM FEW038 BKN130 BKN250 32/23 A2999 RMK AO2 LTG DSNT NW SLP144 T03220228
CVG,2023-07-26 19:52,KCVG 261952Z 19013KT 9SM FEW040 FEW120 BKN160 BKN250 31/23 A2997 RMK AO2 SLP138 T03060233
CVG,2023-07-26 20:52,KCVG 262052Z 20010G17KT 9SM BKN160 BKN250 30/23 A2996 RMK AO2 SLP134 T03000228 56019
CVG,2023-07-26 21:52,KCVG 262152Z 19016G23KT 8SM BKN150 BKN240 29/23 A2994 RMK AO2 SLP128 T02940228
CVG,2023-07-26 22:52,KCVG 262252Z 20017G24KT 8SM BKN150 OVC210 29/23 A2993 RMK AO2 PK WND 20026/2157 SLP123 T02890228
CVG,2023-07-26 23:52,KCVG 262352Z 20014KT 9SM FEW070 FEW100 BKN150 BKN250 29/22 A2993 RMK AO2 RAB25E40 SLP124 P0000 60000 T02890222 10322 20283 55009
CVG,2023-07-27 00:52,KCVG 270052Z 20013G20KT 9SM FEW110 SCT180 BKN230 28/22 A2993 RMK AO2 SLP124 T02780217
CVG,2023-07-27 01:52,KCVG 270152Z 21012G20KT 9SM BKN160 27/22 A2994 RMK AO2 SLP127 T02720217
CVG,2023-07-27 02:52,KCVG 270252Z 21015G22KT 10SM SCT130 27/22 A2994 RMK AO2 SLP126 T02670217 53003
CVG,2023-07-27 03:52,KCVG 270352Z 22010G20KT 10SM FEW090 BKN130 27/22 A2995 RMK AO2 LTG DSNT NE SLP131 T02670217
CVG,2023-07-27 04:52,KCVG 270452Z 24009KT 10SM BKN080 BKN110 26/22 A2996 RMK AO2 LTG DSNT E AND SE TSE0356 SLP134 T02610217 403220211 $
CVG,2023-07-27 05:52,KCVG 270552Z 21007KT 10SM BKN080 BKN095 26/22 A2997 RMK AO2 LTG DSNT SE AND S SLP135 T02560217 10283 20256 51008 $
CVG,2023-07-27 06:52,KCVG 270652Z 21007KT 10SM FEW095 SCT150 SCT200 25/22 A2996 RMK AO2 SLP131 T02500217 $
CVG,2023-07-27 07:52,KCVG 270752Z 22010KT 10SM SCT150 24/22 A2995 RMK AO2 SLP129 T02440217 $
CVG,2023-07-27 08:52,KCVG 270852Z 21009KT 10SM SCT150 24/22 A2995 RMK AO2 SLP130 T02390217 56006 $
CVG,2023-07-27 09:52,KCVG 270952Z 21008KT 10SM FEW065 24/22 A2996 RMK AO2 SLP134 T02390217 $
CVG,2023-07-27 10:52,KCVG 271052Z 22006KT 7SM FEW060 23/22 A2998 RMK AO2 SLP141 T02330217 $
CVG,2023-07-27 11:52,KCVG 271152Z 21008KT 8SM FEW130 24/22 A3000 RMK AO2 SLP146 T02390222 10256 20233 53016
CVG,2023-07-27 12:52,KCVG 271252Z 23008KT 8SM SCT120 25/22 A3001 RMK AO2 SLP151 ACC N T02500222
CVG,2023-07-27 13:52,KCVG 271352Z 22008KT 8SM FEW016 SCT120 SCT160 27/23 A3002 RMK AO2 SLP153 T02670233
CVG,2023-07-27 14:52,KCVG 271452Z 23008KT 8SM FEW018 BKN075 BKN210 28/24 A3002 RMK AO2 SLP154 T02780239 51008
CVG,2023-07-27 15:52,KCVG 271552Z 21007KT 8SM FEW019 SCT080 BKN240 29/24 A3003 RMK AO2 SLP155 T02890244
CVG,2023-07-27 16:52,KCVG 271652Z 23006KT 7SM BKN023 30/25 A3002 RMK AO2 SLP154 T03000250
CVG,2023-07-27 17:52,KCVG 271752Z 19008KT 6SM HZ BKN026 BKN034 31/26 A3002 RMK AO2 SLP153 T03060256 10306 20239 50000
CVG,2023-07-27 18:52,KCVG 271852Z 21008KT 6SM HZ FEW027 SCT034 32/25 A3001 RMK AO2 SLP151 T03170250
CVG,2023-07-27 19:52,KCVG 271952Z 22009KT 6SM VCTS HZ SCT032 BKN041 BKN065 31/25 A3000 RMK AO2 LTG DSNT NW-E SLP147 CB DSNT N-NE T03110250
CVG,2023-07-27 20:52,KCVG 272052Z 21009KT 7SM VCTS SCT036 BKN070 BKN160 BKN250 32/24 A2999 RMK AO2 LTG DSNT NW-E SLP144 CB DSNT N-NE AND NW T03170244 57009 $
CVG,2023-07-27 21:52,KCVG 272152Z 23005KT 7SM TS FEW038CB SCT090 SCT150 OVC250 31/24 A3001 RMK AO2 LTG DSNT ALQDS TSB30 SLP150 FRQ LTGICCG N-E TS N-E MOV SE T03060244 $
CVG,2023-07-27 22:52,KCVG 272252Z 10006KT 10SM SCT032TCU SCT048 BKN060 OVC200 27/20 A3000 RMK AO2 LTG DSNT ALQDS TSE28 PRESFR SLP147 WSHFT 2210 TS MOV SE TCU OHD CB DSNT SE-SW AND NW T02670200 $
CVG,2023-07-27 23:52,KCVG 272352Z 25004KT 10SM FEW033 FEW100 SCT180 OVC250 26/22 A2999 RMK AO2 LTG DSNT SE AND S RAB01E13B27E33 TSB04E20 SLP145 TS DSIPTD CB DSNT SE-S P0000 60000 T02610222 10322 20256 58001 $
CVG,2023-07-28 00:52,KCVG 280052Z 09007KT 10SM FEW036TCU FEW090 SCT200 OVC250 27/20 A2999 RMK AO2 LTG DSNT SE-SW SLP142 TCU NE-E T02670200 $
CVG,2023-07-28 01:52,KCVG 280152Z 13014KT 2SM +TSRA SCT028 BKN041CB OVC050 27/22 A3002 RMK AO2 LTG DSNT ALQDS RAB46 TSB28 PRESRR SLP154 CONS LTGCGIC OHD-NW-NE TS OHD-NW-NE MOV SE P0000 T02720217 $
CVG,2023-07-28 02:56,KCVG 280256Z 33008G23KT 1/2SM R36C/1600V4500FT +TSRA FG BKN009CB BKN015 OVC025 23/22 A3005 RMK AO2 TWR VIS 1 1/2 LTG DSNT ALQDS P0026 T02330222 $
CVG,2023-07-28 03:52,KCVG 280352Z 36006KT 5SM -TSRA BR FEW060CB SCT070 OVC085 22/22 A3006 RMK AO2 WSHFT 0259 LTG DSNT ALQDS SLP168 CONS LTGICCCCGCA OHD-ALQDS TS OHD-ALQDS MOV SE P0089 T02220217 $
CVG,2023-07-28 04:52,KCVG 280452Z COR 14015KT 10SM TS SCT040CB BKN055 BKN110 OVC190 23/22 A3006 RMK AO2 LTG DSNT ALQDS RAE31 TSE10B13 SLP167 CONS LTGICCCCA NW-N TS NW-N MOV ENE P0002 T02330217 403220217 $
CVG,2023-07-28 05:52,KCVG 280552Z 18011KT 10SM TS SCT040CB BKN080 BKN095 OVC190 23/22 A3005 RMK AO2 LTG DSNT ALQDS TSE09B10 SLP164 CONS LTGICCCCGCA NW-N TS NW-N MOV NE 60279 T02330217 10272 20217 58005 $
CVG,2023-07-28 06:52,KCVG 280652Z 32006KT 10SM TS FEW035CB SCT040 BKN180 OVC200 23/22 A3007 RMK AO2 LTG DSNT ALQDS TSB44 SLP168 CONS LTGICCCCGCA NW-NE TS NW-NE MOV NE T02330222 $
CVG,2023-07-28 07:52,KCVG 280752Z COR 30006KT 9SM TS FEW031CB BKN160 OVC180 23/22 A3005 RMK AO2 LTG DSNT ALQDS TSE23B24 CONS LTGICCCCA NW-N TS NW-N NO MVMT SLP165 T02330222 $
CVG,2023-07-28 08:52,KCVG 280852Z 22006KT 10SM SCT035 BKN150 OVC170 23/22 A3003 RMK AO2 LTG DSNT N AND NW TSE47 SLP157 TS MOV N T02280222 58012 $
CVG,2023-07-28 09:52,KCVG 280952Z 25007KT 10SM OVC200 23/22 A3004 RMK AO2 LTG DSNT N AND NW SLP160 T02330222 $
CVG,2023-07-28 10:52,KCVG 281052Z 26009KT 7SM BKN150 BKN200 23/22 A3003 RMK AO2 LTG DSNT N AND NW SLP160 T02330222 $
CVG,2023-07-28 11:52,KCVG 281152Z 23007KT 5SM BR SCT150 BKN250 23/23 A3002 RMK AO2 SLP156 70279 T02330228 10233 20228 58002 $
CVG,2023-07-28 12:52,KCVG 281252Z 21006KT 7SM BKN150 BKN250 25/23 A3003 RMK AO2 SLP156 T02500233
CVG,2023-07-28 13:52,KCVG 281352Z 18005KT 7SM FEW013 SCT150 SCT250 26/24 A3008 RMK AO2 SLP175 T02610239
CVG,2023-07-28 14:52,KCVG 281452Z 25008KT 7SM SCT015 BKN055 BKN080 27/24 A3011 RMK AO2 SLP186 T02670239 53029
CVG,2023-07-28 15:52,KCVG 281552Z 35014KT 6SM VCTS HZ SCT023 BKN031 OVC050 29/24 A3010 RMK AO2 WSHFT 1524 LTG DSNT ALQDS PRESFR SLP180 OCNL BINOVC T02890239
CVG,2023-07-28 16:52,KCVG 281652Z 12006KT 10SM SCT090 BKN150 BKN250 29/22 A3001 RMK AO2 LTG DSNT E AND SE PRESFR SLP149 T02940217
CVG,2023-07-28 17:52,KCVG 281752Z 16011KT 7SM FEW090 BKN150 BKN250 29/24 A3004 RMK AO2 SLP159 T02890239 10300 20233 55025
CVG,2023-07-28 18:52,KCVG 281852Z 15012KT 7SM BKN150 BKN250 29/24 A3004 RMK AO2 SLP161 T02890244
CVG,2023-07-28 19:52,KCVG 281952Z 18010KT 8SM FEW023 FEW160 SCT250 BKN300 31/26 A3002 RMK AO2 SLP154 T03060261
CVG,2023-07-28 20:52,KCVG 282052Z 20010KT 8SM FEW031 FEW170 SCT300 32/25 A3001 RMK AO2 SLP149 T03220250 58009
CVG,2023-07-28 21:52,KCVG 282152Z 21011KT 7SM FEW037 FEW300 32/25 A2999 RMK AO2 SLP144 T03220250
CVG,2023-07-28 22:52,KCVG 282252Z 23007KT 7SM FEW039 FEW300 32/24 A3000 RMK AO2 SLP146 T03220244
CVG,2023-07-28 23:52,KCVG 282352Z 24006KT 8SM FEW039 FEW300 31/24 A3001 RMK AO2 SLP152 T03110244 10328 20289 53002
CVG,2023-07-29 00:52,KCVG 290052Z 22004KT 8SM FEW038 29/24 A3002 RMK AO2 SLP155 T02940239
CVG,2023-07-29 01:52,KCVG 290152Z 21005KT 8SM CLR 28/24 A3001 RMK AO2 SLP149 T02780239
CVG,2023-07-29 02:52,KCVG 290252Z 20006KT 7SM CLR 28/24 A3000 RMK AO2 SLP147 T02780244 58004
CVG,2023-07-29 03:52,KCVG 290352Z 19005KT 8SM FEW250 27/24 A3001 RMK AO2 SLP150 T02670244
CVG,2023-07-29 04:52,KCVG 290452Z 21008KT 8SM FEW250 27/24 A3001 RMK AO2 SLP150 T02720239 403280228 $
CVG,2023-07-29 05:52,KCVG 290552Z 22007KT 7SM CLR 27/24 A3000 RMK AO2 SLP147 T02670239 10311 20267 50000 $
CVG,2023-07-29 06:52,KCVG 290652Z 22009KT 8SM FEW250 26/23 A2997 RMK AO2 SLP135 T02610233 $
CVG,2023-07-29 07:52,KCVG 290752Z 22008KT 8SM FEW250 26/23 A2997 RMK AO2 SLP138 T02610233 $
CVG,2023-07-29 08:52,KCVG 290852Z 23007KT 8SM SCT095 26/23 A2997 RMK AO2 LTG DSNT W-N SLP136 T02560233 56010 $
CVG,2023-07-29 09:52,KCVG 290952Z 35016G21KT 10SM TS BKN026 OVC240CB 22/20 A3003 RMK AO2 PK WND 30041/0906 WSHFT 0904 LTG DSNT N AND NE AND S RAB08E48 TSB18E33B42 SLP157 OCNL LTGIC TS N MOV E P0011 T02170200 $
CVG,2023-07-29 10:52,KCVG 291052Z 29005KT 10SM SCT070 OVC110 22/20 A3004 RMK AO2 LTG DSNT W AND NW RAB00E10 TSE0956 PRESRR SLP162 TS MOV E P0000 T02220200 $
CVG,2023-07-29 11:52,KCVG 291152Z 19010KT 8SM -RA FEW020 BKN040 OVC070 21/21 A2998 RMK AO2 RAB18 SLP139 OCNL BINOVC P0004 60015 70015 T02110206 10267 20211 50002 $
CVG,2023-07-29 12:52,KCVG 291252Z 23006KT 10SM BKN130 OVC150 22/21 A2994 RMK AO2 RAE06 SLP126 BINOVC N P0000 T02170206 $
CVG,2023-07-29 13:52,KCVG 291352Z 29007KT 10SM FEW020 SCT130 BKN200 23/22 A3002 RMK AO2 SLP153 T02330217 $
CVG,2023-07-29 14:52,KCVG 291452Z 26009KT 10SM SCT150 BKN200 26/22 A3000 RMK AO2 SLP148 60000 T02610217 53009 $
CVG,2023-07-29 15:52,KCVG 291552Z 27011KT 10SM FEW150 SCT250 27/22 A3002 RMK AO2 SLP154 T02720217 $
CVG,2023-07-29 16:52,KCVG 291652Z 26010KT 10SM FEW030 SCT150 SCT250 28/22 A3003 RMK AO2 SLP156 T02830217 $
CVG,2023-07-29 17:52,KCVG 291752Z 30018KT 10SM SCT033 SCT150 SCT250 29/22 A3004 RMK AO2 SLP160 60000 T02940217 10294 20211 51013 $
CVG,2023-07-29 18:52,KCVG 291852Z 31009G19KT 10SM FEW035 SCT250 29/21 A3002 RMK AO2 SLP152 T02940206 $
CVG,2023-07-29 19:52,KCVG 291952Z 32008KT 10SM SCT040 SCT250 30/21 A3001 RMK AO2 SLP149 T03000211 $
CVG,2023-07-29 20:52,KCVG 292052Z 35010KT 10SM FEW042 SCT250 29/21 A2999 RMK AO2 SLP142 T02940211 56017 $
CVG,2023-07-29 21:52,KCVG 292152Z 36010KT 10SM BKN038 28/22 A3000 RMK AO2 SLP147 T02830217 $
CVG,2023-07-29 22:52,KCVG 292252Z 01011KT 10SM SCT036 28/21 A3001 RMK AO2 SLP149 T02830211 $
CVG,2023-07-29 23:52,KCVG 292352Z 32007KT 10SM FEW035 28/20 A3000 RMK AO2 SLP150 T02780200 10306 20278 50005 $
CVG,2023-07-30 00:52,KCVG 300052Z 32005KT 10SM FEW035 26/20 A3001 RMK AO2 SLP154 T02610200 $
CVG,2023-07-30 01:52,KCVG 300152Z 33006KT 10SM FEW035 25/20 A3001 RMK AO2 SLP152 T02500200 $
CVG,2023-07-30 02:52,KCVG 300252Z 34005KT 10SM CLR 25/20 A3002 RMK AO2 SLP155 T02500200 53006 $
CVG,2023-07-30 03:52,KCVG 300352Z 32005KT 10SM SCT040 24/20 A3003 RMK AO2 SLP158 T02440200 $
CVG,2023-07-30 04:52,KCVG 300452Z 34008KT 10SM FEW040 SCT250 24/20 A3003 RMK AO2 SLP159 T02390200 403060211 $
CVG,2023-07-30 05:52,KCVG 300552Z 36007KT 10SM BKN250 24/21 A3001 RMK AO2 SLP151 T02390206 10278 20233 58003 $
CVG,2023-07-30 06:52,KCVG 300652Z 36005KT 10SM BKN250 22/21 A3001 RMK AO2 SLP152 T02220206 $
CVG,2023-07-30 07:52,KCVG 300752Z 04006KT 10SM SCT250 22/21 A3002 RMK AO2 SLP153 T02220211 $
CVG,2023-07-30 08:52,KCVG 300852Z 04005KT 10SM SCT043 OVC250 22/21 A3001 RMK AO2 SLP151 T02170211 50000 $
CVG,2023-07-30 09:52,KCVG 300952Z 03006KT 10SM SCT045 22/21 A3002 RMK AO2 SLP153 T02170211 $
CVG,2023-07-30 10:52,KCVG 301052Z 05005KT 10SM SCT045 SCT150 23/20 A3003 RMK AO2 SLP158 T02330206 $
CVG,2023-07-30 11:52,KCVG 301152Z 03004KT 10SM FEW020 BKN050 BKN150 23/22 A3005 RMK AO2 SLP165 T02280217 53013 $
CVG,2023-07-30 12:52,KCVG 301252Z 06005KT 10SM FEW025 FEW150 23/22 A3006 RMK AO2 SLP169 T02280217 $
CVG,2023-07-30 13:52,KCVG 301352Z 08005KT 10SM FEW028 24/20 A3007 RMK AO2 SLP173 T02440200 $
CVG,2023-07-30 14:52,KCVG 301452Z 04006KT 10SM SCT033 26/19 A3007 RMK AO2 SLP172 T02560183 51007 $
CVG,2023-07-30 15:52,KCVG 301552Z VRB04KT 10SM SCT038 27/18 A3007 RMK AO2 SLP172 T02720178 $
CVG,2023-07-30 16:52,KCVG 301652Z 10003KT 10SM SCT045 27/17 A3006 RMK AO2 SLP169 T02720172 $
CVG,2023-07-30 17:52,KCVG 301752Z 28004KT 10SM SCT050 29/17 A3005 RMK AO2 SLP163 T02890172 10289 20228 58008 $
CVG,2023-07-30 18:52,KCVG 301852Z 32008KT 280V360 10SM SCT050 29/17 A3005 RMK AO2 SLP163 T02890172 $
CVG,2023-07-30 19:52,KCVG 301952Z 01007KT 10SM SCT050 30/18 A3004 RMK AO2 SLP160 T02940178 $
CVG,2023-07-30 20:52,KCVG 302052Z 34009KT 10SM SCT050 31/17 A3002 RMK AO2 SLP154 T03060172 58009 $
CVG,2023-07-30 21:52,KCVG 302152Z 33009KT 10SM SCT050 30/17 A3001 RMK AO2 SLP152 T03000167 $
CVG,2023-07-30 22:52,KCVG 302252Z 30009KT 10SM SCT060 SCT080 30/17 A3002 RMK AO2 SLP153 T02940172 $
CVG,2023-07-30 23:52,KCVG 302352Z 29010KT 10SM FEW060 29/16 A3002 RMK AO2 SLP156 T02830161 10306 20283 53001 $
CVG,2023-07-31 00:52,KCVG 310052Z 31006KT 10SM FEW050 29/16 A3002 RMK AO2 SLP156 T02940161 $
CVG,2023-07-31 01:52,KCVG 310152Z 29003KT 10SM CLR 28/16 A3003 RMK AO2 SLP156 T02830161 $
CVG,2023-07-31 02:52,KCVG 310252Z 31005KT 10SM CLR 25/17 A3004 RMK AO2 SLP161 T02500167 53005 $
CVG,2023-07-31 03:52,KCVG 310352Z 31005KT 10SM FEW050 26/18 A3003 RMK AO2 SLP158 T02610178 $
CVG,2023-07-31 04:52,KCVG 310452Z 34007KT 10SM FEW050 24/18 A3004 RMK AO2 SLP161 T02440183 403060217 $
CVG,2023-07-31 05:52,KCVG 310552Z 35007KT 10SM FEW050 22/18 A3004 RMK AO2 SLP160 T02170178 10294 20217 56001 $
CVG,2023-07-31 06:52,KCVG 310652Z 36006KT 10SM FEW050 21/18 A3003 RMK AO2 SLP159 T02110183 $
CVG,2023-07-31 07:52,KCVG 310752Z 35004KT 10SM CLR 21/18 A3003 RMK AO2 SLP159 T02060178 $
CVG,2023-07-31 08:52,KCVG 310852Z 34006KT 10SM FEW100 19/18 A3005 RMK AO2 SLP165 T01940178 53004 $
CVG,2023-07-31 09:52,KCVG 310952Z 35006KT 9SM SCT130 19/18 A3007 RMK AO2 SLP172 T01890178 $
CVG,2023-07-31 10:52,KCVG 311052Z 36004KT 7SM SCT050 SCT150 19/18 A3008 RMK AO2 SLP176 T01890178 $
CVG,2023-07-31 11:52,KCVG 311152Z 01005KT 7SM FEW050 BKN150 20/18 A3009 RMK AO2 SLP178 T02000183 10217 20189 51012 $
CVG,2023-07-31 12:52,KCVG 311252Z 04005KT 9SM FEW055 FEW150 22/18 A3010 RMK AO2 SLP181 T02220183 $
CVG,2023-07-31 13:52,KCVG 311352Z 04010KT 10SM CLR 23/17 A3011 RMK AO2 SLP185 T02330167 $
CVG,2023-07-31 14:52,KCVG 311452Z 01006KT 10SM FEW021 24/16 A3012 RMK AO2 SLP190 T02440161 51013
CVG,2023-07-31 15:52,KCVG 311552Z 02005KT 10SM SCT040 SCT050 26/16 A3014 RMK AO2 SLP194 T02560156
CVG,2023-07-31 16:52,KCVG 311652Z 02009KT 10SM SCT045 SCT055 26/15 A3013 RMK AO2 SLP193 T02610150
CVG,2023-07-31 17:52,KCVG 311752Z 36006G16KT 10SM SCT055 SCT060 27/16 A3012 RMK AO2 SLP189 T02670156 10267 20200 58001
CVG,2023-07-31 18:52,KCVG 311852Z 34009KT 10SM FEW060 FEW250 27/13 A3012 RMK AO2 SLP191 T02670128
CVG,2023-07-31 19:52,KCVG 311952Z 35009KT 10SM FEW060 27/12 A3012 RMK AO2 SLP190 T02670122
CVG,2023-07-31 20:52,KCVG 312052Z 36012KT 10SM FEW065 27/12 A3011 RMK AO2 SLP186 T02670122 58004
CVG,2023-07-31 21:52,KCVG 312152Z 34008KT 10SM FEW065 26/12 A3011 RMK AO2 SLP187 T02610122
CVG,2023-07-31 22:52,KCVG 312252Z 35009KT 10SM FEW065 26/13 A3011 RMK AO2 SLP186 T02560128
CVG,2023-07-31 23:52,KCVG 312352Z 34006KT 10SM FEW065 24/13 A3011 RMK AO2 SLP187 T02440133 10272 20244 58000
CVG,2023-08-01 00:52,KCVG 010052Z 35007KT 10SM FEW060 23/13 A3011 RMK AO2 SLP188 T02280128
CVG,2023-08-01 01:52,KCVG 010152Z 09005KT 10SM CLR 22/13 A3014 RMK AO2 SLP197 T02220128
CVG,2023-08-01 02:52,KCVG 010252Z 09005KT 10SM CLR 22/13 A3015 RMK AO2 SLP201 T02170133 53015
CVG,2023-08-01 03:52,KCVG 010352Z 08004KT 10SM CLR 21/13 A3016 RMK AO2 SLP203 T02110133
CVG,2023-08-01 04:52,KCVG 010452Z 08005KT 10SM CLR 20/13 A3016 RMK AO2 SLP203 T02000133 402720189
CVG,2023-08-01 05:52,KCVG 010552Z 02004KT 10SM CLR 19/14 A3016 RMK AO2 SLP203 T01890144 10244 20189 51002
CVG,2023-08-01 06:52,KCVG 010652Z 01004KT 10SM CLR 18/14 A3016 RMK AO2 SLP205 T01830144
CVG,2023-08-01 07:52,KCVG 010752Z 36003KT 10SM CLR 18/14 A3017 RMK AO2 SLP205 T01830144
CVG,2023-08-01 08:52,KCVG 010852Z 02005KT 10SM CLR 18/14 A3018 RMK AO2 SLP211 T01780144 53006
CVG,2023-08-01 09:52,KCVG 010952Z 01003KT 10SM CLR 18/14 A3019 RMK AO2 SLP215 T01780144
CVG,2023-08-01 10:52,KCVG 011052Z 02005KT 9SM CLR 18/14 A3020 RMK AO2 SLP219 T01780144
CVG,2023-08-01 11:52,KCVG 011152Z 07004KT 10SM CLR 19/14 A3021 RMK AO2 SLP222 T01890144 10194 20172 51011
CVG,2023-08-01 12:52,KCVG 011252Z 08006KT 10SM CLR 20/14 A3022 RMK AO2 SLP226 T02000144
CVG,2023-08-01 13:52,KCVG 011352Z 10007KT 10SM CLR 22/14 A3023 RMK AO2 SLP230 T02220144
CVG,2023-08-01 14:52,KCVG 011452Z 10006KT 10SM CLR 23/13 A3024 RMK AO2 SLP230 T02330133 51009
CVG,2023-08-01 15:52,KCVG 011552Z 11009KT 9SM CLR 24/13 A3024 RMK AO2 SLP232 T02440133
CVG,2023-08-01 16:52,KCVG 011652Z 12007KT 080V140 8SM FEW045 25/13 A3023 RMK AO2 SLP227 T02500133
CVG,2023-08-01 17:52,KCVG 011752Z 00000KT 9SM FEW050 26/12 A3022 RMK AO2 SLP224 T02560122 10261 20189 58006
CVG,2023-08-01 18:52,KCVG 011852Z 11005KT 9SM FEW050 FEW300 26/13 A3021 RMK AO2 SLP221 T02610133
CVG,2023-08-01 19:52,KCVG 011952Z 00000KT 9SM FEW060 FEW300 27/13 A3019 RMK AO2 SLP213 T02720133
CVG,2023-08-01 20:52,KCVG 012052Z VRB05KT 9SM FEW060 SCT300 27/13 A3017 RMK AO2 SLP207 T02720133 58016
CVG,2023-08-01 21:52,KCVG 012152Z 13005KT 8SM FEW060 FEW300 26/13 A3016 RMK AO2 SLP205 T02610133
CVG,2023-08-01 22:52,KCVG 012252Z 10006KT 8SM FEW055 FEW300 26/14 A3016 RMK AO2 SLP204 T02560139
CVG,2023-08-01 23:52,KCVG 012352Z 11007KT 8SM FEW300 25/14 A3016 RMK AO2 SLP206 T02500139 10278 20250 55001
CVG,2023-08-02 00:52,KCVG 020052Z 10005KT 8SM SCT300 23/14 A3017 RMK AO2 SLP210 T02330144
CVG,2023-08-02 01:52,KCVG 020152Z 11006KT 9SM FEW300 22/14 A3018 RMK AO2 SLP212 T02220144
CVG,2023-08-02 02:52,KCVG 020252Z 09007KT 10SM FEW250 21/15 A3019 RMK AO2 SLP214 T02110150 51007
CVG,2023-08-02 03:52,KCVG 020352Z 09008KT 10SM CLR 21/16 A3020 RMK AO2 SLP216 T02060156
CVG,2023-08-02 04:52,KCVG 020452Z 09007KT 10SM FEW250 21/16 A3019 RMK AO2 SLP214 T02060156 402780172
CVG,2023-08-02 05:52,KCVG 020552Z 11005KT 10SM FEW250 20/15 A3019 RMK AO2 SLP215 T02000150 10244 20200 51002
CVG,2023-08-02 06:52,KCVG 020652Z 11004KT 10SM CLR 19/15 A3019 RMK AO2 SLP213 T01890150
CVG,2023-08-02 07:52,KCVG 020752Z 10005KT 10SM CLR 19/14 A3017 RMK AO2 SLP206 T01890144
CVG,2023-08-02 08:52,KCVG 020852Z 09004KT 10SM CLR 18/14 A3016 RMK AO2 SLP205 T01780144 56010
CVG,2023-08-02 09:52,KCVG 020952Z 10004KT 10SM CLR 18/14 A3015 RMK AO2 SLP203 T01780139
CVG,2023-08-02 10:52,KCVG 021052Z 11005KT 8SM CLR 18/14 A3017 RMK AO2 SLP207 T01780139
CVG,2023-08-02 11:52,KCVG 021152Z 10003KT 8SM FEW250 18/14 A3018 RMK AO2 SLP212 T01830144 10200 20172 53006
CVG,2023-08-02 12:52,KCVG 021252Z 10004KT 8SM SCT250 21/16 A3018 RMK AO2 SLP212 T02060156
CVG,2023-08-02 13:52,KCVG 021352Z 12007KT 10SM CLR 22/16 A3018 RMK AO2 SLP212 T02220161
CVG,2023-08-02 14:52,KCVG 021452Z 12008KT 10SM BKN300 24/16 A3016 RMK AO2 SLP204 T02390156 58007
CVG,2023-08-02 15:52,KCVG 021552Z 15006KT 10SM BKN300 24/15 A3017 RMK AO2 SLP208 T02440150
CVG,2023-08-02 16:52,KCVG 021652Z 13008KT 10SM BKN300 26/16 A3015 RMK AO2 SLP200 T02610156
CVG,2023-08-02 17:52,KCVG 021752Z 10004KT 10SM FEW240 OVC300 27/16 A3014 RMK AO2 SLP196 OVC THN T02670156 10272 20183 58008
CVG,2023-08-02 18:52,KCVG 021852Z 00000KT 9SM FEW055 FEW250 OVC300 27/15 A3012 RMK AO2 SLP189 T02720150
CVG,2023-08-02 19:52,KCVG 021952Z 25004KT 9SM FEW055 OVC300 28/16 A3010 RMK AO2 SLP183 T02780161
CVG,2023-08-02 20:52,KCVG 022052Z 18006KT 9SM FEW055 OVC300 28/17 A3008 RMK AO2 SLP176 T02780172 57019
CVG,2023-08-02 21:52,KCVG 022152Z 24006KT 9SM SCT055 OVC300 28/17 A3006 RMK AO2 SLP171 T02780167
CVG,2023-08-02 22:52,KCVG 022252Z 23005KT 9SM FEW060 SCT250 OVC300 27/17 A3006 RMK AO2 SLP170 T02670172
CVG,2023-08-02 23:52,KCVG 022352Z 21004KT 9SM FEW060 FEW250 BKN300 25/17 A3006 RMK AO2 SLP169 T02500172 10289 20250 56008
CVG,2023-08-03 00:52,KCVG 030052Z 21004KT 10SM BKN100 BKN140 OVC250 24/17 A3006 RMK AO2 SLP169 T02390172
CVG,2023-08-03 01:52,KCVG 030152Z 25005KT 9SM FEW095 SCT200 OVC250 23/18 A3008 RMK AO2 SLP176 T02330183
CVG,2023-08-03 02:52,KCVG 030252Z 25003KT 10SM BKN065 OVC100 23/17 A3008 RMK AO2 SLP176 T02280172 52008
CVG,2023-08-03 03:52,KCVG 030352Z 26003KT 10SM BKN085 OVC100 22/18 A3007 RMK AO2 SLP173 BINOVC T02220178
CVG,2023-08-03 04:52,KCVG 030452Z 23004KT 10SM BKN085 OVC110 21/19 A3006 RMK AO2 SLP169 BINOVC T02110189 402890172
CVG,2023-08-03 05:52,KCVG 030552Z 20004KT 10SM BKN070 OVC095 21/19 A3004 RMK AO2 SLP164 T02110189 10250 20211 58012
CVG,2023-08-03 06:52,KCVG 030652Z 00000KT 10SM SCT070 BKN090 BKN160 21/18 A3002 RMK AO2 SLP156 T02060183
CVG,2023-08-03 07:52,KCVG 030752Z 00000KT 10SM BKN070 BKN160 21/18 A3002 RMK AO2 SLP153 T02060183
CVG,2023-08-03 08:52,KCVG 030852Z 00000KT 10SM OVC050 21/19 A3002 RMK AO2 SLP153 T02110189 56009
CVG,2023-08-03 09:52,KCVG 030952Z 00000KT 10SM FEW049 SCT060 OVC110 21/19 A3000 RMK AO2 SLP148 T02110194
CVG,2023-08-03 10:52,KCVG 031052Z 20003KT 8SM BKN070 OVC130 21/19 A3001 RMK AO2 SLP152 T02060194
CVG,2023-08-03 11:52,KCVG 031152Z 00000KT 7SM FEW075 SCT120 OVC250 21/19 A3000 RMK AO2 SLP148 T02110194 10211 20194 56006
CVG,2023-08-03 12:52,KCVG 031252Z 35003KT 8SM FEW070 BKN250 23/19 A3000 RMK AO2 SLP148 T02280189
CVG,2023-08-03 13:52,KCVG 031352Z 00000KT 10SM OVC060 23/19 A3001 RMK AO2 SLP152 BINOVC T02330189
CVG,2023-08-03 14:52,KCVG 031452Z VRB03KT 10SM BKN060 BKN250 25/18 A2998 RMK AO2 SLP144 T02500178 58004
CVG,2023-08-03 15:52,KCVG 031552Z VRB05KT 10SM FEW040 SCT065 BKN250 27/17 A2998 RMK AO2 SLP142 T02670172
CVG,2023-08-03 16:52,KCVG 031652Z 00000KT 10SM FEW045 FEW070 BKN300 28/16 A2998 RMK AO2 SLP141 T02780156
CVG,2023-08-03 17:52,KCVG 031752Z 02003KT 10SM FEW050 FEW240 SCT300 28/17 A2996 RMK AO2 SLP134 T02830167 10283 20211 58008
CVG,2023-08-03 18:52,KCVG 031852Z 00000KT 9SM FEW050 SCT300 29/17 A2996 RMK AO2 SLP133 T02890172
CVG,2023-08-03 19:52,KCVG 031952Z 28004KT 8SM SCT050 29/18 A2995 RMK AO2 SLP131 T02940178
CVG,2023-08-03 20:52,KCVG 032052Z 00000KT 8SM FEW055 FEW300 29/18 A2993 RMK AO2 SLP124 T02940178 58008
CVG,2023-08-03 21:52,KCVG 032152Z 34007KT 9SM FEW055 FEW300 29/17 A2992 RMK AO2 SLP121 T02940172
CVG,2023-08-03 22:52,KCVG 032252Z 33007KT 9SM FEW055 SCT300 29/17 A2992 RMK AO2 SLP122 T02940172
CVG,2023-08-03 23:52,KCVG 032352Z 33007KT 9SM FEW060 SCT300 28/18 A2993 RMK AO2 SLP123 T02780178 10300 20278 55002
CVG,2023-08-04 00:52,KCVG 040052Z 35005KT 9SM FEW055 BKN300 27/18 A2993 RMK AO2 SLP124 T02670183
CVG,2023-08-04 01:52,KCVG 040152Z 32003KT 8SM FEW055 SCT300 25/18 A2994 RMK AO2 SLP129 T02500183
CVG,2023-08-04 02:52,KCVG 040252Z 32003KT 8SM FEW055 FEW300 24/18 A2996 RMK AO2 SLP135 T02440183 53011
CVG,2023-08-04 03:52,KCVG 040352Z 33005KT 8SM FEW050 FEW250 23/19 A2997 RMK AO2 SLP138 T02280189
CVG,2023-08-04 04:52,KCVG 040452Z 00000KT 8SM FEW250 23/18 A2996 RMK AO2 SLP135 T02330183 403000194
CVG,2023-08-04 05:52,KCVG 040552Z 27003KT 7SM FEW250 22/18 A2997 RMK AO2 SLP138 T02170183 10278 20211 51003
CVG,2023-08-04 06:52,KCVG 040652Z 29003KT 7SM FEW250 21/18 A2996 RMK AO2 SLP136 T02110183
CVG,2023-08-04 07:52,KCVG 040752Z 00000KT 7SM FEW250 21/18 A2995 RMK AO2 SLP130 T02060183
CVG,2023-08-04 08:52,KCVG 040852Z 00000KT 7SM CLR 19/18 A2993 RMK AO2 SLP125 T01940183 58013
CVG,2023-08-04 09:52,KCVG 040952Z 31003KT 6SM BR CLR 19/18 A2994 RMK AO2 SLP128 T01890178
CVG,2023-08-04 10:52,KCVG 041052Z COR 33004KT 4SM BR FEW250 19/19 A2995 RMK AO2 SLP132 TWR VIS 10 T01940189
CVG,2023-08-04 11:52,KCVG 041152Z 33003KT 6SM BR FEW250 21/19 A2996 RMK AO2 SLP135 TWR VIS 10 T02060189 10217 20189 53010
CVG,2023-08-04 12:52,KCVG 041252Z 36006KT 8SM CLR 23/19 A2998 RMK AO2 SLP140 T02280194
CVG,2023-08-04 13:52,KCVG 041352Z 05004KT 10SM FEW250 26/19 A2999 RMK AO2 SLP143 T02560189
CVG,2023-08-04 14:52,KCVG 041452Z 00000KT 10SM FEW250 27/17 A2999 RMK AO2 SLP145 T02720167 51010
CVG,2023-08-04 15:52,KCVG 041552Z 00000KT 10SM FEW045 BKN300 28/18 A2999 RMK AO2 SLP142 T02830178
CVG,2023-08-04 16:52,KCVG 041652Z 32009KT 10SM FEW050 BKN300 29/18 A2999 RMK AO2 SLP144 T02940183
CVG,2023-08-04 17:52,KCVG 041752Z 35008KT 10SM FEW049 SCT300 30/19 A2999 RMK AO2 SLP145 T03000189 10300 20206 53000
CVG,2023-08-04 18:52,KCVG 041852Z 27009KT 9SM FEW050 FEW300 31/18 A2999 RMK AO2 SLP143 T03060178
CVG,2023-08-04 19:52,KCVG 041952Z 36009KT 8SM FEW055 31/18 A2997 RMK AO2 SLP138 T03110183
CVG,2023-08-04 20:52,KCVG 042052Z 35004KT 8SM FEW055 SCT300 31/19 A2996 RMK AO2 SLP136 T03060189 58010
CVG,2023-08-04 21:52,KCVG 042152Z 35007KT 8SM FEW055 BKN300 31/19 A2995 RMK AO2 SLP132 T03060194
CVG,2023-08-04 22:52,KCVG 042252Z 34007KT 8SM FEW050 SCT300 30/19 A2996 RMK AO2 SLP133 T03000189
CVG,2023-08-04 23:52,KCVG 042352Z 35007KT 8SM FEW300 29/19 A2996 RMK AO2 SLP133 T02890189 10311 20289 56003
CVG,2023-08-05 00:52,KCVG 050052Z 35006KT 8SM SCT300 27/18 A2996 RMK AO2 SLP135 T02670178
CVG,2023-08-05 01:52,KCVG 050152Z 02005KT 8SM BKN300 26/18 A2997 RMK AO2 SLP135 T02610183
CVG,2023-08-05 02:52,KCVG 050252Z 00000KT 7SM BKN300 26/19 A2998 RMK AO2 SLP142 T02560189 53010
CVG,2023-08-05 03:52,KCVG 050352Z 36004KT 7SM SCT250 26/19 A3001 RMK AO2 SLP149 T02560189
CVG,2023-08-05 04:52,KCVG 050452Z VRB03KT 7SM FEW250 25/19 A3000 RMK AO2 SLP148 T02500189 403110189
CVG,2023-08-05 05:52,KCVG 050552Z 00000KT 7SM SCT250 24/18 A3000 RMK AO2 SLP147 T02390183 10283 20233 50005
CVG,2023-08-05 06:52,KCVG 050652Z 00000KT 6SM HZ SCT250 23/19 A2999 RMK AO2 SLP144 T02280189
CVG,2023-08-05 07:52,KCVG 050752Z 31003KT 6SM HZ SCT250 22/19 A3000 RMK AO2 SLP146 T02220194
CVG,2023-08-05 08:52,KCVG 050852Z 00000KT 6SM HZ SCT250 22/19 A3000 RMK AO2 SLP146 T02220189 56001
CVG,2023-08-05 09:52,KCVG 050952Z 00000KT 6SM BR FEW250 22/19 A3000 RMK AO2 SLP148 T02170194
CVG,2023-08-05 10:52,KCVG 051052Z 10005KT 6SM BR FEW150 SCT250 21/19 A3001 RMK AO2 SLP150 T02110194
CVG,2023-08-05 11:52,KCVG 051152Z 11007KT 6SM HZ FEW150 FEW250 22/19 A3000 RMK AO2 SLP148 T02220194 10244 20206 50002
CVG,2023-08-05 12:52,KCVG 051252Z 11007KT 7SM FEW150 24/19 A3001 RMK AO2 SLP149 T02390194
CVG,2023-08-05 13:52,KCVG 051352Z 12007KT 8SM SCT150 BKN250 26/20 A3002 RMK AO2 SLP153 T02560200
CVG,2023-08-05 14:52,KCVG 051452Z 13007KT 8SM BKN150 BKN250 27/21 A3000 RMK AO2 SLP149 T02670206 50001
CVG,2023-08-05 15:52,KCVG 051552Z 10008KT 9SM BKN130 BKN150 OVC250 27/21 A3001 RMK AO2 SLP149 T02720211
CVG,2023-08-05 16:52,KCVG 051652Z 15004KT 7SM SCT038 BKN120 28/20 A3001 RMK AO2 SLP149 T02780200
CVG,2023-08-05 17:52,KCVG 051752Z 17008KT 6SM HZ SCT038 BKN050 OVC120 27/21 A3000 RMK AO2 SLP146 T02720206 10289 20222 58003
CVG,2023-08-05 18:52,KCVG 051852Z 11009KT 7SM FEW039 SCT048 OVC120 28/21 A2998 RMK AO2 SLP141 T02780211
CVG,2023-08-05 19:52,KCVG 051952Z 10009KT 10SM SCT041 BKN120 29/22 A2996 RMK AO2 SLP132 T02940222
CVG,2023-08-05 20:52,KCVG 052052Z 14011KT 10SM FEW046 BKN055 29/21 A2994 RMK AO2 SLP128 T02940206 56017
CVG,2023-08-05 21:52,KCVG 052152Z 18008G17KT 10SM SCT049 29/20 A2993 RMK AO2 SLP124 T02890200
CVG,2023-08-05 22:52,KCVG 052252Z 17009KT 7SM FEW045 FEW060 BKN070 29/21 A2992 RMK AO2 SLP118 T02940211
CVG,2023-08-05 23:52,KCVG 052352Z 12011KT 10SM BKN050 BKN060 OVC080 28/21 A2990 RMK AO2 SLP114 T02830211 10300 20272 56014
CVG,2023-08-06 00:52,KCVG 060052Z 16011KT 10SM BKN075 27/19 A2990 RMK AO2 SLP113 T02720194
CVG,2023-08-06 01:52,KCVG 060152Z 15009KT 9SM SCT075 27/19 A2991 RMK AO2 SLP115 T02670194
CVG,2023-08-06 02:52,KCVG 060252Z 17011KT 10SM BKN060 BKN075 26/19 A2991 RMK AO2 SLP118 T02610194 53003
CVG,2023-08-06 03:52,KCVG 060352Z 18009KT 9SM BKN040 OVC055 26/21 A2991 RMK AO2 SLP115 T02610206
CVG,2023-08-06 04:52,KCVG 060452Z 18007KT 10SM BKN050 BKN060 26/21 A2991 RMK AO2 SLP115 T02560211 403000206
CVG,2023-08-06 05:52,KCVG 060552Z 18008KT 10SM FEW050 OVC180 24/22 A2988 RMK AO2 SLP106 T02440217 10283 20244 58011
CVG,2023-08-06 06:52,KCVG 060652Z 20007KT 10SM FEW060 BKN250 24/22 A2987 RMK AO2 SLP104 T02390217
CVG,2023-08-06 07:52,KCVG 060752Z 19006KT 10SM FEW045 BKN250 23/22 A2987 RMK AO2 SLP103 T02330217
CVG,2023-08-06 08:52,KCVG 060852Z 19005KT 10SM FEW035 SCT070 23/22 A2986 RMK AO2 SLP101 T02280217 58005
CVG,2023-08-06 09:52,KCVG 060952Z 20005KT 10SM FEW018 SCT029 BKN150 23/22 A2986 RMK AO2 SLP099 T02280217
CVG,2023-08-06 10:52,KCVG 061052Z 19006KT 9SM SCT025 SCT250 23/22 A2985 RMK AO2 SLP098 T02280217
CVG,2023-08-06 11:52,KCVG 061152Z 20010KT 10SM SCT018 BKN038 OVC045 23/22 A2986 RMK AO2 SLP100 OCNL BINOVC T02330217 10250 20222 55001
CVG,2023-08-06 12:52,KCVG 061252Z 20010KT 9SM FEW010 BKN030 OVC045 23/22 A2987 RMK AO2 SLP102 T02330222
CVG,2023-08-06 13:52,KCVG 061352Z 24007KT 8SM BKN014 BKN018 OVC022 24/22 A2988 RMK AO2 SLP105 T02390222
CVG,2023-08-06 14:52,KCVG 061452Z 25014G20KT 9SM BKN014 BKN025 OVC037 25/21 A2989 RMK AO2 SLP108 T02500206 53008
CVG,2023-08-06 15:52,KCVG 061552Z 26014KT 10SM SCT025 BKN034 BKN250 26/21 A2989 RMK AO2 SLP109 T02560211
CVG,2023-08-06 16:52,KCVG 061652Z 26011KT 10SM SCT035 27/21 A2989 RMK AO2 SLP109 T02720206
CVG,2023-08-06 17:52,KCVG 061752Z 26013G21KT 10SM SCT037 28/20 A2988 RMK AO2 SLP106 T02780200 10278 20233 58002
CVG,2023-08-06 18:52,KCVG 061852Z 24011KT 10SM SCT039 29/20 A2987 RMK AO2 SLP102 T02890200
CVG,2023-08-06 19:52,KCVG 061952Z 25011G15KT 10SM FEW040 FEW100 29/19 A2985 RMK AO2 SLP098 T02890189
CVG,2023-08-06 20:52,KCVG 062052Z 27014KT 10SM FEW040 SCT100 29/18 A2985 RMK AO2 SLP095 T02890183 56011
CVG,2023-08-06 21:52,KCVG 062152Z 27011KT 10SM FEW040 BKN150 28/18 A2985 RMK AO2 SLP096 T02780183
CVG,2023-08-06 22:52,KCVG 062252Z 26007KT 10SM SCT045 SCT100 BKN220 27/18 A2986 RMK AO2 SLP099 T02670183
CVG,2023-08-06 23:52,KCVG 062352Z 27005KT 10SM SCT045 SCT100 BKN160 26/19 A2985 RMK AO2 SLP098 T02560194 10294 20256 50003
CVG,2023-08-07 00:52,KCVG 070052Z 22003KT 10SM BKN120 26/19 A2984 RMK AO2 SLP093 T02560194
CVG,2023-08-07 01:52,KCVG 070152Z 20004KT 10SM SCT110 24/19 A2984 RMK AO2 SLP096 T02390194
CVG,2023-08-07 02:52,KCVG 070252Z 20004KT 10SM FEW200 22/20 A2985 RMK AO2 SLP097 T02220200 55002
CVG,2023-08-07 03:52,KCVG 070352Z 20003KT 10SM FEW250 23/19 A2984 RMK AO2 SLP094 T02280194
CVG,2023-08-07 04:52,KCVG 070452Z 18005KT 10SM FEW040 22/20 A2982 RMK AO2 SLP086 T02220200 402940217
CVG,2023-08-07 05:52,KCVG 070552Z 19006KT 10SM SCT047 BKN200 22/21 A2981 RMK AO2 LTG DSNT N SLP083 T02220206 10256 20217 58013
CVG,2023-08-07 06:52,KCVG 070652Z 19006G15KT 3SM -TSRA BR SCT025CB BKN050 OVC200 23/22 A2975 RMK AO2 LTG DSNT ALQDS RAB34 TSB34 SLP063 OCNL LTGCG SW-N TS SW-N MOV E P0024 T02280222
CVG,2023-08-07 07:52,KCVG 070752Z 24009KT 10SM FEW017 SCT070 BKN200 21/19 A2977 RMK AO2 PK WND 21041/0703 LTG DSNT NE AND NW RAE35 TSE14 SLP070 P0002 T02060189
CVG,2023-08-07 08:52,KCVG 070852Z 22008KT 10SM SCT110 19/19 A2976 RMK AO2 RAB02E27 SLP068 P0000 60026 T01940189 56015
CVG,2023-08-07 09:52,KCVG 070952Z 23007KT 10SM FEW065 BKN100 BKN110 19/18 A2977 RMK AO2 SLP071 RAB22E42 P0002 T01940183 $
CVG,2023-08-07 10:52,KCVG 071052Z 22008KT 10SM FEW065 BKN110 OVC200 19/19 A2977 RMK AO2 SLP072 TCU DSNT SE T01940189 $
CVG,2023-08-07 11:52,KCVG 071152Z 21007KT 10SM FEW060 BKN120 BKN250 20/19 A2978 RMK AO2 SLP074 60028 70028 T02000194 10233 20194 51005 $
CVG,2023-08-07 12:52,KCVG 071252Z COR 22007KT 10SM FEW045 SCT090 22/20 A2977 RMK AO2 SLP072 MDT CU DSNT E-SE T02170200
CVG,2023-08-07 13:52,KCVG 071352Z 21010KT 10SM SCT060 BKN075 23/21 A2977 RMK AO2 SLP071 VCSH SW T02330206
CVG,2023-08-07 14:52,KCVG 071452Z 22010KT 8SM TS SCT014 BKN024CB OVC080 23/22 A2976 RMK AO2 LTG DSNT ALQDS RAB06E29 TSE24B36 SLP067 OCNL LTGICCC W AND NW TS W-NW MOV NE P0000 60000 T02330217 58006
CVG,2023-08-07 15:52,KCVG 071552Z 26011KT 8SM BKN013 OVC020 24/22 A2975 RMK AO2 LTG DSNT ALQDS TSE15 SLP065 TS MOV NE CB DSNT NE T02390222
CVG,2023-08-07 16:52,KCVG 071652Z 28014KT 9SM FEW024 SCT065 OVC130 25/22 A2975 RMK AO2 LTG DSNT E AND SE SLP063 GRADL WSHFT 35 T02500217
CVG,2023-08-07 17:52,KCVG 071752Z 28015G22KT 9SM FEW021 SCT046 BKN055 BKN250 24/22 A2975 RMK AO2 LTG DSNT E RAB20E41 SLP063 VCSH SE P0007 60007 T02440222 10256 20200 55004
CVG,2023-08-07 18:52,KCVG 071852Z 28017KT 10SM FEW034 BKN048 26/21 A2975 RMK AO2 SLP062 T02560206
CVG,2023-08-07 19:52,KCVG 071952Z 28017G21KT 10SM FEW034 BKN055 BKN075 26/20 A2974 RMK AO2 SLP060 T02610200
CVG,2023-08-07 20:52,KCVG 072052Z 29010KT 7SM R36C/6000VP6000FT -RA FEW022 BKN033 OVC047 24/22 A2976 RMK AO2 RAB37 SLP067 P0009 60009 T02390217 53003
CVG,2023-08-07 21:52,KCVG 072152Z 25005KT 10SM SCT027 BKN040 BKN070 23/21 A2978 RMK AO2 RAE28 SLP076 P0000 T02280211
CVG,2023-08-07 22:52,KCVG 072252Z 33011KT 7SM -RA BKN021 OVC028 23/21 A2979 RMK AO2 RAB02E06B50 SLP080 P0001 T02280211
CVG,2023-08-07 23:52,KCVG 072352Z 32014KT 10SM FEW033 BKN043 22/19 A2982 RMK AO2 RAE07 SLP090 P0000 60010 T02220189 10272 20222 53023
CVG,2023-08-08 00:52,KCVG 080052Z 33009KT 10SM FEW023 OVC041 22/18 A2985 RMK AO2 SLP100 T02170178
CVG,2023-08-08 01:52,KCVG 080152Z 33011KT 10SM OVC042 21/17 A2987 RMK AO2 SLP105 T02110172
CVG,2023-08-08 02:52,KCVG 080252Z 34009KT 10SM OVC044 21/17 A2989 RMK AO2 SLP112 T02110172 51021
CVG,2023-08-08 03:52,KCVG 080352Z 32005KT 10SM SCT044 19/17 A2990 RMK AO2 SLP115 T01940172
CVG,2023-08-08 04:52,KCVG 080452Z 28005KT 10SM CLR 18/17 A2992 RMK AO2 SLP122 T01830172 402720183
CVG,2023-08-08 05:52,KCVG 080552Z 25003KT 10SM BKN250 18/17 A2993 RMK AO2 SLP127 T01780172 10222 20172 53015
CVG,2023-08-08 06:52,KCVG 080652Z 26005KT 10SM BKN150 BKN250 18/18 A2994 RMK AO2 SLP128 T01830178
CVG,2023-08-08 07:52,KCVG 080752Z 27005KT 10SM SCT160 BKN250 18/18 A2994 RMK AO2 SLP130 T01830178
CVG,2023-08-08 08:52,KCVG 080852Z 00000KT 10SM SCT120 BKN250 18/18 A2995 RMK AO2 SLP134 T01830178 53006
CVG,2023-08-08 09:52,KCVG 080952Z 00000KT 8SM OVC120 18/18 A2995 RMK AO2 SLP136 T01780178
CVG,2023-08-08 10:52,KCVG 081052Z 26005KT 10SM BKN120 18/18 A2995 RMK AO2 SLP134 T01780178
CVG,2023-08-08 11:52,KCVG 081152Z 21003KT 10SM FEW110 18/18 A2995 RMK AO2 SLP135 70017 T01830183 10183 20172 51000
CVG,2023-08-08 12:52,KCVG 081252Z 27006KT 10SM FEW120 20/18 A2997 RMK AO2 SLP140 T02000183
CVG,2023-08-08 13:52,KCVG 081352Z 25004KT 9SM FEW020 FEW110 22/17 A2999 RMK AO2 SLP145 T02170172
CVG,2023-08-08 14:52,KCVG 081452Z 26005KT 10SM FEW049 BKN120 23/18 A3002 RMK AO2 SLP158 MDT CU SW T02280183 53023
CVG,2023-08-08 15:52,KCVG 081552Z 28008KT 10SM FEW022 SCT110 BKN250 23/18 A3001 RMK AO2 SLP152 T02330183
CVG,2023-08-08 16:52,KCVG 081652Z VRB05KT 10SM SCT030 BKN250 25/17 A2999 RMK AO2 SLP146 T02500172
CVG,2023-08-08 17:52,KCVG 081752Z 29008KT 240V300 10SM FEW031 BKN050 BKN250 25/18 A2998 RMK AO2 SLP144 T02500178 10256 20183 56013
CVG,2023-08-08 18:52,KCVG 081852Z 25006KT 10SM FEW055 BKN250 26/17 A2997 RMK AO2 SLP141 T02610167
CVG,2023-08-08 19:52,KCVG 081952Z 28007KT 10SM BKN060 BKN250 26/17 A2997 RMK AO2 SLP140 T02610167
CVG,2023-08-08 20:52,KCVG 082052Z 25008KT 10SM BKN047 BKN070 26/16 A2996 RMK AO2 SLP136 T02560161 57007
CVG,2023-08-08 21:52,KCVG 082152Z 29008KT 10SM SCT045 27/16 A2994 RMK AO2 SLP129 T02720156
CVG,2023-08-08 22:52,KCVG 082252Z 24005KT 10SM SCT045 SCT250 25/16 A2993 RMK AO2 SLP126 T02500156
CVG,2023-08-08 23:52,KCVG 082352Z 24004KT 10SM FEW045 SCT070 SCT200 24/17 A2993 RMK AO2 SLP126 T02440167 10278 20244 56010
CVG,2023-08-09 00:52,KCVG 090052Z 25004KT 10SM BKN080 23/17 A2993 RMK AO2 RAB2354E08 SLP126 P0000 T02330172
CVG,2023-08-09 01:52,KCVG 090152Z 27009KT 10SM BKN050 22/18 A2992 RMK AO2 SLP124 T02170178
CVG,2023-08-09 02:52,KCVG 090252Z 24003KT 9SM FEW050 20/18 A2993 RMK AO2 SLP128 60000 T02000183 53002
CVG,2023-08-09 03:52,KCVG 090352Z 19003KT 9SM FEW050 19/18 A2994 RMK AO2 SLP130 T01940178
CVG,2023-08-09 04:52,KCVG 090452Z 23003KT 9SM CLR 19/17 A2994 RMK AO2 SLP129 T01940172 402780172
CVG,2023-08-09 05:52,KCVG 090552Z 20005KT 8SM FEW050 18/17 A2994 RMK AO2 SLP131 60000 T01830172 10244 20183 51003
CVG,2023-08-09 06:52,KCVG 090652Z 21004KT 8SM CLR 18/18 A2994 RMK AO2 SLP130 T01830178
CVG,2023-08-09 07:52,KCVG 090752Z 20004KT 7SM CLR 18/17 A2994 RMK AO2 SLP129 T01780172
CVG,2023-08-09 08:52,KCVG 090852Z 20003KT 7SM CLR 18/17 A2993 RMK AO2 SLP127 T01780172 58004
CVG,2023-08-09 09:52,KCVG 090952Z 20003KT 8SM CLR 18/18 A2994 RMK AO2 SLP129 T01780178
CVG,2023-08-09 10:52,KCVG 091052Z 19004KT 5SM BR CLR 17/17 A2994 RMK AO2 SLP131 T01720172
CVG,2023-08-09 11:52,KCVG 091152Z 19006KT 6SM BR CLR 18/18 A2994 RMK AO2 SLP130 T01830183 10183 20172 50003
CVG,2023-08-09 12:52,KCVG 091252Z 23007KT 7SM FEW005 20/19 A2996 RMK AO2 SLP135 FEW LYR THN T02000194
CVG,2023-08-09 13:52,KCVG 091352Z 23008KT 8SM FEW007 22/21 A2994 RMK AO2 SLP128 T02220206
CVG,2023-08-09 14:52,KCVG 091452Z 23007KT 8SM FEW018 SCT095 24/21 A2996 RMK AO2 SLP136 T02440211 53006
CVG,2023-08-09 15:52,KCVG 091552Z 27017G22KT 4SM VCTS RA BR BKN020 BKN027 OVC095 23/21 A2993 RMK AO2 LTG DSNT NW RAB45 SLP127 VIS N2 P0000 T02280211
CVG,2023-08-09 16:52,KCVG 091652Z 27005KT 8SM BKN085 OVC100 24/22 A2993 RMK AO2 LTG DSNT NE AND E RAE10 SLP125 P0004 T02390217
CVG,2023-08-09 17:52,KCVG 091752Z 26005KT 8SM FEW024 SCT055 OVC150 26/21 A2990 RMK AO2 SLP115 60004 T02560211 10256 20183 58021
CVG,2023-08-09 18:52,KCVG 091852Z 23010KT 7SM SCT055 OVC210 27/19 A2990 RMK AO2 SLP115 T02670194
CVG,2023-08-09 19:52,KCVG 091952Z 22009KT 7SM FEW036 SCT060 SCT070 OVC200 27/20 A2988 RMK AO2 SLP108 T02720200
CVG,2023-08-09 20:52,KCVG 092052Z 20010KT 7SM SCT035 OVC090 26/20 A2987 RMK AO2 LTG DSNT W SLP107 T02560200 58008
CVG,2023-08-09 21:52,KCVG 092152Z 20007KT 7SM R36C/1600VP6000FT BKN080 OVC150 24/21 A2986 RMK AO2 TSB04E21 SLP102 T MOV N T02440211
CVG,2023-08-09 22:52,KCVG 092252Z 19010KT 7SM SCT100 SCT120 OVC200 25/21 A2984 RMK AO2 SLP095 T02500211
CVG,2023-08-09 23:52,KCVG 092352Z 19007KT 6SM -RA BR FEW065 BKN100 OVC200 24/21 A2983 RMK AO2 RAB39 SLP093 P0000 60000 T02390211 10272 20239 56014
CVG,2023-08-10 00:52,KCVG 100052Z 19008KT 8SM FEW095 BKN120 OVC200 23/21 A2982 RMK AO2 RAE00 SLP087 P0000 T02280211
CVG,2023-08-10 01:52,KCVG 100152Z 20005KT 8SM OVC100 22/21 A2980 RMK AO2 RAB0053E09 SLP084 P0000 T02220211
CVG,2023-08-10 02:52,KCVG 100252Z 23006KT 8SM FEW043 SCT050 OVC100 22/21 A2981 RMK AO2 SLP084 60000 T02220206 55008
CVG,2023-08-10 03:52,KCVG 100352Z 22005KT 6SM -RA BR SCT016 BKN041 OVC090 22/21 A2979 RMK AO2 RAB38 SLP080 P0000 T02170206
CVG,2023-08-10 04:52,KCVG 100452Z 27008KT 9SM SCT008 BKN030 OVC065 21/20 A2979 RMK AO2 RAE03B31E42 CIG 010 36R SLP077 P0000 T02060200 402720172
CVG,2023-08-10 05:52,KCVG 100552Z 30008KT 9SM SCT005 BKN050 OVC060 20/20 A2977 RMK AO2 RAB0454E27 CIG 007 36R SLP071 P0001 60001 T02000200 10239 20200 58012
CVG,2023-08-10 06:52,KCVG 100652Z 00000KT 8SM FEW070 FEW080 BKN100 19/19 A2973 RMK AO2 RAB0558E12 SLP058 P0000 T01940194
CVG,2023-08-10 07:52,KCVG 100752Z 00000KT 7SM OVC110 19/19 A2972 RMK AO2 SLP055 T01940194
CVG,2023-08-10 08:52,KCVG 100852Z 29004KT 7SM SCT120 OVC250 19/19 A2972 RMK AO2 SLP055 60000 T01890189 56017
CVG,2023-08-10 09:52,KCVG 100952Z 25004KT 5SM BR BKN003 OVC015 19/19 A2974 RMK AO2 SLP060 T01890189
CVG,2023-08-10 10:52,KCVG 101052Z 23003KT 7SM FEW005 OVC012 19/19 A2975 RMK AO2 SLP067 CIG RGD T01940194
CVG,2023-08-10 11:52,KCVG 101152Z 28006KT 8SM SCT010 OVC015 20/19 A2977 RMK AO2 SLP071 60000 70005 T02000194 10206 20189 51016
CVG,2023-08-10 12:52,KCVG 101252Z 28006KT 7SM BKN007 OVC015 19/19 A2979 RMK AO2 RAB30E39 SLP078 P0000 T01940194
CVG,2023-08-10 13:52,KCVG 101352Z 30008KT 6SM BR SCT007 BKN018 OVC024 20/19 A2980 RMK AO2 RAB36E46 SLP083 SCT V BKN P0000 T02000194
CVG,2023-08-10 14:52,KCVG 101452Z 31005KT 9SM FEW011 OVC025 21/19 A2982 RMK AO2 CIG 020 36R SLP088 60000 T02060189 51016
CVG,2023-08-10 15:52,KCVG 101552Z 28005KT 10SM FEW022 BKN043 BKN050 22/19 A2981 RMK AO2 RAB02E23 SLP087 P0001 T02220194
CVG,2023-08-10 16:52,KCVG 101652Z 30010KT 10SM FEW014 BKN044 OVC050 23/19 A2982 RMK AO2 SLP088 BINOVC T02280189
CVG,2023-08-10 17:52,KCVG 101752Z 27008KT 10SM FEW034 OVC055 23/19 A2982 RMK AO2 SLP089 BINOVC 60001 T02330194 10233 20194 53001
CVG,2023-08-10 18:52,KCVG 101852Z 29010KT 10SM SCT034 BKN060 24/19 A2982 RMK AO2 SLP090 T02440189
CVG,2023-08-10 19:52,KCVG 101952Z 30012G18KT 10SM SCT032 SCT060 26/18 A2982 RMK AO2 SLP087 T02610183
CVG,2023-08-10 20:52,KCVG 102052Z 30008KT 10SM BKN036 BKN049 27/19 A2982 RMK AO2 SLP087 T02720194 58001
CVG,2023-08-10 21:52,KCVG 102152Z 27010KT 10SM SCT036 SCT050 27/18 A2982 RMK AO2 SLP089 T02670183
CVG,2023-08-10 22:52,KCVG 102252Z 27010KT 10SM SCT040 26/18 A2983 RMK AO2 SLP093 T02560183
CVG,2023-08-10 23:52,KCVG 102352Z 27006KT 10SM FEW035 24/19 A2983 RMK AO2 SLP093 T02440189 10272 20233 50005
CVG,2023-08-11 00:52,KCVG 110052Z 26005KT 10SM FEW200 23/19 A2985 RMK AO2 SLP098 T02280189
CVG,2023-08-11 01:52,KCVG 110152Z 23005KT 10SM CLR 22/18 A2987 RMK AO2 SLP105 T02170183
CVG,2023-08-11 02:52,KCVG 110252Z 23005KT 10SM CLR 21/19 A2988 RMK AO2 SLP109 T02110189 51015
CVG,2023-08-11 03:52,KCVG 110352Z 24004KT 10SM CLR 21/19 A2988 RMK AO2 SLP110 T02060189
CVG,2023-08-11 04:52,KCVG 110452Z 25003KT 10SM FEW250 21/19 A2988 RMK AO2 SLP108 T02060189 402720189
CVG,2023-08-11 05:52,KCVG 110552Z 19003KT 10SM SCT250 19/18 A2986 RMK AO2 SLP102 T01890183 10244 20189 58006
CVG,2023-08-11 06:52,KCVG 110652Z 22003KT 9SM SCT250 18/18 A2988 RMK AO2 SLP108 T01830183
CVG,2023-08-11 07:52,KCVG 110752Z 22003KT 8SM SCT250 18/18 A2988 RMK AO2 SLP111 T01780178
CVG,2023-08-11 08:52,KCVG 110852Z 19004KT 8SM SCT250 18/18 A2988 RMK AO2 SLP108 T01830183 50007
CVG,2023-08-11 09:52,KCVG 110952Z 00000KT 8SM SCT250 18/18 A2988 RMK AO2 SLP108 T01830183
CVG,2023-08-11 10:52,KCVG 111052Z 20004KT 7SM FEW240 BKN300 18/18 A2988 RMK AO2 SLP110 PTCHY MIFG SW W T01780178
CVG,2023-08-11 11:52,KCVG 111152Z 19004KT 8SM BKN300 18/18 A2990 RMK AO2 SLP116 70001 T01830183 10194 20172 53007
CVG,2023-08-11 12:52,KCVG 111252Z 21006KT 10SM SCT300 21/20 A2993 RMK AO2 SLP126 T02110200
CVG,2023-08-11 13:52,KCVG 111352Z COR 22008KT 9SM FEW140 FEW300 24/20 A2993 RMK AO2 SLP125 T02390200
CVG,2023-08-11 14:52,KCVG 111452Z 21010KT 10SM FEW024 FEW160 SCT300 26/19 A2993 RMK AO2 SLP124 T02560194 50008
CVG,2023-08-11 15:52,KCVG 111552Z 22008KT 10SM SCT027 BKN300 26/19 A2992 RMK AO2 SLP122 MDT CU W T02610189
CVG,2023-08-11 16:52,KCVG 111652Z 24007KT 220V280 10SM SCT036 BKN350 28/20 A2992 RMK AO2 SLP121 T02780200
CVG,2023-08-11 17:52,KCVG 111752Z 28010KT 8SM SCT040 BKN055 BKN300 28/19 A2992 RMK AO2 SLP120 T02780194 10283 20183 56003
CVG,2023-08-11 18:52,KCVG 111852Z 24008KT 8SM SCT047 BKN300 28/18 A2988 RMK AO2 SLP108 T02780178
CVG,2023-08-11 19:52,KCVG 111952Z 19011KT 8SM SCT045 BKN300 29/19 A2986 RMK AO2 SLP103 T02890194
CVG,2023-08-11 20:52,KCVG 112052Z 20008G16KT 8SM FEW050 FEW100 SCT130 BKN230 29/19 A2985 RMK AO2 SLP098 T02940189 56021
CVG,2023-08-11 21:52,KCVG 112152Z 19007KT 8SM FEW045 FEW130 SCT250 28/19 A2985 RMK AO2 SLP097 T02830189
CVG,2023-08-11 22:52,KCVG 112252Z 22008KT 8SM FEW045 SCT090 SCT250 28/19 A2985 RMK AO2 SLP099 T02830189
CVG,2023-08-11 23:52,KCVG 112352Z 22006KT 8SM FEW045 FEW090 27/19 A2985 RMK AO2 SLP100 T02670194 10294 20267 53001
CVG,2023-08-12 00:52,KCVG 120052Z 20004KT 8SM SCT090 SCT250 26/19 A2986 RMK AO2 SLP101 T02560194
CVG,2023-08-12 01:52,KCVG 120152Z 20005KT 9SM SCT080 24/19 A2987 RMK AO2 SLP105 T02440194
CVG,2023-08-12 02:52,KCVG 120252Z 21005KT 10SM FEW080 23/20 A2989 RMK AO2 SLP109 T02330200 53010
CVG,2023-08-12 03:52,KCVG 120352Z 21006KT 10SM CLR 24/20 A2989 RMK AO2 SLP111 T02390200
CVG,2023-08-12 04:52,KCVG 120452Z 20007KT 10SM CLR 23/20 A2988 RMK AO2 SLP108 T02280200 402940172
CVG,2023-08-12 05:52,KCVG 120552Z 22007KT 10SM CLR 23/21 A2988 RMK AO2 SLP105 T02280206 10267 20228 58003
CVG,2023-08-12 06:52,KCVG 120652Z 23005KT 10SM CLR 22/21 A2989 RMK AO2 SLP110 T02220206
CVG,2023-08-12 07:52,KCVG 120752Z 20005KT 10SM CLR 21/20 A2989 RMK AO2 SLP112 T02110200
CVG,2023-08-12 08:52,KCVG 120852Z 19003KT 10SM SCT160 21/20 A2990 RMK AO2 SLP113 T02110200 51007
CVG,2023-08-12 09:52,KCVG 120952Z 20004KT 10SM BKN160 21/20 A2991 RMK AO2 SLP117 T02060200
CVG,2023-08-12 10:52,KCVG 121052Z 22004KT 7SM SCT038 BKN150 21/21 A2992 RMK AO2 SLP122 T02110206
CVG,2023-08-12 11:52,KCVG 121152Z 20003KT 7SM SCT130 OVC150 22/21 A2991 RMK AO2 SLP118 T02170211 10228 20200 50004
CVG,2023-08-12 12:52,KCVG 121252Z 20006KT 8SM SCT130 OVC200 22/21 A2989 RMK AO2 SLP113 T02220211
CVG,2023-08-12 13:52,KCVG 121352Z 19009KT 7SM BKN130 OVC150 22/21 A2989 RMK AO2 LTG DSNT W AND NW PRESFR SLP111 T02220211
CVG,2023-08-12 14:52,KCVG 121452Z 23008KT 6SM -RA BR BKN080CB OVC150 22/22 A2994 RMK AO2 LTG DSNT ALQDS SLP127 OCNL LTGIC S TS S MOV E P0000 60000 T02220217 53008
CVG,2023-08-12 15:52,KCVG 121552Z 17011KT 5SM BR FEW050 BKN095 OVC110 23/23 A2989 RMK AO2 RAE52 TSB1453B27E29 SLP110 TS MOV E P0001 T02330228
CVG,2023-08-12 16:52,KCVG 121652Z 22007KT 5SM BR FEW008 BKN100 OVC150 26/24 A2988 RMK AO2 SLP107 OCNL BINOVC T02560239
CVG,2023-08-12 17:52,KCVG 121752Z 21009KT 7SM SCT013 BKN110 BKN150 27/24 A2987 RMK AO2 SLP102 60001 T02720239 10272 20217 56023
CVG,2023-08-12 18:52,KCVG 121852Z 23011G17KT 8SM SCT013 BKN110 BKN150 29/23 A2986 RMK AO2 SLP100 T02940233
CVG,2023-08-12 19:52,KCVG 121952Z 22015G20KT 10SM FEW030 FEW180 SCT250 31/21 A2987 RMK AO2 SLP101 T03110211
CVG,2023-08-12 20:52,KCVG 122052Z 25014G25KT 10SM FEW050 FEW150 SCT250 31/20 A2986 RMK AO2 SLP099 T03060200 58002
CVG,2023-08-12 21:52,KCVG 122152Z 24009G21KT 10SM FEW050 FEW080 SCT250 31/21 A2986 RMK AO2 SLP100 T03060206
CVG,2023-08-12 22:52,KCVG 122252Z 26013G19KT 10SM FEW050 FEW100 SCT250 29/21 A2986 RMK AO2 SLP098 MDT CU N S T02940206
CVG,2023-08-12 23:52,KCVG 122352Z 27010KT 10SM FEW050 SCT250 28/22 A2986 RMK AO2 SLP101 MDT CU SE NW T02830217 10317 20272 53001
CVG,2023-08-13 00:52,KCVG 130052Z 23005KT 10SM SCT040 SCT250 27/21 A2988 RMK AO2 SLP106 MDT CU DSNT W NW T02670211
CVG,2023-08-13 01:52,KCVG 130152Z 33013G17KT 6SM HZ FEW029 BKN050 OVC100 27/22 A2991 RMK AO2 TSB47E52 SLP118 T02670217
CVG,2023-08-13 02:52,KCVG 130252Z 32003KT 10SM SCT034 SCT043 BKN050 24/23 A2993 RMK AO2 LTG DSNT E AND SE RAB0153E14 TSB0155E17 CIG 033 36R SLP125 P0016 60016 T02390228 53022 $
CVG,2023-08-13 03:52,KCVG 130352Z 33007KT 10SM OVC043 24/22 A2995 RMK AO2 LTG DSNT SE SLP132 BINOVC T02390222 $
CVG,2023-08-13 04:52,KCVG 130452Z 34005KT 10SM FEW049 SCT065 23/21 A2996 RMK AO2 SLP135 T02280206 403170200 $
CVG,2023-08-13 05:52,KCVG 130552Z 35003KT 10SM SCT060 22/19 A2997 RMK AO2 SLP137 60016 T02170194 10283 20211 51013 $
CVG,2023-08-13 06:52,KCVG 130652Z 00000KT 10SM SCT055 21/19 A2998 RMK AO2 SLP139 T02110194 $
CVG,2023-08-13 07:52,KCVG 130752Z 00000KT 10SM FEW050 SCT065 19/19 A2998 RMK AO2 SLP141 T01940189 $
CVG,2023-08-13 08:52,KCVG 130852Z 00000KT 10SM CLR 18/18 A2998 RMK AO2 SLP142 T01830183 50004 $
CVG,2023-08-13 09:52,KCVG 130952Z 00000KT 10SM FEW180 19/18 A2999 RMK AO2 SLP144 T01890178 $
CVG,2023-08-13 10:52,KCVG 131052Z 00000KT 8SM R36C/2800VP6000FT FEW150 18/17 A3000 RMK AO2 SLP148 T01780172 $
CVG,2023-08-13 11:52,KCVG 131152Z 30003KT 9SM FEW130 FEW150 19/18 A3001 RMK AO2 SLP152 70017 T01940183 10222 20167 53009 $
CVG,2023-08-13 12:52,KCVG 131252Z 00000KT 10SM FEW130 SCT150 22/19 A3001 RMK AO2 SLP153 T02220189 $
CVG,2023-08-13 13:52,KCVG 131352Z 12005KT 10SM FEW130 SCT150 25/16 A3003 RMK AO2 SLP157 T02500156 $
CVG,2023-08-13 14:52,KCVG 131452Z 00000KT 10SM SCT150 27/16 A3005 RMK AO2 SLP163 T02670156 53013 $
CVG,2023-08-13 15:52,KCVG 131552Z 00000KT 10SM FEW130 FEW150 27/14 A3003 RMK AO2 SLP159 T02720144 $
CVG,2023-08-13 16:52,KCVG 131652Z 36003KT 10SM FEW030 FEW130 FEW150 29/14 A3003 RMK AO2 SLP159 T02890144 $
CVG,2023-08-13 17:52,KCVG 131752Z 00000KT 10SM SCT040 SCT130 BKN150 29/15 A3003 RMK AO2 SLP156 T02890150 10294 20189 56006 $
CVG,2023-08-13 18:52,KCVG 131852Z VRB06KT 10SM SCT040 SCT130 BKN150 29/16 A3002 RMK AO2 SLP153 T02940156 $
CVG,2023-08-13 19:52,KCVG 131952Z 32007KT 10SM SCT040 SCT120 BKN200 30/15 A3000 RMK AO2 SLP149 T03000150 $
CVG,2023-08-13 20:52,KCVG 132052Z 34008KT 10SM FEW040 SCT120 BKN200 30/16 A3000 RMK AO2 SLP148 T03000156 56009 $
CVG,2023-08-13 21:52,KCVG 132152Z 35010KT 10SM FEW045 BKN200 30/17 A3000 RMK AO2 SLP148 T03000172 $
CVG,2023-08-13 22:52,KCVG 132252Z 35010KT 10SM BKN170 28/17 A2999 RMK AO2 SLP146 T02830172 $
CVG,2023-08-13 23:52,KCVG 132352Z 35005KT 10SM BKN170 27/17 A2999 RMK AO2 SLP147 T02670167 10306 20267 55002 $
CVG,2023-08-14 00:52,KCVG 140052Z 36005KT 10SM BKN140 OVC200 26/17 A3000 RMK AO2 SLP151 T02560167 $
CVG,2023-08-14 01:52,KCVG 140152Z 05008KT 10SM BKN140 BKN200 27/16 A3001 RMK AO2 SLP149 T02670156 $
CVG,2023-08-14 02:52,KCVG 140252Z 08005KT 10SM BKN150 26/17 A3000 RMK AO2 SLP146 T02610167 50001 $
CVG,2023-08-14 03:52,KCVG 140352Z 09006KT 10SM BKN150 25/17 A2999 RMK AO2 SLP144 T02500172 $
CVG,2023-08-14 04:52,KCVG 140452Z 05007KT 10SM BKN150 25/17 A2999 RMK AO2 SLP143 T02500172 403060167 $
CVG,2023-08-14 05:52,KCVG 140552Z 11006KT 10SM BKN140 24/18 A2997 RMK AO2 SLP137 T02440178 10267 20244 58009 $
CVG,2023-08-14 06:52,KCVG 140652Z 06006KT 10SM OVC085 25/17 A2995 RMK AO2 SLP131 T02500172 $
CVG,2023-08-14 07:52,KCVG 140752Z 08005KT 10SM OVC090 24/17 A2991 RMK AO2 SLP118 T02390172 $
CVG,2023-08-14 08:52,KCVG 140852Z 03004KT 10SM FEW034 SCT050 BKN200 24/17 A2993 RMK AO2 SLP122 T02390172 55014 $
CVG,2023-08-14 09:52,KCVG 140952Z 12004KT 10SM FEW040 BKN150 23/17 A2993 RMK AO2 SLP123 T02280172 $
CVG,2023-08-14 10:52,KCVG 141052Z 19004KT 10SM FEW039 BKN100 OVC150 23/18 A2992 RMK AO2 SLP120 T02280178 $
CVG,2023-08-14 11:52,KCVG 141152Z 19005KT 10SM FEW032 SCT039 BKN055 OVC130 23/19 A2993 RMK AO2 PK WND 03029/1121 SLP124 T02280194 10250 20222 53001
CVG,2023-08-14 12:52,KCVG 141252Z 21007KT 7SM OVC006 22/21 A2993 RMK AO2 RAB25E50 SLP125 P0002 T02170211
CVG,2023-08-14 13:52,KCVG 141352Z 22008KT 4SM -RA BR OVC005 22/22 A2993 RMK AO2 RAB37 SLP123 P0000 T02220222
CVG,2023-08-14 14:52,KCVG 141452Z 22006KT 4SM -RA BR OVC007 23/23 A2993 RMK AO2 SLP123 P0001 60003 T02280228 56001
CVG,2023-08-14 15:52,KCVG 141552Z 22008KT 7SM -RA BKN009 OVC014 23/23 A2992 RMK AO2 SLP121 P0001 T02330228
CVG,2023-08-14 16:52,KCVG 141652Z 00000KT 8SM SCT008 BKN015 OVC025 23/22 A2989 RMK AO2 RAE04B17E27 PRESFR SLP109 BINOVC P0000 T02330222
CVG,2023-08-14 17:52,KCVG 141752Z 19006KT 8SM SCT007 BKN031 OVC070 24/23 A2988 RMK AO2 RAB33E47 SLP109 BINOVC P0001 60005 T02390233 10244 20217 56014
CVG,2023-08-14 18:52,KCVG 141852Z 19005KT 9SM -RA SCT012 SCT017 OVC035 24/23 A2987 RMK AO2 RAB43 SLP105 P0000 T02440228
CVG,2023-08-14 19:52,KCVG 141952Z 20009KT 5SM -RA BR FEW013 SCT027 OVC080 24/23 A2986 RMK AO2 RAE34B50 CIG 039 36R SLP103 P0007 T02390233
CVG,2023-08-14 20:52,KCVG 142052Z 21007KT 9SM -RA FEW015 BKN033 OVC055 24/23 A2985 RMK AO2 RAE01B45 SLP095 P0000 60007 T02440233 58013
CVG,2023-08-14 21:52,KCVG 142152Z 19006KT 10SM FEW060 FEW080 SCT250 26/23 A2982 RMK AO2 RAE2055B08E18 SLP086 P0000 T02560228
CVG,2023-08-14 22:52,KCVG 142252Z 19008KT 10SM FEW035 FEW080 SCT140 26/23 A2981 RMK AO2 LTG DSNT N SLP084 T02610233
CVG,2023-08-14 23:52,KCVG 142352Z 22006KT 10SM FEW027 SCT100 BKN170 25/23 A2981 RMK AO2 LTG DSNT N AND NE SLP086 60007 T02500228 10261 20233 55010
CVG,2023-08-15 00:52,KCVG 150052Z 23010KT 6SM -RA BR BKN100 BKN110 OVC130 23/22 A2982 RMK AO2 RAB06 SLP088 P0009 T02280222
CVG,2023-08-15 01:52,KCVG 150152Z 25007KT 9SM FEW035 SCT100 BKN180 23/22 A2984 RMK AO2 LTG DSNT NE RAE0058 SLP094 P0000 T02280222
CVG,2023-08-15 02:52,KCVG 150252Z 25008KT 10SM FEW100 FEW180 22/22 A2986 RMK AO2 SLP102 60009 T02170217 53015
CVG,2023-08-15 03:52,KCVG 150352Z 26008KT 9SM FEW004 21/21 A2986 RMK AO2 SLP102 T02110211
CVG,2023-08-15 04:52,KCVG 150452Z 25010KT 9SM SCT008 SCT032 21/21 A2986 RMK AO2 SLP102 T02110211 402610206
CVG,2023-08-15 05:52,KCVG 150552Z 25008KT 9SM FEW008 FEW014 SCT070 21/21 A2985 RMK AO2 SLP099 60009 T02110206 10250 20206 58002
CVG,2023-08-15 06:52,KCVG 150652Z 26008KT 10SM CLR 20/19 A2984 RMK AO2 SLP097 T02000189
CVG,2023-08-15 07:52,KCVG 150752Z 24005KT 10SM CLR 19/18 A2985 RMK AO2 SLP100 T01940183
CVG,2023-08-15 08:52,KCVG 150852Z 24006KT 10SM CLR 19/18 A2985 RMK AO2 SLP100 T01890183 55000
CVG,2023-08-15 09:52,KCVG 150952Z 24007KT 10SM CLR 18/18 A2985 RMK AO2 SLP099 T01830178
CVG,2023-08-15 10:52,KCVG 151052Z 26007KT 10SM FEW050 18/17 A2987 RMK AO2 SLP107 T01780172
CVG,2023-08-15 11:52,KCVG 151152Z 24005KT 10SM BKN017 18/17 A2988 RMK AO2 SLP110 70021 T01780172 10211 20178 53010
CVG,2023-08-15 12:52,KCVG 151252Z 28014KT 10SM BKN016 18/17 A2989 RMK AO2 SLP115 T01830167
CVG,2023-08-15 13:52,KCVG 151352Z 26010KT 10SM FEW012 BKN016 19/17 A2990 RMK AO2 SLP117 T01890167
CVG,2023-08-15 14:52,KCVG 151452Z 27012KT 10SM BKN016 BKN024 19/16 A2991 RMK AO2 SLP121 T01940161 51009
CVG,2023-08-15 15:52,KCVG 151552Z 26010G16KT 10SM FEW023 OVC034 21/17 A2992 RMK AO2 SLP123 BINOVC T02110167
CVG,2023-08-15 16:52,KCVG 151652Z 26009KT 10SM FEW026 BKN036 OVC043 22/17 A2993 RMK AO2 SLP126 BINOVC T02170167
CVG,2023-08-15 17:52,KCVG 151752Z 27012G23KT 10SM SCT030 BKN038 22/16 A2994 RMK AO2 SLP129 T02220161 10228 20178 53005
CVG,2023-08-15 18:52,KCVG 151852Z 27014KT 10SM OVC038 22/16 A2994 RMK AO2 SLP129 T02170161
CVG,2023-08-15 19:52,KCVG 151952Z 30015G20KT 10SM -RA FEW028 BKN037 OVC046 22/17 A2994 RMK AO2 RAB51 SLP130 VIS LWR NW-N P0000 T02170167
CVG,2023-08-15 20:52,KCVG 152052Z 26012KT 10SM FEW026 BKN034 OVC060 21/18 A2994 RMK AO2 RAE03B22E30 SLP130 VIS LWR NW VCSH NW P0000 60000 T02060178 50000
CVG,2023-08-15 21:52,KCVG 152152Z 28013KT 10SM FEW016 FEW028 OVC055 20/18 A2994 RMK AO2 SLP130 RAB2054E00 VCSH NW P0000 T02000178
CVG,2023-08-15 22:52,KCVG 152252Z 28009KT 9SM FEW030 BKN049 OVC070 20/18 A2994 RMK AO2 RAB00E23 SLP130 VCSH W P0000 T02000178
CVG,2023-08-15 23:52,KCVG 152352Z 28008KT 9SM FEW025 SCT032 OVC050 19/18 A2995 RMK AO2 SLP134 BINOVC OHD 60000 T01940183 10228 20194 53003
CVG,2023-08-16 00:52,KCVG 160052Z 30009KT 9SM FEW024 OVC055 19/18 A2996 RMK AO2 SLP138 BINOVC OHD T01940178
CVG,2023-08-16 01:52,KCVG 160152Z 32010KT 9SM SCT024 BKN060 19/18 A2998 RMK AO2 SLP146 SCT V BKN T01940178
CVG,2023-08-16 02:52,KCVG 160252Z 33008KT 9SM OVC049 19/17 A3000 RMK AO2 SLP152 T01940167 53019 $
CVG,2023-08-16 03:52,KCVG 160352Z 31005KT 9SM OVC050 19/17 A3001 RMK AO2 SLP155 T01940167 $
CVG,2023-08-16 04:52,KCVG 160452Z 26004KT 8SM OVC055 18/17 A3002 RMK AO2 SLP157 T01830172 402280178 $
CVG,2023-08-16 05:52,KCVG 160552Z 26005KT 7SM OVC060 18/17 A3001 RMK AO2 SLP156 T01830172 10200 20183 50004 $
CVG,2023-08-16 06:52,KCVG 160652Z 30007KT 6SM BR OVC055 18/17 A3000 RMK AO2 SLP152 T01830172 $
CVG,2023-08-16 07:52,KCVG 160752Z 33007G19KT 6SM BR OVC060 19/17 A3000 RMK AO2 SLP151 T01890172 $
CVG,2023-08-16 08:52,KCVG 160852Z 32004KT 6SM BR SCT065 18/17 A3001 RMK AO2 SLP153 T01780167 55003 $
CVG,2023-08-16 09:52,KCVG 160952Z 31003KT 6SM BR OVC065 18/17 A3002 RMK AO2 SLP157 T01780172 $
CVG,2023-08-16 10:52,KCVG 161052Z 33003KT 6SM BR FEW065 18/17 A3003 RMK AO2 SLP161 PTCHY MIFG W T01780167 $
CVG,2023-08-16 11:52,KCVG 161152Z 34004KT 7SM CLR 18/17 A3004 RMK AO2 SLP166 T01780167 10189 20172 53012
CVG,2023-08-16 12:52,KCVG 161252Z 36004KT 10SM CLR 19/17 A3006 RMK AO2 SLP172 T01940167
CVG,2023-08-16 13:52,KCVG 161352Z 01004KT 10SM CLR 21/17 A3007 RMK AO2 SLP175 T02110172
CVG,2023-08-16 14:52,KCVG 161452Z 33006KT 10SM FEW026 22/17 A3008 RMK AO2 SLP176 T02220167 51012
CVG,2023-08-16 15:52,KCVG 161552Z VRB03KT 9SM FEW030 23/16 A3006 RMK AO2 SLP171 FEW V SCT T02280156
CVG,2023-08-16 16:52,KCVG 161652Z 05005KT 8SM SCT041 25/15 A3005 RMK AO2 SLP168 T02500150
CVG,2023-08-16 17:52,KCVG 161752Z VRB05KT 8SM SCT046 BKN055 24/14 A3004 RMK AO2 SLP164 T02440144 10256 20178 56012
CVG,2023-08-16 18:52,KCVG 161852Z VRB05KT 6SM HZ BKN046 BKN060 25/15 A3003 RMK AO2 SLP159 T02500150
CVG,2023-08-16 19:52,KCVG 161952Z 00000KT 6SM HZ BKN046 OVC065 25/15 A3001 RMK AO2 SLP155 T02500150
CVG,2023-08-16 20:52,KCVG 162052Z 01007KT 7SM FEW045 OVC060 24/16 A3001 RMK AO2 SLP153 T02440156 56010
CVG,2023-08-16 21:52,KCVG 162152Z 32004KT 7SM FEW050 OVC065 24/15 A3001 RMK AO2 SLP152 T02440150
CVG,2023-08-16 22:52,KCVG 162252Z 26004KT 7SM FEW048 OVC065 23/17 A3000 RMK AO2 SLP150 T02330172
CVG,2023-08-16 23:52,KCVG 162352Z 00000KT 8SM OVC060 23/18 A2998 RMK AO2 SLP145 BINOVC OHD T02280183 10267 20228 58008
CVG,2023-08-17 00:52,KCVG 170052Z 00000KT 8SM FEW038 BKN065 22/17 A2998 RMK AO2 SLP144 T02170172
CVG,2023-08-17 01:52,KCVG 170152Z 19005KT 8SM BKN060 21/18 A2999 RMK AO2 SLP146 T02110178
CVG,2023-08-17 02:52,KCVG 170252Z 19005KT 7SM BKN060 21/18 A3000 RMK AO2 SLP149 T02110178 53004
CVG,2023-08-17 03:52,KCVG 170352Z 20006KT 7SM BKN060 21/17 A2999 RMK AO2 SLP146 T02060172
CVG,2023-08-17 04:52,KCVG 170452Z 20006KT 7SM FEW060 19/17 A2997 RMK AO2 SLP138 T01940172 402670172
CVG,2023-08-17 05:52,KCVG 170552Z 19005KT 8SM FEW060 18/17 A2995 RMK AO2 SLP132 T01830172 10228 20183 58017
CVG,2023-08-17 06:52,KCVG 170652Z 20005KT 8SM CLR 18/17 A2994 RMK AO2 SLP129 T01780172
CVG,2023-08-17 07:52,KCVG 170752Z 21005KT 8SM CLR 17/17 A2993 RMK AO2 SLP128 T01720167
CVG,2023-08-17 08:52,KCVG 170852Z 21005KT 8SM CLR 17/17 A2992 RMK AO2 SLP125 T01670167 58008
CVG,2023-08-17 09:52,KCVG 170952Z 20006KT 6SM BR CLR 17/17 A2992 RMK AO2 SLP123 T01670167
CVG,2023-08-17 10:52,KCVG 171052Z 20007KT 6SM BR FEW250 17/16 A2992 RMK AO2 SLP126 T01670161
CVG,2023-08-17 11:52,KCVG 171152Z 20007KT 5SM BR FEW250 17/17 A2992 RMK AO2 SLP124 T01720167 10183 20167 56001
CVG,2023-08-17 12:52,KCVG 171252Z 22008KT 5SM BR SCT250 19/18 A2991 RMK AO2 SLP121 T01940178
CVG,2023-08-17 13:52,KCVG 171352Z 24010G15KT 6SM HZ FEW250 22/17 A2990 RMK AO2 SLP116 T02170172
CVG,2023-08-17 14:52,KCVG 171452Z 23010KT 7SM FEW250 23/17 A2989 RMK AO2 SLP112 T02330167 58010
CVG,2023-08-17 15:52,KCVG 171552Z 23012G21KT 8SM FEW250 24/16 A2986 RMK AO2 SLP102 T02440161
CVG,2023-08-17 16:52,KCVG 171652Z 25014G21KT 8SM BKN045 BKN250 24/16 A2986 RMK AO2 SLP103 T02440156
CVG,2023-08-17 17:52,KCVG 171752Z 23016G22KT 8SM FEW045 BKN250 26/16 A2984 RMK AO2 SLP095 T02560156 10267 20172 56016
CVG,2023-08-17 18:52,KCVG 171852Z 21013G21KT 9SM FEW045 SCT250 BKN300 27/16 A2982 RMK AO2 SLP088 T02670161
CVG,2023-08-17 19:52,KCVG 171952Z 25014G22KT 9SM FEW050 SCT250 SCT300 27/15 A2981 RMK AO2 SLP085 T02720150
CVG,2023-08-17 20:52,KCVG 172052Z 20013G21KT 9SM FEW055 SCT110 BKN160 OVC250 26/15 A2980 RMK AO2 SLP081 T02560150 56015
CVG,2023-08-17 21:52,KCVG 172152Z 23010KT 9SM BKN055 OVC070 24/16 A2980 RMK AO2 RAB24E32 SLP084 P0000 T02440156
CVG,2023-08-17 22:52,KCVG 172252Z 26013G22KT 3SM -RA OVC040 22/18 A2983 RMK AO2 SFC VIS 4 RAB36 SLP092 PCPN VRY LGT P0000 T02220178
CVG,2023-08-17 23:52,KCVG 172352Z 21007KT 7SM FEW039 SCT048 BKN085 21/19 A2983 RMK AO2 RAE08 SLP092 P0000 60000 T02110194 10272 20206 51010
CVG,2023-08-18 00:52,KCVG 180052Z 22005KT 7SM SCT032 20/19 A2984 RMK AO2 SLP095 T02000189
CVG,2023-08-18 01:52,KCVG 180152Z 21004KT 8SM CLR 19/19 A2985 RMK AO2 SLP101 T01940189
CVG,2023-08-18 02:52,KCVG 180252Z 24006KT 7SM FEW049 SCT070 BKN085 20/19 A2987 RMK AO2 SLP104 T02000189 53013
CVG,2023-08-18 03:52,KCVG 180352Z 27006KT 7SM SCT070 OVC090 20/19 A2988 RMK AO2 RAB0256E07 SLP110 P0000 T02000189
CVG,2023-08-18 04:52,KCVG 180452Z 27007KT 7SM FEW100 19/18 A2989 RMK AO2 SLP114 T01890183 402720167
CVG,2023-08-18 05:52,KCVG 180552Z 33007KT 9SM CLR 19/17 A2991 RMK AO2 SLP119 60000 T01890167 10211 20183 51014
CVG,2023-08-18 06:52,KCVG 180652Z 33005KT 10SM CLR 18/16 A2991 RMK AO2 SLP120 T01780156
CVG,2023-08-18 07:52,KCVG 180752Z 32006KT 9SM CLR 17/15 A2992 RMK AO2 SLP123 T01670150
CVG,2023-08-18 08:52,KCVG 180852Z 34005KT 10SM CLR 17/14 A2994 RMK AO2 SLP129 T01670144 53010
CVG,2023-08-18 09:52,KCVG 180952Z 32007KT 10SM CLR 16/14 A2996 RMK AO2 SLP137 T01560144
CVG,2023-08-18 10:52,KCVG 181052Z 34006KT 9SM CLR 15/14 A2999 RMK AO2 SLP148 T01500139
CVG,2023-08-18 11:52,KCVG 181152Z 35005KT 10SM CLR 16/14 A3001 RMK AO2 SLP155 T01560139 10194 20150 52022
CVG,2023-08-18 12:52,KCVG 181252Z 36006KT 10SM CLR 17/14 A3002 RMK AO2 SLP160 T01720144
CVG,2023-08-18 13:52,KCVG 181352Z 36005KT 10SM CLR 19/14 A3004 RMK AO2 SLP165 T01890139
CVG,2023-08-18 14:52,KCVG 181452Z 01007KT 10SM CLR 21/12 A3006 RMK AO2 SLP173 T02060122 53019
CVG,2023-08-18 15:52,KCVG 181552Z 33008KT 10SM FEW040 22/12 A3007 RMK AO2 SLP174 T02170117
CVG,2023-08-18 16:52,KCVG 181652Z 01005KT 10SM FEW045 23/12 A3006 RMK AO2 SLP172 T02280117
CVG,2023-08-18 17:52,KCVG 181752Z 36006G14KT 10SM FEW050 24/12 A3006 RMK AO2 SLP169 T02390117 10244 20156 58003
CVG,2023-08-18 18:52,KCVG 181852Z 35009KT 9SM FEW049 24/12 A3005 RMK AO2 SLP168 T02440117
CVG,2023-08-18 19:52,KCVG 181952Z 35009KT 9SM FEW050 24/12 A3004 RMK AO2 SLP166 T02390117
CVG,2023-08-18 20:52,KCVG 182052Z 31006G14KT 9SM FEW055 24/12 A3004 RMK AO2 SLP165 T02440122 58005
CVG,2023-08-18 21:52,KCVG 182152Z 35009KT 9SM FEW050 FEW300 24/13 A3003 RMK AO2 SLP163 T02440128
CVG,2023-08-18 22:52,KCVG 182252Z 33007KT 9SM FEW050 FEW300 24/12 A3003 RMK AO2 SLP160 T02390122
CVG,2023-08-18 23:52,KCVG 182352Z 34006KT 9SM FEW050 FEW300 22/13 A3003 RMK AO2 SLP162 T02220133 10250 20222 55004
CVG,2023-08-19 00:52,KCVG 190052Z 33004KT 9SM FEW300 21/13 A3004 RMK AO2 SLP164 T02110133
CVG,2023-08-19 01:52,KCVG 190152Z 00000KT 8SM FEW300 20/13 A3006 RMK AO2 SLP170 T02000133
CVG,2023-08-19 02:52,KCVG 190252Z 00000KT 8SM FEW250 18/14 A3007 RMK AO2 SLP174 T01830139 53014
CVG,2023-08-19 03:52,KCVG 190352Z 00000KT 10SM FEW250 17/13 A3007 RMK AO2 SLP174 T01670133
CVG,2023-08-19 04:52,KCVG 190452Z 00000KT 7SM FEW250 17/13 A3007 RMK AO2 SLP174 T01670133 402500150
CVG,2023-08-19 05:52,KCVG 190552Z 00000KT 7SM CLR 17/13 A3007 RMK AO2 SLP176 T01720133 10222 20150 53001
CVG,2023-08-19 06:52,KCVG 190652Z 00000KT 7SM CLR 16/13 A3007 RMK AO2 SLP176 T01610133
CVG,2023-08-19 07:52,KCVG 190752Z 00000KT 7SM CLR 16/13 A3008 RMK AO2 SLP178 T01560133
CVG,2023-08-19 08:52,KCVG 190852Z 00000KT 7SM CLR 14/14 A3009 RMK AO2 SLP181 T01440139 53005
CVG,2023-08-19 09:52,KCVG 190952Z 00000KT 7SM CLR 15/14 A3009 RMK AO2 SLP183 T01500144
CVG,2023-08-19 10:52,KCVG 191052Z 00000KT 4SM BR CLR 16/14 A3010 RMK AO2 SLP186 T01560144
CVG,2023-08-19 11:52,KCVG 191152Z 00000KT 5SM BR FEW250 17/15 A3012 RMK AO2 SLP193 T01670150 10172 20139 53013
CVG,2023-08-19 12:52,KCVG 191252Z 00000KT 4SM HZ CLR 18/15 A3013 RMK AO2 SLP195 T01830150
CVG,2023-08-19 13:52,KCVG 191352Z 00000KT 5SM HZ CLR 22/14 A3014 RMK AO2 SLP198 T02170144
CVG,2023-08-19 14:52,KCVG 191452Z 00000KT 6SM HZ CLR 23/14 A3014 RMK AO2 SLP199 T02330139 51007
CVG,2023-08-19 15:52,KCVG 191552Z 07003KT 6SM HZ CLR 24/13 A3015 RMK AO2 SLP202 T02440128
CVG,2023-08-19 16:52,KCVG 191652Z 07003KT 6SM HZ CLR 25/13 A3012 RMK AO2 SLP192 T02500133
CVG,2023-08-19 17:52,KCVG 191752Z VRB05KT 6SM HZ CLR 26/14 A3011 RMK AO2 SLP188 T02560139 10261 20167 58011
CVG,2023-08-19 18:52,KCVG 191852Z VRB03KT 10SM CLR 27/13 A3010 RMK AO2 SLP182 T02670128
CVG,2023-08-19 19:52,KCVG 191952Z VRB04KT 10SM CLR 27/13 A3008 RMK AO2 SLP177 T02720133
CVG,2023-08-19 21:52,KCVG 192152Z 17006KT 10SM BKN190 28/14 A3005 RMK AO2 SLP168 T02780144
CVG,2023-08-19 22:52,KCVG 192252Z 24005KT 10SM SCT190 26/15 A3005 RMK AO2 SLP167 T02610150
CVG,2023-08-19 23:52,KCVG 192352Z 22005KT 10SM BKN180 BKN200 24/16 A3005 RMK AO2 SLP170 T02440156 10283 20244 55002
CVG,2023-08-20 00:52,KCVG 200052Z 19006KT 10SM BKN180 23/16 A3005 RMK AO2 SLP166 T02330156
CVG,2023-08-20 01:52,KCVG 200152Z 17008KT 10SM BKN180 22/16 A3005 RMK AO2 SLP168 T02220156
CVG,2023-08-20 02:52,KCVG 200252Z 18006KT 8SM BKN170 22/16 A3006 RMK AO2 SLP170 T02170156 53002
CVG,2023-08-20 03:52,KCVG 200352Z 18005KT 8SM SCT170 21/15 A3006 RMK AO2 SLP169 T02060150
CVG,2023-08-20 04:52,KCVG 200452Z 18006KT 8SM SCT170 20/16 A3006 RMK AO2 SLP171 T02000156 402830139
CVG,2023-08-20 05:52,KCVG 200552Z 19004KT 8SM SCT150 21/15 A3008 RMK AO2 SLP175 T02060150 10244 20200 53005
CVG,2023-08-20 06:52,KCVG 200652Z 19004KT 8SM SCT150 19/16 A3009 RMK AO2 SLP179 T01940156
CVG,2023-08-20 07:52,KCVG 200752Z 19005KT 8SM SCT150 19/15 A3008 RMK AO2 SLP178 T01890150
CVG,2023-08-20 08:52,KCVG 200852Z 20004KT 8SM SCT150 18/16 A3009 RMK AO2 SLP180 T01830156 51005
CVG,2023-08-20 09:52,KCVG 200952Z 18004KT 7SM SCT150 17/15 A3010 RMK AO2 SLP183 T01720150
CVG,2023-08-20 10:52,KCVG 201052Z 18007KT 7SM CLR 17/15 A3010 RMK AO2 SLP186 T01670150
CVG,2023-08-20 11:52,KCVG 201152Z 18008KT 7SM CLR 18/16 A3010 RMK AO2 SLP186 T01830161 10206 20161 51004
CVG,2023-08-20 12:52,KCVG 201252Z 18006KT 7SM CLR 22/17 A3011 RMK AO2 SLP187 T02170167 $
CVG,2023-08-20 13:52,KCVG 201352Z 18007KT 10SM FEW250 24/17 A3012 RMK AO2 SLP189 T02390172 $
CVG,2023-08-20 14:52,KCVG 201452Z 22006KT 9SM FEW065 FEW250 27/18 A3013 RMK AO2 SLP192 T02670178 53007 $
CVG,2023-08-20 15:52,KCVG 201552Z 24005KT 9SM FEW050 FEW250 28/18 A3013 RMK AO2 SLP192 T02780183 $
CVG,2023-08-20 16:52,KCVG 201652Z VRB06KT 9SM FEW070 29/19 A3012 RMK AO2 SLP188 T02940189 $
CVG,2023-08-20 17:52,KCVG 201752Z 18008KT 9SM FEW100 31/19 A3010 RMK AO2 SLP181 T03060189 10311 20189 58009 $
CVG,2023-08-20 18:52,KCVG 201852Z 22007KT 9SM CLR 32/20 A3010 RMK AO2 SLP180 T03170200 $
CVG,2023-08-20 19:52,KCVG 201952Z 21006KT 9SM FEW050 FEW100 32/20 A3009 RMK AO2 SLP176 T03220200 $
CVG,2023-08-20 20:52,KCVG 202052Z VRB06KT 9SM FEW100 FEW250 32/21 A3008 RMK AO2 SLP174 T03220206 58006 $
CVG,2023-08-20 21:52,KCVG 202152Z 24006KT 9SM FEW250 32/20 A3007 RMK AO2 SLP173 T03220200 $
CVG,2023-08-20 22:52,KCVG 202252Z 25004KT 9SM SCT190 32/21 A3007 RMK AO2 SLP173 T03170206 $
CVG,2023-08-20 23:52,KCVG 202352Z 23004KT 9SM FEW190 30/21 A3008 RMK AO2 SLP176 T03000211 10328 20300 53000 $
CVG,2023-08-21 00:52,KCVG 210052Z 25005KT 10SM FEW190 28/21 A3010 RMK AO2 SLP183 T02830206 $
CVG,2023-08-21 01:52,KCVG 210152Z 23005KT 10SM FEW190 27/21 A3011 RMK AO2 SLP186 T02670206 $
CVG,2023-08-21 02:52,KCVG 210252Z 27004KT 10SM SCT048 27/21 A3014 RMK AO2 SLP194 T02670211 52019 $
CVG,2023-08-21 03:52,KCVG 210352Z 24005KT 10SM SCT043 27/21 A3013 RMK AO2 SLP192 T02670206 $
CVG,2023-08-21 04:52,KCVG 210452Z 34003KT 10SM SCT047 26/21 A3014 RMK AO2 SLP195 T02560211 403280161 $
CVG,2023-08-21 05:52,KCVG 210552Z 19003KT 10SM OVC047 24/21 A3014 RMK AO2 SLP195 T02440211 10300 20228 53002 $
CVG,2023-08-21 06:52,KCVG 210652Z 15003KT 10SM OVC047 24/21 A3013 RMK AO2 SLP192 T02390211 $
CVG,2023-08-21 07:52,KCVG 210752Z 00000KT 10SM FEW045 SCT250 24/21 A3013 RMK AO2 SLP191 T02440211 $
CVG,2023-08-21 08:52,KCVG 210852Z 00000KT 9SM SCT250 24/21 A3015 RMK AO2 SLP196 T02390211 53001 $
CVG,2023-08-21 09:52,KCVG 210952Z 00000KT 9SM BKN250 23/21 A3015 RMK AO2 SLP198 T02280211 $
CVG,2023-08-21 10:52,KCVG 211052Z 18003KT 9SM BKN250 23/21 A3015 RMK AO2 SLP198 T02280211 $
CVG,2023-08-21 11:52,KCVG 211152Z 00000KT 8SM FEW025 SCT230 BKN300 24/21 A3017 RMK AO2 SLP206 T02390211 10256 20217 53008
CVG,2023-08-21 12:52,KCVG 211252Z 00000KT 7SM FEW028 BKN300 27/23 A3018 RMK AO2 SLP209 T02670228
CVG,2023-08-21 13:52,KCVG 211352Z 00000KT 8SM FEW030 FEW065 BKN300 29/23 A3018 RMK AO2 SLP206 T02890228
CVG,2023-08-21 14:52,KCVG 211452Z VRB03KT 9SM FEW085 FEW240 BKN300 30/22 A3017 RMK AO2 SLP204 T03000222 58001 $
CVG,2023-08-21 15:52,KCVG 211552Z 00000KT 10SM FEW040 BKN300 31/22 A3018 RMK AO2 SLP209 T03060222 $
CVG,2023-08-21 16:52,KCVG 211652Z 00000KT 8SM FEW043 BKN300 32/22 A3019 RMK AO2 SLP210 T03170222 $
CVG,2023-08-21 17:52,KCVG 211752Z VRB03KT 9SM BKN042 BKN300 32/22 A3017 RMK AO2 SLP204 T03170222 10322 20239 58001 $
CVG,2023-08-21 18:52,KCVG 211852Z 03008KT 8SM BKN043 BKN300 33/22 A3015 RMK AO2 SLP199 T03280222 $
CVG,2023-08-21 19:52,KCVG 211952Z 00000KT 7SM BKN045 33/22 A3014 RMK AO2 SLP193 T03280222 $
CVG,2023-08-21 20:52,KCVG 212052Z 25004KT 7SM SCT045 33/22 A3012 RMK AO2 SLP188 T03280222 56015 $
CVG,2023-08-21 21:52,KCVG 212152Z 36007KT 7SM FEW048 FEW300 33/22 A3012 RMK AO2 SLP189 T03330222 $
CVG,2023-08-21 22:52,KCVG 212252Z 35006KT 7SM FEW050 SCT300 32/23 A3013 RMK AO2 SLP190 T03220228 $
CVG,2023-08-21 23:52,KCVG 212352Z 35007KT 7SM FEW050 BKN300 31/24 A3013 RMK AO2 SLP191 T03060239 10344 20306 51002 $
CVG,2023-08-22 00:52,KCVG 220052Z 36007KT 8SM FEW050 SCT300 29/24 A3013 RMK AO2 SLP192 T02940239 $
CVG,2023-08-22 01:52,KCVG 220152Z 05007KT 8SM FEW050 FEW300 29/23 A3015 RMK AO2 SLP196 T02940233 $
CVG,2023-08-22 02:52,KCVG 220252Z 05006KT 8SM SCT300 29/23 A3015 RMK AO2 SLP197 T02890233 52007 $
CVG,2023-08-22 03:52,KCVG 220352Z 04005KT 7SM BKN038 OVC047 28/23 A3016 RMK AO2 SLP199 T02830233 $
CVG,2023-08-22 04:52,KCVG 220452Z 01004KT 7SM BKN047 28/23 A3016 RMK AO2 SLP199 T02780233 403440217 $
CVG,2023-08-22 05:52,KCVG 220552Z 02003KT 7SM BKN049 BKN300 27/23 A3015 RMK AO2 SLP198 T02720233 10306 20272 50001 $
CVG,2023-08-22 06:52,KCVG 220652Z 35005KT 7SM OVC049 27/23 A3014 RMK AO2 SLP194 T02670233 $
CVG,2023-08-22 07:52,KCVG 220752Z 04005KT 8SM BKN047 BKN300 27/23 A3015 RMK AO2 SLP195 T02670233 $
CVG,2023-08-22 08:52,KCVG 220852Z 07006KT 8SM FEW042 BKN050 BKN300 26/23 A3015 RMK AO2 SLP198 T02560233 55000 $
CVG,2023-08-22 09:52,KCVG 220952Z 04008KT 8SM FEW040 BKN300 25/23 A3016 RMK AO2 SLP201 T02500228 $
CVG,2023-08-22 10:52,KCVG 221052Z 03008KT 7SM FEW044 SCT300 24/22 A3017 RMK AO2 SLP206 T02390222 $
CVG,2023-08-22 11:52,KCVG 221152Z 03008KT 7SM FEW032 BKN300 24/21 A3019 RMK AO2 SLP211 T02390211 10272 20239 53012
CVG,2023-08-22 12:52,KCVG 221252Z 05007KT 8SM FEW110 BKN300 24/20 A3019 RMK AO2 SLP213 T02390200
CVG,2023-08-22 13:52,KCVG 221352Z 06007KT 9SM SCT300 26/19 A3020 RMK AO2 SLP214 T02560194
CVG,2023-08-22 14:52,KCVG 221452Z 07004KT 10SM CLR 27/20 A3020 RMK AO2 SLP215 T02670200 51005
CVG,2023-08-22 15:52,KCVG 221552Z VRB06KT 9SM FEW045 29/21 A3020 RMK AO2 SLP215 T02890206
CVG,2023-08-22 16:52,KCVG 221652Z 07009KT 10SM FEW040 29/21 A3019 RMK AO2 SLP211 T02940206
CVG,2023-08-22 17:52,KCVG 221752Z 08010G15KT 8SM FEW045 31/20 A3018 RMK AO2 SLP206 T03110200 10311 20233 58009
CVG,2023-08-22 18:52,KCVG 221852Z 03007KT 8SM CLR 32/17 A3016 RMK AO2 SLP200 T03170172
CVG,2023-08-22 19:52,KCVG 221952Z 03007KT 8SM CLR 32/16 A3014 RMK AO2 SLP194 T03170161
CVG,2023-08-22 20:52,KCVG 222052Z 09007KT 8SM CLR 32/17 A3013 RMK AO2 SLP189 T03170167 56016
CVG,2023-08-22 21:52,KCVG 222152Z 03007KT 8SM CLR 32/17 A3011 RMK AO2 SLP184 T03170167
CVG,2023-08-22 22:52,KCVG 222252Z 08006KT 9SM CLR 31/17 A3011 RMK AO2 SLP185 T03110167
CVG,2023-08-22 23:52,KCVG 222352Z 35008KT 9SM CLR 28/19 A3011 RMK AO2 SLP185 T02830189 10322 20283 56005
CVG,2023-08-23 00:52,KCVG 230052Z 06008KT 10SM CLR 28/17 A3012 RMK AO2 SLP187 T02780167
CVG,2023-08-23 01:52,KCVG 230152Z 09007KT 10SM CLR 26/17 A3014 RMK AO2 SLP196 T02560172
CVG,2023-08-23 02:52,KCVG 230252Z 08007KT 10SM CLR 26/18 A3014 RMK AO2 SLP196 T02560178 50011
CVG,2023-08-23 03:52,KCVG 230352Z 08006KT 10SM CLR 25/18 A3014 RMK AO2 SLP195 T02500178
CVG,2023-08-23 04:52,KCVG 230452Z 09006KT 9SM CLR 23/18 A3014 RMK AO2 SLP193 T02330178 403220233 $
CVG,2023-08-23 05:52,KCVG 230552Z 08006KT 9SM CLR 23/18 A3013 RMK AO2 SLP191 T02330178 10283 20228 58005 $
CVG,2023-08-23 06:52,KCVG 230652Z 10004KT 9SM CLR 22/18 A3013 RMK AO2 SLP190 T02220178 $
CVG,2023-08-23 07:52,KCVG 230752Z 00000KT 9SM CLR 22/18 A3012 RMK AO2 SLP188 T02220178 $
CVG,2023-08-23 08:52,KCVG 230852Z 00000KT 8SM CLR 22/18 A3011 RMK AO2 SLP186 T02170178 58004 $
CVG,2023-08-23 09:52,KCVG 230952Z 18004KT 8SM FEW250 21/18 A3011 RMK AO2 SLP185 T02060178 $
CVG,2023-08-23 10:52,KCVG 231052Z 15004KT 8SM FEW250 21/18 A3012 RMK AO2 SLP189 T02060178 $
CVG,2023-08-23 11:52,KCVG 231152Z 15004KT 8SM FEW250 22/18 A3014 RMK AO2 SLP195 T02170178 10233 20200 53007
CVG,2023-08-23 12:52,KCVG 231252Z 14005KT 10SM CLR 24/18 A3015 RMK AO2 SLP199 T02390183
CVG,2023-08-23 13:52,KCVG 231352Z 17005KT 8SM CLR 26/18 A3015 RMK AO2 SLP198 T02610183
CVG,2023-08-23 14:52,KCVG 231452Z 19007KT 10SM FEW300 27/19 A3014 RMK AO2 SLP194 T02720189 50000
CVG,2023-08-23 15:52,KCVG 231552Z 22003KT 10SM FEW300 29/19 A3012 RMK AO2 SLP188 T02890189
CVG,2023-08-23 16:52,KCVG 231652Z 19005KT 10SM SCT300 31/20 A3010 RMK AO2 SLP182 T03060200
CVG,2023-08-23 17:52,KCVG 231752Z VRB06KT 10SM BKN300 32/21 A3008 RMK AO2 SLP173 T03170206 10322 20217 58019
CVG,2023-08-23 18:52,KCVG 231852Z VRB04KT 9SM FEW050 SCT300 33/21 A3006 RMK AO2 SLP165 MDT CU DSNT NE T03280206
CVG,2023-08-23 19:52,KCVG 231952Z 25006KT 9SM FEW050 BKN300 33/22 A3002 RMK AO2 SLP154 T03330217
CVG,2023-08-23 20:52,KCVG 232052Z 28009KT 9SM FEW050 SCT300 33/22 A3002 RMK AO2 SLP153 T03330217 56019
CVG,2023-08-23 21:52,KCVG 232152Z 27009KT 9SM FEW050 FEW300 33/23 A3002 RMK AO2 SLP152 T03330228
CVG,2023-08-23 22:52,KCVG 232252Z 24005KT 8SM FEW045 FEW300 32/23 A3001 RMK AO2 SLP149 T03170233
CVG,2023-08-23 23:52,KCVG 232352Z 26006KT 8SM FEW042 FEW300 30/23 A3001 RMK AO2 SLP151 T03000233 10339 20300 55003
CVG,2023-08-24 00:52,KCVG 240052Z 25005KT 8SM CLR 29/23 A3001 RMK AO2 SLP149 T02890233
CVG,2023-08-24 01:52,KCVG 240152Z 23004KT 8SM CLR 28/23 A3001 RMK AO2 SLP150 T02780233
CVG,2023-08-24 02:52,KCVG 240252Z 21006KT 8SM CLR 26/23 A3000 RMK AO2 SLP146 T02610233 58005
CVG,2023-08-24 03:52,KCVG 240352Z 23006KT 8SM CLR 26/24 A2999 RMK AO2 SLP144 T02610239
CVG,2023-08-24 04:52,KCVG 240452Z 21004KT 8SM CLR 26/24 A2999 RMK AO2 SLP142 T02560239 403390200 $
CVG,2023-08-24 05:52,KCVG 240552Z 20006KT 8SM BKN150 25/24 A2999 RMK AO2 SLP142 T02500239 10294 20244 56003 $
CVG,2023-08-24 06:52,KCVG 240652Z COR 23005KT 8SM BKN150 25/24 A2997 RMK AO2 SLP137 T02500239 $
CVG,2023-08-24 07:52,KCVG 240752Z 21004KT 6SM BR BKN150 25/24 A2996 RMK AO2 SLP133 T02500239 $
CVG,2023-08-24 08:52,KCVG 240852Z 16005KT 8SM BKN037 BKN200 25/24 A2998 RMK AO2 SLP139 T02500239 55003 $
CVG,2023-08-24 09:52,KCVG 240952Z 19004KT 7SM FEW033 SCT042 BKN200 24/23 A2998 RMK AO2 LTG DSNT NE AND E SLP140 T02440233 $
CVG,2023-08-24 10:52,KCVG 241052Z VRB03KT 7SM TS FEW028 SCT038CB BKN055 24/23 A3002 RMK AO2 LTG DSNT N-SE TSB37 PRESRR SLP153 FRQ LTGIC NE-E TS NE-E MOV S T02440233 $
CVG,2023-08-24 11:52,KCVG 241152Z 07013G23KT 2SM -TSRA SCT017 OVC035CB 22/21 A3004 RMK AO2 PK WND 08028/1109 LTG DSNT ALQDS RAB31 SLP161 WSHFT 1058 FRQ LTGICCCCG OHD-N TS OHD-N MOV S P0001 60001 70001 T02170206 10250 20217 53021
CVG,2023-08-24 12:52,KCVG 241252Z 15012G22KT 7SM -RA SCT018 BKN110 OVC150 21/21 A3004 RMK AO2 WSHFT 1227 LTG DSNT ALQDS TSE44 SLP161 TS MOV S CB DSNT N AND SE P0051 T02110211
CVG,2023-08-24 13:52,KCVG 241352Z 13017KT 3SM R36C/2600VP6000FT TSRA BR SCT008 BKN018 OVC042CB 21/21 A3008 RMK AO2 PK WND 04028/1331 LTG DSNT ALQDS RAE1256B30 TSB21 SLP175 OCNL LTGIC SW AND S TS S MOV S P0014 T02110206 $
CVG,2023-08-24 14:52,KCVG 241452Z 18009KT 8SM FEW050 BKN130 OVC200 22/21 A3003 RMK AO2 WSHFT 1341 LTG DSNT SE-SW RAE13 TSE06 SLP160 TS MOV S P0005 60070 T02220211 58002 $
CVG,2023-08-24 15:52,KCVG 241552Z 18010KT 10SM FEW045 BKN230 BKN300 24/22 A3003 RMK AO2 SLP157 T02390217 $
CVG,2023-08-24 16:52,KCVG 241652Z 20011KT 9SM SCT220 BKN300 27/22 A3002 RMK AO2 SLP154 T02670222 $
CVG,2023-08-24 17:52,KCVG 241752Z 22007KT 190V250 8SM FEW180 BKN300 27/22 A3001 RMK AO2 SLP150 60070 T02720222 10272 20211 58008 $
CVG,2023-08-24 18:52,KCVG 241852Z 21007G15KT 9SM FEW024 BKN300 29/23 A2999 RMK AO2 SLP143 T02890233 $
CVG,2023-08-24 19:52,KCVG 241952Z 25009KT 8SM FEW027 FEW300 31/24 A2997 RMK AO2 SLP135 T03060239
CVG,2023-08-24 20:52,KCVG 242052Z 23009KT 6SM HZ FEW030 SCT300 31/25 A2996 RMK AO2 SLP132 T03060250 56017
CVG,2023-08-24 21:52,KCVG 242152Z 24008KT 5SM HZ FEW030 SCT300 31/25 A2995 RMK AO2 SLP130 T03060250
CVG,2023-08-24 22:52,KCVG 242252Z 24007KT 5SM HZ FEW033 BKN300 30/25 A2995 RMK AO2 SLP129 T03000250
CVG,2023-08-24 23:52,KCVG 242352Z 22005KT 5SM HZ SCT300 29/26 A2993 RMK AO2 SLP125 T02940256 10311 20272 58008
CVG,2023-08-25 00:52,KCVG 250052Z 20005KT 5SM HZ FEW100 SCT300 28/26 A2994 RMK AO2 SLP126 T02830256
CVG,2023-08-25 01:52,KCVG 250152Z 20005KT 5SM HZ CLR 28/25 A2993 RMK AO2 SLP124 T02780250
CVG,2023-08-25 02:52,KCVG 250252Z 22008KT 5SM HZ CLR 28/25 A2991 RMK AO2 SLP117 T02780250 58009
CVG,2023-08-25 03:52,KCVG 250352Z 24007KT 5SM BR CLR 28/26 A2994 RMK AO2 SLP126 T02780256
CVG,2023-08-25 04:52,KCVG 250452Z 23006KT 4SM BR CLR 27/26 A2994 RMK AO2 SLP126 T02670256 403110211 $
CVG,2023-08-25 05:52,KCVG 250552Z 23007KT 4SM BR FEW250 27/26 A2993 RMK AO2 SLP123 T02670256 10294 20267 50007 $
CVG,2023-08-25 06:52,KCVG 250652Z 22007KT 4SM BR FEW250 26/25 A2991 RMK AO2 SLP116 T02610250 $
CVG,2023-08-25 07:52,KCVG 250752Z 23008KT 4SM BR FEW250 26/25 A2991 RMK AO2 SLP114 T02610250 $
CVG,2023-08-25 08:52,KCVG 250852Z 23008KT 4SM BR FEW250 26/25 A2990 RMK AO2 SLP112 T02610250 56010 $
CVG,2023-08-25 09:52,KCVG 250952Z 23007KT 4SM BR FEW250 26/25 A2991 RMK AO2 SLP114 T02560250 $
CVG,2023-08-25 10:52,KCVG 251052Z 23006KT 10SM BKN045 BKN150 BKN200 26/24 A2992 RMK AO2 SLP117 T02560244 $
CVG,2023-08-25 11:52,KCVG 251152Z 23006KT 10SM SCT045 SCT050 BKN200 26/25 A2992 RMK AO2 SLP119 70070 T02560250 10267 20256 51007
CVG,2023-08-25 12:52,KCVG 251252Z 24007KT 10SM FEW150 SCT200 27/25 A2993 RMK AO2 SLP122 T02720250
CVG,2023-08-25 13:52,KCVG 251352Z 25008KT 10SM BKN150 28/26 A2994 RMK AO2 SLP125 T02830256
CVG,2023-08-25 14:52,KCVG 251452Z 26007KT 8SM BKN016 BKN050 30/26 A2995 RMK AO2 SLP129 T03000261 52009
CVG,2023-08-25 15:52,KCVG 251552Z 29010KT 6SM HZ BKN023 BKN140 32/27 A2994 RMK AO2 SLP124 T03170267
CVG,2023-08-25 16:52,KCVG 251652Z 27006KT 6SM HZ FEW025 33/27 A2992 RMK AO2 SLP119 T03280267
CVG,2023-08-25 17:52,KCVG 251752Z 27009KT 10SM SCT033 BKN160 33/26 A2992 RMK AO2 SLP117 T03280261 10333 20256 56010
CVG,2023-08-25 18:52,KCVG 251852Z 35009KT 8SM FEW035TCU SCT055 SCT100 33/27 A2990 RMK AO2 SLP111 TCU OHD-S T03280267
CVG,2023-08-25 19:52,KCVG 251952Z 31014KT 8SM FEW034TCU SCT070 SCT120 BKN250 34/26 A2988 RMK AO2 LTG DSNT ALQDS TSB11E29 SLP104 TS MOV SE TCU OHD CB DSNT SE T03440261
CVG,2023-08-25 20:52,KCVG 252052Z 27011KT 4SM TSRA SCT036CB BKN070 BKN110 OVC250 25/20 A2989 RMK AO2 PK WND 30030/2044 WSHFT 1946 LTG DSNT ALQDS RAB19E25B35 TSB37 SLP108 FRQ LTGICCG OHD-S-W TS OHD-S-W MOV SE P0002 60002 T02500200 55010 $
CVG,2023-08-25 21:52,KCVG 252152Z 20004KT 9SM FEW040 FEW090 SCT140 BKN220 24/23 A2992 RMK AO2 LTG DSNT SE-W RAE18 TSE08 SLP120 TS MOV SE CB DSNT SE-S P0006 T02440233 $
CVG,2023-08-25 22:52,KCVG 252252Z 00000KT 9SM FEW045 FEW150 BKN240 26/23 A2991 RMK AO2 SLP118 T02610233 $
CVG,2023-08-25 23:52,KCVG 252352Z 18008KT 9SM SCT047 BKN250 26/23 A2994 RMK AO2 SLP126 60008 T02560233 10344 20244 51017 $
CVG,2023-08-26 00:52,KCVG 260052Z 18010KT 9SM FEW050 BKN250 24/22 A2994 RMK AO2 SLP128 T02390217 $
CVG,2023-08-26 01:52,KCVG 260152Z 18004KT 9SM BKN250 23/22 A2994 RMK AO2 SLP127 T02280217
CVG,2023-08-26 02:52,KCVG 260252Z 22005KT 9SM SCT250 23/22 A2994 RMK AO2 SLP128 T02280217 51002
CVG,2023-08-26 03:52,KCVG 260352Z 00000KT 9SM SCT120 SCT250 23/22 A2992 RMK AO2 SLP118 T02280217
CVG,2023-08-26 04:52,KCVG 260452Z 00000KT 8SM FEW120 SCT250 22/21 A2991 RMK AO2 SLP114 T02220211 403440217
CVG,2023-08-26 05:52,KCVG 260552Z 00000KT 9SM FEW140 SCT250 23/21 A2992 RMK AO2 SLP119 T02330211 10256 20217 55008
CVG,2023-08-26 06:52,KCVG 260652Z 20005KT 8SM SCT040 SCT250 22/22 A2991 RMK AO2 LTG DSNT SW-NW SLP114 T02220217
CVG,2023-08-26 07:52,KCVG 260752Z 34007KT 3SM -TSRA BR FEW023 BKN042 OVC110 23/22 A2993 RMK AO2 LTG DSNT ALQDS RAB33 TSB19 SLP124 OCNL LTGICCC TS OVHD MOV E P0014 T02280222
CVG,2023-08-26 08:52,KCVG 260852Z 00000KT 7SM OVC100 23/22 A2991 RMK AO2 RAE46 SLP117 TSE27 MOV E P0002 60016 T02280222 58004
CVG,2023-08-26 09:52,KCVG 260952Z 18007KT 5SM TS BR OVC010 23/22 A2992 RMK AO2 RAB05E26 TSB35 SLP124 OCNL LTGICCC TS NW MOV SE P0001 T02280222
CVG,2023-08-26 10:52,KCVG 261052Z 00000KT 7SM OVC008 23/22 A2992 RMK AO2 RAB0959E10 TSE01 SLP122 TSE MOV SE P0000 T02280222
CVG,2023-08-26 11:52,KCVG 261152Z 00000KT 10SM BKN008 OVC011 23/22 A2994 RMK AO2 SLP127 60017 70025 T02280222 10233 20217 51010
CVG,2023-08-26 12:52,KCVG 261252Z 22004KT 10SM OVC006 23/22 A2995 RMK AO2 SLP132 T02280222
CVG,2023-08-26 13:52,KCVG 261352Z COR 23006KT 2SM BR OVC004 23/23 A2996 RMK AO2 SFC VIS 4 SLP136 T02330228
CVG,2023-08-26 14:52,KCVG 261452Z 26006KT 2SM BR OVC004 24/23 A2996 RMK AO2 SFC VIS 3 SLP135 T02390233 50007
CVG,2023-08-26 15:52,KCVG 261552Z 27005KT 2SM BR OVC004 25/24 A2995 RMK AO2 SFC VIS 4 SLP133 T02500239
CVG,2023-08-26 16:52,KCVG 261652Z VRB05KT 8SM BKN013 BKN045 BKN085 27/23 A2994 RMK AO2 SLP129 T02720228
CVG,2023-08-26 17:52,KCVG 261752Z 01010KT 9SM SCT025 BKN046 BKN150 28/23 A2994 RMK AO2 SLP125 T02830228 10289 20228 57006
CVG,2023-08-26 18:52,KCVG 261852Z 01006KT 7SM SCT022 BKN230 29/23 A2992 RMK AO2 SLP121 T02940228
CVG,2023-08-26 19:52,KCVG 261952Z 05007KT 7SM FEW025 SCT040 SCT050 BKN250 30/23 A2991 RMK AO2 SLP117 T03000228
CVG,2023-08-26 20:52,KCVG 262052Z VRB04KT 7SM FEW028 SCT100 BKN250 30/22 A2990 RMK AO2 SLP114 T03000217 56011
CVG,2023-08-26 21:52,KCVG 262152Z 03007KT 8SM FEW040 BKN055 OVC100 29/22 A2990 RMK AO2 SLP112 T02890217
CVG,2023-08-26 22:52,KCVG 262252Z 02012KT 10SM BKN034 BKN043 BKN050 28/21 A2990 RMK AO2 SLP114 T02830211
CVG,2023-08-26 23:52,KCVG 262352Z 05012KT 10SM BKN030 BKN100 BKN250 27/21 A2991 RMK AO2 SLP117 T02720206 10306 20272 53001
CVG,2023-08-27 00:52,KCVG 270052Z 06010KT 10SM FEW030 SCT039 BKN100 BKN250 26/21 A2993 RMK AO2 SLP125 T02610206
CVG,2023-08-27 01:52,KCVG 270152Z 08009KT 10SM FEW030 SCT250 25/19 A2994 RMK AO2 SLP129 T02500194
CVG,2023-08-27 02:52,KCVG 270252Z 05007KT 10SM SCT230 24/19 A2995 RMK AO2 SLP132 T02440194 51015
CVG,2023-08-27 03:52,KCVG 270352Z 04008KT 10SM SCT200 24/19 A2997 RMK AO2 SLP137 T02390189
CVG,2023-08-27 04:52,KCVG 270452Z 03007KT 9SM SCT200 23/19 A2997 RMK AO2 SLP136 T02330189 403060217 $
CVG,2023-08-27 05:52,KCVG 270552Z 05007KT 9SM SCT200 23/19 A2997 RMK AO2 SLP136 T02280194 10272 20228 51005 $
CVG,2023-08-27 06:52,KCVG 270652Z 04008KT 9SM SCT200 22/19 A2996 RMK AO2 SLP133 T02220189 $
CVG,2023-08-27 07:52,KCVG 270752Z 05010KT 8SM SCT200 22/19 A2996 RMK AO2 SLP133 T02170183 $
CVG,2023-08-27 08:52,KCVG 270852Z 05011KT 8SM SCT200 21/19 A2996 RMK AO2 SLP135 T02170189 55001 $
CVG,2023-08-27 09:52,KCVG 270952Z 06012KT 8SM OVC012 21/18 A2997 RMK AO2 SLP136 T02060178 $
CVG,2023-08-27 10:52,KCVG 271052Z 05012KT 10SM OVC012 19/19 A2998 RMK AO2 SLP143 T01940189 $
CVG,2023-08-27 11:52,KCVG 271152Z 03013KT 10SM OVC012 20/19 A2999 RMK AO2 SLP147 T01940183 53010 $
CVG,2023-08-27 12:52,KCVG 271252Z 04010KT 7SM OVC010 20/18 A3000 RMK AO2 SLP150 T02000183 $
CVG,2023-08-27 13:52,KCVG 271352Z 07010KT 10SM OVC012 20/18 A3000 RMK AO2 SLP151 T02060178 $
CVG,2023-08-27 14:52,KCVG 271452Z 05012KT 8SM OVC014 21/17 A3002 RMK AO2 SLP155 BINOVC T02060172 53008 $
CVG,2023-08-27 15:52,KCVG 271552Z 07008KT 10SM BKN015 BKN180 22/18 A3001 RMK AO2 SLP153 T02220178 $
CVG,2023-08-27 16:52,KCVG 271652Z 06006KT 10SM FEW015 SCT180 BKN250 28/18 A2999 RMK AO2 SLP145 T02830183 $
CVG,2023-08-27 17:52,KCVG 271752Z VRB04KT 10SM FEW030 BKN180 BKN250 29/20 A2998 RMK AO2 SLP142 T02940200 10294 20200 58011 $
CVG,2023-08-27 18:52,KCVG 271852Z 00000KT 10SM FEW030 BKN180 BKN250 25/20 A2997 RMK AO2 SLP138 T02500194
CVG,2023-08-27 19:52,KCVG 271952Z 01005KT 10SM FEW030 BKN160 BKN250 29/21 A2994 RMK AO2 SLP128 T02890206
CVG,2023-08-27 20:52,KCVG 272052Z 02008KT 10SM SCT030 BKN150 29/21 A2993 RMK AO2 SLP125 T02940211 56017
CVG,2023-08-27 21:52,KCVG 272152Z 03008KT 10SM FEW049 BKN100 BKN150 28/20 A2993 RMK AO2 SLP125 T02830206
CVG,2023-08-27 22:52,KCVG 272252Z 04010KT 10SM FEW047 BKN100 BKN150 27/20 A2993 RMK AO2 SLP126 T02670200
CVG,2023-08-27 23:52,KCVG 272352Z 06010KT 10SM FEW046 BKN100 BKN150 25/20 A2993 RMK AO2 SLP127 T02500194 55000
CVG,2023-08-28 00:52,KCVG 280052Z 06009KT 10SM FEW047 23/19 A2995 RMK AO2 SLP133 T02330189
CVG,2023-08-28 01:52,KCVG 280152Z 06007KT 10SM FEW050 23/19 A2996 RMK AO2 SLP138 T02330189
CVG,2023-08-28 02:52,KCVG 280252Z 36007KT 10SM CLR 21/18 A2996 RMK AO2 SLP138 T02110178 50010
CVG,2023-08-28 03:52,KCVG 280352Z 01007KT 10SM CLR 20/18 A2997 RMK AO2 SLP139 T02000178
CVG,2023-08-28 04:52,KCVG 280452Z 03008KT 10SM CLR 19/18 A2997 RMK AO2 SLP138 T01890178
CVG,2023-08-28 05:52,KCVG 280552Z 03008KT 10SM CLR 19/18 A2997 RMK AO2 SLP137 T01890178 50001
CVG,2023-08-28 06:52,KCVG 280652Z 03010KT 10SM CLR 18/17 A2997 RMK AO2 SLP139 T01780172
CVG,2023-08-28 07:52,KCVG 280752Z 03011KT 10SM CLR 18/16 A2995 RMK AO2 SLP134 T01780156
CVG,2023-08-28 08:52,KCVG 280852Z 04008KT 10SM CLR 17/16 A2995 RMK AO2 SLP134 T01720156 58004
CVG,2023-08-28 09:52,KCVG 280952Z 03009KT 10SM CLR 17/15 A2997 RMK AO2 SLP138 T01720150
CVG,2023-08-28 10:52,KCVG 281052Z 03008KT 10SM FEW060 17/14 A2998 RMK AO2 SLP142 T01670144
CVG,2023-08-28 11:52,KCVG 281152Z 03006KT 9SM FEW055 17/14 A2999 RMK AO2 SLP146 T01670144 10189 20167 51011
CVG,2023-08-28 12:52,KCVG 281252Z 03007KT 10SM CLR 18/14 A2999 RMK AO2 SLP147 T01830144
CVG,2023-08-28 13:52,KCVG 281352Z 03008KT 9SM CLR 20/15 A3000 RMK AO2 SLP149 T02000150 $
CVG,2023-08-28 14:52,KCVG 281452Z 05008KT 10SM CLR 22/16 A3000 RMK AO2 SLP151 T02220156 53004 $
CVG,2023-08-28 15:52,KCVG 281552Z 03006KT 10SM FEW030 24/16 A3000 RMK AO2 SLP151 T02390156 $
CVG,2023-08-28 16:52,KCVG 281652Z 36006KT 10SM SCT041 25/15 A3000 RMK AO2 SLP152 T02500150 $
CVG,2023-08-28 17:52,KCVG 281752Z 36007KT 10SM BKN047 26/15 A3000 RMK AO2 SLP149 T02560150 10261 20167 58002 $
CVG,2023-08-28 18:52,KCVG 281852Z 01006KT 9SM FEW047 27/14 A2998 RMK AO2 SLP143 T02670139 $
CVG,2023-08-28 19:52,KCVG 281952Z 03007KT 9SM FEW050 26/14 A2996 RMK AO2 SLP135 T02610139 $
CVG,2023-08-28 20:52,KCVG 282052Z 35009KT 10SM FEW050 27/13 A2994 RMK AO2 SLP130 T02720133 56018 $
CVG,2023-08-28 21:52,KCVG 282152Z 33011KT 10SM FEW050 FEW300 26/14 A2994 RMK AO2 SLP128 T02610139 $
CVG,2023-08-28 22:52,KCVG 282252Z 34009KT 10SM FEW300 26/13 A2994 RMK AO2 SLP130 T02560128 $
CVG,2023-08-28 23:52,KCVG 282352Z 35009KT 10SM FEW050 FEW300 23/14 A2995 RMK AO2 SLP135 T02330139 10272 20233 53003 $
CVG,2023-08-29 00:52,KCVG 290052Z 36009KT 10SM FEW300 22/14 A2997 RMK AO2 SLP142 T02170139 $
CVG,2023-08-29 01:52,KCVG 290152Z 01008KT 10SM FEW300 21/13 A2999 RMK AO2 SLP149 T02110133 $
CVG,2023-08-29 02:52,KCVG 290252Z 03008KT 10SM FEW300 21/13 A3000 RMK AO2 SLP151 T02110128 51016 $
CVG,2023-08-29 03:52,KCVG 290352Z 03008KT 10SM FEW300 19/13 A2999 RMK AO2 SLP148 T01940128 $
CVG,2023-08-29 04:52,KCVG 290452Z 05007KT 10SM FEW300 19/13 A2999 RMK AO2 SLP148 T01940128 402720167 $
CVG,2023-08-29 05:52,KCVG 290552Z 02005KT 10SM CLR 19/13 A2998 RMK AO2 SLP144 T01890128 10233 20189 58006 $
CVG,2023-08-29 06:52,KCVG 290652Z 36006KT 10SM FEW300 17/13 A2997 RMK AO2 SLP140 T01670133 $
CVG,2023-08-29 07:52,KCVG 290752Z 01004KT 10SM FEW300 16/13 A2996 RMK AO2 SLP138 T01610133 $
CVG,2023-08-29 08:52,KCVG 290852Z 07006KT 10SM FEW300 17/14 A2996 RMK AO2 SLP135 T01670139 56009 $
CVG,2023-08-29 09:52,KCVG 290952Z 04006KT 10SM FEW300 17/13 A2994 RMK AO2 SLP131 T01670133 $
CVG,2023-08-29 10:52,KCVG 291052Z 03004KT 10SM FEW250 17/13 A2995 RMK AO2 SLP132 T01670128 $
CVG,2023-08-29 11:52,KCVG 291152Z 03003KT 10SM SCT250 17/13 A2995 RMK AO2 SLP134 T01720133 10189 20161 55002
CVG,2023-08-29 12:52,KCVG 291252Z 04006KT 10SM BKN250 19/13 A2994 RMK AO2 SLP132 T01890133
CVG,2023-08-29 13:52,KCVG 291352Z 05004KT 10SM BKN300 21/14 A2995 RMK AO2 SLP134 T02110139
CVG,2023-08-29 14:52,KCVG 291452Z 35004KT 10SM SCT250 BKN300 23/14 A2997 RMK AO2 SLP139 T02280144 53005 $
CVG,2023-08-29 15:52,KCVG 291552Z 34006KT 10SM FEW250 BKN300 24/14 A2996 RMK AO2 SLP136 T02440144 $
CVG,2023-08-29 16:52,KCVG 291652Z 34010KT 10SM BKN300 23/14 A2995 RMK AO2 SLP134 T02280139 $
CVG,2023-08-29 17:52,KCVG 291752Z VRB06KT 10SM FEW045 SCT300 25/13 A2993 RMK AO2 SLP128 T02500133 10256 20172 58010 $
CVG,2023-08-29 18:52,KCVG 291852Z 23005KT 10SM FEW047 SCT300 26/13 A2992 RMK AO2 SLP121 T02560133 $
CVG,2023-08-29 19:52,KCVG 291952Z 36006KT 10SM SCT300 26/11 A2989 RMK AO2 SLP114 T02560106 $
CVG,2023-08-29 20:52,KCVG 292052Z 36007KT 10SM SCT300 26/09 A2987 RMK AO2 SLP106 T02610094 58021 $
CVG,2023-08-29 21:52,KCVG 292152Z 34008KT 10SM SCT300 26/08 A2986 RMK AO2 SLP103 T02610083 $
CVG,2023-08-29 22:52,KCVG 292252Z 35006KT 10SM FEW300 26/11 A2986 RMK AO2 SLP104 T02610106 $
CVG,2023-08-29 23:52,KCVG 292352Z 34006KT 10SM FEW300 24/13 A2986 RMK AO2 SLP103 T02390128 10272 20239 56004 $
CVG,2023-08-30 00:52,KCVG 300052Z 00000KT 10SM CLR 20/13 A2987 RMK AO2 SLP106 T02000133 $
CVG,2023-08-30 01:52,KCVG 300152Z 30003KT 10SM CLR 20/14 A2989 RMK AO2 SLP113 T02000139 $
CVG,2023-08-30 02:52,KCVG 300252Z 26003KT 10SM CLR 19/14 A2990 RMK AO2 SLP117 T01890144 53014 $
CVG,2023-08-30 03:52,KCVG 300352Z 27006KT 10SM CLR 18/14 A2991 RMK AO2 SLP119 T01830144 $
CVG,2023-08-30 04:52,KCVG 300452Z 25004KT 10SM CLR 19/14 A2991 RMK AO2 SLP118 T01890139 402720161 $
CVG,2023-08-30 05:52,KCVG 300552Z VRB03KT 10SM FEW047 19/14 A2990 RMK AO2 SLP116 T01940144 10239 20172 58000 $
CVG,2023-08-30 06:52,KCVG 300652Z 27004KT 10SM BKN090 18/15 A2989 RMK AO2 SLP111 T01780150 $
CVG,2023-08-30 07:52,KCVG 300752Z 34005KT 10SM CLR 19/16 A2989 RMK AO2 SLP113 T01890161 $
CVG,2023-08-30 08:52,KCVG 300852Z 35005KT 9SM SCT060 18/16 A2990 RMK AO2 SLP115 T01780161 55001 $
CVG,2023-08-30 09:52,KCVG 300952Z 34008KT 7SM SCT011 18/17 A2990 RMK AO2 SLP117 T01780167 $
CVG,2023-08-30 10:52,KCVG 301052Z 35008KT 8SM OVC011 18/17 A2993 RMK AO2 SLP125 BINOVC T01780167 $
CVG,2023-08-30 11:52,KCVG 301152Z 36010KT 8SM OVC010 17/16 A2995 RMK AO2 SLP133 OVC V BKN T01720156 10194 20172 53017 $
CVG,2023-08-30 12:52,KCVG 301252Z 36015G22KT 9SM FEW013 18/14 A2995 RMK AO2 SLP136 T01780144
CVG,2023-08-30 13:52,KCVG 301352Z COR 36013KT 10SM FEW015 18/13 A2997 RMK AO2 SLP140 T01830133 $
CVG,2023-08-30 14:52,KCVG 301452Z 02011KT 10SM FEW022 19/13 A2998 RMK AO2 SLP144 T01940133 53010
CVG,2023-08-30 15:52,KCVG 301552Z 01014KT 10SM FEW035 21/12 A2998 RMK AO2 SLP144 T02060122
CVG,2023-08-30 16:52,KCVG 301652Z 36010KT 10SM FEW038 22/13 A2998 RMK AO2 SLP145 T02220128
CVG,2023-08-30 17:52,KCVG 301752Z 02009KT 350V060 10SM FEW045 23/13 A2998 RMK AO2 SLP143 T02280128 10233 20172 50000
CVG,2023-08-30 18:52,KCVG 301852Z 01008KT 10SM FEW040 23/13 A2996 RMK AO2 SLP138 T02330128
CVG,2023-08-30 19:52,KCVG 301952Z 35013KT 10SM SCT040 24/13 A2995 RMK AO2 SLP132 T02390133
CVG,2023-08-30 20:52,KCVG 302052Z 36012KT 10SM FEW038 FEW300 23/13 A2994 RMK AO2 SLP131 T02280133 56012
CVG,2023-08-30 21:52,KCVG 302152Z 01011KT 10SM FEW039 FEW300 22/13 A2994 RMK AO2 SLP132 T02220128
CVG,2023-08-30 22:52,KCVG 302252Z 36012KT 10SM FEW037 FEW300 21/12 A2994 RMK AO2 SLP132 T02110122
CVG,2023-08-30 23:52,KCVG 302352Z 01012KT 10SM BKN037 BKN300 20/12 A2995 RMK AO2 SLP134 T02000122 10239 20200 53002
CVG,2023-08-31 00:52,KCVG 310052Z 02014KT 10SM SCT037 SCT300 19/12 A2996 RMK AO2 SLP137 T01890117
CVG,2023-08-31 01:52,KCVG 310152Z 35007KT 10SM CLR 17/12 A2997 RMK AO2 SLP141 T01670122
CVG,2023-08-31 02:52,KCVG 310252Z 36006KT 10SM CLR 16/12 A2997 RMK AO2 SLP144 T01610122 51009
CVG,2023-08-31 03:52,KCVG 310352Z 04009KT 10SM CLR 17/12 A2999 RMK AO2 SLP149 T01720122
CVG,2023-08-31 04:52,KCVG 310452Z 05009KT 10SM CLR 17/12 A3000 RMK AO2 SLP152 T01670117 402390161
CVG,2023-08-31 05:52,KCVG 310552Z 06014KT 10SM CLR 16/11 A3001 RMK AO2 SLP155 T01610111 10200 20161 51012
CVG,2023-08-31 06:52,KCVG 310652Z 06012KT 10SM CLR 16/11 A3001 RMK AO2 SLP155 T01560111
CVG,2023-08-31 07:52,KCVG 310752Z 06012KT 10SM BKN023 15/11 A3001 RMK AO2 SLP153 T01500111
CVG,2023-08-31 08:52,KCVG 310852Z 04009KT 10SM FEW023 14/11 A3000 RMK AO2 SLP153 T01440111 58002
CVG,2023-08-31 09:52,KCVG 310952Z 03009KT 10SM FEW023 14/11 A3001 RMK AO2 SLP156 T01390111
CVG,2023-08-31 10:52,KCVG 311052Z 03008KT 10SM SCT025 14/12 A3003 RMK AO2 SLP161 T01390117
CVG,2023-08-31 11:52,KCVG 311152Z 01007KT 10SM SCT025 13/12 A3004 RMK AO2 SLP168 T01330117 10161 20133 53014
CVG,2023-08-31 12:52,KCVG 311252Z 04009KT 10SM BKN026 16/12 A3005 RMK AO2 SLP171 T01610117
CVG,2023-08-31 13:52,KCVG 311352Z 05010KT 10SM BKN026 18/12 A3007 RMK AO2 SLP177 T01780117
CVG,2023-08-31 14:52,KCVG 311452Z 05010KT 10SM BKN026 19/12 A3009 RMK AO2 SLP182 T01890117 53014
CVG,2023-08-31 15:52,KCVG 311552Z 05009KT 10SM BKN028 19/12 A3010 RMK AO2 SLP187 T01940117
CVG,2023-08-31 16:52,KCVG 311652Z 06010KT 10SM SCT032 22/11 A3010 RMK AO2 SLP187 T02170111
CVG,2023-08-31 17:52,KCVG 311752Z 05010KT 10SM FEW030 23/11 A3010 RMK AO2 SLP184 T02280111 10228 20133 50004
CVG,2023-08-31 18:52,KCVG 311852Z 03013G17KT 10SM CLR 24/12 A3009 RMK AO2 SLP180 T02390117
CVG,2023-08-31 19:52,KCVG 311952Z 03012KT 10SM CLR 24/11 A3007 RMK AO2 SLP176 T02440111
CVG,2023-08-31 20:52,KCVG 312052Z 05009KT 10SM CLR 25/12 A3007 RMK AO2 SLP175 T02500117 56009
CVG,2023-08-31 21:52,KCVG 312152Z 06010KT 10SM CLR 25/11 A3007 RMK AO2 SLP174 T02500111
CVG,2023-08-31 22:52,KCVG 312252Z 08012KT 10SM CLR 23/12 A3008 RMK AO2 SLP179 T02330117
CVG,2023-08-31 23:52,KCVG 312352Z 07011KT 10SM CLR 22/12 A3008 RMK AO2 SLP179 T02220122 10250 20222 53003
