station,valid,vsby,skyl1,metar
EWR,2023-05-31 00:51,10.00,25000.00,KEWR 310051Z 15006KT 10SM FEW250 16/07 A3019 RMK AO2 SLP222 FU FEW250 T01610072
EWR,2023-05-31 01:51,10.00,25000.00,KEWR 310151Z 15007KT 10SM FEW250 16/08 A3020 RMK AO2 SLP226 T01560083
EWR,2023-05-31 02:51,10.00,25000.00,KEWR 310251Z 13006KT 10SM FEW250 15/10 A3021 RMK AO2 SLP231 T01500100 53010
EWR,2023-05-31 03:51,10.00,25000.00,KEWR 310351Z 13005KT 10SM FEW250 14/10 A3022 RMK AO2 SLP231 T01440100
EWR,2023-05-31 04:51,10.00,25000.00,KEWR 310451Z VRB03KT 10SM FEW250 14/10 A3021 RMK AO2 SLP229 T01440100 402110139
EWR,2023-05-31 05:51,10.00,25000.00,KEWR 310551Z 00000KT 10SM FEW250 14/10 A3020 RMK AO2 SLP226 T01390100 10172 20133 58005
EWR,2023-05-31 06:51,10.00,25000.00,KEWR 310651Z 00000KT 10SM FEW250 13/10 A3019 RMK AO2 SLP223 T01330100
EWR,2023-05-31 07:51,10.00,25000.00,KEWR 310751Z 01005KT 10SM FEW250 12/08 A3019 RMK AO2 SLP221 T01170083
EWR,2023-05-31 08:51,10.00,25000.00,KEWR 310851Z 02005KT 10SM FEW250 11/08 A3018 RMK AO2 SLP220 T01060078 56005
EWR,2023-05-31 09:51,10.00,1000.00,KEWR 310951Z 36005KT 10SM FEW010 FEW250 11/08 A3020 RMK AO2 SLP227 T01110083
EWR,2023-05-31 10:51,10.00,800.00,KEWR 311051Z 02004KT 10SM FEW008 13/10 A3023 RMK AO2 SLP234 T01330100
EWR,2023-05-31 11:51,10.00,1500.00,KEWR 311151Z 32003KT 10SM FEW015 16/09 A3023 RMK AO2 SLP236 T01560094 10156 20106 51015
EWR,2023-05-31 12:51,10.00,1800.00,KEWR 311251Z 01004KT 10SM FEW018 17/08 A3023 RMK AO2 SLP235 T01720083
EWR,2023-05-31 13:51,10.00,25000.00,KEWR 311351Z 05007KT 10SM FEW250 19/07 A3023 RMK AO2 SLP234 T01890072
EWR,2023-05-31 14:51,10.00,25000.00,KEWR 311451Z VRB04KT 10SM FEW250 21/09 A3022 RMK AO2 SLP231 T02060089 58005
EWR,2023-05-31 15:51,10.00,25000.00,KEWR 311551Z 09005KT 10SM FEW250 22/08 A3021 RMK AO2 SLP228 T02170078
EWR,2023-05-31 16:51,10.00,25000.00,KEWR 311651Z VRB05KT 10SM FEW250 23/03 A3020 RMK AO2 SLP224 T02330033
EWR,2023-05-31 17:51,10.00,25000.00,KEWR 311751Z 06007KT 10SM FEW250 24/02 A3018 RMK AO2 SLP221 T02440022 10250 20156 58010
EWR,2023-05-31 18:51,10.00,25000.00,KEWR 311851Z 09009KT 10SM FEW250 24/09 A3018 RMK AO2 SLP218 T02390094
EWR,2023-05-31 19:51,10.00,25000.00,KEWR 311951Z 14006KT 10SM FEW250 23/11 A3016 RMK AO2 SLP211 T02330111
EWR,2023-05-31 20:51,10.00,25000.00,KEWR 312051Z VRB04KT 10SM FEW250 25/11 A3014 RMK AO2 SLP207 T02500111 58014
EWR,2023-05-31 21:51,10.00,25000.00,KEWR 312151Z 16008KT 10SM FEW250 22/12 A3014 RMK AO2 SLP207 T02220117
EWR,2023-05-31 22:51,10.00,25000.00,KEWR 312251Z 16008KT 10SM FEW250 21/13 A3014 RMK AO2 SLP207 T02060128
EWR,2023-05-31 23:51,10.00,25000.00,KEWR 312351Z 16006KT 10SM FEW250 19/13 A3015 RMK AO2 SLP209 T01940128 10256 20194 53002
EWR,2023-06-01 00:51,10.00,25000.00,KEWR 010051Z 13005KT 10SM FEW250 19/13 A3014 RMK AO2 SLP207 T01890133
EWR,2023-06-01 01:51,10.00,25000.00,KEWR 010151Z 19003KT 10SM FEW250 18/13 A3015 RMK AO2 SLP209 T01780128
EWR,2023-06-01 02:51,10.00,25000.00,KEWR 010251Z 00000KT 10SM FEW250 18/13 A3015 RMK AO2 SLP208 T01780128 56002
EWR,2023-06-01 03:51,10.00,25000.00,KEWR 010351Z 00000KT 10SM FEW250 17/13 A3015 RMK AO2 SLP209 T01720128
EWR,2023-06-01 04:51,10.00,25000.00,KEWR 010451Z 00000KT 10SM FEW250 17/13 A3015 RMK AO2 SLP207 T01720128 402560106
EWR,2023-06-01 05:51,10.00,25000.00,KEWR 010551Z 00000KT 10SM FEW250 17/12 A3014 RMK AO2 SLP206 T01720122 10200 20167 58002
EWR,2023-06-01 06:51,10.00,25000.00,KEWR 010651Z 00000KT 10SM FEW250 17/12 A3014 RMK AO2 SLP204 T01670122
EWR,2023-06-01 07:51,10.00,25000.00,KEWR 010751Z 00000KT 10SM FEW250 17/12 A3012 RMK AO2 SLP198 T01670122
EWR,2023-06-01 08:51,10.00,25000.00,KEWR 010851Z 36003KT 10SM FEW250 16/13 A3012 RMK AO2 SLP199 T01560128 55006
EWR,2023-06-01 09:51,10.00,25000.00,KEWR 010951Z 00000KT 10SM FEW250 16/12 A3012 RMK AO2 SLP198 T01560122
EWR,2023-06-01 10:51,8.00,25000.00,KEWR 011051Z 00000KT 8SM FEW250 18/13 A3012 RMK AO2 SLP200 T01780133
EWR,2023-06-01 11:51,8.00,25000.00,KEWR 011151Z 00000KT 8SM FEW250 19/13 A3013 RMK AO2 SLP202 T01940128 10200 20150 53002
EWR,2023-06-01 12:51,9.00,25000.00,KEWR 011251Z VRB03KT 9SM FEW250 22/13 A3012 RMK AO2 SLP200 T02170133
EWR,2023-06-01 13:51,10.00,25000.00,KEWR 011351Z 16004KT 10SM FEW250 24/13 A3011 RMK AO2 SLP196 T02390133
EWR,2023-06-01 14:51,10.00,M,KEWR 011451Z 00000KT 10SM CLR 27/11 A3010 RMK AO2 SLP194 T02670106 58008
EWR,2023-06-01 15:51,10.00,M,KEWR 011551Z VRB03KT 10SM CLR 28/09 A3009 RMK AO2 SLP190 T02780094
EWR,2023-06-01 16:51,10.00,M,KEWR 011651Z 08006KT 10SM CLR 29/11 A3008 RMK AO2 SLP184 T02890106
EWR,2023-06-01 17:51,10.00,M,KEWR 011751Z 06007KT 030V100 10SM CLR 30/12 A3006 RMK AO2 SLP178 T03000117 10300 20194 58015
EWR,2023-06-01 18:51,10.00,M,KEWR 011851Z VRB05KT 10SM CLR 31/12 A3004 RMK AO2 SLP170 T03110122
EWR,2023-06-01 19:51,10.00,M,KEWR 011951Z 14007KT 10SM CLR 31/13 A3002 RMK AO2 SLP166 T03110128
EWR,2023-06-01 20:51,10.00,M,KEWR 012051Z 13008KT 10SM CLR 28/13 A3001 RMK AO2 SLP162 T02830128 56016
EWR,2023-06-01 21:51,10.00,M,KEWR 012151Z 13006KT 10SM CLR 27/12 A3000 RMK AO2 SLP158 T02670122
EWR,2023-06-01 22:51,10.00,M,KEWR 012251Z 12007KT 10SM CLR 26/13 A3000 RMK AO2 SLP159 T02610133
EWR,2023-06-01 23:51,10.00,M,KEWR 012351Z 11006KT 10SM CLR 24/13 A3001 RMK AO2 SLP160 T02440133 10311 20244 55002
EWR,2023-06-02 00:51,10.00,M,KEWR 020051Z 09003KT 10SM CLR 23/15 A3001 RMK AO2 SLP163 T02280150
EWR,2023-06-02 01:51,10.00,M,KEWR 020151Z 12004KT 10SM CLR 22/14 A3003 RMK AO2 SLP168 T02220144
EWR,2023-06-02 02:51,10.00,M,KEWR 020251Z 00000KT 10SM CLR 21/14 A3003 RMK AO2 SLP167 T02110144 50007
EWR,2023-06-02 03:51,10.00,M,KEWR 020351Z 00000KT 10SM CLR 22/14 A3001 RMK AO2 SLP162 T02170144
EWR,2023-06-02 04:51,10.00,M,KEWR 020451Z VRB03KT 10SM CLR 20/14 A3000 RMK AO2 SLP160 T02000139 403110150
EWR,2023-06-02 05:51,10.00,M,KEWR 020551Z 00000KT 10SM CLR 20/14 A2999 RMK AO2 SLP153 T02000144 10244 20194 58014
EWR,2023-06-02 06:51,10.00,M,KEWR 020651Z 17003KT 10SM CLR 19/15 A2997 RMK AO2 SLP147 T01940150
EWR,2023-06-02 07:51,10.00,M,KEWR 020751Z 00000KT 10SM CLR 19/15 A2995 RMK AO2 SLP142 T01890150
EWR,2023-06-02 08:51,10.00,25000.00,KEWR 020851Z 19003KT 10SM FEW250 19/13 A2994 RMK AO2 SLP138 T01940133 56015
EWR,2023-06-02 09:51,10.00,25000.00,KEWR 020951Z 20004KT 10SM FEW250 18/14 A2993 RMK AO2 SLP136 T01780139
EWR,2023-06-02 10:51,10.00,M,KEWR 021051Z 25003KT 10SM CLR 21/14 A2993 RMK AO2 SLP134 T02110139
EWR,2023-06-02 11:51,10.00,M,KEWR 021151Z 27004KT 10SM CLR 25/12 A2993 RMK AO2 SLP134 T02500122 10250 20178 56004
EWR,2023-06-02 12:51,10.00,M,KEWR 021251Z VRB03KT 10SM CLR 28/13 A2993 RMK AO2 SLP133 T02780128
EWR,2023-06-02 13:51,10.00,M,KEWR 021351Z 05008KT 10SM CLR 29/14 A2992 RMK AO2 SLP131 T02940139
EWR,2023-06-02 14:51,10.00,M,KEWR 021451Z 03009KT 10SM CLR 31/14 A2991 RMK AO2 SLP128 T03110139 58006
EWR,2023-06-02 15:51,10.00,6500.00,KEWR 021551Z 05005KT 10SM FEW065 32/14 A2990 RMK AO2 SLP126 T03220139
EWR,2023-06-02 16:51,10.00,6500.00,KEWR 021651Z 09009KT 10SM FEW065 FEW090 32/12 A2989 RMK AO2 SLP120 T03170122
EWR,2023-06-02 17:51,10.00,6000.00,KEWR 021751Z 11009G15KT 10SM FEW060 FEW090 SCT250 33/14 A2987 RMK AO2 SLP116 CB DSNT NW MOV S T03280139 10328 20250 58013
EWR,2023-06-02 18:51,10.00,6000.00,KEWR 021851Z 13006KT 10SM FEW060 FEW090 SCT250 32/15 A2985 RMK AO2 SLP108 CB DSNT NE MOV S T03220150
EWR,2023-06-02 19:51,10.00,6000.00,KEWR 021951Z 16006KT 10SM FEW060 FEW100 SCT250 32/15 A2983 RMK AO2 SLP101 CB DSNT NE AND DSNT NW MOV S T03170150
EWR,2023-06-02 20:51,10.00,6000.00,KEWR 022051Z 13007KT 10SM FEW060 FEW100 SCT250 30/14 A2982 RMK AO2 LTG DSNT N SLP098 CB DSNT NW-DSNT N MOV S T03000139 56017
EWR,2023-06-02 21:51,10.00,5500.00,KEWR 022151Z 08007KT 10SM TS FEW055CB FEW100 SCT200 BKN250 29/14 A2983 RMK AO2 LTG DSNT W-NE TSB50 SLP101 OCNL LTGCG VC NE TS VC NE MOV S CB W MOV S T02890139
EWR,2023-06-02 22:51,10.00,5000.00,KEWR 022251Z 12005KT 10SM TS FEW050CB SCT100 BKN180 BKN250 28/12 A2985 RMK AO2 LTG DSNT E AND SE SLP108 FRQ LTGICCG VC NE-VC E TS VC NE-VC E MOV S T02780122
EWR,2023-06-02 23:51,10.00,5000.00,KEWR 022351Z 16004KT 10SM FEW050 SCT110 BKN180 BKN250 27/12 A2984 RMK AO2 LTG DSNT E AND SE TSE39 SLP105 OCNL LTGICCG DSNT SE CB DSNT SE MOV S T02720117 10328 20256 50007
EWR,2023-06-03 00:51,10.00,5000.00,KEWR 030051Z 10003KT 10SM FEW050 FEW090 BKN140 BKN250 26/14 A2985 RMK AO2 SLP108 OCNL LTGIC DSNT SE-DSNT S CB DSNT SE-DSNT S MOV S T02560144
EWR,2023-06-03 01:51,10.00,5000.00,KEWR 030151Z 00000KT 10SM FEW050 SCT120 BKN180 BKN250 25/14 A2986 RMK AO2 SLP112 T02500139
EWR,2023-06-03 02:51,10.00,5000.00,KEWR 030251Z 09004KT 10SM FEW050 BKN120 OVC180 24/12 A2987 RMK AO2 SLP114 T02390122 53009
EWR,2023-06-03 03:51,10.00,8000.00,KEWR 030351Z 00000KT 10SM FEW080 BKN130 BKN200 23/12 A2987 RMK AO2 SLP113 T02330122
EWR,2023-06-03 04:51,10.00,8000.00,KEWR 030451Z 04006KT 10SM BKN080 BKN140 BKN200 23/13 A2988 RMK AO2 SLP117 T02280133 403280178
EWR,2023-06-03 05:51,10.00,8500.00,KEWR 030551Z 07007KT 10SM FEW085 SCT130 SCT200 22/15 A2989 RMK AO2 SLP119 T02220150 10272 20222 53005
EWR,2023-06-03 06:51,10.00,13000.00,KEWR 030651Z 00000KT 10SM FEW130 SCT200 22/16 A2987 RMK AO2 SLP115 T02170156
EWR,2023-06-03 07:51,10.00,13000.00,KEWR 030751Z 07003KT 10SM FEW130 FEW200 21/15 A2987 RMK AO2 SLP113 T02110150
EWR,2023-06-03 08:51,10.00,11000.00,KEWR 030851Z 04009KT 10SM FEW110 FEW220 21/16 A2987 RMK AO2 SLP116 T02110156 55004
EWR,2023-06-03 09:51,10.00,1900.00,KEWR 030951Z 03007KT 10SM BKN019 BKN160 BKN220 20/16 A2989 RMK AO2 SLP121 T02000161
EWR,2023-06-03 10:51,10.00,1500.00,KEWR 031051Z VRB06KT 10SM FEW015 BKN130 BKN250 22/16 A2991 RMK AO2 SLP128 T02170161
EWR,2023-06-03 11:51,10.00,1800.00,KEWR 031151Z 04012KT 10SM BKN018 BKN140 BKN250 22/17 A2993 RMK AO2 SLP136 T02170167 10222 20200 53020
EWR,2023-06-03 12:51,10.00,1800.00,KEWR 031251Z 07009KT 10SM BKN018 BKN040 BKN140 BKN250 21/16 A2995 RMK AO2 SLP142 T02110161
EWR,2023-06-03 13:51,10.00,1600.00,KEWR 031351Z 05009KT 10SM BKN016 BKN040 OVC130 21/16 A2997 RMK AO2 SLP147 T02060161
EWR,2023-06-03 14:51,10.00,2000.00,KEWR 031451Z 07012KT 10SM SCT020 BKN045 OVC130 21/14 A2998 RMK AO2 SLP150 T02060144 51015
EWR,2023-06-03 15:51,10.00,2200.00,KEWR 031551Z 04009KT 10SM BKN022 BKN046 OVC130 21/14 A2999 RMK AO2 SLP154 T02060139
EWR,2023-06-03 16:51,10.00,2200.00,KEWR 031651Z 06006KT 10SM BKN022 BKN035 OVC060 20/13 A3000 RMK AO2 SLP160 T02000133
EWR,2023-06-03 17:51,10.00,2100.00,KEWR 031751Z 05007KT 10SM BKN021 OVC043 20/13 A3000 RMK AO2 SLP160 T02000133 10222 20194 51009
EWR,2023-06-03 18:51,10.00,2500.00,KEWR 031851Z 07004KT 10SM BKN025 BKN048 21/13 A3000 RMK AO2 SLP159 T02110128
EWR,2023-06-03 19:51,10.00,2900.00,KEWR 031951Z 03009KT 10SM OVC029 21/13 A3000 RMK AO2 SLP158 T02060128
EWR,2023-06-03 20:51,10.00,2800.00,KEWR 032051Z 06009KT 10SM OVC028 20/13 A3001 RMK AO2 SLP163 T02000128 53003
EWR,2023-06-03 21:51,10.00,2800.00,KEWR 032151Z 17007KT 10SM OVC028 17/13 A3002 RMK AO2 SLP165 T01720128
EWR,2023-06-03 22:51,10.00,2900.00,KEWR 032251Z 22004KT 10SM OVC029 17/13 A3004 RMK AO2 SLP172 T01720128
EWR,2023-06-03 23:51,10.00,2900.00,KEWR 032351Z 06010KT 10SM OVC029 18/11 A3006 RMK AO2 SLP178 T01830111 10217 20167 53015
EWR,2023-06-04 00:51,10.00,2800.00,KEWR 040051Z 07012KT 10SM BKN028 BKN039 OVC049 17/10 A3007 RMK AO2 SLP182 T01670100
EWR,2023-06-04 01:51,10.00,2800.00,KEWR 040151Z 05014G18KT 10SM BKN028 BKN035 OVC049 17/09 A3009 RMK AO2 SLP189 T01670094
EWR,2023-06-04 02:51,10.00,2800.00,KEWR 040251Z 05012KT 10SM SCT028 BKN037 OVC049 16/09 A3010 RMK AO2 SLP191 T01560089 51014
EWR,2023-06-04 03:51,10.00,2800.00,KEWR 040351Z 05008KT 10SM FEW028 BKN034 BKN050 14/08 A3010 RMK AO2 SLP191 T01440078
EWR,2023-06-04 04:51,10.00,2700.00,KEWR 040451Z 03011KT 10SM FEW027 BKN034 14/07 A3009 RMK AO2 SLP190 T01390067 402330133
EWR,2023-06-04 05:51,10.00,2700.00,KEWR 040551Z 03008KT 10SM FEW027 SCT034 13/07 A3009 RMK AO2 SLP189 T01280072 10183 20128 58002
EWR,2023-06-04 06:51,10.00,2100.00,KEWR 040651Z 04010KT 10SM FEW021 SCT032 12/06 A3009 RMK AO2 SLP188 T01220061
EWR,2023-06-04 07:51,10.00,2400.00,KEWR 040751Z 02007KT 10SM FEW024 11/06 A3007 RMK AO2 SLP183 T01110056
EWR,2023-06-04 08:51,10.00,2900.00,KEWR 040851Z 02008KT 10SM FEW029 11/06 A3006 RMK AO2 SLP179 T01060061 58010
EWR,2023-06-04 09:51,10.00,3000.00,KEWR 040951Z 36007KT 10SM FEW030 FEW060 11/06 A3006 RMK AO2 SLP179 T01060056
EWR,2023-06-04 10:51,10.00,3300.00,KEWR 041051Z 34006KT 10SM FEW033 FEW070 12/06 A3006 RMK AO2 SLP178 T01220061
EWR,2023-06-04 11:51,10.00,3500.00,KEWR 041151Z 03003KT 10SM FEW035 FEW080 14/06 A3006 RMK AO2 SLP179 T01390061 10139 20094 53001
EWR,2023-06-04 12:51,10.00,3700.00,KEWR 041251Z VRB03KT 10SM FEW037 SCT070 16/06 A3005 RMK AO2 SLP176 T01560061
EWR,2023-06-04 13:51,10.00,3400.00,KEWR 041351Z 35005KT 10SM SCT034 SCT060 17/07 A3004 RMK AO2 SLP171 T01720067
EWR,2023-06-04 14:51,10.00,4300.00,KEWR 041451Z VRB04KT 10SM BKN043 BKN050 18/07 A3001 RMK AO2 SLP163 T01780067 58017
EWR,2023-06-04 15:51,10.00,5000.00,KEWR 041551Z 35011G18KT 10SM BKN050 BKN060 21/06 A2999 RMK AO2 SLP156 T02060061
EWR,2023-06-04 16:51,10.00,5000.00,KEWR 041651Z 04007G18KT 10SM SCT050 BKN060 21/06 A2998 RMK AO2 WSHFT 1544 SLP150 T02060056
EWR,2023-06-04 17:51,10.00,5000.00,KEWR 041751Z 04012KT 10SM SCT050 OVC065 21/06 A2996 RMK AO2 SLP146 T02060061 10211 20139 56017
EWR,2023-06-04 18:51,10.00,5500.00,KEWR 041851Z VRB03KT 10SM FEW055 BKN065 OVC075 20/06 A2995 RMK AO2 SLP143 T02000061
EWR,2023-06-04 19:51,10.00,5000.00,KEWR 041951Z 03011KT 10SM FEW050 BKN060 BKN075 20/07 A2994 RMK AO2 SLP139 T02000067
EWR,2023-06-04 20:51,10.00,5000.00,KEWR 042051Z 01014KT 10SM FEW050 BKN065 OVC080 21/06 A2994 RMK AO2 SLP140 T02110056 55006
EWR,2023-06-04 21:51,10.00,5000.00,KEWR 042151Z 03012KT 10SM FEW050 BKN065 OVC085 20/06 A2995 RMK AO2 SLP142 T02000061
EWR,2023-06-04 22:51,10.00,5000.00,KEWR 042251Z 05009KT 10SM FEW050 SCT065 OVC080 19/06 A2996 RMK AO2 SLP144 T01940061
EWR,2023-06-04 23:51,10.00,5500.00,KEWR 042351Z 04009KT 10SM FEW055 SCT065 OVC080 19/06 A2997 RMK AO2 SLP147 T01890061 10217 20189 53007
EWR,2023-06-05 00:51,10.00,6000.00,KEWR 050051Z 03009KT 10SM FEW060 BKN080 18/06 A2997 RMK AO2 SLP149 T01830061
EWR,2023-06-05 01:51,10.00,7000.00,KEWR 050151Z 07004KT 10SM SCT070 OVC090 17/08 A3000 RMK AO2 SLP157 T01720078
EWR,2023-06-05 02:51,10.00,5000.00,KEWR 050251Z 02005KT 10SM SCT050 OVC080 17/07 A2999 RMK AO2 SLP156 T01720072 50009
EWR,2023-06-05 03:51,10.00,5000.00,KEWR 050351Z 03008KT 10SM BKN050 OVC080 17/07 A2999 RMK AO2 SLP155 T01670067
EWR,2023-06-05 04:51,10.00,5000.00,KEWR 050451Z 01006KT 10SM FEW050 SCT075 15/07 A2997 RMK AO2 SLP149 T01500067 402170094
EWR,2023-06-05 05:51,10.00,5000.00,KEWR 050551Z 30005KT 10SM FEW050 FEW075 15/07 A2995 RMK AO2 SLP143 T01500067 10189 20139 58013
EWR,2023-06-05 06:51,10.00,6000.00,KEWR 050651Z 33008KT 10SM FEW060 SCT180 15/06 A2996 RMK AO2 SLP143 T01500061
EWR,2023-06-05 07:51,10.00,7000.00,KEWR 050751Z 02007KT 10SM FEW070 FEW200 13/06 A2994 RMK AO2 SLP139 T01330061
EWR,2023-06-05 08:51,10.00,5000.00,KEWR 050851Z 32005KT 10SM FEW050 14/07 A2994 RMK AO2 SLP137 T01390067 58006
EWR,2023-06-05 09:51,10.00,4600.00,KEWR 050951Z 33007KT 10SM FEW046 FEW200 14/07 A2994 RMK AO2 SLP139 T01390067
EWR,2023-06-05 10:51,10.00,5000.00,KEWR 051051Z 28006KT 10SM FEW050 FEW200 15/07 A2993 RMK AO2 SLP136 T01500072
EWR,2023-06-05 11:51,10.00,5000.00,KEWR 051151Z 28008KT 10SM FEW050 FEW250 17/07 A2993 RMK AO2 SLP134 T01720072 10172 20133 58003
EWR,2023-06-05 12:51,10.00,5000.00,KEWR 051251Z 35012KT 10SM FEW050 FEW250 19/07 A2993 RMK AO2 SLP134 T01890072
EWR,2023-06-05 13:51,10.00,5000.00,KEWR 051351Z 33012KT 10SM FEW050 FEW200 FEW250 21/07 A2991 RMK AO2 SLP127 T02060072
EWR,2023-06-05 14:51,10.00,4800.00,KEWR 051451Z 33012G17KT 10SM FEW048 FEW200 22/08 A2989 RMK AO2 SLP120 T02220078 58014
EWR,2023-06-05 15:51,10.00,5500.00,KEWR 051551Z 35013KT 10SM FEW055 FEW250 24/07 A2987 RMK AO2 SLP114 T02390072
EWR,2023-06-05 16:51,10.00,6000.00,KEWR 051651Z 36013G22KT 10SM SCT060 SCT250 25/07 A2985 RMK AO2 SLP109 T02500072
EWR,2023-06-05 17:51,10.00,6500.00,KEWR 051751Z 36007G15KT 320V030 10SM BKN065 BKN250 24/07 A2982 RMK AO2 SLP098 T02440072 10261 20172 58022
EWR,2023-06-05 18:51,10.00,7000.00,KEWR 051851Z 29010G20KT 10SM BKN070 BKN250 25/08 A2981 RMK AO2 SLP093 T02500078
EWR,2023-06-05 19:51,10.00,7000.00,KEWR 051951Z 35010G18KT 10SM SCT070 BKN090 BKN250 26/07 A2980 RMK AO2 SLP090 T02560067
EWR,2023-06-05 20:51,10.00,8000.00,KEWR 052051Z 35011KT 10SM BKN080 BKN090 BKN250 26/07 A2979 RMK AO2 SLP088 T02610067 56010
EWR,2023-06-05 21:51,10.00,8000.00,KEWR 052151Z 31010G18KT 10SM SCT080 BKN095 BKN250 25/06 A2978 RMK AO2 SLP085 T02500061
EWR,2023-06-05 22:51,10.00,8000.00,KEWR 052251Z 31008KT 10SM SCT080 BKN090 BKN250 25/06 A2978 RMK AO2 SLP084 T02500056
EWR,2023-06-05 23:51,8.00,8000.00,KEWR 052351Z 31011KT 8SM FEW080 SCT095 BKN250 24/05 A2979 RMK AO2 SLP086 T02440050 10267 20239 55002
EWR,2023-06-06 00:51,9.00,8000.00,KEWR 060051Z 33011KT 9SM FEW080 FEW095 BKN250 23/04 A2979 RMK AO2 SLP087 T02330044
EWR,2023-06-06 01:51,7.00,8000.00,KEWR 060151Z 32012G17KT 7SM FEW080 FEW100 BKN250 23/03 A2980 RMK AO2 SLP089 T02280033
EWR,2023-06-06 02:51,7.00,8000.00,KEWR 060251Z 32009KT 7SM FEW080 FEW100 BKN250 21/04 A2979 RMK AO2 SLP087 T02110039 50001
EWR,2023-06-06 03:51,8.00,9000.00,KEWR 060351Z 31006KT 8SM FEW090 FEW180 OVC250 21/03 A2978 RMK AO2 SLP085 T02060033
EWR,2023-06-06 04:51,9.00,25000.00,KEWR 060451Z 32011KT 9SM BKN250 20/03 A2977 RMK AO2 SLP081 T02000033 402670133
EWR,2023-06-06 05:51,9.00,25000.00,KEWR 060551Z 33010KT 9SM BKN250 19/03 A2977 RMK AO2 SLP080 T01940033 10244 20194 56008
EWR,2023-06-06 06:51,9.00,16000.00,KEWR 060651Z 32011KT 9SM FEW160 OVC250 19/03 A2976 RMK AO2 SLP076 T01940033
EWR,2023-06-06 07:51,9.00,24000.00,KEWR 060751Z 31006KT 9SM BKN240 18/03 A2975 RMK AO2 SLP075 T01780033
EWR,2023-06-06 08:51,9.00,25000.00,KEWR 060851Z 30010KT 9SM BKN250 17/03 A2975 RMK AO2 SLP075 T01720033 55004
EWR,2023-06-06 09:51,8.00,6000.00,KEWR 060951Z 28004KT 8SM SCT060 BKN250 17/03 A2975 RMK AO2 SLP075 T01670033
EWR,2023-06-06 10:51,8.00,5500.00,KEWR 061051Z 22003KT 8SM FEW055 BKN250 17/03 A2974 RMK AO2 SLP070 T01720033
EWR,2023-06-06 11:51,8.00,5000.00,KEWR 061151Z VRB04KT 8SM FEW050 SCT170 BKN250 18/04 A2973 RMK AO2 SLP067 T01830044 10194 20167 58008
EWR,2023-06-06 12:51,9.00,5000.00,KEWR 061251Z 25005KT 9SM FEW050 BKN100 OVC140 18/06 A2973 RMK AO2 SLP067 T01830056
EWR,2023-06-06 13:51,8.00,5000.00,KEWR 061351Z 00000KT 8SM FEW050 BKN095 BKN130 OVC260 19/07 A2971 RMK AO2 RAB1256E34 SLP061 P0000 T01940067
EWR,2023-06-06 14:51,8.00,6000.00,KEWR 061451Z 28007KT 8SM FEW060 FEW095 SCT140 BKN260 24/08 A2968 RMK AO2 SLP051 60000 T02390083 58016
EWR,2023-06-06 15:51,7.00,6000.00,KEWR 061551Z 29010G17KT 7SM FEW060 FEW100 BKN260 26/08 A2965 RMK AO2 SLP042 T02610083
EWR,2023-06-06 16:51,6.00,6000.00,KEWR 061651Z 32012G19KT 6SM HZ FEW060 FEW100 BKN260 27/08 A2963 RMK AO2 SLP033 T02720083
EWR,2023-06-06 17:51,7.00,6000.00,KEWR 061751Z VRB05G22KT 7SM FEW060 SCT100 BKN260 27/08 A2959 RMK AO2 SLP020 60000 T02670083 10289 20178 58030
EWR,2023-06-06 18:51,7.00,6000.00,KEWR 061851Z 27018G24KT 7SM -TSRA FEW060CB SCT110 BKN180 OVC260 27/05 A2957 RMK AO2 PK WND 28026/1816 RAB50 TSE45B46E48B50 SLP012 OCNL LTGIC OHD TS OHD MOV SE P0000 T02670050
EWR,2023-06-06 19:51,7.00,5500.00,KEWR 061951Z 31010KT 7SM FEW055 FEW110 BKN260 28/07 A2956 RMK AO2 WSHFT 1857 LTG DSNT E RAE07 TSE28 SLP009 P0000 T02780072 $
EWR,2023-06-06 20:51,6.00,4000.00,KEWR 062051Z 33015G21KT 6SM HZ FEW040 SCT060 SCT110 BKN260 28/07 A2956 RMK AO2 SLP009 CB DSNT E MOV SE 60000 T02780072 55011 $
EWR,2023-06-06 21:51,2.00,2700.00,KEWR 062151Z 33020G26KT 2SM HZ SCT027 BKN036 BKN090 BKN260 26/07 A2958 RMK AO2 PK WND 34028/2118 SFC VIS 2 1/2 LTG DSNT SE AND S SLP017 T02560067 $
EWR,2023-06-06 22:51,2.00,3500.00,KEWR 062251Z 32015G23KT 2SM HZ FEW035 BKN055 BKN090 OVC260 24/06 A2960 RMK AO2 PK WND 33027/2154 SFC VIS 3 SLP021 T02390061 $
EWR,2023-06-06 23:51,2.00,3500.00,KEWR 062351Z 32011G19KT 2SM HZ FEW035 OVC055 23/06 A2961 RMK AO2 SFC VIS 3 SLP026 60000 T02280061 10289 20228 51016 $
EWR,2023-06-07 00:51,2.00,4000.00,KEWR 070051Z 32016G25KT 2SM HZ FEW040 OVC060 21/07 A2963 RMK AO2 SFC VIS 4 SLP034 T02110067 $
EWR,2023-06-07 01:51,5.00,3500.00,KEWR 070151Z 33014G20KT 5SM HZ FEW035 OVC050 21/07 A2965 RMK AO2 SLP041 T02060072 $
EWR,2023-06-07 02:51,4.00,3500.00,KEWR 070251Z 32011KT 4SM HZ FEW035 BKN050 OVC120 20/08 A2966 RMK AO2 SLP042 T02000078 51016 $
EWR,2023-06-07 03:51,4.00,5000.00,KEWR 070351Z 33008KT 4SM HZ OVC050 19/08 A2965 RMK AO2 SLP041 T01890078 $
EWR,2023-06-07 04:51,4.00,5000.00,KEWR 070451Z 31008KT 4SM HZ OVC050 18/08 A2965 RMK AO2 SLP038 T01830078 402890167 $
EWR,2023-06-07 05:51,4.00,4700.00,KEWR 070551Z 31010KT 4SM HZ OVC047 17/07 A2963 RMK AO2 SLP034 T01720067 10228 20172 58007 $
EWR,2023-06-07 06:51,4.00,4700.00,KEWR 070651Z 29007KT 4SM HZ OVC047 17/07 A2964 RMK AO2 SLP036 T01670072 $
EWR,2023-06-07 07:51,4.00,4700.00,KEWR 070751Z 29011KT 4SM HZ OVC047 16/07 A2964 RMK AO2 SLP035 T01560072 $
EWR,2023-06-07 08:51,4.00,4700.00,KEWR 070851Z 29005KT 4SM HZ SCT047 BKN250 15/07 A2963 RMK AO2 SLP033 T01500067 58001 $
EWR,2023-06-07 09:51,4.00,4700.00,KEWR 070951Z VRB04KT 4SM HZ FEW047 SCT250 15/06 A2964 RMK AO2 SLP035 T01500061 $
EWR,2023-06-07 10:51,4.00,25000.00,KEWR 071051Z 33006KT 4SM HZ BKN250 16/06 A2964 RMK AO2 SLP037 T01560061 $
EWR,2023-06-07 11:51,4.00,4500.00,KEWR 071151Z 31006KT 4SM HZ FEW045 BKN250 17/06 A2964 RMK AO2 SLP038 T01670061 10172 20150 51005 $
EWR,2023-06-07 12:51,4.00,25000.00,KEWR 071251Z 32008KT 4SM HZ BKN250 18/07 A2965 RMK AO2 SLP039 T01830072 $
EWR,2023-06-07 13:51,5.00,25000.00,KEWR 071351Z 30012G17KT 5SM HZ BKN250 20/07 A2965 RMK AO2 SLP038 T02000067 $
EWR,2023-06-07 14:51,5.00,3700.00,KEWR 071451Z 28010KT 5SM HZ BKN037 BKN250 22/07 A2963 RMK AO2 SLP035 T02170067 58003 $
EWR,2023-06-07 15:51,2.00,2900.00,KEWR 071551Z 29014G21KT 2SM HZ BKN029 BKN250 23/05 A2962 RMK AO2 SFC VIS 2 1/2 SLP030 T02330050 $
EWR,2023-06-07 16:51,0.50,2600.00,KEWR 071651Z 30014KT 1/2SM R04R/P6000FT FU HZ OVC026 22/04 A2962 RMK AO2 SFC VIS 1 SLP031 T02220044 $
EWR,2023-06-07 17:51,0.50,2800.00,KEWR 071751Z 30012G26KT 1/2SM R04R/P6000FT FU HZ BKN028 OVC037 20/03 A2962 RMK AO2 PK WND 29026/1747 SFC VIS 1 SLP031 T02000033 10233 20167 56004 $
EWR,2023-06-07 18:51,0.50,2800.00,KEWR 071851Z 32013G19KT 1/2SM R04R/6000VP6000FT FU HZ BKN028 OVC035 21/03 A2962 RMK AO2 SFC VIS 1 SLP028 T02110033 $
EWR,2023-06-07 19:51,0.50,2800.00,KEWR 071951Z 29013G22KT 1/2SM R04R/P6000FT FU HZ BKN028 OVC035 21/03 A2962 RMK AO2 SFC VIS 1 3/4 SLP031 T02060028 $
EWR,2023-06-07 20:51,1.00,2800.00,KEWR 072051Z 30013G21KT 1SM R04R/P6000FT FU HZ BKN028 OVC035 21/03 A2963 RMK AO2 SFC VIS 2 SLP032 T02110033 53001 $
EWR,2023-06-07 21:51,1.00,3000.00,KEWR 072151Z 31010G17KT 1SM R04R/P6000FT FU HZ BKN030 OVC037 21/04 A2963 RMK AO2 SFC VIS 2 SLP033 T02110044 $
EWR,2023-06-07 22:51,1.00,3000.00,KEWR 072251Z 29011KT 1SM R04R/P6000FT FU HZ OVC030 21/04 A2964 RMK AO2 SFC VIS 2 SLP036 T02110044 $
EWR,2023-06-07 23:51,1.00,3000.00,KEWR 072351Z 28010KT 1SM R04R/P6000FT FU HZ OVC030 20/04 A2965 RMK AO2 SFC VIS 2 SLP040 T02000044 10217 20200 53008 $
EWR,2023-06-08 00:51,1.00,3500.00,KEWR 080051Z 28008KT 1SM R04R/P6000FT FU HZ OVC035 19/04 A2966 RMK AO2 SFC VIS 2 SLP044 T01890044 $
EWR,2023-06-08 01:51,1.00,4000.00,KEWR 080151Z 32008KT 1SM R04R/P6000FT FU HZ OVC040 18/03 A2966 RMK AO2 SFC VIS 2 1/2 SLP044 T01830033 $
EWR,2023-06-08 02:51,1.00,4200.00,KEWR 080251Z 31005KT 1SM R04R/P6000FT FU HZ OVC042 18/02 A2967 RMK AO2 SFC VIS 2 1/2 SLP047 T01780022 52007 $
EWR,2023-06-08 03:51,2.00,4300.00,KEWR 080351Z 35007KT 2SM FU HZ OVC043 17/02 A2969 RMK AO2 SFC VIS 2 1/2 SLP053 T01720017 $
EWR,2023-06-08 04:51,2.00,4300.00,KEWR 080451Z 35005KT 2SM FU HZ OVC043 16/03 A2968 RMK AO2 SFC VIS 2 1/2 SLP051 T01610028 402330150 $
EWR,2023-06-08 05:51,2.00,3400.00,KEWR 080551Z 36003KT 2SM FU HZ OVC034 14/04 A2968 RMK AO2 SFC VIS 3 SLP050 T01440039 10200 20139 50002 $
EWR,2023-06-08 06:51,2.00,3400.00,KEWR 080651Z 00000KT 2SM FU HZ OVC034 15/04 A2968 RMK AO2 SFC VIS 3 SLP049 T01500044 $
EWR,2023-06-08 07:51,2.00,3400.00,KEWR 080751Z 31005KT 2SM FU HZ OVC034 14/06 A2967 RMK AO2 SFC VIS 3 SLP046 T01390056 $
EWR,2023-06-08 08:51,2.00,3400.00,KEWR 080851Z 21003KT 2SM FU HZ OVC034 12/04 A2967 RMK AO2 SFC VIS 3 SLP046 T01170044 56004 $
EWR,2023-06-08 09:51,1.50,3000.00,KEWR 080951Z 00000KT 1 1/2SM FU HZ OVC030 13/04 A2970 RMK AO2 SFC VIS 2 SLP055 T01280044 $
EWR,2023-06-08 10:51,2.50,3100.00,KEWR 081051Z 00000KT 2 1/2SM FU HZ OVC031 14/06 A2971 RMK AO2 SLP061 T01440056 $
EWR,2023-06-08 11:51,2.50,3000.00,KEWR 081151Z 00000KT 2 1/2SM FU HZ BKN030 17/07 A2972 RMK AO2 SLP063 T01720072 10172 20100 51017 $
EWR,2023-06-08 12:51,2.50,3000.00,KEWR 081251Z 36005KT 2 1/2SM FU HZ OVC030 18/07 A2973 RMK AO2 SFC VIS 3 SLP066 T01780067
EWR,2023-06-08 13:51,2.50,3300.00,KEWR 081351Z 34006KT 2 1/2SM FU HZ OVC033 19/07 A2973 RMK AO2 SFC VIS 4 SLP065 T01940067
EWR,2023-06-08 14:51,2.50,3600.00,KEWR 081451Z VRB05KT 2 1/2SM FU HZ BKN036 OVC250 21/06 A2971 RMK AO2 SFC VIS 4 SLP061 T02110061 58003
EWR,2023-06-08 15:51,2.50,3400.00,KEWR 081551Z 33008KT 2 1/2SM FU HZ SCT034 SCT250 22/07 A2970 RMK AO2 SFC VIS 4 SLP058 T02220067
EWR,2023-06-08 16:51,2.50,6000.00,KEWR 081651Z VRB06G15KT 2 1/2SM FU HZ SCT060 SCT250 23/06 A2969 RMK AO2 SFC VIS 5 SLP053 T02330061
EWR,2023-06-08 17:51,8.00,6500.00,KEWR 081751Z 30010KT 8SM SCT065 BKN250 24/06 A2967 RMK AO2 SLP048 T02390061 10250 20167 58013
EWR,2023-06-08 18:51,7.00,7000.00,KEWR 081851Z 28010G14KT 7SM SCT070 BKN090 23/06 A2968 RMK AO2 SLP050 T02330056
EWR,2023-06-08 19:51,7.00,5000.00,KEWR 081951Z 32011KT 7SM FEW050 SCT070 BKN100 22/06 A2969 RMK AO2 SLP053 T02220056
EWR,2023-06-08 20:51,6.00,6000.00,KEWR 082051Z 34011KT 6SM HZ FEW060 BKN090 OVC130 21/08 A2969 RMK AO2 SLP055 T02110078 52007
EWR,2023-06-08 21:51,6.00,6000.00,KEWR 082151Z 33008KT 6SM HZ FEW060 BKN095 BKN200 21/07 A2969 RMK AO2 SLP054 T02060067
EWR,2023-06-08 22:51,6.00,6000.00,KEWR 082251Z VRB04KT 6SM HZ FEW060 BKN095 OVC200 21/07 A2970 RMK AO2 SLP057 T02060072
EWR,2023-06-08 23:51,7.00,6000.00,KEWR 082351Z 00000KT 7SM FEW060 BKN100 BKN130 20/07 A2971 RMK AO2 SLP060 T02000072 10244 20200 53005
EWR,2023-06-09 00:51,7.00,6000.00,KEWR 090051Z 01008KT 7SM FEW060 BKN090 BKN130 19/08 A2972 RMK AO2 SLP064 T01940078
EWR,2023-06-09 01:51,9.00,7000.00,KEWR 090151Z 32008KT 9SM FEW070 BKN100 BKN130 BKN250 19/08 A2974 RMK AO2 SLP071 T01940078
EWR,2023-06-09 02:51,10.00,7000.00,KEWR 090251Z 32008KT 10SM FEW070 SCT100 BKN140 19/08 A2974 RMK AO2 SLP071 T01890078 51012
EWR,2023-06-09 03:51,10.00,8000.00,KEWR 090351Z 31008KT 10SM SCT080 SCT100 BKN140 18/08 A2975 RMK AO2 SLP072 T01830078
EWR,2023-06-09 04:51,10.00,7500.00,KEWR 090451Z 31008KT 10SM BKN075 BKN100 BKN140 18/08 A2974 RMK AO2 SLP070 T01780078 402500100
EWR,2023-06-09 05:51,10.00,8000.00,KEWR 090551Z 31008KT 10SM OVC080 17/08 A2973 RMK AO2 SLP066 T01720083 10206 20172 58005
EWR,2023-06-09 06:51,10.00,8000.00,KEWR 090651Z 31005KT 10SM SCT080 OVC140 17/08 A2973 RMK AO2 SLP065 T01670083
EWR,2023-06-09 07:51,10.00,7000.00,KEWR 090751Z 30007KT 10SM BKN070 OVC140 16/09 A2972 RMK AO2 SLP064 T01610089
EWR,2023-06-09 08:51,10.00,7000.00,KEWR 090851Z 31007KT 10SM SCT070 OVC150 16/09 A2973 RMK AO2 SLP066 T01560089 55001
EWR,2023-06-09 09:51,10.00,7000.00,KEWR 090951Z 32006G16KT 10SM FEW070 SCT150 BKN250 15/09 A2974 RMK AO2 SLP072 T01500089
EWR,2023-06-09 10:51,10.00,7000.00,KEWR 091051Z 31006KT 10SM FEW070 SCT150 BKN250 16/09 A2975 RMK AO2 SLP073 T01610094
EWR,2023-06-09 11:51,10.00,2500.00,KEWR 091151Z 31006KT 10SM FEW025 FEW060 SCT150 BKN250 17/09 A2976 RMK AO2 SLP078 T01720094 10172 20150 51012
EWR,2023-06-09 12:51,10.00,2800.00,KEWR 091251Z VRB05KT 10SM FEW028 SCT095 BKN250 18/09 A2977 RMK AO2 SLP079 T01830094
EWR,2023-06-09 13:51,10.00,3000.00,KEWR 091351Z 35007KT 10SM SCT030 SCT100 BKN250 20/09 A2976 RMK AO2 SLP077 T02000094
EWR,2023-06-09 14:51,10.00,3800.00,KEWR 091451Z 29005KT 10SM BKN038 BKN250 21/09 A2976 RMK AO2 SLP076 T02060089 58001
EWR,2023-06-09 15:51,10.00,4500.00,KEWR 091551Z VRB04KT 10SM BKN045 BKN060 BKN250 22/08 A2975 RMK AO2 SLP074 T02170083
EWR,2023-06-09 16:51,10.00,5000.00,KEWR 091651Z 21003KT 10SM BKN050 BKN070 BKN090 BKN250 22/08 A2974 RMK AO2 SLP070 T02170078
EWR,2023-06-09 17:51,10.00,5000.00,KEWR 091751Z 26010G15KT 10SM SCT050 BKN065 BKN100 BKN250 23/07 A2972 RMK AO2 SLP064 T02330072 10244 20172 58012
EWR,2023-06-09 18:51,10.00,5000.00,KEWR 091851Z 28011G17KT 10SM FEW050 SCT070 BKN100 BKN250 25/07 A2970 RMK AO2 SLP058 T02500072
EWR,2023-06-09 19:51,10.00,5500.00,KEWR 091951Z 23010G16KT 10SM FEW055 SCT070 BKN100 BKN250 25/08 A2969 RMK AO2 SLP052 T02500078
EWR,2023-06-09 20:51,10.00,6000.00,KEWR 092051Z 26009G15KT 10SM SCT060 BKN100 BKN250 24/06 A2969 RMK AO2 SLP053 T02390061 55011
EWR,2023-06-09 21:51,10.00,6500.00,KEWR 092151Z 30008KT 10SM BKN065 BKN085 BKN250 23/06 A2969 RMK AO2 SLP053 VCSH E T02330056
EWR,2023-06-09 22:51,10.00,5000.00,KEWR 092251Z 06003KT 10SM FEW050TCU BKN070 BKN110 BKN250 22/09 A2970 RMK AO2 SLP057 TCU NW VCSH W-NW T02220089
EWR,2023-06-09 23:51,10.00,4500.00,KEWR 092351Z 00000KT 10SM FEW045TCU SCT070 BKN100 BKN250 20/10 A2972 RMK AO2 RAB07E37 SLP063 TCU E VCSH E P0000 60000 T02000100 10250 20194 53010
EWR,2023-06-10 00:51,10.00,5000.00,KEWR 100051Z 13003KT 10SM FEW050 SCT070 BKN100 BKN250 20/09 A2973 RMK AO2 SLP068 T02000094
EWR,2023-06-10 01:51,10.00,6500.00,KEWR 100151Z 32009KT 10SM FEW065 BKN090 BKN250 19/09 A2975 RMK AO2 SLP075 T01940094
EWR,2023-06-10 02:51,10.00,8000.00,KEWR 100251Z VRB05KT 10SM BKN080 BKN250 19/09 A2976 RMK AO2 SLP076 T01890089 51013
EWR,2023-06-10 03:51,10.00,8000.00,KEWR 100351Z 32008KT 10SM SCT080 BKN110 BKN250 18/08 A2976 RMK AO2 SLP076 T01780083
EWR,2023-06-10 04:51,10.00,8000.00,KEWR 100451Z 31006KT 10SM FEW080 BKN100 BKN250 18/08 A2975 RMK AO2 SLP073 T01780083 402500150
EWR,2023-06-10 05:51,10.00,9000.00,KEWR 100551Z 31007KT 10SM SCT090 BKN250 17/09 A2974 RMK AO2 SLP071 T01670094 10200 20167 58005
EWR,2023-06-10 06:51,10.00,9000.00,KEWR 100651Z 31006KT 10SM SCT090 SCT250 16/09 A2974 RMK AO2 SLP069 T01610094
EWR,2023-06-10 07:51,10.00,9000.00,KEWR 100751Z 27006KT 10SM BKN090 BKN250 16/10 A2974 RMK AO2 SLP071 T01610100
EWR,2023-06-10 08:51,10.00,9000.00,KEWR 100851Z 27006KT 10SM BKN090 BKN250 15/09 A2974 RMK AO2 SLP072 T01500094 53000
EWR,2023-06-10 09:51,10.00,9500.00,KEWR 100951Z 26006KT 10SM SCT095 SCT180 14/09 A2977 RMK AO2 SLP080 T01440094
EWR,2023-06-10 10:51,10.00,9500.00,KEWR 101051Z 28006KT 10SM FEW095 FEW180 16/10 A2978 RMK AO2 SLP085 T01610100
EWR,2023-06-10 11:51,10.00,18000.00,KEWR 101151Z 31007KT 10SM FEW180 18/11 A2980 RMK AO2 SLP089 T01830106 10183 20144 51018
EWR,2023-06-10 12:51,10.00,20000.00,KEWR 101251Z 30007KT 10SM FEW200 19/10 A2980 RMK AO2 SLP091 T01940100
EWR,2023-06-10 13:51,10.00,4500.00,KEWR 101351Z 32005KT 10SM FEW045 FEW200 21/10 A2979 RMK AO2 SLP089 T02110100
EWR,2023-06-10 14:51,10.00,5000.00,KEWR 101451Z 32007KT 260V010 10SM FEW050 FEW200 23/09 A2979 RMK AO2 SLP087 T02280094 58002
EWR,2023-06-10 15:51,10.00,5000.00,KEWR 101551Z 29009G14KT 10SM SCT050 BKN075 23/09 A2979 RMK AO2 SLP086 T02330089
EWR,2023-06-10 16:51,10.00,5500.00,KEWR 101651Z 28009G16KT 10SM SCT055 BKN100 24/08 A2978 RMK AO2 SLP083 T02440083
EWR,2023-06-10 17:51,10.00,6000.00,KEWR 101751Z 30013G22KT 10SM SCT060 SCT090 26/09 A2978 RMK AO2 SLP083 T02560089 10261 20183 56004
EWR,2023-06-10 18:51,10.00,6000.00,KEWR 101851Z 31010KT 10SM SCT060 SCT080 26/10 A2977 RMK AO2 SLP080 T02610100
EWR,2023-06-10 19:51,10.00,6500.00,KEWR 101951Z 32015G18KT 10SM SCT065 SCT085 28/09 A2976 RMK AO2 SLP078 T02780094
EWR,2023-06-10 20:51,10.00,6500.00,KEWR 102051Z 34015G20KT 10SM SCT065 SCT085 28/09 A2977 RMK AO2 SLP080 T02780089 55003
EWR,2023-06-10 21:51,10.00,6500.00,KEWR 102151Z 33013G17KT 10SM FEW065 FEW085 SCT250 28/09 A2977 RMK AO2 SLP080 T02780089
EWR,2023-06-10 22:51,10.00,6500.00,KEWR 102251Z 31007KT 10SM SCT065 BKN090 BKN250 27/09 A2978 RMK AO2 SLP085 VCSH S T02670089
EWR,2023-06-10 23:51,10.00,7000.00,KEWR 102351Z 28010KT 10SM FEW070 SCT095 SCT120 BKN250 24/11 A2980 RMK AO2 WSHFT 2256 SLP091 T02390106 10283 20239 53011 $
EWR,2023-06-11 00:51,10.00,7000.00,KEWR 110051Z 17003KT 10SM FEW070 SCT095 BKN120 BKN250 23/11 A2981 RMK AO2 SLP095 T02330111 $
EWR,2023-06-11 01:51,10.00,7000.00,KEWR 110151Z 17007KT 10SM FEW070 BKN110 BKN250 23/12 A2983 RMK AO2 SLP100 T02280122 $
EWR,2023-06-11 02:51,10.00,7000.00,KEWR 110251Z 20005KT 10SM FEW070 SCT090 BKN110 BKN250 22/13 A2984 RMK AO2 SLP104 VCSH SW-NW T02220133 51013 $
EWR,2023-06-11 03:51,10.00,7000.00,KEWR 110351Z 17004KT 10SM FEW070 BKN085 BKN110 OVC140 21/14 A2985 RMK AO2 RAB0256E29 SLP109 P0000 T02110144 $
EWR,2023-06-11 04:51,10.00,7000.00,KEWR 110451Z 16004KT 10SM FEW070 BKN090 OVC130 21/15 A2985 RMK AO2 SLP108 T02060150 402830144 $
EWR,2023-06-11 05:51,10.00,7000.00,KEWR 110551Z 21005KT 10SM FEW070 SCT090 OVC120 20/14 A2985 RMK AO2 RAB0453E03 SLP109 P0000 60000 T02000144 10244 20194 51005 $
EWR,2023-06-11 06:51,10.00,8000.00,KEWR 110651Z 00000KT 10SM FEW080 BKN130 BKN250 20/14 A2985 RMK AO2 SLP108 T02000139 $
EWR,2023-06-11 07:51,10.00,10000.00,KEWR 110751Z 12004KT 10SM FEW100 BKN250 21/14 A2985 RMK AO2 SLP108 T02060144 $
EWR,2023-06-11 08:51,10.00,11000.00,KEWR 110851Z 00000KT 10SM FEW110 FEW160 BKN240 20/14 A2986 RMK AO2 SLP110 T02000144 53001 $
EWR,2023-06-11 09:51,10.00,23000.00,KEWR 110951Z 20003KT 10SM BKN230 19/14 A2986 RMK AO2 SLP112 T01890139 $
EWR,2023-06-11 10:51,10.00,18000.00,KEWR 111051Z 19003KT 10SM FEW180 BKN240 19/15 A2987 RMK AO2 SLP114 T01940150 $
EWR,2023-06-11 11:51,9.00,10000.00,KEWR 111151Z 18003KT 9SM FEW100 FEW190 BKN250 21/14 A2987 RMK AO2 SLP115 T02110144 10211 20183 51006 $
EWR,2023-06-11 12:51,9.00,25000.00,KEWR 111251Z 00000KT 9SM BKN250 23/14 A2988 RMK AO2 SLP118 T02280144 $
EWR,2023-06-11 13:51,9.00,25000.00,KEWR 111351Z 18005KT 9SM BKN250 25/14 A2988 RMK AO2 SLP119 T02500139 $
EWR,2023-06-11 14:51,10.00,10000.00,KEWR 111451Z 00000KT 10SM SCT100 BKN250 27/12 A2988 RMK AO2 SLP117 T02670122 50002 $
EWR,2023-06-11 15:51,10.00,10000.00,KEWR 111551Z 10006KT 10SM FEW100 BKN250 28/13 A2987 RMK AO2 SLP114 T02780133 $
EWR,2023-06-11 16:51,10.00,9500.00,KEWR 111651Z VRB04KT 10SM SCT095 SCT200 BKN250 28/15 A2986 RMK AO2 SLP110 T02830150 $
EWR,2023-06-11 17:51,9.00,9500.00,KEWR 111751Z 12010KT 9SM FEW095 SCT200 BKN250 27/16 A2984 RMK AO2 SLP106 T02720156 10294 20211 58012 $
EWR,2023-06-11 18:51,8.00,9500.00,KEWR 111851Z 11010KT 8SM FEW095 SCT200 BKN250 26/15 A2984 RMK AO2 SLP103 T02610150 $
EWR,2023-06-11 19:51,8.00,11000.00,KEWR 111951Z 11010G16KT 8SM SCT110 SCT200 BKN250 24/14 A2983 RMK AO2 SLP099 T02440144 $
EWR,2023-06-11 20:51,9.00,11000.00,KEWR 112051Z 12010G17KT 9SM FEW110 SCT200 BKN250 26/14 A2981 RMK AO2 SLP094 T02560139 58012 $
EWR,2023-06-11 21:51,8.00,9000.00,KEWR 112151Z 09005KT 8SM FEW090 SCT200 BKN250 24/16 A2980 RMK AO2 SLP091 T02440161 $
EWR,2023-06-11 22:51,7.00,9000.00,KEWR 112251Z 09006KT 7SM FEW090 FEW110 SCT200 BKN250 23/17 A2981 RMK AO2 SLP093 T02330167 $
EWR,2023-06-11 23:51,7.00,9000.00,KEWR 112351Z 06004KT 7SM FEW090 FEW120 BKN250 23/17 A2981 RMK AO2 SLP093 T02330167 10272 20228 56001 $
EWR,2023-06-12 00:51,10.00,10000.00,KEWR 120051Z 09004KT 10SM SCT100 BKN250 24/16 A2981 RMK AO2 SLP093 T02440161 $
EWR,2023-06-12 01:51,10.00,9000.00,KEWR 120151Z 12003KT 10SM FEW090 SCT160 BKN250 24/16 A2982 RMK AO2 SLP096 T02390156 $
EWR,2023-06-12 02:51,10.00,16000.00,KEWR 120251Z 19010G14KT 10SM FEW160 BKN250 24/14 A2982 RMK AO2 SLP098 T02390144 53005 $
EWR,2023-06-12 03:51,10.00,21000.00,KEWR 120351Z 20008KT 10SM BKN210 23/15 A2983 RMK AO2 SLP099 T02330150 $
EWR,2023-06-12 04:51,10.00,16000.00,KEWR 120451Z 19007KT 10SM BKN160 BKN220 23/16 A2982 RMK AO2 SLP097 T02280156 402940183 $
EWR,2023-06-12 05:51,10.00,10000.00,KEWR 120551Z 18005KT 10SM FEW100 BKN150 OVC210 23/16 A2982 RMK AO2 SLP096 T02280156 10244 20228 58002 $
EWR,2023-06-12 06:51,10.00,7500.00,KEWR 120651Z 15005KT 10SM FEW075 FEW100 BKN150 OVC200 23/16 A2980 RMK AO2 SLP091 T02280161 $
EWR,2023-06-12 07:51,10.00,7000.00,KEWR 120751Z VRB05KT 10SM FEW070 SCT100 OVC160 23/16 A2979 RMK AO2 SLP089 T02280161 $
EWR,2023-06-12 08:51,10.00,8000.00,KEWR 120851Z 12003KT 10SM FEW080 BKN160 BKN220 22/17 A2979 RMK AO2 SLP087 T02220167 56009 $
EWR,2023-06-12 09:51,9.00,6000.00,KEWR 120951Z 09005KT 9SM FEW060 OVC160 21/17 A2980 RMK AO2 SLP090 T02110172 $
EWR,2023-06-12 10:51,8.00,6000.00,KEWR 121051Z 08004KT 8SM FEW060 OVC170 21/17 A2980 RMK AO2 SLP089 T02110172 $
EWR,2023-06-12 11:51,8.00,6000.00,KEWR 121151Z 10005KT 8SM FEW060 SCT130 OVC150 21/17 A2980 RMK AO2 SLP091 T02110172 10228 20206 51004
EWR,2023-06-12 12:51,6.00,5000.00,KEWR 121251Z 10004KT 6SM -RA HZ SCT050 BKN070 BKN090 OVC130 21/18 A2980 RMK AO2 RAB36 SLP090 P0000 T02110178
EWR,2023-06-12 13:51,7.00,2300.00,KEWR 121351Z 09004KT 7SM FEW023 FEW055 BKN140 BKN160 OVC250 23/18 A2979 RMK AO2 RAE00 SLP086 P0000 T02280178
EWR,2023-06-12 14:51,7.00,2500.00,KEWR 121451Z 14008KT 7SM FEW025 FEW100 BKN140 BKN160 OVC250 24/18 A2977 RMK AO2 SLP081 60000 T02440183 58010
EWR,2023-06-12 15:51,8.00,2500.00,KEWR 121551Z 14010G18KT 8SM FEW025 BKN100 BKN130 OVC250 24/18 A2977 RMK AO2 SLP079 T02390183
EWR,2023-06-12 16:51,9.00,3000.00,KEWR 121651Z 11009G17KT 9SM FEW030 FEW100 SCT130 OVC250 25/18 A2975 RMK AO2 SLP072 T02500183
EWR,2023-06-12 17:51,9.00,3000.00,KEWR 121751Z 15011KT 9SM FEW030 FEW100 FEW200 BKN250 26/19 A2971 RMK AO2 SLP061 60000 T02560189 10256 20211 58020
EWR,2023-06-12 18:51,8.00,1000.00,KEWR 121851Z 12012G21KT 8SM BKN010 BKN017 OVC250 24/19 A2969 RMK AO2 SLP054 T02390189
EWR,2023-06-12 19:51,9.00,1200.00,KEWR 121951Z 14008G17KT 100V170 9SM BKN012 BKN016 OVC250 24/19 A2967 RMK AO2 SLP047 T02390189
EWR,2023-06-12 20:51,8.00,800.00,KEWR 122051Z 11011G16KT 8SM BKN008 OVC016 22/19 A2966 RMK AO2 SLP044 T02220189 56018
EWR,2023-06-12 21:51,6.00,800.00,KEWR 122151Z 12008KT 6SM HZ BKN008 OVC020 22/18 A2965 RMK AO2 SLP039 T02170183
EWR,2023-06-12 22:51,8.00,900.00,KEWR 122251Z 11008KT 8SM FEW009 SCT028 BKN070 BKN250 22/18 A2964 RMK AO2 RAB16E26 SLP036 P0000 T02220183
EWR,2023-06-12 23:51,0.75,900.00,KEWR 122351Z 10008KT 3/4SM R04R/P6000FT RA BR FEW009 BKN024 OVC044 20/18 A2962 RMK AO2 SFC VIS 2 RAB12 SLP029 P0041 60041 T02000183 10256 20200 58015 $
EWR,2023-06-13 00:51,4.00,800.00,KEWR 130051Z 11008KT 4SM RA BR BKN008 BKN012 OVC055 20/18 A2960 RMK AO2 SLP023 P0005 T02000183 $
EWR,2023-06-13 01:51,6.00,800.00,KEWR 130151Z 14008KT 6SM BR SCT008 BKN012 OVC024 21/19 A2960 RMK AO2 RAE49 SLP022 P0007 T02060194 $
EWR,2023-06-13 02:51,8.00,800.00,KEWR 130251Z 16008KT 8SM SCT008 BKN014 OVC033 21/19 A2959 RMK AO2 SLP021 60012 T02110194 55002 $
EWR,2023-06-13 03:51,10.00,1900.00,KEWR 130351Z 25017KT 10SM SCT019 BKN030 22/18 A2960 RMK AO2 SLP023 T02170183 $
EWR,2023-06-13 04:51,10.00,1200.00,KEWR 130451Z 25010KT 10SM FEW012 FEW026 20/18 A2959 RMK AO2 SLP018 T02000178 402560200 $
EWR,2023-06-13 05:51,10.00,1400.00,KEWR 130551Z 24010KT 10SM SCT014 OVC022 19/17 A2960 RMK AO2 SLP024 60012 T01940172 10222 20194 53003 $
EWR,2023-06-13 06:51,10.00,1400.00,KEWR 130651Z 25006KT 10SM FEW014 BKN022 19/17 A2963 RMK AO2 SLP032 T01940167 $
EWR,2023-06-13 07:51,10.00,2000.00,KEWR 130751Z 26008KT 10SM OVC020 19/16 A2963 RMK AO2 SLP034 T01940161 $
EWR,2023-06-13 08:51,10.00,1900.00,KEWR 130851Z 32011KT 10SM BKN019 19/14 A2964 RMK AO2 SLP038 T01890144 51014 $
EWR,2023-06-13 09:51,10.00,2100.00,KEWR 130951Z 29008KT 10SM BKN021 19/13 A2967 RMK AO2 SLP046 T01890133 $
EWR,2023-06-13 10:51,10.00,2400.00,KEWR 131051Z 29008KT 10SM BKN024 19/13 A2968 RMK AO2 SLP049 T01890133 $
EWR,2023-06-13 11:51,10.00,2600.00,KEWR 131151Z 30008KT 270V330 10SM SCT026 BKN044 BKN250 20/13 A2968 RMK AO2 SLP051 70053 T02000128 10200 20183 51013 $
EWR,2023-06-13 12:51,10.00,2700.00,KEWR 131251Z 32011G16KT 10SM FEW027 FEW046 SCT200 SCT250 22/13 A2969 RMK AO2 SLP052 T02170128
EWR,2023-06-13 13:51,10.00,3000.00,KEWR 131351Z 28011KT 10SM FEW030 FEW050 SCT250 22/13 A2970 RMK AO2 SLP056 T02220128
EWR,2023-06-13 14:51,10.00,3500.00,KEWR 131451Z 29011KT 10SM SCT035 SCT055 BKN250 24/13 A2970 RMK AO2 SLP058 T02390128 53006
EWR,2023-06-13 15:51,10.00,4000.00,KEWR 131551Z 29013KT 10SM BKN040 BKN250 26/12 A2971 RMK AO2 SLP059 T02560122
EWR,2023-06-13 16:51,10.00,4500.00,KEWR 131651Z 29009G20KT 10SM SCT045 BKN250 25/11 A2969 RMK AO2 SLP055 T02500106
EWR,2023-06-13 17:51,10.00,5000.00,KEWR 131751Z 25014KT 10SM SCT050 BKN250 27/09 A2967 RMK AO2 SLP048 T02720094 10272 20200 58010
EWR,2023-06-13 18:51,10.00,5500.00,KEWR 131851Z 24016G22KT 10SM FEW055 SCT250 27/09 A2966 RMK AO2 SLP042 T02720089
EWR,2023-06-13 19:51,10.00,6000.00,KEWR 131951Z 26009KT 220V300 10SM FEW060 SCT250 28/09 A2966 RMK AO2 SLP043 T02830089
EWR,2023-06-13 20:51,10.00,6000.00,KEWR 132051Z 27014G17KT 10SM FEW060 SCT250 28/08 A2965 RMK AO2 SLP041 T02780078 56007
EWR,2023-06-13 21:51,10.00,6500.00,KEWR 132151Z 28015G20KT 10SM FEW065 SCT250 27/09 A2966 RMK AO2 SLP042 T02670089
EWR,2023-06-13 22:51,10.00,6000.00,KEWR 132251Z 27014G21KT 10SM FEW060 FEW200 SCT250 26/09 A2967 RMK AO2 SLP047 T02610089
EWR,2023-06-13 23:51,10.00,6000.00,KEWR 132351Z 27010KT 10SM FEW060 SCT250 25/09 A2968 RMK AO2 SLP050 T02500089 10283 20250 53009
EWR,2023-06-14 00:51,10.00,6000.00,KEWR 140051Z 26008KT 10SM FEW060 FEW200 SCT250 24/09 A2968 RMK AO2 SLP051 T02390094
EWR,2023-06-14 01:51,10.00,6000.00,KEWR 140151Z 26006KT 10SM FEW060 FEW200 SCT250 23/09 A2969 RMK AO2 SLP055 T02330094
EWR,2023-06-14 02:51,10.00,6000.00,KEWR 140251Z 25008KT 10SM FEW060 FEW200 SCT250 23/09 A2969 RMK AO2 SLP054 T02280089 50004
EWR,2023-06-14 03:51,10.00,6000.00,KEWR 140351Z 20004KT 10SM FEW060 FEW200 SCT250 21/09 A2968 RMK AO2 SLP050 T02110094
EWR,2023-06-14 04:51,10.00,25000.00,KEWR 140451Z 19006KT 10SM FEW250 20/11 A2967 RMK AO2 SLP047 T02000106 402830183
EWR,2023-06-14 05:51,10.00,25000.00,KEWR 140551Z 18003KT 10SM FEW250 19/12 A2966 RMK AO2 SLP043 T01890117 10250 20183 56010
EWR,2023-06-14 06:51,10.00,25000.00,KEWR 140651Z 20004KT 10SM FEW250 18/13 A2966 RMK AO2 SLP042 T01780128
EWR,2023-06-14 07:51,10.00,25000.00,KEWR 140751Z 17003KT 10SM FEW250 18/14 A2964 RMK AO2 SLP035 T01780139
EWR,2023-06-14 08:51,10.00,25000.00,KEWR 140851Z 00000KT 10SM BKN250 18/14 A2962 RMK AO2 SLP029 T01830139 58014
EWR,2023-06-14 09:51,10.00,25000.00,KEWR 140951Z 16004KT 10SM BKN250 19/14 A2961 RMK AO2 SLP028 T01890139
EWR,2023-06-14 10:51,10.00,10000.00,KEWR 141051Z VRB03KT 10SM FEW100 SCT200 BKN250 20/14 A2960 RMK AO2 SLP022 T02000144
EWR,2023-06-14 11:51,10.00,4500.00,KEWR 141151Z VRB04KT 10SM FEW045 FEW100 SCT200 BKN250 21/15 A2959 RMK AO2 SLP021 T02060150 10206 20167 56008
EWR,2023-06-14 12:51,10.00,11000.00,KEWR 141251Z 18010KT 10SM FEW110 SCT200 BKN250 23/15 A2959 RMK AO2 SLP020 T02280150
EWR,2023-06-14 13:51,10.00,11000.00,KEWR 141351Z 19008KT 10SM BKN110 BKN200 OVC250 24/14 A2957 RMK AO2 SLP011 T02440144
EWR,2023-06-14 14:51,10.00,3500.00,KEWR 141451Z 16007KT 10SM FEW035 FEW080 BKN110 BKN200 OVC250 24/15 A2955 RMK AO2 SLP007 T02440150 58015
EWR,2023-06-14 15:51,10.00,4000.00,KEWR 141551Z 21007KT 10SM SCT040 BKN060 BKN140 OVC250 26/14 A2953 RMK AO2 SLP000 T02560139
EWR,2023-06-14 16:51,2.00,2800.00,KEWR 141651Z 28020G25KT 2SM R04R/3500VP6000FT -TSRA SCT028CB BKN060 OVC095 21/16 A2952 RMK AO2 PK WND 25028/1641 WSHFT 1635 SFC VIS 3 LTG DSNT NE AND E RAB36 TSB19 SLP997 OCNL LTGICCG OHD TS OHD MOV NE P0006 T02110156
EWR,2023-06-14 17:51,10.00,3000.00,KEWR 141751Z 26012KT 10SM SCT030 BKN070 OVC100 20/17 A2952 RMK AO2 WSHFT 1638 LTG DSNT NE AND E SLP997 RAB39 TSE34 P0009 60015 T02000167 10261 20189 55010 $
EWR,2023-06-14 18:51,10.00,4500.00,KEWR 141851Z 22011KT 10SM -RA FEW045 SCT070 BKN085 19/16 A2952 RMK AO2 RAB1752 SLP994 P0001 T01940156 $
EWR,2023-06-14 19:51,10.00,3200.00,KEWR 141951Z 22013G22KT 10SM FEW032 FEW070 SCT100 SCT250 23/15 A2950 RMK AO2 RAE07 SLP988 P0000 T02330150 $
EWR,2023-06-14 20:51,10.00,3400.00,KEWR 142051Z 23019G25KT 10SM -RA FEW034TCU SCT048 BKN110 BKN250 23/13 A2949 RMK AO2 PK WND 24028/2037 RAB39 SLP986 TCU OHD P0000 60001 T02330128 56011 $
EWR,2023-06-14 21:51,10.00,3200.00,KEWR 142151Z 25012G17KT 10SM FEW032 SCT070 SCT110 BKN250 24/11 A2948 RMK AO2 LTG DSNT E RAE2058 SLP983 CB DSNT NE-DSNT E MOV E P0000 T02440106 $
EWR,2023-06-14 22:51,10.00,3500.00,KEWR 142251Z 24009G17KT 10SM TS FEW035CB SCT060 BKN110 BKN250 21/15 A2949 RMK AO2 PK WND 22027/2231 RAB28E49 TSB29 SLP987 OCNL LTGCG VC E TS VC E MOV E VCSH NE-E P0012 T02060150 $
EWR,2023-06-14 23:51,10.00,4000.00,KEWR 142351Z 25013KT 10SM FEW040 FEW070 SCT110 SCT250 21/12 A2951 RMK AO2 TSE02 SLP991 CB DSNT NE-DSNT E MOV E 60013 T02110122 10250 20189 53005 $
EWR,2023-06-15 00:51,10.00,4500.00,KEWR 150051Z 25012KT 10SM FEW045 FEW080 FEW110 SCT250 21/11 A2952 RMK AO2 SLP995 T02060111 $
EWR,2023-06-15 01:51,10.00,4500.00,KEWR 150151Z 26012KT 10SM FEW045 FEW100 SCT250 20/11 A2954 RMK AO2 SLP003 T02000111 $
EWR,2023-06-15 02:51,10.00,3500.00,KEWR 150251Z 25011KT 10SM FEW035 FEW250 19/11 A2956 RMK AO2 SLP008 T01940111 53017 $
EWR,2023-06-15 03:51,10.00,3500.00,KEWR 150351Z 24009KT 10SM FEW035 FEW250 19/11 A2956 RMK AO2 SLP008 T01890111 $
EWR,2023-06-15 04:51,10.00,3500.00,KEWR 150451Z 25010KT 10SM FEW035 FEW250 18/11 A2956 RMK AO2 SLP010 T01830111 402610167 $
EWR,2023-06-15 05:51,10.00,25000.00,KEWR 150551Z 24009KT 10SM FEW250 17/12 A2956 RMK AO2 SLP009 T01720117 10211 20172 50001 $
EWR,2023-06-15 06:51,10.00,25000.00,KEWR 150651Z 23010KT 10SM FEW250 17/12 A2956 RMK AO2 SLP010 T01670117 $
EWR,2023-06-15 07:51,10.00,25000.00,KEWR 150751Z 24010KT 10SM FEW250 17/12 A2956 RMK AO2 SLP011 T01670117 $
EWR,2023-06-15 08:51,10.00,25000.00,KEWR 150851Z 25008KT 10SM FEW250 16/12 A2957 RMK AO2 SLP011 T01610117 51002 $
EWR,2023-06-15 09:51,10.00,25000.00,KEWR 150951Z 24009KT 10SM FEW250 16/11 A2958 RMK AO2 SLP015 T01610111 $
EWR,2023-06-15 10:51,10.00,3000.00,KEWR 151051Z 25008KT 10SM FEW030 FEW250 18/12 A2959 RMK AO2 SLP020 T01780117 $
EWR,2023-06-15 11:51,10.00,3100.00,KEWR 151151Z 32006KT 10SM SCT031 BKN250 20/12 A2961 RMK AO2 SLP028 70028 T02000122 10200 20156 53017 $
EWR,2023-06-15 12:51,10.00,3100.00,KEWR 151251Z 32013G19KT 10SM SCT031 SCT250 21/12 A2961 RMK AO2 SLP027 T02110117
EWR,2023-06-15 13:51,10.00,3300.00,KEWR 151351Z 31012KT 10SM SCT033 SCT250 22/12 A2962 RMK AO2 SLP030 T02220122
EWR,2023-06-15 14:51,10.00,3700.00,KEWR 151451Z 28011KT 10SM BKN037 BKN250 23/12 A2964 RMK AO2 SLP037 T02330117 53010
EWR,2023-06-15 15:51,10.00,3900.00,KEWR 151551Z 28013G19KT 10SM SCT039 BKN250 25/12 A2965 RMK AO2 SLP040 T02500122
EWR,2023-06-15 16:51,10.00,4400.00,KEWR 151651Z 30014G18KT 10SM BKN044 BKN250 24/12 A2965 RMK AO2 SLP040 T02440122
EWR,2023-06-15 17:51,10.00,4700.00,KEWR 151751Z 27008KT 10SM SCT047 BKN065 BKN250 26/12 A2965 RMK AO2 SLP040 T02560122 10261 20200 51003
EWR,2023-06-15 18:51,10.00,5000.00,KEWR 151851Z 29009G19KT 10SM SCT050 SCT070 BKN250 27/12 A2965 RMK AO2 SLP038 T02670122
EWR,2023-06-15 19:51,10.00,5000.00,KEWR 151951Z 29004KT 10SM SCT050 SCT070 BKN250 27/12 A2964 RMK AO2 SLP037 T02670122
EWR,2023-06-15 20:51,10.00,5000.00,KEWR 152051Z 27010G18KT 10SM FEW050 SCT080 BKN250 27/12 A2964 RMK AO2 SLP037 T02720122 56003
EWR,2023-06-15 21:51,10.00,5500.00,KEWR 152151Z 28011KT 10SM FEW055 SCT090 BKN250 28/12 A2964 RMK AO2 SLP037 T02780122
EWR,2023-06-15 22:51,10.00,5500.00,KEWR 152251Z 29009KT 10SM FEW055 FEW100 BKN250 27/12 A2965 RMK AO2 SLP039 T02670122
EWR,2023-06-15 23:51,10.00,6000.00,KEWR 152351Z 29009KT 10SM FEW060 FEW100 BKN250 26/12 A2967 RMK AO2 SLP045 T02610122 10278 20250 53008
EWR,2023-06-16 00:51,10.00,6000.00,KEWR 160051Z 27008KT 10SM FEW060 FEW100 BKN250 25/11 A2969 RMK AO2 SLP054 T02500111
EWR,2023-06-16 01:51,10.00,10000.00,KEWR 160151Z 26006KT 10SM FEW100 SCT250 24/12 A2971 RMK AO2 SLP061 T02440122
EWR,2023-06-16 02:51,10.00,10000.00,KEWR 160251Z 29005KT 10SM FEW100 SCT250 23/13 A2972 RMK AO2 SLP063 T02330128 51018
EWR,2023-06-16 03:51,10.00,10000.00,KEWR 160351Z 28005KT 10SM FEW100 SCT250 22/13 A2973 RMK AO2 SLP068 T02220128
EWR,2023-06-16 04:51,10.00,10000.00,KEWR 160451Z 25005KT 10SM FEW100 BKN250 21/13 A2973 RMK AO2 SLP067 T02110128 402780156
EWR,2023-06-16 05:51,10.00,10000.00,KEWR 160551Z 20003KT 10SM FEW100 BKN250 20/13 A2974 RMK AO2 SLP069 T02000128 10261 20189 51006
EWR,2023-06-16 06:51,10.00,25000.00,KEWR 160651Z 00000KT 10SM BKN250 19/13 A2972 RMK AO2 SLP065 T01940128
EWR,2023-06-16 07:51,10.00,25000.00,KEWR 160751Z 22003KT 10SM BKN250 18/13 A2973 RMK AO2 SLP066 T01830128
EWR,2023-06-16 08:51,10.00,10000.00,KEWR 160851Z 23007KT 10SM FEW100 BKN250 18/13 A2973 RMK AO2 SLP066 T01780128 55003
EWR,2023-06-16 09:51,10.00,10000.00,KEWR 160951Z 22003KT 10SM FEW100 BKN250 17/12 A2974 RMK AO2 SLP069 T01670122
EWR,2023-06-16 10:51,10.00,10000.00,KEWR 161051Z 00000KT 10SM FEW100 FEW250 19/13 A2973 RMK AO2 SLP067 T01890128
EWR,2023-06-16 11:51,10.00,10000.00,KEWR 161151Z 23003KT 10SM FEW100 FEW150 SCT250 21/13 A2974 RMK AO2 SLP069 T02060128 10211 20167 53003
EWR,2023-06-16 12:51,10.00,25000.00,KEWR 161251Z 22003KT 10SM SCT250 24/12 A2974 RMK AO2 SLP071 T02390117
EWR,2023-06-16 13:51,10.00,25000.00,KEWR 161351Z VRB05KT 10SM SCT250 26/12 A2974 RMK AO2 SLP070 T02560117
EWR,2023-06-16 14:51,10.00,8000.00,KEWR 161451Z VRB05KT 10SM FEW080 SCT250 27/12 A2973 RMK AO2 SLP067 T02670117 58003
EWR,2023-06-16 15:51,10.00,5500.00,KEWR 161551Z 17006KT 10SM FEW055 SCT080 BKN250 27/11 A2970 RMK AO2 SLP057 T02720111
EWR,2023-06-16 16:51,9.00,5000.00,KEWR 161651Z 17008KT 9SM -RA SCT050 BKN080 OVC090 25/12 A2969 RMK AO2 LTG DSNT SW RAB29 SLP052 P0000 T02500122
EWR,2023-06-16 17:51,5.00,4000.00,KEWR 161751Z 24010KT 5SM -TSRA FEW040CB BKN070 OVC090 20/17 A2974 RMK AO2 LTG DSNT ALQDS TSB42 SLP071 OCNL LTGIC OHD TS OHD MOV E P0006 60006 T02000167 10278 20200 53004
EWR,2023-06-16 18:51,9.00,1200.00,KEWR 161851Z 07008KT 9SM -TSRA FEW012 SCT050CB BKN090 OVC140 19/16 A2967 RMK AO2 LTG DSNT ALQDS SLP046 OCNL LTGIC VC NE-VC SE TS VC NE-VC SE MOV E P0016 T01890156
EWR,2023-06-16 19:51,10.00,1500.00,KEWR 161951Z 03005KT 10SM FEW015 FEW060 SCT100 OVC230 21/16 A2967 RMK AO2 LTG DSNT E RAE06 TSE13 SLP047 P0000 T02060161
EWR,2023-06-16 20:51,10.00,1700.00,KEWR 162051Z 08009KT 10SM FEW017 FEW070 SCT140 OVC250 22/14 A2966 RMK AO2 SLP044 60016 T02170144 56027
EWR,2023-06-16 21:51,10.00,2500.00,KEWR 162151Z 09007KT 10SM SCT025 SCT120 OVC250 22/14 A2967 RMK AO2 SLP047 T02170139
EWR,2023-06-16 22:51,10.00,2800.00,KEWR 162251Z VRB06KT 10SM FEW028 SCT100 BKN180 OVC250 21/13 A2967 RMK AO2 SLP047 T02060133
EWR,2023-06-16 23:51,10.00,2800.00,KEWR 162351Z 11004KT 10SM FEW028 SCT100 BKN200 OVC250 20/14 A2968 RMK AO2 SLP049 60016 T02000139 10222 20189 51005
EWR,2023-06-17 00:51,10.00,2500.00,KEWR 170051Z 05004KT 10SM BKN025 BKN032 BKN180 OVC250 20/14 A2967 RMK AO2 SLP045 T02000139
EWR,2023-06-17 01:51,10.00,2500.00,KEWR 170151Z 07003KT 10SM BKN025 BKN032 OVC250 20/14 A2968 RMK AO2 SLP051 T02000139
EWR,2023-06-17 02:51,10.00,2200.00,KEWR 170251Z 02010KT 10SM FEW022 BKN028 OVC046 19/14 A2968 RMK AO2 RAB30E37 SLP051 P0000 60000 T01940144 53002
EWR,2023-06-17 03:51,10.00,2600.00,KEWR 170351Z 02008KT 10SM FEW026 FEW044 SCT250 19/14 A2967 RMK AO2 SLP048 T01890139
EWR,2023-06-17 04:51,10.00,1600.00,KEWR 170451Z 36009KT 10SM FEW016 SCT023 BKN250 19/14 A2967 RMK AO2 SLP046 T01890144 402780167
EWR,2023-06-17 05:51,10.00,1400.00,KEWR 170551Z 36010KT 10SM SCT014 BKN050 OVC250 18/15 A2966 RMK AO2 SLP043 60000 T01830150 10206 20183 56008
EWR,2023-06-17 06:51,10.00,1500.00,KEWR 170651Z 35009KT 10SM FEW015 FEW030 SCT100 BKN250 18/14 A2966 RMK AO2 SLP043 T01780144
EWR,2023-06-17 07:51,10.00,1200.00,KEWR 170751Z 34008KT 10SM FEW012 BKN250 18/14 A2965 RMK AO2 SLP041 T01780144
EWR,2023-06-17 08:51,10.00,1400.00,KEWR 170851Z 32007KT 10SM FEW014 FEW037 BKN250 17/14 A2966 RMK AO2 SLP042 T01720144 55001
EWR,2023-06-17 09:51,10.00,2000.00,KEWR 170951Z 29005KT 10SM FEW020 SCT036 BKN110 BKN180 BKN250 17/14 A2967 RMK AO2 SLP046 T01720144
EWR,2023-06-17 10:51,10.00,3000.00,KEWR 171051Z 29005KT 10SM FEW030 BKN060 BKN110 BKN220 18/14 A2968 RMK AO2 SLP049 T01780144
EWR,2023-06-17 11:51,10.00,1500.00,KEWR 171151Z 29007G19KT 10SM FEW015 BKN070 BKN100 BKN250 19/13 A2967 RMK AO2 SLP048 70022 T01890133 10189 20172 50006
EWR,2023-06-17 12:51,10.00,4000.00,KEWR 171251Z 31013G19KT 10SM FEW040 SCT090 BKN250 21/13 A2967 RMK AO2 SLP046 T02110133
EWR,2023-06-17 13:51,10.00,3000.00,KEWR 171351Z 34011G19KT 10SM FEW030 SCT070 BKN120 BKN250 22/13 A2966 RMK AO2 SLP044 T02220133
EWR,2023-06-17 14:51,10.00,3500.00,KEWR 171451Z 32015G18KT 10SM FEW035 FEW120 SCT250 24/13 A2967 RMK AO2 SLP047 T02390128 55001
EWR,2023-06-17 15:51,10.00,4000.00,KEWR 171551Z 32014G24KT 10SM FEW040 SCT090 BKN250 24/12 A2967 RMK AO2 SLP048 T02440117
EWR,2023-06-17 16:51,10.00,4500.00,KEWR 171651Z 30019G24KT 10SM FEW045 SCT090 BKN250 26/11 A2967 RMK AO2 PK WND 30026/1606 SLP045 T02560106
EWR,2023-06-17 17:51,10.00,5000.00,KEWR 171751Z 31020G26KT 10SM FEW050 SCT100 BKN250 27/08 A2966 RMK AO2 PK WND 32029/1727 SLP043 T02720083 10272 20189 58004
EWR,2023-06-17 18:51,10.00,5000.00,KEWR 171851Z 32014G25KT 10SM FEW050 SCT100 BKN250 26/08 A2965 RMK AO2 PK WND 30029/1816 SLP038 T02560083
EWR,2023-06-17 19:51,10.00,5000.00,KEWR 171951Z 31019G25KT 10SM TS SCT050CB BKN110 BKN250 27/08 A2964 RMK AO2 PK WND 32026/1937 LTG DSNT N AND W TSB48 SLP036 OCNL LTGICCG VC N TS VC N MOV SE T02670078
EWR,2023-06-17 20:51,10.00,5000.00,KEWR 172051Z 31018G30KT 10SM SCT050 SCT110 BKN250 26/08 A2965 RMK AO2 PK WND 33035/2017 LTG DSNT ALQDS RAB03E13 TSE37 SLP040 P0000 60000 T02610078 55002
EWR,2023-06-17 21:51,10.00,5000.00,KEWR 172151Z 31017G24KT 10SM SCT050 SCT110 BKN250 26/09 A2966 RMK AO2 PK WND 31033/2059 LTG DSNT N SLP045 T02560089
EWR,2023-06-17 22:51,8.00,5000.00,KEWR 172251Z 35018G29KT 8SM BKN050 BKN110 BKN250 23/07 A2971 RMK AO2 PK WND 35037/2235 TSB14E51 SLP059 T02280072
EWR,2023-06-17 23:51,8.00,5000.00,KEWR 172351Z 34013KT 8SM BKN050 BKN110 BKN250 22/09 A2972 RMK AO2 SLP065 60000 T02220089 10278 20222 53024
EWR,2023-06-18 00:51,8.00,7000.00,KEWR 180051Z 35009KT 8SM FEW070 SCT110 BKN170 BKN250 21/11 A2975 RMK AO2 SLP074 T02110106
EWR,2023-06-18 01:51,6.00,7000.00,KEWR 180151Z 30005KT 6SM HZ FEW070 BKN120 BKN170 BKN250 21/11 A2977 RMK AO2 SLP079 T02110106
EWR,2023-06-18 02:51,6.00,7000.00,KEWR 180251Z 30006KT 6SM HZ FEW070 BKN085 BKN170 BKN250 21/11 A2977 RMK AO2 SLP081 T02060106 51016
EWR,2023-06-18 03:51,6.00,7000.00,KEWR 180351Z 31006KT 6SM HZ FEW070 SCT085 BKN250 20/11 A2978 RMK AO2 SLP082 T02000106
EWR,2023-06-18 04:51,10.00,8000.00,KEWR 180451Z 27007KT 10SM FEW080 FEW110 BKN250 19/11 A2977 RMK AO2 SLP079 T01940111 402780172
EWR,2023-06-18 05:51,10.00,25000.00,KEWR 180551Z 28008KT 10SM SCT250 19/08 A2977 RMK AO2 SLP080 T01890083 10222 20189 54000
EWR,2023-06-18 06:51,10.00,25000.00,KEWR 180651Z 29007KT 10SM SCT250 18/08 A2977 RMK AO2 SLP080 T01830078
EWR,2023-06-18 07:51,10.00,25000.00,KEWR 180751Z 26003KT 10SM SCT250 18/08 A2978 RMK AO2 SLP083 T01780078
EWR,2023-06-18 08:51,10.00,6000.00,KEWR 180851Z 26009G17KT 10SM FEW060 FEW250 18/08 A2980 RMK AO2 SLP089 T01780078 53008
EWR,2023-06-18 09:51,10.00,7000.00,KEWR 180951Z 26009KT 10SM FEW070 BKN100 BKN200 18/08 A2981 RMK AO2 SLP093 T01780078
EWR,2023-06-18 10:51,10.00,9500.00,KEWR 181051Z 29008KT 10SM FEW095 FEW220 19/07 A2983 RMK AO2 SLP099 T01890072
EWR,2023-06-18 11:51,10.00,8000.00,KEWR 181151Z 28010G18KT 10SM FEW080 FEW250 20/08 A2983 RMK AO2 SLP102 T02000083 10200 20178 51013
EWR,2023-06-18 12:51,10.00,3500.00,KEWR 181251Z 31012KT 10SM FEW035 FEW080 FEW250 23/11 A2983 RMK AO2 SLP102 T02280111
EWR,2023-06-18 13:51,10.00,4000.00,KEWR 181351Z 30013G18KT 10SM SCT040 SCT250 24/12 A2983 RMK AO2 SLP100 T02440122
EWR,2023-06-18 14:51,10.00,4400.00,KEWR 181451Z 32013G19KT 10SM SCT044 SCT250 25/12 A2984 RMK AO2 SLP103 T02500122 53001
EWR,2023-06-18 15:51,10.00,4600.00,KEWR 181551Z 32009G18KT 300V360 10SM SCT046 SCT250 25/12 A2984 RMK AO2 SLP104 T02500122
EWR,2023-06-18 16:51,10.00,5500.00,KEWR 181651Z 32009G19KT 10SM BKN055 BKN250 27/12 A2984 RMK AO2 SLP105 T02670122
EWR,2023-06-18 17:51,10.00,6000.00,KEWR 181751Z 29010G15KT 10SM BKN060 BKN250 27/13 A2984 RMK AO2 SLP106 T02720128 10272 20200 51003
EWR,2023-06-18 18:51,10.00,6500.00,KEWR 181851Z 34014G19KT 10SM BKN065 BKN250 28/12 A2984 RMK AO2 SLP105 T02780122
EWR,2023-06-18 19:51,10.00,7000.00,KEWR 181951Z 31011G19KT 10SM BKN070 BKN250 28/12 A2985 RMK AO2 SLP107 T02830117
EWR,2023-06-18 20:51,10.00,6500.00,KEWR 182051Z 31010G19KT 10SM BKN065 BKN250 27/12 A2986 RMK AO2 SLP110 T02720117 53004
EWR,2023-06-18 21:51,10.00,5500.00,KEWR 182151Z 31009G15KT 10SM FEW055 BKN075 BKN250 28/12 A2985 RMK AO2 SLP108 T02830117
EWR,2023-06-18 22:51,10.00,6000.00,KEWR 182251Z 31008G16KT 10SM FEW060 BKN075 BKN250 27/12 A2987 RMK AO2 SLP114 T02670122
EWR,2023-06-18 23:51,10.00,7000.00,KEWR 182351Z 33008G16KT 10SM FEW070 SCT100 BKN250 26/12 A2988 RMK AO2 SLP118 T02610122 10294 20261 53008
EWR,2023-06-19 00:51,10.00,7000.00,KEWR 190051Z 34009G17KT 10SM FEW070 SCT100 BKN250 25/13 A2989 RMK AO2 SLP120 T02500128
EWR,2023-06-19 01:51,10.00,7500.00,KEWR 190151Z 35005KT 10SM FEW075 SCT100 BKN250 25/13 A2991 RMK AO2 SLP129 T02500128
EWR,2023-06-19 02:51,10.00,7500.00,KEWR 190251Z 31006KT 10SM FEW075 SCT100 SCT250 24/13 A2992 RMK AO2 SLP133 T02390128 53015
EWR,2023-06-19 03:51,10.00,7500.00,KEWR 190351Z 32007KT 10SM FEW075 SCT100 SCT250 23/13 A2994 RMK AO2 SLP137 T02330133
EWR,2023-06-19 04:51,10.00,7500.00,KEWR 190451Z 35007KT 10SM FEW075 SCT250 22/13 A2995 RMK AO2 SLP140 T02170133 402940178
EWR,2023-06-19 05:51,10.00,7500.00,KEWR 190551Z 01009KT 10SM FEW075 SCT250 21/14 A2995 RMK AO2 SLP143 T02110139 10261 20211 51010
EWR,2023-06-19 06:51,10.00,9000.00,KEWR 190651Z 02009KT 10SM SCT090 SCT250 20/14 A2996 RMK AO2 SLP145 T02000139
EWR,2023-06-19 07:51,10.00,8000.00,KEWR 190751Z 02010KT 10SM FEW080 BKN250 19/14 A2997 RMK AO2 SLP149 T01940144
EWR,2023-06-19 08:51,10.00,7000.00,KEWR 190851Z 02010KT 10SM FEW070 SCT250 18/14 A2998 RMK AO2 SLP150 T01830144 51007
EWR,2023-06-19 09:51,10.00,7000.00,KEWR 190951Z 03007KT 10SM FEW070 SCT250 18/15 A3000 RMK AO2 SLP158 T01830150
EWR,2023-06-19 10:51,10.00,7000.00,KEWR 191051Z 02009KT 10SM FEW070 SCT250 19/15 A3001 RMK AO2 SLP161 T01940150
EWR,2023-06-19 11:51,10.00,7000.00,KEWR 191151Z 02008KT 10SM FEW070 FEW250 21/15 A3003 RMK AO2 SLP167 T02110150 10211 20183 51017
EWR,2023-06-19 12:51,10.00,5000.00,KEWR 191251Z 06003KT 10SM FEW050 FEW250 23/14 A3004 RMK AO2 SLP171 T02280144
EWR,2023-06-19 13:51,10.00,5000.00,KEWR 191351Z 00000KT 10SM FEW050 FEW250 24/14 A3005 RMK AO2 SLP175 T02390144
EWR,2023-06-19 14:51,10.00,7000.00,KEWR 191451Z 11005KT 10SM FEW070 SCT250 24/14 A3005 RMK AO2 SLP177 T02440139 51009
EWR,2023-06-19 15:51,10.00,7000.00,KEWR 191551Z 09004KT 10SM FEW070 FEW100 SCT250 26/14 A3006 RMK AO2 SLP178 T02560144
EWR,2023-06-19 16:51,10.00,5000.00,KEWR 191651Z 07006KT 10SM FEW050 FEW090 SCT250 27/14 A3005 RMK AO2 SLP176 T02670144
EWR,2023-06-19 17:51,10.00,5000.00,KEWR 191751Z 16008KT 130V190 10SM FEW050 FEW100 SCT250 26/16 A3004 RMK AO2 SLP173 T02610161 10267 20211 58004
EWR,2023-06-19 18:51,10.00,5000.00,KEWR 191851Z 16010KT 10SM FEW050 SCT250 26/16 A3005 RMK AO2 SLP175 T02560161
EWR,2023-06-19 19:51,10.00,5000.00,KEWR 191951Z 14008KT 10SM FEW050 SCT250 25/16 A3004 RMK AO2 SLP171 T02500161
EWR,2023-06-19 20:51,10.00,5000.00,KEWR 192051Z 15010KT 10SM FEW050 BKN250 26/16 A3003 RMK AO2 SLP168 T02560156 58004
EWR,2023-06-19 21:51,10.00,5000.00,KEWR 192151Z 14009KT 10SM FEW050 BKN250 24/16 A3004 RMK AO2 SLP171 T02390156
EWR,2023-06-19 22:51,10.00,5000.00,KEWR 192251Z 16008KT 10SM FEW050 SCT100 BKN250 23/16 A3006 RMK AO2 SLP177 T02330156
EWR,2023-06-19 23:51,10.00,10000.00,KEWR 192351Z 13009KT 10SM SCT100 BKN250 22/16 A3007 RMK AO2 SLP182 T02170156 10261 20217 53014
EWR,2023-06-20 00:51,10.00,4500.00,KEWR 200051Z 12005KT 10SM FEW045 SCT100 BKN250 21/17 A3009 RMK AO2 SLP190 T02060167
EWR,2023-06-20 01:51,10.00,2500.00,KEWR 200151Z 09006KT 10SM FEW025 FEW100 BKN250 21/17 A3012 RMK AO2 SLP198 T02060167
EWR,2023-06-20 02:51,10.00,2500.00,KEWR 200251Z 12007KT 10SM FEW025 FEW100 BKN250 21/17 A3013 RMK AO2 SLP203 T02060167 51021
EWR,2023-06-20 03:51,10.00,1200.00,KEWR 200351Z 12005KT 10SM SCT012 SCT100 BKN250 20/17 A3014 RMK AO2 SLP206 T02000167
EWR,2023-06-20 04:51,10.00,1200.00,KEWR 200451Z 09006KT 10SM FEW012 SCT100 BKN250 19/16 A3014 RMK AO2 SLP206 T01940161 402670183
EWR,2023-06-20 05:51,10.00,1400.00,KEWR 200551Z 08005KT 10SM SCT014 BKN100 BKN250 19/16 A3014 RMK AO2 SLP204 T01940161 10217 20194 50001
EWR,2023-06-20 06:51,10.00,1400.00,KEWR 200651Z 07006KT 10SM FEW014 SCT100 BKN250 19/16 A3013 RMK AO2 SLP204 T01940156
EWR,2023-06-20 07:51,10.00,1400.00,KEWR 200751Z 07004KT 10SM SCT014 BKN100 BKN250 19/16 A3013 RMK AO2 SLP203 T01940156
EWR,2023-06-20 08:51,10.00,1400.00,KEWR 200851Z 05007KT 10SM BKN014 BKN100 BKN250 19/15 A3015 RMK AO2 SLP208 T01890150 53004
EWR,2023-06-20 09:51,10.00,1400.00,KEWR 200951Z 04007KT 10SM BKN014 BKN100 BKN250 19/15 A3017 RMK AO2 SLP215 T01890150
EWR,2023-06-20 10:51,10.00,1600.00,KEWR 201051Z 06006KT 10SM OVC016 19/15 A3018 RMK AO2 SLP219 T01890150
EWR,2023-06-20 11:51,10.00,1600.00,KEWR 201151Z 08004KT 10SM OVC016 20/15 A3019 RMK AO2 SLP224 T02000150 10200 20183 51016
EWR,2023-06-20 12:51,10.00,1700.00,KEWR 201251Z 06007KT 10SM OVC017 20/15 A3020 RMK AO2 SLP226 T02000150
EWR,2023-06-20 13:51,10.00,2100.00,KEWR 201351Z 08008KT 10SM BKN021 21/15 A3020 RMK AO2 SLP226 T02110150
EWR,2023-06-20 14:51,10.00,2100.00,KEWR 201451Z VRB05KT 10SM BKN021 23/16 A3020 RMK AO2 SLP227 T02280156 51003
EWR,2023-06-20 15:51,10.00,2500.00,KEWR 201551Z VRB06KT 10SM SCT025 BKN032 23/16 A3020 RMK AO2 SLP226 T02330156
EWR,2023-06-20 16:51,10.00,2800.00,KEWR 201651Z 11007KT 060V140 10SM SCT028 SCT200 BKN250 24/16 A3020 RMK AO2 SLP224 T02440161
EWR,2023-06-20 17:51,10.00,3200.00,KEWR 201751Z 10007KT 10SM FEW032 FEW200 BKN250 25/15 A3019 RMK AO2 SLP221 T02500150 10256 20194 58005
EWR,2023-06-20 18:51,10.00,3500.00,KEWR 201851Z 14008KT 10SM FEW035 FEW200 BKN250 26/14 A3019 RMK AO2 SLP221 T02560139
EWR,2023-06-20 19:51,10.00,3500.00,KEWR 201951Z 13009G15KT 090V160 10SM FEW035 FEW200 BKN250 25/13 A3019 RMK AO2 SLP221 T02500128
EWR,2023-06-20 20:51,10.00,3500.00,KEWR 202051Z 14011KT 10SM FEW035 FEW200 BKN250 24/12 A3018 RMK AO2 SLP219 T02390117 58002
EWR,2023-06-20 21:51,10.00,3500.00,KEWR 202151Z 15007KT 10SM FEW035 FEW200 BKN250 24/12 A3018 RMK AO2 SLP219 T02390122
EWR,2023-06-20 22:51,10.00,3500.00,KEWR 202251Z 13007KT 10SM FEW035 FEW200 BKN250 22/12 A3019 RMK AO2 SLP222 T02220122
EWR,2023-06-20 23:51,10.00,3000.00,KEWR 202351Z 14004KT 10SM FEW030 FEW200 BKN250 22/12 A3020 RMK AO2 SLP225 T02170117 10256 20217 53006
EWR,2023-06-21 00:51,10.00,20000.00,KEWR 210051Z 12008KT 10SM FEW200 BKN250 21/11 A3020 RMK AO2 SLP227 T02110111
EWR,2023-06-21 01:51,10.00,20000.00,KEWR 210151Z VRB05KT 10SM FEW200 BKN250 21/12 A3022 RMK AO2 SLP232 T02110117
EWR,2023-06-21 02:51,10.00,10000.00,KEWR 210251Z 08006KT 10SM FEW100 FEW200 BKN250 21/11 A3022 RMK AO2 SLP233 T02060106 51008
EWR,2023-06-21 03:51,10.00,10000.00,KEWR 210351Z 04008KT 10SM FEW100 BKN250 20/11 A3023 RMK AO2 SLP235 T02000111
EWR,2023-06-21 04:51,10.00,11000.00,KEWR 210451Z 05006KT 10SM FEW110 BKN250 19/12 A3023 RMK AO2 SLP236 T01940117 402560183
EWR,2023-06-21 05:51,10.00,11000.00,KEWR 210551Z 04007KT 10SM FEW110 SCT250 19/13 A3023 RMK AO2 SLP236 T01890128 10217 20183 51003
EWR,2023-06-21 06:51,10.00,11000.00,KEWR 210651Z 04009KT 10SM FEW110 BKN250 18/13 A3023 RMK AO2 SLP236 T01780128
EWR,2023-06-21 07:51,10.00,11000.00,KEWR 210751Z 04010G16KT 10SM FEW110 BKN250 18/13 A3023 RMK AO2 SLP236 T01780128
EWR,2023-06-21 08:51,10.00,1900.00,KEWR 210851Z 05010KT 10SM SCT019 SCT100 BKN250 17/13 A3022 RMK AO2 SLP234 T01720128 58002
EWR,2023-06-21 09:51,10.00,2000.00,KEWR 210951Z 05008KT 10SM SCT020 BKN250 18/13 A3024 RMK AO2 SLP240 T01780128
EWR,2023-06-21 10:51,10.00,2200.00,KEWR 211051Z 06009KT 10SM SCT022 BKN240 18/12 A3025 RMK AO2 SLP243 T01780122
EWR,2023-06-21 11:51,10.00,2000.00,KEWR 211151Z 05008G17KT 10SM SCT020 BKN250 19/12 A3026 RMK AO2 SLP247 T01890122 10189 20172 51013
EWR,2023-06-21 12:51,10.00,2100.00,KEWR 211251Z 03013G19KT 10SM FEW021 BKN250 19/13 A3027 RMK AO2 SLP250 T01940128
EWR,2023-06-21 13:51,10.00,2300.00,KEWR 211351Z 03012KT 10SM FEW023 OVC250 20/13 A3027 RMK AO2 SLP249 T02000128
EWR,2023-06-21 14:51,10.00,2500.00,KEWR 211451Z 04010KT 10SM FEW025 BKN250 21/13 A3027 RMK AO2 SLP251 T02110133 51003
EWR,2023-06-21 15:51,10.00,2800.00,KEWR 211551Z 03011G20KT 10SM FEW028 SCT200 BKN250 22/13 A3028 RMK AO2 SLP253 T02170133
EWR,2023-06-21 16:51,10.00,3000.00,KEWR 211651Z 05011G18KT 10SM FEW030 SCT200 BKN250 22/13 A3027 RMK AO2 SLP251 T02220133
EWR,2023-06-21 17:51,10.00,3500.00,KEWR 211751Z 09007KT 10SM FEW035 SCT190 BKN250 22/13 A3026 RMK AO2 SLP248 T02220133 10222 20189 58003
EWR,2023-06-21 18:51,10.00,3300.00,KEWR 211851Z 12011G18KT 10SM SCT033 SCT190 BKN250 22/12 A3026 RMK AO2 SLP248 T02220122
EWR,2023-06-21 19:51,10.00,3500.00,KEWR 211951Z 05008KT 10SM SCT035 SCT180 BKN250 23/12 A3025 RMK AO2 SLP243 T02280122
EWR,2023-06-21 20:51,10.00,3800.00,KEWR 212051Z 11011G20KT 10SM SCT038 BKN190 BKN250 23/11 A3023 RMK AO2 SLP237 T02330106 58011
EWR,2023-06-21 21:51,10.00,4000.00,KEWR 212151Z 12009G15KT 10SM SCT040 BKN110 BKN190 BKN250 22/13 A3023 RMK AO2 SLP235 T02220128
EWR,2023-06-21 22:51,10.00,4000.00,KEWR 212251Z 11012G18KT 10SM FEW040 BKN090 BKN200 BKN250 21/13 A3022 RMK AO2 SLP233 T02110133
EWR,2023-06-21 23:51,10.00,4000.00,KEWR 212351Z 11008KT 10SM FEW040 BKN085 BKN180 BKN250 21/13 A3022 RMK AO2 SLP233 T02060128 10239 20200 55004
EWR,2023-06-22 00:51,10.00,3500.00,KEWR 220051Z 11007KT 10SM FEW035 BKN090 BKN180 BKN250 20/13 A3021 RMK AO2 SLP230 T02000128
EWR,2023-06-22 01:51,10.00,3000.00,KEWR 220151Z 08011KT 10SM FEW030 BKN080 BKN180 BKN250 21/12 A3022 RMK AO2 SLP232 T02060117
EWR,2023-06-22 02:51,10.00,6000.00,KEWR 220251Z 09010G16KT 10SM BKN060 OVC250 19/10 A3022 RMK AO2 SLP234 T01940100 53001
EWR,2023-06-22 03:51,10.00,6000.00,KEWR 220351Z 10009G16KT 10SM FEW060 SCT080 BKN140 BKN250 19/11 A3022 RMK AO2 SLP232 T01890106
EWR,2023-06-22 04:51,10.00,6000.00,KEWR 220451Z 06011G17KT 10SM BKN060 BKN075 OVC140 19/11 A3020 RMK AO2 SLP226 T01890106 402390172
EWR,2023-06-22 05:51,10.00,5500.00,KEWR 220551Z 04010KT 10SM OVC055 19/11 A3018 RMK AO2 SLP219 T01890106 10206 20189 58015
EWR,2023-06-22 06:51,10.00,4000.00,KEWR 220651Z 06009KT 10SM -RA OVC040 18/11 A3017 RMK AO2 RAB32 SLP217 P0000 T01830106
EWR,2023-06-22 07:51,10.00,2800.00,KEWR 220751Z 08010G20KT 10SM OVC028 18/12 A3017 RMK AO2 RAE0656 SLP214 P0000 T01780117
EWR,2023-06-22 08:51,5.00,2300.00,KEWR 220851Z 09011G16KT 5SM -RA OVC023 16/13 A3017 RMK AO2 RAB46 SLP217 P0000 60000 T01610128 55002
EWR,2023-06-22 09:51,8.00,1600.00,KEWR 220951Z 04007KT 8SM -RA BKN016 BKN023 OVC029 16/14 A3017 RMK AO2 SLP217 P0000 T01610139
EWR,2023-06-22 10:51,10.00,1000.00,KEWR 221051Z 06011G15KT 10SM FEW010 BKN020 OVC026 17/12 A3018 RMK AO2 RAE08 SLP220 P0000 T01670122
EWR,2023-06-22 11:51,2.00,600.00,KEWR 221151Z 05007KT 2SM R04R/5000VP6000FT RA BR BKN006 BKN012 OVC023 16/14 A3019 RMK AO2 TWR VIS 2 1/2 RAB11 SLP223 P0003 60003 70003 T01610144 10189 20150 53006
EWR,2023-06-22 12:51,10.00,800.00,KEWR 221251Z 03011KT 10SM FEW008 BKN013 OVC029 17/14 A3019 RMK AO2 RAE25 SLP223 P0001 T01670144
EWR,2023-06-22 13:51,9.00,1500.00,KEWR 221351Z 03014G21KT 9SM -RA BKN015 OVC031 18/14 A3019 RMK AO2 RAB50 SLP222 P0000 T01780139
EWR,2023-06-22 14:51,10.00,1200.00,KEWR 221451Z 03013G18KT 10SM FEW012 BKN016 OVC031 18/13 A3019 RMK AO2 RAE23 SLP224 P0000 60001 T01780133 53000
EWR,2023-06-22 15:51,10.00,1600.00,KEWR 221551Z 03013KT 10SM BKN016 OVC023 18/14 A3019 RMK AO2 SLP224 T01780139
EWR,2023-06-22 16:51,10.00,1600.00,KEWR 221651Z 04009KT 10SM BKN016 OVC022 19/14 A3018 RMK AO2 SLP219 T01890144
EWR,2023-06-22 17:51,10.00,1500.00,KEWR 221751Z 05015G19KT 10SM FEW015 OVC019 19/14 A3016 RMK AO2 SLP213 60001 T01940139 10194 20161 58011
EWR,2023-06-22 18:51,10.00,2000.00,KEWR 221851Z 03014G19KT 10SM FEW020 BKN025 OVC034 21/14 A3014 RMK AO2 SLP206 T02060139
EWR,2023-06-22 19:51,10.00,3000.00,KEWR 221951Z 05010KT 020V090 10SM FEW030 OVC036 21/14 A3012 RMK AO2 SLP199 T02110144
EWR,2023-06-22 20:51,10.00,2500.00,KEWR 222051Z 06010KT 10SM FEW025 OVC030 22/14 A3010 RMK AO2 SLP193 T02220144 56013
EWR,2023-06-22 21:51,10.00,3000.00,KEWR 222151Z 05008KT 10SM OVC030 23/14 A3009 RMK AO2 SLP188 T02280144
EWR,2023-06-22 22:51,10.00,3000.00,KEWR 222251Z 05006KT 10SM BKN030 BKN250 23/15 A3008 RMK AO2 SLP187 T02280150
EWR,2023-06-22 23:51,10.00,2900.00,KEWR 222351Z 17006KT 10SM BKN029 BKN250 22/16 A3009 RMK AO2 SLP187 T02170161 10233 20194 55006
EWR,2023-06-23 00:51,10.00,1200.00,KEWR 230051Z 18003KT 10SM FEW012 OVC030 21/16 A3009 RMK AO2 SLP188 T02060161
EWR,2023-06-23 01:51,10.00,1500.00,KEWR 230151Z 15003KT 10SM FEW015 BKN035 21/16 A3009 RMK AO2 SLP189 T02060161
EWR,2023-06-23 02:51,10.00,2000.00,KEWR 230251Z 17004KT 10SM FEW020 OVC033 20/17 A3009 RMK AO2 SLP190 T02000167 53003
EWR,2023-06-23 03:51,10.00,2000.00,KEWR 230351Z 18006KT 10SM FEW020 BKN033 BKN250 19/17 A3010 RMK AO2 SLP191 T01940167
EWR,2023-06-23 04:51,10.00,800.00,KEWR 230451Z 16004KT 10SM SCT008 SCT033 OVC045 19/17 A3009 RMK AO2 SLP189 T01890167 402330150
EWR,2023-06-23 05:51,10.00,700.00,KEWR 230551Z 15005KT 10SM BKN007 BKN029 BKN045 OVC140 19/17 A3008 RMK AO2 SLP185 T01890167 10217 20189 58006
EWR,2023-06-23 06:51,10.00,700.00,KEWR 230651Z 16006KT 10SM BKN007 OVC030 19/17 A3008 RMK AO2 SLP184 T01890167
EWR,2023-06-23 07:51,10.00,800.00,KEWR 230751Z 11003KT 10SM OVC008 19/17 A3007 RMK AO2 SLP181 T01890167
EWR,2023-06-23 08:51,10.00,800.00,KEWR 230851Z 12004KT 10SM OVC008 19/17 A3006 RMK AO2 SLP178 T01890167 58007
EWR,2023-06-23 09:51,10.00,800.00,KEWR 230951Z 13006KT 10SM BKN008 BKN012 OVC030 19/17 A3006 RMK AO2 SLP177 T01890167
EWR,2023-06-23 10:51,10.00,900.00,KEWR 231051Z VRB04KT 10SM OVC009 19/16 A3006 RMK AO2 SLP179 T01940161
EWR,2023-06-23 11:51,10.00,900.00,KEWR 231151Z 12007KT 10SM OVC009 19/16 A3008 RMK AO2 SLP184 70001 T01940161 10194 20189 53007
EWR,2023-06-23 12:51,10.00,800.00,KEWR 231251Z 11006KT 10SM OVC008 19/16 A3008 RMK AO2 SLP184 T01940161
EWR,2023-06-23 13:51,10.00,1000.00,KEWR 231351Z 09007KT 10SM OVC010 20/17 A3007 RMK AO2 SLP181 T02000167
EWR,2023-06-23 14:51,6.00,600.00,KEWR 231451Z 11007KT 6SM -RA BR BKN006 OVC013 19/18 A3006 RMK AO2 RAB10 SLP179 P0006 60006 T01890178 56004
EWR,2023-06-23 15:51,9.00,700.00,KEWR 231551Z 08006KT 9SM BKN007 OVC013 19/18 A3004 RMK AO2 RAE27 SLP171 P0001 T01940178
EWR,2023-06-23 16:51,10.00,700.00,KEWR 231651Z 10003KT 10SM OVC007 20/18 A3003 RMK AO2 RAB06E44 SLP167 P0000 T02000178
EWR,2023-06-23 17:51,9.00,700.00,KEWR 231751Z 09007KT 9SM -DZ OVC007 21/18 A3001 RMK AO2 DZB06 SLP163 CIG 006V008 P0000 60007 T02060178 10206 20189 56016
EWR,2023-06-23 18:51,3.00,500.00,KEWR 231851Z 10006KT 3SM -DZ BR OVC005 21/19 A2999 RMK AO2 SLP156 P0000 T02060189
EWR,2023-06-23 19:51,6.00,500.00,KEWR 231951Z 11007KT 6SM -DZ BR OVC005 21/19 A2998 RMK AO2 SLP153 P0000 T02060189
EWR,2023-06-23 20:51,7.00,500.00,KEWR 232051Z 15006KT 7SM -DZ OVC005 21/19 A2998 RMK AO2 SLP152 P0000 60000 T02110189 56011
EWR,2023-06-23 21:51,6.00,400.00,KEWR 232151Z VRB04KT 6SM -DZ BR OVC004 21/19 A2996 RMK AO2 SLP145 P0000 T02110189
EWR,2023-06-23 22:51,7.00,500.00,KEWR 232251Z 10005KT 7SM OVC005 22/19 A2995 RMK AO2 LTG DSNT N DZE06 SLP142 P0000 T02170194
EWR,2023-06-23 23:51,7.00,500.00,KEWR 232351Z 09004KT 7SM BKN005 OVC075 22/19 A2994 RMK AO2 SLP137 60000 T02170194 10217 20200 56015
EWR,2023-06-24 00:51,7.00,700.00,KEWR 240051Z 08006KT 7SM BKN007 BKN030 OVC180 22/19 A2993 RMK AO2 RAB13E25 SLP136 P0000 T02170189
EWR,2023-06-24 01:51,10.00,600.00,KEWR 240151Z 09005KT 10SM BKN006 BKN075 OVC180 21/19 A2994 RMK AO2 SLP137 T02110189
EWR,2023-06-24 02:51,7.00,500.00,KEWR 240251Z 11007KT 7SM OVC005 21/19 A2994 RMK AO2 SLP137 60000 T02110189 57000
EWR,2023-06-24 03:51,7.00,500.00,KEWR 240351Z 11005KT 7SM OVC005 21/19 A2993 RMK AO2 SLP134 T02110189
EWR,2023-06-24 04:51,7.00,400.00,KEWR 240451Z 11006KT 7SM OVC004 21/19 A2992 RMK AO2 SLP130 T02060189 402170189
EWR,2023-06-24 05:51,7.00,500.00,KEWR 240551Z VRB04KT 7SM OVC005 21/19 A2990 RMK AO2 SLP126 60000 T02060189 10217 20206 58010
EWR,2023-06-24 06:51,6.00,500.00,KEWR 240651Z 00000KT 6SM BR OVC005 21/19 A2988 RMK AO2 SLP118 T02060194
EWR,2023-06-24 07:51,5.00,400.00,KEWR 240751Z 15003KT 5SM -RA BR OVC004 21/19 A2987 RMK AO2 RAB25 SLP113 P0000 T02110194
EWR,2023-06-24 08:51,4.00,400.00,KEWR 240851Z 13003KT 4SM -RA BR OVC004 21/19 A2987 RMK AO2 SLP115 P0001 60001 T02110194 55011
EWR,2023-06-24 09:51,4.00,400.00,KEWR 240951Z 15003KT 4SM -RA BR BKN004 BKN008 OVC016 21/20 A2987 RMK AO2 SLP115 P0003 T02110200
EWR,2023-06-24 10:51,4.00,400.00,KEWR 241051Z 12004KT 4SM -RA BR OVC004 21/20 A2987 RMK AO2 SLP114 P0002 T02110200
EWR,2023-06-24 11:51,6.00,400.00,KEWR 241151Z 00000KT 6SM -RA BR OVC004 22/20 A2987 RMK AO2 SLP115 P0000 60006 70013 T02170200 10217 20206 53000
EWR,2023-06-24 12:51,6.00,500.00,KEWR 241251Z VRB03KT 6SM BR OVC005 22/21 A2987 RMK AO2 RAE36 SLP115 CIG 004V006 P0002 T02170206
EWR,2023-06-24 13:51,6.00,600.00,KEWR 241351Z 19003KT 6SM -RA BR OVC006 23/21 A2987 RMK AO2 RAB37 SLP113 CIG 005V007 P0000 T02280211
EWR,2023-06-24 14:51,10.00,800.00,KEWR 241451Z 25004KT 10SM FEW008 BKN009 OVC013 24/22 A2985 RMK AO2 RAE06 SLP109 P0000 60002 T02440217 58006
EWR,2023-06-24 15:51,10.00,800.00,KEWR 241551Z 16005KT 10SM FEW008 BKN013 OVC021 25/22 A2985 RMK AO2 SLP106 T02500217
EWR,2023-06-24 16:51,10.00,800.00,KEWR 241651Z 00000KT 10SM FEW008 BKN018 OVC031 26/21 A2983 RMK AO2 RAB36E48 SLP102 P0000 T02560211
EWR,2023-06-24 17:51,10.00,2300.00,KEWR 241751Z VRB04KT 10SM BKN023 BKN029 BKN070 26/21 A2983 RMK AO2 SLP100 60002 T02560211 10278 20217 56009
EWR,2023-06-24 18:51,10.00,500.00,KEWR 241851Z 12007KT 10SM FEW005 SCT025 BKN070 BKN250 24/21 A2981 RMK AO2 SLP095 T02440206
EWR,2023-06-24 19:51,10.00,500.00,KEWR 241951Z 11006KT 10SM FEW005 SCT025 BKN065 BKN250 26/21 A2980 RMK AO2 LTG DSNT SE AND S SLP092 T02610211
EWR,2023-06-24 20:51,10.00,500.00,KEWR 242051Z 13005KT 10SM FEW005 SCT040 SCT060 BKN250 27/21 A2980 RMK AO2 LTG DSNT S SLP090 T02720211 56010
EWR,2023-06-24 21:51,10.00,4000.00,KEWR 242151Z 13008KT 10SM FEW040 SCT060 BKN250 27/21 A2978 RMK AO2 LTG DSNT N SLP085 T02720206
EWR,2023-06-24 22:51,10.00,4000.00,KEWR 242251Z 16006KT 10SM FEW040 SCT060 BKN250 27/21 A2978 RMK AO2 SLP085 T02670206
EWR,2023-06-24 23:51,10.00,4000.00,KEWR 242351Z 17004KT 10SM FEW040 SCT060 BKN250 26/21 A2980 RMK AO2 LTG DSNT N SLP091 T02560211 10278 20244 53001
EWR,2023-06-25 00:51,10.00,3500.00,KEWR 250051Z 00000KT 10SM FEW035 SCT060 BKN100 BKN250 25/22 A2982 RMK AO2 SLP097 T02500217
EWR,2023-06-25 01:51,10.00,3500.00,KEWR 250151Z 17005KT 10SM FEW035 SCT060 SCT100 BKN250 24/22 A2981 RMK AO2 SLP094 T02440217
EWR,2023-06-25 02:51,10.00,3500.00,KEWR 250251Z 18007KT 10SM FEW035 SCT060 BKN250 24/22 A2981 RMK AO2 SLP095 T02440217 51004
EWR,2023-06-25 03:51,10.00,3500.00,KEWR 250351Z 20006KT 10SM FEW035 SCT060 BKN250 24/21 A2981 RMK AO2 SLP094 T02390211
EWR,2023-06-25 04:51,10.00,2000.00,KEWR 250451Z 25004KT 10SM FEW020 FEW070 BKN250 24/21 A2982 RMK AO2 SLP096 T02390211 402780206
EWR,2023-06-25 05:51,10.00,7000.00,KEWR 250551Z 24007KT 10SM FEW070 FEW100 BKN250 24/21 A2982 RMK AO2 SLP096 T02390211 10256 20233 53000
EWR,2023-06-25 06:51,10.00,1500.00,KEWR 250651Z 28005KT 10SM FEW015 FEW150 BKN250 23/21 A2981 RMK AO2 SLP092 T02330211
EWR,2023-06-25 07:51,10.00,9000.00,KEWR 250751Z 00000KT 10SM FEW090 SCT150 BKN250 22/19 A2979 RMK AO2 SLP088 T02220194
EWR,2023-06-25 08:51,10.00,12000.00,KEWR 250851Z 00000KT 10SM FEW120 SCT250 22/19 A2980 RMK AO2 SLP090 T02220194 55006 $
EWR,2023-06-25 09:51,10.00,12000.00,KEWR 250951Z 00000KT 10SM FEW120 FEW250 22/20 A2981 RMK AO2 SLP094 T02220200 $
EWR,2023-06-25 10:51,10.00,13000.00,KEWR 251051Z 29003KT 10SM FEW130 FEW250 24/19 A2982 RMK AO2 SLP097 T02440194 $
EWR,2023-06-25 11:51,10.00,1500.00,KEWR 251151Z 01004KT 10SM FEW015 FEW150 FEW250 26/19 A2983 RMK AO2 SLP102 70002 T02560194 10256 20217 53012
EWR,2023-06-25 12:51,10.00,2000.00,KEWR 251251Z 01003KT 10SM FEW020 FEW250 27/20 A2983 RMK AO2 SLP101 T02670200
EWR,2023-06-25 13:51,10.00,2500.00,KEWR 251351Z VRB03KT 10SM FEW025 FEW100 FEW250 28/20 A2983 RMK AO2 SLP099 T02780200
EWR,2023-06-25 14:51,10.00,2500.00,KEWR 251451Z 00000KT 10SM FEW025 FEW100 FEW250 29/20 A2982 RMK AO2 SLP097 T02940200 58005
EWR,2023-06-25 15:51,10.00,2500.00,KEWR 251551Z 14008G15KT 10SM FEW025 BKN075 BKN250 29/20 A2981 RMK AO2 LTG DSNT E SLP095 CB DSNT NE MOV SE T02890200
EWR,2023-06-25 16:51,10.00,2500.00,KEWR 251651Z 13009KT 10SM FEW025 BKN070CB BKN250 28/19 A2981 RMK AO2 LTG DSNT E AND S SLP093 CB OHD MOV E T02780194
EWR,2023-06-25 17:51,10.00,6500.00,KEWR 251751Z 18010KT 10SM -TSRA BKN065CB BKN250 25/21 A2983 RMK AO2 LTG DSNT SW-N RAB48 TSB04 SLP100 OCNL LTGIC VC N TS VC N MOV NE P0000 60000 T02500206 10306 20250 53003
EWR,2023-06-25 18:51,8.00,7000.00,KEWR 251851Z 00000KT 8SM -TSRA BKN070CB BKN100 BKN250 25/22 A2983 RMK AO2 LTG DSNT W-N SLP099 OCNL LTGIC VC NW TS VC NW MOV NE P0001 T02500217
EWR,2023-06-25 19:51,10.00,7000.00,KEWR 251951Z VRB03KT 10SM SCT070 SCT100 BKN250 27/21 A2981 RMK AO2 RAE37 TSE07 SLP095 CB DSNT N MOV N P0000 T02670211
EWR,2023-06-25 20:51,10.00,7000.00,KEWR 252051Z 00000KT 10SM SCT070 SCT120 BKN250 27/21 A2979 RMK AO2 SLP088 60001 T02670211 58012
EWR,2023-06-25 21:51,10.00,7000.00,KEWR 252151Z 11006KT 10SM SCT070 SCT110 BKN210 BKN250 26/21 A2978 RMK AO2 SLP083 T02610206
EWR,2023-06-25 22:50,10.00,7000.00,KEWR 252250Z COR 00000KT 10SM TS SCT070CB SCT110 BKN210 BKN250 26/21 A2980 RMK AO2 LTG DSNT SW AND W TSE44B49 SLP090 OCNL LTGIC VC SW TS VC SW MOV NE T02610206
EWR,2023-06-25 22:50,10.00,7000.00,KEWR 252250Z AUTO 00000KT 10SM SCT070 SCT110 26/21 A2980 RMK T02600210  LTG DSNT SW AND W! MADISHF
EWR,2023-06-25 23:51,10.00,2200.00,KEWR 252351Z VRB05KT 10SM -TSRA FEW022 BKN032 BKN065CB BKN200 BKN250 26/17 A2980 RMK AO2 LTG DSNT S AND SW RAB45 SLP089 OCNL LTGIC VC W TS VC W MOV E P0000 60001 T02560172 10272 20244 53001
EWR,2023-06-26 00:51,10.00,3000.00,KEWR 260051Z 09004KT 10SM FEW030 SCT050CB SCT220 24/21 A2977 RMK AO2 RAE07 TSE07 SLP082 CB S MOV NE P0000 T02440206
EWR,2023-06-26 01:51,10.00,2500.00,KEWR 260151Z 11004KT 10SM FEW025 FEW110 SCT250 23/21 A2979 RMK AO2 SLP086 T02330206
EWR,2023-06-26 02:51,10.00,1500.00,KEWR 260251Z 00000KT 10SM FEW015 FEW110 SCT250 23/21 A2980 RMK AO2 SLP089 60000 T02280206 53000
EWR,2023-06-26 03:51,9.00,800.00,KEWR 260351Z 00000KT 9SM FEW008 FEW080 BKN250 22/20 A2981 RMK AO2 SLP093 T02220200
EWR,2023-06-26 04:51,9.00,700.00,KEWR 260451Z 00000KT 9SM FEW007 SCT080 SCT250 23/20 A2978 RMK AO2 SLP085 T02280200 403060217
EWR,2023-06-26 05:51,10.00,700.00,KEWR 260551Z 15003KT 10SM FEW007 FEW100 SCT150 SCT250 22/20 A2978 RMK AO2 SLP084 60000 T02220200 10256 20222 58005
EWR,2023-06-26 06:51,10.00,600.00,KEWR 260651Z 00000KT 10SM SCT006 SCT070 BKN140 BKN200 22/20 A2977 RMK AO2 SLP080 T02220200
EWR,2023-06-26 07:51,10.00,600.00,KEWR 260751Z 08003KT 10SM FEW006 FEW060 BKN140 BKN220 22/20 A2976 RMK AO2 LTG DSNT S AND SW SLP079 T02220200
EWR,2023-06-26 08:51,10.00,700.00,KEWR 260851Z 16004KT 10SM FEW007 FEW050 BKN150 BKN200 22/19 A2976 RMK AO2 SLP078 T02220194 56006
EWR,2023-06-26 09:51,10.00,2000.00,KEWR 260951Z 08003KT 10SM FEW020 FEW050 BKN110 BKN200 BKN250 22/19 A2977 RMK AO2 SLP079 CB DSNT SE MOV NE TCU DSNT W T02220194
EWR,2023-06-26 10:51,10.00,3200.00,KEWR 261051Z 03003KT 10SM -RA FEW032TCU SCT060 SCT110 BKN250 23/20 A2977 RMK AO2 RAB45 SLP081 TCU OHD P0000 T02330200
EWR,2023-06-26 11:51,10.00,3000.00,KEWR 261151Z VRB04KT 10SM FEW030 FEW055 SCT110 BKN140 BKN250 24/20 A2979 RMK AO2 RAE02 SLP086 TCU DSNT E AND DSNT SW P0000 60000 70001 T02440200 10244 20217 53008
EWR,2023-06-26 12:51,10.00,1200.00,KEWR 261251Z 14007KT 10SM FEW012 FEW050 SCT110 BKN140 BKN250 24/20 A2978 RMK AO2 LTG DSNT SW AND W SLP085 CB DSNT W MOV NE T02440200
EWR,2023-06-26 13:51,3.00,1000.00,KEWR 261351Z 10007KT 070V140 3SM R04R/2200VP6000FT +TSRA FEW010 BKN040CB BKN100 OVC200 24/20 A2980 RMK AO2 LTG DSNT SW-NW RAB32 TSB27 SLP091 VIS S-W 1 OCNL LTGICCG OHD TS OHD MOV NE P0006 T02390200
EWR,2023-06-26 14:51,10.00,900.00,KEWR 261451Z 07006G16KT 10SM TS FEW009 SCT040CB BKN075 BKN140 OVC250 23/18 A2978 RMK AO2 LTG DSNT N AND NE RAE43 SLP085 VCSH NE-E OCNL LTGICCG OHD TS OHD MOV NE P0036 60042 T02280183 58001
EWR,2023-06-26 15:51,10.00,900.00,KEWR 261551Z 09008KT 10SM FEW009 SCT045 BKN100 BKN140 OVC250 24/21 A2977 RMK AO2 LTG DSNT ALQDS TSE51 SLP080 CB DSNT NE MOV NE T02440211
EWR,2023-06-26 16:51,10.00,900.00,KEWR 261651Z 13011KT 10SM TS FEW009 BKN045CB BKN100 OVC200 25/21 A2975 RMK AO2 LTG DSNT S-W TSE36B38 SLP075 OCNL LTGICCG VC S-VC SW TS VC S-VC SW MOV NE T02500211
EWR,2023-06-26 17:51,10.00,900.00,KEWR 261751Z 08006KT 10SM -TSRA FEW009 SCT045CB SCT080 BKN130 OVC250 24/22 A2974 RMK AO2 LTG DSNT N AND NE RAB1655E32B51 SLP070 OCNL LTGIC VC NE TS VC NE MOV NE P0008 60050 T02440217 10256 20217 57015
EWR,2023-06-26 18:51,10.00,900.00,KEWR 261851Z 12010KT 10SM FEW009 FEW045 SCT100 BKN130 OVC250 26/22 A2970 RMK AO2 LTG DSNT NE AND W RAE07 TSE00 SLP058 CB DSNT NE MOV NE P0000 T02610217
EWR,2023-06-26 19:51,8.00,900.00,KEWR 261951Z 13006KT 8SM -TSRA FEW009 SCT045CB BKN100 OVC200 24/21 A2972 RMK AO2 LTG DSNT ALQDS RAB50 TSB42 SLP063 OCNL LTGCG OHD TS OHD MOV NE P0000 T02390206
EWR,2023-06-26 20:51,7.00,4500.00,KEWR 262051Z 10008KT 7SM FEW045 BKN095 OVC150 24/21 A2968 RMK AO2 LTG DSNT SW-N RAE17 TSE34 SLP050 CB DSNT W MOV NE P0004 60004 T02440211 58020 $
EWR,2023-06-26 21:51,4.00,1000.00,KEWR 262151Z 35011G29KT 4SM -TSRA FEW010 BKN028CB BKN085 OVC130 23/20 A2971 RMK AO2 PK WND 01029/2145 LTG DSNT W-N RAB34 TSE02B22 SLP062 OCNL LTGICCG OHD TS OHD MOV NE P0003 T02330200 $
EWR,2023-06-26 22:51,10.00,1700.00,KEWR 262251Z 03010KT 10SM TS FEW017 BKN024CB BKN032 OVC150 22/19 A2973 RMK AO2 LTG DSNT W-NE RAE09 SLP065 OCNL LTGICCG VC NW TS VC NW MOV NE P0001 T02220194 $
EWR,2023-06-26 23:51,10.00,2900.00,KEWR 262351Z 02011KT 10SM SCT029 SCT035 BKN120 OVC150 22/19 A2972 RMK AO2 LTG DSNT W-N TSE06 SLP065 60008 T02170189 10267 20217 50015 $
EWR,2023-06-27 00:51,10.00,2900.00,KEWR 270051Z 07005KT 10SM FEW029 SCT035 BKN060 OVC150 23/18 A2972 RMK AO2 LTG DSNT SW AND W SLP063 T02280178 $
EWR,2023-06-27 01:51,10.00,1700.00,KEWR 270151Z 05007KT 10SM BKN017 BKN070 OVC100 23/18 A2972 RMK AO2 LTG DSNT SW AND W SLP063 OCNL LTGICCG DSNT W CB DSNT W MOV NE T02330178 $
EWR,2023-06-27 02:51,3.00,800.00,KEWR 270251Z 32010KT 3SM R04R/3500VP6000FT TSRA BR FEW008 BKN013 OVC024CB 21/19 A2970 RMK AO2 LTG DSNT NW-NE RAB40 TSB32 SLP058 OCNL LTGICCG OHD TS OHD MOV NE P0023 60023 T02060189 58007 $
EWR,2023-06-27 03:51,10.00,1100.00,KEWR 270351Z 07004KT 10SM OVC011 22/19 A2969 RMK AO2 LTG DSNT ALQDS RAE02 TSE21 SLP053 P0001 T02170194 $
EWR,2023-06-27 04:51,4.00,400.00,KEWR 270451Z 01005KT 4SM TSRA BR FEW004 BKN014 OVC028CB 21/19 A2967 RMK AO2 LTG DSNT S-NW RAB34 TSB17 PRESFR SLP048 OCNL LTGIC OHD TS OHD MOV NE P0007 T02110189 402670206 $
EWR,2023-06-27 05:51,10.00,1500.00,KEWR 270551Z 28006KT 10SM FEW015 FEW045 SCT090 SCT140 BKN250 21/18 A2968 RMK AO2 LTG DSNT E RAE15 TSE08 SLP048 CONS LTGICCC DSNT S CB DSNT S MOV NE P0001 60032 T02060183 10239 20206 56010 $
EWR,2023-06-27 06:51,10.00,600.00,KEWR 270651Z 14004KT 10SM FEW006 FEW040 SCT080 BKN240 21/19 A2966 RMK AO2 LTG DSNT SE SLP043 OCNL LTGIC DSNT SE CB DSNT SE MOV NE T02060189 $
EWR,2023-06-27 07:51,10.00,500.00,KEWR 270751Z 15004KT 10SM FEW005 FEW070 BKN140 BKN250 20/18 A2968 RMK AO2 SLP049 T02000183 $
EWR,2023-06-27 08:51,10.00,500.00,KEWR 270851Z 27006KT 10SM FEW005 FEW060 SCT100 BKN140 BKN250 20/18 A2965 RMK AO2 SLP041 T02000183 58007 $
EWR,2023-06-27 09:51,10.00,8000.00,KEWR 270951Z 05003KT 10SM FEW080 BKN130 BKN250 20/18 A2966 RMK AO2 SLP042 T02000183
EWR,2023-06-27 10:51,10.00,600.00,KEWR 271051Z 28003KT 10SM FEW006 BKN130 BKN250 21/19 A2969 RMK AO2 SLP053 T02110189
EWR,2023-06-27 11:51,7.00,600.00,KEWR 271151Z 02006KT 7SM FEW006 FEW020 BKN044 BKN140 BKN200 21/19 A2967 RMK AO2 SLP046 70090 T02110189 10217 20194 50004
EWR,2023-06-27 12:51,8.00,1600.00,KEWR 271251Z 03005KT 8SM -RA FEW016 BKN040 BKN130 OVC170 22/19 A2968 RMK AO2 RAB45 SLP051 P0000 T02170189
EWR,2023-06-27 13:51,8.00,1200.00,KEWR 271351Z 31003KT 8SM -RA FEW012 SCT024 BKN044 OVC130 23/19 A2970 RMK AO2 RAE1259B35 SLP058 P0000 T02280189
EWR,2023-06-27 14:51,4.00,1500.00,KEWR 271451Z 16006KT 4SM -RA BKN015 OVC026 23/19 A2971 RMK AO2 RAE07B35 SLP060 P0000 60000 T02280194 51014
EWR,2023-06-27 15:51,7.00,800.00,KEWR 271551Z 18006KT 7SM -RA FEW008 BKN019 OVC028 22/21 A2971 RMK AO2 SLP062 P0050 T02220206
EWR,2023-06-27 16:51,8.00,800.00,KEWR 271651Z 00000KT 8SM FEW008 BKN012 OVC028 24/21 A2970 RMK AO2 RAE25 SLP057 P0001 T02440211
EWR,2023-06-27 17:51,10.00,900.00,KEWR 271751Z 00000KT 10SM FEW009 BKN014 BKN025 OVC250 26/21 A2969 RMK AO2 SLP052 60051 T02560211 10256 20211 58009
EWR,2023-06-27 18:51,10.00,1700.00,KEWR 271851Z 20006KT 10SM BKN017 OVC025 25/20 A2968 RMK AO2 SLP050 T02500200
EWR,2023-06-27 19:51,10.00,2000.00,KEWR 271951Z 23008KT 10SM SCT020 BKN025 BKN250 27/19 A2968 RMK AO2 SLP051 T02670194
EWR,2023-06-27 20:51,10.00,2700.00,KEWR 272051Z 16005KT 10SM FEW027 SCT034 BKN250 27/19 A2967 RMK AO2 SLP048 T02720189 58003
EWR,2023-06-27 21:51,10.00,2500.00,KEWR 272151Z 12005KT 10SM FEW025 SCT042TCU SCT130 BKN250 27/19 A2969 RMK AO2 LTG DSNT W SLP055 TCU SW-W T02670194
EWR,2023-06-27 22:51,10.00,1500.00,KEWR 272251Z 14009G16KT 10SM TS FEW015 SCT045CB BKN080 BKN130 BKN250 25/17 A2971 RMK AO2 LTG DSNT SW-NW TSE11B14 SLP061 FRQ LTGICCG OHD TS OHD MOV NE VCSH SW-NW T02500172
EWR,2023-06-27 23:51,10.00,1500.00,KEWR 272351Z 20006KT 10SM FEW015 BKN045 BKN080 BKN130 OVC250 23/17 A2975 RMK AO2 LTG DSNT N AND NW TSE51 SLP075 OCNL LTGIC DSNT NW-DSNT N CB DSNT NW-DSNT N MOV NE T02330172 10278 20233 53027
EWR,2023-06-28 00:51,10.00,2000.00,KEWR 280051Z 21003KT 10SM -RA FEW020 FEW045 BKN100 BKN140 OVC250 21/18 A2975 RMK AO2 RAB06 SLP075 P0000 T02110183
EWR,2023-06-28 01:51,10.00,1000.00,KEWR 280151Z 19005KT 10SM -RA FEW010 FEW050 BKN120 OVC250 21/18 A2976 RMK AO2 SLP077 P0002 T02110183
EWR,2023-06-28 02:51,10.00,1000.00,KEWR 280251Z 15004KT 10SM FEW010 FEW050 BKN110 BKN250 21/18 A2975 RMK AO2 RAE32 SLP075 P0000 60002 T02060183 50001
EWR,2023-06-28 03:51,10.00,1000.00,KEWR 280351Z 00000KT 10SM FEW010 FEW050 SCT110 SCT250 21/18 A2975 RMK AO2 SLP074 T02060178
EWR,2023-06-28 04:51,10.00,5000.00,KEWR 280451Z 00000KT 10SM FEW050 BKN120 BKN250 21/18 A2976 RMK AO2 SLP076 T02060178 402780194
EWR,2023-06-28 05:51,10.00,5000.00,KEWR 280551Z 24004KT 10SM FEW050 BKN120 BKN250 20/18 A2976 RMK AO2 SLP076 60002 T02000178 10233 20200 53000
EWR,2023-06-28 06:51,9.00,11000.00,KEWR 280651Z 31006KT 9SM FEW110 BKN250 20/18 A2974 RMK AO2 SLP071 T02000178
EWR,2023-06-28 07:51,9.00,12000.00,KEWR 280751Z 00000KT 9SM FEW120 BKN250 21/18 A2975 RMK AO2 SLP075 T02060183
EWR,2023-06-28 08:51,8.00,12000.00,KEWR 280851Z 33003KT 8SM FEW120 BKN250 20/18 A2975 RMK AO2 SLP075 T02000178 56001
EWR,2023-06-28 09:51,9.00,13000.00,KEWR 280951Z 35003KT 9SM SCT130 BKN250 19/18 A2976 RMK AO2 SLP077 T01940178
EWR,2023-06-28 10:51,9.00,14000.00,KEWR 281051Z 00000KT 9SM BKN140 BKN250 20/18 A2978 RMK AO2 SLP084 T02000183
EWR,2023-06-28 11:51,9.00,1100.00,KEWR 281151Z 24003KT 9SM FEW011 BKN140 BKN250 21/18 A2980 RMK AO2 SLP089 70053 T02060183 10206 20194 53014
EWR,2023-06-28 12:51,9.00,1300.00,KEWR 281251Z 00000KT 9SM FEW013 SCT170 BKN250 22/18 A2980 RMK AO2 SLP091 T02220183
EWR,2023-06-28 13:51,10.00,2000.00,KEWR 281351Z 00000KT 10SM FEW020 SCT160 BKN250 24/18 A2980 RMK AO2 SLP092 T02440183
EWR,2023-06-28 14:51,10.00,2300.00,KEWR 281451Z 28007KT 10SM SCT023 BKN250 26/19 A2980 RMK AO2 SLP092 T02610189 50002
EWR,2023-06-28 15:51,10.00,2800.00,KEWR 281551Z 24005KT 10SM SCT028 SCT130 BKN250 27/19 A2980 RMK AO2 SLP091 T02720189
EWR,2023-06-28 16:51,10.00,3300.00,KEWR 281651Z 24008KT 10SM SCT033 BKN080 BKN250 27/18 A2979 RMK AO2 SLP088 T02720178
EWR,2023-06-28 17:51,10.00,3500.00,KEWR 281751Z 25010G14KT 10SM SCT035TCU SCT060 BKN085 BKN250 29/18 A2979 RMK AO2 RAB14E24 SLP087 TCU NE P0000 60000 T02890183 10289 20206 58005
EWR,2023-06-28 18:51,10.00,3700.00,KEWR 281851Z 25014G19KT 10SM BKN037 BKN065 28/17 A2979 RMK AO2 SLP086 T02830172
EWR,2023-06-28 19:51,10.00,4000.00,KEWR 281951Z 26014KT 10SM SCT040TCU SCT080 29/18 A2979 RMK AO2 WSHFT 1846 SLP088 TCU E T02890183
EWR,2023-06-28 20:51,10.00,4000.00,KEWR 282051Z 31014KT 10SM SCT040 BKN065 BKN085 28/17 A2980 RMK AO2 SLP090 T02830172 53003
EWR,2023-06-28 21:51,10.00,4000.00,KEWR 282151Z 25012KT 10SM FEW040TCU BKN065 BKN085 BKN250 28/17 A2980 RMK AO2 SLP092 TCU E T02780172
EWR,2023-06-28 22:51,10.00,3800.00,KEWR 282251Z 30013G17KT 10SM FEW038TCU BKN050 BKN085 BKN250 27/17 A2982 RMK AO2 SLP098 TCU E T02720172
EWR,2023-06-28 23:51,10.00,4000.00,KEWR 282351Z 28008KT 10SM FEW040 SCT060 BKN085 BKN250 27/17 A2984 RMK AO2 SLP105 TCU DSNT E T02670172 10294 20267 53015
EWR,2023-06-29 00:51,10.00,4000.00,KEWR 290051Z 31009KT 10SM BKN040 BKN060 BKN250 26/17 A2987 RMK AO2 SLP116 T02610167
EWR,2023-06-29 01:51,10.00,4000.00,KEWR 290151Z 31012KT 10SM FEW040 SCT060 BKN085 BKN250 24/16 A2990 RMK AO2 SLP126 T02440161
EWR,2023-06-29 02:51,10.00,4000.00,KEWR 290251Z 31009KT 10SM FEW040 SCT060 OVC090 24/16 A2992 RMK AO2 SLP132 T02390156 51027
EWR,2023-06-29 03:51,10.00,4000.00,KEWR 290351Z 32007KT 300V360 10SM FEW040 BKN055 OVC090 23/16 A2993 RMK AO2 SLP135 T02280156
EWR,2023-06-29 04:51,10.00,4000.00,KEWR 290451Z 31010KT 10SM FEW040 OVC060 22/15 A2994 RMK AO2 SLP137 T02170150 402940194
EWR,2023-06-29 05:51,10.00,6000.00,KEWR 290551Z 29007KT 10SM SCT060 BKN250 21/15 A2995 RMK AO2 SLP140 T02060150 10267 20206 51008
EWR,2023-06-29 06:51,10.00,6000.00,KEWR 290651Z 30005KT 10SM FEW060 SCT250 20/14 A2994 RMK AO2 SLP139 T02000144
EWR,2023-06-29 07:51,9.00,6000.00,KEWR 290751Z 28006KT 9SM FEW060 SCT250 19/14 A2995 RMK AO2 SLP140 T01940144
EWR,2023-06-29 08:51,10.00,6000.00,KEWR 290851Z 27007KT 10SM FEW060 BKN250 19/14 A2996 RMK AO2 SLP143 T01940144 53003
EWR,2023-06-29 09:51,10.00,6000.00,KEWR 290951Z 28008KT 10SM FEW060 BKN250 20/15 A2997 RMK AO2 SLP150 T02000150
EWR,2023-06-29 10:51,6.00,6500.00,KEWR 291051Z 30009KT 6SM HZ FEW065 BKN250 21/16 A2999 RMK AO2 SLP156 T02110156
EWR,2023-06-29 11:51,6.00,6500.00,KEWR 291151Z 31007KT 6SM HZ FEW065 SCT250 23/16 A3001 RMK AO2 SLP162 T02280156 10228 20194 51019
EWR,2023-06-29 12:51,7.00,3000.00,KEWR 291251Z 35007KT 7SM FEW030 SCT065 BKN250 24/15 A3002 RMK AO2 SLP165 T02390150
EWR,2023-06-29 13:51,7.00,3200.00,KEWR 291351Z 28006KT 7SM FEW032 SCT070 SCT250 24/16 A3002 RMK AO2 SLP166 T02440156
EWR,2023-06-29 14:51,7.00,3700.00,KEWR 291451Z 35005KT 7SM FEW037 BKN250 26/16 A3002 RMK AO2 SLP165 T02610156 50004
EWR,2023-06-29 15:51,7.00,4000.00,KEWR 291551Z 01003KT 7SM BKN040 BKN250 27/16 A3001 RMK AO2 SLP162 T02670156
EWR,2023-06-29 16:51,7.00,4200.00,KEWR 291651Z VRB04KT 7SM BKN042 BKN250 27/16 A3001 RMK AO2 SLP161 T02720156
EWR,2023-06-29 17:51,6.00,4800.00,KEWR 291751Z 33011G18KT 6SM HZ SCT048 BKN250 29/16 A2999 RMK AO2 SLP156 T02890156 10289 20228 58009
EWR,2023-06-29 18:51,5.00,4800.00,KEWR 291851Z 31012KT 5SM HZ FEW048 BKN250 29/14 A2999 RMK AO2 SLP155 T02940144
EWR,2023-06-29 19:51,4.00,5000.00,KEWR 291951Z 30011G17KT 4SM FU HZ SCT050 BKN250 29/14 A2999 RMK AO2 SLP155 T02890139
EWR,2023-06-29 20:51,4.00,5000.00,KEWR 292051Z 30009G15KT 4SM FU HZ SCT050 BKN250 29/14 A2998 RMK AO2 SLP151 T02940139 58005
EWR,2023-06-29 21:51,4.00,5500.00,KEWR 292151Z 32007G15KT 280V340 4SM FU HZ FEW055 SCT065 BKN250 29/14 A2998 RMK AO2 SLP153 T02940139
EWR,2023-06-29 22:51,5.00,6000.00,KEWR 292251Z 01004KT 5SM FU HZ FEW060 SCT250 28/14 A2999 RMK AO2 SLP154 T02830139
EWR,2023-06-29 23:51,5.00,6000.00,KEWR 292351Z 31006KT 5SM FU HZ FEW060 SCT250 28/14 A3000 RMK AO2 SLP160 T02780139 10294 20278 53009
EWR,2023-06-30 00:51,5.00,6000.00,KEWR 300051Z 18006KT 5SM FU HZ FEW060 SCT250 26/18 A3001 RMK AO2 SLP162 T02560178
EWR,2023-06-30 01:51,5.00,6000.00,KEWR 300151Z 18004KT 5SM FU HZ FEW060 FEW250 25/18 A3003 RMK AO2 SLP169 T02500183
EWR,2023-06-30 02:51,6.00,6000.00,KEWR 300251Z VRB04KT 6SM FU HZ FEW060 FEW250 24/18 A3003 RMK AO2 SLP168 T02440183 50009
EWR,2023-06-30 03:51,6.00,6500.00,KEWR 300351Z 15004KT 6SM FU HZ FEW065 FEW250 24/18 A3002 RMK AO2 SLP165 T02440183
EWR,2023-06-30 04:51,6.00,6000.00,KEWR 300451Z 19003KT 6SM FU HZ FEW060 FEW250 24/19 A3003 RMK AO2 SLP168 T02390189 402940194
EWR,2023-06-30 05:51,6.00,6000.00,KEWR 300551Z 19003KT 6SM FU HZ FEW060 FEW250 23/19 A3003 RMK AO2 SLP167 T02280189 10278 20228 56001
EWR,2023-06-30 06:51,6.00,25000.00,KEWR 300651Z 20003KT 6SM FU HZ FEW250 22/18 A3003 RMK AO2 SLP167 T02220183
EWR,2023-06-30 07:51,6.00,25000.00,KEWR 300751Z 00000KT 6SM FU HZ FEW250 22/18 A3003 RMK AO2 SLP168 T02170178
EWR,2023-06-30 08:51,6.00,25000.00,KEWR 300851Z 27004KT 6SM FU HZ FEW250 22/17 A3004 RMK AO2 SLP171 T02170167 53003
EWR,2023-06-30 09:51,5.00,5500.00,KEWR 300951Z 22004KT 5SM FU HZ FEW055 SCT250 20/16 A3004 RMK AO2 SLP170 T02000161
EWR,2023-06-30 10:51,4.00,25000.00,KEWR 301051Z 23003KT 4SM FU HZ SCT250 22/17 A3004 RMK AO2 SLP172 T02170167
EWR,2023-06-30 11:51,3.00,25000.00,KEWR 301151Z 23003KT 3SM FU HZ SCT250 23/17 A3005 RMK AO2 SLP176 T02330172 10233 20194 53005
EWR,2023-06-30 12:51,3.00,25000.00,KEWR 301251Z 00000KT 3SM FU HZ SCT250 26/17 A3006 RMK AO2 SLP178 T02560167
EWR,2023-06-30 13:51,3.00,25000.00,KEWR 301351Z 28004KT 3SM FU HZ SCT250 27/16 A3006 RMK AO2 SLP177 T02720161
EWR,2023-06-30 14:51,3.00,4500.00,KEWR 301451Z 22007KT 3SM FU HZ FEW045 BKN250 28/16 A3006 RMK AO2 SLP180 T02830156 53004
EWR,2023-06-30 15:51,3.00,5000.00,KEWR 301551Z VRB06KT 3SM FU HZ SCT050 BKN250 29/16 A3006 RMK AO2 SLP178 T02890161
EWR,2023-06-30 16:51,3.00,5000.00,KEWR 301651Z 16008G15KT 3SM FU HZ SCT050 SCT075 BKN250 29/15 A3005 RMK AO2 SLP176 T02890150
EWR,2023-06-30 17:51,4.00,5000.00,KEWR 301751Z 16009KT 4SM FU HZ FEW050 SCT075 BKN250 29/13 A3004 RMK AO2 SLP172 T02940133 10300 20233 58008
EWR,2023-06-30 18:51,3.00,5500.00,KEWR 301851Z 18009KT 3SM FU HZ FEW055 FEW075 BKN250 29/14 A3003 RMK AO2 SLP168 T02940144
EWR,2023-06-30 19:51,3.00,6000.00,KEWR 301951Z 17009KT 3SM FU HZ FEW060 BKN250 29/16 A3002 RMK AO2 SLP166 T02940161
EWR,2023-06-30 20:51,3.00,6000.00,KEWR 302051Z 17009KT 3SM FU HZ FEW060 BKN250 29/17 A3002 RMK AO2 SLP164 T02890172 56008
EWR,2023-06-30 21:51,5.00,6000.00,KEWR 302151Z 16009KT 5SM FU HZ FEW060 BKN250 29/18 A3001 RMK AO2 SLP163 T02890178
EWR,2023-06-30 22:51,6.00,6000.00,KEWR 302251Z 16006KT 6SM FU HZ FEW060 FEW200 BKN250 27/16 A3001 RMK AO2 SLP163 T02720161
EWR,2023-06-30 23:51,7.00,20000.00,KEWR 302351Z 16008KT 7SM FEW200 SCT250 27/16 A3002 RMK AO2 SLP167 T02670161 10300 20267 53003
EWR,2023-07-01 00:51,6.00,25000.00,KEWR 010051Z 16007KT 6SM HZ FEW250 26/16 A3003 RMK AO2 SLP169 T02560156
EWR,2023-07-01 01:51,7.00,25000.00,KEWR 010151Z 19005KT 7SM FEW250 25/15 A3005 RMK AO2 SLP176 T02500150
EWR,2023-07-01 02:51,9.00,25000.00,KEWR 010251Z 16004KT 9SM SCT250 24/16 A3005 RMK AO2 SLP176 T02440156 50009
EWR,2023-07-01 03:51,9.00,25000.00,KEWR 010351Z 16004KT 9SM SCT250 24/15 A3005 RMK AO2 SLP176 T02390150
EWR,2023-07-01 04:51,9.00,25000.00,KEWR 010451Z 18004KT 9SM FEW250 23/15 A3005 RMK AO2 SLP175 T02280150 403000194
EWR,2023-07-01 05:51,9.00,25000.00,KEWR 010551Z 20005KT 9SM FEW250 22/15 A3004 RMK AO2 SLP173 T02220150 10267 20211 58003
EWR,2023-07-01 06:51,9.00,25000.00,KEWR 010651Z 18004KT 9SM FEW250 22/15 A3004 RMK AO2 SLP171 T02170150
EWR,2023-07-01 07:51,9.00,25000.00,KEWR 010751Z 18004KT 9SM FEW250 21/16 A3004 RMK AO2 SLP171 T02110156
EWR,2023-07-01 08:51,9.00,25000.00,KEWR 010851Z 00000KT 9SM SCT250 21/16 A3004 RMK AO2 SLP173 T02060156 55000
EWR,2023-07-01 09:51,8.00,25000.00,KEWR 010951Z 00000KT 8SM SCT250 21/16 A3005 RMK AO2 SLP175 T02060161
EWR,2023-07-01 10:51,9.00,25000.00,KEWR 011051Z 21003KT 9SM SCT250 22/17 A3006 RMK AO2 SLP178 T02170167
EWR,2023-07-01 11:51,7.00,25000.00,KEWR 011151Z 00000KT 7SM SCT250 23/17 A3006 RMK AO2 SLP179 T02280172 10228 20206 51007
EWR,2023-07-01 12:51,8.00,25000.00,KEWR 011251Z 17004KT 8SM BKN250 24/18 A3007 RMK AO2 SLP181 T02390178
EWR,2023-07-01 13:51,8.00,6500.00,KEWR 011351Z 16006KT 8SM SCT065 BKN250 25/17 A3006 RMK AO2 SLP179 T02500167
EWR,2023-07-01 14:51,10.00,6500.00,KEWR 011451Z VRB04KT 10SM FEW065 SCT250 26/16 A3006 RMK AO2 SLP179 T02610161 58000
EWR,2023-07-01 15:51,10.00,4000.00,KEWR 011551Z 14009KT 10SM FEW040 BKN250 27/18 A3006 RMK AO2 SLP178 T02720178
EWR,2023-07-01 16:51,9.00,6500.00,KEWR 011651Z 14011KT 9SM FEW065 BKN250 28/18 A3003 RMK AO2 SLP169 T02780183
EWR,2023-07-01 17:51,10.00,6500.00,KEWR 011751Z 14009G15KT 10SM FEW065 BKN250 28/18 A3004 RMK AO2 SLP172 T02780178 10278 20233 55007
EWR,2023-07-01 18:51,10.00,6500.00,KEWR 011851Z 14012G18KT 10SM FEW065 BKN250 28/18 A3001 RMK AO2 SLP161 T02780178
EWR,2023-07-01 19:51,7.00,6500.00,KEWR 011951Z 13012KT 7SM FEW065 BKN250 28/17 A3000 RMK AO2 SLP157 T02780172
EWR,2023-07-01 20:51,7.00,6500.00,KEWR 012051Z 14011G18KT 7SM FEW065 BKN250 27/17 A2999 RMK AO2 SLP155 T02670167 56017
EWR,2023-07-01 21:51,7.00,6500.00,KEWR 012151Z 15012G18KT 7SM FEW065 SCT100 BKN250 26/17 A2997 RMK AO2 SLP147 T02610172
EWR,2023-07-01 22:51,7.00,6500.00,KEWR 012251Z 13012G17KT 7SM FEW065 SCT100 BKN250 25/18 A2996 RMK AO2 SLP146 T02500178
EWR,2023-07-01 23:51,9.00,6500.00,KEWR 012351Z 16009KT 9SM FEW065 SCT100 BKN250 24/18 A2998 RMK AO2 SLP151 T02440178 10283 20244 55004
EWR,2023-07-02 00:51,10.00,6500.00,KEWR 020051Z 17008KT 10SM FEW065 SCT100 BKN250 24/18 A2997 RMK AO2 SLP147 T02390178
EWR,2023-07-02 01:51,10.00,4600.00,KEWR 020151Z 14006KT 10SM BKN046 OVC100 24/19 A2997 RMK AO2 SLP147 T02390189
EWR,2023-07-02 02:51,10.00,4500.00,KEWR 020251Z 14005KT 10SM FEW045 OVC055 23/19 A2996 RMK AO2 SLP146 T02330194 56005
EWR,2023-07-02 03:51,10.00,4500.00,KEWR 020351Z 14005KT 10SM BKN045 OVC055 23/20 A2995 RMK AO2 SLP143 T02330200
EWR,2023-07-02 04:51,10.00,1100.00,KEWR 020451Z 14006KT 10SM SCT011 BKN047 OVC110 22/20 A2995 RMK AO2 SLP141 T02220200 402830206
EWR,2023-07-02 05:51,10.00,1100.00,KEWR 020551Z 14004KT 10SM FEW011 OVC047 22/21 A2993 RMK AO2 SLP136 T02220206 10244 20222 58010
EWR,2023-07-02 06:51,10.00,800.00,KEWR 020651Z 15004KT 10SM -RA FEW008 BKN012 OVC042 23/21 A2991 RMK AO2 RAB48 SLP128 P0000 T02330206
EWR,2023-07-02 07:51,10.00,800.00,KEWR 020751Z 11005KT 10SM SCT008 BKN012 OVC035 23/21 A2989 RMK AO2 RAE31 SLP120 P0000 T02330206
EWR,2023-07-02 08:51,10.00,1400.00,KEWR 020851Z 13005KT 10SM SCT014 OVC038 23/21 A2988 RMK AO2 SLP119 60000 T02280206 56017
EWR,2023-07-02 09:51,9.00,3200.00,KEWR 020951Z 13004KT 9SM SCT032 BKN080 OVC110 23/20 A2989 RMK AO2 SLP119 T02330200
EWR,2023-07-02 10:51,9.00,2400.00,KEWR 021051Z 12003KT 9SM BKN024 BKN100 OVC140 23/20 A2988 RMK AO2 SLP119 T02330200
EWR,2023-07-02 11:51,8.00,2200.00,KEWR 021151Z 19005KT 8SM BKN022 BKN042 OVC110 24/20 A2989 RMK AO2 SLP120 60000 T02390200 10239 20222 53001
EWR,2023-07-02 12:51,8.00,1800.00,KEWR 021251Z 17005KT 8SM SCT018 BKN060 BKN140 BKN220 25/21 A2988 RMK AO2 SLP116 T02500206
EWR,2023-07-02 13:51,9.00,1700.00,KEWR 021351Z 20006KT 9SM BKN017 OVC050 26/21 A2987 RMK AO2 SLP114 T02560206
EWR,2023-07-02 14:51,9.00,2000.00,KEWR 021451Z 24009KT 9SM BKN020 OVC050 27/21 A2987 RMK AO2 SLP115 T02670211 55005
EWR,2023-07-02 15:51,9.00,2500.00,KEWR 021551Z 22007KT 9SM BKN025 BKN050 BKN140 BKN250 29/22 A2987 RMK AO2 SLP113 T02940217
EWR,2023-07-02 16:51,10.00,2800.00,KEWR 021651Z 22009KT 10SM FEW028 BKN045 BKN140 BKN250 31/22 A2986 RMK AO2 SLP110 T03060217
EWR,2023-07-02 17:51,10.00,3000.00,KEWR 021751Z 24010KT 10SM FEW030 BKN045 BKN150 BKN250 32/22 A2984 RMK AO2 SLP103 T03170217 10317 20239 58012
EWR,2023-07-02 18:51,9.00,4000.00,KEWR 021851Z 15008KT 9SM BKN040 BKN130 BKN250 29/22 A2983 RMK AO2 SLP100 T02940217
EWR,2023-07-02 19:51,8.00,5000.00,KEWR 021951Z VRB04KT 8SM SCT050 BKN120 BKN250 31/22 A2981 RMK AO2 SLP094 T03060222
EWR,2023-07-02 20:51,9.00,5500.00,KEWR 022051Z 27008KT 9SM BKN055 BKN120 BKN250 32/21 A2980 RMK AO2 SLP090 CB DSNT S MOV E T03170206 58013
EWR,2023-07-02 21:51,9.00,5000.00,KEWR 022151Z 12008KT 9SM TS BKN050CB BKN140 BKN250 29/23 A2979 RMK AO2 LTG DSNT NE AND E RAB01E18 TSB16 SLP087 OCNL LTGIC VC NE TS VC NE MOV NE P0005 T02890228
EWR,2023-07-02 22:51,9.00,4500.00,KEWR 022251Z 05005KT 9SM SCT045 BKN085 BKN150 BKN250 28/22 A2979 RMK AO2 TSE28 SLP086 T02780222
EWR,2023-07-02 23:51,9.00,5000.00,KEWR 022351Z VRB04KT 9SM BKN050 BKN085 BKN150 BKN210 BKN250 29/22 A2979 RMK AO2 LTG DSNT W SLP086 CB DSNT W MOV E 60005 T02890222 10328 20272 56004
EWR,2023-07-03 00:51,10.00,2500.00,KEWR 030051Z 16005KT 10SM FEW025 SCT050 SCT110 BKN200 28/22 A2978 RMK AO2 SLP083 T02830222
EWR,2023-07-03 01:51,10.00,2400.00,KEWR 030151Z 19012G22KT 10SM FEW024 BKN029CB BKN110 OVC160 27/22 A2979 RMK AO2 SLP086 CB OHD MOV NE T02720222
EWR,2023-07-03 02:51,10.00,3800.00,KEWR 030251Z 19006KT 10SM FEW038 BKN070 OVC160 26/23 A2979 RMK AO2 PK WND 23030/0218 LTG DSNT NE RAB15E46 TSB18E39 SLP087 P0011 60011 T02610233 53001
EWR,2023-07-03 03:51,10.00,3200.00,KEWR 030351Z 27019G26KT 10SM -TSRA BKN032CB OVC060 27/24 A2982 RMK AO2 PK WND 28026/0350 LTG DSNT N AND NW RAB49 TSB36 PRESRR SLP097 CONS LTGICCG OHD TS OHD MOV E P0000 T02720239
EWR,2023-07-03 04:51,10.00,3400.00,KEWR 030451Z 23004KT 10SM -RA SCT034 BKN070 OVC150 24/22 A2980 RMK AO2 PK WND 28032/0353 TSE39 SLP092 P0014 T02440217 403280222
EWR,2023-07-03 05:51,10.00,4000.00,KEWR 030551Z 23007KT 10SM FEW040 SCT080 BKN220 24/22 A2981 RMK AO2 RAE0459 SLP093 OCNL LTGIC DSNT SW CB DSNT SW MOV NE P0000 60025 T02440222 10289 20233 51006
EWR,2023-07-03 06:51,10.00,5000.00,KEWR 030651Z 23008KT 10SM FEW050 FEW080 SCT250 24/22 A2980 RMK AO2 SLP092 T02390217
EWR,2023-07-03 07:51,10.00,12000.00,KEWR 030751Z 27005KT 10SM FEW120 BKN240 24/22 A2981 RMK AO2 SLP093 T02390217
EWR,2023-07-03 08:51,10.00,10000.00,KEWR 030851Z 24003KT 10SM FEW100 BKN250 23/22 A2981 RMK AO2 SLP093 T02330217 55000
EWR,2023-07-03 09:51,10.00,10000.00,KEWR 030951Z VRB04KT 10SM FEW100 FEW180 BKN250 24/21 A2981 RMK AO2 SLP093 T02390211
EWR,2023-07-03 10:51,10.00,6000.00,KEWR 031051Z 28006KT 10SM FEW060 BKN110 BKN250 25/21 A2982 RMK AO2 SLP097 T02500211
EWR,2023-07-03 11:51,10.00,6000.00,KEWR 031151Z 29004KT 10SM -RA FEW060 SCT085 BKN120 BKN250 26/21 A2983 RMK AO2 RAB47 SLP101 P0000 60000 70030 T02560211 10256 20233 53008
EWR,2023-07-03 12:51,10.00,7000.00,KEWR 031251Z VRB03KT 10SM FEW070 FEW110 BKN140 BKN250 27/21 A2985 RMK AO2 RAE03 SLP107 P0000 T02670211
EWR,2023-07-03 13:51,10.00,7000.00,KEWR 031351Z 25004KT 10SM FEW070 BKN140 BKN250 28/21 A2985 RMK AO2 SLP108 T02830211
EWR,2023-07-03 14:51,10.00,6000.00,KEWR 031451Z 22005KT 10SM FEW060 SCT110 BKN140 BKN250 29/21 A2985 RMK AO2 SLP108 60000 T02940211 51006
EWR,2023-07-03 15:51,10.00,6000.00,KEWR 031551Z VRB06KT 10SM FEW060 FEW100 BKN130 BKN250 31/21 A2985 RMK AO2 SLP106 T03110211
EWR,2023-07-03 16:51,10.00,6000.00,KEWR 031651Z VRB04KT 10SM FEW060 SCT110 BKN140 BKN250 31/21 A2983 RMK AO2 SLP101 T03110211
EWR,2023-07-03 17:51,10.00,6000.00,KEWR 031751Z 23007KT 10SM FEW060 FEW110 BKN140 BKN250 33/21 A2983 RMK AO2 SLP100 60000 T03280206 10328 20256 56008
EWR,2023-07-03 18:51,10.00,5000.00,KEWR 031851Z 19006KT 10SM FEW050 FEW110 BKN150 BKN250 32/21 A2981 RMK AO2 SLP095 T03170211
EWR,2023-07-03 19:51,10.00,4900.00,KEWR 031951Z 16007KT 10SM SCT049 SCT110 BKN150 BKN250 32/22 A2980 RMK AO2 SLP090 T03170217
EWR,2023-07-03 20:51,10.00,4700.00,KEWR 032051Z 17007KT 150V210 10SM SCT047 SCT110 BKN150 BKN250 32/22 A2979 RMK AO2 SLP088 T03170222 56012
EWR,2023-07-03 21:51,10.00,5000.00,KEWR 032151Z VRB04KT 10SM SCT050 SCT060 BKN080 BKN150 BKN250 32/22 A2978 RMK AO2 SLP083 T03170222
EWR,2023-07-03 22:51,10.00,5500.00,KEWR 032251Z 25010KT 10SM FEW055 SCT080 SCT150 BKN250 33/19 A2978 RMK AO2 SLP083 T03330189
EWR,2023-07-03 23:51,10.00,5500.00,KEWR 032351Z 26010KT 10SM BKN055 BKN150 BKN250 32/19 A2979 RMK AO2 SLP088 T03220194 10339 20306 55000
EWR,2023-07-04 00:51,10.00,5500.00,KEWR 040051Z 22014KT 10SM BKN055 BKN150 BKN250 31/19 A2981 RMK AO2 SLP093 T03110194
EWR,2023-07-04 01:51,10.00,6500.00,KEWR 040151Z 25007KT 10SM SCT065 BKN150 BKN250 31/19 A2984 RMK AO2 SLP105 OCNL LTGICCG DSNT N CB DSNT N MOV E T03110194
EWR,2023-07-04 02:51,10.00,5500.00,KEWR 040251Z 03008KT 10SM BKN055 BKN120 BKN250 28/22 A2984 RMK AO2 SLP105 T02780217 51017
EWR,2023-07-04 03:51,10.00,5000.00,KEWR 040351Z 03008KT 10SM SCT050 BKN110 BKN250 26/22 A2984 RMK AO2 SLP105 T02610217
EWR,2023-07-04 04:51,10.00,3100.00,KEWR 040451Z 05003KT 10SM TS FEW031 BKN044CB OVC070 26/23 A2986 RMK AO2 LTG DSNT NE AND E RAB21E47 TSB14 SLP112 OCNL LTGIC VC E TS VC E MOV NE P0005 T02610228 403390233
EWR,2023-07-04 05:51,10.00,4400.00,KEWR 040551Z 00000KT 10SM SCT044 SCT080 OVC220 26/22 A2985 RMK AO2 TSE00 SLP108 60005 T02560222 10322 20256 50003
EWR,2023-07-04 06:51,10.00,5000.00,KEWR 040651Z 00000KT 10SM FEW050 SCT080 OVC210 26/23 A2985 RMK AO2 SLP107 T02560228
EWR,2023-07-04 07:51,10.00,10000.00,KEWR 040751Z 25008KT 10SM BKN100 BKN140 OVC190 26/21 A2985 RMK AO2 SLP108 T02610206
EWR,2023-07-04 08:51,10.00,7000.00,KEWR 040851Z 25005KT 10SM FEW070 BKN110 BKN150 26/21 A2985 RMK AO2 RAB21E36 SLP108 P0000 60000 T02560206 53000
EWR,2023-07-04 09:51,10.00,6000.00,KEWR 040951Z 19004KT 10SM SCT060 BKN090 BKN140 BKN220 25/21 A2986 RMK AO2 SLP111 T02500211
EWR,2023-07-04 10:51,10.00,2500.00,KEWR 041051Z 20004KT 10SM FEW025 BKN044 BKN120 BKN200 26/21 A2988 RMK AO2 SLP116 T02560211
EWR,2023-07-04 11:51,10.00,3000.00,KEWR 041151Z 00000KT 10SM FEW030 FEW055 BKN090 BKN220 26/21 A2989 RMK AO2 SLP121 60000 70005 T02610211 10261 20244 53012
EWR,2023-07-04 12:51,10.00,1900.00,KEWR 041251Z 20006KT 10SM SCT019 BKN060 BKN110 BKN250 27/22 A2989 RMK AO2 SLP123 T02670217
EWR,2023-07-04 13:51,10.00,2100.00,KEWR 041351Z VRB05KT 10SM BKN021 BKN050 BKN250 28/22 A2990 RMK AO2 SLP125 T02780222
EWR,2023-07-04 14:51,1.00,2400.00,KEWR 041451Z 00000KT 1SM R04R/2400VP6000FT -TSRA BKN024CB OVC030 26/22 A2990 RMK AO2 SFC VIS 3 RAB31 TSB31 SLP125 OCNL LTGICCG OHD TS OHD MOV E P0000 60000 T02610222 50004
EWR,2023-07-04 15:51,10.00,600.00,KEWR 041551Z 12005KT 10SM -TSRA FEW006 SCT029CB OVC050 24/23 A2990 RMK AO2 LTG DSNT NE-SE RAE42B50 SLP124 FRQ LTGICCG OHD TS OHD MOV E SCT V BKN P0085 T02440228
EWR,2023-07-04 16:51,10.00,900.00,KEWR 041651Z 13006KT 10SM TS FEW009 SCT035CB BKN070 27/22 A2990 RMK AO2 LTG DSNT E AND SE RAE1556 SLP123 FRQ LTGICCG VC E-VC SE TS VC E-VC SE MOV E P0000 T02670222
EWR,2023-07-04 17:51,10.00,1200.00,KEWR 041751Z 14004KT 10SM TS FEW012 SCT035CB BKN070 BKN250 27/22 A2988 RMK AO2 LTG DSNT ALQDS RAB25E37B43E50 TSE03E38B41 SLP117 OCNL LTGICCG VC NW TS VC NW MOV SE P0000 60085 T02720217 10283 20239 58008
EWR,2023-07-04 18:51,1.50,1000.00,KEWR 041851Z 23012KT 1 1/2SM R04R/5500VP6000FT +TSRA BR FEW010 SCT025CB OVC042 23/22 A2988 RMK AO2 PK WND 25028/1833 WSHFT 1830 SFC VIS 2 LTG DSNT S-W RAB22 SLP118 FRQ LTGICCG OHD TS OHD MOV SE P0023 T02330217
EWR,2023-07-04 19:51,10.00,1000.00,KEWR 041951Z 28006KT 10SM -TSRA FEW010 FEW040CB BKN060 BKN130 24/21 A2988 RMK AO2 LTG DSNT ALQDS SLP117 OCNL LTGIC VC S-VC SW TS VC S-VC SW MOV S P0011 T02390206
EWR,2023-07-04 20:51,10.00,4000.00,KEWR 042051Z 00000KT 10SM FEW040 BKN060 BKN130 BKN250 27/21 A2989 RMK AO2 LTG DSNT W AND NW RAE25 TSE05 SLP120 CB DSNT W MOV SE P0000 60034 T02670211 53003
EWR,2023-07-04 21:51,10.00,4000.00,KEWR 042151Z 17004KT 10SM -RA FEW040 SCT060 BKN130 BKN250 26/21 A2987 RMK AO2 RAB51 SLP116 CB DSNT W MOV SE P0000 T02610211
EWR,2023-07-04 22:51,10.00,4000.00,KEWR 042251Z 14003KT 10SM FEW040 SCT060 BKN150 BKN250 27/21 A2990 RMK AO2 RAE25 SLP123 P0000 T02670211
EWR,2023-07-04 23:51,10.00,4000.00,KEWR 042351Z 00000KT 10SM FEW040 SCT060 BKN200 BKN250 28/22 A2990 RMK AO2 SLP125 60034 T02780217 10283 20233 53005
EWR,2023-07-05 00:51,10.00,4000.00,KEWR 050051Z 26004KT 10SM FEW040 SCT100 BKN250 27/22 A2991 RMK AO2 SLP128 T02670222
EWR,2023-07-05 01:51,7.00,2100.00,KEWR 050151Z 00000KT 7SM FEW021 FEW040 SCT100 BKN250 25/22 A2993 RMK AO2 SLP134 T02500222
EWR,2023-07-05 02:51,5.00,1000.00,KEWR 050251Z 00000KT 5SM HZ FEW010 FEW050 SCT120 BKN250 25/22 A2994 RMK AO2 SLP139 T02500222 53014
EWR,2023-07-05 03:51,3.00,1000.00,KEWR 050351Z 00000KT 3SM HZ FEW010 SCT120 SCT250 25/22 A2994 RMK AO2 SLP137 T02500222
EWR,2023-07-05 04:51,3.00,1000.00,KEWR 050451Z 22004KT 3SM BR FEW010 FEW120 SCT250 24/22 A2995 RMK AO2 SLP140 T02440222 402830233
EWR,2023-07-05 05:51,3.00,1000.00,KEWR 050551Z 00000KT 3SM HZ FEW010 FEW110 SCT250 24/22 A2995 RMK AO2 SLP143 T02440217 10278 20244 53004
EWR,2023-07-05 06:51,3.00,1000.00,KEWR 050651Z 30003KT 3SM HZ FEW010 FEW110 SCT250 24/22 A2995 RMK AO2 SLP141 T02440217
EWR,2023-07-05 07:51,5.00,1000.00,KEWR 050751Z 02003KT 5SM HZ FEW010 FEW100 FEW250 24/21 A2994 RMK AO2 SLP139 T02390211
EWR,2023-07-05 08:51,3.00,1000.00,KEWR 050851Z 03006KT 3SM BR FEW010 FEW100 FEW250 24/22 A2995 RMK AO2 SLP140 T02390217 55003
EWR,2023-07-05 09:51,3.00,1000.00,KEWR 050951Z 02006KT 3SM BR FEW010 FEW100 FEW250 23/22 A2996 RMK AO2 SLP143 T02330217
EWR,2023-07-05 10:51,3.00,1200.00,KEWR 051051Z 36004KT 3SM BR FEW012 FEW100 FEW250 24/22 A2997 RMK AO2 SLP148 T02440222
EWR,2023-07-05 11:51,5.00,1200.00,KEWR 051151Z 03006KT 5SM HZ FEW012 FEW250 26/22 A2998 RMK AO2 SLP151 70119 T02610217 10261 20228 51012
EWR,2023-07-05 12:51,8.00,25000.00,KEWR 051251Z 04006KT 8SM FEW250 28/20 A2999 RMK AO2 SLP156 T02780200
EWR,2023-07-05 13:51,10.00,25000.00,KEWR 051351Z 03004KT 10SM FEW250 30/20 A2999 RMK AO2 SLP155 T03000200
EWR,2023-07-05 14:51,10.00,4000.00,KEWR 051451Z 00000KT 10SM FEW040 FEW250 30/20 A2999 RMK AO2 SLP154 T03000200 50003
EWR,2023-07-05 15:51,10.00,4500.00,KEWR 051551Z 00000KT 10SM FEW045 FEW250 32/19 A2998 RMK AO2 SLP153 T03170194
EWR,2023-07-05 16:51,10.00,4800.00,KEWR 051651Z VRB04KT 10SM FEW048 SCT250 33/19 A2997 RMK AO2 SLP150 T03280189
EWR,2023-07-05 17:51,10.00,5000.00,KEWR 051751Z 07006KT 10SM SCT050 SCT250 34/18 A2997 RMK AO2 SLP147 T03390183 10339 20261 58007
EWR,2023-07-05 18:51,10.00,5500.00,KEWR 051851Z 17006KT 10SM FEW055 SCT250 33/18 A2995 RMK AO2 SLP142 T03330178
EWR,2023-07-05 19:51,10.00,6000.00,KEWR 051951Z 16007KT 10SM FEW060 SCT250 33/19 A2995 RMK AO2 SLP140 T03330189
EWR,2023-07-05 20:51,10.00,6000.00,KEWR 052051Z COR 18007KT 10SM FEW060 SCT250 33/19 A2993 RMK AO2 SLP136 T03330189 56011
EWR,2023-07-05 21:51,10.00,6000.00,KEWR 052151Z 17008KT 10SM FEW060TCU FEW100 SCT250 32/18 A2992 RMK AO2 SLP132 TCU OHD T03220183
EWR,2023-07-05 22:51,10.00,6000.00,KEWR 052251Z 17008KT 10SM FEW060 SCT250 32/18 A2992 RMK AO2 SLP133 T03170183
EWR,2023-07-05 23:51,10.00,6000.00,KEWR 052351Z 18007KT 10SM FEW060 SCT250 31/20 A2993 RMK AO2 SLP134 T03110200 10344 20311 55002
EWR,2023-07-06 00:51,10.00,5500.00,KEWR 060051Z 18008KT 10SM FEW055 FEW250 30/21 A2994 RMK AO2 SLP138 T03000211
EWR,2023-07-06 01:51,10.00,5500.00,KEWR 060151Z 20007KT 10SM FEW055 FEW250 29/22 A2996 RMK AO2 SLP145 T02890217
EWR,2023-07-06 02:51,10.00,5500.00,KEWR 060251Z 22007KT 10SM FEW055 FEW250 29/22 A2997 RMK AO2 SLP148 T02890217 51014
EWR,2023-07-06 03:51,10.00,5500.00,KEWR 060351Z 20004KT 10SM FEW055 FEW250 27/22 A2997 RMK AO2 SLP147 T02720217
EWR,2023-07-06 04:51,10.00,5500.00,KEWR 060451Z 23010KT 10SM FEW055 FEW250 28/22 A2997 RMK AO2 SLP148 T02780217 403440228
EWR,2023-07-06 05:51,10.00,25000.00,KEWR 060551Z 23006KT 10SM FEW250 27/22 A2997 RMK AO2 SLP147 T02670217 10311 20267 56002
EWR,2023-07-06 06:51,10.00,25000.00,KEWR 060651Z 21003KT 10SM FEW250 26/22 A2997 RMK AO2 SLP146 T02560217
EWR,2023-07-06 07:51,10.00,25000.00,KEWR 060751Z 00000KT 10SM FEW250 26/22 A2995 RMK AO2 SLP142 T02560222
EWR,2023-07-06 08:51,10.00,25000.00,KEWR 060851Z 20003KT 10SM FEW250 26/22 A2995 RMK AO2 SLP142 T02560217 56005
EWR,2023-07-06 09:51,9.00,800.00,KEWR 060951Z 00000KT 9SM FEW008 FEW250 26/22 A2994 RMK AO2 SLP139 T02560222
EWR,2023-07-06 10:51,10.00,1000.00,KEWR 061051Z 00000KT 10SM FEW010 FEW250 26/22 A2994 RMK AO2 SLP138 T02610222
EWR,2023-07-06 11:51,8.00,1500.00,KEWR 061151Z 00000KT 8SM FEW015 FEW065 FEW250 28/23 A2996 RMK AO2 SLP144 T02780228 10278 20250 53002
EWR,2023-07-06 12:51,9.00,2000.00,KEWR 061251Z 16004KT 9SM FEW020 FEW250 29/22 A2995 RMK AO2 SLP142 T02940222
EWR,2023-07-06 13:51,10.00,25000.00,KEWR 061351Z VRB05KT 10SM FEW250 31/22 A2995 RMK AO2 SLP142 T03110222
EWR,2023-07-06 14:51,10.00,3500.00,KEWR 061451Z 16008KT 10SM FEW035 FEW250 31/22 A2995 RMK AO2 SLP141 T03060217 56003
EWR,2023-07-06 15:51,10.00,4000.00,KEWR 061551Z 17009G15KT 10SM FEW040 FEW250 32/22 A2994 RMK AO2 SLP139 T03170217
EWR,2023-07-06 16:51,10.00,4500.00,KEWR 061651Z 13008KT 10SM FEW045 FEW250 32/20 A2993 RMK AO2 SLP135 T03170200
EWR,2023-07-06 17:51,5.00,5000.00,KEWR 061751Z 12009G15KT 5SM FU FEW050 33/18 A2992 RMK AO2 SLP131 VIS SE-S 1 FU PLUME SE DRFTG NW OVR RWY T03280178 10333 20278 58010
EWR,2023-07-06 18:51,6.00,5000.00,KEWR 061851Z 12012G16KT 6SM FU FEW050 32/19 A2990 RMK AO2 SLP124 VIS SE-S 2 CB DSNT N MOV E FU PLUME SE DRFTG NW OVR RWY T03220189
EWR,2023-07-06 19:51,6.00,5000.00,KEWR 061951Z 12009KT 6SM FU FEW050 FEW130 SCT250 32/18 A2989 RMK AO2 SLP120 VIS SE-S 2 CB DSNT NE MOV E FU PLUME SE DRFTG NW OVR RWY T03220178
EWR,2023-07-06 20:51,8.00,5000.00,KEWR 062051Z 13009G16KT 8SM FEW050 FEW130 SCT250 31/19 A2988 RMK AO2 SLP116 VIS SE 2 1/2 NW 2 CB DSNT NE MOV E FU PLUME SE DRFTG NW OVR RWY T03110189 56014
EWR,2023-07-06 21:51,10.00,500.00,KEWR 062151Z 12010KT 10SM FEW005 FEW050 FEW130 SCT250 30/19 A2986 RMK AO2 SLP112 VIS SE 2 1/2 NW 2 1/2 FU FEW005 FU PLUME SE DRFTG NW OVR RWY T03000194
EWR,2023-07-06 22:51,10.00,500.00,KEWR 062251Z 13010KT 10SM FEW005 FEW050 FEW130 SCT250 28/21 A2987 RMK AO2 SLP115 VIS LWR NE-E FU FEW005 FU PLUME SE DRFTG NW OVR APRCH RWY T02830211
EWR,2023-07-06 23:51,10.00,500.00,KEWR 062351Z 13008KT 10SM FEW005 FEW130 SCT250 27/22 A2988 RMK AO2 SLP119 FU FEW005 FU PLUME SE DRFTG NW OVR APRCH RWY T02720217 10333 20272 53003
EWR,2023-07-07 00:51,10.00,700.00,KEWR 070051Z 14006KT 10SM FEW007 FEW060 FEW130 SCT250 26/23 A2988 RMK AO2 SLP118 CB DSNT SW MOV E FU PLUME SE DRFTG NW OVR APRCH RWY T02610228
EWR,2023-07-07 01:51,10.00,700.00,KEWR 070151Z 14004KT 10SM FEW007 FEW060 FEW140 SCT250 26/22 A2989 RMK AO2 SLP123 T02610222
EWR,2023-07-07 02:51,10.00,700.00,KEWR 070251Z 13004KT 10SM FEW007 FEW060 FEW130 SCT250 26/22 A2989 RMK AO2 SLP122 T02560222 50003
EWR,2023-07-07 03:51,10.00,700.00,KEWR 070351Z 15003KT 10SM SCT007 SCT130 SCT250 25/22 A2989 RMK AO2 SLP121 T02500222
EWR,2023-07-07 04:51,10.00,800.00,KEWR 070451Z 16003KT 10SM BKN008 BKN015 BKN250 25/22 A2988 RMK AO2 SLP119 T02500222 403330250
EWR,2023-07-07 05:51,10.00,900.00,KEWR 070551Z 15004KT 10SM BKN009 BKN017 BKN250 25/22 A2987 RMK AO2 SLP115 T02500222 10272 20250 58007
EWR,2023-07-07 06:51,10.00,900.00,KEWR 070651Z 16003KT 10SM SCT009 SCT017 BKN250 25/22 A2987 RMK AO2 SLP113 T02500217
EWR,2023-07-07 07:51,10.00,900.00,KEWR 070751Z 00000KT 10SM FEW009 BKN017 BKN250 24/21 A2986 RMK AO2 SLP112 T02440211
EWR,2023-07-07 08:51,10.00,900.00,KEWR 070851Z 13003KT 10SM FEW009 BKN017 BKN250 25/22 A2986 RMK AO2 SLP112 T02500217 56003
EWR,2023-07-07 09:51,5.00,1400.00,KEWR 070951Z 13003KT 5SM HZ OVC014 26/22 A2986 RMK AO2 SLP111 T02560222
EWR,2023-07-07 10:51,7.00,1400.00,KEWR 071051Z 00000KT 7SM OVC014 26/22 A2988 RMK AO2 SLP117 T02560217
EWR,2023-07-07 11:51,8.00,1600.00,KEWR 071151Z 00000KT 8SM BKN016 26/22 A2989 RMK AO2 SLP120 T02610217 10261 20244 53008
EWR,2023-07-07 12:51,9.00,1700.00,KEWR 071251Z 15003KT 9SM BKN017 27/22 A2988 RMK AO2 SLP119 T02720222
EWR,2023-07-07 13:51,8.00,2200.00,KEWR 071351Z 00000KT 8SM BKN022 28/22 A2988 RMK AO2 SLP118 T02780217
EWR,2023-07-07 14:51,10.00,2800.00,KEWR 071451Z VRB03KT 10SM SCT028 29/21 A2988 RMK AO2 SLP117 SCT V BKN T02940211 56003
EWR,2023-07-07 15:51,10.00,3000.00,KEWR 071551Z VRB06KT 10SM SCT030 SCT250 30/21 A2987 RMK AO2 SLP113 T03000211
EWR,2023-07-07 16:51,10.00,3200.00,KEWR 071651Z 18005KT 10SM SCT032 SCT250 30/21 A2985 RMK AO2 SLP107 T03000206
EWR,2023-07-07 17:51,10.00,3200.00,KEWR 071751Z 16009KT 10SM SCT032 BKN250 31/21 A2984 RMK AO2 SLP104 T03060211 10311 20261 56014
EWR,2023-07-07 18:51,10.00,3200.00,KEWR 071851Z VRB06KT 10SM FEW032 SCT170 BKN250 31/21 A2984 RMK AO2 SLP103 T03060206
EWR,2023-07-07 19:51,10.00,3500.00,KEWR 071951Z 16010KT 10SM FEW035 SCT170 BKN250 30/21 A2982 RMK AO2 SLP099 T03000211
EWR,2023-07-07 20:51,10.00,1700.00,KEWR 072051Z 16007KT 10SM FEW017 FEW035 SCT180 BKN250 28/22 A2983 RMK AO2 SLP100 T02830217 55003
EWR,2023-07-07 21:51,10.00,1700.00,KEWR 072151Z 12007KT 10SM FEW017 FEW040 SCT180 BKN250 28/22 A2982 RMK AO2 SLP097 T02780222
EWR,2023-07-07 22:51,10.00,2000.00,KEWR 072251Z 14004KT 10SM FEW020 BKN200 BKN250 27/22 A2984 RMK AO2 SLP103 T02670222
EWR,2023-07-07 23:51,10.00,1500.00,KEWR 072351Z 13005KT 10SM FEW015 BKN200 BKN250 27/22 A2984 RMK AO2 SLP105 T02670222 10311 20267 53005
EWR,2023-07-08 00:51,10.00,1500.00,KEWR 080051Z 12006KT 10SM FEW015 FEW130 BKN210 BKN250 26/23 A2984 RMK AO2 SLP104 T02610228
EWR,2023-07-08 01:51,10.00,1500.00,KEWR 080151Z VRB03KT 10SM FEW015 SCT200 BKN250 26/22 A2985 RMK AO2 SLP108 T02610222
EWR,2023-07-08 02:51,10.00,1500.00,KEWR 080251Z 15005KT 10SM FEW015 FEW200 BKN250 26/23 A2985 RMK AO2 SLP106 T02560228 50001
EWR,2023-07-08 03:51,10.00,1400.00,KEWR 080351Z 16004KT 10SM SCT014 BKN250 26/23 A2984 RMK AO2 SLP105 T02560228
EWR,2023-07-08 04:51,10.00,1400.00,KEWR 080451Z 16005KT 10SM FEW014 BKN250 25/22 A2985 RMK AO2 SLP106 T02500222 403110244
EWR,2023-07-08 05:51,10.00,1400.00,KEWR 080551Z 00000KT 10SM BKN014 BKN250 26/23 A2985 RMK AO2 SLP107 T02560228 10267 20250 53001
EWR,2023-07-08 06:51,10.00,1500.00,KEWR 080651Z 19004KT 10SM FEW015 BKN250 24/23 A2985 RMK AO2 SLP106 T02440228
EWR,2023-07-08 07:51,10.00,1200.00,KEWR 080751Z 00000KT 10SM FEW012 FEW028 BKN250 25/23 A2984 RMK AO2 SLP105 T02500228
EWR,2023-07-08 08:51,10.00,1100.00,KEWR 080851Z 32003KT 10SM BKN011 OVC020 26/23 A2984 RMK AO2 SLP106 T02560228 55002
EWR,2023-07-08 09:51,8.00,1400.00,KEWR 080951Z 32003KT 8SM BKN014 OVC022 26/22 A2985 RMK AO2 SLP107 T02610222
EWR,2023-07-08 10:51,9.00,1400.00,KEWR 081051Z 06003KT 9SM BKN014 BKN025 BKN140 BKN250 26/23 A2986 RMK AO2 SLP110 T02610228
EWR,2023-07-08 11:51,7.00,1700.00,KEWR 081151Z 05003KT 7SM FEW017 SCT039 BKN250 28/23 A2986 RMK AO2 SLP110 T02780228 10278 20244 51005
EWR,2023-07-08 12:51,7.00,1700.00,KEWR 081251Z VRB03KT 7SM SCT017 BKN250 28/23 A2986 RMK AO2 SLP111 SCT V BKN T02780228
EWR,2023-07-08 13:51,7.00,2000.00,KEWR 081351Z VRB04KT 7SM SCT020 BKN250 29/22 A2986 RMK AO2 SLP110 SCT V BKN T02940222
EWR,2023-07-08 14:51,8.00,2400.00,KEWR 081451Z VRB03KT 8SM SCT024 SCT050 30/22 A2985 RMK AO2 SLP107 T03000222 58003
EWR,2023-07-08 15:51,9.00,2500.00,KEWR 081551Z 15007KT 9SM SCT025 BKN250 30/22 A2985 RMK AO2 SLP107 T03000222
EWR,2023-07-08 16:51,10.00,2700.00,KEWR 081651Z 18007KT 10SM SCT027 SCT250 31/22 A2984 RMK AO2 SLP105 T03060222
EWR,2023-07-08 17:51,10.00,2900.00,KEWR 081751Z 18008KT 10SM SCT029TCU SCT250 30/22 A2983 RMK AO2 SLP100 TCU NW T03000217 10311 20272 58007
EWR,2023-07-08 18:51,10.00,3000.00,KEWR 081851Z 13008KT 10SM TS SCT030CB SCT070 BKN250 29/21 A2982 RMK AO2 LTG DSNT ALQDS TSB18 SLP097 OCNL LTGICCG VC NW TS VC NW MOV E T02940211
EWR,2023-07-08 19:51,10.00,3000.00,KEWR 081951Z 13008KT 10SM SCT030 SCT060 BKN250 29/21 A2982 RMK AO2 LTG DSNT N AND NE AND SW TSE39 SLP099 CB DSNT NE MOV E T02890211
EWR,2023-07-08 20:51,10.00,3000.00,KEWR 082051Z 14008KT 10SM FEW030 SCT060 BKN250 28/21 A2982 RMK AO2 SLP099 T02780211 56001
EWR,2023-07-08 21:51,10.00,3000.00,KEWR 082151Z 16005KT 10SM FEW030 SCT060 OVC220 27/22 A2983 RMK AO2 LTG DSNT W SLP099 T02720217
EWR,2023-07-08 22:51,10.00,3000.00,KEWR 082251Z 12004KT 10SM FEW030 SCT060 OVC190 27/22 A2981 RMK AO2 SLP095 T02720222
EWR,2023-07-08 23:51,10.00,3900.00,KEWR 082351Z 16005KT 10SM BKN039 BKN060 OVC200 27/22 A2982 RMK AO2 SLP097 T02720217 10311 20272 55001
EWR,2023-07-09 00:51,10.00,4000.00,KEWR 090051Z 15005KT 10SM FEW040 BKN075 BKN250 27/22 A2982 RMK AO2 SLP098 T02720217
EWR,2023-07-09 01:51,10.00,3600.00,KEWR 090151Z 12006KT 10SM SCT036 SCT070 BKN250 27/22 A2983 RMK AO2 SLP099 T02670222
EWR,2023-07-09 02:51,10.00,2800.00,KEWR 090251Z 15005KT 10SM FEW028 SCT070 BKN250 26/23 A2984 RMK AO2 SLP103 T02610228 53005
EWR,2023-07-09 03:51,10.00,3800.00,KEWR 090351Z 17003KT 10SM FEW038 SCT070 BKN250 26/23 A2985 RMK AO2 SLP106 T02560228
EWR,2023-07-09 04:51,10.00,1200.00,KEWR 090451Z 14005KT 10SM FEW012 FEW032 SCT090 BKN250 26/23 A2983 RMK AO2 SLP102 T02610228 403110244
EWR,2023-07-09 05:51,10.00,1200.00,KEWR 090551Z 19005KT 10SM FEW012 BKN020 BKN100 BKN200 25/23 A2984 RMK AO2 SLP105 T02500228 10272 20250 51002
EWR,2023-07-09 06:51,10.00,1100.00,KEWR 090651Z 19004KT 10SM FEW011 BKN025 BKN150 BKN250 25/23 A2983 RMK AO2 SLP102 T02500228
EWR,2023-07-09 07:51,10.00,1800.00,KEWR 090751Z 00000KT 10SM BKN018 OVC200 25/23 A2983 RMK AO2 SLP100 T02500228
EWR,2023-07-09 08:51,10.00,1000.00,KEWR 090851Z 16003KT 10SM SCT010 BKN016 OVC190 25/22 A2983 RMK AO2 SLP100 T02500222 55004
EWR,2023-07-09 09:51,9.00,700.00,KEWR 090951Z 17003KT 9SM FEW007 BKN011 BKN070 BKN180 25/22 A2983 RMK AO2 SLP101 T02500222
EWR,2023-07-09 10:51,9.00,700.00,KEWR 091051Z 15003KT 9SM FEW007 BKN011 BKN025 OVC130 25/23 A2983 RMK AO2 SLP101 T02500228
EWR,2023-07-09 11:51,10.00,800.00,KEWR 091151Z 16006KT 10SM BKN008 BKN022 BKN140 OVC240 26/23 A2985 RMK AO2 SLP106 T02560228 10256 20250 53006
EWR,2023-07-09 12:51,10.00,900.00,KEWR 091251Z VRB03KT 10SM FEW009 BKN021 BKN150 BKN220 27/23 A2984 RMK AO2 SLP106 T02670228
EWR,2023-07-09 13:51,10.00,1500.00,KEWR 091351Z 13005KT 10SM BKN015 BKN025 OVC160 28/23 A2984 RMK AO2 SLP104 T02780228
EWR,2023-07-09 14:51,10.00,1800.00,KEWR 091451Z 13008KT 10SM BKN018 BKN045CB BKN160 BKN250 28/22 A2983 RMK AO2 SLP102 CB OHD MOV E T02780222 58004
EWR,2023-07-09 15:51,10.00,1800.00,KEWR 091551Z 15011G16KT 10SM BKN018 BKN050CB BKN190 BKN250 28/22 A2981 RMK AO2 LTG DSNT N AND NE SLP093 CB OHD MOV NE T02830217
EWR,2023-07-09 16:51,10.00,1700.00,KEWR 091651Z 14011G16KT 10SM SCT017 BKN050 BKN180 BKN250 27/22 A2980 RMK AO2 LTG DSNT N AND NW SLP092 CB DSNT N MOV NE T02720222
EWR,2023-07-09 17:51,10.00,1600.00,KEWR 091751Z 14014G21KT 10SM FEW016 BKN045 BKN180 BKN250 28/22 A2978 RMK AO2 LTG DSNT SW-NW SLP085 CB DSNT N MOV NE T02780222 10283 20256 56017
EWR,2023-07-09 18:51,10.00,1800.00,KEWR 091851Z 13012G19KT 10SM SCT018 BKN055 BKN250 28/22 A2978 RMK AO2 LTG DSNT W AND NW SLP085 CB DSNT W MOV NE T02830217
EWR,2023-07-09 19:51,10.00,2200.00,KEWR 091951Z 13009G15KT 10SM SCT022 BKN065 BKN090 BKN250 28/22 A2979 RMK AO2 LTG DSNT SW-N SLP088 CB DSNT W-DSNT NW MOV NE T02780217
EWR,2023-07-09 20:51,10.00,2500.00,KEWR 092051Z 14007KT 110V180 10SM FEW025 SCT065 SCT100 BKN130 BKN250 27/22 A2978 RMK AO2 LTG DSNT ALQDS SLP085 CB DSNT N-DSNT NE MOV NE T02720217 50000
EWR,2023-07-09 21:51,10.00,2300.00,KEWR 092151Z 13007KT 10SM SCT023 BKN055 BKN110 BKN140 BKN250 27/22 A2977 RMK AO2 LTG DSNT SW SLP080 CB DSNT NE MOV NE T02720217
EWR,2023-07-09 22:51,10.00,2300.00,KEWR 092251Z 13007KT 10SM FEW023 BKN055 BKN130 BKN250 27/22 A2978 RMK AO2 LTG DSNT SW AND W SLP085 CB DSNT W MOV NE T02670217
EWR,2023-07-09 23:51,9.00,1400.00,KEWR 092351Z 14007KT 9SM -TSRA BKN014 BKN060CB OVC120 26/23 A2978 RMK AO2 LTG DSNT NE RAB27 TSE40B44 SLP083 OCNL LTGIC VC W TS VC W MOV NE P0000 60000 T02610228 10283 20261 50003
EWR,2023-07-10 00:51,10.00,800.00,KEWR 100051Z 33005KT 10SM -RA SCT008 BKN014 BKN040 OVC130 24/22 A2976 RMK AO2 TSE34 SLP078 P0004 T02440217
EWR,2023-07-10 01:51,7.00,700.00,KEWR 100151Z 02006KT 7SM -RA SCT007 BKN016 BKN024 OVC130 24/22 A2975 RMK AO2 SLP075 P0003 T02440222 $
EWR,2023-07-10 02:51,10.00,700.00,KEWR 100251Z 13006KT 10SM BKN007 BKN014 BKN055 OVC130 25/23 A2974 RMK AO2 RAE48 SLP071 P0018 60025 T02500228 56012 $
EWR,2023-07-10 03:51,10.00,1000.00,KEWR 100351Z 10004KT 10SM SCT010 BKN016 BKN032 OVC130 25/23 A2973 RMK AO2 SLP068 T02500228 $
EWR,2023-07-10 04:51,10.00,1000.00,KEWR 100451Z 14008KT 10SM SCT010 BKN015 BKN040 OVC130 25/22 A2974 RMK AO2 SLP069 T02500222 402830239 $
EWR,2023-07-10 05:51,10.00,1200.00,KEWR 100551Z 18006KT 10SM FEW012 SCT035 OVC150 23/21 A2973 RMK AO2 SLP066 60025 T02330211 10261 20233 56005 $
EWR,2023-07-10 06:51,10.00,1000.00,KEWR 100651Z 22004KT 10SM FEW010 BKN024 BKN140 22/21 A2972 RMK AO2 SLP063 T02220206 $
EWR,2023-07-10 07:51,10.00,800.00,KEWR 100751Z 26003KT 10SM SCT008 SCT015 BKN160 23/21 A2971 RMK AO2 SLP061 T02280206 $
EWR,2023-07-10 08:51,10.00,800.00,KEWR 100851Z 32006KT 10SM FEW008 SCT014 BKN160 23/21 A2971 RMK AO2 SLP058 T02280206 56008 $
EWR,2023-07-10 09:51,10.00,800.00,KEWR 100951Z 33007KT 10SM FEW008 BKN012 BKN026 BKN150 23/21 A2973 RMK AO2 SLP065 T02330211
EWR,2023-07-10 10:51,10.00,800.00,KEWR 101051Z 35006KT 10SM FEW008 FEW015 SCT040 BKN180 BKN250 23/20 A2974 RMK AO2 SLP071 T02280200
EWR,2023-07-10 11:51,10.00,1300.00,KEWR 101151Z 33010KT 10SM SCT013 BKN040 BKN180 BKN250 24/20 A2975 RMK AO2 SLP075 70025 T02440200 10250 20222 51016
EWR,2023-07-10 12:51,10.00,1500.00,KEWR 101251Z 34008KT 10SM SCT015 BKN050 BKN180 BKN250 26/20 A2976 RMK AO2 SLP078 T02560200
EWR,2023-07-10 13:51,10.00,2000.00,KEWR 101351Z 33007KT 10SM FEW020 FEW050 BKN180 BKN250 26/19 A2976 RMK AO2 SLP077 T02610194
EWR,2023-07-10 14:51,10.00,2500.00,KEWR 101451Z 29010KT 10SM BKN025 BKN060 BKN180 OVC250 26/20 A2978 RMK AO2 SLP083 T02610200 53009
EWR,2023-07-10 15:51,10.00,2500.00,KEWR 101551Z 32012G22KT 10SM SCT025 BKN080 BKN180 OVC250 27/19 A2978 RMK AO2 SLP082 T02670189
EWR,2023-07-10 16:51,10.00,2800.00,KEWR 101651Z 30013G18KT 10SM FEW028 SCT080 BKN200 BKN250 27/19 A2977 RMK AO2 SLP081 T02670189
EWR,2023-07-10 17:51,10.00,3000.00,KEWR 101751Z 33011G21KT 10SM SCT030 SCT080 BKN210 BKN250 28/19 A2977 RMK AO2 SLP080 T02830189 10283 20239 57003
EWR,2023-07-10 18:51,10.00,3200.00,KEWR 101851Z 33012KT 10SM SCT032 SCT080 BKN210 BKN250 29/18 A2977 RMK AO2 SLP081 T02890178
EWR,2023-07-10 19:51,10.00,4300.00,KEWR 101951Z 31010G19KT 10SM FEW043 SCT080 BKN200 BKN250 31/18 A2976 RMK AO2 SLP077 T03060183
EWR,2023-07-10 20:51,10.00,5000.00,KEWR 102051Z 32011G21KT 10SM SCT050 BKN200 BKN250 30/17 A2976 RMK AO2 SLP076 T03000172 58004
EWR,2023-07-10 21:51,10.00,6000.00,KEWR 102151Z 31012G22KT 10SM SCT060 SCT200 SCT250 31/16 A2976 RMK AO2 SLP079 T03110161
EWR,2023-07-10 22:51,10.00,6000.00,KEWR 102251Z 31009KT 10SM SCT060 SCT200 SCT250 30/16 A2978 RMK AO2 SLP084 T03000161
EWR,2023-07-10 23:51,10.00,4000.00,KEWR 102351Z 32011KT 10SM FEW040 SCT060 SCT200 BKN250 29/16 A2981 RMK AO2 SLP093 T02890161 10311 20278 53017 $
EWR,2023-07-11 00:51,10.00,4000.00,KEWR 110051Z 34013KT 10SM FEW040 SCT070 SCT160 BKN250 28/16 A2982 RMK AO2 SLP098 T02830161 $
EWR,2023-07-11 01:51,10.00,6000.00,KEWR 110151Z 34010KT 10SM FEW060 SCT180 SCT250 27/13 A2984 RMK AO2 SLP103 T02670133 $
EWR,2023-07-11 02:51,10.00,18000.00,KEWR 110251Z 33006KT 10SM FEW180 FEW250 26/13 A2985 RMK AO2 SLP108 T02610133 51015 $
EWR,2023-07-11 03:51,10.00,25000.00,KEWR 110351Z 31006KT 10SM FEW250 25/14 A2986 RMK AO2 SLP110 T02500139 $
EWR,2023-07-11 04:51,10.00,25000.00,KEWR 110451Z 29007KT 10SM FEW250 24/13 A2986 RMK AO2 SLP110 T02440133 403110222 $
EWR,2023-07-11 05:51,10.00,25000.00,KEWR 110551Z 26008KT 10SM FEW250 23/14 A2984 RMK AO2 SLP105 T02330139 10289 20233 58003 $
EWR,2023-07-11 06:51,10.00,25000.00,KEWR 110651Z 35007KT 10SM FEW250 22/14 A2985 RMK AO2 SLP108 T02170139 $
EWR,2023-07-11 07:51,10.00,25000.00,KEWR 110751Z 24006KT 10SM FEW250 21/14 A2985 RMK AO2 SLP108 T02110139 $
EWR,2023-07-11 08:51,10.00,10000.00,KEWR 110851Z 26005KT 10SM FEW100 FEW250 21/13 A2986 RMK AO2 SLP110 T02110133 51005 $
EWR,2023-07-11 09:51,10.00,25000.00,KEWR 110951Z 26004KT 10SM FEW250 21/13 A2987 RMK AO2 SLP115 T02060133 $
EWR,2023-07-11 10:51,10.00,25000.00,KEWR 111051Z 24005KT 10SM FEW250 21/14 A2989 RMK AO2 SLP121 T02110139 $
EWR,2023-07-11 11:51,10.00,25000.00,KEWR 111151Z 22004KT 10SM FEW250 23/14 A2990 RMK AO2 SLP126 T02330144 10239 20200 51016 $
EWR,2023-07-11 12:51,10.00,25000.00,KEWR 111251Z 27007KT 10SM FEW250 26/14 A2991 RMK AO2 SLP127 T02610144
EWR,2023-07-11 13:51,10.00,25000.00,KEWR 111351Z 29006KT 10SM FEW250 28/16 A2989 RMK AO2 SLP122 T02780156
EWR,2023-07-11 14:51,10.00,25000.00,KEWR 111451Z VRB03KT 10SM FEW250 29/17 A2988 RMK AO2 SLP119 T02940167 58006
EWR,2023-07-11 15:51,10.00,5500.00,KEWR 111551Z VRB05KT 10SM FEW055 31/16 A2988 RMK AO2 SLP118 T03110161
EWR,2023-07-11 16:51,10.00,6000.00,KEWR 111651Z VRB06KT 10SM FEW060 32/16 A2988 RMK AO2 SLP117 T03170161
EWR,2023-07-11 17:51,10.00,6500.00,KEWR 111751Z 35008KT 10SM FEW065 31/15 A2987 RMK AO2 SLP113 T03110150 10322 20233 58006
EWR,2023-07-11 18:51,10.00,6500.00,KEWR 111851Z 30010KT 10SM FEW065 31/15 A2986 RMK AO2 SLP111 T03110150
EWR,2023-07-11 19:51,10.00,6000.00,KEWR 111951Z 27007KT 10SM FEW060 33/16 A2986 RMK AO2 SLP111 T03280161
EWR,2023-07-11 20:51,10.00,6500.00,KEWR 112051Z 30010KT 10SM FEW065 33/16 A2986 RMK AO2 SLP109 T03280161 58004
EWR,2023-07-11 21:51,10.00,7000.00,KEWR 112151Z VRB05G15KT 10SM SCT070 32/17 A2986 RMK AO2 SLP110 T03170167
EWR,2023-07-11 22:51,10.00,7000.00,KEWR 112251Z 30010KT 10SM FEW070 32/16 A2986 RMK AO2 SLP112 T03170161
EWR,2023-07-11 23:51,10.00,7000.00,KEWR 112351Z 28010KT 10SM FEW070 FEW250 31/16 A2987 RMK AO2 SLP116 T03060156 10333 20306 53006
EWR,2023-07-12 00:51,10.00,9000.00,KEWR 120051Z 26007KT 10SM FEW090 FEW250 29/16 A2988 RMK AO2 SLP117 T02940161
EWR,2023-07-12 01:51,10.00,25000.00,KEWR 120151Z 25007KT 10SM FEW250 29/16 A2989 RMK AO2 SLP122 T02940156
EWR,2023-07-12 02:51,10.00,25000.00,KEWR 120251Z 25008KT 10SM FEW250 29/16 A2990 RMK AO2 SLP125 T02890161 53009
EWR,2023-07-12 03:51,10.00,M,KEWR 120351Z 24007KT 10SM CLR 28/16 A2990 RMK AO2 SLP125 T02780161
EWR,2023-07-12 04:51,10.00,M,KEWR 120451Z 21004KT 10SM CLR 24/17 A2990 RMK AO2 SLP125 T02440167 403330200
EWR,2023-07-12 05:51,10.00,M,KEWR 120551Z 21005KT 10SM CLR 24/17 A2990 RMK AO2 SLP123 T02390167 10306 20239 58002
EWR,2023-07-12 06:51,10.00,M,KEWR 120651Z 22006KT 10SM CLR 23/17 A2990 RMK AO2 SLP125 T02330172
EWR,2023-07-12 07:51,10.00,M,KEWR 120751Z 25007KT 10SM CLR 24/17 A2990 RMK AO2 SLP125 T02440167
EWR,2023-07-12 08:51,10.00,M,KEWR 120851Z 20004KT 10SM CLR 23/17 A2991 RMK AO2 SLP128 T02330167 53005
EWR,2023-07-12 09:51,10.00,6000.00,KEWR 120951Z 21004KT 10SM FEW060 22/17 A2991 RMK AO2 SLP129 T02170167
EWR,2023-07-12 10:51,10.00,6000.00,KEWR 121051Z 23005KT 10SM FEW060 FEW250 24/17 A2993 RMK AO2 SLP134 T02440167
EWR,2023-07-12 11:51,10.00,25000.00,KEWR 121151Z 27005KT 10SM FEW250 26/17 A2994 RMK AO2 SLP139 T02610172 10261 20217 53011
EWR,2023-07-12 12:51,10.00,25000.00,KEWR 121251Z 23003KT 10SM FEW250 28/18 A2995 RMK AO2 SLP140 T02830178
EWR,2023-07-12 13:51,10.00,25000.00,KEWR 121351Z VRB03KT 10SM FEW250 31/18 A2994 RMK AO2 SLP137 T03060178
EWR,2023-07-12 14:51,10.00,5500.00,KEWR 121451Z 10SM FEW055 FEW250 32/16 A2993 RMK AO2 SLP135 T03220161 58003
EWR,2023-07-12 15:51,10.00,5500.00,KEWR 121551Z VRB04KT 10SM FEW055 SCT250 33/17 A2993 RMK AO2 SLP135 T03280167
EWR,2023-07-12 16:51,10.00,6500.00,KEWR 121651Z 20007KT 10SM FEW065 SCT250 33/16 A2992 RMK AO2 SLP132 T03330161
EWR,2023-07-12 17:51,10.00,7000.00,KEWR 121751Z 27006KT 10SM FEW070 SCT250 34/17 A2990 RMK AO2 SLP124 T03440167 10344 20261 58011
EWR,2023-07-12 18:51,10.00,7000.00,KEWR 121851Z 29010G21KT 10SM FEW070 SCT250 34/15 A2990 RMK AO2 SLP125 T03390150
EWR,2023-07-12 19:51,10.00,7000.00,KEWR 121951Z 29008G20KT 10SM FEW070 SCT250 34/16 A2989 RMK AO2 SLP120 T03440156
EWR,2023-07-12 20:51,10.00,7000.00,KEWR 122051Z 26008G15KT 10SM FEW070 SCT250 34/16 A2989 RMK AO2 SLP121 T03440156 55003
EWR,2023-07-12 21:51,10.00,7000.00,KEWR 122151Z 23012G17KT 10SM FEW070 SCT200 BKN250 33/15 A2989 RMK AO2 SLP120 T03280150
EWR,2023-07-12 22:51,10.00,7000.00,KEWR 122251Z 28010KT 10SM FEW070 SCT200 BKN250 33/15 A2989 RMK AO2 SLP122 T03280150
EWR,2023-07-12 23:51,10.00,7000.00,KEWR 122351Z 27007KT 10SM FEW070 SCT180 BKN250 32/16 A2990 RMK AO2 SLP125 T03170156 10350 20317 53004
EWR,2023-07-13 00:51,10.00,7000.00,KEWR 130051Z 27007KT 10SM FEW070 BKN180 BKN250 31/16 A2990 RMK AO2 SLP125 T03110161
EWR,2023-07-13 01:51,10.00,7000.00,KEWR 130151Z 24006KT 10SM FEW070 BKN180 BKN250 31/17 A2991 RMK AO2 SLP127 T03060167
EWR,2023-07-13 02:51,10.00,7000.00,KEWR 130251Z 18006KT 10SM FEW070 SCT180 BKN250 28/17 A2991 RMK AO2 SLP127 T02830172 50002
EWR,2023-07-13 03:51,10.00,18000.00,KEWR 130351Z 20005KT 10SM FEW180 SCT250 28/17 A2990 RMK AO2 SLP125 T02830172
EWR,2023-07-13 04:51,10.00,18000.00,KEWR 130451Z 25005KT 10SM FEW180 SCT250 28/17 A2990 RMK AO2 SLP125 T02830172 403500217
EWR,2023-07-13 05:51,10.00,18000.00,KEWR 130551Z 22004KT 10SM FEW180 SCT250 27/18 A2989 RMK AO2 SLP120 T02670183 10317 20267 58007
EWR,2023-07-13 06:51,10.00,18000.00,KEWR 130651Z 25006KT 10SM FEW180 SCT250 27/18 A2988 RMK AO2 SLP117 T02670183
EWR,2023-07-13 07:51,10.00,25000.00,KEWR 130751Z 23006KT 10SM SCT250 26/18 A2988 RMK AO2 SLP119 T02560183
EWR,2023-07-13 08:51,10.00,25000.00,KEWR 130851Z 22004KT 10SM SCT250 24/19 A2989 RMK AO2 SLP122 T02390189 53002
EWR,2023-07-13 09:51,10.00,7000.00,KEWR 130951Z 21005KT 10SM SCT070 BKN250 24/19 A2990 RMK AO2 SLP123 T02440194
EWR,2023-07-13 10:51,10.00,7000.00,KEWR 131051Z 22006KT 10SM FEW070 SCT250 26/21 A2990 RMK AO2 SLP124 T02560206
EWR,2023-07-13 11:51,10.00,9000.00,KEWR 131151Z 19004KT 10SM FEW090 BKN250 27/21 A2990 RMK AO2 SLP123 T02720211 10272 20239 50001
EWR,2023-07-13 12:51,10.00,25000.00,KEWR 131251Z 17007KT 10SM BKN250 28/21 A2989 RMK AO2 SLP121 T02830206
EWR,2023-07-13 13:51,10.00,25000.00,KEWR 131351Z 16009KT 10SM BKN250 29/21 A2988 RMK AO2 SLP119 T02940206
EWR,2023-07-13 14:51,10.00,21000.00,KEWR 131451Z 18010G14KT 10SM FEW210 BKN250 31/20 A2987 RMK AO2 SLP115 T03110200 58008
EWR,2023-07-13 15:51,10.00,4500.00,KEWR 131551Z 16011G20KT 10SM FEW045 FEW065 SCT180 BKN250 32/18 A2986 RMK AO2 SLP110 T03170183
EWR,2023-07-13 16:51,10.00,5000.00,KEWR 131651Z 16007KT 10SM FEW050 FEW070 BKN180 BKN250 33/19 A2984 RMK AO2 SLP103 T03280194
EWR,2023-07-13 17:51,10.00,4500.00,KEWR 131751Z 12011G19KT 10SM SCT045 SCT070 BKN180 BKN250 32/22 A2982 RMK AO2 SLP096 T03220222 10333 20272 58019
EWR,2023-07-13 18:51,10.00,5000.00,KEWR 131851Z 15009G16KT 10SM SCT050 SCT080 BKN180 BKN250 33/22 A2980 RMK AO2 LTG DSNT S SLP089 T03280222
EWR,2023-07-13 19:51,10.00,4500.00,KEWR 131951Z 14013G21KT 10SM SCT045 SCT100 BKN250 32/23 A2978 RMK AO2 TSB1855E10 SLP086 T03220228
EWR,2023-07-13 20:51,10.00,5000.00,KEWR 132051Z 17013G18KT 10SM FEW050 SCT075 SCT180 BKN250 33/23 A2977 RMK AO2 SLP082 T03280233 56014
EWR,2023-07-13 21:51,10.00,5000.00,KEWR 132151Z 19014G22KT 10SM FEW050 FEW075 SCT180 SCT250 33/19 A2976 RMK AO2 SLP077 T03330194
EWR,2023-07-13 22:51,10.00,5500.00,KEWR 132251Z 21017G26KT 10SM FEW055 FEW075 FEW250 33/19 A2976 RMK AO2 PK WND 21026/2245 SLP077 T03330189
EWR,2023-07-13 23:51,10.00,6000.00,KEWR 132351Z 19011KT 10SM FEW060 FEW250 32/19 A2977 RMK AO2 SLP081 CB DSNT NW MOV E T03220194 10339 20317 55000
EWR,2023-07-14 00:51,10.00,6000.00,KEWR 140051Z 18008KT 10SM FEW060 FEW250 32/21 A2978 RMK AO2 SLP085 FRQ LTGIC DSNT NW-DSNT N CB DSNT NW-DSNT N MOV E T03170206
EWR,2023-07-14 01:51,10.00,6000.00,KEWR 140151Z 19010KT 10SM FEW060 FEW180 SCT250 30/22 A2980 RMK AO2 SLP092 CONS LTGICCC DSNT NW-DSNT N CB DSNT NW-DSNT N MOV E T03000217
EWR,2023-07-14 02:51,10.00,6000.00,KEWR 140251Z 18008KT 10SM FEW060 BKN250 29/22 A2981 RMK AO2 SLP094 CONS LTGICCC DSNT N CB DSNT N MOV E T02890222 51012
EWR,2023-07-14 03:51,10.00,6000.00,KEWR 140351Z 18006KT 10SM FEW060 BKN250 28/22 A2981 RMK AO2 LTG DSNT N SLP094 CONS LTGICCC DSNT N-DSNT NE CB DSNT N-DSNT NE MOV E T02830222
EWR,2023-07-14 04:51,10.00,5500.00,KEWR 140451Z 16006KT 10SM FEW055 BKN250 28/22 A2980 RMK AO2 SLP090 CONS LTGICCC DSNT N-DSNT NE CB DSNT N-DSNT NE MOV E T02780222 403390239
EWR,2023-07-14 05:51,10.00,5500.00,KEWR 140551Z 05003KT 10SM FEW055 BKN250 28/23 A2983 RMK AO2 LTG DSNT N AND NW SLP101 CONS LTGICCC DSNT N-DSNT NE CB DSNT N-DSNT NE MOV E T02780228 10328 20278 53007
EWR,2023-07-14 06:51,10.00,2300.00,KEWR 140651Z 03011KT 10SM FEW023 SCT032 BKN055 BKN250 26/19 A2985 RMK AO2 LTG DSNT NW-NE SLP107 T02560194
EWR,2023-07-14 07:51,10.00,3000.00,KEWR 140751Z 04011KT 10SM -RA FEW030 BKN055 BKN250 24/17 A2985 RMK AO2 LTG DSNT NE RAB45 SLP108 P0000 T02440172
EWR,2023-07-14 08:51,10.00,3800.00,KEWR 140851Z 09008KT 10SM SCT038 BKN055 BKN070 BKN250 26/18 A2985 RMK AO2 LTG DSNT E RAE01 SLP108 P0000 60000 T02560178 50007
EWR,2023-07-14 09:51,10.00,3600.00,KEWR 140951Z 07004KT 10SM BKN036 BKN055 BKN070 OVC250 26/19 A2985 RMK AO2 LTG DSNT SE SLP109 CB DSNT SE MOV NE T02560189
EWR,2023-07-14 10:51,10.00,2900.00,KEWR 141051Z 01003KT 10SM VCTS SCT029 BKN040 OVC070 25/19 A2986 RMK AO2 LTG DSNT SW AND W TSE49 SLP112 T02500189
EWR,2023-07-14 11:51,1.50,900.00,KEWR 141151Z 36011KT 1 1/2SM +TSRA FEW009 SCT025CB BKN050 BKN250 23/21 A2985 RMK AO2 SFC VIS 2 LTG DSNT W-NE RAB20 TSB1054 PRESFR SLP107 FRQ LTGICCG OHD TS OHD MOV NE P0014 60014 70014 T02330206 10278 20233 58001
EWR,2023-07-14 12:51,10.00,900.00,KEWR 141251Z 05007KT 10SM FEW009 FEW025 SCT080 SCT250 25/21 A2989 RMK AO2 LTG DSNT N AND NE RAE24 TSE35 SLP122 P0000 T02500206
EWR,2023-07-14 13:51,10.00,1200.00,KEWR 141351Z 05005KT 10SM FEW012 SCT023 BKN100 BKN250 27/21 A2989 RMK AO2 SLP122 T02670206
EWR,2023-07-14 14:51,10.00,2800.00,KEWR 141451Z VRB06KT 10SM SCT028 BKN130 27/22 A2988 RMK AO2 SLP119 60000 T02720217 50012
EWR,2023-07-14 15:51,10.00,2000.00,KEWR 141551Z 05007KT 10SM FEW020 BKN025 OVC100 28/22 A2990 RMK AO2 SLP123 T02830217
EWR,2023-07-14 16:51,10.00,2800.00,KEWR 141651Z VRB04KT 10SM SCT028TCU SCT100 BKN250 30/22 A2989 RMK AO2 SLP121 TCU SE-S T03000217
EWR,2023-07-14 17:51,10.00,2000.00,KEWR 141751Z 09011KT 10SM -RA SCT020TCU SCT035 BKN100 BKN250 30/23 A2989 RMK AO2 RAB49 SLP122 TCU OHD AND E P0000 60000 T03000233 10306 20228 51003
EWR,2023-07-14 18:51,10.00,3000.00,KEWR 141851Z 08008KT 10SM FEW030TCU SCT060 BKN100 BKN250 29/23 A2988 RMK AO2 RAE00 SLP119 TCU SW AND NW-N P0000 T02890228
EWR,2023-07-14 19:51,10.00,2600.00,KEWR 141951Z 10008KT 10SM FEW026TCU SCT060 BKN120 BKN250 30/22 A2988 RMK AO2 LTG DSNT W RAB21E37 SLP116 CB DSNT W MOV NE TCU OHD P0000 T03000222
EWR,2023-07-14 20:51,10.00,1800.00,KEWR 142051Z 10007KT 10SM -TSRA FEW018 SCT040CB BKN100 BKN220 29/23 A2987 RMK AO2 LTG DSNT SW AND W RAB48 TSE20B23 SLP115 OCNL LTGICCG VC SW-VC W TS VC SW-VC W MOV NE TCU NW P0000 60000 T02940228 56007
EWR,2023-07-14 21:51,10.00,1800.00,KEWR 142151Z 14004KT 10SM -TSRA FEW018 FEW040CB SCT100 BKN130 BKN250 28/23 A2988 RMK AO2 LTG DSNT SW-NW SLP118 OCNL LTGIC VC SW TS VC SW MOV NE CB DSNT NW MOV NE P0000 T02830233
EWR,2023-07-14 22:51,10.00,1800.00,KEWR 142251Z 17005KT 10SM FEW018 FEW034 SCT100 BKN140 BKN250 28/23 A2987 RMK AO2 LTG DSNT N AND NW RAE24 TSE03 SLP113 CB DSNT W-DSNT NW MOV NE P0000 T02780228
EWR,2023-07-14 23:51,10.00,2000.00,KEWR 142351Z 12004KT 10SM FEW020 FEW045 SCT100 BKN130 BKN250 28/23 A2988 RMK AO2 LTG DSNT W AND NW SLP117 CB DSNT W-DSNT NW MOV NE 60000 T02780228 10300 20272 53002
EWR,2023-07-15 00:51,10.00,1800.00,KEWR 150051Z VRB04KT 10SM TS FEW018 BKN040CB BKN100 BKN140 OVC250 28/23 A2989 RMK AO2 LTG DSNT W-N TSB50 SLP122 FRQ LTGICCG VC NW-VC N TS VC NW-VC N MOV NE T02830228
EWR,2023-07-15 01:51,10.00,2200.00,KEWR 150151Z 36007KT 10SM TS FEW022 BKN038CB OVC060 26/19 A2991 RMK AO2 LTG DSNT W-NE SLP127 CONS LTGICCCCG VC NW TS VC NW MOV E T02560189
EWR,2023-07-15 02:51,1.75,1100.00,KEWR 150251Z 30014KT 1 3/4SM R04R/5500VP6000FT +TSRA BR FEW011 SCT024 OVC036CB 22/20 A2995 RMK AO2 WSHFT 0234 LTG DSNT W-NE RAB0159 SLP143 CONS LTGICCG OHD TS OHD MOV E P0017 60017 T02220200 53026
EWR,2023-07-15 03:51,10.00,4000.00,KEWR 150351Z 28007KT 10SM FEW040 FEW100 BKN150 23/21 A2993 RMK AO2 WSHFT 0242 LTG DSNT N-SE RAE49 TSE35 SLP136 P0000 T02280206
EWR,2023-07-15 04:51,10.00,4000.00,KEWR 150451Z 18004KT 10SM FEW040 FEW100 SCT150 SCT250 23/21 A2993 RMK AO2 SLP133 T02280206 403060222
EWR,2023-07-15 05:51,10.00,10000.00,KEWR 150551Z 24005KT 10SM FEW100 SCT140 BKN250 23/21 A2992 RMK AO2 SLP133 60017 T02280206 10283 20222 56010
EWR,2023-07-15 06:51,10.00,15000.00,KEWR 150651Z 23004KT 10SM FEW150 BKN250 23/20 A2992 RMK AO2 SLP130 T02280200
EWR,2023-07-15 07:51,10.00,8000.00,KEWR 150751Z 00000KT 10SM FEW080 SCT120 BKN250 23/20 A2991 RMK AO2 SLP127 T02280200
EWR,2023-07-15 08:51,10.00,12000.00,KEWR 150851Z 36004KT 10SM FEW120 BKN250 23/20 A2990 RMK AO2 SLP126 T02280200 56007
EWR,2023-07-15 09:51,10.00,12000.00,KEWR 150951Z 02005KT 10SM FEW120 FEW200 SCT250 23/21 A2992 RMK AO2 SLP131 T02280211
EWR,2023-07-15 10:51,10.00,1500.00,KEWR 151051Z 02005KT 10SM SCT015 SCT120 23/21 A2993 RMK AO2 SLP136 T02280206
EWR,2023-07-15 11:51,10.00,1200.00,KEWR 151151Z 01003KT 10SM BKN012 BKN120 BKN250 25/21 A2994 RMK AO2 SLP139 70017 T02500211 10250 20217 51013
EWR,2023-07-15 12:51,10.00,1100.00,KEWR 151251Z 00000KT 10SM BKN011 BKN250 26/22 A2996 RMK AO2 SLP144 T02610217
EWR,2023-07-15 13:51,10.00,800.00,KEWR 151351Z 29004KT 10SM SCT008 BKN015 BKN250 28/23 A2996 RMK AO2 SLP144 T02830228
EWR,2023-07-15 14:51,10.00,1500.00,KEWR 151451Z 11004KT 10SM FEW015 SCT022 BKN250 29/23 A2995 RMK AO2 SLP142 T02890228 50004
EWR,2023-07-15 15:51,10.00,2000.00,KEWR 151551Z VRB05KT 10SM FEW020 BKN027 BKN250 31/23 A2995 RMK AO2 SLP141 T03110228
EWR,2023-07-15 16:51,10.00,2700.00,KEWR 151651Z VRB03KT 10SM FEW027 BKN034 BKN250 32/23 A2994 RMK AO2 SLP139 T03220228
EWR,2023-07-15 17:51,10.00,3500.00,KEWR 151751Z VRB06KT 10SM SCT035 SCT110 BKN250 32/23 A2992 RMK AO2 SLP132 T03170228 10328 20250 58011
EWR,2023-07-15 18:51,10.00,4000.00,KEWR 151851Z 15012KT 10SM FEW040 FEW110 BKN250 31/23 A2992 RMK AO2 SLP132 T03060233
EWR,2023-07-15 19:51,10.00,3500.00,KEWR 151951Z 15010G18KT 10SM FEW035 SCT055 SCT110 BKN250 31/21 A2991 RMK AO2 LTG DSNT SW SLP128 CB DSNT SW MOV NE T03060211
EWR,2023-07-15 20:51,10.00,3500.00,KEWR 152051Z 14012G18KT 10SM TS FEW035 SCT055CB BKN100 BKN250 29/24 A2989 RMK AO2 LTG DSNT S-W TSB30 SLP121 OCNL LTGIC VC SW TS VC SW MOV NE T02890239 58011
EWR,2023-07-15 21:51,8.00,3000.00,KEWR 152151Z 15008KT 8SM -TSRA FEW030 SCT055CB BKN110 BKN250 27/24 A2990 RMK AO2 LTG DSNT S-W RAB09 SLP123 OCNL LTGIC VC SW TS VC SW MOV NE P0000 T02720244
EWR,2023-07-15 22:51,8.00,800.00,KEWR 152251Z 16007KT 8SM -TSRA FEW008 BKN050CB BKN110 BKN250 26/23 A2990 RMK AO2 LTG DSNT S AND SW SLP124 OCNL LTGICCG VC SE TS VC SE MOV NE P0007 T02560233 $
EWR,2023-07-15 23:51,8.00,2000.00,KEWR 152351Z 23004KT 8SM RA FEW020 SCT050 BKN110 BKN250 26/23 A2989 RMK AO2 TSE41 SLP122 CB DSNT SE MOV NE P0007 60014 T02560228 10322 20250 50002 $
EWR,2023-07-16 00:51,10.00,5500.00,KEWR 160051Z 11004KT 10SM SCT055 BKN100 OVC250 26/23 A2989 RMK AO2 RAE09 SLP120 P0000 T02610233 $
EWR,2023-07-16 01:51,10.00,1500.00,KEWR 160151Z 00000KT 10SM FEW015 SCT120 BKN250 26/23 A2990 RMK AO2 RAB0053E02 SLP126 P0000 T02610233 $
EWR,2023-07-16 02:51,10.00,900.00,KEWR 160251Z 13003KT 10SM SCT009 SCT022 BKN120 BKN250 27/24 A2990 RMK AO2 SLP123 60000 T02670244 50001 $
EWR,2023-07-16 03:51,7.00,700.00,KEWR 160351Z 15005KT 7SM FEW007 BKN018 OVC250 26/24 A2989 RMK AO2 SLP122 T02610244 $
EWR,2023-07-16 04:51,8.00,700.00,KEWR 160451Z 11005KT 8SM SCT007 BKN016 BKN120 OVC220 26/24 A2988 RMK AO2 SLP118 T02610244 403280217 $
EWR,2023-07-16 05:51,10.00,900.00,KEWR 160551Z 14006KT 10SM FEW009 BKN015 BKN120 OVC220 27/24 A2986 RMK AO2 SLP112 60000 T02670244 10267 20256 58011 $
EWR,2023-07-16 06:51,9.00,900.00,KEWR 160651Z 16005KT 9SM FEW009 BKN015 OVC100 27/24 A2985 RMK AO2 SLP107 T02670244 $
EWR,2023-07-16 07:51,10.00,900.00,KEWR 160751Z 15006KT 10SM FEW009 BKN015 BKN110 OVC200 27/24 A2982 RMK AO2 SLP097 T02670244 $
EWR,2023-07-16 08:51,10.00,900.00,KEWR 160851Z 16007KT 10SM FEW009 BKN016 OVC022 27/24 A2981 RMK AO2 SLP094 T02670239 56018 $
EWR,2023-07-16 09:51,6.00,800.00,KEWR 160951Z 15007KT 6SM -RA BR FEW008 BKN016 BKN024 OVC130 26/24 A2980 RMK AO2 LTG DSNT S-NW RAB17 SLP091 P0002 T02610244 $
EWR,2023-07-16 10:51,10.00,800.00,KEWR 161051Z 18010KT 10SM -RA BKN008 BKN016 BKN024CB OVC130 26/24 A2980 RMK AO2 LTG DSNT N-SE SLP091 CB OHD MOV NE P0010 T02610244 $
EWR,2023-07-16 11:51,10.00,700.00,KEWR 161151Z 20007KT 10SM -RA FEW007 BKN011 OVC024CB 26/24 A2982 RMK AO2 RAE1059B29 SLP096 CB OHD MOV NE P0000 60012 70026 T02560239 10267 20256 53002 $
EWR,2023-07-16 12:51,7.00,900.00,KEWR 161251Z 20011KT 7SM -RA BKN009 BKN014 BKN040 OVC140 26/24 A2982 RMK AO2 SLP097 P0033 T02560239 $
EWR,2023-07-16 13:51,8.00,800.00,KEWR 161351Z 20008KT 8SM -RA SCT008 BKN012 OVC018 26/24 A2982 RMK AO2 SLP097 P0001 T02610239 $
EWR,2023-07-16 14:51,10.00,900.00,KEWR 161451Z 23006KT 10SM -RA BKN009 BKN017 OVC025 26/24 A2982 RMK AO2 RAE21B32 SLP097 P0000 60034 T02610239 51001 $
EWR,2023-07-16 15:51,3.00,900.00,KEWR 161551Z 29009KT 3SM R04R/2200V4000FT +RA BR FEW009 BKN014 OVC028 25/23 A2982 RMK AO2 RAE10B23 SLP099 P0050 T02500233 $
EWR,2023-07-16 16:51,7.00,1000.00,KEWR 161651Z 25003KT 7SM -RA FEW010 SCT032 OVC070 25/23 A2982 RMK AO2 SLP098 P0049 T02500233 $
EWR,2023-07-16 17:51,10.00,1000.00,KEWR 161751Z 00000KT 10SM -RA FEW010 BKN040 BKN150 OVC250 26/23 A2980 RMK AO2 SLP090 P0002 60135 T02610233 10267 20244 58007 $
EWR,2023-07-16 18:51,10.00,1000.00,KEWR 161851Z 17004KT 10SM -RA FEW010 BKN050 OVC085 26/24 A2980 RMK AO2 SLP091 P0000 T02610239 $
EWR,2023-07-16 19:51,9.00,1300.00,KEWR 161951Z 22003KT 9SM -RA FEW013 BKN040 BKN085 OVC150 27/23 A2978 RMK AO2 SLP084 P0001 T02670233 $
EWR,2023-07-16 20:51,10.00,1500.00,KEWR 162051Z 20004KT 10SM FEW015 SCT035 BKN055 OVC160 26/23 A2978 RMK AO2 RAE37 SLP084 P0001 60002 T02610233 58006 $
EWR,2023-07-16 21:51,10.00,1200.00,KEWR 162151Z 16004KT 10SM FEW012 BKN035 BKN050 OVC170 26/24 A2978 RMK AO2 SLP083 T02610239 $
EWR,2023-07-16 22:51,10.00,1200.00,KEWR 162251Z 15005KT 10SM -RA BKN012 BKN050 BKN130 OVC230 26/24 A2978 RMK AO2 RAB11 SLP083 P0000 T02610239 $
EWR,2023-07-16 23:51,10.00,1300.00,KEWR 162351Z 18004KT 10SM FEW013 BKN050CB BKN120 BKN230 26/24 A2979 RMK AO2 RAE05 SLP087 CB N MOV NE P0000 60002 T02610239 10267 20261 53003 $
EWR,2023-07-17 00:51,10.00,1000.00,KEWR 170051Z 22006KT 10SM FEW010 BKN070 BKN110 BKN220 26/23 A2980 RMK AO2 SLP090 T02610228 $
EWR,2023-07-17 01:51,10.00,1000.00,KEWR 170151Z 22004KT 10SM FEW010 SCT040 BKN080 BKN230 25/23 A2982 RMK AO2 SLP097 T02500228 $
EWR,2023-07-17 02:51,10.00,1000.00,KEWR 170251Z 23004KT 10SM SCT010 SCT032 BKN070 BKN250 25/23 A2981 RMK AO2 SLP096 T02500233 50009 $
EWR,2023-07-17 03:51,10.00,800.00,KEWR 170351Z 24005KT 10SM BKN008 BKN060 BKN250 25/23 A2983 RMK AO2 SLP101 T02500233 $
EWR,2023-07-17 04:51,10.00,700.00,KEWR 170451Z 00000KT 10SM FEW007 FEW250 24/23 A2983 RMK AO2 SLP101 T02440228 402670244 $
EWR,2023-07-17 05:51,10.00,800.00,KEWR 170551Z VRB03KT 10SM FEW008 FEW250 24/23 A2983 RMK AO2 SLP101 T02440228 10261 20244 51006 $
EWR,2023-07-17 06:51,10.00,600.00,KEWR 170651Z 22004KT 10SM FEW006 FEW050 SCT250 24/23 A2984 RMK AO2 SLP104 T02390228 $
EWR,2023-07-17 07:51,3.00,200.00,KEWR 170751Z 27005KT 3SM BR OVC002 24/23 A2984 RMK AO2 SLP105 T02440233 $
EWR,2023-07-17 08:51,6.00,300.00,KEWR 170851Z VRB05KT 6SM BR OVC003 24/23 A2985 RMK AO2 SLP108 T02440228 52006 $
EWR,2023-07-17 09:51,7.00,600.00,KEWR 170951Z VRB04KT 7SM BKN006 BKN250 24/22 A2987 RMK AO2 SLP115 T02390222
EWR,2023-07-17 10:51,10.00,600.00,KEWR 171051Z 27004KT 10SM FEW006 SCT250 24/22 A2989 RMK AO2 SLP122 T02440222
EWR,2023-07-17 11:51,10.00,1200.00,KEWR 171151Z 36006KT 10SM FEW012 SCT150 SCT250 26/22 A2992 RMK AO2 SLP130 70137 T02610222 10261 20239 53022
EWR,2023-07-17 12:51,10.00,1400.00,KEWR 171251Z 02004KT 10SM FEW014 FEW250 27/22 A2992 RMK AO2 SLP131 T02720222
EWR,2023-07-17 13:51,10.00,1500.00,KEWR 171351Z 36003KT 10SM FEW015 FEW250 28/22 A2993 RMK AO2 SLP133 T02830222
EWR,2023-07-17 14:51,10.00,2000.00,KEWR 171451Z 02005KT 10SM FEW020 FEW250 31/21 A2993 RMK AO2 SLP135 T03060206 53005
EWR,2023-07-17 15:51,10.00,4000.00,KEWR 171551Z 23003KT 10SM FEW040 FEW250 32/21 A2994 RMK AO2 SLP139 T03170211
EWR,2023-07-17 16:51,9.00,4200.00,KEWR 171651Z VRB04KT 9SM FEW042 SCT250 33/19 A2994 RMK AO2 SLP139 T03280189
EWR,2023-07-17 17:51,7.00,4500.00,KEWR 171751Z 30005KT 7SM FEW045 SCT250 33/16 A2993 RMK AO2 SLP136 T03280161 10333 20256 50000
EWR,2023-07-17 18:51,7.00,5500.00,KEWR 171851Z VRB06KT 7SM FEW055 SCT250 33/18 A2993 RMK AO2 SLP133 T03280183
EWR,2023-07-17 19:51,6.00,5500.00,KEWR 171951Z 25012KT 6SM HZ FEW055 FEW250 33/17 A2991 RMK AO2 SLP129 T03330167
EWR,2023-07-17 20:51,6.00,5500.00,KEWR 172051Z 25013G24KT 6SM HZ FEW055 FEW250 33/15 A2990 RMK AO2 SLP126 T03330150 58010
EWR,2023-07-17 21:51,7.00,5500.00,KEWR 172151Z 22006KT 7SM FEW055 SCT250 31/17 A2989 RMK AO2 SLP122 T03110172
EWR,2023-07-17 22:51,9.00,5000.00,KEWR 172251Z 15006KT 9SM FEW050 BKN250 30/23 A2990 RMK AO2 SLP126 T03000233
EWR,2023-07-17 23:51,8.00,5000.00,KEWR 172351Z 16007KT 8SM FEW050 BKN250 29/23 A2991 RMK AO2 SLP128 T02890228 10339 20289 53002
EWR,2023-07-18 00:51,8.00,6000.00,KEWR 180051Z 16006KT 8SM FEW060 BKN250 28/22 A2993 RMK AO2 SLP133 T02830217
EWR,2023-07-18 01:51,9.00,6000.00,KEWR 180151Z 19005KT 9SM FEW060 SCT250 28/22 A2994 RMK AO2 SLP138 T02780222
EWR,2023-07-18 02:51,8.00,25000.00,KEWR 180251Z 18006KT 8SM BKN250 28/22 A2995 RMK AO2 SLP141 T02780222 51013
EWR,2023-07-18 03:51,8.00,25000.00,KEWR 180351Z 20008KT 8SM BKN250 27/21 A2996 RMK AO2 SLP143 T02720211
EWR,2023-07-18 04:51,10.00,25000.00,KEWR 180451Z 20007KT 10SM SCT250 27/21 A2997 RMK AO2 SLP147 T02670206 403390239
EWR,2023-07-18 05:51,10.00,25000.00,KEWR 180551Z 19006KT 10SM SCT250 26/21 A2995 RMK AO2 SLP142 T02610211 10289 20261 50001
EWR,2023-07-18 06:51,10.00,25000.00,KEWR 180651Z 24006KT 10SM SCT250 26/21 A2995 RMK AO2 SLP140 T02560211
EWR,2023-07-18 07:51,10.00,4800.00,KEWR 180751Z 15004KT 10SM FEW048 BKN250 26/21 A2993 RMK AO2 SLP135 T02560211
EWR,2023-07-18 08:51,10.00,11000.00,KEWR 180851Z 20003KT 10SM FEW110 BKN250 24/21 A2993 RMK AO2 SLP134 T02440211 56007
EWR,2023-07-18 09:51,10.00,18000.00,KEWR 180951Z 00000KT 10SM FEW180 BKN250 25/21 A2994 RMK AO2 SLP137 T02500211
EWR,2023-07-18 10:51,10.00,18000.00,KEWR 181051Z 20003KT 10SM SCT180 BKN250 25/22 A2995 RMK AO2 SLP141 T02500217
EWR,2023-07-18 11:51,10.00,18000.00,KEWR 181151Z 00000KT 10SM SCT180 BKN250 26/22 A2995 RMK AO2 SLP142 T02560222 10261 20244 51007
EWR,2023-07-18 12:51,9.00,18000.00,KEWR 181251Z 14004KT 9SM SCT180 BKN250 27/23 A2995 RMK AO2 SLP143 T02670228
EWR,2023-07-18 13:51,8.00,4000.00,KEWR 181351Z VRB03KT 8SM FEW040 FEW200 BKN250 29/23 A2996 RMK AO2 SLP144 T02890228
EWR,2023-07-18 14:51,8.00,2200.00,KEWR 181451Z 14007KT 8SM SCT022 SCT055 BKN250 30/23 A2995 RMK AO2 LTG DSNT SW SLP141 T03000233 58001
EWR,2023-07-18 15:51,3.00,1000.00,KEWR 181551Z 12009G23KT 3SM R04R/1000VP6000FT +TSRA FEW010 BKN020CB OVC048 23/20 A2996 RMK AO2 WSHFT 1521 LTG DSNT ALQDS RAB06 TSE06B09 SLP145 VIS SW 1/4 OCNL LTGICCG OHD TS OHD MOV NE P0109 T02280200
EWR,2023-07-18 16:51,7.00,1000.00,KEWR 181651Z VRB03KT 7SM TS FEW010 FEW025CB BKN100 24/21 A2995 RMK AO2 LTG DSNT ALQDS RAE37 SLP141 OCNL LTGICCG VC E TS VC E MOV NE P0007 T02390211
EWR,2023-07-18 17:51,8.00,2500.00,KEWR 181751Z 15008KT 8SM FEW025 SCT100 BKN250 28/21 A2994 RMK AO2 LTG DSNT NE-S TSE42 SLP136 60116 T02780211 10300 20228 58005
EWR,2023-07-18 18:51,8.00,2500.00,KEWR 181851Z 16009KT 8SM FEW025 SCT100 BKN250 27/21 A2993 RMK AO2 LTG DSNT E-SW TSE31B34E50 SLP136 T02670211
EWR,2023-07-18 19:51,10.00,2500.00,KEWR 181951Z 16007KT 10SM FEW025 SCT100 BKN250 26/20 A2992 RMK AO2 LTG DSNT N AND S AND SW TSE31B34E51 SLP130 T02560200
EWR,2023-07-18 20:51,10.00,3000.00,KEWR 182051Z 17011KT 10SM FEW030 SCT110 BKN250 28/21 A2991 RMK AO2 LTG DSNT N SLP128 T02780206 58009
EWR,2023-07-18 21:51,10.00,2000.00,KEWR 182151Z VRB03KT 10SM FEW020 FEW100 SCT250 28/20 A2990 RMK AO2 LTG DSNT E SLP125 T02780200
EWR,2023-07-18 22:51,10.00,1500.00,KEWR 182251Z 20005KT 10SM FEW015 FEW050 SCT250 27/22 A2991 RMK AO2 SLP126 T02720222
EWR,2023-07-18 23:51,10.00,1800.00,KEWR 182351Z 16007KT 10SM FEW018 FEW050 FEW250 27/22 A2991 RMK AO2 SLP127 T02720217 10283 20256 55001
EWR,2023-07-19 00:51,10.00,4500.00,KEWR 190051Z 18004KT 10SM FEW045 FEW250 26/22 A2991 RMK AO2 SLP128 T02610217
EWR,2023-07-19 01:51,10.00,4500.00,KEWR 190151Z 21005KT 10SM FEW045 FEW250 25/22 A2993 RMK AO2 SLP135 T02500217 $
EWR,2023-07-19 02:51,10.00,4500.00,KEWR 190251Z 23006KT 10SM FEW045 FEW250 26/21 A2995 RMK AO2 SLP141 T02610211 53014 $
EWR,2023-07-19 03:51,9.00,4500.00,KEWR 190351Z 27008KT 9SM FEW045 FEW250 26/19 A2997 RMK AO2 SLP148 T02610194 $
EWR,2023-07-19 04:51,9.00,25000.00,KEWR 190451Z 27007KT 9SM FEW250 26/19 A2997 RMK AO2 SLP148 T02560189 403000228 $
EWR,2023-07-19 05:51,9.00,25000.00,KEWR 190551Z VRB05KT 9SM FEW250 24/19 A2996 RMK AO2 SLP145 T02390189 10272 20239 50004 $
EWR,2023-07-19 06:51,8.00,25000.00,KEWR 190651Z 28005KT 8SM FEW250 24/19 A2996 RMK AO2 SLP144 T02390189 $
EWR,2023-07-19 07:51,8.00,25000.00,KEWR 190751Z 27005KT 8SM FEW250 23/19 A2996 RMK AO2 SLP146 T02330189 $
EWR,2023-07-19 08:51,8.00,25000.00,KEWR 190851Z 23004KT 8SM FEW250 22/19 A2998 RMK AO2 SLP152 T02220189 53007 $
EWR,2023-07-19 09:51,7.00,10000.00,KEWR 190951Z 28003KT 7SM FEW100 BKN250 23/18 A2998 RMK AO2 SLP152 T02330183 $
EWR,2023-07-19 10:51,7.00,9000.00,KEWR 191051Z 00000KT 7SM BKN090 BKN250 24/19 A3001 RMK AO2 SLP160 T02390189 $
EWR,2023-07-19 11:51,8.00,5500.00,KEWR 191151Z 26004KT 8SM FEW055 BKN090 OVC250 24/19 A3003 RMK AO2 RAB03E13 SLP168 P0000 60000 70116 T02390189 10244 20217 53016 $
EWR,2023-07-19 12:51,6.00,8000.00,KEWR 191251Z 00000KT 6SM HZ BKN080 OVC110 25/19 A3003 RMK AO2 SLP167 T02500189 $
EWR,2023-07-19 13:51,6.00,7000.00,KEWR 191351Z 00000KT 6SM HZ SCT070 BKN085 OVC250 26/18 A3003 RMK AO2 SLP169 T02560183 $
EWR,2023-07-19 14:51,6.00,7000.00,KEWR 191451Z VRB03KT 6SM HZ BKN070 BKN085 OVC100 26/19 A3003 RMK AO2 SLP168 T02560189 53000 $
EWR,2023-07-19 15:51,6.00,4700.00,KEWR 191551Z 18005KT 6SM HZ BKN047 BKN055 OVC250 25/18 A3004 RMK AO2 LTG DSNT SE SLP172 T02500183 $
EWR,2023-07-19 16:51,6.00,1600.00,KEWR 191651Z 16004KT 6SM -RA HZ FEW016 SCT023 OVC035 24/20 A3004 RMK AO2 RAB26 SLP171 P0000 T02390200 $
EWR,2023-07-19 17:51,7.00,1300.00,KEWR 191751Z 15005KT 7SM FEW013 BKN020 BKN041 OVC150 24/20 A3003 RMK AO2 RAE12 SLP167 P0000 60000 T02440200 10261 20233 58001 $
EWR,2023-07-19 18:51,7.00,1800.00,KEWR 191851Z 15005KT 7SM BKN018 BKN025 OVC045 26/21 A3001 RMK AO2 SLP163 T02560206 $
EWR,2023-07-19 19:51,7.00,2000.00,KEWR 191951Z VRB06KT 7SM SCT020 BKN110 26/21 A3000 RMK AO2 SLP158 T02610206 $
EWR,2023-07-19 20:51,8.00,2500.00,KEWR 192051Z VRB04KT 8SM FEW025 SCT110 SCT250 27/21 A2999 RMK AO2 SLP154 T02720206 56013 $
EWR,2023-07-19 21:51,9.00,3000.00,KEWR 192151Z VRB03KT 9SM SCT030 SCT250 28/21 A2997 RMK AO2 SLP150 T02830206 $
EWR,2023-07-19 22:51,9.00,2500.00,KEWR 192251Z 16005KT 9SM FEW025 SCT037 SCT250 27/21 A2998 RMK AO2 SLP151 T02670211 $
EWR,2023-07-19 23:51,7.00,3500.00,KEWR 192351Z 16007KT 7SM FEW035 SCT250 26/21 A2999 RMK AO2 SLP155 T02560211 10289 20244 53001 $
EWR,2023-07-20 00:51,7.00,2500.00,KEWR 200051Z VRB03KT 7SM FEW025 FEW042 SCT250 26/21 A3001 RMK AO2 SLP161 T02560211 $
EWR,2023-07-20 01:51,7.00,1500.00,KEWR 200151Z 00000KT 7SM FEW015 FEW040 SCT250 24/21 A3002 RMK AO2 SLP166 T02440211 $
EWR,2023-07-20 02:51,5.00,1500.00,KEWR 200251Z 16003KT 5SM HZ FEW015 FEW040 SCT250 24/22 A3002 RMK AO2 SLP165 60000 T02440217 50009 $
EWR,2023-07-20 03:51,5.00,1500.00,KEWR 200351Z 00000KT 5SM HZ FEW015 FEW040 SCT250 24/22 A3001 RMK AO2 SLP161 T02440217 $
EWR,2023-07-20 04:51,5.00,1500.00,KEWR 200451Z 00000KT 5SM BR FEW015 FEW040 SCT250 24/22 A3001 RMK AO2 SLP160 T02390217 402890217 $
EWR,2023-07-20 05:51,5.00,1500.00,KEWR 200551Z 00000KT 5SM HZ FEW015 FEW040 SCT250 24/21 A3000 RMK AO2 SLP158 60000 T02390211 10256 20233 56007 $
EWR,2023-07-20 06:51,5.00,1500.00,KEWR 200651Z 31003KT 5SM BR FEW015 FEW040 SCT250 23/21 A3000 RMK AO2 SLP157 T02330211 $
EWR,2023-07-20 07:51,5.00,1500.00,KEWR 200751Z 34003KT 5SM HZ FEW015 FEW040 SCT250 23/21 A2999 RMK AO2 SLP154 T02330206 $
EWR,2023-07-20 08:51,4.00,1500.00,KEWR 200851Z 02006KT 4SM BR FEW015 SCT250 23/21 A2999 RMK AO2 SLP153 T02280211 58005 $
EWR,2023-07-20 09:51,4.00,1000.00,KEWR 200951Z 36006KT 4SM BR FEW010 FEW120 BKN250 23/21 A2999 RMK AO2 SLP155 T02280211 $
EWR,2023-07-20 10:51,3.00,1000.00,KEWR 201051Z 36007KT 3SM BR FEW010 FEW120 BKN250 23/21 A3000 RMK AO2 SLP157 T02330211 $
EWR,2023-07-20 11:51,4.00,12000.00,KEWR 201151Z 04003KT 4SM HZ FEW120 SCT250 25/21 A3000 RMK AO2 SLP159 T02500211 10250 20222 53006 $
EWR,2023-07-20 12:51,5.00,10000.00,KEWR 201251Z 36008KT 5SM HZ SCT100 26/20 A3001 RMK AO2 SLP161 T02610200
EWR,2023-07-20 13:51,6.00,10000.00,KEWR 201351Z VRB03KT 6SM HZ SCT100 BKN250 28/21 A3000 RMK AO2 SLP159 T02780206
EWR,2023-07-20 14:51,6.00,2800.00,KEWR 201451Z VRB03KT 6SM HZ FEW028 FEW075 BKN095 29/20 A2999 RMK AO2 SLP156 T02890200 58003
EWR,2023-07-20 15:51,10.00,3200.00,KEWR 201551Z VRB03KT 10SM FEW032 SCT075 BKN090 BKN210 29/16 A2999 RMK AO2 SLP154 T02890156
EWR,2023-07-20 16:51,10.00,3800.00,KEWR 201651Z 00000KT 10SM FEW038 FEW075 SCT090 BKN210 31/16 A2997 RMK AO2 SLP147 T03060156
EWR,2023-07-20 17:51,10.00,5000.00,KEWR 201751Z 15009G15KT 10SM FEW050 FEW080 SCT100 BKN230 31/17 A2996 RMK AO2 SLP145 T03060167 10311 20250 58011
EWR,2023-07-20 18:51,10.00,5000.00,KEWR 201851Z 16009G14KT 10SM FEW050 BKN100 BKN230 29/16 A2995 RMK AO2 SLP143 T02940156
EWR,2023-07-20 19:51,10.00,5000.00,KEWR 201951Z 16009KT 10SM FEW050 SCT090 BKN230 31/16 A2994 RMK AO2 SLP138 T03060156
EWR,2023-07-20 20:51,10.00,5000.00,KEWR 202051Z 15007KT 130V190 10SM FEW050 SCT100 BKN180 BKN250 30/16 A2994 RMK AO2 SLP137 T03000156 56008
EWR,2023-07-20 21:51,10.00,5500.00,KEWR 202151Z 15007KT 10SM FEW055 FEW100 SCT180 BKN250 29/16 A2991 RMK AO2 SLP127 T02890156
EWR,2023-07-20 22:51,10.00,10000.00,KEWR 202251Z 17008KT 10SM FEW100 SCT180 BKN250 28/16 A2991 RMK AO2 SLP127 T02830156
EWR,2023-07-20 23:51,10.00,6000.00,KEWR 202351Z 15005KT 10SM FEW060 FEW100 FEW180 SCT250 28/15 A2990 RMK AO2 SLP123 T02780150 10306 20278 56014
EWR,2023-07-21 00:51,10.00,10000.00,KEWR 210051Z 16005KT 10SM FEW100 FEW180 SCT250 27/17 A2989 RMK AO2 SLP122 T02670167
EWR,2023-07-21 01:51,10.00,10000.00,KEWR 210151Z 18006KT 10SM FEW100 FEW180 SCT250 25/17 A2989 RMK AO2 SLP122 T02500172
EWR,2023-07-21 02:51,10.00,10000.00,KEWR 210251Z 18004KT 10SM FEW100 FEW250 26/18 A2988 RMK AO2 SLP118 T02560183 58005
EWR,2023-07-21 03:51,10.00,25000.00,KEWR 210351Z 17006KT 10SM FEW250 25/18 A2987 RMK AO2 SLP115 T02500183
EWR,2023-07-21 04:51,9.00,25000.00,KEWR 210451Z 16005KT 9SM FEW250 24/20 A2985 RMK AO2 SLP109 T02440200 403110222
EWR,2023-07-21 05:51,9.00,1500.00,KEWR 210551Z 18004KT 9SM FEW015 FEW250 24/21 A2984 RMK AO2 SLP105 T02390206 10278 20233 57013
EWR,2023-07-21 06:51,8.00,1500.00,KEWR 210651Z 15003KT 8SM SCT015 BKN250 24/21 A2982 RMK AO2 SLP097 T02390211
EWR,2023-07-21 07:51,8.00,1500.00,KEWR 210751Z 17004KT 8SM SCT015 BKN038 BKN250 24/21 A2982 RMK AO2 SLP097 T02390211
EWR,2023-07-21 08:51,9.00,1300.00,KEWR 210851Z COR 17004KT 9SM BKN013 BKN035 BKN090 BKN250 24/21 A2981 RMK AO2 LTG DSNT W AND NW SLP093 BKN013 V SCT T02440211 56013
EWR,2023-07-21 09:51,5.00,900.00,KEWR 210951Z VRB03KT 5SM R04R/4500VP6000FT TSRA BR SCT009 BKN025 BKN038CB OVC130 23/22 A2979 RMK AO2 LTG DSNT ALQDS RAB19 TSB17 SLP088 FRQ LTGICCG OHD TS OHD MOV E P0024 T02330222
EWR,2023-07-21 10:51,10.00,700.00,KEWR 211051Z 19007KT 10SM FEW007 FEW025 BKN110 OVC150 23/19 A2978 RMK AO2 LTG DSNT E RAE31 TSE31 SLP084 P0002 T02330189
EWR,2023-07-21 11:51,10.00,700.00,KEWR 211151Z 18006KT 10SM FEW007 BKN110 BKN150 23/19 A2977 RMK AO2 SLP082 60026 70026 T02280194 10244 20228 56010
EWR,2023-07-21 12:51,10.00,900.00,KEWR 211251Z 06003KT 10SM -RA FEW009 SCT036 BKN095 BKN250 23/20 A2977 RMK AO2 RAB02 PRESFR SLP079 P0002 T02280200
EWR,2023-07-21 13:51,10.00,900.00,KEWR 211351Z 00000KT 10SM FEW009 BKN120 BKN250 24/21 A2976 RMK AO2 RAE01 SLP075 P0000 T02440206
EWR,2023-07-21 14:51,10.00,2500.00,KEWR 211451Z VRB04KT 10SM FEW025 BKN120 27/20 A2976 RMK AO2 SLP076 60002 T02670200 55006
EWR,2023-07-21 15:51,10.00,3000.00,KEWR 211551Z 23006KT 10SM FEW030 BKN110 BKN130 29/19 A2976 RMK AO2 SLP077 T02890189
EWR,2023-07-21 16:51,10.00,2000.00,KEWR 211651Z VRB05KT 10SM FEW020 FEW035 BKN110 29/19 A2975 RMK AO2 SLP073 T02940194
EWR,2023-07-21 17:51,10.00,4500.00,KEWR 211751Z 24012G16KT 10SM SCT045 SCT110 BKN140 31/18 A2973 RMK AO2 SLP068 60002 T03060178 10311 20222 58008
EWR,2023-07-21 18:51,10.00,4500.00,KEWR 211851Z 28012KT 10SM SCT045 SCT120 31/18 A2972 RMK AO2 SLP063 T03110178
EWR,2023-07-21 19:51,10.00,4500.00,KEWR 211951Z 27011G19KT 10SM FEW045 SCT120 SCT250 31/18 A2971 RMK AO2 SLP061 T03110178
EWR,2023-07-21 20:51,10.00,4800.00,KEWR 212051Z 25013KT 10SM FEW048 SCT120 SCT250 31/18 A2971 RMK AO2 SLP059 T03110178 56009
EWR,2023-07-21 21:51,10.00,4500.00,KEWR 212151Z 28009KT 10SM FEW045 FEW120 FEW250 31/18 A2970 RMK AO2 SLP058 T03060178
EWR,2023-07-21 22:51,10.00,4500.00,KEWR 212251Z 29013KT 10SM FEW045 FEW120 30/17 A2970 RMK AO2 SLP058 CB DSNT NE MOV E T03000167
EWR,2023-07-21 23:51,10.00,5000.00,KEWR 212351Z 26013KT 10SM FEW050 FEW120 28/18 A2972 RMK AO2 SLP063 CB DSNT NE MOV E T02830178 10311 20283 53004
EWR,2023-07-22 00:51,10.00,5000.00,KEWR 220051Z 27012KT 10SM FEW050 SCT120 28/17 A2973 RMK AO2 SLP066 FRQ LTGIC DSNT NE-DSNT E CB DSNT NE-DSNT E MOV E T02780172
EWR,2023-07-22 01:51,10.00,5000.00,KEWR 220151Z 28009KT 10SM FEW050 SCT120 27/17 A2974 RMK AO2 SLP070 FRQ LTGIC DSNT E CB DSNT E MOV E T02670172
EWR,2023-07-22 02:51,10.00,7000.00,KEWR 220251Z 31006KT 10SM FEW070 FEW140 26/17 A2975 RMK AO2 SLP072 T02610172 52009
EWR,2023-07-22 03:51,10.00,15000.00,KEWR 220351Z 32009KT 10SM FEW150 26/16 A2975 RMK AO2 SLP073 T02560161 $
EWR,2023-07-22 04:51,10.00,13000.00,KEWR 220451Z 31010KT 10SM FEW130 25/16 A2976 RMK AO2 SLP076 T02500156 403110222 $
EWR,2023-07-22 05:51,10.00,12000.00,KEWR 220551Z 32007KT 10SM FEW120 24/16 A2976 RMK AO2 SLP077 T02440161 10283 20239 53004 $
EWR,2023-07-22 06:51,10.00,12000.00,KEWR 220651Z 32006KT 10SM FEW120 23/16 A2976 RMK AO2 SLP076 T02330161 $
EWR,2023-07-22 07:51,10.00,M,KEWR 220751Z 32010KT 10SM CLR 23/16 A2975 RMK AO2 SLP074 T02280161 $
EWR,2023-07-22 08:51,10.00,10000.00,KEWR 220851Z 32010KT 10SM FEW100 22/16 A2976 RMK AO2 SLP078 T02220156 53001 $
EWR,2023-07-22 09:51,10.00,10000.00,KEWR 220951Z 31007G16KT 10SM FEW100 SCT250 22/15 A2977 RMK AO2 SLP080 T02170150 $
EWR,2023-07-22 10:51,10.00,10000.00,KEWR 221051Z 32010KT 10SM FEW100 SCT250 22/16 A2978 RMK AO2 SLP085 T02220156 $
EWR,2023-07-22 11:51,10.00,3000.00,KEWR 221151Z 33009G18KT 10SM FEW030 SCT250 23/16 A2980 RMK AO2 SLP090 70002 T02330156 10244 20217 53012 $
EWR,2023-07-22 12:51,10.00,3500.00,KEWR 221251Z 34012KT 10SM FEW035 SCT250 24/15 A2980 RMK AO2 SLP092 T02440150 $
EWR,2023-07-22 13:51,10.00,3500.00,KEWR 221351Z 31011KT 10SM FEW035 FEW250 26/15 A2981 RMK AO2 SLP093 T02610150 $
EWR,2023-07-22 14:51,10.00,3500.00,KEWR 221451Z 01009KT 10SM FEW035 FEW250 27/15 A2981 RMK AO2 SLP094 T02670150 51005 $
EWR,2023-07-22 15:51,10.00,4500.00,KEWR 221551Z 32009KT 300V010 10SM FEW045 SCT250 27/14 A2981 RMK AO2 SLP093 T02720144 $
EWR,2023-07-22 16:51,10.00,5000.00,KEWR 221651Z 32007G14KT 280V360 10SM FEW050 SCT250 29/13 A2980 RMK AO2 SLP092 T02890133 $
EWR,2023-07-22 17:51,10.00,5000.00,KEWR 221751Z 30011G16KT 270V340 10SM FEW050 SCT250 29/13 A2979 RMK AO2 SLP089 T02940133 10300 20233 58005 $
EWR,2023-07-22 18:51,10.00,6000.00,KEWR 221851Z 32009G17KT 10SM SCT060 BKN250 29/13 A2980 RMK AO2 SLP089 T02940133 $
EWR,2023-07-22 19:51,10.00,6500.00,KEWR 221951Z 32012G17KT 10SM SCT065 BKN250 30/12 A2979 RMK AO2 SLP088 T03000122 $
EWR,2023-07-22 20:51,10.00,7000.00,KEWR 222051Z 32011G20KT 10SM SCT070 BKN250 29/12 A2980 RMK AO2 SLP092 T02940117 53003 $
EWR,2023-07-22 21:51,10.00,7000.00,KEWR 222151Z 30011G17KT 10SM FEW070 SCT200 BKN250 29/12 A2979 RMK AO2 SLP088 T02890117 $
EWR,2023-07-22 22:51,10.00,7000.00,KEWR 222251Z 32011KT 10SM FEW070 SCT200 BKN250 29/12 A2980 RMK AO2 SLP090 T02890117 $
EWR,2023-07-22 23:51,10.00,7000.00,KEWR 222351Z 29004KT 10SM FEW070 FEW200 BKN250 28/12 A2981 RMK AO2 SLP095 T02830117 10306 20283 53004 $
EWR,2023-07-23 00:51,10.00,7000.00,KEWR 230051Z 29004KT 10SM FEW070 FEW200 SCT250 28/12 A2982 RMK AO2 SLP097 T02780122 $
EWR,2023-07-23 01:51,10.00,20000.00,KEWR 230151Z 27006KT 10SM FEW200 SCT250 27/13 A2984 RMK AO2 SLP103 T02720128 $
EWR,2023-07-23 02:51,10.00,20000.00,KEWR 230251Z 29007KT 10SM FEW200 BKN250 26/14 A2984 RMK AO2 SLP103 T02560144 51008 $
EWR,2023-07-23 03:51,10.00,22000.00,KEWR 230351Z 28004KT 10SM BKN220 26/14 A2985 RMK AO2 SLP106 T02560139 $
EWR,2023-07-23 04:51,10.00,22000.00,KEWR 230451Z 30004KT 10SM SCT220 24/14 A2986 RMK AO2 SLP112 T02440139 403060217 $
EWR,2023-07-23 05:51,10.00,22000.00,KEWR 230551Z 32004KT 10SM SCT220 24/14 A2987 RMK AO2 SLP114 T02440139 10283 20239 51011 $
EWR,2023-07-23 06:51,10.00,25000.00,KEWR 230651Z 00000KT 10SM SCT250 22/14 A2987 RMK AO2 SLP115 T02220139 $
EWR,2023-07-23 07:51,10.00,25000.00,KEWR 230751Z 00000KT 10SM FEW250 22/15 A2988 RMK AO2 SLP116 T02220150 $
EWR,2023-07-23 08:51,10.00,25000.00,KEWR 230851Z 00000KT 10SM FEW250 22/14 A2989 RMK AO2 SLP123 T02170144 53009 $
EWR,2023-07-23 09:51,10.00,25000.00,KEWR 230951Z 03005KT 10SM FEW250 20/14 A2991 RMK AO2 SLP128 T02000144 $
EWR,2023-07-23 10:51,10.00,25000.00,KEWR 231051Z 02006KT 10SM FEW250 22/16 A2993 RMK AO2 SLP135 T02170156 $
EWR,2023-07-23 11:51,10.00,25000.00,KEWR 231151Z 02006KT 10SM FEW250 24/15 A2994 RMK AO2 SLP139 T02390150 10244 20200 51017 $
EWR,2023-07-23 12:51,10.00,25000.00,KEWR 231251Z 04003KT 10SM FEW250 26/15 A2997 RMK AO2 SLP147 T02610150 $
EWR,2023-07-23 13:51,10.00,25000.00,KEWR 231351Z VRB06KT 10SM FEW250 28/14 A2997 RMK AO2 SLP149 T02830139 $
EWR,2023-07-23 14:51,10.00,5500.00,KEWR 231451Z VRB05KT 10SM FEW055 FEW180 30/14 A2997 RMK AO2 SLP150 T03000144 51010 $
EWR,2023-07-23 15:51,10.00,6000.00,KEWR 231551Z 11006KT 10SM FEW060 SCT200 29/14 A2997 RMK AO2 SLP147 T02940139 $
EWR,2023-07-23 16:51,10.00,6500.00,KEWR 231651Z VRB05KT 10SM FEW065 SCT200 32/14 A2996 RMK AO2 SLP146 T03170139 $
EWR,2023-07-23 17:51,10.00,6500.00,KEWR 231751Z 00000KT 10SM SCT065 SCT090 31/13 A2995 RMK AO2 SLP142 T03110133 10322 20239 58008 $
EWR,2023-07-23 18:51,10.00,7000.00,KEWR 231851Z 18005KT 10SM SCT070 SCT095 31/14 A2994 RMK AO2 SLP140 T03110144 $
EWR,2023-07-23 19:51,10.00,7000.00,KEWR 231951Z VRB06KT 10SM BKN070 BKN095 34/14 A2994 RMK AO2 SLP136 T03390139 $
EWR,2023-07-23 20:51,10.00,7500.00,KEWR 232051Z 17010KT 10SM SCT075 SCT095 30/16 A2994 RMK AO2 SLP137 T03000156 55004 $
EWR,2023-07-23 21:51,10.00,7500.00,KEWR 232151Z 16009KT 10SM SCT075 SCT095 BKN120 29/17 A2994 RMK AO2 SLP139 T02890167 $
EWR,2023-07-23 22:51,10.00,8000.00,KEWR 232251Z 17012KT 10SM SCT080 SCT100 BKN130 29/17 A2995 RMK AO2 SLP141 T02940172 $
EWR,2023-07-23 23:51,10.00,7500.00,KEWR 232351Z 17007KT 10SM SCT075 SCT100 SCT130 29/17 A2997 RMK AO2 SLP148 T02890172 10339 20289 53010 $
EWR,2023-07-24 00:51,10.00,7000.00,KEWR 240051Z 18011KT 10SM FEW070 FEW120 28/17 A3000 RMK AO2 SLP157 T02780172 $
EWR,2023-07-24 01:51,10.00,7000.00,KEWR 240151Z 19005KT 10SM FEW070 27/17 A3003 RMK AO2 SLP167 T02670172 $
EWR,2023-07-24 02:51,10.00,7500.00,KEWR 240251Z 19008KT 10SM SCT075 26/16 A3004 RMK AO2 SLP171 T02610156 51023 $
EWR,2023-07-24 03:51,10.00,7500.00,KEWR 240351Z 20009KT 10SM FEW075 FEW120 FEW250 26/16 A3004 RMK AO2 SLP172 T02560156 $
EWR,2023-07-24 04:51,10.00,25000.00,KEWR 240451Z 22009KT 10SM FEW250 25/16 A3004 RMK AO2 SLP173 T02500156 403390200 $
EWR,2023-07-24 05:51,10.00,25000.00,KEWR 240551Z 23008KT 10SM FEW250 25/16 A3005 RMK AO2 SLP176 T02500156 10289 20239 53006 $
EWR,2023-07-24 06:51,10.00,25000.00,KEWR 240651Z 23006KT 10SM FEW250 24/16 A3005 RMK AO2 SLP176 T02390161 $
EWR,2023-07-24 07:51,10.00,25000.00,KEWR 240751Z 23005KT 10SM SCT250 23/17 A3006 RMK AO2 SLP179 T02280167 $
EWR,2023-07-24 08:51,10.00,25000.00,KEWR 240851Z 23004KT 10SM SCT250 23/17 A3007 RMK AO2 SLP183 T02330167 53006 $
EWR,2023-07-24 09:51,10.00,13000.00,KEWR 240951Z 24004KT 10SM FEW130 BKN250 23/17 A3008 RMK AO2 SLP185 T02330167 $
EWR,2023-07-24 10:51,10.00,13000.00,KEWR 241051Z 00000KT 10SM FEW130 BKN250 24/17 A3008 RMK AO2 SLP186 T02440167 $
EWR,2023-07-24 11:51,10.00,13000.00,KEWR 241151Z 20003KT 10SM FEW130 BKN250 25/17 A3009 RMK AO2 SLP190 T02500167 10250 20217 53007 $
EWR,2023-07-24 12:51,10.00,13000.00,KEWR 241251Z 15004KT 10SM FEW130 BKN220 OVC260 25/17 A3010 RMK AO2 SLP191 T02500172
EWR,2023-07-24 13:51,10.00,12000.00,KEWR 241351Z 21003KT 10SM FEW120 BKN200 OVC260 26/18 A3011 RMK AO2 SLP194 T02560178
EWR,2023-07-24 14:51,10.00,5000.00,KEWR 241451Z VRB03KT 10SM FEW050 FEW130 BKN210 BKN260 27/18 A3011 RMK AO2 SLP197 T02670178 53006
EWR,2023-07-24 15:51,10.00,5000.00,KEWR 241551Z 21003KT 10SM FEW050 FEW130 SCT210 BKN260 29/18 A3011 RMK AO2 SLP196 T02890178
EWR,2023-07-24 16:51,10.00,5000.00,KEWR 241651Z 18007KT 150V220 10SM FEW050 SCT120 BKN250 29/17 A3010 RMK AO2 SLP193 T02940167
EWR,2023-07-24 17:51,10.00,5000.00,KEWR 241751Z 19008G17KT 10SM FEW050 SCT140 BKN250 31/16 A3010 RMK AO2 SLP191 T03060161 10306 20250 58005
EWR,2023-07-24 18:51,10.00,5000.00,KEWR 241851Z 17008KT 10SM FEW050 SCT140 30/17 A3008 RMK AO2 SLP184 T03000172
EWR,2023-07-24 19:51,10.00,5000.00,KEWR 241951Z 20008KT 10SM FEW050 SCT140 BKN250 31/15 A3006 RMK AO2 SLP180 T03110150
EWR,2023-07-24 20:51,10.00,5000.00,KEWR 242051Z 13009KT 10SM FEW050 SCT140 SCT250 30/19 A3005 RMK AO2 SLP177 T03000194 56015
EWR,2023-07-24 21:51,10.00,5000.00,KEWR 242151Z 13008KT 10SM FEW050 FEW140 FEW250 29/20 A3005 RMK AO2 SLP175 T02940200
EWR,2023-07-24 22:51,10.00,5000.00,KEWR 242251Z 14011KT 10SM FEW050 FEW140 FEW250 28/21 A3005 RMK AO2 SLP176 T02780206
EWR,2023-07-24 23:51,10.00,4500.00,KEWR 242351Z 16011KT 10SM FEW045 SCT070 BKN250 27/21 A3005 RMK AO2 SLP176 T02720211 10311 20272 56000
EWR,2023-07-25 00:51,10.00,4500.00,KEWR 250051Z 16006KT 10SM FEW045 SCT070 BKN250 27/21 A3006 RMK AO2 SLP180 T02670211
EWR,2023-07-25 01:51,10.00,4000.00,KEWR 250151Z 17004KT 10SM FEW040 FEW070 FEW250 26/21 A3007 RMK AO2 SLP181 T02610211 $
EWR,2023-07-25 02:51,10.00,4000.00,KEWR 250251Z 19008KT 10SM FEW040 SCT120 SCT250 26/21 A3008 RMK AO2 SLP184 T02560206 53008 $
EWR,2023-07-25 03:51,10.00,3500.00,KEWR 250351Z 19010KT 10SM FEW035 SCT250 26/19 A3008 RMK AO2 SLP184 T02560189 $
EWR,2023-07-25 04:51,10.00,25000.00,KEWR 250451Z 20011KT 10SM SCT250 25/18 A3007 RMK AO2 SLP183 T02500178 403110217 $
EWR,2023-07-25 05:51,10.00,4000.00,KEWR 250551Z 22010KT 10SM FEW040 FEW250 25/18 A3008 RMK AO2 SLP184 T02500178 10272 20244 55000 $
EWR,2023-07-25 06:51,10.00,4200.00,KEWR 250651Z 22008KT 10SM FEW042 FEW250 24/18 A3007 RMK AO2 SLP183 T02440183 $
EWR,2023-07-25 07:51,10.00,4200.00,KEWR 250751Z 20006KT 10SM FEW042 SCT250 23/18 A3006 RMK AO2 SLP179 T02280183 $
EWR,2023-07-25 08:51,10.00,25000.00,KEWR 250851Z 20003KT 10SM SCT250 23/19 A3005 RMK AO2 SLP175 T02330189 58009 $
EWR,2023-07-25 09:51,10.00,12000.00,KEWR 250951Z 23008KT 10SM FEW120 SCT250 23/19 A3006 RMK AO2 SLP180 T02330189 $
EWR,2023-07-25 10:51,10.00,11000.00,KEWR 251051Z 23005KT 10SM FEW110 SCT250 23/19 A3007 RMK AO2 SLP182 T02330189 $
EWR,2023-07-25 11:51,10.00,12000.00,KEWR 251151Z 23003KT 10SM FEW120 FEW200 SCT250 26/19 A3008 RMK AO2 SLP185 T02560194 10256 20222 51010 $
EWR,2023-07-25 12:51,10.00,12000.00,KEWR 251251Z VRB03KT 10SM FEW120 SCT250 27/19 A3008 RMK AO2 SLP184 T02720189
EWR,2023-07-25 13:51,10.00,5000.00,KEWR 251351Z 24004KT 10SM FEW050 FEW130 BKN250 29/19 A3008 RMK AO2 SLP185 T02890194
EWR,2023-07-25 14:51,10.00,4000.00,KEWR 251451Z VRB05KT 10SM FEW040 BKN250 29/19 A3007 RMK AO2 SLP183 T02940194 58002
EWR,2023-07-25 15:51,10.00,4700.00,KEWR 251551Z VRB04KT 10SM SCT047 SCT250 31/18 A3007 RMK AO2 SLP181 T03060183
EWR,2023-07-25 16:51,10.00,4200.00,KEWR 251651Z 16006KT 10SM SCT042 BKN250 30/21 A3004 RMK AO2 SLP172 T03000206
EWR,2023-07-25 17:51,10.00,4500.00,KEWR 251751Z 13012G18KT 10SM SCT045 BKN250 30/21 A3001 RMK AO2 LTG DSNT W SLP160 T03000211 10311 20256 58023
EWR,2023-07-25 18:51,10.00,2000.00,KEWR 251851Z 13008KT 10SM TS FEW020 SCT035CB OVC250 28/21 A3000 RMK AO2 LTG DSNT SW-N TSE31B34 SLP159 OCNL LTGICCG OHD TS OHD MOV NE T02830206
EWR,2023-07-25 19:51,3.00,900.00,KEWR 251951Z 32009KT 3SM -TSRA BR FEW009 SCT030CB OVC070 22/19 A3007 RMK AO2 PK WND 24040/1909 WSHFT 1900 SFC VIS 4 LTG DSNT ALQDS RAB1856 SLP183 FRQ LTGICCG OHD TS OHD MOV NE P0082 T02170194
EWR,2023-07-25 20:51,9.00,900.00,KEWR 252051Z 07005KT 9SM -RA FEW009 SCT050 OVC110 23/20 A3007 RMK AO2 LTG DSNT ALQDS TSE49 SLP181 P0006 60088 T02280200 50021 $
EWR,2023-07-25 21:51,10.00,1200.00,KEWR 252151Z 10004KT 10SM FEW012 SCT050 SCT100 BKN160 OVC250 23/19 A3006 RMK AO2 LTG DSNT SE AND S RAE29 SLP180 P0001 T02280194 $
EWR,2023-07-25 22:51,10.00,1500.00,KEWR 252251Z 17004KT 10SM FEW015 FEW050 BKN160 BKN210 BKN250 23/20 A3006 RMK AO2 SLP180 T02330200 $
EWR,2023-07-25 23:51,10.00,1500.00,KEWR 252351Z 25004KT 10SM FEW015 FEW050 FEW120 SCT250 23/19 A3006 RMK AO2 SLP177 60089 T02280194 10300 20206 58004 $
EWR,2023-07-26 00:51,10.00,2500.00,KEWR 260051Z 30004KT 10SM FEW025 FEW050 SCT100 SCT250 23/19 A3006 RMK AO2 SLP179 T02280189 $
EWR,2023-07-26 01:51,10.00,1800.00,KEWR 260151Z 30005KT 10SM FEW018 FEW050 SCT100 BKN250 23/19 A3007 RMK AO2 SLP182 T02280189 $
EWR,2023-07-26 02:51,10.00,1800.00,KEWR 260251Z 32005KT 10SM FEW018 FEW100 BKN250 22/19 A3007 RMK AO2 SLP183 T02220189 51005 $
EWR,2023-07-26 03:51,10.00,2000.00,KEWR 260351Z 31005KT 10SM FEW020 FEW120 BKN250 22/18 A3007 RMK AO2 SLP183 T02220183 $
EWR,2023-07-26 04:51,10.00,2000.00,KEWR 260451Z 27005KT 10SM FEW020 FEW120 SCT250 22/19 A3008 RMK AO2 SLP184 T02170189 403110206 $
EWR,2023-07-26 05:51,10.00,2000.00,KEWR 260551Z 00000KT 10SM FEW020 FEW110 BKN250 21/19 A3007 RMK AO2 SLP181 T02110189 10233 20211 58001 $
EWR,2023-07-26 06:51,10.00,2000.00,KEWR 260651Z 23004KT 10SM FEW020 FEW120 BKN250 21/19 A3006 RMK AO2 SLP180 T02060189 $
EWR,2023-07-26 07:51,8.00,2000.00,KEWR 260751Z 23004KT 8SM FEW020 BKN250 21/19 A3006 RMK AO2 SLP179 T02060189 $
EWR,2023-07-26 08:51,9.00,200.00,KEWR 260851Z 27005KT 9SM FEW002 FEW020 SCT250 20/18 A3008 RMK AO2 SLP187 T02000183 53005 $
EWR,2023-07-26 09:51,9.00,2500.00,KEWR 260951Z 23004KT 9SM FEW025 SCT250 19/18 A3009 RMK AO2 SLP189 T01940183 $
EWR,2023-07-26 10:51,9.00,2500.00,KEWR 261051Z 00000KT 9SM FEW025 SCT250 20/19 A3010 RMK AO2 SLP191 T02000189 $
EWR,2023-07-26 11:51,9.00,25000.00,KEWR 261151Z 28003KT 9SM SCT250 22/18 A3012 RMK AO2 SLP198 70089 T02220183 10222 20189 53011 $
EWR,2023-07-26 12:51,10.00,25000.00,KEWR 261251Z 24004KT 10SM FEW250 25/19 A3013 RMK AO2 SLP202 T02500189
EWR,2023-07-26 13:51,10.00,25000.00,KEWR 261351Z VRB04KT 10SM FEW250 27/18 A3012 RMK AO2 SLP199 T02720183
EWR,2023-07-26 14:51,10.00,25000.00,KEWR 261451Z 00000KT 10SM FEW250 29/18 A3011 RMK AO2 SLP196 T02890178 58002
EWR,2023-07-26 15:51,10.00,4000.00,KEWR 261551Z 34004KT 10SM FEW040 31/18 A3010 RMK AO2 SLP192 P0000 T03060178
EWR,2023-07-26 16:51,10.00,5000.00,KEWR 261651Z 00000KT 10SM FEW050 32/18 A3008 RMK AO2 SLP186 T03170178
EWR,2023-07-26 17:51,10.00,5500.00,KEWR 261751Z 22010KT 10SM FEW055 32/18 A3007 RMK AO2 SLP181 60000 T03220178 10328 20222 58015
EWR,2023-07-26 18:51,10.00,5500.00,KEWR 261851Z 24012G17KT 10SM FEW055 33/18 A3006 RMK AO2 SLP179 T03280178
EWR,2023-07-26 19:51,10.00,6000.00,KEWR 261951Z 25011G20KT 10SM FEW060 32/18 A3005 RMK AO2 SLP176 T03220178
EWR,2023-07-26 20:51,10.00,6000.00,KEWR 262051Z 24009G20KT 10SM FEW060 33/17 A3003 RMK AO2 SLP170 T03280172 58011
EWR,2023-07-26 21:51,10.00,6000.00,KEWR 262151Z 24010KT 10SM FEW060 FEW250 32/17 A3002 RMK AO2 SLP164 T03220167
EWR,2023-07-26 22:51,10.00,6000.00,KEWR 262251Z 21009KT 10SM FEW060 FEW250 31/18 A3002 RMK AO2 SLP164 T03110178
EWR,2023-07-26 23:51,10.00,5500.00,KEWR 262351Z 16009KT 10SM FEW055 FEW250 29/21 A3004 RMK AO2 SLP170 T02940206 10333 20294 53001
EWR,2023-07-27 00:51,10.00,5500.00,KEWR 270051Z 17010KT 10SM FEW055 SCT250 28/20 A3004 RMK AO2 SLP171 T02830200
EWR,2023-07-27 01:51,10.00,5500.00,KEWR 270151Z 19009KT 10SM FEW055 SCT250 27/18 A3004 RMK AO2 SLP172 T02720183
EWR,2023-07-27 02:51,10.00,25000.00,KEWR 270251Z 19008KT 10SM SCT250 26/17 A3002 RMK AO2 SLP166 T02610172 58004
EWR,2023-07-27 03:51,10.00,25000.00,KEWR 270351Z 19008KT 10SM SCT250 26/19 A3003 RMK AO2 SLP167 T02560189
EWR,2023-07-27 04:51,10.00,25000.00,KEWR 270451Z 20007KT 10SM SCT250 24/18 A3003 RMK AO2 SLP169 T02440183 403330189
EWR,2023-07-27 05:51,10.00,25000.00,KEWR 270551Z 20010KT 10SM SCT250 24/20 A3002 RMK AO2 SLP166 T02440200 10294 20244 58000
EWR,2023-07-27 06:51,10.00,25000.00,KEWR 270651Z 21008KT 10SM SCT250 24/21 A3001 RMK AO2 SLP163 T02390211
EWR,2023-07-27 07:51,10.00,25000.00,KEWR 270751Z 19008KT 10SM BKN250 24/21 A2999 RMK AO2 SLP154 T02440211
EWR,2023-07-27 08:51,10.00,25000.00,KEWR 270851Z 18006KT 10SM BKN250 24/22 A2998 RMK AO2 SLP150 T02440217 58015
EWR,2023-07-27 09:51,10.00,1000.00,KEWR 270951Z 18009KT 10SM BKN010 OVC250 25/22 A2998 RMK AO2 SLP151 T02500222
EWR,2023-07-27 10:51,7.00,1000.00,KEWR 271051Z 22008KT 7SM OVC010 26/23 A2998 RMK AO2 SLP153 T02560228
EWR,2023-07-27 11:51,8.00,1300.00,KEWR 271151Z 20012KT 8SM SCT013 BKN130 27/23 A2998 RMK AO2 SLP151 T02670233 10272 20239 50000
EWR,2023-07-27 12:51,9.00,1500.00,KEWR 271251Z 19011KT 9SM FEW015 SCT130 28/23 A2996 RMK AO2 SLP146 T02830233
EWR,2023-07-27 13:51,10.00,2200.00,KEWR 271351Z 21012G20KT 10SM FEW022 SCT095 31/23 A2995 RMK AO2 SLP141 T03060233
EWR,2023-07-27 14:51,10.00,3000.00,KEWR 271451Z 22016G24KT 10SM FEW030 SCT100 32/23 A2994 RMK AO2 SLP138 T03220233 56013
EWR,2023-07-27 15:51,10.00,3500.00,KEWR 271551Z 23015G24KT 10SM FEW035 FEW120 BKN190 33/23 A2993 RMK AO2 SLP135 T03280233
EWR,2023-07-27 16:51,10.00,4000.00,KEWR 271651Z 23019G28KT 10SM FEW040 BKN160 33/22 A2992 RMK AO2 PK WND 22028/1647 SLP131 T03330217
EWR,2023-07-27 17:51,10.00,4300.00,KEWR 271751Z 24018G26KT 10SM SCT043 BKN150 34/23 A2990 RMK AO2 PK WND 24027/1706 SLP125 T03440228 10344 20267 58013
EWR,2023-07-27 18:51,10.00,4600.00,KEWR 271851Z 24019G26KT 10SM SCT046 SCT100 SCT150 34/23 A2988 RMK AO2 PK WND 25029/1838 SLP118 T03440228
EWR,2023-07-27 19:51,10.00,4600.00,KEWR 271951Z 24018G26KT 10SM FEW046 SCT100 SCT150 36/23 A2987 RMK AO2 PK WND 22026/1941 SLP116 T03560233
EWR,2023-07-27 20:51,10.00,4800.00,KEWR 272051Z 23021G25KT 10SM FEW048 SCT150 BKN250 34/22 A2987 RMK AO2 PK WND 25029/2002 SLP115 CB DSNT NW MOV SE T03440217 56011
EWR,2023-07-27 21:51,10.00,4500.00,KEWR 272151Z 24019G26KT 10SM FEW045 FEW150 BKN250 34/22 A2987 RMK AO2 PK WND 23026/2144 SLP115 CB DSNT NW-DSNT N MOV SE T03390222
EWR,2023-07-27 22:51,10.00,4500.00,KEWR 272251Z 23018G23KT 10SM FEW045 FEW150 BKN250 34/23 A2987 RMK AO2 PK WND 26030/2232 SLP115 CB DSNT NW MOV SE T03390228
EWR,2023-07-27 23:51,10.00,4000.00,KEWR 272351Z 24016G22KT 10SM FEW040TCU SCT150 BKN250 33/23 A2988 RMK AO2 LTG DSNT N AND NE SLP119 CB DSNT NE AND DSNT W-DSNT NW MOV SE TCU N T03280228 10356 20328 53004
EWR,2023-07-28 00:51,10.00,4000.00,KEWR 280051Z 25008KT 10SM FEW040 SCT055 SCT150 BKN250 32/22 A2990 RMK AO2 LTG DSNT NE AND NW SLP125 OCNL LTGIC DSNT NW CB DSNT NW MOV E T03220222
EWR,2023-07-28 01:51,10.00,4000.00,KEWR 280151Z 32010KT 10SM TS FEW040CB SCT060 BKN120 BKN250 31/22 A2994 RMK AO2 LTG DSNT ALQDS RAB35E46 TSB29 SLP137 FRQ LTGICCG VC NW-VC NE TS VC NW-VC NE MOV E VCSH NW-NE P0000 T03060222
EWR,2023-07-28 02:51,9.00,5000.00,KEWR 280251Z 29004KT 9SM -TSRA FEW050 SCT065CB BKN090 BKN250 28/23 A2995 RMK AO2 LTG DSNT NE AND E RAB27 SLP140 OCNL LTGIC VC E TS VC E MOV E P0001 60001 T02830233 51021
EWR,2023-07-28 03:51,10.00,6000.00,KEWR 280351Z VRB05KT 10SM SCT060 SCT090 BKN250 28/23 A2995 RMK AO2 RAE14 TSE16 SLP141 P0000 T02780233
EWR,2023-07-28 04:51,10.00,6000.00,KEWR 280451Z 26008KT 10SM FEW060 SCT090 BKN250 28/22 A2995 RMK AO2 LTG DSNT SW SLP141 T02780222 403560239
EWR,2023-07-28 05:51,10.00,6500.00,KEWR 280551Z 31003KT 10SM TS SCT065CB BKN100 BKN250 27/22 A2995 RMK AO2 TSB0456 SLP140 OCNL LTGIC VC SE TS VC SE MOV E 60001 T02720222 10328 20272 50000
EWR,2023-07-28 06:51,10.00,6500.00,KEWR 280651Z VRB04KT 10SM FEW065 FEW100 BKN250 27/22 A2994 RMK AO2 TSE24 SLP138 T02670222
EWR,2023-07-28 07:51,10.00,6500.00,KEWR 280751Z 25005KT 10SM FEW065 SCT250 25/22 A2994 RMK AO2 SLP140 T02500217
EWR,2023-07-28 08:51,10.00,6500.00,KEWR 280851Z 31004KT 10SM FEW065 SCT250 26/22 A2996 RMK AO2 SLP144 T02560222 53004
EWR,2023-07-28 09:51,10.00,6500.00,KEWR 280951Z 00000KT 10SM SCT065 SCT150 SCT250 26/22 A2998 RMK AO2 SLP151 T02610217
EWR,2023-07-28 10:51,10.00,1200.00,KEWR 281051Z 25004KT 10SM FEW012 FEW065 FEW100 27/22 A3000 RMK AO2 SLP157 T02670222
EWR,2023-07-28 11:51,10.00,4500.00,KEWR 281151Z VRB05KT 10SM SCT045 28/22 A3001 RMK AO2 SLP162 70001 T02780217 10278 20250 51018
EWR,2023-07-28 12:51,10.00,4500.00,KEWR 281251Z 30005KT 10SM FEW045 28/21 A3002 RMK AO2 SLP163 T02830211
EWR,2023-07-28 13:51,10.00,3000.00,KEWR 281351Z 00000KT 10SM FEW030 FEW050 31/21 A3001 RMK AO2 SLP161 T03060211
EWR,2023-07-28 14:51,10.00,3200.00,KEWR 281451Z VRB05KT 10SM FEW032 32/21 A3000 RMK AO2 SLP158 T03220206 58004
EWR,2023-07-28 15:51,10.00,4000.00,KEWR 281551Z 34006KT 10SM FEW040 32/21 A3000 RMK AO2 SLP159 T03220211
EWR,2023-07-28 16:51,10.00,4300.00,KEWR 281651Z VRB03KT 10SM FEW043 33/21 A2999 RMK AO2 SLP155 T03280211
EWR,2023-07-28 17:51,10.00,4700.00,KEWR 281751Z 28007KT 250V310 10SM FEW047 34/21 A2997 RMK AO2 SLP147 T03440206 10344 20272 58011
EWR,2023-07-28 18:51,10.00,5000.00,KEWR 281851Z 27007G16KT 10SM SCT050 34/20 A2996 RMK AO2 SLP146 T03440200
EWR,2023-07-28 19:51,10.00,5000.00,KEWR 281951Z 26012KT 10SM FEW050 SCT250 35/20 A2995 RMK AO2 SLP141 T03500200
EWR,2023-07-28 20:51,10.00,5500.00,KEWR 282051Z 26009G17KT 10SM FEW055 FEW250 35/19 A2993 RMK AO2 SLP135 T03500194 58013
EWR,2023-07-28 21:51,10.00,5500.00,KEWR 282151Z 28011KT 10SM FEW055 FEW250 34/19 A2992 RMK AO2 SLP130 T03440194
EWR,2023-07-28 22:51,10.00,5500.00,KEWR 282251Z 27006G14KT 10SM FEW055 FEW250 34/19 A2991 RMK AO2 SLP128 T03390194
EWR,2023-07-28 23:51,10.00,6000.00,KEWR 282351Z 24010KT 10SM FEW060 SCT250 33/19 A2991 RMK AO2 SLP129 T03330189 10350 20328 55006
EWR,2023-07-29 00:51,10.00,20000.00,KEWR 290051Z 25006KT 10SM FEW200 SCT250 33/19 A2992 RMK AO2 SLP132 T03280194
EWR,2023-07-29 01:51,10.00,20000.00,KEWR 290151Z 24006KT 10SM FEW200 OVC250 32/20 A2993 RMK AO2 SLP135 T03220200
EWR,2023-07-29 02:51,10.00,5500.00,KEWR 290251Z 22005KT 10SM SCT055 BKN090 BKN250 31/21 A2993 RMK AO2 LTG DSNT SW AND W SLP134 OCNL LTGIC DSNT SW CB DSNT SW MOV E T03110206 50005
EWR,2023-07-29 03:51,10.00,4500.00,KEWR 290351Z 23010KT 10SM TS SCT045CB BKN100 BKN180 BKN240 27/21 A2994 RMK AO2 PK WND 23027/0317 LTG DSNT E AND SE RAB12E47 TSB02 SLP138 OCNL LTGIC VC SE TS VC SE MOV E P0009 T02720211
EWR,2023-07-29 04:51,10.00,8000.00,KEWR 290451Z 28007KT 10SM FEW080 FEW130 BKN170 BKN240 27/21 A2991 RMK AO2 TSE0358 SLP127 T02720206 403500250
EWR,2023-07-29 05:51,10.00,11000.00,KEWR 290551Z 24005KT 10SM BKN110 OVC190 26/21 A2988 RMK AO2 SLP118 60009 T02610206 10328 20256 58015
EWR,2023-07-29 06:51,10.00,11000.00,KEWR 290651Z 19004KT 10SM FEW110 BKN170 BKN230 26/21 A2987 RMK AO2 SLP115 T02560206
EWR,2023-07-29 07:51,10.00,5000.00,KEWR 290751Z 16005KT 10SM FEW050 SCT110 BKN160 BKN250 26/21 A2987 RMK AO2 SLP114 T02560206
EWR,2023-07-29 08:51,10.00,8000.00,KEWR 290851Z 23007KT 10SM FEW080 BKN140 BKN250 25/22 A2986 RMK AO2 SLP112 T02500217 56006
EWR,2023-07-29 09:51,10.00,7000.00,KEWR 290951Z 24009KT 10SM SCT070 BKN140 BKN250 26/21 A2986 RMK AO2 SLP112 T02560211
EWR,2023-07-29 10:51,10.00,5000.00,KEWR 291051Z 22009KT 10SM FEW050 SCT075 BKN140 BKN250 26/22 A2986 RMK AO2 SLP113 CB DSNT N AND DSNT SW MOV NE T02560217
EWR,2023-07-29 11:51,10.00,6000.00,KEWR 291151Z 29007KT 10SM SCT060TCU SCT130 BKN250 27/22 A2986 RMK AO2 SLP111 TCU SW 70009 T02670217 10267 20244 58001
EWR,2023-07-29 12:51,10.00,5500.00,KEWR 291251Z 22009KT 10SM FEW055TCU SCT090 BKN120 BKN250 27/22 A2985 RMK AO2 SLP108 TCU S-SW T02720217
EWR,2023-07-29 13:51,10.00,5000.00,KEWR 291351Z 23007KT 10SM FEW050 SCT085 SCT110 BKN140 BKN250 28/22 A2983 RMK AO2 RAB26E37 SLP100 P0000 T02780222
EWR,2023-07-29 14:51,10.00,5000.00,KEWR 291451Z 24007KT 10SM FEW050 FEW085 SCT150 BKN250 29/23 A2981 RMK AO2 SLP093 60000 T02890228 58017
EWR,2023-07-29 15:51,10.00,4500.00,KEWR 291551Z 25011KT 10SM FEW045 FEW090 SCT160 BKN250 31/22 A2979 RMK AO2 SLP086 T03110222
EWR,2023-07-29 16:51,10.00,2800.00,KEWR 291651Z 24010KT 10SM FEW028 FEW090 BKN160 BKN250 32/23 A2975 RMK AO2 SLP075 T03170228
EWR,2023-07-29 17:51,10.00,3400.00,KEWR 291751Z 22010KT 10SM FEW034 FEW100 BKN140 BKN250 32/22 A2973 RMK AO2 SLP068 60000 T03170222 10322 20261 57025
EWR,2023-07-29 18:51,10.00,3500.00,KEWR 291851Z 23013KT 10SM FEW035 FEW100 BKN140 BKN250 32/22 A2972 RMK AO2 SLP062 T03170217
EWR,2023-07-29 19:51,10.00,4000.00,KEWR 291951Z 24012G23KT 10SM SCT040 SCT100 BKN140 BKN250 33/21 A2970 RMK AO2 SLP056 T03280211
EWR,2023-07-29 20:51,10.00,4500.00,KEWR 292051Z 24020G25KT 10SM FEW045 FEW140 BKN250 33/21 A2968 RMK AO2 SLP050 T03330211 58018
EWR,2023-07-29 21:51,10.00,4500.00,KEWR 292151Z 24020G24KT 10SM FEW045 FEW140 BKN250 33/22 A2964 RMK AO2 PK WND 24028/2058 SLP037 CB DSNT N MOV E T03280217
EWR,2023-07-29 22:51,10.00,4500.00,KEWR 292251Z 23015G26KT 10SM SCT045 BKN060 BKN140 BKN250 33/21 A2964 RMK AO2 PK WND 23026/2244 LTG DSNT SW SLP037 CB DSNT SW MOV E T03280211
EWR,2023-07-29 23:51,8.00,1000.00,KEWR 292351Z 25011KT 8SM FEW010 SCT048CB BKN090 BKN250 29/23 A2966 RMK AO2 PK WND 30029/2326 LTG DSNT SE-SW RAB23E46 SLP042 CB SE MOV E P0010 60010 T02890228 10339 20278 55008
EWR,2023-07-30 00:51,10.00,4500.00,KEWR 300051Z 29012KT 10SM FEW045 SCT090 BKN250 28/22 A2969 RMK AO2 SLP054 T02830217
EWR,2023-07-30 01:51,10.00,6000.00,KEWR 300151Z 33015KT 10SM FEW060 FEW090 BKN250 27/21 A2975 RMK AO2 PRESRR SLP075 T02670206
EWR,2023-07-30 02:51,10.00,2500.00,KEWR 300251Z 35011KT 10SM FEW025 SCT029 BKN042 BKN250 26/20 A2977 RMK AO2 SLP081 T02610200 51039
EWR,2023-07-30 03:51,10.00,3900.00,KEWR 300351Z 35015KT 10SM SCT039 BKN047 BKN120 BKN250 24/19 A2980 RMK AO2 SLP091 T02440189
EWR,2023-07-30 04:51,10.00,2600.00,KEWR 300451Z 35014G20KT 10SM SCT026 BKN042 23/18 A2982 RMK AO2 SLP098 T02330178 403390233
EWR,2023-07-30 05:51,10.00,2500.00,KEWR 300551Z 35011KT 10SM BKN025 BKN037 23/18 A2984 RMK AO2 SLP104 T02280178 10289 20228 51023
EWR,2023-07-30 06:51,10.00,2400.00,KEWR 300651Z 32010KT 10SM FEW024 FEW036 SCT250 22/16 A2986 RMK AO2 SLP109 T02220156
EWR,2023-07-30 07:51,10.00,4000.00,KEWR 300751Z 31011KT 10SM FEW040 FEW250 22/15 A2986 RMK AO2 SLP112 T02170150
EWR,2023-07-30 08:51,10.00,25000.00,KEWR 300851Z 33012KT 10SM FEW250 21/14 A2986 RMK AO2 SLP112 T02060139 51008
EWR,2023-07-30 09:51,10.00,3000.00,KEWR 300951Z 32013G21KT 10SM FEW030 FEW080 SCT250 20/13 A2989 RMK AO2 SLP120 T02000133
EWR,2023-07-30 10:51,10.00,2500.00,KEWR 301051Z 33012G18KT 10SM FEW025 FEW080 BKN250 19/12 A2992 RMK AO2 SLP130 T01940122
EWR,2023-07-30 11:51,10.00,2600.00,KEWR 301151Z 34010KT 10SM FEW026 FEW040 SCT190 SCT250 21/12 A2994 RMK AO2 SLP139 70010 T02060117 10228 20194 53027
EWR,2023-07-30 12:51,10.00,4000.00,KEWR 301251Z 33010G16KT 10SM FEW040 FEW190 FEW250 22/11 A2996 RMK AO2 SLP143 T02170111
EWR,2023-07-30 13:51,10.00,3500.00,KEWR 301351Z 27008G14KT 250V310 10SM FEW035 FEW180 FEW250 23/12 A2996 RMK AO2 SLP146 T02330122
EWR,2023-07-30 14:51,10.00,3500.00,KEWR 301451Z 33008KT 10SM FEW035 FEW180 SCT250 24/12 A2997 RMK AO2 SLP147 T02390122 51008
EWR,2023-07-30 15:51,10.00,4500.00,KEWR 301551Z 32013KT 10SM SCT045 BKN180 BKN250 24/12 A2996 RMK AO2 SLP145 T02440122
EWR,2023-07-30 16:51,10.00,5000.00,KEWR 301651Z 31008G17KT 10SM BKN050 BKN180 BKN250 25/13 A2994 RMK AO2 SLP139 T02500128
EWR,2023-07-30 17:51,10.00,6000.00,KEWR 301751Z 29009G18KT 270V350 10SM BKN060 BKN180 BKN250 27/13 A2993 RMK AO2 SLP136 T02670133 10267 20206 58011
EWR,2023-07-30 18:51,10.00,5500.00,KEWR 301851Z 31012G18KT 10SM BKN055 BKN200 BKN250 27/13 A2992 RMK AO2 SLP132 T02720128
EWR,2023-07-30 19:51,10.00,6000.00,KEWR 301951Z 30011G20KT 10SM BKN060 BKN200 BKN250 28/12 A2991 RMK AO2 SLP129 T02780117
EWR,2023-07-30 20:51,10.00,6500.00,KEWR 302051Z 33013G20KT 10SM BKN065 BKN250 28/11 A2991 RMK AO2 SLP128 T02780111 56008
EWR,2023-07-30 21:51,10.00,6500.00,KEWR 302151Z 31013G21KT 10SM BKN065 BKN250 27/11 A2991 RMK AO2 SLP129 T02720106
EWR,2023-07-30 22:51,10.00,6500.00,KEWR 302251Z 34012G17KT 10SM SCT065 BKN250 27/09 A2992 RMK AO2 SLP133 T02670094
EWR,2023-07-30 23:51,10.00,6500.00,KEWR 302351Z 33009G19KT 10SM FEW065 SCT250 26/09 A2993 RMK AO2 SLP136 T02560094 10283 20256 53008
EWR,2023-07-31 00:51,10.00,6500.00,KEWR 310051Z 30007KT 10SM FEW065 FEW250 25/10 A2994 RMK AO2 SLP138 T02500100
EWR,2023-07-31 01:51,10.00,25000.00,KEWR 310151Z 31004KT 10SM FEW250 24/11 A2995 RMK AO2 SLP142 T02440106
EWR,2023-07-31 02:51,10.00,M,KEWR 310251Z 30004KT 10SM CLR 24/11 A2995 RMK AO2 SLP140 T02440106 50004
EWR,2023-07-31 03:51,10.00,M,KEWR 310351Z 28005KT 10SM CLR 23/12 A2995 RMK AO2 SLP141 T02280117
EWR,2023-07-31 04:51,10.00,6000.00,KEWR 310451Z 31004KT 10SM FEW060 FEW230 22/12 A2995 RMK AO2 SLP142 T02170117 402830194
EWR,2023-07-31 05:51,10.00,7000.00,KEWR 310551Z 01003KT 10SM FEW070 SCT220 21/12 A2994 RMK AO2 SLP137 T02060117 10256 20200 58003
EWR,2023-07-31 06:51,10.00,7000.00,KEWR 310651Z 00000KT 10SM FEW070 BKN210 21/13 A2994 RMK AO2 SLP138 T02060128
EWR,2023-07-31 07:51,10.00,21000.00,KEWR 310751Z 28003KT 10SM BKN210 21/13 A2994 RMK AO2 SLP137 T02060128
EWR,2023-07-31 08:51,10.00,22000.00,KEWR 310851Z 28004KT 10SM SCT220 20/13 A2994 RMK AO2 SLP138 T02000128 53001
EWR,2023-07-31 09:51,10.00,8000.00,KEWR 310951Z 02004KT 10SM FEW080 FEW210 19/12 A2994 RMK AO2 SLP138 T01890117
EWR,2023-07-31 10:51,10.00,8000.00,KEWR 311051Z 03004KT 10SM FEW080 SCT200 19/13 A2996 RMK AO2 SLP146 T01940133
EWR,2023-07-31 11:51,10.00,7500.00,KEWR 311151Z 02003KT 10SM SCT075 SCT200 22/13 A2998 RMK AO2 SLP151 T02170128 10222 20178 53013
EWR,2023-07-31 12:51,10.00,7000.00,KEWR 311251Z 00000KT 10SM FEW070 SCT200 25/12 A2999 RMK AO2 SLP155 T02500117
EWR,2023-07-31 13:51,10.00,6500.00,KEWR 311351Z 00000KT 10SM FEW065 FEW200 26/12 A2998 RMK AO2 SLP152 T02560122
EWR,2023-07-31 14:51,10.00,5000.00,KEWR 311451Z 00000KT 10SM FEW050 FEW080 FEW200 28/09 A2998 RMK AO2 SLP152 T02780094 51001
EWR,2023-07-31 15:51,10.00,5000.00,KEWR 311551Z VRB06KT 10SM FEW050 FEW180 28/11 A2998 RMK AO2 SLP151 T02830111
EWR,2023-07-31 16:51,10.00,6000.00,KEWR 311651Z VRB05G15KT 10SM FEW060 FEW100 SCT250 28/12 A2996 RMK AO2 SLP146 T02830117
EWR,2023-07-31 17:51,10.00,6500.00,KEWR 311751Z VRB04KT 10SM SCT065 SCT100 SCT250 28/12 A2995 RMK AO2 SLP143 T02830122 10300 20222 58010
EWR,2023-07-31 18:51,10.00,6500.00,KEWR 311851Z 00000KT 10SM SCT065 SCT250 28/12 A2994 RMK AO2 SLP138 T02830117
EWR,2023-07-31 19:51,10.00,7500.00,KEWR 311951Z 26011G18KT 10SM SCT075 BKN095 BKN250 30/11 A2993 RMK AO2 SLP134 T03000106
EWR,2023-07-31 20:51,10.00,7500.00,KEWR 312051Z 32009G19KT 10SM SCT075 BKN095 BKN250 29/12 A2994 RMK AO2 SLP138 T02940122 55004
EWR,2023-07-31 21:51,10.00,7000.00,KEWR 312151Z 28011KT 10SM SCT070 SCT100 BKN250 29/12 A2995 RMK AO2 SLP141 T02890122
EWR,2023-07-31 22:51,10.00,7000.00,KEWR 312251Z 29010G17KT 10SM FEW070 FEW110 SCT250 29/11 A2995 RMK AO2 SLP143 T02890111
EWR,2023-07-31 23:51,10.00,7000.00,KEWR 312351Z 32008G17KT 280V350 10SM FEW070 FEW110 SCT250 28/11 A2997 RMK AO2 SLP148 T02780111 10306 20278 53009
EWR,2023-08-01 00:51,10.00,7000.00,KEWR 010051Z 35013KT 10SM FEW070 SCT110 SCT250 26/13 A3000 RMK AO2 SLP157 T02610133
EWR,2023-08-01 01:51,10.00,7000.00,KEWR 010151Z 02008KT 10SM FEW070 FEW110 SCT250 24/13 A3002 RMK AO2 SLP167 T02390133
EWR,2023-08-01 02:51,10.00,7000.00,KEWR 010251Z 01008KT 10SM FEW070 SCT110 SCT250 24/13 A3003 RMK AO2 SLP170 T02390128 51022
EWR,2023-08-01 03:51,10.00,11000.00,KEWR 010351Z 33009KT 10SM SCT110 SCT250 24/12 A3005 RMK AO2 SLP174 T02440122
EWR,2023-08-01 04:51,10.00,7000.00,KEWR 010451Z 35009KT 10SM BKN070 OVC110 24/12 A3005 RMK AO2 SLP175 T02390122 403060178
EWR,2023-08-01 05:51,10.00,7000.00,KEWR 010551Z 02005KT 10SM BKN070 OVC120 22/13 A3005 RMK AO2 RAB18E25 SLP177 P0000 60000 T02170128 10278 20217 51007
EWR,2023-08-01 06:51,10.00,7500.00,KEWR 010651Z 34006KT 10SM FEW075 BKN120 BKN250 22/13 A3005 RMK AO2 SLP175 T02220133
EWR,2023-08-01 07:51,10.00,8000.00,KEWR 010751Z 34009KT 10SM FEW080 BKN120 BKN250 22/13 A3005 RMK AO2 SLP176 T02170133
EWR,2023-08-01 08:51,10.00,3800.00,KEWR 010851Z 35007KT 10SM -RA FEW038 BKN070 OVC100 21/14 A3007 RMK AO2 RAB39 SLP180 P0000 60000 T02110139 53004
EWR,2023-08-01 09:51,10.00,8000.00,KEWR 010951Z 36010KT 10SM FEW080 BKN130 21/13 A3008 RMK AO2 RAE27 SLP187 P0000 T02060133
EWR,2023-08-01 10:51,10.00,12000.00,KEWR 011051Z 01010KT 10SM BKN120 BKN250 21/13 A3010 RMK AO2 SLP193 T02060133
EWR,2023-08-01 11:51,10.00,12000.00,KEWR 011151Z 01013KT 10SM FEW120 SCT250 22/13 A3012 RMK AO2 SLP199 60000 T02170128 10222 20206 53019
EWR,2023-08-01 12:51,10.00,11000.00,KEWR 011251Z 02010KT 10SM FEW110 SCT250 23/12 A3013 RMK AO2 SLP202 T02280117
EWR,2023-08-01 13:51,10.00,11000.00,KEWR 011351Z 03011KT 10SM FEW110 FEW250 24/11 A3013 RMK AO2 SLP202 T02440106
EWR,2023-08-01 14:51,10.00,5000.00,KEWR 011451Z 02008G16KT 10SM FEW050 FEW110 FEW250 25/09 A3014 RMK AO2 SLP205 T02500089 52006
EWR,2023-08-01 15:51,10.00,6000.00,KEWR 011551Z 02008KT 10SM FEW060 FEW250 27/11 A3013 RMK AO2 SLP202 T02670106
EWR,2023-08-01 16:51,10.00,6500.00,KEWR 011651Z 34004KT 10SM FEW065 SCT250 27/09 A3012 RMK AO2 SLP199 T02720094
EWR,2023-08-01 17:51,10.00,7000.00,KEWR 011751Z 28011G18KT 10SM SCT070 SCT250 28/09 A3011 RMK AO2 SLP197 T02780089 10283 20217 56008
EWR,2023-08-01 18:51,10.00,6500.00,KEWR 011851Z 32009G16KT 10SM SCT065 BKN080 BKN250 28/09 A3011 RMK AO2 SLP195 T02830089
EWR,2023-08-01 19:51,10.00,7500.00,KEWR 011951Z 33012G18KT 10SM SCT075 BKN090 BKN250 27/09 A3011 RMK AO2 SLP194 T02670094
EWR,2023-08-01 20:51,10.00,7500.00,KEWR 012051Z VRB06KT 10SM FEW075 BKN100 BKN250 27/09 A3010 RMK AO2 SLP192 T02720094 57005
EWR,2023-08-01 21:51,10.00,7000.00,KEWR 012151Z 34009KT 10SM FEW070 FEW090 BKN100 BKN250 27/08 A3009 RMK AO2 SLP188 T02670083
EWR,2023-08-01 22:51,10.00,7000.00,KEWR 012251Z 34011KT 10SM FEW070 SCT090 BKN250 27/07 A3010 RMK AO2 SLP192 T02670072
EWR,2023-08-01 23:51,10.00,7000.00,KEWR 012351Z 34013KT 10SM FEW070 FEW090 SCT250 26/08 A3013 RMK AO2 SLP201 T02610078 10289 20261 53009
EWR,2023-08-02 00:51,10.00,7000.00,KEWR 020051Z 05007KT 10SM FEW070 FEW250 24/10 A3014 RMK AO2 SLP207 T02440100
EWR,2023-08-02 01:51,10.00,7000.00,KEWR 020151Z 03007KT 10SM FEW070 FEW250 23/09 A3017 RMK AO2 SLP216 T02280094
EWR,2023-08-02 02:51,10.00,8000.00,KEWR 020251Z 02007KT 10SM FEW080 FEW250 21/11 A3017 RMK AO2 SLP217 T02110106 51016
EWR,2023-08-02 03:51,10.00,8000.00,KEWR 020351Z 02008KT 10SM FEW080 FEW250 21/11 A3018 RMK AO2 SLP219 T02110111
EWR,2023-08-02 04:51,10.00,25000.00,KEWR 020451Z 02007KT 10SM FEW250 20/11 A3018 RMK AO2 SLP219 T02000111 402890194
EWR,2023-08-02 05:51,10.00,25000.00,KEWR 020551Z 02005KT 10SM FEW250 19/11 A3018 RMK AO2 SLP218 T01940111 10261 20189 50001
EWR,2023-08-02 06:51,10.00,25000.00,KEWR 020651Z 02005KT 10SM FEW250 19/11 A3018 RMK AO2 SLP219 T01940111
EWR,2023-08-02 07:51,10.00,25000.00,KEWR 020751Z 01006KT 10SM FEW250 17/11 A3018 RMK AO2 SLP218 T01720106
EWR,2023-08-02 08:51,10.00,25000.00,KEWR 020851Z 01008KT 10SM FEW250 18/11 A3019 RMK AO2 SLP221 T01780111 53003
EWR,2023-08-02 09:51,9.00,25000.00,KEWR 020951Z 01007KT 9SM FEW250 18/11 A3020 RMK AO2 SLP226 T01780106
EWR,2023-08-02 10:51,10.00,25000.00,KEWR 021051Z 01008KT 10SM FEW250 19/11 A3022 RMK AO2 SLP232 T01890111
EWR,2023-08-02 11:51,10.00,25000.00,KEWR 021151Z 02009KT 10SM SCT250 21/12 A3024 RMK AO2 SLP238 T02060122 10206 20172 53017
EWR,2023-08-02 12:51,10.00,25000.00,KEWR 021251Z 36007KT 10SM SCT250 22/11 A3024 RMK AO2 SLP239 T02220111
EWR,2023-08-02 13:51,10.00,25000.00,KEWR 021351Z 05007KT 10SM SCT250 23/09 A3023 RMK AO2 SLP235 T02330094
EWR,2023-08-02 14:51,10.00,5000.00,KEWR 021451Z 00000KT 10SM FEW050 SCT250 25/09 A3022 RMK AO2 SLP231 T02500094 58007
EWR,2023-08-02 15:51,10.00,5500.00,KEWR 021551Z 00000KT 10SM SCT055 SCT250 26/09 A3022 RMK AO2 SLP234 T02560089
EWR,2023-08-02 16:51,10.00,6500.00,KEWR 021651Z 00000KT 10SM SCT065 BKN250 27/09 A3021 RMK AO2 SLP230 T02670089
EWR,2023-08-02 17:51,10.00,7000.00,KEWR 021751Z VRB04KT 10SM FEW070 SCT250 26/08 A3020 RMK AO2 SLP227 T02610083 10272 20206 58004
EWR,2023-08-02 18:51,10.00,7000.00,KEWR 021851Z 29008G19KT 10SM FEW070 SCT250 28/08 A3019 RMK AO2 SLP221 T02780083
EWR,2023-08-02 19:51,10.00,7000.00,KEWR 021951Z VRB05KT 10SM SCT070 SCT250 27/08 A3017 RMK AO2 SLP217 T02720083
EWR,2023-08-02 20:51,10.00,7500.00,KEWR 022051Z 06004KT 10SM SCT075 SCT250 28/11 A3016 RMK AO2 SLP213 T02780106 56015
EWR,2023-08-02 21:51,10.00,7000.00,KEWR 022151Z 12006KT 10SM FEW070 SCT250 26/11 A3016 RMK AO2 SLP213 T02610111
EWR,2023-08-02 22:51,10.00,7000.00,KEWR 022251Z VRB06KT 10SM FEW070 SCT250 25/12 A3016 RMK AO2 SLP213 T02500122
EWR,2023-08-02 23:51,10.00,7000.00,KEWR 022351Z 17010KT 10SM FEW070 SCT250 24/12 A3017 RMK AO2 SLP215 T02390122 10283 20239 53003
EWR,2023-08-03 00:51,10.00,7000.00,KEWR 030051Z 18006KT 10SM FEW070 SCT250 23/12 A3017 RMK AO2 SLP217 T02280122
EWR,2023-08-03 01:51,10.00,7000.00,KEWR 030151Z 17006KT 10SM FEW070 SCT250 22/12 A3018 RMK AO2 SLP221 T02220122
EWR,2023-08-03 02:51,10.00,7000.00,KEWR 030251Z 19008KT 10SM FEW070 FEW250 22/12 A3019 RMK AO2 SLP221 T02170122 51006
EWR,2023-08-03 03:51,10.00,25000.00,KEWR 030351Z 19006KT 10SM FEW250 21/12 A3019 RMK AO2 SLP221 T02110117
EWR,2023-08-03 04:51,10.00,7000.00,KEWR 030451Z 19004KT 10SM FEW070 BKN250 21/12 A3019 RMK AO2 SLP221 T02060122 402830172
EWR,2023-08-03 05:51,10.00,7000.00,KEWR 030551Z 19004KT 10SM FEW070 SCT250 20/12 A3017 RMK AO2 SLP217 T02000122 10239 20200 58004
EWR,2023-08-03 06:51,10.00,7000.00,KEWR 030651Z 22004KT 10SM FEW070 SCT250 19/12 A3016 RMK AO2 SLP211 T01890117
EWR,2023-08-03 07:51,10.00,7000.00,KEWR 030751Z 25004KT 10SM FEW070 SCT250 19/12 A3014 RMK AO2 SLP207 T01890117
EWR,2023-08-03 08:51,10.00,7000.00,KEWR 030851Z 24004KT 10SM FEW070 SCT250 19/12 A3014 RMK AO2 SLP206 T01940122 56011
EWR,2023-08-03 09:51,10.00,7500.00,KEWR 030951Z 21004KT 10SM FEW075 BKN250 18/12 A3015 RMK AO2 SLP208 T01780122
EWR,2023-08-03 10:51,10.00,20000.00,KEWR 031051Z 20004KT 10SM SCT200 BKN250 18/13 A3015 RMK AO2 SLP209 T01830133
EWR,2023-08-03 11:51,10.00,20000.00,KEWR 031151Z 19003KT 10SM FEW200 BKN240 22/14 A3015 RMK AO2 SLP210 T02170139 10217 20178 51004
EWR,2023-08-03 12:51,10.00,20000.00,KEWR 031251Z 19007KT 10SM FEW200 OVC250 23/14 A3014 RMK AO2 SLP206 T02280139
EWR,2023-08-03 13:51,10.00,10000.00,KEWR 031351Z 20008KT 10SM FEW100 FEW200 OVC250 23/15 A3014 RMK AO2 SLP204 T02330150
EWR,2023-08-03 14:51,10.00,6000.00,KEWR 031451Z 18007KT 10SM SCT060 BKN250 24/15 A3012 RMK AO2 SLP200 T02440150 58010
EWR,2023-08-03 15:51,10.00,4000.00,KEWR 031551Z 16006KT 10SM SCT040 BKN065 OVC250 26/15 A3010 RMK AO2 SLP192 T02560150
EWR,2023-08-03 16:51,10.00,4500.00,KEWR 031651Z VRB06G16KT 10SM SCT045 BKN060 BKN250 26/16 A3008 RMK AO2 SLP186 T02610156
EWR,2023-08-03 17:51,10.00,4500.00,KEWR 031751Z 18012G17KT 10SM SCT045 BKN060 BKN080 OVC250 27/16 A3007 RMK AO2 SLP181 T02670156 10267 20217 56019
EWR,2023-08-03 18:51,10.00,4500.00,KEWR 031851Z 15009G17KT 10SM SCT045 BKN060 OVC250 26/15 A3006 RMK AO2 SLP178 T02610150
EWR,2023-08-03 19:51,10.00,4500.00,KEWR 031951Z 14011G16KT 10SM BKN045 BKN060 OVC250 26/15 A3005 RMK AO2 SLP175 T02610150
EWR,2023-08-03 20:51,10.00,4500.00,KEWR 032051Z 15009G19KT 10SM SCT045 BKN065 BKN250 26/16 A3003 RMK AO2 SLP170 T02610156 58011
EWR,2023-08-03 21:51,10.00,4500.00,KEWR 032151Z 16012KT 10SM FEW045 SCT055 BKN070 BKN250 26/15 A3002 RMK AO2 SLP165 T02560150
EWR,2023-08-03 22:51,10.00,4800.00,KEWR 032251Z 17010G19KT 10SM FEW048 SCT060 BKN075 BKN250 25/15 A3001 RMK AO2 SLP163 T02500150
EWR,2023-08-03 23:51,10.00,4800.00,KEWR 032351Z 19012KT 10SM FEW048 BKN065 BKN250 24/14 A3001 RMK AO2 SLP163 T02440144 10272 20244 55007
EWR,2023-08-04 00:51,10.00,4500.00,KEWR 040051Z 19009KT 10SM FEW045 BKN055 BKN075 BKN250 24/14 A3003 RMK AO2 SLP167 T02390144
EWR,2023-08-04 01:51,10.00,4500.00,KEWR 040151Z 18007KT 10SM FEW045 BKN075 BKN110 BKN250 23/14 A3003 RMK AO2 SLP168 T02330144
EWR,2023-08-04 02:51,10.00,5000.00,KEWR 040251Z 20010KT 10SM FEW050 FEW075 BKN110 OVC250 23/14 A3002 RMK AO2 SLP164 T02280144 50001
EWR,2023-08-04 03:51,10.00,5500.00,KEWR 040351Z 20010KT 10SM SCT055 BKN075 BKN110 BKN250 23/14 A3001 RMK AO2 SLP162 T02280144
EWR,2023-08-04 04:51,10.00,4500.00,KEWR 040451Z 19007G17KT 10SM BKN045 BKN065 BKN095 BKN250 23/16 A3000 RMK AO2 SLP157 T02280156 402720178
EWR,2023-08-04 05:51,10.00,4200.00,KEWR 040551Z 20009KT 10SM BKN042 BKN065 BKN100 BKN250 22/16 A2998 RMK AO2 SLP152 T02220161 10244 20222 58012
EWR,2023-08-04 06:51,10.00,3700.00,KEWR 040651Z 22009KT 10SM SCT037 BKN065 BKN100 BKN250 22/17 A2998 RMK AO2 SLP151 T02220167
EWR,2023-08-04 07:51,10.00,2900.00,KEWR 040751Z 22012KT 10SM FEW029 BKN037 BKN090 BKN250 23/17 A2998 RMK AO2 SLP150 T02280172
EWR,2023-08-04 08:51,10.00,2900.00,KEWR 040851Z 19008KT 10SM BKN029 BKN042 BKN090 BKN250 22/17 A2997 RMK AO2 SLP148 T02220172 58005
EWR,2023-08-04 09:51,10.00,3300.00,KEWR 040951Z 21007KT 10SM BKN033 BKN100 OVC250 22/17 A2997 RMK AO2 SLP147 T02220172
EWR,2023-08-04 10:51,10.00,2100.00,KEWR 041051Z 19008KT 10SM BKN021 OVC031 22/18 A2996 RMK AO2 SLP145 T02220178
EWR,2023-08-04 11:51,10.00,2100.00,KEWR 041151Z 18005KT 10SM SCT021 OVC032 22/17 A2997 RMK AO2 SLP147 T02220172 10228 20222 55001
EWR,2023-08-04 12:51,10.00,2000.00,KEWR 041251Z 19006KT 10SM BKN020 BKN039 23/18 A2997 RMK AO2 SLP147 BKN020 V SCT T02330183
EWR,2023-08-04 13:51,10.00,2200.00,KEWR 041351Z 24010KT 10SM BKN022 BKN037 24/18 A2996 RMK AO2 SLP145 T02440178
EWR,2023-08-04 14:51,10.00,2200.00,KEWR 041451Z 23012KT 10SM SCT022 BKN029 BKN039 24/17 A2996 RMK AO2 SLP143 T02440172 58004
EWR,2023-08-04 15:51,10.00,2200.00,KEWR 041551Z 23007KT 10SM FEW022 OVC026 24/18 A2995 RMK AO2 SLP143 T02440178
EWR,2023-08-04 16:51,10.00,2700.00,KEWR 041651Z 23009KT 10SM SCT027 BKN035 OVC050 24/18 A2996 RMK AO2 SLP144 T02440178
EWR,2023-08-04 17:51,10.00,2700.00,KEWR 041751Z 25009KT 10SM FEW027 BKN032 OVC060 26/18 A2995 RMK AO2 SLP141 T02560178 10261 20222 58002
EWR,2023-08-04 18:51,10.00,2700.00,KEWR 041851Z 23009KT 10SM FEW027 BKN033 OVC050 26/18 A2993 RMK AO2 SLP136 T02560183
EWR,2023-08-04 19:51,10.00,2600.00,KEWR 041951Z 18008KT 10SM SCT026 BKN032 OVC050 26/19 A2993 RMK AO2 SLP133 T02560189
EWR,2023-08-04 20:51,10.00,2600.00,KEWR 042051Z 20010KT 10SM BKN026 BKN035 OVC050 25/19 A2992 RMK AO2 SLP131 T02500189 56010
EWR,2023-08-04 21:51,10.00,2700.00,KEWR 042151Z 16007KT 10SM BKN027 BKN038 OVC047 26/19 A2991 RMK AO2 SLP127 T02560189
EWR,2023-08-04 22:51,10.00,2500.00,KEWR 042251Z 19008KT 10SM SCT025 BKN033 BKN050 OVC250 24/19 A2992 RMK AO2 SLP131 T02440194
EWR,2023-08-04 23:51,10.00,2500.00,KEWR 042351Z 18009KT 10SM FEW025 BKN035 BKN050 BKN250 24/19 A2993 RMK AO2 SLP133 T02390194 10256 20239 53003
EWR,2023-08-05 00:51,10.00,2200.00,KEWR 050051Z 20009KT 10SM SCT022 BKN030 BKN060 BKN250 23/20 A2994 RMK AO2 SLP137 T02330200
EWR,2023-08-05 01:51,10.00,1500.00,KEWR 050151Z 19008KT 10SM BKN015 BKN024 BKN055 BKN200 23/20 A2996 RMK AO2 SLP144 OCNL LTGIC DSNT N CB DSNT N MOV SE T02330200
EWR,2023-08-05 02:51,10.00,1400.00,KEWR 050251Z 20011KT 10SM SCT014 BKN050 BKN120 BKN220 23/20 A2995 RMK AO2 SLP140 OCNL LTGIC DSNT NE CB DSNT NE MOV SE T02280200 50006
EWR,2023-08-05 03:51,10.00,1200.00,KEWR 050351Z 23008KT 10SM BKN012 BKN055 OVC110 23/19 A2995 RMK AO2 SLP141 T02280194
EWR,2023-08-05 04:51,10.00,1200.00,KEWR 050451Z 23009KT 10SM BKN012 OVC055 23/19 A2993 RMK AO2 SLP135 T02280194 402610222
EWR,2023-08-05 05:51,10.00,1200.00,KEWR 050551Z 26010KT 10SM BKN012 OVC018 23/19 A2994 RMK AO2 SLP137 T02330194 10239 20228 55002
EWR,2023-08-05 06:51,10.00,1400.00,KEWR 050651Z 22006KT 10SM FEW014 FEW022 22/19 A2992 RMK AO2 SLP132 T02220194
EWR,2023-08-05 07:51,10.00,2000.00,KEWR 050751Z 23004KT 10SM FEW020 SCT048 22/19 A2994 RMK AO2 SLP137 T02170194
EWR,2023-08-05 08:51,10.00,900.00,KEWR 050851Z 29005KT 10SM FEW009 FEW016 FEW050 22/19 A2993 RMK AO2 SLP136 T02220194 56001
EWR,2023-08-05 09:51,10.00,1000.00,KEWR 050951Z 24004KT 10SM FEW010 OVC018 22/19 A2994 RMK AO2 SLP139 T02220194
EWR,2023-08-05 10:51,10.00,2200.00,KEWR 051051Z 31004KT 10SM FEW022 BKN028 BKN180 23/19 A2995 RMK AO2 SLP140 T02330194
EWR,2023-08-05 11:51,10.00,2200.00,KEWR 051151Z 29003KT 10SM FEW022 FEW028 24/19 A2994 RMK AO2 SLP139 T02440194 10244 20211 50003
EWR,2023-08-05 12:51,10.00,2300.00,KEWR 051251Z 02003KT 10SM FEW023 26/18 A2995 RMK AO2 SLP142 T02610183
EWR,2023-08-05 13:51,10.00,2500.00,KEWR 051351Z 01007KT 10SM FEW025 26/18 A2996 RMK AO2 SLP146 T02610183
EWR,2023-08-05 14:51,10.00,3200.00,KEWR 051451Z 07007KT 10SM FEW032 SCT250 28/18 A2997 RMK AO2 SLP148 T02780183 51008
EWR,2023-08-05 15:51,10.00,3800.00,KEWR 051551Z 01005KT 10SM FEW038 BKN250 29/18 A2997 RMK AO2 SLP147 T02940178
EWR,2023-08-05 16:51,10.00,4100.00,KEWR 051651Z 04008KT 10SM FEW041 BKN250 30/17 A2996 RMK AO2 SLP144 T03000167
EWR,2023-08-05 17:51,10.00,5000.00,KEWR 051751Z 31004KT 10SM FEW050 BKN250 31/16 A2995 RMK AO2 SLP142 T03060156 10306 20244 58005
EWR,2023-08-05 18:51,10.00,5000.00,KEWR 051851Z 02003KT 10SM FEW050 BKN250 29/16 A2995 RMK AO2 SLP141 T02940156
EWR,2023-08-05 19:51,10.00,5500.00,KEWR 051951Z 35007KT 10SM FEW055 BKN250 30/14 A2994 RMK AO2 SLP140 T03000144
EWR,2023-08-05 20:51,10.00,5500.00,KEWR 052051Z 02010KT 10SM FEW055 BKN250 29/13 A2995 RMK AO2 SLP140 T02940128 55002
EWR,2023-08-05 21:51,10.00,5500.00,KEWR 052151Z 02010KT 10SM FEW055 BKN250 29/13 A2995 RMK AO2 SLP142 T02890133
EWR,2023-08-05 22:51,10.00,5500.00,KEWR 052251Z 03007KT 10SM FEW055 OVC250 28/14 A2996 RMK AO2 SLP144 T02780139
EWR,2023-08-05 23:51,10.00,5500.00,KEWR 052351Z 02008KT 10SM FEW055 OVC250 27/13 A2996 RMK AO2 SLP145 T02670133 10311 20267 52005
EWR,2023-08-06 00:51,10.00,5500.00,KEWR 060051Z 03005KT 10SM FEW055 BKN250 26/13 A2997 RMK AO2 SLP147 T02610133
EWR,2023-08-06 01:51,10.00,25000.00,KEWR 060151Z 02005KT 10SM BKN250 24/14 A2998 RMK AO2 SLP150 T02440139
EWR,2023-08-06 02:51,10.00,25000.00,KEWR 060251Z 02006KT 10SM BKN250 24/15 A2998 RMK AO2 SLP151 T02440150 51005
EWR,2023-08-06 03:51,10.00,25000.00,KEWR 060351Z 02005KT 10SM BKN250 24/16 A2998 RMK AO2 SLP152 T02390156
EWR,2023-08-06 04:51,10.00,22000.00,KEWR 060451Z 03005KT 10SM BKN220 25/16 A2998 RMK AO2 SLP153 T02500161 403110211
EWR,2023-08-06 05:51,10.00,18000.00,KEWR 060551Z 01007KT 10SM FEW180 BKN240 23/16 A2999 RMK AO2 SLP156 T02330161 10267 20228 53006
EWR,2023-08-06 06:51,10.00,25000.00,KEWR 060651Z 02006KT 10SM SCT250 22/17 A2999 RMK AO2 SLP156 T02220167
EWR,2023-08-06 07:51,10.00,25000.00,KEWR 060751Z 36006KT 10SM SCT250 22/16 A3000 RMK AO2 SLP159 T02170156
EWR,2023-08-06 08:51,10.00,25000.00,KEWR 060851Z 01005KT 10SM SCT250 21/16 A3001 RMK AO2 SLP161 T02060156 53005
EWR,2023-08-06 09:51,10.00,7000.00,KEWR 060951Z 36005KT 10SM FEW070 SCT250 22/15 A3002 RMK AO2 SLP164 T02220150
EWR,2023-08-06 10:51,10.00,18000.00,KEWR 061051Z 02006KT 10SM FEW180 FEW250 22/16 A3002 RMK AO2 SLP165 T02170156
EWR,2023-08-06 11:51,10.00,18000.00,KEWR 061151Z 02006KT 10SM FEW180 SCT250 23/16 A3003 RMK AO2 SLP169 T02330156 10233 20200 53008
EWR,2023-08-06 12:51,10.00,8000.00,KEWR 061251Z 03007KT 10SM FEW080 FEW180 SCT250 26/15 A3003 RMK AO2 SLP169 T02560150
EWR,2023-08-06 13:51,10.00,18000.00,KEWR 061351Z 09004KT 10SM FEW180 SCT250 26/15 A3002 RMK AO2 SLP166 T02610150
EWR,2023-08-06 14:51,10.00,18000.00,KEWR 061451Z 00000KT 10SM SCT180 SCT250 28/13 A3002 RMK AO2 SLP164 T02830133 58005
EWR,2023-08-06 15:51,10.00,6000.00,KEWR 061551Z 27006KT 10SM FEW060 SCT180 SCT250 29/14 A3002 RMK AO2 SLP164 T02940139
EWR,2023-08-06 16:51,10.00,6000.00,KEWR 061651Z 11010G16KT 10SM SCT060 SCT200 SCT250 29/14 A3000 RMK AO2 SLP159 T02940139
EWR,2023-08-06 17:51,10.00,5500.00,KEWR 061751Z 14008KT 10SM FEW055 SCT200 BKN250 30/15 A3000 RMK AO2 SLP157 T03000150 10300 20233 58006
EWR,2023-08-06 18:51,10.00,5500.00,KEWR 061851Z 17011KT 10SM FEW055 SCT200 BKN250 29/16 A2999 RMK AO2 SLP154 T02940156
EWR,2023-08-06 19:51,10.00,5500.00,KEWR 061951Z 14010KT 10SM FEW055 SCT200 SCT250 29/16 A2997 RMK AO2 SLP149 T02890161
EWR,2023-08-06 20:51,10.00,5500.00,KEWR 062051Z 17011KT 10SM FEW055 SCT200 SCT250 29/16 A2996 RMK AO2 SLP146 T02890156 56011
EWR,2023-08-06 21:51,10.00,5000.00,KEWR 062151Z 13008KT 10SM FEW050 SCT200 SCT250 28/18 A2995 RMK AO2 SLP143 T02830178
EWR,2023-08-06 22:51,10.00,5000.00,KEWR 062251Z 16006KT 10SM FEW050 FEW200 SCT250 27/18 A2996 RMK AO2 SLP144 T02720178
EWR,2023-08-06 23:51,10.00,4000.00,KEWR 062351Z 17007KT 10SM FEW040 FEW130 SCT200 SCT250 27/18 A2996 RMK AO2 SLP145 T02670183 10306 20267 55001
EWR,2023-08-07 00:51,10.00,6000.00,KEWR 070051Z 14007KT 10SM FEW060 SCT200 BKN250 26/19 A2996 RMK AO2 SLP145 T02610189
EWR,2023-08-07 01:51,10.00,7000.00,KEWR 070151Z 15005KT 10SM FEW070 SCT200 BKN250 25/19 A2998 RMK AO2 SLP150 T02500189
EWR,2023-08-07 02:51,10.00,6000.00,KEWR 070251Z 16005KT 10SM SCT060 BKN200 BKN250 25/19 A2997 RMK AO2 SLP149 T02500194 50003
EWR,2023-08-07 03:51,10.00,6000.00,KEWR 070351Z 17008KT 10SM BKN060 BKN230 25/19 A2997 RMK AO2 SLP148 T02500194
EWR,2023-08-07 04:51,10.00,4500.00,KEWR 070451Z 17008KT 10SM FEW045 BKN070 OVC220 24/20 A2996 RMK AO2 SLP146 T02440200 403060200
EWR,2023-08-07 05:51,10.00,4500.00,KEWR 070551Z 17004KT 10SM BKN045 OVC070 25/19 A2995 RMK AO2 SLP140 T02500194 10267 20244 58008
EWR,2023-08-07 06:51,10.00,3500.00,KEWR 070651Z 18006KT 10SM -RA FEW035 OVC050 25/19 A2994 RMK AO2 RAB26 SLP138 P0000 T02500194
EWR,2023-08-07 07:51,10.00,2300.00,KEWR 070751Z 20011G17KT 10SM -RA SCT023 BKN050 OVC090 24/20 A2994 RMK AO2 SLP137 P0000 T02390200
EWR,2023-08-07 08:51,4.00,800.00,KEWR 070851Z 20005KT 4SM RA BR FEW008 BKN014 OVC032 22/21 A2992 RMK AO2 SLP133 P0012 60012 T02220211 58007
EWR,2023-08-07 09:51,4.00,800.00,KEWR 070951Z 16007KT 4SM RA BR FEW008 SCT012 OVC026 21/19 A2993 RMK AO2 SLP133 P0026 T02110194
EWR,2023-08-07 10:51,5.00,800.00,KEWR 071051Z 16005KT 5SM -RA BR SCT008 BKN030 OVC035 21/20 A2992 RMK AO2 SLP130 P0017 T02110200
EWR,2023-08-07 11:51,9.00,800.00,KEWR 071151Z 16005KT 9SM FEW008 OVC028 22/20 A2992 RMK AO2 RAE06 SLP131 P0000 60055 70055 T02220200 10250 20206 55001
EWR,2023-08-07 12:51,10.00,800.00,KEWR 071251Z 18006KT 10SM FEW008 OVC023 23/20 A2992 RMK AO2 SLP130 T02280200
EWR,2023-08-07 13:51,8.00,800.00,KEWR 071351Z 18005KT 8SM FEW008 SCT015 OVC021 24/22 A2991 RMK AO2 RAB19E38 SLP128 P0000 T02390217
EWR,2023-08-07 14:51,9.00,1000.00,KEWR 071451Z 19007KT 9SM BKN010 OVC020 24/22 A2990 RMK AO2 SLP125 60000 T02440217 58006
EWR,2023-08-07 15:51,10.00,1600.00,KEWR 071551Z 18009G16KT 10SM SCT016 SCT060 BKN075 27/21 A2988 RMK AO2 RAB1458E14 SLP118 P0000 T02670211
EWR,2023-08-07 16:51,10.00,2300.00,KEWR 071651Z 17009KT 10SM SCT023 BKN150 28/22 A2985 RMK AO2 SLP108 T02830217
EWR,2023-08-07 17:51,10.00,3000.00,KEWR 071751Z 19010KT 10SM OVC030 28/22 A2984 RMK AO2 SLP104 60000 T02830217 10283 20222 56021
EWR,2023-08-07 18:51,10.00,3000.00,KEWR 071851Z 16012KT 10SM BKN030 OVC042 29/22 A2981 RMK AO2 SLP094 T02890222
EWR,2023-08-07 19:51,10.00,2900.00,KEWR 071951Z 16009KT 10SM SCT029 OVC042 28/21 A2980 RMK AO2 SLP091 T02780211
EWR,2023-08-07 20:51,10.00,2100.00,KEWR 072051Z 15009KT 10SM FEW021 SCT028 OVC047 28/23 A2977 RMK AO2 SLP081 T02780228 56023
EWR,2023-08-07 21:51,10.00,2400.00,KEWR 072151Z 16010KT 10SM BKN024 BKN030 OVC047 28/22 A2976 RMK AO2 SLP078 T02780222
EWR,2023-08-07 22:51,10.00,2400.00,KEWR 072251Z 16008KT 10SM SCT024 OVC029 28/22 A2975 RMK AO2 SLP072 T02780217
EWR,2023-08-07 23:51,10.00,1500.00,KEWR 072351Z 17009KT 10SM FEW015 SCT024 OVC029 27/22 A2976 RMK AO2 LTG DSNT SW AND W SLP078 T02670217 10289 20267 55004
EWR,2023-08-08 00:51,6.00,1500.00,KEWR 080051Z 22011G22KT 6SM TSRA FEW015 BKN029CB BKN080 OVC130 24/21 A2978 RMK AO2 PK WND 22032/0034 LTG DSNT ALQDS RAB16 TSE23B25 SLP084 OCNL LTGICCG OHD TS OHD MOV NE P0004 T02390206
EWR,2023-08-08 01:51,10.00,2900.00,KEWR 080151Z 18008KT 10SM -RA FEW029 SCT055 BKN110 OVC150 23/21 A2974 RMK AO2 TSE42 PRESFR SLP072 P0008 T02280206
EWR,2023-08-08 02:51,10.00,2900.00,KEWR 080251Z 20007KT 10SM FEW029 SCT055 BKN110 OVC150 22/21 A2973 RMK AO2 RAE51 SLP067 P0000 60012 T02220206 58011
EWR,2023-08-08 03:51,10.00,1500.00,KEWR 080351Z 18010KT 10SM -RA FEW015 FEW055 BKN110 OVC140 22/20 A2973 RMK AO2 RAB42 SLP067 P0000 T02220200
EWR,2023-08-08 04:51,10.00,1000.00,KEWR 080451Z 19008KT 10SM FEW010 BKN090 BKN130 22/20 A2971 RMK AO2 RAE0352 SLP062 P0000 T02170200 402890206
EWR,2023-08-08 05:51,10.00,1000.00,KEWR 080551Z 20008KT 10SM FEW010 SCT070 BKN120 22/20 A2971 RMK AO2 SLP060 60012 T02220200 10272 20217 58007
EWR,2023-08-08 06:51,10.00,1400.00,KEWR 080651Z 17004KT 10SM FEW014 BKN070 OVC110 22/20 A2969 RMK AO2 SLP052 T02220200
EWR,2023-08-08 07:51,10.00,1200.00,KEWR 080751Z 18004KT 10SM BKN012 BKN021 OVC070 22/20 A2967 RMK AO2 SLP047 T02220200
EWR,2023-08-08 08:51,10.00,1400.00,KEWR 080851Z 23008KT 10SM OVC014 23/20 A2966 RMK AO2 SLP044 T02280200 56015
EWR,2023-08-08 09:51,10.00,1400.00,KEWR 080951Z 25005KT 10SM BKN014 OVC026 23/21 A2966 RMK AO2 SLP044 T02280206
EWR,2023-08-08 10:51,10.00,1500.00,KEWR 081051Z 24005KT 10SM BKN015 BKN025 BKN080 23/21 A2967 RMK AO2 SLP047 T02280206
EWR,2023-08-08 11:51,10.00,1100.00,KEWR 081151Z 22006KT 10SM FEW011 BKN020 BKN065 BKN250 24/21 A2966 RMK AO2 SLP045 70012 T02440211 10244 20222 50000
EWR,2023-08-08 12:51,10.00,1100.00,KEWR 081251Z 23009KT 10SM FEW011 BKN015 OVC070 24/21 A2966 RMK AO2 SLP044 T02440206
EWR,2023-08-08 13:51,10.00,1100.00,KEWR 081351Z 24009KT 10SM FEW011 BKN015 OVC075 24/21 A2965 RMK AO2 RAB1259E11B36E48 SLP041 P0000 T02390206
EWR,2023-08-08 14:51,10.00,1500.00,KEWR 081451Z 27013G22KT 10SM FEW015 BKN028 BKN070 26/19 A2964 RMK AO2 SLP037 60000 T02610194 58008
EWR,2023-08-08 15:51,10.00,2000.00,KEWR 081551Z 28015KT 10SM FEW020 BKN032 BKN060 27/18 A2963 RMK AO2 SLP033 T02670183
EWR,2023-08-08 16:51,10.00,2800.00,KEWR 081651Z 24018KT 10SM FEW028 SCT045 BKN060 27/17 A2962 RMK AO2 SLP028 T02720172
EWR,2023-08-08 17:51,10.00,4000.00,KEWR 081751Z 25018G25KT 10SM BKN040 BKN060 BKN120 27/17 A2962 RMK AO2 SLP028 60000 T02720167 10283 20233 55008
EWR,2023-08-08 18:51,10.00,4500.00,KEWR 081851Z 25021G28KT 10SM BKN045 BKN060 BKN120 27/17 A2962 RMK AO2 PK WND 25029/1754 SLP029 T02720167
EWR,2023-08-08 19:51,10.00,3500.00,KEWR 081951Z 26020G30KT 10SM FEW035 BKN060 BKN120 28/16 A2963 RMK AO2 PK WND 26032/1934 SLP033 T02780161
EWR,2023-08-08 20:51,10.00,3800.00,KEWR 082051Z 27021G32KT 10SM FEW038 BKN055 27/16 A2964 RMK AO2 PK WND 26032/2043 SLP037 T02670156 53008
EWR,2023-08-08 21:51,10.00,4000.00,KEWR 082151Z 28018G25KT 10SM FEW040 BKN060 BKN120 27/16 A2964 RMK AO2 PK WND 25030/2055 SLP037 T02670161
EWR,2023-08-08 22:51,3.00,4200.00,KEWR 082251Z 28017G26KT 3SM HZ FEW042 SCT120 26/16 A2965 RMK AO2 PK WND 31032/2237 SLP039 T02610156
EWR,2023-08-08 23:51,10.00,4200.00,KEWR 082351Z 28016G27KT 10SM FEW042 BKN085 BKN120 25/15 A2968 RMK AO2 PK WND 29028/2255 SLP050 T02500150 10289 20250 53013
EWR,2023-08-09 00:51,10.00,4500.00,KEWR 090051Z 29008KT 10SM FEW045 FEW060 BKN090 BKN130 24/16 A2969 RMK AO2 SLP053 T02440156
EWR,2023-08-09 01:51,10.00,4500.00,KEWR 090151Z 27014G20KT 10SM FEW045 SCT060 BKN090 OVC130 24/16 A2969 RMK AO2 SLP054 T02440156
EWR,2023-08-09 02:51,10.00,6500.00,KEWR 090251Z 26011KT 10SM BKN065 BKN090 OVC130 24/16 A2970 RMK AO2 SLP056 T02440156 51007
EWR,2023-08-09 03:51,10.00,6500.00,KEWR 090351Z 28012KT 10SM BKN065 BKN085 BKN130 24/15 A2971 RMK AO2 SLP060 T02440150
EWR,2023-08-09 04:51,10.00,7000.00,KEWR 090451Z 26012G30KT 10SM SCT070 BKN110 24/14 A2970 RMK AO2 PK WND 29030/0446 SLP058 T02390144 402890217
EWR,2023-08-09 05:51,10.00,7000.00,KEWR 090551Z 27015G21KT 10SM FEW070 SCT110 23/15 A2970 RMK AO2 PK WND 27031/0516 SLP056 T02330150 10250 20233 58001
EWR,2023-08-09 06:51,10.00,7000.00,KEWR 090651Z 28014KT 10SM FEW070 FEW100 23/15 A2969 RMK AO2 SLP053 T02280150
EWR,2023-08-09 07:51,10.00,7000.00,KEWR 090751Z 27010KT 10SM FEW070 FEW100 22/15 A2969 RMK AO2 SLP054 T02220150
EWR,2023-08-09 08:51,10.00,10000.00,KEWR 090851Z 26010KT 10SM FEW100 22/15 A2970 RMK AO2 SLP057 T02170150 53001
EWR,2023-08-09 09:51,10.00,10000.00,KEWR 090951Z 27013KT 10SM FEW100 22/15 A2971 RMK AO2 SLP061 T02170150
EWR,2023-08-09 10:51,10.00,25000.00,KEWR 091051Z 26012KT 10SM FEW250 22/14 A2973 RMK AO2 SLP067 T02170144
EWR,2023-08-09 11:51,10.00,13000.00,KEWR 091151Z 27010KT 10SM FEW130 SCT250 23/15 A2975 RMK AO2 SLP073 T02330150 10233 20211 53016
EWR,2023-08-09 12:51,10.00,13000.00,KEWR 091251Z 28014KT 10SM FEW130 FEW250 24/14 A2976 RMK AO2 SLP077 T02440144
EWR,2023-08-09 13:51,10.00,13000.00,KEWR 091351Z 31014G25KT 10SM FEW130 FEW250 27/14 A2976 RMK AO2 SLP077 T02670144
EWR,2023-08-09 14:51,10.00,4500.00,KEWR 091451Z 30017G22KT 10SM FEW045 FEW250 28/14 A2976 RMK AO2 SLP076 T02780144 50003
EWR,2023-08-09 15:51,10.00,5000.00,KEWR 091551Z 29014KT 10SM FEW050 FEW250 29/14 A2975 RMK AO2 SLP073 T02890144
EWR,2023-08-09 16:51,10.00,5500.00,KEWR 091651Z 27011G18KT 10SM FEW055 FEW250 29/14 A2974 RMK AO2 SLP070 T02940139
EWR,2023-08-09 17:51,10.00,6500.00,KEWR 091751Z 28012G21KT 10SM FEW065 31/14 A2973 RMK AO2 SLP068 T03110139 10311 20233 56008
EWR,2023-08-09 18:51,10.00,6500.00,KEWR 091851Z 29012G22KT 10SM FEW065 31/13 A2973 RMK AO2 SLP066 T03110133
EWR,2023-08-09 19:51,10.00,6500.00,KEWR 091951Z 26016G23KT 10SM FEW065 32/13 A2974 RMK AO2 SLP070 T03170128
EWR,2023-08-09 20:51,10.00,6500.00,KEWR 092051Z 25016G22KT 10SM FEW065 FEW250 31/14 A2974 RMK AO2 PK WND 28026/2007 SLP070 T03110144 53002
EWR,2023-08-09 21:51,10.00,6500.00,KEWR 092151Z 26016G20KT 10SM FEW065 FEW150 BKN250 31/14 A2972 RMK AO2 SLP065 T03060144
EWR,2023-08-09 22:51,10.00,6500.00,KEWR 092251Z 29011KT 10SM FEW065 FEW150 BKN250 29/14 A2973 RMK AO2 SLP067 T02940144
EWR,2023-08-09 23:51,10.00,6500.00,KEWR 092351Z 25009KT 10SM FEW065 SCT110 SCT250 28/14 A2974 RMK AO2 SLP072 T02780144 10322 20278 53001
EWR,2023-08-10 00:51,10.00,7000.00,KEWR 100051Z 26010KT 10SM FEW070 FEW110 SCT250 27/14 A2976 RMK AO2 SLP078 T02670144
EWR,2023-08-10 01:51,10.00,11000.00,KEWR 100151Z 27011KT 10SM FEW110 FEW250 26/13 A2979 RMK AO2 SLP086 T02560133
EWR,2023-08-10 02:51,10.00,11000.00,KEWR 100251Z 28009KT 10SM FEW110 FEW250 25/14 A2980 RMK AO2 SLP091 T02500139 51019
EWR,2023-08-10 03:51,10.00,11000.00,KEWR 100351Z 25005KT 10SM FEW110 FEW250 24/14 A2980 RMK AO2 SLP090 T02440139
EWR,2023-08-10 04:51,10.00,25000.00,KEWR 100451Z 21004KT 10SM FEW250 23/14 A2979 RMK AO2 SLP086 T02280144 403220211
EWR,2023-08-10 05:51,10.00,11000.00,KEWR 100551Z 24006KT 10SM BKN110 BKN250 23/16 A2978 RMK AO2 SLP083 T02330161 10278 20217 58008
EWR,2023-08-10 06:51,10.00,7000.00,KEWR 100651Z 20003KT 10SM FEW070 SCT080 BKN110 BKN250 23/16 A2977 RMK AO2 SLP079 T02280161
EWR,2023-08-10 07:51,10.00,7000.00,KEWR 100751Z 22003KT 10SM FEW070 BKN095 BKN250 22/17 A2976 RMK AO2 SLP076 T02220167
EWR,2023-08-10 08:51,10.00,7000.00,KEWR 100851Z 24003KT 10SM FEW070 SCT095 BKN250 22/16 A2974 RMK AO2 SLP072 T02220161 56012
EWR,2023-08-10 09:51,10.00,7000.00,KEWR 100951Z 24005KT 10SM FEW070 SCT095 SCT210 BKN250 23/16 A2975 RMK AO2 SLP073 T02330161
EWR,2023-08-10 10:51,10.00,9500.00,KEWR 101051Z 00000KT 10SM FEW095 SCT210 BKN250 23/17 A2973 RMK AO2 SLP068 T02280167
EWR,2023-08-10 11:51,10.00,10000.00,KEWR 101151Z 19003KT 10SM FEW100 BKN190 BKN250 24/17 A2974 RMK AO2 SLP070 T02390172 10239 20222 55002
EWR,2023-08-10 12:51,10.00,12000.00,KEWR 101251Z 19003KT 10SM FEW120 SCT150 BKN180 BKN250 25/18 A2973 RMK AO2 SLP067 T02500178
EWR,2023-08-10 13:51,10.00,12000.00,KEWR 101351Z 00000KT 10SM BKN120 BKN160 BKN190 OVC250 26/18 A2973 RMK AO2 SLP068 T02560183
EWR,2023-08-10 14:51,10.00,7500.00,KEWR 101451Z 17004KT 10SM SCT075 BKN090 BKN130 OVC250 27/20 A2972 RMK AO2 SLP065 T02720200 56005
EWR,2023-08-10 15:51,10.00,3000.00,KEWR 101551Z 13005KT 10SM FEW030 SCT130 BKN160 OVC250 28/21 A2970 RMK AO2 SLP058 T02780206
EWR,2023-08-10 16:51,7.00,4300.00,KEWR 101651Z 16005KT 7SM -RA FEW043 SCT065 BKN110 BKN140 OVC250 27/21 A2969 RMK AO2 RAB27 SLP053 P0000 T02720211
EWR,2023-08-10 17:51,9.00,4500.00,KEWR 101751Z 16004KT 9SM -RA FEW045 BKN095 OVC110 26/22 A2967 RMK AO2 SLP047 P0002 60002 T02610217 10283 20239 57018
EWR,2023-08-10 18:51,6.00,1500.00,KEWR 101851Z 19006KT 6SM -RA FEW015 SCT075 BKN095 OVC130 25/20 A2966 RMK AO2 SLP044 P0001 T02500200
EWR,2023-08-10 19:51,5.00,1800.00,KEWR 101951Z 00000KT 5SM -RA BR FEW018 SCT050 OVC100 23/21 A2964 RMK AO2 LTG DSNT SW SLP037 P0016 T02330211 $
EWR,2023-08-10 20:51,3.00,2000.00,KEWR 102051Z 17005KT 3SM R04R/5500VP6000FT TSRA BR FEW020 BKN045CB OVC080 23/21 A2962 RMK AO2 TSB42 SLP030 VIS E 2 1/2 OCNL LTGIC OHD TS OHD MOV NE P0021 60038 T02280211 58017 $
EWR,2023-08-10 21:51,9.00,1500.00,KEWR 102151Z VRB03KT 9SM -RA FEW015 BKN048 BKN070 OVC150 23/20 A2960 RMK AO2 RAE24B39 TSE28 SLP023 P0001 T02280200 $
EWR,2023-08-10 22:51,4.00,1400.00,KEWR 102251Z 00000KT 4SM -RA BR SCT014 BKN035 OVC060 22/20 A2961 RMK AO2 SLP025 P0003 T02220200 $
EWR,2023-08-10 23:51,9.00,800.00,KEWR 102351Z 00000KT 9SM FEW008 BKN021 BKN050 BKN140 BKN250 23/21 A2960 RMK AO2 RAE49 SLP022 CB DSNT E-DSNT SE MOV E P0001 60043 T02280206 10267 20222 56008 $
EWR,2023-08-11 00:51,10.00,600.00,KEWR 110051Z 28004KT 10SM SCT006 SCT050 BKN070 BKN250 23/21 A2961 RMK AO2 SLP027 T02280206 $
EWR,2023-08-11 01:51,10.00,600.00,KEWR 110151Z 24004KT 10SM FEW006 SCT065 SCT250 23/21 A2962 RMK AO2 SLP031 T02280206 $
EWR,2023-08-11 02:51,9.00,600.00,KEWR 110251Z 28005KT 9SM SCT006 SCT070 23/21 A2963 RMK AO2 SLP033 T02280206 51011 $
EWR,2023-08-11 03:51,9.00,600.00,KEWR 110351Z 29003KT 9SM FEW006 FEW070 22/20 A2964 RMK AO2 SLP036 T02220200 $
EWR,2023-08-11 04:51,10.00,600.00,KEWR 110451Z 26005KT 10SM FEW006 FEW070 22/19 A2964 RMK AO2 SLP037 T02220194 402830217 $
EWR,2023-08-11 05:51,10.00,7000.00,KEWR 110551Z 23004KT 10SM FEW070 21/19 A2965 RMK AO2 SLP040 T02110189 10228 20206 53007 $
EWR,2023-08-11 06:51,10.00,7000.00,KEWR 110651Z 22003KT 10SM FEW070 19/18 A2967 RMK AO2 SLP045 T01940178 $
EWR,2023-08-11 07:51,10.00,M,KEWR 110751Z 22004KT 10SM CLR 19/18 A2968 RMK AO2 SLP050 T01940178 $
EWR,2023-08-11 08:51,10.00,M,KEWR 110851Z 25007KT 10SM CLR 20/18 A2970 RMK AO2 SLP058 T02000183 53018 $
EWR,2023-08-11 09:51,10.00,M,KEWR 110951Z 26007KT 10SM CLR 20/18 A2972 RMK AO2 SLP064 T02000178 $
EWR,2023-08-11 10:51,10.00,25000.00,KEWR 111051Z 25005KT 10SM FEW250 21/18 A2975 RMK AO2 SLP073 T02060183 $
EWR,2023-08-11 11:51,10.00,25000.00,KEWR 111151Z 28005KT 10SM FEW250 22/18 A2976 RMK AO2 SLP079 70045 T02220183 10222 20194 52020 $
EWR,2023-08-11 12:51,10.00,1700.00,KEWR 111251Z 25006KT 10SM FEW017 FEW250 24/18 A2977 RMK AO2 SLP079 T02390178 $
EWR,2023-08-11 13:51,10.00,2000.00,KEWR 111351Z 28003KT 10SM FEW020 FEW250 25/18 A2978 RMK AO2 SLP084 T02500178 $
EWR,2023-08-11 14:51,10.00,2700.00,KEWR 111451Z 25007KT 10SM FEW027 FEW250 27/18 A2979 RMK AO2 SLP088 T02670183 53009 $
EWR,2023-08-11 15:51,10.00,3500.00,KEWR 111551Z 25015G19KT 10SM SCT035 SCT250 29/18 A2979 RMK AO2 SLP087 T02890178 $
EWR,2023-08-11 16:51,10.00,4200.00,KEWR 111651Z 29015KT 10SM SCT042 SCT250 29/17 A2978 RMK AO2 SLP085 T02940167 $
EWR,2023-08-11 17:51,10.00,4800.00,KEWR 111751Z 27011G20KT 10SM FEW048 SCT250 30/16 A2979 RMK AO2 SLP087 T03000161 10306 20222 55001 $
EWR,2023-08-11 18:51,10.00,5500.00,KEWR 111851Z 26014G22KT 10SM FEW055 SCT250 30/16 A2979 RMK AO2 SLP086 T03000156 $
EWR,2023-08-11 19:51,10.00,5000.00,KEWR 111951Z 25017G24KT 10SM FEW050 SCT250 31/14 A2978 RMK AO2 SLP084 T03110139 $
EWR,2023-08-11 20:51,10.00,5500.00,KEWR 112051Z 25013KT 10SM FEW055 FEW080 SCT250 31/14 A2978 RMK AO2 SLP085 T03110139 55001 $
EWR,2023-08-11 21:51,10.00,5500.00,KEWR 112151Z 27012G19KT 10SM FEW055 FEW075 SCT250 31/14 A2979 RMK AO2 SLP088 T03060139 $
EWR,2023-08-11 22:51,10.00,5500.00,KEWR 112251Z 26010KT 10SM FEW055 FEW250 29/13 A2980 RMK AO2 SLP090 T02940133 $
EWR,2023-08-11 23:51,10.00,6000.00,KEWR 112351Z 27007KT 10SM SCT060 SCT250 29/14 A2981 RMK AO2 SLP095 T02890144 10311 20289 53009 $
EWR,2023-08-12 00:51,10.00,6500.00,KEWR 120051Z 24005KT 10SM SCT065 SCT250 28/15 A2983 RMK AO2 SLP101 T02780150 $
EWR,2023-08-12 01:51,10.00,6500.00,KEWR 120151Z 25004KT 10SM FEW065 SCT250 28/15 A2985 RMK AO2 SLP108 T02780150 $
EWR,2023-08-12 02:51,10.00,7000.00,KEWR 120251Z 25005KT 10SM FEW070 SCT250 27/16 A2987 RMK AO2 SLP113 T02670156 51018 $
EWR,2023-08-12 03:51,10.00,25000.00,KEWR 120351Z 23003KT 10SM SCT250 24/16 A2987 RMK AO2 SLP114 T02390161 $
EWR,2023-08-12 04:51,10.00,7000.00,KEWR 120451Z 00000KT 10SM FEW070 FEW250 24/16 A2988 RMK AO2 SLP118 T02440156 403110194 $
EWR,2023-08-12 05:51,10.00,25000.00,KEWR 120551Z 03005KT 10SM FEW250 23/17 A2988 RMK AO2 SLP118 T02330167 10289 20233 51005 $
EWR,2023-08-12 06:51,10.00,25000.00,KEWR 120651Z 03005KT 10SM FEW250 23/17 A2989 RMK AO2 SLP121 T02280172 $
EWR,2023-08-12 07:51,10.00,25000.00,KEWR 120751Z 01004KT 10SM FEW250 22/17 A2989 RMK AO2 SLP122 T02170167 $
EWR,2023-08-12 08:51,10.00,7000.00,KEWR 120851Z 03005KT 10SM FEW070 FEW250 21/16 A2989 RMK AO2 SLP123 T02110161 51004 $
EWR,2023-08-12 09:51,10.00,7000.00,KEWR 120951Z 00000KT 10SM FEW070 SCT250 22/17 A2990 RMK AO2 SLP123 T02170167 $
EWR,2023-08-12 10:51,10.00,8000.00,KEWR 121051Z 01004KT 10SM FEW080 SCT200 BKN250 22/17 A2991 RMK AO2 SLP127 T02170172 $
EWR,2023-08-12 11:51,10.00,8000.00,KEWR 121151Z 06003KT 10SM FEW080 FEW150 SCT250 24/17 A2991 RMK AO2 SLP128 T02440167 10244 20200 52005 $
EWR,2023-08-12 12:51,10.00,7500.00,KEWR 121251Z 07005KT 10SM SCT075 BKN150 BKN250 25/18 A2991 RMK AO2 SLP127 T02500178 $
EWR,2023-08-12 13:51,10.00,6500.00,KEWR 121351Z 11005KT 10SM FEW065 SCT080 BKN150 BKN250 26/18 A2990 RMK AO2 SLP125 T02610183 $
EWR,2023-08-12 14:51,10.00,5000.00,KEWR 121451Z 18007KT 10SM FEW050 BKN110 BKN150 BKN250 27/17 A2990 RMK AO2 SLP126 VCSH SE-S T02670167 55002 $
EWR,2023-08-12 15:51,10.00,5500.00,KEWR 121551Z 16005KT 10SM FEW055 SCT120 BKN140 BKN250 27/20 A2990 RMK AO2 SLP123 T02720200 $
EWR,2023-08-12 16:51,10.00,3200.00,KEWR 121651Z 22007KT 10SM FEW032 SCT110 BKN140 BKN250 29/22 A2988 RMK AO2 SLP118 T02940217 $
EWR,2023-08-12 17:51,10.00,3500.00,KEWR 121751Z 19005KT 10SM FEW035 SCT048 BKN140 BKN250 29/21 A2985 RMK AO2 SLP108 T02940211 10306 20244 58018 $
EWR,2023-08-12 18:51,10.00,3500.00,KEWR 121851Z 17005KT 10SM FEW035 SCT045CB BKN110 BKN140 BKN250 30/21 A2985 RMK AO2 LTG DSNT SE-SW TSB11E27 SLP106 CB SE-SW MOV NE TCU NE-E T03000211 $
EWR,2023-08-12 19:51,10.00,4800.00,KEWR 121951Z 16010KT 10SM FEW048 SCT110 BKN140 BKN250 28/21 A2983 RMK AO2 RAB24E34 TSB02E51 SLP100 CB DSNT NE MOV NE P0001 T02830211 $
EWR,2023-08-12 20:51,10.00,4500.00,KEWR 122051Z 15007KT 10SM FEW045 FEW070 SCT140 BKN250 29/21 A2983 RMK AO2 LTG DSNT NE SLP101 CB DSNT NE MOV NE 60001 T02890206 55007 $
EWR,2023-08-12 21:51,10.00,4500.00,KEWR 122151Z 15006KT 10SM FEW045 FEW070 SCT140 BKN250 29/21 A2983 RMK AO2 SLP099 CB DSNT NE MOV NE T02940211 $
EWR,2023-08-12 22:51,10.00,4600.00,KEWR 122251Z 20012KT 10SM SCT046TCU SCT070 BKN140 BKN250 29/21 A2983 RMK AO2 SLP101 TCU E T02940206 $
EWR,2023-08-12 23:51,10.00,4300.00,KEWR 122351Z 18010KT 10SM SCT043 SCT070 BKN140 BKN250 29/21 A2983 RMK AO2 LTG DSNT N SLP100 CB DSNT N MOV NE 60001 T02890211 10322 20267 56002 $
EWR,2023-08-13 00:51,10.00,4100.00,KEWR 130051Z 19012KT 10SM SCT041 SCT070 BKN140 BKN250 28/20 A2984 RMK AO2 SLP105 T02780200 $
EWR,2023-08-13 01:51,10.00,4100.00,KEWR 130151Z 20009KT 10SM FEW041 SCT065 BKN140 BKN250 27/21 A2985 RMK AO2 SLP108 OCNL LTGICCG DSNT NE CB DSNT NE MOV E T02670206 $
EWR,2023-08-13 02:51,10.00,4000.00,KEWR 130251Z 15003KT 10SM FEW040 SCT065 BKN160 BKN250 27/21 A2985 RMK AO2 LTG DSNT N SLP106 OCNL LTGICCG DSNT N CB DSNT N MOV E T02670206 50007 $
EWR,2023-08-13 03:51,10.00,4000.00,KEWR 130351Z 00000KT 10SM FEW040 BKN060 BKN150 BKN250 26/21 A2987 RMK AO2 LTG DSNT N AND NE SLP115 OCNL LTGICCG DSNT NE CB DSNT NE MOV E T02610206 $
EWR,2023-08-13 04:51,10.00,3400.00,KEWR 130451Z 12004KT 10SM -RA SCT034 BKN060 OVC140 27/21 A2986 RMK AO2 RAB46 SLP110 P0000 T02670206 403220200 $
EWR,2023-08-13 05:51,9.00,3000.00,KEWR 130551Z 10003KT 9SM VCTS -RA FEW030 BKN055 OVC080 26/22 A2986 RMK AO2 LTG DSNT SW-NW TSE50 SLP110 P0002 60002 T02560217 10289 20256 51004 $
EWR,2023-08-13 06:51,5.00,1400.00,KEWR 130651Z 27010KT 5SM TSRA FEW014 BKN050CB OVC090 23/18 A2984 RMK AO2 LTG DSNT ALQDS TSB0553 PRESFR SLP104 FRQ LTGICCCCG OHD TS OHD MOV NE P0041 T02280183 $
EWR,2023-08-13 07:51,10.00,1400.00,KEWR 130751Z 00000KT 10SM FEW014 SCT044 OVC110 22/20 A2980 RMK AO2 LTG DSNT E AND NW RAE45 TSE47 SLP091 P0007 T02220200 $
EWR,2023-08-13 08:51,10.00,3800.00,KEWR 130851Z 20006KT 10SM SCT038 BKN150 BKN250 22/19 A2981 RMK AO2 LTG DSNT NE SLP096 60048 T02170194 55015 $
EWR,2023-08-13 09:51,10.00,4000.00,KEWR 130951Z 00000KT 10SM SCT040 BKN090 BKN140 BKN250 22/21 A2983 RMK AO2 SLP102 T02220206 $
EWR,2023-08-13 10:51,10.00,2500.00,KEWR 131051Z 30004KT 10SM FEW025 FEW055 SCT080 SCT130 SCT250 23/21 A2984 RMK AO2 SLP105 CB DSNT E MOV E T02280206 $
EWR,2023-08-13 11:51,10.00,3500.00,KEWR 131151Z 00000KT 10SM FEW035 FEW080 FEW130 SCT250 24/21 A2985 RMK AO2 SLP106 60048 70051 T02440211 10256 20217 51010 $
EWR,2023-08-13 12:51,10.00,3500.00,KEWR 131251Z 22003KT 10SM FEW035 FEW100 FEW250 26/21 A2986 RMK AO2 SLP111 T02560206 $
EWR,2023-08-13 13:51,10.00,4000.00,KEWR 131351Z 26008KT 10SM FEW040 BKN100 BKN250 27/22 A2986 RMK AO2 SLP111 T02720217 $
EWR,2023-08-13 14:51,10.00,4000.00,KEWR 131451Z 28010KT 10SM FEW040 SCT110 SCT250 29/21 A2986 RMK AO2 SLP110 T02890211 50004 $
EWR,2023-08-13 15:51,10.00,4500.00,KEWR 131551Z 28010KT 10SM FEW045 SCT110 SCT250 30/22 A2985 RMK AO2 SLP108 T03000217 $
EWR,2023-08-13 16:51,10.00,3500.00,KEWR 131651Z 26016G21KT 10SM SCT035 SCT110 31/20 A2985 RMK AO2 SLP109 T03110200 $
EWR,2023-08-13 17:51,10.00,4500.00,KEWR 131751Z 27014G18KT 10SM SCT045 SCT060 32/19 A2986 RMK AO2 SLP110 T03170189 10322 20244 55000 $
EWR,2023-08-13 18:51,10.00,4800.00,KEWR 131851Z 29016G21KT 10SM SCT048 32/17 A2987 RMK AO2 SLP114 T03170172 $
EWR,2023-08-13 19:51,10.00,5000.00,KEWR 131951Z 32013KT 10SM FEW050 FEW075 SCT250 31/18 A2987 RMK AO2 SLP114 T03110178 $
EWR,2023-08-13 20:51,10.00,5500.00,KEWR 132051Z 29015KT 10SM FEW055 SCT075 32/17 A2988 RMK AO2 SLP116 T03170172 51006 $
EWR,2023-08-13 21:51,10.00,6000.00,KEWR 132151Z 27014KT 10SM SCT060 32/17 A2988 RMK AO2 SLP118 T03170167 $
EWR,2023-08-13 22:51,10.00,7000.00,KEWR 132251Z 30011KT 10SM FEW070 FEW250 31/16 A2989 RMK AO2 SLP120 T03060161 $
EWR,2023-08-13 23:51,10.00,6500.00,KEWR 132351Z 28009KT 10SM BKN065 BKN250 30/17 A2991 RMK AO2 SLP126 T03000167 10322 20300 53010 $
EWR,2023-08-14 00:51,10.00,6500.00,KEWR 140051Z 29008KT 10SM FEW065 FEW085 SCT250 28/17 A2993 RMK AO2 SLP136 T02830172 $
EWR,2023-08-14 01:51,10.00,8000.00,KEWR 140151Z 25006KT 10SM FEW080 SCT250 28/17 A2996 RMK AO2 SLP144 T02780172 $
EWR,2023-08-14 02:51,10.00,25000.00,KEWR 140251Z 25007KT 10SM FEW250 27/18 A2996 RMK AO2 SLP146 T02670178 51020 $
EWR,2023-08-14 03:51,10.00,25000.00,KEWR 140351Z 27006KT 10SM SCT250 26/18 A2997 RMK AO2 SLP147 T02610178 $
EWR,2023-08-14 04:51,10.00,25000.00,KEWR 140451Z 25005KT 10SM SCT250 25/17 A2996 RMK AO2 SLP145 T02500172 403220217 $
EWR,2023-08-14 05:51,10.00,25000.00,KEWR 140551Z 27006KT 10SM SCT250 24/18 A2996 RMK AO2 SLP144 T02440178 10300 20244 58002 $
EWR,2023-08-14 06:51,10.00,25000.00,KEWR 140651Z 00000KT 10SM BKN250 24/18 A2995 RMK AO2 SLP142 T02390178 $
EWR,2023-08-14 07:51,10.00,25000.00,KEWR 140751Z 00000KT 10SM SCT250 23/18 A2995 RMK AO2 SLP142 T02330178 $
EWR,2023-08-14 08:51,10.00,15000.00,KEWR 140851Z 00000KT 10SM FEW150 BKN250 23/17 A2995 RMK AO2 SLP140 T02280172 57004 $
EWR,2023-08-14 09:51,10.00,15000.00,KEWR 140951Z 00000KT 10SM SCT150 BKN240 23/18 A2995 RMK AO2 SLP142 T02330183 $
EWR,2023-08-14 10:51,10.00,15000.00,KEWR 141051Z 20004KT 10SM SCT150 BKN230 23/18 A2996 RMK AO2 SLP145 T02330183 $
EWR,2023-08-14 11:51,10.00,6500.00,KEWR 141151Z 00000KT 10SM FEW065 SCT150 BKN230 24/18 A2997 RMK AO2 SLP147 T02390183 10244 20228 53007 $
EWR,2023-08-14 12:51,10.00,6500.00,KEWR 141251Z 26006KT 10SM SCT065 BKN180 BKN240 24/18 A2999 RMK AO2 SLP154 T02440183 $
EWR,2023-08-14 13:51,10.00,6500.00,KEWR 141351Z 25004KT 10SM FEW065 BKN180 BKN240 27/17 A3000 RMK AO2 SLP157 T02670172 $
EWR,2023-08-14 14:51,10.00,7000.00,KEWR 141451Z 20003KT 10SM FEW070 BKN170 BKN230 27/18 A3000 RMK AO2 SLP160 T02720178 51013 $
EWR,2023-08-14 15:51,10.00,7000.00,KEWR 141551Z 00000KT 10SM FEW070 BKN170 BKN240 28/17 A2999 RMK AO2 SLP155 T02830172 $
EWR,2023-08-14 16:51,10.00,7000.00,KEWR 141651Z 20005KT 10SM FEW070 BKN170 BKN250 29/18 A2997 RMK AO2 SLP149 T02940178
EWR,2023-08-14 17:51,10.00,9000.00,KEWR 141751Z 28008KT 10SM FEW090 BKN170 BKN250 31/18 A2995 RMK AO2 SLP143 T03060178 10311 20239 58017
EWR,2023-08-14 18:51,10.00,4500.00,KEWR 141851Z 21005KT 10SM FEW045 BKN180 BKN250 31/19 A2993 RMK AO2 SLP134 T03110189
EWR,2023-08-14 19:51,10.00,5500.00,KEWR 141951Z 25003KT 10SM FEW055 BKN170 BKN250 32/18 A2991 RMK AO2 SLP128 T03170178
EWR,2023-08-14 20:51,10.00,5500.00,KEWR 142051Z 20008KT 10SM FEW055 BKN170 BKN250 32/18 A2989 RMK AO2 SLP122 T03170183 56020
EWR,2023-08-14 21:51,10.00,5500.00,KEWR 142151Z 15009KT 10SM FEW055 BKN170 BKN250 30/19 A2989 RMK AO2 SLP121 T03000189
EWR,2023-08-14 22:51,10.00,5500.00,KEWR 142251Z 16006KT 10SM FEW055 BKN140 BKN250 29/17 A2989 RMK AO2 SLP121 T02890172
EWR,2023-08-14 23:51,10.00,5000.00,KEWR 142351Z 16007KT 10SM FEW050 BKN140 BKN210 OVC250 28/18 A2989 RMK AO2 SLP120 T02830178 10322 20283 57002
EWR,2023-08-15 00:51,10.00,5000.00,KEWR 150051Z 17006KT 10SM FEW050 BKN110 BKN210 OVC250 28/17 A2989 RMK AO2 SLP122 T02780172
EWR,2023-08-15 01:51,10.00,5000.00,KEWR 150151Z 17005KT 10SM FEW050 BKN080 OVC095 27/18 A2989 RMK AO2 RAB0058E25 SLP120 P0000 T02670178
EWR,2023-08-15 02:51,10.00,5000.00,KEWR 150251Z 14003KT 10SM FEW050 OVC070 27/18 A2987 RMK AO2 SLP116 60000 T02670183 58004
EWR,2023-08-15 03:51,10.00,6500.00,KEWR 150351Z 12003KT 10SM BKN065 OVC090 27/19 A2985 RMK AO2 RAB0259E15 SLP108 P0000 T02670189
EWR,2023-08-15 04:51,9.00,2500.00,KEWR 150451Z 05005KT 9SM -RA FEW025 BKN031 OVC055 26/22 A2981 RMK AO2 RAB09 SLP094 P0000 T02560217 403220228
EWR,2023-08-15 05:51,6.00,800.00,KEWR 150551Z 01007KT 6SM RA BR BKN008 OVC012 23/22 A2978 RMK AO2 LTG DSNT SE SLP083 P0038 60038 T02330217 10278 20233 58034
EWR,2023-08-15 06:51,10.00,600.00,KEWR 150651Z 01007KT 10SM -RA BKN006 OVC012 23/22 A2975 RMK AO2 SLP073 P0003 T02330217
EWR,2023-08-15 07:51,10.00,600.00,KEWR 150751Z 03011KT 10SM -RA FEW006 OVC009 23/21 A2973 RMK AO2 RAE10B38 SLP067 P0000 T02280211
EWR,2023-08-15 08:51,8.00,800.00,KEWR 150851Z 01007KT 8SM -RA OVC008 23/21 A2970 RMK AO2 SLP057 P0000 60003 T02280211 58026
EWR,2023-08-15 09:51,6.00,600.00,KEWR 150951Z 03006KT 6SM -RA BR BKN006 BKN014 OVC034 22/21 A2971 RMK AO2 SLP059 P0002 T02220206
EWR,2023-08-15 10:51,10.00,700.00,KEWR 151051Z 35006KT 10SM BKN007 BKN021 BKN080 BKN250 23/21 A2973 RMK AO2 RAE06 SLP067 P0000 T02280206
EWR,2023-08-15 11:51,10.00,800.00,KEWR 151151Z 35005KT 10SM BKN008 OVC016 23/21 A2974 RMK AO2 SLP072 60005 70043 T02280211 10233 20222 53015
EWR,2023-08-15 12:51,8.00,800.00,KEWR 151251Z 29004KT 8SM FEW008 BKN014 BKN028 BKN250 24/21 A2975 RMK AO2 SLP075 T02440211
EWR,2023-08-15 13:51,10.00,800.00,KEWR 151351Z 27013KT 10SM FEW008 BKN012 BKN030 BKN250 26/21 A2976 RMK AO2 SLP076 T02560211
EWR,2023-08-15 14:51,10.00,1600.00,KEWR 151451Z 30005KT 10SM BKN016 BKN032 BKN250 27/21 A2976 RMK AO2 SLP076 T02670211 51004
EWR,2023-08-15 15:51,10.00,1200.00,KEWR 151551Z 32008KT 10SM BKN012 BKN024 BKN220 27/21 A2977 RMK AO2 SLP079 T02670211
EWR,2023-08-15 16:51,10.00,1100.00,KEWR 151651Z 36008KT 10SM SCT011 BKN019 OVC031 26/21 A2978 RMK AO2 SLP084 T02560206
EWR,2023-08-15 17:51,10.00,1500.00,KEWR 151751Z 01009KT 10SM FEW015 SCT020 BKN030 27/21 A2977 RMK AO2 SLP082 T02670211 10278 20228 50003
EWR,2023-08-15 18:51,10.00,1500.00,KEWR 151851Z 03008KT 340V050 10SM FEW015 SCT022 BKN029 26/21 A2979 RMK AO2 SLP088 T02610206
EWR,2023-08-15 19:51,10.00,1700.00,KEWR 151951Z 36006KT 10SM FEW017 SCT032 BKN050 27/21 A2978 RMK AO2 SLP084 T02720211
EWR,2023-08-15 20:51,10.00,2000.00,KEWR 152051Z 03006KT 10SM FEW020 FEW030 SCT045 BKN200 28/21 A2978 RMK AO2 SLP083 T02780206 50001
EWR,2023-08-15 21:51,10.00,3000.00,KEWR 152151Z 04010KT 10SM FEW030 FEW045 BKN180 BKN250 27/21 A2977 RMK AO2 SLP081 T02720206
EWR,2023-08-15 22:51,10.00,2900.00,KEWR 152251Z 02010KT 10SM SCT029 SCT045 BKN170 BKN250 27/21 A2977 RMK AO2 LTG DSNT S AND SW SLP079 T02670206
EWR,2023-08-15 23:51,10.00,2600.00,KEWR 152351Z 09006KT 10SM SCT026 BKN055 BKN150 BKN250 26/21 A2979 RMK AO2 LTG DSNT SE AND S SLP087 T02560206 10289 20256 53003
EWR,2023-08-16 00:51,10.00,2000.00,KEWR 160051Z 06008KT 10SM BKN020 BKN031 BKN041 OVC150 25/20 A2983 RMK AO2 SLP102 T02500200
EWR,2023-08-16 01:51,10.00,2600.00,KEWR 160151Z 06006KT 10SM BKN026 BKN033 OVC130 25/20 A2984 RMK AO2 SLP104 T02500200
EWR,2023-08-16 02:51,10.00,900.00,KEWR 160251Z 11005KT 10SM FEW009 BKN016 OVC026 24/21 A2984 RMK AO2 SLP104 T02390211 51017
EWR,2023-08-16 03:51,10.00,900.00,KEWR 160351Z 09004KT 10SM FEW009 SCT012 BKN020 OVC130 24/21 A2984 RMK AO2 SLP104 T02390211
EWR,2023-08-16 04:51,10.00,900.00,KEWR 160451Z 12004KT 10SM FEW009 BKN017 OVC025 24/21 A2983 RMK AO2 SLP102 T02390206 402890222
EWR,2023-08-16 05:51,10.00,900.00,KEWR 160551Z 08006KT 10SM FEW009 BKN013 OVC025 24/21 A2983 RMK AO2 SLP100 T02390206 10256 20239 58005
EWR,2023-08-16 06:51,10.00,1000.00,KEWR 160651Z 10007KT 10SM FEW010 OVC018 24/20 A2983 RMK AO2 SLP101 T02390200
EWR,2023-08-16 07:51,10.00,1000.00,KEWR 160751Z 03005KT 10SM R04R/5000VP6000FT FEW010 OVC018 22/21 A2984 RMK AO2 SLP106 T02220206 PNO $
EWR,2023-08-16 08:51,5.00,2500.00,KEWR 160851Z 00000KT 5SM R04R/4500VP6000FT +RA BR SCT025 OVC055 21/19 A2986 RMK AO2 RAB0754 SLP110 P0031 60031 T02110189 53010 $
EWR,2023-08-16 09:51,10.00,2600.00,KEWR 160951Z 00000KT 10SM SCT026 OVC075 22/19 A2986 RMK AO2 RAE23 SLP111 P0025 T02170194 $
EWR,2023-08-16 10:51,10.00,2600.00,KEWR 161051Z 00000KT 10SM SCT026 OVC075 22/20 A2988 RMK AO2 SLP117 T02220200 $
EWR,2023-08-16 11:51,10.00,900.00,KEWR 161151Z 00000KT 10SM FEW009 SCT013 BKN090 BKN250 23/19 A2989 RMK AO2 SLP122 60056 70056 T02280194 10239 20211 53012 $
EWR,2023-08-16 12:51,10.00,900.00,KEWR 161251Z 05004KT 10SM FEW009 SCT013 BKN100 BKN250 23/20 A2990 RMK AO2 SLP126 T02330200
EWR,2023-08-16 13:51,10.00,1500.00,KEWR 161351Z 01005KT 10SM BKN015 BKN036 BKN100 24/20 A2992 RMK AO2 SLP130 T02440200
EWR,2023-08-16 14:51,10.00,2200.00,KEWR 161451Z 02007KT 10SM SCT022 BKN036 26/21 A2992 RMK AO2 SLP133 SCT V BKN T02610206 51007
EWR,2023-08-16 15:51,10.00,2400.00,KEWR 161551Z 00000KT 10SM BKN024 26/20 A2993 RMK AO2 SLP134 T02610200
EWR,2023-08-16 16:51,10.00,2800.00,KEWR 161651Z 15003KT 10SM BKN028 BKN047 27/19 A2991 RMK AO2 SLP129 T02670194
EWR,2023-08-16 17:51,10.00,3100.00,KEWR 161751Z 06007KT 10SM SCT031 28/20 A2990 RMK AO2 SLP126 T02830200 10289 20228 58007
EWR,2023-08-16 18:51,10.00,3100.00,KEWR 161851Z 15008KT 10SM SCT031 29/21 A2990 RMK AO2 SLP124 T02890206
EWR,2023-08-16 19:51,10.00,2500.00,KEWR 161951Z VRB06KT 10SM FEW025 SCT035 SCT100 28/21 A2990 RMK AO2 SLP126 T02830206
EWR,2023-08-16 20:51,10.00,2500.00,KEWR 162051Z 16007KT 10SM FEW025 SCT035 BKN100 27/21 A2990 RMK AO2 SLP125 VCSH SW T02670206 56000
EWR,2023-08-16 21:51,10.00,3500.00,KEWR 162151Z 15007KT 10SM SCT035 SCT075 BKN110 27/21 A2991 RMK AO2 SLP127 T02720206
EWR,2023-08-16 22:51,10.00,4000.00,KEWR 162251Z 15007KT 10SM SCT040 BKN070 BKN120 26/21 A2992 RMK AO2 SLP132 T02560206
EWR,2023-08-16 23:51,10.00,5000.00,KEWR 162351Z 13009KT 10SM BKN050 BKN070 BKN110 24/21 A2994 RMK AO2 SLP139 T02440206 10294 20244 53013
EWR,2023-08-17 00:51,10.00,1200.00,KEWR 170051Z 14005KT 10SM FEW012 BKN050 BKN100 24/21 A2996 RMK AO2 SLP145 T02440206
EWR,2023-08-17 01:51,10.00,1200.00,KEWR 170151Z 12003KT 10SM SCT012 BKN050 BKN100 24/21 A2998 RMK AO2 SLP151 T02390211
EWR,2023-08-17 02:51,10.00,1200.00,KEWR 170251Z 13008KT 10SM BKN012 BKN050 BKN100 24/21 A2997 RMK AO2 SLP147 T02390211 50009
EWR,2023-08-17 03:51,10.00,1400.00,KEWR 170351Z 12003KT 10SM BKN014 BKN050 BKN100 24/21 A2997 RMK AO2 SLP148 T02390211
EWR,2023-08-17 04:51,10.00,1400.00,KEWR 170451Z 11005KT 10SM SCT014 BKN019 OVC030 24/21 A2997 RMK AO2 SLP149 T02390206 402940211
EWR,2023-08-17 05:51,10.00,1300.00,KEWR 170551Z 10005KT 10SM FEW013 BKN029 BKN080 24/21 A2997 RMK AO2 SLP148 T02390206 10244 20239 50001
EWR,2023-08-17 06:51,10.00,2200.00,KEWR 170651Z 12005KT 10SM SCT022 BKN029 BKN085 24/21 A2996 RMK AO2 SLP145 T02390211
EWR,2023-08-17 07:51,10.00,1100.00,KEWR 170751Z 06003KT 10SM -RA BKN011 BKN029 OVC070 24/21 A2996 RMK AO2 RAB33 SLP144 P0000 T02390211
EWR,2023-08-17 08:51,10.00,1000.00,KEWR 170851Z VRB03KT 10SM BKN010 BKN020 OVC070 24/21 A2995 RMK AO2 RAE44 SLP142 P0000 60000 T02390211 56006
EWR,2023-08-17 09:51,10.00,1000.00,KEWR 170951Z 09007KT 10SM -RA BKN010 BKN016 OVC044 24/21 A2996 RMK AO2 RAB39 SLP145 P0000 T02390211
EWR,2023-08-17 10:51,6.00,1000.00,KEWR 171051Z 09004KT 6SM -RA OVC010 24/21 A2997 RMK AO2 SLP148 P0000 T02390211
EWR,2023-08-17 11:51,10.00,900.00,KEWR 171151Z VRB04KT 10SM OVC009 24/22 A2998 RMK AO2 RAE1059 SLP150 P0000 60000 T02440217 10244 20239 51008
EWR,2023-08-17 12:51,10.00,700.00,KEWR 171251Z 04006KT 10SM FEW007 BKN010 BKN070 25/22 A2997 RMK AO2 SLP149 T02500217
EWR,2023-08-17 13:51,10.00,700.00,KEWR 171351Z 36005KT 10SM FEW007 BKN011 24/22 A2997 RMK AO2 SLP147 T02440217
EWR,2023-08-17 14:51,10.00,700.00,KEWR 171451Z 15009KT 10SM FEW007 BKN011 BKN065 BKN250 27/22 A2996 RMK AO2 SLP145 BKN011 V SCT T02720217 58005
EWR,2023-08-17 15:51,10.00,1500.00,KEWR 171551Z 14008KT 10SM SCT015 BKN250 27/22 A2995 RMK AO2 SLP142 T02670217
EWR,2023-08-17 16:51,10.00,1600.00,KEWR 171651Z 14009G15KT 10SM BKN016 BKN250 26/21 A2994 RMK AO2 SLP138 T02610211
EWR,2023-08-17 17:51,10.00,1500.00,KEWR 171751Z 14010G16KT 10SM BKN015 BKN250 26/21 A2992 RMK AO2 SLP132 T02610211 10278 20233 58013
EWR,2023-08-17 18:51,10.00,1500.00,KEWR 171851Z 13011KT 10SM BKN015 BKN021 BKN250 26/21 A2991 RMK AO2 SLP128 T02610211
EWR,2023-08-17 19:51,10.00,1400.00,KEWR 171951Z 13013G19KT 10SM -RA BKN014 BKN100 OVC250 25/21 A2989 RMK AO2 RAB47 SLP120 P0000 T02500211
EWR,2023-08-17 20:51,10.00,1100.00,KEWR 172051Z 12010KT 10SM BKN011 BKN070 BKN250 26/21 A2989 RMK AO2 RAE1959 SLP120 P0000 60000 T02560211 56013
EWR,2023-08-17 21:51,10.00,1100.00,KEWR 172151Z VRB06KT 10SM BKN011 BKN250 25/21 A2989 RMK AO2 SLP119 T02500211
EWR,2023-08-17 22:51,10.00,900.00,KEWR 172251Z 12007KT 10SM OVC009 24/21 A2987 RMK AO2 SLP115 T02440211
EWR,2023-08-17 23:51,10.00,900.00,KEWR 172351Z 12006G15KT 10SM BKN009 OVC020 24/21 A2987 RMK AO2 SLP113 60000 T02440211 10267 20244 58007
EWR,2023-08-18 00:51,10.00,900.00,KEWR 180051Z 10005KT 10SM OVC009 24/22 A2987 RMK AO2 SLP114 T02440217
EWR,2023-08-18 01:51,10.00,1000.00,KEWR 180151Z 09007KT 10SM BKN010 OVC020 24/22 A2985 RMK AO2 SLP108 T02440217
EWR,2023-08-18 02:51,10.00,1000.00,KEWR 180251Z 14005KT 10SM BKN010 OVC023 25/22 A2983 RMK AO2 SLP102 T02500222 58011
EWR,2023-08-18 03:51,10.00,900.00,KEWR 180351Z 14006KT 10SM SCT009 BKN022 25/22 A2981 RMK AO2 SLP093 T02500222
EWR,2023-08-18 04:51,10.00,900.00,KEWR 180451Z 16004KT 10SM SCT009 BKN020 25/22 A2979 RMK AO2 SLP088 T02500222 402780233
EWR,2023-08-18 05:51,10.00,900.00,KEWR 180551Z 13004KT 10SM FEW009 BKN023 26/22 A2976 RMK AO2 SLP078 T02560222 10256 20239 58016
EWR,2023-08-18 06:51,10.00,900.00,KEWR 180651Z 11004KT 10SM FEW009 BKN023 25/23 A2974 RMK AO2 SLP069 T02500228
EWR,2023-08-18 07:51,10.00,1000.00,KEWR 180751Z 11006KT 10SM FEW010 OVC020 26/23 A2970 RMK AO2 LTG DSNT SW SLP056 T02560228
EWR,2023-08-18 08:51,5.00,1300.00,KEWR 180851Z 16007KT 5SM TSRA BR BKN013 BKN020CB OVC040 25/23 A2967 RMK AO2 LTG DSNT SW RAB26 TSB27 SLP046 FRQ LTGICCG OHD TS OHD MOV NE P0009 60009 T02500233 58032
EWR,2023-08-18 09:51,10.00,1500.00,KEWR 180951Z 20004KT 10SM TS FEW015 BKN040CB BKN090 23/21 A2967 RMK AO2 LTG DSNT NE AND E RAE33 SLP048 OCNL LTGIC VC NE TS VC NE MOV NE P0023 T02330211
EWR,2023-08-18 10:51,3.00,1500.00,KEWR 181051Z 33010G25KT 3SM RA BR SCT015 BKN024 OVC046 22/19 A2971 RMK AO2 PK WND 32032/1040 WSHFT 1035 RAB31 TSE05 SLP061 P0002 T02170194
EWR,2023-08-18 11:51,10.00,5000.00,KEWR 181151Z 03006KT 10SM FEW050 SCT070 BKN095 BKN150 22/17 A2971 RMK AO2 WSHFT 1038 RAE19 SLP058 P0002 60036 70036 T02220172 10256 20211 50012
EWR,2023-08-18 12:51,10.00,2000.00,KEWR 181251Z 28009KT 10SM FEW020 SCT060 BKN090 BKN150 22/17 A2972 RMK AO2 SLP064 T02220172
EWR,2023-08-18 13:51,10.00,2000.00,KEWR 181351Z 28007KT 10SM FEW020 FEW070 BKN085 BKN130 24/18 A2972 RMK AO2 SLP065 T02390178
EWR,2023-08-18 14:51,10.00,2800.00,KEWR 181451Z 28010KT 10SM FEW028 FEW070 SCT095 BKN130 26/17 A2973 RMK AO2 SLP067 T02560167 51008
EWR,2023-08-18 15:51,10.00,3500.00,KEWR 181551Z 30011KT 10SM FEW035 SCT090 SCT130 27/16 A2973 RMK AO2 SLP068 T02670161
EWR,2023-08-18 16:51,10.00,3500.00,KEWR 181651Z 27016G20KT 10SM SCT035 BKN090 27/16 A2973 RMK AO2 SLP066 T02720161
EWR,2023-08-18 17:51,10.00,3900.00,KEWR 181751Z 30016G23KT 10SM SCT039 28/15 A2973 RMK AO2 SLP067 T02780150 10283 20217 51000
EWR,2023-08-18 18:51,10.00,5000.00,KEWR 181851Z 29013KT 10SM FEW050 29/14 A2973 RMK AO2 SLP066 T02890144
EWR,2023-08-18 19:51,10.00,5000.00,KEWR 181951Z 27020G26KT 10SM SCT050 29/13 A2974 RMK AO2 PK WND 25030/1856 SLP069 T02890133
EWR,2023-08-18 20:51,10.00,5000.00,KEWR 182051Z 25022G27KT 10SM SCT050 28/11 A2974 RMK AO2 PK WND 27031/2007 SLP072 T02830111 53005
EWR,2023-08-18 21:51,10.00,5000.00,KEWR 182151Z 26020G28KT 10SM SCT050 28/09 A2976 RMK AO2 PK WND 26028/2144 SLP078 T02780094
EWR,2023-08-18 22:51,10.00,5000.00,KEWR 182251Z 27018G23KT 10SM SCT050 27/09 A2978 RMK AO2 PK WND 26027/2234 SLP085 T02670089
EWR,2023-08-18 23:51,10.00,5000.00,KEWR 182351Z 26012G19KT 10SM FEW050 SCT250 26/10 A2981 RMK AO2 SLP093 T02560100 10294 20256 53021
EWR,2023-08-19 00:51,10.00,5000.00,KEWR 190051Z 26008KT 10SM FEW050 BKN095 BKN250 24/11 A2983 RMK AO2 SLP102 T02440106
EWR,2023-08-19 01:51,10.00,7000.00,KEWR 190151Z 26010KT 10SM SCT070 BKN090 BKN250 24/11 A2987 RMK AO2 SLP113 T02390106
EWR,2023-08-19 02:51,10.00,7000.00,KEWR 190251Z 26010KT 10SM FEW070 SCT090 SCT250 23/11 A2988 RMK AO2 SLP119 T02280106 51026
EWR,2023-08-19 03:51,10.00,25000.00,KEWR 190351Z 28010KT 10SM FEW250 22/11 A2991 RMK AO2 SLP126 T02170106
EWR,2023-08-19 04:51,10.00,25000.00,KEWR 190451Z 29010KT 10SM FEW250 21/09 A2992 RMK AO2 SLP131 T02110094 402940211
EWR,2023-08-19 05:51,10.00,M,KEWR 190551Z 27009KT 10SM CLR 21/10 A2992 RMK AO2 SLP131 T02060100 10256 20206 50012
EWR,2023-08-19 06:51,10.00,M,KEWR 190651Z 27009KT 10SM CLR 19/10 A2991 RMK AO2 SLP129 T01940100
EWR,2023-08-19 07:51,10.00,M,KEWR 190751Z 27009KT 10SM CLR 19/11 A2991 RMK AO2 SLP129 T01890106
EWR,2023-08-19 08:51,10.00,M,KEWR 190851Z 23010KT 10SM CLR 18/11 A2992 RMK AO2 SLP132 T01780106 53001
EWR,2023-08-19 09:51,10.00,7000.00,KEWR 190951Z 23010KT 10SM FEW070 17/11 A2994 RMK AO2 SLP137 T01720106
EWR,2023-08-19 10:51,10.00,25000.00,KEWR 191051Z 23010KT 10SM FEW250 17/11 A2996 RMK AO2 SLP144 T01720111
EWR,2023-08-19 11:51,10.00,25000.00,KEWR 191151Z 24009KT 10SM FEW250 19/11 A2998 RMK AO2 SLP150 T01890111 10206 20172 53018
EWR,2023-08-19 12:51,10.00,25000.00,KEWR 191251Z 27010KT 10SM FEW250 21/12 A2999 RMK AO2 SLP156 T02060117
EWR,2023-08-19 13:51,10.00,3500.00,KEWR 191351Z 31011KT 10SM FEW035 FEW250 22/12 A3000 RMK AO2 SLP158 T02220117
EWR,2023-08-19 14:51,10.00,4200.00,KEWR 191451Z 30010KT 10SM SCT042 SCT080 SCT250 23/12 A3001 RMK AO2 SLP162 T02330117 51011
EWR,2023-08-19 15:51,10.00,4600.00,KEWR 191551Z 29011KT 270V330 10SM SCT046 24/11 A3000 RMK AO2 SLP160 T02390111
EWR,2023-08-19 16:51,10.00,4800.00,KEWR 191651Z 26009G19KT 230V300 10SM SCT048 SCT250 25/12 A3000 RMK AO2 SLP157 T02500117
EWR,2023-08-19 17:51,10.00,5500.00,KEWR 191751Z 27013G19KT 10SM SCT055 BKN250 27/12 A2998 RMK AO2 SLP152 T02670117 10267 20189 58009
EWR,2023-08-19 18:51,10.00,5500.00,KEWR 191851Z 29010G20KT 10SM FEW055 BKN250 27/12 A2996 RMK AO2 SLP146 T02670117
EWR,2023-08-19 19:51,10.00,5500.00,KEWR 191951Z 30012G22KT 10SM FEW055 BKN250 28/12 A2996 RMK AO2 SLP144 T02780117
EWR,2023-08-19 20:51,10.00,6000.00,KEWR 192051Z 25013G19KT 10SM BKN060 BKN250 27/12 A2995 RMK AO2 WSHFT 1953 SLP141 T02670122 56011
EWR,2023-08-19 21:51,10.00,6000.00,KEWR 192151Z 25014KT 10SM SCT060 BKN250 27/12 A2996 RMK AO2 SLP145 T02670122
EWR,2023-08-19 22:51,10.00,6000.00,KEWR 192251Z 25012G17KT 10SM SCT060 BKN250 26/12 A2997 RMK AO2 SLP149 T02610117
EWR,2023-08-19 23:51,10.00,6000.00,KEWR 192351Z 25012KT 10SM SCT060 SCT250 26/12 A2998 RMK AO2 SLP153 T02560117 10278 20256 53012
EWR,2023-08-20 00:51,10.00,6000.00,KEWR 200051Z 24008KT 10SM FEW060 SCT250 24/12 A3001 RMK AO2 SLP162 T02440117
EWR,2023-08-20 01:51,10.00,25000.00,KEWR 200151Z 26010KT 10SM FEW250 24/12 A3002 RMK AO2 SLP166 T02390117
EWR,2023-08-20 02:51,10.00,25000.00,KEWR 200251Z 24006KT 10SM FEW250 23/12 A3003 RMK AO2 SLP169 T02280122 51016
EWR,2023-08-20 03:51,10.00,25000.00,KEWR 200351Z 21003KT 10SM FEW250 21/13 A3004 RMK AO2 SLP172 T02060128
EWR,2023-08-20 04:51,10.00,25000.00,KEWR 200451Z 20003KT 10SM SCT250 21/13 A3005 RMK AO2 SLP176 T02060128 402780172
EWR,2023-08-20 05:51,10.00,25000.00,KEWR 200551Z 21007KT 10SM BKN250 19/13 A3005 RMK AO2 SLP175 T01890128 10256 20189 50006
EWR,2023-08-20 06:51,10.00,25000.00,KEWR 200651Z 23005KT 10SM BKN250 19/13 A3006 RMK AO2 SLP179 T01940128
EWR,2023-08-20 07:51,10.00,24000.00,KEWR 200751Z 23005KT 10SM BKN240 18/13 A3007 RMK AO2 SLP182 T01780128
EWR,2023-08-20 08:51,10.00,21000.00,KEWR 200851Z 22004KT 10SM BKN210 17/13 A3008 RMK AO2 SLP184 T01720128 51009
EWR,2023-08-20 09:51,10.00,20000.00,KEWR 200951Z 20003KT 10SM SCT200 18/13 A3009 RMK AO2 SLP190 T01830133
EWR,2023-08-20 10:51,10.00,15000.00,KEWR 201051Z 23005KT 10SM FEW150 SCT200 18/13 A3011 RMK AO2 SLP195 T01830133
EWR,2023-08-20 11:51,10.00,14000.00,KEWR 201151Z 20004KT 10SM FEW140 FEW220 20/14 A3011 RMK AO2 SLP196 T02000144 10200 20167 51013
EWR,2023-08-20 12:51,10.00,15000.00,KEWR 201251Z 26005KT 10SM FEW150 FEW230 23/14 A3012 RMK AO2 SLP198 T02330139
EWR,2023-08-20 13:51,10.00,20000.00,KEWR 201351Z 30003KT 10SM FEW200 26/13 A3012 RMK AO2 SLP200 T02560133
EWR,2023-08-20 14:51,10.00,20000.00,KEWR 201451Z VRB05KT 10SM FEW200 27/14 A3012 RMK AO2 SLP198 T02720139 50002
EWR,2023-08-20 15:51,10.00,20000.00,KEWR 201551Z 24006KT 10SM FEW200 FEW250 28/13 A3011 RMK AO2 SLP197 T02830133
EWR,2023-08-20 16:51,10.00,20000.00,KEWR 201651Z 28009KT 10SM FEW200 FEW250 30/12 A3009 RMK AO2 SLP188 T03000122
EWR,2023-08-20 17:51,10.00,20000.00,KEWR 201751Z 26010G16KT 10SM FEW200 FEW250 31/11 A3008 RMK AO2 SLP185 T03060106 10311 20200 58013
EWR,2023-08-20 18:51,10.00,20000.00,KEWR 201851Z 22008G15KT 190V300 10SM FEW200 SCT250 31/13 A3007 RMK AO2 SLP181 T03060128
EWR,2023-08-20 19:51,10.00,20000.00,KEWR 201951Z 24014KT 10SM SCT200 SCT250 31/13 A3006 RMK AO2 SLP178 T03060133
EWR,2023-08-20 20:51,10.00,20000.00,KEWR 202051Z 26009KT 10SM SCT200 SCT250 31/14 A3006 RMK AO2 SLP178 T03060139 56007
EWR,2023-08-20 21:51,10.00,20000.00,KEWR 202151Z 28010KT 10SM SCT200 BKN250 31/15 A3006 RMK AO2 SLP178 T03060150
EWR,2023-08-20 22:51,10.00,20000.00,KEWR 202251Z 28010KT 10SM SCT200 BKN250 29/14 A3006 RMK AO2 SLP178 T02940139
EWR,2023-08-20 23:51,10.00,16000.00,KEWR 202351Z 26008KT 10SM FEW160 SCT200 BKN250 29/14 A3006 RMK AO2 SLP178 T02890139 10317 20289 53001
EWR,2023-08-21 00:51,10.00,20000.00,KEWR 210051Z 24006KT 10SM FEW200 BKN250 28/14 A3006 RMK AO2 SLP180 T02780144
EWR,2023-08-21 01:51,10.00,25000.00,KEWR 210151Z 26007KT 10SM BKN250 28/15 A3008 RMK AO2 SLP184 T02780150
EWR,2023-08-21 02:51,10.00,25000.00,KEWR 210251Z 26004KT 10SM BKN250 26/16 A3006 RMK AO2 SLP180 T02610156 50001
EWR,2023-08-21 03:51,10.00,25000.00,KEWR 210351Z 21004KT 10SM BKN250 24/16 A3008 RMK AO2 SLP184 T02390161
EWR,2023-08-21 04:51,10.00,25000.00,KEWR 210451Z 25008KT 10SM SCT250 25/17 A3007 RMK AO2 SLP181 T02500167 403170167
EWR,2023-08-21 05:51,10.00,25000.00,KEWR 210551Z 24005KT 10SM BKN250 24/17 A3007 RMK AO2 SLP181 T02390167 10289 20233 51001
EWR,2023-08-21 06:51,10.00,12000.00,KEWR 210651Z 21004KT 10SM FEW120 BKN250 22/17 A3005 RMK AO2 SLP175 T02220172
EWR,2023-08-21 07:51,10.00,25000.00,KEWR 210751Z 23006KT 10SM BKN250 23/17 A3005 RMK AO2 SLP174 T02280172
EWR,2023-08-21 08:51,10.00,11000.00,KEWR 210851Z 22004KT 10SM FEW110 BKN250 22/17 A3005 RMK AO2 SLP175 T02170172 55006
EWR,2023-08-21 09:51,10.00,11000.00,KEWR 210951Z 25007KT 10SM FEW110 BKN250 22/17 A3006 RMK AO2 SLP177 T02220172
EWR,2023-08-21 10:51,10.00,10000.00,KEWR 211051Z 23006KT 10SM SCT100 BKN250 22/18 A3006 RMK AO2 SLP179 T02220178
EWR,2023-08-21 11:51,10.00,9500.00,KEWR 211151Z 26006KT 10SM SCT095 BKN210 BKN250 24/18 A3007 RMK AO2 SLP182 T02390183 10239 20211 51007
EWR,2023-08-21 12:51,10.00,9500.00,KEWR 211251Z 27005KT 10SM BKN095 BKN200 BKN250 26/18 A3007 RMK AO2 SLP181 T02560178
EWR,2023-08-21 13:51,10.00,9500.00,KEWR 211351Z 28004KT 10SM SCT095 BKN200 BKN250 27/18 A3007 RMK AO2 SLP181 T02720183
EWR,2023-08-21 14:51,10.00,9000.00,KEWR 211451Z VRB04KT 10SM FEW090 BKN200 BKN250 29/18 A3006 RMK AO2 SLP179 T02890183 58002
EWR,2023-08-21 15:51,10.00,8500.00,KEWR 211551Z 31008KT 290V350 10SM FEW085 BKN200 BKN250 31/18 A3005 RMK AO2 SLP175 T03110183
EWR,2023-08-21 16:51,10.00,8500.00,KEWR 211651Z 32010KT 280V350 10SM SCT085 BKN200 BKN250 32/19 A3003 RMK AO2 SLP169 T03170194
EWR,2023-08-21 17:51,10.00,5500.00,KEWR 211751Z 31007KT 10SM SCT055 SCT085 BKN200 BKN250 32/20 A3001 RMK AO2 SLP163 T03170200 10322 20239 58016
EWR,2023-08-21 18:51,10.00,4400.00,KEWR 211851Z 30011G19KT 10SM SCT044 BKN060 BKN200 BKN250 32/20 A3001 RMK AO2 SLP161 T03170200
EWR,2023-08-21 19:51,10.00,4200.00,KEWR 211951Z 32013G19KT 10SM SCT042 BKN050 BKN065 BKN250 32/21 A2999 RMK AO2 SLP156 T03170206
EWR,2023-08-21 20:51,10.00,4200.00,KEWR 212051Z 32010G19KT 10SM FEW042 SCT050 SCT065 BKN250 32/21 A2999 RMK AO2 SLP155 T03170206 56008
EWR,2023-08-21 21:51,10.00,4200.00,KEWR 212151Z 29012G17KT 10SM FEW042 FEW055 BKN250 32/18 A2999 RMK AO2 SLP154 T03170183
EWR,2023-08-21 22:51,10.00,4200.00,KEWR 212251Z 33011KT 10SM FEW042 FEW055 BKN250 31/18 A2999 RMK AO2 SLP155 T03060183
EWR,2023-08-21 23:51,10.00,5500.00,KEWR 212351Z 32009KT 290V350 10SM FEW055 BKN250 30/19 A2999 RMK AO2 SLP157 T03000189 10328 20300 53001
EWR,2023-08-22 00:51,10.00,5500.00,KEWR 220051Z 31007KT 10SM FEW055 BKN250 29/19 A3000 RMK AO2 SLP158 T02940189
EWR,2023-08-22 01:51,10.00,5500.00,KEWR 220151Z 32009KT 10SM FEW055 BKN250 29/19 A3001 RMK AO2 SLP160 T02890189
EWR,2023-08-22 02:51,10.00,25000.00,KEWR 220251Z 30008KT 10SM BKN250 28/19 A3001 RMK AO2 SLP161 T02780189 51004
EWR,2023-08-22 03:51,10.00,25000.00,KEWR 220351Z 33010KT 10SM BKN250 27/18 A3002 RMK AO2 SLP164 T02670183
EWR,2023-08-22 04:51,10.00,6000.00,KEWR 220451Z 33010KT 10SM BKN060 BKN250 26/18 A3001 RMK AO2 SLP162 T02610183 403280211
EWR,2023-08-22 05:51,10.00,2800.00,KEWR 220551Z 35012KT 10SM SCT028 OVC060 26/17 A3002 RMK AO2 SLP165 T02560172 10300 20256 53004
EWR,2023-08-22 06:51,10.00,2700.00,KEWR 220651Z 02012KT 10SM SCT027 BKN038 OVC060 24/18 A3002 RMK AO2 SLP164 T02390178
EWR,2023-08-22 07:51,10.00,3200.00,KEWR 220751Z 02015KT 10SM FEW032 FEW060 OVC140 23/15 A3003 RMK AO2 SLP167 T02280150
EWR,2023-08-22 08:51,10.00,2400.00,KEWR 220851Z 01016KT 10SM FEW024 SCT037 OVC130 23/13 A3003 RMK AO2 SLP168 T02280133 53003
EWR,2023-08-22 09:51,10.00,3500.00,KEWR 220951Z 36014KT 10SM FEW035 BKN120 22/12 A3005 RMK AO2 SLP174 T02220117
EWR,2023-08-22 10:51,10.00,5000.00,KEWR 221051Z 36013KT 10SM FEW050 BKN120 BKN250 22/10 A3007 RMK AO2 SLP181 T02170100
EWR,2023-08-22 11:51,10.00,7000.00,KEWR 221151Z 36018KT 10SM FEW070 BKN120 BKN250 21/10 A3008 RMK AO2 SLP186 T02110100 10256 20211 51018
EWR,2023-08-22 12:51,10.00,6000.00,KEWR 221251Z 01018G25KT 10SM FEW060 SCT120 BKN250 22/11 A3008 RMK AO2 SLP187 T02170106
EWR,2023-08-22 13:51,10.00,6000.00,KEWR 221351Z 36015G23KT 10SM FEW060 FEW120 BKN250 22/11 A3009 RMK AO2 PK WND 02026/1333 SLP188 T02220106
EWR,2023-08-22 14:51,10.00,6000.00,KEWR 221451Z 03011KT 10SM FEW060 BKN250 23/13 A3010 RMK AO2 SLP193 T02280128 53007
EWR,2023-08-22 15:51,10.00,4500.00,KEWR 221551Z 03012KT 10SM FEW045 BKN250 24/13 A3010 RMK AO2 SLP193 T02440133
EWR,2023-08-22 16:51,10.00,5000.00,KEWR 221651Z 01012G19KT 10SM FEW050 BKN250 25/13 A3009 RMK AO2 SLP190 T02500128
EWR,2023-08-22 17:51,10.00,5000.00,KEWR 221751Z 01014G18KT 10SM FEW050 BKN250 26/13 A3008 RMK AO2 SLP185 T02610128 10267 20211 58008
EWR,2023-08-22 18:51,10.00,5500.00,KEWR 221851Z 03008G19KT 10SM FEW055 BKN250 26/12 A3007 RMK AO2 SLP184 T02610122
EWR,2023-08-22 19:51,10.00,5500.00,KEWR 221951Z 36013KT 10SM FEW055 BKN250 27/12 A3006 RMK AO2 SLP180 T02670117
EWR,2023-08-22 20:51,10.00,5500.00,KEWR 222051Z 02012KT 10SM FEW055 BKN250 26/12 A3006 RMK AO2 SLP180 T02610117 55005
EWR,2023-08-22 21:51,10.00,5500.00,KEWR 222151Z 04011KT 10SM FEW055 BKN250 26/12 A3007 RMK AO2 SLP182 T02560122
EWR,2023-08-22 22:51,10.00,6000.00,KEWR 222251Z 02010KT 10SM FEW060 BKN250 24/13 A3008 RMK AO2 SLP185 T02440128
EWR,2023-08-22 23:51,10.00,6000.00,KEWR 222351Z 02011KT 10SM FEW060 BKN250 24/12 A3008 RMK AO2 SLP186 T02390117 10267 20239 51006
EWR,2023-08-23 00:51,10.00,6000.00,KEWR 230051Z 01009KT 10SM FEW060 BKN250 24/11 A3010 RMK AO2 SLP191 T02390111
EWR,2023-08-23 01:51,10.00,6000.00,KEWR 230151Z 36007KT 10SM FEW060 BKN250 23/11 A3010 RMK AO2 SLP193 T02330111
EWR,2023-08-23 02:51,10.00,6000.00,KEWR 230251Z 34004KT 10SM FEW060 SCT250 23/11 A3010 RMK AO2 SLP192 T02330111 50006
EWR,2023-08-23 03:51,10.00,6000.00,KEWR 230351Z 34007KT 10SM FEW060 SCT250 23/11 A3010 RMK AO2 SLP193 T02280111
EWR,2023-08-23 04:51,10.00,6500.00,KEWR 230451Z 02006KT 10SM SCT065 SCT250 20/12 A3010 RMK AO2 SLP192 T02000117 402670200
EWR,2023-08-23 05:51,10.00,7000.00,KEWR 230551Z 02007KT 10SM BKN070 BKN085 BKN250 21/12 A3011 RMK AO2 SLP194 T02060122 10244 20200 53002
EWR,2023-08-23 06:51,10.00,6500.00,KEWR 230651Z 02008KT 10SM FEW065 SCT080 SCT250 19/12 A3012 RMK AO2 SLP198 T01940122
EWR,2023-08-23 07:51,10.00,6500.00,KEWR 230751Z 02008KT 10SM FEW065 FEW080 SCT250 19/13 A3012 RMK AO2 SLP199 T01890128
EWR,2023-08-23 08:51,10.00,6500.00,KEWR 230851Z 02011KT 10SM FEW065 FEW080 SCT250 19/12 A3012 RMK AO2 SLP200 T01890117 51006
EWR,2023-08-23 09:51,10.00,7500.00,KEWR 230951Z 01010KT 10SM FEW075 SCT250 19/11 A3014 RMK AO2 SLP204 T01890111
EWR,2023-08-23 10:51,10.00,8000.00,KEWR 231051Z 01008KT 10SM FEW080 BKN170 BKN250 19/11 A3016 RMK AO2 SLP213 T01890111
EWR,2023-08-23 11:51,10.00,8000.00,KEWR 231151Z 02010KT 10SM FEW080 BKN180 BKN250 19/11 A3016 RMK AO2 SLP213 T01940111 10217 20183 51013
EWR,2023-08-23 12:51,10.00,8000.00,KEWR 231251Z 02009KT 10SM FEW080 BKN170 BKN250 21/11 A3017 RMK AO2 SLP214 T02110111
EWR,2023-08-23 13:51,10.00,17000.00,KEWR 231351Z 02010KT 10SM BKN170 BKN250 22/11 A3016 RMK AO2 SLP214 T02220111
EWR,2023-08-23 14:51,10.00,17000.00,KEWR 231451Z 36008KT 10SM BKN170 BKN250 24/12 A3016 RMK AO2 SLP212 T02390117 58001
EWR,2023-08-23 15:51,10.00,3000.00,KEWR 231551Z VRB04KT 10SM FEW030 FEW170 FEW250 25/11 A3014 RMK AO2 SLP204 T02500106
EWR,2023-08-23 16:51,10.00,5500.00,KEWR 231651Z 00000KT 10SM FEW055 FEW170 FEW250 26/11 A3011 RMK AO2 SLP197 T02610111
EWR,2023-08-23 17:51,10.00,5500.00,KEWR 231751Z 11006KT 10SM FEW055 FEW170 SCT250 27/10 A3011 RMK AO2 SLP196 T02670100 10272 20194 56016
EWR,2023-08-23 18:51,10.00,6000.00,KEWR 231851Z VRB04KT 10SM FEW060 FEW180 SCT250 27/08 A3010 RMK AO2 SLP193 T02720083
EWR,2023-08-23 19:51,10.00,6000.00,KEWR 231951Z VRB06KT 10SM FEW060 SCT180 BKN250 27/08 A3009 RMK AO2 SLP189 T02720078
EWR,2023-08-23 20:51,10.00,6000.00,KEWR 232051Z 16008KT 10SM FEW060 BKN130 BKN250 26/12 A3007 RMK AO2 SLP183 T02610117 58013
EWR,2023-08-23 21:51,10.00,6000.00,KEWR 232151Z 14007KT 10SM FEW060 BKN130 BKN250 25/13 A3007 RMK AO2 SLP182 T02500128
EWR,2023-08-23 22:51,10.00,12000.00,KEWR 232251Z 13010G15KT 10SM BKN120 BKN160 BKN250 23/15 A3005 RMK AO2 SLP176 T02330150
EWR,2023-08-23 23:51,10.00,12000.00,KEWR 232351Z 13009KT 10SM BKN120 BKN160 BKN250 23/15 A3006 RMK AO2 SLP178 T02280150 10278 20228 55004
EWR,2023-08-24 00:51,10.00,12000.00,KEWR 240051Z 13004KT 10SM BKN120 BKN150 BKN250 23/15 A3008 RMK AO2 SLP186 T02280150
EWR,2023-08-24 01:51,10.00,10000.00,KEWR 240151Z 16004KT 10SM FEW100 BKN130 BKN250 23/16 A3009 RMK AO2 SLP189 T02280156
EWR,2023-08-24 02:51,10.00,12000.00,KEWR 240251Z 16006KT 10SM BKN120 22/15 A3008 RMK AO2 SLP185 T02220150 50007
EWR,2023-08-24 03:51,10.00,12000.00,KEWR 240351Z VRB03KT 10SM BKN120 22/15 A3008 RMK AO2 SLP186 T02220150
EWR,2023-08-24 04:51,10.00,12000.00,KEWR 240451Z 17005KT 10SM BKN120 22/15 A3007 RMK AO2 SLP182 T02220150 402780183
EWR,2023-08-24 05:51,10.00,10000.00,KEWR 240551Z 18004KT 10SM OVC100 22/15 A3005 RMK AO2 SLP177 T02220150 10228 20222 58008
EWR,2023-08-24 06:51,10.00,10000.00,KEWR 240651Z 17004KT 10SM OVC100 22/15 A3006 RMK AO2 SLP177 T02220150
EWR,2023-08-24 07:51,10.00,10000.00,KEWR 240751Z 16004KT 10SM OVC100 22/16 A3006 RMK AO2 SLP178 T02220161
EWR,2023-08-24 08:51,10.00,10000.00,KEWR 240851Z 16004KT 10SM OVC100 23/17 A3005 RMK AO2 SLP176 T02280172 58001
EWR,2023-08-24 09:51,10.00,2900.00,KEWR 240951Z 17004KT 10SM FEW029 OVC095 23/17 A3005 RMK AO2 SLP176 T02280172
EWR,2023-08-24 10:51,10.00,3000.00,KEWR 241051Z 16004KT 10SM FEW030 OVC080 23/16 A3005 RMK AO2 SLP175 T02280156
EWR,2023-08-24 11:51,10.00,2500.00,KEWR 241151Z 15005KT 10SM FEW025 OVC080 23/16 A3006 RMK AO2 SLP179 T02280156 10233 20222 53004
EWR,2023-08-24 12:51,10.00,2500.00,KEWR 241251Z 16005KT 10SM FEW025 OVC075 23/16 A3006 RMK AO2 SLP180 T02280156
EWR,2023-08-24 13:51,10.00,2500.00,KEWR 241351Z 17005KT 10SM FEW025 OVC065 23/16 A3007 RMK AO2 SLP180 T02330161
EWR,2023-08-24 14:51,10.00,2500.00,KEWR 241451Z 15006KT 10SM FEW025 OVC060 23/16 A3008 RMK AO2 SLP186 T02330161 53006
EWR,2023-08-24 15:51,10.00,2500.00,KEWR 241551Z 17006KT 10SM SCT025 OVC065 24/17 A3006 RMK AO2 SLP180 T02390167
EWR,2023-08-24 16:51,9.00,2500.00,KEWR 241651Z 12006KT 9SM -RA FEW025 FEW049 OVC070 23/18 A3006 RMK AO2 RAB1555 SLP178 P0002 T02280178
EWR,2023-08-24 17:51,10.00,2800.00,KEWR 241751Z 13009KT 10SM SCT028 BKN035 OVC065 23/19 A3004 RMK AO2 RAE03 SLP173 P0000 60002 T02280194 10239 20228 56012
EWR,2023-08-24 18:51,6.00,1300.00,KEWR 241851Z 16011KT 6SM -RA SCT013 BKN032 OVC046 22/18 A3004 RMK AO2 RAB39 SLP172 P0000 T02170183
EWR,2023-08-24 19:51,9.00,900.00,KEWR 241951Z 16008KT 9SM FEW009 SCT018 OVC045 21/18 A3004 RMK AO2 RAE49 SLP172 P0001 T02110183
EWR,2023-08-24 20:51,5.00,900.00,KEWR 242051Z 15009KT 5SM -RA BR FEW009 SCT022 OVC035 20/18 A3004 RMK AO2 RAB12 SLP170 P0000 60001 T02000178 58003
EWR,2023-08-24 21:51,10.00,1500.00,KEWR 242151Z 16005KT 10SM FEW015 BKN045 OVC060 22/18 A3002 RMK AO2 RAE02 SLP167 P0000 T02220183
EWR,2023-08-24 22:51,10.00,1500.00,KEWR 242251Z 16005KT 10SM -RA FEW015 BKN045 OVC060 22/19 A3002 RMK AO2 RAB38 SLP166 P0000 T02220189
EWR,2023-08-24 23:51,10.00,1500.00,KEWR 242351Z 17004KT 10SM FEW015 BKN042 OVC055 22/18 A3003 RMK AO2 RAE27 SLP169 P0001 60002 T02170178 10228 20200 55002
EWR,2023-08-25 00:51,10.00,1200.00,KEWR 250051Z 14004KT 10SM FEW012 SCT045 OVC060 22/19 A3004 RMK AO2 RAB18E44 SLP171 P0000 T02170189
EWR,2023-08-25 01:51,10.00,1000.00,KEWR 250151Z 14005KT 10SM FEW010 SCT042 OVC055 22/19 A3001 RMK AO2 RAB21E42 SLP161 P0000 T02170189
EWR,2023-08-25 02:51,10.00,1500.00,KEWR 250251Z 16005KT 10SM FEW015 OVC045 22/19 A2998 RMK AO2 RAB04E15 SLP152 P0000 60000 T02220194 58017
EWR,2023-08-25 03:51,10.00,1400.00,KEWR 250351Z 17008KT 10SM BKN014 OVC048 22/20 A2996 RMK AO2 SLP146 T02220200
EWR,2023-08-25 04:51,10.00,1400.00,KEWR 250451Z 18006KT 10SM BKN014 OVC047 22/20 A2996 RMK AO2 SLP145 T02220200 402390200
EWR,2023-08-25 05:51,9.00,1400.00,KEWR 250551Z 17007KT 9SM -RA BKN014 BKN020 OVC040 22/21 A2996 RMK AO2 RAB04 SLP145 P0000 60000 T02220206 10222 20211 56007 $
EWR,2023-08-25 06:51,10.00,1700.00,KEWR 250651Z 18005KT 10SM SCT017 OVC042 23/20 A2994 RMK AO2 RAE46 SLP138 P0000 T02280200 $
EWR,2023-08-25 07:51,10.00,1500.00,KEWR 250751Z 18006KT 10SM FEW015 OVC045 23/20 A2993 RMK AO2 SLP134 T02280200 $
EWR,2023-08-25 08:51,10.00,1500.00,KEWR 250851Z 17006KT 10SM FEW015 SCT028 OVC045 23/21 A2991 RMK AO2 SLP129 CB DSNT NW MOV SE 60000 T02330206 56016 $
EWR,2023-08-25 09:51,10.00,2300.00,KEWR 250951Z 19006KT 10SM -TSRA BKN023CB OVC045 23/21 A2990 RMK AO2 LTG DSNT SW-NW RAB02 TSB05 SLP125 OCNL LTGIC VC SW TS VC SW MOV SE P0000 T02330206 $
EWR,2023-08-25 10:51,3.00,800.00,KEWR 251051Z 21011KT 3SM +RA BR SCT008 BKN015 OVC025 22/21 A2991 RMK AO2 LTG DSNT S TSE0959E02B04E49 SLP129 P0019 T02220206 $
EWR,2023-08-25 11:51,2.00,1500.00,KEWR 251151Z 17007KT 2SM -RA BR SCT015 BKN040 OVC100 22/21 A2988 RMK AO2 SFC VIS 4 LTG DSNT SE SLP116 SCT V BKN P0066 60085 70089 T02220211 10233 20217 58012 $
EWR,2023-08-25 12:51,10.00,600.00,KEWR 251251Z 18011KT 10SM -RA FEW006 SCT011 BKN095 OVC140 23/21 A2987 RMK AO2 LTG DSNT S SLP116 P0002 T02280206 $
EWR,2023-08-25 13:51,10.00,700.00,KEWR 251351Z 19008KT 10SM FEW007 BKN010 BKN070 OVC130 23/21 A2987 RMK AO2 RAE04 SLP115 P0000 T02330211 $
EWR,2023-08-25 14:51,10.00,1200.00,KEWR 251451Z 19008KT 10SM BKN012 BKN040 OVC075 23/21 A2988 RMK AO2 SLP116 60002 T02330211 55001
EWR,2023-08-25 15:51,6.00,1300.00,KEWR 251551Z 20009KT 6SM -RA BR BKN013 BKN044 OVC070 24/22 A2988 RMK AO2 RAB1455 SLP116 P0003 T02390217
EWR,2023-08-25 16:51,10.00,900.00,KEWR 251651Z 20007KT 10SM FEW009 BKN014 OVC100 26/22 A2985 RMK AO2 RAE05 SLP108 P0000 T02560222
EWR,2023-08-25 17:51,10.00,900.00,KEWR 251751Z 16004KT 10SM FEW009 BKN017 BKN100 26/22 A2984 RMK AO2 SLP106 60005 T02610217 10267 20222 58010
EWR,2023-08-25 18:51,9.00,900.00,KEWR 251851Z 07004KT 9SM -RA FEW009 BKN017 OVC025 26/22 A2983 RMK AO2 RAB36 SLP102 P0000 T02560222
EWR,2023-08-25 19:51,10.00,900.00,KEWR 251951Z 15004KT 10SM FEW009 BKN016 OVC045 26/22 A2983 RMK AO2 RAE09 SLP100 VCSH SE-S P0001 T02610222
EWR,2023-08-25 20:51,10.00,1600.00,KEWR 252051Z 20004KT 10SM SCT016 BKN025 BKN060 26/22 A2982 RMK AO2 SLP099 60001 T02610222 56007
EWR,2023-08-25 21:51,10.00,2200.00,KEWR 252151Z 15006KT 10SM FEW022 SCT038 BKN060 27/22 A2982 RMK AO2 SLP099 T02670222
EWR,2023-08-25 22:51,10.00,2500.00,KEWR 252251Z 13003KT 10SM FEW025 FEW040 SCT060 27/22 A2982 RMK AO2 SLP096 T02670222
EWR,2023-08-25 23:51,10.00,3000.00,KEWR 252351Z 13003KT 10SM FEW030 FEW060 SCT120 26/22 A2982 RMK AO2 SLP097 60001 T02610222 10272 20250 55002
EWR,2023-08-26 00:51,10.00,3000.00,KEWR 260051Z 14003KT 10SM FEW030 FEW060 SCT130 26/22 A2982 RMK AO2 SLP098 T02560222
EWR,2023-08-26 01:51,10.00,3000.00,KEWR 260151Z 00000KT 10SM FEW030 FEW060 SCT150 25/22 A2983 RMK AO2 SLP101 T02500222
EWR,2023-08-26 02:51,10.00,2500.00,KEWR 260251Z 00000KT 10SM FEW025 SCT070 BKN150 25/22 A2983 RMK AO2 SLP100 T02500222 50002
EWR,2023-08-26 03:51,10.00,7000.00,KEWR 260351Z 00000KT 10SM SCT070 SCT180 24/22 A2983 RMK AO2 SLP100 T02440222
EWR,2023-08-26 04:51,10.00,7000.00,KEWR 260451Z 00000KT 10SM BKN070 BKN200 25/23 A2983 RMK AO2 SLP100 T02500228 402720217
EWR,2023-08-26 05:51,10.00,5500.00,KEWR 260551Z 00000KT 10SM FEW055 BKN080 BKN200 24/22 A2982 RMK AO2 SLP096 T02440222 10261 20244 58004
EWR,2023-08-26 06:51,10.00,11000.00,KEWR 260651Z 00000KT 10SM FEW110 SCT200 24/22 A2981 RMK AO2 SLP092 T02390217
EWR,2023-08-26 07:51,10.00,4000.00,KEWR 260751Z 00000KT 10SM FEW040 SCT080 BKN200 24/22 A2980 RMK AO2 SLP090 T02390222
EWR,2023-08-26 08:51,10.00,4500.00,KEWR 260851Z 00000KT 10SM SCT045 BKN080 BKN120 BKN200 23/22 A2980 RMK AO2 SLP090 T02330222 55006
EWR,2023-08-26 09:51,10.00,4500.00,KEWR 260951Z 00000KT 10SM -RA SCT045 BKN100 BKN170 24/22 A2980 RMK AO2 RAB31 SLP092 P0000 T02390222
EWR,2023-08-26 10:51,3.00,600.00,KEWR 261051Z 28007KT 3SM R04R/6000VP6000FT RA BR FEW006 SCT015 OVC046 24/22 A2983 RMK AO2 SLP102 P0009 T02390217
EWR,2023-08-26 11:51,8.00,1600.00,KEWR 261151Z 05003KT 8SM -RA FEW016 SCT050 BKN100 BKN150 23/22 A2984 RMK AO2 SLP104 CB DSNT S MOV E P0015 60024 70030 T02330217 10244 20228 53014
EWR,2023-08-26 12:51,10.00,1800.00,KEWR 261251Z 34007KT 10SM FEW018 FEW035 SCT110 BKN180 24/22 A2985 RMK AO2 RAE28 SLP106 P0000 T02440217
EWR,2023-08-26 13:51,10.00,1200.00,KEWR 261351Z 02009KT 10SM FEW012 FEW050 SCT100 BKN160 26/22 A2985 RMK AO2 SLP109 T02610217
EWR,2023-08-26 14:51,10.00,3000.00,KEWR 261451Z 02007KT 10SM FEW030 FEW110 SCT170 BKN250 27/22 A2986 RMK AO2 SLP111 60000 T02720217 53007
EWR,2023-08-26 15:51,10.00,3000.00,KEWR 261551Z 04010KT 10SM FEW030 SCT110 SCT170 BKN250 29/21 A2984 RMK AO2 SLP105 T02940206
EWR,2023-08-26 16:51,10.00,4000.00,KEWR 261651Z 35009G17KT 10SM SCT040 BKN048 BKN150 BKN250 29/18 A2983 RMK AO2 SLP102 T02890183
EWR,2023-08-26 17:51,10.00,3800.00,KEWR 261751Z 34006KT 10SM FEW038 BKN048 BKN160 29/18 A2983 RMK AO2 SLP100 60000 T02940183 10300 20233 56011
EWR,2023-08-26 18:51,10.00,4500.00,KEWR 261851Z 29006KT 10SM BKN045 BKN160 29/18 A2981 RMK AO2 SLP095 T02940183
EWR,2023-08-26 19:51,10.00,4800.00,KEWR 261951Z 30009KT 10SM BKN048 BKN065 BKN250 30/19 A2980 RMK AO2 SLP090 T03000189
EWR,2023-08-26 20:51,10.00,4800.00,KEWR 262051Z 31012KT 10SM BKN048 BKN065 30/18 A2980 RMK AO2 SLP091 T03000178 55009
EWR,2023-08-26 21:51,10.00,4800.00,KEWR 262151Z 31007KT 10SM BKN048 BKN065 BKN250 30/17 A2981 RMK AO2 SLP094 T03000167
EWR,2023-08-26 22:51,10.00,5000.00,KEWR 262251Z 34008KT 10SM FEW050 SCT065 SCT250 29/16 A2982 RMK AO2 SLP097 T02940161
EWR,2023-08-26 23:51,10.00,5000.00,KEWR 262351Z 33009KT 10SM FEW050 SCT065 SCT250 28/17 A2982 RMK AO2 SLP098 T02830167 10306 20283 51007
EWR,2023-08-27 00:51,10.00,5000.00,KEWR 270051Z 32007KT 10SM FEW050 FEW065 SCT250 28/17 A2984 RMK AO2 SLP104 T02780172
EWR,2023-08-27 01:51,10.00,6500.00,KEWR 270151Z 00000KT 10SM FEW065 SCT250 26/20 A2985 RMK AO2 SLP106 T02560200
EWR,2023-08-27 02:51,10.00,6000.00,KEWR 270251Z 18003KT 10SM FEW060 SCT250 25/20 A2986 RMK AO2 SLP109 T02500200 51012
EWR,2023-08-27 03:51,10.00,5500.00,KEWR 270351Z 14003KT 10SM FEW055 SCT250 24/20 A2986 RMK AO2 SLP112 T02440200
EWR,2023-08-27 04:51,10.00,25000.00,KEWR 270451Z 01008KT 10SM SCT250 23/18 A2986 RMK AO2 SLP110 T02330183 403060228
EWR,2023-08-27 05:51,10.00,25000.00,KEWR 270551Z 02007KT 10SM FEW250 23/18 A2986 RMK AO2 SLP112 T02280178 10283 20228 51003
EWR,2023-08-27 06:51,10.00,5500.00,KEWR 270651Z 02007KT 10SM FEW055 22/17 A2986 RMK AO2 SLP111 T02220172
EWR,2023-08-27 07:51,10.00,6000.00,KEWR 270751Z 02007KT 10SM FEW060 21/17 A2986 RMK AO2 SLP112 T02110172
EWR,2023-08-27 08:51,10.00,7000.00,KEWR 270851Z 01008KT 10SM FEW070 SCT130 22/17 A2987 RMK AO2 SLP113 T02170172 53001
EWR,2023-08-27 09:51,10.00,13000.00,KEWR 270951Z 02006KT 10SM SCT130 21/17 A2988 RMK AO2 SLP119 T02110167
EWR,2023-08-27 10:51,10.00,13000.00,KEWR 271051Z 01008KT 10SM BKN130 22/17 A2990 RMK AO2 SLP124 T02170167
EWR,2023-08-27 11:51,10.00,13000.00,KEWR 271151Z 02008KT 10SM SCT130 BKN220 22/17 A2992 RMK AO2 SLP132 T02170167 10228 20206 53019
EWR,2023-08-27 12:51,10.00,6000.00,KEWR 271251Z 02010KT 10SM FEW060 SCT120 SCT200 23/17 A2993 RMK AO2 SLP133 T02330172
EWR,2023-08-27 13:51,10.00,5000.00,KEWR 271351Z 35011KT 10SM FEW050 FEW110 FEW200 26/17 A2993 RMK AO2 SLP136 T02560172
EWR,2023-08-27 14:51,10.00,5000.00,KEWR 271451Z 35006KT 10SM FEW050 FEW100 FEW200 27/17 A2994 RMK AO2 SLP138 T02670172 53005
EWR,2023-08-27 15:51,10.00,4500.00,KEWR 271551Z 35007KT 310V030 10SM SCT045 SCT200 28/17 A2993 RMK AO2 SLP136 T02780172
EWR,2023-08-27 16:51,10.00,4800.00,KEWR 271651Z 30004KT 10SM SCT048 SCT200 28/17 A2992 RMK AO2 SLP131 T02830167
EWR,2023-08-27 17:51,10.00,4700.00,KEWR 271751Z 35007KT 310V030 10SM SCT047 BKN250 29/17 A2991 RMK AO2 SLP128 T02940167 10294 20217 58009
EWR,2023-08-27 18:51,10.00,5000.00,KEWR 271851Z 35008G16KT 10SM SCT050 BKN250 29/16 A2990 RMK AO2 SLP124 T02940161
EWR,2023-08-27 19:51,10.00,6000.00,KEWR 271951Z 32008KT 10SM SCT060 BKN250 29/14 A2989 RMK AO2 SLP122 T02890144
EWR,2023-08-27 20:51,10.00,7000.00,KEWR 272051Z 34009G18KT 10SM SCT070 BKN250 30/15 A2990 RMK AO2 SLP125 T03000150 55004
EWR,2023-08-27 21:51,10.00,5500.00,KEWR 272151Z VRB05KT 10SM SCT055TCU BKN075 BKN250 29/17 A2991 RMK AO2 SLP129 TCU OHD T02890172
EWR,2023-08-27 22:51,10.00,5500.00,KEWR 272251Z 12004KT 10SM SCT055TCU BKN080 BKN250 27/17 A2992 RMK AO2 SLP130 TCU OHD T02720172
EWR,2023-08-27 23:51,10.00,6500.00,KEWR 272351Z VRB03KT 10SM SCT065 SCT080 BKN250 27/17 A2993 RMK AO2 SLP135 TCU DSNT N T02670167 10306 20261 52010
EWR,2023-08-28 00:51,10.00,4500.00,KEWR 280051Z 16005KT 10SM FEW045 SCT065 BKN250 26/17 A2996 RMK AO2 SLP145 T02560167
EWR,2023-08-28 01:51,10.00,4000.00,KEWR 280151Z 14003KT 10SM FEW040 SCT060 BKN250 26/17 A2997 RMK AO2 SLP148 T02560167
EWR,2023-08-28 02:51,10.00,7000.00,KEWR 280251Z 14004KT 10SM FEW070 SCT250 24/18 A2998 RMK AO2 SLP151 T02440178 51016
EWR,2023-08-28 03:51,10.00,4400.00,KEWR 280351Z 19003KT 10SM FEW044 SCT250 23/19 A2999 RMK AO2 SLP154 T02330194
EWR,2023-08-28 04:51,10.00,4000.00,KEWR 280451Z 00000KT 10SM FEW040 FEW070 SCT250 23/20 A2999 RMK AO2 SLP154 T02280200 403060206
EWR,2023-08-28 05:51,10.00,1500.00,KEWR 280551Z 13003KT 10SM FEW015 FEW065 BKN250 23/21 A2999 RMK AO2 SLP154 T02330206 10267 20228 50003
EWR,2023-08-28 06:51,10.00,800.00,KEWR 280651Z 11003KT 10SM FEW008 BKN012 BKN020 BKN250 23/20 A2999 RMK AO2 SLP155 T02280200
EWR,2023-08-28 07:51,10.00,800.00,KEWR 280751Z 07004KT 10SM FEW008 SCT017 BKN110 BKN250 23/20 A3000 RMK AO2 SLP157 T02280200
EWR,2023-08-28 08:51,10.00,1200.00,KEWR 280851Z 12005KT 10SM SCT012 BKN016 OVC100 23/19 A3000 RMK AO2 SLP159 T02280194 53005
EWR,2023-08-28 09:51,10.00,1400.00,KEWR 280951Z 09005KT 10SM SCT014 BKN022 OVC110 23/19 A3001 RMK AO2 SLP162 T02280189
EWR,2023-08-28 10:51,10.00,1400.00,KEWR 281051Z 07003KT 10SM FEW014 BKN022 OVC110 23/19 A3002 RMK AO2 SLP166 T02280194
EWR,2023-08-28 11:51,10.00,1400.00,KEWR 281151Z 11006KT 10SM FEW014 BKN021 OVC110 23/19 A3003 RMK AO2 SLP167 T02330189 10233 20228 51008
EWR,2023-08-28 12:51,10.00,1700.00,KEWR 281251Z 10007KT 10SM FEW017 BKN028 BKN110 BKN250 24/19 A3004 RMK AO2 SLP171 T02390194
EWR,2023-08-28 13:51,10.00,1700.00,KEWR 281351Z 10006KT 10SM SCT017 BKN028 BKN100 OVC260 24/19 A3005 RMK AO2 SLP176 T02390189
EWR,2023-08-28 14:51,10.00,1700.00,KEWR 281451Z 11007KT 10SM FEW017 BKN029 BKN110 OVC250 24/18 A3006 RMK AO2 SLP179 T02390183 51011
EWR,2023-08-28 15:51,10.00,1800.00,KEWR 281551Z 10009KT 10SM FEW018 BKN029 BKN110 OVC260 24/17 A3005 RMK AO2 SLP175 T02440172
EWR,2023-08-28 16:51,10.00,1700.00,KEWR 281651Z 11008KT 10SM FEW017 BKN025 BKN250 24/18 A3005 RMK AO2 SLP176 T02440178
EWR,2023-08-28 17:51,10.00,2200.00,KEWR 281751Z 11007KT 10SM BKN022 BKN250 24/18 A3005 RMK AO2 SLP175 T02440178 10250 20233 56004
EWR,2023-08-28 18:51,10.00,2200.00,KEWR 281851Z 13007KT 10SM BKN022 BKN120 OVC250 24/18 A3003 RMK AO2 SLP170 T02440178
EWR,2023-08-28 19:51,10.00,2500.00,KEWR 281951Z 18009KT 10SM BKN025 BKN120 OVC250 24/18 A3003 RMK AO2 SLP169 T02440183
EWR,2023-08-28 20:51,10.00,2500.00,KEWR 282051Z 14006KT 10SM BKN025 BKN120 OVC250 24/18 A3003 RMK AO2 SLP168 T02440178 56007
EWR,2023-08-28 21:51,10.00,2200.00,KEWR 282151Z 13006KT 10SM BKN022 BKN120 BKN250 24/18 A3003 RMK AO2 SLP170 T02390178
EWR,2023-08-28 22:51,10.00,2200.00,KEWR 282251Z 12008KT 10SM BKN022 BKN120 BKN250 23/18 A3003 RMK AO2 SLP168 T02330183
EWR,2023-08-28 23:51,10.00,1900.00,KEWR 282351Z 12006KT 10SM SCT019 OVC029 23/18 A3003 RMK AO2 SLP168 T02280183 10256 20228 56002
EWR,2023-08-29 00:51,10.00,1900.00,KEWR 290051Z 11004KT 10SM SCT019 BKN026 OVC130 23/18 A3003 RMK AO2 SLP170 T02280183
EWR,2023-08-29 01:51,10.00,1900.00,KEWR 290151Z 11006KT 10SM FEW019 BKN024 OVC130 23/18 A3003 RMK AO2 SLP170 T02280183
EWR,2023-08-29 02:51,10.00,1900.00,KEWR 290251Z 10006KT 10SM FEW019 SCT024 BKN130 OVC250 23/18 A3004 RMK AO2 SLP171 T02280178 51002
EWR,2023-08-29 03:51,10.00,2000.00,KEWR 290351Z 10004KT 10SM SCT020 BKN130 BKN250 22/18 A3003 RMK AO2 SLP169 T02220178
EWR,2023-08-29 04:51,10.00,1800.00,KEWR 290451Z 12005KT 10SM FEW018 BKN140 BKN250 22/18 A3003 RMK AO2 SLP169 T02220178 402560222
EWR,2023-08-29 05:51,10.00,1800.00,KEWR 290551Z 09006KT 10SM FEW018 OVC130 22/18 A3001 RMK AO2 SLP163 T02220178 10228 20222 58007
EWR,2023-08-29 06:51,10.00,1600.00,KEWR 290651Z 07003KT 10SM FEW016 BKN130 BKN250 22/18 A3000 RMK AO2 SLP157 T02170178
EWR,2023-08-29 07:51,10.00,1600.00,KEWR 290751Z 05003KT 10SM FEW016 SCT130 BKN250 22/18 A2998 RMK AO2 SLP153 T02170178
EWR,2023-08-29 08:51,10.00,1500.00,KEWR 290851Z 02005KT 10SM FEW015 SCT140 BKN230 21/18 A2998 RMK AO2 SLP150 T02060178 56013
EWR,2023-08-29 09:51,10.00,1500.00,KEWR 290951Z 02007KT 10SM SCT015 BKN140 BKN230 20/18 A2998 RMK AO2 SLP151 T02000178
EWR,2023-08-29 10:51,10.00,1400.00,KEWR 291051Z 06004KT 10SM BKN014 BKN140 BKN240 22/18 A2998 RMK AO2 SLP151 T02170183
EWR,2023-08-29 11:51,10.00,1400.00,KEWR 291151Z 08006KT 10SM BKN014 BKN060 BKN250 22/18 A2997 RMK AO2 SLP149 T02220183 10222 20200 58000
EWR,2023-08-29 12:51,10.00,1400.00,KEWR 291251Z 10004KT 10SM BKN014 BKN050 BKN250 23/19 A2998 RMK AO2 SLP151 T02280189
EWR,2023-08-29 13:51,10.00,1400.00,KEWR 291351Z 07004KT 10SM SCT014 BKN019 BKN140 23/19 A2999 RMK AO2 SLP153 T02330189
EWR,2023-08-29 14:51,10.00,2000.00,KEWR 291451Z VRB04KT 10SM FEW020 BKN140 26/19 A2997 RMK AO2 SLP148 T02560189 58001
EWR,2023-08-29 15:51,10.00,2400.00,KEWR 291551Z 00000KT 10SM FEW024 BKN140 26/19 A2996 RMK AO2 SLP143 T02610189
EWR,2023-08-29 16:51,10.00,2600.00,KEWR 291651Z 00000KT 10SM BKN026 OVC140 26/19 A2994 RMK AO2 SLP139 T02610189
EWR,2023-08-29 17:51,10.00,2600.00,KEWR 291751Z 07005KT 10SM BKN026 OVC130 27/19 A2993 RMK AO2 SLP134 T02720194 10278 20222 58009
EWR,2023-08-29 18:51,10.00,2900.00,KEWR 291851Z VRB05KT 10SM FEW029 BKN035 BKN130 27/19 A2990 RMK AO2 SLP125 T02720194
EWR,2023-08-29 19:51,10.00,3000.00,KEWR 291951Z VRB06KT 10SM FEW030 BKN038 BKN130 27/20 A2987 RMK AO2 SLP116 T02720200
EWR,2023-08-29 20:51,10.00,3000.00,KEWR 292051Z 11006KT 10SM FEW030 BKN040 BKN250 27/20 A2987 RMK AO2 SLP114 T02670200 56020
EWR,2023-08-29 21:51,10.00,1700.00,KEWR 292151Z 13009KT 10SM FEW017 BKN043 BKN140 BKN250 27/21 A2986 RMK AO2 SLP110 T02670206
EWR,2023-08-29 22:51,10.00,1700.00,KEWR 292251Z 14006KT 10SM FEW017 BKN040 BKN140 BKN250 25/21 A2985 RMK AO2 SLP106 T02500206
EWR,2023-08-29 23:51,10.00,1400.00,KEWR 292351Z 14005KT 10SM FEW014 BKN030 OVC140 25/21 A2984 RMK AO2 SLP105 T02500206 10283 20250 56009 $
EWR,2023-08-30 00:51,10.00,1200.00,KEWR 300051Z 13003KT 10SM FEW012 SCT031 BKN045 BKN140 OVC250 24/21 A2984 RMK AO2 SLP105 T02440211 $
EWR,2023-08-30 01:51,10.00,900.00,KEWR 300151Z 19004KT 10SM FEW009 BKN040 BKN140 OVC250 23/21 A2985 RMK AO2 SLP108 T02330211 $
EWR,2023-08-30 02:51,10.00,800.00,KEWR 300251Z 17004KT 10SM SCT008 BKN045 OVC180 23/21 A2984 RMK AO2 SLP104 T02330211 58001 $
EWR,2023-08-30 03:51,10.00,800.00,KEWR 300351Z 16003KT 10SM SCT008 SCT045 OVC170 23/21 A2982 RMK AO2 SLP098 T02330211 $
EWR,2023-08-30 04:51,10.00,900.00,KEWR 300451Z 17005KT 10SM -RA FEW009 SCT060 BKN130 OVC160 23/21 A2980 RMK AO2 RAB43 SLP092 P0000 T02330211 402830200 $
EWR,2023-08-30 05:51,10.00,1000.00,KEWR 300551Z 19005KT 10SM SCT010 SCT022 BKN060 OVC140 23/21 A2978 RMK AO2 RAE09 SLP085 P0000 60000 T02330211 10250 20233 58019 $
EWR,2023-08-30 06:51,10.00,700.00,KEWR 300651Z 18003KT 10SM BKN007 BKN020 OVC060 23/21 A2977 RMK AO2 SLP079 T02330211 $
EWR,2023-08-30 07:51,10.00,900.00,KEWR 300751Z 17004KT 10SM BKN009 BKN020 OVC060 23/21 A2974 RMK AO2 SLP070 T02330211 $
EWR,2023-08-30 08:51,10.00,900.00,KEWR 300851Z 20004KT 10SM BKN009 BKN020 OVC065 23/21 A2973 RMK AO2 SLP068 T02330211 56017 $
EWR,2023-08-30 09:51,10.00,800.00,KEWR 300951Z 18005KT 10SM BKN008 BKN015 BKN060 OVC130 23/21 A2972 RMK AO2 SLP064 T02330211 $
EWR,2023-08-30 10:51,10.00,900.00,KEWR 301051Z VRB04KT 10SM BKN009 BKN014 BKN050 OVC130 23/21 A2972 RMK AO2 SLP063 T02330211 $
EWR,2023-08-30 11:51,10.00,900.00,KEWR 301151Z 21004KT 10SM BKN009 BKN014 BKN055 OVC130 23/21 A2972 RMK AO2 SLP064 T02330211 10233 20233 55004 $
EWR,2023-08-30 12:51,2.00,800.00,KEWR 301251Z 31011KT 2SM R04R/4000VP6000FT -RA OVC008 24/22 A2972 RMK AO2 SFC VIS 3 RAB48 SLP065 P0000 T02440217
EWR,2023-08-30 13:51,6.00,700.00,KEWR 301351Z 27006KT 6SM -RA FEW007 SCT020 BKN060 22/19 A2973 RMK AO2 SLP067 P0010 T02220194
EWR,2023-08-30 14:51,10.00,700.00,KEWR 301451Z VRB04KT 10SM FEW007 SCT012 BKN100 24/21 A2972 RMK AO2 RAE04 SLP063 P0000 60010 T02440206 58001
EWR,2023-08-30 15:51,10.00,2000.00,KEWR 301551Z 27009KT 10SM SCT020 BKN140 28/21 A2971 RMK AO2 SLP059 T02780206
EWR,2023-08-30 16:51,10.00,3000.00,KEWR 301651Z 29010G17KT 10SM FEW030 SCT140 SCT250 29/18 A2969 RMK AO2 SLP053 T02890183
EWR,2023-08-30 17:51,10.00,3500.00,KEWR 301751Z 30008G21KT 270V340 10SM SCT035 BKN250 30/18 A2968 RMK AO2 SLP051 60010 T03000178 10306 20222 56011
EWR,2023-08-30 18:51,10.00,4800.00,KEWR 301851Z 31011KT 10SM SCT048 BKN250 31/17 A2967 RMK AO2 SLP047 T03060167
EWR,2023-08-30 19:51,10.00,5500.00,KEWR 301951Z 29013KT 10SM SCT055 BKN250 30/16 A2967 RMK AO2 SLP047 T03000156
EWR,2023-08-30 20:51,10.00,5500.00,KEWR 302051Z 32013KT 10SM SCT055 BKN250 29/16 A2967 RMK AO2 SLP047 T02890156 55004
EWR,2023-08-30 21:51,10.00,5500.00,KEWR 302151Z 32011KT 10SM FEW055 SCT100 BKN250 29/15 A2968 RMK AO2 SLP050 T02890150
EWR,2023-08-30 22:51,10.00,6000.00,KEWR 302251Z 29012G19KT 10SM FEW060 FEW100 BKN250 28/14 A2970 RMK AO2 SLP056 T02780144
EWR,2023-08-30 23:51,10.00,6000.00,KEWR 302351Z 32009KT 10SM FEW060 FEW100 BKN250 27/14 A2972 RMK AO2 SLP065 T02670139 10311 20267 53017
EWR,2023-08-31 00:51,10.00,6000.00,KEWR 310051Z 34016KT 10SM FEW060 FEW110 BKN250 26/14 A2976 RMK AO2 SLP077 T02560139
EWR,2023-08-31 01:51,10.00,11000.00,KEWR 310151Z 33017G24KT 10SM FEW110 BKN250 24/13 A2976 RMK AO2 SLP078 T02390133
EWR,2023-08-31 02:51,10.00,11000.00,KEWR 310251Z 33017G24KT 10SM FEW110 BKN250 23/13 A2979 RMK AO2 PK WND 32026/0217 SLP086 T02280133 51021
EWR,2023-08-31 03:51,10.00,11000.00,KEWR 310351Z 32011G20KT 10SM FEW110 SCT250 22/13 A2981 RMK AO2 SLP093 T02170133
EWR,2023-08-31 04:51,10.00,25000.00,KEWR 310451Z 33011KT 10SM BKN250 21/13 A2982 RMK AO2 SLP098 T02110133 403110211
EWR,2023-08-31 05:51,10.00,25000.00,KEWR 310551Z 33007KT 10SM BKN250 21/13 A2982 RMK AO2 SLP098 T02060133 10267 20206 51012
EWR,2023-08-31 06:51,10.00,25000.00,KEWR 310651Z 33009KT 10SM BKN250 21/13 A2982 RMK AO2 SLP098 T02060128
EWR,2023-08-31 07:51,10.00,25000.00,KEWR 310751Z 34009KT 10SM BKN250 20/13 A2982 RMK AO2 SLP099 T02000133
EWR,2023-08-31 08:51,10.00,25000.00,KEWR 310851Z 34009KT 10SM BKN250 20/13 A2983 RMK AO2 SLP101 T02000133 53004
EWR,2023-08-31 09:51,10.00,5000.00,KEWR 310951Z 36009KT 10SM FEW050 BKN250 19/13 A2985 RMK AO2 SLP107 T01940128
EWR,2023-08-31 10:51,10.00,4000.00,KEWR 311051Z 36009KT 10SM FEW040 BKN250 19/12 A2988 RMK AO2 SLP119 T01890122
EWR,2023-08-31 11:51,10.00,4000.00,KEWR 311151Z 36012KT 10SM FEW040 BKN250 19/12 A2990 RMK AO2 SLP125 70010 T01890122 10206 20189 52023
EWR,2023-08-31 12:51,10.00,3500.00,KEWR 311251Z 02017G25KT 10SM FEW035 BKN250 20/12 A2992 RMK AO2 SLP130 T02000117
EWR,2023-08-31 13:51,10.00,3500.00,KEWR 311351Z 01018G24KT 10SM FEW035 BKN250 21/11 A2992 RMK AO2 SLP132 T02110111
EWR,2023-08-31 14:51,10.00,25000.00,KEWR 311451Z 02015G22KT 10SM SCT250 23/11 A2994 RMK AO2 SLP139 T02280106 53014
EWR,2023-08-31 15:51,10.00,25000.00,KEWR 311551Z 02014KT 10SM SCT250 23/09 A2995 RMK AO2 SLP140 T02330094
EWR,2023-08-31 16:51,10.00,25000.00,KEWR 311651Z 03014G20KT 10SM SCT250 24/09 A2995 RMK AO2 SLP140 T02440094
EWR,2023-08-31 17:51,10.00,25000.00,KEWR 311751Z 36015G21KT 10SM SCT250 26/08 A2995 RMK AO2 SLP143 T02560083 10261 20189 53004
EWR,2023-08-31 18:51,10.00,25000.00,KEWR 311851Z 03015G25KT 10SM FEW250 26/09 A2996 RMK AO2 PK WND 36027/1835 SLP143 T02610089 $
EWR,2023-08-31 19:51,10.00,25000.00,KEWR 311951Z 03013G21KT 10SM FEW250 26/08 A2995 RMK AO2 SLP142 T02560083
EWR,2023-08-31 20:51,10.00,25000.00,KEWR 312051Z 04013G20KT 10SM FEW250 25/08 A2997 RMK AO2 SLP149 T02500083 53006
EWR,2023-08-31 21:51,10.00,25000.00,KEWR 312151Z 02013KT 10SM FEW250 24/09 A2999 RMK AO2 SLP155 T02440089
EWR,2023-08-31 22:51,10.00,10000.00,KEWR 312251Z 01013KT 10SM FEW100 FEW250 23/08 A3000 RMK AO2 SLP158 T02330083
EWR,2023-08-31 23:51,10.00,25000.00,KEWR 312351Z 02011KT 10SM FEW250 22/07 A3002 RMK AO2 SLP166 T02220072 10267 20222 53018
