station,valid,vsby,skyl1,metar
GRR,2023-05-31 00:53,10.00,12000.00,KGRR 310053Z 14003KT 10SM FEW120 27/14 A2996 RMK AO2 SLP141 T02720139
GRR,2023-05-31 01:53,10.00,12000.00,KGRR 310153Z 09004KT 10SM FEW120 24/14 A2998 RMK AO2 SLP147 T02440144
GRR,2023-05-31 02:53,10.00,8500.00,KGRR 310253Z 14008KT 10SM BKN085 24/13 A3000 RMK AO2 SLP154 T02440133 53013
GRR,2023-05-31 03:53,10.00,8500.00,KGRR 310353Z 15006KT 10SM FEW085 23/14 A3001 RMK AO2 SLP157 LAST T02280139
GRR,2023-05-31 04:53,10.00,8500.00,KGRR 310453Z AUTO 14004KT 10SM SCT085 22/14 A3001 RMK AO2 SLP158 T02170144 403220128
GRR,2023-05-31 05:53,10.00,9000.00,KGRR 310553Z AUTO 15004KT 10SM BKN090 21/14 A3001 RMK AO2 SLP158 T02060144 10294 20206 50004
GRR,2023-05-31 06:53,10.00,M,KGRR 310653Z AUTO 15005KT 10SM CLR 20/14 A3001 RMK AO2 SLP157 T02000139
GRR,2023-05-31 07:53,10.00,M,KGRR 310753Z AUTO 15006KT 10SM CLR 20/14 A3000 RMK AO2 SLP155 T02000139
GRR,2023-05-31 08:53,10.00,M,KGRR 310853Z AUTO 15006KT 10SM CLR 19/14 A3001 RMK AO2 SLP157 T01890139 55001
GRR,2023-05-31 09:53,10.00,12000.00,KGRR 310953Z 16005KT 10SM FEW120 18/13 A3003 RMK AO2 SLP164 T01780133
GRR,2023-05-31 10:53,10.00,13000.00,KGRR 311053Z 00000KT 10SM SCT130 19/14 A3005 RMK AO2 SLP171 T01890144
GRR,2023-05-31 11:53,10.00,12000.00,KGRR 311153Z 15006KT 10SM SCT120 22/15 A3007 RMK AO2 SLP177 T02170150 10217 20178 51020
GRR,2023-05-31 12:53,10.00,12000.00,KGRR 311253Z 16005KT 10SM SCT120 24/16 A3008 RMK AO2 SLP179 T02440161
GRR,2023-05-31 13:53,10.00,12000.00,KGRR 311353Z 17007KT 10SM FEW120 27/17 A3008 RMK AO2 SLP181 T02670172
GRR,2023-05-31 14:53,10.00,M,KGRR 311453Z VRB03KT 10SM CLR 28/17 A3008 RMK AO2 SLP179 T02780167 50003
GRR,2023-05-31 15:53,10.00,5000.00,KGRR 311553Z 20007KT 10SM FEW050 29/16 A3007 RMK AO2 SLP177 T02940161
GRR,2023-05-31 16:53,10.00,6000.00,KGRR 311653Z 17008KT 10SM FEW060 31/16 A3007 RMK AO2 SLP175 T03110156
GRR,2023-05-31 17:53,10.00,6000.00,KGRR 311753Z 13011G20KT 10SM SCT060 31/15 A3006 RMK AO2 SLP172 T03110150 10311 20217 58007
GRR,2023-05-31 18:53,10.00,6500.00,KGRR 311853Z 15009G18KT 10SM SCT065 32/13 A3005 RMK AO2 SLP168 T03170128
GRR,2023-05-31 19:53,10.00,7500.00,KGRR 311953Z 16011G17KT 10SM SCT075 32/13 A3003 RMK AO2 SLP163 T03220133
GRR,2023-05-31 20:53,10.00,7500.00,KGRR 312053Z 16009KT 10SM SCT075 31/14 A3002 RMK AO2 SLP159 T03110139 58013
GRR,2023-05-31 21:53,10.00,8000.00,KGRR 312153Z 19011KT 10SM SCT080 31/12 A3002 RMK AO2 SLP159 T03110122
GRR,2023-05-31 22:53,10.00,8000.00,KGRR 312253Z 14006KT 10SM FEW080 FEW250 31/11 A3001 RMK AO2 SLP157 T03060111
GRR,2023-05-31 23:53,10.00,8000.00,KGRR 312353Z 12005KT 10SM FEW080 FEW250 30/12 A3001 RMK AO2 SLP156 T03000117 10322 20300 56003
GRR,2023-06-01 00:53,10.00,8000.00,KGRR 010053Z 14004KT 10SM FEW080 FEW250 27/13 A3002 RMK AO2 SLP158 T02720133
GRR,2023-06-01 01:53,10.00,8000.00,KGRR 010153Z 11006KT 10SM FEW080 FEW250 24/14 A3003 RMK AO2 SLP162 T02440144
GRR,2023-06-01 03:53,10.00,M,KGRR 010353Z 13008KT 10SM CLR 24/14 A3005 RMK AO2 SLP170 LAST T02390139
GRR,2023-06-01 04:53,10.00,M,KGRR 010453Z AUTO 13007KT 10SM CLR 22/13 A3006 RMK AO2 SLP173 T02220133 403220178
GRR,2023-06-01 05:53,10.00,M,KGRR 010553Z AUTO 12006KT 10SM CLR 21/12 A3005 RMK AO2 SLP171 T02110122 10300 20211 50004
GRR,2023-06-01 06:53,10.00,8000.00,KGRR 010653Z AUTO 15003KT 10SM SCT080 21/12 A3006 RMK AO2 SLP174 T02060117
GRR,2023-06-01 07:53,10.00,8500.00,KGRR 010753Z AUTO 09005KT 10SM FEW085 19/12 A3006 RMK AO2 SLP175 T01890122
GRR,2023-06-01 08:53,10.00,M,KGRR 010853Z AUTO 08004KT 10SM CLR 18/12 A3007 RMK AO2 SLP176 T01830122 51004
GRR,2023-06-01 09:53,10.00,8000.00,KGRR 010953Z 07003KT 10SM SCT080 SCT095 SCT150 17/12 A3008 RMK AO2 SLP180 T01720122
GRR,2023-06-01 10:53,10.00,8000.00,KGRR 011053Z 08004KT 10SM FEW080 SCT100 SCT150 18/12 A3010 RMK AO2 SLP186 T01780122
GRR,2023-06-01 11:53,10.00,8000.00,KGRR 011153Z 08004KT 10SM FEW080 SCT100 SCT150 19/13 A3011 RMK AO2 SLP192 T01890128 10217 20172 53015
GRR,2023-06-01 12:53,10.00,8000.00,KGRR 011253Z 00000KT 10SM FEW080 SCT100 SCT150 20/13 A3013 RMK AO2 SLP198 T02000133
GRR,2023-06-01 13:53,10.00,8500.00,KGRR 011353Z 00000KT 10SM SCT085 SCT150 24/15 A3013 RMK AO2 SLP197 T02440150
GRR,2023-06-01 14:53,10.00,8000.00,KGRR 011453Z VRB04KT 10SM FEW080 27/16 A3012 RMK AO2 SLP194 T02670161 50002
GRR,2023-06-01 15:53,10.00,8000.00,KGRR 011553Z 06005KT 10SM FEW080 FEW140 29/16 A3011 RMK AO2 SLP191 T02890161
GRR,2023-06-01 16:53,10.00,6000.00,KGRR 011653Z 10006G14KT 10SM FEW060 FEW140 31/16 A3011 RMK AO2 SLP189 T03060156
GRR,2023-06-01 17:53,10.00,6500.00,KGRR 011753Z 11006KT 10SM FEW065 FEW140 SCT250 31/16 A3010 RMK AO2 SLP185 T03060161 10311 20189 58008
GRR,2023-06-01 18:53,10.00,6500.00,KGRR 011853Z 14006KT 10SM SCT065 BKN250 30/15 A3008 RMK AO2 SLP181 T03000150
GRR,2023-06-01 19:53,10.00,6500.00,KGRR 011953Z 13004KT 10SM SCT065 BKN250 31/14 A3006 RMK AO2 LTG DSNT SW AND W SLP175 T03060139
GRR,2023-06-01 20:53,10.00,6500.00,KGRR 012053Z 12005KT 10SM SCT065 BKN250 32/14 A3005 RMK AO2 LTG DSNT SW AND W SLP169 T03220139 58017
GRR,2023-06-01 21:53,10.00,8000.00,KGRR 012153Z VRB04KT 10SM SCT080 BKN250 33/13 A3004 RMK AO2 SLP168 T03280133
GRR,2023-06-01 22:53,10.00,6500.00,KGRR 012253Z COR 23009KT 10SM -TSRA SCT065CB BKN250 30/16 A3005 RMK AO2 SLP170 OCNL LTGICCCCG OHD RAB53 TSB45 TS OHD MOV N P0000 T03000156 $
GRR,2023-06-01 23:53,10.00,6500.00,KGRR 012353Z 31005KT 10SM FEW065 SCT080 BKN120 BKN250 27/17 A3005 RMK AO2 RAE07B10E39 TSE07 SLP172 P0001 60001 T02720172 10328 20250 53002 $
GRR,2023-06-02 00:53,10.00,8000.00,KGRR 020053Z 00000KT 10SM BKN080 BKN250 25/19 A3006 RMK AO2 SLP175 T02500194 $
GRR,2023-06-02 01:53,10.00,8000.00,KGRR 020153Z 00000KT 10SM BKN080 BKN250 26/19 A3008 RMK AO2 SLP181 T02560189 $
GRR,2023-06-02 02:53,10.00,8000.00,KGRR 020253Z 00000KT 10SM SCT080 BKN250 23/18 A3009 RMK AO2 SLP186 T02330183 53014 $
GRR,2023-06-02 03:53,10.00,8000.00,KGRR 020353Z 00000KT 10SM BKN080 BKN250 23/18 A3010 RMK AO2 SLP187 LAST T02280183 $
GRR,2023-06-02 04:53,10.00,8000.00,KGRR 020453Z AUTO 08003KT 10SM OVC080 22/16 A3011 RMK AO2 SLP188 T02170161 403280172 $
GRR,2023-06-02 05:53,10.00,8500.00,KGRR 020553Z AUTO 00000KT 10SM BKN085 22/17 A3010 RMK AO2 SLP187 T02170167 10278 20217 50002 $
GRR,2023-06-02 06:53,10.00,M,KGRR 020653Z AUTO 00000KT 10SM CLR 19/16 A3009 RMK AO2 SLP184 T01940161 $
GRR,2023-06-02 07:53,10.00,M,KGRR 020753Z AUTO 00000KT 10SM CLR 18/17 A3008 RMK AO2 SLP182 T01830167 $
GRR,2023-06-02 08:53,10.00,M,KGRR 020853Z AUTO 00000KT 10SM CLR 17/15 A3009 RMK AO2 SLP183 T01720150 55005 $
GRR,2023-06-02 09:53,10.00,8500.00,KGRR 020953Z 00000KT 10SM FEW085 SCT250 17/15 A3010 RMK AO2 SLP187 T01670150 $
GRR,2023-06-02 10:53,10.00,8500.00,KGRR 021053Z 09003KT 10SM FEW085 SCT250 16/14 A3011 RMK AO2 SLP191 T01610144 $
GRR,2023-06-02 11:53,10.00,9000.00,KGRR 021153Z 00000KT 10SM SCT090 BKN250 19/13 A3012 RMK AO2 SLP196 70001 T01940128 10217 20156 53012 $
GRR,2023-06-02 12:53,10.00,9000.00,KGRR 021253Z 00000KT 10SM FEW090 BKN250 22/14 A3013 RMK AO2 SLP198 T02220139 $
GRR,2023-06-02 13:53,10.00,9500.00,KGRR 021353Z 07004KT 10SM FEW095 BKN250 26/14 A3013 RMK AO2 SLP196 T02610144 $
GRR,2023-06-02 14:53,10.00,8500.00,KGRR 021453Z 00000KT 10SM FEW085 BKN250 29/12 A3012 RMK AO2 SLP194 T02940117 50000 $
GRR,2023-06-02 15:53,10.00,8500.00,KGRR 021553Z VRB04KT 10SM FEW085 SCT250 31/11 A3012 RMK AO2 SLP192 T03060106 $
GRR,2023-06-02 16:53,10.00,8500.00,KGRR 021653Z 14005KT 10SM FEW085 SCT250 31/10 A3010 RMK AO2 SLP188 T03060100 $
GRR,2023-06-02 17:53,10.00,8500.00,KGRR 021753Z COR VRB03KT 10SM FEW085 SCT250 32/10 A3008 RMK AO2 SLP181 T03220100 10322 20194 58013
GRR,2023-06-02 18:53,10.00,8500.00,KGRR 021853Z VRB04KT 10SM FEW085 BKN250 32/10 A3007 RMK AO2 SLP175 T03220100
GRR,2023-06-02 19:53,10.00,8500.00,KGRR 021953Z VRB04KT 10SM FEW085 BKN250 33/09 A3005 RMK AO2 SLP170 T03280094
GRR,2023-06-02 20:53,10.00,9000.00,KGRR 022053Z VRB05KT 10SM FEW090 OVC250 32/09 A3002 RMK AO2 SLP161 T03220094 58020
GRR,2023-06-02 21:53,10.00,9500.00,KGRR 022153Z 09007KT 10SM FEW095 BKN250 32/09 A3002 RMK AO2 SLP160 T03170094
GRR,2023-06-02 22:53,10.00,9500.00,KGRR 022253Z 08007KT 10SM FEW095 BKN250 32/09 A3001 RMK AO2 SLP159 T03170094
GRR,2023-06-02 23:53,10.00,9000.00,KGRR 022353Z 08007KT 10SM FEW090 BKN250 30/11 A3001 RMK AO2 SLP158 T03000111 10328 20300 55003
GRR,2023-06-03 00:53,10.00,25000.00,KGRR 030053Z 08005KT 10SM BKN250 27/11 A3002 RMK AO2 SLP159 T02670111
GRR,2023-06-03 01:53,10.00,25000.00,KGRR 030153Z 36005KT 10SM BKN250 26/12 A3003 RMK AO2 SLP163 T02560122
GRR,2023-06-03 02:53,10.00,25000.00,KGRR 030253Z 01006KT 10SM BKN250 23/13 A3005 RMK AO2 SLP169 T02330128 53012
GRR,2023-06-03 03:53,10.00,25000.00,KGRR 030353Z 03006KT 10SM BKN250 22/13 A3006 RMK AO2 SLP172 LAST T02220133
GRR,2023-06-03 04:53,10.00,M,KGRR 030453Z AUTO 03003KT 10SM CLR 22/12 A3006 RMK AO2 SLP171 T02170122 403280156
GRR,2023-06-03 05:53,10.00,M,KGRR 030553Z AUTO 03003KT 10SM CLR 21/12 A3005 RMK AO2 SLP169 T02060122 10300 20194 50000
GRR,2023-06-03 06:53,10.00,M,KGRR 030653Z AUTO 05003KT 10SM CLR 19/13 A3005 RMK AO2 SLP170 T01890128
GRR,2023-06-03 07:53,10.00,M,KGRR 030753Z AUTO 03003KT 10SM CLR 18/12 A3004 RMK AO2 SLP167 T01830122
GRR,2023-06-03 08:53,10.00,M,KGRR 030853Z AUTO 04005KT 10SM CLR 17/12 A3003 RMK AO2 SLP165 T01720117 58005
GRR,2023-06-03 09:53,10.00,13000.00,KGRR 030953Z 05004KT 10SM FEW130 FEW250 17/11 A3004 RMK AO2 SLP168 T01720106
GRR,2023-06-03 10:53,10.00,13000.00,KGRR 031053Z 06005KT 10SM FEW130 FEW250 17/11 A3006 RMK AO2 SLP174 T01720111
GRR,2023-06-03 11:53,10.00,13000.00,KGRR 031153Z 05006KT 10SM FEW130 FEW250 19/12 A3007 RMK AO2 SLP176 T01940122 10206 20167 51011
GRR,2023-06-03 12:53,10.00,13000.00,KGRR 031253Z 06007KT 10SM FEW130 SCT250 23/13 A3007 RMK AO2 SLP177 T02280128
GRR,2023-06-03 13:53,10.00,24000.00,KGRR 031353Z 05008KT 10SM BKN240 24/15 A3007 RMK AO2 SLP176 T02440150
GRR,2023-06-03 14:53,10.00,24000.00,KGRR 031453Z 04007KT 10SM BKN240 27/16 A3007 RMK AO2 SLP176 T02720161 58000
GRR,2023-06-03 15:53,10.00,25000.00,KGRR 031553Z 05006KT 10SM BKN250 29/17 A3006 RMK AO2 SLP172 T02940167
GRR,2023-06-03 16:53,10.00,5000.00,KGRR 031653Z 08014G17KT 10SM FEW050 BKN250 31/16 A3005 RMK AO2 SLP170 T03060161
GRR,2023-06-03 17:53,10.00,6000.00,KGRR 031753Z 07013G20KT 10SM SCT060 BKN250 31/16 A3005 RMK AO2 SLP169 T03110156 10311 20194 56005
GRR,2023-06-03 18:53,10.00,6000.00,KGRR 031853Z 06009G19KT 10SM SCT060 SCT110 BKN250 29/16 A3004 RMK AO2 SLP167 T02940156
GRR,2023-06-03 19:53,10.00,6000.00,KGRR 031953Z COR 04012G20KT 10SM SCT060 SCT110 BKN250 31/15 A3003 RMK AO2 SLP163 CB DSNT E-S MOV W T03110150
GRR,2023-06-03 20:53,10.00,6000.00,KGRR 032053Z 05011G18KT 10SM SCT060 SCT110 BKN250 32/15 A3001 RMK AO2 SLP158 CB DSNT SE-S-SW MOV W T03170150 58012
GRR,2023-06-03 21:53,10.00,7000.00,KGRR 032153Z 04013G21KT 10SM FEW070 FEW110 BKN250 31/13 A3000 RMK AO2 SLP155 CB DSNT S-SW MOV W T03110133
GRR,2023-06-03 22:53,7.00,11000.00,KGRR 032253Z 07012KT 7SM FEW110 BKN250 29/11 A3001 RMK AO2 SLP159 T02940106
GRR,2023-06-03 23:53,8.00,8000.00,KGRR 032353Z 07010KT 8SM FEW080 FEW150 BKN250 28/09 A3002 RMK AO2 SLP162 T02780089 10322 20278 53003
GRR,2023-06-04 00:53,5.00,15000.00,KGRR 040053Z 05011KT 5SM FU SCT150 BKN250 26/08 A3003 RMK AO2 SLP163 T02560078
GRR,2023-06-04 01:53,7.00,15000.00,KGRR 040153Z 05010KT 7SM SCT150 BKN250 23/11 A3004 RMK AO2 SLP169 T02330111
GRR,2023-06-04 02:53,7.00,25000.00,KGRR 040253Z 07011KT 7SM BKN250 22/12 A3007 RMK AO2 SLP176 T02170117 53014
GRR,2023-06-04 03:53,6.00,25000.00,KGRR 040353Z 06010KT 6SM FU BKN250 20/11 A3007 RMK AO2 SLP178 LAST T02000106
GRR,2023-06-04 04:53,5.00,M,KGRR 040453Z AUTO 08007KT 5SM HZ CLR 18/10 A3008 RMK AO2 SLP181 T01830100 403220167
GRR,2023-06-04 05:53,5.00,M,KGRR 040553Z AUTO 08009KT 5SM HZ CLR 17/10 A3008 RMK AO2 SLP181 T01720100 10278 20172 51005
GRR,2023-06-04 06:53,5.00,M,KGRR 040653Z AUTO 09009KT 5SM HZ CLR 17/11 A3008 RMK AO2 SLP182 T01670106
GRR,2023-06-04 07:53,5.00,M,KGRR 040753Z AUTO 09005KT 5SM HZ CLR 16/11 A3008 RMK AO2 SLP182 T01560111
GRR,2023-06-04 08:53,6.00,8500.00,KGRR 040853Z AUTO 09007KT 6SM HZ FEW085 14/09 A3009 RMK AO2 SLP185 T01440094 53002
GRR,2023-06-04 09:53,6.00,M,KGRR 040953Z 06007KT 6SM HZ CLR 14/10 A3010 RMK AO2 SLP190 T01390100
GRR,2023-06-04 10:53,5.00,M,KGRR 041053Z 07005KT 5SM HZ CLR 14/10 A3012 RMK AO2 SLP195 T01390100
GRR,2023-06-04 11:53,10.00,M,KGRR 041153Z 07010KT 10SM CLR 15/07 A3013 RMK AO2 SLP199 T01500067 10172 20139 52013
GRR,2023-06-04 12:53,10.00,M,KGRR 041253Z 08010KT 10SM CLR 17/06 A3013 RMK AO2 SLP201 T01670056
GRR,2023-06-04 13:53,10.00,25000.00,KGRR 041353Z 08010KT 10SM SCT250 19/05 A3014 RMK AO2 SLP202 T01890050
GRR,2023-06-04 14:53,10.00,25000.00,KGRR 041453Z 04013KT 10SM BKN250 22/03 A3013 RMK AO2 SLP201 T02170028 50001
GRR,2023-06-04 15:53,10.00,25000.00,KGRR 041553Z 08014G21KT 10SM BKN250 23/02 A3013 RMK AO2 SLP198 T02330022
GRR,2023-06-04 16:53,10.00,25000.00,KGRR 041653Z 08015G22KT 10SM BKN250 24/02 A3012 RMK AO2 SLP195 T02440022
GRR,2023-06-04 17:53,10.00,25000.00,KGRR 041753Z 05012G18KT 10SM FEW250 26/02 A3010 RMK AO2 SLP190 T02560022 10256 20150 58010
GRR,2023-06-04 18:53,10.00,25000.00,KGRR 041853Z 09011G17KT 10SM FEW250 26/02 A3009 RMK AO2 SLP184 T02610017
GRR,2023-06-04 19:53,10.00,25000.00,KGRR 041953Z 07009G19KT 10SM FEW250 27/02 A3008 RMK AO2 SLP182 T02670017
GRR,2023-06-04 20:53,10.00,25000.00,KGRR 042053Z 07008KT 10SM FEW250 27/01 A3007 RMK AO2 SLP178 T02720011 56012
GRR,2023-06-04 21:53,10.00,25000.00,KGRR 042153Z 09010KT 10SM FEW250 27/02 A3006 RMK AO2 SLP174 T02670017
GRR,2023-06-04 22:53,10.00,25000.00,KGRR 042253Z 11004KT 10SM SCT250 27/01 A3004 RMK AO2 SLP170 T02670011
GRR,2023-06-04 23:53,10.00,25000.00,KGRR 042353Z 06008KT 10SM SCT250 26/03 A3005 RMK AO2 SLP171 T02560028 10278 20256 55007
GRR,2023-06-05 00:53,10.00,25000.00,KGRR 050053Z 07006KT 10SM BKN250 22/04 A3004 RMK AO2 SLP171 T02220039
GRR,2023-06-05 01:53,10.00,25000.00,KGRR 050153Z 05006KT 10SM BKN250 21/06 A3006 RMK AO2 SLP176 T02060056
GRR,2023-06-05 02:53,10.00,25000.00,KGRR 050253Z 08007KT 10SM BKN250 18/06 A3007 RMK AO2 SLP181 T01830056 53008
GRR,2023-06-05 03:53,10.00,25000.00,KGRR 050353Z 09007KT 10SM BKN250 17/06 A3008 RMK AO2 SLP183 LAST T01720056
GRR,2023-06-05 04:53,10.00,M,KGRR 050453Z AUTO 06004KT 10SM CLR 17/06 A3009 RMK AO2 SLP185 T01720056 402780139
GRR,2023-06-05 05:53,10.00,M,KGRR 050553Z AUTO 10003KT 10SM CLR 15/06 A3008 RMK AO2 SLP184 T01500061 10256 20150 50004
GRR,2023-06-05 06:53,10.00,M,KGRR 050653Z AUTO 02004KT 10SM CLR 14/07 A3008 RMK AO2 SLP183 T01390067
GRR,2023-06-05 07:53,10.00,M,KGRR 050753Z AUTO 00000KT 10SM CLR 13/08 A3007 RMK AO2 SLP182 T01330078
GRR,2023-06-05 08:53,10.00,M,KGRR 050853Z AUTO 08003KT 10SM CLR 13/07 A3007 RMK AO2 SLP179 T01330067 56004
GRR,2023-06-05 09:53,10.00,21000.00,KGRR 050953Z 00000KT 10SM OVC210 13/07 A3008 RMK AO2 SLP182 T01330067
GRR,2023-06-05 10:53,10.00,16000.00,KGRR 051053Z 00000KT 10SM BKN160 OVC220 14/07 A3009 RMK AO2 SLP186 T01390072
GRR,2023-06-05 11:53,10.00,13000.00,KGRR 051153Z 11003KT 10SM FEW130 BKN170 BKN220 15/08 A3010 RMK AO2 SLP188 T01500078 10156 20128 53009
GRR,2023-06-05 12:53,10.00,14000.00,KGRR 051253Z 24003KT 10SM FEW140 SCT220 18/09 A3010 RMK AO2 SLP190 T01830089 $
GRR,2023-06-05 13:53,10.00,22000.00,KGRR 051353Z VRB05KT 10SM SCT220 22/07 A3010 RMK AO2 SLP188 T02170067
GRR,2023-06-05 14:53,10.00,22000.00,KGRR 051453Z 28006KT 10SM FEW220 23/05 A3009 RMK AO2 SLP185 T02330050 58003
GRR,2023-06-05 15:53,10.00,8500.00,KGRR 051553Z VRB04KT 10SM FEW085 FEW110 FEW240 25/05 A3008 RMK AO2 SLP182 T02500050
GRR,2023-06-05 16:53,10.00,15000.00,KGRR 051653Z VRB05KT 10SM FEW150 26/06 A3006 RMK AO2 SLP176 T02610056
GRR,2023-06-05 17:53,10.00,22000.00,KGRR 051753Z VRB05KT 10SM FEW220 27/07 A3005 RMK AO2 SLP172 T02720067 10272 20150 58013
GRR,2023-06-05 18:53,10.00,7000.00,KGRR 051853Z 35004KT 10SM SCT070 SCT220 28/07 A3003 RMK AO2 SLP165 T02780067
GRR,2023-06-05 19:53,9.00,7000.00,KGRR 051953Z 35004KT 9SM FEW070 BKN250 28/07 A3001 RMK AO2 SLP159 T02830072
GRR,2023-06-05 20:53,10.00,7000.00,KGRR 052053Z VRB05KT 10SM FEW070 BKN250 29/08 A3000 RMK AO2 SLP154 T02890083 56017
GRR,2023-06-05 21:53,10.00,7000.00,KGRR 052153Z 29012G17KT 10SM FEW070 BKN250 28/09 A2999 RMK AO2 SLP152 T02830094
GRR,2023-06-05 22:53,10.00,8000.00,KGRR 052253Z 28012KT 10SM SCT080 BKN250 27/10 A2999 RMK AO2 SLP151 T02670100
GRR,2023-06-05 23:53,10.00,8000.00,KGRR 052353Z 28009KT 10SM FEW080 BKN250 26/08 A2998 RMK AO2 SLP147 T02560083 10294 20256 58007
GRR,2023-06-06 00:53,9.00,8000.00,KGRR 060053Z 26007KT 9SM FEW080 BKN250 23/08 A2998 RMK AO2 SLP149 T02330078
GRR,2023-06-06 01:53,9.00,8000.00,KGRR 060153Z 25008KT 9SM FEW080 BKN250 21/09 A2998 RMK AO2 SLP147 T02110089
GRR,2023-06-06 02:53,8.00,25000.00,KGRR 060253Z 26006KT 8SM BKN250 21/09 A2998 RMK AO2 SLP146 T02060094 50000
GRR,2023-06-06 03:53,8.00,25000.00,KGRR 060353Z 29006KT 8SM BKN250 20/11 A2998 RMK AO2 SLP147 LAST T02000106
GRR,2023-06-06 04:53,7.00,M,KGRR 060453Z AUTO 32005KT 7SM CLR 19/12 A2998 RMK AO2 SLP146 T01940117 402940128
GRR,2023-06-06 05:53,7.00,M,KGRR 060553Z AUTO 34003KT 7SM CLR 18/13 A2998 RMK AO2 SLP147 T01830128 10256 20183 53001
GRR,2023-06-06 06:53,7.00,M,KGRR 060653Z AUTO 35003KT 7SM CLR 18/13 A2997 RMK AO2 SLP145 T01830128
GRR,2023-06-06 07:53,7.00,M,KGRR 060753Z AUTO 31004KT 7SM CLR 17/13 A2997 RMK AO2 SLP144 T01720128
GRR,2023-06-06 08:53,7.00,M,KGRR 060853Z AUTO 34004KT 7SM CLR 16/12 A2997 RMK AO2 SLP144 T01560122 56004
GRR,2023-06-06 09:53,7.00,6500.00,KGRR 060953Z 00000KT 7SM FEW065 SCT140 BKN240 16/12 A2997 RMK AO2 SLP144 T01610122
GRR,2023-06-06 10:53,5.00,6500.00,KGRR 061053Z 00000KT 5SM HZ FEW065 BKN240 16/12 A2997 RMK AO2 SLP146 T01560122
GRR,2023-06-06 11:53,5.00,25000.00,KGRR 061153Z 01006KT 5SM HZ OVC250 17/13 A2998 RMK AO2 SLP148 T01670133 10189 20156 53003
GRR,2023-06-06 12:53,6.00,5000.00,KGRR 061253Z 05006KT 6SM HZ FEW050 OVC250 18/13 A2997 RMK AO2 SLP146 T01830128
GRR,2023-06-06 13:53,7.00,22000.00,KGRR 061353Z 05007KT 7SM OVC220 19/12 A2997 RMK AO2 SLP146 T01940122
GRR,2023-06-06 14:53,8.00,22000.00,KGRR 061453Z 06003KT 8SM BKN220 21/12 A2997 RMK AO2 SLP145 T02110122 56002
GRR,2023-06-06 15:53,9.00,22000.00,KGRR 061553Z 06004KT 9SM BKN220 23/13 A2995 RMK AO2 SLP138 T02330128
GRR,2023-06-06 16:53,9.00,19000.00,KGRR 061653Z 03008KT 9SM SCT190 BKN250 24/12 A2994 RMK AO2 SLP133 T02440122
GRR,2023-06-06 17:53,10.00,5000.00,KGRR 061753Z 02010KT 10SM FEW050 SCT190 BKN250 26/11 A2993 RMK AO2 SLP131 T02560111 10256 20167 56014
GRR,2023-06-06 18:53,10.00,5000.00,KGRR 061853Z 05011G17KT 10SM FEW050 SCT180 BKN220 25/11 A2992 RMK AO2 SLP127 T02500111
GRR,2023-06-06 19:53,10.00,5500.00,KGRR 061953Z 02009KT 10SM FEW055 BKN190 BKN220 24/11 A2991 RMK AO2 SLP125 T02390106
GRR,2023-06-06 20:53,10.00,19000.00,KGRR 062053Z 06011KT 10SM BKN190 BKN220 23/11 A2991 RMK AO2 SLP124 T02280111 56008
GRR,2023-06-06 21:53,10.00,18000.00,KGRR 062153Z 06011KT 10SM BKN180 BKN220 22/09 A2990 RMK AO2 SLP122 T02170094
GRR,2023-06-06 22:53,10.00,16000.00,KGRR 062253Z 07007KT 10SM BKN160 BKN220 21/09 A2989 RMK AO2 SLP120 T02110094
GRR,2023-06-06 23:53,10.00,16000.00,KGRR 062353Z 06008KT 10SM SCT160 BKN220 21/08 A2990 RMK AO2 SLP121 T02060083 10256 20206 55003
GRR,2023-06-07 00:53,10.00,16000.00,KGRR 070053Z 06004KT 10SM FEW160 BKN220 19/08 A2989 RMK AO2 SLP120 T01890083
GRR,2023-06-07 01:53,10.00,22000.00,KGRR 070153Z 07003KT 10SM SCT220 17/09 A2990 RMK AO2 SLP123 T01720089
GRR,2023-06-07 02:53,10.00,22000.00,KGRR 070253Z 00000KT 10SM FEW220 15/09 A2991 RMK AO2 SLP127 T01500089 53005
GRR,2023-06-07 03:53,10.00,M,KGRR 070353Z 08003KT 10SM CLR 14/08 A2992 RMK AO2 SLP128 LAST T01390083
GRR,2023-06-07 04:53,10.00,M,KGRR 070453Z AUTO 00000KT 10SM CLR 12/09 A2992 RMK AO2 SLP131 T01220089 402560122
GRR,2023-06-07 05:53,10.00,M,KGRR 070553Z AUTO 00000KT 10SM CLR 12/08 A2992 RMK AO2 SLP128 T01220083 10206 20117 50002
GRR,2023-06-07 06:53,10.00,M,KGRR 070653Z AUTO 00000KT 10SM CLR 12/09 A2991 RMK AO2 SLP125 T01170094
GRR,2023-06-07 07:53,10.00,M,KGRR 070753Z AUTO 00000KT 10SM CLR 11/08 A2990 RMK AO2 SLP123 T01110078
GRR,2023-06-07 08:53,9.00,M,KGRR 070853Z AUTO 00000KT 9SM CLR 10/08 A2990 RMK AO2 SLP123 T01000083 56006
GRR,2023-06-07 09:53,10.00,25000.00,KGRR 070953Z 03004KT 10SM FEW250 09/07 A2991 RMK AO2 SLP126 T00890072
GRR,2023-06-07 10:53,8.00,25000.00,KGRR 071053Z 00000KT 8SM FEW250 09/07 A2993 RMK AO2 SLP133 T00940072
GRR,2023-06-07 11:53,6.00,M,KGRR 071153Z 00000KT 6SM HZ CLR 12/08 A2993 RMK AO2 SLP134 T01170078 10122 20083 51010
GRR,2023-06-07 12:53,9.00,M,KGRR 071253Z 02004KT 9SM CLR 15/08 A2993 RMK AO2 SLP133 T01500078
GRR,2023-06-07 13:53,10.00,M,KGRR 071353Z 03007KT 10SM CLR 17/07 A2993 RMK AO2 SLP132 T01670072
GRR,2023-06-07 14:53,10.00,M,KGRR 071453Z VRB03KT 10SM CLR 18/08 A2991 RMK AO2 SLP127 T01830078 58006
GRR,2023-06-07 15:53,10.00,M,KGRR 071553Z 07004KT 10SM CLR 21/07 A2989 RMK AO2 SLP122 T02110072
GRR,2023-06-07 16:53,10.00,7000.00,KGRR 071653Z 02012G17KT 10SM FEW070 22/04 A2989 RMK AO2 SLP118 T02220044
GRR,2023-06-07 17:53,10.00,7000.00,KGRR 071753Z COR 02008KT 10SM FEW070 23/03 A2987 RMK AO2 SLP113 T02280028 10233 20117 58013
GRR,2023-06-07 18:53,10.00,7000.00,KGRR 071853Z 02006KT 10SM FEW070 24/02 A2985 RMK AO2 SLP106 T02390022
GRR,2023-06-07 19:53,10.00,7000.00,KGRR 071953Z COR VRB03KT 10SM FEW070 SCT090 24/02 A2983 RMK AO2 SLP100 T02390022
GRR,2023-06-07 20:53,10.00,9000.00,KGRR 072053Z 31010G18KT 10SM SCT090 24/02 A2982 RMK AO2 SLP094 T02440017 56018
GRR,2023-06-07 21:53,10.00,9000.00,KGRR 072153Z 03010KT 10SM SCT090 24/01 A2981 RMK AO2 SLP093 T02390011
GRR,2023-06-07 22:53,10.00,10000.00,KGRR 072253Z 02009KT 10SM SCT100 23/02 A2981 RMK AO2 SLP093 T02280017
GRR,2023-06-07 23:53,8.00,10000.00,KGRR 072353Z 04007KT 8SM SCT100 22/02 A2980 RMK AO2 SLP091 T02220022 10250 20217 56004
GRR,2023-06-08 00:53,10.00,10000.00,KGRR 080053Z 06008KT 10SM FEW100 SCT250 19/03 A2982 RMK AO2 SLP096 T01890033
GRR,2023-06-08 01:53,10.00,10000.00,KGRR 080153Z 06010KT 10SM FEW100 SCT250 17/05 A2984 RMK AO2 SLP104 T01720050
GRR,2023-06-08 02:53,6.00,3500.00,KGRR 080253Z 07009KT 6SM HZ FEW035 16/04 A2987 RMK AO2 SLP114 T01610044 53023
GRR,2023-06-08 03:53,6.00,4000.00,KGRR 080353Z 08006KT 6SM HZ FEW040 14/03 A2988 RMK AO2 SLP118 LAST T01440028
GRR,2023-06-08 04:53,5.00,M,KGRR 080453Z AUTO 04003KT 5SM HZ CLR 12/04 A2988 RMK AO2 SLP117 T01220039 402500083
GRR,2023-06-08 05:53,5.00,M,KGRR 080553Z AUTO 04003KT 5SM HZ CLR 12/06 A2988 RMK AO2 SLP116 T01220056 10222 20117 50002
GRR,2023-06-08 06:53,4.00,M,KGRR 080653Z AUTO 03003KT 4SM HZ CLR 11/04 A2988 RMK AO2 SLP118 T01060044
GRR,2023-06-08 07:53,4.00,M,KGRR 080753Z AUTO 00000KT 4SM HZ CLR 11/04 A2988 RMK AO2 SLP117 T01060039
GRR,2023-06-08 08:53,4.00,M,KGRR 080853Z AUTO 00000KT 4SM HZ CLR 10/04 A2989 RMK AO2 SLP118 T01000044 51002
GRR,2023-06-08 09:53,5.00,25000.00,KGRR 080953Z 33005KT 5SM HZ FEW250 11/04 A2989 RMK AO2 SLP121 T01060044
GRR,2023-06-08 10:53,7.00,25000.00,KGRR 081053Z 32004KT 7SM FEW250 11/04 A2990 RMK AO2 SLP125 T01110044
GRR,2023-06-08 11:53,10.00,25000.00,KGRR 081153Z 31005KT 10SM FEW250 14/05 A2991 RMK AO2 SLP127 T01390050 10139 20094 52009
GRR,2023-06-08 12:53,10.00,M,KGRR 081253Z 32005KT 10SM CLR 16/05 A2991 RMK AO2 SLP128 T01610050
GRR,2023-06-08 13:53,10.00,M,KGRR 081353Z 02006KT 10SM CLR 18/05 A2991 RMK AO2 SLP128 T01830050
GRR,2023-06-08 14:53,10.00,M,KGRR 081453Z 34007KT 10SM CLR 21/05 A2990 RMK AO2 SLP124 T02060050 58003
GRR,2023-06-08 15:53,10.00,7000.00,KGRR 081553Z 36007KT 310V030 10SM FEW070 22/03 A2990 RMK AO2 SLP122 T02170033
GRR,2023-06-08 16:53,10.00,7000.00,KGRR 081653Z VRB05KT 10SM FEW070 FEW250 22/04 A2989 RMK AO2 SLP118 T02220039
GRR,2023-06-08 17:53,10.00,7500.00,KGRR 081753Z VRB05KT 10SM FEW075 FEW250 23/04 A2988 RMK AO2 SLP116 T02280039 10239 20139 58008
GRR,2023-06-08 18:53,10.00,7500.00,KGRR 081853Z 32008G17KT 270V350 10SM FEW075 FEW250 23/03 A2986 RMK AO2 SLP111 T02330033
GRR,2023-06-08 19:53,10.00,8000.00,KGRR 081953Z 34007G15KT 10SM FEW080 FEW250 23/03 A2985 RMK AO2 SLP107 T02280028
GRR,2023-06-08 20:53,10.00,8500.00,KGRR 082053Z 33009G15KT 10SM SCT085 SCT250 23/03 A2984 RMK AO2 SLP103 T02330033 56013
GRR,2023-06-08 21:53,10.00,8500.00,KGRR 082153Z 27017G24KT 10SM BKN085 BKN250 24/05 A2983 RMK AO2 SLP101 T02390050
GRR,2023-06-08 22:53,10.00,9000.00,KGRR 082253Z 29004G14KT 10SM SCT090 SCT250 23/04 A2983 RMK AO2 SLP099 T02280044
GRR,2023-06-08 23:53,10.00,9000.00,KGRR 082353Z 31015G23KT 10SM FEW090 FEW250 22/03 A2984 RMK AO2 SLP103 T02220028 10250 20222 53000
GRR,2023-06-09 00:53,10.00,9000.00,KGRR 090053Z 34011KT 10SM FEW090 FEW250 21/03 A2985 RMK AO2 SLP108 T02060028
GRR,2023-06-09 01:53,10.00,11000.00,KGRR 090153Z 32008KT 10SM FEW110 FEW250 19/03 A2987 RMK AO2 SLP112 T01890028
GRR,2023-06-09 02:53,10.00,11000.00,KGRR 090253Z 05006KT 10SM FEW110 FEW250 17/05 A2989 RMK AO2 SLP118 T01720050 53016
GRR,2023-06-09 03:53,10.00,11000.00,KGRR 090353Z 07005KT 10SM FEW110 16/06 A2990 RMK AO2 SLP121 LAST T01560056
GRR,2023-06-09 04:53,10.00,10000.00,KGRR 090453Z AUTO 09004KT 10SM BKN100 15/06 A2991 RMK AO2 SLP126 T01500061 402500094
GRR,2023-06-09 05:53,10.00,9000.00,KGRR 090553Z AUTO 02003KT 10SM FEW090 13/07 A2991 RMK AO2 SLP127 T01330067 10222 20133 51008
GRR,2023-06-09 06:53,10.00,M,KGRR 090653Z AUTO 03003KT 10SM CLR 13/07 A2991 RMK AO2 SLP125 T01280067
GRR,2023-06-09 07:53,10.00,M,KGRR 090753Z AUTO 36003KT 10SM CLR 12/07 A2991 RMK AO2 SLP127 T01170072
GRR,2023-06-09 08:53,10.00,M,KGRR 090853Z AUTO 01003KT 10SM CLR 11/07 A2991 RMK AO2 SLP127 T01060072 55000
GRR,2023-06-09 09:53,10.00,M,KGRR 090953Z 00000KT 10SM CLR 11/07 A2993 RMK AO2 SLP133 T01060072
GRR,2023-06-09 10:53,10.00,M,KGRR 091053Z 00000KT 10SM CLR 11/08 A2994 RMK AO2 SLP135 T01110083
GRR,2023-06-09 11:53,8.00,M,KGRR 091153Z 00000KT 8SM CLR 13/09 A2995 RMK AO2 SLP139 T01330094 10139 20100 51011
GRR,2023-06-09 12:53,9.00,M,KGRR 091253Z 00000KT 9SM CLR 17/09 A2996 RMK AO2 SLP141 T01670094
GRR,2023-06-09 13:53,9.00,M,KGRR 091353Z 32005KT 9SM CLR 19/08 A2995 RMK AO2 SLP141 T01890083
GRR,2023-06-09 14:53,8.00,M,KGRR 091453Z 34008KT 8SM CLR 21/08 A2995 RMK AO2 SLP139 T02060078 50001
GRR,2023-06-09 15:53,7.00,5500.00,KGRR 091553Z 29009KT 7SM FEW055 22/08 A2994 RMK AO2 SLP135 T02170078
GRR,2023-06-09 16:53,9.00,6000.00,KGRR 091653Z 00000KT 9SM FEW060 FEW110 23/07 A2992 RMK AO2 SLP131 T02280072
GRR,2023-06-09 17:53,9.00,6000.00,KGRR 091753Z 34007KT 9SM SCT060 SCT250 23/07 A2991 RMK AO2 SLP128 T02330072 10239 20133 57012
GRR,2023-06-09 18:53,9.00,6500.00,KGRR 091853Z 29011G17KT 9SM SCT065 SCT250 24/08 A2990 RMK AO2 SLP123 T02390078
GRR,2023-06-09 19:53,10.00,6000.00,KGRR 091953Z 29011KT 10SM SCT060 SCT250 24/07 A2989 RMK AO2 SLP120 T02390072
GRR,2023-06-09 20:53,10.00,6000.00,KGRR 092053Z 25013G21KT 10SM FEW060 FEW250 24/06 A2988 RMK AO2 SLP116 T02390056 56011
GRR,2023-06-09 21:53,10.00,6000.00,KGRR 092153Z 24011KT 10SM FEW060 FEW200 FEW250 24/05 A2988 RMK AO2 SLP115 T02390050
GRR,2023-06-09 22:53,10.00,6000.00,KGRR 092253Z 28006KT 10SM FEW060 FEW180 FEW230 23/04 A2987 RMK AO2 SLP113 T02280039
GRR,2023-06-09 23:53,10.00,6500.00,KGRR 092353Z 29006KT 10SM FEW065 BKN210 22/04 A2986 RMK AO2 SLP111 T02170039 10250 20217 58006
GRR,2023-06-10 00:53,10.00,6500.00,KGRR 100053Z 24008KT 10SM FEW065 SCT180 SCT230 21/04 A2986 RMK AO2 SLP108 T02060044
GRR,2023-06-10 01:53,10.00,7000.00,KGRR 100153Z 26005KT 10SM FEW070 SCT200 18/04 A2986 RMK AO2 SLP107 T01830039
GRR,2023-06-10 02:53,10.00,20000.00,KGRR 100253Z 26005KT 10SM FEW200 17/04 A2986 RMK AO2 SLP108 T01720039 55002
GRR,2023-06-10 03:53,10.00,M,KGRR 100353Z 24004KT 10SM CLR 15/04 A2985 RMK AO2 SLP106 LAST T01500044
GRR,2023-06-10 04:53,10.00,M,KGRR 100453Z AUTO 00000KT 10SM CLR 12/06 A2985 RMK AO2 SLP105 T01220056 402500100
GRR,2023-06-10 05:53,10.00,M,KGRR 100553Z AUTO 00000KT 10SM CLR 11/06 A2984 RMK AO2 SLP102 T01110061 10222 20111 58007
GRR,2023-06-10 06:53,10.00,M,KGRR 100653Z AUTO 19003KT 10SM CLR 10/06 A2984 RMK AO2 SLP103 T01000061
GRR,2023-06-10 07:53,10.00,M,KGRR 100753Z AUTO 00000KT 10SM CLR 10/07 A2983 RMK AO2 SLP100 T01000067
GRR,2023-06-10 08:53,10.00,M,KGRR 100853Z AUTO 00000KT 10SM CLR 10/07 A2982 RMK AO2 SLP096 T01000067 58006
GRR,2023-06-10 09:53,10.00,15000.00,KGRR 100953Z 15004KT 10SM FEW150 SCT250 09/06 A2981 RMK AO2 SLP095 T00940061
GRR,2023-06-10 10:53,8.00,15000.00,KGRR 101053Z 15004KT 8SM FEW150 FEW250 10/07 A2982 RMK AO2 SLP095 T01000072
GRR,2023-06-10 11:53,10.00,12000.00,KGRR 101153Z 22004KT 10SM SCT120 SCT250 13/09 A2982 RMK AO2 SLP097 T01330089 10139 20089 53001
GRR,2023-06-10 12:53,10.00,12000.00,KGRR 101253Z 24008KT 10SM FEW120 SCT250 19/08 A2982 RMK AO2 SLP094 T01890083
GRR,2023-06-10 13:53,10.00,12000.00,KGRR 101353Z 24004KT 10SM FEW120 BKN250 21/09 A2981 RMK AO2 SLP091 T02060089
GRR,2023-06-10 14:53,10.00,12000.00,KGRR 101453Z 25009KT 10SM FEW120 BKN250 24/09 A2981 RMK AO2 SLP089 T02390094 56006
GRR,2023-06-10 15:53,10.00,12000.00,KGRR 101553Z 24012KT 10SM FEW120 BKN250 26/08 A2981 RMK AO2 SLP089 T02610078
GRR,2023-06-10 16:53,10.00,12000.00,KGRR 101653Z 26011KT 10SM FEW120 BKN250 27/08 A2980 RMK AO2 SLP087 T02670078
GRR,2023-06-10 17:53,10.00,12000.00,KGRR 101753Z 24015KT 10SM FEW120 BKN230 27/08 A2979 RMK AO2 SLP086 T02670078 10267 20139 58004
GRR,2023-06-10 18:53,10.00,8500.00,KGRR 101853Z 27013KT 10SM SCT085 SCT180 OVC230 26/08 A2980 RMK AO2 SLP089 T02610083
GRR,2023-06-10 19:53,10.00,8500.00,KGRR 101953Z 26012G25KT 10SM FEW085 FEW180 BKN220 27/08 A2979 RMK AO2 SLP086 T02720078
GRR,2023-06-10 20:53,10.00,8000.00,KGRR 102053Z 24018KT 10SM FEW080 BKN160 OVC200 27/08 A2979 RMK AO2 SLP085 T02670078 58002
GRR,2023-06-10 21:53,10.00,8000.00,KGRR 102153Z 27009KT 10SM FEW080 BKN120 OVC160 26/07 A2978 RMK AO2 SLP081 T02560067
GRR,2023-06-10 22:53,10.00,12000.00,KGRR 102253Z 27008KT 10SM FEW120 BKN140 OVC200 26/06 A2978 RMK AO2 SLP082 T02560061
GRR,2023-06-10 23:53,10.00,13000.00,KGRR 102353Z 25008KT 10SM BKN130 OVC200 25/06 A2978 RMK AO2 SLP082 T02500061 10278 20250 55002
GRR,2023-06-11 00:53,10.00,13000.00,KGRR 110053Z 03005KT 10SM BKN130 BKN180 22/10 A2978 RMK AO2 SLP082 T02220100
GRR,2023-06-11 01:53,10.00,13000.00,KGRR 110153Z 02003KT 10SM BKN130 OVC250 22/09 A2979 RMK AO2 SLP083 T02170094
GRR,2023-06-11 02:53,10.00,13000.00,KGRR 110253Z 36005KT 10SM FEW130 OVC180 21/09 A2979 RMK AO2 SLP082 T02110094 51002
GRR,2023-06-11 03:53,10.00,14000.00,KGRR 110353Z 03003KT 10SM OVC140 20/11 A2979 RMK AO2 SLP082 LAST T02000106
GRR,2023-06-11 04:53,10.00,11000.00,KGRR 110453Z AUTO 04003KT 10SM FEW110 19/11 A2978 RMK AO2 SLP079 T01890111 402780089
GRR,2023-06-11 05:53,10.00,M,KGRR 110553Z AUTO 00000KT 10SM CLR 18/11 A2979 RMK AO2 SLP081 T01830111 10250 20183 55001
GRR,2023-06-11 06:53,10.00,7000.00,KGRR 110653Z AUTO 01007KT 10SM SCT070 BKN090 OVC110 19/12 A2979 RMK AO2 SLP084 T01890117
GRR,2023-06-11 07:53,10.00,7000.00,KGRR 110753Z AUTO 01010KT 10SM FEW070 OVC095 18/12 A2980 RMK AO2 RAB19E37 SLP088 P0000 T01780117
GRR,2023-06-11 08:53,10.00,9500.00,KGRR 110853Z AUTO 02011KT 10SM OVC095 17/12 A2979 RMK AO2 RAB0757E09 SLP085 P0000 60000 T01670117 50003
GRR,2023-06-11 09:53,10.00,8000.00,KGRR 110953Z 04010KT 10SM SCT080 OVC100 16/11 A2980 RMK AO2 SLP087 T01610106
GRR,2023-06-11 10:53,10.00,8500.00,KGRR 111053Z 05011KT 10SM -RA BKN085 OVC110 16/11 A2980 RMK AO2 RAB11 SLP088 P0000 T01560106
GRR,2023-06-11 11:53,10.00,8000.00,KGRR 111153Z 05009KT 10SM FEW080 OVC130 16/11 A2981 RMK AO2 RAE11 SLP090 P0000 60000 T01560106 10189 20150 53005
GRR,2023-06-11 12:53,10.00,7000.00,KGRR 111253Z 05007KT 10SM SCT070 BKN100 OVC120 16/12 A2982 RMK AO2 SLP096 T01610117
GRR,2023-06-11 13:53,10.00,5000.00,KGRR 111353Z 07010KT 10SM FEW050 SCT075 OVC095 17/12 A2981 RMK AO2 RAB34E45 SLP090 P0000 T01670122
GRR,2023-06-11 14:53,10.00,5000.00,KGRR 111453Z 07009KT 10SM -RA FEW050 BKN080 OVC100 17/13 A2981 RMK AO2 RAB04 SLP091 P0000 60000 T01670128 58000
GRR,2023-06-11 15:53,8.00,1100.00,KGRR 111553Z 02008KT 8SM -RA FEW011 BKN080 OVC095 17/14 A2981 RMK AO2 SLP091 P0000 T01670139
GRR,2023-06-11 16:53,6.00,1300.00,KGRR 111653Z 06004KT 6SM -RA BR BKN013 OVC070 17/14 A2981 RMK AO2 SLP092 P0001 T01670144
GRR,2023-06-11 17:53,4.00,900.00,KGRR 111753Z 03006KT 4SM -RA BR BKN009 OVC065 17/15 A2980 RMK AO2 SLP088 P0001 60002 T01670150 10172 20156 58003
GRR,2023-06-11 18:53,4.00,800.00,KGRR 111853Z 03008KT 4SM -RA BR SCT008 BKN014 OVC080 17/15 A2979 RMK AO2 SLP084 P0004 T01670150
GRR,2023-06-11 19:53,4.00,800.00,KGRR 111953Z 04006KT 4SM -RA BR SCT008 BKN014 OVC060 17/15 A2979 RMK AO2 SLP085 P0002 T01670150
GRR,2023-06-11 20:53,4.00,800.00,KGRR 112053Z 03006KT 4SM -RA BR BKN008 BKN015 OVC060 17/15 A2978 RMK AO2 SLP084 P0001 60007 T01670150 56005
GRR,2023-06-11 21:53,6.00,800.00,KGRR 112153Z 05008KT 6SM BR BKN008 BKN012 OVC040 16/14 A2978 RMK AO2 RAE52 SLP083 P0002 T01560144
GRR,2023-06-11 22:53,10.00,800.00,KGRR 112253Z 05010KT 10SM BKN008 BKN012 OVC025 15/14 A2979 RMK AO2 SLP086 T01500139
GRR,2023-06-11 23:53,10.00,1000.00,KGRR 112353Z 04013KT 10SM BKN010 OVC014 14/13 A2980 RMK AO2 SLP090 60009 T01440128 10167 20144 53005
GRR,2023-06-12 00:53,10.00,900.00,KGRR 120053Z 04010KT 10SM BKN009 OVC013 13/12 A2981 RMK AO2 SLP094 T01330117
GRR,2023-06-12 01:53,10.00,900.00,KGRR 120153Z 03006KT 10SM BKN009 BKN015 OVC030 13/12 A2981 RMK AO2 RAB22E32 SLP094 P0000 T01330122
GRR,2023-06-12 02:53,10.00,900.00,KGRR 120253Z 02011KT 10SM SCT009 OVC012 13/12 A2981 RMK AO2 SLP096 60000 T01330117 51006
GRR,2023-06-12 03:53,10.00,1200.00,KGRR 120353Z 04012KT 10SM OVC012 13/11 A2981 RMK AO2 RAB0256E05 SLP095 LAST P0000 T01280111
GRR,2023-06-12 04:53,10.00,1000.00,KGRR 120453Z AUTO 01009KT 10SM BKN010 BKN017 OVC023 12/11 A2981 RMK AO2 RAB00E16 SLP093 P0000 T01220106 401940122
GRR,2023-06-12 05:53,10.00,1100.00,KGRR 120553Z AUTO 36007KT 10SM FEW011 BKN017 OVC024 12/10 A2980 RMK AO2 SLP092 60000 T01170100 10144 20117 56004
GRR,2023-06-12 06:53,10.00,1200.00,KGRR 120653Z AUTO 36005KT 10SM BKN012 BKN022 OVC046 12/09 A2980 RMK AO2 SLP091 T01170094
GRR,2023-06-12 07:53,10.00,1800.00,KGRR 120753Z AUTO 36007KT 10SM SCT018 OVC045 12/09 A2979 RMK AO2 SLP087 T01170089
GRR,2023-06-12 08:53,10.00,1800.00,KGRR 120853Z AUTO 34007KT 10SM OVC018 12/09 A2979 RMK AO2 SLP087 T01170094 58004
GRR,2023-06-12 09:53,10.00,1100.00,KGRR 120953Z 33008KT 10SM BKN011 OVC018 11/09 A2979 RMK AO2 SLP088 T01110094
GRR,2023-06-12 10:53,10.00,900.00,KGRR 121053Z 32009KT 10SM OVC009 11/09 A2980 RMK AO2 SLP093 T01110089
GRR,2023-06-12 11:53,10.00,1100.00,KGRR 121153Z 31008KT 10SM SCT011 OVC038 11/09 A2981 RMK AO2 SLP094 70011 T01110089 10117 20111 53006
GRR,2023-06-12 12:53,10.00,1100.00,KGRR 121253Z 32006KT 10SM FEW011 BKN038 12/09 A2981 RMK AO2 SLP096 T01220094
GRR,2023-06-12 13:53,10.00,1800.00,KGRR 121353Z 31008KT 10SM SCT018 BKN038 BKN055 14/08 A2981 RMK AO2 SLP095 T01390083
GRR,2023-06-12 14:53,10.00,2500.00,KGRR 121453Z 31012KT 10SM BKN025 BKN050 14/08 A2980 RMK AO2 SLP092 T01440078 58001
GRR,2023-06-12 15:53,10.00,2400.00,KGRR 121553Z 33010KT 10SM SCT024 OVC035 14/08 A2980 RMK AO2 SLP091 T01440078
GRR,2023-06-12 16:53,10.00,2500.00,KGRR 121653Z 30010G17KT 10SM SCT025 OVC042 14/07 A2979 RMK AO2 SLP089 T01440072
GRR,2023-06-12 17:53,10.00,3000.00,KGRR 121753Z 30012G23KT 10SM SCT030 BKN040 16/07 A2977 RMK AO2 SLP082 T01560067 10156 20111 58010
GRR,2023-06-12 18:53,10.00,4000.00,KGRR 121853Z 29010KT 10SM OVC040 15/06 A2977 RMK AO2 SLP081 T01500061 $
GRR,2023-06-12 19:53,10.00,4000.00,KGRR 121953Z 24012KT 10SM OVC040 16/07 A2977 RMK AO2 SLP082 T01560067
GRR,2023-06-12 20:53,10.00,4000.00,KGRR 122053Z 26014KT 10SM BKN040 BKN048 17/07 A2977 RMK AO2 SLP080 T01670067 56002
GRR,2023-06-12 21:53,10.00,4200.00,KGRR 122153Z 26015G22KT 10SM FEW042 SCT250 17/05 A2977 RMK AO2 SLP081 T01670050
GRR,2023-06-12 22:53,10.00,4200.00,KGRR 122253Z 26011G22KT 10SM FEW042 FEW250 17/03 A2976 RMK AO2 SLP078 T01720028
GRR,2023-06-12 23:53,10.00,4200.00,KGRR 122353Z 27010KT 10SM FEW042 FEW250 17/04 A2976 RMK AO2 SLP078 T01670039 10178 20150 58002
GRR,2023-06-13 00:53,10.00,8000.00,KGRR 130053Z 26009KT 10SM SCT080 14/04 A2976 RMK AO2 SLP078 T01440044
GRR,2023-06-13 01:53,10.00,8000.00,KGRR 130153Z 21005KT 10SM SCT080 12/06 A2975 RMK AO2 SLP075 T01220056
GRR,2023-06-13 02:53,10.00,8000.00,KGRR 130253Z 23003KT 10SM BKN080 13/06 A2973 RMK AO2 SLP068 T01280056 58009
GRR,2023-06-13 03:53,10.00,9000.00,KGRR 130353Z 13003KT 10SM BKN090 11/06 A2971 RMK AO2 SLP062 LAST T01110061
GRR,2023-06-13 04:53,10.00,7000.00,KGRR 130453Z AUTO 14004KT 10SM FEW070 BKN100 BKN110 11/07 A2969 RMK AO2 SLP056 T01060067 401780100
GRR,2023-06-13 05:53,10.00,6500.00,KGRR 130553Z AUTO 12003KT 10SM BKN065 BKN080 OVC110 11/07 A2967 RMK AO2 SLP049 T01060067 10167 20100 56020
GRR,2023-06-13 06:53,10.00,7000.00,KGRR 130653Z AUTO 06003KT 10SM OVC070 11/07 A2966 RMK AO2 SLP045 T01110067
GRR,2023-06-13 07:53,10.00,7000.00,KGRR 130753Z AUTO 17004KT 10SM SCT070 SCT085 11/07 A2965 RMK AO2 SLP039 T01060072
GRR,2023-06-13 08:53,10.00,12000.00,KGRR 130853Z AUTO 15004KT 10SM BKN120 10/07 A2964 RMK AO2 SLP036 T01000067 56013
GRR,2023-06-13 09:53,10.00,8500.00,KGRR 130953Z 18007KT 10SM SCT085 BKN120 BKN250 10/07 A2963 RMK AO2 SLP034 T01000072
GRR,2023-06-13 10:53,10.00,8000.00,KGRR 131053Z 00000KT 10SM FEW080 SCT120 BKN250 10/07 A2963 RMK AO2 SLP033 T01000072
GRR,2023-06-13 11:53,10.00,12000.00,KGRR 131153Z 21007KT 10SM FEW120 SCT250 12/09 A2962 RMK AO2 SLP030 T01220089 10122 20094 58005 $
GRR,2023-06-13 12:53,10.00,12000.00,KGRR 131253Z 23004KT 10SM FEW120 FEW250 14/10 A2961 RMK AO2 SLP025 T01390100
GRR,2023-06-13 13:53,10.00,12000.00,KGRR 131353Z 28006KT 10SM FEW120 FEW250 16/10 A2960 RMK AO2 SLP022 T01610100
GRR,2023-06-13 14:53,10.00,6500.00,KGRR 131453Z VRB05KT 10SM FEW065 FEW250 18/11 A2958 RMK AO2 SLP016 T01780106 57013
GRR,2023-06-13 15:53,10.00,3800.00,KGRR 131553Z 27008G15KT 10SM SCT038 19/09 A2957 RMK AO2 SLP014 T01890094
GRR,2023-06-13 16:53,10.00,4800.00,KGRR 131653Z 24010G14KT 10SM BKN048 BKN070 20/08 A2956 RMK AO2 SLP010 T02000078
GRR,2023-06-13 17:53,10.00,4600.00,KGRR 131753Z 26017G23KT 10SM SCT046 BKN070 BKN095 19/08 A2956 RMK AO2 SLP011 T01890078 10211 20122 55006
GRR,2023-06-13 18:53,10.00,3200.00,KGRR 131853Z 25013G20KT 10SM -RA FEW032 SCT045 BKN070 17/11 A2957 RMK AO2 RAB34 SLP013 P0000 T01670106
GRR,2023-06-13 19:53,10.00,3200.00,KGRR 131953Z 23014KT 10SM SCT032 OVC060 16/09 A2957 RMK AO2 RAE00 SLP014 P0000 T01560089
GRR,2023-06-13 20:53,7.00,2500.00,KGRR 132053Z 25011KT 7SM -RA BKN025 OVC032 14/11 A2957 RMK AO2 RAB14E24B31 SLP015 P0000 60000 T01390106 51003
GRR,2023-06-13 21:53,10.00,800.00,KGRR 132153Z 20008KT 10SM SCT008 BKN015 OVC065 14/12 A2955 RMK AO2 RAE27 SLP007 P0000 T01390117
GRR,2023-06-13 22:53,4.00,800.00,KGRR 132253Z 20007KT 4SM RA BR SCT008 OVC012 13/12 A2954 RMK AO2 RAB34 SLP002 P0001 T01330117
GRR,2023-06-13 23:53,9.00,600.00,KGRR 132353Z 12003KT 9SM -RA BKN006 BKN012 OVC018 13/12 A2954 RMK AO2 SLP002 P0005 60006 T01330122 10189 20133 56013
GRR,2023-06-14 00:53,9.00,800.00,KGRR 140053Z 18004KT 9SM FEW008 SCT015 BKN025 13/12 A2953 RMK AO2 RAE40 SLP000 P0001 T01330122
GRR,2023-06-14 01:53,9.00,500.00,KGRR 140153Z 07005KT 9SM SCT005 BKN014 OVC025 13/12 A2955 RMK AO2 SLP005 T01330122
GRR,2023-06-14 02:53,10.00,1300.00,KGRR 140253Z 02003KT 10SM SCT013 OVC020 13/12 A2957 RMK AO2 SLP012 60001 T01330122 53012
GRR,2023-06-14 03:53,9.00,2500.00,KGRR 140353Z 36003KT 9SM BKN025 13/12 A2957 RMK AO2 SLP013 LAST T01330122
GRR,2023-06-14 04:53,10.00,2900.00,KGRR 140453Z AUTO 34004KT 10SM SCT029 13/12 A2957 RMK AO2 SLP013 T01280117 402110094
GRR,2023-06-14 05:53,10.00,M,KGRR 140553Z AUTO 32003KT 10SM CLR 12/11 A2958 RMK AO2 SLP015 60001 T01220111 10133 20122 52003
GRR,2023-06-14 06:53,8.00,M,KGRR 140653Z AUTO 30004KT 8SM CLR 12/11 A2959 RMK AO2 SLP018 T01170111
GRR,2023-06-14 07:53,10.00,M,KGRR 140753Z AUTO 29007KT 10SM CLR 11/10 A2959 RMK AO2 SLP021 T01110100
GRR,2023-06-14 08:53,10.00,M,KGRR 140853Z AUTO 31003KT 10SM CLR 11/10 A2959 RMK AO2 SLP022 T01060100 51005
GRR,2023-06-14 09:53,10.00,15000.00,KGRR 140953Z 32006KT 10SM FEW150 FEW250 10/09 A2961 RMK AO2 SLP026 T01000094
GRR,2023-06-14 10:53,10.00,500.00,KGRR 141053Z 34003KT 10SM FEW005 FEW250 11/10 A2962 RMK AO2 SLP032 T01060100
GRR,2023-06-14 11:53,0.50,300.00,KGRR 141153Z 32003KT 1/2SM R26L/3000VP6000FT FG VV003 11/10 A2965 RMK AO2 SLP040 70007 T01060100 10122 20100 53018
GRR,2023-06-14 12:53,1.25,200.00,KGRR 141253Z 01003KT 1 1/4SM R26L/5000VP6000FT BR OVC002 12/11 A2966 RMK AO2 VIS 3/4V2 SLP045 VIS NE-SE 3/4 T01170111
GRR,2023-06-14 13:53,7.00,400.00,KGRR 141353Z 00000KT 7SM OVC004 13/11 A2968 RMK AO2 SLP052 T01280111
GRR,2023-06-14 14:53,10.00,800.00,KGRR 141453Z 35003KT 10SM SCT008 16/12 A2968 RMK AO2 SLP051 T01610122 51007
GRR,2023-06-14 15:53,10.00,2000.00,KGRR 141553Z 30004KT 10SM SCT020 19/12 A2969 RMK AO2 SLP052 T01890117
GRR,2023-06-14 16:53,10.00,3000.00,KGRR 141653Z 27004KT 10SM SCT030 21/12 A2969 RMK AO2 SLP052 T02110117
GRR,2023-06-14 17:53,10.00,3700.00,KGRR 141753Z 28006KT 10SM BKN037 21/11 A2969 RMK AO2 SLP053 T02110106 10211 20106 50002
GRR,2023-06-14 18:53,10.00,4000.00,KGRR 141853Z VRB05KT 10SM SCT040 BKN250 22/10 A2967 RMK AO2 SLP047 T02220100
GRR,2023-06-14 19:53,10.00,4500.00,KGRR 141953Z 26008KT 210V290 10SM SCT045 BKN250 23/11 A2967 RMK AO2 SLP046 T02280106
GRR,2023-06-14 20:53,10.00,4500.00,KGRR 142053Z 21008KT 10SM SCT045 BKN250 23/11 A2967 RMK AO2 SLP047 T02280106 55005
GRR,2023-06-14 21:53,10.00,4500.00,KGRR 142153Z 25007KT 10SM SCT045 BKN250 21/12 A2968 RMK AO2 SLP049 T02110122
GRR,2023-06-14 22:53,10.00,4000.00,KGRR 142253Z 27012KT 10SM FEW040 BKN250 20/12 A2969 RMK AO2 SLP051 T02000122
GRR,2023-06-14 23:53,10.00,25000.00,KGRR 142353Z 27008KT 10SM BKN250 19/12 A2969 RMK AO2 SLP055 T01890122 10228 20189 53006
GRR,2023-06-15 00:53,10.00,25000.00,KGRR 150053Z 25006KT 10SM BKN250 17/12 A2969 RMK AO2 SLP055 T01720117
GRR,2023-06-15 01:53,10.00,25000.00,KGRR 150153Z 29008KT 10SM BKN250 16/12 A2970 RMK AO2 SLP058 T01610122
GRR,2023-06-15 02:53,10.00,25000.00,KGRR 150253Z 29004KT 10SM BKN250 14/12 A2972 RMK AO2 SLP063 T01440122 53009
GRR,2023-06-15 03:53,10.00,25000.00,KGRR 150353Z 34003KT 10SM BKN250 14/12 A2972 RMK AO2 SLP062 LAST T01390117
GRR,2023-06-15 04:53,10.00,M,KGRR 150453Z AUTO 00000KT 10SM CLR 13/11 A2972 RMK AO2 SLP061 T01280111 402280100
GRR,2023-06-15 05:53,10.00,M,KGRR 150553Z AUTO 18003KT 10SM CLR 12/11 A2971 RMK AO2 SLP058 T01170106 10189 20117 58005
GRR,2023-06-15 06:53,9.00,M,KGRR 150653Z AUTO 00000KT 9SM CLR 12/11 A2970 RMK AO2 SLP054 T01170106
GRR,2023-06-15 07:53,9.00,M,KGRR 150753Z AUTO 21005KT 9SM CLR 11/09 A2970 RMK AO2 SLP055 T01060094
GRR,2023-06-15 08:53,7.00,M,KGRR 150853Z AUTO 00000KT 7SM CLR 11/11 A2969 RMK AO2 SLP052 T01110106 56005
GRR,2023-06-15 09:53,8.00,10000.00,KGRR 150953Z 23003KT 8SM SCT100 SCT250 12/11 A2970 RMK AO2 SLP058 T01170106
GRR,2023-06-15 10:53,6.00,7500.00,KGRR 151053Z 30003KT 6SM BR SCT075 BKN120 OVC250 12/12 A2972 RMK AO2 SLP064 T01220117
GRR,2023-06-15 11:53,4.00,200.00,KGRR 151153Z 00000KT 4SM -RA BR FEW002 SCT060 OVC085 13/12 A2973 RMK AO2 RAB39 SLP066 P0000 60000 T01280117 10128 20100 51013
GRR,2023-06-15 12:53,5.00,200.00,KGRR 151253Z 14004KT 5SM BR FEW002 BKN080 OVC100 13/12 A2971 RMK AO2 RAE34 SLP059 P0002 T01280122
GRR,2023-06-15 13:53,7.00,200.00,KGRR 151353Z 14003KT 7SM FEW002 BKN075 BKN100 OVC220 14/13 A2971 RMK AO2 SLP061 T01390128
GRR,2023-06-15 14:53,10.00,500.00,KGRR 151453Z 14006KT 10SM FEW005 SCT065 SCT220 16/14 A2969 RMK AO2 SLP051 60002 T01610144 58014
GRR,2023-06-15 15:53,10.00,2600.00,KGRR 151553Z 17006KT 10SM FEW026 SCT220 20/16 A2967 RMK AO2 SLP044 T02000156 $
GRR,2023-06-15 16:53,8.00,2600.00,KGRR 151653Z 23009KT 8SM SCT026 SCT220 23/16 A2965 RMK AO2 SLP040 T02330156
GRR,2023-06-15 17:53,6.00,2800.00,KGRR 151753Z 25009KT 6SM HZ BKN028 24/16 A2964 RMK AO2 SLP036 60002 T02390156 10239 20122 56014
GRR,2023-06-15 18:53,4.00,2300.00,KGRR 151853Z 29013G21KT 4SM HZ BKN023 BKN029 BKN035 21/15 A2966 RMK AO2 SLP043 T02110150
GRR,2023-06-15 19:53,5.00,1700.00,KGRR 151953Z 28009KT 5SM HZ BKN017 OVC027 20/14 A2968 RMK AO2 SLP049 T02000144
GRR,2023-06-15 20:53,7.00,1500.00,KGRR 152053Z 28013KT 7SM BKN015 BKN021 BKN031 19/14 A2968 RMK AO2 SLP051 T01890139 51013
GRR,2023-06-15 21:53,10.00,1300.00,KGRR 152153Z 30013KT 10SM OVC013 17/13 A2970 RMK AO2 SLP057 T01670128
GRR,2023-06-15 22:53,10.00,1300.00,KGRR 152253Z 31013KT 10SM OVC013 16/12 A2972 RMK AO2 SLP063 T01560117
GRR,2023-06-15 23:53,10.00,1500.00,KGRR 152353Z 32014G20KT 10SM OVC015 14/11 A2974 RMK AO2 SLP071 T01440106 10239 20144 53020
GRR,2023-06-16 00:53,10.00,1300.00,KGRR 160053Z 33011G20KT 10SM OVC013 14/10 A2976 RMK AO2 SLP079 T01390100
GRR,2023-06-16 01:53,10.00,1300.00,KGRR 160153Z 35010KT 10SM OVC013 13/10 A2978 RMK AO2 SLP084 T01330100
GRR,2023-06-16 02:53,10.00,1500.00,KGRR 160253Z 34010KT 10SM OVC015 13/09 A2979 RMK AO2 SLP089 T01330094 51018
GRR,2023-06-16 03:53,10.00,1300.00,KGRR 160353Z 34009KT 10SM OVC013 13/10 A2981 RMK AO2 SLP093 LAST T01280100
GRR,2023-06-16 04:53,10.00,1300.00,KGRR 160453Z AUTO 36006KT 10SM OVC013 13/10 A2981 RMK AO2 SLP093 T01280100 402390100
GRR,2023-06-16 05:53,10.00,1100.00,KGRR 160553Z AUTO 34006KT 10SM OVC011 13/11 A2981 RMK AO2 SLP093 T01330106 10144 20128 51006
GRR,2023-06-16 06:53,10.00,900.00,KGRR 160653Z AUTO 34004KT 10SM OVC009 13/12 A2981 RMK AO2 SLP093 T01280117
GRR,2023-06-16 07:53,10.00,1100.00,KGRR 160753Z AUTO 35007KT 10SM OVC011 13/11 A2983 RMK AO2 SLP100 T01330111
GRR,2023-06-16 08:53,10.00,1300.00,KGRR 160853Z AUTO 36006KT 10SM OVC013 14/12 A2984 RMK AO2 SLP105 T01390117 53010
GRR,2023-06-16 09:53,10.00,1300.00,KGRR 160953Z 35006KT 10SM SCT013 OVC020 14/12 A2987 RMK AO2 SLP113 T01390122
GRR,2023-06-16 10:53,10.00,1300.00,KGRR 161053Z 36007KT 10SM SCT013 OVC018 14/12 A2988 RMK AO2 SLP117 T01440122
GRR,2023-06-16 11:53,10.00,1400.00,KGRR 161153Z 01007KT 10SM FEW014 OVC021 14/12 A2989 RMK AO2 SLP121 70002 T01440122 10144 20128 51015
GRR,2023-06-16 12:53,10.00,1700.00,KGRR 161253Z 01011KT 10SM SCT017 BKN025 16/11 A2991 RMK AO2 SLP127 T01610111
GRR,2023-06-16 13:53,10.00,2100.00,KGRR 161353Z 03007KT 10SM BKN021 18/12 A2993 RMK AO2 SLP133 T01780117
GRR,2023-06-16 14:53,10.00,2100.00,KGRR 161453Z 36006KT 10SM BKN021 19/12 A2993 RMK AO2 SLP135 T01940117 51015 $
GRR,2023-06-16 15:53,10.00,2600.00,KGRR 161553Z 34007KT 10SM BKN026 20/12 A2994 RMK AO2 SLP139 T02000122 $
GRR,2023-06-16 16:53,10.00,2700.00,KGRR 161653Z 35007KT 10SM BKN027 BKN043 20/12 A2994 RMK AO2 SLP137 T02000122 $
GRR,2023-06-16 17:53,7.00,3000.00,KGRR 161753Z 02005KT 7SM BKN030 22/12 A2994 RMK AO2 SLP136 T02170122 10222 20144 51002 $
GRR,2023-06-16 18:53,6.00,3400.00,KGRR 161853Z 04008KT 6SM HZ SCT034 22/12 A2993 RMK AO2 SLP132 T02220122
GRR,2023-06-16 19:53,6.00,4000.00,KGRR 161953Z VRB03KT 6SM HZ SCT040 23/13 A2992 RMK AO2 SLP131 T02280128
GRR,2023-06-16 20:53,6.00,4200.00,KGRR 162053Z 07007KT 6SM HZ FEW042 24/13 A2991 RMK AO2 SLP127 T02440128 56008
GRR,2023-06-16 21:53,7.00,4500.00,KGRR 162153Z 03006KT 7SM FEW045 24/12 A2991 RMK AO2 SLP126 T02390122
GRR,2023-06-16 22:53,7.00,4700.00,KGRR 162253Z 02007KT 350V050 7SM FEW047 24/12 A2991 RMK AO2 SLP126 T02390122
GRR,2023-06-16 23:53,7.00,4500.00,KGRR 162353Z 36004KT 7SM FEW045 23/12 A2992 RMK AO2 SLP128 T02330122 10244 20217 53002
GRR,2023-06-17 00:53,8.00,4000.00,KGRR 170053Z 24009KT 8SM FEW040 21/13 A2994 RMK AO2 SLP137 T02060133
GRR,2023-06-17 01:53,9.00,2700.00,KGRR 170153Z 25007KT 9SM FEW027 18/13 A2995 RMK AO2 SLP141 T01830128
GRR,2023-06-17 02:53,8.00,5000.00,KGRR 170253Z 25008KT 8SM SCT050 17/12 A2996 RMK AO2 SLP145 T01720122 51015
GRR,2023-06-17 03:53,8.00,5000.00,KGRR 170353Z 24005KT 8SM FEW050 16/12 A2997 RMK AO2 SLP147 LAST T01560117
GRR,2023-06-17 04:53,8.00,4900.00,KGRR 170453Z AUTO 28004KT 8SM BKN049 16/12 A2998 RMK AO2 SLP150 T01560122 402440128
GRR,2023-06-17 05:53,8.00,M,KGRR 170553Z AUTO 30003KT 8SM CLR 15/12 A2997 RMK AO2 SLP148 T01500122 10233 20150 50003
GRR,2023-06-17 06:53,8.00,M,KGRR 170653Z AUTO 30003KT 8SM CLR 15/12 A2997 RMK AO2 SLP145 T01500122
GRR,2023-06-17 07:53,6.00,M,KGRR 170753Z AUTO 00000KT 6SM BR CLR 13/11 A2996 RMK AO2 SLP144 T01330111
GRR,2023-06-17 08:53,7.00,M,KGRR 170853Z AUTO 00000KT 7SM CLR 12/11 A2996 RMK AO2 SLP144 T01170106 56003
GRR,2023-06-17 09:53,6.00,25000.00,KGRR 170953Z 00000KT 6SM R26L/1200VP6000FT MIFG BR FEW250 11/09 A2997 RMK AO2 SLP146 T01110094
GRR,2023-06-17 10:53,4.00,M,KGRR 171053Z 28004KT 4SM MIFG BR CLR 12/11 A2998 RMK AO2 SLP151 T01220111
GRR,2023-06-17 11:53,5.00,M,KGRR 171153Z 26004KT 5SM BR CLR 13/12 A3000 RMK AO2 SLP156 T01330117 10156 20111 53011 $
GRR,2023-06-17 12:53,9.00,M,KGRR 171253Z VRB03KT 9SM CLR 17/12 A3001 RMK AO2 SLP158 T01720117 $
GRR,2023-06-17 13:53,10.00,M,KGRR 171353Z 33006KT 10SM CLR 21/08 A3001 RMK AO2 SLP159 T02060078 $
GRR,2023-06-17 14:53,10.00,M,KGRR 171453Z 31009KT 10SM CLR 22/06 A3000 RMK AO2 SLP157 T02170056 50002 $
GRR,2023-06-17 15:53,10.00,M,KGRR 171553Z 31008KT 10SM CLR 23/08 A3000 RMK AO2 SLP158 T02330078 $
GRR,2023-06-17 16:53,10.00,M,KGRR 171653Z 36009KT 10SM CLR 24/08 A2999 RMK AO2 SLP152 T02440078 $
GRR,2023-06-17 17:53,10.00,M,KGRR 171753Z 30009G16KT 10SM CLR 26/10 A2997 RMK AO2 SLP144 T02560100 10256 20133 58012 $
GRR,2023-06-17 18:53,10.00,22000.00,KGRR 171853Z 33009G15KT 10SM FEW220 26/11 A2995 RMK AO2 SLP139 T02610106 $
GRR,2023-06-17 19:53,9.00,M,KGRR 171953Z 36008KT 9SM CLR 27/10 A2993 RMK AO2 SLP134 T02670100 $
GRR,2023-06-17 20:53,9.00,6500.00,KGRR 172053Z VRB05KT 9SM FEW065 27/11 A2993 RMK AO2 SLP132 T02670106 56013 $
GRR,2023-06-17 21:53,8.00,6000.00,KGRR 172153Z 31009KT 8SM FEW060 27/14 A2992 RMK AO2 SLP130 T02670139 $
GRR,2023-06-17 22:53,8.00,6000.00,KGRR 172253Z 27010KT 8SM FEW060 FEW250 24/14 A2992 RMK AO2 SLP129 T02440139 $
GRR,2023-06-17 23:53,8.00,25000.00,KGRR 172353Z 29008KT 8SM FEW250 23/13 A2992 RMK AO2 SLP130 T02280128 10272 20228 55003 $
GRR,2023-06-18 00:53,8.00,14000.00,KGRR 180053Z 29007KT 8SM FEW140 FEW250 21/12 A2992 RMK AO2 SLP129 T02110122 $
GRR,2023-06-18 01:53,9.00,8000.00,KGRR 180153Z 28005KT 9SM FEW080 FEW130 20/12 A2993 RMK AO2 SLP130 T02000122 $
GRR,2023-06-18 02:53,8.00,M,KGRR 180253Z 27005KT 8SM CLR 19/12 A2993 RMK AO2 SLP132 T01890122 53004 $
GRR,2023-06-18 03:53,8.00,M,KGRR 180353Z 28003KT 8SM CLR 18/12 A2993 RMK AO2 SLP132 LAST T01780122 $
GRR,2023-06-18 04:53,7.00,M,KGRR 180453Z AUTO 25004KT 7SM CLR 17/12 A2994 RMK AO2 SLP133 T01670122 402720111 $
GRR,2023-06-18 05:53,8.00,M,KGRR 180553Z AUTO 30003KT 8SM CLR 16/12 A2993 RMK AO2 SLP131 T01610117 10228 20161 58001 $
GRR,2023-06-18 06:53,8.00,M,KGRR 180653Z AUTO 26003KT 8SM CLR 16/12 A2992 RMK AO2 SLP128 T01560117 $
GRR,2023-06-18 07:53,8.00,M,KGRR 180753Z AUTO 00000KT 8SM CLR 14/11 A2991 RMK AO2 SLP126 T01390106 $
GRR,2023-06-18 08:53,7.00,M,KGRR 180853Z AUTO 00000KT 7SM CLR 12/11 A2992 RMK AO2 SLP127 T01220106 55004 $
GRR,2023-06-18 09:53,6.00,M,KGRR 180953Z 12003KT 6SM MIFG BR CLR 11/09 A2991 RMK AO2 SLP125 T01110094 $
GRR,2023-06-18 10:53,4.00,M,KGRR 181053Z 11004KT 4SM BR CLR 12/11 A2990 RMK AO2 SLP124 T01170106 $
GRR,2023-06-18 11:53,5.00,25000.00,KGRR 181153Z 00000KT 5SM HZ SCT250 15/12 A2990 RMK AO2 SLP122 T01500122 10161 20111 56005 $
GRR,2023-06-18 12:53,6.00,25000.00,KGRR 181253Z 16004KT 6SM HZ FEW250 17/13 A2992 RMK AO2 SLP128 T01720133 $
GRR,2023-06-18 13:53,7.00,M,KGRR 181353Z 18007KT 7SM CLR 22/14 A2993 RMK AO2 SLP131 T02220139 $
GRR,2023-06-18 14:53,8.00,M,KGRR 181453Z VRB03KT 8SM CLR 24/13 A2991 RMK AO2 SLP126 T02390128 50005 $
GRR,2023-06-18 15:53,9.00,M,KGRR 181553Z VRB04KT 9SM CLR 26/12 A2990 RMK AO2 SLP122 T02560117 $
GRR,2023-06-18 16:53,8.00,25000.00,KGRR 181653Z 25004KT 8SM SCT250 27/10 A2988 RMK AO2 SLP115 T02720100 $
GRR,2023-06-18 17:53,7.00,25000.00,KGRR 181753Z 14009G16KT 7SM BKN250 28/09 A2988 RMK AO2 SLP112 T02830089 10283 20150 56013 $
GRR,2023-06-18 18:53,7.00,25000.00,KGRR 181853Z 08006KT 7SM BKN250 28/09 A2986 RMK AO2 SLP107 T02830089 $
GRR,2023-06-18 19:53,8.00,25000.00,KGRR 181953Z VRB06KT 8SM BKN250 28/08 A2985 RMK AO2 SLP105 T02830083 $
GRR,2023-06-18 20:53,8.00,25000.00,KGRR 182053Z 15008KT 8SM BKN250 29/09 A2985 RMK AO2 SLP103 T02890094 56009 $
GRR,2023-06-18 21:53,8.00,7500.00,KGRR 182153Z 18009KT 8SM FEW075 BKN250 29/10 A2984 RMK AO2 SLP102 T02890100 $
GRR,2023-06-18 22:53,8.00,7500.00,KGRR 182253Z 14007KT 8SM FEW075 BKN250 28/11 A2982 RMK AO2 SLP094 T02830106 $
GRR,2023-06-18 23:53,8.00,25000.00,KGRR 182353Z 13003KT 8SM BKN250 27/11 A2981 RMK AO2 SLP091 T02720106 10289 20272 58012 $
GRR,2023-06-19 00:53,8.00,25000.00,KGRR 190053Z VRB06KT 8SM BKN250 26/12 A2983 RMK AO2 SLP096 T02560122 $
GRR,2023-06-19 01:53,9.00,25000.00,KGRR 190153Z VRB03KT 9SM BKN250 23/12 A2984 RMK AO2 SLP101 T02280122 $
GRR,2023-06-19 02:53,9.00,25000.00,KGRR 190253Z VRB03KT 9SM BKN250 20/12 A2986 RMK AO2 SLP106 T02000122 51015 $
GRR,2023-06-19 03:53,9.00,25000.00,KGRR 190353Z VRB03KT 9SM BKN250 20/12 A2987 RMK AO2 SLP112 LAST T02000117 $
GRR,2023-06-19 04:53,10.00,M,KGRR 190453Z AUTO 16003KT 10SM CLR 20/10 A2988 RMK AO2 SLP115 T02000100 402890111 $
GRR,2023-06-19 05:53,10.00,M,KGRR 190553Z AUTO 11003KT 10SM CLR 18/10 A2989 RMK AO2 SLP115 T01830100 10272 20178 51009 $
GRR,2023-06-19 06:53,10.00,M,KGRR 190653Z AUTO 14005KT 10SM CLR 17/09 A2989 RMK AO2 SLP116 T01720094 $
GRR,2023-06-19 07:53,10.00,M,KGRR 190753Z AUTO 13003KT 10SM CLR 16/09 A2989 RMK AO2 SLP117 T01610089 $
GRR,2023-06-19 08:53,10.00,M,KGRR 190853Z AUTO 07003KT 10SM CLR 14/10 A2989 RMK AO2 SLP118 T01440100 51002 $
GRR,2023-06-19 09:53,10.00,25000.00,KGRR 190953Z 06004KT 10SM BKN250 14/09 A2990 RMK AO2 SLP122 T01440089 $
GRR,2023-06-19 10:53,10.00,25000.00,KGRR 191053Z 00000KT 10SM BKN250 15/09 A2992 RMK AO2 SLP126 T01500089 $
GRR,2023-06-19 11:53,10.00,25000.00,KGRR 191153Z 09006KT 10SM BKN250 17/10 A2993 RMK AO2 SLP130 T01720100 10183 20139 53012 $
GRR,2023-06-19 12:53,10.00,25000.00,KGRR 191253Z 11005KT 10SM SCT250 21/08 A2993 RMK AO2 SLP130 T02110083 $
GRR,2023-06-19 13:53,10.00,25000.00,KGRR 191353Z 04007KT 10SM SCT250 22/11 A2994 RMK AO2 SLP133 T02220106 $
GRR,2023-06-19 14:53,10.00,25000.00,KGRR 191453Z 08007KT 10SM SCT250 24/11 A2994 RMK AO2 SLP135 T02440106 53005 $
GRR,2023-06-19 15:53,10.00,25000.00,KGRR 191553Z 06009KT 10SM BKN250 26/10 A2995 RMK AO2 SLP137 T02610100 $
GRR,2023-06-19 16:53,10.00,25000.00,KGRR 191653Z 06013KT 10SM BKN250 28/09 A2996 RMK AO2 SLP139 T02830089 $
GRR,2023-06-19 17:53,10.00,25000.00,KGRR 191753Z 07017G23KT 10SM BKN250 29/06 A2996 RMK AO2 SLP142 T02890056 10289 20172 51006 $
GRR,2023-06-19 18:53,10.00,25000.00,KGRR 191853Z 06010KT 10SM BKN250 29/05 A2996 RMK AO2 SLP140 T02940050 $
GRR,2023-06-19 19:53,10.00,25000.00,KGRR 191953Z 05012G17KT 10SM BKN250 29/04 A2995 RMK AO2 SLP138 T02940044 $
GRR,2023-06-19 20:53,10.00,25000.00,KGRR 192053Z 05007G18KT 10SM BKN250 29/04 A2995 RMK AO2 SLP137 T02940039 56005 $
GRR,2023-06-19 21:53,10.00,25000.00,KGRR 192153Z 05011KT 10SM BKN250 29/05 A2994 RMK AO2 SLP134 T02940050 $
GRR,2023-06-19 22:53,10.00,25000.00,KGRR 192253Z 06011KT 10SM BKN250 29/08 A2994 RMK AO2 SLP135 T02890078 $
GRR,2023-06-19 23:53,10.00,25000.00,KGRR 192353Z 06009KT 10SM BKN250 28/08 A2995 RMK AO2 SLP139 T02780083 10300 20278 53002 $
GRR,2023-06-20 00:53,10.00,25000.00,KGRR 200053Z 06007KT 10SM BKN250 26/08 A2997 RMK AO2 SLP143 T02560078 $
GRR,2023-06-20 01:53,10.00,25000.00,KGRR 200153Z 04010KT 10SM SCT250 23/09 A2999 RMK AO2 SLP150 T02330094 $
GRR,2023-06-20 02:53,9.00,25000.00,KGRR 200253Z 06008KT 9SM SCT250 22/10 A3001 RMK AO2 SLP159 T02220100 53019 $
GRR,2023-06-20 03:53,9.00,25000.00,KGRR 200353Z 06009KT 9SM FEW250 21/10 A3003 RMK AO2 SLP164 LAST T02060100 $
GRR,2023-06-20 04:53,9.00,M,KGRR 200453Z AUTO 06006KT 9SM CLR 19/10 A3004 RMK AO2 SLP167 T01890100 403000139 $
GRR,2023-06-20 05:53,10.00,M,KGRR 200553Z AUTO 05005KT 10SM CLR 18/10 A3004 RMK AO2 SLP167 T01830100 10278 20183 51008 $
GRR,2023-06-20 06:53,10.00,M,KGRR 200653Z AUTO 05006KT 10SM CLR 18/10 A3004 RMK AO2 SLP169 T01780100 $
GRR,2023-06-20 07:53,10.00,M,KGRR 200753Z AUTO 06006KT 10SM CLR 17/10 A3004 RMK AO2 SLP169 T01670100 $
GRR,2023-06-20 08:53,10.00,M,KGRR 200853Z AUTO 06007KT 10SM CLR 16/11 A3005 RMK AO2 SLP170 T01610106 51003 $
GRR,2023-06-20 09:53,9.00,25000.00,KGRR 200953Z 06006KT 9SM FEW250 15/11 A3006 RMK AO2 SLP175 T01500106 $
GRR,2023-06-20 10:53,8.00,25000.00,KGRR 201053Z 06006KT 8SM FEW250 16/12 A3007 RMK AO2 SLP177 T01610117 $
GRR,2023-06-20 11:53,9.00,25000.00,KGRR 201153Z 04010KT 9SM FEW250 18/12 A3008 RMK AO2 SLP182 T01780122 10183 20150 53012 $
GRR,2023-06-20 12:53,10.00,25000.00,KGRR 201253Z 06010KT 10SM FEW250 20/12 A3008 RMK AO2 SLP182 T02000122 $
GRR,2023-06-20 13:53,10.00,25000.00,KGRR 201353Z 06008KT 10SM FEW250 22/13 A3008 RMK AO2 SLP182 T02220133 $
GRR,2023-06-20 14:53,10.00,M,KGRR 201453Z 06009KT 10SM CLR 25/14 A3009 RMK AO2 SLP184 T02500144 53002 $
GRR,2023-06-20 15:53,10.00,M,KGRR 201553Z 08011KT 10SM CLR 27/14 A3008 RMK AO2 SLP180 T02670144 $
GRR,2023-06-20 16:53,10.00,7000.00,KGRR 201653Z 08012G20KT 10SM FEW070 29/15 A3008 RMK AO2 SLP182 T02890150 $
GRR,2023-06-20 17:53,10.00,M,KGRR 201753Z 08015G21KT 10SM CLR 29/16 A3008 RMK AO2 SLP180 T02940156 10300 20178 56003 $
GRR,2023-06-20 18:53,10.00,5000.00,KGRR 201853Z 09015G23KT 10SM FEW050 31/16 A3007 RMK AO2 SLP179 T03110161 $
GRR,2023-06-20 19:53,10.00,6000.00,KGRR 201953Z 08012G23KT 10SM FEW060 31/16 A3007 RMK AO2 SLP177 T03110161 $
GRR,2023-06-20 20:53,10.00,6000.00,KGRR 202053Z 07013KT 10SM SCT060 32/16 A3005 RMK AO2 SLP172 T03220161 58007 $
GRR,2023-06-20 21:53,9.00,6500.00,KGRR 202153Z 11013KT 9SM SCT065 32/15 A3005 RMK AO2 SLP170 T03170150 $
GRR,2023-06-20 22:53,10.00,6500.00,KGRR 202253Z 13010KT 10SM SCT065 31/16 A3005 RMK AO2 SLP171 T03110156 $
GRR,2023-06-20 23:53,10.00,6500.00,KGRR 202353Z COR 07010KT 10SM SCT065 BKN100 29/16 A3006 RMK AO2 SLP176 T02890161 10322 20289 53003 $
GRR,2023-06-21 00:53,10.00,6500.00,KGRR 210053Z 07011KT 10SM FEW065 SCT100 BKN250 28/17 A3007 RMK AO2 SLP179 T02780172 $
GRR,2023-06-21 01:53,10.00,10000.00,KGRR 210153Z 08009KT 10SM FEW100 SCT250 26/17 A3009 RMK AO2 SLP186 T02560167 $
GRR,2023-06-21 02:53,10.00,25000.00,KGRR 210253Z 07008KT 10SM FEW250 24/16 A3012 RMK AO2 SLP193 T02440161 53017 $
GRR,2023-06-21 03:53,10.00,M,KGRR 210353Z 07006KT 10SM CLR 23/16 A3013 RMK AO2 SLP197 LAST T02280161 $
GRR,2023-06-21 04:53,10.00,M,KGRR 210453Z AUTO 08005KT 10SM CLR 21/16 A3013 RMK AO2 SLP196 T02110156 403220150 $
GRR,2023-06-21 05:53,10.00,M,KGRR 210553Z AUTO 06005KT 10SM CLR 21/16 A3013 RMK AO2 SLP197 T02060156 10289 20206 51004 $
GRR,2023-06-21 06:53,10.00,M,KGRR 210653Z AUTO 06006KT 10SM CLR 19/16 A3014 RMK AO2 SLP200 T01940156 $
GRR,2023-06-21 07:53,10.00,M,KGRR 210753Z AUTO 06006KT 10SM CLR 19/16 A3015 RMK AO2 SLP205 T01890156 $
GRR,2023-06-21 08:53,10.00,M,KGRR 210853Z AUTO 06006KT 10SM CLR 18/15 A3016 RMK AO2 SLP206 T01830150 51009 $
GRR,2023-06-21 09:53,10.00,M,KGRR 210953Z 07007KT 10SM CLR 18/15 A3016 RMK AO2 SLP208 T01780150 $
GRR,2023-06-21 10:53,9.00,M,KGRR 211053Z 07006KT 9SM CLR 18/16 A3017 RMK AO2 SLP212 T01780156 $
GRR,2023-06-21 11:53,10.00,M,KGRR 211153Z 08006KT 10SM CLR 20/15 A3019 RMK AO2 SLP216 T02000150 10206 20178 53010 $
GRR,2023-06-21 12:53,10.00,M,KGRR 211253Z 10009KT 10SM CLR 22/15 A3018 RMK AO2 SLP216 T02220150
GRR,2023-06-21 13:53,10.00,M,KGRR 211353Z 09006KT 10SM CLR 25/16 A3018 RMK AO2 SLP215 T02500156 CHINO RWY 8R VISNO RWY 8R $
GRR,2023-06-21 14:53,10.00,M,KGRR 211453Z 04009KT 10SM CLR 27/17 A3017 RMK AO2 SLP212 T02720172 CHINO RWY 8R VISNO RWY 8R $
GRR,2023-06-21 15:53,10.00,M,KGRR 211553Z 09011KT 10SM CLR 29/17 A3016 RMK AO2 SLP207 T02940167 $
GRR,2023-06-21 16:53,10.00,M,KGRR 211653Z 11013G22KT 10SM CLR 31/15 A3014 RMK AO2 SLP201 T03060150 $
GRR,2023-06-21 17:53,10.00,7000.00,KGRR 211753Z 08013G22KT 10SM FEW070 31/13 A3012 RMK AO2 SLP194 T03110133 10311 20200 58017 $
GRR,2023-06-21 18:53,10.00,7000.00,KGRR 211853Z 07014G22KT 10SM FEW070 SCT250 32/13 A3011 RMK AO2 SLP189 T03170128 $
GRR,2023-06-21 19:53,10.00,8000.00,KGRR 211953Z 07010KT 10SM SCT080 BKN250 31/12 A3010 RMK AO2 SLP188 T03110117 $
GRR,2023-06-21 20:53,10.00,8500.00,KGRR 212053Z 05010KT 10SM SCT085 SCT250 32/12 A3010 RMK AO2 SLP188 T03220117 56007 $
GRR,2023-06-21 21:53,10.00,9000.00,KGRR 212153Z 02010KT 10SM FEW090 SCT250 32/11 A3010 RMK AO2 SLP186 T03220111 $
GRR,2023-06-21 22:53,10.00,8500.00,KGRR 212253Z 03007KT 10SM FEW085 31/11 A3009 RMK AO2 SLP182 T03110106 $
GRR,2023-06-21 23:53,10.00,9000.00,KGRR 212353Z 06009KT 10SM SCT090 30/12 A3009 RMK AO2 SLP183 T03000122 10328 20300 55005 $
GRR,2023-06-22 00:53,10.00,8000.00,KGRR 220053Z 05010KT 10SM BKN080 28/14 A3009 RMK AO2 SLP185 T02830144 $
GRR,2023-06-22 01:53,10.00,7000.00,KGRR 220153Z 05007KT 10SM BKN070 BKN100 27/15 A3010 RMK AO2 SLP186 T02670150 $
GRR,2023-06-22 02:53,10.00,7000.00,KGRR 220253Z 07009KT 10SM BKN070 BKN100 26/14 A3011 RMK AO2 SLP189 T02610139 53006 $
GRR,2023-06-22 03:53,10.00,7000.00,KGRR 220353Z 07006KT 10SM BKN070 23/14 A3011 RMK AO2 SLP190 LAST T02330139 $
GRR,2023-06-22 04:53,10.00,M,KGRR 220453Z AUTO 05006KT 10SM CLR 22/14 A3010 RMK AO2 SLP186 T02220139 403280178 $
GRR,2023-06-22 05:53,10.00,M,KGRR 220553Z AUTO 05004KT 10SM CLR 21/14 A3010 RMK AO2 SLP185 T02060139 10300 20206 58003 $
GRR,2023-06-22 06:53,10.00,M,KGRR 220653Z AUTO 04005KT 10SM CLR 18/13 A3009 RMK AO2 SLP182 T01830133 $
GRR,2023-06-22 07:53,10.00,M,KGRR 220753Z AUTO 08005KT 10SM CLR 18/14 A3008 RMK AO2 SLP180 T01780139 $
GRR,2023-06-22 08:53,10.00,M,KGRR 220853Z AUTO 08005KT 10SM CLR 18/14 A3009 RMK AO2 SLP182 T01780139 55004 $
GRR,2023-06-22 09:53,10.00,25000.00,KGRR 220953Z 03004KT 10SM FEW250 17/13 A3010 RMK AO2 SLP186 T01670133 $
GRR,2023-06-22 10:53,10.00,25000.00,KGRR 221053Z 05005KT 10SM FEW250 17/14 A3011 RMK AO2 SLP191 T01720139 $
GRR,2023-06-22 11:53,10.00,25000.00,KGRR 221153Z 05006KT 10SM FEW250 19/14 A3012 RMK AO2 SLP193 T01940139 10206 20167 51010
GRR,2023-06-22 12:53,9.00,25000.00,KGRR 221253Z 06004KT 9SM R26L/6000VP6000FT FEW250 21/14 A3012 RMK AO2 SLP193 T02110139
GRR,2023-06-22 13:53,9.00,25000.00,KGRR 221353Z 05004KT 9SM FEW250 23/14 A3010 RMK AO2 SLP187 T02280144
GRR,2023-06-22 14:53,9.00,25000.00,KGRR 221453Z 04006KT 9SM FEW250 25/15 A3009 RMK AO2 SLP183 T02500150 58010
GRR,2023-06-22 15:53,8.00,M,KGRR 221553Z 10008KT 060V130 8SM CLR 27/14 A3008 RMK AO2 SLP179 T02720144 $
GRR,2023-06-22 16:53,10.00,4800.00,KGRR 221653Z 07013G18KT 10SM SCT048 28/14 A3006 RMK AO2 SLP174 T02780144 $
GRR,2023-06-22 17:53,10.00,5500.00,KGRR 221753Z 07008G18KT 10SM FEW055 SCT075 SCT250 29/14 A3005 RMK AO2 SLP169 T02890139 10289 20194 58014 $
GRR,2023-06-22 18:53,10.00,6000.00,KGRR 221853Z 08013KT 10SM SCT060 BKN075 27/14 A3003 RMK AO2 SLP164 T02720139 $
GRR,2023-06-22 19:53,10.00,5500.00,KGRR 221953Z 08010KT 10SM FEW055 OVC080 27/13 A3001 RMK AO2 SLP159 T02670133 $
GRR,2023-06-22 20:53,10.00,8000.00,KGRR 222053Z 07009KT 10SM OVC080 27/14 A3001 RMK AO2 SLP157 T02720139 56013 $
GRR,2023-06-22 21:53,10.00,8000.00,KGRR 222153Z 06006KT 10SM OVC080 26/14 A3000 RMK AO2 SLP154 T02610139 $
GRR,2023-06-22 22:53,10.00,6500.00,KGRR 222253Z 05007KT 10SM SCT065 BKN085 OVC100 27/14 A2999 RMK AO2 SLP150 T02670139 $
GRR,2023-06-22 23:53,10.00,7000.00,KGRR 222353Z 08007KT 10SM FEW070 BKN085 BKN100 26/13 A2998 RMK AO2 SLP149 T02610133 10294 20261 56008 $
GRR,2023-06-23 00:53,10.00,8000.00,KGRR 230053Z 08005KT 10SM SCT080 OVC120 25/13 A2998 RMK AO2 SLP146 T02500133 $
GRR,2023-06-23 01:53,10.00,8000.00,KGRR 230153Z 10005KT 10SM FEW080 SCT120 22/14 A2997 RMK AO2 SLP144 T02220139 $
GRR,2023-06-23 02:53,10.00,8000.00,KGRR 230253Z 00000KT 10SM FEW080 22/13 A2998 RMK AO2 SLP148 T02220133 55001 $
GRR,2023-06-23 03:53,10.00,10000.00,KGRR 230353Z 05004KT 10SM FEW100 20/14 A2998 RMK AO2 SLP149 LAST T02000139 $
GRR,2023-06-23 04:53,10.00,M,KGRR 230453Z AUTO 08004KT 10SM CLR 19/13 A2999 RMK AO2 SLP150 T01890133 402940167 $
GRR,2023-06-23 05:53,10.00,M,KGRR 230553Z AUTO 00000KT 10SM CLR 18/13 A2998 RMK AO2 SLP149 T01830133 10261 20183 50001 $
GRR,2023-06-23 06:53,10.00,M,KGRR 230653Z AUTO 00000KT 10SM CLR 18/13 A2998 RMK AO2 SLP147 T01780128 $
GRR,2023-06-23 07:53,10.00,7000.00,KGRR 230753Z AUTO 06003KT 10SM OVC070 18/13 A2997 RMK AO2 SLP143 T01830133 $
GRR,2023-06-23 08:53,10.00,7000.00,KGRR 230853Z AUTO 00000KT 10SM OVC070 18/14 A2996 RMK AO2 SLP140 T01830139 58008 $
GRR,2023-06-23 09:53,10.00,6000.00,KGRR 230953Z 00000KT 10SM BKN060 OVC075 18/14 A2996 RMK AO2 SLP140 T01830139 $
GRR,2023-06-23 10:53,10.00,5500.00,KGRR 231053Z 07004KT 10SM BKN055 OVC070 19/13 A2997 RMK AO2 SLP144 T01890133 $
GRR,2023-06-23 11:53,10.00,5500.00,KGRR 231153Z 07004KT 10SM BKN055 OVC080 19/13 A2997 RMK AO2 SLP146 T01940133 10194 20172 53005
GRR,2023-06-23 12:53,10.00,5500.00,KGRR 231253Z 06003KT 10SM BKN055 OVC080 21/14 A2998 RMK AO2 SLP147 T02060139
GRR,2023-06-23 13:53,10.00,5000.00,KGRR 231353Z 06004KT 10SM FEW050 BKN085 22/14 A2997 RMK AO2 SLP144 T02220139
GRR,2023-06-23 14:53,10.00,5000.00,KGRR 231453Z 36005KT 10SM FEW050 SCT090 26/14 A2996 RMK AO2 SLP141 T02560144 58005
GRR,2023-06-23 15:53,10.00,4600.00,KGRR 231553Z 08007KT 10SM SCT046 BKN090 26/14 A2995 RMK AO2 SLP139 T02610144
GRR,2023-06-23 16:53,10.00,4800.00,KGRR 231653Z 05008KT 10SM BKN048 BKN090 27/14 A2995 RMK AO2 SLP138 T02670139
GRR,2023-06-23 17:53,10.00,5000.00,KGRR 231753Z 08011KT 10SM BKN050 OVC065 27/14 A2995 RMK AO2 SLP137 T02670139 10278 20194 56004
GRR,2023-06-23 18:53,10.00,5500.00,KGRR 231853Z 02008KT 10SM SCT055 BKN070 OVC080 27/14 A2994 RMK AO2 SLP134 T02720144
GRR,2023-06-23 19:53,10.00,6000.00,KGRR 231953Z 05008KT 10SM SCT060 BKN080 28/15 A2993 RMK AO2 SLP132 T02780150
GRR,2023-06-23 20:53,10.00,6000.00,KGRR 232053Z 35007KT 330V040 10SM BKN060 BKN080 BKN250 28/14 A2992 RMK AO2 SLP126 T02780144 58010
GRR,2023-06-23 21:53,10.00,6000.00,KGRR 232153Z 09009KT 10SM BKN060 BKN080 27/16 A2991 RMK AO2 SLP122 T02670156
GRR,2023-06-23 22:53,10.00,5000.00,KGRR 232253Z 09010KT 10SM FEW050 BKN065 26/17 A2990 RMK AO2 SLP119 T02560167
GRR,2023-06-23 23:53,10.00,5000.00,KGRR 232353Z 09007KT 10SM FEW050 BKN060 24/17 A2991 RMK AO2 SLP124 T02440167 10283 20244 55002
GRR,2023-06-24 00:53,10.00,4000.00,KGRR 240053Z 09005KT 10SM FEW040 BKN065 24/16 A2992 RMK AO2 SLP127 T02390161
GRR,2023-06-24 01:53,10.00,3000.00,KGRR 240153Z 06004KT 10SM FEW030 BKN060 23/16 A2993 RMK AO2 SLP130 T02330161
GRR,2023-06-24 02:53,10.00,6000.00,KGRR 240253Z 21003KT 10SM SCT060 OVC075 23/17 A2994 RMK AO2 SLP133 T02280167 53010
GRR,2023-06-24 03:53,10.00,7500.00,KGRR 240353Z 00000KT 10SM OVC075 23/17 A2993 RMK AO2 SLP129 LAST T02280167
GRR,2023-06-24 04:53,10.00,7500.00,KGRR 240453Z AUTO 00000KT 10SM OVC075 22/17 A2993 RMK AO2 SLP129 T02220167 402830172
GRR,2023-06-24 05:53,10.00,7500.00,KGRR 240553Z AUTO 00000KT 10SM BKN075 OVC090 22/17 A2992 RMK AO2 SLP127 T02170172 10244 20211 56006
GRR,2023-06-24 06:53,10.00,9500.00,KGRR 240653Z AUTO 07004KT 10SM OVC095 21/17 A2992 RMK AO2 SLP125 T02110172
GRR,2023-06-24 07:53,10.00,9000.00,KGRR 240753Z AUTO 00000KT 10SM OVC090 21/17 A2990 RMK AO2 SLP121 T02060172
GRR,2023-06-24 08:53,10.00,8000.00,KGRR 240853Z AUTO 00000KT 10SM BKN080 OVC110 21/17 A2991 RMK AO2 SLP122 T02060172 55005
GRR,2023-06-24 09:53,10.00,8500.00,KGRR 240953Z 21003KT 10SM BKN085 BKN110 BKN250 20/17 A2991 RMK AO2 SLP125 T02000172
GRR,2023-06-24 10:53,10.00,8500.00,KGRR 241053Z 22004KT 10SM BKN085 BKN110 BKN250 19/17 A2992 RMK AO2 SLP126 T01940172
GRR,2023-06-24 11:53,10.00,8500.00,KGRR 241153Z 26005KT 10SM BKN085 BKN110 BKN250 22/17 A2994 RMK AO2 SLP134 T02170172 10217 20194 53011
GRR,2023-06-24 12:53,10.00,9500.00,KGRR 241253Z 26006KT 10SM OVC095 22/17 A2995 RMK AO2 SLP139 T02220167
GRR,2023-06-24 13:53,10.00,9500.00,KGRR 241353Z 25005KT 10SM BKN095 24/16 A2995 RMK AO2 SLP136 T02390161
GRR,2023-06-24 14:53,10.00,9000.00,KGRR 241453Z 28006KT 10SM SCT090 27/16 A2994 RMK AO2 SLP133 T02670156 58000
GRR,2023-06-24 15:53,10.00,11000.00,KGRR 241553Z 36005KT 10SM FEW110 28/15 A2992 RMK AO2 SLP127 T02830150
GRR,2023-06-24 16:53,10.00,3500.00,KGRR 241653Z 35005KT 10SM FEW035 FEW110 29/14 A2992 RMK AO2 SLP124 T02940144
GRR,2023-06-24 17:53,10.00,3500.00,KGRR 241753Z 20005KT 10SM FEW035 FEW075 29/13 A2991 RMK AO2 SLP123 T02940128 10300 20217 56010
GRR,2023-06-24 18:53,10.00,4000.00,KGRR 241853Z 33007KT 10SM FEW040 FEW080 SCT250 32/13 A2991 RMK AO2 SLP122 T03170128
GRR,2023-06-24 19:53,10.00,7000.00,KGRR 241953Z 30007KT 10SM SCT070 SCT250 31/13 A2989 RMK AO2 SLP115 T03060133
GRR,2023-06-24 20:53,10.00,7000.00,KGRR 242053Z 26011G20KT 10SM SCT070 31/14 A2987 RMK AO2 SLP110 T03110144 58012
GRR,2023-06-24 21:53,10.00,7000.00,KGRR 242153Z 28008KT 10SM FEW070 FEW250 30/14 A2987 RMK AO2 SLP109 T03000144
GRR,2023-06-24 22:53,10.00,7000.00,KGRR 242253Z 25006KT 10SM FEW070 SCT250 29/14 A2986 RMK AO2 SLP106 T02940144
GRR,2023-06-24 23:53,10.00,7000.00,KGRR 242353Z 25005KT 10SM FEW070 SCT250 29/14 A2986 RMK AO2 SLP105 T02890144 10322 20289 56006
GRR,2023-06-25 00:53,10.00,7000.00,KGRR 250053Z 22004KT 10SM FEW070 BKN250 28/14 A2986 RMK AO2 SLP106 T02780144
GRR,2023-06-25 01:53,10.00,25000.00,KGRR 250153Z 25005KT 10SM SCT250 26/15 A2987 RMK AO2 SLP110 T02610150
GRR,2023-06-25 02:53,10.00,25000.00,KGRR 250253Z 23003KT 10SM FEW250 24/15 A2987 RMK AO2 SLP110 T02440150 51005
GRR,2023-06-25 03:53,10.00,25000.00,KGRR 250353Z 00000KT 10SM FEW250 21/16 A2987 RMK AO2 SLP107 LAST T02110156
GRR,2023-06-25 04:53,10.00,M,KGRR 250453Z AUTO 00000KT 10SM CLR 20/16 A2986 RMK AO2 SLP105 T02000156 403220194
GRR,2023-06-25 05:53,10.00,M,KGRR 250553Z AUTO 12003KT 10SM CLR 19/16 A2984 RMK AO2 SLP099 T01890156 10289 20189 58010
GRR,2023-06-25 06:53,10.00,M,KGRR 250653Z AUTO 00000KT 10SM CLR 19/16 A2983 RMK AO2 SLP096 T01890156
GRR,2023-06-25 07:53,10.00,7000.00,KGRR 250753Z AUTO 00000KT 10SM SCT070 19/16 A2982 RMK AO2 SLP092 T01890156
GRR,2023-06-25 08:53,10.00,M,KGRR 250853Z AUTO 15003KT 10SM CLR 20/15 A2979 RMK AO2 SLP082 T02000150 58017
GRR,2023-06-25 09:53,10.00,4800.00,KGRR 250953Z 23013G20KT 10SM FEW048 SCT060 BKN140 OVC240 22/15 A2983 RMK AO2 SLP093 T02170150
GRR,2023-06-25 10:53,9.00,4800.00,KGRR 251053Z 14014KT 9SM -RA SCT048 BKN100 OVC160 21/17 A2972 RMK AO2 WSHFT 1031 RAB20 SLP059 P0000 T02110167 /
GRR,2023-06-25 11:53,9.00,8500.00,KGRR 251153Z VRB03KT 9SM FEW085 BKN110 OVC220 21/17 A2973 RMK AO2 RAE00 SLP060 P0000 60000 T02110167 10217 20178 55034 $
GRR,2023-06-25 12:53,10.00,9000.00,KGRR 251253Z 12003KT 10SM BKN090 OVC240 22/17 A2972 RMK AO2 SLP056 T02170167 $
GRR,2023-06-25 13:53,9.00,9500.00,KGRR 251353Z 19009KT 9SM SCT095 BKN240 23/17 A2971 RMK AO2 SLP055 T02330172 $
GRR,2023-06-25 14:53,10.00,7000.00,KGRR 251453Z 18013KT 10SM FEW070 SCT090 BKN240 26/17 A2969 RMK AO2 SLP050 T02560167 58010 $
GRR,2023-06-25 15:53,10.00,4100.00,KGRR 251553Z 17012KT 10SM FEW041 BKN060 BKN090 OVC180 27/17 A2968 RMK AO2 SLP046 T02670167 $
GRR,2023-06-25 16:53,10.00,3300.00,KGRR 251653Z 18012KT 10SM BKN033 OVC040 26/17 A2967 RMK AO2 SLP043 T02610172 /
GRR,2023-06-25 17:53,10.00,3700.00,KGRR 251753Z 18012G23KT 10SM BKN037 28/18 A2963 RMK AO2 SLP030 T02830183 10289 20211 58020 $
GRR,2023-06-25 18:53,10.00,3500.00,KGRR 251853Z 17012G20KT 10SM BKN035 28/19 A2959 RMK AO2 LTG DSNT SW SLP014 T02830194 $
GRR,2023-06-25 19:53,10.00,3700.00,KGRR 251953Z 16011KT 10SM -RA SCT037 SCT060 BKN075 OVC250 27/19 A2955 RMK AO2 LTG DSNT ALQDS RAB50 PRESFR SLP001 CB DSNT NE AND DSNT S-W MOV NE P0000 T02670194 /
GRR,2023-06-25 20:53,5.00,2600.00,KGRR 252053Z 14003KT 5SM -TSRA BR FEW026 BKN042CB BKN110 OVC250 20/18 A2957 RMK AO2 PK WND 21031/2025 WSHFT 2018 LTG DSNT ALQDS TSB02 SLP011 FRQ LTGICCA N-E-S TS N-E-S MOV NE P0021 60021 T02000178 55020 $
GRR,2023-06-25 21:53,10.00,4100.00,KGRR 252153Z 00000KT 10SM BKN041 BKN050 OVC250 21/19 A2958 RMK AO2 LTG DSNT N-E RAE12 TSE48 SLP014 PRESENT WX VCSH NE P0000 T02110189 $
GRR,2023-06-25 22:53,10.00,6500.00,KGRR 252253Z 21007KT 10SM FEW065 SCT095 OVC230 23/19 A2957 RMK AO2 SLP007 T02280194 $
GRR,2023-06-25 23:53,10.00,4900.00,KGRR 252353Z 24012KT 10SM FEW049 SCT065 BKN080 BKN230 22/18 A2957 RMK AO2 RAB21E37 SLP010 P0000 60021 T02220183 10294 20194 58001 $
GRR,2023-06-26 00:53,10.00,5000.00,KGRR 260053Z 23013KT 10SM FEW050 BKN090 BKN230 22/16 A2958 RMK AO2 SLP011 T02170161 $
GRR,2023-06-26 01:53,10.00,4700.00,KGRR 260153Z 22008KT 10SM SCT047 BKN055 OVC075 21/16 A2958 RMK AO2 SLP010 T02060156 $
GRR,2023-06-26 02:53,10.00,3500.00,KGRR 260253Z 21005KT 10SM BKN035 OVC047 20/16 A2957 RMK AO2 SLP009 T02000156 50000 $
GRR,2023-06-26 03:53,10.00,2900.00,KGRR 260353Z 21006KT 10SM BKN029 OVC035 20/16 A2956 RMK AO2 SLP004 LAST T02000156 $
GRR,2023-06-26 04:53,4.00,2100.00,KGRR 260453Z AUTO 22009KT 4SM -RA BR BKN021 OVC029 18/17 A2954 RMK AO2 RAB11 SLP997 P0002 T01780172 402940178 $
GRR,2023-06-26 05:53,10.00,800.00,KGRR 260553Z AUTO 21006KT 10SM FEW008 SCT026 OVC032 18/17 A2953 RMK AO2 RAE06 SLP994 P0000 60002 T01830172 10228 20178 56014 $
GRR,2023-06-26 06:53,9.00,900.00,KGRR 260653Z AUTO 21006KT 9SM FEW009 BKN018 OVC032 18/17 A2953 RMK AO2 CIG 011 RWY 8R SLP995 T01830172 $
GRR,2023-06-26 07:53,8.00,900.00,KGRR 260753Z AUTO 21005KT 8SM BKN009 OVC050 18/18 A2953 RMK AO2 SLP994 T01830178 $
GRR,2023-06-26 08:53,9.00,800.00,KGRR 260853Z AUTO 20005KT 9SM BKN008 BKN025 OVC037 18/17 A2952 RMK AO2 SLP994 T01830172 58003 $
GRR,2023-06-26 09:53,9.00,700.00,KGRR 260953Z 20006KT 9SM BKN007 BKN090 OVC120 18/17 A2951 RMK AO2 SLP991 T01830172 $
GRR,2023-06-26 10:53,8.00,900.00,KGRR 261053Z 19007KT 8SM BKN009 BKN050 BKN120 18/17 A2951 RMK AO2 SLP989 T01830172 $
GRR,2023-06-26 11:53,7.00,900.00,KGRR 261153Z 21006KT 7SM -RA BKN009 OVC020 19/18 A2951 RMK AO2 RAB16 SLP989 P0000 60000 70023 T01890178 10189 20183 55003
GRR,2023-06-26 12:53,2.00,600.00,KGRR 261253Z 20007KT 2SM -RA BR BKN006 BKN022 OVC032 19/18 A2951 RMK AO2 SLP987 P0006 T01890178
GRR,2023-06-26 13:53,3.00,700.00,KGRR 261353Z 26009KT 3SM -RA BR BKN007 OVC017 19/18 A2951 RMK AO2 SLP989 P0004 T01890178
GRR,2023-06-26 14:53,5.00,600.00,KGRR 261453Z 26010KT 5SM R26L/5000VP6000FT -RA BR BKN006 OVC028 19/18 A2950 RMK AO2 SLP986 P0014 60024 T01890178 58004
GRR,2023-06-26 15:53,10.00,800.00,KGRR 261553Z 26009KT 10SM BKN008 OVC020 19/18 A2950 RMK AO2 RAE49 SLP985 P0001 T01890178
GRR,2023-06-26 16:53,8.00,600.00,KGRR 261653Z 27009KT 8SM BKN006 OVC032 19/18 A2951 RMK AO2 RAB03E51 SLP990 P0000 T01890178
GRR,2023-06-26 17:53,10.00,1300.00,KGRR 261753Z 29012KT 10SM BKN013 BKN022 OVC036 21/18 A2952 RMK AO2 RAB14E22 SLP993 P0000 60025 T02110183 10211 20183 53006
GRR,2023-06-26 18:53,3.00,1400.00,KGRR 261853Z 31005KT 3SM -RA BR BKN014 BKN026 OVC031 20/18 A2953 RMK AO2 RAB19 SLP995 P0012 T02000183
GRR,2023-06-26 19:53,9.00,1400.00,KGRR 261953Z 27016G22KT 9SM BKN014 BKN023 BKN036 21/18 A2955 RMK AO2 RAE13 SLP002 P0001 T02110178
GRR,2023-06-26 20:53,7.00,1600.00,KGRR 262053Z 28012KT 7SM OVC016 20/17 A2957 RMK AO2 RAB1956E24 SLP009 P0000 60013 T02000167 53016
GRR,2023-06-26 21:53,3.00,1400.00,KGRR 262153Z 27011KT 3SM HZ OVC014 19/16 A2958 RMK AO2 SLP013 T01940161
GRR,2023-06-26 22:53,3.00,1200.00,KGRR 262253Z 29009KT 3SM HZ OVC012 19/17 A2960 RMK AO2 SLP019 T01940167
GRR,2023-06-26 23:53,3.00,1400.00,KGRR 262353Z 29014G20KT 3SM HZ OVC014 19/16 A2961 RMK AO2 SLP024 60013 T01940161 10217 20189 53015
GRR,2023-06-27 00:53,4.00,1400.00,KGRR 270053Z 31012KT 4SM HZ OVC014 19/16 A2963 RMK AO2 SLP032 T01890156
GRR,2023-06-27 01:53,4.00,1200.00,KGRR 270153Z 31010G20KT 4SM BR OVC012 17/15 A2967 RMK AO2 RAB07E31 SLP043 P0000 T01720150
GRR,2023-06-27 02:53,4.00,1000.00,KGRR 270253Z 31011KT 4SM HZ OVC010 17/14 A2968 RMK AO2 SLP049 60000 T01670139 51024
GRR,2023-06-27 03:53,4.00,1200.00,KGRR 270353Z 31012KT 4SM HZ OVC012 17/14 A2969 RMK AO2 SLP051 LAST T01670139
GRR,2023-06-27 04:53,4.00,1000.00,KGRR 270453Z AUTO 32011KT 4SM HZ OVC010 17/14 A2969 RMK AO2 SLP051 T01670139 402170161
GRR,2023-06-27 05:53,6.00,1200.00,KGRR 270553Z AUTO 31009KT 6SM HZ OVC012 17/14 A2969 RMK AO2 SLP049 60000 T01670139 10194 20161 50001
GRR,2023-06-27 06:53,5.00,1400.00,KGRR 270653Z AUTO 31010KT 5SM HZ OVC014 16/13 A2969 RMK AO2 SLP053 T01610133
GRR,2023-06-27 07:53,4.00,1000.00,KGRR 270753Z AUTO 31008KT 4SM BR OVC010 16/14 A2970 RMK AO2 SLP054 T01610139
GRR,2023-06-27 08:53,3.00,800.00,KGRR 270853Z AUTO 29007KT 3SM BR OVC008 16/14 A2972 RMK AO2 SLP060 T01560139 53010
GRR,2023-06-27 09:53,2.50,600.00,KGRR 270953Z 30009KT 2 1/2SM BR OVC006 16/14 A2972 RMK AO2 SLP063 T01560139
GRR,2023-06-27 10:53,1.25,600.00,KGRR 271053Z 31008KT 1 1/4SM BR OVC006 15/14 A2974 RMK AO2 SLP068 T01500139
GRR,2023-06-27 11:53,1.25,600.00,KGRR 271153Z 31010KT 1 1/4SM BR OVC006 15/13 A2976 RMK AO2 SLP075 70038 T01500133 10167 20150 53015
GRR,2023-06-27 12:53,1.25,800.00,KGRR 271253Z 30011KT 1 1/4SM FU OVC008 16/13 A2978 RMK AO2 SLP084 T01560133
GRR,2023-06-27 13:53,1.25,800.00,KGRR 271353Z 32010KT 1 1/4SM FU OVC008 16/14 A2980 RMK AO2 SLP089 T01560139
GRR,2023-06-27 14:53,1.25,800.00,KGRR 271453Z 33008KT 1 1/4SM FU OVC008 17/14 A2980 RMK AO2 SLP089 T01670139 50012
GRR,2023-06-27 15:53,1.00,1200.00,KGRR 271553Z 35008KT 1SM R26L/P6000FT FU BKN012 OVC022 18/14 A2981 RMK AO2 SLP092 T01780139
GRR,2023-06-27 16:53,1.00,1600.00,KGRR 271653Z 30009KT 1SM R26L/P6000FT FU OVC016 19/14 A2982 RMK AO2 SLP096 T01940144
GRR,2023-06-27 17:53,1.25,2300.00,KGRR 271753Z 36007KT 1 1/4SM FU OVC023 21/14 A2983 RMK AO2 SLP098 T02060144 10206 20150 51011 $
GRR,2023-06-27 18:53,1.25,2500.00,KGRR 271853Z 32009KT 1 1/4SM FU BKN025 OVC038 21/15 A2984 RMK AO2 SLP102 T02110150 $
GRR,2023-06-27 19:53,1.25,2700.00,KGRR 271953Z 33010G16KT 1 1/4SM FU BKN027 OVC032 23/15 A2985 RMK AO2 SLP105 T02280150 $
GRR,2023-06-27 20:53,1.50,2900.00,KGRR 272053Z 33005KT 1 1/2SM FU BKN029 BKN037 23/15 A2986 RMK AO2 SLP110 T02330150 52012 $
GRR,2023-06-27 21:53,1.50,2300.00,KGRR 272153Z 32008KT 1 1/2SM FU FEW023 BKN035 23/15 A2987 RMK AO2 SLP113 T02330150 $
GRR,2023-06-27 22:53,1.50,2600.00,KGRR 272253Z 31007KT 1 1/2SM FU FEW026 FEW050 23/15 A2987 RMK AO2 SLP113 T02280150 $
GRR,2023-06-27 23:53,2.00,3400.00,KGRR 272353Z 27009KT 2SM FU FEW034 OVC043 22/15 A2989 RMK AO2 SLP118 T02220150 10239 20200 53008 $
GRR,2023-06-28 00:53,2.00,2800.00,KGRR 280053Z 32008KT 2SM FU FEW028 BKN041 21/16 A2990 RMK AO2 SLP122 T02110156 $
GRR,2023-06-28 01:53,3.00,3900.00,KGRR 280153Z 32006KT 3SM FU BKN039 19/15 A2991 RMK AO2 SLP127 T01940150 $
GRR,2023-06-28 02:53,3.00,3600.00,KGRR 280253Z 33007KT 3SM FU OVC036 18/14 A2994 RMK AO2 SLP135 FU OVC036 T01830144 53016 $
GRR,2023-06-28 03:53,2.50,3600.00,KGRR 280353Z 35005KT 2 1/2SM FU OVC036 17/14 A2994 RMK AO2 SLP138 FU OVC036 LAST T01720139 $
GRR,2023-06-28 04:53,2.50,3800.00,KGRR 280453Z AUTO 01003KT 2 1/2SM BR OVC038 16/14 A2996 RMK AO2 SLP143 T01610139 402390150 $
GRR,2023-06-28 05:53,2.50,3400.00,KGRR 280553Z AUTO 35003KT 2 1/2SM BR OVC034 16/13 A2996 RMK AO2 SLP143 T01560133 10222 20156 51007 $
GRR,2023-06-28 06:53,2.50,3000.00,KGRR 280653Z AUTO 00000KT 2 1/2SM BR OVC030 16/13 A2998 RMK AO2 SLP149 T01560133 $
GRR,2023-06-28 07:53,2.50,2800.00,KGRR 280753Z AUTO 00000KT 2 1/2SM BR OVC028 14/12 A2998 RMK AO2 SLP150 T01440122 $
GRR,2023-06-28 08:53,2.50,M,KGRR 280853Z AUTO 00000KT 2 1/2SM R26L/2000VP6000FT BR CLR 13/12 A2998 RMK AO2 CIG 025 RWY 8R SLP151 T01330117 50008 $
GRR,2023-06-28 09:53,2.00,2500.00,KGRR 280953Z 00000KT 2SM R26L/0800VP6000FT MIFG FU SCT025 12/11 A3000 RMK AO2 SLP156 FU SCT025 T01220111 $
GRR,2023-06-28 10:53,1.50,2800.00,KGRR 281053Z 00000KT 1 1/2SM R26L/4500VP6000FT MIFG FU SCT028 13/12 A3001 RMK AO2 SLP160 FU SCT028 T01330117 $
GRR,2023-06-28 11:53,1.50,3000.00,KGRR 281153Z 00000KT 1 1/2SM FU BR SCT030 15/13 A3002 RMK AO2 SLP163 FU SCT030 T01500128 10156 20117 51013 $
GRR,2023-06-28 12:53,1.75,25000.00,KGRR 281253Z COR 00000KT 1 3/4SM FU FEW250 18/14 A3004 RMK AO2 SLP170 T01780139 $
GRR,2023-06-28 13:53,2.00,25000.00,KGRR 281353Z 17003KT 2SM FU BKN250 20/13 A3004 RMK AO2 SLP171 T02000133
GRR,2023-06-28 14:53,1.75,25000.00,KGRR 281453Z 00000KT 1 3/4SM FU OVC250 22/13 A3004 RMK AO2 SLP167 T02220128 50005
GRR,2023-06-28 15:53,1.50,23000.00,KGRR 281553Z 00000KT 1 1/2SM FU BKN230 23/12 A3004 RMK AO2 SLP169 T02280122
GRR,2023-06-28 16:53,1.75,3800.00,KGRR 281653Z 00000KT 1 3/4SM FU FEW038 BKN250 24/11 A3003 RMK AO2 SLP164 T02440111
GRR,2023-06-28 17:53,2.50,25000.00,KGRR 281753Z 05003KT 2 1/2SM FU BKN250 26/12 A3002 RMK AO2 SLP163 T02610117 10261 20150 58005
GRR,2023-06-28 18:53,3.00,25000.00,KGRR 281853Z 01006KT 3SM FU BKN250 27/12 A3001 RMK AO2 SLP157 T02670117
GRR,2023-06-28 19:53,4.00,25000.00,KGRR 281953Z VRB04KT 4SM FU BKN250 27/12 A2999 RMK AO2 SLP154 T02670117
GRR,2023-06-28 20:53,4.00,25000.00,KGRR 282053Z 10004KT 4SM FU BKN250 27/12 A2999 RMK AO2 SLP153 T02670122 56010
GRR,2023-06-28 21:53,4.00,25000.00,KGRR 282153Z VRB03KT 4SM FU BKN250 27/12 A2999 RMK AO2 SLP153 T02720122
GRR,2023-06-28 22:53,5.00,25000.00,KGRR 282253Z 13006KT 5SM FU BKN250 26/12 A2998 RMK AO2 SLP148 T02610122
GRR,2023-06-28 23:53,4.00,25000.00,KGRR 282353Z 09008KT 4SM FU SCT250 26/13 A2997 RMK AO2 SLP144 T02560133 10278 20250 58008
GRR,2023-06-29 00:53,4.00,25000.00,KGRR 290053Z 10005KT 4SM FU FEW250 23/14 A2997 RMK AO2 SLP144 T02330139
GRR,2023-06-29 01:53,5.00,25000.00,KGRR 290153Z 12004KT 5SM FU FEW250 22/13 A2998 RMK AO2 SLP148 T02170133
GRR,2023-06-29 02:53,5.00,25000.00,KGRR 290253Z 00000KT 5SM FU FEW250 20/14 A2998 RMK AO2 SLP149 T02000139 51005
GRR,2023-06-29 03:53,4.00,25000.00,KGRR 290353Z 17005KT 4SM FU FEW250 18/14 A2999 RMK AO2 SLP152 LAST T01830139
GRR,2023-06-29 04:53,4.00,M,KGRR 290453Z AUTO 13004KT 4SM FU CLR 18/13 A2998 RMK AO2 SLP150 T01830133 402780117
GRR,2023-06-29 05:53,4.00,M,KGRR 290553Z AUTO 13004KT 4SM FU CLR 17/13 A2997 RMK AO2 SLP146 T01720133 10256 20172 58002
GRR,2023-06-29 06:53,3.00,M,KGRR 290653Z AUTO 14005KT 3SM FU CLR 17/14 A2997 RMK AO2 SLP144 T01720139
GRR,2023-06-29 07:53,3.00,12000.00,KGRR 290753Z AUTO 14009KT 3SM FU FEW120 18/14 A2996 RMK AO2 SLP141 T01780139
GRR,2023-06-29 08:53,2.00,M,KGRR 290853Z AUTO 15008KT 2SM FU CLR 18/14 A2995 RMK AO2 SLP137 T01780139 58008
GRR,2023-06-29 09:53,2.00,3800.00,KGRR 290953Z 15006KT 2SM -RA FU FEW038 BKN100 OVC140 18/14 A2995 RMK AO2 LTG DSNT NW-NE RAB45 SLP138 P0000 T01780144
GRR,2023-06-29 10:53,1.25,3500.00,KGRR 291053Z 06009KT 1 1/4SM FU SCT035 OVC095 18/15 A2998 RMK AO2 LTG DSNT NW-E SLP148 RAE12 TSB17E39 P0000 T01780150
GRR,2023-06-29 11:53,1.00,3400.00,KGRR 291153Z 15013KT 1SM R26L/P6000FT FU SCT034 BKN090 BKN250 19/15 A2995 RMK AO2 SLP137 60000 T01890150 10189 20167 58000
GRR,2023-06-29 12:53,1.25,3100.00,KGRR 291253Z 15009KT 1 1/4SM FU SCT031 BKN060 BKN080 BKN250 21/15 A2998 RMK AO2 LTG DSNT E AND NW SLP146 T02060150
GRR,2023-06-29 13:53,1.25,3000.00,KGRR 291353Z 16010KT 1 1/4SM FU FEW030 BKN080 BKN130 BKN250 22/16 A2997 RMK AO2 LTG DSNT NW SLP144 T02220156
GRR,2023-06-29 14:53,1.50,3000.00,KGRR 291453Z 16010KT 1 1/2SM FU FEW030 SCT047 BKN110 BKN250 24/17 A2995 RMK AO2 SLP137 T02440167 50000
GRR,2023-06-29 15:53,1.75,7000.00,KGRR 291553Z 16011KT 1 3/4SM FU BKN070 BKN250 27/18 A2994 RMK AO2 SLP134 T02670178
GRR,2023-06-29 16:53,2.00,5000.00,KGRR 291653Z 17013G18KT 2SM FU SCT050 BKN250 29/18 A2993 RMK AO2 SLP131 T02940183
GRR,2023-06-29 17:53,2.50,6000.00,KGRR 291753Z 19013KT 2 1/2SM FU FEW060 FEW130 BKN250 30/19 A2990 RMK AO2 SLP122 T03000194 10300 20189 58015
GRR,2023-06-29 18:53,3.00,4500.00,KGRR 291853Z 19011G18KT 3SM FU FEW045 SCT085 BKN250 30/19 A2987 RMK AO2 SLP111 T03000189
GRR,2023-06-29 19:53,3.00,4500.00,KGRR 291953Z 18012KT 3SM FU SCT045 SCT085 BKN250 31/19 A2987 RMK AO2 SLP108 T03060194
GRR,2023-06-29 20:53,3.00,4500.00,KGRR 292053Z 19012KT 3SM FU FEW045 SCT085 BKN250 31/19 A2986 RMK AO2 LTG DSNT W SLP106 T03060194 56014
GRR,2023-06-29 21:53,3.00,4500.00,KGRR 292153Z 17012KT 3SM FU FEW045 BKN060 BKN220 29/20 A2985 RMK AO2 SLP103 T02940200
GRR,2023-06-29 22:53,3.00,5000.00,KGRR 292253Z 17006KT 3SM FU SCT050 BKN180 BKN220 29/21 A2982 RMK AO2 LTG DSNT N SLP091 T02890206
GRR,2023-06-29 23:53,3.00,4200.00,KGRR 292353Z 15006KT 3SM FU BKN042 BKN049 BKN100 28/21 A2982 RMK AO2 LTG DSNT N AND NE SLP095 T02780206 10311 20278 55012
GRR,2023-06-30 00:53,10.00,4000.00,KGRR 300053Z 03017G28KT 10SM BKN040 BKN100 BKN180 22/18 A2985 RMK AO2 PK WND 03028/0046 LTG DSNT N AND NE SLP105 WSHFT 0031 T02220178
GRR,2023-06-30 01:53,10.00,3600.00,KGRR 300153Z 04008KT 10SM SCT036 SCT100 BKN180 22/18 A2987 RMK AO2 LTG DSNT NE SLP110 T02170183
GRR,2023-06-30 02:53,10.00,3800.00,KGRR 300253Z COR 07005KT 10SM BKN038 BKN047 21/19 A2989 RMK AO2 LTG DSNT W AND NW SLP117 OCNL LTGIC DSNT W-NW CB DSNT W-NW MOV E T02110189 51022
GRR,2023-06-30 03:53,1.00,3300.00,KGRR 300353Z 29005KT 1SM R26L/P6000FT +TSRA BR BKN033CB OVC050 21/19 A2992 RMK AO2 LTG DSNT ALQDS RAB18 TSB00 SLP126 CONS LTGICCG OHD TS OHD MOV E P0021 T02060194 $
GRR,2023-06-30 04:53,7.00,3000.00,KGRR 300453Z 12005KT 7SM FEW030 SCT060 BKN090 21/19 A2990 RMK AO2 LTG DSNT NE AND E RAE38 TSE52 SLP118 LAST OCNL LTGICCG DSNT NE-SE CB DSNT NE-SE MOV E P0066 T02060194 403110167 $
GRR,2023-06-30 05:53,5.00,8000.00,KGRR 300553Z AUTO 16003KT 5SM R26L/4000VP6000FT BR FEW080 20/19 A2989 RMK AO2 SLP118 60087 T02000194 10278 20200 51001 $
GRR,2023-06-30 06:53,6.00,M,KGRR 300653Z AUTO 24003KT 6SM R26L/2200VP6000FT BR CLR 20/19 A2990 RMK AO2 SLP119 T02000194 $
GRR,2023-06-30 07:53,5.00,M,KGRR 300753Z AUTO 26003KT 5SM BR CLR 19/19 A2990 RMK AO2 SLP118 T01940194 $
GRR,2023-06-30 08:53,1.25,1400.00,KGRR 300853Z AUTO 00000KT 1 1/4SM R26L/1200V1600FT BR FEW014 19/19 A2990 RMK AO2 SLP119 T01940189 53000 $
GRR,2023-06-30 09:53,0.25,200.00,KGRR 300953Z 23006KT 1/4SM R26L/1600FT FG VV002 19/19 A2990 RMK AO2 SLP118 T01940194 $
GRR,2023-06-30 10:53,0.12,200.00,KGRR 301053Z 24005KT 1/8SM R26L/1200V1600FT FG VV002 20/20 A2990 RMK AO2 SLP121 T02000200 $
GRR,2023-06-30 11:53,0.12,200.00,KGRR 301153Z 24004KT 1/8SM R26L/1200V1600FT FG VV002 21/21 A2993 RMK AO2 SLP130 70087 T02060206 10206 20178 51011
GRR,2023-06-30 12:53,0.25,200.00,KGRR 301253Z 22003KT 1/4SM R26L/1400V1600FT FG VV002 21/21 A2994 RMK AO2 SLP135 T02110211
GRR,2023-06-30 13:53,0.75,200.00,KGRR 301353Z 22006KT 3/4SM R26L/2600V5000FT BR OVC002 22/21 A2995 RMK AO2 SLP137 T02220211
GRR,2023-06-30 14:53,1.50,400.00,KGRR 301453Z 23005KT 1 1/2SM BR OVC004 23/22 A2995 RMK AO2 SLP138 T02280222 51007
GRR,2023-06-30 15:53,2.00,900.00,KGRR 301553Z VRB03KT 2SM HZ BKN009 BKN250 26/22 A2994 RMK AO2 SLP133 T02560222
GRR,2023-06-30 16:53,2.50,25000.00,KGRR 301653Z 28003KT 2 1/2SM HZ BKN250 28/22 A2993 RMK AO2 SLP129 T02780222
GRR,2023-06-30 17:53,4.00,3000.00,KGRR 301753Z 29010KT 4SM FU FEW030 BKN250 30/21 A2993 RMK AO2 SLP130 T03000211 10300 20206 55006
GRR,2023-06-30 18:53,4.00,4200.00,KGRR 301853Z 25010KT 4SM FU SCT042 BKN250 31/21 A2991 RMK AO2 SLP124 T03110206
GRR,2023-06-30 19:53,8.00,4900.00,KGRR 301953Z 24015G24KT 8SM FEW049 SCT130 BKN200 32/18 A2991 RMK AO2 SLP124 T03170178
GRR,2023-06-30 20:53,8.00,4800.00,KGRR 302053Z 27013KT 8SM FEW048 BKN200 BKN250 31/18 A2992 RMK AO2 SLP126 T03060178 55004
GRR,2023-06-30 21:53,9.00,13000.00,KGRR 302153Z 24011KT 9SM FEW130 BKN200 OVC250 29/18 A2990 RMK AO2 SLP120 T02890178
GRR,2023-06-30 22:53,10.00,16000.00,KGRR 302253Z 27005KT 10SM SCT160 BKN200 OVC250 28/17 A2989 RMK AO2 SLP117 T02830167
GRR,2023-06-30 23:53,10.00,16000.00,KGRR 302353Z 29006KT 10SM SCT160 BKN200 OVC250 28/17 A2991 RMK AO2 SLP121 T02780172 10317 20278 55004
GRR,2023-07-01 00:53,8.00,9000.00,KGRR 010053Z 25006KT 8SM SCT090 SCT140 BKN200 OVC250 27/18 A2992 RMK AO2 SLP127 T02720183
GRR,2023-07-01 01:53,8.00,8000.00,KGRR 010153Z 25005KT 8SM SCT080 BKN200 BKN250 26/19 A2992 RMK AO2 SLP127 T02610189
GRR,2023-07-01 02:53,8.00,8000.00,KGRR 010253Z 22003KT 8SM FEW080 SCT130 BKN200 25/19 A2993 RMK AO2 SLP131 T02500194 51008
GRR,2023-07-01 03:53,7.00,7000.00,KGRR 010353Z 00000KT 7SM SCT070 BKN200 23/19 A2992 RMK AO2 SLP128 LAST T02280189
GRR,2023-07-01 04:53,7.00,7500.00,KGRR 010453Z AUTO 00000KT 7SM SCT075 22/19 A2992 RMK AO2 SLP127 T02170194 403170178
GRR,2023-07-01 05:53,6.00,M,KGRR 010553Z AUTO 00000KT 6SM HZ CLR 22/19 A2991 RMK AO2 SLP122 T02170189 10278 20206 58007
GRR,2023-07-01 06:53,6.00,M,KGRR 010653Z AUTO 00000KT 6SM BR CLR 21/18 A2990 RMK AO2 SLP120 T02060183
GRR,2023-07-01 07:53,6.00,M,KGRR 010753Z AUTO 00000KT 6SM BR CLR 21/18 A2990 RMK AO2 SLP119 T02060183
GRR,2023-07-01 08:53,5.00,M,KGRR 010853Z AUTO 09003KT 5SM BR CLR 19/18 A2987 RMK AO2 SLP109 T01940183 58014
GRR,2023-07-01 09:53,5.00,14000.00,KGRR 010953Z 00000KT 5SM BR FEW140 BKN200 21/19 A2990 RMK AO2 SLP118 T02060194
GRR,2023-07-01 10:53,3.00,13000.00,KGRR 011053Z 16004KT 3SM BR SCT130 BKN200 20/19 A2990 RMK AO2 SLP118 T02000189
GRR,2023-07-01 11:53,5.00,12000.00,KGRR 011153Z 17004KT 5SM BR BKN120 OVC200 21/19 A2989 RMK AO2 SLP114 T02110189 10222 20189 50005
GRR,2023-07-01 12:53,5.00,12000.00,KGRR 011253Z 20005KT 5SM HZ BKN120 OVC200 23/20 A2990 RMK AO2 SLP120 T02330200
GRR,2023-07-01 13:53,5.00,11000.00,KGRR 011353Z 19003KT 5SM HZ BKN110 23/20 A2991 RMK AO2 SLP122 T02330200
GRR,2023-07-01 14:53,5.00,12000.00,KGRR 011453Z 22005KT 5SM HZ OVC120 26/21 A2989 RMK AO2 SLP117 T02610211 50002
GRR,2023-07-01 15:53,5.00,12000.00,KGRR 011553Z 20004KT 5SM HZ SCT120 OVC230 27/21 A2989 RMK AO2 SLP117 T02670211
GRR,2023-07-01 16:53,5.00,2500.00,KGRR 011653Z 20005KT 5SM TS HZ SCT025CB BKN120 OVC230 27/21 A2989 RMK AO2 SLP115 TSB44 OCNL LTGIC N TS N MOV NE T02670211
GRR,2023-07-01 17:53,1.00,2500.00,KGRR 011753Z 25012G18KT 1SM R26L/4500VP6000FT TSRA BKN025CB BKN070 OVC100 24/21 A2988 RMK AO2 SLP114 TSE02B23RAB44 OCNL LTGIC S-NW TS S-NW MOV NE P0000 60000 T02390206 10272 20211 57004
GRR,2023-07-01 18:53,10.00,2500.00,KGRR 011853Z 05005KT 10SM FEW025 FEW055 BKN110 OVC250 23/20 A2986 RMK AO2 RAE21 TSE44 SLP108 P0012 T02330200
GRR,2023-07-01 19:53,9.00,4000.00,KGRR 011953Z 00000KT 9SM TS FEW040 SCT055CB BKN110 OVC180 26/21 A2985 RMK AO2 LTG DSNT N AND NW TSB41 SLP103 OCNL LTGIC W TS W MOV NE T02610206
GRR,2023-07-01 20:53,10.00,2900.00,KGRR 012053Z 35004KT 10SM FEW029 SCT044 SCT070 SCT130 25/20 A2983 RMK AO2 LTG DSNT N AND NW RAB1954E50 TSE40 SLP098 CB DSNT N-E MOV NE P0028 60040 T02500200 56016 $
GRR,2023-07-01 21:53,10.00,4500.00,KGRR 012153Z 03008KT 10SM FEW045 FEW130 BKN160 26/21 A2983 RMK AO2 SLP097 OCNL LTGIC DSNT SE-S CB DSNT SE-S MOV E T02610211 $
GRR,2023-07-01 22:53,10.00,3900.00,KGRR 012253Z 01006KT 10SM -RA FEW039 SCT050 SCT110 OVC170 24/19 A2981 RMK AO2 LTG DSNT E AND SE RAB50 SLP091 P0000 T02390194 $
GRR,2023-07-01 23:53,10.00,13000.00,KGRR 012353Z 16004KT 10SM SCT130 BKN210 OVC250 23/19 A2982 RMK AO2 RAE10 SLP095 P0000 60040 T02330194 10272 20222 55003 $
GRR,2023-07-02 00:53,10.00,13000.00,KGRR 020053Z 00000KT 10SM FEW130 SCT210 BKN240 23/20 A2982 RMK AO2 SLP092 T02330200 $
GRR,2023-07-02 01:53,9.00,13000.00,KGRR 020153Z 06003KT 9SM FEW130 SCT210 SCT240 22/21 A2983 RMK AO2 SLP095 T02220206 $
GRR,2023-07-02 02:53,9.00,13000.00,KGRR 020253Z 16004KT 9SM BKN130 OVC190 22/21 A2985 RMK AO2 SLP102 T02170206 53007 $
GRR,2023-07-02 03:53,7.00,13000.00,KGRR 020353Z 13003KT 7SM BKN130 OVC180 22/21 A2983 RMK AO2 SLP094 LAST T02170206 $
GRR,2023-07-02 04:53,6.00,M,KGRR 020453Z AUTO 00000KT 6SM BR CLR 22/21 A2980 RMK AO2 SLP087 T02170206 402720189 $
GRR,2023-07-02 05:53,4.00,M,KGRR 020553Z AUTO 06003KT 4SM BR CLR 21/20 A2978 RMK AO2 SLP080 T02060200 10239 20206 58021 $
GRR,2023-07-02 06:53,3.00,400.00,KGRR 020653Z AUTO 06004KT 3SM BR BKN004 21/20 A2978 RMK AO2 SLP080 T02060200 $
GRR,2023-07-02 07:53,3.00,M,KGRR 020753Z AUTO 00000KT 3SM BR CLR 21/20 A2977 RMK AO2 SLP077 T02060200 $
GRR,2023-07-02 08:53,4.00,M,KGRR 020853Z AUTO 00000KT 4SM BR CLR 21/20 A2975 RMK AO2 SLP070 T02060200 58010 $
GRR,2023-07-02 09:53,3.00,M,KGRR 020953Z AUTO 11003KT 3SM BR CLR 21/20 A2976 RMK AO2 SLP072 T02060200 $
GRR,2023-07-02 10:53,2.50,9000.00,KGRR 021053Z COR 00000KT 2 1/2SM -RA BR SCT090 OVC110 21/20 A2976 RMK AO2 RAB51 SLP073 P0000 T02060200 $
GRR,2023-07-02 11:53,2.50,4900.00,KGRR 021153Z 05005KT 2 1/2SM BR SCT049 BKN090 OVC120 21/20 A2977 RMK AO2 RAE23B40E52 SLP075 P0001 60001 70041 T02110200 10211 20206 51005 $
GRR,2023-07-02 12:53,2.50,300.00,KGRR 021253Z 04007KT 2 1/2SM -RA BR BKN003 BKN034 OVC110 21/20 A2978 RMK AO2 RAB07 SLP078 P0000 T02060200 $
GRR,2023-07-02 13:53,2.00,300.00,KGRR 021353Z 06007KT 2SM -RA BR OVC003 21/20 A2980 RMK AO2 SLP086 P0000 T02060200 $
GRR,2023-07-02 14:53,3.00,400.00,KGRR 021453Z 05006KT 3SM -RA BR BKN004 OVC049 21/21 A2980 RMK AO2 SLP086 P0002 60002 T02110206 51010 $
GRR,2023-07-02 15:53,6.00,500.00,KGRR 021553Z 04004KT 6SM BR BKN005 OVC032 22/21 A2979 RMK AO2 RAE44 SLP084 P0000 T02220206 $
GRR,2023-07-02 16:53,7.00,800.00,KGRR 021653Z 05005KT 7SM BKN008 OVC100 23/21 A2979 RMK AO2 LTG DSNT S AND SW SLP084 T02280206 $
GRR,2023-07-02 17:53,9.00,800.00,KGRR 021753Z 05003KT 9SM FEW008 SCT034 OVC090 23/21 A2980 RMK AO2 LTG DSNT SW RAB28E38 SLP086 P0000 60002 T02280206 10228 20206 55000 $
GRR,2023-07-02 18:53,3.00,500.00,KGRR 021853Z 20007KT 3SM R26L/4500VP6000FT -RA BR FEW005 BKN010 OVC080 23/21 A2980 RMK AO2 RAB21 SLP086 P0000 T02280206 $
GRR,2023-07-02 19:53,5.00,1000.00,KGRR 021953Z 13003KT 5SM -RA BR FEW010 BKN038 BKN090 OVC130 22/21 A2979 RMK AO2 SLP083 P0024 T02220206 $
GRR,2023-07-02 20:53,9.00,1000.00,KGRR 022053Z 00000KT 9SM -RA FEW010 SCT038 BKN090 OVC130 23/21 A2978 RMK AO2 SLP079 P0002 60026 T02330211 58006 $
GRR,2023-07-02 21:53,10.00,1200.00,KGRR 022153Z 00000KT 10SM FEW012 FEW040 SCT110 BKN150 BKN180 24/21 A2976 RMK AO2 RAE52 SLP073 P0000 T02440206 $
GRR,2023-07-02 22:53,10.00,2800.00,KGRR 022253Z 05005KT 10SM FEW028 FEW040 SCT110 BKN160 BKN200 25/21 A2976 RMK AO2 SLP073 T02500206 $
GRR,2023-07-02 23:53,10.00,1500.00,KGRR 022353Z 05007KT 10SM FEW015 FEW026 SCT080 BKN180 24/21 A2976 RMK AO2 SLP074 60026 T02440211 10256 20206 55005 $
GRR,2023-07-03 00:53,8.00,1400.00,KGRR 030053Z 00000KT 8SM SCT014 SCT027 BKN120 BKN180 24/22 A2977 RMK AO2 SLP076 T02390217 $
GRR,2023-07-03 01:53,8.00,1800.00,KGRR 030153Z 14004KT 8SM FEW018 SCT023 BKN140 BKN180 23/22 A2978 RMK AO2 SLP079 T02280217 $
GRR,2023-07-03 02:53,9.00,1100.00,KGRR 030253Z 36003KT 9SM FEW011 FEW023 SCT150 BKN180 22/21 A2979 RMK AO2 SLP085 T02220211 53010 $
GRR,2023-07-03 03:53,9.00,2500.00,KGRR 030353Z 35007KT 9SM FEW025 SCT150 BKN190 22/20 A2980 RMK AO2 SLP087 LAST T02170200 $
GRR,2023-07-03 04:53,10.00,2100.00,KGRR 030453Z AUTO 04004KT 10SM SCT021 BKN120 21/19 A2982 RMK AO2 SLP094 T02110194 402560206 $
GRR,2023-07-03 05:53,9.00,M,KGRR 030553Z AUTO 00000KT 9SM CLR 21/19 A2982 RMK AO2 SLP093 T02060194 10244 20200 50008 $
GRR,2023-07-03 06:53,6.00,M,KGRR 030653Z AUTO 05004KT 6SM BR CLR 20/19 A2981 RMK AO2 SLP090 T02000189 $
GRR,2023-07-03 07:53,4.00,M,KGRR 030753Z AUTO 00000KT 4SM BR CLR 19/19 A2981 RMK AO2 SLP089 T01940189 $
GRR,2023-07-03 08:53,2.50,M,KGRR 030853Z AUTO 08003KT 2 1/2SM R26L/2200V4000FT BR CLR 19/19 A2981 RMK AO2 SLP091 T01890189 55001 $
GRR,2023-07-03 09:53,2.50,200.00,KGRR 030953Z 00000KT 2 1/2SM BR OVC002 20/19 A2983 RMK AO2 SLP098 T02000194 $
GRR,2023-07-03 10:53,0.12,200.00,KGRR 031053Z 00000KT 1/8SM R26L/0500V0800FT FG VV002 19/19 A2985 RMK AO2 SLP104 T01940189 $
GRR,2023-07-03 11:53,0.12,200.00,KGRR 031153Z 06005KT 1/8SM R26L/1000V1400FT FG VV002 19/19 A2987 RMK AO2 SLP111 70028 T01940194 10206 20189 51020 $
GRR,2023-07-03 12:53,2.00,200.00,KGRR 031253Z 02003KT 2SM BR BKN002 OVC011 21/21 A2990 RMK AO2 SLP119 T02110206 $
GRR,2023-07-03 13:53,10.00,600.00,KGRR 031353Z 08004KT 10SM FEW006 BKN011 BKN023 23/19 A2990 RMK AO2 SLP120 T02280194 $
GRR,2023-07-03 14:53,10.00,1300.00,KGRR 031453Z 02004KT 10SM BKN013 24/19 A2990 RMK AO2 SLP119 T02390194 50008
GRR,2023-07-03 15:53,10.00,1800.00,KGRR 031553Z VRB03KT 10SM BKN018 25/19 A2991 RMK AO2 SLP122 T02500194
GRR,2023-07-03 16:53,10.00,2400.00,KGRR 031653Z 00000KT 10SM SCT024 BKN036 BKN250 27/19 A2990 RMK AO2 SLP122 T02670194
GRR,2023-07-03 17:53,10.00,2500.00,KGRR 031753Z 02003KT 10SM SCT025 BKN036 BKN250 27/19 A2990 RMK AO2 SLP122 T02720194 10278 20194 51002
GRR,2023-07-03 18:53,10.00,3700.00,KGRR 031853Z VRB04KT 10SM BKN037 BKN045 28/19 A2991 RMK AO2 SLP123 T02780194
GRR,2023-07-03 19:53,10.00,3500.00,KGRR 031953Z VRB05KT 10SM SCT035 BKN048 28/19 A2991 RMK AO2 SLP124 T02830194
GRR,2023-07-03 20:53,10.00,4000.00,KGRR 032053Z 35006KT 10SM FEW040 SCT048 30/19 A2990 RMK AO2 SLP121 T03000194 58000
GRR,2023-07-03 21:53,10.00,4800.00,KGRR 032153Z 32006KT 10SM SCT048 29/18 A2991 RMK AO2 SLP121 T02940178
GRR,2023-07-03 22:53,10.00,4800.00,KGRR 032253Z 28010KT 10SM FEW048 28/20 A2990 RMK AO2 SLP119 T02830200
GRR,2023-07-03 23:53,10.00,4700.00,KGRR 032353Z 29010KT 10SM FEW047 FEW100 27/19 A2990 RMK AO2 SLP119 T02720194 10306 20267 58002
GRR,2023-07-04 00:53,10.00,10000.00,KGRR 040053Z 29007KT 10SM FEW100 26/18 A2991 RMK AO2 SLP125 T02610183
GRR,2023-07-04 01:53,10.00,10000.00,KGRR 040153Z 27005KT 10SM FEW100 FEW250 24/18 A2993 RMK AO2 SLP130 T02440178
GRR,2023-07-04 02:53,10.00,10000.00,KGRR 040253Z 27005KT 10SM FEW100 24/17 A2995 RMK AO2 SLP138 T02390172 53018
GRR,2023-07-04 03:53,7.00,10000.00,KGRR 040353Z 23004KT 7SM FEW100 23/17 A2996 RMK AO2 SLP139 LAST T02280167
GRR,2023-07-04 04:53,8.00,M,KGRR 040453Z AUTO 12003KT 8SM CLR 21/17 A2996 RMK AO2 SLP140 T02060172 403060189
GRR,2023-07-04 05:53,7.00,M,KGRR 040553Z AUTO 19003KT 7SM CLR 19/17 A2995 RMK AO2 SLP137 T01940172 10272 20194 58001
GRR,2023-07-04 06:53,8.00,M,KGRR 040653Z AUTO 00000KT 8SM CLR 20/16 A2997 RMK AO2 SLP143 T02000161
GRR,2023-07-04 07:53,7.00,M,KGRR 040753Z AUTO 28005KT 7SM CLR 19/17 A2997 RMK AO2 SLP146 T01940167
GRR,2023-07-04 08:53,8.00,M,KGRR 040853Z AUTO 27005KT 8SM CLR 19/17 A2998 RMK AO2 SLP146 T01890167 51010
GRR,2023-07-04 09:53,7.00,25000.00,KGRR 040953Z 22003KT 7SM FEW250 18/17 A2998 RMK AO2 SLP147 T01780167
GRR,2023-07-04 10:53,4.00,25000.00,KGRR 041053Z 00000KT 4SM BR FEW250 17/16 A2999 RMK AO2 SLP152 T01720161
GRR,2023-07-04 11:53,5.00,25000.00,KGRR 041153Z 17004KT 5SM BR FEW250 19/17 A2999 RMK AO2 SLP152 T01890172 10200 20167 53005
GRR,2023-07-04 12:53,10.00,25000.00,KGRR 041253Z 25007KT 10SM FEW250 23/17 A3002 RMK AO2 SLP160 T02280172
GRR,2023-07-04 13:53,10.00,3800.00,KGRR 041353Z 25008KT 10SM FEW038 FEW250 26/16 A3003 RMK AO2 SLP164 T02560156
GRR,2023-07-04 14:53,10.00,4400.00,KGRR 041453Z 21007KT 10SM FEW044 FEW250 27/16 A3003 RMK AO2 SLP162 T02720161 50010
GRR,2023-07-04 15:53,10.00,4000.00,KGRR 041553Z 21008KT 10SM FEW040 FEW075 SCT250 28/18 A3002 RMK AO2 SLP161 T02830178
GRR,2023-07-04 16:53,10.00,5000.00,KGRR 041653Z 21008KT 10SM FEW050 SCT075 SCT250 29/19 A3002 RMK AO2 SLP159 T02940189
GRR,2023-07-04 17:53,10.00,5000.00,KGRR 041753Z 25007KT 10SM FEW050 SCT060 BKN250 30/19 A2999 RMK AO2 SLP151 T03000194 10306 20189 58010
GRR,2023-07-04 18:53,10.00,4500.00,KGRR 041853Z COR 24009KT 10SM SCT045 BKN065 BKN095 BKN250 30/19 A2999 RMK AO2 VCSH W SLP149 T03000194
GRR,2023-07-04 19:53,10.00,5500.00,KGRR 041953Z 00000KT 10SM SCT055 BKN070 BKN095 BKN250 27/20 A2999 RMK AO2 PK WND 31026/1911 WSHFT 1906 RAB15E43 TSB07E39 SLP152 P0006 T02720200 $
GRR,2023-07-04 20:53,10.00,6000.00,KGRR 042053Z 27007KT 10SM FEW060 SCT080 BKN250 31/19 A2998 RMK AO2 LTG DSNT NE AND SE SLP145 RAB1957E10 P0000 60006 T03060194 58006 $
GRR,2023-07-04 21:53,10.00,6000.00,KGRR 042153Z 25011KT 10SM FEW060 SCT090 SCT250 31/17 A2998 RMK AO2 SLP146 T03060167 $
GRR,2023-07-04 22:53,10.00,9000.00,KGRR 042253Z 24009KT 10SM FEW090 FEW250 31/17 A2997 RMK AO2 SLP144 T03060172 $
GRR,2023-07-04 23:53,10.00,25000.00,KGRR 042353Z 26009KT 10SM FEW250 29/17 A2998 RMK AO2 SLP146 60006 T02940167 10317 20228 55000 $
GRR,2023-07-05 00:53,10.00,25000.00,KGRR 050053Z 25005KT 10SM FEW250 28/17 A2998 RMK AO2 SLP146 T02780172 $
GRR,2023-07-05 01:53,10.00,25000.00,KGRR 050153Z 16004KT 10SM FEW250 24/18 A2998 RMK AO2 SLP147 T02440183 $
GRR,2023-07-05 02:53,10.00,25000.00,KGRR 050253Z 15005KT 10SM FEW250 23/19 A2999 RMK AO2 SLP151 T02280189 53006 $
GRR,2023-07-05 03:53,7.00,M,KGRR 050353Z 15005KT 7SM CLR 22/18 A2999 RMK AO2 SLP151 LAST T02170183 $
GRR,2023-07-05 04:53,7.00,M,KGRR 050453Z AUTO 11003KT 7SM CLR 21/18 A3001 RMK AO2 SLP156 T02110183 403170167 $
GRR,2023-07-05 05:53,6.00,M,KGRR 050553Z AUTO 15004KT 6SM BR CLR 21/18 A3000 RMK AO2 SLP154 T02060183 10300 20200 50003 $
GRR,2023-07-05 06:53,6.00,M,KGRR 050653Z AUTO 17004KT 6SM BR CLR 20/18 A3001 RMK AO2 SLP155 T02000183 $
GRR,2023-07-05 07:53,6.00,M,KGRR 050753Z AUTO 15006KT 6SM BR CLR 20/18 A2999 RMK AO2 SLP152 T02000183 $
GRR,2023-07-05 08:53,6.00,M,KGRR 050853Z AUTO 00000KT 6SM BR CLR 21/18 A2999 RMK AO2 SLP150 T02060183 58004 $
GRR,2023-07-05 09:53,5.00,25000.00,KGRR 050953Z 18006KT 5SM BR FEW250 20/18 A2999 RMK AO2 SLP150 T02000183 $
GRR,2023-07-05 10:53,5.00,25000.00,KGRR 051053Z 20005KT 5SM HZ SCT250 22/19 A3000 RMK AO2 SLP151 T02220194 $
GRR,2023-07-05 11:53,6.00,25000.00,KGRR 051153Z 21003KT 6SM HZ FEW250 24/20 A3000 RMK AO2 SLP152 70006 T02390200 10239 20194 53002 $
GRR,2023-07-05 12:53,6.00,25000.00,KGRR 051253Z 22006KT 6SM HZ FEW250 26/21 A2999 RMK AO2 SLP150 T02560206
GRR,2023-07-05 13:53,9.00,25000.00,KGRR 051353Z 27005KT 9SM FEW250 28/21 A2999 RMK AO2 SLP149 T02780211
GRR,2023-07-05 14:53,10.00,25000.00,KGRR 051453Z VRB04KT 10SM FEW250 29/21 A2998 RMK AO2 SLP145 T02940211 58006
GRR,2023-07-05 15:53,10.00,3800.00,KGRR 051553Z VRB04KT 10SM SCT038 SCT250 30/20 A2998 RMK AO2 SLP146 T03000200
GRR,2023-07-05 16:53,10.00,4200.00,KGRR 051653Z 20008KT 10SM SCT042 SCT250 32/21 A2997 RMK AO2 SLP141 T03170206
GRR,2023-07-05 17:53,10.00,5000.00,KGRR 051753Z 22008G15KT 10SM SCT050 BKN250 32/21 A2996 RMK AO2 SLP138 T03170206 10317 20239 58007
GRR,2023-07-05 18:53,10.00,6000.00,KGRR 051853Z 22010KT 10SM SCT060 BKN100 BKN250 32/21 A2995 RMK AO2 SLP137 T03170206
GRR,2023-07-05 19:53,10.00,4500.00,KGRR 051953Z VRB06KT 10SM FEW045 SCT060 BKN100 BKN250 32/21 A2994 RMK AO2 LTG DSNT S AND SW RAB24E37 SLP131 P0000 T03220206
GRR,2023-07-05 20:53,10.00,4500.00,KGRR 052053Z 22013G21KT 10SM FEW045 SCT070 BKN120 BKN250 29/21 A2992 RMK AO2 LTG DSNT SW SLP126 VCSH SW-W 60000 T02940206 58012
GRR,2023-07-05 21:53,10.00,5000.00,KGRR 052153Z 24011KT 10SM FEW050 SCT080 BKN120 BKN250 30/18 A2992 RMK AO2 LTG DSNT NE SLP126 TBE46 T03000183
GRR,2023-07-05 22:53,10.00,8000.00,KGRR 052253Z 24008KT 10SM FEW080 BKN120 BKN250 31/18 A2989 RMK AO2 LTG DSNT N AND NE SLP115 T03060183
GRR,2023-07-05 23:53,10.00,12000.00,KGRR 052353Z 23005KT 10SM SCT120 BKN250 29/19 A2990 RMK AO2 SLP118 60000 T02890189 10328 20289 55006
GRR,2023-07-06 00:53,10.00,5000.00,KGRR 060053Z 22003KT 10SM FEW050 SCT100 BKN150 BKN240 28/20 A2991 RMK AO2 SLP121 T02780200
GRR,2023-07-06 01:53,10.00,5000.00,KGRR 060153Z 22004KT 10SM SCT050 BKN100 BKN150 BKN240 27/21 A2992 RMK AO2 LTG DSNT SE-W SLP124 VCSH S-W T02720206
GRR,2023-07-06 02:53,9.00,2000.00,KGRR 060253Z 17008KT 9SM -TSRA FEW020 SCT040CB BKN070 OVC220 24/22 A2994 RMK AO2 LTG DSNT ALQDS SLP131 OCNL LTGICCCCG OHD RAB09 TSB13 TS OHD MOV NE P0011 60011 T02390222 53013
GRR,2023-07-06 03:53,8.00,1400.00,KGRR 060353Z COR 03003KT 8SM VCTS FEW014 BKN040 OVC080 23/22 A2992 RMK AO2 LTG DSNT ALQDS RAE49 TSE49 SLP124 LAST P0007 T02330222 $
GRR,2023-07-06 04:53,10.00,4300.00,KGRR 060453Z AUTO 33010G18KT 10SM VCTS -RA FEW043 SCT075 BKN100 21/20 A2993 RMK AO2 WSHFT 0407 LTG DSNT N-SE RAB13 TSB13E51 SLP130 P0017 T02110200 403280194 $
GRR,2023-07-06 05:53,9.00,500.00,KGRR 060553Z AUTO 05006KT 9SM FEW005 FEW120 21/21 A2991 RMK AO2 RAE33 SLP122 P0000 60035 T02110206 10289 20211 56009 $
GRR,2023-07-06 06:53,10.00,500.00,KGRR 060653Z AUTO 09003KT 10SM FEW005 SCT110 21/20 A2990 RMK AO2 SLP119 T02110200 $
GRR,2023-07-06 07:53,10.00,11000.00,KGRR 060753Z AUTO 23004KT 10SM -RA BKN110 21/20 A2992 RMK AO2 RAB05E31B50 SLP124 P0001 T02110200 $
GRR,2023-07-06 08:53,6.00,11000.00,KGRR 060853Z AUTO 26005KT 6SM BR BKN110 21/20 A2991 RMK AO2 RAE00 SLP123 P0000 60001 T02060200 56000 $
GRR,2023-07-06 09:53,7.00,1000.00,KGRR 060953Z 23003KT 7SM FEW010 BKN120 OVC210 21/20 A2991 RMK AO2 SLP122 T02060200 $
GRR,2023-07-06 10:53,3.00,500.00,KGRR 061053Z 27006KT 3SM BR OVC005 21/20 A2992 RMK AO2 SLP124 T02110200 $
GRR,2023-07-06 11:53,3.00,700.00,KGRR 061153Z 26006KT 3SM BR OVC007 21/21 A2991 RMK AO2 SLP123 60001 70036 T02110206 10211 20206 53001
GRR,2023-07-06 12:53,7.00,700.00,KGRR 061253Z 26008KT 7SM OVC007 21/19 A2992 RMK AO2 SLP125 T02110194
GRR,2023-07-06 13:53,10.00,1200.00,KGRR 061353Z 28008KT 10SM BKN012 BKN095 BKN120 BKN210 23/20 A2992 RMK AO2 SLP126 T02330200
GRR,2023-07-06 14:53,10.00,1400.00,KGRR 061453Z 27008KT 10SM BKN014 BKN100 BKN210 24/20 A2992 RMK AO2 SLP127 T02390200 50002
GRR,2023-07-06 15:53,10.00,2700.00,KGRR 061553Z 28008KT 10SM BKN027 BKN130 BKN210 24/19 A2992 RMK AO2 SLP127 T02440194
GRR,2023-07-06 16:53,10.00,2800.00,KGRR 061653Z 31011KT 10SM BKN028 BKN036 BKN130 BKN210 26/19 A2991 RMK AO2 SLP124 CB DSNT NE MOV E T02610194
GRR,2023-07-06 17:53,10.00,2900.00,KGRR 061753Z 31008KT 10SM BKN029 BKN050 26/19 A2991 RMK AO2 SLP122 PRESENT WX VCSH W T02610194 10278 20211 58004
GRR,2023-07-06 18:53,10.00,3100.00,KGRR 061853Z 31009KT 10SM SCT031 BKN040 OVC049 27/19 A2991 RMK AO2 SLP122 PRESENT WX VCSH SE T02670194
GRR,2023-07-06 19:53,10.00,3400.00,KGRR 061953Z 30011KT 10SM FEW034 SCT041 BKN049 BKN250 26/18 A2991 RMK AO2 SLP123 T02610178
GRR,2023-07-06 20:53,10.00,4100.00,KGRR 062053Z 32010KT 10SM SCT041 SCT050 BKN080 BKN250 26/18 A2990 RMK AO2 SLP122 T02610178 58000
GRR,2023-07-06 21:53,10.00,4900.00,KGRR 062153Z 33012KT 10SM SCT049 BKN060 BKN250 27/17 A2991 RMK AO2 SLP122 T02720167
GRR,2023-07-06 22:53,10.00,4800.00,KGRR 062253Z 33011G19KT 10SM FEW048 FEW060 BKN250 27/16 A2991 RMK AO2 SLP124 T02670156
GRR,2023-07-06 23:53,10.00,5000.00,KGRR 062353Z 33011KT 10SM FEW050 BKN250 26/14 A2992 RMK AO2 SLP127 T02610144 10278 20256 53005
GRR,2023-07-07 00:53,10.00,5000.00,KGRR 070053Z 33007KT 10SM FEW050 SCT250 24/14 A2993 RMK AO2 SLP129 T02390139
GRR,2023-07-07 01:53,10.00,25000.00,KGRR 070153Z 33007KT 10SM SCT250 22/13 A2994 RMK AO2 SLP134 T02220133
GRR,2023-07-07 02:53,10.00,25000.00,KGRR 070253Z 33006KT 10SM FEW250 21/13 A2996 RMK AO2 SLP141 T02110133 53014
GRR,2023-07-07 03:53,10.00,25000.00,KGRR 070353Z 33005KT 10SM FEW250 20/13 A2997 RMK AO2 SLP144 LAST T02000133
GRR,2023-07-07 04:53,10.00,M,KGRR 070453Z AUTO 35004KT 10SM CLR 19/13 A2997 RMK AO2 SLP145 T01890133 402780189
GRR,2023-07-07 05:53,10.00,M,KGRR 070553Z AUTO 32004KT 10SM CLR 18/13 A2997 RMK AO2 SLP144 T01830133 10261 20178 50003
GRR,2023-07-07 06:53,10.00,M,KGRR 070653Z AUTO 00000KT 10SM CLR 17/13 A2998 RMK AO2 SLP146 T01720133
GRR,2023-07-07 07:53,10.00,7000.00,KGRR 070753Z AUTO 00000KT 10SM SCT070 16/13 A2999 RMK AO2 SLP151 T01610133
GRR,2023-07-07 08:53,10.00,M,KGRR 070853Z AUTO 00000KT 10SM CLR 16/14 A2999 RMK AO2 SLP153 T01560139 52008
GRR,2023-07-07 09:53,10.00,25000.00,KGRR 070953Z 00000KT 10SM MIFG FEW250 14/13 A2999 RMK AO2 SLP153 T01440133
GRR,2023-07-07 10:53,10.00,25000.00,KGRR 071053Z 04003KT 10SM MIFG FEW250 15/14 A3000 RMK AO2 SLP155 T01500139
GRR,2023-07-07 11:53,10.00,6500.00,KGRR 071153Z 08003KT 10SM FEW065 FEW250 17/14 A3002 RMK AO2 SLP160 T01670139 10183 20144 53007
GRR,2023-07-07 12:53,10.00,6500.00,KGRR 071253Z 07006KT 10SM FEW065 FEW250 19/13 A3002 RMK AO2 SLP162 T01890128
GRR,2023-07-07 13:53,10.00,7000.00,KGRR 071353Z 07006KT 10SM FEW070 FEW250 21/13 A3002 RMK AO2 SLP163 T02060128
GRR,2023-07-07 14:53,10.00,8000.00,KGRR 071453Z 08004KT 10SM FEW080 FEW250 22/13 A3002 RMK AO2 SLP162 T02220133 50002
GRR,2023-07-07 15:53,10.00,7000.00,KGRR 071553Z VRB04KT 10SM FEW070 FEW130 SCT250 24/13 A3002 RMK AO2 SLP162 T02390133
GRR,2023-07-07 16:53,10.00,5500.00,KGRR 071653Z VRB03KT 10SM SCT055 BKN250 24/12 A3001 RMK AO2 SLP160 T02440117
GRR,2023-07-07 17:53,10.00,6500.00,KGRR 071753Z 03004KT 10SM BKN065 BKN250 25/12 A3000 RMK AO2 SLP155 T02500122 10250 20167 58007
GRR,2023-07-07 18:53,10.00,6000.00,KGRR 071853Z 08008KT 10SM BKN060 BKN075 BKN250 26/13 A2998 RMK AO2 SLP150 T02560133
GRR,2023-07-07 19:53,10.00,6500.00,KGRR 071953Z 08004KT 10SM FEW065 BKN075 BKN210 26/12 A2997 RMK AO2 SLP144 T02560122
GRR,2023-07-07 20:53,10.00,6500.00,KGRR 072053Z 00000KT 10SM BKN065 BKN210 BKN250 26/12 A2995 RMK AO2 SLP139 T02560122 57016
GRR,2023-07-07 21:53,10.00,8000.00,KGRR 072153Z 00000KT 10SM BKN080 BKN190 BKN250 26/12 A2995 RMK AO2 SLP138 T02560122
GRR,2023-07-07 22:53,10.00,7500.00,KGRR 072253Z 01005KT 10SM FEW075 SCT210 BKN250 26/13 A2993 RMK AO2 SLP131 T02560133
GRR,2023-07-07 23:53,10.00,7000.00,KGRR 072353Z 03004KT 10SM SCT070 SCT170 BKN250 24/14 A2993 RMK AO2 SLP132 T02390139 10267 20239 55006
GRR,2023-07-08 00:53,10.00,7000.00,KGRR 080053Z 01005KT 10SM FEW070 SCT170 BKN240 22/14 A2993 RMK AO2 SLP130 T02220144
GRR,2023-07-08 01:53,10.00,7000.00,KGRR 080153Z 03003KT 10SM FEW070 BKN240 22/14 A2993 RMK AO2 SLP130 T02170139
GRR,2023-07-08 02:53,10.00,7000.00,KGRR 080253Z 00000KT 10SM SCT070 BKN085 OVC180 21/15 A2994 RMK AO2 SLP134 T02060150 53001
GRR,2023-07-08 03:53,10.00,6000.00,KGRR 080353Z 00000KT 10SM BKN060 BKN090 OVC130 21/16 A2994 RMK AO2 SLP132 LAST T02060156
GRR,2023-07-08 04:53,8.00,6000.00,KGRR 080453Z AUTO 00000KT 8SM -RA BKN060 OVC080 19/16 A2994 RMK AO2 RAB00 SLP136 P0000 T01890161 402670144
GRR,2023-07-08 05:53,10.00,6000.00,KGRR 080553Z AUTO 06006KT 10SM BKN060 OVC075 19/16 A2992 RMK AO2 RAE52 SLP125 P0001 60001 T01890156 10239 20183 58007
GRR,2023-07-08 06:53,10.00,10000.00,KGRR 080653Z AUTO 09007KT 10SM OVC100 19/15 A2990 RMK AO2 SLP119 T01890150
GRR,2023-07-08 07:53,10.00,9500.00,KGRR 080753Z AUTO 08004KT 10SM OVC095 18/15 A2988 RMK AO2 SLP115 T01830150
GRR,2023-07-08 08:53,10.00,6000.00,KGRR 080853Z AUTO 04003KT 10SM BKN060 OVC090 19/15 A2987 RMK AO2 SLP111 T01890150 56014
GRR,2023-07-08 09:53,10.00,7000.00,KGRR 080953Z 07005KT 10SM FEW070 OVC080 19/15 A2985 RMK AO2 SLP104 T01890150
GRR,2023-07-08 10:53,10.00,5500.00,KGRR 081053Z 00000KT 10SM BKN055 OVC080 19/15 A2986 RMK AO2 SLP106 T01890150
GRR,2023-07-08 11:53,10.00,5000.00,KGRR 081153Z 00000KT 10SM SCT050 OVC070 19/16 A2986 RMK AO2 RAB1058E13 CIG 050 RWY 8R SLP107 P0000 60000 70001 T01890161 10189 20183 55004
GRR,2023-07-08 12:53,10.00,4600.00,KGRR 081253Z 00000KT 10SM OVC046 19/16 A2986 RMK AO2 SLP106 T01940161
GRR,2023-07-08 13:53,10.00,5500.00,KGRR 081353Z 30004KT 10SM FEW055 BKN075 OVC090 20/17 A2985 RMK AO2 RAB1255E16 SLP105 P0000 T02000172
GRR,2023-07-08 14:53,10.00,1500.00,KGRR 081453Z 33008KT 10SM SCT015 BKN090 OVC250 21/17 A2984 RMK AO2 CIG 021 RWY 8R SLP102 60000 T02060167 58005
GRR,2023-07-08 15:53,10.00,1200.00,KGRR 081553Z 35008KT 10SM BKN012 OVC017 19/17 A2986 RMK AO2 RAB26E35 SLP108 P0000 T01940167 $
GRR,2023-07-08 16:53,10.00,1400.00,KGRR 081653Z 36010KT 10SM OVC014 19/15 A2987 RMK AO2 SLP112 T01890150 $
GRR,2023-07-08 17:53,10.00,1800.00,KGRR 081753Z 35010KT 10SM -RA BKN018 OVC033 18/14 A2988 RMK AO2 RAB53 SLP115 P0000 60000 T01780139 10206 20172 53007 $
GRR,2023-07-08 18:53,10.00,2000.00,KGRR 081853Z 35007KT 10SM SCT020 SCT032 BKN065 19/14 A2988 RMK AO2 RAE29 SLP114 P0000 T01890144 $
GRR,2023-07-08 19:53,10.00,2200.00,KGRR 081953Z 33009KT 10SM BKN022 BKN031 BKN130 21/15 A2986 RMK AO2 SLP110 T02060150 $
GRR,2023-07-08 20:53,10.00,2600.00,KGRR 082053Z 35012G18KT 10SM BKN026 BKN031 BKN130 21/15 A2985 RMK AO2 SLP106 60000 T02110150 58008 $
GRR,2023-07-08 21:53,10.00,2400.00,KGRR 082153Z 01009KT 10SM SCT024 BKN031 21/15 A2984 RMK AO2 SLP103 T02060150
GRR,2023-07-08 22:53,10.00,2800.00,KGRR 082253Z 02006KT 10SM SCT028 BKN032 BKN040 21/15 A2984 RMK AO2 SLP103 T02060150
GRR,2023-07-08 23:53,10.00,2400.00,KGRR 082353Z 36004KT 10SM FEW024 SCT042 SCT050 SCT130 20/15 A2985 RMK AO2 SLP104 60000 T02000150 10222 20178 55002
GRR,2023-07-09 00:53,10.00,2500.00,KGRR 090053Z 05005KT 10SM FEW025 FEW050 FEW170 19/15 A2986 RMK AO2 SLP107 T01890150
GRR,2023-07-09 01:53,10.00,5000.00,KGRR 090153Z 12003KT 10SM FEW050 FEW170 18/15 A2988 RMK AO2 SLP114 T01780150
GRR,2023-07-09 02:53,10.00,17000.00,KGRR 090253Z 00000KT 10SM FEW170 17/15 A2989 RMK AO2 SLP120 T01720150 53016
GRR,2023-07-09 03:53,10.00,M,KGRR 090353Z 25004KT 10SM CLR 16/14 A2989 RMK AO2 SLP121 LAST T01610144
GRR,2023-07-09 04:53,10.00,M,KGRR 090453Z AUTO 29005KT 10SM CLR 17/14 A2989 RMK AO2 SLP120 T01670144 402220161
GRR,2023-07-09 05:53,10.00,M,KGRR 090553Z AUTO 00000KT 10SM CLR 16/14 A2988 RMK AO2 SLP118 T01560144 10206 20156 58004
GRR,2023-07-09 06:53,10.00,M,KGRR 090653Z AUTO 32004KT 10SM CLR 16/14 A2988 RMK AO2 SLP118 T01560144
GRR,2023-07-09 07:53,10.00,M,KGRR 090753Z AUTO 16004KT 10SM CLR 14/13 A2989 RMK AO2 SLP120 T01390128
GRR,2023-07-09 08:53,7.00,M,KGRR 090853Z AUTO 00000KT 7SM R26L/2800VP6000FT CLR 14/13 A2989 RMK AO2 SLP120 T01440133 53003
GRR,2023-07-09 09:53,3.00,400.00,KGRR 090953Z 26006KT 3SM R26L/4500VP6000FT MIFG BR SCT004 BKN210 14/13 A2990 RMK AO2 SLP125 T01390133
GRR,2023-07-09 10:51,3.00,200.00,KGRR 091051Z 00000KT 3SM R26L/1000V1600FT BR MIFG SCT002 SCT070 14/14 A2990 RMK AO2 SLP123 VIS NE-SE 1 T01440139 $
GRR,2023-07-09 11:53,1.00,200.00,KGRR 091153Z 00000KT 1SM R26L/1400VP6000FT BR BKN002 16/15 A2990 RMK AO2 SLP123 VIS W-N 3 T01560150 10156 20128 51003 $
GRR,2023-07-09 12:53,6.00,200.00,KGRR 091253Z 00000KT 6SM BR FEW002 SCT210 18/16 A2992 RMK AO2 SLP129 VIS NE-SE 2 1/2 T01780161 $
GRR,2023-07-09 13:53,10.00,600.00,KGRR 091353Z 00000KT 10SM FEW006 SCT080 SCT150 BKN250 19/16 A2993 RMK AO2 SLP131 T01940161 $
GRR,2023-07-09 14:53,10.00,2000.00,KGRR 091453Z 06003KT 10SM FEW020 SCT250 21/16 A2992 RMK AO2 SLP131 T02110161 51008 $
GRR,2023-07-09 15:53,10.00,4500.00,KGRR 091553Z 00000KT 10SM FEW045 SCT250 23/12 A2992 RMK AO2 SLP129 T02330117 $
GRR,2023-07-09 16:53,10.00,4200.00,KGRR 091653Z 31004KT 10SM FEW042 SCT250 25/14 A2992 RMK AO2 SLP126 T02500144 $
GRR,2023-07-09 17:53,10.00,5000.00,KGRR 091753Z 33006KT 10SM SCT050 BKN250 26/14 A2991 RMK AO2 SLP124 T02560144 10261 20156 58005 $
GRR,2023-07-09 18:53,10.00,4900.00,KGRR 091853Z 28006KT 10SM BKN049 BKN250 27/15 A2990 RMK AO2 SLP120 T02720150 $
GRR,2023-07-09 19:53,10.00,4900.00,KGRR 091953Z 30009KT 10SM FEW049 SCT090 SCT200 26/14 A2989 RMK AO2 SLP118 T02610139 $
GRR,2023-07-09 20:53,10.00,5000.00,KGRR 092053Z 30011KT 10SM SCT050 SCT150 27/14 A2988 RMK AO2 SLP116 T02670139 56008 $
GRR,2023-07-09 21:53,10.00,5500.00,KGRR 092153Z 32007KT 10SM FEW055 FEW070 FEW150 27/14 A2988 RMK AO2 SLP113 T02670139 $
GRR,2023-07-09 22:53,10.00,6000.00,KGRR 092253Z 26009KT 10SM FEW060 SCT150 SCT200 26/12 A2987 RMK AO2 SLP110 T02610122 $
GRR,2023-07-09 23:53,10.00,6000.00,KGRR 092353Z 25010KT 10SM FEW060 FEW150 FEW200 25/12 A2987 RMK AO2 SLP113 T02500122 10272 20250 55003 $
GRR,2023-07-10 00:53,10.00,6000.00,KGRR 100053Z 25008KT 10SM FEW060 FEW150 FEW200 24/12 A2988 RMK AO2 SLP115 T02390122 $
GRR,2023-07-10 01:53,10.00,12000.00,KGRR 100153Z 24004KT 10SM FEW120 FEW200 22/13 A2988 RMK AO2 SLP115 T02170128 $
GRR,2023-07-10 02:53,10.00,M,KGRR 100253Z 25005KT 10SM CLR 21/14 A2989 RMK AO2 SLP119 T02060139 53006 $
GRR,2023-07-10 03:53,10.00,M,KGRR 100353Z 25003KT 10SM R26L/3500VP6000FT CLR 19/14 A2990 RMK AO2 SLP122 LAST T01940139 $
GRR,2023-07-10 04:53,10.00,M,KGRR 100453Z AUTO 23003KT 10SM CLR 17/13 A2990 RMK AO2 SLP123 T01720133 402720128 $
GRR,2023-07-10 05:53,10.00,M,KGRR 100553Z AUTO 18004KT 10SM CLR 15/13 A2990 RMK AO2 SLP121 T01500133 10250 20150 50002 $
GRR,2023-07-10 06:53,10.00,M,KGRR 100653Z AUTO 16003KT 10SM CLR 15/13 A2989 RMK AO2 SLP118 T01500128 $
GRR,2023-07-10 07:53,10.00,M,KGRR 100753Z AUTO 16004KT 10SM CLR 15/13 A2989 RMK AO2 SLP119 T01500133 $
GRR,2023-07-10 08:53,10.00,M,KGRR 100853Z AUTO 00000KT 10SM CLR 14/13 A2989 RMK AO2 SLP119 T01440128 56002 $
GRR,2023-07-10 09:53,10.00,25000.00,KGRR 100953Z 16005KT 10SM FEW250 14/12 A2991 RMK AO2 SLP123 T01390122 $
GRR,2023-07-10 10:53,10.00,25000.00,KGRR 101053Z 19004KT 10SM FEW250 14/13 A2991 RMK AO2 SLP125 T01440128 $
GRR,2023-07-10 11:53,10.00,25000.00,KGRR 101153Z 19003KT 10SM FEW250 18/14 A2991 RMK AO2 SLP126 T01780144 10178 20139 51007 $
GRR,2023-07-10 12:53,10.00,25000.00,KGRR 101253Z 24005KT 10SM FEW250 22/16 A2992 RMK AO2 SLP126 T02170161 $
GRR,2023-07-10 13:53,10.00,25000.00,KGRR 101353Z 26007KT 10SM FEW250 24/16 A2992 RMK AO2 SLP128 T02440161 $
GRR,2023-07-10 14:53,10.00,25000.00,KGRR 101453Z 24008KT 10SM FEW250 26/17 A2992 RMK AO2 SLP128 T02610172 50003 $
GRR,2023-07-10 15:53,10.00,M,KGRR 101553Z 25013KT 10SM CLR 27/15 A2993 RMK AO2 SLP129 T02720150 $
GRR,2023-07-10 16:53,10.00,M,KGRR 101653Z 26013G23KT 10SM CLR 28/14 A2992 RMK AO2 SLP128 T02780144 $
GRR,2023-07-10 17:53,10.00,M,KGRR 101753Z 24013KT 10SM CLR 28/15 A2992 RMK AO2 SLP127 T02830150 10289 20178 58002 $
GRR,2023-07-10 18:53,10.00,M,KGRR 101853Z 24014KT 10SM CLR 29/14 A2991 RMK AO2 SLP123 T02890139 $
GRR,2023-07-10 19:53,10.00,M,KGRR 101953Z 27014KT 10SM CLR 29/13 A2990 RMK AO2 SLP120 T02890133 $
GRR,2023-07-10 20:53,10.00,M,KGRR 102053Z 23010KT 10SM CLR 29/13 A2989 RMK AO2 SLP119 T02890133 57008 $
GRR,2023-07-10 21:53,10.00,M,KGRR 102153Z 25015KT 10SM CLR 28/13 A2989 RMK AO2 SLP119 T02830128 $
GRR,2023-07-10 22:53,10.00,M,KGRR 102253Z 24014KT 10SM CLR 28/12 A2989 RMK AO2 SLP117 T02780117 $
GRR,2023-07-10 23:53,10.00,M,KGRR 102353Z 24011KT 10SM CLR 27/12 A2989 RMK AO2 SLP116 T02720122 10294 20272 58002 $
GRR,2023-07-11 00:53,10.00,M,KGRR 110053Z 23008KT 10SM CLR 26/13 A2988 RMK AO2 SLP113 T02560128 $
GRR,2023-07-11 01:53,10.00,25000.00,KGRR 110153Z 20006KT 10SM FEW250 23/13 A2988 RMK AO2 SLP112 T02330133 $
GRR,2023-07-11 02:53,10.00,M,KGRR 110253Z 20006KT 10SM CLR 23/14 A2988 RMK AO2 SLP111 T02280144 56004 $
GRR,2023-07-11 03:53,10.00,M,KGRR 110353Z 20007KT 10SM CLR 22/15 A2988 RMK AO2 SLP111 LAST T02220150 $
GRR,2023-07-11 04:53,10.00,M,KGRR 110453Z AUTO 21008KT 10SM CLR 22/16 A2988 RMK AO2 SLP114 T02220156 402940139 $
GRR,2023-07-11 05:53,10.00,M,KGRR 110553Z AUTO 21007KT 10SM CLR 21/16 A2989 RMK AO2 SLP116 T02060156 10272 20206 53005 $
GRR,2023-07-11 06:53,10.00,M,KGRR 110653Z AUTO 20008KT 10SM CLR 21/16 A2987 RMK AO2 SLP110 T02060156 $
GRR,2023-07-11 07:53,10.00,M,KGRR 110753Z AUTO 21007KT 10SM CLR 21/16 A2987 RMK AO2 SLP107 T02060161 $
GRR,2023-07-11 08:53,10.00,M,KGRR 110853Z AUTO 20006KT 10SM CLR 20/16 A2986 RMK AO2 SLP107 T02000161 56008 $
GRR,2023-07-11 09:53,10.00,7000.00,KGRR 110953Z 20003KT 10SM SCT070 BKN240 19/16 A2987 RMK AO2 LTG DSNT W AND NW SLP110 OCNL LTGICCG DSNT W-NW CB DSNT W-NW MOV E T01940161 $
GRR,2023-07-11 10:53,10.00,2000.00,KGRR 111053Z 22010KT 10SM -RA FEW020 SCT050 BKN070 BKN240 21/17 A2987 RMK AO2 LTG DSNT W RAB45 SLP111 OCNL LTGICCG DSNT W CB DSNT W MOV E P0000 T02060167 $
GRR,2023-07-11 11:53,10.00,1600.00,KGRR 111153Z 21006KT 10SM FEW016 SCT060 BKN120 BKN250 20/18 A2986 RMK AO2 RAE52 SLP107 P0000 60000 T02000178 10211 20194 58001 $
GRR,2023-07-11 12:53,10.00,4200.00,KGRR 111253Z 23008KT 10SM FEW042 SCT110 SCT180 BKN250 22/18 A2986 RMK AO2 SLP107 T02170178 $
GRR,2023-07-11 13:53,10.00,5500.00,KGRR 111353Z 25014KT 10SM FEW055 SCT085 SCT250 25/18 A2986 RMK AO2 SLP107 T02500183
GRR,2023-07-11 14:53,10.00,8500.00,KGRR 111453Z 26015G23KT 10SM FEW085 FEW120 SCT250 26/17 A2986 RMK AO2 SLP104 T02610172 58002
GRR,2023-07-11 15:53,10.00,9000.00,KGRR 111553Z 26014KT 10SM SCT090 SCT250 27/18 A2986 RMK AO2 SLP106 T02670183
GRR,2023-07-11 16:53,10.00,2800.00,KGRR 111653Z 27014G19KT 10SM FEW028 FEW100 SCT250 27/18 A2988 RMK AO2 SLP113 T02720183
GRR,2023-07-11 17:53,10.00,3000.00,KGRR 111753Z 27012KT 10SM FEW030 SCT100 BKN250 28/19 A2989 RMK AO2 SLP114 T02780189 10278 20206 53010
GRR,2023-07-11 18:53,10.00,3200.00,KGRR 111853Z 26012G20KT 10SM FEW032 SCT075 SCT120 BKN250 27/18 A2989 RMK AO2 SLP118 T02670183
GRR,2023-07-11 19:53,10.00,3500.00,KGRR 111953Z 27012G22KT 10SM FEW035 FEW080 SCT120 BKN250 27/18 A2990 RMK AO2 SLP119 T02720178
GRR,2023-07-11 20:53,10.00,3500.00,KGRR 112053Z 26013G19KT 10SM FEW035 SCT085 SCT250 27/15 A2989 RMK AO2 SLP118 T02720150 50002
GRR,2023-07-11 21:53,10.00,3500.00,KGRR 112153Z 29011G15KT 10SM FEW035 SCT250 26/15 A2989 RMK AO2 SLP117 T02610150
GRR,2023-07-11 22:53,10.00,5500.00,KGRR 112253Z 27012KT 10SM SCT055 BKN250 26/15 A2990 RMK AO2 SLP120 T02560150
GRR,2023-07-11 23:53,10.00,6000.00,KGRR 112353Z 27008KT 10SM SCT060 BKN250 24/11 A2991 RMK AO2 SLP124 T02440111 10278 20244 53006
GRR,2023-07-12 00:53,10.00,6000.00,KGRR 120053Z 33010KT 10SM FEW060 BKN250 23/08 A2992 RMK AO2 SLP127 T02280078
GRR,2023-07-12 01:53,10.00,6000.00,KGRR 120153Z 33006KT 10SM FEW060 BKN250 20/08 A2994 RMK AO2 SLP135 T02000083
GRR,2023-07-12 02:53,10.00,25000.00,KGRR 120253Z 34005KT 10SM SCT250 18/09 A2996 RMK AO2 SLP141 T01830089 53016
GRR,2023-07-12 03:53,10.00,25000.00,KGRR 120353Z 35005KT 10SM SCT250 17/08 A2997 RMK AO2 SLP144 LAST T01720083
GRR,2023-07-12 04:53,10.00,M,KGRR 120453Z AUTO 00000KT 10SM CLR 16/09 A2998 RMK AO2 SLP148 T01610089 402780161
GRR,2023-07-12 05:53,10.00,M,KGRR 120553Z AUTO 03004KT 10SM CLR 14/09 A2998 RMK AO2 SLP147 T01390089 10250 20139 51005
GRR,2023-07-12 06:53,10.00,M,KGRR 120653Z AUTO 36004KT 10SM CLR 14/09 A2999 RMK AO2 SLP151 T01440089
GRR,2023-07-12 07:53,10.00,M,KGRR 120753Z AUTO 05006KT 10SM CLR 14/11 A2998 RMK AO2 SLP148 T01440106
GRR,2023-07-12 08:53,10.00,M,KGRR 120853Z AUTO 02003KT 10SM CLR 15/10 A2999 RMK AO2 SLP151 T01500100 51004
GRR,2023-07-12 09:53,10.00,14000.00,KGRR 120953Z 07005KT 10SM BKN140 BKN240 14/10 A2998 RMK AO2 SLP149 T01440100
GRR,2023-07-12 10:53,10.00,12000.00,KGRR 121053Z 09006KT 10SM BKN120 OVC160 15/10 A2998 RMK AO2 SLP149 T01500100
GRR,2023-07-12 11:53,10.00,10000.00,KGRR 121153Z 06004KT 10SM SCT100 BKN120 BKN180 16/11 A3001 RMK AO2 SLP160 T01560111 10156 20139 53007
GRR,2023-07-12 12:53,10.00,10000.00,KGRR 121253Z 10007KT 10SM SCT100 SCT180 BKN250 17/12 A2998 RMK AO2 SLP150 T01670122
GRR,2023-07-12 13:53,10.00,9000.00,KGRR 121353Z 10008KT 10SM FEW090 SCT180 SCT250 19/14 A2997 RMK AO2 SLP146 T01940139
GRR,2023-07-12 14:53,10.00,11000.00,KGRR 121453Z 10007KT 10SM FEW110 SCT250 22/14 A2997 RMK AO2 SLP147 T02170144 55013
GRR,2023-07-12 15:53,10.00,3500.00,KGRR 121553Z 10009KT 10SM FEW035 FEW090 BKN250 23/14 A2995 RMK AO2 SLP138 T02280144
GRR,2023-07-12 16:53,10.00,3500.00,KGRR 121653Z 10008KT 10SM FEW035 BKN055 OVC250 23/14 A2995 RMK AO2 SLP138 T02330139
GRR,2023-07-12 17:53,10.00,5000.00,KGRR 121753Z 10008KT 10SM OVC050 25/14 A2992 RMK AO2 SLP130 T02500144 10250 20156 56017
GRR,2023-07-12 18:53,10.00,4500.00,KGRR 121853Z 11007KT 10SM OVC045 24/14 A2989 RMK AO2 SLP118 T02440139
GRR,2023-07-12 19:53,10.00,4200.00,KGRR 121953Z 12006KT 10SM OVC042 23/14 A2989 RMK AO2 SLP120 T02330139
GRR,2023-07-12 20:53,4.00,4000.00,KGRR 122053Z 17005KT 4SM -RA OVC040 22/16 A2988 RMK AO2 RAB43 SLP116 P0000 60000 T02170161 56014
GRR,2023-07-12 21:53,9.00,2500.00,KGRR 122153Z 06007KT 9SM -RA BKN025 OVC030 19/17 A2983 RMK AO2 PRESFR SLP102 P0009 T01890172
GRR,2023-07-12 22:53,9.00,2300.00,KGRR 122253Z 08008KT 9SM -RA FEW023 SCT030 OVC090 19/17 A2981 RMK AO2 SLP092 P0001 T01890172
GRR,2023-07-12 23:53,2.50,3000.00,KGRR 122353Z 06011KT 2 1/2SM RA BR SCT030 BKN055 OVC075 19/18 A2978 RMK AO2 LTG DSNT S SLP083 P0012 60022 T01890183 10250 20189 56033
GRR,2023-07-13 00:53,2.00,500.00,KGRR 130053Z 07016KT 2SM TSRA BR BKN005 OVC025CB 18/18 A2973 RMK AO2 LTG DSNT ALQDS TSB41 SLP065 OCNL LTGICCCCG S-W TS S-W MOV NE P0028 T01830178
GRR,2023-07-13 01:53,2.00,500.00,KGRR 130153Z 35011G23KT 2SM TSRA BR BKN005 OVC020CB 18/17 A2973 RMK AO2 PK WND 04026/0143 WSHFT 0138 LTG DSNT ALQDS SLP064 OCNL LTGICCCCG ALQDS TS ALQDS MOV NE P0035 T01780172
GRR,2023-07-13 02:53,2.50,500.00,KGRR 130253Z 07018G27KT 2 1/2SM R26L/6000VP6000FT +TSRA BR SCT005 BKN020CB OVC030 17/17 A2970 RMK AO2 PK WND 05030/0239 WSHFT 0140 LTG DSNT ALQDS SLP055 OCNL LTGICCCCG ALQDS TS ALQDS MOV NE P0061 60124 T01720167 56026 $
GRR,2023-07-13 03:53,6.00,1000.00,KGRR 130353Z 03016G25KT 6SM -RA BR BKN010 BKN026 OVC055 17/16 A2970 RMK AO2 WSHFT 0252 LTG DSNT E AND SE SLP055 TSE29B44E53 LAST P0020 T01670161 $
GRR,2023-07-13 04:53,5.00,1300.00,KGRR 130453Z AUTO 04012KT 5SM -RA BR FEW013 BKN031 OVC049 17/16 A2973 RMK AO2 RAE21B34 SLP062 P0001 T01720161 402500139 $
GRR,2023-07-13 05:53,10.00,1100.00,KGRR 130553Z AUTO 02010KT 10SM OVC011 17/16 A2977 RMK AO2 RAE03 SLP076 P0001 60146 T01720156 10189 20167 53022 $
GRR,2023-07-13 06:53,10.00,1000.00,KGRR 130653Z AUTO 05009KT 10SM FEW010 BKN016 16/15 A2977 RMK AO2 SLP076 T01610150 $
GRR,2023-07-13 07:53,10.00,2100.00,KGRR 130753Z AUTO 00000KT 10SM BKN021 16/15 A2977 RMK AO2 SLP078 T01560150 $
GRR,2023-07-13 08:53,10.00,1100.00,KGRR 130853Z AUTO 29005KT 10SM OVC011 16/15 A2980 RMK AO2 SLP088 T01610150 53011 $
GRR,2023-07-13 09:53,10.00,900.00,KGRR 130953Z 31005KT 10SM OVC009 16/14 A2983 RMK AO2 SLP099 T01610144 $
GRR,2023-07-13 10:53,10.00,900.00,KGRR 131053Z 30004KT 10SM OVC009 16/14 A2985 RMK AO2 SLP106 T01610144 $
GRR,2023-07-13 11:53,10.00,900.00,KGRR 131153Z 32007KT 10SM OVC009 16/14 A2986 RMK AO2 SLP110 70168 T01610144 10172 20156 51020 $
GRR,2023-07-13 12:53,10.00,700.00,KGRR 131253Z 30010KT 10SM OVC007 16/14 A2986 RMK AO2 SLP109 T01610144 $
GRR,2023-07-13 13:53,10.00,700.00,KGRR 131353Z 29006KT 10SM OVC007 17/14 A2986 RMK AO2 SLP109 T01670144 $
GRR,2023-07-13 14:53,10.00,1200.00,KGRR 131453Z VRB03KT 10SM SCT012 BKN065 19/15 A2986 RMK AO2 SLP109 T01940150 56001 $
GRR,2023-07-13 15:53,10.00,1200.00,KGRR 131553Z 00000KT 10SM FEW012 BKN065 21/15 A2986 RMK AO2 SLP108 T02060150
GRR,2023-07-13 16:53,10.00,2600.00,KGRR 131653Z 00000KT 10SM SCT026 BKN065 22/15 A2987 RMK AO2 SLP110 T02220150
GRR,2023-07-13 17:53,10.00,3600.00,KGRR 131753Z 00000KT 10SM SCT036 BKN065 22/14 A2986 RMK AO2 SLP108 T02220144 10228 20161 58000
GRR,2023-07-13 18:53,10.00,4000.00,KGRR 131853Z VRB04KT 10SM BKN040 BKN060 23/15 A2985 RMK AO2 SLP104 T02330150
GRR,2023-07-13 19:53,10.00,4200.00,KGRR 131953Z 30003KT 10SM BKN042 BKN060 23/14 A2985 RMK AO2 SLP104 T02330139
GRR,2023-07-13 20:53,10.00,4000.00,KGRR 132053Z 21005KT 10SM BKN040 BKN049 23/16 A2985 RMK AO2 SLP106 T02280156 55002
GRR,2023-07-13 21:53,10.00,3600.00,KGRR 132153Z 22007KT 10SM BKN036 BKN045 23/16 A2985 RMK AO2 SLP104 T02280156
GRR,2023-07-13 22:53,10.00,3500.00,KGRR 132253Z 25013KT 10SM SCT035 SCT043 23/16 A2984 RMK AO2 SLP103 T02330156
GRR,2023-07-13 23:53,10.00,4000.00,KGRR 132353Z 27010KT 10SM FEW040 SCT100 22/16 A2984 RMK AO2 SLP103 T02220156 10250 20222 56003
GRR,2023-07-14 00:53,10.00,4000.00,KGRR 140053Z 26010KT 10SM FEW040 SCT100 SCT250 21/15 A2984 RMK AO2 SLP104 T02060150
GRR,2023-07-14 01:53,10.00,10000.00,KGRR 140153Z 27005KT 10SM FEW100 FEW250 19/16 A2985 RMK AO2 SLP107 T01890156
GRR,2023-07-14 02:53,10.00,8500.00,KGRR 140253Z 26006KT 10SM FEW085 18/16 A2987 RMK AO2 SLP111 T01830156 53008
GRR,2023-07-14 03:53,10.00,8500.00,KGRR 140353Z 25006KT 10SM FEW085 18/16 A2987 RMK AO2 SLP113 LAST T01780156
GRR,2023-07-14 04:53,10.00,M,KGRR 140453Z AUTO 00000KT 10SM CLR 17/16 A2987 RMK AO2 SLP111 T01720156 402500156
GRR,2023-07-14 05:53,10.00,M,KGRR 140553Z AUTO 18003KT 10SM CLR 16/15 A2986 RMK AO2 SLP108 T01610150 10222 20156 58003
GRR,2023-07-14 06:53,10.00,M,KGRR 140653Z AUTO 17004KT 10SM CLR 16/14 A2986 RMK AO2 SLP107 T01560144
GRR,2023-07-14 07:53,8.00,M,KGRR 140753Z AUTO 17005KT 8SM CLR 16/14 A2985 RMK AO2 SLP104 T01560144
GRR,2023-07-14 08:53,9.00,M,KGRR 140853Z AUTO 17003KT 9SM CLR 16/14 A2984 RMK AO2 SLP103 T01560144 58004
GRR,2023-07-14 09:53,7.00,2800.00,KGRR 140953Z 00000KT 7SM SCT028 SCT070 BKN250 16/15 A2984 RMK AO2 SLP102 T01560150
GRR,2023-07-14 10:53,6.00,2800.00,KGRR 141053Z 17004KT 6SM BR FEW028 SCT055 BKN095 BKN250 17/16 A2983 RMK AO2 RAB0955E01 SLP099 P0000 T01670156
GRR,2023-07-14 11:53,6.00,3200.00,KGRR 141153Z 20005KT 6SM BR BKN032 BKN095 BKN250 18/17 A2984 RMK AO2 RAB12E30 SLP100 TCU DSNT NW ACC W P0004 60004 70004 T01830172 10183 20150 55002 $
GRR,2023-07-14 12:53,10.00,1700.00,KGRR 141253Z 20006KT 10SM SCT017 BKN095 BKN250 21/18 A2984 RMK AO2 LTG DSNT E SLP100 TSB08E27 T02060178
GRR,2023-07-14 13:53,10.00,1600.00,KGRR 141353Z 21008KT 10SM FEW016 SCT100 BKN250 24/20 A2983 RMK AO2 SLP098 T02390200
GRR,2023-07-14 14:53,10.00,1700.00,KGRR 141453Z 20010KT 10SM SCT017 SCT100 BKN240 24/21 A2984 RMK AO2 SLP100 T02440206 53000
GRR,2023-07-14 15:53,10.00,2300.00,KGRR 141553Z 25010KT 10SM BKN023 BKN240 25/20 A2986 RMK AO2 SLP108 T02500200
GRR,2023-07-14 16:53,10.00,2800.00,KGRR 141653Z 26010KT 10SM SCT028 SCT100 BKN250 27/19 A2986 RMK AO2 SLP106 T02670189
GRR,2023-07-14 17:53,10.00,3800.00,KGRR 141753Z 24014KT 10SM FEW038 SCT075 BKN110 BKN250 27/18 A2985 RMK AO2 LTG DSNT SW SLP105 CB DSNT SW MOV E T02720183 10283 20183 50005
GRR,2023-07-14 18:53,10.00,3500.00,KGRR 141853Z 24013KT 10SM FEW035 SCT055 BKN090 BKN250 26/16 A2985 RMK AO2 SLP104 TCU DSNT S-W T02560161
GRR,2023-07-14 19:53,10.00,3700.00,KGRR 141953Z 25014KT 10SM FEW037 BKN060 BKN250 28/17 A2983 RMK AO2 SLP098 CB DSNT NE AND E MOV E T02780172
GRR,2023-07-14 20:53,10.00,4100.00,KGRR 142053Z 26010KT 10SM FEW041 BKN065 BKN090 BKN250 29/19 A2982 RMK AO2 SLP092 T02890194 58012
GRR,2023-07-14 21:53,10.00,4100.00,KGRR 142153Z 26012KT 10SM SCT041 BKN250 28/19 A2982 RMK AO2 SLP092 T02830189
GRR,2023-07-14 22:53,10.00,4300.00,KGRR 142253Z 23007KT 10SM FEW043 BKN250 28/19 A2980 RMK AO2 SLP086 T02780194
GRR,2023-07-14 23:53,10.00,4300.00,KGRR 142353Z 24007KT 10SM FEW043 BKN250 27/19 A2980 RMK AO2 SLP087 T02720194 10289 20256 55004
GRR,2023-07-15 00:53,10.00,25000.00,KGRR 150053Z 23005KT 10SM OVC250 26/20 A2983 RMK AO2 SLP096 T02610200
GRR,2023-07-15 01:53,10.00,24000.00,KGRR 150153Z 00000KT 10SM OVC240 25/20 A2983 RMK AO2 SLP094 T02500200
GRR,2023-07-15 02:53,10.00,24000.00,KGRR 150253Z 00000KT 10SM BKN240 24/20 A2983 RMK AO2 SLP095 T02390200 51008
GRR,2023-07-15 03:53,10.00,15000.00,KGRR 150353Z 00000KT 10SM OVC150 23/21 A2981 RMK AO2 SLP090 OCNL LTGIC DSNT S-SW LAST T02280206
GRR,2023-07-15 04:53,10.00,12000.00,KGRR 150453Z AUTO 18004KT 10SM -RA BKN120 23/21 A2981 RMK AO2 LTG DSNT SE-SW RAB40 SLP090 P0000 T02280206 402890150
GRR,2023-07-15 05:53,4.00,1400.00,KGRR 150553Z AUTO 23017G22KT 4SM VCTS +RA BR FEW014 BKN033 OVC049 22/21 A2985 RMK AO2 LTG DSNT ALQDS TSB08E23 SLP103 P0028 60028 T02220211 10272 20222 53008
GRR,2023-07-15 06:53,10.00,700.00,KGRR 150653Z AUTO 09008KT 10SM -RA FEW007 BKN090 OVC110 21/19 A2983 RMK AO2 SLP096 P0025 T02060194
GRR,2023-07-15 07:53,10.00,700.00,KGRR 150753Z AUTO 13009KT 10SM BKN007 BKN010 OVC100 21/20 A2983 RMK AO2 RAE0657 SLP095 P0000 T02060200
GRR,2023-07-15 08:53,10.00,6000.00,KGRR 150853Z AUTO 12004KT 10SM BKN060 OVC075 21/20 A2983 RMK AO2 SLP095 60025 T02060200 56007
GRR,2023-07-15 09:53,7.00,800.00,KGRR 150953Z 18004KT 7SM RA FEW008 BKN070 OVC085 20/19 A2984 RMK AO2 RAB18 SLP098 P0002 T02000189
GRR,2023-07-15 10:53,10.00,3900.00,KGRR 151053Z 18005KT 10SM SCT039 BKN046 OVC075 20/19 A2983 RMK AO2 RAE53 SLP098 P0003 T02000189
GRR,2023-07-15 11:53,10.00,2500.00,KGRR 151153Z 18008KT 10SM SCT025 BKN030 BKN075 OVC130 20/19 A2983 RMK AO2 SLP098 60030 70058 T02000189 10222 20200 51002
GRR,2023-07-15 12:53,10.00,1600.00,KGRR 151253Z 20008KT 10SM SCT016 BKN023 BKN075 OVC130 21/19 A2983 RMK AO2 SLP097 T02060189
GRR,2023-07-15 13:53,10.00,1500.00,KGRR 151353Z 23008KT 10SM OVC015 22/20 A2982 RMK AO2 SLP092 T02170200
GRR,2023-07-15 14:53,10.00,1500.00,KGRR 151453Z 22011KT 10SM BKN015 BKN039 BKN090 OVC130 22/19 A2982 RMK AO2 SLP092 T02220194 56006
GRR,2023-07-15 15:53,10.00,1500.00,KGRR 151553Z 20010KT 10SM BKN015 BKN023 BKN130 23/20 A2982 RMK AO2 SLP092 T02330200
GRR,2023-07-15 16:53,10.00,2500.00,KGRR 151653Z 23011KT 10SM SCT025 BKN029 OVC100 23/19 A2983 RMK AO2 SLP096 T02330189
GRR,2023-07-15 17:53,10.00,2100.00,KGRR 151753Z 23010KT 10SM SCT021 BKN030 BKN100 25/20 A2983 RMK AO2 SLP095 T02500200 10250 20200 50003
GRR,2023-07-15 18:53,10.00,2600.00,KGRR 151853Z 23010KT 10SM SCT026 BKN041 BKN130 26/20 A2982 RMK AO2 SLP092 T02560200
GRR,2023-07-15 19:53,10.00,3000.00,KGRR 151953Z COR 23011KT 10SM SCT030 SCT035 BKN047 BKN250 26/20 A2980 RMK AO2 SLP088 T02610200
GRR,2023-07-15 20:53,10.00,2900.00,KGRR 152053Z 24012G16KT 10SM FEW029 FEW038 SCT046 BKN250 27/19 A2980 RMK AO2 SLP085 FU BKN250 T02720194 56010
GRR,2023-07-15 21:53,10.00,3200.00,KGRR 152153Z 25009KT 10SM SCT032 BKN250 27/19 A2979 RMK AO2 SLP083 FU BKN250 T02670194
GRR,2023-07-15 22:53,10.00,3000.00,KGRR 152253Z 25010KT 10SM FEW030 FEW050 BKN250 26/19 A2980 RMK AO2 SLP085 FU BKN250 T02610194
GRR,2023-07-15 23:53,10.00,5000.00,KGRR 152353Z 24008KT 10SM FEW050 BKN100 BKN250 25/19 A2980 RMK AO2 SLP085 FU BKN100 T02500194 10272 20250 55000
GRR,2023-07-16 00:53,10.00,5000.00,KGRR 160053Z 25007KT 10SM FEW050 BKN100 BKN250 23/18 A2980 RMK AO2 SLP086 FU BKN100 T02330183
GRR,2023-07-16 01:53,10.00,10000.00,KGRR 160153Z 27005KT 10SM BKN100 BKN250 23/19 A2981 RMK AO2 SLP091 FU BKN100 T02280189
GRR,2023-07-16 02:53,10.00,10000.00,KGRR 160253Z 29004KT 10SM BKN100 22/19 A2983 RMK AO2 SLP096 FU BKN100 T02220194 53010
GRR,2023-07-16 03:53,10.00,10000.00,KGRR 160353Z 26005KT 10SM SCT100 21/19 A2982 RMK AO2 SLP093 FU SCT100 LAST T02110189
GRR,2023-07-16 04:53,8.00,M,KGRR 160453Z AUTO 00000KT 8SM CLR 19/18 A2982 RMK AO2 SLP095 T01890178 402720189
GRR,2023-07-16 05:53,6.00,M,KGRR 160553Z AUTO 22004KT 6SM BR CLR 19/18 A2983 RMK AO2 SLP095 T01890178 10244 20183 55000
GRR,2023-07-16 06:53,6.00,M,KGRR 160653Z AUTO 23004KT 6SM BR CLR 18/18 A2982 RMK AO2 CIG 065 RWY 8R SLP094 T01830178
GRR,2023-07-16 07:53,6.00,M,KGRR 160753Z AUTO 22004KT 6SM BR CLR 19/18 A2981 RMK AO2 CIG 060 RWY 8R SLP090 T01890178
GRR,2023-07-16 08:53,5.00,M,KGRR 160853Z AUTO 17004KT 5SM BR CLR 17/17 A2981 RMK AO2 SLP089 T01720167 57006
GRR,2023-07-16 09:53,4.00,25000.00,KGRR 160953Z 00000KT 4SM BR SCT250 18/17 A2980 RMK AO2 SLP087 T01780167
GRR,2023-07-16 10:53,5.00,25000.00,KGRR 161053Z 22006KT 5SM BR FEW250 18/17 A2981 RMK AO2 SLP089 T01830172
GRR,2023-07-16 11:53,4.00,M,KGRR 161153Z 24009KT 4SM BR CLR 19/18 A2982 RMK AO2 SLP092 T01940178 10194 20172 53003
GRR,2023-07-16 12:53,4.00,M,KGRR 161253Z 25008KT 4SM BR CLR 21/18 A2981 RMK AO2 SLP089 T02060183
GRR,2023-07-16 13:53,4.00,1500.00,KGRR 161353Z 25010KT 4SM HZ SCT015 22/18 A2982 RMK AO2 SLP093 T02220183
GRR,2023-07-16 14:53,4.00,1700.00,KGRR 161453Z 25013KT 4SM HZ FEW017 23/18 A2981 RMK AO2 SLP091 T02330178 56001
GRR,2023-07-16 15:53,4.00,2600.00,KGRR 161553Z 26013KT 4SM HZ BKN026 24/18 A2983 RMK AO2 SLP097 T02390178
GRR,2023-07-16 16:53,4.00,2800.00,KGRR 161653Z 26017G24KT 4SM HZ SCT028 SCT042 BKN250 24/17 A2984 RMK AO2 SLP101 T02390167
GRR,2023-07-16 17:53,5.00,3400.00,KGRR 161753Z 27017G24KT 5SM HZ SCT034 25/17 A2984 RMK AO2 SLP100 T02500167 10250 20194 51009
GRR,2023-07-16 18:53,10.00,4700.00,KGRR 161853Z 27017G24KT 10SM SCT047 25/14 A2984 RMK AO2 PK WND 29030/1820 SLP101 T02500139
GRR,2023-07-16 19:53,10.00,5000.00,KGRR 161953Z 25016G25KT 10SM FEW050 SCT250 25/12 A2984 RMK AO2 PK WND 29026/1928 SLP099 T02500117
GRR,2023-07-16 20:53,10.00,5500.00,KGRR 162053Z 27017G24KT 10SM FEW055 SCT250 25/11 A2984 RMK AO2 PK WND 26026/2010 SLP100 T02500111 55001
GRR,2023-07-16 21:53,10.00,5500.00,KGRR 162153Z 29017G22KT 10SM FEW055 SCT250 25/11 A2984 RMK AO2 PK WND 28027/2133 SLP101 T02500106
GRR,2023-07-16 22:53,10.00,5500.00,KGRR 162253Z 26017KT 10SM FEW055 SCT250 24/11 A2982 RMK AO2 SLP095 T02440111
GRR,2023-07-16 23:53,10.00,25000.00,KGRR 162353Z 25010KT 10SM SCT250 23/12 A2982 RMK AO2 SLP096 T02330117 10256 20233 58005
GRR,2023-07-17 00:53,10.00,25000.00,KGRR 170053Z 20007KT 10SM SCT250 22/12 A2983 RMK AO2 SLP097 T02170117
GRR,2023-07-17 01:53,10.00,25000.00,KGRR 170153Z 19006KT 10SM FEW250 20/13 A2983 RMK AO2 SLP098 T02000128
GRR,2023-07-17 02:53,10.00,M,KGRR 170253Z 18007KT 10SM CLR 19/13 A2982 RMK AO2 SLP095 T01890128 58001
GRR,2023-07-17 03:53,10.00,M,KGRR 170353Z 19007KT 10SM CLR 19/13 A2982 RMK AO2 SLP096 LAST T01890128
GRR,2023-07-17 04:53,10.00,M,KGRR 170453Z AUTO 21011KT 10SM CLR 20/13 A2983 RMK AO2 SLP095 T02000133 402560172
GRR,2023-07-17 05:53,8.00,8000.00,KGRR 170553Z AUTO 22010KT 8SM SCT080 20/14 A2983 RMK AO2 LTG DSNT NW-NE SLP097 T02000144 10233 20183 53003
GRR,2023-07-17 06:53,10.00,3400.00,KGRR 170653Z AUTO 33010KT 310V010 10SM -TSRA BKN034 19/13 A2985 RMK AO2 WSHFT 0602 LTG DSNT NW-NE RAB51 TSB42 SLP103 P0000 T01940128
GRR,2023-07-17 07:53,9.00,3900.00,KGRR 170753Z AUTO 25006KT 9SM FEW039 FEW070 OVC100 19/15 A2984 RMK AO2 RAE02B28E45 TSE08 SLP098 P0000 T01890150
GRR,2023-07-17 08:53,7.00,M,KGRR 170853Z AUTO 25004KT 7SM CLR 18/16 A2982 RMK AO2 SLP095 60000 T01830156 58009
GRR,2023-07-17 09:53,6.00,25000.00,KGRR 170953Z 24004KT 6SM BR FEW250 18/16 A2983 RMK AO2 SLP097 T01780156
GRR,2023-07-17 10:53,3.00,25000.00,KGRR 171053Z 23004KT 3SM BR FEW250 17/16 A2985 RMK AO2 SLP105 T01720156
GRR,2023-07-17 11:53,4.00,M,KGRR 171153Z 25007KT 4SM BR CLR 18/16 A2987 RMK AO2 SLP110 60000 T01780161 10206 20167 53014
GRR,2023-07-17 12:53,9.00,25000.00,KGRR 171253Z 27007KT 9SM FEW250 21/15 A2987 RMK AO2 SLP113 T02060150
GRR,2023-07-17 13:53,10.00,2500.00,KGRR 171353Z 28011KT 10SM FEW025 FEW250 22/14 A2989 RMK AO2 SLP117 T02170144 $
GRR,2023-07-17 14:53,10.00,3000.00,KGRR 171453Z 29010G15KT 10SM SCT030 22/15 A2989 RMK AO2 SLP118 T02220150 51008
GRR,2023-07-17 15:53,10.00,3800.00,KGRR 171553Z 28015G23KT 10SM SCT038 23/12 A2990 RMK AO2 SLP122 T02330122
GRR,2023-07-17 16:53,10.00,5000.00,KGRR 171653Z 25015G22KT 10SM FEW050 24/11 A2991 RMK AO2 SLP124 T02390111
GRR,2023-07-17 17:53,10.00,5000.00,KGRR 171753Z 25012KT 10SM FEW050 23/12 A2991 RMK AO2 SLP125 T02330117 10239 20178 51007
GRR,2023-07-17 18:53,10.00,5000.00,KGRR 171853Z 27011KT 10SM FEW050 SCT250 24/12 A2991 RMK AO2 SLP126 T02390117
GRR,2023-07-17 19:53,10.00,5000.00,KGRR 171953Z 26013G20KT 10SM SCT050 SCT250 24/12 A2991 RMK AO2 SLP126 T02390117
GRR,2023-07-17 20:53,10.00,5000.00,KGRR 172053Z 28010KT 10SM SCT050 SCT250 23/12 A2992 RMK AO2 SLP127 T02330122 53002
GRR,2023-07-17 21:53,10.00,5000.00,KGRR 172153Z 26014G22KT 10SM FEW050 SCT250 23/12 A2991 RMK AO2 PK WND 23026/2125 SLP125 T02280117
GRR,2023-07-17 22:53,10.00,5000.00,KGRR 172253Z 28008KT 10SM FEW050 BKN250 22/11 A2991 RMK AO2 SLP125 T02220111
GRR,2023-07-17 23:53,10.00,5000.00,KGRR 172353Z 31007KT 10SM FEW050 SCT250 22/11 A2991 RMK AO2 SLP126 T02220106 10239 20222 55001
GRR,2023-07-18 00:53,10.00,8000.00,KGRR 180053Z 30007KT 10SM FEW080 SCT250 21/10 A2991 RMK AO2 SLP125 T02060100
GRR,2023-07-18 01:53,10.00,8000.00,KGRR 180153Z 22003KT 10SM FEW080 SCT250 19/11 A2993 RMK AO2 SLP131 T01940111
GRR,2023-07-18 02:53,10.00,8000.00,KGRR 180253Z 24004KT 10SM SCT080 SCT250 18/12 A2995 RMK AO2 SLP138 T01830117 53013
GRR,2023-07-18 03:53,10.00,8500.00,KGRR 180353Z 24004KT 10SM BKN085 BKN250 17/12 A2996 RMK AO2 SLP143 LAST T01720122
GRR,2023-07-18 04:53,10.00,8500.00,KGRR 180453Z AUTO 24004KT 10SM OVC085 19/12 A2997 RMK AO2 SLP145 T01890122 402390167
GRR,2023-07-18 05:53,10.00,8500.00,KGRR 180553Z AUTO 27004KT 10SM OVC085 18/12 A2996 RMK AO2 SLP141 T01830117 10217 20172 50003
GRR,2023-07-18 06:53,10.00,8500.00,KGRR 180653Z AUTO 26004KT 10SM BKN085 17/12 A2995 RMK AO2 SLP138 T01720117
GRR,2023-07-18 07:53,10.00,8000.00,KGRR 180753Z AUTO 18004KT 10SM FEW080 14/12 A2995 RMK AO2 SLP140 T01440122
GRR,2023-07-18 08:53,10.00,8000.00,KGRR 180853Z AUTO 24004KT 10SM FEW080 16/12 A2995 RMK AO2 SLP140 T01610117 55002
GRR,2023-07-18 09:53,10.00,8000.00,KGRR 180953Z 25004KT 10SM FEW080 FEW250 16/12 A2996 RMK AO2 SLP144 T01560122
GRR,2023-07-18 10:53,10.00,8000.00,KGRR 181053Z 17003KT 10SM FEW080 FEW250 14/12 A2998 RMK AO2 SLP150 T01390122
GRR,2023-07-18 11:53,10.00,8000.00,KGRR 181153Z 00000KT 10SM FEW080 FEW250 16/14 A3000 RMK AO2 SLP155 T01610139 10183 20133 53015 $
GRR,2023-07-18 12:53,10.00,8000.00,KGRR 181253Z 00000KT 10SM FEW080 19/14 A3000 RMK AO2 SLP156 T01940144 $
GRR,2023-07-18 13:53,10.00,2500.00,KGRR 181353Z 00000KT 10SM FEW025 SCT075 21/14 A3001 RMK AO2 SLP159 T02110139 $
GRR,2023-07-18 14:53,10.00,3500.00,KGRR 181453Z VRB03KT 10SM FEW035 FEW075 23/14 A3001 RMK AO2 SLP157 T02280139 50003 $
GRR,2023-07-18 15:53,10.00,4200.00,KGRR 181553Z 21005KT 10SM BKN042 BKN075 24/14 A3000 RMK AO2 SLP154 T02390139 $
GRR,2023-07-18 16:53,10.00,4200.00,KGRR 181653Z 27006KT 10SM BKN042 BKN070 23/13 A3000 RMK AO2 SLP154 T02280133 $
GRR,2023-07-18 17:53,10.00,4500.00,KGRR 181753Z 24009KT 10SM BKN045 BKN075 23/14 A3000 RMK AO2 SLP154 T02330139 10250 20161 56003 $
GRR,2023-07-18 18:53,10.00,4800.00,KGRR 181853Z 34006KT 10SM SCT048 BKN060 BKN080 24/13 A2998 RMK AO2 SLP150 T02440133 $
GRR,2023-07-18 19:53,10.00,5000.00,KGRR 181953Z 26010KT 10SM SCT050 BKN070 26/13 A2999 RMK AO2 SLP153 T02560128 $
GRR,2023-07-18 20:53,10.00,5000.00,KGRR 182053Z 25007KT 10SM FEW050 SCT070 SCT250 25/12 A2998 RMK AO2 SLP150 T02500122 56003 $
GRR,2023-07-18 21:53,10.00,5000.00,KGRR 182153Z 22007KT 10SM FEW050 FEW070 SCT250 25/12 A2998 RMK AO2 SLP147 T02500117 $
GRR,2023-07-18 22:53,10.00,6000.00,KGRR 182253Z 23004KT 10SM FEW060 SCT250 25/12 A2996 RMK AO2 SLP143 T02500122 $
GRR,2023-07-18 23:53,10.00,6000.00,KGRR 182353Z 28004KT 10SM FEW060 SCT250 24/13 A2997 RMK AO2 SLP145 T02390128 10261 20233 55006 $
GRR,2023-07-19 00:53,10.00,25000.00,KGRR 190053Z 28006KT 10SM BKN250 23/13 A2998 RMK AO2 SLP147 T02280128 $
GRR,2023-07-19 01:53,10.00,25000.00,KGRR 190153Z 31004KT 10SM SCT250 21/13 A2999 RMK AO2 SLP153 T02060133 $
GRR,2023-07-19 02:53,10.00,25000.00,KGRR 190253Z VRB04KT 10SM FEW250 20/13 A3001 RMK AO2 SLP160 T02000128 53015 $
GRR,2023-07-19 03:53,10.00,25000.00,KGRR 190353Z VRB04KT 10SM FEW250 19/13 A3004 RMK AO2 SLP169 LAST T01890133 $
GRR,2023-07-19 04:53,10.00,M,KGRR 190453Z AUTO 00000KT 10SM CLR 17/13 A3005 RMK AO2 SLP172 T01670133 402610133 $
GRR,2023-07-19 05:53,10.00,M,KGRR 190553Z AUTO 18003KT 10SM CLR 16/13 A3005 RMK AO2 SLP172 T01560133 10239 20156 51012 $
GRR,2023-07-19 06:53,10.00,M,KGRR 190653Z AUTO 00000KT 10SM CLR 16/13 A3004 RMK AO2 SLP171 T01560133 $
GRR,2023-07-19 07:53,10.00,M,KGRR 190753Z AUTO 00000KT 10SM CLR 15/13 A3004 RMK AO2 SLP169 T01500133 $
GRR,2023-07-19 08:53,10.00,M,KGRR 190853Z AUTO 00000KT 10SM CLR 14/13 A3003 RMK AO2 SLP168 T01390128 58004 $
GRR,2023-07-19 09:53,10.00,10000.00,KGRR 190953Z 00000KT 10SM FEW100 14/12 A3005 RMK AO2 SLP173 T01390122 $
GRR,2023-07-19 10:53,10.00,10000.00,KGRR 191053Z 00000KT 10SM FEW100 FEW250 14/13 A3006 RMK AO2 SLP178 T01390133 $
GRR,2023-07-19 11:53,10.00,25000.00,KGRR 191153Z 00000KT 10SM FEW250 16/14 A3007 RMK AO2 SLP180 T01610144 10161 20133 51012
GRR,2023-07-19 12:53,10.00,25000.00,KGRR 191253Z 00000KT 10SM FEW250 20/16 A3008 RMK AO2 SLP181 T02000156
GRR,2023-07-19 13:53,10.00,M,KGRR 191353Z 12004KT 10SM CLR 22/15 A3009 RMK AO2 SLP185 T02170150
GRR,2023-07-19 14:53,10.00,M,KGRR 191453Z VRB03KT 10SM CLR 23/14 A3008 RMK AO2 SLP182 T02330139 50002
GRR,2023-07-19 15:53,10.00,4500.00,KGRR 191553Z VRB04KT 10SM FEW045 25/14 A3009 RMK AO2 SLP184 T02500139
GRR,2023-07-19 16:53,10.00,5000.00,KGRR 191653Z 20005KT 10SM FEW050 FEW250 26/14 A3008 RMK AO2 SLP182 T02610139
GRR,2023-07-19 17:53,10.00,5000.00,KGRR 191753Z VRB03KT 10SM FEW050 FEW250 27/15 A3007 RMK AO2 SLP178 T02670150 10267 20161 58003
GRR,2023-07-19 18:53,10.00,5500.00,KGRR 191853Z VRB05KT 10SM FEW055 BKN180 BKN250 27/14 A3006 RMK AO2 SLP176 T02720144
GRR,2023-07-19 19:53,10.00,6000.00,KGRR 191953Z VRB05KT 10SM FEW060 BKN170 BKN250 27/14 A3005 RMK AO2 SLP174 T02720144
GRR,2023-07-19 20:53,10.00,6000.00,KGRR 192053Z 00000KT 10SM SCT060 BKN170 BKN250 27/14 A3004 RMK AO2 SLP168 T02720144 58010
GRR,2023-07-19 21:53,10.00,6000.00,KGRR 192153Z VRB05KT 10SM BKN060 BKN140 BKN250 27/16 A3003 RMK AO2 SLP167 T02720161
GRR,2023-07-19 22:53,10.00,6000.00,KGRR 192253Z 18006KT 10SM FEW060 SCT140 BKN250 27/16 A3002 RMK AO2 SLP163 T02670156
GRR,2023-07-19 23:53,10.00,6500.00,KGRR 192353Z 22007KT 10SM FEW065 SCT110 BKN250 26/15 A3002 RMK AO2 SLP163 T02610150 10278 20261 57005
GRR,2023-07-20 00:53,10.00,6000.00,KGRR 200053Z 03004KT 10SM FEW060 BKN110 BKN250 24/16 A3001 RMK AO2 SLP157 T02440161
GRR,2023-07-20 01:53,10.00,11000.00,KGRR 200153Z 34003KT 10SM BKN110 BKN250 23/16 A3001 RMK AO2 SLP159 T02280161
GRR,2023-07-20 02:53,10.00,6000.00,KGRR 200253Z VRB03KT 10SM FEW060 SCT110 BKN250 22/16 A3001 RMK AO2 SLP157 T02170161 56004
GRR,2023-07-20 03:53,10.00,11000.00,KGRR 200353Z 29004KT 10SM FEW110 SCT250 22/16 A3000 RMK AO2 SLP156 LAST T02170161
GRR,2023-07-20 04:53,10.00,M,KGRR 200453Z AUTO 00000KT 10SM CLR 19/16 A3000 RMK AO2 SLP156 T01890156 402780133
GRR,2023-07-20 05:53,10.00,M,KGRR 200553Z AUTO 15003KT 10SM CLR 18/16 A2998 RMK AO2 SLP149 T01830161 10261 20178 58008
GRR,2023-07-20 06:53,10.00,M,KGRR 200653Z AUTO 16003KT 10SM CLR 18/16 A2996 RMK AO2 SLP142 T01780161
GRR,2023-07-20 07:53,10.00,M,KGRR 200753Z AUTO 17003KT 10SM CLR 18/16 A2996 RMK AO2 SLP140 T01780161
GRR,2023-07-20 08:53,9.00,M,KGRR 200853Z AUTO 18004KT 9SM CLR 17/16 A2996 RMK AO2 SLP142 T01720161 55006
GRR,2023-07-20 09:53,10.00,16000.00,KGRR 200953Z 16003KT 10SM SCT160 BKN250 18/16 A2995 RMK AO2 SLP138 T01780161
GRR,2023-07-20 10:53,10.00,16000.00,KGRR 201053Z 22003KT 10SM SCT160 SCT250 18/16 A2995 RMK AO2 SLP138 T01830161
GRR,2023-07-20 11:53,10.00,12000.00,KGRR 201153Z 21004KT 10SM FEW120 FEW250 20/17 A2994 RMK AO2 SLP133 T02000167 10200 20172 58009
GRR,2023-07-20 12:53,10.00,12000.00,KGRR 201253Z 20008KT 10SM FEW120 FEW250 22/17 A2991 RMK AO2 SLP124 T02220172
GRR,2023-07-20 13:53,10.00,12000.00,KGRR 201353Z 21012KT 10SM FEW120 FEW250 24/17 A2988 RMK AO2 SLP114 T02440172
GRR,2023-07-20 14:53,10.00,2800.00,KGRR 201453Z 22013KT 10SM FEW028 FEW120 SCT250 26/18 A2985 RMK AO2 SLP104 T02610183 58028
GRR,2023-07-20 15:53,10.00,2800.00,KGRR 201553Z 21014G23KT 10SM SCT028 BKN120 BKN250 27/21 A2983 RMK AO2 SLP097 T02720206
GRR,2023-07-20 16:53,10.00,3100.00,KGRR 201653Z 25025G34KT 10SM BKN031 BKN100 27/21 A2982 RMK AO2 PK WND 24034/1645 LTG DSNT W-NE SLP093 TCU DSNT W-N T02670206
GRR,2023-07-20 17:53,8.00,2700.00,KGRR 201753Z 30013G20KT 8SM R26L/5000VP6000 -TSRA SCT027CB BKN045 BKN075 21/18 A2984 RMK AO2 PK WND 30037/1734 WSHFT 1727 LTG DSNT ALQDS RAB29 TSB11 SLP102 OCNL LTGICCG E-SW TS E-SW MOV E P0006 60006 T02110183 10283 20200 55004 $
GRR,2023-07-20 18:53,10.00,3000.00,KGRR 201853Z 29017G24KT 10SM FEW030 SCT045 SCT075 BKN250 26/19 A2983 RMK AO2 PK WND 28029/1838 RAE1759 TSE15 SLP095 CB DSNT SE MOV E P0000 T02610189 $
GRR,2023-07-20 19:53,10.00,3700.00,KGRR 201953Z 27015G23KT 10SM FEW037 SCT050 27/17 A2982 RMK AO2 PK WND 27029/1934 SLP094 T02720172 $
GRR,2023-07-20 20:53,10.00,3700.00,KGRR 202053Z 29012G21KT 10SM FEW037 SCT050 28/17 A2981 RMK AO2 PK WND 30026/2008 SLP090 60000 T02830167 56009 $
GRR,2023-07-20 21:53,10.00,5500.00,KGRR 202153Z 29019G25KT 10SM SCT055 SCT075 27/14 A2981 RMK AO2 PK WND 29027/2119 SLP090 T02720144 $
GRR,2023-07-20 22:53,10.00,4900.00,KGRR 202253Z 29016G21KT 10SM SCT049 SCT060 26/15 A2981 RMK AO2 SLP091 T02560150 $
GRR,2023-07-20 23:53,10.00,4500.00,KGRR 202353Z 29012G23KT 10SM FEW045 FEW060 24/15 A2983 RMK AO2 SLP096 60000 T02440150 10283 20211 53006 $
GRR,2023-07-21 00:53,10.00,4300.00,KGRR 210053Z 32014KT 10SM FEW043 FEW060 23/15 A2984 RMK AO2 SLP101 T02330150 $
GRR,2023-07-21 01:53,10.00,4300.00,KGRR 210153Z 32011KT 10SM FEW043 FEW060 22/16 A2987 RMK AO2 SLP109 T02220156 $
GRR,2023-07-21 02:53,10.00,6000.00,KGRR 210253Z 31008KT 10SM FEW060 21/16 A2989 RMK AO2 SLP117 T02110156 53020 $
GRR,2023-07-21 03:53,10.00,M,KGRR 210353Z 32009KT 10SM CLR 20/16 A2991 RMK AO2 SLP123 LAST T02000156 $
GRR,2023-07-21 04:53,10.00,M,KGRR 210453Z AUTO 33009KT 10SM CLR 19/16 A2991 RMK AO2 SLP124 T01890156 402830172 $
GRR,2023-07-21 05:53,10.00,M,KGRR 210553Z AUTO 33010KT 10SM CLR 18/16 A2991 RMK AO2 SLP126 T01830156 10244 20183 51007 $
GRR,2023-07-21 06:53,10.00,M,KGRR 210653Z AUTO 33008KT 10SM CLR 18/16 A2992 RMK AO2 SLP126 T01780161 $
GRR,2023-07-21 07:53,10.00,4900.00,KGRR 210753Z AUTO 31006KT 10SM SCT049 18/16 A2993 RMK AO2 SLP130 T01780161 $
GRR,2023-07-21 08:53,10.00,4900.00,KGRR 210853Z AUTO 32008KT 10SM FEW049 17/16 A2993 RMK AO2 SLP130 T01720161 51006 $
GRR,2023-07-21 09:53,10.00,1000.00,KGRR 210953Z 32007KT 10SM FEW010 BKN043 17/16 A2994 RMK AO2 SLP134 T01720156 $
GRR,2023-07-21 10:53,10.00,1000.00,KGRR 211053Z 32004KT 10SM FEW010 BKN040 17/16 A2996 RMK AO2 SLP140 T01720156 $
GRR,2023-07-21 11:53,10.00,1000.00,KGRR 211153Z 34009KT 10SM FEW010 FEW040 18/16 A2996 RMK AO2 SLP143 70006 T01780156 10183 20172 51012
GRR,2023-07-21 12:53,10.00,1500.00,KGRR 211253Z 33007KT 10SM FEW015 19/16 A2998 RMK AO2 SLP150 T01940156
GRR,2023-07-21 13:53,10.00,1800.00,KGRR 211353Z 33008KT 10SM FEW018 21/16 A3000 RMK AO2 SLP154 T02060156
GRR,2023-07-21 14:53,10.00,2400.00,KGRR 211453Z 02009KT 10SM FEW024 22/16 A3000 RMK AO2 SLP156 T02220156 51013
GRR,2023-07-21 15:53,10.00,3000.00,KGRR 211553Z VRB03KT 10SM FEW030 23/16 A3000 RMK AO2 SLP155 T02330156
GRR,2023-07-21 16:53,10.00,3800.00,KGRR 211653Z 29007KT 10SM FEW038 24/16 A2999 RMK AO2 SLP153 T02440156
GRR,2023-07-21 17:53,10.00,4200.00,KGRR 211753Z 36007KT 10SM SCT042 25/14 A2999 RMK AO2 SLP152 T02500144 10256 20178 56004
GRR,2023-07-21 18:53,10.00,4900.00,KGRR 211853Z VRB05KT 10SM SCT049 BKN250 26/14 A2998 RMK AO2 SLP148 T02560144
GRR,2023-07-21 19:53,10.00,5000.00,KGRR 211953Z 32003KT 10SM SCT050 BKN250 27/15 A2998 RMK AO2 SLP147 T02720150
GRR,2023-07-21 20:53,10.00,6000.00,KGRR 212053Z VRB04KT 10SM SCT060 BKN250 26/14 A2998 RMK AO2 SLP148 T02610139 56004
GRR,2023-07-21 21:53,10.00,6000.00,KGRR 212153Z 24008KT 220V290 10SM SCT060 SCT075 SCT250 25/17 A2996 RMK AO2 SLP141 CB DSNT NE MOV SE T02500167
GRR,2023-07-21 22:53,10.00,6000.00,KGRR 212253Z COR 28010KT 10SM SCT060TCU BKN100 BKN250 26/17 A2996 RMK AO2 SLP140 CB DSNT NE MOV SE TCU SW T02560172
GRR,2023-07-21 23:53,10.00,6000.00,KGRR 212353Z 27008KT 10SM SCT060 SCT110 SCT250 25/16 A2995 RMK AO2 SLP137 CB DSNT E MOV SE T02500161 10278 20244 56011
GRR,2023-07-22 00:53,10.00,5000.00,KGRR 220053Z 28008KT 10SM FEW050 SCT080 SCT250 24/16 A2994 RMK AO2 SLP136 CB DSNT SE MOV SE T02390161
GRR,2023-07-22 01:53,10.00,7000.00,KGRR 220153Z 28006KT 10SM FEW070 SCT090 SCT250 23/16 A2996 RMK AO2 SLP139 T02330161
GRR,2023-07-22 02:53,10.00,8500.00,KGRR 220253Z 27006KT 10SM FEW085 21/16 A2996 RMK AO2 SLP142 T02110161 53005
GRR,2023-07-22 03:53,10.00,M,KGRR 220353Z 28006KT 10SM CLR 21/16 A2996 RMK AO2 SLP141 LAST T02060156
GRR,2023-07-22 04:53,10.00,M,KGRR 220453Z AUTO 28005KT 10SM CLR 19/16 A2996 RMK AO2 SLP141 T01940156 402780172
GRR,2023-07-22 05:53,10.00,M,KGRR 220553Z AUTO 00000KT 10SM CLR 18/15 A2996 RMK AO2 SLP141 T01830150 10250 20183 58001
GRR,2023-07-22 06:53,10.00,M,KGRR 220653Z AUTO 00000KT 10SM CLR 18/15 A2995 RMK AO2 SLP137 T01780150
GRR,2023-07-22 07:53,10.00,M,KGRR 220753Z AUTO 24003KT 10SM CLR 17/15 A2994 RMK AO2 SLP134 T01720150
GRR,2023-07-22 08:53,10.00,M,KGRR 220853Z AUTO 00000KT 10SM CLR 17/15 A2994 RMK AO2 SLP135 T01670150 56005
GRR,2023-07-22 09:53,10.00,6500.00,KGRR 220953Z 28006KT 10SM SCT065 SCT180 17/15 A2995 RMK AO2 SLP138 T01670150
GRR,2023-07-22 10:53,10.00,7500.00,KGRR 221053Z 28005KT 10SM FEW075 FEW180 17/15 A2996 RMK AO2 SLP141 T01720150
GRR,2023-07-22 11:53,10.00,7500.00,KGRR 221153Z 00000KT 10SM FEW075 FEW180 18/16 A2996 RMK AO2 SLP141 T01830156 10183 20156 51006
GRR,2023-07-22 12:53,10.00,3000.00,KGRR 221253Z 00000KT 10SM FEW030 FEW075 SCT180 21/15 A2996 RMK AO2 SLP142 CB DSNT NW MOV SE T02110150
GRR,2023-07-22 13:53,10.00,7500.00,KGRR 221353Z 23004KT 10SM SCT075 BKN110 BKN180 23/16 A2997 RMK AO2 SLP143 T02330156
GRR,2023-07-22 14:53,10.00,5500.00,KGRR 221453Z 31007KT 10SM FEW055 SCT090 SCT110 BKN180 24/15 A2996 RMK AO2 SLP140 T02390150 58001
GRR,2023-07-22 15:53,10.00,5500.00,KGRR 221553Z 30005KT 10SM FEW055 BKN085 BKN110 BKN180 25/14 A2995 RMK AO2 SLP137 T02500139
GRR,2023-07-22 16:53,10.00,5500.00,KGRR 221653Z 27007KT 230V310 10SM FEW055 SCT085 BKN110 BKN160 26/14 A2994 RMK AO2 SLP134 T02610144
GRR,2023-07-22 17:53,10.00,3000.00,KGRR 221753Z 30009KT 10SM FEW030 SCT085 SCT110 BKN150 27/14 A2993 RMK AO2 SLP129 60000 T02720139 10272 20183 58010
GRR,2023-07-22 18:53,10.00,4000.00,KGRR 221853Z 26009KT 10SM FEW040 FEW080 FEW130 SCT230 28/13 A2991 RMK AO2 SLP125 CB DSNT SE-SW MOV E T02780128
GRR,2023-07-22 19:53,10.00,6000.00,KGRR 221953Z VRB04G16KT 10SM SCT060 SCT130 SCT230 28/14 A2990 RMK AO2 SLP119 CB DSNT SE-SW MOV E T02830144
GRR,2023-07-22 20:53,10.00,6000.00,KGRR 222053Z 25013G18KT 10SM SCT060 SCT130 SCT230 28/14 A2989 RMK AO2 SLP117 CB DSNT SE-SW MOV E T02830144 56012
GRR,2023-07-22 21:53,10.00,7500.00,KGRR 222153Z 24011KT 10SM SCT075 SCT130 SCT230 28/13 A2988 RMK AO2 SLP114 CB DSNT NE-SE MOV E T02780133
GRR,2023-07-22 22:53,10.00,7500.00,KGRR 222253Z 24011KT 10SM FEW075 FEW130 FEW230 27/13 A2988 RMK AO2 LTG DSNT N AND E SLP112 CB DSNT NE-SE MOV E T02670133
GRR,2023-07-22 23:53,10.00,5500.00,KGRR 222353Z 25009KT 10SM FEW055 FEW090 FEW230 26/14 A2988 RMK AO2 LTG DSNT E SLP115 CB DSNT E MOV E T02560144 10289 20256 55002
GRR,2023-07-23 00:53,10.00,6000.00,KGRR 230053Z 29007KT 10SM FEW060 FEW130 SCT230 24/14 A2989 RMK AO2 SLP115 CB DSNT E-SE MOV E T02440144
GRR,2023-07-23 01:53,10.00,13000.00,KGRR 230153Z 29007KT 10SM SCT130 23/15 A2990 RMK AO2 SLP119 T02280150
GRR,2023-07-23 02:53,10.00,13000.00,KGRR 230253Z 19003KT 10SM FEW130 20/15 A2989 RMK AO2 SLP118 T02000150 50003
GRR,2023-07-23 03:53,10.00,14000.00,KGRR 230353Z 17006KT 10SM FEW140 18/15 A2989 RMK AO2 SLP119 LAST T01830150
GRR,2023-07-23 04:53,10.00,M,KGRR 230453Z AUTO 17005KT 10SM CLR 17/14 A2990 RMK AO2 SLP120 T01720144 402890156
GRR,2023-07-23 05:53,10.00,M,KGRR 230553Z AUTO 17004KT 10SM CLR 17/14 A2990 RMK AO2 SLP122 T01720144 10256 20172 53003
GRR,2023-07-23 06:53,10.00,M,KGRR 230653Z AUTO 16005KT 10SM CLR 17/15 A2989 RMK AO2 SLP118 T01720150
GRR,2023-07-23 07:53,10.00,7000.00,KGRR 230753Z AUTO 00000KT 10SM FEW070 17/14 A2989 RMK AO2 SLP116 T01670144
GRR,2023-07-23 08:53,10.00,M,KGRR 230853Z AUTO 18004KT 10SM CLR 16/14 A2989 RMK AO2 SLP118 T01610144 55004
GRR,2023-07-23 09:53,10.00,6000.00,KGRR 230953Z 21005KT 10SM SCT060 BKN110 BKN250 18/16 A2991 RMK AO2 SLP122 ACC NE T01780156
GRR,2023-07-23 10:53,10.00,6500.00,KGRR 231053Z 29004KT 10SM FEW065 BKN110 BKN250 19/16 A2991 RMK AO2 SLP125 T01890161
GRR,2023-07-23 11:53,10.00,6500.00,KGRR 231153Z 00000KT 10SM -RA FEW065 BKN100 OVC250 18/17 A2992 RMK AO2 RAB06 SLP128 P0001 60001 70001 T01830167 10189 20161 51010
GRR,2023-07-23 12:53,10.00,6000.00,KGRR 231253Z 15006KT 10SM FEW060 OVC100 18/17 A2993 RMK AO2 RAE36 SLP132 P0002 T01830172
GRR,2023-07-23 13:53,10.00,4400.00,KGRR 231353Z 18007KT 10SM FEW044 BKN095 OVC130 19/18 A2993 RMK AO2 SLP133 T01940178
GRR,2023-07-23 14:53,10.00,4400.00,KGRR 231453Z 17010KT 10SM FEW044 BKN095 BKN130 OVC250 20/18 A2994 RMK AO2 SLP137 60002 T02000178 53007
GRR,2023-07-23 15:53,10.00,4000.00,KGRR 231553Z 19010KT 10SM FEW040 SCT100 BKN170 21/17 A2995 RMK AO2 SLP139 T02110172
GRR,2023-07-23 16:53,10.00,2300.00,KGRR 231653Z 20010KT 10SM SCT023 BKN075 BKN150 OVC250 22/17 A2995 RMK AO2 SLP140 T02220172
GRR,2023-07-23 17:53,10.00,2700.00,KGRR 231753Z 21009KT 10SM SCT027 BKN150 OVC250 23/17 A2993 RMK AO2 SLP133 60002 T02330172 10233 20183 58003
GRR,2023-07-23 18:53,10.00,3100.00,KGRR 231853Z 17008KT 10SM SCT031 BKN100 BKN250 24/17 A2993 RMK AO2 SLP131 T02390167
GRR,2023-07-23 19:53,4.00,2500.00,KGRR 231953Z COR VRB04KT 4SM -TSRA SCT025CB BKN030 BKN050 OVC130 23/18 A2993 RMK AO2 RAB46 TSB22 SLP132 OCNL LTGICCCCG W-N TS W-N MOV E P0000 T02280178
GRR,2023-07-23 20:53,5.00,2500.00,KGRR 232053Z 17008KT 5SM -TSRA BR FEW025 BKN040CB BKN070 OVC250 19/18 A2992 RMK AO2 LTG DSNT SE AND S SLP130 OCNL LTGICCCCG E-S TS E-S MOV E P0032 60032 T01940178 58005 $
GRR,2023-07-23 21:53,10.00,4000.00,KGRR 232153Z 15006KT 10SM FEW040 SCT070 BKN200 23/18 A2992 RMK AO2 LTG DSNT SE AND S RAE2055 TSE10 SLP127 P0000 T02280183 $
GRR,2023-07-23 22:53,10.00,4000.00,KGRR 232253Z 25007KT 10SM FEW040 FEW070 SCT100 BKN200 24/15 A2993 RMK AO2 LTG DSNT SE SLP130 T02440150 $
GRR,2023-07-23 23:53,10.00,4000.00,KGRR 232353Z 25008KT 10SM FEW040 FEW100 SCT200 BKN250 23/16 A2993 RMK AO2 SLP132 60032 T02330156 10244 20189 53004 $
GRR,2023-07-24 00:53,10.00,20000.00,KGRR 240053Z 24006KT 10SM FEW200 SCT250 22/16 A2994 RMK AO2 SLP137 T02170156 $
GRR,2023-07-24 01:53,10.00,25000.00,KGRR 240153Z 22005KT 10SM FEW250 20/16 A2995 RMK AO2 SLP140 T02000156 $
GRR,2023-07-24 02:53,10.00,25000.00,KGRR 240253Z 24005KT 10SM FEW250 19/16 A2998 RMK AO2 SLP148 T01940156 53015 $
GRR,2023-07-24 03:53,10.00,25000.00,KGRR 240353Z 00000KT 10SM FEW250 18/15 A2998 RMK AO2 SLP151 LAST T01780150 $
GRR,2023-07-24 04:53,10.00,M,KGRR 240453Z AUTO 22003KT 10SM CLR 18/16 A2999 RMK AO2 SLP151 T01830156 402440161 $
GRR,2023-07-24 05:53,10.00,M,KGRR 240553Z AUTO 00000KT 10SM CLR 17/15 A2998 RMK AO2 SLP150 T01720150 10233 20167 50003 $
GRR,2023-07-24 06:53,10.00,M,KGRR 240653Z AUTO 00000KT 10SM CLR 17/15 A2998 RMK AO2 SLP149 T01670150 $
GRR,2023-07-24 07:53,10.00,M,KGRR 240753Z AUTO 16003KT 10SM CLR 16/14 A2998 RMK AO2 SLP150 T01560139 $
GRR,2023-07-24 08:53,8.00,M,KGRR 240853Z AUTO 18004KT 8SM CLR 15/14 A2999 RMK AO2 SLP153 T01500144 53000 $
GRR,2023-07-24 09:53,9.00,5500.00,KGRR 240953Z 00000KT 9SM FEW055 SCT250 16/14 A2999 RMK AO2 SLP152 T01560144 $
GRR,2023-07-24 10:53,6.00,4800.00,KGRR 241053Z 17004KT 6SM BR FEW048 FEW250 15/14 A3000 RMK AO2 SLP156 T01500144 $
GRR,2023-07-24 11:53,7.00,M,KGRR 241153Z 17004KT 7SM CLR 17/16 A3001 RMK AO2 SLP160 70034 T01670156 10172 20150 53008
GRR,2023-07-24 12:53,10.00,10000.00,KGRR 241253Z 20006KT 10SM FEW100 20/16 A3002 RMK AO2 SLP161 T02000161
GRR,2023-07-24 13:53,10.00,25000.00,KGRR 241353Z 23007KT 10SM FEW250 23/18 A3002 RMK AO2 SLP163 T02330183
GRR,2023-07-24 14:53,10.00,25000.00,KGRR 241453Z 24006KT 10SM SCT250 25/19 A3002 RMK AO2 SLP162 T02500189 51004
GRR,2023-07-24 15:53,9.00,2600.00,KGRR 241553Z 24006KT 9SM FEW026 SCT250 26/19 A3003 RMK AO2 SLP166 T02610194
GRR,2023-07-24 16:53,7.00,3300.00,KGRR 241653Z 24010KT 7SM SCT033 SCT250 27/19 A3004 RMK AO2 SLP166 T02720189
GRR,2023-07-24 17:53,6.00,3500.00,KGRR 241753Z 27011KT 6SM HZ SCT035 SCT250 28/17 A3003 RMK AO2 SLP165 T02830172 10283 20167 50003
GRR,2023-07-24 18:53,7.00,3500.00,KGRR 241853Z 27011KT 7SM SCT035 BKN250 28/18 A3002 RMK AO2 SLP163 T02830178
GRR,2023-07-24 19:53,7.00,4500.00,KGRR 241953Z 28012KT 7SM SCT045 SCT060 BKN250 28/17 A3002 RMK AO2 SLP161 T02830167
GRR,2023-07-24 20:53,6.00,6000.00,KGRR 242053Z 25010KT 6SM HZ FEW060 FEW160 BKN270 28/16 A3001 RMK AO2 SLP160 T02780156 56006
GRR,2023-07-24 21:53,8.00,22000.00,KGRR 242153Z 26011KT 8SM SCT220 BKN270 27/14 A3002 RMK AO2 SLP164 T02720144
GRR,2023-07-24 22:53,10.00,22000.00,KGRR 242253Z 28010KT 10SM FEW220 BKN270 26/15 A3002 RMK AO2 SLP161 T02610150
GRR,2023-07-24 23:53,10.00,22000.00,KGRR 242353Z 27008KT 10SM FEW220 BKN270 25/18 A3003 RMK AO2 SLP165 T02500178 10289 20250 53004
GRR,2023-07-25 00:53,10.00,25000.00,KGRR 250053Z 29005KT 10SM BKN250 24/18 A3004 RMK AO2 SLP167 T02390183
GRR,2023-07-25 01:53,10.00,25000.00,KGRR 250153Z 28006KT 10SM SCT250 23/18 A3004 RMK AO2 SLP169 T02280183
GRR,2023-07-25 02:53,10.00,25000.00,KGRR 250253Z 29005KT 10SM FEW250 22/18 A3006 RMK AO2 SLP174 T02170178 53010
GRR,2023-07-25 03:53,9.00,25000.00,KGRR 250353Z 26005KT 9SM FEW250 21/18 A3006 RMK AO2 SLP176 LAST T02060178
GRR,2023-07-25 04:53,8.00,M,KGRR 250453Z AUTO 00000KT 8SM CLR 19/17 A3008 RMK AO2 SLP181 T01890167 402890150
GRR,2023-07-25 05:53,8.00,M,KGRR 250553Z AUTO 00000KT 8SM CLR 18/16 A3007 RMK AO2 SLP180 T01780161 10250 20178 50006
GRR,2023-07-25 06:53,7.00,M,KGRR 250653Z AUTO 23004KT 7SM CLR 18/17 A3007 RMK AO2 SLP180 T01830167
GRR,2023-07-25 07:53,8.00,M,KGRR 250753Z AUTO 00000KT 8SM CLR 17/16 A3008 RMK AO2 SLP181 T01720161
GRR,2023-07-25 08:53,7.00,M,KGRR 250853Z AUTO 00000KT 7SM CLR 18/17 A3007 RMK AO2 SLP180 T01830167 50000
GRR,2023-07-25 09:53,6.00,6000.00,KGRR 250953Z 00000KT 6SM BR FEW060 BKN250 18/17 A3009 RMK AO2 SLP184 T01780167
GRR,2023-07-25 10:53,5.00,6000.00,KGRR 251053Z 24003KT 5SM BR FEW060 SCT250 18/17 A3009 RMK AO2 SLP185 T01830172
GRR,2023-07-25 11:53,4.00,6000.00,KGRR 251153Z 19004KT 4SM BR FEW060 SCT250 18/17 A3010 RMK AO2 SLP189 T01780172 10189 20167 51008
GRR,2023-07-25 12:53,5.00,6000.00,KGRR 251253Z 00000KT 5SM BR FEW060 FEW250 21/18 A3010 RMK AO2 SLP189 T02060183
GRR,2023-07-25 13:53,6.00,6000.00,KGRR 251353Z 24003KT 6SM HZ FEW060 FEW250 23/18 A3010 RMK AO2 SLP189 T02330178
GRR,2023-07-25 14:53,7.00,6500.00,KGRR 251453Z 25007KT 7SM SCT065 25/18 A3011 RMK AO2 SLP192 T02500178 53004
GRR,2023-07-25 15:53,5.00,M,KGRR 251553Z 21006KT 5SM HZ CLR 27/18 A3011 RMK AO2 SLP192 T02670178
GRR,2023-07-25 16:53,5.00,7000.00,KGRR 251653Z 24008KT 5SM HZ FEW070 28/18 A3011 RMK AO2 SLP190 T02780183
GRR,2023-07-25 17:53,4.00,7000.00,KGRR 251753Z 26010G18KT 4SM FU FEW070 29/18 A3009 RMK AO2 SLP187 T02890183 10289 20178 58005
GRR,2023-07-25 18:53,4.00,25000.00,KGRR 251853Z 27008G17KT 4SM FU SCT250 29/18 A3008 RMK AO2 SLP181 T02940183
GRR,2023-07-25 19:53,4.00,25000.00,KGRR 251953Z 24010KT 4SM FU BKN250 29/18 A3007 RMK AO2 SLP177 T02940178
GRR,2023-07-25 20:53,4.00,25000.00,KGRR 252053Z 27009KT 4SM FU BKN250 29/18 A3005 RMK AO2 SLP171 T02940178 58015
GRR,2023-07-25 21:53,4.00,25000.00,KGRR 252153Z 27005KT 4SM FU BKN250 29/18 A3003 RMK AO2 SLP166 T02940178
GRR,2023-07-25 22:53,4.00,25000.00,KGRR 252253Z 24010KT 4SM FU BKN250 29/17 A3003 RMK AO2 SLP165 T02890167
GRR,2023-07-25 23:53,4.00,25000.00,KGRR 252353Z 23007KT 4SM FU BKN250 28/18 A3003 RMK AO2 SLP166 T02830178 10294 20283 55005
GRR,2023-07-26 00:53,4.00,25000.00,KGRR 260053Z 25005KT 4SM FU BKN250 26/17 A3003 RMK AO2 SLP165 T02610172
GRR,2023-07-26 01:53,4.00,25000.00,KGRR 260153Z 25004KT 4SM FU BKN250 26/18 A3004 RMK AO2 SLP166 T02560178
GRR,2023-07-26 02:53,4.00,25000.00,KGRR 260253Z 17005KT 4SM FU BKN250 22/18 A3004 RMK AO2 SLP169 T02170183 53003
GRR,2023-07-26 03:53,4.00,25000.00,KGRR 260353Z 16005KT 4SM FU BKN250 22/18 A3003 RMK AO2 SLP165 LAST T02220183
GRR,2023-07-26 04:53,4.00,M,KGRR 260453Z AUTO 17007KT 4SM BR CLR 21/18 A3002 RMK AO2 SLP160 T02060183 402940167
GRR,2023-07-26 05:53,4.00,M,KGRR 260553Z AUTO 17007KT 4SM HZ CLR 21/18 A3000 RMK AO2 SLP154 T02110183 10283 20206 58014
GRR,2023-07-26 06:53,4.00,M,KGRR 260653Z AUTO 17006KT 4SM BR CLR 20/18 A2999 RMK AO2 SLP151 T02000178
GRR,2023-07-26 07:53,4.00,M,KGRR 260753Z AUTO 17006KT 4SM BR CLR 20/18 A2998 RMK AO2 SLP147 T02000178
GRR,2023-07-26 08:53,4.00,M,KGRR 260853Z AUTO 16008KT 4SM BR CLR 19/17 A2997 RMK AO2 SLP144 T01890172 57010
GRR,2023-07-26 09:53,4.00,20000.00,KGRR 260953Z 17007KT 4SM BR FEW200 19/17 A2997 RMK AO2 SLP142 T01890172
GRR,2023-07-26 10:53,3.00,14000.00,KGRR 261053Z 15006KT 3SM BR FEW140 BKN250 19/17 A2995 RMK AO2 SLP138 T01940172
GRR,2023-07-26 11:53,4.00,14000.00,KGRR 261153Z 15004KT 4SM FU FEW140 SCT250 21/18 A2995 RMK AO2 SLP135 T02110178 10211 20189 58009
GRR,2023-07-26 12:53,5.00,20000.00,KGRR 261253Z 16007KT 5SM FU SCT200 SCT250 23/19 A2993 RMK AO2 SLP129 T02330189
GRR,2023-07-26 13:53,6.00,20000.00,KGRR 261353Z 16010KT 6SM HZ SCT200 BKN250 25/20 A2989 RMK AO2 SLP117 T02500200
GRR,2023-07-26 14:53,7.00,19000.00,KGRR 261453Z 16010KT 7SM SCT190 OVC250 26/21 A2989 RMK AO2 SLP117 T02610211 56018
GRR,2023-07-26 15:53,7.00,4000.00,KGRR 261553Z 18008KT 7SM FEW040 SCT090 BKN120 OVC190 26/22 A2987 RMK AO2 LTG DSNT NW SLP110 T02610217
GRR,2023-07-26 16:53,1.50,2200.00,KGRR 261653Z 19010KT 1 1/2SM R26L/5000VP6000FT TSRA BR SCT022CB BKN050 OVC100 24/22 A2983 RMK AO2 LTG DSNT ALQDS RAB06E31B45 TSB08E26B34 SLP098 FRQ LTGICCG SE-SW TS SE-SW MOV E P0002 T02440222
GRR,2023-07-26 17:53,5.00,2800.00,KGRR 261753Z 22004KT 5SM -RA BR SCT028 SCT045 OVC090 22/21 A2983 RMK AO2 LTG DSNT ALQDS TSE40 SLP098 P0012 60014 T02220206 10267 20211 56020
GRR,2023-07-26 18:53,6.00,3000.00,KGRR 261853Z 25012KT 6SM -TSRA SCT030CB BKN045 BKN110 OVC250 22/21 A2987 RMK AO2 LTG DSNT E-S TSB42 PRESRR SLP109 OCNL LTGICCCCG S TS S MOV E P0008 T02220211 $
GRR,2023-07-26 19:53,10.00,600.00,KGRR 261953Z 18009KT 10SM FEW006 SCT035 BKN120 OVC250 23/22 A2980 RMK AO2 LTG DSNT S RAE35 TSE30 SLP088 P0002 T02280217 $
GRR,2023-07-26 20:53,10.00,800.00,KGRR 262053Z 18011KT 10SM SCT008 BKN032 BKN040 OVC130 23/21 A2980 RMK AO2 LTG DSNT S AND SW SLP088 60010 T02330211 58009 $
GRR,2023-07-26 21:53,4.00,1500.00,KGRR 262153Z 23008KT 4SM TSRA BR FEW015 BKN022CB OVC040 23/21 A2979 RMK AO2 LTG DSNT ALQDS RAB48 TSE13B32 SLP085 OCNL LTGICCCCG OHD TS OHD MOV E P0000 T02280206 $
GRR,2023-07-26 22:53,3.00,600.00,KGRR 262253Z 00000KT 3SM R26L/2600VP6000FT -TSRA BR BKN006 BKN015CB OVC030 22/22 A2978 RMK AO2 LTG DSNT ALQDS SLP079 OCNL LTGICCCCG OHD TS OHD MOV E P0085 T02170217 $
GRR,2023-07-26 23:53,10.00,2000.00,KGRR 262353Z 00000KT 10SM FEW020 SCT030 BKN070 BKN130 BKN250 23/22 A2978 RMK AO2 LTG DSNT E-S RAE33 TSE33 SLP079 P0006 60101 T02280217 10244 20217 55008 $
GRR,2023-07-27 00:53,10.00,800.00,KGRR 270053Z COR 24003KT 10SM FEW008 BKN016 BKN130 BKN250 23/22 A2979 RMK AO2 SLP083 T02330222 $
GRR,2023-07-27 01:53,10.00,800.00,KGRR 270153Z 25004KT 10SM FEW008 SCT012 SCT022 BKN250 23/22 A2979 RMK AO2 SLP084 T02280217 $
GRR,2023-07-27 02:53,9.00,800.00,KGRR 270253Z 28007KT 9SM FEW008 SCT012 22/22 A2981 RMK AO2 SLP089 T02220217 53011 $
GRR,2023-07-27 03:53,6.00,500.00,KGRR 270353Z COR 25004KT 6SM BR FEW005 FEW012 22/21 A2982 RMK AO2 SLP095 LAST T02170211 $
GRR,2023-07-27 04:53,4.00,500.00,KGRR 270453Z AUTO 28005KT 4SM BR FEW005 22/21 A2983 RMK AO2 SLP098 T02170211 402670189 $
GRR,2023-07-27 05:53,4.00,M,KGRR 270553Z AUTO 29004KT 4SM BR CLR 21/21 A2985 RMK AO2 SLP105 T02110206 10233 20211 53013 $
GRR,2023-07-27 06:53,3.00,M,KGRR 270653Z AUTO 30004KT 3SM BR CLR 21/21 A2986 RMK AO2 SLP109 T02110206 $
GRR,2023-07-27 07:53,4.00,400.00,KGRR 270753Z AUTO 35003KT 4SM BR SCT004 OVC010 21/20 A2987 RMK AO2 CIG 004 RWY 8R SLP112 T02060200 $
GRR,2023-07-27 08:53,8.00,800.00,KGRR 270853Z AUTO 28003KT 8SM SCT008 21/19 A2989 RMK AO2 SLP116 T02060194 53012 $
GRR,2023-07-27 09:53,6.00,1000.00,KGRR 270953Z 29004KT 6SM MIFG BR FEW010 21/19 A2990 RMK AO2 SLP123 T02060194 $
GRR,2023-07-27 10:53,6.00,800.00,KGRR 271053Z 02007KT 6SM BR OVC008 21/19 A2993 RMK AO2 SLP133 T02060194 $
GRR,2023-07-27 11:53,8.00,800.00,KGRR 271153Z 03005KT 8SM BKN008 21/19 A2996 RMK AO2 SLP141 70115 T02110194 10211 20200 53024
GRR,2023-07-27 12:53,9.00,800.00,KGRR 271253Z 15003KT 9SM BKN008 22/19 A2997 RMK AO2 SLP144 T02170194
GRR,2023-07-27 13:53,9.00,900.00,KGRR 271353Z VRB03KT 9SM SCT009 23/19 A2998 RMK AO2 SLP148 T02280194
GRR,2023-07-27 14:53,10.00,1100.00,KGRR 271453Z 00000KT 10SM FEW011 24/20 A3000 RMK AO2 SLP154 T02390200 53013
GRR,2023-07-27 15:53,10.00,1200.00,KGRR 271553Z 00000KT 10SM FEW012 FEW150 26/19 A3002 RMK AO2 SLP162 T02560194
GRR,2023-07-27 16:53,10.00,3000.00,KGRR 271653Z VRB03KT 10SM FEW030 FEW150 27/19 A3002 RMK AO2 SLP160 T02670194
GRR,2023-07-27 17:53,9.00,3000.00,KGRR 271753Z 00000KT 9SM FEW030 FEW065 28/19 A3001 RMK AO2 SLP157 T02830189 10283 20206 50004
GRR,2023-07-27 18:53,10.00,3000.00,KGRR 271853Z 18004KT 10SM FEW030 29/19 A3000 RMK AO2 SLP152 T02940194
GRR,2023-07-27 19:53,10.00,3000.00,KGRR 271953Z 12003KT 10SM FEW030 FEW100 29/21 A2999 RMK AO2 SLP149 T02940206
GRR,2023-07-27 20:53,10.00,10000.00,KGRR 272053Z 19007KT 10SM FEW100 30/21 A2998 RMK AO2 SLP147 T03000206 56010
GRR,2023-07-27 21:53,10.00,25000.00,KGRR 272153Z 20006KT 10SM FEW250 30/19 A2999 RMK AO2 SLP149 T03000194
GRR,2023-07-27 22:53,10.00,25000.00,KGRR 272253Z 18008KT 10SM FEW250 30/19 A2996 RMK AO2 SLP140 T03000194
GRR,2023-07-27 23:53,10.00,M,KGRR 272353Z 18006KT 10SM CLR 29/19 A2995 RMK AO2 SLP135 T02890194 10300 20283 58012
GRR,2023-07-28 00:53,10.00,25000.00,KGRR 280053Z 19004KT 10SM SCT250 28/20 A2997 RMK AO2 SLP143 T02780200
GRR,2023-07-28 01:53,10.00,25000.00,KGRR 280153Z 20003KT 10SM SCT250 26/21 A2999 RMK AO2 SLP149 T02610206
GRR,2023-07-28 02:53,10.00,25000.00,KGRR 280253Z 00000KT 10SM SCT250 24/21 A3000 RMK AO2 SLP152 T02440206 51017
GRR,2023-07-28 03:53,10.00,25000.00,KGRR 280353Z 17005KT 10SM SCT250 23/21 A2999 RMK AO2 SLP149 LAST T02280206
GRR,2023-07-28 04:53,10.00,M,KGRR 280453Z AUTO 00000KT 10SM CLR 22/20 A2998 RMK AO2 SLP148 T02170200 403000200
GRR,2023-07-28 05:53,9.00,M,KGRR 280553Z AUTO 00000KT 9SM CLR 22/20 A2998 RMK AO2 SLP145 T02170200 10289 20217 56006
GRR,2023-07-28 06:53,10.00,4400.00,KGRR 280653Z AUTO 00000KT 10SM BKN044 22/21 A2998 RMK AO2 SLP147 T02220206
GRR,2023-07-28 07:53,10.00,M,KGRR 280753Z AUTO 17005KT 10SM CLR 22/20 A2997 RMK AO2 SLP144 T02170200
GRR,2023-07-28 08:53,10.00,1800.00,KGRR 280853Z AUTO 32010KT 10SM FEW018 BKN046 23/21 A2998 RMK AO2 SLP147 T02280206 53002
GRR,2023-07-28 09:53,10.00,4500.00,KGRR 280953Z 00000KT 10SM SCT045 BKN170 BKN210 23/21 A2998 RMK AO2 SLP145 T02330206
GRR,2023-07-28 10:53,10.00,9500.00,KGRR 281053Z 20005KT 10SM -RA SCT095 OVC170 23/21 A2998 RMK AO2 RAB53 SLP146 P0000 T02280206
GRR,2023-07-28 11:53,9.00,9000.00,KGRR 281153Z 16006KT 9SM SCT090 BKN120 OVC170 23/21 A2997 RMK AO2 RAE05B23E32 SLP141 P0000 60000 T02280211 10239 20211 58005
GRR,2023-07-28 12:53,9.00,9000.00,KGRR 281253Z 16004KT 9SM FEW090 BKN110 OVC220 23/22 A2994 RMK AO2 SLP134 T02330217
GRR,2023-07-28 13:53,10.00,11000.00,KGRR 281353Z 21004KT 10SM FEW110 SCT170 BKN250 25/22 A2995 RMK AO2 SLP136 T02500222
GRR,2023-07-28 14:53,10.00,11000.00,KGRR 281453Z VRB06KT 10SM FEW110 SCT170 BKN220 27/21 A2994 RMK AO2 SLP133 T02720211 56008
GRR,2023-07-28 15:53,10.00,14000.00,KGRR 281553Z 23007KT 10SM FEW140 BKN220 28/21 A2998 RMK AO2 SLP147 T02780211
GRR,2023-07-28 16:53,10.00,3000.00,KGRR 281653Z 24006KT 10SM FEW030 FEW140 BKN220 29/21 A2998 RMK AO2 SLP147 T02890211
GRR,2023-07-28 17:53,10.00,3600.00,KGRR 281753Z 29011KT 10SM FEW036 SCT150 BKN250 29/22 A2998 RMK AO2 SLP146 T02890217 10300 20228 50011
GRR,2023-07-28 18:53,10.00,3200.00,KGRR 281853Z 29008KT 10SM FEW032 FEW200 BKN250 29/21 A2998 RMK AO2 SLP144 T02940211
GRR,2023-07-28 19:53,10.00,4000.00,KGRR 281953Z VRB04KT 10SM FEW040 FEW140 FEW200 BKN250 30/21 A2997 RMK AO2 SLP141 T03000211
GRR,2023-07-28 20:53,10.00,4000.00,KGRR 282053Z VRB03KT 10SM FEW040 FEW200 SCT250 31/21 A2996 RMK AO2 SLP139 T03110211 58006
GRR,2023-07-28 21:53,10.00,6000.00,KGRR 282153Z 29006KT 10SM FEW060 FEW200 FEW250 31/21 A2994 RMK AO2 SLP133 T03110211
GRR,2023-07-28 22:53,10.00,6000.00,KGRR 282253Z 00000KT 10SM FEW060 SCT140 SCT250 31/21 A2996 RMK AO2 SLP137 ACCAS SW-NW CB DSNT E MOV E T03060206
GRR,2023-07-28 23:53,10.00,6000.00,KGRR 282353Z 15006KT 10SM FEW060 SCT140 SCT250 29/22 A2997 RMK AO2 SLP142 T02940222 10311 20283 53003
GRR,2023-07-29 00:53,10.00,4100.00,KGRR 290053Z 16004KT 10SM FEW041 FEW140 FEW250 28/22 A2996 RMK AO2 SLP140 CB DSNT E AND SW MOV E T02780217
GRR,2023-07-29 01:53,10.00,9500.00,KGRR 290153Z 09006KT 10SM FEW095 FEW150 26/22 A2991 RMK AO2 SLP121 CONS LTGIC DSNT S CB DSNT S MOV E T02560222
GRR,2023-07-29 02:53,10.00,9000.00,KGRR 290253Z 14003KT 10SM SCT090 24/22 A2991 RMK AO2 SLP122 CONS LTGIC DSNT S-SW CB DSNT S-SW MOV E T02440222 55019
GRR,2023-07-29 03:53,10.00,10000.00,KGRR 290353Z 06004KT 10SM BKN100 OVC150 24/22 A2991 RMK AO2 SLP121 CONS LTGIC DSNT SW-W CB DSNT SW-W MOV E LAST T02440222
GRR,2023-07-29 04:53,10.00,9000.00,KGRR 290453Z AUTO 12008KT 10SM FEW090 24/22 A2989 RMK AO2 LTG DSNT ALQDS SLP116 T02440217 403110211
GRR,2023-07-29 05:53,2.00,800.00,KGRR 290553Z AUTO 30010G18KT 2SM +TSRA BR BKN008 BKN022 OVC032 23/22 A2994 RMK AO2 LTG DSNT ALQDS RAB0454 TSB17 SLP132 P0017 60017 T02280217 10294 20228 53010
GRR,2023-07-29 06:53,3.00,4900.00,KGRR 290653Z AUTO 28010KT 3SM +TSRA BR FEW049 OVC075 22/20 A2993 RMK AO2 PK WND 27028/0605 LTG DSNT ALQDS TSE07B51 SLP128 P0033 T02170200
GRR,2023-07-29 07:53,5.00,1000.00,KGRR 290753Z AUTO 02006KT 5SM RA BR FEW010 BKN095 OVC110 21/21 A2986 RMK AO2 LTG DSNT NE AND SE TSE06B11E26B29E44 SLP104 P0023 T02110206
GRR,2023-07-29 08:53,10.00,1300.00,KGRR 290853Z AUTO 34005KT 10SM -RA BKN013 OVC110 21/19 A2987 RMK AO2 SLP110 P0006 60062 T02110194 55017
GRR,2023-07-29 09:53,10.00,9000.00,KGRR 290953Z 08007KT 10SM SCT090 BKN110 21/20 A2989 RMK AO2 RAE36 SLP114 P0000 T02060200
GRR,2023-07-29 10:53,10.00,1200.00,KGRR 291053Z 29011KT 10SM FEW012 FEW021 BKN110 BKN250 21/19 A2993 RMK AO2 SLP129 T02060189
GRR,2023-07-29 11:53,10.00,800.00,KGRR 291153Z 32009KT 10SM BKN008 BKN070 BKN250 21/19 A2995 RMK AO2 SLP136 60062 70079 T02060194 10228 20200 53024
GRR,2023-07-29 12:53,10.00,800.00,KGRR 291253Z 35009KT 10SM BKN008 BKN075 BKN250 21/20 A2998 RMK AO2 SLP146 T02110200
GRR,2023-07-29 13:53,10.00,800.00,KGRR 291353Z 04009KT 10SM FEW008 FEW035 SCT075 SCT250 23/18 A2999 RMK AO2 SLP149 T02280178
GRR,2023-07-29 14:53,10.00,3500.00,KGRR 291453Z 07007KT 10SM FEW035 FEW250 24/17 A2998 RMK AO2 SLP148 T02390167 50012
GRR,2023-07-29 15:53,10.00,3800.00,KGRR 291553Z 35008KT 10SM FEW038 FEW250 26/18 A3003 RMK AO2 SLP164 T02560178
GRR,2023-07-29 16:53,10.00,4300.00,KGRR 291653Z 01007KT 10SM FEW043 FEW250 26/17 A3002 RMK AO2 SLP161 T02610167
GRR,2023-07-29 17:53,10.00,4000.00,KGRR 291753Z 36006KT 10SM FEW040 FEW250 27/17 A3003 RMK AO2 SLP163 T02720167 10272 20206 51015
GRR,2023-07-29 18:53,10.00,4500.00,KGRR 291853Z 36007KT 10SM FEW045 SCT250 28/17 A3003 RMK AO2 SLP164 T02780167
GRR,2023-07-29 19:53,10.00,5000.00,KGRR 291953Z 34003KT 10SM SCT050 SCT090 SCT250 28/17 A3003 RMK AO2 SLP165 T02780167
GRR,2023-07-29 20:53,10.00,5000.00,KGRR 292053Z 34006KT 10SM SCT050 SCT070 SCT250 28/17 A3003 RMK AO2 SLP163 T02830167 58001
GRR,2023-07-29 21:53,10.00,5500.00,KGRR 292153Z VRB03KT 10SM SCT055 SCT095 28/16 A3002 RMK AO2 SLP160 T02830161
GRR,2023-07-29 22:53,10.00,5500.00,KGRR 292253Z 30010KT 10SM SCT055 SCT095 28/16 A3002 RMK AO2 SLP160 T02830161
GRR,2023-07-29 23:53,10.00,5500.00,KGRR 292353Z 32011KT 10SM SCT055 SCT065 27/16 A3002 RMK AO2 SLP162 T02670161 10289 20267 55002
GRR,2023-07-30 00:53,10.00,5500.00,KGRR 300053Z 32007KT 10SM FEW055 FEW095 24/17 A3002 RMK AO2 SLP162 T02440172
GRR,2023-07-30 01:53,10.00,9500.00,KGRR 300153Z 32007KT 10SM FEW095 23/17 A3003 RMK AO2 SLP165 T02330167
GRR,2023-07-30 02:53,10.00,14000.00,KGRR 300253Z 34006KT 10SM SCT140 22/17 A3005 RMK AO2 SLP170 T02220167 53008
GRR,2023-07-30 03:53,10.00,13000.00,KGRR 300353Z 35005KT 10SM SCT130 21/16 A3005 RMK AO2 SLP173 LAST T02060161
GRR,2023-07-30 04:53,10.00,7500.00,KGRR 300453Z AUTO 02003KT 10SM SCT075 20/16 A3006 RMK AO2 SLP173 T02000156 402890200
GRR,2023-07-30 05:53,10.00,8000.00,KGRR 300553Z AUTO 00000KT 10SM BKN080 BKN120 21/15 A3007 RMK AO2 SLP177 T02110150 10267 20200 53008
GRR,2023-07-30 06:53,10.00,7000.00,KGRR 300653Z AUTO 35004KT 10SM BKN070 19/15 A3007 RMK AO2 SLP178 T01940150
GRR,2023-07-30 07:53,10.00,5500.00,KGRR 300753Z AUTO 36003KT 10SM BKN055 OVC100 20/15 A3007 RMK AO2 SLP178 T02000150
GRR,2023-07-30 08:53,10.00,5000.00,KGRR 300853Z AUTO 02005KT 10SM OVC050 19/14 A3008 RMK AO2 SLP181 T01940144 53003
GRR,2023-07-30 09:53,10.00,5500.00,KGRR 300953Z 03006KT 10SM FEW055 SCT075 18/14 A3007 RMK AO2 SLP178 T01780139
GRR,2023-07-30 10:53,10.00,5500.00,KGRR 301053Z 03005KT 10SM FEW055 SCT075 SCT250 17/14 A3008 RMK AO2 SLP181 T01720144
GRR,2023-07-30 11:53,10.00,5500.00,KGRR 301153Z 04007KT 10SM FEW055 SCT070 BKN250 18/14 A3009 RMK AO2 SLP186 T01830144 10211 20172 53005
GRR,2023-07-30 12:53,10.00,6000.00,KGRR 301253Z 03010KT 10SM FEW060 SCT080 BKN250 19/13 A3011 RMK AO2 SLP190 T01940133
GRR,2023-07-30 13:53,10.00,6000.00,KGRR 301353Z 06005KT 10SM FEW060 FEW085 SCT250 22/14 A3012 RMK AO2 SLP194 T02170139
GRR,2023-07-30 14:53,10.00,6000.00,KGRR 301453Z 07003KT 10SM FEW060 SCT090 SCT250 22/12 A3011 RMK AO2 SLP193 T02220122 50006
GRR,2023-07-30 15:53,10.00,3000.00,KGRR 301553Z 05008KT 10SM FEW030 SCT060 SCT090 SCT250 23/11 A3011 RMK AO2 SLP193 T02330111
GRR,2023-07-30 16:53,10.00,3000.00,KGRR 301653Z 32005KT 10SM FEW030 FEW070 SCT250 24/11 A3010 RMK AO2 SLP189 T02440106
GRR,2023-07-30 17:53,10.00,5000.00,KGRR 301753Z VRB06KT 10SM FEW050 FEW075 SCT250 24/11 A3010 RMK AO2 SLP188 T02440111 10250 20183 58004
GRR,2023-07-30 18:53,10.00,5000.00,KGRR 301853Z 33005KT 10SM FEW050 SCT250 26/11 A3008 RMK AO2 SLP182 T02560111
GRR,2023-07-30 19:53,10.00,7000.00,KGRR 301953Z 30005G17KT 10SM FEW070 SCT250 26/11 A3008 RMK AO2 SLP181 T02560106
GRR,2023-07-30 20:53,10.00,7000.00,KGRR 302053Z 35007KT 10SM SCT070 BKN250 26/10 A3007 RMK AO2 SLP178 T02560100 56010
GRR,2023-07-30 21:53,10.00,7000.00,KGRR 302153Z 35009KT 10SM SCT070 SCT250 25/11 A3007 RMK AO2 SLP179 T02500106
GRR,2023-07-30 22:53,10.00,7000.00,KGRR 302253Z 34009KT 10SM FEW070 FEW250 25/12 A3006 RMK AO2 SLP177 T02500117
GRR,2023-07-30 23:53,10.00,6500.00,KGRR 302353Z 34011KT 10SM FEW065 FEW250 23/12 A3007 RMK AO2 SLP179 T02330117 10261 20233 55000
GRR,2023-07-31 00:53,10.00,6500.00,KGRR 310053Z 32006KT 10SM FEW065 FEW250 22/11 A3007 RMK AO2 SLP180 T02170106
GRR,2023-07-31 01:53,10.00,25000.00,KGRR 310153Z 33005KT 10SM FEW250 20/10 A3008 RMK AO2 SLP183 T02000100
GRR,2023-07-31 02:53,10.00,M,KGRR 310253Z 33005KT 10SM CLR 19/11 A3009 RMK AO2 SLP184 T01940106 53005
GRR,2023-07-31 03:53,10.00,M,KGRR 310353Z 33005KT 10SM CLR 18/11 A3009 RMK AO2 SLP184 LAST T01830111
GRR,2023-07-31 04:53,10.00,M,KGRR 310453Z AUTO 29005KT 10SM CLR 18/11 A3009 RMK AO2 SLP187 T01830111 402610172
GRR,2023-07-31 05:53,10.00,M,KGRR 310553Z AUTO 00000KT 10SM CLR 16/12 A3010 RMK AO2 SLP189 T01610117 10233 20161 53005
GRR,2023-07-31 06:53,10.00,M,KGRR 310653Z AUTO 29004KT 10SM CLR 17/12 A3009 RMK AO2 SLP187 T01720122
GRR,2023-07-31 07:53,10.00,M,KGRR 310753Z AUTO 27003KT 10SM CLR 16/13 A3010 RMK AO2 SLP188 T01610128
GRR,2023-07-31 08:53,10.00,M,KGRR 310853Z AUTO 00000KT 10SM CLR 14/12 A3010 RMK AO2 SLP191 T01390117 53001
GRR,2023-07-31 09:53,10.00,M,KGRR 310953Z 00000KT 10SM CLR 14/12 A3012 RMK AO2 SLP197 T01440122
GRR,2023-07-31 10:53,10.00,M,KGRR 311053Z 00000KT 10SM CLR 13/12 A3013 RMK AO2 SLP201 T01330117
GRR,2023-07-31 11:53,10.00,M,KGRR 311153Z 00000KT 10SM CLR 16/14 A3014 RMK AO2 SLP204 T01560139 10172 20133 51013
GRR,2023-07-31 12:53,10.00,M,KGRR 311253Z 16003KT 10SM CLR 18/15 A3016 RMK AO2 SLP211 T01830150
GRR,2023-07-31 13:53,10.00,M,KGRR 311353Z 00000KT 10SM CLR 21/16 A3017 RMK AO2 SLP213 T02060161
GRR,2023-07-31 14:53,10.00,2800.00,KGRR 311453Z 21003KT 10SM FEW028 23/16 A3017 RMK AO2 SLP214 T02330156 51010
GRR,2023-07-31 15:53,10.00,3800.00,KGRR 311553Z 25006KT 10SM FEW038 23/15 A3018 RMK AO2 SLP216 T02330150
GRR,2023-07-31 16:53,10.00,4500.00,KGRR 311653Z 32009KT 10SM SCT045 25/14 A3016 RMK AO2 SLP209 T02500139
GRR,2023-07-31 17:53,10.00,5000.00,KGRR 311753Z 31008KT 10SM SCT050 25/14 A3015 RMK AO2 SLP206 T02500139 10261 20156 58007
GRR,2023-07-31 18:53,10.00,5000.00,KGRR 311853Z COR 32007KT 10SM SCT050 BKN070 26/14 A3014 RMK AO2 SLP204 T02560144
GRR,2023-07-31 19:53,10.00,6000.00,KGRR 311953Z 26008KT 10SM SCT060 BKN080 25/12 A3013 RMK AO2 SLP200 T02500122
GRR,2023-07-31 20:53,10.00,6000.00,KGRR 312053Z 28008KT 10SM FEW060 SCT080 BKN250 24/12 A3013 RMK AO2 SLP201 T02440122 56006
GRR,2023-07-31 21:53,10.00,6000.00,KGRR 312153Z 27011G17KT 10SM FEW060 SCT080 BKN250 26/13 A3013 RMK AO2 SLP200 T02610133
GRR,2023-07-31 22:53,10.00,7000.00,KGRR 312253Z 28010KT 10SM FEW070 BKN250 25/13 A3013 RMK AO2 SLP201 T02500128
GRR,2023-07-31 23:53,10.00,7000.00,KGRR 312353Z 29010KT 10SM FEW070 BKN250 24/11 A3014 RMK AO2 SLP203 T02390106 10272 20239 53003
GRR,2023-08-01 00:53,10.00,25000.00,KGRR 010053Z 28007KT 10SM BKN250 22/12 A3014 RMK AO2 SLP204 T02220117
GRR,2023-08-01 01:53,10.00,25000.00,KGRR 010153Z 28005KT 10SM SCT250 21/12 A3016 RMK AO2 SLP211 T02110122
GRR,2023-08-01 02:53,10.00,25000.00,KGRR 010253Z 00000KT 10SM SCT250 18/13 A3017 RMK AO2 SLP214 T01830128 53011
GRR,2023-08-01 03:53,10.00,25000.00,KGRR 010353Z VRB03KT 10SM SCT250 18/13 A3017 RMK AO2 SLP213 LAST T01780128
GRR,2023-08-01 04:53,10.00,M,KGRR 010453Z AUTO 24004KT 10SM CLR 17/13 A3018 RMK AO2 SLP215 T01720128 402720133
GRR,2023-08-01 05:53,10.00,M,KGRR 010553Z AUTO 25003KT 10SM CLR 17/13 A3018 RMK AO2 SLP217 T01720133 10233 20161 53003
GRR,2023-08-01 06:53,10.00,M,KGRR 010653Z AUTO 27003KT 10SM CLR 17/14 A3018 RMK AO2 SLP217 T01670139
GRR,2023-08-01 07:53,10.00,M,KGRR 010753Z AUTO 00000KT 10SM CLR 15/13 A3019 RMK AO2 SLP219 T01500128
GRR,2023-08-01 08:53,10.00,M,KGRR 010853Z AUTO 00000KT 10SM CLR 14/13 A3019 RMK AO2 SLP220 T01440128 53002
GRR,2023-08-01 09:53,10.00,M,KGRR 010953Z 00000KT 10SM CLR 14/13 A3020 RMK AO2 SLP224 T01440128
GRR,2023-08-01 10:53,10.00,M,KGRR 011053Z 00000KT 10SM CLR 14/13 A3021 RMK AO2 SLP227 T01390128
GRR,2023-08-01 11:53,10.00,M,KGRR 011153Z 00000KT 10SM CLR 15/13 A3022 RMK AO2 SLP231 T01500133 10178 20133 52011
GRR,2023-08-01 12:53,10.00,M,KGRR 011253Z 00000KT 10SM CLR 17/14 A3023 RMK AO2 SLP234 T01670144
GRR,2023-08-01 13:53,10.00,M,KGRR 011353Z 00000KT 10SM CLR 19/16 A3022 RMK AO2 SLP233 T01890156
GRR,2023-08-01 14:53,10.00,M,KGRR 011453Z 00000KT 10SM CLR 21/16 A3023 RMK AO2 SLP236 T02110156 53005
GRR,2023-08-01 15:53,10.00,3000.00,KGRR 011553Z 00000KT 10SM FEW030 FEW200 23/14 A3024 RMK AO2 SLP235 T02330144
GRR,2023-08-01 16:53,10.00,M,KGRR 011653Z 00000KT 10SM CLR 24/14 A3023 RMK AO2 SLP235 T02390144
GRR,2023-08-01 17:53,10.00,M,KGRR 011753Z 19005KT 10SM CLR 25/14 A3022 RMK AO2 SLP229 T02500139 10250 20150 58006
GRR,2023-08-01 18:53,10.00,3000.00,KGRR 011853Z 24005KT 10SM FEW030 FEW250 26/14 A3021 RMK AO2 SLP226 T02560139
GRR,2023-08-01 19:53,10.00,3000.00,KGRR 011953Z VRB03KT 10SM FEW030 SCT250 25/13 A3020 RMK AO2 SLP224 T02500128
GRR,2023-08-01 20:53,10.00,3000.00,KGRR 012053Z VRB06KT 10SM FEW030 SCT250 26/14 A3019 RMK AO2 SLP219 T02610139 58010
GRR,2023-08-01 21:53,10.00,5000.00,KGRR 012153Z 15003KT 10SM FEW050 BKN250 26/14 A3017 RMK AO2 SLP213 T02560139
GRR,2023-08-01 22:53,10.00,5000.00,KGRR 012253Z 19007KT 10SM FEW050 BKN250 25/15 A3017 RMK AO2 SLP213 T02500150
GRR,2023-08-01 23:53,10.00,5000.00,KGRR 012353Z 15005KT 10SM FEW050 BKN250 23/16 A3016 RMK AO2 SLP211 T02280161 10261 20228 56008
GRR,2023-08-02 00:53,10.00,25000.00,KGRR 020053Z 16005KT 10SM BKN250 22/16 A3017 RMK AO2 SLP213 T02170156
GRR,2023-08-02 01:53,10.00,25000.00,KGRR 020153Z 16005KT 10SM BKN250 20/16 A3017 RMK AO2 SLP212 T02000156
GRR,2023-08-02 02:53,10.00,25000.00,KGRR 020253Z 16006KT 10SM BKN250 19/15 A3017 RMK AO2 SLP214 T01940150 53003
GRR,2023-08-02 03:53,10.00,7000.00,KGRR 020353Z 15004KT 10SM SCT070 BKN250 19/15 A3017 RMK AO2 SLP214 LAST T01890150
GRR,2023-08-02 04:53,10.00,6000.00,KGRR 020453Z AUTO 16005KT 10SM SCT060 18/15 A3017 RMK AO2 SLP214 T01830150 402610133
GRR,2023-08-02 05:53,10.00,5000.00,KGRR 020553Z AUTO 15006KT 10SM SCT050 SCT060 18/15 A3016 RMK AO2 SLP210 T01830150 10228 20183 58004
GRR,2023-08-02 06:53,10.00,5000.00,KGRR 020653Z AUTO 18006KT 10SM BKN050 18/15 A3015 RMK AO2 SLP207 T01830150
GRR,2023-08-02 07:53,10.00,5000.00,KGRR 020753Z AUTO 20004KT 10SM SCT050 SCT060 19/14 A3015 RMK AO2 SLP206 T01940144
GRR,2023-08-02 08:53,10.00,4500.00,KGRR 020853Z AUTO 17006KT 10SM BKN045 BKN050 18/15 A3014 RMK AO2 SLP201 T01830150 58007
GRR,2023-08-02 09:53,10.00,4500.00,KGRR 020953Z 19005KT 10SM BKN045 OVC060 20/16 A3013 RMK AO2 SLP197 T02000156
GRR,2023-08-02 10:53,10.00,4500.00,KGRR 021053Z 19006KT 10SM FEW045 BKN060 BKN250 19/16 A3013 RMK AO2 SLP199 T01890156
GRR,2023-08-02 11:53,10.00,5500.00,KGRR 021153Z 20008KT 10SM BKN055 BKN090 BKN250 21/16 A3014 RMK AO2 SLP203 T02110161 10211 20183 53002
GRR,2023-08-02 12:53,10.00,5500.00,KGRR 021253Z 20007KT 10SM BKN055 BKN090 BKN250 21/16 A3015 RMK AO2 SLP207 T02110161
GRR,2023-08-02 13:53,10.00,5500.00,KGRR 021353Z 20007KT 10SM BKN055 BKN080 BKN250 23/17 A3014 RMK AO2 SLP205 T02280167
GRR,2023-08-02 14:53,10.00,6000.00,KGRR 021453Z 20008KT 10SM FEW060 FEW090 SCT250 24/17 A3014 RMK AO2 SLP204 T02390172 58001
GRR,2023-08-02 15:53,10.00,6500.00,KGRR 021553Z 22012KT 10SM SCT065 SCT240 26/18 A3014 RMK AO2 SLP204 T02610178
GRR,2023-08-02 16:53,10.00,4000.00,KGRR 021653Z 22011KT 10SM FEW040 FEW070 SCT240 27/17 A3013 RMK AO2 SLP198 T02720172
GRR,2023-08-02 17:53,10.00,4000.00,KGRR 021753Z 24009KT 10SM FEW040 SCT250 28/17 A3011 RMK AO2 SLP192 T02780167 10278 20206 58010
GRR,2023-08-02 18:53,10.00,4500.00,KGRR 021853Z 24011G15KT 230V300 10SM FEW045 SCT120 BKN250 27/17 A3010 RMK AO2 SLP188 T02720167
GRR,2023-08-02 19:53,10.00,4500.00,KGRR 021953Z 22010KT 10SM FEW045 SCT250 28/17 A3008 RMK AO2 SLP183 T02830172
GRR,2023-08-02 20:53,10.00,4500.00,KGRR 022053Z 19005KT 10SM FEW045 BKN250 28/17 A3006 RMK AO2 SLP175 T02780172 58017
GRR,2023-08-02 21:53,10.00,5000.00,KGRR 022153Z 19008KT 10SM FEW050 BKN250 28/17 A3005 RMK AO2 SLP171 T02780167
GRR,2023-08-02 22:53,10.00,5000.00,KGRR 022253Z 23009KT 10SM FEW050 SCT250 27/16 A3004 RMK AO2 SLP170 T02720161
GRR,2023-08-02 23:53,10.00,5000.00,KGRR 022353Z 23010KT 10SM FEW050 BKN250 26/15 A3004 RMK AO2 SLP167 T02610150 10283 20261 56008
GRR,2023-08-03 00:53,10.00,25000.00,KGRR 030053Z 25007KT 10SM BKN250 24/17 A3005 RMK AO2 SLP171 T02440167
GRR,2023-08-03 01:53,10.00,25000.00,KGRR 030153Z 25006KT 10SM FEW250 23/17 A3006 RMK AO2 SLP174 T02330167
GRR,2023-08-03 02:53,10.00,12000.00,KGRR 030253Z 22006KT 10SM FEW120 FEW250 22/17 A3005 RMK AO2 SLP172 T02170172 50005
GRR,2023-08-03 03:53,10.00,25000.00,KGRR 030353Z 21004KT 10SM FEW250 22/17 A3005 RMK AO2 SLP172 LAST T02170172
GRR,2023-08-03 04:53,10.00,M,KGRR 030453Z AUTO 21004KT 10SM CLR 20/17 A3003 RMK AO2 SLP166 T02000167 402830183
GRR,2023-08-03 05:53,10.00,M,KGRR 030553Z AUTO 21005KT 10SM CLR 19/16 A3002 RMK AO2 SLP160 T01940161 10261 20194 58012
GRR,2023-08-03 06:53,9.00,M,KGRR 030653Z AUTO 19003KT 9SM CLR 18/16 A3000 RMK AO2 SLP154 T01830161
GRR,2023-08-03 07:53,8.00,M,KGRR 030753Z AUTO 16004KT 8SM CLR 18/16 A2999 RMK AO2 SLP152 T01780161
GRR,2023-08-03 08:53,9.00,M,KGRR 030853Z AUTO 21003KT 9SM CLR 19/16 A2999 RMK AO2 SLP152 T01890161 56007
GRR,2023-08-03 09:53,9.00,17000.00,KGRR 030953Z 20003KT 9SM SCT170 18/16 A2999 RMK AO2 SLP151 T01830156
GRR,2023-08-03 10:53,7.00,17000.00,KGRR 031053Z 20004KT 7SM FEW170 17/16 A2999 RMK AO2 SLP149 T01720156
GRR,2023-08-03 11:53,7.00,25000.00,KGRR 031153Z 21004KT 7SM FEW250 20/18 A2999 RMK AO2 SLP150 T02000178 10200 20172 56003
GRR,2023-08-03 12:53,9.00,25000.00,KGRR 031253Z 24006KT 9SM FEW250 23/19 A3000 RMK AO2 SLP154 T02280194
GRR,2023-08-03 13:53,10.00,20000.00,KGRR 031353Z 27007KT 10SM FEW200 25/20 A3000 RMK AO2 SLP152 T02500200
GRR,2023-08-03 14:53,10.00,2500.00,KGRR 031453Z 24008KT 10SM FEW025 FEW200 26/20 A2999 RMK AO2 SLP150 T02610200 50001
GRR,2023-08-03 15:53,10.00,3000.00,KGRR 031553Z 24011KT 10SM SCT030 SCT200 26/20 A2999 RMK AO2 SLP152 T02610200
GRR,2023-08-03 16:53,10.00,3400.00,KGRR 031653Z 25010KT 10SM FEW034 SCT044 SCT250 28/20 A2998 RMK AO2 SLP148 T02830200
GRR,2023-08-03 17:53,10.00,4000.00,KGRR 031753Z 28009KT 10SM SCT040 SCT250 29/20 A2997 RMK AO2 SLP144 T02890200 10289 20200 58005
GRR,2023-08-03 18:53,10.00,4000.00,KGRR 031853Z 25016G20KT 10SM SCT040 SCT250 29/19 A2996 RMK AO2 SLP142 T02890194
GRR,2023-08-03 19:53,10.00,4000.00,KGRR 031953Z 24012KT 10SM FEW040 BKN250 28/19 A2995 RMK AO2 SLP138 T02830189
GRR,2023-08-03 20:53,10.00,4000.00,KGRR 032053Z 25014KT 10SM FEW040 SCT250 29/19 A2993 RMK AO2 SLP132 T02890189 58013
GRR,2023-08-03 21:53,10.00,4000.00,KGRR 032153Z 28010KT 10SM FEW040 FEW140 SCT250 28/18 A2993 RMK AO2 SLP130 T02830183
GRR,2023-08-03 22:53,10.00,4000.00,KGRR 032253Z 26013KT 10SM FEW040 SCT140 BKN250 27/17 A2993 RMK AO2 SLP130 T02670172
GRR,2023-08-03 23:53,10.00,12000.00,KGRR 032353Z 25010KT 10SM SCT120 BKN250 26/18 A2993 RMK AO2 SLP130 T02610178 10294 20261 56002
GRR,2023-08-04 00:53,10.00,12000.00,KGRR 040053Z 25010KT 10SM FEW120 BKN210 BKN250 25/17 A2993 RMK AO2 SLP131 T02500172
GRR,2023-08-04 01:53,10.00,6000.00,KGRR 040153Z 30008G19KT 10SM FEW060 FEW080 SCT150 BKN250 24/17 A2992 RMK AO2 SLP127 T02440172
GRR,2023-08-04 02:53,10.00,15000.00,KGRR 040253Z 30005KT 10SM FEW150 BKN210 24/16 A2993 RMK AO2 SLP131 T02440161 53002
GRR,2023-08-04 03:53,10.00,23000.00,KGRR 040353Z 24005KT 10SM BKN230 23/17 A2993 RMK AO2 SLP128 LAST T02280172
GRR,2023-08-04 04:53,10.00,M,KGRR 040453Z AUTO 04004KT 10SM CLR 22/17 A2996 RMK AO2 SLP139 T02220172 402940172
GRR,2023-08-04 05:53,10.00,M,KGRR 040553Z AUTO 36004KT 10SM CLR 21/17 A2996 RMK AO2 SLP141 T02060172 10261 20206 53010
GRR,2023-08-04 06:53,10.00,M,KGRR 040653Z AUTO 00000KT 10SM CLR 20/17 A2996 RMK AO2 SLP140 T02000172
GRR,2023-08-04 07:53,10.00,M,KGRR 040753Z AUTO 00000KT 10SM CLR 20/17 A2996 RMK AO2 SLP139 T02000172
GRR,2023-08-04 08:53,10.00,M,KGRR 040853Z AUTO 00000KT 10SM CLR 19/17 A2996 RMK AO2 SLP140 T01890167 56002
GRR,2023-08-04 09:53,10.00,5000.00,KGRR 040953Z 33004KT 10SM BCFG FEW050 19/17 A2995 RMK AO2 SLP138 T01890172
GRR,2023-08-04 10:53,7.00,10000.00,KGRR 041053Z 01005KT 7SM BCFG FEW100 18/17 A2996 RMK AO2 SLP139 T01780172
GRR,2023-08-04 11:53,9.00,15000.00,KGRR 041153Z 00000KT 9SM FEW150 19/18 A2996 RMK AO2 SLP141 T01940183 10211 20178 53001
GRR,2023-08-04 12:53,10.00,15000.00,KGRR 041253Z 02005KT 10SM FEW150 22/17 A2998 RMK AO2 SLP147 T02170172
GRR,2023-08-04 13:53,9.00,15000.00,KGRR 041353Z 04006KT 9SM FEW150 23/17 A3000 RMK AO2 SLP156 T02330172
GRR,2023-08-04 14:53,10.00,15000.00,KGRR 041453Z 05007KT 10SM FEW150 25/16 A3002 RMK AO2 SLP159 T02500161 51019
GRR,2023-08-04 15:53,10.00,15000.00,KGRR 041553Z 33003KT 10SM FEW150 26/15 A3002 RMK AO2 SLP159 T02610150
GRR,2023-08-04 16:53,10.00,4400.00,KGRR 041653Z 35006KT 10SM FEW044 FEW200 27/15 A3002 RMK AO2 SLP160 T02720150
GRR,2023-08-04 17:53,10.00,4400.00,KGRR 041753Z 01007G15KT 10SM FEW044 FEW200 28/15 A3002 RMK AO2 SLP160 T02780150 10278 20194 52001
GRR,2023-08-04 18:53,10.00,5500.00,KGRR 041853Z VRB04KT 10SM SCT055 SCT070 29/16 A3002 RMK AO2 SLP159 T02890156
GRR,2023-08-04 19:53,10.00,6000.00,KGRR 041953Z 05008KT 10SM SCT060 BKN250 29/17 A3000 RMK AO2 SLP155 T02890167
GRR,2023-08-04 20:53,10.00,5000.00,KGRR 042053Z 03005KT 10SM FEW050 SCT250 29/16 A2999 RMK AO2 SLP152 T02890156 58008
GRR,2023-08-04 21:53,10.00,6000.00,KGRR 042153Z 01006KT 10SM FEW060 SCT250 28/15 A3000 RMK AO2 SLP153 T02830150
GRR,2023-08-04 22:53,10.00,6000.00,KGRR 042253Z 06004KT 10SM FEW060 SCT250 28/16 A2999 RMK AO2 SLP151 T02780156
GRR,2023-08-04 23:53,10.00,5000.00,KGRR 042353Z 06005KT 10SM FEW050 SCT250 26/17 A3000 RMK AO2 SLP154 T02610167 10294 20261 53001
GRR,2023-08-05 00:53,10.00,4500.00,KGRR 050053Z 05003KT 10SM FEW045 BKN250 24/16 A3000 RMK AO2 SLP154 T02440161
GRR,2023-08-05 01:53,9.00,25000.00,KGRR 050153Z 00000KT 9SM SCT250 23/17 A3000 RMK AO2 SLP155 T02280167
GRR,2023-08-05 02:53,10.00,5500.00,KGRR 050253Z 00000KT 10SM SCT055 22/17 A3003 RMK AO2 SLP164 T02220167 53010
GRR,2023-08-05 03:53,10.00,5500.00,KGRR 050353Z 05003KT 10SM FEW055 BKN250 22/17 A3003 RMK AO2 SLP164 LAST T02170172
GRR,2023-08-05 04:53,10.00,M,KGRR 050453Z AUTO 08010KT 10SM CLR 21/18 A3006 RMK AO2 SLP173 T02060178 402940178
GRR,2023-08-05 05:53,10.00,M,KGRR 050553Z AUTO 08008KT 10SM CLR 20/16 A3006 RMK AO2 SLP175 T02000161 10261 20200 53010
GRR,2023-08-05 06:53,10.00,M,KGRR 050653Z AUTO 09008KT 10SM CLR 19/16 A3006 RMK AO2 SLP174 T01890156
GRR,2023-08-05 07:53,10.00,M,KGRR 050753Z AUTO 08007KT 10SM CLR 18/16 A3006 RMK AO2 SLP176 T01830156
GRR,2023-08-05 08:53,10.00,M,KGRR 050853Z AUTO 08006KT 10SM CLR 18/16 A3007 RMK AO2 SLP177 T01780156 53003
GRR,2023-08-05 09:53,10.00,25000.00,KGRR 050953Z 07007KT 10SM BKN250 17/16 A3006 RMK AO2 SLP175 T01720156
GRR,2023-08-05 10:53,9.00,6000.00,KGRR 051053Z 07008KT 9SM FEW060 BKN250 17/16 A3007 RMK AO2 SLP178 T01720156
GRR,2023-08-05 11:53,9.00,2600.00,KGRR 051153Z 09008KT 9SM SCT026 SCT060 BKN250 18/16 A3008 RMK AO2 SLP180 T01780161 10200 20172 53003
GRR,2023-08-05 12:53,10.00,2600.00,KGRR 051253Z 09009KT 10SM FEW026 FEW060 BKN250 19/16 A3008 RMK AO2 SLP182 T01940161
GRR,2023-08-05 13:53,10.00,25000.00,KGRR 051353Z 09011KT 10SM BKN250 21/17 A3009 RMK AO2 SLP187 T02060167
GRR,2023-08-05 14:53,10.00,25000.00,KGRR 051453Z 09010KT 10SM BKN250 22/17 A3008 RMK AO2 SLP183 T02220172 50002
GRR,2023-08-05 15:53,10.00,25000.00,KGRR 051553Z 10011KT 10SM BKN250 23/17 A3007 RMK AO2 SLP178 T02330172
GRR,2023-08-05 16:53,9.00,25000.00,KGRR 051653Z 09007KT 9SM BKN250 25/18 A3005 RMK AO2 SLP172 T02500183
GRR,2023-08-05 17:53,9.00,3000.00,KGRR 051753Z 10007KT 9SM FEW030 OVC250 26/18 A3005 RMK AO2 SLP173 T02560183 10256 20178 55009
GRR,2023-08-05 18:53,8.00,2800.00,KGRR 051853Z 08011KT 8SM FEW028 OVC220 25/18 A3004 RMK AO2 SLP170 T02500178
GRR,2023-08-05 19:53,9.00,2800.00,KGRR 051953Z 08009KT 9SM FEW028 SCT200 BKN250 26/18 A3004 RMK AO2 SLP168 T02560183
GRR,2023-08-05 20:53,9.00,3400.00,KGRR 052053Z 08012KT 9SM FEW034 BKN200 BKN250 25/17 A3004 RMK AO2 SLP168 T02500167 56006
GRR,2023-08-05 21:53,10.00,8000.00,KGRR 052153Z 07008KT 10SM FEW080 BKN240 24/17 A3002 RMK AO2 SLP162 T02440167
GRR,2023-08-05 22:53,9.00,8000.00,KGRR 052253Z 07013KT 9SM FEW080 BKN240 24/16 A3001 RMK AO2 SLP158 T02390161
GRR,2023-08-05 23:53,9.00,24000.00,KGRR 052353Z 07013KT 9SM BKN240 23/16 A3000 RMK AO2 SLP156 T02330161 10261 20233 56011
GRR,2023-08-06 00:53,9.00,25000.00,KGRR 060053Z 08009KT 9SM SCT250 22/15 A3000 RMK AO2 SLP156 T02170150
GRR,2023-08-06 01:53,10.00,25000.00,KGRR 060153Z 07008KT 10SM SCT250 21/15 A3000 RMK AO2 SLP154 T02060150
GRR,2023-08-06 02:53,10.00,25000.00,KGRR 060253Z 07009KT 10SM SCT250 20/14 A3000 RMK AO2 SLP154 T02000144 56002
GRR,2023-08-06 03:53,10.00,25000.00,KGRR 060353Z 07009KT 10SM SCT250 19/15 A3000 RMK AO2 SLP155 LAST T01940150
GRR,2023-08-06 04:53,10.00,M,KGRR 060453Z AUTO 08009KT 10SM CLR 18/14 A3000 RMK AO2 SLP154 T01830144 402610172
GRR,2023-08-06 05:53,10.00,M,KGRR 060553Z AUTO 07009KT 10SM CLR 18/14 A2998 RMK AO2 SLP149 T01830144 10239 20178 58004
GRR,2023-08-06 06:53,10.00,8000.00,KGRR 060653Z AUTO 07009KT 10SM BKN080 18/14 A2997 RMK AO2 SLP145 T01780139
GRR,2023-08-06 07:53,10.00,7000.00,KGRR 060753Z AUTO 06009KT 10SM SCT070 18/14 A2996 RMK AO2 SLP142 T01780139
GRR,2023-08-06 08:53,10.00,7000.00,KGRR 060853Z AUTO 05009KT 10SM BKN070 17/14 A2994 RMK AO2 RAB25E47 SLP135 P0000 60000 T01720139 58015
GRR,2023-08-06 09:53,5.00,6000.00,KGRR 060953Z 10007KT 5SM RA BR BKN060 BKN095 OVC120 17/15 A2994 RMK AO2 RAB01 SLP136 P0002 T01670150
GRR,2023-08-06 10:53,5.00,5000.00,KGRR 061053Z 08007KT 5SM RA BR BKN050 BKN055 OVC090 16/16 A2992 RMK AO2 SLP129 P0017 T01610156
GRR,2023-08-06 11:53,8.00,4400.00,KGRR 061153Z 07010KT 8SM -RA OVC044 17/16 A2990 RMK AO2 SLP122 P0004 60023 70023 T01670156 10183 20161 58014
GRR,2023-08-06 12:53,7.00,600.00,KGRR 061253Z 06010KT 7SM FEW006 BKN031 OVC042 17/16 A2988 RMK AO2 RAE16 SLP117 P0000 T01720161
GRR,2023-08-06 13:53,9.00,1100.00,KGRR 061353Z 06008KT 9SM SCT011 OVC031 17/16 A2988 RMK AO2 SLP114 T01720161
GRR,2023-08-06 14:53,5.00,900.00,KGRR 061453Z 06009KT 5SM -RA BR BKN009 OVC013 18/17 A2987 RMK AO2 RAB53 SLP112 P0000 60000 T01780167 56009
GRR,2023-08-06 15:53,3.00,700.00,KGRR 061553Z 06013KT 3SM -RA BR OVC007 17/17 A2986 RMK AO2 SLP110 P0011 T01720167
GRR,2023-08-06 16:53,8.00,900.00,KGRR 061653Z 05013KT 8SM OVC009 17/16 A2986 RMK AO2 RAE27 SLP111 P0000 T01720156
GRR,2023-08-06 17:53,1.75,900.00,KGRR 061753Z 05014KT 1 3/4SM R26L/5500VP6000FT -RA BR OVC009 17/16 A2986 RMK AO2 RAB35 SLP109 P0002 60013 T01720161 10178 20167 56004
GRR,2023-08-06 18:53,2.00,700.00,KGRR 061853Z 06011KT 2SM -RA BR BKN007 OVC025 17/16 A2986 RMK AO2 SLP109 P0014 T01670161
GRR,2023-08-06 19:53,1.75,700.00,KGRR 061953Z 04012KT 1 3/4SM -RA BR OVC007 17/16 A2985 RMK AO2 SLP107 P0007 T01670161
GRR,2023-08-06 20:53,4.00,700.00,KGRR 062053Z 05011KT 4SM -RA BR BKN007 OVC012 17/16 A2984 RMK AO2 SLP104 P0002 60023 T01720161 58004
GRR,2023-08-06 21:53,4.00,800.00,KGRR 062153Z 04011KT 4SM BR OVC008 17/16 A2984 RMK AO2 RAE21 SLP102 P0000 T01720161
GRR,2023-08-06 22:53,6.00,800.00,KGRR 062253Z 04009KT 6SM BR OVC008 17/16 A2983 RMK AO2 SLP100 T01670161
GRR,2023-08-06 23:53,3.00,600.00,KGRR 062353Z 03006KT 3SM BR OVC006 17/16 A2981 RMK AO2 RAB20E40 SLP095 P0000 60023 T01670161 10172 20167 58010
GRR,2023-08-07 00:53,2.50,600.00,KGRR 070053Z 03007KT 2 1/2SM BR OVC006 17/16 A2981 RMK AO2 RAB25E39 SLP094 P0001 T01720161
GRR,2023-08-07 01:53,3.00,600.00,KGRR 070153Z 02005KT 3SM BR BKN006 OVC012 17/17 A2983 RMK AO2 SLP099 T01720167
GRR,2023-08-07 02:53,5.00,600.00,KGRR 070253Z 01007KT 5SM BR BKN006 OVC012 17/16 A2982 RMK AO2 SLP098 60001 T01670161 50004
GRR,2023-08-07 03:53,10.00,600.00,KGRR 070353Z 02008KT 10SM OVC006 17/16 A2981 RMK AO2 SLP094 LAST T01670161
GRR,2023-08-07 04:53,7.00,600.00,KGRR 070453Z AUTO 01006KT 7SM OVC006 17/16 A2981 RMK AO2 SLP092 T01670161 401830161
GRR,2023-08-07 05:53,4.00,600.00,KGRR 070553Z AUTO 03005KT 4SM BR OVC006 17/16 A2979 RMK AO2 SLP086 60001 T01670161 10172 20167 58012
GRR,2023-08-07 06:53,9.00,600.00,KGRR 070653Z AUTO 01004KT 9SM BKN006 OVC023 17/16 A2979 RMK AO2 SLP085 T01670161
GRR,2023-08-07 07:53,3.00,400.00,KGRR 070753Z AUTO 36006KT 3SM BR OVC004 17/16 A2978 RMK AO2 RAB0657E19 SLP084 P0000 T01670161
GRR,2023-08-07 08:53,5.00,600.00,KGRR 070853Z AUTO 35005KT 5SM -RA BR OVC006 17/16 A2976 RMK AO2 RAB51 SLP077 P0000 60000 T01670161 58008
GRR,2023-08-07 09:53,10.00,700.00,KGRR 070953Z 35006KT 10SM OVC007 17/16 A2976 RMK AO2 RAE07 SLP077 P0000 T01670161
GRR,2023-08-07 10:53,10.00,600.00,KGRR 071053Z 35006KT 10SM SCT006 OVC022 17/16 A2977 RMK AO2 SLP080 T01670161
GRR,2023-08-07 11:53,10.00,800.00,KGRR 071153Z 01005KT 10SM BKN008 OVC027 17/16 A2978 RMK AO2 SLP083 60000 70037 T01720161 10172 20167 53006
GRR,2023-08-07 12:53,10.00,800.00,KGRR 071253Z 01006KT 10SM BKN008 OVC014 17/16 A2979 RMK AO2 SLP084 T01720161
GRR,2023-08-07 13:53,10.00,800.00,KGRR 071353Z 04008KT 10SM FEW008 SCT013 BKN038 18/16 A2980 RMK AO2 SLP088 T01780161
GRR,2023-08-07 14:53,10.00,1900.00,KGRR 071453Z 04010KT 10SM BKN019 BKN045 BKN250 19/16 A2980 RMK AO2 SLP089 T01940156 51006
GRR,2023-08-07 15:53,10.00,1700.00,KGRR 071553Z 03011KT 10SM FEW017 FEW050 BKN250 21/15 A2980 RMK AO2 SLP087 T02060150
GRR,2023-08-07 16:53,10.00,2800.00,KGRR 071653Z 02008KT 10SM SCT028 BKN034 BKN250 22/16 A2979 RMK AO2 SLP086 T02220156
GRR,2023-08-07 17:53,10.00,3200.00,KGRR 071753Z VRB06KT 10SM BKN032 BKN190 BKN250 23/16 A2980 RMK AO2 SLP088 T02330161 10233 20172 53001 $
GRR,2023-08-07 18:53,10.00,4300.00,KGRR 071853Z 35006KT 10SM BKN043 BKN190 BKN250 24/16 A2980 RMK AO2 SLP087 T02440156
GRR,2023-08-07 19:53,10.00,5000.00,KGRR 071953Z 01013KT 10SM SCT050 BKN190 BKN250 26/16 A2980 RMK AO2 SLP086 T02560156
GRR,2023-08-07 20:53,10.00,4500.00,KGRR 072053Z 32007KT 10SM SCT045 BKN200 BKN250 26/16 A2980 RMK AO2 SLP088 T02560161 53001
GRR,2023-08-07 21:53,10.00,4000.00,KGRR 072153Z 31011KT 10SM FEW040 SCT200 BKN240 24/16 A2981 RMK AO2 SLP090 T02440156
GRR,2023-08-07 22:53,10.00,4000.00,KGRR 072253Z 30010KT 10SM FEW040 BKN240 24/16 A2981 RMK AO2 SLP092 T02440161
GRR,2023-08-07 23:53,10.00,3500.00,KGRR 072353Z 31011KT 10SM FEW035 BKN240 23/16 A2982 RMK AO2 SLP095 T02280161 10261 20228 53006
GRR,2023-08-08 00:53,10.00,24000.00,KGRR 080053Z 31009KT 10SM BKN240 23/16 A2983 RMK AO2 SLP097 T02280156
GRR,2023-08-08 01:53,10.00,24000.00,KGRR 080153Z 31007KT 10SM BKN240 21/15 A2983 RMK AO2 SLP098 T02110150
GRR,2023-08-08 02:53,10.00,24000.00,KGRR 080253Z 29008KT 10SM BKN240 21/14 A2985 RMK AO2 SLP104 T02060144 53008
GRR,2023-08-08 03:53,10.00,24000.00,KGRR 080353Z 29006KT 10SM BKN240 19/14 A2986 RMK AO2 SLP107 LAST T01940144
GRR,2023-08-08 04:53,10.00,M,KGRR 080453Z AUTO 28006KT 10SM CLR 19/14 A2987 RMK AO2 SLP110 T01890139 402610167
GRR,2023-08-08 05:53,10.00,M,KGRR 080553Z AUTO 27005KT 10SM CLR 17/14 A2988 RMK AO2 SLP114 T01720139 10233 20172 53011
GRR,2023-08-08 06:53,10.00,M,KGRR 080653Z AUTO 25005KT 10SM CLR 17/14 A2988 RMK AO2 SLP114 T01670139
GRR,2023-08-08 07:53,10.00,M,KGRR 080753Z AUTO 25003KT 10SM CLR 16/14 A2988 RMK AO2 SLP115 T01610139
GRR,2023-08-08 08:53,10.00,M,KGRR 080853Z AUTO 26004KT 10SM CLR 17/14 A2988 RMK AO2 SLP114 T01670144 50000
GRR,2023-08-08 09:53,10.00,25000.00,KGRR 080953Z 24004KT 10SM SCT250 17/14 A2990 RMK AO2 SLP121 T01670144
GRR,2023-08-08 10:53,9.00,25000.00,KGRR 081053Z 25004KT 9SM SCT250 17/16 A2990 RMK AO2 SLP121 T01670156
GRR,2023-08-08 11:53,8.00,25000.00,KGRR 081153Z 17003KT 8SM FEW250 16/16 A2989 RMK AO2 SLP119 T01610156 10178 20156 50004
GRR,2023-08-08 12:53,10.00,25000.00,KGRR 081253Z 00000KT 10SM SCT250 19/18 A2989 RMK AO2 SLP117 T01940178
GRR,2023-08-08 13:53,10.00,25000.00,KGRR 081353Z 25005KT 10SM FEW250 22/19 A2989 RMK AO2 SLP118 T02220189
GRR,2023-08-08 14:53,10.00,10000.00,KGRR 081453Z VRB06KT 10SM FEW100 FEW250 24/17 A2990 RMK AO2 SLP121 T02440167 53004
GRR,2023-08-08 15:53,10.00,10000.00,KGRR 081553Z 25009KT 10SM BKN100 BKN250 26/14 A2992 RMK AO2 SLP128 T02560144
GRR,2023-08-08 16:53,10.00,10000.00,KGRR 081653Z 24010KT 10SM SCT100 BKN130 BKN250 25/17 A2993 RMK AO2 SLP129 T02500167
GRR,2023-08-08 17:53,10.00,3000.00,KGRR 081753Z 24011KT 10SM FEW030 SCT085 BKN130 BKN250 26/16 A2991 RMK AO2 SLP125 T02560161 10272 20161 50002
GRR,2023-08-08 18:53,10.00,3000.00,KGRR 081853Z 26010KT 10SM FEW030 SCT130 BKN250 26/17 A2989 RMK AO2 SLP118 T02610172
GRR,2023-08-08 19:53,10.00,4000.00,KGRR 081953Z 25013KT 10SM FEW040 BKN250 28/15 A2988 RMK AO2 SLP113 T02780150
GRR,2023-08-08 20:53,10.00,4500.00,KGRR 082053Z 24011KT 10SM FEW045 FEW070 SCT095 BKN250 27/17 A2987 RMK AO2 SLP111 T02720172 56013
GRR,2023-08-08 21:53,10.00,5000.00,KGRR 082153Z 24013KT 10SM FEW050 SCT100 BKN250 27/16 A2987 RMK AO2 SLP111 T02670161
GRR,2023-08-08 22:53,10.00,5000.00,KGRR 082253Z 27010KT 10SM FEW050 SCT110 BKN250 26/18 A2987 RMK AO2 SLP110 T02560178
GRR,2023-08-08 23:53,10.00,9000.00,KGRR 082353Z 24009KT 10SM FEW090 BKN120 BKN250 24/18 A2986 RMK AO2 SLP108 T02440183 10278 20244 58004
GRR,2023-08-09 00:53,9.00,12000.00,KGRR 090053Z 25007KT 9SM SCT120 BKN250 23/18 A2985 RMK AO2 SLP105 T02330183
GRR,2023-08-09 01:53,9.00,12000.00,KGRR 090153Z 26005KT 9SM SCT120 BKN250 22/18 A2985 RMK AO2 SLP105 T02220183
GRR,2023-08-09 02:53,6.00,10000.00,KGRR 090253Z 25004KT 6SM HZ BKN100 BKN250 22/19 A2987 RMK AO2 SLP109 T02170189 53002
GRR,2023-08-09 03:53,6.00,10000.00,KGRR 090353Z 24005KT 6SM BR BKN100 21/19 A2987 RMK AO2 SLP108 LAST T02060189
GRR,2023-08-09 04:53,7.00,M,KGRR 090453Z AUTO 24005KT 7SM CLR 20/18 A2986 RMK AO2 SLP108 T02000183 402780156
GRR,2023-08-09 05:53,7.00,M,KGRR 090553Z AUTO 21005KT 7SM CLR 19/18 A2986 RMK AO2 SLP107 T01940178 10244 20189 58002
GRR,2023-08-09 06:53,6.00,M,KGRR 090653Z AUTO 00000KT 6SM BR CLR 19/17 A2986 RMK AO2 SLP107 T01890172
GRR,2023-08-09 07:53,7.00,M,KGRR 090753Z AUTO 16003KT 7SM CLR 18/17 A2985 RMK AO2 SLP104 T01780167
GRR,2023-08-09 08:53,8.00,M,KGRR 090853Z AUTO 00000KT 8SM CLR 18/16 A2984 RMK AO2 SLP100 T01780161 58007
GRR,2023-08-09 09:53,7.00,M,KGRR 090953Z 22006KT 7SM CLR 18/17 A2985 RMK AO2 SLP103 T01780167
GRR,2023-08-09 10:53,3.00,25000.00,KGRR 091053Z 18005KT 3SM BR FEW250 17/16 A2984 RMK AO2 SLP100 T01670156
GRR,2023-08-09 11:53,3.00,25000.00,KGRR 091153Z 20006KT 3SM BR FEW250 18/18 A2985 RMK AO2 SLP104 T01830178 10194 20161 53003
GRR,2023-08-09 12:53,6.00,25000.00,KGRR 091253Z 23005KT 6SM BR SCT250 21/19 A2984 RMK AO2 SLP101 T02110194
GRR,2023-08-09 13:53,10.00,20000.00,KGRR 091353Z 26008KT 10SM FEW200 SCT250 23/19 A2984 RMK AO2 SLP099 T02330194 PNO $
GRR,2023-08-09 14:53,10.00,20000.00,KGRR 091453Z 24004KT 10SM SCT200 SCT250 24/20 A2983 RMK AO2 SLP097 6//// T02440200 56005 $
GRR,2023-08-09 15:53,10.00,3000.00,KGRR 091553Z 27010G15KT 10SM FEW030 BKN250 26/18 A2985 RMK AO2 SLP102 T02610183 $
GRR,2023-08-09 16:53,10.00,4000.00,KGRR 091653Z 25009KT 10SM FEW040 SCT075 OVC250 26/18 A2983 RMK AO2 SLP098 T02610183 $
GRR,2023-08-09 17:53,10.00,4500.00,KGRR 091753Z 25012KT 10SM FEW045 OVC250 27/17 A2982 RMK AO2 SLP094 T02670172 58003
GRR,2023-08-09 18:53,10.00,4500.00,KGRR 091853Z 26012KT 10SM FEW045 OVC250 26/16 A2981 RMK AO2 SLP090 T02610161
GRR,2023-08-09 19:53,10.00,4500.00,KGRR 091953Z 25012KT 10SM FEW045 OVC230 26/17 A2981 RMK AO2 SLP089 T02610167
GRR,2023-08-09 20:53,10.00,4500.00,KGRR 092053Z 25009KT 10SM FEW045 OVC230 26/16 A2979 RMK AO2 SLP085 T02560161 58010
GRR,2023-08-09 21:53,10.00,23000.00,KGRR 092153Z 23009KT 10SM OVC230 25/18 A2979 RMK AO2 SLP082 T02500178
GRR,2023-08-09 22:53,10.00,23000.00,KGRR 092253Z 23009KT 10SM OVC230 24/17 A2977 RMK AO2 SLP077 T02440167
GRR,2023-08-09 23:53,10.00,17000.00,KGRR 092353Z 22006KT 10SM BKN170 OVC230 23/18 A2977 RMK AO2 SLP077 T02330183 10267 20233 56007
GRR,2023-08-10 00:53,10.00,17000.00,KGRR 100053Z 21006KT 10SM SCT170 BKN230 22/18 A2976 RMK AO2 SLP075 T02170178
GRR,2023-08-10 01:53,10.00,17000.00,KGRR 100153Z 22005KT 10SM SCT170 BKN230 21/18 A2976 RMK AO2 SLP074 T02060178
GRR,2023-08-10 02:53,8.00,23000.00,KGRR 100253Z 24004KT 8SM BKN230 20/18 A2976 RMK AO2 SLP072 T02000178 57004
GRR,2023-08-10 03:53,7.00,23000.00,KGRR 100353Z 00000KT 7SM SCT230 19/17 A2976 RMK AO2 SLP072 LAST T01890172
GRR,2023-08-10 04:53,7.00,M,KGRR 100453Z AUTO 23004KT 7SM CLR 19/17 A2974 RMK AO2 SLP067 T01890172 402670161
GRR,2023-08-10 05:53,6.00,M,KGRR 100553Z AUTO 22006KT 6SM BR CLR 18/17 A2972 RMK AO2 SLP058 T01830167 10228 20183 58013
GRR,2023-08-10 06:53,5.00,M,KGRR 100653Z AUTO 21004KT 5SM BR CLR 18/17 A2971 RMK AO2 SLP057 T01780167
GRR,2023-08-10 07:53,4.00,400.00,KGRR 100753Z AUTO 22006KT 4SM BR FEW004 18/17 A2970 RMK AO2 SLP051 T01780172
GRR,2023-08-10 08:53,2.50,200.00,KGRR 100853Z AUTO 23009KT 2 1/2SM BR OVC002 19/19 A2969 RMK AO2 SLP050 T01940189 56008
GRR,2023-08-10 09:53,2.50,400.00,KGRR 100953Z 21006KT 2 1/2SM BCFG BR OVC004 19/18 A2969 RMK AO2 SLP048 T01890183
GRR,2023-08-10 10:53,2.50,400.00,KGRR 101053Z 25006KT 2 1/2SM BCFG BR OVC004 19/18 A2970 RMK AO2 SLP052 T01890183
GRR,2023-08-10 11:53,3.00,400.00,KGRR 101153Z 27006KT 3SM BCFG BR BKN004 BKN070 BKN130 19/19 A2971 RMK AO2 SLP058 7//// T01940189 10194 20178 53006
GRR,2023-08-10 12:53,5.00,900.00,KGRR 101253Z 27008KT 5SM BR BKN009 BKN110 21/19 A2971 RMK AO2 SLP058 T02110194
GRR,2023-08-10 13:53,8.00,1200.00,KGRR 101353Z 28008KT 8SM BKN012 BKN095 22/19 A2972 RMK AO2 SLP061 T02220189
GRR,2023-08-10 14:53,10.00,2200.00,KGRR 101453Z 27008KT 10SM BKN022 BKN060 BKN100 BKN250 24/18 A2973 RMK AO2 SLP061 T02390183 53004
GRR,2023-08-10 15:53,10.00,2700.00,KGRR 101553Z 26009KT 10SM FEW027 BKN055 BKN120 BKN250 25/18 A2973 RMK AO2 SLP064 T02500183
GRR,2023-08-10 16:53,10.00,3400.00,KGRR 101653Z 28014KT 10SM SCT034 BKN048 BKN250 26/17 A2974 RMK AO2 SLP065 T02610167
GRR,2023-08-10 17:53,10.00,4100.00,KGRR 101753Z 28014G20KT 10SM SCT041 BKN250 26/17 A2973 RMK AO2 SLP062 T02560167 10267 20194 50001
GRR,2023-08-10 18:53,10.00,4200.00,KGRR 101853Z 28017KT 10SM SCT042 26/16 A2973 RMK AO2 SLP063 T02610156
GRR,2023-08-10 19:53,10.00,5000.00,KGRR 101953Z 28018G26KT 10SM SCT050 27/13 A2973 RMK AO2 PK WND 28026/1948 SLP063 T02670128
GRR,2023-08-10 20:53,10.00,5000.00,KGRR 102053Z 29014KT 10SM FEW050 SCT250 27/13 A2974 RMK AO2 PK WND 30027/2015 SLP067 T02670128 53004
GRR,2023-08-10 21:53,10.00,5500.00,KGRR 102153Z 31012KT 10SM FEW055 SCT250 26/13 A2975 RMK AO2 SLP068 T02610128
GRR,2023-08-10 22:53,10.00,6000.00,KGRR 102253Z 28014G21KT 10SM FEW060 SCT250 25/13 A2976 RMK AO2 SLP072 T02500128
GRR,2023-08-10 23:53,10.00,5500.00,KGRR 102353Z 27010KT 10SM FEW055 FEW070 SCT250 24/13 A2977 RMK AO2 SLP076 T02440133 10267 20244 53009
GRR,2023-08-11 00:53,10.00,5500.00,KGRR 110053Z 29008KT 10SM FEW055 SCT250 23/14 A2979 RMK AO2 SLP082 T02280139
GRR,2023-08-11 01:53,10.00,25000.00,KGRR 110153Z 30005KT 10SM SCT250 21/14 A2981 RMK AO2 SLP090 T02110144
GRR,2023-08-11 02:53,10.00,25000.00,KGRR 110253Z 25005KT 10SM SCT250 20/14 A2982 RMK AO2 SLP093 T02000144 51017
GRR,2023-08-11 03:53,10.00,25000.00,KGRR 110353Z 00000KT 10SM SCT250 18/14 A2982 RMK AO2 SLP096 LAST T01780144
GRR,2023-08-11 04:53,10.00,M,KGRR 110453Z AUTO 00000KT 10SM CLR 18/15 A2983 RMK AO2 SLP097 T01780150 402670172
GRR,2023-08-11 05:53,8.00,M,KGRR 110553Z AUTO 00000KT 8SM CLR 16/14 A2984 RMK AO2 SLP100 T01560144 10244 20156 53006
GRR,2023-08-11 06:53,10.00,M,KGRR 110653Z AUTO 15004KT 10SM CLR 15/14 A2983 RMK AO2 SLP097 T01500139
GRR,2023-08-11 07:53,9.00,M,KGRR 110753Z AUTO 10003KT 9SM CLR 14/13 A2982 RMK AO2 SLP096 T01440133
GRR,2023-08-11 08:53,8.00,5500.00,KGRR 110853Z AUTO 08005KT 8SM FEW055 14/13 A2981 RMK AO2 SLP091 T01390133 58009
GRR,2023-08-11 09:53,8.00,5500.00,KGRR 110953Z 10003KT 8SM BKN055 BKN080 BKN250 15/14 A2983 RMK AO2 SLP096 T01500144
GRR,2023-08-11 10:53,10.00,6000.00,KGRR 111053Z 09004KT 10SM BKN060 BKN080 BKN250 15/13 A2984 RMK AO2 SLP101 T01500133
GRR,2023-08-11 11:53,10.00,6000.00,KGRR 111153Z 14004KT 10SM FEW060 BKN090 BKN250 17/14 A2984 RMK AO2 SLP102 T01670139 10167 20139 51011
GRR,2023-08-11 12:53,10.00,8500.00,KGRR 111253Z 15006KT 10SM BKN085 BKN250 18/14 A2984 RMK AO2 SLP101 T01830139
GRR,2023-08-11 13:53,10.00,11000.00,KGRR 111353Z 14005KT 10SM BKN110 BKN160 BKN250 19/14 A2983 RMK AO2 SLP098 T01940144
GRR,2023-08-11 14:53,10.00,4900.00,KGRR 111453Z 16008KT 10SM FEW049 FEW090 BKN110 OVC160 21/15 A2983 RMK AO2 SLP098 T02110150 56004
GRR,2023-08-11 15:53,10.00,4500.00,KGRR 111553Z 16009KT 10SM FEW045 SCT110 BKN160 OVC250 22/17 A2981 RMK AO2 SLP091 T02220172
GRR,2023-08-11 16:53,10.00,5000.00,KGRR 111653Z 18011KT 10SM FEW050 FEW130 SCT170 OVC240 23/19 A2980 RMK AO2 SLP086 T02330189
GRR,2023-08-11 17:53,9.00,3500.00,KGRR 111753Z 19009KT 9SM -RA FEW035 SCT055 BKN110 OVC130 23/20 A2979 RMK AO2 RAB48 SLP084 P0000 60000 T02330200 10239 20161 56015
GRR,2023-08-11 18:53,9.00,2000.00,KGRR 111853Z 20011KT 9SM FEW020 FEW040 SCT110 BKN250 26/21 A2977 RMK AO2 RAE07 SLP078 P0000 T02560211
GRR,2023-08-11 19:53,10.00,3100.00,KGRR 111953Z 20013G22KT 10SM SCT031 BKN110 BKN250 27/19 A2975 RMK AO2 SLP071 T02670194
GRR,2023-08-11 20:53,10.00,3500.00,KGRR 112053Z 22011KT 10SM SCT035TCU SCT100 BKN250 27/21 A2974 RMK AO2 RAB23E41 SLP066 TCU SE PRESENT WX VCSH SE P0000 60000 T02720206 57016
GRR,2023-08-11 21:53,10.00,2900.00,KGRR 112153Z 24015KT 10SM SCT029 SCT250 28/19 A2973 RMK AO2 LTG DSNT NE SLP065 CB DSNT NE AND SE MOV E T02780194
GRR,2023-08-11 22:53,10.00,3200.00,KGRR 112253Z 24015KT 10SM FEW032 SCT140 SCT250 27/18 A2973 RMK AO2 SLP064 T02720183
GRR,2023-08-11 23:53,10.00,3200.00,KGRR 112353Z 23013KT 10SM FEW032 SCT110 SCT250 26/18 A2974 RMK AO2 SLP066 60000 T02610178 10283 20233 55001
GRR,2023-08-12 00:53,10.00,3200.00,KGRR 120053Z 22004KT 10SM FEW032 SCT095 SCT250 24/18 A2974 RMK AO2 SLP065 T02390178
GRR,2023-08-12 01:53,10.00,8500.00,KGRR 120153Z 21005KT 10SM SCT085 23/18 A2975 RMK AO2 SLP072 T02330183
GRR,2023-08-12 02:53,10.00,4800.00,KGRR 120253Z 18006KT 10SM SCT048 BKN060 22/18 A2975 RMK AO2 LTG DSNT NW SLP071 OCNL LTGICCG DSNT NW CB DSNT NW MOV E T02170183 50005
GRR,2023-08-12 03:53,10.00,4600.00,KGRR 120353Z 18006KT 10SM TS SCT046CB SCT065 BKN120 22/19 A2974 RMK AO2 LTG DSNT NW-NE TSB44 SLP066 CONS LGTICCCCG NW-N TS NW-N MOV E PRESENT WX VCSH NW-N LAST T02170189
GRR,2023-08-12 04:53,10.00,3500.00,KGRR 120453Z AUTO 03005KT 10SM VCTS FEW035 BKN046 OVC095 22/19 A2976 RMK AO2 LTG DSNT N-E TSE01B11E28 SLP073 T02220189 402830139
GRR,2023-08-12 05:53,10.00,M,KGRR 120553Z AUTO 22006KT 10SM VCTS CLR 22/20 A2976 RMK AO2 LTG DSNT E AND SE RAB0456E15 TSB04E37 SLP071 P0003 60003 T02170200 10261 20211 53001
GRR,2023-08-12 06:53,10.00,6000.00,KGRR 120653Z AUTO 25009KT 10SM FEW060 BKN110 22/20 A2974 RMK AO2 RAB01E52 SLP067 P0001 T02220200
GRR,2023-08-12 07:53,10.00,M,KGRR 120753Z AUTO 23007KT 10SM CLR 21/18 A2974 RMK AO2 SLP064 T02110178
GRR,2023-08-12 08:53,10.00,M,KGRR 120853Z AUTO 22005KT 10SM CLR 19/18 A2974 RMK AO2 SLP066 60001 T01940178 55005
GRR,2023-08-12 09:53,10.00,6000.00,KGRR 120953Z 23006KT 10SM FEW060 19/17 A2975 RMK AO2 SLP068 CB DSNT NE MOV E T01890172
GRR,2023-08-12 10:53,10.00,5000.00,KGRR 121053Z 25008KT 10SM FEW050 SCT080 19/17 A2977 RMK AO2 SLP075 ACC N-NE CB DSNT E MOV E T01890172
GRR,2023-08-12 11:53,10.00,5500.00,KGRR 121153Z 24014G20KT 10SM BKN055 BKN080 21/18 A2979 RMK AO2 SLP082 PRESENT WX VCSH N AND S 60001 70004 T02060178 10222 20183 53016
GRR,2023-08-12 12:53,10.00,5500.00,KGRR 121253Z 25010KT 10SM FEW055 BKN085 BKN130 BKN250 22/19 A2979 RMK AO2 SLP081 ACC NE CB DSNT SW MOV E PRESENT WX VCSH E AND NW T02170189
GRR,2023-08-12 13:53,8.00,5000.00,KGRR 121353Z 27008KT 8SM -TSRA SCT050CB BKN070 BKN130 BKN250 21/18 A2978 RMK AO2 LTG DSNT SW RAB05E20B38 TSB51 SLP081 OCNL LTGIC SW TS SW MOV E P0001 T02110183
GRR,2023-08-12 14:53,10.00,3900.00,KGRR 121453Z 26012G20KT 10SM SCT039 BKN090 BKN140 BKN250 22/18 A2980 RMK AO2 LTG DSNT E-SW RAE25 TSE14B32E52 SLP086 CB DSNT SW MOV E PRESENT WX VCSH SE AND SW P0011 60012 T02170183 53002
GRR,2023-08-12 15:53,10.00,1800.00,KGRR 121553Z 27008KT 10SM SCT018 BKN095 BKN250 23/19 A2980 RMK AO2 SLP085 CB DSNT SE-SW MOV E T02280189
GRR,2023-08-12 16:53,10.00,2500.00,KGRR 121653Z 27010G17KT 10SM BKN025 BKN095 25/18 A2979 RMK AO2 SLP084 T02500183
GRR,2023-08-12 17:53,10.00,3800.00,KGRR 121753Z 30010KT 240V320 10SM BKN038 26/17 A2979 RMK AO2 SLP083 60012 T02610167 10261 20200 58002
GRR,2023-08-12 18:53,10.00,4300.00,KGRR 121853Z 27010G19KT 10SM SCT043 26/16 A2979 RMK AO2 SLP083 T02610161
GRR,2023-08-12 19:53,10.00,4700.00,KGRR 121953Z 27013G20KT 10SM SCT047 26/16 A2980 RMK AO2 SLP086 T02610156
GRR,2023-08-12 20:53,10.00,4000.00,KGRR 122053Z 28014G22KT 10SM SCT040 26/16 A2981 RMK AO2 SLP090 T02560156 53007
GRR,2023-08-12 21:53,10.00,3800.00,KGRR 122153Z 28012KT 10SM SCT038 25/16 A2983 RMK AO2 SLP097 T02500156
GRR,2023-08-12 22:53,10.00,3800.00,KGRR 122253Z 30011KT 10SM FEW038 24/16 A2984 RMK AO2 SLP102 T02390156
GRR,2023-08-12 23:53,10.00,3800.00,KGRR 122353Z 30010KT 10SM FEW038 23/15 A2985 RMK AO2 SLP105 T02330150 10267 20233 51015
GRR,2023-08-13 00:53,10.00,10000.00,KGRR 130053Z 31007KT 10SM FEW100 22/15 A2986 RMK AO2 SLP107 T02220150
GRR,2023-08-13 01:53,10.00,10000.00,KGRR 130153Z 00000KT 10SM FEW100 22/16 A2988 RMK AO2 SLP113 T02170156
GRR,2023-08-13 02:53,10.00,M,KGRR 130253Z 26004KT 10SM CLR 20/16 A2989 RMK AO2 SLP117 T02000156 53011
GRR,2023-08-13 03:53,10.00,M,KGRR 130353Z 25005KT 10SM CLR 19/17 A2989 RMK AO2 SLP117 LAST T01940167
GRR,2023-08-13 04:53,10.00,M,KGRR 130453Z AUTO 00000KT 10SM CLR 18/16 A2989 RMK AO2 SLP119 T01830161 402670183
GRR,2023-08-13 05:53,10.00,8500.00,KGRR 130553Z AUTO 00000KT 10SM OVC085 18/16 A2991 RMK AO2 SLP124 T01780161 10233 20178 53007
GRR,2023-08-13 06:53,10.00,9000.00,KGRR 130653Z AUTO 00000KT 10SM FEW090 17/16 A2992 RMK AO2 SLP127 T01720156
GRR,2023-08-13 07:53,10.00,M,KGRR 130753Z AUTO 07003KT 10SM CLR 16/16 A2992 RMK AO2 SLP127 T01610156
GRR,2023-08-13 08:53,10.00,M,KGRR 130853Z AUTO 00000KT 10SM CLR 16/16 A2993 RMK AO2 SLP130 T01610156 53005
GRR,2023-08-13 09:53,8.00,6500.00,KGRR 130953Z 01003KT 8SM FEW065 FEW100 16/16 A2993 RMK AO2 SLP130 T01610156
GRR,2023-08-13 10:53,10.00,3000.00,KGRR 131053Z 05003KT 10SM MIFG FEW030 FEW065 FEW100 16/15 A2995 RMK AO2 SLP139 T01610150
GRR,2023-08-13 11:53,10.00,1800.00,KGRR 131153Z 03006KT 10SM FEW018 FEW065 FEW100 17/16 A2996 RMK AO2 SLP143 70012 T01720156 10178 20161 53012
GRR,2023-08-13 12:53,10.00,1800.00,KGRR 131253Z 03008KT 10SM FEW018 FEW065 FEW100 18/15 A2998 RMK AO2 SLP149 T01830150
GRR,2023-08-13 13:53,10.00,4000.00,KGRR 131353Z 03003KT 10SM FEW040 FEW100 FEW250 20/16 A2999 RMK AO2 SLP150 T02000156
GRR,2023-08-13 14:53,10.00,5000.00,KGRR 131453Z 03006KT 10SM FEW050 FEW130 SCT250 21/16 A2999 RMK AO2 SLP153 T02110161 51009
GRR,2023-08-13 15:53,10.00,3000.00,KGRR 131553Z 32006KT 10SM FEW030 FEW130 FEW250 23/16 A3001 RMK AO2 SLP160 T02330161
GRR,2023-08-13 16:53,10.00,3000.00,KGRR 131653Z 34008KT 10SM SCT030 SCT150 SCT250 24/15 A3003 RMK AO2 SLP167 T02440150
GRR,2023-08-13 17:53,10.00,4100.00,KGRR 131753Z 35012G18KT 10SM SCT041 SCT140 BKN250 25/16 A3002 RMK AO2 SLP162 T02500156 10256 20172 50009
GRR,2023-08-13 18:53,10.00,4400.00,KGRR 131853Z 34007KT 10SM SCT044 BKN180 BKN220 25/15 A3001 RMK AO2 SLP159 T02500150
GRR,2023-08-13 19:53,10.00,4700.00,KGRR 131953Z VRB03KT 10SM SCT047 BKN180 BKN250 25/15 A3001 RMK AO2 SLP159 T02500150
GRR,2023-08-13 20:53,10.00,4700.00,KGRR 132053Z 34007KT 10SM SCT047 BKN180 BKN250 25/16 A3001 RMK AO2 SLP158 T02500156 56003
GRR,2023-08-13 21:53,10.00,5000.00,KGRR 132153Z 36006KT 10SM FEW050 BKN180 BKN250 24/15 A3001 RMK AO2 SLP160 T02440150
GRR,2023-08-13 22:53,10.00,4800.00,KGRR 132253Z 36005KT 10SM FEW048 FEW100 BKN130 BKN250 24/15 A3002 RMK AO2 SLP163 T02390150
GRR,2023-08-13 23:53,10.00,4800.00,KGRR 132353Z 04003KT 10SM FEW048 BKN110 BKN250 22/15 A3002 RMK AO2 RAB17E43 SLP163 P0000 60000 T02220150 10256 20222 51004
GRR,2023-08-14 00:53,10.00,9500.00,KGRR 140053Z 35003KT 10SM FEW095 FEW110 BKN140 22/16 A3003 RMK AO2 RAB10E50 SLP165 P0000 T02170161
GRR,2023-08-14 01:53,10.00,11000.00,KGRR 140153Z 36003KT 10SM SCT110 BKN140 21/16 A3004 RMK AO2 SLP169 T02110156
GRR,2023-08-14 02:53,10.00,14000.00,KGRR 140253Z 34005KT 10SM OVC140 21/14 A3004 RMK AO2 SLP168 60000 T02060144 50006
GRR,2023-08-14 03:53,10.00,15000.00,KGRR 140353Z 35004KT 10SM OVC150 20/15 A3003 RMK AO2 SLP165 LAST T02000150
GRR,2023-08-14 04:53,10.00,M,KGRR 140453Z AUTO 04003KT 10SM CLR 19/15 A3002 RMK AO2 SLP162 T01940150 402560161
GRR,2023-08-14 05:53,10.00,8000.00,KGRR 140553Z AUTO 06003KT 10SM SCT080 OVC110 18/16 A3001 RMK AO2 SLP158 60000 T01830156 10228 20183 58009
GRR,2023-08-14 06:53,10.00,8000.00,KGRR 140653Z AUTO 06005KT 10SM BKN080 OVC100 18/16 A3000 RMK AO2 SLP156 T01830161
GRR,2023-08-14 07:53,10.00,7500.00,KGRR 140753Z AUTO 08005KT 10SM BKN075 OVC095 18/16 A3000 RMK AO2 SLP155 T01830156
GRR,2023-08-14 08:53,10.00,8000.00,KGRR 140853Z AUTO 08005KT 10SM FEW080 OVC100 18/15 A2998 RMK AO2 SLP148 T01780150 58010
GRR,2023-08-14 09:53,10.00,8000.00,KGRR 140953Z 06006KT 10SM OVC080 18/16 A2998 RMK AO2 SLP149 T01780156
GRR,2023-08-14 10:53,10.00,7500.00,KGRR 141053Z 07006KT 10SM SCT075 OVC090 18/16 A3000 RMK AO2 SLP155 T01780161
GRR,2023-08-14 11:53,10.00,1000.00,KGRR 141153Z 08007KT 10SM FEW010 SCT075 OVC090 18/16 A2999 RMK AO2 SLP154 T01780161 10183 20178 50005
GRR,2023-08-14 12:53,10.00,1000.00,KGRR 141253Z 09008KT 10SM FEW010 BKN090 BKN250 18/16 A2998 RMK AO2 SLP149 T01830161
GRR,2023-08-14 13:53,10.00,1000.00,KGRR 141353Z 09008KT 10SM FEW010 SCT085 BKN100 OVC170 19/17 A2997 RMK AO2 SLP144 T01940167
GRR,2023-08-14 14:53,10.00,1500.00,KGRR 141453Z 11010KT 10SM FEW015 SCT090 BKN180 22/18 A2995 RMK AO2 SLP139 T02220178 56014
GRR,2023-08-14 15:53,10.00,2000.00,KGRR 141553Z 09009KT 10SM FEW020 BKN100 OVC180 23/18 A2995 RMK AO2 SLP139 T02280178
GRR,2023-08-14 16:53,10.00,2300.00,KGRR 141653Z 08009KT 10SM SCT023 BKN120 OVC180 23/18 A2993 RMK AO2 SLP132 T02280183
GRR,2023-08-14 17:53,10.00,2400.00,KGRR 141753Z 08011KT 10SM BKN024 OVC110 24/18 A2990 RMK AO2 SLP123 T02390183 10239 20178 58016
GRR,2023-08-14 18:53,10.00,2500.00,KGRR 141853Z 07012KT 10SM BKN025 BKN070 OVC120 23/18 A2988 RMK AO2 SLP115 T02330183
GRR,2023-08-14 19:53,10.00,3000.00,KGRR 141953Z 03009KT 10SM -RA SCT030 BKN036 OVC100 23/18 A2988 RMK AO2 RAB50 SLP114 P0000 T02280178
GRR,2023-08-14 20:53,10.00,5000.00,KGRR 142053Z 05016KT 10SM -RA FEW050 OVC085 21/19 A2982 RMK AO2 LTG DSNT W PRESFR SLP095 P0003 60003 T02060189 58028
GRR,2023-08-14 21:53,9.00,900.00,KGRR 142153Z 36011G20KT 9SM -TSRA FEW009 BKN050CB OVC080 19/18 A2984 RMK AO2 LTG DSNT ALQDS TSB49 PRESRR SLP102 OCNL LTGIC S-NW TS S-NW MOV NE P0002 T01940183
GRR,2023-08-14 22:53,1.50,600.00,KGRR 142253Z 03017G21KT 1 1/2SM R26L/2800V5500FT +TSRA BR FEW006 BKN035CB OVC055 18/17 A2985 RMK AO2 PK WND 36026/2215 WSHFT 2143 LTG DSNT E AND W AND NW SLP106 OCNL LTGICCA ALQDS TS ALQDS MOV NE P0062 T01780172 $
GRR,2023-08-14 23:53,2.50,800.00,KGRR 142353Z 06015KT 2 1/2SM RA BR BKN008 BKN026 OVC075 18/17 A2985 RMK AO2 PK WND 05027/2316 TSE38 SLP105 P0031 60098 T01780172 10244 20178 50002 $
GRR,2023-08-15 00:53,8.00,900.00,KGRR 150053Z 06013G24KT 8SM -RA BKN009 BKN050 OVC060 18/17 A2982 RMK AO2 SLP098 P0014 T01780167 $
GRR,2023-08-15 01:53,10.00,800.00,KGRR 150153Z 06012G21KT 10SM -RA BKN008 OVC012 17/17 A2984 RMK AO2 PK WND 05026/0129 SLP102 P0001 T01720167 $
GRR,2023-08-15 02:53,4.00,700.00,KGRR 150253Z 06015G23KT 4SM -RA BR BKN007 OVC012 17/16 A2982 RMK AO2 LTG DSNT SW SLP096 P0006 60021 T01670161 56007 $
GRR,2023-08-15 03:53,10.00,800.00,KGRR 150353Z 05014KT 10SM -RA OVC008 17/16 A2980 RMK AO2 PK WND 06026/0301 LTG DSNT S AND SW SLP087 LAST P0001 T01670161 $
GRR,2023-08-15 04:53,5.00,1100.00,KGRR 150453Z AUTO 06016G24KT 5SM RA BR BKN011 BKN018 OVC055 17/16 A2980 RMK AO2 SLP087 P0001 T01670156 402440167 $
GRR,2023-08-15 05:53,6.00,900.00,KGRR 150553Z AUTO 05012KT 6SM RA BR BKN009 OVC014 17/16 A2980 RMK AO2 PK WND 06026/0502 SLP086 P0007 60030 T01670161 10178 20167 50000 $
GRR,2023-08-15 06:53,7.00,800.00,KGRR 150653Z AUTO 04011KT 7SM -RA OVC008 17/16 A2977 RMK AO2 SLP078 P0017 T01670161 $
GRR,2023-08-15 07:53,9.00,800.00,KGRR 150753Z AUTO 03013KT 9SM OVC008 17/17 A2977 RMK AO2 RAE05 SLP079 P0000 T01720167 $
GRR,2023-08-15 08:53,8.00,1100.00,KGRR 150853Z AUTO 02011KT 8SM OVC011 17/17 A2978 RMK AO2 SLP082 60017 T01720167 55004 $
GRR,2023-08-15 09:53,7.00,900.00,KGRR 150953Z 03012G20KT 7SM BKN009 OVC023 17/16 A2979 RMK AO2 SLP087 T01720161 $
GRR,2023-08-15 10:53,10.00,1200.00,KGRR 151053Z 03013KT 10SM BKN012 OVC032 17/16 A2981 RMK AO2 SLP093 T01720161 $
GRR,2023-08-15 11:53,6.00,1200.00,KGRR 151153Z 03009KT 6SM -RA BR BKN012 BKN017 OVC039 17/16 A2983 RMK AO2 RAB52 SLP100 P0000 60017 70145 T01720161 10172 20167 53016
GRR,2023-08-15 12:53,3.00,800.00,KGRR 151253Z 01010KT 3SM -RA BR BKN008 OVC013 17/16 A2986 RMK AO2 SLP108 P0004 T01670161
GRR,2023-08-15 13:53,3.00,800.00,KGRR 151353Z 01012KT 3SM -RA BR BKN008 OVC013 17/16 A2988 RMK AO2 RAE35B51 SLP115 P0000 T01720161
GRR,2023-08-15 14:53,7.00,1200.00,KGRR 151453Z 36010KT 7SM SCT012 BKN020 OVC050 17/16 A2989 RMK AO2 RAE07 SLP121 P0000 60004 T01720156 51020
GRR,2023-08-15 15:53,4.00,1500.00,KGRR 151553Z 01006KT 4SM -RA BR FEW015 OVC034 18/17 A2991 RMK AO2 RAB10 SLP128 P0001 T01780167
GRR,2023-08-15 16:53,7.00,1800.00,KGRR 151653Z 36007KT 7SM FEW018 BKN045 OVC065 19/17 A2992 RMK AO2 RAE06B25E36 SLP131 P0000 T01940167
GRR,2023-08-15 17:53,8.00,2000.00,KGRR 151753Z 01007KT 8SM FEW020 BKN035 OVC110 21/16 A2993 RMK AO2 SLP133 60005 T02060161 10206 20167 51013
GRR,2023-08-15 18:53,9.00,2000.00,KGRR 151853Z 35010KT 9SM FEW020 SCT036 BKN100 21/16 A2994 RMK AO2 SLP135 T02110161
GRR,2023-08-15 19:53,10.00,3700.00,KGRR 151953Z 36008G19KT 10SM FEW037 BKN060 BKN110 BKN250 23/15 A2994 RMK AO2 SLP134 T02330150
GRR,2023-08-15 20:53,10.00,4400.00,KGRR 152053Z 01009KT 10SM FEW044 SCT110 BKN250 24/14 A2993 RMK AO2 SLP132 T02440139 58000
GRR,2023-08-15 21:53,10.00,4700.00,KGRR 152153Z 01007KT 10SM FEW047 FEW075 SCT110 BKN250 23/14 A2994 RMK AO2 SLP135 T02280144
GRR,2023-08-15 22:53,10.00,5000.00,KGRR 152253Z 36006KT 10SM FEW050 BKN075 BKN250 23/14 A2994 RMK AO2 SLP135 T02330139
GRR,2023-08-15 23:53,10.00,4700.00,KGRR 152353Z 32008KT 10SM FEW047 BKN070 BKN250 23/14 A2994 RMK AO2 SLP136 T02280144 10244 20206 51003
GRR,2023-08-16 00:53,10.00,4000.00,KGRR 160053Z 31008KT 10SM FEW040 BKN065 BKN250 22/13 A2995 RMK AO2 SLP140 T02170133
GRR,2023-08-16 01:53,10.00,M,KGRR 160153Z 30007KT 10SM CLR 19/12 A2998 RMK AO2 SLP150 T01940122
GRR,2023-08-16 02:53,10.00,M,KGRR 160253Z 31007KT 10SM CLR 18/11 A2999 RMK AO2 SLP154 T01830111 52016
GRR,2023-08-16 03:53,10.00,M,KGRR 160353Z 31004KT 10SM CLR 17/11 A2999 RMK AO2 SLP155 LAST T01720111
GRR,2023-08-16 04:53,10.00,M,KGRR 160453Z AUTO 28004KT 10SM CLR 16/11 A3000 RMK AO2 SLP158 T01610111 402440161
GRR,2023-08-16 05:53,10.00,M,KGRR 160553Z AUTO 24003KT 10SM CLR 15/11 A3000 RMK AO2 SLP156 T01500111 10228 20144 50002
GRR,2023-08-16 06:53,10.00,M,KGRR 160653Z AUTO 29007KT 10SM CLR 14/11 A2999 RMK AO2 SLP155 T01440111
GRR,2023-08-16 07:53,10.00,M,KGRR 160753Z AUTO 21003KT 10SM CLR 12/10 A3001 RMK AO2 SLP159 T01220100
GRR,2023-08-16 08:53,10.00,M,KGRR 160853Z AUTO 23004KT 10SM CLR 13/11 A3001 RMK AO2 SLP159 T01280106 53004
GRR,2023-08-16 09:53,10.00,M,KGRR 160953Z 00000KT 10SM CLR 12/10 A3001 RMK AO2 SLP162 T01170100
GRR,2023-08-16 10:53,10.00,25000.00,KGRR 161053Z 00000KT 10SM FEW250 11/10 A3002 RMK AO2 SLP165 T01110100
GRR,2023-08-16 11:53,10.00,12000.00,KGRR 161153Z 17004KT 10SM FEW120 FEW250 13/12 A3003 RMK AO2 SLP167 70005 T01280117 10156 20111 53006
GRR,2023-08-16 12:53,10.00,14000.00,KGRR 161253Z 23005KT 10SM FEW140 FEW250 18/15 A3004 RMK AO2 SLP169 T01780150
GRR,2023-08-16 13:53,10.00,25000.00,KGRR 161353Z 25007KT 10SM FEW250 21/17 A3003 RMK AO2 SLP165 T02110167
GRR,2023-08-16 14:53,10.00,25000.00,KGRR 161453Z COR 26006KT 10SM FEW250 23/16 A3003 RMK AO2 SLP165 T02280161 58000
GRR,2023-08-16 15:53,10.00,3100.00,KGRR 161553Z 23008KT 10SM FEW031 FEW250 24/17 A3002 RMK AO2 SLP162 T02390167
GRR,2023-08-16 16:53,10.00,3500.00,KGRR 161653Z 28010KT 10SM FEW035 FEW250 25/16 A3001 RMK AO2 SLP159 T02500161
GRR,2023-08-16 17:53,10.00,3800.00,KGRR 161753Z 22010KT 10SM FEW038 FEW250 26/16 A2999 RMK AO2 SLP152 T02560161 10256 20128 58012
GRR,2023-08-16 18:53,10.00,4500.00,KGRR 161853Z 21012KT 10SM FEW045 FEW250 26/15 A2998 RMK AO2 SLP149 T02560150
GRR,2023-08-16 19:53,10.00,4800.00,KGRR 161953Z 27011KT 10SM FEW048 SCT250 26/15 A2996 RMK AO2 SLP143 T02610150
GRR,2023-08-16 20:53,10.00,4500.00,KGRR 162053Z 22009KT 10SM FEW045 SCT250 26/15 A2995 RMK AO2 SLP138 T02560150 58015
GRR,2023-08-16 21:53,10.00,25000.00,KGRR 162153Z 26010G15KT 10SM SCT250 26/15 A2994 RMK AO2 SLP134 T02560150
GRR,2023-08-16 22:53,10.00,25000.00,KGRR 162253Z 22010KT 10SM SCT250 24/14 A2992 RMK AO2 SLP131 T02440144
GRR,2023-08-16 23:53,10.00,25000.00,KGRR 162353Z 22008KT 10SM BKN250 23/14 A2990 RMK AO2 SLP125 T02330144 10261 20233 58014
GRR,2023-08-17 00:53,10.00,25000.00,KGRR 170053Z 19004KT 10SM SCT250 22/14 A2989 RMK AO2 SLP119 T02170144
GRR,2023-08-17 01:53,10.00,M,KGRR 170153Z 19005KT 10SM CLR 19/14 A2989 RMK AO2 SLP119 T01940144
GRR,2023-08-17 02:53,10.00,M,KGRR 170253Z 18006KT 10SM CLR 19/15 A2987 RMK AO2 SLP112 T01940150 58010
GRR,2023-08-17 03:53,10.00,M,KGRR 170353Z 20008KT 10SM CLR 19/14 A2985 RMK AO2 SLP106 LAST T01940144
GRR,2023-08-17 04:53,10.00,M,KGRR 170453Z AUTO 19008KT 10SM CLR 18/14 A2984 RMK AO2 SLP100 T01830144 402610111
GRR,2023-08-17 05:53,10.00,M,KGRR 170553Z AUTO 20010KT 10SM CLR 19/14 A2982 RMK AO2 SLP095 T01890144 10233 20183 56016
GRR,2023-08-17 06:53,10.00,M,KGRR 170653Z AUTO 21010KT 10SM CLR 18/14 A2981 RMK AO2 SLP090 T01830144
GRR,2023-08-17 07:53,10.00,M,KGRR 170753Z AUTO 19011KT 10SM CLR 18/14 A2977 RMK AO2 SLP076 T01830144
GRR,2023-08-17 08:53,10.00,M,KGRR 170853Z AUTO 20011KT 10SM CLR 18/14 A2974 RMK AO2 SLP067 T01830144 58027
GRR,2023-08-17 09:53,10.00,25000.00,KGRR 170953Z 21012KT 10SM BKN250 18/14 A2971 RMK AO2 SLP056 T01830139
GRR,2023-08-17 10:53,10.00,8000.00,KGRR 171053Z 20013G20KT 10SM SCT080 BKN200 BKN250 19/14 A2969 RMK AO2 PK WND 21026/1019 SLP051 T01890139
GRR,2023-08-17 11:53,10.00,7000.00,KGRR 171153Z 20017G24KT 10SM BKN070 BKN200 OVC250 19/14 A2967 RMK AO2 PK WND 20030/1134 SLP045 T01890144 10194 20183 56022
GRR,2023-08-17 12:53,7.00,3900.00,KGRR 171253Z 20014G20KT 7SM -RA OVC039 19/14 A2966 RMK AO2 LTG DSNT W-N RAB44 SLP040 P0000 T01890144
GRR,2023-08-17 13:53,1.00,2400.00,KGRR 171353Z 21009KT 1SM R26L/5000VP6000FT +TSRA BR BKN024 BKN030CB OVC042 17/16 A2966 RMK AO2 LTG DSNT ALQDS RAE06B24 TSB15 SLP043 OCNL LTGIC OHD TS OHD MOV E P0019 T01720161 $
GRR,2023-08-17 14:53,4.00,1000.00,KGRR 171453Z 20012KT 4SM -TSRA BR FEW010 OVC017CB 17/16 A2965 RMK AO2 LTG DSNT E-SW SLP039 OCNL LTGIC E TS E MOV E P0028 60047 T01720161 56007 $
GRR,2023-08-17 15:53,9.00,600.00,KGRR 171553Z 21011KT 9SM OVC006 17/17 A2965 RMK AO2 RAE48 TSE03 SLP039 P0003 T01720167 $
GRR,2023-08-17 16:53,7.00,600.00,KGRR 171653Z 20010KT 7SM BKN006 OVC010 18/18 A2964 RMK AO2 RAB19E28 SLP035 P0000 T01830178 $
GRR,2023-08-17 17:53,10.00,1100.00,KGRR 171753Z 23012KT 10SM SCT011 BKN016 BKN045 22/19 A2964 RMK AO2 RAB32E41 SLP031 P0000 60050 T02220189 10222 20172 58005 $
GRR,2023-08-17 18:53,10.00,1900.00,KGRR 171853Z 26014G27KT 10SM FEW019 SCT027 BKN045 24/17 A2965 RMK AO2 PK WND 26027/1846 SLP035 T02390167 $
GRR,2023-08-17 19:53,10.00,2700.00,KGRR 171953Z 28018G27KT 10SM FEW027 SCT047 BKN060 23/14 A2966 RMK AO2 PK WND 28027/1952 SLP041 T02330144 $
GRR,2023-08-17 20:53,10.00,4500.00,KGRR 172053Z 29019G28KT 10SM SCT045 BKN060 BKN080 22/13 A2968 RMK AO2 PK WND 29029/2029 SLP047 T02220133 53015 $
GRR,2023-08-17 21:53,10.00,4000.00,KGRR 172153Z 28017G27KT 10SM FEW040 SCT060 BKN080 22/13 A2971 RMK AO2 PK WND 29030/2114 SLP056 CB DSNT NW-N MOV SE T02170133 $
GRR,2023-08-17 22:53,10.00,6000.00,KGRR 172253Z 31011G22KT 10SM SCT060 BKN085 BKN100 BKN250 19/15 A2974 RMK AO2 PK WND 31034/2208 RAB11E38 SLP067 P0000 T01940150 $
GRR,2023-08-17 23:53,10.00,2500.00,KGRR 172353Z 31013KT 10SM FEW025 FEW060 BKN100 BKN250 19/14 A2976 RMK AO2 SLP076 60000 T01940139 10239 20189 53027 $
GRR,2023-08-18 00:53,10.00,6000.00,KGRR 180053Z 31009KT 10SM FEW060 BKN100 18/13 A2980 RMK AO2 SLP088 T01830128 $
GRR,2023-08-18 01:53,10.00,2600.00,KGRR 180153Z 32008KT 10SM FEW026 SCT045 BKN060 17/13 A2984 RMK AO2 SLP102 T01670128 $
GRR,2023-08-18 02:53,10.00,4500.00,KGRR 180253Z 31006KT 10SM FEW045 FEW060 16/12 A2986 RMK AO2 SLP111 T01610117 51031 $
GRR,2023-08-18 03:53,10.00,6000.00,KGRR 180353Z 28007KT 10SM FEW060 16/11 A2987 RMK AO2 SLP114 LAST T01610111 $
GRR,2023-08-18 04:53,10.00,M,KGRR 180453Z AUTO 25004KT 10SM CLR 14/11 A2988 RMK AO2 SLP117 T01440111 402390144 $
GRR,2023-08-18 05:53,10.00,M,KGRR 180553Z AUTO 27005KT 10SM CLR 14/11 A2989 RMK AO2 SLP119 T01390111 10189 20139 51009 $
GRR,2023-08-18 06:53,10.00,M,KGRR 180653Z AUTO 27006KT 10SM CLR 14/12 A2988 RMK AO2 SLP116 T01440117 $
GRR,2023-08-18 07:53,10.00,M,KGRR 180753Z AUTO 26005KT 10SM CLR 14/12 A2989 RMK AO2 SLP119 T01390117 $
GRR,2023-08-18 08:53,10.00,M,KGRR 180853Z AUTO 27005KT 10SM CLR 14/12 A2991 RMK AO2 SLP127 T01440117 53007 $
GRR,2023-08-18 09:53,10.00,M,KGRR 180953Z 27006KT 10SM CLR 14/12 A2992 RMK AO2 SLP130 T01440122 $
GRR,2023-08-18 10:53,7.00,7500.00,KGRR 181053Z 28006KT 7SM FEW075 14/12 A2995 RMK AO2 SLP139 T01440122 $
GRR,2023-08-18 11:53,7.00,8000.00,KGRR 181153Z 29006KT 7SM FEW080 15/13 A2997 RMK AO2 SLP147 70050 T01500128 10150 20133 53020 $
GRR,2023-08-18 12:53,9.00,M,KGRR 181253Z 32008KT 9SM CLR 17/13 A3000 RMK AO2 SLP156 T01720128 $
GRR,2023-08-18 13:53,10.00,M,KGRR 181353Z 32014G20KT 10SM CLR 19/11 A3002 RMK AO2 SLP163 T01890106 $
GRR,2023-08-18 14:53,10.00,4000.00,KGRR 181453Z 32012G19KT 10SM FEW040 20/09 A3002 RMK AO2 SLP165 T02000089 51018 $
GRR,2023-08-18 15:53,10.00,4800.00,KGRR 181553Z 31012G21KT 10SM SCT048 21/09 A3003 RMK AO2 SLP167 T02060094 $
GRR,2023-08-18 16:53,10.00,6000.00,KGRR 181653Z 33016G21KT 10SM SCT060 22/11 A3002 RMK AO2 SLP165 T02170106 $
GRR,2023-08-18 17:53,10.00,5500.00,KGRR 181753Z 34016G23KT 10SM BKN055 22/09 A3002 RMK AO2 SLP163 T02220094 10222 20156 58002 $
GRR,2023-08-18 18:53,10.00,6000.00,KGRR 181853Z 33014G20KT 10SM SCT060 23/09 A3001 RMK AO2 SLP161 T02280094 $
GRR,2023-08-18 19:53,10.00,6000.00,KGRR 181953Z 32012G19KT 10SM SCT060 SCT250 23/09 A3002 RMK AO2 SLP161 T02330094 $
GRR,2023-08-18 20:53,10.00,6000.00,KGRR 182053Z 29012KT 10SM SCT060 SCT250 22/11 A3001 RMK AO2 SLP162 T02170106 56001 $
GRR,2023-08-18 21:53,10.00,5500.00,KGRR 182153Z 28009KT 10SM FEW055 SCT250 22/11 A3001 RMK AO2 SLP160 T02220106 $
GRR,2023-08-18 22:53,10.00,5000.00,KGRR 182253Z 27010KT 10SM FEW050 FEW250 22/10 A3001 RMK AO2 SLP161 T02170100 $
GRR,2023-08-18 23:53,10.00,25000.00,KGRR 182353Z 29008KT 10SM FEW250 20/09 A3002 RMK AO2 SLP163 T02000089 10233 20200 53001 $
GRR,2023-08-19 00:53,10.00,25000.00,KGRR 190053Z 28005KT 10SM FEW250 18/09 A3002 RMK AO2 SLP164 T01830089 $
GRR,2023-08-19 01:53,10.00,M,KGRR 190153Z 25005KT 10SM CLR 17/10 A3003 RMK AO2 SLP169 T01670100 $
GRR,2023-08-19 02:53,10.00,M,KGRR 190253Z 24003KT 10SM CLR 16/11 A3004 RMK AO2 SLP171 T01560106 53008 $
GRR,2023-08-19 03:53,10.00,M,KGRR 190353Z 25004KT 10SM CLR 15/10 A3004 RMK AO2 SLP172 LAST T01500100 $
GRR,2023-08-19 04:53,10.00,M,KGRR 190453Z AUTO 00000KT 10SM CLR 12/09 A3004 RMK AO2 SLP172 T01220094 402330122 $
GRR,2023-08-19 05:53,10.00,M,KGRR 190553Z AUTO 17003KT 10SM CLR 12/10 A3005 RMK AO2 SLP173 T01170100 10200 20111 53002 $
GRR,2023-08-19 06:53,9.00,M,KGRR 190653Z AUTO 15004KT 9SM CLR 11/10 A3006 RMK AO2 SLP176 T01110100 $
GRR,2023-08-19 07:53,9.00,M,KGRR 190753Z AUTO 15003KT 9SM CLR 12/10 A3006 RMK AO2 SLP177 T01170100 $
GRR,2023-08-19 08:53,7.00,M,KGRR 190853Z AUTO 15003KT 7SM CLR 11/10 A3007 RMK AO2 SLP181 T01060100 51006 $
GRR,2023-08-19 09:53,9.00,M,KGRR 190953Z 14003KT 9SM CLR 11/10 A3007 RMK AO2 SLP183 T01110100 $
GRR,2023-08-19 10:53,6.00,25000.00,KGRR 191053Z 00000KT 6SM BR FEW250 11/09 A3008 RMK AO2 SLP186 T01060094 $
GRR,2023-08-19 11:53,7.00,25000.00,KGRR 191153Z 00000KT 7SM FEW250 12/11 A3010 RMK AO2 SLP191 T01170106 10117 20106 53010 $
GRR,2023-08-19 12:53,9.00,M,KGRR 191253Z 17005KT 9SM CLR 15/12 A3010 RMK AO2 SLP192 T01500122 $
GRR,2023-08-19 13:53,10.00,M,KGRR 191353Z 19006KT 10SM CLR 19/11 A3009 RMK AO2 SLP189 T01890111 $
GRR,2023-08-19 14:53,10.00,18000.00,KGRR 191453Z 20009KT 10SM FEW180 21/10 A3009 RMK AO2 SLP190 T02060100 55001 $
GRR,2023-08-19 15:53,10.00,M,KGRR 191553Z 22012G17KT 10SM CLR 22/12 A3009 RMK AO2 SLP187 T02220117 $
GRR,2023-08-19 16:53,10.00,M,KGRR 191653Z 19013G19KT 10SM CLR 23/13 A3007 RMK AO2 SLP182 T02330128 $
GRR,2023-08-19 17:53,10.00,13000.00,KGRR 191753Z 22011KT 10SM FEW130 FEW250 24/14 A3006 RMK AO2 SLP177 T02390139 10239 20117 58013 $
GRR,2023-08-19 18:53,10.00,17000.00,KGRR 191853Z 21010KT 10SM FEW170 24/14 A3004 RMK AO2 SLP171 T02440144 $
GRR,2023-08-19 19:53,10.00,17000.00,KGRR 191953Z 18009KT 10SM BKN170 BKN200 24/14 A3003 RMK AO2 SLP166 T02440144 $
GRR,2023-08-19 21:53,10.00,17000.00,KGRR 192153Z 18013G19KT 10SM SCT170 BKN200 25/14 A2998 RMK AO2 SLP151 T02500144 $
GRR,2023-08-19 22:53,10.00,17000.00,KGRR 192253Z 17008KT 10SM FEW170 SCT190 24/15 A2998 RMK AO2 SLP151 T02390150 $
GRR,2023-08-19 23:53,10.00,17000.00,KGRR 192353Z 16005KT 10SM FEW170 FEW190 22/15 A2998 RMK AO2 SLP150 T02220150 10250 20222 56009 $
GRR,2023-08-20 00:53,7.00,17000.00,KGRR 200053Z 15003KT 7SM FEW170 21/14 A2997 RMK AO2 SLP149 T02060144 $
GRR,2023-08-20 01:53,10.00,M,KGRR 200153Z 15004KT 10SM CLR 20/14 A2999 RMK AO2 SLP151 T02000144 $
GRR,2023-08-20 02:53,8.00,M,KGRR 200253Z 17005KT 8SM CLR 18/14 A2999 RMK AO2 SLP152 T01830144 53003 $
GRR,2023-08-20 03:53,10.00,M,KGRR 200353Z 19007KT 10SM CLR 19/14 A3000 RMK AO2 SLP154 LAST T01940144 $
GRR,2023-08-20 04:53,10.00,M,KGRR 200453Z AUTO 21006KT 10SM CLR 20/15 A3001 RMK AO2 SLP158 T02000150 402500106 $
GRR,2023-08-20 05:53,10.00,M,KGRR 200553Z AUTO 21007KT 10SM CLR 20/16 A3001 RMK AO2 SLP157 T02000156 10222 20178 51007 $
GRR,2023-08-20 06:53,10.00,M,KGRR 200653Z AUTO 18004KT 10SM CLR 18/16 A3000 RMK AO2 SLP155 T01830156 $
GRR,2023-08-20 07:53,9.00,M,KGRR 200753Z AUTO 17004KT 9SM CLR 18/16 A3000 RMK AO2 SLP154 T01780156 $
GRR,2023-08-20 08:53,8.00,M,KGRR 200853Z AUTO 18003KT 8SM CLR 18/16 A3000 RMK AO2 SLP156 T01780156 55002 $
GRR,2023-08-20 09:53,8.00,M,KGRR 200953Z 00000KT 8SM CLR 18/16 A3001 RMK AO2 SLP159 T01780161 $
GRR,2023-08-20 10:53,7.00,13000.00,KGRR 201053Z 16003KT 7SM FEW130 17/16 A3002 RMK AO2 SLP160 T01720156 $
GRR,2023-08-20 11:53,7.00,M,KGRR 201153Z 18003KT 7SM CLR 18/17 A3003 RMK AO2 SLP164 T01830167 10200 20172 53008 $
GRR,2023-08-20 12:53,10.00,M,KGRR 201253Z 22006KT 10SM CLR 22/18 A3004 RMK AO2 SLP168 T02170183 $
GRR,2023-08-20 13:53,10.00,M,KGRR 201353Z 25007KT 10SM CLR 24/19 A3004 RMK AO2 SLP168 T02390189 $
GRR,2023-08-20 14:53,10.00,M,KGRR 201453Z 24004KT 10SM CLR 25/20 A3006 RMK AO2 SLP176 T02500200 53012 $
GRR,2023-08-20 15:53,10.00,25000.00,KGRR 201553Z VRB04KT 10SM FEW250 27/21 A3007 RMK AO2 SLP178 T02720211 $
GRR,2023-08-20 16:53,10.00,M,KGRR 201653Z VRB03KT 10SM CLR 28/22 A3005 RMK AO2 SLP171 T02830217 $
GRR,2023-08-20 17:53,10.00,25000.00,KGRR 201753Z 21004KT 10SM FEW250 29/23 A3006 RMK AO2 SLP174 T02940228 10294 20183 50000 $
GRR,2023-08-20 18:53,10.00,3400.00,KGRR 201853Z 25006KT 10SM SCT034 SCT250 31/23 A3006 RMK AO2 SLP174 T03060228 $
GRR,2023-08-20 19:53,10.00,3500.00,KGRR 201953Z 29007KT 10SM BKN035 BKN250 31/24 A3006 RMK AO2 SLP173 T03110239 $
GRR,2023-08-20 20:53,10.00,4000.00,KGRR 202053Z 30008KT 10SM BKN040 BKN250 31/24 A3007 RMK AO2 SLP176 T03110239 53002 $
GRR,2023-08-20 21:53,10.00,4000.00,KGRR 202153Z 34004KT 10SM SCT040 BKN250 31/23 A3006 RMK AO2 SLP175 T03060228 $
GRR,2023-08-20 22:53,10.00,3500.00,KGRR 202253Z 29009KT 10SM SCT035 BKN250 29/23 A3008 RMK AO2 SLP182 T02940233 $
GRR,2023-08-20 23:53,10.00,25000.00,KGRR 202353Z 27006KT 10SM BKN250 28/23 A3009 RMK AO2 SLP184 T02780228 10311 20278 53007 $
GRR,2023-08-21 00:53,10.00,25000.00,KGRR 210053Z 27006KT 10SM BKN250 26/22 A3011 RMK AO2 SLP192 T02610222 $
GRR,2023-08-21 01:53,10.00,25000.00,KGRR 210153Z 29005KT 10SM BKN250 26/22 A3013 RMK AO2 SLP198 T02560222 $
GRR,2023-08-21 02:53,10.00,25000.00,KGRR 210253Z 01009KT 10SM BKN250 24/19 A3015 RMK AO2 SLP206 T02440189 52022 $
GRR,2023-08-21 03:53,10.00,25000.00,KGRR 210353Z 02007KT 10SM BKN250 23/17 A3016 RMK AO2 SLP209 LAST T02280172 $
GRR,2023-08-21 04:53,10.00,3600.00,KGRR 210453Z AUTO 03009KT 10SM BKN036 23/18 A3019 RMK AO2 SLP218 T02280178 403110172 $
GRR,2023-08-21 05:53,10.00,3700.00,KGRR 210553Z AUTO 05005KT 10SM SCT037 21/17 A3019 RMK AO2 SLP219 T02110172 10278 20211 51012 $
GRR,2023-08-21 06:53,10.00,3500.00,KGRR 210653Z AUTO 04005KT 10SM SCT035 20/17 A3019 RMK AO2 SLP219 T02000167 $
GRR,2023-08-21 07:53,10.00,3600.00,KGRR 210753Z AUTO 05003KT 10SM BKN036 19/17 A3019 RMK AO2 SLP219 T01940167 $
GRR,2023-08-21 08:53,10.00,M,KGRR 210853Z AUTO 01004KT 10SM CLR 19/17 A3020 RMK AO2 SLP222 T01890167 53004 $
GRR,2023-08-21 09:53,9.00,3800.00,KGRR 210953Z 04004KT 9SM SCT038 18/17 A3020 RMK AO2 SLP221 T01780167 $
GRR,2023-08-21 10:53,9.00,13000.00,KGRR 211053Z 05004KT 9SM FEW130 SCT250 17/16 A3022 RMK AO2 SLP228 T01720161 $
GRR,2023-08-21 11:53,8.00,13000.00,KGRR 211153Z 05005KT 8SM FEW130 SCT250 18/16 A3024 RMK AO2 SLP235 T01780161 10211 20172 53012 $
GRR,2023-08-21 12:53,9.00,25000.00,KGRR 211253Z 06009KT 9SM FEW250 19/16 A3025 RMK AO2 SLP240 T01890161 $
GRR,2023-08-21 13:53,10.00,21000.00,KGRR 211353Z 07008KT 10SM FEW210 FEW250 21/17 A3025 RMK AO2 SLP238 T02060167 $
GRR,2023-08-21 14:53,10.00,23000.00,KGRR 211453Z 08006KT 10SM SCT230 22/18 A3025 RMK AO2 SLP240 T02170178 51004 $
GRR,2023-08-21 15:53,10.00,23000.00,KGRR 211553Z 10005KT 10SM BKN230 23/19 A3025 RMK AO2 SLP240 T02330189 $
GRR,2023-08-21 16:53,10.00,2100.00,KGRR 211653Z 06006KT 10SM FEW021 BKN230 25/20 A3025 RMK AO2 SLP238 T02500200 $
GRR,2023-08-21 17:53,10.00,2200.00,KGRR 211753Z 11004KT 10SM FEW022 BKN250 25/20 A3023 RMK AO2 SLP233 T02500200 10256 20178 58007 $
GRR,2023-08-21 18:53,10.00,2200.00,KGRR 211853Z 05008KT 10SM SCT022 BKN250 26/19 A3023 RMK AO2 SLP234 T02610194 $
GRR,2023-08-21 19:53,10.00,2500.00,KGRR 211953Z VRB05KT 10SM SCT025 BKN250 26/19 A3022 RMK AO2 SLP231 T02610194 $
GRR,2023-08-21 20:53,10.00,2500.00,KGRR 212053Z 05007KT 10SM FEW025 BKN250 25/19 A3022 RMK AO2 SLP231 T02500189 58002 $
GRR,2023-08-21 21:53,10.00,2500.00,KGRR 212153Z 05006KT 10SM FEW025 BKN250 25/19 A3022 RMK AO2 SLP231 T02500189 $
GRR,2023-08-21 22:53,10.00,2500.00,KGRR 212253Z 06007KT 10SM FEW025 BKN250 24/18 A3023 RMK AO2 SLP234 T02440183 $
GRR,2023-08-21 23:53,10.00,25000.00,KGRR 212353Z 09008KT 10SM BKN250 23/18 A3021 RMK AO2 SLP228 T02280183 10261 20228 58004 $
GRR,2023-08-22 00:53,10.00,25000.00,KGRR 220053Z 05006KT 10SM BKN250 22/17 A3023 RMK AO2 SLP234 T02170172 $
GRR,2023-08-22 01:53,10.00,25000.00,KGRR 220153Z 07007KT 10SM BKN250 21/16 A3024 RMK AO2 SLP237 T02060161 $
GRR,2023-08-22 02:53,10.00,25000.00,KGRR 220253Z 08005KT 10SM BKN250 19/16 A3025 RMK AO2 SLP239 T01940156 51011 $
GRR,2023-08-22 03:53,10.00,25000.00,KGRR 220353Z 08007KT 10SM BKN250 19/15 A3026 RMK AO2 SLP244 LAST T01890150 $
GRR,2023-08-22 04:53,10.00,M,KGRR 220453Z AUTO 09010KT 10SM CLR 18/14 A3026 RMK AO2 SLP244 T01780139 402610172 $
GRR,2023-08-22 05:53,10.00,M,KGRR 220553Z AUTO 07005KT 10SM CLR 17/13 A3027 RMK AO2 SLP246 T01720133 10228 20172 51007 $
GRR,2023-08-22 06:53,10.00,6000.00,KGRR 220653Z AUTO 07006KT 10SM BKN060 OVC075 17/14 A3027 RMK AO2 SLP247 T01670139 $
GRR,2023-08-22 07:53,10.00,6500.00,KGRR 220753Z AUTO 10007KT 10SM OVC065 17/13 A3026 RMK AO2 SLP243 T01720133 $
GRR,2023-08-22 08:53,10.00,6000.00,KGRR 220853Z AUTO 07007KT 10SM BKN060 17/13 A3027 RMK AO2 SLP247 T01670128 53001 $
GRR,2023-08-22 09:53,10.00,5500.00,KGRR 220953Z 09005KT 10SM OVC055 17/12 A3027 RMK AO2 SLP246 T01670117 $
GRR,2023-08-22 10:53,10.00,5500.00,KGRR 221053Z 09005KT 10SM OVC055 17/12 A3028 RMK AO2 SLP249 T01670117 $
GRR,2023-08-22 11:53,10.00,5000.00,KGRR 221153Z 09008KT 10SM BKN050 OVC250 17/13 A3027 RMK AO2 SLP250 T01670128 10172 20167 53002 $
GRR,2023-08-22 12:53,10.00,4800.00,KGRR 221253Z 10008KT 10SM OVC048 17/13 A3028 RMK AO2 SLP253 T01720133
GRR,2023-08-22 13:53,10.00,4800.00,KGRR 221353Z 09010KT 10SM OVC048 18/14 A3029 RMK AO2 SLP257 T01780139
GRR,2023-08-22 14:53,10.00,4800.00,KGRR 221453Z 10007KT 10SM BKN048 BKN250 19/14 A3029 RMK AO2 SLP256 T01940144 50006
GRR,2023-08-22 15:53,10.00,2400.00,KGRR 221553Z 09007KT 10SM FEW024 OVC047 20/14 A3030 RMK AO2 SLP260 T02000139
GRR,2023-08-22 16:53,10.00,2700.00,KGRR 221653Z 10009KT 10SM FEW027 BKN049 BKN250 21/14 A3028 RMK AO2 SLP250 T02110139
GRR,2023-08-22 17:53,10.00,3000.00,KGRR 221753Z 09011KT 10SM FEW030 FEW050 SCT250 22/14 A3025 RMK AO2 SLP241 T02220144 10228 20167 58015
GRR,2023-08-22 18:53,10.00,5000.00,KGRR 221853Z 09009KT 10SM FEW050 FEW250 23/15 A3024 RMK AO2 SLP238 T02330150
GRR,2023-08-22 19:53,10.00,25000.00,KGRR 221953Z 10008KT 10SM FEW250 23/15 A3019 RMK AO2 PRESFR SLP221 T02330150
GRR,2023-08-22 20:53,10.00,25000.00,KGRR 222053Z 08007KT 10SM SCT250 24/15 A3019 RMK AO2 SLP220 T02390150 56019
GRR,2023-08-22 21:53,10.00,25000.00,KGRR 222153Z 08010KT 10SM SCT250 24/16 A3018 RMK AO2 SLP215 T02390161
GRR,2023-08-22 22:53,10.00,9000.00,KGRR 222253Z 10010KT 10SM SCT090 BKN250 22/15 A3016 RMK AO2 SLP212 T02220150
GRR,2023-08-22 23:53,10.00,8000.00,KGRR 222353Z 09008KT 10SM SCT080 BKN250 21/14 A3016 RMK AO2 SLP209 T02110144 10239 20211 56012
GRR,2023-08-23 00:53,10.00,8000.00,KGRR 230053Z 09008KT 10SM SCT080 BKN250 20/15 A3016 RMK AO2 SLP211 T02000150
GRR,2023-08-23 01:53,10.00,8000.00,KGRR 230153Z 10005KT 10SM FEW080 SCT250 19/15 A3015 RMK AO2 SLP207 T01940150
GRR,2023-08-23 02:53,10.00,8000.00,KGRR 230253Z 11006KT 10SM FEW080 FEW250 19/15 A3013 RMK AO2 SLP200 T01890150 58009
GRR,2023-08-23 03:53,10.00,25000.00,KGRR 230353Z 11006KT 10SM SCT250 18/15 A3012 RMK AO2 SLP197 LAST T01830150
GRR,2023-08-23 04:53,10.00,3400.00,KGRR 230453Z AUTO 14009KT 10SM OVC034 19/15 A3011 RMK AO2 SLP193 T01940150 402390167
GRR,2023-08-23 05:53,10.00,4200.00,KGRR 230553Z AUTO 13007KT 10SM SCT042 19/15 A3010 RMK AO2 SLP191 T01890150 10211 20183 56008
GRR,2023-08-23 06:53,10.00,2800.00,KGRR 230653Z AUTO 13007KT 10SM OVC028 19/15 A3011 RMK AO2 SLP191 T01940150
GRR,2023-08-23 07:53,10.00,2500.00,KGRR 230753Z AUTO 16006KT 10SM BKN025 BKN041 OVC049 19/15 A3010 RMK AO2 SLP190 T01940150
GRR,2023-08-23 08:53,10.00,7000.00,KGRR 230853Z AUTO 19012KT 10SM BKN070 19/15 A3007 RMK AO2 RAB26E35 SLP179 P0000 60000 T01940150 58012
GRR,2023-08-23 09:53,10.00,7000.00,KGRR 230953Z 20013G18KT 10SM SCT070 19/15 A3004 RMK AO2 SLP170 T01940150
GRR,2023-08-23 10:53,10.00,7000.00,KGRR 231053Z 20009KT 10SM FEW070 FEW250 20/15 A3004 RMK AO2 SLP169 T02000150
GRR,2023-08-23 11:53,10.00,2600.00,KGRR 231153Z 20008KT 10SM FEW026 FEW250 21/16 A3002 RMK AO2 SLP162 60000 T02060161 10206 20189 56016
GRR,2023-08-23 12:53,10.00,2100.00,KGRR 231253Z 21012G19KT 10SM BKN021 OVC032 22/18 A2999 RMK AO2 SLP152 T02170178
GRR,2023-08-23 13:53,10.00,1600.00,KGRR 231353Z 22010KT 10SM OVC016 23/19 A2999 RMK AO2 SLP152 T02330194
GRR,2023-08-23 14:53,10.00,1800.00,KGRR 231453Z 22009KT 10SM BKN018 26/22 A2997 RMK AO2 SLP145 T02610217 56016
GRR,2023-08-23 15:53,8.00,1700.00,KGRR 231553Z 24012KT 8SM BKN017 28/24 A2997 RMK AO2 SLP143 T02780239
GRR,2023-08-23 16:53,7.00,1800.00,KGRR 231653Z 25014G23KT 7SM BKN018 29/24 A2994 RMK AO2 SLP134 T02940244
GRR,2023-08-23 17:53,8.00,2000.00,KGRR 231753Z 24016G20KT 8SM SCT020 BKN250 31/25 A2993 RMK AO2 SLP129 T03060250 10306 20206 58015
GRR,2023-08-23 18:53,7.00,2000.00,KGRR 231853Z 25014KT 7SM SCT020 BKN250 30/25 A2991 RMK AO2 SLP123 T03000250
GRR,2023-08-23 19:53,8.00,2300.00,KGRR 231953Z 25015G21KT 8SM SCT023 BKN250 32/26 A2989 RMK AO2 SLP116 T03170261
GRR,2023-08-23 20:53,9.00,2400.00,KGRR 232053Z 24015KT 9SM FEW024 SCT250 32/26 A2986 RMK AO2 SLP105 T03220261 58022
GRR,2023-08-23 21:53,10.00,2500.00,KGRR 232153Z 25013KT 10SM FEW025 FEW250 33/26 A2985 RMK AO2 PK WND 25026/2117 SLP100 T03280256
GRR,2023-08-23 22:53,10.00,25000.00,KGRR 232253Z 25013KT 10SM FEW250 32/26 A2984 RMK AO2 SLP098 T03220256
GRR,2023-08-23 23:53,10.00,25000.00,KGRR 232353Z 24013KT 10SM FEW250 31/24 A2982 RMK AO2 SLP093 T03110244 10328 20300 58013
GRR,2023-08-24 00:53,10.00,16000.00,KGRR 240053Z 26010KT 10SM FEW160 FEW250 30/24 A2983 RMK AO2 SLP095 T03000239
GRR,2023-08-24 01:53,10.00,25000.00,KGRR 240153Z 27006KT 10SM FEW250 29/23 A2984 RMK AO2 SLP098 T02890233
GRR,2023-08-24 02:53,10.00,5000.00,KGRR 240253Z 25006KT 10SM SCT050 28/23 A2984 RMK AO2 SLP097 T02780233 50004
GRR,2023-08-24 03:53,10.00,5000.00,KGRR 240353Z 25004KT 10SM SCT050 27/24 A2982 RMK AO2 SLP090 LAST T02720239
GRR,2023-08-24 04:53,10.00,M,KGRR 240453Z AUTO 27003KT 10SM CLR 28/24 A2981 RMK AO2 SLP088 T02780244 403280189
GRR,2023-08-24 05:53,8.00,3300.00,KGRR 240553Z AUTO 00000KT 8SM FEW033 26/23 A2982 RMK AO2 SLP089 T02560233 10317 20256 55007
GRR,2023-08-24 06:53,9.00,3200.00,KGRR 240653Z AUTO 23010KT 9SM FEW032 28/26 A2981 RMK AO2 SLP086 T02780256
GRR,2023-08-24 07:53,9.00,M,KGRR 240753Z AUTO 27008KT 9SM CLR 27/25 A2981 RMK AO2 SLP085 T02720250
GRR,2023-08-24 08:53,8.00,M,KGRR 240853Z AUTO 28005KT 8SM CLR 27/25 A2981 RMK AO2 SLP088 T02670250 55000
GRR,2023-08-24 09:53,6.00,1000.00,KGRR 240953Z 00000KT 6SM BR FEW010 SCT030 BKN250 24/23 A2984 RMK AO2 SLP095 T02390228
GRR,2023-08-24 10:53,6.00,2500.00,KGRR 241053Z 23005KT 6SM BR BKN025 BKN120 24/23 A2985 RMK AO2 SLP100 T02440233
GRR,2023-08-24 11:53,6.00,2000.00,KGRR 241153Z 23008KT 6SM BR BKN020 OVC060 26/24 A2985 RMK AO2 SLP101 T02610244 10278 20233 51012
GRR,2023-08-24 12:53,6.00,1300.00,KGRR 241253Z 21009KT 6SM BR OVC013 27/25 A2985 RMK AO2 SLP101 T02670250
GRR,2023-08-24 13:53,1.25,600.00,KGRR 241353Z 20010KT 1 1/4SM R26L/4500VP6000FT -DZ BR OVC006 26/26 A2986 RMK AO2 DZB30 SLP106 P0000 T02610256
GRR,2023-08-24 14:53,1.50,700.00,KGRR 241453Z 20007KT 1 1/2SM -DZ BR OVC007 27/26 A2987 RMK AO2 DZE10B45RAB10E45 SLP107 P0000 60000 T02670261 53004
GRR,2023-08-24 15:53,2.00,500.00,KGRR 241553Z 19009KT 2SM -DZ BR OVC005 25/24 A2986 RMK AO2 SLP105 P0000 T02500244
GRR,2023-08-24 16:53,1.25,400.00,KGRR 241653Z 19011KT 1 1/4SM -DZ BR OVC004 24/24 A2985 RMK AO2 SLP102 P0000 T02440239
GRR,2023-08-24 17:53,2.00,400.00,KGRR 241753Z 19009KT 2SM -DZ BR OVC004 24/24 A2983 RMK AO2 SLP097 P0000 60000 T02440239 10267 20244 58010
GRR,2023-08-24 18:53,5.00,1100.00,KGRR 241853Z 19007KT 5SM BR OVC011 27/25 A2982 RMK AO2 DZE09 SLP091 P0000 T02670250
GRR,2023-08-24 19:53,7.00,1200.00,KGRR 241953Z 21007KT 7SM FEW012 BKN015 OVC024 28/26 A2980 RMK AO2 SLP085 T02830256
GRR,2023-08-24 20:53,9.00,2100.00,KGRR 242053Z 22008KT 9SM SCT021 BKN027 31/27 A2979 RMK AO2 SLP081 60000 T03060267 56014
GRR,2023-08-24 21:53,10.00,2900.00,KGRR 242153Z 27007KT 10SM FEW029 33/26 A2978 RMK AO2 SLP078 T03280256
GRR,2023-08-24 22:53,9.00,4200.00,KGRR 242253Z 25005KT 9SM SCT042 32/26 A2978 RMK AO2 SLP078 T03220256
GRR,2023-08-24 23:53,8.00,4100.00,KGRR 242353Z 09007KT 8SM BKN041 OVC048 29/27 A2974 RMK AO2 LTG DSNT W-N SLP062 60000 T02890267 10328 20244 58019
GRR,2023-08-25 00:53,4.00,1400.00,KGRR 250053Z 35020G31KT 4SM +TSRA BR FEW014 BKN039CB OVC050 22/21 A2979 RMK AO2 PK WND 33043/0037 WSHFT 0030 LTG DSNT ALQDS SLP083 CONS LTGICCCCG ALQDS TS ALQDS MOV SE P0010 T02220206 $
GRR,2023-08-25 01:53,10.00,5500.00,KGRR 250153Z 28008KT 10SM FEW055 SCT090 BKN110 BKN140 24/21 A2976 RMK AO2 PK WND 35028/0055 LTG DSNT E AND SE RAE22 TSE48 SLP070 OCNL LTGICCG DSNT E-SE CB DSNT E-SE MOV SE P0002 T02390211 $
GRR,2023-08-25 02:53,7.00,600.00,KGRR 250253Z 25004KT 7SM OVC006 24/23 A2983 RMK AO2 SLP095 60012 T02440233 53011 $
GRR,2023-08-25 03:53,7.00,600.00,KGRR 250353Z 33007KT 7SM OVC006 24/23 A2984 RMK AO2 SLP101 LAST T02440233 $
GRR,2023-08-25 04:53,6.00,500.00,KGRR 250453Z AUTO 33007KT 6SM BR OVC005 24/23 A2986 RMK AO2 SLP105 T02390233 403280217 $
GRR,2023-08-25 05:53,2.00,300.00,KGRR 250553Z AUTO 32006KT 2SM BR OVC003 23/23 A2987 RMK AO2 SLP111 60012 T02330228 10289 20217 51014 $
GRR,2023-08-25 06:53,3.00,300.00,KGRR 250653Z AUTO 34005KT 3SM BR OVC003 23/22 A2986 RMK AO2 RAB0558E10 SLP107 P0000 T02280222 $
GRR,2023-08-25 07:53,4.00,300.00,KGRR 250753Z AUTO 31004KT 4SM BR OVC003 22/22 A2987 RMK AO2 RAB03E13 SLP110 P0000 T02220222 $
GRR,2023-08-25 08:53,2.50,300.00,KGRR 250853Z AUTO 31008KT 2 1/2SM BR OVC003 22/22 A2988 RMK AO2 SLP111 60000 T02170217 53002 $
GRR,2023-08-25 09:53,2.50,300.00,KGRR 250953Z 33005KT 2 1/2SM -DZ BR OVC003 22/22 A2989 RMK AO2 DZB49 SLP114 P0000 T02170217 $
GRR,2023-08-25 10:53,3.00,300.00,KGRR 251053Z 01004KT 3SM -DZ BR OVC003 22/21 A2990 RMK AO2 SLP119 P0000 T02170211 $
GRR,2023-08-25 11:53,6.00,500.00,KGRR 251153Z 09007KT 6SM BR BKN005 OVC011 21/21 A2992 RMK AO2 DZE51 SLP127 P0000 60000 70012 T02060206 10233 20206 53015
GRR,2023-08-25 12:53,8.00,600.00,KGRR 251253Z 07006KT 8SM OVC006 21/20 A2995 RMK AO2 DZB22E34 SLP137 P0000 T02060200
GRR,2023-08-25 13:53,10.00,800.00,KGRR 251353Z 04005KT 10SM SCT008 OVC012 21/20 A2997 RMK AO2 SLP143 T02110200
GRR,2023-08-25 14:53,10.00,700.00,KGRR 251453Z 06006KT 10SM SCT007 OVC010 21/20 A2997 RMK AO2 SLP145 60000 T02110200 51017
GRR,2023-08-25 15:53,3.00,500.00,KGRR 251553Z 06005KT 3SM -DZ BR OVC005 21/19 A2999 RMK AO2 DZB06 SLP152 P0000 T02060194
GRR,2023-08-25 16:53,10.00,700.00,KGRR 251653Z 08003KT 10SM OVC007 21/20 A2999 RMK AO2 DZE08 SLP151 P0000 T02110200
GRR,2023-08-25 17:53,10.00,900.00,KGRR 251753Z 04003KT 10SM OVC009 22/20 A2999 RMK AO2 SLP150 60000 T02220200 10222 20200 50004
GRR,2023-08-25 18:53,10.00,1300.00,KGRR 251853Z 00000KT 10SM BKN013 OVC026 24/20 A2998 RMK AO2 SLP146 T02390200
GRR,2023-08-25 19:53,10.00,2100.00,KGRR 251953Z 08005KT 10SM SCT021 SCT028 BKN140 24/19 A2994 RMK AO2 SLP134 T02390194
GRR,2023-08-25 20:53,10.00,2100.00,KGRR 252053Z 14003KT 10SM FEW021 BKN130 OVC190 24/19 A2994 RMK AO2 SLP134 T02390194 56015
GRR,2023-08-25 21:53,10.00,2000.00,KGRR 252153Z 09004KT 10SM FEW020 BKN130 BKN160 BKN200 24/20 A2992 RMK AO2 SLP129 T02390200
GRR,2023-08-25 22:53,10.00,2100.00,KGRR 252253Z 00000KT 10SM SCT021 SCT140 SCT200 24/19 A2992 RMK AO2 SLP129 T02390194
GRR,2023-08-25 23:53,10.00,2600.00,KGRR 252353Z 31003KT 10SM BKN026 BKN140 24/20 A2994 RMK AO2 SLP133 T02440200 10256 20222 55001
GRR,2023-08-26 00:53,10.00,2600.00,KGRR 260053Z 00000KT 10SM BKN026 BKN140 23/20 A2997 RMK AO2 SLP144 T02280200
GRR,2023-08-26 01:53,10.00,1800.00,KGRR 260153Z 00000KT 10SM BKN018 BKN150 22/21 A2998 RMK AO2 SLP149 T02220206
GRR,2023-08-26 02:53,10.00,2100.00,KGRR 260253Z 28007KT 10SM SCT021 SCT140 22/19 A2998 RMK AO2 SLP148 T02170194 50014
GRR,2023-08-26 03:53,10.00,14000.00,KGRR 260353Z 34003KT 10SM BKN140 21/19 A2998 RMK AO2 SLP149 LAST T02110194
GRR,2023-08-26 04:53,10.00,12000.00,KGRR 260453Z AUTO 00000KT 10SM FEW120 20/19 A2996 RMK AO2 SLP142 T02000189 402560200
GRR,2023-08-26 05:53,9.00,M,KGRR 260553Z AUTO 00000KT 9SM CLR 19/18 A2994 RMK AO2 SLP136 T01940183 10244 20189 58012
GRR,2023-08-26 06:53,10.00,12000.00,KGRR 260653Z AUTO 00000KT 10SM R26L/2400VP6000FT OVC120 19/18 A2994 RMK AO2 SLP136 T01940183
GRR,2023-08-26 07:53,7.00,M,KGRR 260753Z AUTO 22003KT 7SM CLR 18/18 A2995 RMK AO2 SLP137 T01830183
GRR,2023-08-26 08:53,8.00,12000.00,KGRR 260853Z AUTO 31003KT 8SM BKN120 19/19 A2996 RMK AO2 SLP141 T01940189 53004
GRR,2023-08-26 09:53,7.00,300.00,KGRR 260953Z 32005KT 7SM BKN003 OVC110 19/18 A2997 RMK AO2 SLP146 T01890183
GRR,2023-08-26 10:53,0.50,200.00,KGRR 261053Z 36003KT 1/2SM R26L/P6000FT FG VV002 19/19 A2998 RMK AO2 SLP147 T01890189
GRR,2023-08-26 11:53,6.00,300.00,KGRR 261153Z 01003KT 6SM BR BCFG SCT003 BKN085 BKN110 BKN250 18/18 A3000 RMK AO2 SLP155 T01830178 10194 20183 53008
GRR,2023-08-26 12:53,10.00,300.00,KGRR 261253Z 04003KT 10SM FEW003 BKN095 BKN120 BKN250 19/18 A3002 RMK AO2 SLP161 T01890178
GRR,2023-08-26 13:53,10.00,1000.00,KGRR 261353Z 02010KT 10SM BKN010 OVC014 20/18 A3003 RMK AO2 SLP166 T02000178
GRR,2023-08-26 14:53,10.00,1400.00,KGRR 261453Z 07009KT 10SM BKN014 BKN100 21/17 A3005 RMK AO2 SLP171 T02060172 51016
GRR,2023-08-26 15:53,10.00,1700.00,KGRR 261553Z 06007KT 10SM BKN017 BKN100 22/17 A3005 RMK AO2 SLP172 T02170172
GRR,2023-08-26 16:53,10.00,2800.00,KGRR 261653Z 07006KT 10SM BKN028 OVC033 23/17 A3006 RMK AO2 SLP175 T02280172
GRR,2023-08-26 17:53,10.00,2900.00,KGRR 261753Z 06006KT 10SM SCT029 BKN070 BKN140 23/17 A3006 RMK AO2 SLP175 T02280167 10239 20183 52003
GRR,2023-08-26 18:53,10.00,3000.00,KGRR 261853Z 03008KT 10SM SCT030 BKN070 BKN150 23/16 A3005 RMK AO2 SLP172 T02280161
GRR,2023-08-26 19:53,10.00,2700.00,KGRR 261953Z 07008G18KT 10SM SCT027 BKN080 BKN250 22/16 A3005 RMK AO2 SLP173 T02220156
GRR,2023-08-26 20:53,10.00,3000.00,KGRR 262053Z 07007KT 10SM FEW030 FEW080 SCT250 23/16 A3004 RMK AO2 SLP168 T02280156 58006
GRR,2023-08-26 21:53,10.00,3400.00,KGRR 262153Z 06007KT 10SM FEW034 FEW250 23/16 A3003 RMK AO2 SLP167 T02330161
GRR,2023-08-26 22:53,10.00,2600.00,KGRR 262253Z 07007KT 10SM FEW026 FEW250 23/16 A3003 RMK AO2 SLP164 T02280161 $
GRR,2023-08-26 23:53,10.00,2400.00,KGRR 262353Z 06006KT 10SM FEW024 FEW070 SCT250 22/16 A3004 RMK AO2 SLP168 T02170161 10244 20217 55001 $
GRR,2023-08-27 00:53,10.00,2600.00,KGRR 270053Z 06010KT 10SM SCT026 SCT250 20/16 A3005 RMK AO2 SLP173 T02000161 $
GRR,2023-08-27 01:53,10.00,1900.00,KGRR 270153Z 07008KT 10SM FEW019 BKN031 19/16 A3007 RMK AO2 SLP181 T01890156 $
GRR,2023-08-27 02:53,10.00,3400.00,KGRR 270253Z 07007KT 10SM FEW034 17/15 A3009 RMK AO2 SLP186 T01720150 53017 $
GRR,2023-08-27 03:53,10.00,1400.00,KGRR 270353Z 08008KT 10SM SCT014 17/14 A3011 RMK AO2 SLP193 LAST T01670144 $
GRR,2023-08-27 04:53,10.00,1700.00,KGRR 270453Z AUTO 09009KT 10SM BKN017 17/14 A3012 RMK AO2 SLP197 T01670144 402440167 $
GRR,2023-08-27 05:53,10.00,M,KGRR 270553Z AUTO 11006KT 10SM CLR 14/12 A3013 RMK AO2 SLP199 T01440122 10217 20144 51013 $
GRR,2023-08-27 06:53,10.00,M,KGRR 270653Z AUTO 06004KT 10SM CLR 13/12 A3012 RMK AO2 SLP198 T01330117 $
GRR,2023-08-27 07:53,10.00,M,KGRR 270753Z AUTO 05004KT 10SM CLR 13/12 A3011 RMK AO2 SLP196 T01280117 $
GRR,2023-08-27 08:53,10.00,M,KGRR 270853Z AUTO 00000KT 10SM CLR 12/12 A3011 RMK AO2 SLP195 T01220117 56005 $
GRR,2023-08-27 09:53,10.00,M,KGRR 270953Z 04006KT 10SM CLR 12/11 A3011 RMK AO2 SLP194 T01170106 $
GRR,2023-08-27 10:53,10.00,12000.00,KGRR 271053Z 06003KT 10SM FEW120 11/10 A3011 RMK AO2 SLP194 T01110100 $
GRR,2023-08-27 11:53,10.00,12000.00,KGRR 271153Z 05005KT 10SM FEW120 12/10 A3012 RMK AO2 SLP198 T01170100 10144 20111 53001 $
GRR,2023-08-27 12:53,10.00,12000.00,KGRR 271253Z 06007KT 10SM FEW120 14/12 A3012 RMK AO2 SLP199 T01390117 $
GRR,2023-08-27 13:53,10.00,12000.00,KGRR 271353Z 08006KT 10SM FEW120 16/12 A3013 RMK AO2 SLP202 T01610117 $
GRR,2023-08-27 14:53,10.00,12000.00,KGRR 271453Z 07009KT 10SM FEW120 18/12 A3013 RMK AO2 SLP203 T01830122 51006 $
GRR,2023-08-27 15:53,10.00,12000.00,KGRR 271553Z 09008KT 10SM FEW120 20/12 A3013 RMK AO2 SLP201 T02000117 $
GRR,2023-08-27 16:53,10.00,4300.00,KGRR 271653Z 06010KT 10SM FEW043 21/11 A3011 RMK AO2 SLP195 T02060106 $
GRR,2023-08-27 17:53,10.00,4100.00,KGRR 271753Z 08009KT 10SM FEW041 22/11 A3010 RMK AO2 SLP192 T02170111 10222 20117 58011 $
GRR,2023-08-27 18:53,10.00,4600.00,KGRR 271853Z 07010G15KT 10SM FEW046 22/11 A3009 RMK AO2 SLP187 T02220106 $
GRR,2023-08-27 19:53,10.00,4600.00,KGRR 271953Z 04008KT 10SM FEW046 22/10 A3007 RMK AO2 SLP181 T02220100 $
GRR,2023-08-27 20:53,10.00,4600.00,KGRR 272053Z 05008KT 10SM FEW046 22/11 A3006 RMK AO2 SLP177 T02220106 56015 $
GRR,2023-08-27 21:53,10.00,5000.00,KGRR 272153Z 04003KT 10SM FEW050 22/09 A3006 RMK AO2 SLP177 T02220094 $
GRR,2023-08-27 22:53,10.00,5000.00,KGRR 272253Z VRB05KT 10SM FEW050 22/10 A3005 RMK AO2 SLP176 T02170100 $
GRR,2023-08-27 23:53,10.00,M,KGRR 272353Z 06004KT 10SM CLR 20/11 A3005 RMK AO2 SLP174 T02000111 10228 20200 58003 $
GRR,2023-08-28 00:53,10.00,M,KGRR 280053Z 10004KT 10SM CLR 18/12 A3005 RMK AO2 SLP175 T01780117 $
GRR,2023-08-28 01:53,10.00,M,KGRR 280153Z 11004KT 10SM CLR 16/12 A3006 RMK AO2 SLP178 T01560117 $
GRR,2023-08-28 02:53,10.00,M,KGRR 280253Z 11004KT 10SM CLR 15/11 A3006 RMK AO2 SLP178 T01500111 50003 $
GRR,2023-08-28 03:53,10.00,M,KGRR 280353Z 00000KT 10SM CLR 15/11 A3006 RMK AO2 SLP177 LAST T01500111 $
GRR,2023-08-28 04:53,10.00,M,KGRR 280453Z AUTO 00000KT 10SM CLR 14/11 A3006 RMK AO2 SLP179 T01390106 402280111 $
GRR,2023-08-28 05:53,10.00,M,KGRR 280553Z AUTO 00000KT 10SM CLR 13/11 A3006 RMK AO2 SLP179 T01280106 10200 20128 51002 $
GRR,2023-08-28 06:53,10.00,M,KGRR 280653Z AUTO 00000KT 10SM CLR 12/11 A3006 RMK AO2 SLP177 T01220111 $
GRR,2023-08-28 07:53,10.00,M,KGRR 280753Z AUTO 00000KT 10SM CLR 12/11 A3006 RMK AO2 SLP176 T01170106 $
GRR,2023-08-28 08:53,10.00,M,KGRR 280853Z AUTO 00000KT 10SM CLR 12/11 A3006 RMK AO2 SLP176 T01170106 56003 $
GRR,2023-08-28 09:53,10.00,M,KGRR 280953Z 00000KT 10SM R26L/3500VP6000FT CLR 11/10 A3005 RMK AO2 SLP177 T01110100 $
GRR,2023-08-28 10:53,10.00,25000.00,KGRR 281053Z 00000KT 10SM MIFG FEW250 11/09 A3005 RMK AO2 SLP177 T01060094 $
GRR,2023-08-28 11:53,10.00,M,KGRR 281153Z 00000KT 10SM CLR 12/10 A3007 RMK AO2 SLP181 T01170100 10133 20100 53004
GRR,2023-08-28 12:53,10.00,M,KGRR 281253Z 00000KT 10SM CLR 13/12 A3008 RMK AO2 SLP184 T01330117
GRR,2023-08-28 13:53,10.00,M,KGRR 281353Z 00000KT 10SM CLR 17/14 A3008 RMK AO2 SLP185 T01720139 $
GRR,2023-08-28 14:53,10.00,M,KGRR 281453Z 00000KT 10SM CLR 20/12 A3008 RMK AO2 SLP183 T02000122 50003 $
GRR,2023-08-28 15:53,10.00,3400.00,KGRR 281553Z 00000KT 10SM FEW034 22/13 A3008 RMK AO2 SLP183 T02220133 $
GRR,2023-08-28 16:53,10.00,3800.00,KGRR 281653Z 00000KT 10SM FEW038 22/13 A3007 RMK AO2 SLP180 T02220128 $
GRR,2023-08-28 17:53,10.00,4000.00,KGRR 281753Z VRB04KT 10SM FEW040 24/12 A3005 RMK AO2 SLP174 T02390117 10239 20117 58009 $
GRR,2023-08-28 18:53,10.00,4500.00,KGRR 281853Z 00000KT 10SM FEW045 23/12 A3003 RMK AO2 SLP169 T02330117 $
GRR,2023-08-28 19:53,10.00,5000.00,KGRR 281953Z VRB03KT 10SM SCT050 24/13 A3002 RMK AO2 SLP163 T02440128 $
GRR,2023-08-28 20:53,10.00,5500.00,KGRR 282053Z 00000KT 10SM FEW055 24/11 A3001 RMK AO2 SLP159 T02440111 56015 $
GRR,2023-08-28 21:53,10.00,5500.00,KGRR 282153Z 27007KT 10SM FEW055 24/13 A3000 RMK AO2 SLP159 T02440128 $
GRR,2023-08-28 22:53,10.00,5000.00,KGRR 282253Z 28007KT 10SM FEW050 23/13 A3000 RMK AO2 SLP158 T02330128 $
GRR,2023-08-28 23:53,10.00,5000.00,KGRR 282353Z 27008KT 10SM FEW050 22/12 A3000 RMK AO2 SLP159 T02170117 10250 20217 55001 $
GRR,2023-08-29 00:53,10.00,25000.00,KGRR 290053Z 28006KT 10SM FEW250 20/12 A3001 RMK AO2 SLP162 T02000122 $
GRR,2023-08-29 01:53,10.00,M,KGRR 290153Z 27005KT 10SM CLR 19/13 A3002 RMK AO2 SLP163 T01940128 $
GRR,2023-08-29 02:53,10.00,M,KGRR 290253Z 18003KT 10SM CLR 17/12 A3001 RMK AO2 SLP162 T01670122 50003 $
GRR,2023-08-29 03:53,10.00,M,KGRR 290353Z 16004KT 10SM CLR 15/13 A3001 RMK AO2 SLP160 LAST T01500128 $
GRR,2023-08-29 04:53,10.00,M,KGRR 290453Z AUTO 17003KT 10SM CLR 14/12 A3000 RMK AO2 SLP156 T01390122 402500100 $
GRR,2023-08-29 05:53,10.00,M,KGRR 290553Z AUTO 17004KT 10SM CLR 13/12 A2998 RMK AO2 SLP151 T01330122 10217 20133 58009 $
GRR,2023-08-29 06:53,10.00,M,KGRR 290653Z AUTO 17004KT 10SM CLR 13/13 A2996 RMK AO2 SLP145 T01330128 $
GRR,2023-08-29 07:53,10.00,M,KGRR 290753Z AUTO 15004KT 10SM CLR 13/12 A2995 RMK AO2 SLP140 T01330122 $
GRR,2023-08-29 08:53,10.00,M,KGRR 290853Z AUTO 16003KT 10SM CLR 13/12 A2994 RMK AO2 SLP135 T01330122 56016 $
GRR,2023-08-29 09:53,10.00,10000.00,KGRR 290953Z 00000KT 10SM FEW100 FEW250 14/13 A2993 RMK AO2 SLP132 T01390128 $
GRR,2023-08-29 10:53,10.00,10000.00,KGRR 291053Z 17004KT 10SM FEW100 SCT250 14/12 A2992 RMK AO2 SLP130 T01390117 $
GRR,2023-08-29 11:53,9.00,12000.00,KGRR 291153Z VRB05KT 9SM FEW120 BKN250 14/13 A2992 RMK AO2 SLP130 T01390128 10144 20128 56006 $
GRR,2023-08-29 12:53,10.00,12000.00,KGRR 291253Z 20008KT 10SM BKN120 BKN250 17/15 A2991 RMK AO2 SLP126 T01720150
GRR,2023-08-29 13:53,10.00,5000.00,KGRR 291353Z 21010KT 10SM SCT050 BKN100 OVC250 19/16 A2989 RMK AO2 SLP120 T01890156
GRR,2023-08-29 14:53,10.00,4800.00,KGRR 291453Z 21010KT 10SM BKN048 BKN080 OVC120 19/16 A2989 RMK AO2 SLP119 T01940156 56011
GRR,2023-08-29 15:53,10.00,4800.00,KGRR 291553Z 21012KT 10SM FEW048 SCT065 BKN120 BKN250 21/16 A2987 RMK AO2 SLP113 CB DSNT NW-N MOV SE T02060161
GRR,2023-08-29 16:53,10.00,3200.00,KGRR 291653Z 23007KT 10SM SCT032 BKN046 BKN085 21/18 A2987 RMK AO2 RAB26E49 SLP114 P0005 T02110178
GRR,2023-08-29 17:53,10.00,2600.00,KGRR 291753Z 24014KT 10SM BKN026 BKN085 OVC120 23/17 A2986 RMK AO2 SLP109 60005 T02280172 10228 20144 57010
GRR,2023-08-29 18:53,10.00,2500.00,KGRR 291853Z 25011G19KT 10SM BKN025 BKN032 OVC040 23/18 A2986 RMK AO2 SLP108 T02280178
GRR,2023-08-29 19:53,10.00,2500.00,KGRR 291953Z 28010G17KT 10SM BKN025 BKN044 BKN150 24/18 A2984 RMK AO2 SLP100 T02390178
GRR,2023-08-29 20:53,10.00,2800.00,KGRR 292053Z 29014KT 10SM SCT028 BKN036 BKN045 24/17 A2982 RMK AO2 LTG DSNT NE SLP096 T02390172 58011
GRR,2023-08-29 21:53,10.00,3400.00,KGRR 292153Z 31015G22KT 10SM SCT034 BKN150 23/16 A2983 RMK AO2 SLP097 T02330161
GRR,2023-08-29 22:53,10.00,3000.00,KGRR 292253Z 32017G26KT 10SM SCT030 22/15 A2985 RMK AO2 PK WND 32026/2252 SLP107 T02170150
GRR,2023-08-29 23:53,10.00,3000.00,KGRR 292353Z 34015G20KT 10SM FEW030 20/14 A2987 RMK AO2 PK WND 33027/2300 SLP112 T02000139 10244 20200 53014
GRR,2023-08-30 00:53,10.00,3000.00,KGRR 300053Z 33009G17KT 10SM FEW030 18/12 A2990 RMK AO2 SLP122 T01830122
GRR,2023-08-30 01:53,10.00,3000.00,KGRR 300153Z 33009KT 10SM FEW030 17/11 A2992 RMK AO2 SLP131 T01720111
GRR,2023-08-30 02:53,10.00,M,KGRR 300253Z 34009KT 10SM CLR 16/11 A2994 RMK AO2 SLP137 T01610111 51024
GRR,2023-08-30 03:53,10.00,2400.00,KGRR 300353Z 32008KT 10SM FEW024 15/11 A2995 RMK AO2 SLP140 LAST T01500111
GRR,2023-08-30 04:53,10.00,2400.00,KGRR 300453Z AUTO 33009KT 10SM FEW024 14/11 A2995 RMK AO2 SLP141 T01440111 402440128
GRR,2023-08-30 05:53,10.00,2000.00,KGRR 300553Z AUTO 33008KT 10SM SCT020 14/11 A2996 RMK AO2 SLP143 T01390111 10200 20139 51006
GRR,2023-08-30 06:53,10.00,1900.00,KGRR 300653Z AUTO 32006KT 10SM OVC019 14/11 A2996 RMK AO2 SLP144 T01390111
GRR,2023-08-30 07:53,10.00,2000.00,KGRR 300753Z AUTO 33009KT 10SM OVC020 14/11 A2996 RMK AO2 SLP144 T01440106
GRR,2023-08-30 08:53,10.00,2000.00,KGRR 300853Z AUTO 33009KT 10SM OVC020 14/10 A2998 RMK AO2 SLP149 T01390100 53006
GRR,2023-08-30 09:53,10.00,1800.00,KGRR 300953Z 35008KT 10SM OVC018 14/10 A2999 RMK AO2 SLP154 T01390100
GRR,2023-08-30 10:53,10.00,2000.00,KGRR 301053Z 34011G18KT 10SM OVC020 13/09 A3001 RMK AO2 SLP161 T01330094
GRR,2023-08-30 11:53,10.00,1900.00,KGRR 301153Z 36011KT 10SM BKN019 13/09 A3002 RMK AO2 SLP166 70005 T01330094 10144 20128 51016
GRR,2023-08-30 12:53,10.00,1900.00,KGRR 301253Z 35011KT 10SM SCT019 14/09 A3005 RMK AO2 SLP174 T01390094
GRR,2023-08-30 13:53,10.00,2000.00,KGRR 301353Z 33009KT 10SM FEW020 15/10 A3006 RMK AO2 SLP179 T01500100
GRR,2023-08-30 14:53,10.00,2400.00,KGRR 301453Z 35009KT 10SM FEW024 17/10 A3007 RMK AO2 SLP181 T01670100 51015
GRR,2023-08-30 15:53,10.00,3000.00,KGRR 301553Z 35006KT 10SM FEW030 19/11 A3007 RMK AO2 SLP183 T01890106
GRR,2023-08-30 16:53,10.00,3000.00,KGRR 301653Z 33008KT 10SM FEW030 19/11 A3007 RMK AO2 SLP181 T01890106
GRR,2023-08-30 17:53,10.00,M,KGRR 301753Z 01006KT 10SM CLR 20/10 A3005 RMK AO2 SLP175 T02000100 10206 20128 58005
GRR,2023-08-30 18:53,10.00,M,KGRR 301853Z VRB05KT 10SM CLR 21/08 A3005 RMK AO2 SLP173 T02110083
GRR,2023-08-30 19:53,10.00,M,KGRR 301953Z 34008KT 10SM CLR 22/09 A3003 RMK AO2 SLP167 T02170094
GRR,2023-08-30 20:53,10.00,M,KGRR 302053Z VRB06KT 10SM CLR 22/09 A3002 RMK AO2 SLP164 T02170089 58010
GRR,2023-08-30 21:53,10.00,M,KGRR 302153Z COR VRB04KT 10SM CLR 22/09 A3002 RMK AO2 SLP164 T02170094
GRR,2023-08-30 22:53,10.00,M,KGRR 302253Z 01006KT 10SM CLR 21/09 A3002 RMK AO2 SLP165 T02110089
GRR,2023-08-30 23:53,10.00,M,KGRR 302353Z 01005KT 10SM CLR 19/10 A3002 RMK AO2 SLP165 T01890100 10222 20189 53000
GRR,2023-08-31 00:53,10.00,M,KGRR 310053Z 01005KT 10SM CLR 17/09 A3004 RMK AO2 SLP172 T01720094
GRR,2023-08-31 01:53,10.00,M,KGRR 310153Z 01005KT 10SM CLR 16/09 A3006 RMK AO2 SLP177 T01560094
GRR,2023-08-31 02:53,10.00,M,KGRR 310253Z 03005KT 10SM CLR 14/09 A3006 RMK AO2 SLP180 T01390094 51014
GRR,2023-08-31 03:53,10.00,M,KGRR 310353Z 03005KT 10SM CLR 13/09 A3008 RMK AO2 SLP184 LAST T01280089
GRR,2023-08-31 04:53,10.00,M,KGRR 310453Z AUTO 03004KT 10SM CLR 12/09 A3009 RMK AO2 SLP187 T01220089 402220117
GRR,2023-08-31 05:53,10.00,M,KGRR 310553Z AUTO 04003KT 10SM CLR 12/08 A3009 RMK AO2 SLP189 T01170083 10189 20117 51009
GRR,2023-08-31 06:53,10.00,M,KGRR 310653Z AUTO 04005KT 10SM CLR 11/08 A3009 RMK AO2 SLP188 T01060078
GRR,2023-08-31 07:53,10.00,M,KGRR 310753Z AUTO 07003KT 10SM CLR 11/07 A3010 RMK AO2 SLP191 T01060072
GRR,2023-08-31 08:53,10.00,M,KGRR 310853Z AUTO VRB03KT 10SM CLR 10/07 A3010 RMK AO2 SLP192 T01000072 53003
GRR,2023-08-31 09:53,10.00,M,KGRR 310953Z 08003KT 10SM CLR 10/07 A3011 RMK AO2 SLP196 T01000072
GRR,2023-08-31 10:53,10.00,M,KGRR 311053Z 07003KT 10SM CLR 08/07 A3013 RMK AO2 SLP202 T00830072
GRR,2023-08-31 11:53,10.00,M,KGRR 311153Z 08003KT 10SM CLR 10/08 A3015 RMK AO2 SLP209 T01000083 10117 20083 53016
GRR,2023-08-31 12:53,10.00,M,KGRR 311253Z 09005KT 10SM CLR 12/10 A3016 RMK AO2 SLP214 T01220100
GRR,2023-08-31 13:53,10.00,M,KGRR 311353Z 08003KT 10SM CLR 16/11 A3017 RMK AO2 SLP216 T01560106
GRR,2023-08-31 14:53,10.00,M,KGRR 311453Z 00000KT 10SM CLR 17/11 A3018 RMK AO2 SLP220 T01720106 51012
GRR,2023-08-31 15:53,10.00,M,KGRR 311553Z 07004KT 10SM CLR 19/11 A3019 RMK AO2 SLP221 T01890106
GRR,2023-08-31 16:53,10.00,M,KGRR 311653Z 00000KT 10SM CLR 20/12 A3020 RMK AO2 SLP225 T02000117
GRR,2023-08-31 17:53,10.00,M,KGRR 311753Z VRB03KT 10SM CLR 22/11 A3019 RMK AO2 SLP224 T02170111 10217 20100 50004
GRR,2023-08-31 18:53,10.00,M,KGRR 311853Z 05006KT 10SM CLR 22/10 A3018 RMK AO2 SLP220 T02220100
GRR,2023-08-31 19:53,10.00,M,KGRR 311953Z 09006KT 10SM CLR 22/10 A3017 RMK AO2 SLP215 T02220100
GRR,2023-08-31 20:53,10.00,M,KGRR 312053Z 08007KT 10SM CLR 23/06 A3016 RMK AO2 SLP212 T02280061 56012
GRR,2023-08-31 21:53,10.00,M,KGRR 312153Z VRB05KT 10SM CLR 22/07 A3016 RMK AO2 SLP211 T02220067
GRR,2023-08-31 22:53,10.00,25000.00,KGRR 312253Z 06005KT 10SM FEW250 22/08 A3016 RMK AO2 SLP215 T02170078
GRR,2023-08-31 23:53,10.00,25000.00,KGRR 312353Z 08005KT 10SM FEW250 19/10 A3016 RMK AO2 SLP214 T01940100 10228 20194 52000
