station,valid,vsby,skyl1,metar
IAD,2023-05-31 00:52,10.00,14000.00,KIAD 310052Z 11005KT 10SM SCT140 BKN200 19/12 A3013 RMK AO2 SLP200 T01940117
IAD,2023-05-31 01:52,10.00,25000.00,KIAD 310152Z 13005KT 10SM BKN250 18/11 A3014 RMK AO2 SLP204 T01830106
IAD,2023-05-31 02:52,10.00,25000.00,KIAD 310252Z 13004KT 10SM BKN250 17/10 A3016 RMK AO2 SLP212 T01720100 53014
IAD,2023-05-31 03:52,10.00,M,KIAD 310352Z 13005KT 10SM CLR 17/11 A3017 RMK AO2 SLP214 T01670111
IAD,2023-05-31 04:52,10.00,25000.00,KIAD 310452Z 09003KT 10SM FEW250 16/11 A3018 RMK AO2 SLP216 T01560111 402560150
IAD,2023-05-31 05:52,10.00,M,KIAD 310552Z 00000KT 10SM CLR 13/11 A3017 RMK AO2 SLP215 T01330111 10217 20133 50004
IAD,2023-05-31 06:52,10.00,M,KIAD 310652Z 00000KT 10SM CLR 12/10 A3017 RMK AO2 SLP215 T01170100
IAD,2023-05-31 07:52,10.00,M,KIAD 310752Z 00000KT 10SM CLR 11/09 A3016 RMK AO2 SLP211 T01060089
IAD,2023-05-31 08:52,10.00,M,KIAD 310852Z 00000KT 10SM CLR 09/08 A3017 RMK AO2 SLP214 T00940083 55001
IAD,2023-05-31 09:52,10.00,25000.00,KIAD 310952Z 00000KT 10SM FEW250 09/08 A3019 RMK AO2 SLP222 T00940078
IAD,2023-05-31 10:52,10.00,25000.00,KIAD 311052Z 00000KT 10SM FEW250 10/09 A3021 RMK AO2 SLP228 T01000094
IAD,2023-05-31 11:52,10.00,25000.00,KIAD 311152Z 04006KT 10SM FEW250 16/10 A3021 RMK AO2 SLP229 T01560100 10156 20089 51015
IAD,2023-05-31 12:52,10.00,25000.00,KIAD 311252Z 06008KT 10SM FEW250 17/08 A3021 RMK AO2 SLP227 T01720078
IAD,2023-05-31 13:52,10.00,25000.00,KIAD 311352Z 04005KT 10SM FEW250 19/07 A3020 RMK AO2 SLP225 T01890067
IAD,2023-05-31 14:52,10.00,M,KIAD 311452Z 05005KT 10SM CLR 21/06 A3020 RMK AO2 SLP224 T02110061 56005
IAD,2023-05-31 15:52,10.00,M,KIAD 311552Z VRB03KT 10SM CLR 23/06 A3020 RMK AO2 SLP224 T02280061
IAD,2023-05-31 16:52,10.00,M,KIAD 311652Z VRB05KT 10SM CLR 24/05 A3018 RMK AO2 SLP219 T02390050
IAD,2023-05-31 17:52,10.00,M,KIAD 311752Z 00000KT 10SM CLR 25/06 A3016 RMK AO2 SLP213 T02500061 10250 20156 58011
IAD,2023-05-31 18:52,10.00,M,KIAD 311852Z VRB04KT 10SM CLR 26/04 A3015 RMK AO2 SLP207 T02610039
IAD,2023-05-31 19:52,10.00,M,KIAD 311952Z 14003KT 10SM CLR 26/05 A3013 RMK AO2 SLP201 T02610050
IAD,2023-05-31 20:52,10.00,M,KIAD 312052Z 07006KT 10SM CLR 26/05 A3012 RMK AO2 SLP197 T02610050 56015
IAD,2023-05-31 21:52,10.00,M,KIAD 312152Z 11006KT 10SM CLR 26/04 A3011 RMK AO2 SLP195 T02560044
IAD,2023-05-31 22:52,10.00,M,KIAD 312252Z 10006KT 10SM CLR 25/04 A3011 RMK AO2 SLP194 T02500044
IAD,2023-05-31 23:52,10.00,M,KIAD 312352Z 10005KT 10SM CLR 23/03 A3011 RMK AO2 SLP194 T02280028 10267 20228 56003
IAD,2023-06-01 00:52,10.00,M,KIAD 010052Z 11004KT 10SM CLR 19/06 A3011 RMK AO2 SLP194 T01940056
IAD,2023-06-01 01:52,10.00,M,KIAD 010152Z 14004KT 10SM CLR 19/06 A3013 RMK AO2 SLP201 T01890061
IAD,2023-06-01 03:52,10.00,M,KIAD 010352Z 00000KT 10SM CLR 13/09 A3013 RMK AO2 SLP200 T01330094
IAD,2023-06-01 04:52,10.00,M,KIAD 010452Z 00000KT 10SM CLR 12/09 A3012 RMK AO2 SLP197 T01220094 402670089
IAD,2023-06-01 05:52,10.00,M,KIAD 010552Z 00000KT 10SM CLR 12/09 A3011 RMK AO2 SLP195 T01170089 10228 20117 58006
IAD,2023-06-01 06:52,10.00,M,KIAD 010652Z 00000KT 10SM CLR 12/09 A3010 RMK AO2 SLP192 T01220094
IAD,2023-06-01 07:52,10.00,M,KIAD 010752Z 00000KT 10SM CLR 12/09 A3011 RMK AO2 SLP194 T01170089
IAD,2023-06-01 08:52,10.00,M,KIAD 010852Z 32003KT 10SM CLR 12/09 A3012 RMK AO2 SLP197 T01170089 53002
IAD,2023-06-01 09:52,10.00,M,KIAD 010952Z 00000KT 10SM CLR 11/09 A3013 RMK AO2 SLP201 T01110089
IAD,2023-06-01 10:52,10.00,M,KIAD 011052Z 00000KT 10SM CLR 13/11 A3014 RMK AO2 SLP205 T01330106
IAD,2023-06-01 11:52,10.00,M,KIAD 011152Z 32004KT 10SM CLR 17/11 A3015 RMK AO2 SLP207 T01670111 10167 20100 51010
IAD,2023-06-01 12:52,10.00,M,KIAD 011252Z 36004KT 10SM CLR 20/13 A3015 RMK AO2 SLP209 T02000133
IAD,2023-06-01 13:52,10.00,M,KIAD 011352Z 03004KT 10SM CLR 23/13 A3015 RMK AO2 SLP209 T02280133
IAD,2023-06-01 14:52,10.00,M,KIAD 011452Z VRB05KT 10SM CLR 24/12 A3014 RMK AO2 SLP204 T02440117 58003
IAD,2023-06-01 15:52,10.00,M,KIAD 011552Z VRB05KT 10SM CLR 26/13 A3013 RMK AO2 SLP201 T02560128
IAD,2023-06-01 16:52,10.00,M,KIAD 011652Z VRB05KT 10SM CLR 26/12 A3010 RMK AO2 SLP193 T02610122
IAD,2023-06-01 17:52,10.00,M,KIAD 011752Z 08006KT 10SM CLR 28/10 A3008 RMK AO2 SLP184 T02780100 10278 20167 58019
IAD,2023-06-01 18:52,10.00,25000.00,KIAD 011852Z VRB03KT 10SM FEW250 29/09 A3006 RMK AO2 SLP177 T02890094
IAD,2023-06-01 19:52,10.00,25000.00,KIAD 011952Z 05006G17KT 10SM FEW250 29/08 A3004 RMK AO2 SLP169 T02890078
IAD,2023-06-01 20:52,10.00,25000.00,KIAD 012052Z 03005KT 10SM FEW250 29/08 A3002 RMK AO2 SLP165 T02940083 56019
IAD,2023-06-01 21:52,10.00,25000.00,KIAD 012152Z VRB04KT 10SM FEW250 30/08 A3002 RMK AO2 SLP163 T03000083
IAD,2023-06-01 22:52,10.00,25000.00,KIAD 012252Z 10009KT 10SM FEW250 28/07 A3002 RMK AO2 SLP162 T02830072
IAD,2023-06-01 23:52,10.00,25000.00,KIAD 012352Z 14004KT 10SM FEW250 26/09 A3001 RMK AO2 SLP161 T02560089 10300 20256 56004
IAD,2023-06-02 00:52,8.00,25000.00,KIAD 020052Z 16005KT 8SM FEW250 23/13 A3001 RMK AO2 SLP160 T02330128
IAD,2023-06-02 01:52,6.00,25000.00,KIAD 020152Z 18005KT 6SM HZ FEW250 19/13 A3002 RMK AO2 SLP164 T01940133
IAD,2023-06-02 02:52,6.00,M,KIAD 020252Z 00000KT 6SM HZ CLR 18/13 A3003 RMK AO2 SLP166 T01830133 53006
IAD,2023-06-02 03:52,6.00,M,KIAD 020352Z 00000KT 6SM HZ CLR 17/13 A3003 RMK AO2 SLP167 T01670133
IAD,2023-06-02 04:52,6.00,M,KIAD 020452Z 00000KT 6SM HZ CLR 16/13 A3002 RMK AO2 SLP162 T01610133 403000100
IAD,2023-06-02 05:52,7.00,M,KIAD 020552Z 00000KT 7SM CLR 15/13 A3000 RMK AO2 SLP156 T01500128 10256 20144 58010
IAD,2023-06-02 06:52,8.00,M,KIAD 020652Z 00000KT 8SM CLR 14/13 A2999 RMK AO2 SLP152 T01440128
IAD,2023-06-02 07:52,10.00,M,KIAD 020752Z 00000KT 10SM CLR 15/12 A2997 RMK AO2 SLP147 T01500122
IAD,2023-06-02 08:52,10.00,M,KIAD 020852Z 00000KT 10SM CLR 14/12 A2996 RMK AO2 SLP143 T01390122 56013
IAD,2023-06-02 09:52,8.00,M,KIAD 020952Z 00000KT 8SM CLR 13/12 A2997 RMK AO2 SLP145 T01330117
IAD,2023-06-02 10:52,8.00,M,KIAD 021052Z 00000KT 8SM CLR 16/13 A2998 RMK AO2 SLP149 T01610128
IAD,2023-06-02 11:52,10.00,M,KIAD 021152Z 33004KT 10SM CLR 21/14 A2997 RMK AO2 SLP147 T02060139 10206 20128 50004
IAD,2023-06-02 12:52,10.00,M,KIAD 021252Z 35007KT 10SM CLR 24/12 A2998 RMK AO2 SLP150 T02440122
IAD,2023-06-02 13:52,10.00,M,KIAD 021352Z 35007KT 10SM CLR 27/12 A2998 RMK AO2 SLP150 T02670117
IAD,2023-06-02 14:52,10.00,M,KIAD 021452Z 35007KT 10SM CLR 28/12 A2998 RMK AO2 SLP148 T02830117 50001
IAD,2023-06-02 15:52,10.00,M,KIAD 021552Z VRB04KT 10SM CLR 31/11 A2997 RMK AO2 SLP146 T03060111
IAD,2023-06-02 16:52,10.00,M,KIAD 021652Z VRB04KT 10SM CLR 32/12 A2995 RMK AO2 SLP140 T03170117
IAD,2023-06-02 17:52,10.00,M,KIAD 021752Z 00000KT 10SM CLR 32/13 A2993 RMK AO2 SLP131 T03170128 10322 20206 58016
IAD,2023-06-02 18:52,10.00,8000.00,KIAD 021852Z VRB04KT 10SM FEW080 33/13 A2990 RMK AO2 SLP123 T03280133
IAD,2023-06-02 19:52,10.00,8500.00,KIAD 021952Z 35009G14KT 10SM FEW085 33/13 A2988 RMK AO2 SLP115 T03330133
IAD,2023-06-02 20:52,10.00,9000.00,KIAD 022052Z 02006G14KT 10SM FEW090 32/13 A2986 RMK AO2 SLP107 T03220128 56024
IAD,2023-06-02 21:52,10.00,9000.00,KIAD 022152Z 35005KT 10SM FEW090 34/11 A2984 RMK AO2 SLP102 T03390111
IAD,2023-06-02 22:52,10.00,9000.00,KIAD 022252Z 06005KT 10SM FEW090 32/12 A2984 RMK AO2 SLP101 T03170122
IAD,2023-06-02 23:52,10.00,10000.00,KIAD 022352Z 36007KT 10SM SCT100 32/11 A2983 RMK AO2 SLP098 T03220106 10339 20317 56007
IAD,2023-06-03 00:52,10.00,10000.00,KIAD 030052Z 33006KT 10SM BKN100 30/12 A2984 RMK AO2 SLP101 T03000117
IAD,2023-06-03 01:52,10.00,10000.00,KIAD 030152Z 00000KT 10SM BKN100 27/14 A2985 RMK AO2 SLP104 T02670139
IAD,2023-06-03 02:52,10.00,10000.00,KIAD 030252Z 00000KT 10SM SCT100 24/13 A2984 RMK AO2 SLP102 T02440133 50004
IAD,2023-06-03 03:52,10.00,10000.00,KIAD 030352Z 00000KT 10SM SCT100 21/14 A2985 RMK AO2 SLP104 T02110139
IAD,2023-06-03 04:52,10.00,10000.00,KIAD 030452Z 04008KT 10SM FEW100 25/14 A2985 RMK AO2 SLP103 T02500144 403390128
IAD,2023-06-03 05:52,10.00,11000.00,KIAD 030552Z 02005KT 10SM FEW110 24/14 A2984 RMK AO2 SLP101 T02440144 10322 20200 58001
IAD,2023-06-03 06:52,10.00,M,KIAD 030652Z 02005KT 10SM CLR 24/15 A2984 RMK AO2 SLP099 T02390150
IAD,2023-06-03 07:52,10.00,11000.00,KIAD 030752Z 34005KT 10SM SCT110 23/14 A2984 RMK AO2 SLP101 T02280139
IAD,2023-06-03 08:52,10.00,14000.00,KIAD 030852Z 01004KT 10SM BKN140 23/13 A2984 RMK AO2 SLP102 T02280133 53000
IAD,2023-06-03 09:52,10.00,14000.00,KIAD 030952Z 36006KT 10SM BKN140 23/13 A2985 RMK AO2 SLP105 T02330133
IAD,2023-06-03 10:52,10.00,16000.00,KIAD 031052Z 36006KT 10SM BKN160 23/14 A2986 RMK AO2 SLP109 T02280139
IAD,2023-06-03 11:52,10.00,M,KIAD 031152Z 36007KT 10SM CLR 24/14 A2987 RMK AO2 SLP112 T02440139 10244 20217 52010
IAD,2023-06-03 12:52,10.00,14000.00,KIAD 031252Z 04008KT 10SM FEW140 SCT250 26/15 A2988 RMK AO2 SLP115 T02610150
IAD,2023-06-03 13:52,10.00,14000.00,KIAD 031352Z 05011G15KT 10SM SCT140 SCT250 28/16 A2989 RMK AO2 SLP118 T02780156
IAD,2023-06-03 14:52,10.00,14000.00,KIAD 031452Z 04007KT 10SM SCT140 BKN250 28/16 A2989 RMK AO2 SLP119 T02780161 51007
IAD,2023-06-03 15:52,10.00,4000.00,KIAD 031552Z 04008KT 10SM FEW040 SCT120 BKN250 29/17 A2990 RMK AO2 SLP124 T02940167
IAD,2023-06-03 16:52,10.00,4600.00,KIAD 031652Z 09011KT 10SM FEW046 BKN120 BKN250 29/16 A2990 RMK AO2 SLP122 T02940156
IAD,2023-06-03 17:52,10.00,5500.00,KIAD 031752Z 11010G17KT 10SM SCT055 BKN130 BKN250 29/15 A2990 RMK AO2 SLP120 T02940150 10300 20250 50001
IAD,2023-06-03 18:52,10.00,5000.00,KIAD 031852Z 06009KT 10SM SCT050 BKN130 BKN250 29/16 A2990 RMK AO2 SLP120 T02890156
IAD,2023-06-03 19:52,10.00,5000.00,KIAD 031952Z 08008KT 10SM FEW050 SCT140 BKN250 29/16 A2988 RMK AO2 SLP115 T02940156
IAD,2023-06-03 20:52,10.00,5500.00,KIAD 032052Z 06008KT 10SM SCT055 BKN250 29/16 A2988 RMK AO2 SLP116 T02940156 55005
IAD,2023-06-03 21:52,10.00,5000.00,KIAD 032152Z 12010KT 10SM FEW050 SCT180 BKN250 27/18 A2990 RMK AO2 SLP121 T02720178
IAD,2023-06-03 22:52,10.00,4500.00,KIAD 032252Z 11013G18KT 10SM FEW045 SCT170 BKN250 26/17 A2990 RMK AO2 SLP123 T02610167
IAD,2023-06-03 23:52,10.00,12000.00,KIAD 032352Z 11009KT 10SM FEW120 BKN250 24/16 A2992 RMK AO2 SLP129 T02440161 10300 20244 53012
IAD,2023-06-04 00:52,10.00,2500.00,KIAD 040052Z 10013G19KT 10SM SCT025 SCT110 OVC250 22/17 A2996 RMK AO2 SLP144 T02220167
IAD,2023-06-04 01:52,10.00,1800.00,KIAD 040152Z 14009G19KT 10SM BKN018 OVC110 20/15 A2998 RMK AO2 SLP149 T02000150
IAD,2023-06-04 02:52,10.00,1800.00,KIAD 040252Z 10013G19KT 10SM OVC018 18/13 A3003 RMK AO2 SLP167 T01830133 53038
IAD,2023-06-04 03:52,10.00,1700.00,KIAD 040352Z 10010KT 10SM OVC017 17/13 A3005 RMK AO2 SLP172 T01720128
IAD,2023-06-04 04:52,10.00,1800.00,KIAD 040452Z 13005KT 10SM -RA OVC018 17/13 A3005 RMK AO2 RAB33 SLP173 P0000 T01670128 403000167
IAD,2023-06-04 05:52,10.00,1600.00,KIAD 040552Z 12008KT 10SM OVC016 17/13 A3004 RMK AO2 RAE0454 SLP170 P0000 60000 T01670128 10244 20167 50003
IAD,2023-06-04 06:52,10.00,1800.00,KIAD 040652Z 14007KT 10SM OVC018 16/12 A3004 RMK AO2 SLP169 T01610122
IAD,2023-06-04 07:52,10.00,2000.00,KIAD 040752Z 12004KT 10SM OVC020 16/12 A3004 RMK AO2 SLP170 T01610117
IAD,2023-06-04 08:52,10.00,2300.00,KIAD 040852Z 09006KT 10SM OVC023 16/11 A3005 RMK AO2 SLP172 T01610111 53001
IAD,2023-06-04 09:52,10.00,2000.00,KIAD 040952Z 12003KT 10SM -RA BKN020 OVC055 16/11 A3006 RMK AO2 RAB49 SLP175 P0000 T01560111
IAD,2023-06-04 10:52,10.00,2900.00,KIAD 041052Z 09005KT 10SM SCT029 BKN055 BKN140 16/11 A3006 RMK AO2 RAE06 SLP178 P0000 T01610111
IAD,2023-06-04 11:52,10.00,3200.00,KIAD 041152Z 10007KT 10SM SCT032 BKN055 17/10 A3007 RMK AO2 SLP180 60000 T01670100 10167 20156 51007
IAD,2023-06-04 12:52,10.00,2400.00,KIAD 041252Z 07006KT 10SM FEW024 SCT032 BKN055 17/11 A3008 RMK AO2 SLP183 T01720106
IAD,2023-06-04 13:52,10.00,2900.00,KIAD 041352Z VRB05KT 10SM FEW029 BKN060 19/11 A3006 RMK AO2 SLP177 T01940106
IAD,2023-06-04 14:52,10.00,3500.00,KIAD 041452Z 05005KT 10SM BKN035 BKN060 BKN080 19/10 A3005 RMK AO2 SLP174 T01890100 58006
IAD,2023-06-04 15:52,10.00,3700.00,KIAD 041552Z 06006KT 10SM OVC037 19/11 A3004 RMK AO2 SLP171 T01940111
IAD,2023-06-04 16:52,10.00,3700.00,KIAD 041652Z VRB04KT 10SM BKN037 BKN044 20/11 A3003 RMK AO2 SLP168 T02000106
IAD,2023-06-04 17:52,10.00,4200.00,KIAD 041752Z VRB04KT 10SM BKN042 BKN050 22/11 A3001 RMK AO2 SLP159 T02220106 10222 20161 58015
IAD,2023-06-04 18:52,10.00,4700.00,KIAD 041852Z 14004KT 10SM BKN047 BKN060 22/11 A2999 RMK AO2 SLP153 T02170106
IAD,2023-06-04 19:52,10.00,5000.00,KIAD 041952Z 27004KT 10SM BKN050 BKN060 24/10 A2997 RMK AO2 SLP147 T02390100
IAD,2023-06-04 20:52,10.00,6000.00,KIAD 042052Z 28007KT 10SM SCT060 24/11 A2995 RMK AO2 SLP139 T02440106 58020
IAD,2023-06-04 21:52,10.00,5500.00,KIAD 042152Z 27007KT 230V300 10SM BKN055 BKN070 25/11 A2993 RMK AO2 SLP133 T02500111
IAD,2023-06-04 22:52,10.00,7000.00,KIAD 042252Z 28006KT 10SM FEW070 SCT090 24/11 A2992 RMK AO2 SLP131 T02390111
IAD,2023-06-04 23:52,10.00,8000.00,KIAD 042352Z 26007KT 10SM BKN080 22/12 A2993 RMK AO2 SLP133 T02220117 10250 20211 55006
IAD,2023-06-05 00:52,10.00,7500.00,KIAD 050052Z 26003KT 10SM FEW075 21/12 A2994 RMK AO2 SLP135 T02060122
IAD,2023-06-05 01:52,10.00,8000.00,KIAD 050152Z 18005KT 10SM FEW080 18/12 A2996 RMK AO2 SLP143 T01830122
IAD,2023-06-05 02:52,10.00,8000.00,KIAD 050252Z 21003KT 10SM FEW080 17/12 A2996 RMK AO2 SLP143 T01670122 50010
IAD,2023-06-05 03:52,10.00,M,KIAD 050352Z 09003KT 10SM CLR 14/11 A2996 RMK AO2 SLP143 T01390111
IAD,2023-06-05 04:52,10.00,M,KIAD 050452Z 04003KT 10SM CLR 13/11 A2995 RMK AO2 SLP142 T01330111 402500128
IAD,2023-06-05 05:52,10.00,M,KIAD 050552Z 34007KT 10SM CLR 16/12 A2995 RMK AO2 SLP139 T01560117 10222 20122 58003
IAD,2023-06-05 06:52,10.00,M,KIAD 050652Z 02007KT 10SM CLR 14/10 A2995 RMK AO2 SLP139 T01440100
IAD,2023-06-05 07:52,10.00,M,KIAD 050752Z 02006KT 10SM CLR 14/09 A2995 RMK AO2 SLP140 T01440094
IAD,2023-06-05 08:52,10.00,M,KIAD 050852Z 03005KT 10SM CLR 13/09 A2995 RMK AO2 SLP141 T01280094 53001
IAD,2023-06-05 09:52,10.00,M,KIAD 050952Z 02005KT 10SM CLR 12/10 A2997 RMK AO2 SLP145 T01220100
IAD,2023-06-05 10:52,10.00,M,KIAD 051052Z 33004KT 10SM CLR 13/09 A2998 RMK AO2 SLP149 T01330094
IAD,2023-06-05 11:52,10.00,18000.00,KIAD 051152Z 04006KT 10SM SCT180 17/11 A2999 RMK AO2 SLP152 T01670106 10167 20117 51011
IAD,2023-06-05 12:52,10.00,18000.00,KIAD 051252Z 01006KT 10SM SCT180 18/10 A2999 RMK AO2 SLP153 T01830100
IAD,2023-06-05 13:52,10.00,20000.00,KIAD 051352Z 34005KT 10SM SCT200 20/09 A2998 RMK AO2 SLP152 T02000094
IAD,2023-06-05 14:52,10.00,15000.00,KIAD 051452Z 34005KT 10SM SCT150 22/09 A2998 RMK AO2 SLP149 T02170089 58003
IAD,2023-06-05 15:52,10.00,20000.00,KIAD 051552Z COR 35008KT 10SM SCT200 23/08 A2995 RMK AO2 SLP141 T02330078
IAD,2023-06-05 16:52,10.00,M,KIAD 051652Z 31009G15KT 280V340 10SM CLR 24/08 A2993 RMK AO2 SLP134 T02390083
IAD,2023-06-05 17:52,10.00,6500.00,KIAD 051752Z VRB04KT 10SM FEW065 SCT250 25/08 A2992 RMK AO2 SLP128 T02500078 10256 20167 56020
IAD,2023-06-05 18:52,10.00,6500.00,KIAD 051852Z 00000KT 10SM FEW065 BKN250 26/07 A2990 RMK AO2 SLP124 T02560072
IAD,2023-06-05 19:52,10.00,6500.00,KIAD 051952Z 35005KT 10SM FEW065 BKN250 26/08 A2989 RMK AO2 SLP120 T02610078
IAD,2023-06-05 20:52,10.00,6500.00,KIAD 052052Z 30011KT 10SM FEW065 BKN250 26/07 A2988 RMK AO2 SLP117 T02610072 56011
IAD,2023-06-05 21:52,10.00,6500.00,KIAD 052152Z 32008G18KT 10SM FEW065 SCT250 26/07 A2988 RMK AO2 SLP116 T02560072
IAD,2023-06-05 22:52,10.00,7000.00,KIAD 052252Z COR 34010KT 10SM FEW070 BKN250 25/06 A2987 RMK AO2 SLP114 T02500061
IAD,2023-06-05 23:52,10.00,7000.00,KIAD 052352Z 33008KT 10SM FEW070 23/07 A2988 RMK AO2 SLP116 T02330067 10267 20233 55001
IAD,2023-06-06 00:52,10.00,7000.00,KIAD 060052Z 32006KT 10SM FEW070 22/07 A2988 RMK AO2 SLP117 T02170067
IAD,2023-06-06 01:52,10.00,10000.00,KIAD 060152Z 33005KT 10SM FEW100 19/08 A2990 RMK AO2 SLP121 T01940078
IAD,2023-06-06 02:52,10.00,M,KIAD 060252Z 27003KT 10SM CLR 18/08 A2990 RMK AO2 SLP122 T01780078 51007
IAD,2023-06-06 03:52,10.00,M,KIAD 060352Z 27003KT 10SM CLR 15/08 A2990 RMK AO2 SLP123 T01500078
IAD,2023-06-06 04:52,10.00,M,KIAD 060452Z 27004KT 10SM CLR 16/08 A2989 RMK AO2 SLP120 T01610083 402670117
IAD,2023-06-06 05:52,10.00,M,KIAD 060552Z 28003KT 10SM CLR 14/08 A2988 RMK AO2 SLP116 T01440078 10233 20139 58006
IAD,2023-06-06 06:52,10.00,M,KIAD 060652Z 00000KT 10SM CLR 14/08 A2987 RMK AO2 SLP114 T01390078
IAD,2023-06-06 07:52,10.00,M,KIAD 060752Z 00000KT 10SM CLR 12/08 A2987 RMK AO2 SLP112 T01170078
IAD,2023-06-06 08:52,10.00,M,KIAD 060852Z 00000KT 10SM CLR 11/08 A2987 RMK AO2 SLP112 T01110078 56004
IAD,2023-06-06 09:52,10.00,25000.00,KIAD 060952Z 00000KT 10SM BKN250 10/08 A2986 RMK AO2 SLP111 T01000078
IAD,2023-06-06 10:52,7.00,25000.00,KIAD 061052Z 00000KT 7SM BKN250 11/08 A2986 RMK AO2 SLP109 T01110083
IAD,2023-06-06 11:52,10.00,25000.00,KIAD 061152Z 30004KT 10SM OVC250 16/08 A2986 RMK AO2 SLP110 T01560083 10156 20100 55002
IAD,2023-06-06 12:52,7.00,25000.00,KIAD 061252Z 31004KT 7SM OVC250 19/08 A2986 RMK AO2 SLP108 T01890083
IAD,2023-06-06 13:52,7.00,25000.00,KIAD 061352Z 32009KT 7SM OVC250 22/08 A2984 RMK AO2 SLP104 T02170078
IAD,2023-06-06 14:52,6.00,25000.00,KIAD 061452Z 31009KT 6SM HZ OVC250 23/07 A2983 RMK AO2 SLP100 T02330072 58010
IAD,2023-06-06 15:52,6.00,25000.00,KIAD 061552Z 30009KT 6SM HZ OVC250 25/07 A2981 RMK AO2 SLP093 T02500072
IAD,2023-06-06 16:52,6.00,25000.00,KIAD 061652Z 30013G20KT 6SM HZ OVC250 27/08 A2979 RMK AO2 SLP085 T02670078
IAD,2023-06-06 17:52,6.00,25000.00,KIAD 061752Z 27007G18KT 250V310 6SM HZ OVC250 26/08 A2976 RMK AO2 SLP074 T02560083 10267 20156 58025
IAD,2023-06-06 18:52,6.00,25000.00,KIAD 061852Z 29014G21KT 6SM HZ OVC250 28/07 A2973 RMK AO2 SLP066 T02780072
IAD,2023-06-06 19:52,7.00,7000.00,KIAD 061952Z 29012G20KT 7SM FEW070 BKN250 28/08 A2971 RMK AO2 SLP057 T02830078
IAD,2023-06-06 20:52,7.00,8000.00,KIAD 062052Z 28017G22KT 7SM FEW080 SCT140 BKN250 28/08 A2969 RMK AO2 SLP052 T02780078 56022
IAD,2023-06-06 21:52,7.00,8000.00,KIAD 062152Z 25010G16KT 7SM FEW080 BKN250 27/08 A2968 RMK AO2 SLP049 T02720078
IAD,2023-06-06 22:52,8.00,9000.00,KIAD 062252Z 27009KT 8SM FEW090 BKN250 27/09 A2967 RMK AO2 SLP044 T02670089
IAD,2023-06-06 23:52,6.00,9000.00,KIAD 062352Z 27007KT 6SM HZ FEW090 BKN250 25/09 A2968 RMK AO2 SLP047 T02500094 10283 20250 55005
IAD,2023-06-07 00:52,6.00,9000.00,KIAD 070052Z 28007KT 6SM HZ FEW090 BKN250 24/09 A2968 RMK AO2 SLP047 T02390094
IAD,2023-06-07 01:52,8.00,8500.00,KIAD 070152Z 28009KT 8SM FEW085 BKN250 23/09 A2970 RMK AO2 SLP055 T02330094
IAD,2023-06-07 02:52,10.00,25000.00,KIAD 070252Z COR 28008KT 10SM BKN250 22/10 A2971 RMK AO2 SLP057 T02220100 53011
IAD,2023-06-07 03:52,10.00,25000.00,KIAD 070352Z 30010KT 10SM BKN250 22/10 A2971 RMK AO2 SLP058 T02220100
IAD,2023-06-07 04:52,10.00,12000.00,KIAD 070452Z 29009KT 10SM BKN120 BKN250 21/11 A2972 RMK AO2 SLP059 T02110106 402830100
IAD,2023-06-07 05:52,10.00,12000.00,KIAD 070552Z 35008KT 10SM SCT120 BKN250 21/11 A2972 RMK AO2 SLP060 T02110111 10250 20200 51003
IAD,2023-06-07 06:52,6.00,4000.00,KIAD 070652Z 03007KT 6SM HZ BKN040 OVC050 20/09 A2972 RMK AO2 SLP061 T02000094
IAD,2023-06-07 07:52,4.00,4000.00,KIAD 070752Z 03007KT 4SM HZ OVC040 18/08 A2971 RMK AO2 SLP057 T01780083
IAD,2023-06-07 08:52,4.00,3900.00,KIAD 070852Z 36003KT 4SM HZ OVC039 17/08 A2971 RMK AO2 SLP058 T01670078 55002
IAD,2023-06-07 09:52,3.00,4300.00,KIAD 070952Z 27003KT 3SM HZ OVC043 13/08 A2972 RMK AO2 SLP063 T01330078
IAD,2023-06-07 10:52,3.00,3300.00,KIAD 071052Z 00000KT 3SM HZ OVC033 13/09 A2973 RMK AO2 SLP064 T01280089
IAD,2023-06-07 11:52,2.50,3000.00,KIAD 071152Z 32003KT 2 1/2SM HZ OVC030 18/09 A2973 RMK AO2 SLP064 T01780094 10206 20122 51005
IAD,2023-06-07 12:52,2.50,3000.00,KIAD 071252Z 00000KT 2 1/2SM HZ OVC030 21/08 A2973 RMK AO2 SLP065 T02110083
IAD,2023-06-07 13:52,2.50,2700.00,KIAD 071352Z 30005KT 2 1/2SM HZ BKN027 OVC033 22/07 A2974 RMK AO2 SLP067 T02220067
IAD,2023-06-07 14:52,3.00,3000.00,KIAD 071452Z 32007KT 3SM HZ OVC030 23/07 A2974 RMK AO2 SLP067 T02330072 50002
IAD,2023-06-07 15:52,3.00,3300.00,KIAD 071552Z 34011KT 3SM HZ SCT033 24/07 A2972 RMK AO2 SLP062 T02390072
IAD,2023-06-07 16:52,5.00,3300.00,KIAD 071652Z 35009G15KT 5SM HZ SCT033 BKN070 24/05 A2970 RMK AO2 SLP056 T02440050
IAD,2023-06-07 17:52,4.00,3300.00,KIAD 071752Z VRB04KT 4SM HZ SCT033 BKN070 26/03 A2969 RMK AO2 SLP050 T02560033 10256 20178 58017
IAD,2023-06-07 18:52,4.00,3500.00,KIAD 071852Z 34006KT 4SM HZ FEW035 SCT080 BKN250 26/06 A2967 RMK AO2 SLP045 T02560061
IAD,2023-06-07 19:52,6.00,7500.00,KIAD 071952Z 32008KT 6SM HZ SCT075 26/06 A2967 RMK AO2 SLP043 T02610056
IAD,2023-06-07 20:52,6.00,9000.00,KIAD 072052Z 33003KT 6SM HZ FEW090 26/06 A2965 RMK AO2 SLP038 T02610056 56011
IAD,2023-06-07 21:52,7.00,9000.00,KIAD 072152Z COR 30007KT 7SM FEW090 SCT250 26/04 A2965 RMK AO2 SLP039 T02560039
IAD,2023-06-07 22:52,6.00,9000.00,KIAD 072252Z 30005KT 6SM HZ FEW090 BKN250 24/04 A2965 RMK AO2 SLP037 T02440039
IAD,2023-06-07 23:52,6.00,10000.00,KIAD 072352Z 00000KT 6SM HZ FEW100 BKN250 23/04 A2965 RMK AO2 SLP038 T02330044 10261 20222 55001
IAD,2023-06-08 00:52,7.00,9000.00,KIAD 080052Z 00000KT 7SM FEW090 SCT110 BKN250 19/07 A2966 RMK AO2 SLP042 T01940072
IAD,2023-06-08 01:52,7.00,9000.00,KIAD 080152Z 00000KT 7SM SCT090 BKN110 18/08 A2968 RMK AO2 SLP047 T01780078
IAD,2023-06-08 02:52,5.00,10000.00,KIAD 080252Z 00000KT 5SM HZ SCT100 BKN110 19/08 A2969 RMK AO2 SLP050 T01940078 53013
IAD,2023-06-08 03:52,5.00,9000.00,KIAD 080352Z 30004KT 5SM HZ BKN090 BKN120 19/08 A2969 RMK AO2 SLP049 T01890078
IAD,2023-06-08 04:52,6.00,9000.00,KIAD 080452Z 28003KT 6SM HZ SCT090 BKN110 18/08 A2968 RMK AO2 SLP047 T01780078 402610122
IAD,2023-06-08 05:52,6.00,11000.00,KIAD 080552Z 30004KT 6SM HZ BKN110 16/08 A2967 RMK AO2 SLP043 T01560078 10233 20139 58007
IAD,2023-06-08 06:52,6.00,11000.00,KIAD 080652Z 33005KT 6SM HZ BKN110 15/07 A2966 RMK AO2 SLP042 T01500072
IAD,2023-06-08 07:52,5.00,3200.00,KIAD 080752Z 36007KT 5SM HZ FEW032 BKN110 16/06 A2967 RMK AO2 SLP045 T01560061
IAD,2023-06-08 08:52,4.00,3300.00,KIAD 080852Z 35005KT 4SM HZ OVC033 15/06 A2969 RMK AO2 SLP050 T01500061 53007
IAD,2023-06-08 09:52,3.00,3300.00,KIAD 080952Z 35006KT 3SM HZ OVC033 14/06 A2970 RMK AO2 SLP055 T01390061
IAD,2023-06-08 10:52,1.50,2800.00,KIAD 081052Z 01005KT 1 1/2SM HZ OVC028 14/06 A2972 RMK AO2 SLP061 T01440056
IAD,2023-06-08 11:52,1.25,2800.00,KIAD 081152Z 36008KT 1 1/4SM HZ OVC028 17/05 A2973 RMK AO2 SLP065 T01670050 10167 20133 51015
IAD,2023-06-08 12:52,1.50,3000.00,KIAD 081252Z 36009KT 1 1/2SM HZ OVC030 18/04 A2974 RMK AO2 SLP070 T01830044
IAD,2023-06-08 13:52,1.75,3000.00,KIAD 081352Z 01006KT 1 3/4SM HZ BKN030 OVC036 20/05 A2974 RMK AO2 SLP070 T02000050
IAD,2023-06-08 14:52,2.00,2700.00,KIAD 081452Z 03005KT 2SM HZ BKN027 OVC034 22/04 A2974 RMK AO2 SLP068 T02170044 50002
IAD,2023-06-08 15:52,1.75,2500.00,KIAD 081552Z VRB03KT 1 3/4SM HZ BKN025 OVC033 23/05 A2974 RMK AO2 SLP069 T02280050
IAD,2023-06-08 16:52,1.75,2500.00,KIAD 081652Z 32012G16KT 1 3/4SM HZ BKN025 OVC032 24/03 A2971 RMK AO2 SLP059 T02390028
IAD,2023-06-08 17:52,5.00,18000.00,KIAD 081752Z 30010G17KT 5SM HZ BKN180 25/00 A2970 RMK AO2 SLP054 T02500000 10256 20161 58013
IAD,2023-06-08 18:52,3.00,3800.00,KIAD 081852Z 33006G16KT 3SM HZ FEW038 BKN180 25/02 A2970 RMK AO2 SLP055 T02500022
IAD,2023-06-08 19:52,4.00,3500.00,KIAD 081952Z 29009G14KT 4SM HZ SCT035 BKN200 26/02 A2970 RMK AO2 SLP055 T02560017
IAD,2023-06-08 20:52,5.00,4200.00,KIAD 082052Z 35005KT 5SM HZ BKN042 BKN100 26/01 A2970 RMK AO2 SLP055 T02610011 51001
IAD,2023-06-08 21:52,5.00,4400.00,KIAD 082152Z VRB06KT 5SM HZ SCT044 BKN100 25/03 A2970 RMK AO2 SLP057 T02500028
IAD,2023-06-08 22:52,5.00,6000.00,KIAD 082252Z 35007KT 5SM HZ BKN060 OVC110 24/03 A2971 RMK AO2 SLP060 T02390028
IAD,2023-06-08 23:52,6.00,6000.00,KIAD 082352Z COR 33009G18KT 6SM HZ BKN060 OVC110 22/01 A2974 RMK AO2 SLP068 T02220011 10261 20222 53013
IAD,2023-06-09 00:52,8.00,7000.00,KIAD 090052Z 33010KT 8SM BKN070 OVC110 22/03 A2976 RMK AO2 SLP074 T02170033
IAD,2023-06-09 01:52,10.00,11000.00,KIAD 090152Z 34008KT 10SM OVC110 21/06 A2978 RMK AO2 SLP084 T02060056
IAD,2023-06-09 02:52,10.00,10000.00,KIAD 090252Z 34007KT 10SM BKN100 21/06 A2979 RMK AO2 SLP087 T02060061 51019
IAD,2023-06-09 03:52,10.00,12000.00,KIAD 090352Z 31005KT 10SM BKN120 19/07 A2980 RMK AO2 SLP088 T01940067
IAD,2023-06-09 04:52,10.00,11000.00,KIAD 090452Z 31007KT 10SM BKN110 18/07 A2979 RMK AO2 SLP086 T01780067 402610133
IAD,2023-06-09 05:52,10.00,11000.00,KIAD 090552Z 31004KT 10SM FEW110 16/07 A2979 RMK AO2 SLP084 T01610067 10222 20161 58003
IAD,2023-06-09 06:52,10.00,M,KIAD 090652Z 27005KT 10SM CLR 14/07 A2979 RMK AO2 SLP084 T01440067
IAD,2023-06-09 07:52,10.00,M,KIAD 090752Z 00000KT 10SM CLR 13/07 A2978 RMK AO2 SLP084 T01280067
IAD,2023-06-09 08:52,10.00,M,KIAD 090852Z 15003KT 10SM CLR 11/07 A2979 RMK AO2 SLP086 T01060067 53002
IAD,2023-06-09 09:52,10.00,14000.00,KIAD 090952Z 00000KT 10SM BKN140 11/07 A2980 RMK AO2 SLP090 T01060072
IAD,2023-06-09 10:52,10.00,8000.00,KIAD 091052Z 00000KT 10SM FEW080 BKN140 13/09 A2982 RMK AO2 SLP095 T01280089
IAD,2023-06-09 11:52,10.00,14000.00,KIAD 091152Z 32005KT 10SM BKN140 17/08 A2983 RMK AO2 SLP098 T01720078 10178 20100 51012
IAD,2023-06-09 12:52,10.00,14000.00,KIAD 091252Z 33006KT 10SM BKN140 18/08 A2984 RMK AO2 SLP101 T01830078
IAD,2023-06-09 13:52,10.00,14000.00,KIAD 091352Z 31006KT 10SM BKN140 BKN250 20/08 A2984 RMK AO2 SLP102 T02000078
IAD,2023-06-09 14:52,10.00,6000.00,KIAD 091452Z 28004KT 10SM FEW060 BKN140 BKN250 22/08 A2984 RMK AO2 SLP101 T02170083 50003
IAD,2023-06-09 15:52,10.00,5500.00,KIAD 091552Z 33011G18KT 10SM SCT055 BKN140 BKN250 22/08 A2984 RMK AO2 SLP101 T02220078
IAD,2023-06-09 16:52,10.00,6000.00,KIAD 091652Z 29010KT 10SM FEW060 BKN110 BKN140 OVC200 22/08 A2983 RMK AO2 SLP098 T02220078
IAD,2023-06-09 17:52,10.00,8000.00,KIAD 091752Z 27009KT 10SM FEW080 SCT110 BKN150 BKN200 22/08 A2982 RMK AO2 SLP095 T02170078 10228 20172 58006
IAD,2023-06-09 18:52,10.00,10000.00,KIAD 091852Z 29010KT 10SM BKN100 OVC160 22/07 A2980 RMK AO2 SLP089 T02170072
IAD,2023-06-09 19:52,10.00,5500.00,KIAD 091952Z 32009G18KT 10SM SCT055 BKN160 24/07 A2979 RMK AO2 SLP085 T02390072
IAD,2023-06-09 20:52,10.00,4000.00,KIAD 092052Z 32008KT 10SM SCT040 BKN070 OVC160 22/08 A2979 RMK AO2 RAB40E50 SLP086 P0000 60000 T02170078 56010
IAD,2023-06-09 21:52,10.00,5000.00,KIAD 092152Z 30011KT 10SM FEW050 BKN110 BKN200 22/08 A2978 RMK AO2 SLP084 T02220078
IAD,2023-06-09 22:52,10.00,10000.00,KIAD 092252Z COR 32009KT 10SM SCT100 BKN200 22/08 A2979 RMK AO2 SLP087 T02220083
IAD,2023-06-09 23:52,10.00,6000.00,KIAD 092352Z 34010KT 10SM SCT060 BKN100 BKN200 22/08 A2982 RMK AO2 SLP095 60000 T02170078 10239 20211 53010
IAD,2023-06-10 00:52,10.00,11000.00,KIAD 100052Z 31005KT 10SM BKN110 OVC200 19/08 A2983 RMK AO2 SLP100 T01890083
IAD,2023-06-10 01:52,10.00,9000.00,KIAD 100152Z 32004KT 10SM BKN090 18/08 A2985 RMK AO2 SLP106 T01830083
IAD,2023-06-10 02:52,10.00,11000.00,KIAD 100252Z 31005KT 10SM SCT110 18/09 A2986 RMK AO2 SLP110 T01780089 51015
IAD,2023-06-10 03:52,10.00,8500.00,KIAD 100352Z 00000KT 10SM SCT085 SCT120 16/09 A2985 RMK AO2 SLP107 T01610089
IAD,2023-06-10 04:52,10.00,8500.00,KIAD 100452Z 00000KT 10SM SCT085 14/09 A2985 RMK AO2 SLP104 T01440089 402390100
IAD,2023-06-10 05:52,10.00,8500.00,KIAD 100552Z 00000KT 10SM FEW085 12/08 A2984 RMK AO2 SLP104 T01170083 10217 20117 56007
IAD,2023-06-10 06:52,10.00,M,KIAD 100652Z 00000KT 10SM CLR 12/09 A2984 RMK AO2 SLP102 T01170089
IAD,2023-06-10 07:52,10.00,M,KIAD 100752Z 18003KT 10SM CLR 12/09 A2983 RMK AO2 SLP101 T01170089
IAD,2023-06-10 08:52,10.00,M,KIAD 100852Z 00000KT 10SM CLR 11/08 A2984 RMK AO2 SLP103 T01060083 55001
IAD,2023-06-10 09:52,10.00,25000.00,KIAD 100952Z 23003KT 10SM FEW250 12/09 A2985 RMK AO2 SLP106 T01220089
IAD,2023-06-10 10:52,10.00,M,KIAD 101052Z 00000KT 10SM CLR 12/10 A2986 RMK AO2 SLP111 T01220100
IAD,2023-06-10 11:52,10.00,M,KIAD 101152Z 20003KT 10SM CLR 19/11 A2987 RMK AO2 SLP114 T01890111 10189 20100 51012
IAD,2023-06-10 12:52,10.00,M,KIAD 101252Z 27006KT 10SM CLR 22/09 A2988 RMK AO2 SLP115 T02220094
IAD,2023-06-10 13:52,10.00,M,KIAD 101352Z 30008KT 10SM CLR 24/08 A2988 RMK AO2 SLP115 T02390083
IAD,2023-06-10 14:52,10.00,M,KIAD 101452Z 31009G16KT 10SM CLR 26/08 A2988 RMK AO2 SLP114 T02560078 51001
IAD,2023-06-10 15:52,10.00,M,KIAD 101552Z 29009G18KT 10SM CLR 27/08 A2986 RMK AO2 SLP110 T02720078
IAD,2023-06-10 16:52,10.00,M,KIAD 101652Z 34008KT 10SM CLR 28/08 A2986 RMK AO2 SLP108 T02780083
IAD,2023-06-10 17:52,10.00,5500.00,KIAD 101752Z 32006KT 10SM FEW055 SCT080 29/07 A2984 RMK AO2 SLP102 T02890072 10289 20189 58013
IAD,2023-06-10 18:52,10.00,8000.00,KIAD 101852Z 30006G16KT 10SM FEW080 SCT250 29/08 A2983 RMK AO2 SLP101 T02890078
IAD,2023-06-10 19:52,10.00,9000.00,KIAD 101952Z 22009KT 10SM FEW090 FEW250 30/07 A2982 RMK AO2 SLP097 T03000072
IAD,2023-06-10 20:52,10.00,8500.00,KIAD 102052Z VRB05KT 10SM FEW085 FEW250 29/07 A2982 RMK AO2 SLP095 T02940072 58007
IAD,2023-06-10 21:52,10.00,9000.00,KIAD 102152Z 25008KT 10SM FEW090 FEW250 29/07 A2981 RMK AO2 SLP094 T02940072
IAD,2023-06-10 22:52,10.00,9000.00,KIAD 102252Z 21006KT 10SM FEW090 SCT250 28/08 A2982 RMK AO2 SLP097 T02830078
IAD,2023-06-10 23:52,10.00,9000.00,KIAD 102352Z 20004KT 10SM FEW090 SCT250 26/09 A2982 RMK AO2 SLP094 T02610089 10300 20261 50001
IAD,2023-06-11 00:52,10.00,9000.00,KIAD 110052Z 17005KT 10SM FEW090 FEW250 24/09 A2983 RMK AO2 SLP098 T02440089
IAD,2023-06-11 01:52,10.00,9000.00,KIAD 110152Z 16004KT 10SM FEW090 SCT250 23/09 A2985 RMK AO2 SLP105 T02280089
IAD,2023-06-11 02:52,10.00,9500.00,KIAD 110252Z 16004KT 10SM FEW095 SCT250 22/10 A2986 RMK AO2 SLP110 T02220100 53016
IAD,2023-06-11 03:52,10.00,9000.00,KIAD 110352Z 16005KT 10SM SCT090 BKN250 21/11 A2986 RMK AO2 SLP108 T02110111
IAD,2023-06-11 04:52,10.00,9500.00,KIAD 110452Z 17006KT 10SM SCT095 BKN250 21/12 A2986 RMK AO2 SLP107 T02110117 403000100
IAD,2023-06-11 05:52,10.00,9500.00,KIAD 110552Z 17005KT 10SM BKN095 21/12 A2986 RMK AO2 SLP107 T02110117 10261 20206 55003
IAD,2023-06-11 06:52,10.00,25000.00,KIAD 110652Z 00000KT 10SM SCT250 18/12 A2985 RMK AO2 SLP105 T01780117
IAD,2023-06-11 07:52,10.00,M,KIAD 110752Z 00000KT 10SM CLR 17/12 A2985 RMK AO2 SLP105 T01720117
IAD,2023-06-11 08:52,10.00,M,KIAD 110852Z 00000KT 10SM CLR 15/11 A2985 RMK AO2 SLP106 T01500111 55001
IAD,2023-06-11 09:52,10.00,25000.00,KIAD 110952Z 00000KT 10SM FEW250 13/11 A2986 RMK AO2 SLP107 T01330106
IAD,2023-06-11 10:52,10.00,25000.00,KIAD 111052Z VRB04KT 10SM FEW250 16/12 A2987 RMK AO2 SLP112 T01610122
IAD,2023-06-11 11:52,10.00,9500.00,KIAD 111152Z 22005KT 10SM FEW095 FEW250 19/12 A2988 RMK AO2 SLP115 T01940122 10211 20128 53009
IAD,2023-06-11 12:52,10.00,25000.00,KIAD 111252Z 00000KT 10SM BKN250 22/13 A2989 RMK AO2 SLP117 T02220128
IAD,2023-06-11 13:52,10.00,25000.00,KIAD 111352Z VRB04KT 10SM BKN250 24/13 A2989 RMK AO2 SLP118 T02440133
IAD,2023-06-11 14:52,10.00,25000.00,KIAD 111452Z VRB05KT 10SM BKN250 28/13 A2988 RMK AO2 SLP115 T02780128 58000
IAD,2023-06-11 15:52,10.00,25000.00,KIAD 111552Z VRB05KT 10SM BKN250 29/13 A2986 RMK AO2 SLP108 T02890128
IAD,2023-06-11 16:52,10.00,25000.00,KIAD 111652Z VRB06KT 10SM BKN250 30/12 A2984 RMK AO2 SLP102 T03000122
IAD,2023-06-11 17:52,10.00,7000.00,KIAD 111752Z 17011G17KT 10SM FEW070 BKN250 31/13 A2981 RMK AO2 SLP092 T03110128 10311 20194 58022
IAD,2023-06-11 18:52,10.00,7500.00,KIAD 111852Z 18007G18KT 10SM FEW075 FEW090 31/12 A2979 RMK AO2 SLP085 T03110122
IAD,2023-06-11 19:52,10.00,8500.00,KIAD 111952Z 22011KT 10SM SCT085 32/11 A2977 RMK AO2 SLP079 T03170111
IAD,2023-06-11 20:52,10.00,8000.00,KIAD 112052Z 21014G19KT 10SM SCT080 BKN200 31/12 A2976 RMK AO2 SLP075 T03060117 56018
IAD,2023-06-11 21:52,10.00,7500.00,KIAD 112152Z 19012KT 10SM SCT075 BKN200 30/12 A2976 RMK AO2 SLP075 T03000122
IAD,2023-06-11 22:52,10.00,8000.00,KIAD 112252Z 17011G19KT 10SM FEW080 BKN200 29/12 A2977 RMK AO2 SLP077 T02940117
IAD,2023-06-11 23:52,10.00,8000.00,KIAD 112352Z 18009KT 10SM FEW080 BKN200 28/12 A2976 RMK AO2 SLP075 T02830117 10322 20283 50000
IAD,2023-06-12 00:52,10.00,9000.00,KIAD 120052Z COR 17007KT 10SM FEW090 BKN200 27/12 A2976 RMK AO2 SLP073 T02720117
IAD,2023-06-12 01:52,10.00,14000.00,KIAD 120152Z 17007KT 10SM OVC140 27/12 A2975 RMK AO2 SLP073 T02670122
IAD,2023-06-12 02:52,10.00,12000.00,KIAD 120252Z 17007G15KT 10SM BKN120 26/13 A2975 RMK AO2 SLP072 T02610128 56002
IAD,2023-06-12 03:52,10.00,7000.00,KIAD 120352Z 16009KT 10SM FEW070 BKN090 OVC100 26/13 A2974 RMK AO2 SLP068 T02610133
IAD,2023-06-12 04:52,10.00,11000.00,KIAD 120452Z 17010G20KT 10SM OVC110 26/14 A2973 RMK AO2 SLP063 T02560144 403220128
IAD,2023-06-12 05:52,10.00,11000.00,KIAD 120552Z 16008G16KT 10SM OVC110 25/14 A2973 RMK AO2 SLP063 T02500144 10283 20244 56009
IAD,2023-06-12 06:52,10.00,11000.00,KIAD 120652Z 17006KT 10SM SCT110 OVC180 23/15 A2971 RMK AO2 SLP057 T02330150
IAD,2023-06-12 07:52,10.00,18000.00,KIAD 120752Z 17007KT 10SM OVC180 23/16 A2971 RMK AO2 SLP056 T02280156
IAD,2023-06-12 08:52,10.00,11000.00,KIAD 120852Z 16007KT 10SM SCT110 OVC180 22/16 A2970 RMK AO2 SLP053 T02170156 56009
IAD,2023-06-12 09:52,10.00,3300.00,KIAD 120952Z 17007KT 10SM BKN033 22/16 A2970 RMK AO2 SLP055 T02220161
IAD,2023-06-12 10:52,10.00,2900.00,KIAD 121052Z 15007KT 10SM FEW029 BKN037 BKN140 22/17 A2970 RMK AO2 SLP053 T02220172
IAD,2023-06-12 11:52,10.00,12000.00,KIAD 121152Z 17008KT 10SM BKN120 BKN190 23/18 A2969 RMK AO2 SLP052 T02280178 10244 20217 58002
IAD,2023-06-12 12:52,10.00,2500.00,KIAD 121252Z 18011KT 10SM SCT025 BKN030 BKN090 24/18 A2968 RMK AO2 SLP049 T02390178
IAD,2023-06-12 13:52,10.00,2300.00,KIAD 121352Z 17006KT 10SM SCT023 BKN028 OVC046 23/18 A2967 RMK AO2 SLP046 T02330178
IAD,2023-06-12 14:52,10.00,2300.00,KIAD 121452Z 17008KT 10SM BKN023 OVC029 23/18 A2966 RMK AO2 SLP042 T02330178 58010
IAD,2023-06-12 15:52,10.00,2400.00,KIAD 121552Z 17007KT 10SM -RA BKN024 OVC030 23/18 A2965 RMK AO2 RAB46 SLP039 P0000 T02330178
IAD,2023-06-12 16:52,10.00,2000.00,KIAD 121652Z 17007KT 10SM -RA BKN020 BKN027 OVC034 23/19 A2964 RMK AO2 SLP034 P0001 T02280189
IAD,2023-06-12 17:52,1.50,1300.00,KIAD 121752Z 20008KT 1 1/2SM RA BR BKN013 BKN025 OVC033 22/20 A2963 RMK AO2 SLP029 P0004 60005 T02220200 10244 20222 58013
IAD,2023-06-12 18:52,6.00,1200.00,KIAD 121852Z 20009KT 6SM -RA BR BKN012 BKN024 OVC080 23/21 A2960 RMK AO2 SLP022 P0003 T02280211
IAD,2023-06-12 19:52,8.00,1600.00,KIAD 121952Z 21011G16KT 8SM BKN016 BKN041 OVC070 23/21 A2960 RMK AO2 RAE43 SLP019 P0001 T02330211
IAD,2023-06-12 20:52,10.00,1600.00,KIAD 122052Z 24006KT 10SM SCT016 BKN042 BKN110 25/21 A2961 RMK AO2 RAB00E19 SLP023 P0000 60004 T02500206 55006
IAD,2023-06-12 21:52,10.00,3000.00,KIAD 122152Z 32010KT 10SM BKN030 OVC060 22/18 A2963 RMK AO2 PK WND 32028/2125 WSHFT 2118 SLP030 T02170178
IAD,2023-06-12 22:52,10.00,6500.00,KIAD 122252Z 32011KT 10SM BKN065 OVC080 22/16 A2967 RMK AO2 SLP043 T02220156
IAD,2023-06-12 23:52,10.00,7000.00,KIAD 122352Z 32015G29KT 10SM FEW070 SCT250 22/13 A2968 RMK AO2 PK WND 33029/2346 SLP048 60004 T02220133 10256 20211 51025
IAD,2023-06-13 00:52,10.00,7000.00,KIAD 130052Z 32009KT 10SM FEW070 SCT250 21/12 A2970 RMK AO2 SLP056 T02060122
IAD,2023-06-13 01:52,10.00,10000.00,KIAD 130152Z 32008KT 10SM FEW100 19/13 A2972 RMK AO2 SLP062 T01940128
IAD,2023-06-13 02:52,10.00,10000.00,KIAD 130252Z 32005KT 10SM FEW100 19/13 A2975 RMK AO2 SLP072 T01890128 53023
IAD,2023-06-13 03:52,10.00,7500.00,KIAD 130352Z 00000KT 10SM BKN075 18/13 A2976 RMK AO2 SLP075 T01780128
IAD,2023-06-13 04:52,10.00,7500.00,KIAD 130452Z 22003KT 10SM SCT075 14/12 A2976 RMK AO2 SLP075 T01440122 402560144
IAD,2023-06-13 05:52,10.00,M,KIAD 130552Z 00000KT 10SM CLR 14/12 A2976 RMK AO2 SLP077 T01390117 10222 20139 51004
IAD,2023-06-13 06:52,10.00,8000.00,KIAD 130652Z 00000KT 10SM FEW080 13/11 A2976 RMK AO2 SLP076 T01280111
IAD,2023-06-13 07:52,10.00,M,KIAD 130752Z 00000KT 10SM CLR 13/11 A2976 RMK AO2 SLP074 T01280106
IAD,2023-06-13 08:52,10.00,M,KIAD 130852Z 12003KT 10SM CLR 11/10 A2976 RMK AO2 SLP076 T01110100 55000
IAD,2023-06-13 09:52,10.00,8000.00,KIAD 130952Z 12003KT 10SM SCT080 SCT250 12/11 A2977 RMK AO2 SLP078 T01220106
IAD,2023-06-13 10:52,10.00,4500.00,KIAD 131052Z 00000KT 10SM FEW045 FEW080 BKN250 14/12 A2980 RMK AO2 SLP087 T01440122
IAD,2023-06-13 11:52,10.00,4500.00,KIAD 131152Z 20004KT 10SM FEW045 SCT250 17/13 A2983 RMK AO2 SLP098 70009 T01720128 10172 20111 53021
IAD,2023-06-13 12:52,10.00,7000.00,KIAD 131252Z 18004KT 10SM SCT070 20/12 A2983 RMK AO2 SLP098 T02000122
IAD,2023-06-13 13:52,10.00,3300.00,KIAD 131352Z 28008KT 10SM FEW033 BKN060 22/09 A2982 RMK AO2 SLP096 T02170094
IAD,2023-06-13 14:52,10.00,5000.00,KIAD 131452Z 24008KT 10SM BKN050 BKN070 23/10 A2982 RMK AO2 SLP095 T02280100 58002
IAD,2023-06-13 15:52,10.00,5000.00,KIAD 131552Z VRB03KT 10SM BKN050 BKN220 24/10 A2980 RMK AO2 SLP088 T02390100
IAD,2023-06-13 16:52,10.00,5000.00,KIAD 131652Z VRB04KT 10SM BKN050 BKN250 25/10 A2977 RMK AO2 SLP080 T02500100
IAD,2023-06-13 17:52,10.00,5500.00,KIAD 131752Z VRB05KT 10SM SCT055 BKN250 26/09 A2975 RMK AO2 SLP073 T02610094 10267 20172 57022
IAD,2023-06-13 18:52,10.00,6500.00,KIAD 131852Z VRB05KT 10SM SCT065 SCT250 27/08 A2973 RMK AO2 SLP066 T02670083
IAD,2023-06-13 19:52,10.00,7000.00,KIAD 131952Z 24007G16KT 10SM SCT070 SCT250 26/07 A2972 RMK AO2 SLP063 T02610072
IAD,2023-06-13 20:52,10.00,7500.00,KIAD 132052Z 27008G15KT 10SM FEW075 FEW250 27/06 A2971 RMK AO2 SLP058 T02720061 56015
IAD,2023-06-13 21:52,10.00,7500.00,KIAD 132152Z 24006KT 10SM FEW075 FEW250 27/07 A2971 RMK AO2 SLP057 T02720072
IAD,2023-06-13 22:52,10.00,7500.00,KIAD 132252Z 22007KT 10SM FEW075 FEW200 BKN250 26/08 A2970 RMK AO2 SLP055 T02560083
IAD,2023-06-13 23:52,10.00,7500.00,KIAD 132352Z 17008KT 10SM FEW075 SCT200 BKN250 25/08 A2969 RMK AO2 SLP053 T02500083 10272 20250 58005
IAD,2023-06-14 00:52,10.00,10000.00,KIAD 140052Z 18004KT 10SM FEW100 FEW250 22/09 A2969 RMK AO2 SLP051 T02220089
IAD,2023-06-14 01:52,10.00,8000.00,KIAD 140152Z 15005KT 10SM FEW080 FEW100 FEW250 20/09 A2969 RMK AO2 SLP051 T02000094
IAD,2023-06-14 02:52,10.00,M,KIAD 140252Z 18006KT 10SM CLR 20/09 A2969 RMK AO2 SLP051 T02000089 55001
IAD,2023-06-14 03:52,10.00,M,KIAD 140352Z 19006KT 10SM CLR 18/09 A2968 RMK AO2 SLP048 T01780094
IAD,2023-06-14 04:52,10.00,M,KIAD 140452Z 19006KT 10SM CLR 17/10 A2967 RMK AO2 SLP045 T01670100 402720111
IAD,2023-06-14 05:52,10.00,M,KIAD 140552Z 19007KT 10SM CLR 16/10 A2966 RMK AO2 SLP042 T01610100 10250 20161 56010
IAD,2023-06-14 06:52,10.00,11000.00,KIAD 140652Z 19005KT 10SM SCT110 17/10 A2964 RMK AO2 SLP034 T01670100
IAD,2023-06-14 07:52,10.00,10000.00,KIAD 140752Z 19006KT 10SM BKN100 17/10 A2962 RMK AO2 SLP027 T01720100
IAD,2023-06-14 08:52,10.00,9500.00,KIAD 140852Z 20009KT 10SM BKN095 OVC120 18/10 A2961 RMK AO2 SLP023 T01780100 56018
IAD,2023-06-14 09:52,10.00,9000.00,KIAD 140952Z 19006KT 10SM BKN090 17/10 A2960 RMK AO2 SLP021 T01720100
IAD,2023-06-14 10:52,10.00,11000.00,KIAD 141052Z 20006KT 10SM OVC110 18/10 A2959 RMK AO2 SLP018 T01780100
IAD,2023-06-14 11:52,10.00,9500.00,KIAD 141152Z 20006KT 10SM -RA OVC095 17/12 A2960 RMK AO2 RAB18 SLP021 P0000 60000 T01720117 10183 20156 55003
IAD,2023-06-14 12:52,10.00,9500.00,KIAD 141252Z 18004KT 10SM -RA OVC095 17/13 A2959 RMK AO2 SLP017 P0002 T01670128
IAD,2023-06-14 13:52,10.00,9500.00,KIAD 141352Z 17006KT 10SM OVC095 17/12 A2957 RMK AO2 RAE45 SLP010 P0001 T01720122
IAD,2023-06-14 14:52,10.00,10000.00,KIAD 141452Z 20008KT 10SM BKN100 18/12 A2957 RMK AO2 SLP011 60003 T01830122 55009
IAD,2023-06-14 15:52,10.00,8000.00,KIAD 141552Z 20008KT 10SM SCT080 BKN120 22/13 A2956 RMK AO2 SLP008 T02170128
IAD,2023-06-14 16:52,10.00,5500.00,KIAD 141652Z 24014G24KT 10SM FEW055 SCT075 BKN090 26/11 A2955 RMK AO2 SLP005 T02610111
IAD,2023-06-14 17:52,10.00,5000.00,KIAD 141752Z 27011G21KT 10SM FEW050 BKN075 BKN100 26/11 A2957 RMK AO2 SLP012 60003 T02610106 10267 20167 53001
IAD,2023-06-14 18:52,10.00,7000.00,KIAD 141852Z 26016G32KT 10SM SCT070 BKN095 BKN140 27/10 A2958 RMK AO2 PK WND 24032/1846 SLP014 T02670100
IAD,2023-06-14 19:52,10.00,7500.00,KIAD 141952Z 26013G25KT 10SM SCT075 SCT100 BKN250 27/09 A2958 RMK AO2 PK WND 23027/1858 SLP012 T02720094
IAD,2023-06-14 20:52,10.00,7500.00,KIAD 142052Z 25012G21KT 10SM SCT075 SCT095 BKN250 27/08 A2958 RMK AO2 PK WND 25027/1955 SLP014 T02670083 51003
IAD,2023-06-14 21:52,10.00,7500.00,KIAD 142152Z 25012G23KT 10SM FEW075 FEW095 SCT250 26/09 A2958 RMK AO2 PK WND 29028/2111 SLP013 T02610094
IAD,2023-06-14 22:52,10.00,6500.00,KIAD 142252Z 29012G23KT 10SM FEW065 FEW095 SCT250 26/08 A2959 RMK AO2 SLP017 T02560078
IAD,2023-06-14 23:52,10.00,6500.00,KIAD 142352Z 28006KT 10SM FEW065 FEW090 SCT250 24/09 A2962 RMK AO2 SLP028 T02440089 10278 20244 53013
IAD,2023-06-15 00:52,10.00,9000.00,KIAD 150052Z 27006KT 10SM FEW090 SCT250 22/09 A2964 RMK AO2 SLP033 T02220094
IAD,2023-06-15 01:52,10.00,M,KIAD 150152Z 26005KT 10SM CLR 21/09 A2965 RMK AO2 SLP040 T02060094
IAD,2023-06-15 02:52,10.00,M,KIAD 150252Z 30007KT 10SM CLR 19/10 A2967 RMK AO2 SLP044 T01940100 51015
IAD,2023-06-15 03:52,10.00,M,KIAD 150352Z 29007KT 10SM CLR 18/10 A2966 RMK AO2 SLP042 T01830100
IAD,2023-06-15 04:52,10.00,M,KIAD 150452Z 18004KT 10SM CLR 17/10 A2968 RMK AO2 SLP047 T01720100 402780156
IAD,2023-06-15 05:52,10.00,M,KIAD 150552Z 21003KT 10SM CLR 16/10 A2968 RMK AO2 SLP049 T01610100 10244 20150 53005
IAD,2023-06-15 06:52,10.00,M,KIAD 150652Z 00000KT 10SM CLR 13/09 A2968 RMK AO2 SLP048 T01280094
IAD,2023-06-15 07:52,10.00,M,KIAD 150752Z 00000KT 10SM CLR 13/09 A2968 RMK AO2 SLP049 T01280094
IAD,2023-06-15 08:52,10.00,M,KIAD 150852Z 00000KT 10SM CLR 12/09 A2969 RMK AO2 SLP052 T01170094 53003
IAD,2023-06-15 09:52,10.00,25000.00,KIAD 150952Z 00000KT 10SM SCT250 11/09 A2971 RMK AO2 SLP059 T01110089
IAD,2023-06-15 10:52,10.00,25000.00,KIAD 151052Z 28003KT 10SM BKN250 15/10 A2972 RMK AO2 SLP061 T01500100
IAD,2023-06-15 11:52,10.00,25000.00,KIAD 151152Z 32006KT 10SM BKN250 19/11 A2973 RMK AO2 SLP065 70003 T01890106 10189 20106 51014
IAD,2023-06-15 12:52,10.00,25000.00,KIAD 151252Z VRB05KT 10SM SCT250 21/09 A2975 RMK AO2 SLP070 T02110094
IAD,2023-06-15 13:52,10.00,25000.00,KIAD 151352Z 30010KT 10SM FEW250 22/09 A2975 RMK AO2 SLP072 T02220089
IAD,2023-06-15 14:52,10.00,25000.00,KIAD 151452Z VRB04KT 10SM FEW250 24/08 A2976 RMK AO2 SLP076 T02390078 51011
IAD,2023-06-15 15:52,10.00,M,KIAD 151552Z VRB05KT 10SM CLR 25/07 A2976 RMK AO2 SLP076 T02500072
IAD,2023-06-15 16:52,10.00,3500.00,KIAD 151652Z VRB04KT 10SM FEW035 27/08 A2975 RMK AO2 SLP070 T02670083
IAD,2023-06-15 17:52,10.00,3500.00,KIAD 151752Z VRB03KT 10SM FEW035 26/08 A2974 RMK AO2 SLP068 T02610078 10272 20194 58009
IAD,2023-06-15 18:52,10.00,3800.00,KIAD 151852Z VRB05KT 10SM FEW038 28/07 A2975 RMK AO2 SLP071 T02780072
IAD,2023-06-15 19:52,10.00,4000.00,KIAD 151952Z 32004KT 10SM FEW040 FEW200 28/06 A2973 RMK AO2 SLP067 T02830061
IAD,2023-06-15 20:52,10.00,4000.00,KIAD 152052Z 32007KT 270V340 10SM FEW040 FEW200 28/06 A2972 RMK AO2 SLP062 T02830061 58006
IAD,2023-06-15 21:52,10.00,20000.00,KIAD 152152Z 34006KT 10SM FEW200 27/06 A2971 RMK AO2 SLP059 T02720061
IAD,2023-06-15 22:52,10.00,20000.00,KIAD 152252Z 31005KT 10SM FEW200 27/06 A2972 RMK AO2 SLP061 T02670061
IAD,2023-06-15 23:52,10.00,14000.00,KIAD 152352Z 00000KT 10SM FEW140 FEW200 24/07 A2973 RMK AO2 SLP064 T02440067 10289 20244 53003
IAD,2023-06-16 00:52,10.00,20000.00,KIAD 160052Z 09003KT 10SM FEW200 21/08 A2973 RMK AO2 SLP067 T02060078
IAD,2023-06-16 01:52,10.00,16000.00,KIAD 160152Z 00000KT 10SM FEW160 20/09 A2976 RMK AO2 SLP075 T02000089
IAD,2023-06-16 02:52,10.00,M,KIAD 160252Z 00000KT 10SM CLR 17/09 A2977 RMK AO2 SLP079 T01670094 53015
IAD,2023-06-16 03:52,10.00,M,KIAD 160352Z 00000KT 10SM CLR 17/09 A2976 RMK AO2 SLP074 T01670094
IAD,2023-06-16 04:52,10.00,12000.00,KIAD 160452Z 00000KT 10SM FEW120 SCT250 16/09 A2976 RMK AO2 SLP076 OCNL LTG DSNT S T01610094 402890106
IAD,2023-06-16 05:52,10.00,12000.00,KIAD 160552Z 26003KT 10SM FEW120 SCT250 15/09 A2975 RMK AO2 SLP071 OCNL LTG DSNT S T01500094 10239 20144 57008
IAD,2023-06-16 06:52,10.00,5000.00,KIAD 160652Z 00000KT 10SM SCT050 15/11 A2976 RMK AO2 SLP073 T01500106
IAD,2023-06-16 07:52,10.00,25000.00,KIAD 160752Z 00000KT 10SM BKN250 14/11 A2974 RMK AO2 SLP069 T01440106
IAD,2023-06-16 08:52,10.00,25000.00,KIAD 160852Z 00000KT 10SM BKN250 14/11 A2973 RMK AO2 SLP064 T01390106 58007
IAD,2023-06-16 09:52,10.00,25000.00,KIAD 160952Z 30004KT 10SM BKN250 14/11 A2972 RMK AO2 SLP061 T01440111
IAD,2023-06-16 10:52,10.00,25000.00,KIAD 161052Z 00000KT 10SM BKN250 16/13 A2970 RMK AO2 SLP056 T01560128
IAD,2023-06-16 11:52,10.00,25000.00,KIAD 161152Z 00000KT 10SM BKN250 19/13 A2971 RMK AO2 SLP056 T01940128 10194 20128 55007
IAD,2023-06-16 12:52,10.00,12000.00,KIAD 161252Z 00000KT 10SM BKN120 BKN250 21/16 A2972 RMK AO2 SLP063 T02060156
IAD,2023-06-16 13:52,10.00,2700.00,KIAD 161352Z 34016G24KT 10SM FEW027 BKN038 BKN120 22/12 A2977 RMK AO2 PK WND 33031/1338 SLP079 T02170122
IAD,2023-06-16 14:52,10.00,3000.00,KIAD 161452Z 35009KT 10SM -RA FEW030 BKN070 BKN130 OVC250 19/13 A2976 RMK AO2 RAB45 SLP075 P0000 60000 T01890133 50018
IAD,2023-06-16 15:52,10.00,3000.00,KIAD 161552Z 33005KT 10SM FEW030 BKN070 OVC100 19/16 A2971 RMK AO2 LTG DSNT SW RAE42 SLP057 P0008 T01890161
IAD,2023-06-16 16:52,10.00,3500.00,KIAD 161652Z 30007KT 10SM FEW035 BKN110 OVC150 22/16 A2968 RMK AO2 SLP050 T02220161
IAD,2023-06-16 17:52,10.00,4000.00,KIAD 161752Z 28006KT 10SM FEW040 OVC160 24/16 A2967 RMK AO2 SLP044 60008 T02390161 10239 20178 56030
IAD,2023-06-16 18:52,10.00,4000.00,KIAD 161852Z 32008KT 10SM FEW040 OVC160 26/16 A2965 RMK AO2 SLP038 T02610156
IAD,2023-06-16 19:52,10.00,4000.00,KIAD 161952Z 00000KT 10SM SCT040 OVC160 27/16 A2964 RMK AO2 LTG DSNT NW SLP034 T02670161
IAD,2023-06-16 20:52,10.00,4000.00,KIAD 162052Z COR 33009KT 10SM TS BKN040CB OVC160 26/15 A2963 RMK AO2 TSB52 SLP031 OCNL LTGIC W-N TS W-N MOV E T02610150 56013
IAD,2023-06-16 21:52,7.00,4200.00,KIAD 162152Z 06003KT 7SM FEW042CB BKN090 OVC150 24/18 A2965 RMK AO2 LTG DSNT SE-SW RAB00E26 TSE27 SLP038 TS MOV E CB E-S MOV E P0005 T02390178
IAD,2023-06-16 22:52,10.00,5000.00,KIAD 162252Z 36010KT 10SM FEW050 FEW090 BKN200 26/15 A2967 RMK AO2 LTG DSNT N AND SE AND S SLP045 T02560150
IAD,2023-06-16 23:52,10.00,4500.00,KIAD 162352Z 30011G19KT 10SM FEW045 SCT085 OVC140 23/13 A2969 RMK AO2 SLP050 60005 T02330133 10278 20222 51019
IAD,2023-06-17 00:52,10.00,7000.00,KIAD 170052Z 32007KT 10SM FEW070 BKN140 21/14 A2970 RMK AO2 SLP055 T02060139
IAD,2023-06-17 01:52,10.00,10000.00,KIAD 170152Z 32008KT 10SM BKN100 20/14 A2973 RMK AO2 SLP065 T02000139
IAD,2023-06-17 02:52,10.00,10000.00,KIAD 170252Z 32010KT 10SM BKN100 21/13 A2975 RMK AO2 SLP072 T02060133 53021
IAD,2023-06-17 03:52,10.00,10000.00,KIAD 170352Z 33007KT 10SM SCT100 19/14 A2975 RMK AO2 SLP072 T01940139
IAD,2023-06-17 04:52,10.00,6000.00,KIAD 170452Z 31008KT 10SM FEW060 18/14 A2976 RMK AO2 SLP076 T01830139 402780128
IAD,2023-06-17 05:52,10.00,10000.00,KIAD 170552Z 32007KT 10SM FEW100 18/14 A2976 RMK AO2 SLP075 T01830139 10233 20178 50003
IAD,2023-06-17 06:52,10.00,M,KIAD 170652Z 32008KT 10SM CLR 18/14 A2975 RMK AO2 SLP073 T01780139
IAD,2023-06-17 07:52,10.00,M,KIAD 170752Z 32008KT 10SM CLR 17/13 A2977 RMK AO2 SLP077 T01720133
IAD,2023-06-17 08:52,10.00,5000.00,KIAD 170852Z 31005KT 10SM FEW050 16/13 A2978 RMK AO2 SLP083 T01610133 53007
IAD,2023-06-17 09:52,10.00,25000.00,KIAD 170952Z 29003KT 10SM FEW250 15/13 A2979 RMK AO2 SLP087 T01500128
IAD,2023-06-17 10:52,10.00,25000.00,KIAD 171052Z 28004KT 10SM FEW250 17/13 A2981 RMK AO2 SLP093 HZ FEW250 T01670133
IAD,2023-06-17 11:52,10.00,6000.00,KIAD 171152Z 29009KT 10SM FEW060 FEW250 19/13 A2982 RMK AO2 SLP097 HZ FEW250 70013 T01890133 10189 20150 52015
IAD,2023-06-17 12:52,10.00,3000.00,KIAD 171252Z 31016G22KT 10SM FEW030 21/14 A2984 RMK AO2 SLP103 T02110139
IAD,2023-06-17 13:52,8.00,3500.00,KIAD 171352Z 32016G24KT 8SM FEW035 22/13 A2984 RMK AO2 PK WND 30026/1332 SLP103 T02220128
IAD,2023-06-17 14:52,9.00,4000.00,KIAD 171452Z 33013G22KT 9SM FEW040 23/13 A2984 RMK AO2 SLP101 T02330128 50005
IAD,2023-06-17 15:52,8.00,4000.00,KIAD 171552Z 29013G23KT 8SM FEW040 24/13 A2983 RMK AO2 PK WND 30026/1528 SLP099 T02390133
IAD,2023-06-17 16:52,6.00,4500.00,KIAD 171652Z 31015G26KT 6SM HZ FEW045 26/12 A2982 RMK AO2 PK WND 30026/1649 SLP095 T02610122
IAD,2023-06-17 17:52,6.00,5500.00,KIAD 171752Z 32015G23KT 6SM HZ BKN055 BKN070 26/10 A2981 RMK AO2 PK WND 31026/1703 SLP090 T02610100 10272 20189 58011
IAD,2023-06-17 18:52,7.00,6000.00,KIAD 171852Z 31012G25KT 7SM BKN060 BKN090 27/09 A2979 RMK AO2 PK WND 33026/1827 SLP085 T02720094
IAD,2023-06-17 19:52,10.00,6500.00,KIAD 171952Z 30019G28KT 10SM SCT065 28/07 A2979 RMK AO2 PK WND 31028/1919 SLP084 T02780072
IAD,2023-06-17 20:52,10.00,8000.00,KIAD 172052Z 30013G21KT 10SM SCT080 28/07 A2979 RMK AO2 PK WND 31026/2006 SLP084 T02780072 56006
IAD,2023-06-17 21:52,10.00,8000.00,KIAD 172152Z 31010G20KT 10SM SCT080 BKN200 28/08 A2979 RMK AO2 SLP084 T02780083
IAD,2023-06-17 22:52,10.00,8500.00,KIAD 172252Z 29015KT 10SM FEW085 27/09 A2979 RMK AO2 SLP086 T02670089
IAD,2023-06-17 23:52,10.00,8000.00,KIAD 172352Z 30009KT 10SM FEW080 FEW200 26/09 A2982 RMK AO2 SLP094 T02560094 10289 20256 53010
IAD,2023-06-18 00:52,10.00,8000.00,KIAD 180052Z 27005KT 10SM FEW080 FEW200 24/10 A2984 RMK AO2 SLP102 T02390100
IAD,2023-06-18 01:52,10.00,7500.00,KIAD 180152Z 29005KT 10SM FEW075 22/11 A2987 RMK AO2 SLP110 T02170106
IAD,2023-06-18 02:52,10.00,7500.00,KIAD 180252Z 28008KT 10SM FEW075 21/10 A2987 RMK AO2 SLP113 T02110100 51018
IAD,2023-06-18 03:52,10.00,8000.00,KIAD 180352Z 28006KT 10SM FEW080 19/11 A2988 RMK AO2 SLP116 T01940106
IAD,2023-06-18 04:52,10.00,M,KIAD 180452Z 00000KT 10SM CLR 17/11 A2989 RMK AO2 SLP120 T01720106 402890150
IAD,2023-06-18 05:52,10.00,M,KIAD 180552Z 29006KT 10SM CLR 17/11 A2989 RMK AO2 SLP119 T01720106 10256 20144 50005
IAD,2023-06-18 06:52,10.00,M,KIAD 180652Z 32003KT 10SM CLR 17/11 A2989 RMK AO2 SLP120 T01720106
IAD,2023-06-18 07:52,10.00,M,KIAD 180752Z 32005KT 10SM CLR 15/11 A2989 RMK AO2 SLP119 T01500106
IAD,2023-06-18 08:52,10.00,M,KIAD 180852Z 00000KT 10SM CLR 16/10 A2989 RMK AO2 SLP120 T01560100 51001
IAD,2023-06-18 09:52,9.00,25000.00,KIAD 180952Z 00000KT 9SM FEW250 14/10 A2990 RMK AO2 SLP124 T01390100
IAD,2023-06-18 10:52,8.00,M,KIAD 181052Z 00000KT 8SM CLR 16/11 A2992 RMK AO2 SLP129 T01610111
IAD,2023-06-18 11:52,10.00,M,KIAD 181152Z 29005KT 10SM CLR 20/12 A2994 RMK AO2 SLP134 T02000117 10200 20122 53014
IAD,2023-06-18 12:52,10.00,M,KIAD 181252Z 33008KT 10SM CLR 23/11 A2994 RMK AO2 SLP137 T02280111
IAD,2023-06-18 13:52,10.00,M,KIAD 181352Z 31006KT 10SM CLR 25/11 A2993 RMK AO2 SLP132 T02500106
IAD,2023-06-18 14:52,10.00,M,KIAD 181452Z 32008KT 10SM CLR 26/08 A2994 RMK AO2 SLP137 T02610083 53002
IAD,2023-06-18 15:52,10.00,M,KIAD 181552Z 35007KT 10SM CLR 28/07 A2994 RMK AO2 SLP136 T02780067
IAD,2023-06-18 16:52,10.00,M,KIAD 181652Z 33007KT 10SM CLR 28/06 A2993 RMK AO2 SLP132 T02830061
IAD,2023-06-18 17:52,10.00,8000.00,KIAD 181752Z VRB05KT 10SM FEW080 29/05 A2991 RMK AO2 SLP124 T02890050 10294 20200 58013
IAD,2023-06-18 18:52,10.00,M,KIAD 181852Z VRB05KT 10SM CLR 29/06 A2990 RMK AO2 SLP122 T02940061
IAD,2023-06-18 19:52,10.00,M,KIAD 181952Z VRB06KT 10SM CLR 30/04 A2990 RMK AO2 SLP121 T03000044
IAD,2023-06-18 20:52,10.00,M,KIAD 182052Z VRB06KT 10SM CLR 30/07 A2990 RMK AO2 SLP122 T03000072 55002
IAD,2023-06-18 21:52,10.00,M,KIAD 182152Z 26007KT 10SM CLR 29/07 A2989 RMK AO2 SLP117 T02940072
IAD,2023-06-18 22:52,10.00,M,KIAD 182252Z VRB04KT 10SM CLR 29/08 A2988 RMK AO2 SLP115 T02890078
IAD,2023-06-18 23:52,10.00,M,KIAD 182352Z 22003KT 10SM CLR 27/09 A2989 RMK AO2 SLP118 T02720094 10306 20272 55004
IAD,2023-06-19 00:52,10.00,25000.00,KIAD 190052Z 10005KT 10SM FEW250 23/09 A2989 RMK AO2 SLP118 T02280094
IAD,2023-06-19 01:52,10.00,25000.00,KIAD 190152Z 12003KT 10SM FEW250 21/09 A2991 RMK AO2 SLP125 T02110089
IAD,2023-06-19 02:52,10.00,M,KIAD 190252Z 13004KT 10SM CLR 19/08 A2992 RMK AO2 SLP130 T01940083 53012
IAD,2023-06-19 03:52,10.00,M,KIAD 190352Z 16003KT 10SM CLR 17/09 A2994 RMK AO2 SLP134 T01720094
IAD,2023-06-19 04:52,10.00,M,KIAD 190452Z 00000KT 10SM CLR 17/09 A2995 RMK AO2 SLP137 T01670094 403060122
IAD,2023-06-19 05:52,10.00,M,KIAD 190552Z 00000KT 10SM CLR 16/10 A2995 RMK AO2 SLP138 T01610100 10272 20156 51008
IAD,2023-06-19 06:52,10.00,M,KIAD 190652Z 00000KT 10SM CLR 15/11 A2995 RMK AO2 SLP137 T01500106
IAD,2023-06-19 07:52,10.00,M,KIAD 190752Z 00000KT 10SM CLR 14/11 A2994 RMK AO2 SLP136 T01440111
IAD,2023-06-19 08:52,10.00,M,KIAD 190852Z 00000KT 10SM CLR 14/12 A2995 RMK AO2 SLP139 T01390117 53001
IAD,2023-06-19 09:52,9.00,25000.00,KIAD 190952Z 00000KT 9SM SCT250 15/12 A2996 RMK AO2 SLP144 T01500122
IAD,2023-06-19 10:52,10.00,25000.00,KIAD 191052Z 00000KT 10SM BKN250 16/13 A2998 RMK AO2 SLP149 T01610133
IAD,2023-06-19 11:52,10.00,25000.00,KIAD 191152Z 00000KT 10SM BKN250 21/14 A2999 RMK AO2 SLP153 T02110144 10217 20133 51014
IAD,2023-06-19 12:52,6.00,25000.00,KIAD 191252Z 00000KT 6SM HZ BKN250 24/15 A3000 RMK AO2 SLP155 T02390150
IAD,2023-06-19 13:52,6.00,6500.00,KIAD 191352Z 00000KT 6SM HZ SCT065 BKN120 BKN250 27/16 A2999 RMK AO2 SLP153 T02670161
IAD,2023-06-19 14:52,6.00,6500.00,KIAD 191452Z COR VRB04KT 6SM HZ SCT065 BKN120 BKN250 29/16 A2999 RMK AO2 SLP152 T02890156 58001
IAD,2023-06-19 15:52,6.00,25000.00,KIAD 191552Z 12009KT 6SM HZ BKN250 30/14 A2999 RMK AO2 SLP151 T03000144 $
IAD,2023-06-19 16:52,6.00,18000.00,KIAD 191652Z 16009KT 6SM HZ SCT180 BKN250 31/15 A2998 RMK AO2 SLP148 T03110150 $
IAD,2023-06-19 17:52,6.00,6000.00,KIAD 191752Z 15010G16KT 110V180 6SM HZ FEW060 SCT180 BKN250 31/16 A2996 RMK AO2 SLP141 T03110161 10317 20211 58010 $
IAD,2023-06-19 18:52,6.00,5000.00,KIAD 191852Z 11010G16KT 6SM HZ SCT050 BKN150 BKN250 31/18 A2994 RMK AO2 LTG DSNT S SLP135 T03110178 $
IAD,2023-06-19 19:52,6.00,5000.00,KIAD 191952Z 18012G18KT 6SM HZ BKN050CB BKN150 31/18 A2992 RMK AO2 LTG DSNT SW AND W SLP130 CB W MOV E T03110178 $
IAD,2023-06-19 20:52,7.00,5000.00,KIAD 192052Z 18005KT 7SM BKN050CB BKN150 29/16 A2994 RMK AO2 LTG DSNT SW-N SLP137 CB ALQDS MOV E T02890161 55004 $
IAD,2023-06-19 21:52,9.00,6500.00,KIAD 192152Z 15011G19KT 9SM SCT065CB BKN150 29/18 A2994 RMK AO2 LTG DSNT NW-NE SLP135 CB N MV E T02940183 $
IAD,2023-06-19 22:52,7.00,4000.00,KIAD 192252Z 09005KT 7SM FEW040CB BKN070 BKN150 27/19 A2996 RMK AO2 LTG DSNT SW SLP142 CB ALQDS MOV E T02720194 $
IAD,2023-06-19 23:52,7.00,5000.00,KIAD 192352Z 13007KT 7SM BKN050CB BKN150 27/21 A2997 RMK AO2 LTG DSNT NE AND E AND W SLP144 CB N MOV E T02720206 10322 20272 53007 $
IAD,2023-06-20 00:52,7.00,3800.00,KIAD 200052Z 22010KT 7SM SCT038 OVC060CB 24/17 A3000 RMK AO2 LTG DSNT N AND NW SLP155 CB ALQDS MOV NE T02390172 $
IAD,2023-06-20 01:52,10.00,6000.00,KIAD 200152Z 00000KT 10SM BKN060 OVC150 23/18 A3002 RMK AO2 LTG DSNT N SLP164 T02280178 $
IAD,2023-06-20 02:52,9.00,6000.00,KIAD 200252Z 02008G21KT 9SM -RA BKN060 BKN090 OVC120 22/19 A3003 RMK AO2 RAB08 SLP166 P0003 60003 T02170194 51021 $
IAD,2023-06-20 03:52,10.00,8500.00,KIAD 200352Z 32006KT 10SM FEW085 BKN120 21/19 A3004 RMK AO2 RAE0259 SLP169 P0000 T02110194 $
IAD,2023-06-20 04:52,10.00,8500.00,KIAD 200452Z 02005KT 10SM FEW085 BKN120 BKN180 22/19 A3003 RMK AO2 SLP167 T02170194 403220133 $
IAD,2023-06-20 05:52,10.00,11000.00,KIAD 200552Z 00000KT 10SM SCT110 BKN180 21/19 A3003 RMK AO2 SLP164 60003 T02110194 10272 20211 58001 $
IAD,2023-06-20 06:52,10.00,10000.00,KIAD 200652Z 00000KT 10SM SCT100 BKN140 21/19 A3003 RMK AO2 SLP164 T02060189 $
IAD,2023-06-20 07:52,10.00,10000.00,KIAD 200752Z 00000KT 10SM SCT100 BKN140 21/18 A3003 RMK AO2 SLP164 T02110178 $
IAD,2023-06-20 08:52,10.00,10000.00,KIAD 200852Z 12003KT 10SM FEW100 OVC130 21/18 A3003 RMK AO2 SLP168 T02110183 53003 $
IAD,2023-06-20 09:52,10.00,2700.00,KIAD 200952Z 08006KT 10SM BKN027 OVC120 22/19 A3006 RMK AO2 SLP176 T02170189 $
IAD,2023-06-20 10:52,5.00,2500.00,KIAD 201052Z 06007KT 5SM HZ SCT025 BKN038 OVC100 22/19 A3007 RMK AO2 SLP180 T02170189 $
IAD,2023-06-20 11:52,5.00,1800.00,KIAD 201152Z 07007KT 5SM BR SCT018 BKN030 OVC100 22/19 A3008 RMK AO2 RAB00E12 SLP182 P0000 60000 70003 T02170189 10217 20206 51015
IAD,2023-06-20 12:52,5.00,1500.00,KIAD 201252Z 08008KT 5SM HZ FEW015 SCT055 OVC120 23/19 A3008 RMK AO2 SLP183 T02280194
IAD,2023-06-20 13:52,10.00,3300.00,KIAD 201352Z 07009KT 10SM FEW033 BKN055 OVC100 25/19 A3008 RMK AO2 SLP184 T02500194
IAD,2023-06-20 14:52,10.00,2800.00,KIAD 201452Z 08011G16KT 10SM SCT028 BKN055 BKN110 26/18 A3009 RMK AO2 SLP186 T02610178 53004
IAD,2023-06-20 15:52,10.00,2800.00,KIAD 201552Z 10013G22KT 10SM BKN028 BKN040 BKN130 28/17 A3009 RMK AO2 SLP186 T02830172
IAD,2023-06-20 16:52,7.00,3300.00,KIAD 201652Z 08014G20KT 7SM BKN033 BKN055 BKN130 28/17 A3009 RMK AO2 SLP186 T02780172
IAD,2023-06-20 17:52,10.00,3000.00,KIAD 201752Z 10010G20KT 10SM BKN030 BKN055 OVC110 26/18 A3009 RMK AO2 SLP188 T02610183 10289 20217 53002
IAD,2023-06-20 18:52,10.00,3200.00,KIAD 201852Z 07014G21KT 10SM BKN032 OVC110 26/18 A3009 RMK AO2 SLP186 T02610183
IAD,2023-06-20 19:52,10.00,3200.00,KIAD 201952Z 08013G21KT 10SM BKN032 OVC120 27/18 A3009 RMK AO2 SLP185 T02670183
IAD,2023-06-20 20:52,10.00,3500.00,KIAD 202052Z 06011G21KT 10SM SCT035 OVC120 26/18 A3009 RMK AO2 SLP186 T02560178 55002
IAD,2023-06-20 21:52,10.00,3300.00,KIAD 202152Z 07012KT 10SM SCT033 OVC120 25/17 A3009 RMK AO2 SLP188 T02500167
IAD,2023-06-20 22:52,10.00,3300.00,KIAD 202252Z 08013G18KT 10SM SCT033 OVC120 24/16 A3010 RMK AO2 SLP190 T02440161
IAD,2023-06-20 23:52,10.00,3600.00,KIAD 202352Z 07006KT 10SM SCT036 OVC120 24/17 A3011 RMK AO2 SLP193 T02390167 10272 20239 53007
IAD,2023-06-21 00:52,10.00,4000.00,KIAD 210052Z 07009KT 10SM FEW040 SCT080 OVC140 23/17 A3011 RMK AO2 SLP192 T02280172
IAD,2023-06-21 01:52,10.00,4000.00,KIAD 210152Z 08008KT 10SM FEW040 SCT080 OVC140 23/16 A3012 RMK AO2 SLP197 T02280161
IAD,2023-06-21 02:52,10.00,14000.00,KIAD 210252Z 07006KT 10SM OVC140 22/16 A3013 RMK AO2 SLP200 T02220156 53007
IAD,2023-06-21 03:52,10.00,18000.00,KIAD 210352Z 06007KT 10SM OVC180 22/16 A3013 RMK AO2 SLP200 T02170156
IAD,2023-06-21 04:52,10.00,19000.00,KIAD 210452Z 05008KT 10SM OVC190 21/15 A3013 RMK AO2 SLP199 T02060150 402890206
IAD,2023-06-21 05:52,10.00,13000.00,KIAD 210552Z COR 05006KT 10SM SCT130 OVC190 21/16 A3012 RMK AO2 SLP198 T02060156 10239 20206 58002
IAD,2023-06-21 06:52,10.00,13000.00,KIAD 210652Z 04008KT 10SM SCT130 OVC190 20/16 A3011 RMK AO2 SLP193 T02000156
IAD,2023-06-21 07:52,10.00,2000.00,KIAD 210752Z 05008KT 10SM SCT020 BKN100 OVC190 20/16 A3010 RMK AO2 SLP191 T02000161
IAD,2023-06-21 08:52,10.00,2000.00,KIAD 210852Z 04009KT 10SM BKN020 OVC090 19/16 A3010 RMK AO2 SLP189 T01940156 56009
IAD,2023-06-21 09:52,10.00,1900.00,KIAD 210952Z 04008KT 10SM FEW019 BKN095 OVC190 19/15 A3011 RMK AO2 SLP194 T01940150
IAD,2023-06-21 10:52,6.00,2000.00,KIAD 211052Z 05009KT 6SM -RA BKN020 OVC055 19/16 A3012 RMK AO2 RAB32 SLP197 P0000 T01890156
IAD,2023-06-21 11:52,7.00,2000.00,KIAD 211152Z 04008KT 7SM -RA OVC020 18/16 A3013 RMK AO2 SLP202 P0001 60001 70001 T01830156 10200 20183 51012
IAD,2023-06-21 12:52,5.00,2000.00,KIAD 211252Z 04008KT 5SM -RA BR BKN020 OVC049 18/16 A3015 RMK AO2 SLP207 P0006 T01780156
IAD,2023-06-21 13:52,6.00,1800.00,KIAD 211352Z 03009KT 6SM -RA BR FEW018 BKN030 OVC110 18/16 A3015 RMK AO2 SLP208 P0004 T01780161
IAD,2023-06-21 14:52,6.00,1500.00,KIAD 211452Z 03008KT 6SM -RA BR BKN015 OVC100 18/16 A3016 RMK AO2 SLP211 P0004 60014 T01780156 51003
IAD,2023-06-21 15:52,5.00,1200.00,KIAD 211552Z 04011KT 5SM -RA BR BKN012 BKN015 OVC100 17/16 A3017 RMK AO2 SLP214 P0011 T01720156
IAD,2023-06-21 16:52,2.00,1200.00,KIAD 211652Z 03012G18KT 2SM -RA BR BKN012 OVC022 18/16 A3016 RMK AO2 SLP211 P0010 T01780161
IAD,2023-06-21 17:52,2.50,1000.00,KIAD 211752Z 04012KT 2 1/2SM -RA BR BKN010 BKN015 OVC022 18/16 A3015 RMK AO2 SLP209 P0008 60043 T01780161 10183 20172 58002
IAD,2023-06-21 18:52,2.50,1100.00,KIAD 211852Z 03014KT 2 1/2SM -RA BR BKN011 OVC033 18/16 A3014 RMK AO2 SLP205 P0003 T01780161
IAD,2023-06-21 19:52,2.00,1300.00,KIAD 211952Z 03011G19KT 2SM -RA BR SCT013 OVC022 18/16 A3013 RMK AO2 SLP202 P0005 T01780156
IAD,2023-06-21 20:52,2.50,900.00,KIAD 212052Z 04012KT 2 1/2SM -RA BR FEW009 BKN017 OVC024 18/16 A3012 RMK AO2 RAE22B32 SLP199 P0002 60010 T01780156 56006
IAD,2023-06-21 21:52,3.00,1000.00,KIAD 212152Z 06012KT 3SM -RA BR FEW010 BKN019 OVC036 17/15 A3012 RMK AO2 SLP197 P0003 T01720150
IAD,2023-06-21 22:52,4.00,1200.00,KIAD 212252Z 05012G24KT 4SM -RA BR FEW012 BKN015 OVC020 17/15 A3013 RMK AO2 SLP199 P0002 T01670150
IAD,2023-06-21 23:52,9.00,1100.00,KIAD 212352Z 04011G20KT 9SM SCT011 BKN018 OVC045 17/14 A3012 RMK AO2 RAE36 SLP198 P0002 60017 T01670144 10178 20161 56000
IAD,2023-06-22 00:52,8.00,1000.00,KIAD 220052Z 04013G18KT 8SM -RA FEW010 SCT019 OVC025 16/14 A3012 RMK AO2 RAB46 SLP197 P0000 T01610139
IAD,2023-06-22 01:52,6.00,900.00,KIAD 220152Z 03012KT 6SM -RA BR FEW009 BKN012 OVC022 16/14 A3012 RMK AO2 RAE0056B16 SLP199 P0001 T01560139
IAD,2023-06-22 02:52,6.00,800.00,KIAD 220252Z 04010KT 6SM -RA BR SCT008 OVC013 16/14 A3012 RMK AO2 SLP198 P0001 60002 T01560139 56001
IAD,2023-06-22 03:52,10.00,1000.00,KIAD 220352Z 03008KT 10SM -RA OVC010 15/13 A3011 RMK AO2 SLP195 P0000 T01500133
IAD,2023-06-22 04:52,4.00,800.00,KIAD 220452Z 02009KT 4SM -RA BR OVC008 15/14 A3010 RMK AO2 SLP193 P0001 T01500139 402060150
IAD,2023-06-22 05:52,4.00,800.00,KIAD 220552Z 01007KT 4SM BR OVC008 15/14 A3009 RMK AO2 RAE0455B13E52 SLP189 P0001 60004 T01500139 10167 20150 58009
IAD,2023-06-22 06:52,3.00,500.00,KIAD 220652Z 02008KT 3SM -RA BR OVC005 15/14 A3008 RMK AO2 RAB0557 SLP185 P0002 T01500139
IAD,2023-06-22 07:52,5.00,600.00,KIAD 220752Z 36006KT 5SM -RA BR OVC006 15/14 A3008 RMK AO2 SLP184 P0002 T01500139
IAD,2023-06-22 08:52,6.00,500.00,KIAD 220852Z 36008KT 6SM -RA BR OVC005 16/14 A3008 RMK AO2 RAE0757B44 SLP184 P0000 60004 T01560144 55004
IAD,2023-06-22 09:52,2.50,600.00,KIAD 220952Z 01009KT 2 1/2SM -RA BR BKN006 OVC011 16/14 A3008 RMK AO2 SLP186 P0002 T01560144
IAD,2023-06-22 10:52,1.50,500.00,KIAD 221052Z 35007KT 1 1/2SM R01R/6000VP6000FT -DZ BR OVC005 16/14 A3010 RMK AO2 RAE05B37E49DZB49 SLP191 P0001 T01560144
IAD,2023-06-22 11:52,1.75,400.00,KIAD 221152Z 35008KT 1 3/4SM R01R/5500VP6000FT -RA BR OVC004 16/14 A3011 RMK AO2 DZE35RAB35 SLP194 P0002 60009 70073 T01560144 10156 20150 53010
IAD,2023-06-22 12:52,1.50,400.00,KIAD 221252Z 36006KT 1 1/2SM R01R/5500VP6000FT -RA BR OVC004 16/15 A3012 RMK AO2 SLP198 P0001 T01610150
IAD,2023-06-22 13:52,1.50,400.00,KIAD 221352Z 02005KT 1 1/2SM BR OVC004 17/16 A3011 RMK AO2 RAE19 SLP195 P0001 T01670156
IAD,2023-06-22 14:52,4.00,900.00,KIAD 221452Z 06009KT 4SM BR BKN009 OVC014 17/16 A3012 RMK AO2 SLP199 60002 T01720161 53004
IAD,2023-06-22 15:52,9.00,700.00,KIAD 221552Z 06010KT 9SM BKN007 OVC014 18/16 A3011 RMK AO2 SLP196 T01830161
IAD,2023-06-22 16:52,5.00,700.00,KIAD 221652Z 05008KT 5SM BR BKN007 OVC010 18/16 A3011 RMK AO2 SLP194 T01830161
IAD,2023-06-22 17:52,4.00,700.00,KIAD 221752Z 06009KT 4SM BR BKN007 OVC015 18/17 A3009 RMK AO2 SLP188 60002 T01830167 10189 20156 58011
IAD,2023-06-22 18:52,6.00,900.00,KIAD 221852Z 05009KT 6SM BR OVC009 19/17 A3008 RMK AO2 SLP183 T01890167
IAD,2023-06-22 19:52,10.00,800.00,KIAD 221952Z 07009KT 10SM OVC008 18/17 A3007 RMK AO2 SLP181 T01830167
IAD,2023-06-22 20:52,9.00,800.00,KIAD 222052Z 07010KT 9SM OVC008 18/17 A3006 RMK AO2 SLP176 T01830167 58010
IAD,2023-06-22 21:52,10.00,900.00,KIAD 222152Z 07006KT 10SM OVC009 19/17 A3004 RMK AO2 SLP170 T01890172
IAD,2023-06-22 22:52,6.00,800.00,KIAD 222252Z 08009KT 6SM BR OVC008 19/17 A3004 RMK AO2 SLP169 T01890172
IAD,2023-06-22 23:52,2.00,600.00,KIAD 222352Z 08007KT 2SM BR OVC006 18/17 A3003 RMK AO2 SLP167 T01830172 10189 20183 56008
IAD,2023-06-23 00:52,2.00,700.00,KIAD 230052Z 07010KT 2SM RA BR OVC007 18/17 A3001 RMK AO2 RAB2359E16B44 SLP162 P0004 T01830172
IAD,2023-06-23 01:52,5.00,600.00,KIAD 230152Z 09007KT 5SM -RA BR OVC006 18/17 A3003 RMK AO2 RAE08B47 SLP166 P0001 T01830172
IAD,2023-06-23 02:52,3.00,500.00,KIAD 230252Z 08008G17KT 3SM BR OVC005 18/17 A3002 RMK AO2 RAE13B35E48 SLP162 P0002 60007 T01830172 56005
IAD,2023-06-23 03:52,2.50,400.00,KIAD 230352Z 08010G15KT 2 1/2SM -RA BR OVC004 18/17 A3001 RMK AO2 RAB47 SLP159 P0000 T01830172
IAD,2023-06-23 04:52,4.00,400.00,KIAD 230452Z 09008KT 4SM -RA BR OVC004 18/17 A2999 RMK AO2 RAE0356B47 SLP153 P0000 T01830172 401890150
IAD,2023-06-23 05:52,3.00,400.00,KIAD 230552Z VRB03KT 3SM BR BKN004 OVC010 18/17 A2998 RMK AO2 RAE37 SLP151 P0004 60011 T01830172 10183 20183 56011
IAD,2023-06-23 06:52,4.00,400.00,KIAD 230652Z 09010KT 4SM -RA BR OVC004 18/17 A2996 RMK AO2 RAB0557E37B45 SLP144 P0000 T01830172
IAD,2023-06-23 07:52,4.00,400.00,KIAD 230752Z 00000KT 4SM BR OVC004 18/18 A2996 RMK AO2 RAE41 SLP142 P0001 T01830178
IAD,2023-06-23 08:52,3.00,500.00,KIAD 230852Z 02004KT 3SM -RA BR OVC005 18/18 A2995 RMK AO2 RAB04 SLP139 P0003 60004 T01830178 56012
IAD,2023-06-23 09:52,4.00,500.00,KIAD 230952Z 01004KT 4SM -RA BR OVC005 19/18 A2996 RMK AO2 SLP143 P0006 T01890178
IAD,2023-06-23 10:52,4.00,500.00,KIAD 231052Z 03005KT 4SM BR OVC005 19/18 A2996 RMK AO2 LTG DSNT E RAE33 SLP144 P0002 T01890178
IAD,2023-06-23 11:52,2.00,300.00,KIAD 231152Z 02006KT 2SM BR OVC003 19/18 A2997 RMK AO2 RAB1055E30 SLP145 P0002 60014 70027 T01940183 10194 20183 51006
IAD,2023-06-23 12:52,2.00,400.00,KIAD 231252Z 05007KT 2SM -RA BR OVC004 19/19 A2997 RMK AO2 RAB33 SLP146 P0002 T01940189
IAD,2023-06-23 13:52,4.00,400.00,KIAD 231352Z 05004KT 4SM R01R/3500VP6000FT -RA BR OVC004 21/19 A2996 RMK AO2 RAE22B50 SLP144 P0001 T02060194
IAD,2023-06-23 14:52,3.00,400.00,KIAD 231452Z 05003KT 3SM -RA BR OVC004 21/20 A2996 RMK AO2 RAE25B39 SLP144 P0003 60006 T02060200 58001
IAD,2023-06-23 15:52,6.00,500.00,KIAD 231552Z 00000KT 6SM BR OVC005 22/21 A2995 RMK AO2 RAE33 SLP140 P0003 T02220206
IAD,2023-06-23 16:52,5.00,800.00,KIAD 231652Z 00000KT 5SM BR OVC008 23/21 A2994 RMK AO2 LTG DSNT E SLP135 T02330211
IAD,2023-06-23 17:52,6.00,700.00,KIAD 231752Z 32005KT 6SM BR OVC007 23/21 A2993 RMK AO2 SLP133 60009 T02280211 10233 20194 56010
IAD,2023-06-23 18:52,9.00,600.00,KIAD 231852Z 32007KT 9SM OVC006 23/21 A2992 RMK AO2 SLP129 T02280211
IAD,2023-06-23 19:52,10.00,700.00,KIAD 231952Z 31005KT 10SM BKN007 OVC015 24/21 A2991 RMK AO2 LTG DSNT E AND SE SLP126 CB DSNT E AND SE MOV N T02390211
IAD,2023-06-23 20:52,10.00,900.00,KIAD 232052Z 33007KT 10SM FEW009 BKN014 BKN065 BKN140 BKN250 26/22 A2990 RMK AO2 LTG DSNT NE AND E SLP121 CB DSNT NE-S MOV N T02610217 58012
IAD,2023-06-23 21:52,10.00,1500.00,KIAD 232152Z 34007KT 10SM FEW015 BKN023CB BKN060 25/21 A2988 RMK AO2 LTG DSNT NE AND SE SLP116 CB SE MOV N T02500211
IAD,2023-06-23 22:52,10.00,900.00,KIAD 232252Z 07005KT 10SM FEW009 BKN015CB BKN060 BKN130 BKN250 23/21 A2989 RMK AO2 SLP118 CB NE-S MOV N T02330211
IAD,2023-06-23 23:52,10.00,600.00,KIAD 232352Z 13005KT 10SM FEW006 SCT024 BKN055 BKN140 BKN190 BKN250 23/21 A2988 RMK AO2 SLP116 T02330211 10261 20222 56004
IAD,2023-06-24 00:52,10.00,600.00,KIAD 240052Z 12004KT 10SM FEW006 BKN021 BKN060 BKN130 BKN180 BKN250 22/21 A2988 RMK AO2 SLP117 T02220211
IAD,2023-06-24 01:52,10.00,600.00,KIAD 240152Z 00000KT 10SM FEW006 BKN011 BKN026 BKN130 BKN250 22/21 A2989 RMK AO2 SLP118 T02220211
IAD,2023-06-24 02:52,10.00,900.00,KIAD 240252Z 13003KT 10SM SCT009 BKN022 OVC039 22/21 A2989 RMK AO2 SLP119 T02220211 53002
IAD,2023-06-24 03:52,10.00,800.00,KIAD 240352Z 00000KT 10SM OVC008 22/21 A2988 RMK AO2 LTG DSNT SW AND W SLP117 T02220211
IAD,2023-06-24 04:52,10.00,600.00,KIAD 240452Z 12004KT 10SM OVC006 22/21 A2988 RMK AO2 SLP117 T02220211 402610183
IAD,2023-06-24 05:52,8.00,500.00,KIAD 240552Z 16005KT 8SM -RA OVC005 22/22 A2987 RMK AO2 LTG DSNT SW RAB11 SLP112 P0001 60001 T02220217 10233 20222 58007
IAD,2023-06-24 06:52,10.00,300.00,KIAD 240652Z 17003KT 10SM -RA SCT003 BKN016 OVC080 22/22 A2986 RMK AO2 SLP108 P0012 T02220217
IAD,2023-06-24 07:52,7.00,1400.00,KIAD 240752Z 00000KT 7SM -RA SCT014 BKN050 BKN110 22/21 A2984 RMK AO2 SLP103 P0002 T02220211
IAD,2023-06-24 08:52,6.00,1500.00,KIAD 240852Z 15003KT 6SM -RA BR BKN015 22/21 A2985 RMK AO2 SLP105 P0000 60014 T02170211 55007
IAD,2023-06-24 09:52,6.00,600.00,KIAD 240952Z 00000KT 6SM -RA BR SCT006 BKN016 OVC026 22/21 A2986 RMK AO2 RAE05B50 SLP107 P0000 T02170211
IAD,2023-06-24 10:52,2.50,400.00,KIAD 241052Z 31005KT 2 1/2SM BR SCT004 BKN016 OVC021 22/21 A2987 RMK AO2 RAE11 SLP112 TWR VIS 1/2 P0001 T02220211
IAD,2023-06-24 11:52,5.00,600.00,KIAD 241152Z 29005KT 5SM BR BKN006 OVC016 22/21 A2989 RMK AO2 SLP119 60015 70025 T02220211 10222 20217 53011
IAD,2023-06-24 12:52,10.00,1000.00,KIAD 241252Z 31008KT 10SM BR BKN010 OVC022 23/21 A2990 RMK AO2 SLP121 T02330211
IAD,2023-06-24 13:52,10.00,4800.00,KIAD 241352Z 30003KT 10SM BR BKN048 BKN140 26/21 A2989 RMK AO2 SLP120 T02560211
IAD,2023-06-24 14:52,10.00,2000.00,KIAD 241452Z 30006KT 10SM SCT020 BKN050 BKN150 26/20 A2990 RMK AO2 SLP120 T02610200 51002
IAD,2023-06-24 15:52,10.00,2800.00,KIAD 241552Z 33005KT 10SM BKN028 27/20 A2988 RMK AO2 SLP114 T02670200
IAD,2023-06-24 16:52,10.00,3400.00,KIAD 241652Z 30009KT 10SM BKN034 BKN068 28/19 A2987 RMK AO2 SLP112 T02780194
IAD,2023-06-24 17:52,10.00,3600.00,KIAD 241752Z VRB05KT 10SM SCT036 BKN085 29/19 A2985 RMK AO2 SLP106 T02890194 10289 20222 57014
IAD,2023-06-24 18:52,10.00,4000.00,KIAD 241852Z 24006KT 10SM SCT040TCU BKN086 BKN150 BKN250 29/19 A2984 RMK AO2 SLP101 TCU ALQDS T02890194
IAD,2023-06-24 19:52,5.00,4600.00,KIAD 241952Z 28011KT 5SM -RA BKN046CB BKN070 BKN150 BKN250 26/18 A2984 RMK AO2 RAB52 SLP102 CB N-OHD-SW MOV E P0000 T02610183
IAD,2023-06-24 20:52,10.00,2000.00,KIAD 242052Z 21004KT 10SM FEW020 SCT050 BKN070 BKN160 BKN250 27/21 A2983 RMK AO2 RAE07 SLP098 CB DSNT N-W MOV E P0007 60007 T02720206 56008
IAD,2023-06-24 21:52,10.00,5000.00,KIAD 242152Z 24004KT 10SM FEW050 SCT070 BKN150 BKN250 28/18 A2982 RMK AO2 SLP096 CB DSNT N-SW MOV E T02830178
IAD,2023-06-24 22:52,10.00,5000.00,KIAD 242252Z 28008KT 10SM FEW050 FEW070 BKN150 BKN250 29/18 A2982 RMK AO2 SLP095 T02940183
IAD,2023-06-24 23:52,10.00,6000.00,KIAD 242352Z 26006KT 10SM FEW060 SCT080 BKN160 BKN250 28/18 A2984 RMK AO2 SLP101 60007 T02830183 10300 20244 53003
IAD,2023-06-25 00:52,10.00,5500.00,KIAD 250052Z 21003KT 10SM FEW055 FEW080 BKN160 BKN250 25/19 A2984 RMK AO2 SLP101 CB DSNT N MOV E T02500189
IAD,2023-06-25 01:52,10.00,4500.00,KIAD 250152Z 25003KT 10SM FEW045 FEW160 SCT250 23/19 A2985 RMK AO2 SLP106 T02280189
IAD,2023-06-25 02:52,10.00,5000.00,KIAD 250252Z 28004KT 10SM SCT050 24/18 A2987 RMK AO2 SLP111 T02440183 53010
IAD,2023-06-25 03:52,10.00,7000.00,KIAD 250352Z 27004KT 10SM FEW070 SCT085 23/18 A2988 RMK AO2 SLP115 T02330183
IAD,2023-06-25 04:52,10.00,7000.00,KIAD 250452Z 00000KT 10SM SCT070 22/18 A2988 RMK AO2 SLP114 T02170183 403000217
IAD,2023-06-25 05:52,10.00,7000.00,KIAD 250552Z 00000KT 10SM FEW070 19/18 A2986 RMK AO2 SLP110 T01940183 10283 20194 58002
IAD,2023-06-25 06:52,10.00,10000.00,KIAD 250652Z 00000KT 10SM FEW100 19/18 A2985 RMK AO2 SLP106 T01940183
IAD,2023-06-25 07:52,10.00,10000.00,KIAD 250752Z 00000KT 10SM SCT100 19/18 A2985 RMK AO2 SLP104 T01940178
IAD,2023-06-25 08:52,10.00,12000.00,KIAD 250852Z 30004KT 10SM FEW120 20/18 A2985 RMK AO2 SLP104 T02000178 56005
IAD,2023-06-25 09:52,9.00,12000.00,KIAD 250952Z 31003KT 9SM FEW120 SCT250 20/18 A2986 RMK AO2 SLP109 T02000178
IAD,2023-06-25 10:52,10.00,12000.00,KIAD 251052Z 00000KT 10SM FEW120 SCT250 21/18 A2987 RMK AO2 SLP113 T02060178
IAD,2023-06-25 11:52,10.00,12000.00,KIAD 251152Z 31003KT 10SM FEW120 24/18 A2989 RMK AO2 SLP118 70007 T02440183 10244 20183 53015
IAD,2023-06-25 12:52,10.00,4000.00,KIAD 251252Z 32005KT 10SM FEW040 FEW140 26/19 A2989 RMK AO2 SLP118 T02610189
IAD,2023-06-25 13:52,10.00,3000.00,KIAD 251352Z 32009KT 10SM SCT030 SCT140 28/19 A2988 RMK AO2 SLP116 T02780189
IAD,2023-06-25 14:52,10.00,3000.00,KIAD 251452Z 31010G16KT 10SM FEW030 FEW140 28/18 A2986 RMK AO2 SLP109 T02830183 58009
IAD,2023-06-25 15:52,10.00,3000.00,KIAD 251552Z 32005KT 10SM SCT030 BKN170 30/18 A2986 RMK AO2 SLP109 T03000183
IAD,2023-06-25 16:52,10.00,4000.00,KIAD 251652Z 30008KT 10SM SCT040 BKN065 BKN150 30/17 A2986 RMK AO2 SLP108 T03000172
IAD,2023-06-25 17:52,10.00,4500.00,KIAD 251752Z 27007KT 230V300 10SM SCT045 BKN075 BKN160 BKN250 31/18 A2984 RMK AO2 SLP102 T03110178 10311 20239 58008
IAD,2023-06-25 18:52,10.00,6000.00,KIAD 251852Z VRB06KT 10SM BKN060TCU BKN080 BKN160 BKN250 32/18 A2983 RMK AO2 SLP097 TCU E-W T03170178
IAD,2023-06-25 19:52,10.00,5000.00,KIAD 251952Z 27009KT 10SM SCT050TCU SCT075 BKN150 BKN250 30/18 A2981 RMK AO2 SLP093 TCU ALQDS T03000183
IAD,2023-06-25 20:52,10.00,3800.00,KIAD 252052Z 27006KT 10SM FEW038 FEW070 SCT140 BKN180 BKN250 31/19 A2979 RMK AO2 RAB09E18 SLP086 P0000 60000 T03110189 58016
IAD,2023-06-25 21:52,10.00,5000.00,KIAD 252152Z VRB03KT 10SM FEW050 FEW070 SCT150 BKN250 31/18 A2978 RMK AO2 SLP081 T03110183
IAD,2023-06-25 22:52,10.00,5500.00,KIAD 252252Z 22006KT 10SM FEW055 FEW100 SCT160 BKN250 31/18 A2977 RMK AO2 SLP079 T03060183
IAD,2023-06-25 23:52,10.00,5000.00,KIAD 252352Z 20006KT 10SM FEW050 FEW100 SCT150 BKN250 29/19 A2977 RMK AO2 SLP078 60000 T02890189 10322 20289 56007 $
IAD,2023-06-26 00:52,10.00,6000.00,KIAD 260052Z 20003KT 10SM FEW060 FEW100 SCT150 BKN250 27/19 A2978 RMK AO2 SLP080 T02670189 $
IAD,2023-06-26 01:52,10.00,11000.00,KIAD 260152Z 16005KT 10SM FEW110 FEW250 26/19 A2979 RMK AO2 SLP083 T02610194 $
IAD,2023-06-26 02:52,10.00,11000.00,KIAD 260252Z 17006KT 10SM FEW110 26/20 A2978 RMK AO2 SLP082 T02610200 50004 $
IAD,2023-06-26 03:52,10.00,11000.00,KIAD 260352Z 17005KT 10SM FEW110 SCT200 26/21 A2978 RMK AO2 SLP080 T02560211 $
IAD,2023-06-26 04:52,10.00,9000.00,KIAD 260452Z 17006KT 10SM BKN090 BKN200 25/21 A2975 RMK AO2 SLP071 T02500211 403220183 $
IAD,2023-06-26 05:52,10.00,10000.00,KIAD 260552Z 20005KT 10SM FEW100 BKN160 25/21 A2973 RMK AO2 SLP064 T02500211 10289 20250 58017 $
IAD,2023-06-26 06:52,10.00,9000.00,KIAD 260652Z 17005KT 10SM BKN090 BKN200 24/21 A2972 RMK AO2 SLP060 T02440211 $
IAD,2023-06-26 07:52,10.00,10000.00,KIAD 260752Z 16004KT 10SM BKN100 BKN200 24/21 A2972 RMK AO2 SLP061 T02390211 $
IAD,2023-06-26 08:52,10.00,10000.00,KIAD 260852Z 15005KT 10SM BKN100 BKN200 23/21 A2970 RMK AO2 SLP054 T02330211 58011 $
IAD,2023-06-26 09:52,10.00,10000.00,KIAD 260952Z 17006KT 10SM BKN100 OVC200 23/21 A2971 RMK AO2 SLP056 T02330211 $
IAD,2023-06-26 10:52,10.00,10000.00,KIAD 261052Z 19005KT 10SM BKN100 OVC200 23/21 A2971 RMK AO2 SLP055 T02330211 $
IAD,2023-06-26 11:52,10.00,9000.00,KIAD 261152Z 19007KT 10SM BKN090 BKN250 24/21 A2973 RMK AO2 SLP062 T02440206 10250 20233 53008
IAD,2023-06-26 12:52,10.00,12000.00,KIAD 261252Z 19007KT 10SM FEW120 BKN250 26/21 A2972 RMK AO2 SLP061 T02610206
IAD,2023-06-26 13:52,10.00,6500.00,KIAD 261352Z 23010KT 10SM FEW065 FEW140 BKN250 28/21 A2972 RMK AO2 SLP061 T02830206
IAD,2023-06-26 14:52,10.00,6500.00,KIAD 261452Z 18006KT 10SM FEW065 BKN140 BKN200 29/20 A2971 RMK AO2 SLP056 T02890200 58006
IAD,2023-06-26 15:52,10.00,12000.00,KIAD 261552Z VRB03KT 10SM BKN120 BKN140 OVC250 30/19 A2969 RMK AO2 SLP051 T03000189
IAD,2023-06-26 16:52,10.00,6500.00,KIAD 261652Z 17005KT 10SM FEW065 BKN170 OVC220 29/21 A2970 RMK AO2 SLP052 T02940206
IAD,2023-06-26 17:52,10.00,6500.00,KIAD 261752Z 19010KT 10SM SCT065 BKN150 OVC200 29/20 A2969 RMK AO2 SLP049 T02890200 10306 20244 56007
IAD,2023-06-26 18:52,10.00,4700.00,KIAD 261852Z 17005KT 10SM FEW047 BKN150 BKN250 29/21 A2966 RMK AO2 SLP040 T02940206
IAD,2023-06-26 19:52,10.00,5000.00,KIAD 261952Z 19007KT 10SM FEW050 FEW120 FEW150 SCT250 31/19 A2964 RMK AO2 SLP032 T03110194
IAD,2023-06-26 20:52,10.00,5500.00,KIAD 262052Z 20014G21KT 10SM SCT055TCU SCT120 BKN150 BKN250 31/18 A2962 RMK AO2 SLP027 TCU NE-OHD-W T03110178 56021
IAD,2023-06-26 21:52,10.00,5500.00,KIAD 262152Z 23008KT 10SM SCT055TCU SCT070 BKN120 BKN160 BKN250 31/19 A2962 RMK AO2 SLP025 TCU NE-SW T03060189
IAD,2023-06-26 22:52,10.00,6000.00,KIAD 262252Z 22008KT 10SM FEW060 SCT120 SCT150 BKN200 BKN250 29/19 A2961 RMK AO2 SLP022 VIRGA W T02940194
IAD,2023-06-26 23:52,10.00,6000.00,KIAD 262352Z 21007KT 10SM FEW060 FEW120 SCT150 BKN200 BKN250 28/19 A2961 RMK AO2 SLP024 T02830194 10322 20283 55003
IAD,2023-06-27 00:52,10.00,7000.00,KIAD 270052Z 23009KT 10SM FEW070 FEW130 BKN150 BKN200 28/19 A2964 RMK AO2 SLP032 T02780189
IAD,2023-06-27 01:52,10.00,9000.00,KIAD 270152Z 22009G18KT 10SM FEW090 BKN120 BKN160 BKN200 BKN250 26/18 A2966 RMK AO2 SLP039 T02610178
IAD,2023-06-27 02:52,10.00,10000.00,KIAD 270252Z 20011KT 10SM BKN100 BKN130 24/17 A2966 RMK AO2 SLP040 OCNL LTG DSNT SE AND SW T02440167 51016
IAD,2023-06-27 03:52,10.00,14000.00,KIAD 270352Z 21008KT 10SM BKN140 24/17 A2967 RMK AO2 SLP044 OCNL LTG DSNT SE-S T02390167
IAD,2023-06-27 04:52,10.00,20000.00,KIAD 270452Z 20008KT 10SM BKN200 23/17 A2966 RMK AO2 SLP039 OCNL LTG DSNT S T02280172 403220228
IAD,2023-06-27 05:52,10.00,15000.00,KIAD 270552Z 18003KT 10SM BKN150 22/17 A2965 RMK AO2 SLP038 T02170172 10283 20217 58003
IAD,2023-06-27 06:52,10.00,11000.00,KIAD 270652Z 15005KT 10SM BKN110 22/17 A2966 RMK AO2 SLP042 T02170172
IAD,2023-06-27 07:52,10.00,11000.00,KIAD 270752Z 18006KT 10SM BKN110 21/18 A2965 RMK AO2 SLP036 T02060178
IAD,2023-06-27 08:52,10.00,11000.00,KIAD 270852Z 17004KT 10SM BKN110 20/18 A2965 RMK AO2 SLP038 T02000178 58000
IAD,2023-06-27 09:52,10.00,13000.00,KIAD 270952Z 18005KT 10SM BKN130 BKN250 20/18 A2967 RMK AO2 SLP045 T02000178
IAD,2023-06-27 10:52,10.00,12000.00,KIAD 271052Z VRB05KT 10SM SCT120 BKN150 BKN250 21/18 A2968 RMK AO2 SLP047 T02060183
IAD,2023-06-27 11:52,10.00,8000.00,KIAD 271152Z 19003KT 10SM FEW080 SCT120 BKN150 BKN250 22/18 A2968 RMK AO2 SLP046 T02170183 10217 20200 50008
IAD,2023-06-27 12:52,10.00,8000.00,KIAD 271252Z VRB04KT 10SM FEW080 SCT100 BKN140 BKN250 24/18 A2969 RMK AO2 SLP049 T02390183
IAD,2023-06-27 13:52,10.00,6000.00,KIAD 271352Z 00000KT 10SM FEW060 SCT080 BKN120 BKN160 BKN250 25/19 A2970 RMK AO2 SLP054 T02500189
IAD,2023-06-27 14:52,10.00,4500.00,KIAD 271452Z 00000KT 10SM FEW045 FEW080 BKN130 BKN160 BKN250 28/18 A2970 RMK AO2 SLP053 TCU DSNT W T02830183 50007
IAD,2023-06-27 15:52,10.00,4200.00,KIAD 271552Z VRB03KT 10SM BKN042TCU BKN060 BKN140 BKN250 29/18 A2969 RMK AO2 SLP049 TCU ALQDS T02940183
IAD,2023-06-27 16:52,10.00,4900.00,KIAD 271652Z 26005KT 10SM -RA BKN049CB BKN075 BKN100 BKN150 BKN250 27/18 A2967 RMK AO2 LTG DSNT E RAB45 SLP046 CB NE-OHD-SW AND NW MOV NE P0000 T02670183
IAD,2023-06-27 17:52,3.00,1500.00,KIAD 271752Z 34010G24KT 3SM -TSRA FEW015 BKN065CB BKN120 BKN160 BKN250 22/17 A2967 RMK AO2 PK WND 32034/1741 LTG DSNT SW-N RAE1657B30 TSB00 SLP044 CONS LTGICCG ALQDS TS ALQDS MOV NE P0024 60024 T02220172 10300 20211 56010
IAD,2023-06-27 18:52,10.00,3900.00,KIAD 271852Z VRB03KT 10SM FEW039 BKN060CB BKN110 OVC200 23/20 A2969 RMK AO2 LTG DSNT ALQDS RAE22 TSE46 SLP052 TS MOV NE CB ALQDS MOV E P0010 T02330200
IAD,2023-06-27 19:52,10.00,3700.00,KIAD 271952Z COR 23007KT 10SM FEW037 BKN060CB BKN110 26/19 A2968 RMK AO2 LTG DSNT NE-S CB NE-S MOV E SLP048 T02610189
IAD,2023-06-27 20:52,10.00,4000.00,KIAD 272052Z 29009KT 10SM SCT040 BKN100 BKN200 27/18 A2969 RMK AO2 SLP050 60010 T02720183 51006
IAD,2023-06-27 21:52,10.00,4000.00,KIAD 272152Z 30014KT 10SM BKN040 BKN100 27/18 A2969 RMK AO2 SLP051 T02670178 $
IAD,2023-06-27 22:52,10.00,4500.00,KIAD 272252Z 30011KT 10SM SCT045 BKN090 27/17 A2970 RMK AO2 RAB2155E36 SLP056 P0001 T02720167 $
IAD,2023-06-27 23:52,10.00,4500.00,KIAD 272352Z 31013G21KT 10SM FEW045 BKN090 BKN150 26/16 A2973 RMK AO2 LTG DSNT E SLP063 60011 T02610161 10278 20211 53014 $
IAD,2023-06-28 00:52,10.00,6500.00,KIAD 280052Z 29005KT 10SM BKN065 BKN095 24/17 A2977 RMK AO2 SLP076 T02440167 $
IAD,2023-06-28 01:52,10.00,7000.00,KIAD 280152Z 28007KT 10SM SCT070 SCT100 24/17 A2979 RMK AO2 SLP084 T02390167 $
IAD,2023-06-28 02:52,10.00,6500.00,KIAD 280252Z 29008KT 10SM BKN065 BKN080 23/16 A2980 RMK AO2 SLP086 T02330161 51024 $
IAD,2023-06-28 03:52,10.00,6500.00,KIAD 280352Z 29010KT 10SM BKN065 BKN080 22/16 A2982 RMK AO2 SLP092 T02220161 $
IAD,2023-06-28 04:52,10.00,6500.00,KIAD 280452Z 31011KT 10SM FEW065 BKN080 BKN095 22/16 A2981 RMK AO2 SLP092 T02220161 403000200 $
IAD,2023-06-28 05:52,10.00,9000.00,KIAD 280552Z 29009KT 10SM OVC090 22/16 A2980 RMK AO2 SLP089 T02170161 10256 20217 50002 $
IAD,2023-06-28 06:52,10.00,9000.00,KIAD 280652Z 31005KT 10SM SCT090 BKN250 21/16 A2981 RMK AO2 SLP091 T02060156 $
IAD,2023-06-28 07:52,10.00,9000.00,KIAD 280752Z 25004KT 10SM FEW090 SCT250 20/16 A2982 RMK AO2 SLP094 T02000156 $
IAD,2023-06-28 08:52,10.00,25000.00,KIAD 280852Z 28003KT 10SM SCT250 18/16 A2982 RMK AO2 SLP095 T01830156 51006 $
IAD,2023-06-28 09:52,9.00,8000.00,KIAD 280952Z 27004KT 9SM FEW080 SCT250 19/16 A2983 RMK AO2 SLP099 T01940156 $
IAD,2023-06-28 10:52,9.00,8000.00,KIAD 281052Z 11003KT 9SM FEW080 SCT250 19/16 A2985 RMK AO2 SLP106 T01890161 $
IAD,2023-06-28 11:52,9.00,9000.00,KIAD 281152Z 23004KT 9SM FEW090 BKN140 23/16 A2988 RMK AO2 SLP115 70035 T02280161 10228 20183 53019 $
IAD,2023-06-28 12:52,7.00,9500.00,KIAD 281252Z 29009KT 7SM SCT095 BKN140 23/16 A2989 RMK AO2 SLP117 T02330161
IAD,2023-06-28 13:52,6.00,3300.00,KIAD 281352Z 32011KT 6SM HZ BKN033 BKN045 24/17 A2990 RMK AO2 SLP121 T02390167
IAD,2023-06-28 14:52,6.00,3500.00,KIAD 281452Z 33006G17KT 6SM HZ FEW035 BKN060 BKN130 25/17 A2991 RMK AO2 SLP125 T02500167 53010
IAD,2023-06-28 15:52,5.00,3600.00,KIAD 281552Z 31012G21KT 5SM HZ FEW036 OVC060 24/15 A2991 RMK AO2 SLP126 T02440150
IAD,2023-06-28 16:52,6.00,3500.00,KIAD 281652Z 32013G22KT 6SM HZ FEW035 BKN060 BKN140 26/14 A2991 RMK AO2 SLP127 T02560144
IAD,2023-06-28 17:52,5.00,3800.00,KIAD 281752Z 31014G21KT 5SM HZ SCT038 BKN055 BKN080 26/15 A2991 RMK AO2 SLP127 T02560150 10261 20228 51002
IAD,2023-06-28 18:52,5.00,3900.00,KIAD 281852Z 32012KT 5SM HZ FEW039 BKN050 25/15 A2992 RMK AO2 SLP129 T02500150
IAD,2023-06-28 19:52,4.00,4200.00,KIAD 281952Z 31012KT 4SM HZ FEW042 BKN055 26/16 A2992 RMK AO2 SLP128 T02560156
IAD,2023-06-28 20:52,4.00,4200.00,KIAD 282052Z 30014G20KT 4SM HZ FEW042 SCT060 27/15 A2991 RMK AO2 SLP124 T02670150 58003
IAD,2023-06-28 21:52,4.00,4600.00,KIAD 282152Z 32013KT 4SM HZ FEW046 SCT060 26/15 A2991 RMK AO2 SLP125 T02560150
IAD,2023-06-28 22:52,4.00,4300.00,KIAD 282252Z 33010KT 4SM HZ FEW043 FEW065 FEW250 26/15 A2993 RMK AO2 SLP131 T02560150
IAD,2023-06-28 23:52,4.00,25000.00,KIAD 282352Z 32007KT 4SM HZ SCT250 24/15 A2995 RMK AO2 SLP137 T02440150 10272 20244 53014
IAD,2023-06-29 00:52,4.00,25000.00,KIAD 290052Z 32004KT 4SM HZ SCT250 23/15 A2996 RMK AO2 SLP143 T02280150
IAD,2023-06-29 01:52,5.00,4300.00,KIAD 290152Z 33006KT 5SM HZ FEW043 FEW250 23/15 A2998 RMK AO2 SLP148 T02280150
IAD,2023-06-29 02:52,5.00,4300.00,KIAD 290252Z 33008KT 5SM HZ FEW043 FEW250 22/14 A3000 RMK AO2 SLP155 T02220144 53017
IAD,2023-06-29 03:52,5.00,4500.00,KIAD 290352Z 34006KT 5SM HZ FEW045 BKN250 22/14 A3001 RMK AO2 SLP159 T02170139
IAD,2023-06-29 04:52,5.00,25000.00,KIAD 290452Z 28003KT 5SM HZ FEW250 18/14 A3002 RMK AO2 SLP161 T01830144 402720183
IAD,2023-06-29 05:52,5.00,5000.00,KIAD 290552Z 32003KT 5SM HZ FEW050 17/14 A3001 RMK AO2 SLP160 T01720144 10244 20167 50005
IAD,2023-06-29 06:52,5.00,5000.00,KIAD 290652Z 00000KT 5SM HZ OVC050 17/14 A3000 RMK AO2 SLP158 T01670139
IAD,2023-06-29 07:52,5.00,5000.00,KIAD 290752Z 00000KT 5SM BR OVC050 15/13 A3001 RMK AO2 SLP160 T01500133
IAD,2023-06-29 08:52,4.00,4700.00,KIAD 290852Z 28003KT 4SM BR OVC047 15/13 A3002 RMK AO2 SLP164 T01500133 53004
IAD,2023-06-29 09:52,4.00,4900.00,KIAD 290952Z 32003KT 4SM BR OVC049 16/13 A3004 RMK AO2 SLP172 T01560133
IAD,2023-06-29 10:52,3.00,4000.00,KIAD 291052Z 00000KT 3SM BR OVC040 16/14 A3007 RMK AO2 SLP180 T01610144
IAD,2023-06-29 11:52,4.00,3400.00,KIAD 291152Z 32005KT 4SM HZ OVC034 20/16 A3008 RMK AO2 SLP183 T02000156 10200 20139 51020
IAD,2023-06-29 12:52,3.00,2800.00,KIAD 291252Z 00000KT 3SM HZ OVC028 22/16 A3010 RMK AO2 SLP189 T02220156
IAD,2023-06-29 13:52,2.50,2700.00,KIAD 291352Z 00000KT 2 1/2SM HZ BKN027 OVC033 24/15 A3009 RMK AO2 SLP185 T02440150
IAD,2023-06-29 14:52,2.50,2800.00,KIAD 291452Z 27003KT 2 1/2SM HZ OVC028 26/14 A3008 RMK AO2 SLP184 T02560144 56004
IAD,2023-06-29 15:52,2.00,3100.00,KIAD 291552Z VRB03KT 2SM HZ OVC031 27/14 A3008 RMK AO2 SLP183 T02720144
IAD,2023-06-29 16:52,2.00,3800.00,KIAD 291652Z VRB03KT 2SM HZ SCT038 28/13 A3007 RMK AO2 SLP178 T02830128
IAD,2023-06-29 17:52,2.00,3600.00,KIAD 291752Z 27008KT 2SM HZ BKN036 29/14 A3006 RMK AO2 SLP175 T02940139 10294 20200 58009
IAD,2023-06-29 18:52,2.00,3000.00,KIAD 291852Z VRB05KT 2SM HZ BKN030 29/13 A3004 RMK AO2 SLP171 T02940133
IAD,2023-06-29 19:52,2.50,3000.00,KIAD 291952Z 25005KT 2 1/2SM HZ BKN030 30/13 A3002 RMK AO2 SLP163 T03000128
IAD,2023-06-29 20:52,2.50,3200.00,KIAD 292052Z VRB05KT 2 1/2SM HZ BKN032 30/13 A3001 RMK AO2 SLP160 T03000128 56014
IAD,2023-06-29 21:52,2.50,3200.00,KIAD 292152Z 23005KT 2 1/2SM HZ BKN032 29/13 A3001 RMK AO2 SLP160 T02940128
IAD,2023-06-29 22:52,3.00,3300.00,KIAD 292252Z 22006KT 3SM HZ SCT033 28/13 A3003 RMK AO2 SLP167 T02830133
IAD,2023-06-29 23:52,2.00,3100.00,KIAD 292352Z 17003KT 2SM HZ OVC031 27/14 A3003 RMK AO2 SLP166 T02670144 10300 20267 50005
IAD,2023-06-30 00:52,2.50,3000.00,KIAD 300052Z 17004KT 2 1/2SM HZ BKN030 BKN120 24/16 A3002 RMK AO2 SLP164 T02440156
IAD,2023-06-30 01:52,3.00,3400.00,KIAD 300152Z 17003KT 3SM HZ FEW034 SCT120 22/16 A3004 RMK AO2 SLP169 T02170156
IAD,2023-06-30 02:52,4.00,M,KIAD 300252Z 16005KT 4SM HZ CLR 22/16 A3003 RMK AO2 SLP167 T02220161 50001
IAD,2023-06-30 03:52,5.00,M,KIAD 300352Z 17004KT 5SM HZ CLR 22/15 A3003 RMK AO2 SLP165 T02220150
IAD,2023-06-30 04:52,5.00,M,KIAD 300452Z 22003KT 5SM HZ CLR 21/16 A3004 RMK AO2 SLP170 T02060156 403000139
IAD,2023-06-30 05:52,5.00,M,KIAD 300552Z 18005KT 5SM HZ CLR 21/16 A3003 RMK AO2 SLP166 T02110161 10261 20194 58001
IAD,2023-06-30 06:52,5.00,M,KIAD 300652Z 18005KT 5SM HZ CLR 21/17 A3003 RMK AO2 SLP165 T02110172
IAD,2023-06-30 07:52,5.00,5000.00,KIAD 300752Z 16004KT 5SM HZ FEW050 21/18 A3001 RMK AO2 SLP159 T02060178
IAD,2023-06-30 08:52,5.00,5000.00,KIAD 300852Z 20005KT 5SM BR FEW050 20/18 A3001 RMK AO2 SLP161 T02000178 55005
IAD,2023-06-30 09:52,4.00,6500.00,KIAD 300952Z 19003KT 4SM BR OVC065 19/18 A3004 RMK AO2 SLP169 T01940178
IAD,2023-06-30 10:52,4.00,6500.00,KIAD 301052Z 16006KT 4SM BR BKN065 21/18 A3004 RMK AO2 SLP171 T02060183
IAD,2023-06-30 11:52,4.00,6000.00,KIAD 301152Z 18007KT 4SM HZ BKN060 BKN150 22/19 A3005 RMK AO2 SLP172 T02170189 10217 20194 51011
IAD,2023-06-30 12:52,4.00,6500.00,KIAD 301252Z 18009KT 4SM HZ BKN065 BKN150 24/19 A3005 RMK AO2 SLP174 T02440194
IAD,2023-06-30 13:52,4.00,25000.00,KIAD 301352Z 19008KT 4SM HZ SCT250 27/19 A3004 RMK AO2 SLP171 T02670194
IAD,2023-06-30 14:52,5.00,11000.00,KIAD 301452Z 21009KT 5SM HZ SCT110 28/19 A3003 RMK AO2 SLP167 T02830194 58005
IAD,2023-06-30 15:52,5.00,4000.00,KIAD 301552Z 19009KT 5SM HZ FEW040 BKN080 30/19 A3003 RMK AO2 SLP164 T03000194
IAD,2023-06-30 16:52,5.00,4500.00,KIAD 301652Z VRB04KT 5SM HZ BKN045 BKN060 BKN130 29/19 A3001 RMK AO2 SLP159 T02940189
IAD,2023-06-30 17:52,6.00,4900.00,KIAD 301752Z 28006KT 6SM HZ BKN049 BKN090 31/18 A3000 RMK AO2 SLP155 T03060183 10317 20217 58011 $
IAD,2023-06-30 18:52,8.00,4600.00,KIAD 301852Z 27005KT 8SM BKN046CB OVC090 29/19 A3000 RMK AO2 LTG DSNT SW SLP155 CB SW MOV E T02940189 $
IAD,2023-06-30 19:52,5.00,2500.00,KIAD 301952Z 22003KT 5SM HZ SCT025 BKN045CB OVC090 26/22 A3000 RMK AO2 PK WND 25027/1915 RAB06E49 TSB19E36 SLP156 TS MOV E CB NE MOV E P0034 T02560222 $
IAD,2023-06-30 20:52,10.00,4700.00,KIAD 302052Z 26004KT 10SM BKN047 OVC085 27/22 A2999 RMK AO2 LTG DSNT NE AND E SLP154 60034 T02720217 58002 $
IAD,2023-06-30 21:52,10.00,9000.00,KIAD 302152Z 00000KT 10SM BKN090 OVC150 28/21 A2999 RMK AO2 LTG DSNT E AND SE SLP153 T02780206 $
IAD,2023-06-30 22:52,10.00,4200.00,KIAD 302252Z 09010KT 10SM BKN042 OVC075 24/21 A3000 RMK AO2 RAB10E30 SLP157 P0000 T02440211 $
IAD,2023-06-30 23:52,8.00,2400.00,KIAD 302352Z 13006KT 8SM FEW024 BKN041CB OVC090 24/22 A3003 RMK AO2 RAB25E39 SLP164 CB SW MOV E P0000 60034 T02440217 10306 20233 53010 $
IAD,2023-07-01 00:52,10.00,4500.00,KIAD 010052Z 14005KT 10SM BKN045 OVC070 24/21 A3003 RMK AO2 SLP165 T02390206 $
IAD,2023-07-01 01:52,7.00,4700.00,KIAD 010152Z 15004KT 7SM FEW047 OVC090 23/21 A3004 RMK AO2 SLP170 T02330211 $
IAD,2023-07-01 02:52,8.00,4700.00,KIAD 010252Z 18004KT 8SM FEW047 BKN095 23/21 A3003 RMK AO2 SLP166 T02330206 50003 $
IAD,2023-07-01 03:52,7.00,9000.00,KIAD 010352Z 17003KT 7SM OVC090 23/21 A3003 RMK AO2 SLP166 T02280211 $
IAD,2023-07-01 04:52,7.00,6000.00,KIAD 010452Z 18004KT 7SM BKN060 OVC090 23/21 A3002 RMK AO2 SLP162 T02330211 403170194 $
IAD,2023-07-01 05:52,6.00,5500.00,KIAD 010552Z 16004KT 6SM SCT055 BKN070 23/21 A3002 RMK AO2 SLP160 T02280206 10244 20228 58006 $
IAD,2023-07-01 06:52,6.00,3600.00,KIAD 010652Z 16005KT 6SM HZ SCT036 BKN045 BKN070 22/19 A3001 RMK AO2 SLP159 T02220194 $
IAD,2023-07-01 07:52,8.00,3200.00,KIAD 010752Z 18005KT 8SM FEW032 BKN070 OVC080 22/19 A3000 RMK AO2 SLP155 T02220189 $
IAD,2023-07-01 08:52,8.00,4000.00,KIAD 010852Z 13003KT 8SM BKN040 BKN085 22/19 A3001 RMK AO2 SLP158 T02170189 55003 $
IAD,2023-07-01 09:52,5.00,1800.00,KIAD 010952Z 13003KT 5SM BR SCT018 BKN070 21/19 A3001 RMK AO2 SLP160 T02110194 $
IAD,2023-07-01 10:52,6.00,1500.00,KIAD 011052Z 00000KT 6SM HZ BKN015 BKN110 22/19 A3002 RMK AO2 SLP162 T02220194 $
IAD,2023-07-01 11:52,6.00,1600.00,KIAD 011152Z 16005KT 6SM HZ OVC016 23/19 A3003 RMK AO2 SLP164 70034 T02280189 10228 20211 53006 $
IAD,2023-07-01 12:52,6.00,1300.00,KIAD 011252Z 17004KT 6SM HZ OVC013 24/19 A3003 RMK AO2 SLP166 T02390194 $
IAD,2023-07-01 13:52,5.00,1400.00,KIAD 011352Z 00000KT 5SM HZ OVC014 25/20 A3003 RMK AO2 SLP164 T02500200 $
IAD,2023-07-01 14:52,5.00,1600.00,KIAD 011452Z VRB04KT 5SM HZ OVC016 26/21 A3001 RMK AO2 SLP160 T02610211 58004 $
IAD,2023-07-01 15:52,6.00,2000.00,KIAD 011552Z 27004KT 6SM HZ OVC020 26/21 A3002 RMK AO2 SLP162 T02610211 $
IAD,2023-07-01 16:52,6.00,2200.00,KIAD 011652Z 00000KT 6SM HZ BKN022 28/22 A3000 RMK AO2 SLP156 T02830217 $
IAD,2023-07-01 17:52,6.00,2800.00,KIAD 011752Z 00000KT 6SM HZ BKN028 30/23 A2997 RMK AO2 SLP146 T03000228 10300 20228 58013 $
IAD,2023-07-01 18:52,6.00,3200.00,KIAD 011852Z 19006KT 6SM HZ BKN032 BKN130 BKN250 30/22 A2995 RMK AO2 SLP139 T03000222 $
IAD,2023-07-01 19:52,7.00,3500.00,KIAD 011952Z 15007KT 7SM BKN035TCU BKN048 BKN180 BKN250 31/22 A2993 RMK AO2 LTG DSNT S SLP133 TCU OHD T03060222 $
IAD,2023-07-01 20:52,7.00,3600.00,KIAD 012052Z 15007KT 7SM SCT036TCU SCT050 BKN160 BKN250 30/22 A2990 RMK AO2 LTG DSNT SW SLP120 TCU NE-SE T03000222 58026 $
IAD,2023-07-01 21:52,7.00,3200.00,KIAD 012152Z 16007KT 7SM TS BKN032CB BKN042 BKN150 BKN250 29/23 A2991 RMK AO2 LTG DSNT ALQDS TSB46 SLP124 FRQ LTGIC S-SW TS S-SW MOV NE CB W-NW T02890228 $
IAD,2023-07-01 22:52,8.00,3300.00,KIAD 012252Z 17004KT 8SM -TSRA SCT033CB SCT080 BKN110 BKN160 BKN250 23/22 A2990 RMK AO2 PK WND 18028/2208 WSHFT 2205 LTG DSNT NW-E RAB18 SLP123 OCNL LTGICCG SE-OHD-W TS SE-OHD-W MOV NE P0022 T02330222 $
IAD,2023-07-01 23:52,10.00,3200.00,KIAD 012352Z 16003KT 10SM FEW032 FEW044 BKN130 BKN160 BKN250 24/23 A2990 RMK AO2 LTG DSNT N RAE21 TSE34 SLP123 CB DSNT N-E MOV NE P0000 60022 T02440228 10311 20233 50002 $
IAD,2023-07-02 00:52,10.00,4800.00,KIAD 020052Z 19004KT 10SM FEW048 SCT120 BKN150 BKN200 BKN250 24/22 A2991 RMK AO2 SLP126 T02390222 $
IAD,2023-07-02 01:52,10.00,700.00,KIAD 020152Z 19010KT 10SM FEW007 BKN090 BKN150 BKN200 BKN250 24/22 A2993 RMK AO2 SLP132 T02390222 $
IAD,2023-07-02 02:52,9.00,7000.00,KIAD 020252Z 25005KT 9SM -RA FEW070 OVC110 23/22 A2993 RMK AO2 RAB27 SLP132 P0000 60000 T02330222 50008 $
IAD,2023-07-02 03:52,9.00,11000.00,KIAD 020352Z 17003KT 9SM FEW110 OVC130 23/22 A2992 RMK AO2 RAE01 SLP130 P0000 T02280217 $
IAD,2023-07-02 04:52,9.00,8500.00,KIAD 020452Z 13003KT 9SM FEW085 SCT110 BKN200 23/22 A2991 RMK AO2 SLP126 T02280217 403110211 $
IAD,2023-07-02 05:52,7.00,9000.00,KIAD 020552Z 15004KT 7SM FEW090 OVC250 22/21 A2989 RMK AO2 SLP116 60000 T02220211 10244 20222 58014 $
IAD,2023-07-02 06:52,7.00,400.00,KIAD 020652Z 19004KT 7SM OVC004 23/22 A2987 RMK AO2 SLP112 T02280217 $
IAD,2023-07-02 07:52,7.00,400.00,KIAD 020752Z 17004KT 7SM OVC004 23/22 A2986 RMK AO2 SLP109 T02280222 $
IAD,2023-07-02 08:52,8.00,600.00,KIAD 020852Z 18005KT 8SM OVC006 23/22 A2987 RMK AO2 SLP111 T02330222 55005 $
IAD,2023-07-02 09:52,9.00,600.00,KIAD 020952Z 18004KT 9SM OVC006 23/22 A2988 RMK AO2 SLP114 T02280217 $
IAD,2023-07-02 10:52,8.00,600.00,KIAD 021052Z 17004KT 8SM OVC006 23/22 A2989 RMK AO2 SLP117 T02280222 $
IAD,2023-07-02 11:52,9.00,500.00,KIAD 021152Z 16003KT 9SM OVC005 23/22 A2989 RMK AO2 SLP118 70022 T02330222 10233 20222 51006 $
IAD,2023-07-02 12:52,10.00,700.00,KIAD 021252Z 20003KT 10SM BKN007 24/22 A2989 RMK AO2 SLP120 T02440222 $
IAD,2023-07-02 13:52,10.00,1100.00,KIAD 021352Z 17004KT 10SM BKN011 BKN250 27/23 A2989 RMK AO2 SLP120 T02720228 $
IAD,2023-07-02 14:52,10.00,15000.00,KIAD 021452Z VRB05KT 10SM FEW150 BKN250 28/22 A2990 RMK AO2 SLP120 T02780222 51002 $
IAD,2023-07-02 15:52,10.00,2500.00,KIAD 021552Z 16003KT 10SM FEW025 SCT090 BKN140 BKN250 28/23 A2990 RMK AO2 SLP121 T02830228 $
IAD,2023-07-02 16:52,10.00,2500.00,KIAD 021652Z 22006KT 10SM FEW025 FEW080 SCT140 BKN200 BKN250 29/23 A2989 RMK AO2 SLP118 CB DSNT SW-NW MOV NE T02940228 $
IAD,2023-07-02 17:52,10.00,3000.00,KIAD 021752Z 16005KT 10SM FEW030 FEW080 BKN140 BKN200 BKN250 29/22 A2987 RMK AO2 LTG DSNT N AND NW SLP112 CB DSNT NW MOV NE T02940222 10311 20233 58007 $
IAD,2023-07-02 18:52,10.00,4000.00,KIAD 021852Z COR 20005KT 10SM FEW040 BKN080 OVC120 32/23 A2986 RMK AO2 RAB20E31 SLP108 P0000 T03170233 $
IAD,2023-07-02 19:52,10.00,4000.00,KIAD 021952Z 19006KT 10SM FEW040 SCT060 BKN120 BKN200 32/23 A2984 RMK AO2 SLP102 T03220228 $
IAD,2023-07-02 20:52,10.00,4400.00,KIAD 022052Z 17011G16KT 10SM FEW044 BKN080 BKN200 32/23 A2983 RMK AO2 SLP097 60000 T03220233 58015 $
IAD,2023-07-02 21:52,10.00,5000.00,KIAD 022152Z 22009G17KT 10SM FEW050 BKN080 BKN200 33/23 A2981 RMK AO2 SLP089 T03330233 $
IAD,2023-07-02 22:52,10.00,4800.00,KIAD 022252Z COR 21011G17KT 10SM FEW048 SCT080 BKN200 32/21 A2980 RMK AO2 SLP086 T03170206
IAD,2023-07-02 23:52,10.00,10000.00,KIAD 022352Z 21007KT 10SM FEW100 SCT200 31/22 A2980 RMK AO2 SLP087 60000 T03110217 10339 20294 55009 $
IAD,2023-07-03 00:52,10.00,6000.00,KIAD 030052Z 21004KT 10SM FEW060 FEW100 SCT200 28/22 A2981 RMK AO2 SLP091 T02830222 $
IAD,2023-07-03 01:52,10.00,10000.00,KIAD 030152Z 20004KT 10SM FEW100 FEW200 28/22 A2983 RMK AO2 SLP098 T02780217 $
IAD,2023-07-03 02:52,10.00,10000.00,KIAD 030252Z 19006KT 10SM FEW100 BKN200 28/23 A2984 RMK AO2 SLP099 T02780228 51012 $
IAD,2023-07-03 03:52,10.00,10000.00,KIAD 030352Z 21007KT 10SM SCT100 BKN200 27/23 A2985 RMK AO2 SLP105 T02720233 $
IAD,2023-07-03 04:52,10.00,10000.00,KIAD 030452Z 20007KT 10SM BKN100 BKN220 27/23 A2985 RMK AO2 SLP103 T02670233 403390222 $
IAD,2023-07-03 05:52,10.00,10000.00,KIAD 030552Z 22007KT 10SM BKN100 OVC210 27/23 A2984 RMK AO2 SLP100 T02670228 10311 20267 50001 $
IAD,2023-07-03 06:52,10.00,10000.00,KIAD 030652Z 17004KT 10SM SCT100 BKN190 OVC210 26/23 A2985 RMK AO2 SLP103 T02560228 $
IAD,2023-07-03 07:52,10.00,10000.00,KIAD 030752Z 00000KT 10SM SCT100 BKN190 OVC210 24/22 A2985 RMK AO2 SLP103 T02390222 $
IAD,2023-07-03 08:52,10.00,7500.00,KIAD 030852Z 00000KT 10SM SCT075 SCT100 23/21 A2983 RMK AO2 SLP098 T02280211 58003 $
IAD,2023-07-03 09:52,10.00,7500.00,KIAD 030952Z 21003KT 10SM BKN075 BKN150 23/21 A2986 RMK AO2 PRESRR SLP106 T02280211 $
IAD,2023-07-03 10:52,10.00,7500.00,KIAD 031052Z 00000KT 10SM -RA BKN075 BKN130 BKN250 24/22 A2986 RMK AO2 RAB29 SLP109 P0000 T02440222 $
IAD,2023-07-03 11:52,10.00,12000.00,KIAD 031152Z 00000KT 10SM BKN120 BKN180 BKN250 26/22 A2987 RMK AO2 RAE00B16E27 SLP109 P0000 60000 T02610222 10267 20217 51012
IAD,2023-07-03 12:52,10.00,12000.00,KIAD 031252Z 00000KT 10SM BKN120 BKN240 27/22 A2990 RMK AO2 SLP120 T02670222
IAD,2023-07-03 13:52,10.00,4400.00,KIAD 031352Z 00000KT 10SM FEW044 BKN120 BKN240 27/23 A2990 RMK AO2 RAB22E44 SLP122 P0000 T02720228
IAD,2023-07-03 14:52,10.00,12000.00,KIAD 031452Z 32006KT 10SM SCT120 BKN150 BKN250 30/20 A2991 RMK AO2 SLP123 60000 T03000200 51014
IAD,2023-07-03 15:52,10.00,3300.00,KIAD 031552Z 00000KT 10SM FEW033 SCT120 BKN240 31/19 A2990 RMK AO2 SLP122 T03110194
IAD,2023-07-03 16:52,10.00,3300.00,KIAD 031652Z 34005KT 10SM FEW033 BKN140 BKN230 32/18 A2989 RMK AO2 SLP118 T03170183
IAD,2023-07-03 17:52,10.00,3800.00,KIAD 031752Z VRB06KT 10SM FEW038 BKN150 BKN250 32/19 A2989 RMK AO2 SLP118 60000 T03220194 10339 20261 56005
IAD,2023-07-03 18:52,10.00,4600.00,KIAD 031852Z 21006KT 10SM BKN046 BKN080 32/19 A2987 RMK AO2 LTG DSNT SW SLP112 T03170194
IAD,2023-07-03 19:52,10.00,3900.00,KIAD 031952Z 22007KT 10SM FEW039CB BKN065 BKN200 33/21 A2985 RMK AO2 LTG DSNT S SLP103 CB S MOV E P0000 T03280206
IAD,2023-07-03 20:52,10.00,4000.00,KIAD 032052Z 20009KT 10SM FEW040CB BKN080 BKN200 32/23 A2985 RMK AO2 LTG DSNT E-SW SLP103 CB S MOV E 60000 T03170228 55015
IAD,2023-07-03 21:52,10.00,1600.00,KIAD 032152Z 17007KT 10SM FEW016 SCT039CB BKN100 BKN200 31/21 A2983 RMK AO2 LTG DSNT E AND SE RAB20E31 SLP096 CB ALQDS MOV E P0000 T03060211
IAD,2023-07-03 22:52,10.00,2300.00,KIAD 032252Z 18005KT 10SM FEW023 BKN038CB BKN100 BKN200 28/22 A2984 RMK AO2 LTG DSNT SW AND W SLP102 CB ALQDS MOV E T02830222
IAD,2023-07-03 23:52,10.00,3900.00,KIAD 032352Z 19012KT 10SM SCT039CB BKN100 BKN200 28/23 A2985 RMK AO2 LTG DSNT ALQDS SLP103 CB ALQDS MOV E 60000 T02780228 10333 20278 55000
IAD,2023-07-04 00:52,10.00,4100.00,KIAD 040052Z 19005KT 10SM FEW041CB BKN080 BKN200 26/23 A2985 RMK AO2 LTG DSNT W-N RAB2354E09 SLP103 CB ALQDS MOV E P0000 T02610228
IAD,2023-07-04 01:52,10.00,1200.00,KIAD 040152Z VRB06KT 10SM TS FEW012 BKN031CB BKN065 BKN200 27/23 A2989 RMK AO2 TSB21 SLP118 FRQ LTGICCG W-N TS W-N MOV E T02670228
IAD,2023-07-04 02:52,7.00,3500.00,KIAD 040252Z 10005KT 7SM +TSRA SCT035CB BKN075 OVC080 22/21 A2989 RMK AO2 PK WND 30028/0223 RAB0157 SLP118 FRQ LTGICCG OHD TS OHD MOV NE P0067 60067 T02170206 51015
IAD,2023-07-04 03:52,9.00,8000.00,KIAD 040352Z 18004KT 9SM -RA SCT080 BKN100 OVC120 22/22 A2990 RMK AO2 RAE13B46 TSE13 SLP120 OCNL LTG DSNT E-SE P0001 T02220217
IAD,2023-07-04 04:52,10.00,7000.00,KIAD 040452Z 15003KT 10SM SCT070 OVC100 23/22 A2991 RMK AO2 RAE40 SLP123 OCNL LTG DSNT E AND SE P0009 T02280217 403390211
IAD,2023-07-04 05:52,10.00,6000.00,KIAD 040552Z 00000KT 10SM FEW060 23/22 A2990 RMK AO2 SLP123 60077 T02280217 10278 20211 50005
IAD,2023-07-04 06:52,10.00,11000.00,KIAD 040652Z 00000KT 10SM FEW110 22/21 A2991 RMK AO2 SLP126 T02220211
IAD,2023-07-04 07:52,10.00,M,KIAD 040752Z 16003KT 10SM CLR 22/21 A2990 RMK AO2 SLP122 T02170211
IAD,2023-07-04 08:52,10.00,3000.00,KIAD 040852Z 00000KT 10SM FEW030 FEW080 22/21 A2990 RMK AO2 SLP121 T02170211 58002
IAD,2023-07-04 09:52,7.00,3000.00,KIAD 040952Z 00000KT 7SM FEW030 FEW080 21/21 A2991 RMK AO2 SLP125 T02110206
IAD,2023-07-04 10:52,7.00,8000.00,KIAD 041052Z 00000KT 7SM FEW080 FEW180 23/22 A2993 RMK AO2 SLP131 T02280217
IAD,2023-07-04 11:52,10.00,8500.00,KIAD 041152Z 00000KT 10SM FEW085 SCT220 24/22 A2995 RMK AO2 SLP137 70077 T02440222 10244 20206 53016
IAD,2023-07-04 12:52,10.00,6500.00,KIAD 041252Z 29008KT 10SM SCT065 SCT140 28/21 A2996 RMK AO2 SLP140 T02780211
IAD,2023-07-04 13:52,10.00,3500.00,KIAD 041352Z 28006KT 10SM FEW035 SCT085 BKN120 BKN200 28/21 A2996 RMK AO2 SLP142 T02830211
IAD,2023-07-04 14:52,10.00,4000.00,KIAD 041452Z 29007KT 270V330 10SM FEW040 BKN080 BKN130 29/21 A2997 RMK AO2 SLP144 T02940211 51007
IAD,2023-07-04 15:52,10.00,3300.00,KIAD 041552Z 30009G15KT 10SM FEW033 BKN110 31/21 A2996 RMK AO2 SLP143 T03060211
IAD,2023-07-04 16:52,10.00,3300.00,KIAD 041652Z 31008KT 260V350 10SM FEW033 BKN090 BKN160 31/21 A2996 RMK AO2 SLP141 T03110206
IAD,2023-07-04 17:52,10.00,4000.00,KIAD 041752Z 28008G18KT 10SM SCT040 BKN100 BKN250 32/20 A2995 RMK AO2 SLP138 T03170200 10317 20244 58005
IAD,2023-07-04 18:52,10.00,5500.00,KIAD 041852Z 28010KT 10SM SCT055CB BKN080 BKN120 BKN250 32/21 A2994 RMK AO2 SLP135 CB S-SW AND NW MOV SE T03170206
IAD,2023-07-04 19:52,10.00,4700.00,KIAD 041952Z 30013G16KT 10SM SCT047CB BKN080 BKN110 BKN250 31/20 A2994 RMK AO2 SLP135 CB N-S AND DSNT SW-W MOV SE T03110200
IAD,2023-07-04 20:52,10.00,5000.00,KIAD 042052Z 29011KT 10SM FEW050 SCT080 BKN110 BKN150 BKN250 30/18 A2994 RMK AO2 RAB1954E05 SLP133 CB DSNT N-SW MOV SE P0000 60000 T03000183 56005
IAD,2023-07-04 21:52,10.00,5500.00,KIAD 042152Z 29010KT 10SM FEW055 FEW080 SCT110 BKN180 BKN250 31/19 A2992 RMK AO2 SLP129 T03110194
IAD,2023-07-04 22:52,10.00,5500.00,KIAD 042252Z 29008KT 10SM FEW055 FEW080 FEW110 SCT200 BKN250 31/21 A2993 RMK AO2 SLP130 T03060206
IAD,2023-07-04 23:52,10.00,5000.00,KIAD 042352Z 32008KT 10SM FEW050 FEW110 FEW120 SCT180 BKN250 30/20 A2995 RMK AO2 SLP140 60000 T03000200 10333 20300 53006
IAD,2023-07-05 00:52,10.00,11000.00,KIAD 050052Z 31005KT 10SM FEW110 SCT180 BKN250 28/19 A2996 RMK AO2 SLP143 T02830194
IAD,2023-07-05 01:52,10.00,9500.00,KIAD 050152Z 31005KT 10SM SCT095 SCT200 BKN250 27/20 A2998 RMK AO2 SLP149 T02720200
IAD,2023-07-05 02:52,10.00,10000.00,KIAD 050252Z 28003KT 10SM SCT100 27/20 A2999 RMK AO2 SLP150 T02670200 51010
IAD,2023-07-05 03:52,10.00,10000.00,KIAD 050352Z 00000KT 10SM FEW100 26/21 A3000 RMK AO2 SLP154 T02560206
IAD,2023-07-05 04:52,6.00,M,KIAD 050452Z 00000KT 6SM HZ CLR 24/21 A3001 RMK AO2 SLP159 T02390211 403330206
IAD,2023-07-05 05:52,6.00,M,KIAD 050552Z 00000KT 6SM HZ CLR 23/21 A3000 RMK AO2 SLP156 T02280206 10300 20228 50006
IAD,2023-07-05 06:52,9.00,25000.00,KIAD 050652Z 00000KT 9SM SCT250 22/20 A2999 RMK AO2 SLP152 T02170200
IAD,2023-07-05 07:52,10.00,25000.00,KIAD 050752Z 00000KT 10SM SCT250 22/21 A2998 RMK AO2 SLP150 T02220206
IAD,2023-07-05 08:52,8.00,25000.00,KIAD 050852Z 00000KT 8SM BKN250 22/20 A2998 RMK AO2 SLP149 T02170200 56007
IAD,2023-07-05 09:52,10.00,25000.00,KIAD 050952Z 35004KT 10SM BKN250 23/20 A2999 RMK AO2 SLP152 T02330200
IAD,2023-07-05 10:52,10.00,5500.00,KIAD 051052Z 31004KT 10SM FEW055 BKN150 BKN250 24/20 A3002 RMK AO2 SLP161 T02390200
IAD,2023-07-05 11:52,10.00,4500.00,KIAD 051152Z 31004KT 10SM FEW045 SCT170 BKN250 25/20 A3002 RMK AO2 SLP163 T02500200 10250 20206 51014
IAD,2023-07-05 12:52,10.00,16000.00,KIAD 051252Z 32005KT 10SM SCT160 BKN250 27/21 A3002 RMK AO2 SLP163 T02720206
IAD,2023-07-05 13:52,10.00,16000.00,KIAD 051352Z 31005KT 10SM FEW160 BKN250 30/21 A3001 RMK AO2 SLP160 T03000211
IAD,2023-07-05 14:52,10.00,200.00,KIAD 051452Z 34007KT 10SM FEW002 SCT160 BKN250 31/22 A3002 RMK AO2 SLP161 FU FEWOO2 T03110217 55002
IAD,2023-07-05 15:52,10.00,4000.00,KIAD 051552Z 30004KT 10SM FEW040 SCT070 BKN250 32/21 A3001 RMK AO2 SLP160 T03170211
IAD,2023-07-05 16:52,10.00,4500.00,KIAD 051652Z 00000KT 10SM SCT045TCU BKN065 BKN250 32/21 A3001 RMK AO2 SLP160 TCU OHD T03170211
IAD,2023-07-05 17:52,10.00,4500.00,KIAD 051752Z 00000KT 10SM SCT045TCU BKN070 BKN250 32/21 A3001 RMK AO2 SLP157 TCU ALQDS VIRGA N T03170206 10328 20250 58003
IAD,2023-07-05 18:52,10.00,4500.00,KIAD 051852Z 33008KT 10SM BKN045CB BKN070 BKN250 31/21 A3000 RMK AO2 LTG DSNT NE AND E RAB1758E10 SLP155 CB ALQDS MOV STNRY P0000 T03060206
IAD,2023-07-05 19:52,10.00,4500.00,KIAD 051952Z 31003KT 10SM TS SCT045CB BKN080 BKN120 BKN150 BKN250 30/21 A3000 RMK AO2 LTG DSNT NE-SE TSB23 SLP155 OCNL LTGICCG E-S TS E-S MOV STNRY TCU ALQDS T03000211
IAD,2023-07-05 20:52,10.00,5000.00,KIAD 052052Z 11005KT 10SM FEW050TCU SCT080 BKN130 BKN160 BKN250 31/21 A2996 RMK AO2 LTG DSNT SE TSE24 SLP143 TCU ALQDS 60000 T03060211 58014
IAD,2023-07-05 21:52,10.00,5000.00,KIAD 052152Z 11007KT 10SM FEW050 FEW120 SCT160 BKN250 32/20 A2995 RMK AO2 SLP137 TCU DSNT ALQDS T03170200
IAD,2023-07-05 22:52,10.00,5500.00,KIAD 052252Z 14005KT 10SM FEW055 FEW100 SCT150 SCT250 31/20 A2994 RMK AO2 SLP136 T03060200
IAD,2023-07-05 23:52,10.00,5000.00,KIAD 052352Z 13006KT 10SM FEW050 FEW110 SCT250 30/21 A2995 RMK AO2 SLP138 60000 T03000206 10322 20289 55005
IAD,2023-07-06 00:52,10.00,11000.00,KIAD 060052Z 12004KT 10SM FEW110 FEW140 SCT250 27/22 A2995 RMK AO2 SLP138 T02720217
IAD,2023-07-06 01:52,10.00,6000.00,KIAD 060152Z 13003KT 10SM FEW060 FEW110 SCT250 26/22 A2997 RMK AO2 SLP146 T02610217
IAD,2023-07-06 02:52,10.00,6000.00,KIAD 060252Z 00000KT 10SM FEW060 FEW110 SCT250 26/22 A2999 RMK AO2 SLP150 T02560217 53012
IAD,2023-07-06 03:52,10.00,11000.00,KIAD 060352Z 00000KT 10SM FEW110 24/22 A2998 RMK AO2 SLP149 T02440217
IAD,2023-07-06 04:52,10.00,24000.00,KIAD 060452Z 00000KT 10SM BKN240 25/22 A2998 RMK AO2 SLP147 T02500217 403280206
IAD,2023-07-06 05:52,10.00,10000.00,KIAD 060552Z 00000KT 10SM BKN100 BKN250 23/21 A2996 RMK AO2 SLP143 T02330211 10294 20228 58007
IAD,2023-07-06 06:52,10.00,10000.00,KIAD 060652Z 00000KT 10SM FEW100 23/21 A2996 RMK AO2 SLP141 T02280211
IAD,2023-07-06 07:52,10.00,20000.00,KIAD 060752Z 00000KT 10SM FEW200 23/21 A2995 RMK AO2 SLP138 T02280211
IAD,2023-07-06 08:52,10.00,20000.00,KIAD 060852Z 00000KT 10SM SCT200 22/21 A2994 RMK AO2 SLP135 T02220206 58007
IAD,2023-07-06 09:52,10.00,10000.00,KIAD 060952Z 00000KT 10SM FEW100 FEW250 22/21 A2994 RMK AO2 SLP135 T02220206
IAD,2023-07-06 10:52,10.00,11000.00,KIAD 061052Z 30003KT 10SM FEW110 FEW250 24/22 A2995 RMK AO2 SLP137 T02390222
IAD,2023-07-06 11:52,10.00,12000.00,KIAD 061152Z 00000KT 10SM FEW120 FEW250 26/23 A2995 RMK AO2 SLP139 T02610228 10261 20217 53004
IAD,2023-07-06 12:52,10.00,12000.00,KIAD 061252Z 00000KT 10SM FEW120 FEW250 29/23 A2995 RMK AO2 SLP139 T02940233
IAD,2023-07-06 13:52,10.00,4000.00,KIAD 061352Z 00000KT 10SM FEW040 FEW120 BKN250 31/22 A2995 RMK AO2 SLP139 T03060222
IAD,2023-07-06 14:52,10.00,3700.00,KIAD 061452Z 00000KT 10SM FEW037 BKN070 BKN130 BKN250 32/22 A2995 RMK AO2 SLP138 T03170222 58001
IAD,2023-07-06 15:52,10.00,4800.00,KIAD 061552Z 00000KT 10SM SCT048TCU BKN065 BKN120 31/21 A2993 RMK AO2 LTG DSNT N AND E SLP132 TCU ALQDS T03110206
IAD,2023-07-06 16:52,10.00,3300.00,KIAD 061652Z COR 10015G21KT 10SM TS SCT033CB BKN044 BKN110 26/19 A2994 RMK AO2 PK WND 09026/1636 WSHFT 1616 RAB23E34 SLP136 TSB36 OCNL LTG ICCA TS OHD MOV E P0000 T02560194
IAD,2023-07-06 17:52,10.00,4400.00,KIAD 061752Z 00000KT 10SM FEW044TCU SCT080 BKN150 27/22 A2992 RMK AO2 RAB02E40 TSE34 SLP127 TS MOV NE TCU ALQDS P0005 60005 T02720222 10322 20239 58012
IAD,2023-07-06 18:52,10.00,5000.00,KIAD 061852Z 07007KT 10SM FEW050TCU FEW100 SCT160 29/24 A2990 RMK AO2 SLP122 TCU ALQDS T02940239
IAD,2023-07-06 19:52,10.00,4400.00,KIAD 061952Z 12011KT 10SM FEW044TCU FEW100 SCT200 31/23 A2988 RMK AO2 LTG DSNT S AND SW SLP114 TCU ALQDS T03110228
IAD,2023-07-06 20:52,10.00,4400.00,KIAD 062052Z 14007KT 10SM FEW044TCU SCT100 SCT200 32/21 A2986 RMK AO2 SLP109 TCU SW T03170211 57017
IAD,2023-07-06 21:52,10.00,4400.00,KIAD 062152Z VRB05KT 10SM FEW044TCU FEW100 SCT200 32/21 A2986 RMK AO2 SLP107 TCU S T03170206
IAD,2023-07-06 22:52,10.00,4700.00,KIAD 062252Z 16008KT 10SM FEW047 FEW100 SCT200 31/22 A2985 RMK AO2 SLP105 T03060217
IAD,2023-07-06 23:52,10.00,4700.00,KIAD 062352Z 17004KT 10SM FEW047 FEW100 SCT200 29/21 A2986 RMK AO2 SLP108 T02890206 10317 20272 55001
IAD,2023-07-07 00:52,10.00,5000.00,KIAD 070052Z 15003KT 10SM FEW050 SCT100 SCT200 26/21 A2987 RMK AO2 SLP110 T02610211
IAD,2023-07-07 01:52,10.00,20000.00,KIAD 070152Z 14003KT 10SM FEW200 24/22 A2987 RMK AO2 SLP111 T02440217
IAD,2023-07-07 02:52,10.00,5000.00,KIAD 070252Z 00000KT 10SM FEW050 24/22 A2988 RMK AO2 SLP114 T02440217 53006
IAD,2023-07-07 03:52,10.00,5000.00,KIAD 070352Z 00000KT 10SM R01R/3000VP6000FT BKN050 24/22 A2988 RMK AO2 SLP114 T02440222
IAD,2023-07-07 04:52,10.00,5500.00,KIAD 070452Z 00000KT 10SM SCT055 24/22 A2987 RMK AO2 SLP112 T02440222 403220217
IAD,2023-07-07 05:52,10.00,25000.00,KIAD 070552Z 15003KT 10SM SCT250 23/22 A2985 RMK AO2 SLP106 T02330217 10289 20228 58009
IAD,2023-07-07 06:52,10.00,25000.00,KIAD 070652Z 00000KT 10SM BKN250 23/22 A2985 RMK AO2 SLP105 T02280217
IAD,2023-07-07 07:52,9.00,25000.00,KIAD 070752Z 15003KT 9SM BKN250 22/22 A2985 RMK AO2 SLP103 T02220217
IAD,2023-07-07 08:52,9.00,25000.00,KIAD 070852Z 00000KT 9SM BKN250 23/22 A2985 RMK AO2 SLP105 T02280217 55000
IAD,2023-07-07 09:52,7.00,10000.00,KIAD 070952Z 00000KT 7SM FEW100 SCT250 22/21 A2986 RMK AO2 SLP108 T02170206
IAD,2023-07-07 10:52,7.00,10000.00,KIAD 071052Z 29004KT 7SM FEW100 SCT250 24/22 A2987 RMK AO2 SLP111 T02390222
IAD,2023-07-07 11:52,10.00,16000.00,KIAD 071152Z 00000KT 10SM FEW160 SCT250 26/23 A2987 RMK AO2 SLP111 70005 T02610228 10261 20217 51006
IAD,2023-07-07 12:52,10.00,17000.00,KIAD 071252Z 00000KT 10SM FEW170 SCT250 29/23 A2988 RMK AO2 SLP113 T02890228
IAD,2023-07-07 13:52,10.00,4500.00,KIAD 071352Z 00000KT 10SM FEW045 SCT160 BKN250 29/22 A2988 RMK AO2 SLP114 T02940217
IAD,2023-07-07 14:52,10.00,4500.00,KIAD 071452Z VRB04KT 10SM FEW045 SCT160 SCT250 31/22 A2988 RMK AO2 SLP113 T03060222 50001
IAD,2023-07-07 15:52,10.00,4500.00,KIAD 071552Z 00000KT 10SM FEW045 SCT160 BKN250 32/21 A2987 RMK AO2 LTG DSNT NE AND E SLP110 T03170211
IAD,2023-07-07 16:52,10.00,4000.00,KIAD 071652Z VRB03KT 10SM FEW040TCU SCT160 BKN250 33/21 A2985 RMK AO2 LTG DSNT E SLP105 TCU OHD T03280211
IAD,2023-07-07 17:52,10.00,4500.00,KIAD 071752Z VRB04KT 10SM FEW045TCU BKN085 BKN250 34/22 A2984 RMK AO2 LTG DSNT E AND SE SLP101 TCU OHD T03390217 10339 20261 58012
IAD,2023-07-07 18:52,10.00,5000.00,KIAD 071852Z 05005KT 10SM BKN050CB BKN075 BKN120 BKN250 33/21 A2983 RMK AO2 LTG DSNT SE SLP097 CB N-S AND OHD MOV SE T03280211
IAD,2023-07-07 19:52,10.00,4300.00,KIAD 071952Z 11010G21KT 10SM TS BKN043CB BKN065 BKN120 BKN250 30/21 A2982 RMK AO2 LTG DSNT NE-S TSB12 SLP094 OCNL LTGICCG NE-S TS NE-S MOV SE TCU ALQDS VCSH T03000211
IAD,2023-07-07 20:52,10.00,4500.00,KIAD 072052Z 17007KT 10SM FEW045CB SCT070 SCT120 BKN150 BKN250 31/23 A2981 RMK AO2 TSE06 SLP092 CB N AND NW MOV SE TCU W T03110233 56008
IAD,2023-07-07 21:52,10.00,5000.00,KIAD 072152Z 17003KT 10SM FEW050 SCT080 SCT130 BKN150 BKN250 30/22 A2982 RMK AO2 SLP094 TCU DSNT SW-NW T03000222
IAD,2023-07-07 22:52,10.00,5000.00,KIAD 072252Z 11003KT 10SM FEW050TCU FEW100 SCT150 BKN250 29/23 A2983 RMK AO2 SLP096 TCU SW-NW T02890228
IAD,2023-07-07 23:52,10.00,6000.00,KIAD 072352Z 17007KT 10SM BKN060CB BKN080 BKN120 BKN160 BKN250 28/23 A2983 RMK AO2 LTG DSNT SW AND W SLP096 CB N AND S-NW MOV SE TCU ALQDS T02830228 10344 20283 51004
IAD,2023-07-08 00:52,3.00,3200.00,KIAD 080052Z 20005KT 3SM TSRA FEW032 BKN045CB BKN090 BKN150 BKN250 26/23 A2984 RMK AO2 LTG DSNT W RAB35 TSB05 SLP100 FRQ LTGICCG OHD AND SW-NW TS OHD AND SW-NW MOV SE P0007 T02560228
IAD,2023-07-08 01:52,10.00,5500.00,KIAD 080152Z VRB05KT 10SM TS SCT055CB BKN100 BKN150 BKN250 25/23 A2985 RMK AO2 LTG DSNT ALQDS RAE08B38E48 SLP105 OCNL LTGICCG SE-W TS SE-W MOV SE P0001 T02500233
IAD,2023-07-08 02:52,10.00,5500.00,KIAD 080252Z 00000KT 10SM BKN055 BKN100 24/23 A2986 RMK AO2 LTG DSNT NW TSE18 SLP107 60008 T02390228 51011
IAD,2023-07-08 03:52,10.00,5000.00,KIAD 080352Z 00000KT 10SM BKN050 BKN110 24/23 A2987 RMK AO2 LTG DSNT W SLP110 T02440228
IAD,2023-07-08 04:52,10.00,8000.00,KIAD 080452Z 29005KT 10SM BKN080 24/23 A2986 RMK AO2 SLP109 T02440228 403440217
IAD,2023-07-08 05:52,10.00,7000.00,KIAD 080552Z 00000KT 10SM BKN070 24/23 A2986 RMK AO2 LTG DSNT S SLP109 60008 T02390228 10283 20239 51002
IAD,2023-07-08 06:52,10.00,7500.00,KIAD 080652Z 36005KT 10SM BKN075 25/22 A2985 RMK AO2 SLP105 T02500222
IAD,2023-07-08 07:52,10.00,7500.00,KIAD 080752Z 01005KT 10SM BKN075 25/22 A2986 RMK AO2 SLP107 T02500222
IAD,2023-07-08 08:52,10.00,8000.00,KIAD 080852Z 34003KT 10SM BKN080 24/22 A2985 RMK AO2 SLP106 T02390217 56003
IAD,2023-07-08 09:52,10.00,10000.00,KIAD 080952Z 31004KT 10SM SCT100 23/22 A2986 RMK AO2 SLP107 T02330217
IAD,2023-07-08 10:52,10.00,6500.00,KIAD 081052Z 33007KT 10SM FEW065 SCT110 BKN200 24/22 A2987 RMK AO2 SLP111 T02390217
IAD,2023-07-08 11:52,10.00,7000.00,KIAD 081152Z 36008KT 10SM FEW070 SCT100 BKN200 25/21 A2989 RMK AO2 SLP116 70008 T02500211 10261 20233 53010
IAD,2023-07-08 12:52,10.00,10000.00,KIAD 081252Z 01008KT 10SM FEW100 BKN250 27/22 A2988 RMK AO2 SLP115 T02720217
IAD,2023-07-08 13:52,10.00,3300.00,KIAD 081352Z VRB03KT 10SM FEW033 BKN140 BKN250 29/22 A2988 RMK AO2 SLP114 T02890217
IAD,2023-07-08 14:52,10.00,3500.00,KIAD 081452Z 00000KT 10SM FEW035 BKN140 BKN250 29/22 A2988 RMK AO2 SLP113 T02940222 57003
IAD,2023-07-08 15:52,10.00,3100.00,KIAD 081552Z 01006KT 10SM BKN031 BKN140 BKN250 31/22 A2988 RMK AO2 SLP113 T03060217
IAD,2023-07-08 16:52,10.00,3300.00,KIAD 081652Z VRB04KT 10SM SCT033 BKN100 BKN250 31/22 A2988 RMK AO2 SLP113 T03110222
IAD,2023-07-08 17:52,10.00,3600.00,KIAD 081752Z 00000KT 10SM SCT036 BKN100 OVC250 32/21 A2984 RMK AO2 SLP102 T03170211 10328 20250 58011
IAD,2023-07-08 18:52,10.00,4500.00,KIAD 081852Z 30005KT 10SM SCT045 BKN100 BKN250 33/21 A2982 RMK AO2 SLP093 T03280206
IAD,2023-07-08 19:52,10.00,5000.00,KIAD 081952Z VRB03KT 10SM SCT050 SCT090 BKN250 34/19 A2981 RMK AO2 SLP091 T03390194
IAD,2023-07-08 20:52,10.00,5500.00,KIAD 082052Z 00000KT 10SM BKN055CB BKN100 BKN160 BKN250 33/19 A2981 RMK AO2 SLP090 CB N-S MOV SE TCU ALQDS T03330194 56012
IAD,2023-07-08 21:52,10.00,5000.00,KIAD 082152Z 15015G30KT 10SM SCT050CB BKN080 BKN140 BKN250 29/21 A2981 RMK AO2 PK WND 14030/2150 SLP090 CB ALQDS MOV STNRY T02890211
IAD,2023-07-08 22:52,10.00,6000.00,KIAD 082252Z 22004KT 10SM FEW060CB BKN090 BKN140 BKN250 28/22 A2980 RMK AO2 RAB16E26 TSB2156E31 SLP088 CB N AND NW MOV N P0000 T02780222
IAD,2023-07-08 23:52,10.00,5000.00,KIAD 082352Z 22004KT 10SM FEW050 FEW120 SCT150 SCT200 BKN250 27/22 A2980 RMK AO2 SLP088 60000 T02720217 10344 20272 55001
IAD,2023-07-09 00:52,10.00,10000.00,KIAD 090052Z 00000KT 10SM FEW100 SCT160 BKN200 BKN250 26/22 A2981 RMK AO2 SLP092 T02560217
IAD,2023-07-09 01:52,10.00,10000.00,KIAD 090152Z 21003KT 10SM FEW100 SCT200 BKN250 26/22 A2983 RMK AO2 SLP098 T02560217
IAD,2023-07-09 02:52,10.00,10000.00,KIAD 090252Z 15004KT 10SM FEW100 SCT200 BKN250 24/21 A2984 RMK AO2 SLP099 T02390211 51011
IAD,2023-07-09 03:52,10.00,10000.00,KIAD 090352Z 16005KT 10SM FEW100 SCT200 BKN250 24/21 A2984 RMK AO2 SLP099 T02440211
IAD,2023-07-09 04:52,10.00,10000.00,KIAD 090452Z 00000KT 10SM FEW100 BKN250 24/21 A2983 RMK AO2 SLP096 T02390211 403440233
IAD,2023-07-09 05:52,10.00,25000.00,KIAD 090552Z 00000KT 10SM BKN250 23/22 A2981 RMK AO2 SLP092 T02330217 10272 20233 58008
IAD,2023-07-09 06:52,10.00,25000.00,KIAD 090652Z 16004KT 10SM OVC250 23/22 A2981 RMK AO2 SLP090 T02330217
IAD,2023-07-09 07:52,10.00,11000.00,KIAD 090752Z 00000KT 10SM FEW110 SCT140 BKN250 23/22 A2981 RMK AO2 SLP090 T02330217
IAD,2023-07-09 08:52,10.00,13000.00,KIAD 090852Z 18003KT 10SM SCT130 SCT250 23/22 A2981 RMK AO2 SLP090 T02330217 56002
IAD,2023-07-09 09:52,10.00,12000.00,KIAD 090952Z 15003KT 10SM SCT120 BKN250 23/22 A2981 RMK AO2 SLP090 T02280217
IAD,2023-07-09 10:52,7.00,800.00,KIAD 091052Z 00000KT 7SM SCT008 SCT070 BKN150 BKN250 24/23 A2981 RMK AO2 SLP091 T02390228
IAD,2023-07-09 11:52,10.00,800.00,KIAD 091152Z 18004KT 10SM OVC008 24/22 A2981 RMK AO2 SLP091 T02440222 10244 20228 52001
IAD,2023-07-09 12:52,10.00,1000.00,KIAD 091252Z 22005KT 10SM OVC010 25/22 A2982 RMK AO2 SLP096 T02500222
IAD,2023-07-09 13:52,10.00,1400.00,KIAD 091352Z 11005KT 10SM SCT014 BKN031 BKN100 BKN250 27/22 A2981 RMK AO2 SLP090 T02670222
IAD,2023-07-09 14:52,10.00,1700.00,KIAD 091452Z 13005KT 10SM BKN017 BKN120 OVC250 28/22 A2981 RMK AO2 SLP089 T02780222 58002
IAD,2023-07-09 15:52,10.00,2300.00,KIAD 091552Z 25005KT 10SM BKN023 BKN120 OVC250 28/22 A2981 RMK AO2 SLP090 T02830222
IAD,2023-07-09 16:52,10.00,2600.00,KIAD 091652Z VRB06KT 10SM BKN026 BKN110 BKN250 29/22 A2978 RMK AO2 SLP081 T02890217
IAD,2023-07-09 17:52,10.00,2600.00,KIAD 091752Z 21008KT 10SM BKN026TCU BKN050 OVC150 29/22 A2977 RMK AO2 LTG DSNT N AND NW SLP077 TCU ALQDS T02940222 10306 20244 58012
IAD,2023-07-09 18:52,3.00,900.00,KIAD 091852Z 32007G20KT 3SM R01R/2800V6000FT +TSRA BR FEW009 BKN028CB BKN035 OVC130 22/21 A2979 RMK AO2 PK WND 30032/1819 WSHFT 1817 RAB21 TSB06 SLP084 VIS E-SE 1 FRQ LTGICCG NE-SE TS NE-SE MOV NE P0065 T02170206
IAD,2023-07-09 19:52,10.00,2000.00,KIAD 091952Z 00000KT 10SM FEW020 FEW035 BKN120 BKN170 OVC250 24/21 A2978 RMK AO2 RAE13 SLP082 P0006 T02440211
IAD,2023-07-09 20:52,10.00,4500.00,KIAD 092052Z 33010KT 10SM FEW045 SCT110 BKN160 BKN200 BKN250 26/20 A2979 RMK AO2 SLP083 60071 T02610200 51005
IAD,2023-07-09 21:52,10.00,2600.00,KIAD 092152Z 36010KT 10SM FEW026 FEW050 SCT120 BKN160 BKN250 27/20 A2976 RMK AO2 SLP075 ACC W-NW T02720200
IAD,2023-07-09 22:52,10.00,1800.00,KIAD 092252Z 36009KT 10SM FEW018 SCT028 BKN070 BKN160 BKN250 26/19 A2979 RMK AO2 SLP085 T02610189
IAD,2023-07-09 23:52,10.00,3100.00,KIAD 092352Z 03009KT 10SM FEW031 FEW065 SCT180 SCT250 25/19 A2979 RMK AO2 SLP086 60071 T02500194 10294 20217 53002
IAD,2023-07-10 00:52,10.00,2000.00,KIAD 100052Z 06006KT 10SM SCT020 SCT036 BKN080 BKN160 BKN250 24/20 A2981 RMK AO2 SLP090 T02390200
IAD,2023-07-10 01:52,10.00,2000.00,KIAD 100152Z 08004KT 10SM FEW020 FEW080 BKN180 BKN250 23/19 A2980 RMK AO2 SLP090 T02280194
IAD,2023-07-10 02:52,10.00,18000.00,KIAD 100252Z 06003KT 10SM FEW180 22/19 A2979 RMK AO2 SLP086 T02220194 50000
IAD,2023-07-10 03:52,10.00,8000.00,KIAD 100352Z 31004KT 10SM FEW080 SCT250 22/19 A2980 RMK AO2 SLP089 T02170194
IAD,2023-07-10 04:52,10.00,22000.00,KIAD 100452Z 31005KT 10SM BKN220 22/19 A2981 RMK AO2 SLP090 T02170194 403060211
IAD,2023-07-10 05:52,10.00,12000.00,KIAD 100552Z 33004KT 10SM BKN120 BKN220 21/19 A2981 RMK AO2 SLP091 T02110194 10250 20211 51005
IAD,2023-07-10 06:52,10.00,12000.00,KIAD 100652Z 01006KT 10SM SCT120 BKN200 22/19 A2978 RMK AO2 SLP083 T02220194
IAD,2023-07-10 07:52,10.00,13000.00,KIAD 100752Z 27004KT 10SM BKN130 22/19 A2979 RMK AO2 SLP083 T02170194
IAD,2023-07-10 08:52,10.00,13000.00,KIAD 100852Z 00000KT 10SM BKN130 BKN250 21/19 A2979 RMK AO2 SLP086 T02060189 55005
IAD,2023-07-10 09:52,10.00,4400.00,KIAD 100952Z 27003KT 10SM SCT044 BKN100 BKN220 21/19 A2982 RMK AO2 SLP095 T02060189
IAD,2023-07-10 10:52,10.00,5000.00,KIAD 101052Z 29006KT 10SM FEW050 BKN120 BKN220 21/19 A2984 RMK AO2 SLP100 T02110189
IAD,2023-07-10 11:52,10.00,12000.00,KIAD 101152Z 29006KT 10SM BKN120 BKN220 22/19 A2986 RMK AO2 SLP108 70071 T02170189 10222 20206 51022
IAD,2023-07-10 12:52,10.00,8000.00,KIAD 101252Z 32009KT 10SM FEW080 BKN150 BKN220 23/19 A2987 RMK AO2 SLP113 T02330189
IAD,2023-07-10 13:52,10.00,4000.00,KIAD 101352Z 32010G18KT 10SM FEW040 BKN160 BKN220 24/18 A2987 RMK AO2 SLP112 T02440183
IAD,2023-07-10 14:52,10.00,3000.00,KIAD 101452Z 33009KT 10SM SCT030 BKN150 BKN250 27/18 A2988 RMK AO2 SLP115 T02720183 51007
IAD,2023-07-10 15:52,10.00,3500.00,KIAD 101552Z 32012G17KT 10SM SCT035 BKN150 BKN250 28/18 A2988 RMK AO2 SLP114 T02780178
IAD,2023-07-10 16:52,10.00,4500.00,KIAD 101652Z 33010KT 10SM SCT045 BKN250 29/18 A2987 RMK AO2 SLP113 T02890178
IAD,2023-07-10 17:52,10.00,4500.00,KIAD 101752Z 35007G15KT 10SM SCT045 BKN250 30/18 A2986 RMK AO2 SLP108 T03000178 10300 20217 58006
IAD,2023-07-10 18:52,10.00,5000.00,KIAD 101852Z 30008G15KT 270V340 10SM SCT050 BKN250 31/17 A2986 RMK AO2 SLP107 T03060172
IAD,2023-07-10 19:52,10.00,6500.00,KIAD 101952Z VRB05KT 10SM BKN065 BKN250 31/17 A2985 RMK AO2 SLP106 T03060167
IAD,2023-07-10 20:52,10.00,6500.00,KIAD 102052Z 26008KT 10SM SCT065 BKN250 31/16 A2985 RMK AO2 SLP104 T03110161 58003
IAD,2023-07-10 21:52,10.00,6500.00,KIAD 102152Z 29008KT 10SM FEW065 SCT250 31/14 A2985 RMK AO2 SLP107 T03060139
IAD,2023-07-10 22:52,10.00,6500.00,KIAD 102252Z 28009KT 10SM FEW065 SCT250 30/16 A2986 RMK AO2 SLP107 T03000156
IAD,2023-07-10 23:52,10.00,6500.00,KIAD 102352Z 32007KT 10SM FEW065 29/16 A2987 RMK AO2 SLP112 T02890156 10311 20289 53006
IAD,2023-07-11 00:52,10.00,6000.00,KIAD 110052Z 31005KT 10SM FEW060 FEW250 27/16 A2989 RMK AO2 SLP117 T02670161
IAD,2023-07-11 01:52,10.00,M,KIAD 110152Z 00000KT 10SM CLR 24/17 A2990 RMK AO2 SLP123 T02440167
IAD,2023-07-11 02:52,10.00,M,KIAD 110252Z 29003KT 10SM CLR 24/16 A2992 RMK AO2 SLP127 T02390161 51016
IAD,2023-07-11 03:52,10.00,7000.00,KIAD 110352Z 00000KT 10SM BKN070 24/16 A2992 RMK AO2 SLP129 T02390161
IAD,2023-07-11 04:52,10.00,8000.00,KIAD 110452Z 31003KT 10SM BKN080 22/16 A2992 RMK AO2 SLP129 T02220161 403110206
IAD,2023-07-11 05:52,10.00,8000.00,KIAD 110552Z 00000KT 10SM FEW080 19/16 A2992 RMK AO2 SLP127 T01940161 10289 20194 58000
IAD,2023-07-11 06:52,10.00,8000.00,KIAD 110652Z 00000KT 10SM FEW080 20/16 A2990 RMK AO2 SLP124 T02000156
IAD,2023-07-11 07:52,10.00,8000.00,KIAD 110752Z 34003KT 10SM FEW080 19/16 A2991 RMK AO2 SLP125 T01890156
IAD,2023-07-11 08:52,10.00,8000.00,KIAD 110852Z 32003KT 10SM FEW080 21/15 A2992 RMK AO2 SLP128 T02060150 53002
IAD,2023-07-11 09:52,10.00,8000.00,KIAD 110952Z 29003KT 10SM FEW080 18/15 A2995 RMK AO2 SLP137 T01830150
IAD,2023-07-11 10:52,10.00,8000.00,KIAD 111052Z 31005KT 10SM FEW080 21/16 A2996 RMK AO2 SLP142 T02110156
IAD,2023-07-11 11:52,10.00,M,KIAD 111152Z 32005KT 10SM CLR 23/15 A2998 RMK AO2 SLP148 T02330150 10233 20183 51019
IAD,2023-07-11 12:52,10.00,M,KIAD 111252Z 32007KT 10SM CLR 26/16 A2998 RMK AO2 SLP148 T02560156
IAD,2023-07-11 13:52,10.00,M,KIAD 111352Z 32005KT 10SM CLR 28/16 A2997 RMK AO2 SLP145 T02780161
IAD,2023-07-11 14:52,10.00,M,KIAD 111452Z 35004KT 10SM CLR 29/16 A2997 RMK AO2 SLP144 T02940161 58004
IAD,2023-07-11 15:52,10.00,3000.00,KIAD 111552Z 27005KT 10SM FEW030 31/16 A2996 RMK AO2 SLP143 T03060156
IAD,2023-07-11 16:52,10.00,5000.00,KIAD 111652Z VRB05KT 10SM SCT050 31/15 A2996 RMK AO2 SLP140 T03110150
IAD,2023-07-11 17:52,10.00,5000.00,KIAD 111752Z 30006KT 10SM SCT050 32/13 A2995 RMK AO2 SLP139 T03170133 10317 20233 58006
IAD,2023-07-11 18:52,10.00,7000.00,KIAD 111852Z 00000KT 10SM SCT070 32/13 A2994 RMK AO2 SLP134 T03220133
IAD,2023-07-11 19:52,10.00,7000.00,KIAD 111952Z 25006KT 10SM SCT070 32/13 A2994 RMK AO2 SLP134 T03220128
IAD,2023-07-11 20:52,10.00,7000.00,KIAD 112052Z 00000KT 10SM SCT070 32/13 A2993 RMK AO2 SLP131 T03170128 56006
IAD,2023-07-11 21:52,10.00,7500.00,KIAD 112152Z 22006KT 10SM SCT075 32/14 A2992 RMK AO2 SLP129 T03170144
IAD,2023-07-11 22:52,10.00,7500.00,KIAD 112252Z VRB04KT 10SM FEW075 32/14 A2992 RMK AO2 SLP127 T03170144
IAD,2023-07-11 23:52,10.00,7500.00,KIAD 112352Z 24004KT 10SM FEW075 FEW200 29/16 A2993 RMK AO2 SLP130 T02940156 10328 20294 55001
IAD,2023-07-12 00:52,10.00,8000.00,KIAD 120052Z 23004KT 10SM FEW080 FEW200 27/16 A2993 RMK AO2 SLP132 T02720156
IAD,2023-07-12 01:52,10.00,8000.00,KIAD 120152Z 21003KT 10SM FEW080 SCT200 23/17 A2995 RMK AO2 SLP139 T02280167
IAD,2023-07-12 02:52,10.00,8000.00,KIAD 120252Z 18003KT 10SM BKN080 24/17 A2996 RMK AO2 SLP143 60000 T02390167 53013
IAD,2023-07-12 03:52,10.00,8000.00,KIAD 120352Z 00000KT 10SM FEW080 23/17 A2997 RMK AO2 SLP145 T02330167
IAD,2023-07-12 04:52,10.00,M,KIAD 120452Z 18003KT 10SM CLR 22/17 A2996 RMK AO2 SLP143 T02220167 403280183
IAD,2023-07-12 05:52,10.00,M,KIAD 120552Z 00000KT 10SM CLR 21/17 A2997 RMK AO2 SLP144 60000 T02110167 10294 20200 51001
IAD,2023-07-12 06:52,10.00,M,KIAD 120652Z 00000KT 10SM CLR 19/17 A2997 RMK AO2 SLP145 T01940167
IAD,2023-07-12 07:52,10.00,M,KIAD 120752Z 00000KT 10SM CLR 19/17 A2997 RMK AO2 SLP146 T01890167
IAD,2023-07-12 08:52,10.00,M,KIAD 120852Z 00000KT 10SM CLR 19/17 A2997 RMK AO2 SLP147 T01890167 53002
IAD,2023-07-12 09:52,10.00,M,KIAD 120952Z 00000KT 10SM CLR 19/17 A2999 RMK AO2 SLP153 T01940172
IAD,2023-07-12 10:52,10.00,25000.00,KIAD 121052Z 00000KT 10SM FEW250 20/18 A3000 RMK AO2 SLP155 T02000178
IAD,2023-07-12 11:52,10.00,25000.00,KIAD 121152Z 00000KT 10SM FEW250 24/19 A3001 RMK AO2 SLP157 T02390194 10239 20183 51011
IAD,2023-07-12 12:52,10.00,0.00,KIAD 121252Z 00000KT 10SM FEW000 FEW150 SCT250 28/18 A3001 RMK AO2 SLP160 FU FEW000 T02780178
IAD,2023-07-12 13:52,10.00,25000.00,KIAD 121352Z 00000KT 10SM SCT250 29/18 A3001 RMK AO2 SLP159 T02940178
IAD,2023-07-12 14:52,10.00,M,KIAD 121452Z VRB04KT 10SM CLR 31/17 A3000 RMK AO2 SLP156 T03110172 58002
IAD,2023-07-12 15:52,10.00,6000.00,KIAD 121552Z 31006KT 10SM SCT060 BKN250 32/17 A3000 RMK AO2 SLP154 T03220167
IAD,2023-07-12 16:52,10.00,5500.00,KIAD 121652Z VRB04KT 10SM SCT055 BKN250 32/16 A2998 RMK AO2 SLP149 T03220156
IAD,2023-07-12 17:52,10.00,6500.00,KIAD 121752Z 24004KT 10SM SCT065 BKN250 33/16 A2996 RMK AO2 SLP141 T03280161 10328 20239 58014
IAD,2023-07-12 18:52,10.00,7000.00,KIAD 121852Z 25008KT 10SM SCT070 BKN250 33/15 A2997 RMK AO2 SLP143 T03280150
IAD,2023-07-12 19:52,10.00,8000.00,KIAD 121952Z 26006KT 10SM SCT080 SCT250 33/15 A2995 RMK AO2 SLP138 T03280150
IAD,2023-07-12 20:52,10.00,8000.00,KIAD 122052Z VRB05KT 10SM FEW080 SCT250 33/14 A2994 RMK AO2 SLP134 T03330144 58007
IAD,2023-07-12 21:52,10.00,8000.00,KIAD 122152Z VRB06KT 10SM FEW080 FEW250 33/14 A2993 RMK AO2 SLP130 T03330144
IAD,2023-07-12 22:52,10.00,8000.00,KIAD 122252Z 22006KT 10SM FEW080 FEW250 32/15 A2992 RMK AO2 SLP127 T03220150
IAD,2023-07-12 23:52,10.00,8000.00,KIAD 122352Z 21005KT 10SM FEW080 FEW250 30/16 A2993 RMK AO2 SLP130 T03000161 10339 20300 55004
IAD,2023-07-13 00:52,10.00,25000.00,KIAD 130052Z 18004KT 10SM FEW250 28/17 A2992 RMK AO2 SLP129 T02830167
IAD,2023-07-13 01:52,10.00,25000.00,KIAD 130152Z 17005KT 10SM FEW250 27/17 A2993 RMK AO2 SLP130 T02720172
IAD,2023-07-13 02:52,10.00,25000.00,KIAD 130252Z 18005KT 10SM FEW250 26/17 A2994 RMK AO2 SLP135 T02610172 53005
IAD,2023-07-13 03:52,10.00,M,KIAD 130352Z 16005KT 10SM CLR 26/17 A2992 RMK AO2 SLP127 T02560172
IAD,2023-07-13 04:52,10.00,M,KIAD 130452Z 19004KT 10SM CLR 25/17 A2991 RMK AO2 SLP125 T02500172 403390183
IAD,2023-07-13 05:52,10.00,M,KIAD 130552Z 19003KT 10SM CLR 24/18 A2990 RMK AO2 SLP120 T02390178 10300 20239 56014
IAD,2023-07-13 06:52,10.00,M,KIAD 130652Z 17003KT 10SM CLR 23/18 A2989 RMK AO2 SLP116 T02330178
IAD,2023-07-13 07:52,10.00,M,KIAD 130752Z 16005KT 10SM CLR 23/18 A2988 RMK AO2 SLP116 T02330178
IAD,2023-07-13 08:52,10.00,M,KIAD 130852Z 17004KT 10SM CLR 23/18 A2988 RMK AO2 SLP116 T02280183 56005
IAD,2023-07-13 09:52,10.00,25000.00,KIAD 130952Z 17006KT 10SM SCT250 23/19 A2987 RMK AO2 SLP111 T02330189
IAD,2023-07-13 10:52,10.00,25000.00,KIAD 131052Z 20007KT 10SM SCT250 24/19 A2988 RMK AO2 SLP114 T02390194
IAD,2023-07-13 11:52,10.00,5500.00,KIAD 131152Z 20007KT 10SM FEW055 FEW150 SCT250 24/19 A2990 RMK AO2 SLP120 T02440194 10244 20222 53004
IAD,2023-07-13 12:52,10.00,8000.00,KIAD 131252Z 20008KT 10SM FEW080 FEW160 27/21 A2989 RMK AO2 SLP119 T02720206
IAD,2023-07-13 13:52,10.00,10000.00,KIAD 131352Z 22011KT 10SM FEW100 FEW200 29/20 A2988 RMK AO2 SLP114 T02940200
IAD,2023-07-13 14:52,10.00,9000.00,KIAD 131452Z 21009KT 10SM FEW090 FEW220 32/19 A2986 RMK AO2 SLP109 T03170189 58010
IAD,2023-07-13 15:52,10.00,9000.00,KIAD 131552Z 19006KT 10SM FEW090 FEW220 33/17 A2985 RMK AO2 SLP104 T03330167
IAD,2023-07-13 16:52,10.00,6000.00,KIAD 131652Z 21007KT 10SM FEW060 BKN200 34/18 A2984 RMK AO2 SLP102 T03390183
IAD,2023-07-13 17:52,10.00,6000.00,KIAD 131752Z 24010G15KT 10SM SCT060 BKN120 BKN220 35/18 A2984 RMK AO2 SLP100 T03500183 10350 20244 56009
IAD,2023-07-13 18:52,10.00,4000.00,KIAD 131852Z 23011KT 10SM FEW040 FEW070 BKN130 BKN220 35/19 A2982 RMK AO2 SLP096 T03500194
IAD,2023-07-13 19:52,10.00,5000.00,KIAD 131952Z 24010G17KT 10SM FEW050 BKN150 BKN250 36/19 A2980 RMK AO2 SLP087 T03560194
IAD,2023-07-13 20:52,10.00,6000.00,KIAD 132052Z 21012G19KT 10SM SCT060 BKN090 BKN200 35/21 A2980 RMK AO2 SLP088 T03500206 55012
IAD,2023-07-13 21:52,10.00,5500.00,KIAD 132152Z 21011KT 10SM FEW055 BKN080 BKN200 33/21 A2980 RMK AO2 SLP088 T03330211
IAD,2023-07-13 22:52,10.00,6000.00,KIAD 132252Z 20012G18KT 10SM SCT060 BKN100 BKN200 32/22 A2981 RMK AO2 SLP090 T03220217
IAD,2023-07-13 23:52,10.00,6000.00,KIAD 132352Z 21009KT 10SM SCT060 BKN100 BKN200 31/22 A2981 RMK AO2 SLP091 T03110217 10356 20311 53003
IAD,2023-07-14 00:52,10.00,5500.00,KIAD 140052Z 21007KT 10SM FEW055TCU OVC100 31/22 A2983 RMK AO2 SLP097 TCU NW T03060222
IAD,2023-07-14 01:52,10.00,5500.00,KIAD 140152Z 20009KT 10SM FEW055TCU OVC100 29/22 A2985 RMK AO2 SLP103 TCU NW T02940217
IAD,2023-07-14 02:52,10.00,12000.00,KIAD 140252Z 22010G22KT 10SM -RA BKN120 OVC140 28/21 A2985 RMK AO2 RAB31 SLP104 P0000 60000 T02830206 51013
IAD,2023-07-14 03:52,10.00,10000.00,KIAD 140352Z 20013G18KT 10SM SCT100 OVC220 26/21 A2984 RMK AO2 RAE18 SLP100 P0000 T02610211
IAD,2023-07-14 04:52,10.00,20000.00,KIAD 140452Z 21009KT 10SM BKN200 25/21 A2985 RMK AO2 SLP103 T02500206 403560222
IAD,2023-07-14 05:52,10.00,12000.00,KIAD 140552Z 21004KT 10SM SCT120 BKN200 24/20 A2985 RMK AO2 SLP103 60000 T02390200 10311 20239 56001
IAD,2023-07-14 06:52,10.00,12000.00,KIAD 140652Z 00000KT 10SM SCT120 BKN200 23/19 A2984 RMK AO2 SLP100 T02280189
IAD,2023-07-14 07:52,10.00,20000.00,KIAD 140752Z 24003KT 10SM BKN200 23/18 A2984 RMK AO2 SLP101 T02280183
IAD,2023-07-14 08:52,10.00,20000.00,KIAD 140852Z 00000KT 10SM BKN200 22/18 A2986 RMK AO2 SLP109 T02220183 53005
IAD,2023-07-14 09:52,10.00,7000.00,KIAD 140952Z 17004KT 10SM FEW070 SCT100 BKN200 22/18 A2989 RMK AO2 SLP118 ACC S T02170183
IAD,2023-07-14 10:52,10.00,8000.00,KIAD 141052Z 17003KT 10SM FEW080 SCT110 BKN250 22/19 A2990 RMK AO2 SLP121 ACC S T02220189
IAD,2023-07-14 11:52,10.00,8000.00,KIAD 141152Z 19008KT 10SM FEW080 SCT250 23/19 A2991 RMK AO2 SLP123 T02330194 10239 20206 51015
IAD,2023-07-14 12:52,10.00,8000.00,KIAD 141252Z 20006KT 10SM FEW080 SCT250 26/19 A2991 RMK AO2 SLP125 T02560194
IAD,2023-07-14 13:52,10.00,13000.00,KIAD 141352Z 24005KT 10SM FEW130 FEW220 28/20 A2990 RMK AO2 SLP120 T02830200
IAD,2023-07-14 14:52,10.00,14000.00,KIAD 141452Z 00000KT 10SM FEW140 FEW240 31/20 A2990 RMK AO2 SLP121 T03060200 58002
IAD,2023-07-14 15:52,10.00,4500.00,KIAD 141552Z VRB03KT 10SM FEW045 SCT140 BKN250 32/21 A2991 RMK AO2 SLP125 T03170206
IAD,2023-07-14 16:52,10.00,4600.00,KIAD 141652Z COR VRB03KT 10SM FEW046 BKN110 BKN240 32/21 A2990 RMK AO2 SLP122 T03170206
IAD,2023-07-14 17:52,10.00,4500.00,KIAD 141752Z 00000KT 10SM FEW045 BKN080 BKN250 34/21 A2989 RMK AO2 SLP119 T03390211 10339 20239 58003
IAD,2023-07-14 18:52,10.00,4800.00,KIAD 141852Z COR 16006KT 10SM BKN048 BKN250 33/21 A2988 RMK AO2 SLP113 T03330206
IAD,2023-07-14 19:52,10.00,4600.00,KIAD 141952Z 14006KT 10SM BKN046CB BKN140 BKN250 33/22 A2987 RMK AO2 SLP111 CB W MOV E T03280217
IAD,2023-07-14 20:52,10.00,5000.00,KIAD 142052Z COR 19009KT 10SM SCT050CB BKN080 OVC150 32/21 A2987 RMK AO2 LTG DSNT W-NE SLP111 T03170211 55007 CB ALQDS MOV E
IAD,2023-07-14 21:52,0.50,600.00,KIAD 142152Z 12008G29KT 1/2SM R01R/2000V3500FT TSRA FEW006 BKN018 BKN044CB BKN150 22/20 A2993 RMK AO2 PK WND 02051/2135 RAB24 TSB02 PRESRR SLP131 FRQ LTGICCG OHD TS OHD MOV E P0055 T02170200
IAD,2023-07-14 22:52,7.00,1300.00,KIAD 142252Z 14003KT 7SM FEW013 SCT024 BKN042 BKN150 24/22 A2989 RMK AO2 LTG DSNT NE-S RAE17 TSE18 SLP117 TS MOV E P0012 T02390217
IAD,2023-07-14 23:52,10.00,5000.00,KIAD 142352Z 10004KT 10SM FEW050 BKN090 BKN200 24/22 A2991 RMK AO2 LTG DSNT SE AND S SLP126 60067 T02440217 10339 20217 51014
IAD,2023-07-15 00:52,10.00,4400.00,KIAD 150052Z 00000KT 10SM FEW044CB SCT090 BKN200 23/22 A2991 RMK AO2 SLP125 CB S MOV E T02330217
IAD,2023-07-15 01:52,10.00,10000.00,KIAD 150152Z 17003KT 10SM FEW100 22/21 A2992 RMK AO2 SLP130 T02220211
IAD,2023-07-15 02:52,10.00,3500.00,KIAD 150252Z 00000KT 10SM SCT035 23/22 A2994 RMK AO2 SLP135 T02280217 53010
IAD,2023-07-15 03:52,10.00,4000.00,KIAD 150352Z 00000KT 10SM FEW040 22/22 A2993 RMK AO2 SLP131 T02220217
IAD,2023-07-15 04:52,10.00,25000.00,KIAD 150452Z 00000KT 10SM FEW250 22/21 A2993 RMK AO2 SLP132 T02220211 403390206
IAD,2023-07-15 05:52,10.00,M,KIAD 150552Z 14003KT 10SM CLR 22/21 A2992 RMK AO2 SLP128 T02170211 10244 20217 58007
IAD,2023-07-15 06:52,10.00,25000.00,KIAD 150652Z 09003KT 10SM FEW250 22/21 A2991 RMK AO2 SLP123 T02170206
IAD,2023-07-15 07:52,10.00,M,KIAD 150752Z 00000KT 10SM CLR 22/21 A2990 RMK AO2 SLP122 T02220211
IAD,2023-07-15 08:52,10.00,M,KIAD 150852Z 08003KT 10SM CLR 21/20 A2990 RMK AO2 SLP120 T02110200 56007
IAD,2023-07-15 09:52,10.00,25000.00,KIAD 150952Z 14004KT 10SM SCT250 22/21 A2992 RMK AO2 SLP128 T02170206
IAD,2023-07-15 10:52,10.00,25000.00,KIAD 151052Z 00000KT 10SM SCT250 23/21 A2992 RMK AO2 SLP130 T02280211
IAD,2023-07-15 11:52,10.00,4000.00,KIAD 151152Z 04003KT 10SM FEW040 BKN250 26/22 A2994 RMK AO2 SLP137 70067 T02560222 10256 20206 52016
IAD,2023-07-15 12:52,10.00,900.00,KIAD 151252Z 00000KT 10SM FEW009 FEW020 BKN250 27/23 A2996 RMK AO2 SLP141 T02720233
IAD,2023-07-15 13:52,10.00,1200.00,KIAD 151352Z 14004KT 10SM BKN012 BKN023 BKN250 27/23 A2996 RMK AO2 SLP141 T02720233
IAD,2023-07-15 14:52,10.00,1400.00,KIAD 151452Z 17005KT 10SM BKN014 BKN023 BKN250 29/24 A2995 RMK AO2 SLP138 T02890244 50002
IAD,2023-07-15 15:52,10.00,1600.00,KIAD 151552Z 15008KT 10SM BKN016 BKN030 30/24 A2995 RMK AO2 SLP138 T03000244
IAD,2023-07-15 16:52,10.00,2400.00,KIAD 151652Z VRB06KT 10SM BKN024 BKN032 BKN250 30/23 A2993 RMK AO2 SLP133 T03000233
IAD,2023-07-15 17:52,10.00,3000.00,KIAD 151752Z VRB05KT 10SM BKN030 BKN250 31/23 A2992 RMK AO2 SLP128 T03110233 10317 20256 58010
IAD,2023-07-15 18:52,10.00,3000.00,KIAD 151852Z 14007KT 10SM SCT030TCU SCT045 BKN250 31/23 A2989 RMK AO2 SLP117 TCU W T03110228
IAD,2023-07-15 19:52,10.00,3800.00,KIAD 151952Z 12010KT 10SM BKN038TCU BKN150 33/24 A2987 RMK AO2 SLP111 TCU ALQDS T03280239
IAD,2023-07-15 20:52,10.00,3600.00,KIAD 152052Z 15008KT 10SM SCT036TCU BKN140 BKN250 31/23 A2986 RMK AO2 SLP106 T03110233 56021
IAD,2023-07-15 21:52,10.00,5000.00,KIAD 152152Z 15010KT 10SM FEW050 BKN110 BKN200 31/23 A2984 RMK AO2 SLP102 T03110233
IAD,2023-07-15 22:52,10.00,4000.00,KIAD 152252Z 15010KT 10SM FEW040TCU BKN080 BKN160 30/23 A2985 RMK AO2 SLP104 TCU W T03000233
IAD,2023-07-15 23:52,10.00,4000.00,KIAD 152352Z 17006KT 10SM FEW040TCU BKN100 BKN200 29/23 A2985 RMK AO2 SLP105 TCU ALQDS T02940233 10328 20294 55001
IAD,2023-07-16 00:52,10.00,5000.00,KIAD 160052Z 16004KT 10SM FEW050TCU OVC110 28/24 A2985 RMK AO2 LTG DSNT SE RAB14E30 SLP104 TCU E P0000 T02830239
IAD,2023-07-16 01:52,10.00,3300.00,KIAD 160152Z 16008KT 10SM SCT033TCU OVC140 28/24 A2986 RMK AO2 LTG DSNT NE-S RAB0055E21 SLP108 TCU ALQDS P0000 T02780244
IAD,2023-07-16 02:52,10.00,3400.00,KIAD 160252Z 00000KT 10SM -RA SCT034CB OVC100 23/21 A2987 RMK AO2 LTG DSNT N AND NE SLP110 CB N AND NE MOV NE P0000 60080 T02280211 53005 $
IAD,2023-07-16 03:52,10.00,4000.00,KIAD 160352Z 23003KT 10SM FEW040 BKN110 OVC150 23/22 A2986 RMK AO2 RAE46 SLP108 P0000 T02330217 $
IAD,2023-07-16 04:52,10.00,7000.00,KIAD 160452Z 16003KT 10SM -RA FEW070 SCT110 OVC140 23/22 A2987 RMK AO2 RAB27 SLP110 P0000 T02280222 403280206 $
IAD,2023-07-16 05:52,10.00,4900.00,KIAD 160552Z 18005KT 10SM FEW049 OVC085 23/22 A2985 RMK AO2 RAE52 SLP104 P0014 60094 T02330222 10294 20228 58007 $
IAD,2023-07-16 06:52,10.00,2000.00,KIAD 160652Z 00000KT 10SM FEW020 SCT080 OVC110 23/22 A2982 RMK AO2 RAB0554E05 SLP095 P0000 T02330222 $
IAD,2023-07-16 07:52,10.00,200.00,KIAD 160752Z 00000KT 10SM FEW002 BKN018 BKN120 OVC150 23/22 A2981 RMK AO2 SLP091 T02280222 $
IAD,2023-07-16 08:52,10.00,1700.00,KIAD 160852Z 15003KT 10SM SCT017 SCT140 OVC200 23/22 A2980 RMK AO2 SLP086 60000 T02280222 56018 $
IAD,2023-07-16 09:52,10.00,1500.00,KIAD 160952Z 00000KT 10SM OVC015 23/22 A2980 RMK AO2 SLP087 T02330222 $
IAD,2023-07-16 10:52,7.00,800.00,KIAD 161052Z 00000KT 7SM BKN008 OVC012 23/22 A2983 RMK AO2 SLP096 T02330222 $
IAD,2023-07-16 11:52,7.00,800.00,KIAD 161152Z 00000KT 7SM OVC008 24/22 A2983 RMK AO2 SLP096 60000 70094 T02390222 10239 20228 51010 $
IAD,2023-07-16 12:52,10.00,800.00,KIAD 161252Z 00000KT 10SM OVC008 24/22 A2984 RMK AO2 RAB27E37 SLP099 P0000 T02390222 $
IAD,2023-07-16 13:52,7.00,700.00,KIAD 161352Z 00000KT 7SM BKN007 OVC012 24/23 A2983 RMK AO2 RAB1253E50 SLP098 P0000 T02440228 $
IAD,2023-07-16 14:52,10.00,700.00,KIAD 161452Z 22004KT 10SM BKN007 BKN015 OVC110 26/23 A2984 RMK AO2 SLP100 60000 T02610228 51003 $
IAD,2023-07-16 15:52,7.00,1000.00,KIAD 161552Z 30005KT 7SM BKN010 BKN038 BKN110 27/23 A2984 RMK AO2 RAB15E50 SLP101 P0000 T02670228 $
IAD,2023-07-16 16:52,7.00,1800.00,KIAD 161652Z 01004KT 7SM SCT018 BKN033 OVC120 28/23 A2982 RMK AO2 SLP096 T02830228 $
IAD,2023-07-16 17:52,10.00,1800.00,KIAD 161752Z 01004KT 10SM SCT018 BKN030 BKN080 31/23 A2981 RMK AO2 SLP089 60000 T03060228 10306 20239 58010 $
IAD,2023-07-16 18:52,10.00,3500.00,KIAD 161852Z 35008KT 10SM SCT035 BKN055 BKN120 BKN160 BKN250 31/21 A2980 RMK AO2 SLP086 T03060211 $
IAD,2023-07-16 19:52,10.00,5000.00,KIAD 161952Z 35008KT 10SM SCT050 SCT120 BKN150 BKN250 32/21 A2978 RMK AO2 SLP081 TCU DSNT E T03220206 $
IAD,2023-07-16 20:52,10.00,5000.00,KIAD 162052Z 35007KT 10SM SCT050 SCT120 SCT150 BKN250 32/20 A2979 RMK AO2 SLP084 T03170200 55005 $
IAD,2023-07-16 21:52,10.00,5500.00,KIAD 162152Z 30008KT 10SM SCT055 SCT070 SCT250 32/20 A2979 RMK AO2 SLP085 T03220200 $
IAD,2023-07-16 22:52,10.00,5500.00,KIAD 162252Z 29007KT 10SM FEW055TCU FEW080 SCT250 32/20 A2981 RMK AO2 SLP090 TCU NW T03170200 $
IAD,2023-07-16 23:52,10.00,6000.00,KIAD 162352Z 34008KT 10SM SCT060TCU SCT100 SCT250 30/20 A2983 RMK AO2 SLP098 TCU OHD T03000200 10333 20294 53014 $
IAD,2023-07-17 00:52,10.00,5000.00,KIAD 170052Z 31004KT 10SM SCT050TCU SCT080 SCT250 28/21 A2984 RMK AO2 SLP101 TCU SE VCSH T02780206 $
IAD,2023-07-17 01:52,10.00,10000.00,KIAD 170152Z 28003KT 10SM FEW100 27/20 A2986 RMK AO2 SLP109 T02720200 $
IAD,2023-07-17 02:52,10.00,10000.00,KIAD 170252Z 00000KT 10SM FEW100 24/20 A2988 RMK AO2 SLP117 T02440200 53018 $
IAD,2023-07-17 03:52,10.00,M,KIAD 170352Z 00000KT 10SM CLR 23/20 A2989 RMK AO2 SLP117 T02280200 $
IAD,2023-07-17 04:52,10.00,M,KIAD 170452Z 00000KT 10SM CLR 22/20 A2991 RMK AO2 SLP126 T02220200 403330217 $
IAD,2023-07-17 05:52,10.00,M,KIAD 170552Z 00000KT 10SM CLR 22/19 A2991 RMK AO2 SLP124 T02220194 10300 20217 50008 $
IAD,2023-07-17 06:52,10.00,M,KIAD 170652Z 00000KT 10SM CLR 21/19 A2991 RMK AO2 SLP125 T02110189 $
IAD,2023-07-17 07:52,10.00,M,KIAD 170752Z 00000KT 10SM CLR 21/19 A2991 RMK AO2 SLP125 T02060189 $
IAD,2023-07-17 08:52,10.00,M,KIAD 170852Z 00000KT 10SM CLR 20/19 A2992 RMK AO2 SLP128 T02000189 53004 $
IAD,2023-07-17 09:52,10.00,20000.00,KIAD 170952Z 00000KT 10SM R01R/2600V4000FT FEW200 21/18 A2994 RMK AO2 SLP134 T02060183 $
IAD,2023-07-17 10:52,10.00,20000.00,KIAD 171052Z 00000KT 10SM FEW200 21/19 A2995 RMK AO2 SLP138 T02060189 $
IAD,2023-07-17 11:52,10.00,M,KIAD 171152Z 00000KT 10SM CLR 24/20 A2997 RMK AO2 SLP145 T02390200 10244 20200 51017
IAD,2023-07-17 12:52,9.00,8500.00,KIAD 171252Z 29004KT 9SM FEW085 27/20 A2999 RMK AO2 SLP152 T02670200
IAD,2023-07-17 13:52,8.00,8500.00,KIAD 171352Z 31003KT 8SM FEW085 28/19 A3000 RMK AO2 SLP155 T02830189
IAD,2023-07-17 14:52,7.00,M,KIAD 171452Z 27003KT 7SM CLR 29/19 A3001 RMK AO2 SLP157 T02940189 51012
IAD,2023-07-17 15:52,6.00,M,KIAD 171552Z 27005KT 6SM HZ CLR 30/18 A3000 RMK AO2 SLP156 T03000183
IAD,2023-07-17 16:52,6.00,M,KIAD 171652Z 00000KT 6SM HZ CLR 31/18 A2999 RMK AO2 SLP153 T03110183
IAD,2023-07-17 17:52,6.00,4200.00,KIAD 171752Z 22005KT 6SM HZ FEW042 32/19 A2998 RMK AO2 SLP149 T03170194 10317 20239 58008
IAD,2023-07-17 18:52,6.00,5000.00,KIAD 171852Z 18008KT 6SM HZ FEW050 32/19 A2997 RMK AO2 SLP143 T03220189
IAD,2023-07-17 19:52,5.00,5500.00,KIAD 171952Z 21006KT 5SM HZ FEW055 FEW250 32/18 A2994 RMK AO2 SLP134 T03220183
IAD,2023-07-17 20:52,5.00,5500.00,KIAD 172052Z 21005KT 5SM HZ FEW055 FEW250 32/18 A2991 RMK AO2 SLP126 T03220183 58023
IAD,2023-07-17 21:52,6.00,25000.00,KIAD 172152Z 19008G16KT 6SM HZ FEW250 31/18 A2991 RMK AO2 SLP126 T03110178
IAD,2023-07-17 22:52,8.00,25000.00,KIAD 172252Z 21008KT 8SM SCT250 31/19 A2993 RMK AO2 SLP131 T03060189
IAD,2023-07-17 23:52,8.00,12000.00,KIAD 172352Z 20008KT 8SM FEW120 FEW250 29/19 A2994 RMK AO2 SLP134 T02890189 10322 20289 53008
IAD,2023-07-18 00:52,9.00,9000.00,KIAD 180052Z 18005KT 9SM FEW090 FEW120 SCT250 27/19 A2994 RMK AO2 SLP136 T02720189
IAD,2023-07-18 01:52,8.00,9000.00,KIAD 180152Z 16005KT 8SM FEW090 SCT250 26/21 A2995 RMK AO2 SLP140 T02610206
IAD,2023-07-18 02:52,9.00,6000.00,KIAD 180252Z VRB03KT 9SM SCT060 SCT250 26/20 A2997 RMK AO2 SLP145 T02610200 53011
IAD,2023-07-18 03:52,9.00,11000.00,KIAD 180352Z 35003KT 9SM BKN110 26/19 A2997 RMK AO2 SLP146 T02560194
IAD,2023-07-18 04:52,9.00,15000.00,KIAD 180452Z VRB03KT 9SM BKN150 24/19 A2997 RMK AO2 SLP146 T02440189 403220200
IAD,2023-07-18 05:52,10.00,11000.00,KIAD 180552Z 32004KT 10SM OVC110 23/19 A2997 RMK AO2 SLP144 T02330189 10289 20233 58001
IAD,2023-07-18 06:52,10.00,11000.00,KIAD 180652Z 32004KT 10SM FEW110 BKN250 23/19 A2996 RMK AO2 SLP141 T02280189
IAD,2023-07-18 07:52,9.00,25000.00,KIAD 180752Z 00000KT 9SM BKN250 22/19 A2995 RMK AO2 SLP139 T02170189
IAD,2023-07-18 08:52,9.00,25000.00,KIAD 180852Z 32006KT 9SM BKN250 21/18 A2996 RMK AO2 SLP142 T02110183 55002
IAD,2023-07-18 09:52,8.00,25000.00,KIAD 180952Z 00000KT 8SM SCT250 20/18 A2996 RMK AO2 SLP141 T02000183
IAD,2023-07-18 10:52,7.00,14000.00,KIAD 181052Z 00000KT 7SM FEW140 FEW250 21/19 A2996 RMK AO2 SLP142 T02060189
IAD,2023-07-18 11:52,6.00,25000.00,KIAD 181152Z 35005KT 6SM HZ FEW250 24/19 A2998 RMK AO2 SLP147 T02440189 10244 20189 53004
IAD,2023-07-18 12:52,6.00,25000.00,KIAD 181252Z 33005KT 6SM HZ FEW250 26/19 A3000 RMK AO2 SLP153 T02560189
IAD,2023-07-18 13:52,7.00,25000.00,KIAD 181352Z COR 33005KT 7SM CLR 28/19 A3000 RMK AO2 SLP156 T02780189
IAD,2023-07-18 14:52,6.00,M,KIAD 181452Z VRB03KT 6SM HZ CLR 29/18 A3001 RMK AO2 SLP159 T02890183 51012
IAD,2023-07-18 15:52,7.00,4500.00,KIAD 181552Z 32005G14KT 7SM FEW045 SCT250 29/18 A3001 RMK AO2 SLP160 T02940178
IAD,2023-07-18 16:52,10.00,4500.00,KIAD 181652Z VRB03KT 10SM FEW045 BKN110 BKN250 30/18 A3001 RMK AO2 SLP158 T03000178
IAD,2023-07-18 17:52,6.00,4500.00,KIAD 181752Z 29009KT 6SM HZ FEW045 BKN110 BKN250 30/17 A3000 RMK AO2 SLP154 T03000172 10311 20244 58004
IAD,2023-07-18 18:52,10.00,5000.00,KIAD 181852Z VRB04KT 10SM FEW050 FEW250 31/16 A2998 RMK AO2 SLP147 T03060161
IAD,2023-07-18 19:52,9.00,6000.00,KIAD 181952Z 29009G15KT 9SM FEW060 FEW250 31/16 A2997 RMK AO2 SLP146 T03110156
IAD,2023-07-18 20:52,10.00,6000.00,KIAD 182052Z 33008KT 10SM FEW060 FEW250 32/16 A2997 RMK AO2 SLP144 T03170161 56010
IAD,2023-07-18 21:52,10.00,7000.00,KIAD 182152Z 00000KT 10SM FEW070 FEW250 31/17 A2995 RMK AO2 SLP139 T03110172
IAD,2023-07-18 22:52,10.00,9000.00,KIAD 182252Z 18006KT 10SM FEW090 FEW250 31/17 A2995 RMK AO2 SLP137 T03060172
IAD,2023-07-18 23:52,10.00,6500.00,KIAD 182352Z 20004KT 10SM FEW065 FEW250 28/18 A2995 RMK AO2 SLP139 T02830178 10317 20283 55005
IAD,2023-07-19 00:52,10.00,12000.00,KIAD 190052Z 20004KT 10SM FEW120 FEW250 27/18 A2997 RMK AO2 SLP145 T02670178
IAD,2023-07-19 01:52,10.00,25000.00,KIAD 190152Z 17003KT 10SM FEW250 25/19 A2999 RMK AO2 SLP151 T02500189
IAD,2023-07-19 02:52,10.00,25000.00,KIAD 190252Z 17004KT 10SM FEW250 26/19 A3001 RMK AO2 SLP157 T02560194 51018
IAD,2023-07-19 03:52,10.00,25000.00,KIAD 190352Z 16005KT 10SM BKN250 25/19 A2999 RMK AO2 SLP152 T02500194
IAD,2023-07-19 04:52,10.00,10000.00,KIAD 190452Z 17004KT 10SM SCT100 BKN250 26/19 A2999 RMK AO2 SLP151 T02560194 403170189
IAD,2023-07-19 05:52,7.00,4700.00,KIAD 190552Z 13005KT 7SM -RA FEW047 BKN070 OVC110 23/21 A3000 RMK AO2 RAB31 SLP156 OCNL LTG DSNT W P0007 60007 T02330211 10283 20233 55001
IAD,2023-07-19 06:52,7.00,6000.00,KIAD 190652Z 07004KT 7SM SCT060 BKN075 OVC120 23/21 A2999 RMK AO2 RAE43 TSE03B22E43 SLP151 OCNL LTG DSNT NW P0007 T02280211
IAD,2023-07-19 07:52,10.00,13000.00,KIAD 190752Z COR 00000KT 10SM BKN130 23/21 A2999 RMK AO2 OCNL LTG DSNT SE SLP150 T02280211
IAD,2023-07-19 08:52,10.00,11000.00,KIAD 190852Z 00000KT 10SM BKN110 23/21 A2998 RMK AO2 SLP147 60007 T02280211 56009
IAD,2023-07-19 09:52,7.00,4500.00,KIAD 190952Z 24004KT 7SM -TSRA SCT045CB BKN055 OVC080 22/21 A3002 RMK AO2 RAB10 TSB05 SLP161 OCNL LTGICCG OHD TS OHD MOV NE P0024 T02170206
IAD,2023-07-19 10:52,4.00,3300.00,KIAD 191052Z 12004KT 4SM -RA BR BKN033 OVC060 21/20 A3001 RMK AO2 TSE28 SLP158 TS MOV NE P0057 T02110200
IAD,2023-07-19 11:52,10.00,6000.00,KIAD 191152Z 00000KT 10SM FEW060 BKN110 22/21 A3002 RMK AO2 RAE14 SLP161 P0001 60089 70096 T02170206 10233 20211 51014
IAD,2023-07-19 12:52,10.00,11000.00,KIAD 191252Z 00000KT 10SM BKN110 23/21 A3002 RMK AO2 SLP163 T02280211
IAD,2023-07-19 13:52,10.00,12000.00,KIAD 191352Z 22004KT 10SM BKN120 25/21 A3003 RMK AO2 SLP166 T02500211
IAD,2023-07-19 14:52,10.00,6000.00,KIAD 191452Z 20003KT 10SM FEW060 BKN120 26/22 A3003 RMK AO2 SLP165 T02560222 50003
IAD,2023-07-19 15:52,10.00,4500.00,KIAD 191552Z VRB03KT 10SM FEW045 SCT120 SCT250 29/21 A3001 RMK AO2 SLP160 T02940206
IAD,2023-07-19 16:52,10.00,4500.00,KIAD 191652Z 00000KT 10SM FEW045 SCT120 SCT250 31/20 A3000 RMK AO2 SLP154 T03060200
IAD,2023-07-19 17:52,10.00,4400.00,KIAD 191752Z 00000KT 10SM SCT044TCU BKN090 BKN250 31/20 A3000 RMK AO2 SLP156 TCU OHD T03060200 10311 20217 55008
IAD,2023-07-19 18:52,10.00,6000.00,KIAD 191852Z 15003KT 10SM FEW060 SCT250 31/20 A2998 RMK AO2 SLP150 T03110200
IAD,2023-07-19 19:52,10.00,6000.00,KIAD 191952Z 07005KT 10SM SCT060 BKN100 32/21 A2998 RMK AO2 SLP147 T03220206
IAD,2023-07-19 20:52,10.00,4000.00,KIAD 192052Z 31006KT 10SM FEW040 SCT065 BKN120 BKN250 32/20 A2996 RMK AO2 SLP143 T03170200 56013
IAD,2023-07-19 21:52,10.00,5500.00,KIAD 192152Z 00000KT 10SM SCT055TCU SCT100 BKN250 31/20 A2997 RMK AO2 SLP145 TCU OHD T03110200
IAD,2023-07-19 22:52,10.00,5000.00,KIAD 192252Z 27005KT 10SM SCT050 SCT090 BKN250 31/19 A2997 RMK AO2 SLP143 T03110189
IAD,2023-07-19 23:52,10.00,5000.00,KIAD 192352Z 29004KT 10SM FEW050 SCT090 SCT250 30/19 A2997 RMK AO2 SLP145 T03000194 10322 20300 53003
IAD,2023-07-20 00:52,10.00,5000.00,KIAD 200052Z 19005KT 10SM FEW050 SCT090 SCT250 27/22 A2999 RMK AO2 SLP152 T02670217
IAD,2023-07-20 01:52,10.00,9000.00,KIAD 200152Z 18003KT 10SM FEW090 FEW250 26/22 A3000 RMK AO2 SLP157 T02560222
IAD,2023-07-20 02:52,10.00,M,KIAD 200252Z 23003KT 10SM CLR 25/22 A3001 RMK AO2 SLP159 T02500222 51012
IAD,2023-07-20 03:52,10.00,M,KIAD 200352Z 22003KT 10SM CLR 24/21 A3002 RMK AO2 SLP160 T02440206
IAD,2023-07-20 04:52,10.00,6000.00,KIAD 200452Z 00000KT 10SM BKN060 23/19 A3002 RMK AO2 SLP161 OCNL LTG DSNT N AND S T02330194 403220211
IAD,2023-07-20 05:52,10.00,6000.00,KIAD 200552Z 34006KT 10SM BKN060 24/18 A3003 RMK AO2 SLP164 T02440183 10294 20222 53006
IAD,2023-07-20 06:52,10.00,M,KIAD 200652Z 27004KT 10SM CLR 22/18 A3001 RMK AO2 SLP158 T02220183
IAD,2023-07-20 07:52,10.00,M,KIAD 200752Z 00000KT 10SM CLR 22/19 A3000 RMK AO2 SLP156 T02170189
IAD,2023-07-20 08:52,10.00,M,KIAD 200852Z 33005KT 10SM CLR 23/18 A3000 RMK AO2 SLP155 T02280183 56008
IAD,2023-07-20 09:52,10.00,M,KIAD 200952Z 00000KT 10SM CLR 21/18 A3002 RMK AO2 SLP161 T02110183
IAD,2023-07-20 10:52,10.00,8000.00,KIAD 201052Z 27003KT 10SM FEW080 FEW250 22/19 A3002 RMK AO2 SLP163 T02170189
IAD,2023-07-20 11:52,10.00,25000.00,KIAD 201152Z 30004KT 10SM FEW250 24/19 A3003 RMK AO2 SLP165 T02440194 10244 20200 51010
IAD,2023-07-20 12:52,10.00,25000.00,KIAD 201252Z 31004KT 10SM FEW250 26/19 A3003 RMK AO2 SLP164 T02610189
IAD,2023-07-20 13:52,10.00,25000.00,KIAD 201352Z 32004KT 10SM FEW250 28/19 A3001 RMK AO2 SLP158 T02780194
IAD,2023-07-20 14:52,10.00,4000.00,KIAD 201452Z 32005KT 10SM FEW040 FEW250 29/19 A3000 RMK AO2 SLP157 T02940194 58008
IAD,2023-07-20 15:52,10.00,5000.00,KIAD 201552Z 36005KT 10SM FEW050 FEW250 31/19 A3000 RMK AO2 SLP154 T03060194
IAD,2023-07-20 16:52,10.00,4600.00,KIAD 201652Z 08004KT 10SM SCT046 BKN250 31/19 A2999 RMK AO2 SLP152 T03060194
IAD,2023-07-20 17:52,10.00,5000.00,KIAD 201752Z 24003KT 10SM BKN050 BKN180 BKN250 31/18 A2997 RMK AO2 SLP147 T03110183 10317 20244 58010
IAD,2023-07-20 18:52,10.00,5000.00,KIAD 201852Z 00000KT 10SM BKN050 BKN250 32/18 A2996 RMK AO2 SLP142 T03170178
IAD,2023-07-20 19:52,10.00,5500.00,KIAD 201952Z VRB03KT 10SM BKN055 BKN200 31/19 A2993 RMK AO2 SLP132 T03110194
IAD,2023-07-20 20:52,10.00,7000.00,KIAD 202052Z 18004KT 10SM SCT070 BKN200 31/19 A2991 RMK AO2 SLP124 T03110194 58022
IAD,2023-07-20 21:52,10.00,7000.00,KIAD 202152Z 18005KT 10SM SCT070 SCT200 31/19 A2990 RMK AO2 SLP120 T03110194
IAD,2023-07-20 22:52,10.00,8000.00,KIAD 202252Z 16008KT 10SM FEW080 SCT200 30/19 A2989 RMK AO2 SLP117 T03000194
IAD,2023-07-20 23:52,10.00,20000.00,KIAD 202352Z 16007KT 10SM FEW200 29/19 A2987 RMK AO2 SLP111 T02890189 10322 20289 58013
IAD,2023-07-21 00:52,10.00,20000.00,KIAD 210052Z 16005KT 10SM FEW200 27/19 A2987 RMK AO2 SLP111 T02720189
IAD,2023-07-21 01:52,10.00,20000.00,KIAD 210152Z 18005KT 10SM FEW200 27/19 A2987 RMK AO2 SLP111 T02670194
IAD,2023-07-21 02:52,10.00,20000.00,KIAD 210252Z 16004KT 10SM FEW200 26/19 A2986 RMK AO2 SLP106 T02560194 58005
IAD,2023-07-21 03:52,10.00,25000.00,KIAD 210352Z 16005KT 10SM FEW250 26/21 A2983 RMK AO2 SLP099 T02560206
IAD,2023-07-21 04:52,10.00,M,KIAD 210452Z 17005KT 10SM CLR 26/22 A2982 RMK AO2 SLP094 T02560217 403220200
IAD,2023-07-21 05:52,10.00,10000.00,KIAD 210552Z 21003KT 10SM FEW100 SCT250 24/21 A2980 RMK AO2 SLP087 OCNL LTG DSNT N T02390211 10289 20239 57019
IAD,2023-07-21 06:52,10.00,6000.00,KIAD 210652Z 22005KT 10SM FEW060 SCT075 BKN085 24/22 A2979 RMK AO2 SLP083 FRQ LTG DSNT N AND W-NW T02440217
IAD,2023-07-21 07:52,3.00,3000.00,KIAD 210752Z 02010KT 3SM TSRA BR SCT030CB BKN060 OVC070 20/18 A2982 RMK AO2 PK WND 32039/0716 WSHFT 0711 RAB19 TSB19 SLP096 FRQ LTGICCC OHD TS OHD MOV SE P0018 T02000183
IAD,2023-07-21 08:52,10.00,1500.00,KIAD 210852Z 00000KT 10SM FEW015 SCT080 BKN100 OVC140 20/18 A2980 RMK AO2 RAE33 TSE16 SLP088 OCNL LTG DSNT SE TS MOV SE P0006 60024 T02000178 50000
IAD,2023-07-21 09:52,10.00,7000.00,KIAD 210952Z 00000KT 10SM SCT070 BKN080 OVC100 20/19 A2981 RMK AO2 SLP090 T02000189
IAD,2023-07-21 10:52,10.00,7000.00,KIAD 211052Z 31004KT 10SM FEW070 SCT080 BKN110 20/18 A2981 RMK AO2 SLP091 T02000183
IAD,2023-07-21 11:52,10.00,1000.00,KIAD 211152Z 32007KT 10SM FEW010 SCT080 SCT110 21/18 A2980 RMK AO2 SLP090 60024 70024 T02110183 10244 20194 50002
IAD,2023-07-21 12:52,10.00,1100.00,KIAD 211252Z 31007KT 10SM FEW011 FEW050 SCT250 23/19 A2981 RMK AO2 SLP091 T02280189
IAD,2023-07-21 13:52,10.00,1500.00,KIAD 211352Z 34005KT 10SM FEW015 FEW140 SCT250 25/19 A2981 RMK AO2 SLP089 T02500189
IAD,2023-07-21 14:52,10.00,14000.00,KIAD 211452Z 31008KT 10SM FEW140 SCT250 27/18 A2981 RMK AO2 SLP089 T02720183 51000
IAD,2023-07-21 15:52,10.00,3000.00,KIAD 211552Z 30015G20KT 10SM FEW030 SCT080 28/19 A2982 RMK AO2 SLP092 T02830189
IAD,2023-07-21 16:52,10.00,5000.00,KIAD 211652Z 31009G19KT 10SM SCT050 SCT110 29/19 A2981 RMK AO2 SLP091 T02940189
IAD,2023-07-21 17:52,10.00,4500.00,KIAD 211752Z 29008G17KT 10SM SCT045 SCT250 30/19 A2980 RMK AO2 SLP086 T03000189 10300 20211 58003
IAD,2023-07-21 18:52,10.00,5000.00,KIAD 211852Z 33008KT 10SM SCT050 31/18 A2979 RMK AO2 SLP083 T03060178
IAD,2023-07-21 19:52,10.00,5000.00,KIAD 211952Z 36008KT 10SM BKN050 BKN090 30/18 A2978 RMK AO2 SLP082 T03000178
IAD,2023-07-21 20:52,10.00,5500.00,KIAD 212052Z 32009KT 10SM BKN055 BKN100 29/17 A2979 RMK AO2 SLP085 T02940172 55002
IAD,2023-07-21 21:52,10.00,5500.00,KIAD 212152Z 32009KT 10SM BKN055 BKN100 29/18 A2979 RMK AO2 SLP085 T02940178
IAD,2023-07-21 22:52,10.00,5500.00,KIAD 212252Z 31007KT 10SM SCT055 BKN100 28/17 A2979 RMK AO2 SLP083 T02830167
IAD,2023-07-21 23:52,10.00,6000.00,KIAD 212352Z 32008KT 10SM FEW060 SCT100 BKN200 28/17 A2980 RMK AO2 SLP088 T02780167 10311 20278 53003
IAD,2023-07-22 00:52,10.00,6000.00,KIAD 220052Z 32007KT 10SM FEW060 SCT100 BKN200 26/17 A2981 RMK AO2 SLP091 T02610167
IAD,2023-07-22 01:52,10.00,M,KIAD 220152Z 31005KT 10SM CLR 25/17 A2982 RMK AO2 SLP096 T02500167
IAD,2023-07-22 02:52,10.00,25000.00,KIAD 220252Z 30004KT 10SM FEW250 25/17 A2984 RMK AO2 SLP100 T02500167 53013
IAD,2023-07-22 03:52,10.00,25000.00,KIAD 220352Z 30007KT 10SM SCT250 23/17 A2984 RMK AO2 SLP102 T02280172
IAD,2023-07-22 04:52,10.00,25000.00,KIAD 220452Z 32006KT 10SM SCT250 23/17 A2985 RMK AO2 SLP105 T02280167 403110194
IAD,2023-07-22 05:52,10.00,25000.00,KIAD 220552Z 33007KT 10SM FEW250 22/16 A2984 RMK AO2 SLP100 T02220161 10278 20222 50000
IAD,2023-07-22 06:52,10.00,25000.00,KIAD 220652Z 33006KT 10SM SCT250 22/16 A2984 RMK AO2 SLP099 T02170161
IAD,2023-07-22 07:52,10.00,25000.00,KIAD 220752Z 33005KT 10SM FEW250 21/16 A2982 RMK AO2 SLP095 T02110161
IAD,2023-07-22 08:52,10.00,25000.00,KIAD 220852Z 33004KT 10SM SCT250 20/16 A2984 RMK AO2 SLP101 T02000156 55001
IAD,2023-07-22 09:52,10.00,25000.00,KIAD 220952Z 30004KT 10SM BKN250 20/16 A2986 RMK AO2 SLP108 T02000156
IAD,2023-07-22 10:52,10.00,25000.00,KIAD 221052Z 31005KT 10SM BKN250 21/16 A2987 RMK AO2 SLP111 T02060161
IAD,2023-07-22 11:52,10.00,25000.00,KIAD 221152Z 31007KT 10SM BKN250 22/16 A2988 RMK AO2 SLP115 T02170161 10222 20189 51015
IAD,2023-07-22 12:52,10.00,8000.00,KIAD 221252Z 32007KT 10SM FEW080 FEW120 BKN250 23/17 A2989 RMK AO2 SLP118 T02280167
IAD,2023-07-22 13:52,10.00,8000.00,KIAD 221352Z 36005KT 10SM FEW080 SCT220 BKN250 25/17 A2989 RMK AO2 SLP119 T02500167
IAD,2023-07-22 14:52,10.00,4000.00,KIAD 221452Z 02004KT 10SM FEW040 FEW120 SCT200 BKN250 26/16 A2990 RMK AO2 SLP122 T02560161 53006
IAD,2023-07-22 15:52,10.00,3600.00,KIAD 221552Z VRB05KT 10SM FEW036 FEW120 SCT200 BKN250 26/16 A2989 RMK AO2 SLP118 T02610161
IAD,2023-07-22 16:52,10.00,4300.00,KIAD 221652Z 31006KT 10SM FEW043 BKN210 BKN250 27/16 A2989 RMK AO2 SLP117 T02670161
IAD,2023-07-22 17:52,10.00,4900.00,KIAD 221752Z 32008KT 10SM FEW049 BKN200 BKN250 28/16 A2987 RMK AO2 SLP113 T02830156 10283 20217 57008
IAD,2023-07-22 18:52,10.00,5500.00,KIAD 221852Z COR 33006KT 10SM FEW055 BKN200 29/14 A2987 RMK AO2 SLP112 T02890144
IAD,2023-07-22 19:52,10.00,5500.00,KIAD 221952Z 34005KT 10SM SCT055 BKN200 29/14 A2987 RMK AO2 SLP111 T02890144
IAD,2023-07-22 20:52,10.00,5000.00,KIAD 222052Z 25004KT 10SM FEW050 SCT200 29/14 A2986 RMK AO2 SLP108 T02940144 58005
IAD,2023-07-22 21:52,10.00,6000.00,KIAD 222152Z VRB04KT 10SM FEW060 BKN160 29/14 A2985 RMK AO2 SLP105 T02940139
IAD,2023-07-22 22:52,10.00,5500.00,KIAD 222252Z 07003KT 10SM FEW055 SCT160 28/16 A2985 RMK AO2 SLP105 T02830156
IAD,2023-07-22 23:52,10.00,5500.00,KIAD 222352Z 10005KT 10SM FEW055 SCT160 26/16 A2986 RMK AO2 SLP109 T02610156 10300 20261 53001
IAD,2023-07-23 00:52,10.00,5000.00,KIAD 230052Z 00000KT 10SM FEW050 FEW160 23/16 A2987 RMK AO2 SLP112 T02280161
IAD,2023-07-23 01:52,10.00,M,KIAD 230152Z 00000KT 10SM CLR 21/17 A2988 RMK AO2 SLP116 T02110167
IAD,2023-07-23 02:52,10.00,M,KIAD 230252Z 16004KT 10SM CLR 19/16 A2989 RMK AO2 SLP120 T01890161 53010
IAD,2023-07-23 03:52,10.00,M,KIAD 230352Z 14004KT 10SM CLR 21/16 A2991 RMK AO2 SLP125 T02060161
IAD,2023-07-23 04:52,10.00,M,KIAD 230452Z 18003KT 10SM CLR 20/17 A2992 RMK AO2 SLP128 T02000167 403000189
IAD,2023-07-23 05:52,10.00,M,KIAD 230552Z 00000KT 10SM CLR 18/16 A2992 RMK AO2 SLP127 T01780161 10261 20178 50007
IAD,2023-07-23 06:52,10.00,M,KIAD 230652Z 00000KT 10SM CLR 18/17 A2991 RMK AO2 SLP126 T01830167
IAD,2023-07-23 07:52,10.00,M,KIAD 230752Z 00000KT 10SM CLR 18/16 A2991 RMK AO2 SLP125 T01780161
IAD,2023-07-23 08:52,10.00,M,KIAD 230852Z 00000KT 10SM CLR 17/16 A2992 RMK AO2 SLP129 T01670156 53002
IAD,2023-07-23 09:52,10.00,10000.00,KIAD 230952Z 00000KT 10SM SCT100 17/16 A2995 RMK AO2 SLP137 T01720156
IAD,2023-07-23 10:52,10.00,10000.00,KIAD 231052Z 00000KT 10SM FEW100 18/16 A2996 RMK AO2 SLP142 ACC SW-NW T01780161
IAD,2023-07-23 11:52,10.00,6000.00,KIAD 231152Z 21004KT 10SM FEW060 FEW120 FEW250 21/18 A2999 RMK AO2 SLP151 ACC S-W T02110178 10211 20161 53021
IAD,2023-07-23 12:52,10.00,6000.00,KIAD 231252Z VRB05KT 10SM FEW060 SCT100 SCT250 24/18 A3000 RMK AO2 SLP156 TCU DSNT SW T02390183
IAD,2023-07-23 13:52,10.00,3000.00,KIAD 231352Z VRB05KT 10SM FEW030 FEW090 FEW250 27/18 A3000 RMK AO2 SLP156 T02670183
IAD,2023-07-23 14:52,10.00,4000.00,KIAD 231452Z VRB03KT 10SM FEW040 FEW070 SCT120 28/18 A3000 RMK AO2 SLP157 ACC ALQDS T02830178 51006
IAD,2023-07-23 15:52,10.00,4500.00,KIAD 231552Z VRB03KT 10SM FEW045TCU FEW070 SCT120 SCT250 30/18 A3000 RMK AO2 SLP156 TCU E AND W T03000178
IAD,2023-07-23 16:52,10.00,5500.00,KIAD 231652Z 18005KT 10SM SCT055 SCT080 SCT250 30/14 A2999 RMK AO2 SLP154 T03000144
IAD,2023-07-23 17:52,10.00,7000.00,KIAD 231752Z VRB05KT 10SM SCT070 SCT120 BKN250 31/17 A2998 RMK AO2 SLP150 T03060167 10311 20211 58007
IAD,2023-07-23 18:52,10.00,6000.00,KIAD 231852Z 16007G20KT 10SM SCT060 BKN200 31/17 A2997 RMK AO2 SLP145 T03110167
IAD,2023-07-23 19:52,10.00,7000.00,KIAD 231952Z 17008KT 140V210 10SM FEW070 31/17 A2996 RMK AO2 SLP142 T03060172
IAD,2023-07-23 20:52,10.00,6000.00,KIAD 232052Z 17007KT 10SM BKN060 BKN110 30/17 A2995 RMK AO2 SLP140 T03000167 56010
IAD,2023-07-23 21:52,10.00,6000.00,KIAD 232152Z 19008KT 10SM SCT060 BKN120 BKN250 31/17 A2996 RMK AO2 SLP142 T03060167
IAD,2023-07-23 22:52,10.00,7000.00,KIAD 232252Z 17008KT 10SM FEW070 SCT110 29/17 A2997 RMK AO2 SLP146 T02940172
IAD,2023-07-23 23:52,10.00,8000.00,KIAD 232352Z 16006KT 10SM FEW080 FEW120 28/18 A2999 RMK AO2 SLP152 T02780178 10317 20278 53012
IAD,2023-07-24 00:52,10.00,6500.00,KIAD 240052Z COR 16004KT 10SM FEW065TCY SCT120 27/18 A3001 RMK AO2 SLP158 T02670178 TCU W-N
IAD,2023-07-24 01:52,10.00,10000.00,KIAD 240152Z 15004KT 10SM FEW100 26/19 A3003 RMK AO2 SLP165 T02560189
IAD,2023-07-24 02:52,10.00,M,KIAD 240252Z 16004KT 10SM CLR 24/19 A3003 RMK AO2 SLP166 T02440194 51015
IAD,2023-07-24 03:52,10.00,M,KIAD 240352Z 16003KT 10SM CLR 24/19 A3004 RMK AO2 SLP170 T02390194
IAD,2023-07-24 04:52,10.00,12000.00,KIAD 240452Z 17005KT 10SM FEW120 23/19 A3004 RMK AO2 SLP170 T02330194 403170161
IAD,2023-07-24 05:52,10.00,14000.00,KIAD 240552Z 17005KT 10SM SCT140 23/19 A3005 RMK AO2 SLP170 T02330194 10278 20228 51004
IAD,2023-07-24 06:52,10.00,11000.00,KIAD 240652Z 16005KT 10SM BKN110 24/19 A3005 RMK AO2 SLP171 T02390194
IAD,2023-07-24 07:52,10.00,5500.00,KIAD 240752Z 16005KT 10SM FEW055 SCT070 BKN110 23/19 A3005 RMK AO2 SLP171 T02330194
IAD,2023-07-24 08:52,10.00,2300.00,KIAD 240852Z 19004KT 10SM FEW023 BKN034 BKN070 23/20 A3005 RMK AO2 SLP171 OCNL LTG DSNT NE-E T02330200 51001
IAD,2023-07-24 09:52,10.00,3000.00,KIAD 240952Z 18005KT 10SM SCT030 SCT040 BKN070 23/20 A3006 RMK AO2 SLP176 OCNL LTG DSNT NE-E T02330200
IAD,2023-07-24 10:52,10.00,2200.00,KIAD 241052Z 17004KT 10SM FEW022 SCT045 SCT070 BKN140 23/20 A3007 RMK AO2 SLP177 T02280200
IAD,2023-07-24 11:52,10.00,4500.00,KIAD 241152Z 15006KT 10SM FEW045TCU SCT100 BKN140 BKN250 24/21 A3008 RMK AO2 SLP183 TCU N-SW T02390206 10239 20228 53012
IAD,2023-07-24 12:52,10.00,900.00,KIAD 241252Z 13006KT 10SM FEW009 SCT016 BKN070 BKN130 BKN250 25/21 A3010 RMK AO2 SLP188 T02500206
IAD,2023-07-24 13:52,10.00,600.00,KIAD 241352Z 16007KT 10SM FEW006 SCT020 SCT065 BKN130 BKN250 26/20 A3010 RMK AO2 SLP190 T02610200
IAD,2023-07-24 14:52,10.00,2400.00,KIAD 241452Z 13007KT 090V150 10SM BKN024 BKN060 BKN140 BKN250 27/22 A3011 RMK AO2 SLP191 T02720217 51008
IAD,2023-07-24 15:52,10.00,2600.00,KIAD 241552Z 18007KT 10SM BKN026 BKN050 BKN250 28/21 A3010 RMK AO2 SLP190 T02830206
IAD,2023-07-24 16:52,10.00,3000.00,KIAD 241652Z 17008G15KT 10SM BKN030 BKN042 BKN120 BKN250 29/21 A3009 RMK AO2 SLP186 T02940206
IAD,2023-07-24 17:52,10.00,3800.00,KIAD 241752Z 15011G19KT 10SM BKN038 BKN046 BKN120 BKN250 29/20 A3007 RMK AO2 LTG DSNT NW SLP180 TCU DSNT E-SE T02940200 10300 20239 58010
IAD,2023-07-24 18:52,10.00,3900.00,KIAD 241852Z 15009G17KT 10SM BKN039 BKN140 30/19 A3007 RMK AO2 SLP177 T03000194
IAD,2023-07-24 19:52,10.00,4200.00,KIAD 241952Z 16007KT 10SM BKN042 BKN140 31/21 A3006 RMK AO2 SLP174 T03060206
IAD,2023-07-24 20:52,10.00,6000.00,KIAD 242052Z 17007KT 10SM SCT060 BKN120 31/21 A3004 RMK AO2 SLP168 T03060206 58012
IAD,2023-07-24 21:52,10.00,4100.00,KIAD 242152Z 15006KT 10SM BKN041 BKN140 30/21 A3004 RMK AO2 SLP169 T03000206
IAD,2023-07-24 22:52,10.00,4600.00,KIAD 242252Z 16007KT 10SM FEW046 SCT250 29/21 A3004 RMK AO2 SLP168 T02940206
IAD,2023-07-24 23:52,10.00,6000.00,KIAD 242352Z 16006KT 10SM FEW060 SCT200 28/21 A3004 RMK AO2 SLP169 T02830206 10306 20283 53001
IAD,2023-07-25 00:52,10.00,10000.00,KIAD 250052Z 16006KT 10SM FEW100 27/21 A3005 RMK AO2 SLP171 T02670211
IAD,2023-07-25 01:52,10.00,M,KIAD 250152Z 17007KT 10SM CLR 26/22 A3006 RMK AO2 SLP176 T02610217
IAD,2023-07-25 02:52,10.00,20000.00,KIAD 250252Z 17005KT 10SM SCT200 25/22 A3008 RMK AO2 SLP183 OCNL LTG DSNT W T02500217 53013
IAD,2023-07-25 03:52,10.00,20000.00,KIAD 250352Z 17006KT 10SM BKN200 25/22 A3008 RMK AO2 SLP183 OCNL LTG DSNT SW T02500222
IAD,2023-07-25 04:52,10.00,12000.00,KIAD 250452Z 17004KT 10SM BKN120 BKN170 25/22 A3009 RMK AO2 SLP185 T02500222 403060228
IAD,2023-07-25 05:52,10.00,6500.00,KIAD 250552Z 16004KT 10SM FEW065 SCT120 SCT170 24/22 A3007 RMK AO2 RAB07E35 SLP180 P0000 60000 T02390222 10283 20239 58003
IAD,2023-07-25 06:52,10.00,9000.00,KIAD 250652Z 16003KT 10SM SCT090 BKN110 23/22 A3006 RMK AO2 SLP177 T02330217
IAD,2023-07-25 07:52,10.00,1200.00,KIAD 250752Z 16003KT 10SM FEW012 SCT090 SCT110 23/22 A3006 RMK AO2 SLP175 T02280217
IAD,2023-07-25 08:52,10.00,900.00,KIAD 250852Z 18003KT 10SM OVC009 23/22 A3006 RMK AO2 SLP177 T02330217 55000
IAD,2023-07-25 09:52,10.00,700.00,KIAD 250952Z 22003KT 10SM OVC007 23/22 A3007 RMK AO2 SLP179 T02330222
IAD,2023-07-25 10:52,4.00,300.00,KIAD 251052Z 19004KT 4SM BR OVC003 23/22 A3008 RMK AO2 SLP182 T02280217
IAD,2023-07-25 11:52,6.00,500.00,KIAD 251152Z 00000KT 6SM R01R/1000V1200FT BR BKN005 BKN090 23/22 A3008 RMK AO2 SLP182 T02330217 10239 20228 50005
IAD,2023-07-25 12:52,6.00,800.00,KIAD 251252Z 26004KT 6SM HZ OVC008 24/22 A3010 RMK AO2 SLP191 T02440217
IAD,2023-07-25 13:52,7.00,1000.00,KIAD 251352Z 00000KT 7SM FEW010 SCT110 BKN250 26/22 A3010 RMK AO2 SLP190 T02610217
IAD,2023-07-25 14:52,10.00,1200.00,KIAD 251452Z 00000KT 10SM FEW012 SCT120 BKN250 29/22 A3010 RMK AO2 SLP190 T02890217 50008
IAD,2023-07-25 15:52,10.00,3000.00,KIAD 251552Z VRB05KT 10SM FEW030 SCT110 SCT250 31/21 A3010 RMK AO2 SLP189 T03060206
IAD,2023-07-25 16:52,10.00,3300.00,KIAD 251652Z 00000KT 10SM FEW033 SCT040 31/21 A3008 RMK AO2 LTG DSNT E SLP182 T03110206
IAD,2023-07-25 17:52,10.00,5500.00,KIAD 251752Z VRB03KT 10SM BKN055 BKN070 31/18 A3005 RMK AO2 LTG DSNT E SLP173 T03060183 10322 20233 58016
IAD,2023-07-25 18:52,10.00,3800.00,KIAD 251852Z 32007G15KT 10SM FEW038 BKN060 32/17 A3004 RMK AO2 SLP168 T03220172
IAD,2023-07-25 19:52,10.00,6000.00,KIAD 251952Z 27007KT 10SM SCT060 BKN100 32/17 A3003 RMK AO2 SLP164 T03170167
IAD,2023-07-25 20:52,10.00,7000.00,KIAD 252052Z VRB06KT 10SM BKN070 BKN085 33/18 A3002 RMK AO2 SLP162 T03330178 56011
IAD,2023-07-25 21:52,10.00,6500.00,KIAD 252152Z 33006KT 10SM BKN065 BKN100 32/17 A3002 RMK AO2 LTG DSNT W SLP161 T03220167
IAD,2023-07-25 22:52,10.00,6000.00,KIAD 252252Z 04008KT 10SM -TSRA BKN060CB BKN100 29/17 A3002 RMK AO2 RAB52 TSB52 SLP162 OCNL LTGIC S-W TS S-W MOV E P0000 T02940172
IAD,2023-07-25 23:52,10.00,6500.00,KIAD 252352Z 26008KT 10SM -TSRA BKN065CB OVC110 26/19 A3007 RMK AO2 RAE10B51 SLP178 OCNL LTGICCG S TS S MOV E P0000 60000 T02560189 10339 20256 53015
IAD,2023-07-26 00:52,10.00,6000.00,KIAD 260052Z 00000KT 10SM BKN060CB BKN100 OVC200 23/19 A3009 RMK AO2 LTG DSNT SE AND S RAE34 TSE21 SLP185 TS MOV E CB ALQDS MOV E P0000 T02280194
IAD,2023-07-26 01:52,10.00,6000.00,KIAD 260152Z 00000KT 10SM SCT060CB BKN100 BKN200 22/19 A3010 RMK AO2 SLP191 CB ALQDS MOV E T02220194
IAD,2023-07-26 02:52,10.00,25000.00,KIAD 260252Z 00000KT 10SM FEW250 22/19 A3011 RMK AO2 SLP192 60000 T02220189 51014
IAD,2023-07-26 03:52,10.00,8500.00,KIAD 260352Z 00000KT 10SM FEW085 22/19 A3010 RMK AO2 SLP189 T02170194
IAD,2023-07-26 04:52,10.00,M,KIAD 260452Z 00000KT 10SM CLR 21/19 A3011 RMK AO2 SLP191 T02110194 403390211
IAD,2023-07-26 05:52,10.00,M,KIAD 260552Z 00000KT 10SM CLR 20/19 A3011 RMK AO2 SLP192 60000 T02000194 10256 20194 56001
IAD,2023-07-26 06:52,10.00,M,KIAD 260652Z 30003KT 10SM CLR 19/18 A3011 RMK AO2 SLP191 T01940183
IAD,2023-07-26 07:52,10.00,M,KIAD 260752Z 00000KT 10SM CLR 19/18 A3011 RMK AO2 SLP192 T01940183
IAD,2023-07-26 08:52,10.00,M,KIAD 260852Z 19004KT 10SM CLR 19/18 A3011 RMK AO2 SLP193 T01890183 53002
IAD,2023-07-26 09:52,4.00,M,KIAD 260952Z 00000KT 4SM BR CLR 19/18 A3011 RMK AO2 SLP193 T01940183
IAD,2023-07-26 10:52,7.00,M,KIAD 261052Z 00000KT 7SM CLR 19/19 A3013 RMK AO2 SLP199 T01940189
IAD,2023-07-26 11:52,10.00,300.00,KIAD 261152Z 00000KT 10SM FEW003 22/20 A3015 RMK AO2 SLP208 FU FEW003 T02220200 10222 20183 53014
IAD,2023-07-26 12:52,10.00,M,KIAD 261252Z 00000KT 10SM CLR 24/21 A3016 RMK AO2 SLP211 T02440211
IAD,2023-07-26 13:52,10.00,M,KIAD 261352Z 00000KT 10SM CLR 27/21 A3015 RMK AO2 SLP208 T02720206
IAD,2023-07-26 14:52,10.00,3000.00,KIAD 261452Z 00000KT 10SM FEW030 29/21 A3014 RMK AO2 SLP203 T02890211 58005
IAD,2023-07-26 15:52,10.00,3000.00,KIAD 261552Z VRB04KT 10SM FEW030 30/20 A3013 RMK AO2 SLP199 T03000200
IAD,2023-07-26 16:52,10.00,3000.00,KIAD 261652Z 18005KT 10SM FEW030 31/20 A3011 RMK AO2 SLP194 T03110200
IAD,2023-07-26 17:52,10.00,3000.00,KIAD 261752Z VRB04KT 10SM FEW030 32/19 A3010 RMK AO2 SLP189 T03170194 10322 20222 58013
IAD,2023-07-26 18:52,10.00,5000.00,KIAD 261852Z 15006G15KT 10SM SCT050 32/20 A3008 RMK AO2 SLP182 T03220200
IAD,2023-07-26 19:52,10.00,5500.00,KIAD 261952Z COR 20005KT 10SM SCT055 33/20 A3006 RMK AO2 SLP175 T03280200
IAD,2023-07-26 20:52,10.00,6000.00,KIAD 262052Z 15007G17KT 10SM FEW060 32/20 A3005 RMK AO2 SLP172 T03170200 56018
IAD,2023-07-26 21:52,10.00,5000.00,KIAD 262152Z 15009KT 10SM FEW050 32/21 A3004 RMK AO2 SLP167 T03220211
IAD,2023-07-26 22:52,10.00,5000.00,KIAD 262252Z 17008KT 10SM FEW050 FEW250 31/21 A3003 RMK AO2 SLP166 T03110211
IAD,2023-07-26 23:52,10.00,11000.00,KIAD 262352Z 17008KT 10SM FEW110 FEW250 30/21 A3003 RMK AO2 SLP165 T03000211 10333 20300 56006
IAD,2023-07-27 00:52,10.00,25000.00,KIAD 270052Z 16005KT 10SM FEW250 28/23 A3003 RMK AO2 SLP165 T02780233
IAD,2023-07-27 01:52,10.00,25000.00,KIAD 270152Z 17007KT 10SM FEW250 28/23 A3003 RMK AO2 SLP165 T02780233
IAD,2023-07-27 02:52,10.00,M,KIAD 270252Z 17007KT 10SM CLR 27/24 A3003 RMK AO2 SLP164 T02720239 58002
IAD,2023-07-27 03:52,10.00,M,KIAD 270352Z 19006KT 10SM CLR 27/24 A3004 RMK AO2 SLP167 T02670239
IAD,2023-07-27 04:52,10.00,M,KIAD 270452Z 17005KT 10SM CLR 26/24 A3003 RMK AO2 SLP164 T02560239 403330183
IAD,2023-07-27 05:52,10.00,M,KIAD 270552Z 19005KT 10SM CLR 25/24 A3001 RMK AO2 SLP158 T02500239 10300 20250 58005
IAD,2023-07-27 06:52,10.00,M,KIAD 270652Z 18007KT 10SM CLR 25/24 A2999 RMK AO2 SLP151 T02500239
IAD,2023-07-27 07:52,10.00,M,KIAD 270752Z 19006KT 10SM CLR 25/23 A2998 RMK AO2 SLP148 T02500233
IAD,2023-07-27 08:52,10.00,M,KIAD 270852Z 19006KT 10SM CLR 24/23 A2998 RMK AO2 SLP147 T02440228 56012
IAD,2023-07-27 09:52,10.00,12000.00,KIAD 270952Z 19007KT 10SM BKN120 24/22 A2998 RMK AO2 SLP150 T02440222
IAD,2023-07-27 10:52,10.00,12000.00,KIAD 271052Z 20007KT 10SM BKN120 BKN200 25/22 A2999 RMK AO2 SLP152 T02500217
IAD,2023-07-27 11:52,10.00,12000.00,KIAD 271152Z 19007KT 10SM BKN120 26/22 A3001 RMK AO2 SLP158 T02560217 10256 20244 53011
IAD,2023-07-27 12:52,10.00,11000.00,KIAD 271252Z 19009KT 10SM BKN110 28/22 A3002 RMK AO2 SLP160 T02780222
IAD,2023-07-27 13:52,10.00,12000.00,KIAD 271352Z 21012KT 10SM BKN120 29/22 A3001 RMK AO2 SLP160 T02890222
IAD,2023-07-27 14:52,10.00,12000.00,KIAD 271452Z 21008KT 10SM BKN120 29/23 A3002 RMK AO2 SLP161 T02940228 51003
IAD,2023-07-27 15:52,10.00,12000.00,KIAD 271552Z 19008KT 10SM BKN120 BKN220 31/23 A3001 RMK AO2 SLP160 T03060228
IAD,2023-07-27 16:52,10.00,12000.00,KIAD 271652Z 21010KT 10SM SCT120 BKN220 31/23 A3001 RMK AO2 SLP157 T03110228
IAD,2023-07-27 17:52,10.00,13000.00,KIAD 271752Z 22008KT 10SM BKN130 BKN250 33/23 A2999 RMK AO2 SLP152 T03330228 10333 20256 58008
IAD,2023-07-27 18:52,10.00,5000.00,KIAD 271852Z 20009KT 10SM FEW050 SCT130 SCT250 35/22 A2997 RMK AO2 SLP145 ACC W-NW T03500217
IAD,2023-07-27 19:52,10.00,6000.00,KIAD 271952Z 21012G18KT 10SM FEW060 FEW130 SCT250 36/21 A2994 RMK AO2 LTG DSNT NW SLP135 CB DSNT NW MOV E T03610211
IAD,2023-07-27 20:52,10.00,6000.00,KIAD 272052Z 23012G21KT 10SM FEW060CB FEW120 FEW250 36/21 A2993 RMK AO2 LTG DSNT N AND NW SLP131 CB N AND NW MOV E T03610211 56021
IAD,2023-07-27 21:52,10.00,5000.00,KIAD 272152Z 01009G16KT 10SM SCT050CB BKN075 BKN120 BKN150 BKN250 32/21 A2995 RMK AO2 LTG DSNT W-NE SLP138 CB N AND SW-NW MOV E T03170206
IAD,2023-07-27 22:52,6.00,1000.00,KIAD 272252Z 36005G17KT 6SM TSRA FEW010 SCT039CB BKN070 BKN130 BKN150 BKN250 25/19 A2997 RMK AO2 PK WND 32035/2233 RAB27 TSB15 PRESFR SLP145 FRQ LTGICCG ALQDS TS ALQDS MOV SE P0007 T02500194
IAD,2023-07-27 23:52,10.00,3200.00,KIAD 272352Z 22006KT 10SM FEW032CB SCT080 BKN120 BKN150 BKN250 25/23 A2998 RMK AO2 LTG DSNT W-N RAE07 TSE08 SLP149 CB W-NW MOV SE P0000 60007 T02500228 10367 20239 51017
IAD,2023-07-28 00:52,10.00,7500.00,KIAD 280052Z 21003KT 10SM FEW075TCU SCT130 BKN160 BKN250 24/22 A3000 RMK AO2 SLP153 TCU OHD AND W T02440222
IAD,2023-07-28 01:52,10.00,7000.00,KIAD 280152Z 13004KT 10SM FEW070 SCT140 BKN250 23/22 A2999 RMK AO2 SLP153 T02330217
IAD,2023-07-28 02:52,10.00,14000.00,KIAD 280252Z 18003KT 10SM SCT140 BKN250 23/22 A3001 RMK AO2 SLP158 T02330217 52010
IAD,2023-07-28 03:52,10.00,25000.00,KIAD 280352Z 00000KT 10SM BKN250 23/22 A3001 RMK AO2 SLP159 T02280217
IAD,2023-07-28 04:52,10.00,25000.00,KIAD 280452Z 00000KT 10SM BKN250 23/22 A3002 RMK AO2 SLP161 T02330217 403670222
IAD,2023-07-28 05:52,10.00,25000.00,KIAD 280552Z 00000KT 10SM BKN250 23/22 A3002 RMK AO2 SLP161 T02280217 10250 20222 50003
IAD,2023-07-28 06:52,10.00,M,KIAD 280652Z 00000KT 10SM CLR 23/22 A3002 RMK AO2 SLP162 T02280217
IAD,2023-07-28 07:52,10.00,6500.00,KIAD 280752Z 00000KT 10SM BKN065 23/22 A3001 RMK AO2 SLP158 T02330222
IAD,2023-07-28 08:52,10.00,6500.00,KIAD 280852Z 00000KT 10SM FEW065 SCT250 23/22 A3003 RMK AO2 SLP164 T02280217 53003
IAD,2023-07-28 09:52,10.00,3300.00,KIAD 280952Z 00000KT 10SM FEW033 FEW140 23/22 A3004 RMK AO2 SLP168 T02280217
IAD,2023-07-28 10:52,10.00,3500.00,KIAD 281052Z 00000KT 10SM FEW035 FEW140 23/22 A3005 RMK AO2 SLP174 T02330222
IAD,2023-07-28 11:52,10.00,3500.00,KIAD 281152Z 00000KT 10SM FEW035 FEW140 27/24 A3006 RMK AO2 SLP175 70007 T02670239 10267 20222 51010
IAD,2023-07-28 12:52,10.00,M,KIAD 281252Z 00000KT 10SM CLR 30/23 A3007 RMK AO2 SLP177 T03000233
IAD,2023-07-28 13:52,10.00,6000.00,KIAD 281352Z 00000KT 10SM FEW060 32/23 A3007 RMK AO2 SLP178 T03170228
IAD,2023-07-28 14:52,10.00,5000.00,KIAD 281452Z 32003KT 10SM FEW050 33/23 A3007 RMK AO2 SLP177 T03280228 50003
IAD,2023-07-28 15:52,10.00,5000.00,KIAD 281552Z VRB03KT 10SM FEW050 34/22 A3005 RMK AO2 SLP172 T03390217
IAD,2023-07-28 16:52,10.00,5000.00,KIAD 281652Z VRB05KT 10SM FEW050 35/22 A3003 RMK AO2 SLP166 T03500222
IAD,2023-07-28 17:52,10.00,5000.00,KIAD 281752Z 21004KT 10SM FEW050 FEW200 34/22 A3001 RMK AO2 SLP160 T03440222 10361 20267 58017
IAD,2023-07-28 18:52,10.00,6000.00,KIAD 281852Z 22006KT 10SM BKN060 BKN120 37/22 A2999 RMK AO2 SLP153 T03670222
IAD,2023-07-28 19:52,10.00,6000.00,KIAD 281952Z 15003KT 10SM FEW060 FEW120 36/23 A2996 RMK AO2 SLP141 T03610228
IAD,2023-07-28 20:52,10.00,5500.00,KIAD 282052Z 15008KT 10SM FEW055 FEW140 36/23 A2994 RMK AO2 LTG DSNT W AND NW SLP136 T03560233 56024
IAD,2023-07-28 21:52,9.00,3500.00,KIAD 282152Z 16008KT 9SM TS SCT035CB BKN065 BKN090 31/25 A2994 RMK AO2 RAB34E48 TSB41 SLP135 OCNL LTGICCA OHD TS OHD MOV NE P0001 T03110250
IAD,2023-07-28 22:52,10.00,3000.00,KIAD 282252Z 34007KT 10SM TS FEW030 SCT044CB BKN070 BKN130 28/22 A2996 RMK AO2 PK WND 22027/2213 WSHFT 2231 SLP142 OCNL LTGICCC OHD- NE TS OHD MOV NE T02830217
IAD,2023-07-28 23:52,10.00,6000.00,KIAD 282352Z 24008KT 10SM BKN060 BKN080 OVC120 27/21 A2998 RMK AO2 LTG DSNT ALQDS TSE2254 SLP147 TS MOV NE 60001 T02720211 10367 20272 51012
IAD,2023-07-29 00:52,7.00,6500.00,KIAD 290052Z 16005KT 7SM -RA BKN065 BKN120 24/23 A2998 RMK AO2 LTG DSNT E-SW RAB2353 TSE50 SLP147 P0003 T02440228
IAD,2023-07-29 01:52,10.00,6500.00,KIAD 290152Z 00000KT 10SM FEW065 BKN120 24/22 A2999 RMK AO2 LTG DSNT SE AND S RAE31 SLP153 P0000 T02390217
IAD,2023-07-29 02:52,10.00,9000.00,KIAD 290252Z 25003KT 10SM SCT090 BKN160 BKN250 24/22 A3000 RMK AO2 SLP155 60003 T02440217 53008
IAD,2023-07-29 03:52,10.00,6000.00,KIAD 290352Z 29003KT 10SM -RA FEW060 SCT090 BKN120 OVC250 24/22 A2997 RMK AO2 RAB19 SLP146 P0000 T02440217
IAD,2023-07-29 04:52,10.00,12000.00,KIAD 290452Z 20005KT 10SM FEW120 BKN150 24/22 A2996 RMK AO2 RAE0354 SLP142 P0000 T02390222 403670222
IAD,2023-07-29 05:52,10.00,12000.00,KIAD 290552Z 18004KT 10SM FEW120 FEW150 SCT250 23/22 A2996 RMK AO2 SLP143 60003 T02280217 10272 20228 55012
IAD,2023-07-29 06:52,10.00,15000.00,KIAD 290652Z 18004KT 10SM FEW150 FEW250 23/22 A2994 RMK AO2 SLP136 T02280217
IAD,2023-07-29 07:52,10.00,12000.00,KIAD 290752Z 21008KT 10SM FEW120 23/22 A2994 RMK AO2 SLP136 T02280217
IAD,2023-07-29 08:52,10.00,9000.00,KIAD 290852Z 18004KT 10SM SCT090 23/22 A2995 RMK AO2 SLP137 T02280217 55005
IAD,2023-07-29 09:52,10.00,9000.00,KIAD 290952Z 20004KT 10SM SCT090 SCT250 22/21 A2995 RMK AO2 SLP139 T02220206
IAD,2023-07-29 10:52,10.00,4000.00,KIAD 291052Z 20005KT 10SM FEW040 SCT090 BKN250 23/21 A2997 RMK AO2 SLP145 T02280206
IAD,2023-07-29 11:52,10.00,4400.00,KIAD 291152Z 19006KT 10SM FEW044 BKN090 BKN250 24/21 A2996 RMK AO2 SLP143 70004 T02390211 10239 20222 50005
IAD,2023-07-29 12:52,10.00,4500.00,KIAD 291252Z 21003KT 10SM FEW045 SCT090 BKN200 26/22 A2994 RMK AO2 SLP135 T02560217
IAD,2023-07-29 13:52,10.00,4000.00,KIAD 291352Z 22003KT 10SM FEW040 SCT100 BKN200 28/22 A2994 RMK AO2 SLP136 T02780222
IAD,2023-07-29 14:52,10.00,4400.00,KIAD 291452Z 19004KT 10SM FEW044 SCT100 BKN200 31/22 A2991 RMK AO2 PRESFR SLP125 T03110222 58017
IAD,2023-07-29 15:52,10.00,4400.00,KIAD 291552Z 20008KT 10SM FEW044 SCT200 33/22 A2986 RMK AO2 PRESFR SLP109 T03280222
IAD,2023-07-29 16:52,10.00,4500.00,KIAD 291652Z 21007G19KT 10SM FEW045 SCT200 34/22 A2983 RMK AO2 SLP098 T03390222
IAD,2023-07-29 17:52,10.00,4600.00,KIAD 291752Z 23008G21KT 10SM FEW046 SCT200 36/22 A2980 RMK AO2 SLP089 T03560222 10356 20239 56036
IAD,2023-07-29 18:52,10.00,5000.00,KIAD 291852Z 24011G20KT 10SM FEW050 FEW250 36/22 A2979 RMK AO2 SLP085 T03610222
IAD,2023-07-29 19:52,10.00,2000.00,KIAD 291952Z 20013G23KT 10SM TS FEW020 SCT055CB SCT110 SCT150 BKN250 36/23 A2976 RMK AO2 SLP073 FRQ LTGICCG NE-OHD-SW TS NE-OHD-SW MOV SE T03560233 $
IAD,2023-07-29 20:52,8.00,700.00,KIAD 292052Z 27006G17KT 8SM -TSRA FEW007 FEW050CB SCT095 BKN150 BKN250 26/23 A2975 RMK AO2 PK WND 29037/2019 WSHFT 2004 RAB13 SLP072 FRQ LTGICCG NE-SW TS NE-SW MOV SE P0025 60025 T02610233 56018
IAD,2023-07-29 21:52,10.00,5000.00,KIAD 292152Z 18005KT 10SM FEW050 SCT080 BKN150 BKN250 29/24 A2977 RMK AO2 RAE2056 TSE34 SLP077 CB DSNT E-SE MOV SE P0000 T02940244
IAD,2023-07-29 22:52,10.00,5000.00,KIAD 292252Z 30016G22KT 10SM FEW050 FEW090 BKN110 BKN150 BKN250 33/19 A2979 RMK AO2 LTG DSNT SE SLP085 CB DSNT E-SW MOV SE T03330194
IAD,2023-07-29 23:52,10.00,8000.00,KIAD 292352Z 33014G28KT 10SM FEW080 FEW110 BKN250 29/19 A2983 RMK AO2 PK WND 34032/2334 SLP097 CB DSNT E-SW MOV SE 60025 T02940189 10367 20261 53026
IAD,2023-07-30 00:52,10.00,8000.00,KIAD 300052Z 32010G19KT 10SM FEW080 FEW110 SCT140 BKN250 28/18 A2987 RMK AO2 SLP110 FRQ LTGIC DSNT SE CB DSNT SE MOV SE T02830183
IAD,2023-07-30 01:52,10.00,8000.00,KIAD 300152Z 32010KT 10SM FEW080 FEW100 SCT250 27/18 A2989 RMK AO2 SLP118 T02720183
IAD,2023-07-30 02:52,10.00,10000.00,KIAD 300252Z 30008KT 10SM FEW100 SCT250 26/18 A2992 RMK AO2 SLP128 T02610178 51031
IAD,2023-07-30 03:52,10.00,10000.00,KIAD 300352Z 31005KT 10SM FEW100 SCT250 26/18 A2993 RMK AO2 SLP130 T02560183
IAD,2023-07-30 04:52,10.00,10000.00,KIAD 300452Z 30007KT 10SM FEW100 BKN250 25/18 A2992 RMK AO2 SLP126 T02500183 403670222
IAD,2023-07-30 05:52,10.00,25000.00,KIAD 300552Z 33008KT 10SM SCT250 25/18 A2992 RMK AO2 SLP127 T02500183 10294 20244 58001
IAD,2023-07-30 06:52,10.00,10000.00,KIAD 300652Z 35011KT 10SM FEW100 SCT250 24/19 A2991 RMK AO2 SLP123 T02440189
IAD,2023-07-30 07:52,10.00,10000.00,KIAD 300752Z 34011KT 10SM FEW100 FEW250 24/18 A2991 RMK AO2 SLP124 T02390183
IAD,2023-07-30 08:52,10.00,4000.00,KIAD 300852Z 01008KT 10SM FEW040 FEW100 SCT250 23/18 A2993 RMK AO2 SLP133 T02330183 53005
IAD,2023-07-30 09:52,10.00,10000.00,KIAD 300952Z 36003KT 10SM FEW100 SCT250 21/17 A2997 RMK AO2 SLP146 T02110172 $
IAD,2023-07-30 10:52,10.00,10000.00,KIAD 301052Z 31005KT 10SM SCT100 SCT200 22/17 A2999 RMK AO2 SLP152 T02220172 $
IAD,2023-07-30 11:52,10.00,10000.00,KIAD 301152Z 34010KT 10SM FEW100 SCT200 23/16 A3001 RMK AO2 SLP157 70025 T02330156 10250 20211 51024 $
IAD,2023-07-30 12:52,10.00,10000.00,KIAD 301252Z 36009KT 10SM FEW100 SCT200 24/16 A3002 RMK AO2 SLP161 T02440156 $
IAD,2023-07-30 13:52,10.00,10000.00,KIAD 301352Z 36006KT 10SM FEW100 FEW200 26/15 A3002 RMK AO2 SLP163 T02560150 $
IAD,2023-07-30 14:52,10.00,10000.00,KIAD 301452Z 04005KT 10SM FEW100 FEW200 27/14 A3003 RMK AO2 SLP165 T02670144 51008 $
IAD,2023-07-30 15:52,10.00,3300.00,KIAD 301552Z 03007KT 10SM FEW033 FEW100 28/14 A3003 RMK AO2 SLP164 T02780139 $
IAD,2023-07-30 16:52,10.00,3800.00,KIAD 301652Z 36006KT 10SM FEW038 FEW150 28/13 A3001 RMK AO2 SLP158 T02830133 $
IAD,2023-07-30 17:52,10.00,4400.00,KIAD 301752Z VRB06KT 10SM FEW044 FEW200 29/14 A2999 RMK AO2 SLP152 T02940144 10294 20233 58013 $
IAD,2023-07-30 18:52,10.00,5500.00,KIAD 301852Z 25004G14KT 10SM FEW055 FEW250 29/14 A2997 RMK AO2 SLP146 T02890139 $
IAD,2023-07-30 19:52,10.00,6500.00,KIAD 301952Z VRB04KT 10SM FEW065 FEW250 31/15 A2996 RMK AO2 SLP141 T03110150 $
IAD,2023-07-30 20:52,10.00,7000.00,KIAD 302052Z VRB05KT 10SM FEW070 FEW250 31/14 A2994 RMK AO2 SLP136 T03060144 56016 $
IAD,2023-07-30 21:52,10.00,7000.00,KIAD 302152Z 02005KT 10SM FEW070 FEW250 30/13 A2994 RMK AO2 SLP135 T03000128 $
IAD,2023-07-30 22:52,10.00,8500.00,KIAD 302252Z 03006KT 10SM FEW085 FEW110 FEW250 29/14 A2993 RMK AO2 SLP133 T02940139 $
IAD,2023-07-30 23:52,10.00,8500.00,KIAD 302352Z 06007KT 10SM FEW085 FEW110 FEW250 28/13 A2994 RMK AO2 SLP137 T02780128 10311 20278 55000 $
IAD,2023-07-31 00:52,10.00,8000.00,KIAD 310052Z 11004KT 10SM FEW080 FEW110 25/14 A2995 RMK AO2 SLP140 T02500139 $
IAD,2023-07-31 01:52,10.00,9000.00,KIAD 310152Z 11005KT 10SM FEW090 SCT120 24/14 A2996 RMK AO2 SLP144 T02390144 $
IAD,2023-07-31 02:52,10.00,8000.00,KIAD 310252Z 14003KT 10SM FEW080 FEW120 23/15 A2997 RMK AO2 SLP146 T02330150 52009 $
IAD,2023-07-31 03:52,10.00,11000.00,KIAD 310352Z 13004KT 10SM BKN110 22/17 A2996 RMK AO2 SLP143 T02220167 $
IAD,2023-07-31 04:52,10.00,7000.00,KIAD 310452Z 02007KT 10SM BKN070 OVC110 24/17 A2998 RMK AO2 SLP146 T02390172 403110211 $
IAD,2023-07-31 05:52,10.00,7000.00,KIAD 310552Z 01008G17KT 10SM SCT070 OVC085 23/16 A2999 RMK AO2 RAB17E29 SLP151 P0000 60000 T02280156 10272 20222 53005 $
IAD,2023-07-31 06:52,10.00,5000.00,KIAD 310652Z 00000KT 10SM -RA FEW050 SCT090 BKN110 20/18 A2997 RMK AO2 RAB0557 SLP147 P0009 T02000178 $
IAD,2023-07-31 07:52,10.00,12000.00,KIAD 310752Z 00000KT 10SM -RA BKN120 19/18 A2995 RMK AO2 SLP139 P0000 T01940183 $
IAD,2023-07-31 08:52,10.00,12000.00,KIAD 310852Z 32007KT 10SM FEW120 19/18 A2997 RMK AO2 RAE26 SLP144 P0000 60009 T01940183 55007 $
IAD,2023-07-31 09:52,10.00,12000.00,KIAD 310952Z 34006KT 10SM BKN120 19/17 A2997 RMK AO2 SLP146 T01940172 $
IAD,2023-07-31 10:52,10.00,5000.00,KIAD 311052Z 27004KT 10SM FEW050 BKN120 20/18 A3000 RMK AO2 SLP154 T02000178 $
IAD,2023-07-31 11:52,10.00,5000.00,KIAD 311152Z 33004KT 10SM FEW050 BKN120 21/17 A3001 RMK AO2 SLP161 60009 70009 T02110172 10228 20194 53016
IAD,2023-07-31 12:52,10.00,13000.00,KIAD 311252Z 33006KT 10SM SCT130 BKN170 23/17 A3003 RMK AO2 SLP166 T02330172
IAD,2023-07-31 13:52,10.00,3000.00,KIAD 311352Z 32006KT 10SM FEW030 SCT180 25/17 A3002 RMK AO2 SLP164 T02500172
IAD,2023-07-31 14:52,10.00,2900.00,KIAD 311452Z 35007KT 10SM FEW029 SCT180 26/16 A3003 RMK AO2 SLP166 T02610161 51006
IAD,2023-07-31 15:52,10.00,3500.00,KIAD 311552Z 35006G15KT 10SM SCT035 SCT200 27/16 A3004 RMK AO2 SLP169 T02720156
IAD,2023-07-31 16:52,10.00,5500.00,KIAD 311652Z 34009G18KT 10SM SCT055 SCT220 28/16 A3003 RMK AO2 SLP164 T02780156
IAD,2023-07-31 17:52,10.00,6000.00,KIAD 311752Z 32009KT 10SM SCT060 SCT220 29/15 A3002 RMK AO2 SLP162 T02890150 10289 20211 58003
IAD,2023-07-31 18:52,10.00,6500.00,KIAD 311852Z 32008KT 10SM SCT065 SCT250 29/14 A3001 RMK AO2 SLP158 T02890144
IAD,2023-07-31 19:52,10.00,7000.00,KIAD 311952Z 35008G18KT 10SM SCT070 SCT250 29/12 A3000 RMK AO2 SLP157 T02940122
IAD,2023-07-31 20:52,10.00,7000.00,KIAD 312052Z 31010KT 10SM FEW070 29/11 A2999 RMK AO2 SLP152 T02940106 57010
IAD,2023-07-31 21:52,10.00,7000.00,KIAD 312152Z 34005G18KT 10SM FEW070 29/11 A2999 RMK AO2 SLP153 T02890111
IAD,2023-07-31 22:52,10.00,7000.00,KIAD 312252Z 35010KT 10SM FEW070 FEW250 28/11 A3000 RMK AO2 SLP157 T02830111
IAD,2023-07-31 23:52,10.00,7000.00,KIAD 312352Z 34008KT 10SM FEW070 27/10 A3002 RMK AO2 SLP164 T02720100 10294 20272 53012
IAD,2023-08-01 00:52,10.00,7000.00,KIAD 010052Z 01006KT 10SM FEW070 26/11 A3004 RMK AO2 SLP170 T02610111
IAD,2023-08-01 01:52,10.00,M,KIAD 010152Z 03005KT 10SM CLR 24/12 A3007 RMK AO2 SLP179 T02440117
IAD,2023-08-01 02:52,10.00,M,KIAD 010252Z 32005KT 10SM CLR 20/13 A3008 RMK AO2 SLP184 T02000133 51020
IAD,2023-08-01 03:52,10.00,M,KIAD 010352Z 31005KT 10SM CLR 21/13 A3009 RMK AO2 SLP186 T02110128
IAD,2023-08-01 04:52,10.00,M,KIAD 010452Z 00000KT 10SM CLR 18/13 A3009 RMK AO2 SLP185 T01780133 402940172
IAD,2023-08-01 05:52,10.00,M,KIAD 010552Z 00000KT 10SM CLR 17/13 A3008 RMK AO2 SLP185 T01720133 10272 20172 50001
IAD,2023-08-01 06:52,10.00,M,KIAD 010652Z 31005KT 10SM CLR 18/13 A3008 RMK AO2 SLP183 T01780133
IAD,2023-08-01 07:52,10.00,M,KIAD 010752Z 31003KT 10SM CLR 17/13 A3010 RMK AO2 SLP188 T01720128
IAD,2023-08-01 08:52,10.00,M,KIAD 010852Z 28003KT 10SM CLR 17/13 A3011 RMK AO2 SLP194 T01670128 53010
IAD,2023-08-01 09:52,10.00,M,KIAD 010952Z 34003KT 10SM CLR 16/13 A3012 RMK AO2 SLP198 T01610128
IAD,2023-08-01 10:52,8.00,25000.00,KIAD 011052Z 32006KT 8SM SCT250 18/13 A3015 RMK AO2 SLP208 T01780133
IAD,2023-08-01 11:52,10.00,M,KIAD 011152Z 33004KT 10SM CLR 19/14 A3017 RMK AO2 SLP213 T01890139 10189 20156 53019
IAD,2023-08-01 12:52,10.00,M,KIAD 011252Z 31005KT 10SM CLR 22/14 A3018 RMK AO2 SLP216 T02170144
IAD,2023-08-01 13:52,10.00,M,KIAD 011352Z 34008KT 10SM CLR 23/14 A3018 RMK AO2 SLP216 T02330139
IAD,2023-08-01 14:52,10.00,M,KIAD 011452Z 34009KT 10SM CLR 24/14 A3018 RMK AO2 SLP216 T02390139 51003
IAD,2023-08-01 15:52,10.00,M,KIAD 011552Z 36007KT 10SM CLR 25/14 A3017 RMK AO2 SLP215 T02500144
IAD,2023-08-01 16:52,10.00,4000.00,KIAD 011652Z 36007KT 10SM FEW040 26/13 A3017 RMK AO2 SLP212 T02610133
IAD,2023-08-01 17:52,10.00,4500.00,KIAD 011752Z VRB04KT 10SM FEW045 26/14 A3016 RMK AO2 SLP212 T02610139 10267 20194 56004
IAD,2023-08-01 18:52,10.00,4900.00,KIAD 011852Z 05005KT 10SM FEW049 26/13 A3016 RMK AO2 SLP211 T02610133
IAD,2023-08-01 19:52,10.00,5500.00,KIAD 011952Z 35005KT 10SM FEW055 27/13 A3015 RMK AO2 SLP208 T02720133
IAD,2023-08-01 20:52,10.00,6000.00,KIAD 012052Z VRB05KT 10SM FEW060 27/13 A3014 RMK AO2 SLP202 T02720128 58010
IAD,2023-08-01 21:52,10.00,6500.00,KIAD 012152Z 01008KT 10SM FEW065 27/12 A3013 RMK AO2 SLP199 T02670122
IAD,2023-08-01 22:52,10.00,6500.00,KIAD 012252Z 01004KT 10SM FEW065 26/12 A3013 RMK AO2 SLP201 T02610117 $
IAD,2023-08-01 23:52,10.00,6500.00,KIAD 012352Z 05005KT 10SM FEW065 FEW250 24/12 A3015 RMK AO2 SLP206 T02440117 10278 20244 53004 $
IAD,2023-08-02 00:52,10.00,6500.00,KIAD 020052Z 14003KT 10SM FEW065 FEW250 21/14 A3015 RMK AO2 SLP209 T02060139 $
IAD,2023-08-02 01:52,10.00,M,KIAD 020152Z 09003KT 10SM CLR 21/14 A3018 RMK AO2 SLP217 T02060144 $
IAD,2023-08-02 02:52,10.00,M,KIAD 020252Z 15004KT 10SM CLR 19/14 A3019 RMK AO2 SLP220 T01940144 53014 $
IAD,2023-08-02 03:52,10.00,10000.00,KIAD 020352Z 00000KT 10SM FEW100 BKN250 19/15 A3020 RMK AO2 SLP222 T01890150 $
IAD,2023-08-02 04:52,10.00,25000.00,KIAD 020452Z 00000KT 10SM BKN250 18/16 A3020 RMK AO2 SLP222 T01780156 402780156 $
IAD,2023-08-02 05:52,10.00,25000.00,KIAD 020552Z 00000KT 10SM BKN250 17/15 A3019 RMK AO2 SLP222 T01670150 10244 20161 50002 $
IAD,2023-08-02 06:52,10.00,25000.00,KIAD 020652Z 00000KT 10SM BKN250 16/14 A3020 RMK AO2 SLP225 T01610144 $
IAD,2023-08-02 07:52,10.00,25000.00,KIAD 020752Z 31003KT 10SM SCT250 17/14 A3019 RMK AO2 SLP220 T01670144 $
IAD,2023-08-02 08:52,10.00,M,KIAD 020852Z 30003KT 10SM CLR 16/14 A3019 RMK AO2 SLP219 T01560139 58002 $
IAD,2023-08-02 09:52,10.00,25000.00,KIAD 020952Z 32003KT 10SM FEW250 16/14 A3021 RMK AO2 SLP226 T01610139 $
IAD,2023-08-02 10:52,10.00,25000.00,KIAD 021052Z 32004KT 10SM FEW250 16/14 A3022 RMK AO2 SLP232 T01610139
IAD,2023-08-02 11:52,10.00,M,KIAD 021152Z 32004KT 10SM CLR 18/15 A3022 RMK AO2 SLP232 T01830150 10183 20156 51012
IAD,2023-08-02 12:52,10.00,M,KIAD 021252Z 00000KT 10SM CLR 21/14 A3023 RMK AO2 SLP233 T02110139
IAD,2023-08-02 13:52,10.00,M,KIAD 021352Z 00000KT 10SM CLR 23/14 A3023 RMK AO2 SLP234 T02330144
IAD,2023-08-02 14:52,10.00,M,KIAD 021452Z VRB03KT 10SM CLR 25/14 A3024 RMK AO2 SLP236 T02500144 53005
IAD,2023-08-02 15:52,10.00,3300.00,KIAD 021552Z 00000KT 10SM FEW033 FEW250 27/14 A3024 RMK AO2 SLP238 T02670144
IAD,2023-08-02 16:52,10.00,5000.00,KIAD 021652Z 09004KT 10SM SCT050 SCT250 26/14 A3022 RMK AO2 SLP229 T02610139
IAD,2023-08-02 17:52,10.00,5500.00,KIAD 021752Z 01003KT 10SM FEW055 BKN250 28/12 A3020 RMK AO2 SLP224 T02780122 10283 20183 58012
IAD,2023-08-02 18:52,10.00,6000.00,KIAD 021852Z VRB03KT 10SM SCT060 BKN200 28/12 A3019 RMK AO2 SLP220 T02780122
IAD,2023-08-02 19:52,10.00,6500.00,KIAD 021952Z 09004KT 10SM BKN065 OVC200 28/13 A3017 RMK AO2 SLP213 T02830133
IAD,2023-08-02 20:52,8.00,6500.00,KIAD 022052Z 22005KT 8SM OVC065 28/13 A3015 RMK AO2 SLP208 T02780128 58016
IAD,2023-08-02 21:52,10.00,6000.00,KIAD 022152Z 17003KT 10SM SCT060 BKN200 28/14 A3015 RMK AO2 SLP206 T02780139
IAD,2023-08-02 22:52,10.00,6000.00,KIAD 022252Z 16007KT 10SM SCT060 BKN200 27/14 A3015 RMK AO2 SLP206 T02670144
IAD,2023-08-02 23:52,10.00,6500.00,KIAD 022352Z 16005KT 10SM BKN065 BKN200 26/14 A3015 RMK AO2 SLP206 T02560144 10289 20256 55002
IAD,2023-08-03 00:52,10.00,6000.00,KIAD 030052Z 13008KT 10SM BKN060 BKN200 24/16 A3015 RMK AO2 SLP207 T02440156
IAD,2023-08-03 01:52,10.00,6000.00,KIAD 030152Z 14006KT 10SM FEW060 23/16 A3017 RMK AO2 SLP213 T02280156
IAD,2023-08-03 02:52,10.00,6000.00,KIAD 030252Z 16006KT 10SM FEW060 BKN085 23/16 A3017 RMK AO2 SLP214 T02280161 53008
IAD,2023-08-03 03:52,10.00,8000.00,KIAD 030352Z 17005KT 10SM SCT080 OVC130 22/16 A3016 RMK AO2 SLP211 T02220156
IAD,2023-08-03 04:52,10.00,9000.00,KIAD 030452Z 17007KT 10SM BKN090 22/15 A3016 RMK AO2 SLP208 T02220150 402890156
IAD,2023-08-03 05:52,10.00,9000.00,KIAD 030552Z 24003KT 10SM BKN090 21/15 A3014 RMK AO2 SLP203 T02060150 10256 20206 58011
IAD,2023-08-03 06:52,10.00,M,KIAD 030652Z 16005KT 10SM CLR 19/15 A3012 RMK AO2 SLP195 T01890150
IAD,2023-08-03 07:52,10.00,8000.00,KIAD 030752Z 15004KT 10SM BKN080 19/15 A3012 RMK AO2 SLP196 T01890150
IAD,2023-08-03 08:52,10.00,9000.00,KIAD 030852Z 15005KT 10SM BKN090 18/16 A3011 RMK AO2 SLP194 T01830156 56008
IAD,2023-08-03 09:52,10.00,9000.00,KIAD 030952Z 16006KT 10SM BKN090 19/16 A3011 RMK AO2 SLP194 T01940156
IAD,2023-08-03 10:52,10.00,9000.00,KIAD 031052Z 16006KT 10SM SCT090 BKN250 19/16 A3012 RMK AO2 SLP196 T01940156
IAD,2023-08-03 11:52,10.00,8500.00,KIAD 031152Z 18008KT 10SM BKN085 BKN250 21/16 A3012 RMK AO2 SLP195 T02110156 10211 20183 50001
IAD,2023-08-03 12:52,10.00,5500.00,KIAD 031252Z 18007KT 10SM BKN055 BKN085 22/16 A3011 RMK AO2 SLP194 T02170161
IAD,2023-08-03 13:52,10.00,6000.00,KIAD 031352Z 17007KT 10SM BKN060 BKN080 BKN220 24/17 A3009 RMK AO2 SLP188 T02390167
IAD,2023-08-03 14:52,10.00,6000.00,KIAD 031452Z 19008KT 10SM BKN060 BKN085 24/17 A3008 RMK AO2 SLP184 T02440172 58011
IAD,2023-08-03 15:52,10.00,6500.00,KIAD 031552Z 17008KT 10SM SCT065 BKN100 BKN220 26/18 A3007 RMK AO2 SLP181 T02560178
IAD,2023-08-03 16:52,10.00,6000.00,KIAD 031652Z 17008KT 10SM BKN060 BKN085 BKN250 26/18 A3006 RMK AO2 SLP176 T02560178
IAD,2023-08-03 17:52,10.00,3500.00,KIAD 031752Z 16008G19KT 10SM SCT035 BKN060 OVC100 26/18 A3005 RMK AO2 SLP172 T02610178 10267 20211 58012
IAD,2023-08-03 18:52,10.00,2500.00,KIAD 031852Z 21013KT 10SM -RA SCT025 OVC038 25/19 A3004 RMK AO2 RAB49 SLP171 P0000 T02500194
IAD,2023-08-03 19:52,10.00,1500.00,KIAD 031952Z 18013G21KT 10SM -RA FEW015 OVC037 23/20 A3005 RMK AO2 RAE23B49 SLP173 P0000 T02330200
IAD,2023-08-03 20:52,7.00,1300.00,KIAD 032052Z 16007KT 7SM -RA BKN013 OVC018 22/19 A3004 RMK AO2 SLP169 P0000 60000 T02170194 58003
IAD,2023-08-03 21:52,7.00,1400.00,KIAD 032152Z 18013G20KT 7SM -RA OVC014 22/19 A3002 RMK AO2 SLP164 P0001 T02170194
IAD,2023-08-03 22:52,6.00,900.00,KIAD 032252Z 19007KT 6SM -RA BR OVC009 21/19 A3003 RMK AO2 PK WND 18028/2201 SLP166 P0002 T02060189
IAD,2023-08-03 23:52,8.00,800.00,KIAD 032352Z 20014G21KT 8SM OVC008 20/19 A3001 RMK AO2 RAE30 SLP160 P0000 60003 T02000189 10261 20200 57009
IAD,2023-08-04 00:52,10.00,1100.00,KIAD 040052Z 19011KT 10SM SCT011 BKN036 OVC065 20/18 A3003 RMK AO2 RAB03E11 SLP166 P0000 T02000178
IAD,2023-08-04 01:52,10.00,1100.00,KIAD 040152Z 18008KT 10SM OVC011 19/18 A3004 RMK AO2 SLP170 T01940178
IAD,2023-08-04 02:52,10.00,1300.00,KIAD 040252Z 17006KT 10SM OVC013 19/17 A3004 RMK AO2 SLP169 60000 T01940172 50010
IAD,2023-08-04 03:52,4.00,900.00,KIAD 040352Z 17006KT 4SM -RA BR SCT009 BKN013 OVC027 19/18 A3003 RMK AO2 RAB15E18B27DZB18E27 SLP166 P0002 T01890178
IAD,2023-08-04 04:52,5.00,800.00,KIAD 040452Z 17007KT 5SM -DZ BR SCT008 BKN015 OVC020 19/18 A3002 RMK AO2 RAE21DZB21 SLP163 P0001 T01940178 402670183
IAD,2023-08-04 05:52,7.00,700.00,KIAD 040552Z 17007KT 7SM BKN007 OVC014 19/18 A3002 RMK AO2 DZE37 SLP161 P0000 60003 T01940178 10200 20189 56008
IAD,2023-08-04 06:52,7.00,700.00,KIAD 040652Z 17005KT 7SM BR SCT007 BKN010 OVC014 19/18 A3000 RMK AO2 SLP157 T01940178
IAD,2023-08-04 07:52,7.00,600.00,KIAD 040752Z 18007KT 7SM FEW006 BKN017 OVC026 19/18 A2999 RMK AO2 SLP151 T01940178
IAD,2023-08-04 08:52,6.00,900.00,KIAD 040852Z 17003KT 6SM BR SCT009 BKN015 OVC026 19/18 A2998 RMK AO2 SLP149 T01940183 56013
IAD,2023-08-04 09:52,4.00,700.00,KIAD 040952Z 18004KT 4SM -DZ BR BKN007 OVC015 19/18 A2998 RMK AO2 DZB47 SLP148 P0000 T01940183
IAD,2023-08-04 10:52,4.00,700.00,KIAD 041052Z 21004KT 4SM -DZ BR OVC007 19/18 A2998 RMK AO2 SLP150 P0000 T01940183
IAD,2023-08-04 11:52,3.00,500.00,KIAD 041152Z 19006KT 3SM BR OVC005 20/18 A2998 RMK AO2 DZE43 SLP151 P0000 60000 70006 T02000183 10200 20189 53002
IAD,2023-08-04 12:52,5.00,800.00,KIAD 041252Z 20007KT 5SM BR BKN008 OVC012 21/18 A2997 RMK AO2 SLP148 T02060183
IAD,2023-08-04 13:52,7.00,800.00,KIAD 041352Z 23004KT 7SM BKN008 OVC012 21/18 A2998 RMK AO2 SLP149 T02110183
IAD,2023-08-04 14:52,10.00,1400.00,KIAD 041452Z 20006KT 10SM OVC014 22/18 A2997 RMK AO2 SLP146 T02220183 56005
IAD,2023-08-04 15:52,10.00,1400.00,KIAD 041552Z 23006KT 10SM BKN014 OVC019 23/18 A2997 RMK AO2 SLP146 T02280183
IAD,2023-08-04 16:52,10.00,1700.00,KIAD 041652Z 00000KT 10SM OVC017 23/18 A2998 RMK AO2 SLP148 T02330183
IAD,2023-08-04 17:52,10.00,1800.00,KIAD 041752Z 17004KT 10SM BKN018 BKN022 26/19 A2996 RMK AO2 SLP144 T02560189 10256 20200 58002
IAD,2023-08-04 18:52,10.00,2400.00,KIAD 041852Z VRB05KT 10SM BKN024 BKN250 27/19 A2994 RMK AO2 SLP136 T02720194
IAD,2023-08-04 19:52,10.00,2800.00,KIAD 041952Z VRB05KT 10SM BKN028 BKN250 28/19 A2992 RMK AO2 SLP128 T02780194
IAD,2023-08-04 20:52,10.00,3100.00,KIAD 042052Z VRB05KT 10SM FEW031 FEW250 28/19 A2990 RMK AO2 SLP121 T02780194 56023
IAD,2023-08-04 21:52,10.00,3500.00,KIAD 042152Z VRB04KT 10SM FEW035 FEW250 28/19 A2991 RMK AO2 SLP125 T02780194
IAD,2023-08-04 22:52,10.00,3500.00,KIAD 042252Z 14005KT 10SM FEW035 FEW250 27/19 A2991 RMK AO2 SLP126 T02720194
IAD,2023-08-04 23:52,10.00,7000.00,KIAD 042352Z 17005KT 10SM FEW070 FEW150 FEW250 26/19 A2992 RMK AO2 SLP127 T02560194 10283 20256 51006
IAD,2023-08-05 00:52,10.00,7000.00,KIAD 050052Z 17005KT 10SM FEW070 FEW150 FEW250 24/19 A2993 RMK AO2 SLP131 T02390194
IAD,2023-08-05 01:52,10.00,7000.00,KIAD 050152Z 17003KT 10SM FEW070 FEW150 SCT250 22/19 A2994 RMK AO2 LTG DSNT N SLP134 CB DSNT N AND NW MOV SE T02170189
IAD,2023-08-05 02:52,6.00,6500.00,KIAD 050252Z 00000KT 6SM -RA SCT065 SCT150 BKN250 23/20 A2996 RMK AO2 RAB49 SLP141 P0000 60000 T02280200 53014
IAD,2023-08-05 03:52,10.00,9000.00,KIAD 050352Z 17004KT 10SM SCT090 BKN120 22/21 A2993 RMK AO2 RAE19 SLP133 P0004 T02170206
IAD,2023-08-05 04:52,10.00,11000.00,KIAD 050452Z 00000KT 10SM BKN110 22/21 A2995 RMK AO2 SLP139 T02170206 402830189
IAD,2023-08-05 05:52,10.00,6500.00,KIAD 050552Z 00000KT 10SM SCT065 21/20 A2995 RMK AO2 SLP138 60004 T02110200 10256 20211 56003
IAD,2023-08-05 06:52,10.00,8000.00,KIAD 050652Z 00000KT 10SM BKN080 22/21 A2994 RMK AO2 SLP137 T02170206
IAD,2023-08-05 07:52,10.00,8500.00,KIAD 050752Z 32005KT 10SM SCT085 22/21 A2994 RMK AO2 SLP135 T02170206
IAD,2023-08-05 08:52,10.00,25000.00,KIAD 050852Z 34004KT 10SM FEW250 22/21 A2995 RMK AO2 SLP139 T02170206 53000
IAD,2023-08-05 09:52,10.00,25000.00,KIAD 050952Z 03005KT 10SM FEW250 21/19 A2995 RMK AO2 SLP140 T02060194
IAD,2023-08-05 10:52,8.00,15000.00,KIAD 051052Z 02004KT 8SM MIFG FEW150 BKN250 20/19 A2997 RMK AO2 SLP146 T02000189
IAD,2023-08-05 11:52,9.00,15000.00,KIAD 051152Z 34004KT 9SM SCT150 BKN250 22/20 A2998 RMK AO2 SLP150 70004 T02170200 10222 20194 53012
IAD,2023-08-05 12:52,10.00,1000.00,KIAD 051252Z 35004KT 10SM SCT010 24/20 A2999 RMK AO2 SLP153 T02390200 $
IAD,2023-08-05 13:52,10.00,1500.00,KIAD 051352Z 32007KT 10SM SCT015 BKN250 25/20 A3001 RMK AO2 SLP159 T02500200 $
IAD,2023-08-05 14:52,10.00,1500.00,KIAD 051452Z 03006KT 10SM BKN015 OVC250 25/20 A3001 RMK AO2 SLP159 T02500200 51008 $
IAD,2023-08-05 15:52,10.00,1800.00,KIAD 051552Z 36005KT 10SM FEW018 BKN250 27/21 A3001 RMK AO2 SLP160 T02720206 $
IAD,2023-08-05 16:52,10.00,1500.00,KIAD 051652Z 04005KT 10SM SCT015 OVC250 28/21 A3000 RMK AO2 SLP157 T02830206 $
IAD,2023-08-05 17:52,10.00,2800.00,KIAD 051752Z COR VRB05KT 10SM SCT028 BKN250 29/19 A2999 RMK AO2 SLP153 T02940194 10300 20222 58005 $
IAD,2023-08-05 18:52,10.00,4200.00,KIAD 051852Z 04005KT 10SM SCT042 BKN250 30/18 A2999 RMK AO2 SLP152 T03000183 $
IAD,2023-08-05 19:52,10.00,4900.00,KIAD 051952Z 06005KT 10SM FEW049 FEW060 BKN250 29/18 A2998 RMK AO2 SLP150 T02940178 $
IAD,2023-08-05 20:52,10.00,5500.00,KIAD 052052Z VRB04KT 10SM FEW055 FEW070 BKN250 30/16 A2998 RMK AO2 SLP148 T03000161 58004 $
IAD,2023-08-05 21:52,10.00,5500.00,KIAD 052152Z 05005KT 10SM FEW055 FEW070 BKN250 30/17 A2998 RMK AO2 SLP148 T03000172 $
IAD,2023-08-05 22:52,10.00,5500.00,KIAD 052252Z 11005KT 10SM FEW055 FEW070 SCT220 BKN250 28/18 A2997 RMK AO2 SLP145 T02830178 $
IAD,2023-08-05 23:52,10.00,16000.00,KIAD 052352Z 10003KT 10SM FEW160 SCT200 BKN250 28/18 A2997 RMK AO2 SLP145 T02780178 10306 20278 55004
IAD,2023-08-06 00:52,10.00,20000.00,KIAD 060052Z 00000KT 10SM SCT200 BKN250 24/18 A2998 RMK AO2 SLP148 T02390183
IAD,2023-08-06 01:52,10.00,20000.00,KIAD 060152Z VRB05KT 10SM SCT200 BKN250 23/18 A2999 RMK AO2 SLP153 T02280183
IAD,2023-08-06 02:52,10.00,20000.00,KIAD 060252Z 15003KT 10SM BKN200 23/19 A3000 RMK AO2 SLP155 T02330189 51009
IAD,2023-08-06 03:52,10.00,20000.00,KIAD 060352Z 17004KT 10SM BKN200 23/18 A3001 RMK AO2 SLP160 T02280178
IAD,2023-08-06 04:52,10.00,20000.00,KIAD 060452Z 18004KT 10SM BKN200 23/18 A3002 RMK AO2 SLP161 T02280183 403060194
IAD,2023-08-06 05:52,10.00,20000.00,KIAD 060552Z 00000KT 10SM SCT200 22/19 A3001 RMK AO2 SLP158 T02170189 10278 20217 50003
IAD,2023-08-06 06:52,10.00,20000.00,KIAD 060652Z 00000KT 10SM SCT200 21/19 A3001 RMK AO2 SLP158 T02110194
IAD,2023-08-06 07:52,10.00,20000.00,KIAD 060752Z 00000KT 10SM SCT200 21/19 A3001 RMK AO2 SLP160 T02060194
IAD,2023-08-06 08:52,10.00,20000.00,KIAD 060852Z 15004KT 10SM FEW200 21/19 A3000 RMK AO2 SLP157 T02060189 58001
IAD,2023-08-06 09:52,10.00,6000.00,KIAD 060952Z 00000KT 10SM SCT060 BKN200 19/19 A3001 RMK AO2 SLP158 T01940189
IAD,2023-08-06 10:52,8.00,6000.00,KIAD 061052Z 13003KT 8SM FEW060 SCT160 20/19 A3001 RMK AO2 SLP159 T02000189
IAD,2023-08-06 11:52,10.00,4800.00,KIAD 061152Z 00000KT 10SM OVC048 23/21 A3002 RMK AO2 SLP161 T02280211 10228 20194 53004
IAD,2023-08-06 12:52,10.00,4500.00,KIAD 061252Z 15003KT 10SM BKN045 BKN150 25/21 A3001 RMK AO2 SLP158 T02500211
IAD,2023-08-06 13:52,10.00,4600.00,KIAD 061352Z 20006KT 10SM BKN046TCU BKN200 27/21 A3001 RMK AO2 SLP159 TCU W T02720211
IAD,2023-08-06 14:52,10.00,2800.00,KIAD 061452Z 15008KT 10SM FEW028 BKN060 BKN200 28/21 A3001 RMK AO2 SLP158 T02830206 55002
IAD,2023-08-06 15:52,10.00,7000.00,KIAD 061552Z 15010KT 10SM FEW070 30/21 A3000 RMK AO2 SLP154 T03000206
IAD,2023-08-06 16:52,10.00,6500.00,KIAD 061652Z 19011G16KT 10SM SCT065 32/21 A2999 RMK AO2 SLP150 T03170206
IAD,2023-08-06 17:52,10.00,3800.00,KIAD 061752Z 17012G18KT 10SM SCT038 BKN150 32/22 A2996 RMK AO2 SLP143 T03220222 10322 20228 58016
IAD,2023-08-06 18:52,10.00,3800.00,KIAD 061852Z 17008G15KT 10SM SCT038 SCT045 BKN150 BKN250 32/23 A2994 RMK AO2 SLP133 TCU DSNT W T03220228
IAD,2023-08-06 19:52,10.00,4500.00,KIAD 061952Z 17008G17KT 10SM SCT045TCU SCT095 BKN150 BKN250 32/22 A2993 RMK AO2 SLP130 TCU S-NW T03170222
IAD,2023-08-06 20:52,10.00,3600.00,KIAD 062052Z 15008KT 10SM SCT036CB SCT049 BKN100 BKN150 BKN250 31/23 A2991 RMK AO2 RAB29E46 SLP126 CB N AND SE-NW MOV NE P0000 60000 T03060228 56018
IAD,2023-08-06 21:52,10.00,3700.00,KIAD 062152Z 15007KT 10SM SCT037CB BKN055 BKN080 BKN150 OVC250 29/23 A2990 RMK AO2 LTG DSNT S RAB15E28 SLP122 CB NE-OHD-SW MOV NE P0002 T02890233
IAD,2023-08-06 22:52,7.00,1100.00,KIAD 062252Z 15006KT 7SM -TSRA FEW011 SCT032CB SCT048 BKN130 BKN150 BKN250 23/22 A2993 RMK AO2 PK WND 15036/2209 RAB11 TSB2158 SLP131 OCNL LTGICCG NE-SE TS NE-SE MOV NE P0013 T02330222
IAD,2023-08-06 23:52,10.00,3300.00,KIAD 062352Z 15006KT 10SM FEW033 FEW080 SCT120 BKN150 BKN250 24/22 A2991 RMK AO2 RAE03 TSE15 SLP127 CB DSNT E-SE MOV NE P0000 60015 T02390222 10333 20233 52001
IAD,2023-08-07 00:52,10.00,1700.00,KIAD 070052Z 17005KT 10SM SCT017 BKN023 BKN030CB BKN170 BKN200 24/23 A2991 RMK AO2 SLP126 CB E-S MOV NE T02390228
IAD,2023-08-07 01:52,10.00,1000.00,KIAD 070152Z 16005KT 10SM FEW010 BKN017 BKN024CB BKN130 OVC200 24/23 A2994 RMK AO2 RAB31E40 TSB07E30 SLP133 CB N-S MOV NE P0000 T02440233
IAD,2023-08-07 02:52,10.00,1500.00,KIAD 070252Z COR 19010KT 10SM FEW015 BKN030 OVC150 24/23 A2992 RMK AO2 RAB03E36 SLP129 P0001 60001 T02440228 50003
IAD,2023-08-07 03:52,10.00,8000.00,KIAD 070352Z 18007KT 10SM SCT080 OVC230 24/23 A2991 RMK AO2 SLP125 T02440228
IAD,2023-08-07 04:52,10.00,600.00,KIAD 070452Z 17007KT 10SM FEW006 SCT011 BKN080 BKN230 24/22 A2991 RMK AO2 SLP125 T02390222 403330194
IAD,2023-08-07 05:52,10.00,900.00,KIAD 070552Z 18006KT 10SM SCT009 BKN011 OVC080 23/22 A2989 RMK AO2 SLP117 60001 T02330222 10250 20233 58007
IAD,2023-08-07 06:52,10.00,900.00,KIAD 070652Z 17007KT 10SM SCT009 BKN011 OVC085 23/22 A2988 RMK AO2 SLP114 T02330217
IAD,2023-08-07 07:52,10.00,700.00,KIAD 070752Z 17007KT 10SM SCT007 BKN011 OVC085 23/22 A2988 RMK AO2 SLP114 T02330222
IAD,2023-08-07 08:52,10.00,1000.00,KIAD 070852Z 19008KT 10SM OVC010 24/22 A2988 RMK AO2 SLP113 T02390217 56004
IAD,2023-08-07 09:52,10.00,1000.00,KIAD 070952Z 20009KT 10SM OVC010 24/22 A2987 RMK AO2 SLP111 T02390217
IAD,2023-08-07 10:52,10.00,1000.00,KIAD 071052Z 21006KT 10SM OVC010 23/22 A2988 RMK AO2 SLP115 T02330217
IAD,2023-08-07 11:52,10.00,800.00,KIAD 071152Z 21009KT 10SM OVC008 24/22 A2988 RMK AO2 SLP117 70016 T02390217 10239 20233 53002
IAD,2023-08-07 12:52,10.00,1000.00,KIAD 071252Z 21006KT 10SM OVC010 24/22 A2989 RMK AO2 SLP119 T02390217
IAD,2023-08-07 13:52,10.00,1100.00,KIAD 071352Z 20007KT 10SM OVC011 25/22 A2987 RMK AO2 SLP113 T02500217
IAD,2023-08-07 14:52,10.00,1500.00,KIAD 071452Z 21008KT 10SM BKN015 27/23 A2987 RMK AO2 SLP112 T02720228 58004
IAD,2023-08-07 15:52,10.00,1600.00,KIAD 071552Z 19009KT 10SM BKN016 BKN020 29/23 A2985 RMK AO2 SLP105 T02940233
IAD,2023-08-07 16:52,10.00,2500.00,KIAD 071652Z 20010KT 10SM BKN025 30/23 A2982 RMK AO2 SLP095 T03000228
IAD,2023-08-07 17:52,10.00,2500.00,KIAD 071752Z 19014G18KT 10SM BKN025 32/23 A2978 RMK AO2 SLP082 T03170233 10317 20239 58029
IAD,2023-08-07 18:52,10.00,3000.00,KIAD 071852Z 17010KT 10SM SCT030 BKN150 32/23 A2976 RMK AO2 SLP072 T03220233
IAD,2023-08-07 19:52,10.00,3300.00,KIAD 071952Z 18016G23KT 10SM BKN033 BKN100 33/23 A2973 RMK AO2 SLP064 T03280228
IAD,2023-08-07 20:52,10.00,2600.00,KIAD 072052Z 19010G20KT 10SM FEW026 BKN045CB OVC100 31/22 A2974 RMK AO2 LTG DSNT SW-N SLP065 CB W MOV E T03110222 55016
IAD,2023-08-07 21:52,2.00,700.00,KIAD 072152Z 21006KT 2SM TSRA BR FEW007 BKN014 OVC026CB 21/20 A2980 RMK AO2 SLP090 FRQ LTGICCG OHD TS OHD MOV E P0045 T02110200
IAD,2023-08-07 22:52,10.00,2100.00,KIAD 072252Z 28004KT 10SM FEW021 SCT046CB BKN075 BKN140 22/19 A2977 RMK AO2 RAE39 TSE39 SLP076 TS MOV E CB ALQDS MOV E P0001 T02170194 $
IAD,2023-08-07 23:52,7.00,2200.00,KIAD 072352Z 26003KT 7SM -TSRA SCT022 BKN037CB OVC080 22/20 A2976 RMK AO2 RAB20E33B43 TSB35 SLP073 OCNL LTGCG W TS W MOV E P0002 60048 T02170200 10333 20206 50006 $
IAD,2023-08-08 00:52,7.00,1800.00,KIAD 080052Z 20003KT 7SM FEW018 BKN035CB BKN090 21/20 A2974 RMK AO2 RAE26 TSE24 SLP069 TS MOV E CB ALQDS MOV E P0005 T02110200 $
IAD,2023-08-08 01:52,10.00,4800.00,KIAD 080152Z 12003KT 10SM BKN048 22/21 A2974 RMK AO2 LTG DSNT SE RAB14E24 SLP066 P0000 T02170206 $
IAD,2023-08-08 02:52,3.00,1700.00,KIAD 080252Z 13017KT 3SM R01R/4000VP6000FT RA BR BKN017 BKN035 OVC070 22/21 A2972 RMK AO2 SLP061 OCNL LTG DSNT SW P0039 60044 T02170206 55007 $
IAD,2023-08-08 03:52,7.00,4000.00,KIAD 080352Z 18008KT 7SM SCT040CB OVC140 22/21 A2972 RMK AO2 WSHFT 0258 RAE48 TSB05E48 SLP061 OCNL LTG E TS MOV E CB E MOV E P0001 T02170206 $
IAD,2023-08-08 04:52,10.00,4000.00,KIAD 080452Z 00000KT 10SM FEW040 SCT080 SCT250 21/20 A2972 RMK AO2 SLP061 T02110200 403330206 $
IAD,2023-08-08 05:52,6.00,7500.00,KIAD 080552Z 18003KT 6SM R01R/5000VP6000FT BR SCT075 BKN100 21/21 A2969 RMK AO2 SLP051 60045 T02110206 10222 20206 58009 $
IAD,2023-08-08 06:52,10.00,300.00,KIAD 080652Z 21004KT 10SM OVC003 22/21 A2970 RMK AO2 SLP053 T02170211 $
IAD,2023-08-08 07:52,9.00,300.00,KIAD 080752Z 29005KT 9SM OVC003 22/21 A2971 RMK AO2 SLP057 T02170211 $
IAD,2023-08-08 08:52,10.00,400.00,KIAD 080852Z 30004KT 10SM BKN004 BKN008 BKN060 21/21 A2972 RMK AO2 SLP060 T02110206 53008 $
IAD,2023-08-08 09:52,10.00,4800.00,KIAD 080952Z 00000KT 10SM BKN048 BKN065 21/19 A2975 RMK AO2 SLP071 T02110194 $
IAD,2023-08-08 10:52,10.00,6500.00,KIAD 081052Z 30009KT 10SM SCT065 SCT110 22/18 A2977 RMK AO2 SLP078 T02170183 $
IAD,2023-08-08 11:52,10.00,5500.00,KIAD 081152Z 30011KT 10SM SCT055 SCT130 BKN220 22/17 A2981 RMK AO2 SLP091 70093 T02170167 10228 20206 53029 $
IAD,2023-08-08 12:52,10.00,4800.00,KIAD 081252Z 28007KT 10SM BKN048 BKN070 23/16 A2982 RMK AO2 SLP096 T02280161 $
IAD,2023-08-08 13:52,10.00,4900.00,KIAD 081352Z 29011G22KT 10SM SCT049 BKN190 24/16 A2982 RMK AO2 SLP096 T02440156 $
IAD,2023-08-08 14:52,10.00,4500.00,KIAD 081452Z 30019G25KT 10SM BKN045 26/15 A2982 RMK AO2 PK WND 32031/1420 SLP096 T02560150 50005 $
IAD,2023-08-08 15:52,10.00,4500.00,KIAD 081552Z 30015G29KT 10SM SCT045 BKN170 26/14 A2982 RMK AO2 PK WND 29029/1545 SLP096 T02610144 $
IAD,2023-08-08 16:52,10.00,M,KIAD 081652Z 30019G25KT 10SM CLR 27/15 A2982 RMK AO2 PK WND 32026/1559 SLP094 T02720150
IAD,2023-08-08 17:52,10.00,5000.00,KIAD 081752Z 28011G19KT 10SM SCT050 SCT120 BKN220 27/15 A2983 RMK AO2 PK WND 30030/1655 SLP099 T02670150 10278 20217 53002
IAD,2023-08-08 18:52,10.00,5500.00,KIAD 081852Z 30023G31KT 10SM SCT055 BKN150 28/15 A2982 RMK AO2 PK WND 30031/1851 SLP093 T02830150
IAD,2023-08-08 19:52,10.00,6000.00,KIAD 081952Z 29011G22KT 10SM FEW060 SCT150 29/16 A2979 RMK AO2 PK WND 31031/1909 SLP083 T02890156
IAD,2023-08-08 20:52,10.00,6500.00,KIAD 082052Z 29014G26KT 10SM SCT065 SCT150 29/16 A2978 RMK AO2 PK WND 29028/1958 SLP082 T02940156 56016
IAD,2023-08-08 21:52,10.00,6500.00,KIAD 082152Z 29013KT 10SM FEW065 SCT150 29/14 A2979 RMK AO2 PK WND 30026/2116 SLP084 T02940144
IAD,2023-08-08 22:52,10.00,6500.00,KIAD 082252Z 29012G19KT 10SM FEW065 FEW200 29/14 A2979 RMK AO2 SLP084 T02890144
IAD,2023-08-08 23:52,10.00,7000.00,KIAD 082352Z 27005KT 10SM FEW070 FEW120 27/14 A2980 RMK AO2 SLP089 T02720139 10300 20267 53007
IAD,2023-08-09 00:52,10.00,7000.00,KIAD 090052Z 26008KT 10SM FEW070 26/14 A2982 RMK AO2 SLP093 T02610139
IAD,2023-08-09 01:52,10.00,7000.00,KIAD 090152Z 25005KT 10SM FEW070 24/14 A2984 RMK AO2 SLP103 T02440144
IAD,2023-08-09 02:52,10.00,7000.00,KIAD 090252Z 28008KT 10SM FEW070 25/14 A2984 RMK AO2 SLP103 T02500144 51014
IAD,2023-08-09 03:52,10.00,M,KIAD 090352Z 27005KT 10SM CLR 24/14 A2985 RMK AO2 SLP104 T02390144
IAD,2023-08-09 04:52,10.00,M,KIAD 090452Z 27004KT 10SM CLR 23/14 A2985 RMK AO2 SLP104 T02280144 403000206
IAD,2023-08-09 05:52,10.00,M,KIAD 090552Z 29008KT 10SM CLR 22/15 A2984 RMK AO2 SLP102 T02220150 10272 20222 58001
IAD,2023-08-09 06:52,10.00,M,KIAD 090652Z 28008KT 10SM CLR 22/15 A2984 RMK AO2 SLP102 T02220150
IAD,2023-08-09 07:52,10.00,M,KIAD 090752Z 26004KT 10SM CLR 21/15 A2985 RMK AO2 SLP106 T02060150
IAD,2023-08-09 08:52,10.00,M,KIAD 090852Z 00000KT 10SM CLR 19/15 A2985 RMK AO2 SLP105 T01890150 50003
IAD,2023-08-09 09:52,10.00,M,KIAD 090952Z 00000KT 10SM CLR 18/14 A2986 RMK AO2 SLP109 T01830144
IAD,2023-08-09 10:52,10.00,25000.00,KIAD 091052Z 24003KT 10SM FEW250 19/15 A2988 RMK AO2 SLP115 T01890150
IAD,2023-08-09 11:52,10.00,25000.00,KIAD 091152Z 18003KT 10SM FEW250 22/17 A2989 RMK AO2 SLP119 T02220167 10228 20178 53014
IAD,2023-08-09 12:52,10.00,20000.00,KIAD 091252Z 19004KT 10SM FEW200 24/17 A2990 RMK AO2 SLP121 T02440172
IAD,2023-08-09 13:52,10.00,8000.00,KIAD 091352Z VRB06KT 10SM FEW080 27/17 A2989 RMK AO2 SLP119 T02720167
IAD,2023-08-09 14:52,10.00,4500.00,KIAD 091452Z 29010KT 10SM FEW045 FEW080 SCT220 28/17 A2988 RMK AO2 SLP113 T02830167 58005
IAD,2023-08-09 15:52,10.00,6000.00,KIAD 091552Z 29012G17KT 10SM FEW060 FEW120 29/17 A2987 RMK AO2 SLP112 T02890167
IAD,2023-08-09 16:52,10.00,5000.00,KIAD 091652Z 31008KT 10SM SCT050 BKN070 29/17 A2985 RMK AO2 SLP105 TCU OHD T02890167
IAD,2023-08-09 17:52,10.00,5500.00,KIAD 091752Z 22003KT 10SM SCT055 BKN100 29/17 A2985 RMK AO2 SLP106 TCU OHD T02890167 10300 20222 56008
IAD,2023-08-09 18:52,10.00,5500.00,KIAD 091852Z VRB04KT 10SM BKN055 BKN090 31/16 A2985 RMK AO2 SLP104 T03110161
IAD,2023-08-09 19:52,10.00,11000.00,KIAD 091952Z 25005KT 10SM SCT110 31/17 A2983 RMK AO2 SLP097 T03110167
IAD,2023-08-09 20:52,10.00,6000.00,KIAD 092052Z 22007KT 10SM SCT060 BKN100 31/17 A2981 RMK AO2 SLP093 T03110172 58013
IAD,2023-08-09 21:52,10.00,6000.00,KIAD 092152Z 21009KT 10SM SCT060 BKN100 30/18 A2981 RMK AO2 SLP091 T03000178
IAD,2023-08-09 22:52,10.00,7000.00,KIAD 092252Z 21007KT 10SM BKN070 BKN200 29/18 A2982 RMK AO2 SLP096 T02890183
IAD,2023-08-09 23:52,10.00,7000.00,KIAD 092352Z 21007KT 10SM SCT070 BKN090 BKN200 28/18 A2984 RMK AO2 SLP100 T02780183 10317 20278 53007
IAD,2023-08-10 00:52,10.00,9000.00,KIAD 100052Z 21004KT 10SM SCT090 BKN200 26/19 A2984 RMK AO2 SLP103 T02610189
IAD,2023-08-10 01:52,10.00,9000.00,KIAD 100152Z 18003KT 10SM FEW090 BKN200 24/19 A2985 RMK AO2 SLP103 T02440189
IAD,2023-08-10 02:52,10.00,24000.00,KIAD 100252Z 16003KT 10SM BKN240 22/19 A2984 RMK AO2 SLP103 T02220189 50002
IAD,2023-08-10 03:52,10.00,24000.00,KIAD 100352Z 18003KT 10SM BKN240 23/19 A2983 RMK AO2 SLP098 T02330189
IAD,2023-08-10 04:52,10.00,24000.00,KIAD 100452Z 00000KT 10SM BKN240 22/19 A2983 RMK AO2 SLP098 T02220189 403170178
IAD,2023-08-10 05:52,10.00,20000.00,KIAD 100552Z 18003KT 10SM OVC200 22/19 A2981 RMK AO2 SLP092 T02170189 10278 20217 58011
IAD,2023-08-10 06:52,10.00,20000.00,KIAD 100652Z 17003KT 10SM OVC200 22/19 A2979 RMK AO2 SLP084 T02220194
IAD,2023-08-10 07:52,10.00,18000.00,KIAD 100752Z 00000KT 10SM OVC180 22/19 A2976 RMK AO2 SLP073 T02220194
IAD,2023-08-10 08:52,10.00,11000.00,KIAD 100852Z 18003KT 10SM FEW110 OVC180 22/19 A2975 RMK AO2 SLP069 T02170194 56021
IAD,2023-08-10 09:52,10.00,10000.00,KIAD 100952Z 20006KT 10SM SCT100 OVC140 22/19 A2976 RMK AO2 SLP073 T02220194
IAD,2023-08-10 10:52,10.00,9000.00,KIAD 101052Z 00000KT 10SM BKN090 OVC120 22/19 A2975 RMK AO2 SLP070 T02170194
IAD,2023-08-10 11:52,10.00,9000.00,KIAD 101152Z 14003KT 10SM BKN090 OVC120 23/20 A2974 RMK AO2 SLP067 T02280200 10228 20217 58004
IAD,2023-08-10 12:52,7.00,6000.00,KIAD 101252Z 19008KT 7SM SCT060 BKN080 OVC100 24/19 A2972 RMK AO2 RAB27E36 SLP062 P0000 T02390194
IAD,2023-08-10 13:52,7.00,7000.00,KIAD 101352Z 18006KT 7SM BKN070 OVC085 24/20 A2971 RMK AO2 SLP059 T02390200
IAD,2023-08-10 14:52,7.00,9000.00,KIAD 101452Z 22005KT 7SM -RA OVC090 24/21 A2970 RMK AO2 RAB14 SLP056 P0000 60000 T02440206 56011
IAD,2023-08-10 15:52,10.00,7500.00,KIAD 101552Z 19004KT 10SM BKN075 OVC090 25/21 A2969 RMK AO2 RAE31 SLP050 P0001 T02500211
IAD,2023-08-10 16:52,10.00,8000.00,KIAD 101652Z 21006KT 10SM BKN080 OVC120 26/21 A2968 RMK AO2 SLP047 T02560211
IAD,2023-08-10 17:52,10.00,8500.00,KIAD 101752Z 21009KT 10SM BKN085 OVC130 27/22 A2965 RMK AO2 RAB00E18 SLP039 P0000 60001 T02720217 10272 20228 58017
IAD,2023-08-10 18:52,10.00,4000.00,KIAD 101852Z 22009KT 10SM FEW040 FEW070 BKN120 BKN160 27/21 A2964 RMK AO2 RAB38E51 SLP034 P0000 T02720211
IAD,2023-08-10 19:52,10.00,2400.00,KIAD 101952Z 21011G17KT 10SM FEW024 SCT029CB BKN070 BKN130 BKN160 29/21 A2962 RMK AO2 RAB15E27 SLP028 CB NW MOV E P0000 T02890211
IAD,2023-08-10 20:52,5.00,1000.00,KIAD 102052Z 33012G18KT 5SM -RA FEW010 SCT035CB BKN065 BKN130 BKN160 26/22 A2965 RMK AO2 RAB15E25B41 SLP036 CB E-OHD-W MOV E P0000 60000 T02560222 55002
IAD,2023-08-10 21:52,10.00,3500.00,KIAD 102152Z 27007KT 10SM FEW035 FEW070 SCT120 SCT200 BKN250 27/22 A2965 RMK AO2 LTG DSNT E AND SE RAE08 SLP037 CB DSNT NE-SW MOV E P0004 T02720222
IAD,2023-08-10 22:52,10.00,3000.00,KIAD 102252Z 29007KT 10SM FEW030 FEW060 FEW150 SCT250 28/21 A2967 RMK AO2 SLP044 T02780211
IAD,2023-08-10 23:52,10.00,6000.00,KIAD 102352Z 32005KT 10SM FEW060 FEW120 SCT250 26/20 A2968 RMK AO2 SLP048 60004 T02610200 10294 20233 53012
IAD,2023-08-11 00:52,10.00,6000.00,KIAD 110052Z 31005KT 10SM FEW060 FEW120 FEW250 25/19 A2971 RMK AO2 SLP057 T02500194
IAD,2023-08-11 01:52,10.00,12000.00,KIAD 110152Z 32010KT 10SM FEW120 FEW250 24/17 A2974 RMK AO2 SLP069 T02440172
IAD,2023-08-11 02:52,10.00,25000.00,KIAD 110252Z 30006KT 10SM SCT250 24/17 A2976 RMK AO2 SLP073 T02390172 51025
IAD,2023-08-11 03:52,10.00,M,KIAD 110352Z 00000KT 10SM CLR 22/17 A2976 RMK AO2 SLP074 T02170172
IAD,2023-08-11 04:52,10.00,M,KIAD 110452Z 27006KT 10SM CLR 23/17 A2977 RMK AO2 SLP076 T02280172 402940217
IAD,2023-08-11 05:52,10.00,M,KIAD 110552Z 00000KT 10SM CLR 23/17 A2977 RMK AO2 SLP079 T02330167 10261 20217 53006
IAD,2023-08-11 06:52,10.00,M,KIAD 110652Z 26005KT 10SM CLR 23/17 A2977 RMK AO2 SLP079 T02280167
IAD,2023-08-11 07:52,10.00,M,KIAD 110752Z 28004KT 10SM CLR 22/17 A2979 RMK AO2 SLP083 T02170167
IAD,2023-08-11 08:52,10.00,M,KIAD 110852Z 00000KT 10SM CLR 19/17 A2981 RMK AO2 SLP090 T01940167 53011
IAD,2023-08-11 09:52,10.00,M,KIAD 110952Z 00000KT 10SM CLR 18/16 A2982 RMK AO2 SLP095 T01780156
IAD,2023-08-11 10:52,10.00,18000.00,KIAD 111052Z 21003KT 10SM FEW180 20/17 A2984 RMK AO2 SLP100 T02000167
IAD,2023-08-11 11:52,10.00,25000.00,KIAD 111152Z 21003KT 10SM FEW250 22/17 A2985 RMK AO2 SLP104 70005 T02220172 10233 20178 51013
IAD,2023-08-11 12:52,10.00,25000.00,KIAD 111252Z 19008KT 10SM FEW250 25/18 A2986 RMK AO2 SLP109 T02500178
IAD,2023-08-11 13:52,10.00,25000.00,KIAD 111352Z VRB04KT 10SM BKN250 27/17 A2988 RMK AO2 SLP114 T02720172
IAD,2023-08-11 14:52,10.00,25000.00,KIAD 111452Z 30011KT 10SM BKN250 28/17 A2989 RMK AO2 SLP117 T02830172 51014
IAD,2023-08-11 15:52,10.00,5000.00,KIAD 111552Z 29011KT 10SM FEW050 BKN250 29/17 A2988 RMK AO2 SLP115 T02890172
IAD,2023-08-11 16:52,10.00,5000.00,KIAD 111652Z 25007KT 10SM FEW050 BKN250 29/17 A2987 RMK AO2 SLP110 T02940172
IAD,2023-08-11 17:52,10.00,5000.00,KIAD 111752Z AUTO 22005KT 10SM FEW050 BKN250 29/17 A2987 RMK AO2 SLP111 T02940172 10300 20222 55005
IAD,2023-08-11 18:52,10.00,6000.00,KIAD 111852Z 21007KT 10SM SCT060 BKN250 30/18 A2986 RMK AO2 SLP109 T03000178
IAD,2023-08-11 19:52,10.00,5500.00,KIAD 111952Z 23007KT 10SM SCT055 BKN250 31/18 A2985 RMK AO2 SLP104 T03110178
IAD,2023-08-11 20:52,10.00,6000.00,KIAD 112052Z VRB04KT 10SM SCT060 BKN250 30/18 A2985 RMK AO2 SLP106 T03000178 55006
IAD,2023-08-11 21:52,10.00,5500.00,KIAD 112152Z 18005KT 10SM BKN055TCU BKN070 BKN250 30/19 A2985 RMK AO2 SLP105 TCU E-S T03000189
IAD,2023-08-11 22:52,10.00,6500.00,KIAD 112252Z 00000KT 10SM FEW065 SCT100 BKN250 29/19 A2985 RMK AO2 SLP105 T02940189
IAD,2023-08-11 23:52,10.00,6500.00,KIAD 112352Z 00000KT 10SM SCT065 BKN077 BKN120 BKN250 28/18 A2985 RMK AO2 SLP107 T02780183 10317 20278 53001
IAD,2023-08-12 00:52,10.00,5000.00,KIAD 120052Z 00000KT 10SM -RA BKN050 BKN070 BKN130 BKN250 27/19 A2987 RMK AO2 RAB29 SLP111 P0000 T02720189
IAD,2023-08-12 01:52,10.00,6000.00,KIAD 120152Z 15005KT 10SM BKN060 BKN100 25/20 A2989 RMK AO2 RAE0054 SLP118 P0000 T02500200
IAD,2023-08-12 02:52,10.00,6000.00,KIAD 120252Z 15003KT 10SM BKN060 BKN085 BKN130 26/20 A2989 RMK AO2 RAB0154E04 SLP118 P0000 60000 T02560200 50012
IAD,2023-08-12 03:52,10.00,7500.00,KIAD 120352Z 15004KT 10SM FEW075 FEW110 23/19 A2988 RMK AO2 SLP114 T02330194
IAD,2023-08-12 04:52,10.00,11000.00,KIAD 120452Z 15003KT 10SM FEW110 23/19 A2989 RMK AO2 SLP116 T02280194 403170178
IAD,2023-08-12 05:52,10.00,7000.00,KIAD 120552Z 00000KT 10SM FEW070 FEW250 21/19 A2990 RMK AO2 SLP122 60000 T02110189 10278 20211 53003
IAD,2023-08-12 06:52,10.00,7000.00,KIAD 120652Z 16003KT 10SM SCT070 21/19 A2990 RMK AO2 SLP123 T02060189
IAD,2023-08-12 07:52,10.00,7000.00,KIAD 120752Z 00000KT 10SM SCT070 21/19 A2990 RMK AO2 SLP121 T02110189
IAD,2023-08-12 08:52,10.00,8000.00,KIAD 120852Z 00000KT 10SM BKN080 20/19 A2990 RMK AO2 SLP121 T02000189 58001
IAD,2023-08-12 09:52,9.00,8000.00,KIAD 120952Z 00000KT 9SM FEW080 SCT250 20/19 A2991 RMK AO2 SLP125 T02000189
IAD,2023-08-12 10:52,10.00,8000.00,KIAD 121052Z 00000KT 10SM FEW080 19/18 A2991 RMK AO2 SLP126 T01940183
IAD,2023-08-12 11:52,10.00,M,KIAD 121152Z 00000KT 10SM CLR 23/20 A2991 RMK AO2 SLP127 T02280200 10228 20189 51005
IAD,2023-08-12 12:52,10.00,M,KIAD 121252Z 00000KT 10SM CLR 26/21 A2992 RMK AO2 SLP128 T02610206
IAD,2023-08-12 13:52,10.00,M,KIAD 121352Z 00000KT 10SM CLR 29/21 A2991 RMK AO2 SLP125 T02890206
IAD,2023-08-12 14:52,10.00,M,KIAD 121452Z 13003KT 10SM CLR 29/21 A2992 RMK AO2 SLP126 T02940206 51001
IAD,2023-08-12 15:52,10.00,5500.00,KIAD 121552Z VRB04KT 10SM FEW055 SCT250 31/19 A2990 RMK AO2 SLP122 T03110189
IAD,2023-08-12 16:52,10.00,6000.00,KIAD 121652Z VRB03KT 10SM SCT060 SCT250 33/19 A2991 RMK AO2 SLP123 T03280189
IAD,2023-08-12 17:52,10.00,6000.00,KIAD 121752Z 22008G15KT 10SM BKN060 33/19 A2989 RMK AO2 SLP118 T03330194 10333 20228 58008
IAD,2023-08-12 18:52,10.00,6500.00,KIAD 121852Z VRB05KT 10SM BKN065TCU BKN080 BKN160 BKN250 32/19 A2986 RMK AO2 SLP108 TCU OHD-W T03220194
IAD,2023-08-12 19:52,10.00,7000.00,KIAD 121952Z 22009G15KT 10SM FEW070 FEW090 BKN250 33/19 A2984 RMK AO2 SLP102 T03330189
IAD,2023-08-12 20:52,10.00,7000.00,KIAD 122052Z 20008KT 10SM FEW070 BKN250 34/18 A2985 RMK AO2 SLP104 T03390183 55014
IAD,2023-08-12 21:52,10.00,8000.00,KIAD 122152Z 21008KT 10SM FEW080 FEW095 BKN250 32/19 A2984 RMK AO2 SLP101 T03220194
IAD,2023-08-12 22:52,10.00,8000.00,KIAD 122252Z 16009KT 10SM FEW080 FEW095 FEW140 BKN250 32/20 A2984 RMK AO2 SLP101 CB DSNT W-NW MOV E T03170200
IAD,2023-08-12 23:52,10.00,8000.00,KIAD 122352Z 18007KT 10SM FEW080 FEW120 BKN250 30/20 A2984 RMK AO2 SLP102 T03000200 10339 20300 55002
IAD,2023-08-13 00:52,10.00,15000.00,KIAD 130052Z COR 18005KT 10SM BKN150 BKN250 29/20 A2985 RMK AO2 SLP103 T02890200
IAD,2023-08-13 01:52,10.00,15000.00,KIAD 130152Z 19008KT 10SM FEW150 29/21 A2984 RMK AO2 SLP101 T02890211
IAD,2023-08-13 02:52,10.00,15000.00,KIAD 130252Z 21008KT 10SM SCT150 BKN250 28/21 A2986 RMK AO2 SLP108 T02780211 53006
IAD,2023-08-13 03:52,10.00,15000.00,KIAD 130352Z 21008KT 10SM BKN150 OVC250 28/22 A2988 RMK AO2 SLP114 OCNL LTGICCC DSNT W T02780217
IAD,2023-08-13 04:52,10.00,14000.00,KIAD 130452Z 18005KT 10SM BKN140 OVC180 27/22 A2986 RMK AO2 SLP108 T02670217 403390189
IAD,2023-08-13 05:52,10.00,14000.00,KIAD 130552Z 20006KT 10SM FEW140 BKN180 BKN230 26/22 A2983 RMK AO2 SLP099 T02610222 10300 20261 58009
IAD,2023-08-13 06:52,10.00,18000.00,KIAD 130652Z 24004KT 10SM FEW180 BKN200 BKN250 26/22 A2984 RMK AO2 SLP100 T02610222
IAD,2023-08-13 07:52,10.00,12000.00,KIAD 130752Z 21005KT 10SM FEW120 FEW220 OVC250 26/22 A2983 RMK AO2 SLP098 LTG DSNT W T02560222
IAD,2023-08-13 08:52,10.00,9000.00,KIAD 130852Z 02006KT 10SM BKN090 BKN220 26/22 A2985 RMK AO2 SLP102 T02560217 53003
IAD,2023-08-13 09:52,10.00,9000.00,KIAD 130952Z 00000KT 10SM FEW090 FEW250 23/21 A2986 RMK AO2 SLP109 T02330206
IAD,2023-08-13 10:52,10.00,2000.00,KIAD 131052Z 00000KT 10SM FEW020 FEW120 FEW250 22/21 A2989 RMK AO2 SLP118 T02220206
IAD,2023-08-13 11:52,10.00,12000.00,KIAD 131152Z 34004KT 10SM FEW120 27/22 A2991 RMK AO2 SLP124 T02670217 10267 20222 51021
IAD,2023-08-13 12:52,10.00,8000.00,KIAD 131252Z 29006KT 10SM FEW080 29/21 A2993 RMK AO2 SLP131 T02940206
IAD,2023-08-13 13:52,10.00,4100.00,KIAD 131352Z 32008KT 10SM FEW041 FEW100 31/21 A2993 RMK AO2 SLP130 T03060206
IAD,2023-08-13 14:52,10.00,4100.00,KIAD 131452Z 31007KT 10SM BKN041 31/21 A2994 RMK AO2 SLP134 T03110206 51010
IAD,2023-08-13 15:52,10.00,4700.00,KIAD 131552Z 32014G18KT 10SM BKN047 BKN060 32/21 A2994 RMK AO2 SLP135 T03170206
IAD,2023-08-13 16:52,10.00,4900.00,KIAD 131652Z 30007G17KT 10SM BKN049 BKN060 BKN250 32/19 A2994 RMK AO2 SLP136 T03220189
IAD,2023-08-13 17:52,10.00,6000.00,KIAD 131752Z 35013G20KT 10SM BKN060 BKN200 33/17 A2994 RMK AO2 SLP136 T03280172 10333 20267 51002
IAD,2023-08-13 18:52,10.00,6000.00,KIAD 131852Z 31011G21KT 10SM SCT060 SCT200 33/16 A2995 RMK AO2 SLP137 T03330161
IAD,2023-08-13 19:52,10.00,6000.00,KIAD 131952Z 33010G18KT 10SM SCT060 SCT200 33/15 A2995 RMK AO2 SLP136 T03330150 $
IAD,2023-08-13 20:52,10.00,6000.00,KIAD 132052Z 35012G18KT 10SM FEW060 33/14 A2995 RMK AO2 SLP136 T03330144 51000 $
IAD,2023-08-13 21:52,10.00,6000.00,KIAD 132152Z 32007KT 10SM FEW060 FEW200 33/15 A2995 RMK AO2 SLP138 T03330150 $
IAD,2023-08-13 22:52,10.00,10000.00,KIAD 132252Z 34009KT 10SM FEW100 BKN250 32/14 A2995 RMK AO2 SLP139 T03220144 $
IAD,2023-08-13 23:52,10.00,10000.00,KIAD 132352Z 02007KT 10SM FEW100 BKN250 31/14 A2997 RMK AO2 SLP145 T03060144 10339 20306 53008 $
IAD,2023-08-14 00:52,10.00,20000.00,KIAD 140052Z 05003KT 10SM SCT200 28/16 A2998 RMK AO2 SLP150 T02780156 $
IAD,2023-08-14 01:52,10.00,25000.00,KIAD 140152Z 14003KT 10SM SCT250 24/17 A3001 RMK AO2 SLP158 T02390167 $
IAD,2023-08-14 02:52,10.00,M,KIAD 140252Z 00000KT 10SM CLR 23/17 A3002 RMK AO2 SLP160 T02280167 51015 $
IAD,2023-08-14 03:52,10.00,M,KIAD 140352Z 00000KT 10SM CLR 22/17 A3001 RMK AO2 SLP160 T02170172 $
IAD,2023-08-14 04:52,10.00,M,KIAD 140452Z 00000KT 10SM CLR 21/17 A3001 RMK AO2 SLP158 T02110172 403390211 $
IAD,2023-08-14 05:52,10.00,M,KIAD 140552Z 00000KT 10SM CLR 20/17 A3000 RMK AO2 SLP155 T02000172 10306 20200 58005 $
IAD,2023-08-14 06:52,10.00,M,KIAD 140652Z 00000KT 10SM CLR 21/17 A2999 RMK AO2 SLP151 T02060172 $
IAD,2023-08-14 07:52,10.00,25000.00,KIAD 140752Z 00000KT 10SM OVC250 21/17 A2998 RMK AO2 SLP149 T02060172 $
IAD,2023-08-14 08:52,10.00,19000.00,KIAD 140852Z 33003KT 10SM FEW190 OVC230 21/17 A2997 RMK AO2 SLP146 T02060172 56009 $
IAD,2023-08-14 09:52,10.00,6000.00,KIAD 140952Z 00000KT 10SM SCT060 BKN230 19/17 A2997 RMK AO2 SLP144 T01940172 $
IAD,2023-08-14 10:52,10.00,6000.00,KIAD 141052Z 00000KT 10SM SCT060 BKN130 BKN250 19/17 A2998 RMK AO2 SLP148 T01940172
IAD,2023-08-14 11:52,10.00,6000.00,KIAD 141152Z 00000KT 10SM FEW060 SCT130 BKN250 21/18 A3000 RMK AO2 SLP153 T02110183 10233 20189 53007
IAD,2023-08-14 12:52,10.00,6000.00,KIAD 141252Z 00000KT 10SM FEW060 SCT140 BKN250 27/19 A3000 RMK AO2 SLP153 T02720189
IAD,2023-08-14 13:52,10.00,6500.00,KIAD 141352Z VRB05KT 10SM FEW065 SCT140 BKN250 30/20 A2999 RMK AO2 SLP153 T03000200
IAD,2023-08-14 14:52,10.00,6000.00,KIAD 141452Z 19009KT 10SM FEW060 BKN110 BKN250 30/20 A2999 RMK AO2 SLP151 T03000200 58002
IAD,2023-08-14 15:52,10.00,5500.00,KIAD 141552Z 18010KT 10SM FEW055 BKN100 BKN250 32/21 A2997 RMK AO2 SLP146 T03170206
IAD,2023-08-14 16:52,10.00,5500.00,KIAD 141652Z 10007KT 10SM FEW055 BKN100 BKN250 32/21 A2994 RMK AO2 SLP136 T03220211
IAD,2023-08-14 17:52,10.00,5500.00,KIAD 141752Z 15010G16KT 10SM FEW055 BKN100 BKN250 33/21 A2992 RMK AO2 SLP128 T03330211 10333 20217 58023
IAD,2023-08-14 18:52,10.00,7000.00,KIAD 141852Z 16006KT 10SM -RA BKN070 BKN250 32/22 A2989 RMK AO2 RAB51 SLP117 P0000 T03170217
IAD,2023-08-14 19:52,10.00,3800.00,KIAD 141952Z 00000KT 10SM SCT038 BKN050 OVC100 29/23 A2987 RMK AO2 LTG DSNT SE AND S RAE37 SLP111 P0013 T02890233
IAD,2023-08-14 20:52,10.00,2200.00,KIAD 142052Z 14012G19KT 10SM SCT022 BKN030 OVC047 28/23 A2987 RMK AO2 LTG DSNT E AND SE SLP112 60013 T02780233 55016
IAD,2023-08-14 21:52,10.00,5500.00,KIAD 142152Z 13006KT 10SM SCT055 BKN065 OVC090 27/23 A2985 RMK AO2 RAB09E19 SLP106 P0000 T02670233
IAD,2023-08-14 22:52,10.00,5000.00,KIAD 142252Z 16006KT 10SM SCT050 BKN080 27/23 A2984 RMK AO2 SLP101 T02670233
IAD,2023-08-14 23:52,10.00,8000.00,KIAD 142352Z 14006KT 10SM BKN080 BKN250 26/23 A2983 RMK AO2 SLP097 60013 T02560233 10333 20256 56015
IAD,2023-08-15 00:52,10.00,700.00,KIAD 150052Z 16004KT 10SM SCT007 BKN028 BKN250 25/24 A2984 RMK AO2 SLP099 T02500239
IAD,2023-08-15 01:52,10.00,700.00,KIAD 150152Z 15007KT 10SM SCT007 SCT250 26/24 A2983 RMK AO2 SLP097 T02560239
IAD,2023-08-15 02:52,10.00,700.00,KIAD 150252Z 17006KT 10SM FEW007 SCT010 BKN110 OVC130 26/24 A2983 RMK AO2 SLP096 T02560244 58001
IAD,2023-08-15 03:52,10.00,11000.00,KIAD 150352Z 20007KT 10SM BKN110 26/24 A2979 RMK AO2 SLP083 T02610244
IAD,2023-08-15 04:52,10.00,11000.00,KIAD 150452Z 21009KT 10SM SCT110 26/24 A2978 RMK AO2 SLP081 T02610239 403330189
IAD,2023-08-15 05:52,10.00,11000.00,KIAD 150552Z 22005KT 10SM FEW110 26/23 A2977 RMK AO2 SLP077 T02560233 10261 20250 56019
IAD,2023-08-15 06:52,10.00,11000.00,KIAD 150652Z 19006KT 10SM BKN110 25/23 A2976 RMK AO2 SLP072 T02500228
IAD,2023-08-15 07:52,10.00,8000.00,KIAD 150752Z 21007KT 10SM FEW080 BKN110 25/22 A2976 RMK AO2 SLP074 T02500222
IAD,2023-08-15 08:52,10.00,8000.00,KIAD 150852Z 21008KT 10SM FEW080 BKN110 25/22 A2977 RMK AO2 SLP075 T02500222 55001
IAD,2023-08-15 09:52,10.00,11000.00,KIAD 150952Z 21003KT 10SM SCT110 BKN150 24/22 A2977 RMK AO2 SLP078 T02390222
IAD,2023-08-15 10:52,10.00,5000.00,KIAD 151052Z 00000KT 10SM FEW050 FEW110 SCT150 BKN250 23/22 A2979 RMK AO2 SLP083 T02330217
IAD,2023-08-15 11:52,10.00,11000.00,KIAD 151152Z VRB05KT 10SM FEW110 SCT150 BKN250 27/23 A2979 RMK AO2 SLP084 70013 T02670228 10267 20228 53008
IAD,2023-08-15 12:52,10.00,11000.00,KIAD 151252Z 16004KT 10SM FEW110 BKN250 28/23 A2980 RMK AO2 SLP088 T02830233 $
IAD,2023-08-15 13:52,10.00,4500.00,KIAD 151352Z VRB05KT 10SM FEW045 SCT190 BKN250 31/23 A2980 RMK AO2 SLP088 T03060228 $
IAD,2023-08-15 14:52,10.00,4200.00,KIAD 151452Z 32005KT 10SM SCT042 BKN250 32/21 A2980 RMK AO2 SLP088 T03220211 50004 $
IAD,2023-08-15 15:52,10.00,4700.00,KIAD 151552Z 00000KT 10SM SCT047TCU BKN250 33/21 A2979 RMK AO2 SLP085 TCU N-SE AND W T03280206 $
IAD,2023-08-15 16:52,10.00,4800.00,KIAD 151652Z VRB03KT 10SM BKN048TCU BKN070 BKN250 32/20 A2980 RMK AO2 SLP086 TCU ALQDS T03170200 $
IAD,2023-08-15 17:52,10.00,5000.00,KIAD 151752Z 26006KT 10SM BKN050 BKN110 BKN150 BKN250 33/20 A2979 RMK AO2 SLP083 CB DSNT E-S MOV NE T03280200 10328 20267 58005 $
IAD,2023-08-15 18:52,10.00,6500.00,KIAD 151852Z 21006KT 10SM BKN065 BKN080 BKN150 32/21 A2978 RMK AO2 LTG DSNT E-S SLP081 CB DSNT E-S MOV NE T03170206 $
IAD,2023-08-15 19:52,10.00,6500.00,KIAD 151952Z 08004KT 10SM BKN065 BKN100 28/22 A2976 RMK AO2 LTG DSNT S SLP073 CB DSNT S MOV E T02830217 $
IAD,2023-08-15 20:52,10.00,6000.00,KIAD 152052Z 14007KT 10SM SCT060 BKN150 32/21 A2975 RMK AO2 LTG DSNT E AND SE SLP070 T03170211 58013 $
IAD,2023-08-15 21:52,4.00,3500.00,KIAD 152152Z 04008KT 4SM -RA SCT035 BKN050 BKN150 28/22 A2977 RMK AO2 RAB49 SLP077 P0001 T02780217 $
IAD,2023-08-15 22:52,10.00,6000.00,KIAD 152252Z 07003KT 10SM SCT060 BKN085 BKN200 27/24 A2974 RMK AO2 RAE30 SLP068 P0017 T02670239 $
IAD,2023-08-15 23:52,10.00,2000.00,KIAD 152352Z 11006KT 10SM SCT020 BKN035 BKN150 23/22 A2979 RMK AO2 RAB22E45 SLP086 P0029 60047 T02330217 10339 20233 53008 $
IAD,2023-08-16 00:52,10.00,8000.00,KIAD 160052Z 00000KT 10SM BKN080 BKN250 23/22 A2982 RMK AO2 SLP094 T02280217 $
IAD,2023-08-16 01:52,10.00,8500.00,KIAD 160152Z 00000KT 10SM BKN085 BKN150 23/22 A2984 RMK AO2 SLP099 T02330222 $
IAD,2023-08-16 02:52,10.00,8000.00,KIAD 160252Z 00000KT 10SM OVC080 23/22 A2984 RMK AO2 SLP101 T02280217 51016 $
IAD,2023-08-16 03:52,10.00,8000.00,KIAD 160352Z 00000KT 10SM BKN080 23/22 A2986 RMK AO2 SLP106 T02330217 $
IAD,2023-08-16 04:52,10.00,8000.00,KIAD 160452Z 32006KT 10SM FEW080 SCT100 23/18 A2986 RMK AO2 SLP106 T02330178 403390222 $
IAD,2023-08-16 05:52,10.00,8000.00,KIAD 160552Z 32007KT 10SM FEW080 22/17 A2986 RMK AO2 SLP108 T02220172 10256 20222 51006 $
IAD,2023-08-16 06:52,10.00,M,KIAD 160652Z 33007KT 10SM CLR 23/16 A2988 RMK AO2 SLP113 T02280161 $
IAD,2023-08-16 07:52,10.00,9000.00,KIAD 160752Z 35007KT 10SM SCT090 24/16 A2989 RMK AO2 SLP117 T02390156 $
IAD,2023-08-16 08:52,10.00,9000.00,KIAD 160852Z 34006KT 10SM FEW090 23/16 A2990 RMK AO2 SLP121 T02280156 51013 $
IAD,2023-08-16 09:52,10.00,7000.00,KIAD 160952Z 33005KT 10SM SCT070 22/16 A2991 RMK AO2 SLP127 T02170156 $
IAD,2023-08-16 10:52,10.00,8000.00,KIAD 161052Z 33004KT 10SM FEW080 FEW250 22/16 A2994 RMK AO2 SLP134 T02170156 $
IAD,2023-08-16 11:52,10.00,7000.00,KIAD 161152Z 33005KT 10SM FEW070 FEW250 23/16 A2994 RMK AO2 SLP136 70047 T02330161 10239 20194 51015
IAD,2023-08-16 12:52,10.00,25000.00,KIAD 161252Z 31008KT 10SM FEW250 25/17 A2996 RMK AO2 SLP142 T02500167
IAD,2023-08-16 13:52,10.00,25000.00,KIAD 161352Z 33010KT 10SM FEW250 26/17 A2996 RMK AO2 SLP142 T02610167
IAD,2023-08-16 14:52,10.00,9000.00,KIAD 161452Z 33008KT 10SM FEW090 FEW250 27/16 A2996 RMK AO2 SLP144 T02720161 51007
IAD,2023-08-16 15:52,10.00,4000.00,KIAD 161552Z 30006KT 10SM FEW040 28/16 A2996 RMK AO2 SLP143 T02830161
IAD,2023-08-16 16:52,10.00,5000.00,KIAD 161652Z 35009G15KT 10SM BKN050 29/16 A2995 RMK AO2 SLP137 T02890156
IAD,2023-08-16 17:52,10.00,5000.00,KIAD 161752Z 32006KT 10SM FEW050 BKN070 29/16 A2994 RMK AO2 SLP135 T02940161 10300 20233 58007
IAD,2023-08-16 18:52,10.00,5000.00,KIAD 161852Z VRB05KT 10SM BKN050 OVC080 29/16 A2995 RMK AO2 SLP136 BINOVC T02890161
IAD,2023-08-16 19:52,10.00,5000.00,KIAD 161952Z 35006KT 10SM FEW050 BKN080 30/17 A2994 RMK AO2 SLP134 T03000172
IAD,2023-08-16 20:52,10.00,6000.00,KIAD 162052Z 36004KT 10SM FEW060 OVC080 29/17 A2994 RMK AO2 SLP134 BINOVC T02890167 58001
IAD,2023-08-16 21:52,10.00,5000.00,KIAD 162152Z 30005KT 10SM FEW050 BKN080 29/17 A2993 RMK AO2 SLP132 T02890172
IAD,2023-08-16 22:52,10.00,6000.00,KIAD 162252Z 31005KT 10SM FEW060 BKN085 28/17 A2993 RMK AO2 SLP134 T02780167
IAD,2023-08-16 23:52,10.00,8500.00,KIAD 162352Z 00000KT 10SM BKN085 25/18 A2995 RMK AO2 SLP138 T02500183 10306 20250 53003
IAD,2023-08-17 00:52,10.00,8500.00,KIAD 170052Z 00000KT 10SM BKN085 23/18 A2996 RMK AO2 SLP144 T02330178
IAD,2023-08-17 01:52,10.00,9000.00,KIAD 170152Z 00000KT 10SM BKN090 24/18 A2997 RMK AO2 SLP146 T02390178
IAD,2023-08-17 02:52,10.00,8000.00,KIAD 170252Z 33004KT 10SM FEW080 22/18 A2997 RMK AO2 SLP144 T02220178 50006
IAD,2023-08-17 03:52,10.00,M,KIAD 170352Z 00000KT 10SM CLR 21/18 A2997 RMK AO2 SLP145 T02060178
IAD,2023-08-17 04:52,10.00,M,KIAD 170452Z 00000KT 10SM CLR 21/18 A2996 RMK AO2 SLP142 T02060178 403060194
IAD,2023-08-17 05:52,10.00,M,KIAD 170552Z 00000KT 10SM CLR 19/17 A2995 RMK AO2 SLP140 T01890172 10261 20189 58004
IAD,2023-08-17 06:52,10.00,8000.00,KIAD 170652Z 00000KT 10SM FEW080 19/17 A2995 RMK AO2 SLP140 T01890172
IAD,2023-08-17 07:52,10.00,8000.00,KIAD 170752Z 00000KT 10SM FEW080 19/17 A2994 RMK AO2 SLP137 T01890172
IAD,2023-08-17 08:52,10.00,4700.00,KIAD 170852Z 00000KT 10SM SCT047 BKN060 BKN080 19/18 A2994 RMK AO2 SLP136 T01890178 58004
IAD,2023-08-17 09:52,10.00,4000.00,KIAD 170952Z 00000KT 10SM BKN040 20/18 A2995 RMK AO2 SLP139 T02000183
IAD,2023-08-17 10:52,10.00,3800.00,KIAD 171052Z 00000KT 10SM BKN038 BKN220 19/18 A2996 RMK AO2 SLP141 T01890178
IAD,2023-08-17 11:52,10.00,4000.00,KIAD 171152Z 00000KT 10SM SCT040 SCT230 24/19 A2997 RMK AO2 SLP144 T02390189 10239 20183 51008
IAD,2023-08-17 12:52,10.00,4000.00,KIAD 171252Z 00000KT 10SM FEW040 FEW220 26/19 A2996 RMK AO2 SLP143 T02560194
IAD,2023-08-17 13:52,10.00,22000.00,KIAD 171352Z 18008KT 10SM FEW220 28/21 A2994 RMK AO2 SLP136 T02780211
IAD,2023-08-17 14:52,10.00,2800.00,KIAD 171452Z 19011KT 10SM FEW028 SCT250 29/21 A2993 RMK AO2 SLP132 T02890211 58012
IAD,2023-08-17 15:52,10.00,3500.00,KIAD 171552Z 19008KT 10SM FEW035 SCT050 SCT250 30/21 A2991 RMK AO2 SLP126 T03000206
IAD,2023-08-17 16:52,10.00,3800.00,KIAD 171652Z 18008KT 10SM SCT038 BKN050 BKN085 31/21 A2989 RMK AO2 SLP118 T03060206
IAD,2023-08-17 17:52,10.00,4700.00,KIAD 171752Z 20011G15KT 10SM BKN047 BKN090 32/20 A2987 RMK AO2 SLP110 T03220200 10322 20233 58021
IAD,2023-08-17 18:52,10.00,4900.00,KIAD 171852Z 15011G21KT 10SM SCT049 BKN090 32/21 A2984 RMK AO2 SLP103 T03220206 $
IAD,2023-08-17 19:52,10.00,5000.00,KIAD 171952Z 17011G17KT 10SM BKN050 32/19 A2982 RMK AO2 SLP095 T03220194 $
IAD,2023-08-17 20:52,10.00,6000.00,KIAD 172052Z 15008KT 10SM SCT060 BKN095 31/19 A2981 RMK AO2 SLP092 T03060194 56018 $
IAD,2023-08-17 21:52,10.00,6500.00,KIAD 172152Z 16006KT 10SM FEW065 32/19 A2980 RMK AO2 SLP087 T03170194 $
IAD,2023-08-17 22:52,10.00,6500.00,KIAD 172252Z 16011KT 10SM SCT065 BKN110 31/19 A2980 RMK AO2 SLP087 T03110189 $
IAD,2023-08-17 23:52,10.00,8000.00,KIAD 172352Z 15007KT 10SM SCT080 BKN110 29/21 A2979 RMK AO2 SLP085 T02890206 10328 20289 56006 $
IAD,2023-08-18 00:52,10.00,6500.00,KIAD 180052Z 16007KT 10SM FEW065 SCT110 28/21 A2979 RMK AO2 SLP085 T02780211 $
IAD,2023-08-18 01:52,10.00,3300.00,KIAD 180152Z 15007KT 10SM FEW033 SCT080 28/22 A2979 RMK AO2 SLP084 T02780217 $
IAD,2023-08-18 02:52,10.00,3300.00,KIAD 180252Z 16007KT 10SM FEW033 SCT080 27/22 A2977 RMK AO2 SLP078 OCNL LTG DSNT S T02670222 58007 $
IAD,2023-08-18 03:52,10.00,3300.00,KIAD 180352Z 17008KT 10SM FEW033 SCT080 27/23 A2976 RMK AO2 SLP075 OCNL LTG SE-S T02670228 $
IAD,2023-08-18 04:52,10.00,11000.00,KIAD 180452Z 18008KT 10SM OVC110 26/21 A2977 RMK AO2 SLP075 T02610211 403280183 $
IAD,2023-08-18 05:52,10.00,6500.00,KIAD 180552Z 18007KT 10SM SCT065 25/21 A2975 RMK AO2 SLP069 T02500211 10289 20250 58008 $
IAD,2023-08-18 06:52,10.00,9500.00,KIAD 180652Z 20007KT 10SM FEW095 24/21 A2972 RMK AO2 SLP060 T02440211 $
IAD,2023-08-18 07:52,10.00,8000.00,KIAD 180752Z 31006KT 10SM FEW080 23/21 A2973 RMK AO2 SLP062 T02330211 $
IAD,2023-08-18 08:52,10.00,8000.00,KIAD 180852Z 14003KT 10SM FEW080 22/21 A2973 RMK AO2 SLP064 T02170206 55005 $
IAD,2023-08-18 09:52,10.00,11000.00,KIAD 180952Z 30008KT 10SM BKN110 24/18 A2975 RMK AO2 SLP070 T02390178 $
IAD,2023-08-18 10:52,10.00,11000.00,KIAD 181052Z 29012KT 10SM SCT110 23/14 A2979 RMK AO2 SLP084 T02330139 $
IAD,2023-08-18 11:52,10.00,8500.00,KIAD 181152Z 31010KT 10SM FEW085 SCT120 23/14 A2982 RMK AO2 SLP092 T02330144 10250 20211 53028
IAD,2023-08-18 12:52,10.00,11000.00,KIAD 181252Z VRB06KT 10SM FEW110 24/16 A2983 RMK AO2 SLP097 T02440156
IAD,2023-08-18 13:52,10.00,5000.00,KIAD 181352Z 32012KT 10SM FEW050 26/15 A2984 RMK AO2 SLP100 T02560150
IAD,2023-08-18 14:52,10.00,4800.00,KIAD 181452Z 32012G21KT 10SM SCT048 27/15 A2985 RMK AO2 SLP106 T02720150 53013
IAD,2023-08-18 15:52,10.00,5000.00,KIAD 181552Z 31010G19KT 10SM SCT050 BKN070 28/15 A2986 RMK AO2 SLP109 T02780150
IAD,2023-08-18 16:52,10.00,5500.00,KIAD 181652Z 32011KT 10SM SCT055 SCT080 28/14 A2985 RMK AO2 SLP104 T02830139
IAD,2023-08-18 17:52,10.00,7000.00,KIAD 181752Z 33013G21KT 10SM SCT070 28/13 A2985 RMK AO2 SLP104 T02830133 10294 20228 58001
IAD,2023-08-18 18:52,10.00,6500.00,KIAD 181852Z 33010G19KT 10SM BKN065 28/13 A2985 RMK AO2 SLP103 T02830128
IAD,2023-08-18 19:52,10.00,7500.00,KIAD 181952Z 30014G23KT 10SM SCT075 30/13 A2984 RMK AO2 SLP102 T03000128
IAD,2023-08-18 20:52,10.00,7500.00,KIAD 182052Z 31015G23KT 10SM SCT075 29/10 A2985 RMK AO2 SLP104 T02940100 55002
IAD,2023-08-18 21:52,10.00,7500.00,KIAD 182152Z 34012G23KT 10SM FEW075 28/11 A2986 RMK AO2 SLP107 T02830111
IAD,2023-08-18 22:52,10.00,7500.00,KIAD 182252Z 32015G21KT 10SM FEW075 27/09 A2988 RMK AO2 SLP114 T02720094
IAD,2023-08-18 23:52,10.00,8000.00,KIAD 182352Z 32012G22KT 10SM FEW080 25/09 A2990 RMK AO2 SLP122 T02500089 10300 20250 53018
IAD,2023-08-19 00:52,10.00,10000.00,KIAD 190052Z 33011KT 10SM FEW100 24/09 A2993 RMK AO2 SLP132 T02390089
IAD,2023-08-19 01:52,10.00,10000.00,KIAD 190152Z 31009KT 10SM FEW100 23/08 A2997 RMK AO2 SLP145 T02280083
IAD,2023-08-19 02:52,10.00,M,KIAD 190252Z 32008KT 10SM CLR 22/09 A2998 RMK AO2 SLP149 T02170089 51027
IAD,2023-08-19 03:52,10.00,25000.00,KIAD 190352Z 32006KT 10SM FEW250 21/09 A3000 RMK AO2 SLP156 T02110094
IAD,2023-08-19 04:52,10.00,25000.00,KIAD 190452Z 33004KT 10SM FEW250 20/09 A3001 RMK AO2 SLP160 T02000094 403000200
IAD,2023-08-19 05:52,10.00,25000.00,KIAD 190552Z 34003KT 10SM FEW250 19/10 A3002 RMK AO2 SLP162 T01940100 10250 20194 51012
IAD,2023-08-19 06:52,10.00,M,KIAD 190652Z 34005KT 10SM CLR 19/11 A3002 RMK AO2 SLP161 T01890106
IAD,2023-08-19 07:52,10.00,M,KIAD 190752Z 33005KT 10SM CLR 18/11 A3002 RMK AO2 SLP164 T01780106
IAD,2023-08-19 08:52,10.00,M,KIAD 190852Z 33005KT 10SM CLR 18/11 A3004 RMK AO2 SLP169 T01780106 53007
IAD,2023-08-19 09:52,10.00,25000.00,KIAD 190952Z 23003KT 10SM FEW250 13/10 A3005 RMK AO2 SLP174 T01330100
IAD,2023-08-19 10:52,10.00,M,KIAD 191052Z 18003KT 10SM CLR 13/10 A3007 RMK AO2 SLP181 T01330100
IAD,2023-08-19 11:52,10.00,M,KIAD 191152Z 00000KT 10SM CLR 20/12 A3009 RMK AO2 SLP187 T02000117 10200 20122 53018
IAD,2023-08-19 12:52,10.00,M,KIAD 191252Z 31004KT 10SM CLR 21/09 A3012 RMK AO2 SLP195 T02110094
IAD,2023-08-19 13:52,10.00,M,KIAD 191352Z VRB06KT 10SM CLR 23/10 A3012 RMK AO2 SLP198 T02280100
IAD,2023-08-19 14:52,10.00,M,KIAD 191452Z 29006KT 10SM CLR 24/11 A3013 RMK AO2 SLP199 T02390106 51012
IAD,2023-08-19 15:52,10.00,M,KIAD 191552Z 29008G14KT 10SM CLR 26/09 A3011 RMK AO2 SLP194 T02560089
IAD,2023-08-19 16:52,10.00,M,KIAD 191652Z VRB04KT 10SM CLR 27/09 A3010 RMK AO2 SLP189 T02670094
IAD,2023-08-19 17:52,10.00,M,KIAD 191752Z 30005KT 10SM CLR 28/08 A3008 RMK AO2 SLP184 T02780083 10278 20200 58015
IAD,2023-08-19 18:52,10.00,M,KIAD 191852Z VRB05KT 10SM CLR 29/08 A3006 RMK AO2 SLP175 T02890083
IAD,2023-08-19 19:52,10.00,25000.00,KIAD 191952Z VRB04KT 10SM FEW250 30/08 A3005 RMK AO2 SLP172 T03000083
IAD,2023-08-19 20:52,10.00,25000.00,KIAD 192052Z 10SM FEW250 29/10 A3003 RMK AO2 SLP167 T02940100 56016
IAD,2023-08-19 21:52,10.00,M,KIAD 192152Z 28004KT 10SM CLR 29/09 A3003 RMK AO2 SLP166 T02940094
IAD,2023-08-19 22:52,10.00,M,KIAD 192252Z 22008KT 10SM CLR 28/12 A3003 RMK AO2 SLP167 T02780117
IAD,2023-08-19 23:52,10.00,25000.00,KIAD 192352Z 21005KT 10SM FEW250 24/13 A3004 RMK AO2 SLP169 T02440128 10300 20244 53002
IAD,2023-08-20 00:52,10.00,25000.00,KIAD 200052Z 11004KT 10SM FEW250 20/13 A3007 RMK AO2 SLP180 T02000128
IAD,2023-08-20 01:52,10.00,M,KIAD 200152Z 13003KT 10SM CLR 19/13 A3008 RMK AO2 SLP185 T01940133
IAD,2023-08-20 02:52,10.00,25000.00,KIAD 200252Z 15003KT 10SM FEW250 18/14 A3009 RMK AO2 SLP187 T01830139 51017
IAD,2023-08-20 03:52,10.00,25000.00,KIAD 200352Z 00000KT 10SM FEW250 18/14 A3010 RMK AO2 SLP188 T01830139
IAD,2023-08-20 04:52,10.00,M,KIAD 200452Z 00000KT 10SM CLR 18/14 A3010 RMK AO2 SLP189 T01780139 403000122
IAD,2023-08-20 05:52,10.00,M,KIAD 200552Z 00000KT 10SM CLR 17/14 A3009 RMK AO2 SLP187 T01670139 10244 20161 50001
IAD,2023-08-20 06:52,10.00,M,KIAD 200652Z 00000KT 10SM CLR 16/13 A3010 RMK AO2 SLP190 T01560133
IAD,2023-08-20 07:52,10.00,M,KIAD 200752Z 00000KT 10SM CLR 16/13 A3010 RMK AO2 SLP191 T01560133
IAD,2023-08-20 08:52,10.00,M,KIAD 200852Z 00000KT 10SM CLR 15/13 A3012 RMK AO2 SLP196 T01500133 53009
IAD,2023-08-20 09:52,10.00,M,KIAD 200952Z 00000KT 10SM CLR 14/13 A3013 RMK AO2 SLP200 T01440128
IAD,2023-08-20 10:52,10.00,5000.00,KIAD 201052Z 00000KT 10SM SCT050 13/12 A3014 RMK AO2 SLP205 T01330122
IAD,2023-08-20 11:52,10.00,M,KIAD 201152Z 00000KT 10SM CLR 19/14 A3016 RMK AO2 SLP209 T01890144 10189 20133 53013
IAD,2023-08-20 12:52,10.00,M,KIAD 201252Z 00000KT 10SM CLR 22/15 A3017 RMK AO2 SLP213 T02220150
IAD,2023-08-20 13:52,10.00,6000.00,KIAD 201352Z 31004KT 10SM SCT060 25/15 A3017 RMK AO2 SLP215 T02500150
IAD,2023-08-20 14:52,10.00,M,KIAD 201452Z 35003KT 10SM CLR 27/15 A3017 RMK AO2 SLP214 T02720150 50005
IAD,2023-08-20 15:52,10.00,M,KIAD 201552Z 26003KT 10SM CLR 29/14 A3016 RMK AO2 SLP211 T02940139
IAD,2023-08-20 16:52,10.00,20000.00,KIAD 201652Z 19007KT 10SM SCT200 31/15 A3014 RMK AO2 SLP203 T03060150
IAD,2023-08-20 17:52,10.00,25000.00,KIAD 201752Z VRB05KT 10SM FEW250 31/15 A3013 RMK AO2 SLP200 T03110150 10317 20189 57014
IAD,2023-08-20 18:52,10.00,25000.00,KIAD 201852Z VRB04KT 10SM FEW250 32/16 A3012 RMK AO2 SLP195 T03220156
IAD,2023-08-20 19:52,10.00,25000.00,KIAD 201952Z VRB06KT 10SM FEW250 32/17 A3008 RMK AO2 SLP185 T03220167
IAD,2023-08-20 20:52,10.00,25000.00,KIAD 202052Z 13006KT 10SM FEW250 32/17 A3008 RMK AO2 SLP183 T03220172 56017
IAD,2023-08-20 21:52,10.00,25000.00,KIAD 202152Z 14010G16KT 10SM FEW250 32/17 A3007 RMK AO2 SLP181 T03220167
IAD,2023-08-20 22:52,10.00,25000.00,KIAD 202252Z 16006KT 10SM FEW250 29/17 A3008 RMK AO2 SLP182 T02940172
IAD,2023-08-20 23:52,10.00,25000.00,KIAD 202352Z 16005KT 10SM FEW250 28/17 A3009 RMK AO2 SLP185 T02830172 10328 20256 53002
IAD,2023-08-21 00:52,10.00,25000.00,KIAD 210052Z 16005KT 10SM FEW250 27/18 A3009 RMK AO2 SLP185 T02670178
IAD,2023-08-21 01:52,10.00,25000.00,KIAD 210152Z 17004KT 10SM FEW250 26/18 A3010 RMK AO2 SLP191 T02560178
IAD,2023-08-21 02:52,10.00,M,KIAD 210252Z 00000KT 10SM CLR 22/18 A3011 RMK AO2 SLP194 T02170178 53008
IAD,2023-08-21 03:52,10.00,M,KIAD 210352Z 00000KT 10SM CLR 22/18 A3011 RMK AO2 SLP193 T02220178
IAD,2023-08-21 04:52,10.00,M,KIAD 210452Z 11003KT 10SM CLR 21/18 A3010 RMK AO2 SLP189 T02110178 403280133
IAD,2023-08-21 05:52,10.00,M,KIAD 210552Z 00000KT 10SM CLR 22/18 A3009 RMK AO2 SLP186 T02170183 10278 20200 58007
IAD,2023-08-21 06:52,10.00,M,KIAD 210652Z 00000KT 10SM CLR 20/18 A3009 RMK AO2 SLP185 T02000178
IAD,2023-08-21 07:52,10.00,M,KIAD 210752Z 00000KT 10SM CLR 20/18 A3009 RMK AO2 SLP187 T02000178
IAD,2023-08-21 08:52,10.00,M,KIAD 210852Z 00000KT 10SM CLR 19/17 A3010 RMK AO2 SLP189 T01890172 53001
IAD,2023-08-21 09:52,10.00,15000.00,KIAD 210952Z COR 00000KT 10SM SCT150 18/17 A3010 RMK AO2 SLP190 T01830167
IAD,2023-08-21 10:52,10.00,15000.00,KIAD 211052Z 00000KT 10SM BKN150 BKN250 20/17 A3011 RMK AO2 SLP194 T02000167
IAD,2023-08-21 11:52,10.00,15000.00,KIAD 211152Z 31004KT 10SM SCT150 BKN250 20/18 A3012 RMK AO2 SLP198 T02000178 10217 20178 53009
IAD,2023-08-21 12:52,10.00,12000.00,KIAD 211252Z 32004KT 10SM FEW120 BKN150 BKN250 25/17 A3013 RMK AO2 SLP198 T02500167
IAD,2023-08-21 13:52,10.00,15000.00,KIAD 211352Z 31004KT 10SM BKN150 BKN250 26/17 A3013 RMK AO2 SLP200 T02610172 $
IAD,2023-08-21 14:52,10.00,16000.00,KIAD 211452Z COR 33005KT 10SM FEW160 BKN250 29/18 A3013 RMK AO2 SLP199 T02940183 50001
IAD,2023-08-21 15:52,10.00,17000.00,KIAD 211552Z 36008KT 10SM SCT170 BKN250 31/18 A3012 RMK AO2 SLP196 T03060178
IAD,2023-08-21 16:52,10.00,4500.00,KIAD 211652Z 34006KT 10SM FEW045 BKN250 33/17 A3011 RMK AO2 SLP194 T03280172
IAD,2023-08-21 17:52,10.00,4500.00,KIAD 211752Z 00000KT 10SM FEW045 BKN250 33/18 A3009 RMK AO2 SLP185 T03280178 10333 20200 58013
IAD,2023-08-21 18:52,10.00,4500.00,KIAD 211852Z VRB04KT 10SM FEW045 BKN250 33/18 A3008 RMK AO2 SLP182 T03280183
IAD,2023-08-21 19:52,10.00,5500.00,KIAD 211952Z 30007KT 10SM FEW055 BKN250 34/18 A3006 RMK AO2 SLP174 T03390183
IAD,2023-08-21 20:52,10.00,5500.00,KIAD 212052Z 31005KT 10SM FEW055 BKN250 34/19 A3005 RMK AO2 SLP171 T03390189 57014
IAD,2023-08-21 21:52,10.00,5500.00,KIAD 212152Z 34007KT 10SM SCT055 BKN250 34/19 A3005 RMK AO2 SLP171 T03390194
IAD,2023-08-21 22:52,10.00,5500.00,KIAD 212252Z 33009KT 10SM FEW055 BKN250 32/19 A3004 RMK AO2 SLP170 T03220194
IAD,2023-08-21 23:52,10.00,25000.00,KIAD 212352Z 33005KT 10SM BKN250 31/19 A3005 RMK AO2 SLP173 T03060194 10344 20306 53001
IAD,2023-08-22 00:52,10.00,25000.00,KIAD 220052Z VRB05KT 10SM BKN250 26/20 A3005 RMK AO2 SLP174 T02610200
IAD,2023-08-22 01:52,10.00,25000.00,KIAD 220152Z 00000KT 10SM BKN250 24/20 A3006 RMK AO2 SLP177 T02440200
IAD,2023-08-22 02:52,10.00,25000.00,KIAD 220252Z 00000KT 10SM BKN250 25/20 A3006 RMK AO2 SLP175 T02500200 50003
IAD,2023-08-22 03:52,10.00,25000.00,KIAD 220352Z 29003KT 10SM BKN250 25/20 A3005 RMK AO2 SLP173 T02500200
IAD,2023-08-22 04:52,10.00,25000.00,KIAD 220452Z 00000KT 10SM BKN250 23/20 A3005 RMK AO2 SLP173 T02330200 403440178
IAD,2023-08-22 05:52,10.00,25000.00,KIAD 220552Z 28004KT 10SM BKN250 25/20 A3004 RMK AO2 SLP169 T02500200 10306 20228 58006
IAD,2023-08-22 06:52,10.00,25000.00,KIAD 220652Z 31003KT 10SM BKN250 24/20 A3003 RMK AO2 SLP166 T02390200
IAD,2023-08-22 07:52,10.00,25000.00,KIAD 220752Z 33004KT 10SM BKN250 25/20 A3004 RMK AO2 SLP168 T02500200
IAD,2023-08-22 08:52,10.00,25000.00,KIAD 220852Z 36009KT 10SM BKN250 26/21 A3005 RMK AO2 SLP173 T02560206 53004
IAD,2023-08-22 09:52,10.00,25000.00,KIAD 220952Z 01008KT 10SM BKN250 24/20 A3006 RMK AO2 SLP176 T02440200
IAD,2023-08-22 10:52,10.00,25000.00,KIAD 221052Z 02014G19KT 10SM BKN250 24/18 A3008 RMK AO2 SLP183 T02390183
IAD,2023-08-22 11:52,10.00,8000.00,KIAD 221152Z 02010G22KT 10SM FEW080 BKN250 23/16 A3010 RMK AO2 SLP188 T02330156 10261 20233 53015
IAD,2023-08-22 12:52,10.00,3000.00,KIAD 221252Z 02012KT 10SM BKN030 OVC110 24/14 A3011 RMK AO2 SLP193 T02390139
IAD,2023-08-22 13:52,10.00,3300.00,KIAD 221352Z 02012G19KT 10SM FEW033 BKN250 24/14 A3012 RMK AO2 SLP197 T02440144
IAD,2023-08-22 14:52,10.00,3500.00,KIAD 221452Z 04012G18KT 10SM FEW035 FEW120 BKN250 26/12 A3013 RMK AO2 SLP199 T02560117 51010
IAD,2023-08-22 15:52,10.00,25000.00,KIAD 221552Z 36010KT 10SM SCT250 27/11 A3013 RMK AO2 SLP198 T02670111
IAD,2023-08-22 16:52,7.00,25000.00,KIAD 221652Z 33009G16KT 7SM SCT250 27/11 A3011 RMK AO2 SLP193 T02720111
IAD,2023-08-22 17:52,10.00,25000.00,KIAD 221752Z 02008G17KT 10SM FEW250 28/09 A3009 RMK AO2 SLP187 T02830094 10283 20233 58011
IAD,2023-08-22 18:52,10.00,25000.00,KIAD 221852Z 36010G18KT 10SM SCT250 29/10 A3008 RMK AO2 SLP183 T02940100
IAD,2023-08-22 19:52,10.00,25000.00,KIAD 221952Z 01010G20KT 10SM SCT250 29/10 A3007 RMK AO2 SLP179 T02940100
IAD,2023-08-22 20:52,10.00,15000.00,KIAD 222052Z 36014G21KT 10SM SCT150 BKN250 29/07 A3007 RMK AO2 SLP179 T02940067 56008
IAD,2023-08-22 21:52,10.00,15000.00,KIAD 222152Z 03010KT 10SM FEW150 BKN250 28/09 A3008 RMK AO2 SLP180 T02830094
IAD,2023-08-22 22:52,10.00,25000.00,KIAD 222252Z 03009KT 10SM BKN250 27/09 A3008 RMK AO2 SLP184 T02670094
IAD,2023-08-22 23:52,10.00,16000.00,KIAD 222352Z 04009KT 10SM FEW160 BKN250 25/11 A3009 RMK AO2 SLP186 T02500106 10300 20250 53006
IAD,2023-08-23 00:52,10.00,M,KIAD 230052Z 03011KT 10SM CLR 24/11 A3011 RMK AO2 SLP192 T02440111
IAD,2023-08-23 01:52,10.00,M,KIAD 230152Z 03008KT 10SM CLR 23/12 A3013 RMK AO2 SLP199 T02280117
IAD,2023-08-23 02:52,10.00,M,KIAD 230252Z 02008KT 10SM CLR 23/11 A3014 RMK AO2 SLP202 T02280111 51016
IAD,2023-08-23 03:52,10.00,M,KIAD 230352Z 03006KT 10SM CLR 22/11 A3014 RMK AO2 SLP203 T02170111
IAD,2023-08-23 04:52,10.00,M,KIAD 230452Z 03004KT 10SM CLR 19/12 A3013 RMK AO2 SLP200 T01940117 403000183
IAD,2023-08-23 05:52,10.00,M,KIAD 230552Z 10003KT 10SM R01R/5500VP6000FT CLR 18/12 A3013 RMK AO2 SLP200 T01780117 10250 20178 57002
IAD,2023-08-23 06:52,10.00,M,KIAD 230652Z 29003KT 10SM CLR 16/12 A3013 RMK AO2 SLP200 T01610117
IAD,2023-08-23 07:52,10.00,M,KIAD 230752Z 00000KT 10SM CLR 15/12 A3014 RMK AO2 SLP203 T01500117
IAD,2023-08-23 08:52,10.00,M,KIAD 230852Z 00000KT 10SM CLR 14/12 A3014 RMK AO2 SLP203 T01440117 53002
IAD,2023-08-23 09:52,10.00,M,KIAD 230952Z 00000KT 10SM R01R/6000FT CLR 13/11 A3015 RMK AO2 SLP207 T01330111
IAD,2023-08-23 10:52,10.00,8000.00,KIAD 231052Z 30003KT 10SM R01R/6000FT FEW080 15/12 A3017 RMK AO2 SLP215 T01500117
IAD,2023-08-23 11:52,10.00,10000.00,KIAD 231152Z 31004KT 10SM R01R/6000FT FEW100 18/13 A3019 RMK AO2 SLP220 T01780128 10178 20133 53017
IAD,2023-08-23 12:52,10.00,25000.00,KIAD 231252Z 00000KT 10SM R01R/6000FT FEW250 22/13 A3017 RMK AO2 SLP214 T02170133
IAD,2023-08-23 13:52,10.00,25000.00,KIAD 231352Z 31004KT 10SM R01R/6000FT SCT250 24/13 A3018 RMK AO2 SLP216 T02390128
IAD,2023-08-23 14:52,10.00,25000.00,KIAD 231452Z VRB04KT 10SM R01R/6000FT FEW250 26/11 A3016 RMK AO2 SLP211 T02610106 57009
IAD,2023-08-23 15:52,10.00,5000.00,KIAD 231552Z 20007KT 10SM R01R/6000FT FEW050 FEW250 28/11 A3014 RMK AO2 SLP204 T02780106
IAD,2023-08-23 16:52,10.00,4500.00,KIAD 231652Z 33004KT 10SM R01R/6000FT FEW045 FEW095 SCT250 28/09 A3012 RMK AO2 SLP195 T02780089
IAD,2023-08-23 17:52,10.00,4500.00,KIAD 231752Z VRB04KT 10SM R01R/6000FT FEW045 FEW095 SCT250 28/10 A3009 RMK AO2 SLP188 T02830100 10289 20183 58022
IAD,2023-08-23 18:52,10.00,4500.00,KIAD 231852Z VRB04KT 10SM R01R/6000FT FEW045 FEW090 SCT250 28/10 A3010 RMK AO2 SLP190 T02830100
IAD,2023-08-23 19:52,10.00,5500.00,KIAD 231952Z 02006KT 10SM R01R/6000FT FEW055 FEW070 BKN090 BKN140 BKN250 29/11 A3010 RMK AO2 SLP190 T02940111
IAD,2023-08-23 20:52,10.00,6500.00,KIAD 232052Z 15008KT 10SM R01R/6000FT FEW065 FEW090 SCT140 BKN250 28/11 A3005 RMK AO2 SLP174 T02830111 58014
IAD,2023-08-23 21:52,10.00,14000.00,KIAD 232152Z 16009KT 10SM FEW140 FEW180 BKN250 28/12 A3005 RMK AO2 SLP173 T02830117
IAD,2023-08-23 22:52,10.00,8000.00,KIAD 232252Z 16008KT 10SM BKN080 BKN160 BKN250 26/12 A3003 RMK AO2 SLP169 T02610117
IAD,2023-08-23 23:52,10.00,7000.00,KIAD 232352Z 16007KT 10SM BKN070 BKN100 BKN250 24/13 A3001 RMK AO2 SLP161 T02440128 10300 20244 58014
IAD,2023-08-24 00:52,10.00,7500.00,KIAD 240052Z 16008KT 10SM BKN075 BKN250 24/13 A3003 RMK AO2 SLP166 T02440128
IAD,2023-08-24 01:52,10.00,7000.00,KIAD 240152Z 16007KT 10SM BKN070 BKN250 24/14 A3004 RMK AO2 SLP171 T02390139
IAD,2023-08-24 02:52,10.00,7000.00,KIAD 240252Z 16006KT 10SM SCT070 BKN250 23/14 A3004 RMK AO2 SLP171 T02330144 51011
IAD,2023-08-24 03:52,10.00,7000.00,KIAD 240352Z 16005KT 10SM SCT070 BKN110 BKN250 22/14 A3004 RMK AO2 SLP169 T02220139
IAD,2023-08-24 04:52,10.00,7000.00,KIAD 240452Z 18006KT 10SM SCT070 BKN110 BKN250 22/14 A3003 RMK AO2 SLP165 T02170139 403000133
IAD,2023-08-24 05:52,10.00,11000.00,KIAD 240552Z 17006KT 10SM BKN110 BKN250 21/14 A3002 RMK AO2 SLP163 T02110139 10250 20211 58008
IAD,2023-08-24 06:52,10.00,7000.00,KIAD 240652Z 19007KT 10SM FEW070 OVC095 22/14 A3002 RMK AO2 SLP163 T02170144
IAD,2023-08-24 07:52,10.00,10000.00,KIAD 240752Z 18008KT 10SM OVC100 22/14 A2999 RMK AO2 SLP154 T02170139
IAD,2023-08-24 08:52,10.00,10000.00,KIAD 240852Z 17006KT 10SM BKN100 OVC110 21/14 A2999 RMK AO2 SLP154 T02110139 55009
IAD,2023-08-24 09:52,10.00,9000.00,KIAD 240952Z 18005KT 10SM SCT090 BKN110 21/14 A3000 RMK AO2 RAB0859E08 SLP157 P0000 T02060139
IAD,2023-08-24 10:52,10.00,10000.00,KIAD 241052Z 16008KT 10SM OVC100 21/13 A3000 RMK AO2 SLP157 T02060133
IAD,2023-08-24 11:52,10.00,10000.00,KIAD 241152Z 16004KT 10SM BKN100 21/14 A3002 RMK AO2 RAB01E12 SLP164 P0000 60000 T02110144 10217 20200 53010
IAD,2023-08-24 12:52,10.00,6000.00,KIAD 241252Z 16007KT 10SM FEW060 BKN100 OVC130 21/15 A3002 RMK AO2 SLP163 T02110150 $
IAD,2023-08-24 13:52,10.00,9000.00,KIAD 241352Z 18008KT 10SM BKN090 OVC120 23/16 A3003 RMK AO2 SLP165 T02280161 $
IAD,2023-08-24 14:52,10.00,9000.00,KIAD 241452Z 17008KT 10SM SCT090 BKN150 BKN200 24/17 A3002 RMK AO2 SLP164 T02390167 58000
IAD,2023-08-24 15:52,10.00,9000.00,KIAD 241552Z 22008KT 10SM SCT090 BKN150 OVC240 24/17 A3001 RMK AO2 SLP161 T02440172
IAD,2023-08-24 16:52,10.00,11000.00,KIAD 241652Z 13005KT 10SM SCT110 BKN160 OVC250 24/17 A3001 RMK AO2 RAB17E48 SLP161 P0000 T02390172
IAD,2023-08-24 17:52,10.00,4500.00,KIAD 241752Z 17006KT 10SM FEW045 BKN100 BKN160 BKN250 26/18 A2999 RMK AO2 SLP153 60000 T02610178 10261 20211 58010
IAD,2023-08-24 18:52,10.00,7000.00,KIAD 241852Z 17007KT 10SM FEW070 BKN110 BKN250 28/19 A2998 RMK AO2 SLP148 T02830189
IAD,2023-08-24 19:52,10.00,11000.00,KIAD 241952Z 15008KT 10SM BKN110 BKN250 29/19 A2995 RMK AO2 SLP139 T02890189
IAD,2023-08-24 20:52,10.00,12000.00,KIAD 242052Z 16008KT 10SM BKN120 BKN250 28/19 A2994 RMK AO2 SLP137 T02780189 56016
IAD,2023-08-24 21:52,10.00,8000.00,KIAD 242152Z 15007KT 10SM FEW080 BKN120 BKN250 28/19 A2995 RMK AO2 SLP138 T02780194
IAD,2023-08-24 22:52,10.00,12000.00,KIAD 242252Z 12005KT 10SM SCT120 BKN250 27/20 A2995 RMK AO2 SLP140 T02720200
IAD,2023-08-24 23:52,10.00,12000.00,KIAD 242352Z 14004KT 10SM SCT120 SCT180 BKN250 26/19 A2996 RMK AO2 SLP141 T02560194 10294 20256 52004
IAD,2023-08-25 00:52,10.00,8500.00,KIAD 250052Z 11004KT 10SM SCT085 BKN120 25/19 A2999 RMK AO2 SLP151 T02500194
IAD,2023-08-25 01:52,10.00,7500.00,KIAD 250152Z 13005KT 10SM FEW075 BKN120 25/19 A2997 RMK AO2 SLP147 T02500189
IAD,2023-08-25 02:52,10.00,7000.00,KIAD 250252Z 17006KT 10SM BKN070 BKN120 24/19 A2996 RMK AO2 SLP141 T02440194 58000
IAD,2023-08-25 03:52,10.00,6500.00,KIAD 250352Z 16005KT 10SM BKN065 24/20 A2993 RMK AO2 SLP132 T02440200
IAD,2023-08-25 04:52,10.00,7000.00,KIAD 250452Z 17004KT 10SM OVC070 24/20 A2995 RMK AO2 SLP138 T02440200 402940200
IAD,2023-08-25 05:52,10.00,7500.00,KIAD 250552Z 18005KT 10SM BKN075 BKN110 24/20 A2993 RMK AO2 SLP133 T02440200 10256 20244 56008
IAD,2023-08-25 06:52,10.00,7500.00,KIAD 250652Z 18005KT 10SM SCT075 SCT110 23/20 A2992 RMK AO2 SLP128 T02330200
IAD,2023-08-25 07:52,10.00,7500.00,KIAD 250752Z 17005KT 10SM SCT075 SCT110 23/19 A2991 RMK AO2 SLP123 T02330194
IAD,2023-08-25 08:52,10.00,7000.00,KIAD 250852Z 20005KT 10SM FEW070 OVC110 23/19 A2991 RMK AO2 SLP124 T02280194 56009
IAD,2023-08-25 09:52,10.00,8000.00,KIAD 250952Z 19004KT 10SM -RA FEW080 OVC100 23/20 A2992 RMK AO2 RAB44 SLP128 P0000 T02280200
IAD,2023-08-25 10:52,10.00,7500.00,KIAD 251052Z COR 19011KT 10SM BKN075 OVC100 23/21 A2983 RMK AO2 RAE10 SLP097 PRESFR P0000 T02330206 $
IAD,2023-08-25 11:52,10.00,9000.00,KIAD 251152Z 05003KT 10SM BKN090 OVC140 23/21 A2985 RMK AO2 SLP105 60000 T02330211 10244 20228 55019 $
IAD,2023-08-25 12:52,10.00,9000.00,KIAD 251252Z 13003KT 10SM BKN090 OVC140 25/21 A2987 RMK AO2 SLP111 T02500206
IAD,2023-08-25 13:52,10.00,10000.00,KIAD 251352Z 15003KT 10SM FEW100 BKN200 26/20 A2986 RMK AO2 SLP110 T02560200
IAD,2023-08-25 14:52,10.00,10000.00,KIAD 251452Z VRB03KT 10SM FEW100 BKN200 28/20 A2986 RMK AO2 SLP108 T02780200 50004
IAD,2023-08-25 15:52,10.00,10000.00,KIAD 251552Z 00000KT 10SM FEW100 BKN200 30/20 A2986 RMK AO2 SLP107 T03000200
IAD,2023-08-25 16:52,10.00,10000.00,KIAD 251652Z 00000KT 10SM FEW100 SCT200 33/20 A2984 RMK AO2 SLP101 T03330200
IAD,2023-08-25 17:52,10.00,6000.00,KIAD 251752Z 06007KT 10SM FEW060 SCT250 34/20 A2983 RMK AO2 SLP099 T03440200 10344 20233 58009
IAD,2023-08-25 18:52,10.00,5500.00,KIAD 251852Z VRB03KT 10SM FEW055TCU FEW140 SCT250 36/20 A2981 RMK AO2 SLP092 TCU W-NW T03560200
IAD,2023-08-25 19:52,10.00,6500.00,KIAD 251952Z 08009KT 10SM SCT065TCU SCT160 SCT250 33/21 A2980 RMK AO2 SLP086 TCU SW-NW T03330206
IAD,2023-08-25 20:52,10.00,6000.00,KIAD 252052Z 08006KT 10SM SCT060CB SCT080 BKN150 BKN250 32/23 A2980 RMK AO2 RAB28E41 SLP088 CB N-SW MOV SE P0000 60000 T03170233 55011
IAD,2023-08-25 21:52,10.00,7500.00,KIAD 252152Z 07007KT 10SM SCT075CB SCT110 BKN160 BKN250 32/22 A2980 RMK AO2 SLP086 CB N-E AND SW-NW MOV SE T03170217
IAD,2023-08-25 22:52,10.00,600.00,KIAD 252252Z 12007KT 10SM TS FEW006 BKN065CB BKN110 BKN160 BKN250 32/22 A2979 RMK AO2 TSB50 SLP082 OCNL LTGICCG N-NE AND NW TS N-NE AND NW MOV SE CB SE AND SW MOV SE T03170217
IAD,2023-08-25 23:52,10.00,800.00,KIAD 252352Z 08007KT 10SM -TSRA FEW008 FEW032 BKN060CB BKN130 BKN160 BKN250 25/23 A2982 RMK AO2 PK WND 02026/2308 WSHFT 2307 RAB13 SLP095 OCNL LTGICCG N-SE TS N-SE MOV SE P0000 60000 T02500228 10361 20250 53006
IAD,2023-08-26 00:52,10.00,6000.00,KIAD 260052Z 02004KT 10SM BKN060CB BKN080 BKN120 BKN250 26/23 A2983 RMK AO2 RAE2353 TSE20 SLP097 CB E AND SW MOV SE P0000 T02560228
IAD,2023-08-26 01:52,10.00,5000.00,KIAD 260152Z 00000KT 10SM BKN050 BKN090 BKN200 26/23 A2984 RMK AO2 SLP103 T02560228
IAD,2023-08-26 02:52,10.00,5000.00,KIAD 260252Z 04005KT 10SM SCT050 BKN090 BKN200 25/22 A2984 RMK AO2 SLP102 60000 T02500222 51008
IAD,2023-08-26 03:52,10.00,5000.00,KIAD 260352Z 00000KT 10SM BKN050 BKN250 23/22 A2985 RMK AO2 SLP103 T02330217
IAD,2023-08-26 04:52,10.00,5000.00,KIAD 260452Z 31004KT 10SM BKN050 BKN250 25/23 A2984 RMK AO2 SLP102 T02500228 403610100
IAD,2023-08-26 05:52,10.00,5000.00,KIAD 260552Z 34005KT 10SM FEW050 BKN250 24/23 A2984 RMK AO2 SLP101 60000 T02440228 10267 20233 58000
IAD,2023-08-26 06:52,10.00,6000.00,KIAD 260652Z 32005KT 10SM FEW060 SCT250 24/22 A2983 RMK AO2 SLP098 T02440217
IAD,2023-08-26 07:52,10.00,25000.00,KIAD 260752Z 32005KT 10SM BKN250 25/21 A2983 RMK AO2 SLP096 T02500211
IAD,2023-08-26 08:52,10.00,25000.00,KIAD 260852Z 33006KT 10SM BKN250 24/21 A2984 RMK AO2 SLP099 T02440211 55002
IAD,2023-08-26 09:52,10.00,20000.00,KIAD 260952Z 32007KT 10SM SCT200 24/21 A2984 RMK AO2 SLP101 T02390211
IAD,2023-08-26 10:52,10.00,8000.00,KIAD 261052Z 32006KT 10SM FEW080 SCT250 24/21 A2985 RMK AO2 SLP105 T02390211
IAD,2023-08-26 11:52,10.00,7500.00,KIAD 261152Z 33006KT 10SM FEW075 SCT250 26/21 A2987 RMK AO2 SLP111 T02560211 10256 20233 53011
IAD,2023-08-26 12:52,10.00,8000.00,KIAD 261252Z 35010KT 10SM FEW080 SCT250 27/21 A2988 RMK AO2 SLP114 T02720206
IAD,2023-08-26 13:52,10.00,6000.00,KIAD 261352Z 35012KT 10SM FEW060 SCT090 SCT250 29/20 A2989 RMK AO2 SLP117 T02890200
IAD,2023-08-26 14:52,10.00,4500.00,KIAD 261452Z 35011KT 10SM FEW045 SCT140 SCT250 30/19 A2989 RMK AO2 SLP119 T03000189 51008
IAD,2023-08-26 15:52,10.00,4000.00,KIAD 261552Z 02009G15KT 10SM BKN040 32/18 A2988 RMK AO2 SLP115 T03220183
IAD,2023-08-26 16:52,10.00,4600.00,KIAD 261652Z VRB06KT 10SM SCT046 32/19 A2987 RMK AO2 SLP111 T03220189
IAD,2023-08-26 17:52,10.00,4700.00,KIAD 261752Z 35007KT 10SM SCT047 33/18 A2986 RMK AO2 SLP108 T03280183 10333 20256 57010
IAD,2023-08-26 18:52,10.00,5000.00,KIAD 261852Z VRB05KT 10SM FEW050 FEW250 33/18 A2983 RMK AO2 SLP099 T03330178
IAD,2023-08-26 19:52,10.00,5500.00,KIAD 261952Z 02009KT 10SM FEW055 FEW250 34/16 A2982 RMK AO2 SLP094 T03390161
IAD,2023-08-26 20:52,10.00,5500.00,KIAD 262052Z VRB05KT 10SM FEW055 34/17 A2982 RMK AO2 SLP093 T03390167 56015
IAD,2023-08-26 21:52,10.00,6500.00,KIAD 262152Z VRB05KT 10SM FEW065 33/17 A2982 RMK AO2 SLP093 T03280167
IAD,2023-08-26 22:52,10.00,6500.00,KIAD 262252Z 01008KT 10SM FEW065 32/16 A2982 RMK AO2 SLP093 T03220161
IAD,2023-08-26 23:52,10.00,6500.00,KIAD 262352Z 03010KT 10SM FEW065 FEW110 30/17 A2982 RMK AO2 SLP095 T03000167 10344 20300 53002
IAD,2023-08-27 00:52,10.00,6500.00,KIAD 270052Z 03009KT 10SM FEW065 FEW110 28/17 A2985 RMK AO2 SLP104 T02830172
IAD,2023-08-27 01:52,10.00,6000.00,KIAD 270152Z 03006KT 10SM FEW060 FEW110 27/18 A2987 RMK AO2 SLP112 T02670178
IAD,2023-08-27 02:52,10.00,5500.00,KIAD 270252Z 04006KT 10SM FEW055 OVC070 27/18 A2989 RMK AO2 SLP117 T02670183 51021
IAD,2023-08-27 03:52,10.00,6500.00,KIAD 270352Z 06006KT 10SM OVC065 26/18 A2989 RMK AO2 SLP119 T02610183
IAD,2023-08-27 04:52,10.00,6500.00,KIAD 270452Z 06004KT 10SM BKN065 OVC080 26/18 A2990 RMK AO2 SLP119 T02560178 403440233
IAD,2023-08-27 05:52,10.00,7000.00,KIAD 270552Z 03006KT 10SM OVC070 26/17 A2989 RMK AO2 SLP117 T02560172 10300 20250 50000
IAD,2023-08-27 06:52,10.00,7500.00,KIAD 270652Z 01005KT 10SM OVC075 25/18 A2988 RMK AO2 SLP115 T02500178
IAD,2023-08-27 07:52,10.00,6500.00,KIAD 270752Z 04004KT 10SM BKN065 OVC085 24/18 A2988 RMK AO2 SLP115 T02390178
IAD,2023-08-27 08:52,10.00,7000.00,KIAD 270852Z 05003KT 10SM BKN070 BKN085 23/18 A2988 RMK AO2 SLP115 T02330178 55002
IAD,2023-08-27 09:52,10.00,7000.00,KIAD 270952Z 01003KT 10SM BKN070 23/18 A2990 RMK AO2 SLP121 T02280178
IAD,2023-08-27 10:52,10.00,7000.00,KIAD 271052Z 03004KT 10SM BKN070 OVC080 23/18 A2992 RMK AO2 SLP126 T02330178
IAD,2023-08-27 11:52,10.00,8000.00,KIAD 271152Z 00000KT 10SM BKN080 23/18 A2993 RMK AO2 SLP130 T02330178 10256 20228 51015
IAD,2023-08-27 12:52,10.00,7000.00,KIAD 271252Z 02005KT 10SM BKN070 26/18 A2993 RMK AO2 SLP130 T02610178
IAD,2023-08-27 13:52,10.00,7000.00,KIAD 271352Z 01007KT 10SM FEW070 SCT100 BKN180 28/17 A2993 RMK AO2 SLP132 T02830172
IAD,2023-08-27 14:52,10.00,7000.00,KIAD 271452Z 05007KT 10SM SCT070 30/17 A2993 RMK AO2 SLP132 T03000172 50002
IAD,2023-08-27 15:52,10.00,7500.00,KIAD 271552Z VRB04KT 10SM BKN075 BKN110 30/17 A2993 RMK AO2 SLP131 T03000172
IAD,2023-08-27 16:52,10.00,7000.00,KIAD 271652Z VRB04KT 10SM FEW070 SCT120 BKN200 31/16 A2991 RMK AO2 SLP126 T03110161
IAD,2023-08-27 17:52,10.00,5500.00,KIAD 271752Z 07006KT 10SM SCT055 OVC110 31/17 A2991 RMK AO2 SLP123 T03060167 10317 20233 58009
IAD,2023-08-27 18:52,10.00,4000.00,KIAD 271852Z VRB05KT 10SM SCT040 BKN110 BKN250 32/17 A2989 RMK AO2 SLP116 T03220167
IAD,2023-08-27 19:52,10.00,4000.00,KIAD 271952Z VRB06KT 10SM SCT040 BKN110 BKN250 32/16 A2988 RMK AO2 SLP113 T03220161
IAD,2023-08-27 20:52,10.00,5000.00,KIAD 272052Z VRB06KT 10SM FEW050 BKN100 BKN250 32/17 A2987 RMK AO2 SLP112 T03170172 56010
IAD,2023-08-27 21:52,10.00,4000.00,KIAD 272152Z 15010KT 10SM FEW040 BKN095 BKN250 29/20 A2988 RMK AO2 SLP114 T02890200
IAD,2023-08-27 22:52,10.00,3000.00,KIAD 272252Z 15007KT 10SM FEW030 SCT075 BKN250 28/19 A2989 RMK AO2 SLP119 T02780189
IAD,2023-08-27 23:52,10.00,7500.00,KIAD 272352Z 16004KT 10SM BKN075 BKN250 27/18 A2991 RMK AO2 SLP125 T02670178 10328 20267 53012
IAD,2023-08-28 00:52,10.00,7500.00,KIAD 280052Z 18005KT 10SM FEW075 BKN250 26/19 A2993 RMK AO2 SLP130 T02560189
IAD,2023-08-28 01:52,10.00,8000.00,KIAD 280152Z 15005KT 10SM FEW080 BKN250 24/20 A2994 RMK AO2 SLP135 T02440200
IAD,2023-08-28 02:52,10.00,2800.00,KIAD 280252Z 16005KT 10SM BKN028 24/21 A2995 RMK AO2 SLP139 T02440206 51015
IAD,2023-08-28 03:52,10.00,3300.00,KIAD 280352Z 15003KT 10SM BKN033 BKN040 24/21 A2996 RMK AO2 SLP140 T02440211
IAD,2023-08-28 04:52,10.00,3600.00,KIAD 280452Z 16005KT 10SM SCT036 OVC085 24/21 A2996 RMK AO2 SLP140 T02440211 403280228
IAD,2023-08-28 05:52,10.00,3500.00,KIAD 280552Z 00000KT 10SM SCT035 BKN110 24/21 A2994 RMK AO2 SLP136 T02390211 10267 20239 58003
IAD,2023-08-28 06:52,10.00,2200.00,KIAD 280652Z 00000KT 10SM BKN022 BKN080 OVC110 23/21 A2995 RMK AO2 RAB06E11 SLP138 P0000 T02330206
IAD,2023-08-28 07:52,10.00,2100.00,KIAD 280752Z 00000KT 10SM BKN021 BKN080 OVC110 23/21 A2995 RMK AO2 SLP136 T02330206
IAD,2023-08-28 08:52,10.00,2000.00,KIAD 280852Z 09005KT 10SM FEW020 FEW110 23/21 A2994 RMK AO2 SLP135 60000 T02330206 58000
IAD,2023-08-28 09:52,10.00,12000.00,KIAD 280952Z 09004KT 10SM BKN120 BKN250 23/21 A2995 RMK AO2 SLP138 T02280206
IAD,2023-08-28 10:52,10.00,12000.00,KIAD 281052Z 08004KT 10SM BKN120 BKN250 23/21 A2996 RMK AO2 SLP144 T02280206
IAD,2023-08-28 11:52,10.00,12000.00,KIAD 281152Z 08005KT 10SM BKN120 OVC250 23/20 A2998 RMK AO2 SLP149 60000 T02330200 10239 20228 53013
IAD,2023-08-28 12:52,10.00,5000.00,KIAD 281252Z 07006KT 10SM FEW050 BKN110 OVC250 24/20 A2998 RMK AO2 SLP150 T02390200
IAD,2023-08-28 13:52,10.00,8000.00,KIAD 281352Z 07006KT 10SM FEW080 BKN130 BKN250 24/19 A2999 RMK AO2 SLP153 T02440194
IAD,2023-08-28 14:52,10.00,2000.00,KIAD 281452Z 10006KT 10SM FEW020 BKN150 BKN250 26/19 A2999 RMK AO2 SLP153 T02560194 50003
IAD,2023-08-28 15:52,10.00,5000.00,KIAD 281552Z 10008KT 10SM FEW050 BKN140 BKN250 26/17 A2998 RMK AO2 SLP151 T02560172
IAD,2023-08-28 16:52,10.00,9000.00,KIAD 281652Z 10006KT 10SM FEW090 BKN140 BKN220 26/18 A2999 RMK AO2 RAB04E30 SLP153 P0000 T02560183
IAD,2023-08-28 17:52,10.00,3500.00,KIAD 281752Z 11006KT 10SM FEW035 BKN130 BKN220 26/19 A2998 RMK AO2 SLP150 60000 T02560189 10261 20233 58002
IAD,2023-08-28 18:52,10.00,2400.00,KIAD 281852Z COR 11007KT 10SM BKN024 BKN130 BKN200 27/19 A2997 RMK AO2 SLP147 T02720194
IAD,2023-08-28 19:52,10.00,1900.00,KIAD 281952Z 13009KT 10SM FEW019 BKN025 BKN120 OVC200 27/19 A2997 RMK AO2 SLP146 T02670194
IAD,2023-08-28 20:52,10.00,2700.00,KIAD 282052Z 10009KT 10SM SCT027 SCT120 BKN180 OVC220 26/19 A2996 RMK AO2 SLP143 T02610194 56007
IAD,2023-08-28 21:52,10.00,2300.00,KIAD 282152Z 10009KT 10SM SCT023 BKN040 BKN110 BKN160 OVC200 26/19 A2996 RMK AO2 SLP143 T02560194
IAD,2023-08-28 22:52,10.00,1900.00,KIAD 282252Z 14006KT 10SM SCT019 BKN028 BKN140 BKN220 25/20 A2996 RMK AO2 SLP143 T02500200
IAD,2023-08-28 23:52,10.00,1900.00,KIAD 282352Z 12006KT 10SM FEW019 SCT028 SCT043 BKN150 BKN230 24/20 A2997 RMK AO2 SLP145 T02440200 10272 20244 53003
IAD,2023-08-29 00:52,10.00,3200.00,KIAD 290052Z 10005KT 10SM FEW032 FEW045 BKN140 BKN250 24/20 A2998 RMK AO2 SLP149 T02390200
IAD,2023-08-29 01:52,10.00,4600.00,KIAD 290152Z 10006KT 10SM SCT046 BKN140 BKN250 24/20 A2998 RMK AO2 SLP149 T02390200
IAD,2023-08-29 02:52,10.00,1500.00,KIAD 290252Z 07006KT 10SM SCT015 OVC110 23/20 A2999 RMK AO2 RAB31E50 SLP151 P0000 60000 T02330200 51006
IAD,2023-08-29 03:52,10.00,2500.00,KIAD 290352Z 08006KT 10SM BKN025 BKN050 OVC100 23/20 A2999 RMK AO2 SLP151 T02330200
IAD,2023-08-29 04:52,10.00,2200.00,KIAD 290452Z 07004KT 10SM SCT022 SCT050 BKN120 23/20 A2998 RMK AO2 SLP151 T02330200 402720228
IAD,2023-08-29 05:52,10.00,2700.00,KIAD 290552Z 05004KT 10SM BKN027 BKN034 OVC050 23/20 A2997 RMK AO2 SLP146 60000 T02330200 10244 20233 58005
IAD,2023-08-29 06:52,10.00,1000.00,KIAD 290652Z 05005KT 10SM OVC010 23/21 A2995 RMK AO2 SLP139 T02280206
IAD,2023-08-29 07:52,10.00,800.00,KIAD 290752Z 00000KT 10SM OVC008 23/21 A2994 RMK AO2 SLP137 T02280206
IAD,2023-08-29 08:52,10.00,700.00,KIAD 290852Z 04004KT 10SM OVC007 23/21 A2994 RMK AO2 SLP135 T02280206 56011
IAD,2023-08-29 09:52,8.00,700.00,KIAD 290952Z 02006KT 8SM -DZ OVC007 23/21 A2994 RMK AO2 DZB48 SLP134 P0000 T02280206
IAD,2023-08-29 10:52,9.00,600.00,KIAD 291052Z 04006KT 9SM OVC006 23/21 A2994 RMK AO2 DZE13 SLP135 P0000 T02280206
IAD,2023-08-29 11:52,10.00,700.00,KIAD 291152Z 05006KT 10SM OVC007 23/21 A2994 RMK AO2 SLP137 60000 T02280206 10233 20222 53002
IAD,2023-08-29 12:52,10.00,900.00,KIAD 291252Z 07007KT 10SM OVC009 23/21 A2994 RMK AO2 SLP137 T02330206
IAD,2023-08-29 13:52,5.00,1100.00,KIAD 291352Z 08004KT 5SM HZ OVC011 24/21 A2995 RMK AO2 SLP138 T02390206
IAD,2023-08-29 14:52,6.00,1600.00,KIAD 291452Z 06004KT 6SM HZ OVC016 25/21 A2996 RMK AO2 SLP141 T02500206 53004
IAD,2023-08-29 15:52,10.00,1600.00,KIAD 291552Z 33005KT 10SM BKN016 OVC030 25/21 A2996 RMK AO2 SLP142 T02500211
IAD,2023-08-29 16:52,10.00,1500.00,KIAD 291652Z 34005KT 10SM SCT015 BKN022 OVC033 25/22 A2994 RMK AO2 SLP135 T02500217
IAD,2023-08-29 17:52,10.00,1600.00,KIAD 291752Z VRB03KT 10SM SCT016 BKN022 OVC035 26/21 A2993 RMK AO2 SLP131 T02610211 10267 20228 58010
IAD,2023-08-29 18:52,10.00,1500.00,KIAD 291852Z 00000KT 10SM SCT015 BKN028 BKN035 BKN140 BKN250 26/21 A2990 RMK AO2 RAB1759E23 SLP122 P0001 T02610211
IAD,2023-08-29 19:52,10.00,2300.00,KIAD 291952Z 00000KT 10SM SCT023 BKN034 OVC046 27/21 A2988 RMK AO2 SLP114 T02670211
IAD,2023-08-29 20:52,10.00,3800.00,KIAD 292052Z 00000KT 10SM SCT038 BKN049 BKN060 BKN250 27/21 A2986 RMK AO2 SLP108 60001 T02720211 56023
IAD,2023-08-29 21:52,10.00,4200.00,KIAD 292152Z 10004KT 10SM SCT042 BKN060 BKN170 BKN250 27/21 A2985 RMK AO2 SLP103 T02670211
IAD,2023-08-29 22:52,10.00,3200.00,KIAD 292252Z 13003KT 10SM FEW032 SCT065 BKN170 BKN250 26/22 A2984 RMK AO2 SLP102 T02610217
IAD,2023-08-29 23:52,10.00,2900.00,KIAD 292352Z 12003KT 10SM FEW029 FEW065 BKN150 BKN250 25/22 A2983 RMK AO2 SLP098 60001 T02500217 10278 20244 56009
IAD,2023-08-30 00:52,10.00,6500.00,KIAD 300052Z VRB05KT 10SM FEW065 BKN150 BKN250 25/22 A2985 RMK AO2 SLP105 T02500217
IAD,2023-08-30 01:52,10.00,3500.00,KIAD 300152Z 16004KT 10SM FEW035 FEW060 BKN140 BKN250 24/22 A2984 RMK AO2 SLP102 T02440217
IAD,2023-08-30 02:52,10.00,6000.00,KIAD 300252Z 13003KT 10SM SCT060 OVC140 24/22 A2984 RMK AO2 SLP103 T02440222 51005
IAD,2023-08-30 03:52,10.00,2700.00,KIAD 300352Z 16004KT 10SM SCT027 BKN055 24/22 A2983 RMK AO2 SLP097 T02390222
IAD,2023-08-30 04:52,10.00,2100.00,KIAD 300452Z 00000KT 10SM FEW021 SCT028 BKN055 24/22 A2982 RMK AO2 SLP094 T02390222 402780222
IAD,2023-08-30 05:52,10.00,700.00,KIAD 300552Z 15003KT 10SM BKN007 OVC010 24/22 A2979 RMK AO2 SLP086 T02440222 10256 20239 58017
IAD,2023-08-30 06:52,10.00,700.00,KIAD 300652Z 17004KT 10SM FEW007 SCT021 BKN110 24/22 A2977 RMK AO2 SLP080 T02390222
IAD,2023-08-30 07:52,10.00,1900.00,KIAD 300752Z 19005KT 10SM SCT019 BKN080 24/22 A2976 RMK AO2 LTG DSNT S SLP075 T02390222
IAD,2023-08-30 08:52,10.00,700.00,KIAD 300852Z 30005KT 10SM FEW007 SCT019 BKN080 23/22 A2974 RMK AO2 SLP067 T02330222 58018
IAD,2023-08-30 09:52,10.00,800.00,KIAD 300952Z 30004KT 10SM BKN008 BKN015 23/22 A2975 RMK AO2 SLP072 T02330222
IAD,2023-08-30 10:52,10.00,3700.00,KIAD 301052Z 30010KT 10SM BKN037 24/21 A2977 RMK AO2 SLP078 T02390211
IAD,2023-08-30 11:52,10.00,4500.00,KIAD 301152Z 32006KT 10SM BKN045 BKN200 24/21 A2979 RMK AO2 SLP084 70001 T02390206 10244 20228 53017
IAD,2023-08-30 12:52,10.00,2800.00,KIAD 301252Z 31010KT 10SM FEW028 BKN050 BKN120 BKN250 25/19 A2981 RMK AO2 SLP090 T02500194
IAD,2023-08-30 13:52,10.00,4000.00,KIAD 301352Z 33011KT 10SM FEW040 SCT110 BKN160 BKN250 27/16 A2981 RMK AO2 SLP090 T02720161
IAD,2023-08-30 14:52,10.00,9000.00,KIAD 301452Z 31009KT 10SM FEW090 BKN250 28/16 A2981 RMK AO2 SLP091 T02830156 51008
IAD,2023-08-30 15:52,10.00,9000.00,KIAD 301552Z 35008G17KT 10SM FEW090 BKN250 29/15 A2981 RMK AO2 SLP090 T02940150
IAD,2023-08-30 16:52,10.00,5000.00,KIAD 301652Z 33012G20KT 10SM FEW050 BKN180 BKN250 30/15 A2980 RMK AO2 SLP088 T03000150
IAD,2023-08-30 17:52,10.00,5000.00,KIAD 301752Z 33011G18KT 10SM FEW050 BKN250 32/14 A2980 RMK AO2 PK WND 29027/1732 SLP086 T03170144 10317 20239 58005
IAD,2023-08-30 18:52,10.00,6000.00,KIAD 301852Z 32013G17KT 10SM FEW060 BKN250 31/14 A2977 RMK AO2 SLP078 T03110139
IAD,2023-08-30 19:52,10.00,6000.00,KIAD 301952Z 32014G21KT 10SM FEW060 BKN250 31/14 A2976 RMK AO2 SLP073 T03110139
IAD,2023-08-30 20:52,10.00,6000.00,KIAD 302052Z 33015G21KT 10SM FEW060 BKN250 30/12 A2976 RMK AO2 SLP074 T03000122 55012
IAD,2023-08-30 21:52,10.00,6000.00,KIAD 302152Z 32012KT 10SM FEW060 BKN250 29/13 A2977 RMK AO2 SLP078 T02890128
IAD,2023-08-30 22:52,10.00,6000.00,KIAD 302252Z 35012G20KT 10SM FEW060 BKN250 28/12 A2979 RMK AO2 SLP083 T02780122
IAD,2023-08-30 23:52,10.00,10000.00,KIAD 302352Z 33009KT 10SM BKN100 OVC200 26/12 A2981 RMK AO2 SLP090 T02610117 10317 20261 53015
IAD,2023-08-31 00:52,10.00,20000.00,KIAD 310052Z 35012KT 10SM OVC200 26/12 A2982 RMK AO2 SLP095 T02560122
IAD,2023-08-31 01:52,10.00,20000.00,KIAD 310152Z 34014KT 10SM OVC200 24/12 A2983 RMK AO2 SLP099 T02390117
IAD,2023-08-31 02:52,10.00,20000.00,KIAD 310252Z 35009KT 10SM OVC200 23/12 A2986 RMK AO2 SLP107 T02330122 53018
IAD,2023-08-31 03:52,10.00,20000.00,KIAD 310352Z 36013G20KT 10SM OVC200 22/12 A2987 RMK AO2 SLP111 T02220122
IAD,2023-08-31 04:52,10.00,19000.00,KIAD 310452Z 34015G21KT 10SM OVC190 22/12 A2987 RMK AO2 SLP110 T02170122 403170217
IAD,2023-08-31 05:52,10.00,19000.00,KIAD 310552Z 35010KT 10SM OVC190 21/12 A2987 RMK AO2 SLP112 T02110122 10261 20211 51005
IAD,2023-08-31 06:52,10.00,18000.00,KIAD 310652Z 36011KT 10SM OVC180 21/12 A2987 RMK AO2 SLP112 T02060122
IAD,2023-08-31 07:52,10.00,18000.00,KIAD 310752Z 36011KT 10SM OVC180 20/12 A2987 RMK AO2 SLP110 T02000122
IAD,2023-08-31 08:52,10.00,18000.00,KIAD 310852Z 01010KT 10SM OVC180 19/12 A2987 RMK AO2 SLP113 T01940117 55000
IAD,2023-08-31 09:52,10.00,18000.00,KIAD 310952Z 36012G18KT 10SM BKN180 19/12 A2988 RMK AO2 SLP114 T01890122
IAD,2023-08-31 10:52,10.00,17900.00,KIAD 311052Z COR 36012G21KT 10SM BKN179 BKN250 19/12 A2989 RMK AO2 SLP119 T01890122
IAD,2023-08-31 11:52,10.00,17000.00,KIAD 311152Z 02015G23KT 10SM BKN170 BKN250 20/12 A2992 RMK AO2 SLP130 T02000122 10211 20189 53016
IAD,2023-08-31 12:52,10.00,5000.00,KIAD 311252Z 01014G22KT 10SM FEW050 SCT250 21/12 A2993 RMK AO2 SLP133 T02060122
IAD,2023-08-31 13:52,10.00,5000.00,KIAD 311352Z 01016G23KT 10SM FEW050 BKN250 22/12 A2995 RMK AO2 SLP137 T02170117
IAD,2023-08-31 14:52,10.00,5000.00,KIAD 311452Z 36014G22KT 10SM FEW050 SCT190 SCT250 23/12 A2995 RMK AO2 SLP140 T02330117 51010
IAD,2023-08-31 15:52,10.00,5500.00,KIAD 311552Z 03016G23KT 10SM FEW055 FEW170 24/10 A2996 RMK AO2 SLP141 T02440100
IAD,2023-08-31 16:52,10.00,5500.00,KIAD 311652Z 01012G19KT 10SM FEW055 FEW150 26/08 A2996 RMK AO2 SLP143 T02610083
IAD,2023-08-31 17:52,10.00,15000.00,KIAD 311752Z 03011G19KT 10SM FEW150 27/08 A2997 RMK AO2 PK WND 35029/1723 SLP144 T02720078 10272 20194 51005
IAD,2023-08-31 18:52,10.00,15000.00,KIAD 311852Z 01010G23KT 10SM FEW150 28/07 A2997 RMK AO2 SLP145 T02780067
IAD,2023-08-31 19:52,10.00,15000.00,KIAD 311952Z 03009G23KT 10SM FEW150 28/02 A2997 RMK AO2 SLP146 T02830017
IAD,2023-08-31 20:52,10.00,M,KIAD 312052Z 35013G19KT 10SM CLR 28/06 A2998 RMK AO2 SLP149 T02830061 53005
IAD,2023-08-31 21:52,10.00,M,KIAD 312152Z 35012G18KT 330V030 10SM CLR 28/08 A3000 RMK AO2 SLP154 T02780078
IAD,2023-08-31 22:52,10.00,M,KIAD 312252Z 02009KT 10SM CLR 26/09 A3001 RMK AO2 SLP160 T02610089
IAD,2023-08-31 23:52,10.00,M,KIAD 312352Z 03010KT 10SM CLR 24/09 A3003 RMK AO2 SLP166 T02440089 10289 20239 53017
