station,valid,metar
MAF,2023-05-31 00:53,KMAF 310053Z 16016KT 10SM CLR 32/10 A2984 RMK AO2 SLP056 T03170100
MAF,2023-05-31 01:53,KMAF 310153Z COR 16015KT 10SM CLR 30/11 A2986 RMK AO2 SLP062 T03000111
MAF,2023-05-31 02:53,KMAF 310253Z 16012KT 10SM CLR 28/13 A2987 RMK AO2 SLP066 T02780128 53008
MAF,2023-05-31 03:53,KMAF 310353Z 16011KT 10SM CLR 27/13 A2988 RMK AO2 SLP071 T02670133
MAF,2023-05-31 04:53,KMAF 310453Z AUTO 17015KT 10SM CLR 26/15 A2989 RMK AO2 SLP071 T02560150
MAF,2023-05-31 05:53,KMAF 310553Z AUTO 18015KT 10SM CLR 24/16 A2988 RMK AO2 SLP066 T02390161 10328 20239 403440178 50003
MAF,2023-05-31 06:53,KMAF 310653Z AUTO 15013KT 10SM CLR 23/17 A2988 RMK AO2 SLP066 T02280172
MAF,2023-05-31 07:53,KMAF 310753Z AUTO 15012KT 10SM CLR 22/18 A2988 RMK AO2 SLP067 T02170178
MAF,2023-05-31 08:53,KMAF 310853Z AUTO 16011KT 10SM CLR 21/17 A2987 RMK AO2 SLP065 T02110172 58002
MAF,2023-05-31 09:53,KMAF 310953Z AUTO 15008KT 10SM CLR 20/17 A2987 RMK AO2 SLP066 T02000167
MAF,2023-05-31 10:53,KMAF 311053Z 15008KT 10SM CLR 19/17 A2988 RMK AO2 SLP070 T01890167
MAF,2023-05-31 11:53,KMAF 311153Z 16008KT 10SM CLR 19/17 A2989 RMK AO2 SLP076 T01890167 10239 20189 53007
MAF,2023-05-31 12:53,KMAF 311253Z 13010KT 10SM CLR 21/17 A2991 RMK AO2 SLP078 T02060172
MAF,2023-05-31 13:53,KMAF 311353Z 16014KT 10SM CLR 22/18 A2992 RMK AO2 SLP084 T02170178
MAF,2023-05-31 14:53,KMAF 311453Z 12015G21KT 10SM CLR 24/18 A2994 RMK AO2 SLP091 T02390183 53015
MAF,2023-05-31 15:53,KMAF 311553Z 14021G26KT 10SM CLR 25/18 A2993 RMK AO2 PK WND 14026/1551 SLP088 T02500183
MAF,2023-05-31 16:53,KMAF 311653Z 12020G26KT 10SM CLR 27/18 A2994 RMK AO2 PK WND 13029/1610 SLP092 T02670183
MAF,2023-05-31 17:53,KMAF 311753Z 13020G32KT 10SM CLR 28/17 A2993 RMK AO2 PK WND 13032/1750 SLP086 T02830172 10289 20189 58004
MAF,2023-05-31 18:53,KMAF 311853Z 15023G30KT 10SM CLR 30/17 A2990 RMK AO2 PK WND 13032/1817 SLP076 T03000167
MAF,2023-05-31 19:53,KMAF 311953Z 13025G33KT 10SM CLR 31/15 A2987 RMK AO2 PK WND 15035/1913 SLP065 T03060150
MAF,2023-05-31 20:53,KMAF 312053Z 15025G33KT 10SM CLR 32/13 A2984 RMK AO2 PK WND 13038/1954 SLP054 T03170133 58028
MAF,2023-05-31 21:53,KMAF 312153Z 14024G35KT 10SM CLR 31/13 A2982 RMK AO2 PK WND 14035/2146 SLP050 T03060133
MAF,2023-05-31 22:53,KMAF 312253Z 15020G28KT 10SM SCT110 29/14 A2982 RMK AO2 PK WND 16032/2201 SLP051 T02940139
MAF,2023-05-31 23:53,KMAF 312353Z 15022G30KT 10SM CLR 29/14 A2979 RMK AO2 PK WND 15030/2344 SLP045 T02890144 10322 20283 58014
MAF,2023-06-01 00:53,KMAF 010053Z 15019G27KT 10SM CLR 28/14 A2980 RMK AO2 PK WND 15030/2357 SLP046 T02830139
MAF,2023-06-01 01:53,KMAF 010153Z 15022G30KT 10SM CLR 27/14 A2980 RMK AO2 PK WND 15030/0150 SLP045 T02670144
MAF,2023-06-01 03:53,KMAF 010353Z 15025G31KT 10SM SCT120 26/16 A2980 RMK AO2 PK WND 15034/0343 LTG DSNT N SLP043 T02560156
MAF,2023-06-01 04:53,KMAF 010453Z 14017G22KT 10SM OVC110 24/16 A2986 RMK AO2 PK WND 15034/0359 LTG DSNT W AND NW SLP065 T02440161
MAF,2023-06-01 05:53,KMAF 010553Z AUTO 12010G20KT 10SM VCTS OVC040 24/16 A2987 RMK AO2 PK WND 12026/0459 LTG DSNT W-N SLP066 T02390156 10289 20239 403220189 51022
MAF,2023-06-01 06:53,KMAF 010653Z AUTO 11011KT 10SM OVC036 23/16 A2985 RMK AO2 SLP058 T02280156
MAF,2023-06-01 07:53,KMAF 010753Z AUTO 10008KT 10SM OVC036 23/16 A2985 RMK AO2 SLP059 T02280156
MAF,2023-06-01 08:53,KMAF 010853Z AUTO 09011KT 10SM OVC035 22/16 A2985 RMK AO2 SLP056 T02220156 56007
MAF,2023-06-01 09:53,KMAF 010953Z AUTO 11013KT 10SM OVC035 22/16 A2985 RMK AO2 SLP060 T02170161
MAF,2023-06-01 10:53,KMAF 011053Z 12017G25KT 10SM CLR 21/17 A2983 RMK AO2 LTG DSNT S SLP053 T02060167
MAF,2023-06-01 11:53,KMAF 011153Z 13012KT 10SM SCT110 21/18 A2986 RMK AO2 SLP063 T02060178 10239 20206 53003
MAF,2023-06-01 12:53,KMAF 011253Z 13015KT 10SM CLR 21/18 A2987 RMK AO2 SLP068 T02110178
MAF,2023-06-01 13:53,KMAF 011353Z 15023G27KT 10SM BKN020 OVC025 22/18 A2987 RMK AO2 PK WND 15027/1353 SLP071 T02170178
MAF,2023-06-01 14:53,KMAF 011453Z 16020G32KT 10SM BKN023 OVC028 23/18 A2988 RMK AO2 PK WND 16032/1447 LTG DSNT NE SLP074 T02280178 51008
MAF,2023-06-01 15:53,KMAF 011553Z 17024KT 10SM BKN027 OVC035 24/17 A2988 RMK AO2 PK WND 16032/1525 SLP072 T02390172
MAF,2023-06-01 16:53,KMAF 011653Z 17021G29KT 10SM SCT028 BKN036 OVC050 25/18 A2989 RMK AO2 PK WND 16031/1622 SLP074 T02500178
MAF,2023-06-01 17:53,KMAF 011753Z 17021G27KT 10SM BKN032 BKN047 26/18 A2989 RMK AO2 PK WND 16028/1655 SLP074 T02610178 10261 20206 52002
MAF,2023-06-01 18:53,KMAF 011853Z 16017KT 10SM BKN038 BKN049 28/17 A2988 RMK AO2 PK WND 17027/1817 SLP070 T02780172
MAF,2023-06-01 19:53,KMAF 011953Z 19014KT 10SM SCT043 SCT055 29/16 A2985 RMK AO2 SLP061 T02940161
MAF,2023-06-01 20:53,KMAF 012053Z 16015G21KT 10SM SCT055 BKN075 31/15 A2984 RMK AO2 SLP054 T03060150 58016
MAF,2023-06-01 21:53,KMAF 012153Z 20010KT 170V230 10SM BKN065 31/14 A2982 RMK AO2 SLP050 T03060139
MAF,2023-06-01 22:53,KMAF 012253Z 16016G23KT 10SM FEW070 31/15 A2981 RMK AO2 SLP047 T03060150
MAF,2023-06-01 23:53,KMAF 012353Z 15018KT 10SM FEW075 30/15 A2981 RMK AO2 SLP046 T03000150 10317 20250 56009
MAF,2023-06-02 00:53,KMAF 020053Z 15019KT 10SM FEW060 28/16 A2982 RMK AO2 PK WND 15031/0024 SLP052 T02830161
MAF,2023-06-02 01:53,KMAF 020153Z 16019KT 10SM CLR 27/16 A2986 RMK AO2 PK WND 15026/0131 SLP066 T02670161
MAF,2023-06-02 02:53,KMAF 020253Z 16016G26KT 10SM CLR 26/17 A2988 RMK AO2 PK WND 17026/0245 SLP074 T02560167 53023
MAF,2023-06-02 03:53,KMAF 020353Z 16013KT 10SM CLR 24/17 A2990 RMK AO2 SLP080 T02440172
MAF,2023-06-02 04:53,KMAF 020453Z 15013KT 10SM CLR 23/18 A2991 RMK AO2 SLP084 T02330178
MAF,2023-06-02 05:53,KMAF 020553Z 16011KT 10SM CLR 23/18 A2990 RMK AO2 SLP081 T02280178 10300 20228 403170206 50006
MAF,2023-06-02 06:53,KMAF 020653Z 12008KT 10SM CLR 22/17 A2991 RMK AO2 SLP081 T02220172
MAF,2023-06-02 07:53,KMAF 020753Z 14008KT 10SM CLR 21/17 A2990 RMK AO2 SLP076 T02110172
MAF,2023-06-02 08:53,KMAF 020853Z 11012KT 10SM CLR 21/17 A2986 RMK AO2 SLP065 T02060167 58012
MAF,2023-06-02 09:53,KMAF 020953Z 12010KT 10SM CLR 21/17 A2988 RMK AO2 SLP069 T02060167
MAF,2023-06-02 10:53,KMAF 021053Z 14011KT 10SM CLR 19/18 A2989 RMK AO2 SLP074 T01940178
MAF,2023-06-02 11:53,KMAF 021153Z 15013KT 10SM OVC015 21/19 A2989 RMK AO2 SLP073 T02060189 10228 20194 51008
MAF,2023-06-02 12:53,KMAF 021253Z 16018G28KT 7SM OVC015 22/19 A2990 RMK AO2 PK WND 17028/1249 SLP077 T02170189
MAF,2023-06-02 13:53,KMAF 021353Z 17019KT 10SM OVC016 22/19 A2991 RMK AO2 PK WND 16026/1300 SLP084 T02220189
MAF,2023-06-02 14:53,KMAF 021453Z 16018KT 10SM OVC021 23/19 A2993 RMK AO2 PK WND 17027/1357 SLP092 T02330189 53015
MAF,2023-06-02 15:53,KMAF 021553Z 15018G23KT 10SM SCT022 OVC028 24/18 A2993 RMK AO2 SLP091 T02440183
MAF,2023-06-02 16:53,KMAF 021653Z 17017KT 10SM SCT025 BKN038 26/19 A2993 RMK AO2 SLP087 T02610189
MAF,2023-06-02 17:53,KMAF 021753Z 17019KT 10SM FEW032 BKN046 28/18 A2990 RMK AO2 PK WND 15028/1718 SLP077 T02780178 10278 20206 58011
MAF,2023-06-02 18:53,KMAF 021853Z 15024G31KT 10SM FEW033 SCT048 BKN060 28/18 A2986 RMK AO2 PK WND 15031/1844 SLP064 T02830183
MAF,2023-06-02 19:53,KMAF 021953Z 16027G37KT 10SM FEW028 SCT037 28/18 A2983 RMK AO2 PK WND 13041/1938 RAB24E34 SLP055 P0000 T02780183
MAF,2023-06-02 20:53,KMAF 022053Z 16029G37KT 9SM FEW030 SCT036 28/18 A2980 RMK AO2 PK WND 14041/2025 SLP047 60000 T02780178 56030
MAF,2023-06-02 21:53,KMAF 022153Z 15021G30KT 10SM BKN032 27/18 A2980 RMK AO2 PK WND 16036/2056 LTG DSNT N AND NW SLP047 T02720183
MAF,2023-06-02 22:53,KMAF 022253Z 13011G20KT 10SM VCTS FEW037 27/18 A2979 RMK AO2 PK WND 14030/2155 LTG DSNT W-NE SLP045 T02670178
MAF,2023-06-02 23:53,KMAF 022353Z 06009KT 10SM VCTS FEW041 22/14 A2982 RMK AO2 PK WND 02033/2304 WSHFT 2256 LTG DSNT NE AND E SLP056 60000 T02220144 10289 20200 53004
MAF,2023-06-03 00:53,KMAF 030053Z AUTO 12012KT 10SM CLR 24/14 A2980 RMK AO2 SLP048 T02440144
MAF,2023-06-03 01:53,KMAF 030153Z 05014KT 10SM CLR 21/14 A2984 RMK AO2 PK WND 01028/0110 WSHFT 0057 SLP065 T02060144
MAF,2023-06-03 02:53,KMAF 030253Z 02009KT 10SM CLR 18/16 A2985 RMK AO2 SLP070 T01780161 53010
MAF,2023-06-03 03:53,KMAF 030353Z 06007KT 10SM CLR 18/15 A2988 RMK AO2 SLP077 T01830150
MAF,2023-06-03 04:53,KMAF 030453Z AUTO 12004KT 10SM CLR 18/15 A2989 RMK AO2 SLP079 T01830150
MAF,2023-06-03 05:53,KMAF 030553Z AUTO 02014KT 9SM FEW008 17/17 A2991 RMK AO2 SLP088 T01720167 10250 20172 402890172 51021
MAF,2023-06-03 06:53,KMAF 030653Z AUTO 03008KT 10SM CLR 17/15 A2990 RMK AO2 SLP083 T01670150
MAF,2023-06-03 07:53,KMAF 030753Z AUTO 06006KT 10SM CLR 17/15 A2989 RMK AO2 SLP082 T01670150
MAF,2023-06-03 08:53,KMAF 030853Z AUTO 06007KT 10SM CLR 16/15 A2989 RMK AO2 SLP080 T01610150 56008
MAF,2023-06-03 09:53,KMAF 030953Z AUTO 06008KT 10SM BKN026 OVC032 16/15 A2990 RMK AO2 SLP086 T01610150
MAF,2023-06-03 10:53,KMAF 031053Z 10005KT 9SM OVC024 17/16 A2990 RMK AO2 SLP085 T01670156
MAF,2023-06-03 11:53,KMAF 031153Z 16005KT 10SM BKN016 OVC029 17/16 A2990 RMK AO2 SLP090 T01670156 10172 20161 51004
MAF,2023-06-03 12:53,KMAF 031253Z 15005KT 10SM OVC013 18/15 A2991 RMK AO2 SLP090 T01780150
MAF,2023-06-03 13:53,KMAF 031353Z 12003KT 10SM OVC015 19/16 A2993 RMK AO2 SLP100 T01890156
MAF,2023-06-03 14:53,KMAF 031453Z 11005KT 10SM OVC012 19/16 A2994 RMK AO2 SLP105 T01940161 51013
MAF,2023-06-03 15:53,KMAF 031553Z 07006KT 10SM OVC013 20/16 A2995 RMK AO2 SLP106 T02000161
MAF,2023-06-03 16:53,KMAF 031653Z 05008KT 10SM OVC018 21/17 A2996 RMK AO2 SLP108 T02110167
MAF,2023-06-03 17:53,KMAF 031753Z 11005KT 10SM OVC022 23/17 A2995 RMK AO2 SLP106 T02280172 10228 20167 50003
MAF,2023-06-03 18:53,KMAF 031853Z 10SM SCT023 24/18 A2993 RMK AO2 SLP099 T02440178
MAF,2023-06-03 19:53,KMAF 031953Z AUTO 10012G21KT 070V130 10SM FEW026 27/18 A2992 RMK AO2 SLP092 T02720178
MAF,2023-06-03 20:53,KMAF 032053Z 09012G18KT 10SM FEW028 27/18 A2990 RMK AO2 SLP085 T02720183 58016
MAF,2023-06-03 21:53,KMAF 032153Z 06012G21KT 10SM CLR 28/18 A2987 RMK AO2 SLP075 T02780183
MAF,2023-06-03 22:53,KMAF 032253Z 07012G19KT 10SM CLR 27/18 A2987 RMK AO2 SLP073 T02720183
MAF,2023-06-03 23:53,KMAF 032353Z 04013KT 10SM CLR 26/19 A2985 RMK AO2 SLP069 T02610189 10278 20228 56015
MAF,2023-06-04 00:53,KMAF 040053Z 04015KT 10SM CLR 24/19 A2988 RMK AO2 SLP078 T02440189
MAF,2023-06-04 01:53,KMAF 040153Z 36017KT 10SM SCT024 23/18 A2994 RMK AO2 SLP098 T02330183
MAF,2023-06-04 02:53,KMAF 040253Z 01006KT 10SM -TSRA SCT045 BKN070 OVC120 19/15 A2988 RMK AO2 PK WND 36026/0226 LTG DSNT ALQDS RAB30 TSB36 PRESFR SLP084 P0006 60006 T01890150 50009
MAF,2023-06-04 03:53,KMAF 040353Z 13021G26KT 10SM CLR 19/17 A2993 RMK AO2 PK WND 14030/0340 WSHFT 0328 LTG DSNT E AND SE RAE0256 TSE08 SLP098 P0000 T01890172
MAF,2023-06-04 04:53,KMAF 040453Z AUTO 14010KT 10SM CLR 18/17 A2995 RMK AO2 LTG DSNT S SLP106 T01830167
MAF,2023-06-04 05:53,KMAF 040553Z AUTO 09012KT 10SM OVC110 19/16 A2997 RMK AO2 SLP110 60006 T01890161 10267 20178 402780161 53015
MAF,2023-06-04 06:53,KMAF 040653Z AUTO 34006KT 10SM BKN110 18/17 A2997 RMK AO2 RAB10E44 SLP109 P0000 T01780167
MAF,2023-06-04 07:53,KMAF 040753Z AUTO 36007KT 10SM CLR 17/17 A2995 RMK AO2 SLP100 T01720167
MAF,2023-06-04 08:53,KMAF 040853Z AUTO 05008KT 10SM CLR 17/16 A2995 RMK AO2 SLP101 60000 T01720161 55007
MAF,2023-06-04 09:53,KMAF 040953Z AUTO 10005KT 10SM CLR 17/14 A2994 RMK AO2 SLP099 T01670144
MAF,2023-06-04 10:53,KMAF 041053Z 36006KT 10SM CLR 16/15 A2995 RMK AO2 SLP102 T01560150
MAF,2023-06-04 11:53,KMAF 041153Z 01006KT 10SM CLR 15/15 A2997 RMK AO2 SLP111 60000 70006 T01500150 10189 20150 53006
MAF,2023-06-04 12:53,KMAF 041253Z 07005KT 10SM CLR 16/15 A2999 RMK AO2 SLP119 T01560150
MAF,2023-06-04 13:53,KMAF 041353Z 06005KT 10SM CLR 18/14 A3002 RMK AO2 SLP126 T01830144
MAF,2023-06-04 14:53,KMAF 041453Z VRB03KT 10SM CLR 21/14 A3002 RMK AO2 SLP131 T02060139 51018
MAF,2023-06-04 15:53,KMAF 041553Z VRB03KT 10SM CLR 22/14 A3002 RMK AO2 SLP129 T02170139
MAF,2023-06-04 16:53,KMAF 041653Z 02008KT 10SM CLR 24/14 A3001 RMK AO2 SLP122 T02390139
MAF,2023-06-04 17:53,KMAF 041753Z 03008KT 10SM CLR 24/13 A3001 RMK AO2 SLP121 T02390133 10250 20150 56006
MAF,2023-06-04 18:53,KMAF 041853Z 01008KT 10SM CLR 26/12 A2999 RMK AO2 SLP117 T02560122
MAF,2023-06-04 19:53,KMAF 041953Z COR 02006KT 10SM CLR 27/12 A2998 RMK AO2 SLP112 T02720117
MAF,2023-06-04 20:53,KMAF 042053Z VRB03KT 10SM CLR 27/12 A2996 RMK AO2 SLP104 T02670117 58014
MAF,2023-06-04 21:53,KMAF 042153Z 36007G16KT 10SM CLR 28/12 A2994 RMK AO2 SLP096 T02780117
MAF,2023-06-04 22:53,KMAF 042253Z 00000KT 10SM CLR 28/12 A2992 RMK AO2 SLP091 T02780117
MAF,2023-06-04 23:53,KMAF 042353Z 04010G15KT 10SM CLR 28/12 A2991 RMK AO2 SLP089 T02780117 10283 20239 56015
MAF,2023-06-05 00:53,KMAF 050053Z 04012KT 10SM CLR 27/12 A2993 RMK AO2 SLP096 T02670117
MAF,2023-06-05 01:53,KMAF 050153Z 07009KT 10SM CLR 25/13 A2996 RMK AO2 SLP104 T02500128
MAF,2023-06-05 02:53,KMAF 050253Z 08013KT 10SM CLR 23/14 A2999 RMK AO2 SLP116 T02280139 53025
MAF,2023-06-05 03:53,KMAF 050353Z 11009KT 10SM CLR 22/14 A3002 RMK AO2 SLP125 T02170139
MAF,2023-06-05 04:53,KMAF 050453Z 09010KT 10SM CLR 21/14 A3002 RMK AO2 SLP126 T02060139
MAF,2023-06-05 05:53,KMAF 050553Z AUTO 09011KT 10SM CLR 20/14 A3002 RMK AO2 SLP126 T02000144 10278 20200 402830150 51009
MAF,2023-06-05 06:53,KMAF 050653Z AUTO 09007KT 10SM BKN080 19/15 A3002 RMK AO2 SLP124 T01940150
MAF,2023-06-05 07:53,KMAF 050753Z AUTO 08010KT 10SM CLR 18/16 A3002 RMK AO2 SLP126 T01780161
MAF,2023-06-05 08:53,KMAF 050853Z AUTO 07008KT 10SM CLR 17/16 A3002 RMK AO2 SLP124 T01720161 58002
MAF,2023-06-05 09:53,KMAF 050953Z AUTO 35007KT 10SM SCT080 17/16 A3005 RMK AO2 SLP137 T01670161
MAF,2023-06-05 10:53,KMAF 051053Z AUTO 35014KT 10SM FEW009 SCT026 BKN070 17/16 A3008 RMK AO2 SLP147 T01670156
MAF,2023-06-05 11:53,KMAF 051153Z 05008KT 10SM FEW120 17/15 A3006 RMK AO2 SLP138 T01670150 10200 20161 50013
MAF,2023-06-05 12:53,KMAF 051253Z 07008KT 10SM SCT110 19/15 A3005 RMK AO2 SLP135 T01890150
MAF,2023-06-05 13:53,KMAF 051353Z 10008KT 10SM FEW065 OVC080 19/14 A3008 RMK AO2 SLP146 T01940144
MAF,2023-06-05 14:53,KMAF 051453Z 08009KT 10SM FEW044 BKN065 OVC075 21/14 A3011 RMK AO2 SLP156 T02060144 53015
MAF,2023-06-05 15:53,KMAF 051553Z 08009KT 10SM BKN095 21/14 A3011 RMK AO2 SLP156 T02060144
MAF,2023-06-05 16:53,KMAF 051653Z VRB05KT 10SM BKN100 22/15 A3010 RMK AO2 SLP155 T02170150
MAF,2023-06-05 17:53,KMAF 051753Z 00000KT 10SM SCT030 23/15 A3010 RMK AO2 SLP153 T02280150 10233 20167 58003
MAF,2023-06-05 18:53,KMAF 051853Z 00000KT 10SM BKN048 BKN055 24/14 A3008 RMK AO2 SLP148 T02390139
MAF,2023-06-05 19:53,KMAF 051953Z 35007KT 10SM SCT042 BKN049 BKN065 25/14 A3006 RMK AO2 SLP140 T02500139
MAF,2023-06-05 20:53,KMAF 052053Z COR 36009KT 10SM FEW050 26/12 A3004 RMK AO2 SLP131 T02610122 58019
MAF,2023-06-05 21:53,KMAF 052153Z 34009G14KT 10SM SCT060 27/12 A3002 RMK AO2 SLP125 T02720122
MAF,2023-06-05 22:53,KMAF 052253Z 03009G15KT 350V060 10SM FEW050 28/13 A3001 RMK AO2 SLP121 T02780133
MAF,2023-06-05 23:53,KMAF 052353Z 03012G18KT 10SM CLR 27/13 A3000 RMK AO2 SLP119 T02720133 10283 20222 56010
MAF,2023-06-06 00:53,KMAF 060053Z 05011KT 10SM SCT075 26/13 A3001 RMK AO2 SLP122 T02560128
MAF,2023-06-06 01:53,KMAF 060153Z 07009KT 10SM CLR 24/13 A3002 RMK AO2 SLP124 T02440133
MAF,2023-06-06 02:53,KMAF 060253Z 07010KT 10SM CLR 23/14 A3003 RMK AO2 SLP130 T02330139 53010
MAF,2023-06-06 03:53,KMAF 060353Z 08015KT 10SM CLR 22/15 A3006 RMK AO2 SLP141 T02170150
MAF,2023-06-06 04:53,KMAF 060453Z 08010KT 10SM CLR 21/14 A3008 RMK AO2 SLP147 T02060144
MAF,2023-06-06 05:53,KMAF 060553Z AUTO 08006KT 10SM CLR 20/14 A3009 RMK AO2 SLP150 T02000144 10272 20200 402830161 51017
MAF,2023-06-06 06:53,KMAF 060653Z AUTO 06004KT 10SM CLR 18/14 A3009 RMK AO2 SLP150 T01830144
MAF,2023-06-06 07:53,KMAF 060753Z AUTO 06003KT 10SM CLR 18/15 A3008 RMK AO2 SLP145 T01780150
MAF,2023-06-06 08:53,KMAF 060853Z AUTO 28003KT 10SM CLR 16/14 A3007 RMK AO2 SLP144 T01610139 58005
MAF,2023-06-06 09:53,KMAF 060953Z AUTO 29005KT 10SM CLR 16/14 A3007 RMK AO2 SLP144 T01560139
MAF,2023-06-06 10:53,KMAF 061053Z 32005KT 10SM CLR 16/14 A3007 RMK AO2 SLP144 T01560139
MAF,2023-06-06 11:53,KMAF 061153Z 01006KT 7SM CLR 16/14 A3008 RMK AO2 SLP147 T01560144 10200 20150 53003
MAF,2023-06-06 12:53,KMAF 061253Z 03006KT 7SM CLR 18/15 A3008 RMK AO2 SLP146 T01830150
MAF,2023-06-06 13:53,KMAF 061353Z 08008KT 10SM CLR 21/14 A3008 RMK AO2 SLP144 T02110139
MAF,2023-06-06 14:53,KMAF 061453Z 11008KT 10SM CLR 22/13 A3008 RMK AO2 SLP146 T02220133 53001
MAF,2023-06-06 15:53,KMAF 061553Z VRB04KT 10SM CLR 24/13 A3008 RMK AO2 SLP144 T02390133
MAF,2023-06-06 16:53,KMAF 061653Z VRB03KT 10SM CLR 24/13 A3006 RMK AO2 SLP139 T02440128
MAF,2023-06-06 17:53,KMAF 061753Z 00000KT 10SM CLR 26/12 A3005 RMK AO2 SLP135 T02610122 10272 20156 58009
MAF,2023-06-06 18:53,KMAF 061853Z 10008KT 060V130 10SM FEW050 27/11 A3004 RMK AO2 SLP132 T02720111
MAF,2023-06-06 19:53,KMAF 061953Z 08011KT 10SM CLR 28/10 A3002 RMK AO2 SLP125 T02830100
MAF,2023-06-06 20:53,KMAF 062053Z 10012G17KT 10SM CLR 28/10 A3001 RMK AO2 SLP120 T02780100 58015
MAF,2023-06-06 21:53,KMAF 062153Z 11008KT 10SM SCT060 28/11 A2998 RMK AO2 SLP111 T02830106
MAF,2023-06-06 22:53,KMAF 062253Z 07010G17KT 10SM FEW065 29/10 A2995 RMK AO2 SLP101 T02890100
MAF,2023-06-06 23:53,KMAF 062353Z VRB05KT 10SM CLR 28/11 A2992 RMK AO2 SLP092 T02830106 10294 20256 58026
MAF,2023-06-07 00:53,KMAF 070053Z 09008KT 10SM CLR 28/11 A2992 RMK AO2 SLP090 T02780106
MAF,2023-06-07 01:53,KMAF 070153Z 10008KT 10SM CLR 26/12 A2994 RMK AO2 SLP095 T02610117
MAF,2023-06-07 02:53,KMAF 070253Z 09008KT 10SM CLR 25/12 A2995 RMK AO2 SLP099 T02500122 53009
MAF,2023-06-07 03:53,KMAF 070353Z 10007KT 10SM CLR 24/13 A3001 RMK AO2 SLP118 T02390128
MAF,2023-06-07 04:53,KMAF 070453Z AUTO 09007KT 10SM CLR 23/13 A3001 RMK AO2 SLP118 T02330128
MAF,2023-06-07 05:53,KMAF 070553Z AUTO 11006KT 10SM CLR 23/14 A3001 RMK AO2 SLP117 T02280139 10283 20228 402940150 51017
MAF,2023-06-07 06:53,KMAF 070653Z AUTO 13009KT 10SM SCT100 22/15 A3000 RMK AO2 SLP114 T02220150
MAF,2023-06-07 07:53,KMAF 070753Z AUTO 14006KT 10SM OVC080 21/16 A3000 RMK AO2 SLP112 T02110156 $
MAF,2023-06-07 08:53,KMAF 070853Z AUTO 18008KT 10SM FEW060 SCT070 22/16 A2999 RMK AO2 SLP108 T02170156 58006 $
MAF,2023-06-07 09:53,KMAF 070953Z AUTO 07007KT 10SM CLR 21/15 A2997 RMK AO2 SLP104 T02060150 $
MAF,2023-06-07 10:53,KMAF 071053Z 06004KT 10SM OVC095 21/16 A2997 RMK AO2 SLP102 T02110156 $
MAF,2023-06-07 11:53,KMAF 071153Z 23004KT 10SM CLR 21/16 A2998 RMK AO2 SLP109 T02060161 10228 20206 55001 $
MAF,2023-06-07 12:53,KMAF 071253Z 28005KT 10SM CLR 21/16 A3002 RMK AO2 SLP121 T02060156
MAF,2023-06-07 13:53,KMAF 071353Z 07003KT 10SM CLR 22/16 A3001 RMK AO2 SLP118 T02170161
MAF,2023-06-07 14:53,KMAF 071453Z 08004KT 10SM CLR 23/16 A3001 RMK AO2 SLP118 T02280161 50007
MAF,2023-06-07 15:53,KMAF 071553Z 12005KT 10SM CLR 24/16 A2999 RMK AO2 SLP110 T02440161
MAF,2023-06-07 16:53,KMAF 071653Z 18009KT 10SM CLR 27/15 A2998 RMK AO2 SLP105 T02670150
MAF,2023-06-07 17:53,KMAF 071753Z VRB03G15KT 10SM CLR 28/13 A2996 RMK AO2 SLP099 T02830133 10289 20206 56013
MAF,2023-06-07 18:53,KMAF 071853Z VRB04KT 10SM CLR 29/14 A2994 RMK AO2 SLP090 T02940139
MAF,2023-06-07 19:53,KMAF 071953Z 22004KT 10SM FEW055 30/13 A2991 RMK AO2 SLP082 T03000133
MAF,2023-06-07 20:53,KMAF 072053Z COR 22006KT 10SM CLR 32/11 A2990 RMK AO2 SLP075 T03170111 56020
MAF,2023-06-07 21:53,KMAF 072153Z 16004KT 10SM CLR 31/11 A2986 RMK AO2 SLP063 T03110106
MAF,2023-06-07 22:53,KMAF 072253Z VRB03KT 10SM CLR 32/09 A2985 RMK AO2 SLP058 T03170089
MAF,2023-06-07 23:53,KMAF 072353Z 15009KT 10SM CLR 31/11 A2982 RMK AO2 SLP050 T03110106 10333 20278 56024
MAF,2023-06-08 00:53,KMAF 080053Z 16012KT 10SM CLR 31/11 A2983 RMK AO2 SLP055 T03060106
MAF,2023-06-08 01:53,KMAF 080153Z 20015G26KT 10SM FEW100 28/15 A2986 RMK AO2 PK WND 17027/0124 LTG DSNT N AND NW SLP064 T02830150
MAF,2023-06-08 02:53,KMAF 080253Z 31027G41KT 5SM VCTS HZ BKN070 24/12 A2996 RMK AO2 PK WND 31041/0250 WSHFT 0239 LTG DSNT NW-E PRESRR SLP102 T02390117 53039
MAF,2023-06-08 03:53,KMAF 080353Z 33021G28KT 10SM FEW075 18/13 A2997 RMK AO2 PK WND 32047/0301 WSHFT 0240 LTG DSNT N-E RAB07E26 SLP107 P0000 T01830133
MAF,2023-06-08 04:53,KMAF 080453Z 35020G30KT 10SM FEW110 19/13 A2996 RMK AO2 PK WND 33034/0401 SLP102 T01890128
MAF,2023-06-08 05:53,KMAF 080553Z AUTO 01019G26KT 10SM CLR 19/12 A2994 RMK AO2 PK WND 36031/0516 SLP095 60000 T01890117 10311 20172 403330172 58005
MAF,2023-06-08 06:53,KMAF 080653Z AUTO 04011KT 10SM OVC120 19/11 A2993 RMK AO2 SLP089 T01940106
MAF,2023-06-08 07:53,KMAF 080753Z AUTO 16003KT 10SM CLR 19/11 A2991 RMK AO2 SLP084 T01890106
MAF,2023-06-08 08:53,KMAF 080853Z AUTO 21005KT 10SM CLR 18/11 A2990 RMK AO2 SLP079 T01780111 56012
MAF,2023-06-08 09:53,KMAF 080953Z AUTO 24004KT 10SM CLR 17/12 A2993 RMK AO2 SLP093 T01670117
MAF,2023-06-08 10:53,KMAF 081053Z 24011KT 10SM FEW110 16/12 A2992 RMK AO2 SLP088 T01610117
MAF,2023-06-08 11:53,KMAF 081153Z 34006KT 10SM CLR 16/12 A2996 RMK AO2 SLP102 T01610117 10200 20161 53018
MAF,2023-06-08 12:53,KMAF 081253Z 34004KT 10SM CLR 17/13 A2998 RMK AO2 SLP107 T01670128
MAF,2023-06-08 13:53,KMAF 081353Z 34004KT 10SM CLR 20/13 A3000 RMK AO2 SLP115 T02000128
MAF,2023-06-08 14:53,KMAF 081453Z 06003KT 10SM CLR 22/12 A3000 RMK AO2 SLP117 T02220122 51013
MAF,2023-06-08 15:53,KMAF 081553Z VRB03KT 10SM CLR 24/11 A2999 RMK AO2 SLP115 T02440111
MAF,2023-06-08 16:53,KMAF 081653Z VRB05KT 10SM CLR 27/12 A2998 RMK AO2 SLP112 T02670117
MAF,2023-06-08 17:53,KMAF 081753Z 23004KT 10SM CLR 27/11 A2997 RMK AO2 SLP107 T02720111 10283 20156 56009
MAF,2023-06-08 18:53,KMAF 081853Z VRB04KT 10SM CLR 29/10 A2996 RMK AO2 SLP100 T02940100
MAF,2023-06-08 19:53,KMAF 081953Z 01005KT 10SM CLR 32/09 A2993 RMK AO2 SLP089 T03170094 $
MAF,2023-06-08 20:53,KMAF 082053Z VRB03KT 10SM CLR 32/08 A2991 RMK AO2 SLP082 T03220078 58019
MAF,2023-06-08 21:53,KMAF 082153Z 23008KT 10SM CLR 33/07 A2989 RMK AO2 SLP075 T03330067
MAF,2023-06-08 22:53,KMAF 082253Z 18004KT 10SM CLR 34/06 A2987 RMK AO2 SLP068 T03390056
MAF,2023-06-08 23:53,KMAF 082353Z 05012G18KT 10SM CLR 34/08 A2986 RMK AO2 SLP064 T03390078 10344 20272 56016
MAF,2023-06-09 00:53,KMAF 090053Z 08013KT 10SM CLR 31/11 A2988 RMK AO2 SLP073 T03110111
MAF,2023-06-09 01:53,KMAF 090153Z 09008KT 10SM CLR 29/12 A2989 RMK AO2 SLP074 T02940117
MAF,2023-06-09 02:53,KMAF 090253Z 10009KT 10SM CLR 27/12 A2991 RMK AO2 SLP081 T02720122 53015
MAF,2023-06-09 03:53,KMAF 090353Z 10010KT 10SM CLR 27/12 A2992 RMK AO2 SLP084 T02670117
MAF,2023-06-09 04:53,KMAF 090453Z 11009KT 10SM CLR 24/13 A2993 RMK AO2 SLP089 T02440128
MAF,2023-06-09 05:53,KMAF 090553Z AUTO 13008KT 10SM CLR 23/14 A2994 RMK AO2 SLP090 T02330139 10339 20233 403440156 51009
MAF,2023-06-09 06:53,KMAF 090653Z AUTO 13008KT 10SM CLR 23/14 A2993 RMK AO2 SLP086 T02280139
MAF,2023-06-09 07:53,KMAF 090753Z AUTO 13008KT 10SM CLR 22/15 A2992 RMK AO2 SLP083 T02170150
MAF,2023-06-09 08:53,KMAF 090853Z AUTO 14006KT 10SM CLR 21/16 A2990 RMK AO2 SLP077 T02060156 58010
MAF,2023-06-09 09:53,KMAF 090953Z AUTO 14004KT 10SM CLR 20/16 A2991 RMK AO2 SLP080 T02000156
MAF,2023-06-09 10:53,KMAF 091053Z AUTO 10005KT 10SM CLR 19/16 A2992 RMK AO2 SLP083 T01940156
MAF,2023-06-09 11:53,KMAF 091153Z COR 11004KT 9SM CLR 19/16 A2992 RMK AO2 SLP083 T01890161 10233 20189 51005
MAF,2023-06-09 12:53,KMAF 091253Z 13006KT 10SM CLR 21/17 A2992 RMK AO2 SLP084 T02110167
MAF,2023-06-09 13:53,KMAF 091353Z 16006KT 10SM CLR 23/16 A2994 RMK AO2 SLP089 T02280161
MAF,2023-06-09 14:53,KMAF 091453Z 22007KT 10SM CLR 27/16 A2994 RMK AO2 SLP089 T02670156 53006
MAF,2023-06-09 15:53,KMAF 091553Z 20011KT 10SM CLR 31/14 A2993 RMK AO2 SLP083 T03060144
MAF,2023-06-09 16:53,KMAF 091653Z 21014G20KT 10SM CLR 33/12 A2993 RMK AO2 SLP083 T03280122
MAF,2023-06-09 17:53,KMAF 091753Z 19010KT 10SM CLR 34/11 A2992 RMK AO2 SLP080 T03440111 10344 20189 56006
MAF,2023-06-09 18:53,KMAF 091853Z 22010KT 10SM CLR 37/04 A2990 RMK AO2 SLP072 T03720044
MAF,2023-06-09 19:53,KMAF 091953Z 24006KT 10SM CLR 36/02 A2988 RMK AO2 SLP066 T03560022
MAF,2023-06-09 20:53,KMAF 092053Z VRB04G15KT 10SM CLR 37/02 A2987 RMK AO2 SLP061 T03670017 56017
MAF,2023-06-09 21:53,KMAF 092153Z 21009G19KT 10SM CLR 37/01 A2985 RMK AO2 SLP057 T03670006
MAF,2023-06-09 22:53,KMAF 092253Z 24008KT 10SM CLR 36/00 A2983 RMK AO2 SLP050 T03610000
MAF,2023-06-09 23:53,KMAF 092353Z 21009KT 10SM CLR 36/01 A2982 RMK AO2 SLP047 T03610006 10378 20339 56015
MAF,2023-06-10 00:53,KMAF 100053Z 24014G17KT 10SM CLR 35/01 A2984 RMK AO2 SLP051 T03500006
MAF,2023-06-10 01:53,KMAF 100153Z 20007KT 10SM SCT120 31/07 A2986 RMK AO2 SLP061 T03110072
MAF,2023-06-10 02:53,KMAF 100253Z 21009KT 10SM CLR 29/08 A2987 RMK AO2 SLP063 T02890083 51014
MAF,2023-06-10 03:53,KMAF 100353Z 20007KT 10SM CLR 28/09 A2989 RMK AO2 SLP068 T02830089
MAF,2023-06-10 04:53,KMAF 100453Z AUTO 18012KT 10SM FEW110 27/10 A2990 RMK AO2 SLP071 T02670100
MAF,2023-06-10 05:53,KMAF 100553Z AUTO 20013G22KT 10SM CLR 25/12 A2990 RMK AO2 SLP071 T02500117 10361 20250 403780189 50009
MAF,2023-06-10 06:53,KMAF 100653Z AUTO 20009KT 10SM CLR 25/13 A2989 RMK AO2 SLP064 T02500128
MAF,2023-06-10 07:53,KMAF 100753Z AUTO 20009KT 10SM CLR 24/13 A2988 RMK AO2 SLP063 T02440128
MAF,2023-06-10 08:53,KMAF 100853Z AUTO 23009KT 10SM CLR 23/12 A2987 RMK AO2 SLP061 T02280122 56008
MAF,2023-06-10 09:53,KMAF 100953Z AUTO 22008KT 10SM CLR 22/13 A2987 RMK AO2 SLP063 T02220128
MAF,2023-06-10 10:53,KMAF 101053Z AUTO 22008KT 10SM CLR 21/13 A2987 RMK AO2 SLP062 T02110133
MAF,2023-06-10 11:53,KMAF 101153Z AUTO 23007KT 10SM CLR 19/12 A2987 RMK AO2 SLP062 T01940117 10250 20189 58002
MAF,2023-06-10 12:53,KMAF 101253Z 22007KT 10SM CLR 22/09 A2988 RMK AO2 SLP064 T02220094
MAF,2023-06-10 13:53,KMAF 101353Z 23011KT 10SM CLR 26/06 A2989 RMK AO2 SLP070 T02610056
MAF,2023-06-10 14:53,KMAF 101453Z 22011KT 10SM CLR 29/04 A2990 RMK AO2 SLP071 T02940039 51009
MAF,2023-06-10 15:53,KMAF 101553Z 24014G18KT 10SM CLR 32/03 A2989 RMK AO2 SLP069 T03170028
MAF,2023-06-10 16:53,KMAF 101653Z 25009G20KT 10SM CLR 33/01 A2989 RMK AO2 SLP069 T03280006
MAF,2023-06-10 17:53,KMAF 101753Z 24012G20KT 10SM CLR 34/M01 A2988 RMK AO2 SLP065 T03391011 10344 20189 58005
MAF,2023-06-10 18:53,KMAF 101853Z 23010G21KT 10SM CLR 34/M01 A2986 RMK AO2 SLP057 T03441011
MAF,2023-06-10 19:53,KMAF 101953Z 27014G27KT 10SM CLR 36/M06 A2984 RMK AO2 PK WND 27028/1932 SLP051 T03561056
MAF,2023-06-10 20:53,KMAF 102053Z 27014G24KT 10SM CLR 36/M07 A2983 RMK AO2 PK WND 29027/2007 SLP047 T03611067 56016
MAF,2023-06-10 21:53,KMAF 102153Z 26012KT 10SM CLR 36/M07 A2981 RMK AO2 PK WND 27027/2116 SLP040 T03611072
MAF,2023-06-10 22:53,KMAF 102253Z 29012G25KT 10SM CLR 37/M07 A2980 RMK AO2 PK WND 29027/2217 SLP037 T03671067
MAF,2023-06-10 23:53,KMAF 102353Z 28013G23KT 10SM CLR 36/M06 A2979 RMK AO2 PK WND 30027/2311 SLP037 T03611056 10372 20339 56010
MAF,2023-06-11 00:53,KMAF 110053Z 32014G23KT 10SM CLR 35/M04 A2980 RMK AO2 SLP038 T03501039
MAF,2023-06-11 01:53,KMAF 110153Z 32006KT 10SM CLR 32/M03 A2981 RMK AO2 SLP042 T03171033
MAF,2023-06-11 02:53,KMAF 110253Z 00000KT 10SM CLR 30/M03 A2982 RMK AO2 SLP043 T03001028 51008
MAF,2023-06-11 03:53,KMAF 110353Z 17004KT 10SM CLR 28/00 A2983 RMK AO2 SLP048 T02780000
MAF,2023-06-11 04:53,KMAF 110453Z AUTO 00000KT 10SM CLR 27/M01 A2983 RMK AO2 SLP048 T02671006
MAF,2023-06-11 05:53,KMAF 110553Z AUTO 19008KT 10SM CLR 27/02 A2985 RMK AO2 SLP052 T02670022 10367 20244 403720189 52009
MAF,2023-06-11 06:53,KMAF 110653Z AUTO 22007KT 10SM CLR 25/09 A2984 RMK AO2 SLP051 T02500094
MAF,2023-06-11 07:53,KMAF 110753Z AUTO 21006KT 10SM CLR 24/12 A2984 RMK AO2 SLP049 T02390122
MAF,2023-06-11 08:53,KMAF 110853Z AUTO 23007KT 10SM CLR 23/13 A2983 RMK AO2 SLP047 T02330128 58006
MAF,2023-06-11 09:53,KMAF 110953Z AUTO 24006KT 10SM CLR 22/13 A2984 RMK AO2 SLP050 T02170128
MAF,2023-06-11 10:53,KMAF 111053Z 20004KT 10SM CLR 22/16 A2985 RMK AO2 SLP054 T02220156
MAF,2023-06-11 11:53,KMAF 111153Z 12005KT 9SM CLR 20/14 A2987 RMK AO2 SLP063 T02000144 10267 20200 53013
MAF,2023-06-11 12:53,KMAF 111253Z 17004KT 10SM CLR 22/15 A2989 RMK AO2 SLP070 T02170150
MAF,2023-06-11 13:53,KMAF 111353Z 20005KT 10SM CLR 25/16 A2990 RMK AO2 SLP075 T02500161
MAF,2023-06-11 14:53,KMAF 111453Z 22011KT 10SM CLR 28/17 A2991 RMK AO2 SLP076 T02830167 51013
MAF,2023-06-11 15:53,KMAF 111553Z 23007KT 10SM CLR 31/12 A2990 RMK AO2 SLP073 T03110122
MAF,2023-06-11 16:53,KMAF 111653Z 21008KT 160V230 10SM CLR 34/07 A2989 RMK AO2 SLP068 T03390067
MAF,2023-06-11 17:53,KMAF 111753Z 22009G26KT 10SM CLR 36/05 A2988 RMK AO2 PK WND 24026/1746 SLP061 T03560050 10361 20194 58010
MAF,2023-06-11 18:53,KMAF 111853Z 28008G17KT 10SM CLR 37/02 A2986 RMK AO2 SLP055 T03720017
MAF,2023-06-11 19:53,KMAF 111953Z VRB04G18KT 10SM CLR 37/01 A2985 RMK AO2 SLP052 T03670006
MAF,2023-06-11 20:53,KMAF 112053Z 21011G16KT 10SM CLR 38/02 A2984 RMK AO2 SLP048 T03780017 56014
MAF,2023-06-11 21:53,KMAF 112153Z AUTO VRB05KT 10SM BKN120 38/02 A2981 RMK AO2 SLP040 T03780017
MAF,2023-06-11 22:53,KMAF 112253Z 20012G21KT 10SM SCT110 37/08 A2981 RMK AO2 SLP040 T03720083
MAF,2023-06-11 23:53,KMAF 112353Z 16017G22KT 10SM CLR 37/09 A2980 RMK AO2 SLP040 T03670094 10389 20356 56010
MAF,2023-06-12 00:53,KMAF 120053Z 16017G22KT 10SM CLR 36/11 A2981 RMK AO2 SLP040 T03560106
MAF,2023-06-12 01:53,KMAF 120153Z 17017KT 10SM CLR 33/12 A2982 RMK AO2 SLP045 T03330117
MAF,2023-06-12 02:53,KMAF 120253Z 18016G23KT 10SM CLR 31/17 A2984 RMK AO2 SLP051 T03060167 53011
MAF,2023-06-12 03:53,KMAF 120353Z 18012KT 9SM CLR 29/19 A2986 RMK AO2 SLP056 T02890189
MAF,2023-06-12 04:53,KMAF 120453Z AUTO 17012KT 9SM CLR 28/19 A2986 RMK AO2 SLP054 T02830194
MAF,2023-06-12 05:53,KMAF 120553Z AUTO 17009KT 9SM CLR 27/19 A2985 RMK AO2 SLP050 T02720194 10367 20272 403890194 50003
MAF,2023-06-12 06:53,KMAF 120653Z AUTO 17008KT 8SM CLR 26/20 A2984 RMK AO2 SLP047 T02610200
MAF,2023-06-12 07:53,KMAF 120753Z AUTO 08007KT 8SM CLR 26/20 A2984 RMK AO2 SLP049 T02560200
MAF,2023-06-12 08:53,KMAF 120853Z AUTO 08009KT 8SM CLR 24/19 A2985 RMK AO2 SLP050 T02440194 55000
MAF,2023-06-12 09:53,KMAF 120953Z AUTO 09011KT 10SM CLR 23/18 A2985 RMK AO2 SLP053 T02330178
MAF,2023-06-12 10:53,KMAF 121053Z 10009KT 9SM CLR 23/18 A2985 RMK AO2 SLP053 T02280183
MAF,2023-06-12 11:53,KMAF 121153Z 09007KT 6SM HZ CLR 22/19 A2986 RMK AO2 SLP059 T02220189 10267 20222 53005
MAF,2023-06-12 12:53,KMAF 121253Z 10005KT 6SM HZ CLR 24/19 A2988 RMK AO2 SLP064 T02390194
MAF,2023-06-12 13:53,KMAF 121353Z 15005KT 6SM HZ CLR 25/21 A2988 RMK AO2 SLP067 T02500206
MAF,2023-06-12 14:53,KMAF 121453Z 16003KT 6SM HZ CLR 27/20 A2990 RMK AO2 SLP073 T02670200 53013
MAF,2023-06-12 15:53,KMAF 121553Z 29008G16KT 250V320 8SM CLR 31/17 A2990 RMK AO2 SLP073 T03110172
MAF,2023-06-12 16:53,KMAF 121653Z 31011G18KT 10SM CLR 34/12 A2990 RMK AO2 SLP068 T03390117
MAF,2023-06-12 17:53,KMAF 121753Z 27010G26KT 10SM CLR 35/06 A2989 RMK AO2 PK WND 31026/1745 SLP066 T03500061 10356 20222 58004
MAF,2023-06-12 18:53,KMAF 121853Z 06020G28KT 8SM CLR 33/19 A2989 RMK AO2 PK WND 06028/1852 SLP066 T03330194
MAF,2023-06-12 19:53,KMAF 121953Z 06012KT 6SM HZ FEW030 33/19 A2987 RMK AO2 PK WND 05026/1905 WSHFT 1849 SLP061 T03280189
MAF,2023-06-12 20:53,KMAF 122053Z 06012G19KT 8SM CLR 32/18 A2985 RMK AO2 SLP054 T03220183 58014
MAF,2023-06-12 21:53,KMAF 122153Z 07013G19KT 9SM CLR 32/18 A2984 RMK AO2 SLP052 T03220183
MAF,2023-06-12 22:53,KMAF 122253Z 07011KT 9SM CLR 31/18 A2982 RMK AO2 PK WND 06026/2201 SLP049 T03110178
MAF,2023-06-12 23:53,KMAF 122353Z 08011KT 9SM CLR 31/18 A2982 RMK AO2 SLP049 T03060178 10361 20306 56007
MAF,2023-06-13 00:53,KMAF 130053Z 08011KT 10SM CLR 30/18 A2983 RMK AO2 SLP050 T03000183
MAF,2023-06-13 01:53,KMAF 130153Z 06011KT 10SM CLR 28/19 A2985 RMK AO2 SLP059 T02780189
MAF,2023-06-13 02:53,KMAF 130253Z 08009KT 10SM CLR 26/20 A2988 RMK AO2 SLP068 T02610200 53017
MAF,2023-06-13 03:53,KMAF 130353Z 07011KT 10SM CLR 25/21 A2990 RMK AO2 SLP072 T02500206
MAF,2023-06-13 04:53,KMAF 130453Z 08010KT 10SM CLR 23/21 A2991 RMK AO2 SLP075 T02330206
MAF,2023-06-13 05:53,KMAF 130553Z AUTO 10010KT 8SM CLR 22/21 A2989 RMK AO2 SLP068 T02220206 10306 20222 403610222 50004
MAF,2023-06-13 06:53,KMAF 130653Z AUTO 09008KT 8SM CLR 22/21 A2988 RMK AO2 SLP067 T02170206
MAF,2023-06-13 07:53,KMAF 130753Z AUTO 06006KT 7SM FEW008 21/21 A2988 RMK AO2 SLP066 T02110206
MAF,2023-06-13 08:53,KMAF 130853Z AUTO 06006KT 6SM BR OVC006 22/21 A2987 RMK AO2 SLP065 T02170211 56006
MAF,2023-06-13 09:53,KMAF 130953Z AUTO 05007KT 6SM BR FEW006 21/21 A2988 RMK AO2 SLP068 T02110206
MAF,2023-06-13 10:53,KMAF 131053Z 02012KT 7SM OVC008 21/20 A2989 RMK AO2 SLP074 T02110200
MAF,2023-06-13 11:53,KMAF 131153Z 02008KT 5SM BR OVC007 21/20 A2990 RMK AO2 SLP079 T02060200 10222 20206 53009
MAF,2023-06-13 12:53,KMAF 131253Z 06006KT 5SM BR OVC005 21/20 A2992 RMK AO2 SLP083 T02060200
MAF,2023-06-13 13:53,KMAF 131353Z VRB03KT 5SM BR OVC006 22/20 A2992 RMK AO2 SLP087 T02170200
MAF,2023-06-13 14:53,KMAF 131453Z 08004KT 5SM HZ OVC009 23/20 A2994 RMK AO2 SLP093 T02280200 51010
MAF,2023-06-13 15:53,KMAF 131553Z 04009KT 6SM HZ OVC011 24/20 A2994 RMK AO2 SLP093 T02390200
MAF,2023-06-13 16:53,KMAF 131653Z 00000KT 7SM CLR 26/21 A2993 RMK AO2 SLP089 T02610206
MAF,2023-06-13 17:53,KMAF 131753Z 8SM CLR 28/19 A2991 RMK AO2 SLP082 T02830189 10294 20206 58007
MAF,2023-06-13 18:53,KMAF 131853Z VRB04KT 9SM CLR 30/18 A2989 RMK AO2 SLP071 T03000178
MAF,2023-06-13 19:53,KMAF 131953Z 11006KT 9SM CLR 32/17 A2986 RMK AO2 SLP063 T03170167
MAF,2023-06-13 20:53,KMAF 132053Z 24012G19KT 10SM CLR 36/06 A2983 RMK AO2 SLP049 T03560056 58025
MAF,2023-06-13 21:53,KMAF 132153Z 26014G23KT 10SM CLR 37/02 A2981 RMK AO2 SLP042 T03670017
MAF,2023-06-13 22:53,KMAF 132253Z 24015G26KT 10SM CLR 36/M02 A2979 RMK AO2 PK WND 22026/2248 SLP036 T03611017
MAF,2023-06-13 23:53,KMAF 132353Z 23016G27KT 10SM CLR 36/M03 A2978 RMK AO2 PK WND 24027/2352 SLP030 T03611033 10367 20289 56018
MAF,2023-06-14 00:53,KMAF 140053Z 25013KT 10SM CLR 36/M06 A2977 RMK AO2 SLP029 T03561056
MAF,2023-06-14 01:53,KMAF 140153Z 23009KT 10SM CLR 33/M05 A2978 RMK AO2 SLP033 T03331050
MAF,2023-06-14 02:53,KMAF 140253Z 23007KT 10SM CLR 30/M04 A2979 RMK AO2 SLP040 T03001044 53006
MAF,2023-06-14 03:53,KMAF 140353Z 25005KT 10SM CLR 27/M05 A2981 RMK AO2 SLP047 T02721050
MAF,2023-06-14 04:53,KMAF 140453Z AUTO 27008KT 10SM CLR 25/M03 A2982 RMK AO2 SLP050 T02501033
MAF,2023-06-14 05:53,KMAF 140553Z AUTO 28007KT 10SM CLR 25/M05 A2981 RMK AO2 SLP045 T02501050 10361 20239 403670206 50005
MAF,2023-06-14 06:53,KMAF 140653Z AUTO 29007KT 10SM CLR 24/M05 A2981 RMK AO2 SLP043 T02441050
MAF,2023-06-14 07:53,KMAF 140753Z AUTO 15005KT 10SM CLR 24/M04 A2981 RMK AO2 SLP041 T02441039
MAF,2023-06-14 08:53,KMAF 140853Z AUTO 22007KT 10SM CLR 24/04 A2981 RMK AO2 SLP040 T02440039 55001
MAF,2023-06-14 09:53,KMAF 140953Z AUTO 24008KT 10SM CLR 22/10 A2980 RMK AO2 SLP039 T02170100
MAF,2023-06-14 10:53,KMAF 141053Z 31007KT 9SM CLR 21/13 A2982 RMK AO2 SLP045 T02110133
MAF,2023-06-14 11:53,KMAF 141153Z 30005KT 10SM CLR 19/04 A2983 RMK AO2 SLP051 T01890044 10250 20189 53008
MAF,2023-06-14 12:53,KMAF 141253Z 24005KT 10SM CLR 23/01 A2984 RMK AO2 SLP050 T02280006
MAF,2023-06-14 13:53,KMAF 141353Z 33010KT 10SM CLR 24/01 A2986 RMK AO2 SLP060 T02390011
MAF,2023-06-14 14:53,KMAF 141453Z 36011KT 10SM CLR 23/16 A2988 RMK AO2 SLP069 T02330156 53015
MAF,2023-06-14 15:53,KMAF 141553Z 33007G14KT 10SM CLR 28/14 A2987 RMK AO2 SLP065 T02780139
MAF,2023-06-14 16:53,KMAF 141653Z 34010G16KT 10SM CLR 31/12 A2987 RMK AO2 SLP065 T03060122
MAF,2023-06-14 17:53,KMAF 141753Z 36009G18KT 10SM CLR 32/11 A2987 RMK AO2 SLP061 T03220111 10322 20189 58004
MAF,2023-06-14 18:53,KMAF 141853Z 35003KT 10SM CLR 32/09 A2985 RMK AO2 SLP057 T03220094
MAF,2023-06-14 19:53,KMAF 141953Z VRB04KT 10SM CLR 33/11 A2984 RMK AO2 SLP051 T03280111
MAF,2023-06-14 20:53,KMAF 142053Z 31005KT 10SM CLR 35/06 A2982 RMK AO2 SLP044 T03500056 58014
MAF,2023-06-14 21:53,KMAF 142153Z VRB04KT 10SM CLR 35/04 A2980 RMK AO2 SLP039 T03500044
MAF,2023-06-14 22:53,KMAF 142253Z 18010KT 10SM CLR 35/04 A2979 RMK AO2 SLP034 T03500044
MAF,2023-06-14 23:53,KMAF 142353Z 00000KT 10SM CLR 35/03 A2977 RMK AO2 SLP030 T03500033 10361 20317 56016
MAF,2023-06-15 00:53,KMAF 150053Z 21008KT 10SM CLR 34/00 A2977 RMK AO2 SLP029 T03440000
MAF,2023-06-15 01:53,KMAF 150153Z 16007KT 10SM CLR 33/M01 A2978 RMK AO2 SLP031 T03281006
MAF,2023-06-15 02:53,KMAF 150253Z 16006KT 10SM CLR 30/01 A2979 RMK AO2 SLP037 T03000006 53005
MAF,2023-06-15 03:53,KMAF 150353Z 15006KT 10SM CLR 28/00 A2980 RMK AO2 SLP040 T02780000
MAF,2023-06-15 04:53,KMAF 150453Z 16007KT 10SM CLR 26/M01 A2981 RMK AO2 SLP043 T02611006
MAF,2023-06-15 05:53,KMAF 150553Z AUTO 16009KT 10SM CLR 24/07 A2981 RMK AO2 SLP043 T02440067 10350 20244 403610189 51008
MAF,2023-06-15 06:53,KMAF 150653Z AUTO 16008KT 10SM CLR 24/08 A2980 RMK AO2 SLP040 T02390083
MAF,2023-06-15 07:53,KMAF 150753Z AUTO 16006KT 10SM CLR 23/08 A2980 RMK AO2 SLP039 T02280078
MAF,2023-06-15 08:53,KMAF 150853Z AUTO 12005KT 10SM CLR 21/07 A2979 RMK AO2 SLP035 T02110067 57007
MAF,2023-06-15 09:53,KMAF 150953Z AUTO 12005KT 10SM CLR 22/08 A2978 RMK AO2 SLP032 T02170078
MAF,2023-06-15 10:53,KMAF 151053Z 14004KT 10SM CLR 21/08 A2979 RMK AO2 SLP035 T02060078
MAF,2023-06-15 11:53,KMAF 151153Z 14004KT 10SM CLR 21/08 A2978 RMK AO2 SLP034 T02060083 10250 20200 56002
MAF,2023-06-15 12:53,KMAF 151253Z 22003KT 8SM CLR 23/09 A2981 RMK AO2 SLP041 T02280089
MAF,2023-06-15 13:53,KMAF 151353Z 23008KT 8SM CLR 26/12 A2983 RMK AO2 SLP046 T02560117
MAF,2023-06-15 14:53,KMAF 151453Z 26013KT 10SM CLR 32/02 A2984 RMK AO2 SLP047 T03170017 51017
MAF,2023-06-15 15:53,KMAF 151553Z 29017G21KT 10SM CLR 36/M04 A2983 RMK AO2 SLP046 T03561044
MAF,2023-06-15 16:53,KMAF 151653Z 30017G23KT 10SM CLR 37/M04 A2984 RMK AO2 SLP046 T03671039
MAF,2023-06-15 17:53,KMAF 151753Z 32012G22KT 10SM CLR 37/M03 A2984 RMK AO2 SLP050 T03671033 10372 20206 53001
MAF,2023-06-15 18:53,KMAF 151853Z 29007G22KT 10SM CLR 37/M04 A2984 RMK AO2 SLP048 T03671044
MAF,2023-06-15 19:53,KMAF 151953Z 28019G24KT 10SM CLR 38/M08 A2982 RMK AO2 PK WND 27026/1920 SLP043 T03831078
MAF,2023-06-15 20:53,KMAF 152053Z 26016G26KT 10SM CLR 39/M07 A2980 RMK AO2 PK WND 26028/2032 SLP038 T03891072 58012
MAF,2023-06-15 21:53,KMAF 152153Z 25013G28KT 10SM CLR 39/M08 A2977 RMK AO2 PK WND 26028/2149 SLP026 T03891078
MAF,2023-06-15 22:53,KMAF 152253Z 24016G23KT 10SM CLR 39/M08 A2975 RMK AO2 PK WND 27033/2236 SLP021 T03891078
MAF,2023-06-15 23:53,KMAF 152353Z 24016G24KT 10SM CLR 38/M06 A2974 RMK AO2 PK WND 24037/2302 SLP018 T03831061 10394 20367 56018
MAF,2023-06-16 00:53,KMAF 160053Z 25019G30KT 10SM CLR 37/M06 A2976 RMK AO2 PK WND 25034/2358 SLP022 T03721061
MAF,2023-06-16 01:53,KMAF 160153Z 26017G24KT 10SM CLR 36/M06 A2977 RMK AO2 PK WND 25029/0115 SLP027 T03561056
MAF,2023-06-16 02:53,KMAF 160253Z 26012KT 10SM CLR 33/M05 A2980 RMK AO2 SLP034 T03331050 53019
MAF,2023-06-16 03:53,KMAF 160353Z 27011KT 10SM CLR 32/M04 A2983 RMK AO2 SLP043 T03171044
MAF,2023-06-16 04:53,KMAF 160453Z AUTO 26007KT 10SM CLR 29/M04 A2985 RMK AO2 SLP049 T02891039
MAF,2023-06-16 05:53,KMAF 160553Z AUTO 27005KT 10SM CLR 28/M03 A2985 RMK AO2 SLP050 T02831033 10383 20272 403940200 51014
MAF,2023-06-16 06:53,KMAF 160653Z AUTO 29004KT 10SM CLR 26/M03 A2985 RMK AO2 SLP050 T02561033
MAF,2023-06-16 07:53,KMAF 160753Z AUTO 25006KT 10SM CLR 25/M03 A2985 RMK AO2 SLP050 T02501028
MAF,2023-06-16 08:53,KMAF 160853Z AUTO 22009KT 10SM CLR 26/M02 A2985 RMK AO2 SLP050 T02611022 55000
MAF,2023-06-16 09:53,KMAF 160953Z AUTO 22007KT 10SM CLR 26/M01 A2986 RMK AO2 SLP054 T02561011
MAF,2023-06-16 10:53,KMAF 161053Z AUTO 23006KT 10SM CLR 25/02 A2987 RMK AO2 SLP056 T02500017
MAF,2023-06-16 11:53,KMAF 161153Z AUTO 24003KT 10SM CLR 21/02 A2988 RMK AO2 SLP064 T02110022 10283 20211 51009
MAF,2023-06-16 12:53,KMAF 161253Z 33005KT 10SM CLR 24/M01 A2992 RMK AO2 SLP076 T02391006
MAF,2023-06-16 13:53,KMAF 161353Z 33009KT 10SM CLR 28/M01 A2993 RMK AO2 SLP077 T02781011
MAF,2023-06-16 14:53,KMAF 161453Z 34014KT 10SM CLR 31/M01 A2994 RMK AO2 SLP082 T03111011 51020
MAF,2023-06-16 15:53,KMAF 161553Z 35010KT 10SM CLR 31/05 A2996 RMK AO2 SLP089 T03110050
MAF,2023-06-16 16:53,KMAF 161653Z 35006KT 10SM CLR 33/06 A2997 RMK AO2 SLP093 T03330056
MAF,2023-06-16 17:53,KMAF 161753Z 02008G14KT 10SM CLR 36/06 A2997 RMK AO2 SLP093 T03560056 10356 20211 51010
MAF,2023-06-16 18:53,KMAF 161853Z 31009KT 10SM CLR 36/04 A2996 RMK AO2 SLP091 T03560044
MAF,2023-06-16 19:53,KMAF 161953Z 30006KT 10SM CLR 36/03 A2996 RMK AO2 SLP090 T03610033
MAF,2023-06-16 20:53,KMAF 162053Z 36006KT 10SM CLR 37/03 A2993 RMK AO2 SLP077 T03720028 58015
MAF,2023-06-16 21:53,KMAF 162153Z VRB05KT 10SM CLR 39/02 A2991 RMK AO2 SLP069 T03890022
MAF,2023-06-16 22:53,KMAF 162253Z 08006KT 10SM CLR 37/03 A2989 RMK AO2 SLP066 T03720028
MAF,2023-06-16 23:53,KMAF 162353Z 07008KT 10SM CLR 37/03 A2988 RMK AO2 SLP064 T03720028 10394 20344 56015
MAF,2023-06-17 00:53,KMAF 170053Z COR 12006KT 10SM CLR 37/01 A2988 RMK AO2 SLP062 T03720006 $
MAF,2023-06-17 01:53,KMAF 170153Z 12015KT 10SM CLR 35/04 A2989 RMK AO2 SLP065 T03500044 $
MAF,2023-06-17 02:53,KMAF 170253Z 10010KT 10SM CLR 32/08 A2991 RMK AO2 SLP072 T03220078 53010 $
MAF,2023-06-17 03:53,KMAF 170353Z 09008KT 10SM CLR 30/11 A2994 RMK AO2 SLP084 T03000106 $
MAF,2023-06-17 04:53,KMAF 170453Z AUTO 10005KT 10SM CLR 28/13 A2996 RMK AO2 SLP092 T02780128 $
MAF,2023-06-17 05:53,KMAF 170553Z AUTO 04016G20KT 10SM CLR 27/14 A2999 RMK AO2 SLP100 T02670139 10378 20267 403940211 51026 $
MAF,2023-06-17 06:53,KMAF 170653Z AUTO 10011KT 10SM CLR 26/17 A2997 RMK AO2 SLP091 T02610167 $
MAF,2023-06-17 07:53,KMAF 170753Z AUTO 11008KT 10SM CLR 25/17 A2994 RMK AO2 SLP085 T02500167 $
MAF,2023-06-17 08:53,KMAF 170853Z AUTO 12007KT 10SM CLR 24/17 A2993 RMK AO2 SLP081 T02390172 56019 $
MAF,2023-06-17 09:53,KMAF 170953Z AUTO 14003KT 10SM CLR 23/18 A2993 RMK AO2 SLP078 T02330178 $
MAF,2023-06-17 10:53,KMAF 171053Z 19007KT 10SM CLR 24/17 A2994 RMK AO2 SLP084 T02390167 $
MAF,2023-06-17 11:53,KMAF 171153Z 20004KT 9SM CLR 25/15 A2995 RMK AO2 SLP086 T02500150 10272 20228 53007 $
MAF,2023-06-17 12:53,KMAF 171253Z 20007KT 8SM CLR 26/16 A2996 RMK AO2 SLP090 T02560161 $
MAF,2023-06-17 13:53,KMAF 171353Z 19009KT 9SM CLR 28/16 A2996 RMK AO2 SLP089 T02780161 $
MAF,2023-06-17 14:53,KMAF 171453Z 22013KT 9SM CLR 31/15 A2996 RMK AO2 SLP091 T03060150 51004 $
MAF,2023-06-17 15:53,KMAF 171553Z 22012KT 10SM CLR 32/12 A2996 RMK AO2 SLP091 T03170122 $
MAF,2023-06-17 16:53,KMAF 171653Z 21005KT 10SM CLR 34/09 A2994 RMK AO2 SLP083 T03390089 $
MAF,2023-06-17 17:53,KMAF 171753Z 20010G16KT 10SM CLR 37/07 A2992 RMK AO2 SLP074 T03670072 10367 20244 58015
MAF,2023-06-17 18:53,KMAF 171853Z 22013G22KT 10SM CLR 38/05 A2989 RMK AO2 SLP064 T03830050
MAF,2023-06-17 19:53,KMAF 171953Z 23014G24KT 10SM CLR 40/03 A2987 RMK AO2 PK WND 24026/1915 SLP056 T04000033
MAF,2023-06-17 20:53,KMAF 172053Z 21020G27KT 170V240 10SM CLR 39/04 A2984 RMK AO2 PK WND 22029/2021 SLP048 T03940039 56024
MAF,2023-06-17 21:53,KMAF 172153Z 23014KT 10SM CLR 39/03 A2982 RMK AO2 PK WND 24028/2058 SLP041 T03890028
MAF,2023-06-17 22:53,KMAF 172253Z 25018G26KT 10SM CLR 39/01 A2980 RMK AO2 PK WND 24030/2211 SLP033 T03940006
MAF,2023-06-17 23:53,KMAF 172353Z 23014G21KT 10SM CLR 38/01 A2978 RMK AO2 SLP029 T03830011 10411 20367 56018
MAF,2023-06-18 00:53,KMAF 180053Z 26008KT 10SM CLR 38/01 A2979 RMK AO2 PK WND 24026/0020 SLP030 T03830011
MAF,2023-06-18 01:53,KMAF 180153Z 30012KT 10SM CLR 36/M01 A2981 RMK AO2 SLP036 T03611011
MAF,2023-06-18 02:53,KMAF 180253Z 28008KT 10SM CLR 33/M02 A2983 RMK AO2 SLP043 T03331017 53014
MAF,2023-06-18 03:53,KMAF 180353Z 18006KT 10SM CLR 32/07 A2985 RMK AO2 SLP051 T03220072
MAF,2023-06-18 04:53,KMAF 180453Z AUTO 18008G15KT 10SM CLR 32/06 A2986 RMK AO2 SLP054 T03220056
MAF,2023-06-18 05:53,KMAF 180553Z AUTO 20011G20KT 10SM CLR 30/17 A2987 RMK AO2 SLP055 T03000172 10389 20300 404110228 51012
MAF,2023-06-18 06:53,KMAF 180653Z AUTO 20010KT 9SM CLR 29/20 A2986 RMK AO2 SLP053 T02890200
MAF,2023-06-18 07:53,KMAF 180753Z AUTO 23008KT 7SM CLR 28/22 A2986 RMK AO2 SLP052 T02830217
MAF,2023-06-18 08:53,KMAF 180853Z AUTO 25004KT 7SM CLR 27/21 A2987 RMK AO2 SLP055 T02670211 53000
MAF,2023-06-18 09:53,KMAF 180953Z AUTO 35009KT 10SM CLR 23/04 A2988 RMK AO2 WSHFT 0920 SLP062 T02330039
MAF,2023-06-18 10:53,KMAF 181053Z 34010KT 10SM CLR 21/09 A2989 RMK AO2 SLP066 T02110094
MAF,2023-06-18 11:53,KMAF 181153Z 01008KT 10SM CLR 21/14 A2992 RMK AO2 SLP077 T02110144 10300 20211 53016
MAF,2023-06-18 12:53,KMAF 181253Z 02012KT 10SM CLR 22/15 A2994 RMK AO2 SLP084 T02220150
MAF,2023-06-18 13:53,KMAF 181353Z 05013KT 10SM CLR 24/15 A2994 RMK AO2 SLP084 T02440150
MAF,2023-06-18 14:53,KMAF 181453Z 05012KT 10SM CLR 27/14 A2995 RMK AO2 SLP087 T02720144 51010
MAF,2023-06-18 15:53,KMAF 181553Z 03011KT 10SM CLR 29/13 A2995 RMK AO2 SLP086 T02890133
MAF,2023-06-18 16:53,KMAF 181653Z 06007KT 10SM CLR 31/11 A2994 RMK AO2 SLP080 T03110106
MAF,2023-06-18 17:53,KMAF 181753Z 06005KT 10SM CLR 33/08 A2992 RMK AO2 SLP076 T03330083 10333 20211 58008
MAF,2023-06-18 18:53,KMAF 181853Z 35003KT 10SM CLR 35/07 A2990 RMK AO2 SLP069 T03500072
MAF,2023-06-18 19:53,KMAF 181953Z 23006KT 10SM CLR 36/06 A2988 RMK AO2 SLP061 T03610061
MAF,2023-06-18 20:53,KMAF 182053Z VRB06KT 10SM CLR 37/04 A2985 RMK AO2 SLP052 T03670039 58022
MAF,2023-06-18 21:53,KMAF 182153Z 19007KT 150V240 10SM CLR 37/03 A2983 RMK AO2 SLP047 T03720033
MAF,2023-06-18 22:53,KMAF 182253Z 27012G21KT 10SM CLR 39/01 A2981 RMK AO2 SLP040 T03890011
MAF,2023-06-18 23:53,KMAF 182353Z 21005KT 10SM CLR 38/01 A2979 RMK AO2 SLP035 T03830011 10394 20328 56018
MAF,2023-06-19 00:53,KMAF 190053Z 23010KT 10SM CLR 38/00 A2979 RMK AO2 SLP034 T03780000
MAF,2023-06-19 01:53,KMAF 190153Z 20006KT 10SM CLR 36/01 A2980 RMK AO2 SLP035 T03610006
MAF,2023-06-19 02:53,KMAF 190253Z 19006KT 10SM CLR 33/02 A2981 RMK AO2 SLP039 T03330017 53005
MAF,2023-06-19 03:53,KMAF 190353Z 21005KT 10SM CLR 31/02 A2983 RMK AO2 SLP047 T03110017
MAF,2023-06-19 04:53,KMAF 190453Z 15009KT 10SM CLR 29/02 A2985 RMK AO2 SLP053 T02940022
MAF,2023-06-19 05:53,KMAF 190553Z AUTO 14008KT 10SM CLR 28/12 A2986 RMK AO2 SLP054 T02830122 10383 20283 403940211 51015
MAF,2023-06-19 06:53,KMAF 190653Z AUTO 18008KT 10SM CLR 28/15 A2985 RMK AO2 SLP050 T02780150
MAF,2023-06-19 07:53,KMAF 190753Z AUTO 36005KT 10SM CLR 24/14 A2985 RMK AO2 SLP054 T02390139
MAF,2023-06-19 08:53,KMAF 190853Z AUTO 08008KT 10SM CLR 25/16 A2985 RMK AO2 SLP050 T02500161 56004
MAF,2023-06-19 09:53,KMAF 190953Z AUTO 00000KT 10SM CLR 24/16 A2985 RMK AO2 SLP051 T02440161
MAF,2023-06-19 10:53,KMAF 191053Z 14003KT 10SM CLR 23/16 A2985 RMK AO2 SLP052 T02330156
MAF,2023-06-19 11:53,KMAF 191153Z 08003KT 8SM CLR 22/15 A2986 RMK AO2 SLP056 T02220150 10283 20211 53004
MAF,2023-06-19 12:53,KMAF 191253Z 30004KT 7SM CLR 24/14 A2988 RMK AO2 SLP062 T02440144
MAF,2023-06-19 13:53,KMAF 191353Z 33003KT 7SM CLR 29/12 A2990 RMK AO2 SLP067 T02890122
MAF,2023-06-19 14:53,KMAF 191453Z 32005KT 9SM CLR 33/09 A2990 RMK AO2 SLP067 T03330094 51013
MAF,2023-06-19 15:53,KMAF 191553Z 34009KT 10SM CLR 37/04 A2991 RMK AO2 SLP067 T03670039
MAF,2023-06-19 16:53,KMAF 191653Z 33010KT 10SM CLR 39/01 A2991 RMK AO2 SLP069 T03940011 $
MAF,2023-06-19 17:53,KMAF 191753Z 33010G16KT 10SM CLR 40/01 A2990 RMK AO2 SLP066 T04000011 10400 20222 58001 $
MAF,2023-06-19 18:53,KMAF 191853Z VRB05G16KT 10SM CLR 41/01 A2988 RMK AO2 SLP060 T04060011 $
MAF,2023-06-19 19:53,KMAF 191953Z VRB05KT 10SM CLR 42/02 A2987 RMK AO2 SLP057 T04170017 $
MAF,2023-06-19 20:53,KMAF 192053Z 24014G19KT 10SM CLR 42/02 A2985 RMK AO2 SLP050 T04220017 57015 $
MAF,2023-06-19 21:53,KMAF 192153Z 23012G24KT 10SM CLR 42/02 A2984 RMK AO2 PK WND 26026/2056 SLP045 T04170017 $
MAF,2023-06-19 22:53,KMAF 192253Z 21010G18KT 10SM CLR 41/02 A2982 RMK AO2 SLP040 T04110022 $
MAF,2023-06-19 23:53,KMAF 192353Z 26010KT 10SM CLR 41/02 A2981 RMK AO2 WSHFT 2328 SLP036 T04110022 10422 20389 56010 $
MAF,2023-06-20 00:53,KMAF 200053Z 24010KT 10SM CLR 40/02 A2981 RMK AO2 SLP037 T04000022 $
MAF,2023-06-20 01:53,KMAF 200153Z 25010KT 10SM CLR 38/02 A2983 RMK AO2 SLP041 T03830022 $
MAF,2023-06-20 02:53,KMAF 200253Z 26006KT 10SM CLR 34/02 A2985 RMK AO2 SLP047 T03440022 53013 $
MAF,2023-06-20 03:53,KMAF 200353Z 24005KT 10SM CLR 33/03 A2987 RMK AO2 SLP054 T03280028 $
MAF,2023-06-20 04:53,KMAF 200453Z 21006KT 10SM CLR 32/04 A2988 RMK AO2 SLP057 T03170039 $
MAF,2023-06-20 05:53,KMAF 200553Z AUTO 24007KT 10SM CLR 30/03 A2988 RMK AO2 SLP058 T03000033 10411 20300 404220211 51012 $
MAF,2023-06-20 06:53,KMAF 200653Z AUTO 22011KT 10SM CLR 32/14 A2988 RMK AO2 SLP057 T03220139 $
MAF,2023-06-20 07:53,KMAF 200753Z AUTO 18005KT 10SM CLR 29/12 A2988 RMK AO2 SLP057 T02890122 $
MAF,2023-06-20 08:53,KMAF 200853Z AUTO 20004KT 10SM CLR 28/11 A2988 RMK AO2 SLP057 T02780111 58002 $
MAF,2023-06-20 09:53,KMAF 200953Z AUTO 23005KT 10SM CLR 26/12 A2988 RMK AO2 SLP058 T02560117 $
MAF,2023-06-20 10:53,KMAF 201053Z 25005KT 10SM CLR 26/13 A2989 RMK AO2 SLP063 T02560128 $
MAF,2023-06-20 11:53,KMAF 201153Z 21006KT 9SM CLR 27/14 A2991 RMK AO2 SLP069 T02720139 10333 20250 53011 $
MAF,2023-06-20 12:53,KMAF 201253Z 25004KT 8SM CLR 27/14 A2992 RMK AO2 SLP074 T02720144 $
MAF,2023-06-20 13:53,KMAF 201353Z 00000KT 9SM CLR 29/15 A2993 RMK AO2 SLP075 T02940150 $
MAF,2023-06-20 14:53,KMAF 201453Z 26008KT 10SM CLR 34/12 A2995 RMK AO2 SLP082 T03390122 53012
MAF,2023-06-20 15:53,KMAF 201553Z 02009KT 10SM CLR 36/05 A2994 RMK AO2 SLP078 T03610050
MAF,2023-06-20 16:53,KMAF 201653Z 01009KT 10SM CLR 39/03 A2994 RMK AO2 SLP077 T03890033
MAF,2023-06-20 17:53,KMAF 201753Z 35014KT 10SM CLR 41/04 A2993 RMK AO2 SLP075 T04060039 10406 20267 56006
MAF,2023-06-20 18:53,KMAF 201853Z COR 300/11 10SM CLR 41/04 A2992 RMK AO2 SLP070 T04060039
MAF,2023-06-20 19:53,KMAF 201953Z COR 21006KT 10SM CLR 41/03 A2989 RMK AO2 SLP062 T04060033
MAF,2023-06-20 20:53,KMAF 202053Z 22008KT 10SM CLR 41/03 A2988 RMK AO2 SLP057 T04110033 58017
MAF,2023-06-20 21:53,KMAF 202153Z VRB03KT 10SM CLR 41/03 A2986 RMK AO2 SLP052 T04110033
MAF,2023-06-20 22:53,KMAF 202253Z 19003KT 10SM CLR 41/03 A2984 RMK AO2 SLP047 T04110033
MAF,2023-06-20 23:53,KMAF 202353Z 21007KT 10SM CLR 42/03 A2983 RMK AO2 SLP040 T04170033 10428 20394 57016
MAF,2023-06-21 00:53,KMAF 210053Z 30003KT 10SM CLR 41/03 A2983 RMK AO2 SLP040 T04110033
MAF,2023-06-21 01:53,KMAF 210153Z 08004KT 10SM CLR 39/04 A2984 RMK AO2 SLP046 T03940044
MAF,2023-06-21 02:53,KMAF 210253Z 12006KT 10SM CLR 37/04 A2986 RMK AO2 SLP051 T03670044 53011
MAF,2023-06-21 03:53,KMAF 210353Z 11003KT 10SM CLR 35/05 A2987 RMK AO2 SLP056 T03500050
MAF,2023-06-21 04:53,KMAF 210453Z AUTO 16010KT 10SM CLR 35/05 A2988 RMK AO2 SLP055 T03500050
MAF,2023-06-21 05:53,KMAF 210553Z AUTO 15009KT 10SM CLR 32/07 A2988 RMK AO2 SLP056 T03170067 10417 20317 404280250 50005
MAF,2023-06-21 06:53,KMAF 210653Z AUTO 21009KT 10SM CLR 32/10 A2987 RMK AO2 SLP054 T03220100 $
MAF,2023-06-21 07:53,KMAF 210753Z AUTO 21017G23KT 10SM CLR 33/13 A2987 RMK AO2 PK WND 22026/0732 SLP052 T03280133 $
MAF,2023-06-21 08:53,KMAF 210853Z AUTO 21012KT 10SM CLR 31/14 A2987 RMK AO2 SLP054 T03110139 55001 $
MAF,2023-06-21 09:53,KMAF 210953Z AUTO 22010KT 10SM CLR 31/12 A2987 RMK AO2 SLP053 T03060122 $
MAF,2023-06-21 10:53,KMAF 211053Z 23009KT 10SM CLR 29/12 A2987 RMK AO2 SLP055 T02890122 $
MAF,2023-06-21 11:53,KMAF 211153Z 23007KT 10SM CLR 28/12 A2988 RMK AO2 SLP057 T02780117 10333 20272 53001 $
MAF,2023-06-21 12:53,KMAF 211253Z 25006KT 10SM CLR 29/10 A2989 RMK AO2 SLP062 T02890100 $
MAF,2023-06-21 13:53,KMAF 211353Z 29010KT 9SM CLR 33/06 A2990 RMK AO2 SLP063 T03280061
MAF,2023-06-21 14:53,KMAF 211453Z 28012KT 10SM CLR 38/05 A2990 RMK AO2 SLP063 T03780050 51007
MAF,2023-06-21 15:53,KMAF 211553Z 31010G18KT 10SM CLR 39/05 A2989 RMK AO2 SLP059 T03940050
MAF,2023-06-21 16:53,KMAF 211653Z 31010G20KT 10SM CLR 41/05 A2989 RMK AO2 SLP059 T04060050
MAF,2023-06-21 17:53,KMAF 211753Z 32012G17KT 10SM CLR 40/05 A2988 RMK AO2 SLP057 T04000050 10417 20261 58006
MAF,2023-06-21 18:53,KMAF 211853Z 30009KT 240V310 10SM CLR 42/05 A2987 RMK AO2 SLP051 T04170050
MAF,2023-06-21 19:53,KMAF 211953Z 25008KT 210V280 10SM CLR 42/05 A2985 RMK AO2 SLP046 T04170050
MAF,2023-06-21 20:53,KMAF 212053Z 17007KT 120V180 10SM CLR 41/05 A2983 RMK AO2 SLP041 T04110050 58014
MAF,2023-06-21 21:53,KMAF 212153Z 29007G17KT 10SM CLR 42/05 A2982 RMK AO2 SLP035 T04170050
MAF,2023-06-21 22:53,KMAF 212253Z 17006KT 10SM CLR 41/04 A2980 RMK AO2 LTG DSNT SW SLP029 T04060044
MAF,2023-06-21 23:53,KMAF 212353Z 04007KT 10SM CLR 40/05 A2978 RMK AO2 LTG DSNT E AND SW SLP025 T04000050 10439 20400 57017
MAF,2023-06-22 00:53,KMAF 220053Z 05014G23KT 10SM TS FEW120 39/06 A2979 RMK AO2 LTG DSNT E AND W TSB41 SLP028 T03890056
MAF,2023-06-22 01:53,KMAF 220153Z 13003KT 10SM TS FEW038 38/06 A2979 RMK AO2 TSE01B02 SLP026 T03780056
MAF,2023-06-22 02:53,KMAF 220253Z 00000KT 10SM TS CLR 36/06 A2978 RMK AO2 SLP020 T03610061 58001
MAF,2023-06-22 03:53,KMAF 220353Z 21004KT 10SM CLR 32/07 A2980 RMK AO2 TSE0255 SLP029 T03220067
MAF,2023-06-22 04:53,KMAF 220453Z 16004KT 9SM CLR 31/07 A2981 RMK AO2 SLP032 T03110067
MAF,2023-06-22 05:53,KMAF 220553Z AUTO 13008G18KT 9SM CLR 31/11 A2985 RMK AO2 SLP048 T03110106 10400 20283 404390261 53024
MAF,2023-06-22 06:53,KMAF 220653Z AUTO 09023G36KT 4SM HZ SCT011 27/16 A2990 RMK AO2 PK WND 09036/0651 SLP064 T02670156
MAF,2023-06-22 07:53,KMAF 220753Z AUTO 12016G23KT 5SM HZ BKN017 26/15 A2988 RMK AO2 PK WND 09030/0655 SLP060 T02560150
MAF,2023-06-22 08:53,KMAF 220853Z AUTO 14009KT 7SM CLR 26/14 A2988 RMK AO2 SLP059 T02560144 50008
MAF,2023-06-22 09:53,KMAF 220953Z AUTO 15014KT 10SM CLR 26/14 A2989 RMK AO2 SLP061 T02610144
MAF,2023-06-22 10:53,KMAF 221053Z 16015KT 10SM CLR 26/14 A2989 RMK AO2 SLP061 T02560144
MAF,2023-06-22 11:53,KMAF 221153Z 18015G24KT 10SM CLR 26/15 A2990 RMK AO2 SLP066 T02560150 10311 20250 53006
MAF,2023-06-22 12:53,KMAF 221253Z 17014KT 9SM CLR 26/18 A2991 RMK AO2 SLP072 T02560178
MAF,2023-06-22 13:53,KMAF 221353Z 19018KT 9SM CLR 27/18 A2992 RMK AO2 SLP076 T02720178
MAF,2023-06-22 14:53,KMAF 221453Z 20018G27KT 9SM CLR 30/19 A2993 RMK AO2 PK WND 20027/1450 SLP077 T03000194 51010
MAF,2023-06-22 15:53,KMAF 221553Z 21016KT 8SM CLR 33/19 A2993 RMK AO2 SLP077 T03280189
MAF,2023-06-22 16:53,KMAF 221653Z 23013KT 10SM CLR 34/17 A2993 RMK AO2 SLP076 T03440172
MAF,2023-06-22 17:53,KMAF 221753Z 24012G21KT 10SM CLR 38/12 A2991 RMK AO2 SLP067 T03780117 10378 20256 58008
MAF,2023-06-22 18:53,KMAF 221853Z 24012G18KT 10SM CLR 38/09 A2989 RMK AO2 SLP066 T03830094
MAF,2023-06-22 19:53,KMAF 221953Z AUTO 21006G18KT 10SM CLR 39/08 A2988 RMK AO2 SLP060 T03890078
MAF,2023-06-22 20:53,KMAF 222053Z VRB05G16KT 10SM CLR 40/06 A2986 RMK AO2 SLP053 T04000056 58015
MAF,2023-06-22 21:53,KMAF 222153Z 26007KT 220V290 10SM CLR 41/04 A2984 RMK AO2 SLP045 T04110044
MAF,2023-06-22 22:53,KMAF 222253Z 28005KT 10SM CLR 41/05 A2982 RMK AO2 SLP038 T04060050
MAF,2023-06-22 23:53,KMAF 222353Z 11005KT 10SM CLR 40/04 A2980 RMK AO2 SLP034 T04000044 10411 20372 56018
MAF,2023-06-23 00:53,KMAF 230053Z 18008KT 10SM CLR 40/04 A2980 RMK AO2 SLP035 T04000044
MAF,2023-06-23 01:53,KMAF 230153Z 05016G26KT 7SM CLR 33/21 A2983 RMK AO2 PK WND 05031/0119 WSHFT 0058 SLP047 T03280206
MAF,2023-06-23 02:53,KMAF 230253Z 08015KT 9SM CLR 32/19 A2985 RMK AO2 PK WND 05027/0220 SLP052 T03220194 53016
MAF,2023-06-23 03:53,KMAF 230353Z 11017G27KT 10SM CLR 32/18 A2989 RMK AO2 PK WND 08028/0259 SLP063 T03220178
MAF,2023-06-23 04:53,KMAF 230453Z 10016G25KT 10SM CLR 31/19 A2990 RMK AO2 PK WND 09028/0406 SLP069 T03060189
MAF,2023-06-23 05:53,KMAF 230553Z AUTO 12014KT 10SM CLR 29/19 A2992 RMK AO2 SLP073 T02890189 10406 20289 404110250 51021
MAF,2023-06-23 06:53,KMAF 230653Z AUTO 13012KT 10SM CLR 28/19 A2991 RMK AO2 SLP070 T02830189
MAF,2023-06-23 07:53,KMAF 230753Z AUTO 14008KT 10SM CLR 28/18 A2991 RMK AO2 SLP068 T02780183
MAF,2023-06-23 08:53,KMAF 230853Z AUTO 16007KT 10SM CLR 27/18 A2991 RMK AO2 SLP069 T02720178 55003
MAF,2023-06-23 09:53,KMAF 230953Z AUTO 17015KT 10SM CLR 28/19 A2991 RMK AO2 SLP067 T02830189
MAF,2023-06-23 10:53,KMAF 231053Z 17013KT 10SM CLR 28/19 A2990 RMK AO2 SLP066 T02780189
MAF,2023-06-23 11:53,KMAF 231153Z 18012KT 8SM CLR 27/19 A2991 RMK AO2 SLP071 T02670189 10289 20267 53001
MAF,2023-06-23 12:53,KMAF 231253Z 19014KT 9SM CLR 27/20 A2991 RMK AO2 SLP072 T02670200
MAF,2023-06-23 13:53,KMAF 231353Z 20016G22KT 9SM CLR 29/19 A2993 RMK AO2 SLP079 T02890194
MAF,2023-06-23 14:53,KMAF 231453Z 22011KT 9SM CLR 31/19 A2995 RMK AO2 SLP084 T03110189 53010
MAF,2023-06-23 15:53,KMAF 231553Z 23008G17KT 9SM CLR 33/19 A2995 RMK AO2 SLP083 T03330189
MAF,2023-06-23 16:53,KMAF 231653Z 22006KT 10SM CLR 35/17 A2995 RMK AO2 SLP084 T03500172
MAF,2023-06-23 17:53,KMAF 231753Z VRB04KT 10SM CLR 38/14 A2993 RMK AO2 SLP077 T03780139 10378 20267 58005
MAF,2023-06-23 18:53,KMAF 231853Z 31004KT 10SM CLR 40/11 A2991 RMK AO2 SLP069 T04000106
MAF,2023-06-23 19:53,KMAF 231953Z 10006KT 10SM CLR 40/08 A2989 RMK AO2 SLP062 T04000078
MAF,2023-06-23 20:53,KMAF 232053Z COR 20005KT 10SM CLR 41/08 A2987 RMK AO2 SLP057 T04110078 56018
MAF,2023-06-23 21:53,KMAF 232153Z 19004KT 10SM CLR 41/06 A2985 RMK AO2 SLP049 T04060061
MAF,2023-06-23 22:53,KMAF 232253Z 34004KT 10SM SCT120 41/06 A2983 RMK AO2 LTG DSNT SE SLP041 T04060061
MAF,2023-06-23 23:53,KMAF 232353Z 16017G26KT 10SM FEW120 34/13 A2984 RMK AO2 PK WND 16044/2312 SLP048 T03390128 10422 20333 55012
MAF,2023-06-24 00:53,KMAF 240053Z 17019G26KT 10SM CLR 36/09 A2983 RMK AO2 PK WND 19026/0030 SLP045 T03610094
MAF,2023-06-24 01:53,KMAF 240153Z 10019G28KT 6SM HZ CLR 30/15 A2990 RMK AO2 PK WND 11032/0130 WSHFT 0124 LTG DSNT NE SLP073 T03000150
MAF,2023-06-24 02:53,KMAF 240253Z 12019G29KT 10SM FEW060 FEW100 28/14 A2994 RMK AO2 PK WND 11029/0247 LTG DSNT E RAB31E40 TSE00 SLP085 P0000 60000 T02780144 51033
MAF,2023-06-24 03:53,KMAF 240353Z 14021G32KT 10SM CLR 26/15 A2995 RMK AO2 PK WND 13032/0347 SLP088 T02610150
MAF,2023-06-24 04:53,KMAF 240453Z AUTO 14020G31KT 10SM CLR 26/15 A2996 RMK AO2 PK WND 14031/0448 SLP092 T02610150
MAF,2023-06-24 05:53,KMAF 240553Z AUTO 13014KT 10SM CLR 26/14 A2999 RMK AO2 PK WND 14030/0505 SLP098 60000 T02560144 10361 20256 404220256 53015
MAF,2023-06-24 06:53,KMAF 240653Z AUTO 14014KT 10SM CLR 25/15 A2998 RMK AO2 SLP095 T02500150
MAF,2023-06-24 07:53,KMAF 240753Z AUTO 14015KT 10SM CLR 25/14 A2997 RMK AO2 SLP093 T02500144
MAF,2023-06-24 08:53,KMAF 240853Z AUTO 14018G26KT 10SM CLR 25/15 A2997 RMK AO2 PK WND 15026/0849 SLP091 T02500150 56005
MAF,2023-06-24 09:53,KMAF 240953Z AUTO 15019KT 10SM CLR 25/17 A2997 RMK AO2 PK WND 14029/0939 SLP091 T02500172
MAF,2023-06-24 10:53,KMAF 241053Z 16017KT 10SM CLR 25/18 A2998 RMK AO2 PK WND 15027/1010 SLP096 T02500183
MAF,2023-06-24 11:53,KMAF 241153Z 17014KT 10SM CLR 24/19 A2998 RMK AO2 SLP099 T02440189 10256 20244 50002
MAF,2023-06-24 12:53,KMAF 241253Z 18012KT 9SM CLR 25/20 A2998 RMK AO2 SLP097 T02500200
MAF,2023-06-24 13:53,KMAF 241353Z 18017G26KT 10SM CLR 28/21 A2998 RMK AO2 PK WND 18026/1350 SLP099 T02780211
MAF,2023-06-24 14:53,KMAF 241453Z 19015G22KT 10SM CLR 30/19 A2998 RMK AO2 SLP100 T03000189 53001
MAF,2023-06-24 15:53,KMAF 241553Z 21015KT 10SM CLR 32/18 A2998 RMK AO2 SLP100 T03220178
MAF,2023-06-24 16:53,KMAF 241653Z 21012G21KT 10SM CLR 34/18 A2997 RMK AO2 SLP096 T03440178
MAF,2023-06-24 17:53,KMAF 241753Z 23009G19KT 10SM CLR 36/17 A2996 RMK AO2 SLP089 T03610172 10367 20244 58006
MAF,2023-06-24 18:53,KMAF 241853Z 24008G16KT 10SM CLR 39/14 A2994 RMK AO2 SLP082 T03890139
MAF,2023-06-24 19:53,KMAF 241953Z 28010KT 10SM CLR 41/08 A2992 RMK AO2 SLP073 T04110078
MAF,2023-06-24 20:53,KMAF 242053Z 22004G15KT 10SM CLR 42/06 A2990 RMK AO2 SLP066 T04170061 58019
MAF,2023-06-24 21:53,KMAF 242153Z 24007KT 200V260 10SM CLR 42/06 A2988 RMK AO2 SLP059 T04220056
MAF,2023-06-24 22:53,KMAF 242253Z 21007G16KT 10SM CLR 42/04 A2987 RMK AO2 LTG DSNT SW SLP054 T04220044
MAF,2023-06-24 23:53,KMAF 242353Z 21011G15KT 10SM CLR 41/05 A2986 RMK AO2 SLP054 T04110050 10422 20361 56012
MAF,2023-06-25 00:53,KMAF 250053Z 19023G33KT 5SM HZ CLR 37/12 A2988 RMK AO2 PK WND 19033/0052 SLP060 T03670117
MAF,2023-06-25 01:53,KMAF 250153Z 20017G33KT 10SM CLR 34/10 A2990 RMK AO2 PK WND 21037/0055 SLP069 T03440100
MAF,2023-06-25 02:53,KMAF 250253Z 19012G20KT 10SM CLR 33/09 A2992 RMK AO2 PK WND 21027/0200 SLP074 T03330089 53018
MAF,2023-06-25 03:53,KMAF 250353Z 19010KT 10SM CLR 33/08 A2992 RMK AO2 SLP076 T03280083
MAF,2023-06-25 04:53,KMAF 250453Z AUTO 20010KT 10SM CLR 32/08 A2994 RMK AO2 SLP079 T03170083
MAF,2023-06-25 05:53,KMAF 250553Z AUTO 19013KT 10SM CLR 31/11 A2994 RMK AO2 SLP081 T03110106 10411 20306 404220244 51008
MAF,2023-06-25 06:53,KMAF 250653Z AUTO 18016G27KT 10SM CLR 31/16 A2994 RMK AO2 PK WND 17027/0653 SLP077 T03110161
MAF,2023-06-25 07:53,KMAF 250753Z AUTO 19014G23KT 10SM CLR 31/15 A2993 RMK AO2 PK WND 18026/0709 SLP074 T03060150
MAF,2023-06-25 08:53,KMAF 250853Z AUTO 20012KT 10SM CLR 30/14 A2993 RMK AO2 SLP075 T03000144 55003
MAF,2023-06-25 09:53,KMAF 250953Z AUTO 19007KT 10SM CLR 28/14 A2994 RMK AO2 SLP079 T02830144
MAF,2023-06-25 10:53,KMAF 251053Z 20013KT 10SM CLR 28/14 A2995 RMK AO2 SLP082 T02780139
MAF,2023-06-25 11:53,KMAF 251153Z 20011KT 10SM CLR 28/14 A2996 RMK AO2 SLP086 T02780139 10311 20272 53008
MAF,2023-06-25 12:53,KMAF 251253Z 21012KT 10SM CLR 28/14 A2996 RMK AO2 SLP088 T02830139
MAF,2023-06-25 13:53,KMAF 251353Z 19011KT 10SM CLR 30/14 A2998 RMK AO2 SLP093 T03000144
MAF,2023-06-25 14:53,KMAF 251453Z 21012KT 10SM CLR 32/13 A2999 RMK AO2 SLP097 T03220133 53008
MAF,2023-06-25 15:53,KMAF 251553Z 24011KT 10SM CLR 35/12 A2999 RMK AO2 SLP096 T03500117
MAF,2023-06-25 16:53,KMAF 251653Z 24014G18KT 10SM CLR 39/03 A2998 RMK AO2 SLP094 T03940033
MAF,2023-06-25 17:53,KMAF 251753Z COR 28011KT 10SM CLR 42/M03 A2998 RMK AO2 SLP089 T04171033 10417 20278 58003
MAF,2023-06-25 18:53,KMAF 251853Z 32009G19KT 10SM CLR 42/M04 A2996 RMK AO2 SLP083 T04221044
MAF,2023-06-25 19:53,KMAF 251953Z COR 32010KT 10SM CLR 43/M05 A2994 RMK AO2 SLP077 T04281050
MAF,2023-06-25 20:53,KMAF 252053Z 33008G20KT 280V360 10SM CLR 44/M06 A2992 RMK AO2 SLP071 T04391056 56016
MAF,2023-06-25 21:53,KMAF 252153Z VRB03KT 10SM CLR 43/M05 A2991 RMK AO2 SLP067 T04281050
MAF,2023-06-25 22:53,KMAF 252253Z 00000KT 10SM CLR 43/M06 A2989 RMK AO2 SLP061 T04281056
MAF,2023-06-25 23:53,KMAF 252353Z 12006KT 10SM CLR 42/M05 A2988 RMK AO2 SLP058 T04221050 10439 20411 56014
MAF,2023-06-26 00:53,KMAF 260053Z 08006KT 10SM CLR 42/M03 A2989 RMK AO2 SLP060 T04171033
MAF,2023-06-26 01:53,KMAF 260153Z 04016G20KT 10SM CLR 38/03 A2989 RMK AO2 SLP062 T03780028
MAF,2023-06-26 02:53,KMAF 260253Z 07017KT 10SM CLR 36/14 A2992 RMK AO2 SLP071 T03610139 53011
MAF,2023-06-26 03:53,KMAF 260353Z 08014KT 10SM CLR 34/16 A2994 RMK AO2 SLP080 T03390161
MAF,2023-06-26 04:53,KMAF 260453Z 09013KT 10SM CLR 33/17 A2996 RMK AO2 WSHFT 0353 SLP086 T03280167
MAF,2023-06-26 05:53,KMAF 260553Z 11007KT 10SM CLR 31/17 A2996 RMK AO2 SLP085 T03110172 10428 20311 404390272 50015
MAF,2023-06-26 06:53,KMAF 260653Z 14007KT 10SM CLR 31/15 A2996 RMK AO2 SLP082 T03060150
MAF,2023-06-26 07:53,KMAF 260753Z AUTO 20005KT 10SM CLR 31/15 A2995 RMK AO2 SLP080 T03060150
MAF,2023-06-26 08:53,KMAF 260853Z AUTO 17008KT 10SM CLR 30/14 A2995 RMK AO2 SLP080 T03000139 55004
MAF,2023-06-26 09:53,KMAF 260953Z AUTO 18010KT 10SM CLR 29/13 A2994 RMK AO2 SLP077 T02940133
MAF,2023-06-26 10:53,KMAF 261053Z AUTO 18008KT 10SM CLR 28/13 A2994 RMK AO2 SLP078 T02780133
MAF,2023-06-26 11:53,KMAF 261153Z 19008KT 10SM CLR 27/13 A2994 RMK AO2 SLP080 T02720133 10328 20267 55002
MAF,2023-06-26 12:53,KMAF 261253Z 20009KT 9SM CLR 28/13 A2996 RMK AO2 SLP084 T02780133
MAF,2023-06-26 13:53,KMAF 261353Z 21012KT 10SM CLR 31/13 A2997 RMK AO2 SLP089 T03060133
MAF,2023-06-26 14:53,KMAF 261453Z 22011KT 10SM CLR 33/13 A2997 RMK AO2 SLP088 T03330128 51007
MAF,2023-06-26 15:53,KMAF 261553Z 21009KT 10SM CLR 36/12 A2996 RMK AO2 SLP086 T03560122
MAF,2023-06-26 16:53,KMAF 261653Z 24011KT 10SM CLR 38/11 A2996 RMK AO2 SLP086 T03830106
MAF,2023-06-26 17:53,KMAF 261753Z 00000KT 10SM CLR 40/09 A2996 RMK AO2 SLP084 T04000089 10400 20272 58004
MAF,2023-06-26 18:53,KMAF 261853Z COR 00000KT 10SM CLR 41/07 A2994 RMK AO2 SLP077 T04110072
MAF,2023-06-26 19:53,KMAF 261953Z 24008KT 10SM CLR 42/06 A2991 RMK AO2 SLP067 T04220056
MAF,2023-06-26 20:53,KMAF 262053Z 10007KT 070V140 10SM CLR 43/04 A2989 RMK AO2 SLP060 T04330044 58020
MAF,2023-06-26 21:53,KMAF 262153Z 05005KT 10SM CLR 43/02 A2987 RMK AO2 LTG DSNT NW SLP054 T04280022
MAF,2023-06-26 22:53,KMAF 262253Z 35010G19KT 10SM CLR 42/05 A2985 RMK AO2 WSHFT 2229 LTG DSNT NE AND E SLP047 T04170050
MAF,2023-06-26 23:53,KMAF 262353Z 07014G28KT 040V130 10SM CLR 41/04 A2985 RMK AO2 PK WND 11028/2353 LTG DSNT NE AND E SLP048 T04110044 10439 20400 56007
MAF,2023-06-27 00:53,KMAF 270053Z 14009KT 10SM CLR 41/05 A2986 RMK AO2 LTG DSNT NE SLP051 T04060050
MAF,2023-06-27 01:53,KMAF 270153Z 10019G26KT 8SM CLR 37/08 A2989 RMK AO2 PK WND 11032/0143 SLP060 T03720083
MAF,2023-06-27 02:53,KMAF 270253Z 12015KT 10SM FEW100 FEW120 36/09 A2992 RMK AO2 PK WND 11029/0204 LTG DSNT E SLP070 T03610089 53021
MAF,2023-06-27 03:53,KMAF 270353Z 14013KT 10SM CLR 34/09 A2993 RMK AO2 SLP076 T03390089
MAF,2023-06-27 04:53,KMAF 270453Z 16013KT 10SM CLR 33/08 A2994 RMK AO2 SLP078 T03280083
MAF,2023-06-27 05:53,KMAF 270553Z AUTO 17013KT 10SM CLR 32/09 A2993 RMK AO2 SLP073 T03220094 10411 20322 404390267 50003
MAF,2023-06-27 06:53,KMAF 270653Z AUTO 18012KT 10SM CLR 31/11 A2992 RMK AO2 SLP070 T03110111
MAF,2023-06-27 07:53,KMAF 270753Z AUTO 19012G23KT 10SM CLR 31/12 A2991 RMK AO2 SLP065 T03060117
MAF,2023-06-27 08:53,KMAF 270853Z AUTO 19011G19KT 10SM CLR 30/12 A2991 RMK AO2 SLP067 T03000117 55005
MAF,2023-06-27 09:53,KMAF 270953Z AUTO 20011KT 10SM CLR 29/12 A2991 RMK AO2 SLP068 T02890117
MAF,2023-06-27 10:53,KMAF 271053Z 19010KT 10SM CLR 28/11 A2992 RMK AO2 SLP071 T02830111
MAF,2023-06-27 11:53,KMAF 271153Z 20009KT 10SM CLR 27/11 A2993 RMK AO2 SLP077 T02720111 10322 20272 53007
MAF,2023-06-27 12:53,KMAF 271253Z 19010KT 10SM CLR 28/12 A2994 RMK AO2 SLP081 T02780117
MAF,2023-06-27 13:53,KMAF 271353Z 19010KT 10SM CLR 31/12 A2995 RMK AO2 SLP084 T03060117
MAF,2023-06-27 14:53,KMAF 271453Z 19011KT 10SM CLR 34/09 A2996 RMK AO2 SLP084 T03390089 51007
MAF,2023-06-27 15:53,KMAF 271553Z 21015KT 10SM CLR 37/06 A2994 RMK AO2 SLP079 T03670061
MAF,2023-06-27 16:53,KMAF 271653Z 19017G28KT 10SM CLR 38/04 A2994 RMK AO2 PK WND 21029/1627 SLP078 T03830039
MAF,2023-06-27 17:53,KMAF 271753Z 20017G28KT 10SM CLR 39/04 A2993 RMK AO2 PK WND 20030/1720 SLP075 T03940044 10394 20272 56007
MAF,2023-06-27 18:53,KMAF 271853Z 20025G34KT 10SM CLR 41/01 A2992 RMK AO2 PK WND 20034/1852 SLP069 T04060006
MAF,2023-06-27 19:53,KMAF 271953Z AUTO 19023G36KT 10SM CLR 42/00 A2990 RMK AO2 PK WND 18036/1953 SLP064 T04170000
MAF,2023-06-27 20:53,KMAF 272053Z 19020G32KT 10SM CLR 42/01 A2989 RMK AO2 PK WND 20034/2013 SLP060 T04170006 56014
MAF,2023-06-27 21:53,KMAF 272153Z 17018G34KT 10SM CLR 42/00 A2988 RMK AO2 PK WND 16034/2150 SLP058 T04220000
MAF,2023-06-27 22:53,KMAF 272253Z 19011G26KT 10SM CLR 41/00 A2986 RMK AO2 PK WND 18033/2239 SLP052 T04110000
MAF,2023-06-27 23:53,KMAF 272353Z 17020G30KT 10SM CLR 41/01 A2986 RMK AO2 PK WND 16036/2328 SLP050 T04060006 10422 20394 58010
MAF,2023-06-28 00:53,KMAF 280053Z 17023G30KT 10SM CLR 39/M01 A2986 RMK AO2 PK WND 16031/0037 SLP052 T03891011
MAF,2023-06-28 01:53,KMAF 280153Z 16019G30KT 10SM CLR 37/00 A2987 RMK AO2 PK WND 15030/0133 SLP056 T03720000
MAF,2023-06-28 02:53,KMAF 280253Z 16017G26KT 10SM CLR 35/M01 A2989 RMK AO2 PK WND 16028/0235 SLP061 T03501006 53009
MAF,2023-06-28 03:53,KMAF 280353Z 16013KT 10SM CLR 33/04 A2991 RMK AO2 PK WND 17026/0304 SLP067 T03280044
MAF,2023-06-28 04:53,KMAF 280453Z AUTO 16015KT 10SM CLR 32/08 A2992 RMK AO2 SLP072 T03220083
MAF,2023-06-28 05:53,KMAF 280553Z AUTO 16014KT 10SM CLR 31/09 A2993 RMK AO2 SLP074 T03110089 10406 20311 404220272 51013
MAF,2023-06-28 06:53,KMAF 280653Z AUTO 17013KT 10SM CLR 31/08 A2993 RMK AO2 SLP074 T03060083
MAF,2023-06-28 07:53,KMAF 280753Z AUTO 18012KT 10SM CLR 30/07 A2992 RMK AO2 SLP070 T03000072
MAF,2023-06-28 08:53,KMAF 280853Z AUTO 17012KT 10SM CLR 29/07 A2992 RMK AO2 SLP071 T02940072 58003
MAF,2023-06-28 09:53,KMAF 280953Z AUTO 17013KT 10SM CLR 28/07 A2992 RMK AO2 SLP071 T02780072
MAF,2023-06-28 10:53,KMAF 281053Z 17017KT 10SM CLR 28/08 A2992 RMK AO2 SLP072 T02780083
MAF,2023-06-28 11:53,KMAF 281153Z 17014KT 10SM CLR 27/09 A2993 RMK AO2 SLP077 T02720094 10311 20272 53005
MAF,2023-06-28 12:53,KMAF 281253Z 17015KT 10SM CLR 27/11 A2995 RMK AO2 SLP083 T02720106
MAF,2023-06-28 13:53,KMAF 281353Z 16019G25KT 10SM CLR 29/11 A2997 RMK AO2 SLP089 T02940111
MAF,2023-06-28 14:53,KMAF 281453Z 19015G28KT 10SM CLR 32/11 A2997 RMK AO2 PK WND 17030/1415 SLP090 T03220106 51012
MAF,2023-06-28 15:53,KMAF 281553Z 17019G27KT 10SM CLR 34/09 A2998 RMK AO2 PK WND 19030/1534 SLP094 T03390089
MAF,2023-06-28 16:53,KMAF 281653Z 20018G25KT 10SM CLR 36/09 A2998 RMK AO2 PK WND 17029/1641 SLP093 T03560089
MAF,2023-06-28 17:53,KMAF 281753Z 18019G27KT 10SM CLR 37/06 A2996 RMK AO2 PK WND 19030/1659 SLP088 T03670061 10378 20267 58002
MAF,2023-06-28 18:53,KMAF 281853Z 20015G28KT 10SM CLR 38/06 A2994 RMK AO2 PK WND 21030/1830 SLP080 T03830061
MAF,2023-06-28 19:53,KMAF 281953Z 18021G32KT 10SM CLR 39/01 A2992 RMK AO2 PK WND 17034/1918 SLP070 T03940011
MAF,2023-06-28 20:53,KMAF 282053Z 16019G33KT 10SM CLR 40/02 A2990 RMK AO2 PK WND 17035/2013 SLP066 T04000017 56019
MAF,2023-06-28 21:53,KMAF 282153Z 17023G35KT 10SM CLR 40/02 A2989 RMK AO2 PK WND 17035/2149 SLP062 T04000017
MAF,2023-06-28 22:53,KMAF 282253Z 15017G32KT 10SM CLR 39/M03 A2987 RMK AO2 PK WND 16038/2217 SLP056 T03891028
MAF,2023-06-28 23:53,KMAF 282353Z 18021G31KT 10SM CLR 38/M04 A2986 RMK AO2 PK WND 17037/2310 SLP052 T03831039 10400 20372 56015
MAF,2023-06-29 00:53,KMAF 290053Z 15023G37KT 10SM CLR 37/M02 A2987 RMK AO2 PK WND 17037/0045 SLP056 T03721017
MAF,2023-06-29 01:53,KMAF 290153Z 16020KT 10SM CLR 35/01 A2988 RMK AO2 PK WND 16033/0127 SLP060 T03500011
MAF,2023-06-29 02:53,KMAF 290253Z 15015G23KT 10SM CLR 33/06 A2990 RMK AO2 PK WND 16026/0157 SLP067 T03280061 53013
MAF,2023-06-29 03:53,KMAF 290353Z 16015KT 10SM CLR 32/08 A2991 RMK AO2 SLP072 T03170078
MAF,2023-06-29 04:53,KMAF 290453Z 16017G24KT 10SM CLR 31/11 A2992 RMK AO2 SLP074 T03060106
MAF,2023-06-29 05:53,KMAF 290553Z AUTO 15015KT 10SM CLR 29/11 A2992 RMK AO2 PK WND 15026/0513 SLP075 T02940106 10383 20294 404000267 51008
MAF,2023-06-29 06:53,KMAF 290653Z AUTO 16020G26KT 10SM CLR 29/12 A2993 RMK AO2 PK WND 16026/0652 SLP074 T02890122
MAF,2023-06-29 07:53,KMAF 290753Z AUTO 16019KT 10SM CLR 28/13 A2993 RMK AO2 PK WND 16029/0724 SLP075 T02830128
MAF,2023-06-29 08:53,KMAF 290853Z AUTO 16012KT 10SM CLR 27/14 A2993 RMK AO2 SLP077 T02720139 53002
MAF,2023-06-29 09:53,KMAF 290953Z AUTO 16010KT 10SM CLR 26/16 A2994 RMK AO2 SLP080 T02610156
MAF,2023-06-29 10:53,KMAF 291053Z 17012KT 10SM CLR 26/17 A2995 RMK AO2 SLP085 T02610167
MAF,2023-06-29 11:53,KMAF 291153Z 16011KT 10SM CLR 25/16 A2997 RMK AO2 SLP091 T02500161 10294 20244 53010
MAF,2023-06-29 12:53,KMAF 291253Z 18012KT 10SM CLR 26/16 A2999 RMK AO2 SLP098 T02560161
MAF,2023-06-29 13:53,KMAF 291353Z 18016G27KT 10SM CLR 27/13 A3000 RMK AO2 PK WND 17027/1346 SLP103 T02720128
MAF,2023-06-29 14:53,KMAF 291453Z 17021KT 10SM CLR 29/12 A3000 RMK AO2 PK WND 17027/1443 SLP102 T02890117 50010
MAF,2023-06-29 15:53,KMAF 291553Z 17020G25KT 10SM CLR 31/11 A3000 RMK AO2 PK WND 17030/1503 SLP103 T03110111
MAF,2023-06-29 16:53,KMAF 291653Z 15022G30KT 10SM CLR 33/10 A2999 RMK AO2 PK WND 17031/1622 SLP098 T03330100
MAF,2023-06-29 17:53,KMAF 291753Z 17021G31KT 10SM CLR 35/07 A2998 RMK AO2 PK WND 16031/1751 SLP093 T03500072 10350 20250 58007
MAF,2023-06-29 18:53,KMAF 291853Z 18020G31KT 10SM CLR 37/06 A2995 RMK AO2 PK WND 19031/1833 SLP086 T03670056
MAF,2023-06-29 19:53,KMAF 291953Z 15018G32KT 10SM CLR 37/06 A2993 RMK AO2 PK WND 17032/1904 SLP078 T03670061 $
MAF,2023-06-29 20:53,KMAF 292053Z 14021G29KT 10SM CLR 37/02 A2991 RMK AO2 PK WND 16035/2001 SLP072 T03720017 56019 $
MAF,2023-06-29 21:53,KMAF 292153Z 14017G30KT 10SM CLR 38/03 A2990 RMK AO2 PK WND 16030/2140 SLP067 T03780028 $
MAF,2023-06-29 22:53,KMAF 292253Z 16017G27KT 10SM CLR 37/03 A2988 RMK AO2 PK WND 16033/2219 SLP063 T03670028 $
MAF,2023-06-29 23:53,KMAF 292353Z 15020G26KT 10SM CLR 36/06 A2988 RMK AO2 PK WND 15031/2313 SLP063 T03610061 10378 20350 56011 $
MAF,2023-06-30 00:53,KMAF 300053Z 15020KT 10SM CLR 34/07 A2988 RMK AO2 PK WND 13027/0050 SLP064 T03440067 $
MAF,2023-06-30 01:53,KMAF 300153Z 15017KT 10SM CLR 32/09 A2989 RMK AO2 PK WND 14026/0120 SLP068 T03220094 $
MAF,2023-06-30 02:53,KMAF 300253Z 15011KT 10SM CLR 31/11 A2991 RMK AO2 SLP076 T03060106 53011 $
MAF,2023-06-30 03:53,KMAF 300353Z 15012KT 10SM CLR 29/12 A2994 RMK AO2 SLP084 T02940117 $
MAF,2023-06-30 04:53,KMAF 300453Z 14007KT 10SM CLR 28/12 A2997 RMK AO2 SLP093 T02830122 $
MAF,2023-06-30 05:53,KMAF 300553Z 14009KT 10SM CLR 27/13 A2996 RMK AO2 SLP090 T02720128 10361 20272 403780244 50016 $
MAF,2023-06-30 06:53,KMAF 300653Z 13009KT 10SM CLR 27/13 A2996 RMK AO2 SLP088 T02670128 $
MAF,2023-06-30 07:53,KMAF 300753Z 12010KT 10SM CLR 26/13 A2995 RMK AO2 SLP084 T02610128 $
MAF,2023-06-30 08:53,KMAF 300853Z 13012KT 10SM CLR 26/14 A2994 RMK AO2 SLP084 T02560139 56006 $
MAF,2023-06-30 09:53,KMAF 300953Z 14011KT 10SM CLR 25/15 A2995 RMK AO2 SLP084 T02500150 $
MAF,2023-06-30 10:53,KMAF 301053Z 14014KT 10SM CLR 25/17 A2995 RMK AO2 SLP084 T02500167 $
MAF,2023-06-30 11:53,KMAF 301153Z 15014KT 10SM OVC024 25/20 A2996 RMK AO2 SLP089 T02500200 10272 20250 53003 $
MAF,2023-06-30 12:53,KMAF 301253Z 16023G30KT 10SM BKN020 25/21 A2997 RMK AO2 PK WND 16030/1203 SLP095 T02500211 $
MAF,2023-06-30 13:53,KMAF 301353Z 17024KT 10SM SCT020 26/21 A2999 RMK AO2 PK WND 16030/1341 SLP102 T02560206 $
MAF,2023-06-30 14:53,KMAF 301453Z 16019KT 10SM CLR 27/21 A2999 RMK AO2 PK WND 16029/1355 SLP104 T02720206 51007 $
MAF,2023-06-30 15:53,KMAF 301553Z 17018KT 10SM FEW025 28/21 A2999 RMK AO2 PK WND 17029/1522 SLP103 T02780206 $
MAF,2023-06-30 16:53,KMAF 301653Z 16017KT 10SM CLR 29/20 A2998 RMK AO2 PK WND 16026/1635 SLP101 T02940200 $
MAF,2023-06-30 17:53,KMAF 301753Z 17015KT 10SM CLR 31/20 A2997 RMK AO2 SLP098 T03110200 10311 20250 58005 $
MAF,2023-06-30 18:53,KMAF 301853Z 16011G19KT 10SM CLR 33/19 A2996 RMK AO2 SLP092 T03280194 $
MAF,2023-06-30 19:53,KMAF 301953Z 17017G26KT 10SM FEW050 34/18 A2993 RMK AO2 PK WND 13030/1913 SLP082 T03390183 $
MAF,2023-06-30 20:53,KMAF 302053Z 19007G20KT 10SM FEW055 34/18 A2991 RMK AO2 SLP076 T03440183 58019
MAF,2023-06-30 21:53,KMAF 302153Z 17014G19KT 10SM SCT060 36/18 A2989 RMK AO2 SLP065 T03560178
MAF,2023-06-30 22:53,KMAF 302253Z 16016G24KT 10SM CLR 34/18 A2987 RMK AO2 LTG DSNT SW-N SLP063 T03390178
MAF,2023-06-30 23:53,KMAF 302353Z 19008KT 9SM VCTS FEW060 BKN095 OVC120 31/21 A2990 RMK AO2 PK WND 18029/2309 LTG DSNT W-N RAB26E46 SLP075 P0000 60000 T03060211 10361 20300 55003
MAF,2023-07-01 00:53,KMAF 010053Z 31006KT 10SM FEW039 FEW046 SCT110 28/19 A2992 RMK AO2 PK WND 30026/0019 WSHFT 0011 LTG DSNT N RAB2359E09 SLP081 P0000 T02830194
MAF,2023-07-01 01:53,KMAF 010153Z 25007KT 10SM BKN110 28/19 A2995 RMK AO2 SLP091 T02830194
MAF,2023-07-01 02:53,KMAF 010253Z 08005KT 10SM CLR 28/18 A2997 RMK AO2 SLP098 60000 T02830183 53021
MAF,2023-07-01 03:53,KMAF 010353Z 05009KT 10SM CLR 23/21 A2999 RMK AO2 SLP110 T02330206
MAF,2023-07-01 04:53,KMAF 010453Z AUTO 08015KT 10SM CLR 23/21 A3000 RMK AO2 SLP111 T02280206
MAF,2023-07-01 05:53,KMAF 010553Z AUTO 12012KT 10SM CLR 22/20 A2999 RMK AO2 SLP108 60000 T02220200 10300 20222 403610222 50007
MAF,2023-07-01 06:53,KMAF 010653Z AUTO 11010KT 10SM CLR 22/20 A2999 RMK AO2 SLP104 T02220200
MAF,2023-07-01 07:53,KMAF 010753Z AUTO 11011KT 10SM CLR 23/21 A2999 RMK AO2 SLP105 T02280206
MAF,2023-07-01 08:53,KMAF 010853Z AUTO 11011KT 10SM CLR 22/21 A2998 RMK AO2 SLP100 T02220206 58004
MAF,2023-07-01 09:53,KMAF 010953Z AUTO 11011KT 10SM CLR 22/21 A2998 RMK AO2 SLP101 T02220206
MAF,2023-07-01 10:53,KMAF 011053Z 13011KT 10SM CLR 23/20 A2998 RMK AO2 SLP101 T02280200
MAF,2023-07-01 11:53,KMAF 011153Z 13012KT 10SM CLR 23/20 A2999 RMK AO2 SLP106 T02280200 10228 20222 53003
MAF,2023-07-01 12:53,KMAF 011253Z 11007KT 10SM CLR 23/20 A3000 RMK AO2 SLP112 T02330200
MAF,2023-07-01 13:53,KMAF 011353Z 06010KT 10SM BKN022 26/21 A3003 RMK AO2 SLP121 T02560206
MAF,2023-07-01 14:53,KMAF 011453Z 12008KT 10SM SCT025 BKN031 27/21 A3004 RMK AO2 SLP123 T02720211 51016
MAF,2023-07-01 15:53,KMAF 011553Z 14010KT 10SM BKN032 OVC041 28/21 A3005 RMK AO2 WSHFT 1502 SLP127 T02830206
MAF,2023-07-01 16:53,KMAF 011653Z 15012G19KT 10SM SCT034 BKN042 29/20 A3005 RMK AO2 SLP127 T02940200
MAF,2023-07-01 17:53,KMAF 011753Z 17010G24KT 10SM FEW036 31/20 A3003 RMK AO2 SLP120 T03110200 10317 20228 58004
MAF,2023-07-01 18:53,KMAF 011853Z 19010G20KT 10SM FEW041 32/19 A3002 RMK AO2 SLP116 T03220194
MAF,2023-07-01 19:53,KMAF 011953Z COR 20003KT 10SM FEW055 33/18 A3000 RMK AO2 SLP107 T03280183
MAF,2023-07-01 20:53,KMAF 012053Z VRB04KT 10SM SCT060 BKN080 33/18 A2997 RMK AO2 LTG DSNT N AND NW SLP098 T03330178 58018
MAF,2023-07-01 21:53,KMAF 012153Z VRB06KT 10SM CLR 34/17 A2994 RMK AO2 LTG DSNT E AND SE SLP088 T03390172
MAF,2023-07-01 22:53,KMAF 012253Z 09019G28KT 9SM VCTS FEW038 SCT065 BKN085 29/19 A2996 RMK AO2 PK WND 10030/2233 LTG DSNT SE AND W AND NW SLP096 T02940194
MAF,2023-07-01 23:53,KMAF 012353Z 04007KT 1SM +TSRA BR SCT031 OVC060 24/23 A3000 RMK AO2 PK WND 09026/2255 LTG DSNT SW-N RAB45 TSB02 SLP116 P0014 60014 T02440228 10344 20244 53009
MAF,2023-07-02 00:53,KMAF 020053Z 09012KT 10SM TS FEW080 SCT100 22/20 A2999 RMK AO2 WSHFT 0019 LTG DSNT ALQDS RAE52 SLP115 P0019 T02220200
MAF,2023-07-02 01:53,KMAF 020153Z 17008G22KT 10SM VCTS SCT110 22/19 A3006 RMK AO2 WSHFT 0127 LTG DSNT E-SW TSE14B15E30 PRESRR SLP136 T02170194
MAF,2023-07-02 02:53,KMAF 020253Z 17004KT 10SM CLR 21/19 A3003 RMK AO2 LTG DSNT SE SLP123 60019 T02110194 50007
MAF,2023-07-02 03:53,KMAF 020353Z 11006KT 10SM CLR 21/20 A3004 RMK AO2 SLP126 T02110200
MAF,2023-07-02 04:53,KMAF 020453Z 16007KT 10SM CLR 21/19 A3009 RMK AO2 SLP142 T02110189
MAF,2023-07-02 05:53,KMAF 020553Z AUTO 16009KT 10SM CLR 21/19 A3006 RMK AO2 SLP133 60019 T02060189 10222 20206 403440206 50012
MAF,2023-07-02 06:53,KMAF 020653Z AUTO 22005KT 10SM CLR 20/19 A3005 RMK AO2 SLP129 T02000189
MAF,2023-07-02 07:53,KMAF 020753Z AUTO 28004KT 10SM CLR 19/19 A3004 RMK AO2 SLP125 T01940194
MAF,2023-07-02 08:53,KMAF 020853Z AUTO 29003KT 10SM CLR 19/19 A3002 RMK AO2 SLP116 T01940194 58015
MAF,2023-07-02 09:53,KMAF 020953Z AUTO 30004KT 10SM CLR 19/19 A3001 RMK AO2 SLP112 T01940189
MAF,2023-07-02 10:53,KMAF 021053Z 34005KT 10SM CLR 19/19 A3002 RMK AO2 SLP122 T01940189
MAF,2023-07-02 11:53,KMAF 021153Z VRB03KT 9SM CLR 19/18 A3005 RMK AO2 SLP138 70033 T01890183 10206 20189 53012
MAF,2023-07-02 12:53,KMAF 021253Z 11007KT 10SM FEW065 21/18 A3008 RMK AO2 SLP146 T02060183
MAF,2023-07-02 13:53,KMAF 021353Z 16011KT 10SM CLR 22/19 A3010 RMK AO2 SLP153 T02170189
MAF,2023-07-02 14:53,KMAF 021453Z 17010KT 10SM FEW021 23/19 A3010 RMK AO2 SLP151 T02280194 50013
MAF,2023-07-02 15:53,KMAF 021553Z 17011KT 10SM CLR 24/19 A3009 RMK AO2 SLP147 T02440194
MAF,2023-07-02 16:53,KMAF 021653Z 20008G17KT 10SM CLR 26/19 A3008 RMK AO2 SLP143 T02610189
MAF,2023-07-02 17:53,KMAF 021753Z 15008KT 10SM CLR 28/19 A3007 RMK AO2 SLP138 T02780189 10278 20189 58009
MAF,2023-07-02 18:53,KMAF 021853Z 17005KT 10SM CLR 29/18 A3005 RMK AO2 SLP130 T02940183
MAF,2023-07-02 19:53,KMAF 021953Z VRB06KT 10SM SCT044 30/18 A3003 RMK AO2 SLP125 T03000178
MAF,2023-07-02 20:53,KMAF 022053Z 10007KT 10SM CLR 31/18 A3001 RMK AO2 SLP115 T03110178 58018
MAF,2023-07-02 21:53,KMAF 022153Z 13008KT 090V160 10SM FEW055 31/17 A2999 RMK AO2 SLP107 T03110167
MAF,2023-07-02 22:53,KMAF 022253Z 20007KT 10SM CLR 32/16 A2997 RMK AO2 SLP099 T03220156
MAF,2023-07-02 23:53,KMAF 022353Z 16010KT 10SM CLR 32/16 A2995 RMK AO2 SLP095 T03220156 10328 20278 56018
MAF,2023-07-03 00:53,KMAF 030053Z 17010KT 10SM FEW065 32/15 A2997 RMK AO2 SLP100 T03170150
MAF,2023-07-03 01:53,KMAF 030153Z 14008KT 10SM CLR 31/15 A2997 RMK AO2 SLP102 T03060150
MAF,2023-07-03 02:53,KMAF 030253Z 14006KT 10SM CLR 29/17 A2998 RMK AO2 SLP103 T02890167 51008
MAF,2023-07-03 03:53,KMAF 030353Z 13009KT 10SM CLR 28/17 A3002 RMK AO2 SLP116 T02830172
MAF,2023-07-03 04:53,KMAF 030453Z AUTO 15007KT 10SM SCT070 27/18 A3004 RMK AO2 SLP123 T02670183
MAF,2023-07-03 05:53,KMAF 030553Z AUTO 02017KT 9SM BKN050 OVC065 24/16 A3008 RMK AO2 PK WND 01031/0520 SLP137 T02440161 10322 20244 403280189 52030
MAF,2023-07-03 06:53,KMAF 030653Z AUTO 06010KT 9SM CLR 24/16 A3006 RMK AO2 SLP131 T02390156
MAF,2023-07-03 07:53,KMAF 030753Z AUTO 12007KT 10SM CLR 23/15 A3002 RMK AO2 SLP117 T02330150
MAF,2023-07-03 08:53,KMAF 030853Z AUTO 10004KT 10SM CLR 23/15 A3002 RMK AO2 SLP117 T02330150 55017
MAF,2023-07-03 09:53,KMAF 030953Z AUTO 00000KT 10SM CLR 23/16 A3001 RMK AO2 SLP113 T02330156
MAF,2023-07-03 10:53,KMAF 031053Z 14006KT 10SM CLR 23/16 A3001 RMK AO2 SLP111 T02280156
MAF,2023-07-03 11:53,KMAF 031153Z 18005KT 8SM CLR 23/17 A3001 RMK AO2 SLP113 T02280167 10244 20228 55002
MAF,2023-07-03 12:53,KMAF 031253Z 19006KT 9SM FEW120 23/19 A3002 RMK AO2 SLP117 T02280189
MAF,2023-07-03 13:53,KMAF 031353Z 17007KT 10SM SCT120 24/19 A3005 RMK AO2 SLP125 T02440189
MAF,2023-07-03 14:53,KMAF 031453Z 17009KT 10SM CLR 26/19 A3006 RMK AO2 SLP130 T02610189 53015
MAF,2023-07-03 15:53,KMAF 031553Z 20009KT 10SM CLR 27/19 A3007 RMK AO2 SLP132 T02720189
MAF,2023-07-03 16:53,KMAF 031653Z 17008KT 10SM CLR 28/19 A3007 RMK AO2 SLP133 T02830189
MAF,2023-07-03 17:53,KMAF 031753Z 18008KT 140V220 10SM FEW040 30/18 A3006 RMK AO2 SLP128 T03000178 10300 20228 58002
MAF,2023-07-03 18:53,KMAF 031853Z 19006G14KT 10SM CLR 31/17 A3004 RMK AO2 SLP122 T03110167
MAF,2023-07-03 19:53,KMAF 031953Z 10SM CLR 33/14 A3001 RMK AO2 SLP112 T03330144
MAF,2023-07-03 20:53,KMAF 032053Z 16010G15KT 10SM SCT060 34/14 A2998 RMK AO2 SLP101 T03390144 58023
MAF,2023-07-03 21:53,KMAF 032153Z AUTO 11003G14KT 10SM CLR 33/14 A2995 RMK AO2 SLP092 T03280144
MAF,2023-07-03 22:53,KMAF 032253Z 14008G16KT 10SM CLR 34/14 A2993 RMK AO2 SLP084 T03390139
MAF,2023-07-03 23:53,KMAF 032353Z 17006KT 10SM CLR 34/12 A2992 RMK AO2 SLP080 T03390122 10344 20294 56019
MAF,2023-07-04 00:53,KMAF 040053Z 12005KT 10SM CLR 33/11 A2993 RMK AO2 LTG DSNT NW SLP083 T03330111
MAF,2023-07-04 01:53,KMAF 040153Z 15014KT 10SM CLR 30/17 A2995 RMK AO2 LTG DSNT NW SLP092 T03000167
MAF,2023-07-04 02:53,KMAF 040253Z VRB06KT 10SM FEW055 BKN080 OVC090 29/14 A3001 RMK AO2 LTG DSNT SW AND W SLP112 T02940144 53028
MAF,2023-07-04 03:53,KMAF 040353Z 16009KT 10SM CLR 28/16 A3002 RMK AO2 LTG DSNT SW SLP114 T02830156
MAF,2023-07-04 04:53,KMAF 040453Z 20007KT 10SM CLR 26/17 A3003 RMK AO2 SLP118 T02610167
MAF,2023-07-04 05:53,KMAF 040553Z AUTO 18008KT 10SM CLR 26/16 A3002 RMK AO2 SLP116 T02560156 10344 20256 403440228 50003
MAF,2023-07-04 06:53,KMAF 040653Z AUTO 14007KT 10SM CLR 24/16 A3001 RMK AO2 SLP111 T02390156
MAF,2023-07-04 07:53,KMAF 040753Z AUTO 15006KT 10SM CLR 24/16 A3000 RMK AO2 SLP106 T02390156
MAF,2023-07-04 08:53,KMAF 040853Z AUTO 15005KT 10SM CLR 23/17 A3000 RMK AO2 SLP106 T02280167 56008
MAF,2023-07-04 09:53,KMAF 040953Z AUTO 16006KT 10SM CLR 22/17 A3000 RMK AO2 SLP109 T02220167
MAF,2023-07-04 10:53,KMAF 041053Z 16007KT 10SM CLR 22/17 A3001 RMK AO2 SLP112 T02170167
MAF,2023-07-04 11:53,KMAF 041153Z 16006KT 10SM CLR 21/16 A3003 RMK AO2 SLP119 T02110161 10256 20211 53011
MAF,2023-07-04 12:53,KMAF 041253Z 16008KT 10SM CLR 22/16 A3004 RMK AO2 SLP122 T02220161
MAF,2023-07-04 13:53,KMAF 041353Z 15008KT 10SM CLR 25/18 A3005 RMK AO2 SLP126 T02500178
MAF,2023-07-04 14:53,KMAF 041453Z 18014G21KT 10SM CLR 28/16 A3006 RMK AO2 SLP129 T02780161 53010
MAF,2023-07-04 15:53,KMAF 041553Z 17016KT 10SM CLR 29/16 A3006 RMK AO2 SLP128 T02890161
MAF,2023-07-04 16:53,KMAF 041653Z 17014KT 10SM CLR 30/16 A3006 RMK AO2 SLP127 T03000161
MAF,2023-07-04 17:53,KMAF 041753Z 19012G17KT 10SM CLR 31/16 A3004 RMK AO2 SLP122 T03110161 10317 20211 58006
MAF,2023-07-04 18:53,KMAF 041853Z 17012G20KT 10SM CLR 32/15 A3003 RMK AO2 SLP118 T03220150
MAF,2023-07-04 19:53,KMAF 041953Z 17010KT 10SM FEW060 33/14 A3001 RMK AO2 PK WND 12029/1911 SLP109 T03330144
MAF,2023-07-04 20:53,KMAF 042053Z 15014G20KT 10SM FEW060 34/15 A2999 RMK AO2 SLP102 T03440150 58018
MAF,2023-07-04 21:53,KMAF 042153Z 13012G20KT 10SM SCT070 34/15 A2997 RMK AO2 SLP098 T03390150
MAF,2023-07-04 22:53,KMAF 042253Z 16012G19KT 10SM CLR 34/14 A2996 RMK AO2 WSHFT 2207 SLP095 T03440144
MAF,2023-07-04 23:53,KMAF 042353Z 14014KT 10SM FEW075 34/14 A2996 RMK AO2 SLP093 T03390139 10350 20311 56009
MAF,2023-07-05 00:53,KMAF 050053Z 15011KT 10SM CLR 33/14 A2996 RMK AO2 SLP096 T03330144
MAF,2023-07-05 01:53,KMAF 050153Z 15013KT 10SM CLR 32/15 A2998 RMK AO2 SLP098 T03220150
MAF,2023-07-05 02:53,KMAF 050253Z 16015KT 10SM CLR 29/16 A3000 RMK AO2 PK WND 14026/0239 SLP106 T02940161 53014
MAF,2023-07-05 03:53,KMAF 050353Z 15011KT 10SM CLR 28/16 A3002 RMK AO2 SLP115 T02780161
MAF,2023-07-05 04:53,KMAF 050453Z 16010KT 10SM CLR 27/16 A3004 RMK AO2 SLP119 T02720156
MAF,2023-07-05 05:53,KMAF 050553Z AUTO 17010KT 10SM CLR 27/17 A3004 RMK AO2 SLP120 T02670167 10339 20267 403500211 51013
MAF,2023-07-05 06:53,KMAF 050653Z AUTO 16009KT 10SM CLR 26/18 A3004 RMK AO2 SLP121 T02610178
MAF,2023-07-05 07:53,KMAF 050753Z AUTO 17011KT 10SM CLR 26/18 A3003 RMK AO2 SLP116 T02560183
MAF,2023-07-05 08:53,KMAF 050853Z AUTO 16009KT 10SM CLR 24/18 A3002 RMK AO2 SLP114 T02440183 58005
MAF,2023-07-05 09:53,KMAF 050953Z AUTO 16010KT 10SM CLR 24/19 A3003 RMK AO2 SLP116 T02390189
MAF,2023-07-05 10:53,KMAF 051053Z 16009KT 10SM CLR 24/19 A3003 RMK AO2 SLP116 T02390189
MAF,2023-07-05 11:53,KMAF 051153Z 16006KT 9SM CLR 23/19 A3004 RMK AO2 SLP122 T02280189 10272 20228 53006
MAF,2023-07-05 12:53,KMAF 051253Z 17009KT 9SM CLR 24/19 A3005 RMK AO2 SLP123 T02390194
MAF,2023-07-05 13:53,KMAF 051353Z 18014KT 10SM CLR 25/21 A3005 RMK AO2 SLP124 T02500206
MAF,2023-07-05 14:53,KMAF 051453Z 19012KT 10SM CLR 27/21 A3006 RMK AO2 SLP126 T02720206 51004
MAF,2023-07-05 15:53,KMAF 051553Z 20012KT 10SM CLR 29/20 A3005 RMK AO2 SLP124 T02890200
MAF,2023-07-05 16:53,KMAF 051653Z 17008G15KT 10SM CLR 31/19 A3005 RMK AO2 SLP122 T03110189
MAF,2023-07-05 17:53,KMAF 051753Z 17006KT 10SM CLR 32/19 A3005 RMK AO2 SLP122 T03220189 10328 20228 55003
MAF,2023-07-05 18:53,KMAF 051853Z 15008G20KT 10SM CLR 34/18 A3003 RMK AO2 SLP116 T03440178
MAF,2023-07-05 19:53,KMAF 051953Z 16011G17KT 10SM FEW060 35/17 A3002 RMK AO2 SLP113 T03500167
MAF,2023-07-05 20:53,KMAF 052053Z 12009KT 10SM CLR 35/16 A3001 RMK AO2 SLP109 T03500156 58012
MAF,2023-07-05 21:53,KMAF 052153Z 13017G23KT 10SM SCT070 SCT085 35/16 A2999 RMK AO2 SLP103 T03500161
MAF,2023-07-05 22:53,KMAF 052253Z 13015G24KT 10SM FEW070 36/16 A2997 RMK AO2 PK WND 19027/2206 SLP096 T03560156
MAF,2023-07-05 23:53,KMAF 052353Z 14013G21KT 10SM CLR 36/15 A2995 RMK AO2 SLP089 T03560150 10367 20322 58019
MAF,2023-07-06 00:53,KMAF 060053Z 14018G24KT 10SM CLR 34/16 A2996 RMK AO2 SLP092 T03440156
MAF,2023-07-06 01:53,KMAF 060153Z 15015KT 10SM CLR 33/16 A2998 RMK AO2 SLP101 T03280156
MAF,2023-07-06 02:53,KMAF 060253Z 15009KT 10SM CLR 32/16 A3001 RMK AO2 SLP108 T03170161 53017
MAF,2023-07-06 03:53,KMAF 060353Z 14011KT 10SM CLR 30/16 A3003 RMK AO2 SLP118 T03000161
MAF,2023-07-06 04:53,KMAF 060453Z 15014KT 10SM CLR 28/18 A3005 RMK AO2 SLP123 T02830178
MAF,2023-07-06 05:53,KMAF 060553Z AUTO 16014KT 10SM CLR 28/18 A3004 RMK AO2 SLP119 T02780178 10356 20278 403670228 50011
MAF,2023-07-06 06:53,KMAF 060653Z AUTO 15010KT 10SM CLR 27/18 A3004 RMK AO2 SLP120 T02670183
MAF,2023-07-06 07:53,KMAF 060753Z AUTO 16006KT 10SM CLR 26/18 A3006 RMK AO2 SLP125 T02610183
MAF,2023-07-06 08:53,KMAF 060853Z AUTO 14006KT 10SM CLR 25/18 A3005 RMK AO2 SLP122 T02500183 50002
MAF,2023-07-06 09:53,KMAF 060953Z AUTO 10007KT 10SM CLR 25/18 A3007 RMK AO2 SLP130 T02500183
MAF,2023-07-06 10:53,KMAF 061053Z 12008KT 10SM CLR 24/19 A3007 RMK AO2 SLP129 T02440189
MAF,2023-07-06 11:53,KMAF 061153Z 12006KT 10SM CLR 23/19 A3008 RMK AO2 SLP133 T02330194 10278 20233 51009
MAF,2023-07-06 12:53,KMAF 061253Z 10007KT 10SM CLR 24/20 A3008 RMK AO2 SLP135 T02440200
MAF,2023-07-06 13:53,KMAF 061353Z 09008KT 10SM OVC018 25/21 A3011 RMK AO2 SLP144 T02500206
MAF,2023-07-06 14:53,KMAF 061453Z 10008KT 10SM OVC021 26/21 A3011 RMK AO2 SLP143 T02610206 50009
MAF,2023-07-06 15:53,KMAF 061553Z 12007KT 10SM SCT023 27/21 A3010 RMK AO2 SLP141 T02720211
MAF,2023-07-06 16:53,KMAF 061653Z 15007G15KT 10SM FEW031 29/20 A3010 RMK AO2 SLP140 T02940200
MAF,2023-07-06 17:53,KMAF 061753Z 16017G22KT 10SM FEW039 32/19 A3007 RMK AO2 SLP131 T03220189 10322 20233 58010
MAF,2023-07-06 18:53,KMAF 061853Z 13009G20KT 10SM CLR 33/18 A3007 RMK AO2 PK WND 14026/1824 SLP129 T03330178
MAF,2023-07-06 19:53,KMAF 061953Z 12011G17KT 10SM FEW055 34/17 A3004 RMK AO2 SLP117 T03440167
MAF,2023-07-06 20:53,KMAF 062053Z 13015G21KT 10SM FEW060 34/16 A3001 RMK AO2 SLP109 T03440156 58019
MAF,2023-07-06 21:53,KMAF 062153Z COR 13015G25KT 10SM SCT070 35/16 A3000 RMK AO2 SLP104 T03500156
MAF,2023-07-06 22:53,KMAF 062253Z 12014G24KT 10SM CLR 35/16 A2998 RMK AO2 SLP099 T03500156
MAF,2023-07-06 23:53,KMAF 062353Z 13014KT 10SM CLR 34/16 A2997 RMK AO2 PK WND 14035/2320 SLP096 T03440156 10361 20317 56013
MAF,2023-07-07 00:53,KMAF 070053Z 14016KT 10SM CLR 33/16 A2996 RMK AO2 SLP094 T03330156
MAF,2023-07-07 01:53,KMAF 070153Z 14012KT 10SM CLR 33/16 A2996 RMK AO2 SLP094 T03280156
MAF,2023-07-07 02:53,KMAF 070253Z 14008KT 10SM CLR 31/16 A2997 RMK AO2 SLP096 T03110156 53000
MAF,2023-07-07 03:53,KMAF 070353Z 13010KT 10SM CLR 30/16 A2998 RMK AO2 SLP100 T03000161
MAF,2023-07-07 04:53,KMAF 070453Z 13011KT 10SM CLR 29/16 A2998 RMK AO2 SLP099 T02890161
MAF,2023-07-07 05:53,KMAF 070553Z AUTO 15007KT 10SM CLR 28/17 A2998 RMK AO2 SLP098 T02780167 10344 20278 403610233 50003
MAF,2023-07-07 06:53,KMAF 070653Z AUTO 18009KT 10SM CLR 27/17 A2998 RMK AO2 SLP097 T02720167
MAF,2023-07-07 07:53,KMAF 070753Z AUTO 19011KT 10SM CLR 27/19 A2997 RMK AO2 SLP094 T02670189
MAF,2023-07-07 08:53,KMAF 070853Z AUTO 18017G24KT 10SM CLR 26/20 A2995 RMK AO2 SLP089 T02560200 58008
MAF,2023-07-07 09:53,KMAF 070953Z AUTO 18014G22KT 10SM CLR 24/21 A2997 RMK AO2 SLP097 T02440211
MAF,2023-07-07 10:53,KMAF 071053Z AUTO 16009KT 10SM CLR 23/21 A2997 RMK AO2 SLP098 T02330211
MAF,2023-07-07 11:53,KMAF 071153Z 15009KT 10SM CLR 23/21 A2997 RMK AO2 SLP098 T02280211 10278 20228 51007
MAF,2023-07-07 12:53,KMAF 071253Z 15012KT 10SM CLR 23/21 A2998 RMK AO2 SLP100 T02330211
MAF,2023-07-07 13:53,KMAF 071353Z 16011KT 10SM CLR 24/21 A2998 RMK AO2 SLP099 T02440206
MAF,2023-07-07 14:53,KMAF 071453Z 16011KT 10SM CLR 27/21 A2998 RMK AO2 SLP100 T02720206 52002
MAF,2023-07-07 15:53,KMAF 071553Z 14015KT 10SM CLR 29/20 A2998 RMK AO2 SLP098 T02940200
MAF,2023-07-07 16:53,KMAF 071653Z 16019G27KT 10SM CLR 32/19 A2997 RMK AO2 PK WND 16027/1652 SLP096 T03170189
MAF,2023-07-07 17:53,KMAF 071753Z 14018KT 10SM CLR 33/18 A2998 RMK AO2 PK WND 14027/1657 SLP096 T03280183 10333 20228 55002
MAF,2023-07-07 18:53,KMAF 071853Z 16018G26KT 10SM CLR 34/17 A2996 RMK AO2 PK WND 14030/1836 SLP088 T03440167
MAF,2023-07-07 19:53,KMAF 071953Z 17016KT 10SM CLR 34/17 A2994 RMK AO2 PK WND 14028/1933 SLP084 T03440172
MAF,2023-07-07 20:53,KMAF 072053Z 14019G23KT 10SM CLR 34/17 A2993 RMK AO2 PK WND 17029/2039 SLP080 T03440167 $
MAF,2023-07-07 21:53,KMAF 072153Z 15019G29KT 10SM CLR 36/17 A2990 RMK AO2 PK WND 15029/2146 SLP071 T03560167 $
MAF,2023-07-07 22:53,KMAF 072253Z 15018G29KT 10SM CLR 36/16 A2987 RMK AO2 PK WND 15029/2250 SLP061 T03560161 $
MAF,2023-07-07 23:53,KMAF 072353Z 15018KT 10SM CLR 35/16 A2986 RMK AO2 PK WND 16027/2340 SLP058 T03500156 10356 20328 56021 $
MAF,2023-07-08 00:53,KMAF 080053Z 16020G26KT 10SM CLR 34/15 A2986 RMK AO2 PK WND 16028/0012 SLP059 T03390150 $
MAF,2023-07-08 01:53,KMAF 080153Z 17023KT 10SM CLR 32/16 A2986 RMK AO2 PK WND 17028/0150 SLP059 T03220161 $
MAF,2023-07-08 02:53,KMAF 080253Z 17017G26KT 10SM CLR 31/17 A2987 RMK AO2 PK WND 16028/0217 SLP061 T03060167 53003 $
MAF,2023-07-08 03:53,KMAF 080353Z 17016KT 10SM CLR 29/18 A2991 RMK AO2 PK WND 16026/0302 SLP076 T02940178 $
MAF,2023-07-08 04:53,KMAF 080453Z AUTO 15013G20KT 10SM CLR 28/18 A2996 RMK AO2 SLP090 T02780183 $
MAF,2023-07-08 05:53,KMAF 080553Z AUTO 14011KT 10SM CLR 27/19 A2999 RMK AO2 SLP104 T02720189 10350 20272 403560228 51040 $
MAF,2023-07-08 06:53,KMAF 080653Z AUTO 13009KT 10SM CLR 26/19 A2999 RMK AO2 SLP101 T02610194 $
MAF,2023-07-08 07:53,KMAF 080753Z AUTO 13009KT 10SM CLR 26/20 A2997 RMK AO2 SLP096 T02560200 $
MAF,2023-07-08 08:53,KMAF 080853Z AUTO 10010KT 10SM BKN025 26/20 A2999 RMK AO2 SLP102 T02560200 55001 $
MAF,2023-07-08 09:53,KMAF 080953Z AUTO 13009KT 10SM CLR 24/21 A2999 RMK AO2 SLP101 T02440206 $
MAF,2023-07-08 10:53,KMAF 081053Z 14017G23KT 10SM CLR 24/21 A2996 RMK AO2 SLP092 T02440206 $
MAF,2023-07-08 11:53,KMAF 081153Z 13007KT 10SM FEW021 24/21 A3002 RMK AO2 SLP114 T02390206 10272 20239 53010 $
MAF,2023-07-08 12:53,KMAF 081253Z COR 15010KT 9SM BKN018 24/20 A3004 RMK AO2 SLP121 T02390200 $
MAF,2023-07-08 13:53,KMAF 081353Z 17009KT 10SM CLR 24/21 A3005 RMK AO2 SLP125 T02440206 $
MAF,2023-07-08 14:53,KMAF 081453Z 17017KT 10SM CLR 26/20 A3002 RMK AO2 SLP114 T02560200 58001 $
MAF,2023-07-08 15:53,KMAF 081553Z 18018G26KT 10SM CLR 28/20 A3000 RMK AO2 PK WND 18026/1551 SLP106 T02830200 $
MAF,2023-07-08 16:53,KMAF 081653Z 17020KT 10SM CLR 29/19 A2998 RMK AO2 PK WND 17028/1607 SLP101 T02890189 $
MAF,2023-07-08 17:53,KMAF 081753Z 16020G29KT 10SM CLR 33/19 A2998 RMK AO2 PK WND 17030/1712 SLP100 T03280189 10328 20233 55011 $
MAF,2023-07-08 18:53,KMAF 081853Z 16014KT 10SM CLR 34/17 A2998 RMK AO2 PK WND 17026/1759 SLP099 T03390167 $
MAF,2023-07-08 19:53,KMAF 081953Z 19010KT 150V210 10SM CLR 34/16 A2996 RMK AO2 SLP090 T03440161 $
MAF,2023-07-08 20:53,KMAF 082053Z 16013G26KT 10SM CLR 36/16 A2993 RMK AO2 PK WND 20026/2051 SLP080 T03560161 58017 $
MAF,2023-07-08 21:53,KMAF 082153Z 14011KT 10SM CLR 36/16 A2991 RMK AO2 WSHFT 2049 SLP074 T03560156 $
MAF,2023-07-08 22:53,KMAF 082253Z 16017G22KT 10SM CLR 36/15 A2990 RMK AO2 PK WND 14028/2202 SLP069 T03610150 $
MAF,2023-07-08 23:53,KMAF 082353Z 18017G24KT 10SM CLR 35/15 A2989 RMK AO2 SLP068 T03500150 10367 20322 56013 $
MAF,2023-07-09 00:53,KMAF 090053Z 16014KT 10SM CLR 34/15 A2989 RMK AO2 SLP068 T03440150 $
MAF,2023-07-09 01:53,KMAF 090153Z 16012KT 10SM CLR 32/16 A2991 RMK AO2 SLP075 T03220161 $
MAF,2023-07-09 02:53,KMAF 090253Z 15009KT 10SM CLR 31/16 A2992 RMK AO2 SLP079 T03110161 53009 $
MAF,2023-07-09 03:53,KMAF 090353Z 17008KT 10SM CLR 30/17 A2995 RMK AO2 SLP089 T03000172 $
MAF,2023-07-09 04:53,KMAF 090453Z 18013KT 10SM CLR 29/17 A2994 RMK AO2 SLP086 T02890172 $
MAF,2023-07-09 05:53,KMAF 090553Z AUTO 19011KT 10SM CLR 28/17 A2993 RMK AO2 SLP082 T02780172 10350 20278 403670233 50004 $
MAF,2023-07-09 06:53,KMAF 090653Z AUTO 18012KT 10SM CLR 28/17 A2992 RMK AO2 SLP074 T02780167 $
MAF,2023-07-09 07:53,KMAF 090753Z AUTO 17012KT 10SM CLR 27/17 A2990 RMK AO2 SLP069 T02720167 $
MAF,2023-07-09 08:53,KMAF 090853Z AUTO 18015G23KT 10SM CLR 27/17 A2990 RMK AO2 SLP067 T02720172 56011 $
MAF,2023-07-09 09:53,KMAF 090953Z AUTO 18014KT 10SM CLR 27/18 A2990 RMK AO2 SLP068 T02670183 $
MAF,2023-07-09 10:53,KMAF 091053Z 18009KT 10SM CLR 26/19 A2990 RMK AO2 SLP070 T02610189 $
MAF,2023-07-09 11:53,KMAF 091153Z 20007KT 10SM CLR 26/19 A2993 RMK AO2 SLP081 T02610189 10278 20261 53011 $
MAF,2023-07-09 12:53,KMAF 091253Z 15009KT 10SM CLR 26/19 A2994 RMK AO2 SLP085 T02560189 $
MAF,2023-07-09 13:53,KMAF 091353Z 17011KT 10SM CLR 27/19 A2996 RMK AO2 SLP090 T02720194 $
MAF,2023-07-09 14:53,KMAF 091453Z 15007KT 10SM CLR 28/19 A2997 RMK AO2 SLP097 T02780194 53013 $
MAF,2023-07-09 15:53,KMAF 091553Z 14008G15KT 10SM BKN120 29/19 A2997 RMK AO2 SLP097 T02940194 $
MAF,2023-07-09 16:53,KMAF 091653Z 12009KT 10SM CLR 32/19 A2997 RMK AO2 SLP095 T03220194 $
MAF,2023-07-09 17:53,KMAF 091753Z 14011KT 10SM CLR 34/19 A2996 RMK AO2 SLP088 T03440189 10344 20256 58005
MAF,2023-07-09 18:53,KMAF 091853Z 10SM CLR 36/17 A2994 RMK AO2 SLP082 T03560172
MAF,2023-07-09 19:53,KMAF 091953Z 10005KT 10SM CLR 37/16 A2992 RMK AO2 SLP075 T03670156
MAF,2023-07-09 20:53,KMAF 092053Z 13006G14KT 10SM CLR 39/16 A2991 RMK AO2 SLP070 T03890156 56015
MAF,2023-07-09 21:53,KMAF 092153Z VRB04KT 10SM CLR 39/14 A2990 RMK AO2 SLP067 T03890144
MAF,2023-07-09 22:53,KMAF 092253Z 16006KT 10SM CLR 38/14 A2989 RMK AO2 SLP063 T03830144
MAF,2023-07-09 23:53,KMAF 092353Z 10SM SCT080 38/14 A2988 RMK AO2 SLP062 T03830144 10394 20344 56008
MAF,2023-07-10 00:53,KMAF 100053Z 10012KT 10SM CLR 38/14 A2989 RMK AO2 SLP063 T03780144
MAF,2023-07-10 01:53,KMAF 100153Z 12009KT 10SM CLR 36/14 A2990 RMK AO2 SLP067 T03610144
MAF,2023-07-10 02:53,KMAF 100253Z 06022G28KT 8SM CLR 32/21 A2993 RMK AO2 PK WND 07028/0242 SLP082 T03220206 53015
MAF,2023-07-10 03:53,KMAF 100353Z 07017G27KT 9SM CLR 31/21 A2997 RMK AO2 PK WND 05028/0325 SLP093 T03060211
MAF,2023-07-10 04:53,KMAF 100453Z 08014G23KT 10SM CLR 29/21 A2998 RMK AO2 PK WND 08028/0426 SLP098 T02890206
MAF,2023-07-10 05:53,KMAF 100553Z 09017G23KT 10SM CLR 27/19 A2998 RMK AO2 PK WND 08026/0459 SLP097 T02720194 10389 20272 403940256 51016
MAF,2023-07-10 06:53,KMAF 100653Z AUTO 09013KT 10SM CLR 27/19 A2998 RMK AO2 SLP095 T02670194
MAF,2023-07-10 07:53,KMAF 100753Z AUTO 08011KT 10SM CLR 26/19 A2998 RMK AO2 SLP095 T02610194
MAF,2023-07-10 08:53,KMAF 100853Z AUTO 07008KT 10SM CLR 26/19 A2998 RMK AO2 SLP096 T02560189 53001
MAF,2023-07-10 09:53,KMAF 100953Z AUTO 05007KT 10SM CLR 25/19 A2999 RMK AO2 SLP099 T02500189
MAF,2023-07-10 10:53,KMAF 101053Z 05010KT 10SM CLR 24/19 A3001 RMK AO2 SLP107 T02390189
MAF,2023-07-10 11:53,KMAF 101153Z 06008KT 10SM CLR 23/19 A3003 RMK AO2 SLP113 T02330189 10272 20233 53014
MAF,2023-07-10 12:53,KMAF 101253Z 07010KT 10SM CLR 24/19 A3004 RMK AO2 SLP117 T02390194
MAF,2023-07-10 13:53,KMAF 101353Z 09010KT 10SM CLR 25/19 A3005 RMK AO2 SLP121 T02500194
MAF,2023-07-10 14:53,KMAF 101453Z 12009G18KT 10SM CLR 28/19 A3005 RMK AO2 SLP123 T02780194 51007
MAF,2023-07-10 15:53,KMAF 101553Z 14008KT 10SM CLR 31/19 A3005 RMK AO2 SLP120 T03060194
MAF,2023-07-10 16:53,KMAF 101653Z 18007G16KT 10SM CLR 33/19 A3003 RMK AO2 SLP115 T03330194
MAF,2023-07-10 17:53,KMAF 101753Z 16010G22KT 10SM CLR 36/18 A3002 RMK AO2 SLP108 T03560178 10356 20233 58011
MAF,2023-07-10 18:53,KMAF 101853Z 19007G17KT 10SM CLR 37/15 A3001 RMK AO2 WSHFT 1827 SLP104 T03720150
MAF,2023-07-10 19:53,KMAF 101953Z 18007KT 10SM CLR 38/14 A2999 RMK AO2 SLP099 T03830139
MAF,2023-07-10 20:53,KMAF 102053Z 15005KT 10SM CLR 38/12 A2997 RMK AO2 SLP091 T03830117 58015
MAF,2023-07-10 21:53,KMAF 102153Z 14011G21KT 10SM CLR 39/11 A2995 RMK AO2 SLP085 T03940111
MAF,2023-07-10 22:53,KMAF 102253Z VRB06KT 10SM CLR 39/11 A2994 RMK AO2 SLP080 T03890111
MAF,2023-07-10 23:53,KMAF 102353Z 16010KT 10SM SCT090 39/12 A2992 RMK AO2 SLP076 T03890122 10400 20356 56014
MAF,2023-07-11 00:53,KMAF 110053Z 14009KT 10SM CLR 38/12 A2993 RMK AO2 SLP080 T03780117
MAF,2023-07-11 01:53,KMAF 110153Z 16010KT 10SM CLR 36/13 A2995 RMK AO2 SLP089 T03610133
MAF,2023-07-11 02:53,KMAF 110253Z 17011KT 10SM CLR 36/13 A2996 RMK AO2 SLP090 T03560133 51013
MAF,2023-07-11 03:53,KMAF 110353Z 19011KT 10SM CLR 34/14 A2999 RMK AO2 LTG DSNT N SLP097 T03440139
MAF,2023-07-11 04:53,KMAF 110453Z AUTO 20012KT 10SM CLR 33/14 A3001 RMK AO2 LTG DSNT N SLP103 T03330144
MAF,2023-07-11 05:53,KMAF 110553Z AUTO 21008KT 10SM CLR 32/14 A3001 RMK AO2 SLP104 T03220144 10394 20322 404000233 51015
MAF,2023-07-11 06:53,KMAF 110653Z AUTO 20003KT 10SM CLR 31/15 A3002 RMK AO2 SLP108 T03110150
MAF,2023-07-11 07:53,KMAF 110753Z AUTO 05005KT 10SM CLR 31/17 A3002 RMK AO2 SLP105 T03060167
MAF,2023-07-11 08:53,KMAF 110853Z AUTO 18008KT 10SM FEW120 31/17 A3002 RMK AO2 SLP107 T03060172 51002
MAF,2023-07-11 09:53,KMAF 110953Z AUTO 19015G26KT 10SM CLR 29/19 A2998 RMK AO2 PK WND 18026/0944 SLP091 T02940189
MAF,2023-07-11 10:53,KMAF 111053Z 18009KT 10SM CLR 29/19 A3000 RMK AO2 SLP100 T02890189
MAF,2023-07-11 11:53,KMAF 111153Z 25005KT 10SM CLR 28/19 A3004 RMK AO2 SLP114 T02830194 10322 20283 53007
MAF,2023-07-11 12:53,KMAF 111253Z 19009KT 10SM CLR 28/19 A3002 RMK AO2 SLP108 T02830194
MAF,2023-07-11 13:53,KMAF 111353Z 18015KT 10SM CLR 28/20 A3002 RMK AO2 SLP110 T02830200
MAF,2023-07-11 14:53,KMAF 111453Z 15015KT 10SM CLR 29/20 A3004 RMK AO2 SLP115 T02890200 55001
MAF,2023-07-11 15:53,KMAF 111553Z 14012KT 9SM CLR 29/21 A3005 RMK AO2 SLP119 T02940206
MAF,2023-07-11 16:53,KMAF 111653Z 14012KT 9SM CLR 31/21 A3003 RMK AO2 SLP111 T03060211
MAF,2023-07-11 17:53,KMAF 111753Z 17015KT 10SM CLR 35/20 A3001 RMK AO2 SLP102 T03500200 10350 20283 58010
MAF,2023-07-11 18:53,KMAF 111853Z 12007KT 10SM FEW110 37/16 A3000 RMK AO2 SLP101 T03670161
MAF,2023-07-11 19:53,KMAF 111953Z 13012G19KT 10SM CLR 39/15 A2997 RMK AO2 SLP087 T03890150
MAF,2023-07-11 20:53,KMAF 112053Z 14008G19KT 10SM CLR 39/12 A2993 RMK AO2 SLP074 T03940122 58024
MAF,2023-07-11 21:53,KMAF 112153Z 15009KT 10SM CLR 40/11 A2991 RMK AO2 SLP069 T04000106
MAF,2023-07-11 22:53,KMAF 112253Z 17003KT 10SM CLR 40/09 A2990 RMK AO2 SLP065 T04000089
MAF,2023-07-11 23:53,KMAF 112353Z VRB05G17KT 10SM CLR 40/10 A2988 RMK AO2 SLP060 T04000100 10411 20344 57014
MAF,2023-07-12 00:53,KMAF 120053Z 16015KT 10SM CLR 39/09 A2989 RMK AO2 SLP063 T03890089
MAF,2023-07-12 01:53,KMAF 120153Z 17013KT 10SM CLR 37/09 A2989 RMK AO2 SLP064 T03720089
MAF,2023-07-12 02:53,KMAF 120253Z 16010KT 10SM CLR 36/10 A2990 RMK AO2 SLP069 T03560100 53007
MAF,2023-07-12 03:53,KMAF 120353Z 17012KT 10SM CLR 34/10 A2994 RMK AO2 SLP081 T03390100
MAF,2023-07-12 04:53,KMAF 120453Z AUTO 18015KT 10SM CLR 33/12 A2995 RMK AO2 SLP083 T03330117
MAF,2023-07-12 05:53,KMAF 120553Z AUTO 18017G23KT 10SM CLR 32/16 A2994 RMK AO2 SLP081 T03220161 10400 20322 404110283 50013
MAF,2023-07-12 06:53,KMAF 120653Z AUTO 19012KT 10SM CLR 31/17 A2995 RMK AO2 SLP081 T03110167
MAF,2023-07-12 07:53,KMAF 120753Z AUTO 19012KT 10SM CLR 31/18 A2994 RMK AO2 SLP078 T03060178
MAF,2023-07-12 08:53,KMAF 120853Z AUTO 18012KT 10SM CLR 30/19 A2994 RMK AO2 SLP078 T03000189 58002
MAF,2023-07-12 09:53,KMAF 120953Z AUTO 18012G21KT 10SM CLR 29/19 A2993 RMK AO2 SLP076 T02940189
MAF,2023-07-12 10:53,KMAF 121053Z 18013G20KT 10SM CLR 29/19 A2994 RMK AO2 SLP079 T02890189
MAF,2023-07-12 11:53,KMAF 121153Z 18007KT 10SM CLR 28/18 A2996 RMK AO2 SLP086 T02830183 10322 20283 53007
MAF,2023-07-12 12:53,KMAF 121253Z 21011KT 10SM CLR 28/18 A2996 RMK AO2 SLP086 T02830183
MAF,2023-07-12 13:53,KMAF 121353Z 20015KT 10SM CLR 30/18 A2997 RMK AO2 SLP089 T03000183
MAF,2023-07-12 14:53,KMAF 121453Z 21019G25KT 10SM CLR 32/18 A2997 RMK AO2 SLP091 T03170178 53004
MAF,2023-07-12 15:53,KMAF 121553Z 20015KT 10SM CLR 34/18 A2996 RMK AO2 PK WND 21026/1514 SLP086 T03390178
MAF,2023-07-12 16:53,KMAF 121653Z 21012KT 10SM CLR 36/16 A2996 RMK AO2 SLP086 T03610161
MAF,2023-07-12 17:53,KMAF 121753Z 24010G19KT 10SM CLR 38/16 A2995 RMK AO2 SLP081 T03830156 10389 20278 56008
MAF,2023-07-12 18:53,KMAF 121853Z AUTO 21009G17KT 10SM CLR 40/14 A2993 RMK AO2 SLP075 T04000144
MAF,2023-07-12 19:53,KMAF 121953Z 23010KT 10SM CLR 41/13 A2990 RMK AO2 SLP064 T04110133
MAF,2023-07-12 20:53,KMAF 122053Z 21007KT 10SM CLR 42/11 A2987 RMK AO2 SLP055 T04220111 58023
MAF,2023-07-12 21:53,KMAF 122153Z 18012G22KT 10SM CLR 43/12 A2985 RMK AO2 SLP046 T04280117
MAF,2023-07-12 22:53,KMAF 122253Z 17008G21KT 10SM CLR 42/11 A2983 RMK AO2 SLP040 T04170111
MAF,2023-07-12 23:53,KMAF 122353Z 19009G17KT 10SM CLR 42/11 A2981 RMK AO2 LTG DSNT NW SLP034 T04170111 10433 20378 56019
MAF,2023-07-13 00:53,KMAF 130053Z 17018G23KT 10SM BKN120 40/12 A2982 RMK AO2 LTG DSNT N AND NW SLP040 T04000122
MAF,2023-07-13 01:53,KMAF 130153Z 26016G32KT 5SM -TSRA FEW060 SCT080 OVC100 35/14 A2985 RMK AO2 PK WND 26032/0146 LTG DSNT W AND NW RAB53 TSB33 SLP050 P0000 T03500144
MAF,2023-07-13 02:53,KMAF 130253Z 25018KT 10SM VCTS SCT100 32/16 A2989 RMK AO2 PK WND 19031/0202 LTG DSNT SW-NW RAE02 TSE06 SLP064 P0000 60000 T03220156 53021
MAF,2023-07-13 03:53,KMAF 130353Z 26010KT 10SM CLR 33/15 A2993 RMK AO2 LTG DSNT SW AND W SLP076 T03280150
MAF,2023-07-13 04:53,KMAF 130453Z 00000KT 10SM CLR 31/17 A2996 RMK AO2 SLP089 T03060172
MAF,2023-07-13 05:53,KMAF 130553Z AUTO 09011KT 10SM CLR 31/16 A2998 RMK AO2 SLP093 60000 T03110156 10417 20306 404330278 51028
MAF,2023-07-13 06:53,KMAF 130653Z AUTO 15008KT 10SM CLR 30/14 A2995 RMK AO2 SLP082 T03000139
MAF,2023-07-13 07:53,KMAF 130753Z AUTO 16007KT 10SM CLR 30/13 A2995 RMK AO2 SLP081 T03000133
MAF,2023-07-13 08:53,KMAF 130853Z AUTO 20009KT 10SM CLR 30/14 A2993 RMK AO2 SLP073 T03000144 56017
MAF,2023-07-13 09:53,KMAF 130953Z AUTO 21010KT 10SM CLR 29/16 A2991 RMK AO2 SLP068 T02890156
MAF,2023-07-13 10:53,KMAF 131053Z AUTO 21007KT 10SM CLR 28/16 A2992 RMK AO2 SLP071 T02830161
MAF,2023-07-13 11:53,KMAF 131153Z 23006KT 10SM CLR 27/17 A2994 RMK AO2 SLP080 T02720167 10311 20272 53005
MAF,2023-07-13 12:53,KMAF 131253Z 24006KT 10SM CLR 28/17 A2995 RMK AO2 SLP082 T02780172
MAF,2023-07-13 13:53,KMAF 131353Z 19008KT 10SM CLR 28/18 A2996 RMK AO2 SLP088 T02830178
MAF,2023-07-13 14:53,KMAF 131453Z 15007KT 9SM CLR 28/18 A2996 RMK AO2 SLP090 T02830183 51005
MAF,2023-07-13 15:53,KMAF 131553Z 22009KT 10SM CLR 31/18 A2995 RMK AO2 SLP085 T03060183
MAF,2023-07-13 16:53,KMAF 131653Z 20005KT 10SM CLR 33/17 A2996 RMK AO2 SLP089 T03280172
MAF,2023-07-13 17:53,KMAF 131753Z VRB04KT 9SM CLR 36/18 A2995 RMK AO2 SLP084 T03560178 10356 20272 57002
MAF,2023-07-13 18:53,KMAF 131853Z 00000KT 10SM CLR 37/14 A2993 RMK AO2 SLP076 T03720139
MAF,2023-07-13 19:53,KMAF 131953Z 01006KT 10SM CLR 39/12 A2991 RMK AO2 SLP067 T03940122
MAF,2023-07-13 20:53,KMAF 132053Z 12006KT 10SM CLR 39/13 A2988 RMK AO2 SLP058 T03940133 58022
MAF,2023-07-13 21:53,KMAF 132153Z AUTO 20009KT 10SM CLR 41/12 A2985 RMK AO2 SLP047 T04060122
MAF,2023-07-13 22:53,KMAF 132253Z COR 22011KT 10SM CLR 41/11 A2983 RMK AO2 SLP040 T04060106
MAF,2023-07-13 23:53,KMAF 132353Z 15012KT 10SM CLR 41/13 A2982 RMK AO2 WSHFT 2319 SLP038 T04060128 10417 20350 56019
MAF,2023-07-14 00:53,KMAF 140053Z 15014KT 10SM CLR 39/11 A2982 RMK AO2 LTG DSNT W SLP037 T03940111
MAF,2023-07-14 01:53,KMAF 140153Z 15013KT 10SM CLR 38/11 A2984 RMK AO2 LTG DSNT W SLP046 T03780111
MAF,2023-07-14 02:53,KMAF 140253Z 16014KT 10SM CLR 36/11 A2986 RMK AO2 SLP053 T03610111 53013
MAF,2023-07-14 03:53,KMAF 140353Z 17014KT 10SM CLR 35/12 A2989 RMK AO2 SLP065 T03500117
MAF,2023-07-14 04:53,KMAF 140453Z 19014KT 10SM CLR 34/13 A2991 RMK AO2 SLP071 T03390128
MAF,2023-07-14 05:53,KMAF 140553Z 19016G23KT 10SM CLR 33/14 A2992 RMK AO2 SLP073 T03280144 10406 20328 404170272 51019
MAF,2023-07-14 06:53,KMAF 140653Z 19012KT 10SM CLR 32/16 A2992 RMK AO2 SLP071 T03170156
MAF,2023-07-14 07:53,KMAF 140753Z 19007KT 10SM CLR 31/16 A2993 RMK AO2 SLP073 T03060161
MAF,2023-07-14 08:53,KMAF 140853Z 15008KT 10SM CLR 29/16 A2992 RMK AO2 SLP072 T02890161 58000
MAF,2023-07-14 09:53,KMAF 140953Z AUTO 14010KT 10SM CLR 28/16 A2992 RMK AO2 SLP073 T02780156
MAF,2023-07-14 10:53,KMAF 141053Z AUTO 16008KT 10SM CLR 27/16 A2993 RMK AO2 SLP075 T02670156
MAF,2023-07-14 11:53,KMAF 141153Z 16006KT 10SM CLR 26/16 A2993 RMK AO2 SLP078 T02560156 10328 20256 53004
MAF,2023-07-14 12:53,KMAF 141253Z 16007KT 9SM CLR 26/16 A2995 RMK AO2 SLP085 T02610161
MAF,2023-07-14 13:53,KMAF 141353Z 15010KT 9SM CLR 28/18 A2996 RMK AO2 SLP089 T02780178
MAF,2023-07-14 14:53,KMAF 141453Z 15009KT 9SM CLR 30/18 A2997 RMK AO2 SLP092 T03000178 51013
MAF,2023-07-14 15:53,KMAF 141553Z 16013KT 9SM CLR 33/17 A2996 RMK AO2 SLP088 T03280172
MAF,2023-07-14 16:53,KMAF 141653Z 16011G19KT 10SM CLR 34/17 A2996 RMK AO2 SLP085 T03440172
MAF,2023-07-14 17:53,KMAF 141753Z 11009KT 10SM CLR 36/16 A2995 RMK AO2 SLP083 T03610161 10361 20256 56007
MAF,2023-07-14 18:53,KMAF 141853Z 14012G19KT 10SM CLR 37/14 A2993 RMK AO2 SLP076 T03720139
MAF,2023-07-14 19:53,KMAF 141953Z 18011G18KT 10SM CLR 38/11 A2991 RMK AO2 SLP069 T03830111
MAF,2023-07-14 20:53,KMAF 142053Z 17011G20KT 10SM CLR 39/11 A2988 RMK AO2 SLP059 T03940111 58022
MAF,2023-07-14 21:53,KMAF 142153Z AUTO 14013G20KT 10SM CLR 40/12 A2986 RMK AO2 SLP052 T04000122
MAF,2023-07-14 22:53,KMAF 142253Z 18014G21KT 10SM CLR 40/09 A2985 RMK AO2 SLP048 T04000089
MAF,2023-07-14 23:53,KMAF 142353Z 15015G22KT 10SM CLR 39/12 A2983 RMK AO2 SLP045 T03940122 10400 20361 56014
MAF,2023-07-15 00:53,KMAF 150053Z 17016KT 10SM CLR 38/12 A2984 RMK AO2 SLP048 T03830122
MAF,2023-07-15 01:53,KMAF 150153Z 16014KT 10SM CLR 36/13 A2986 RMK AO2 SLP052 T03610128
MAF,2023-07-15 02:53,KMAF 150253Z 16011KT 10SM CLR 34/12 A2988 RMK AO2 SLP060 T03440122 53014
MAF,2023-07-15 03:53,KMAF 150353Z 16014KT 10SM CLR 33/11 A2990 RMK AO2 SLP067 T03330106
MAF,2023-07-15 04:53,KMAF 150453Z AUTO 17013KT 10SM CLR 32/12 A2992 RMK AO2 SLP073 T03220122
MAF,2023-07-15 05:53,KMAF 150553Z AUTO 17011KT 10SM CLR 32/12 A2993 RMK AO2 SLP074 T03170122 10394 20317 404000256 51015
MAF,2023-07-15 06:53,KMAF 150653Z AUTO 16007KT 10SM CLR 30/12 A2992 RMK AO2 SLP073 T03000122
MAF,2023-07-15 07:53,KMAF 150753Z AUTO 16010KT 10SM CLR 29/12 A2991 RMK AO2 SLP070 T02940122
MAF,2023-07-15 08:53,KMAF 150853Z AUTO 15012KT 10SM CLR 29/13 A2992 RMK AO2 SLP073 T02890133 55001
MAF,2023-07-15 09:53,KMAF 150953Z AUTO 16007KT 10SM CLR 28/14 A2993 RMK AO2 SLP076 T02830139
MAF,2023-07-15 10:53,KMAF 151053Z 16008KT 10SM CLR 28/16 A2994 RMK AO2 SLP080 T02780156
MAF,2023-07-15 11:53,KMAF 151153Z 14007KT 10SM CLR 27/16 A2997 RMK AO2 SLP090 T02670161 10317 20267 53015
MAF,2023-07-15 12:53,KMAF 151253Z 15010KT 9SM CLR 27/18 A2999 RMK AO2 SLP098 T02720178
MAF,2023-07-15 13:53,KMAF 151353Z 15011KT 10SM CLR 28/18 A3001 RMK AO2 SLP107 T02830183
MAF,2023-07-15 14:53,KMAF 151453Z 09008KT 10SM FEW120 30/19 A3006 RMK AO2 SLP121 T03000189 53027
MAF,2023-07-15 15:53,KMAF 151553Z 14008G17KT 10SM CLR 32/19 A3005 RMK AO2 SLP118 T03170189
MAF,2023-07-15 16:53,KMAF 151653Z 13013G18KT 10SM CLR 34/18 A3006 RMK AO2 SLP122 T03390183
MAF,2023-07-15 17:53,KMAF 151753Z 11013G17KT 10SM BKN120 34/17 A3007 RMK AO2 SLP126 T03440172 10344 20267 53005
MAF,2023-07-15 18:53,KMAF 151853Z 10008G18KT 10SM CLR 36/16 A3006 RMK AO2 SLP121 T03560156
MAF,2023-07-15 19:53,KMAF 151953Z 17011G19KT 130V190 10SM CLR 37/15 A3002 RMK AO2 SLP109 T03720150
MAF,2023-07-15 20:53,KMAF 152053Z 15013G24KT 10SM CLR 38/12 A3001 RMK AO2 SLP103 T03830122 57020
MAF,2023-07-15 21:53,KMAF 152153Z 14013G18KT 110V170 10SM CLR 38/09 A3000 RMK AO2 SLP101 T03830094
MAF,2023-07-15 22:53,KMAF 152253Z 10013G24KT 10SM CLR 39/09 A2999 RMK AO2 SLP097 T03890094
MAF,2023-07-15 23:53,KMAF 152353Z 16012KT 10SM CLR 38/12 A2997 RMK AO2 SLP092 T03830117 10394 20344 58011
MAF,2023-07-16 00:53,KMAF 160053Z 13014G24KT 10SM CLR 37/13 A2998 RMK AO2 PK WND 10029/0004 SLP094 T03720133
MAF,2023-07-16 01:53,KMAF 160153Z 12012KT 10SM CLR 36/13 A3000 RMK AO2 SLP102 T03560133
MAF,2023-07-16 02:53,KMAF 160253Z 12013KT 10SM CLR 34/13 A3002 RMK AO2 SLP108 T03390128 53014
MAF,2023-07-16 03:53,KMAF 160353Z 12011KT 10SM CLR 33/13 A3002 RMK AO2 SLP110 T03280133
MAF,2023-07-16 04:53,KMAF 160453Z AUTO 08008KT 10SM CLR 32/13 A3004 RMK AO2 SLP117 T03170133
MAF,2023-07-16 05:53,KMAF 160553Z AUTO 07012KT 10SM CLR 28/21 A3005 RMK AO2 SLP120 T02830206 10383 20283 403940267 52010
MAF,2023-07-16 06:53,KMAF 160653Z AUTO 08010KT 10SM CLR 28/20 A3007 RMK AO2 SLP126 T02780200
MAF,2023-07-16 07:53,KMAF 160753Z AUTO 05008KT 10SM CLR 27/19 A3009 RMK AO2 SLP131 T02670194
MAF,2023-07-16 08:53,KMAF 160853Z AUTO 36013KT 10SM FEW120 27/20 A3012 RMK AO2 SLP142 T02670200 53021
MAF,2023-07-16 09:53,KMAF 160953Z AUTO 02019G32KT 7SM CLR 26/18 A3014 RMK AO2 PK WND 03032/0947 SLP149 T02610178
MAF,2023-07-16 10:53,KMAF 161053Z 05017G28KT 6SM HZ CLR 23/16 A3016 RMK AO2 PK WND 02032/1001 SLP157 T02280161
MAF,2023-07-16 11:53,KMAF 161153Z 05012KT 10SM CLR 23/16 A3016 RMK AO2 SLP161 T02280161 10283 20228 51014
MAF,2023-07-16 12:53,KMAF 161253Z 07011KT 10SM CLR 23/16 A3016 RMK AO2 SLP162 T02280156
MAF,2023-07-16 13:53,KMAF 161353Z 08005KT 10SM CLR 24/16 A3019 RMK AO2 LTG DSNT W SLP170 T02390156
MAF,2023-07-16 14:53,KMAF 161453Z 12014KT 10SM BKN110 26/15 A3016 RMK AO2 PRESFR SLP160 T02560150 58001
MAF,2023-07-16 15:53,KMAF 161553Z 13014KT 10SM CLR 28/16 A3013 RMK AO2 SLP150 T02780156
MAF,2023-07-16 16:53,KMAF 161653Z 15011G21KT 10SM CLR 32/14 A3014 RMK AO2 SLP149 T03170144
MAF,2023-07-16 17:53,KMAF 161753Z 19009G17KT 10SM CLR 33/14 A3012 RMK AO2 SLP144 T03330139 10333 20228 56012
MAF,2023-07-16 18:53,KMAF 161853Z 18009G21KT 10SM CLR 35/12 A3009 RMK AO2 SLP135 T03500117
MAF,2023-07-16 19:53,KMAF 161953Z 17010G15KT 10SM CLR 36/09 A3007 RMK AO2 SLP127 T03610094
MAF,2023-07-16 20:53,KMAF 162053Z 14008G18KT 10SM CLR 37/08 A3005 RMK AO2 SLP120 T03670083 56022
MAF,2023-07-16 21:53,KMAF 162153Z 10SM CLR 38/07 A3003 RMK AO2 SLP112 T03780067
MAF,2023-07-16 22:53,KMAF 162253Z 20005KT 10SM CLR 37/07 A3002 RMK AO2 SLP111 T03720067
MAF,2023-07-16 23:53,KMAF 162353Z COR 16008KT 10SM CLR 37/09 A3001 RMK AO2 SLP108 T03720089 10378 20333 56014
MAF,2023-07-17 00:53,KMAF 170053Z 14008KT 10SM CLR 37/09 A3001 RMK AO2 SLP108 T03670089
MAF,2023-07-17 01:53,KMAF 170153Z 15008KT 10SM CLR 35/09 A3001 RMK AO2 SLP111 T03500089
MAF,2023-07-17 02:53,KMAF 170253Z 14006KT 10SM CLR 33/09 A3003 RMK AO2 SLP115 T03280089 53006
MAF,2023-07-17 03:53,KMAF 170353Z 15008KT 10SM CLR 31/11 A3005 RMK AO2 SLP123 T03110106
MAF,2023-07-17 04:53,KMAF 170453Z 17010KT 10SM CLR 32/11 A3007 RMK AO2 SLP128 T03170111
MAF,2023-07-17 05:53,KMAF 170553Z 18013KT 10SM CLR 31/09 A3008 RMK AO2 SLP128 T03060094 10372 20306 403780228 51016
MAF,2023-07-17 06:53,KMAF 170653Z 18012KT 10SM CLR 30/09 A3008 RMK AO2 SLP130 T03000094
MAF,2023-07-17 07:53,KMAF 170753Z 18007KT 10SM CLR 29/10 A3008 RMK AO2 SLP129 T02890100
MAF,2023-07-17 08:53,KMAF 170853Z 18008KT 10SM CLR 28/11 A3007 RMK AO2 SLP125 T02780106 58002
MAF,2023-07-17 09:53,KMAF 170953Z AUTO 18008KT 10SM CLR 27/11 A3007 RMK AO2 SLP125 T02720111
MAF,2023-07-17 10:53,KMAF 171053Z 18007KT 10SM CLR 26/12 A3007 RMK AO2 SLP128 T02610122
MAF,2023-07-17 11:53,KMAF 171153Z 18007KT 10SM CLR 26/12 A3009 RMK AO2 SLP134 T02560122 10306 20256 53007
MAF,2023-07-17 12:53,KMAF 171253Z 18008KT 8SM CLR 26/13 A3010 RMK AO2 SLP138 T02560128
MAF,2023-07-17 13:53,KMAF 171353Z 17014KT 9SM CLR 28/14 A3012 RMK AO2 SLP143 T02780139
MAF,2023-07-17 14:53,KMAF 171453Z 17016G21KT 9SM CLR 31/13 A3012 RMK AO2 SLP145 T03110133 51011
MAF,2023-07-17 15:53,KMAF 171553Z 19013G20KT 10SM CLR 33/13 A3012 RMK AO2 SLP143 T03330128
MAF,2023-07-17 16:53,KMAF 171653Z 20014G19KT 10SM CLR 35/12 A3012 RMK AO2 SLP141 T03500117
MAF,2023-07-17 17:53,KMAF 171753Z 18012G20KT 10SM CLR 37/09 A3010 RMK AO2 SLP135 T03670094 10367 20250 58007
MAF,2023-07-17 18:53,KMAF 171853Z 15016G22KT 10SM CLR 37/09 A3009 RMK AO2 SLP129 T03720094
MAF,2023-07-17 19:53,KMAF 171953Z AUTO 16014G21KT 10SM CLR 38/09 A3007 RMK AO2 WSHFT 1934 SLP123 T03830089
MAF,2023-07-17 20:53,KMAF 172053Z 19013G22KT 10SM CLR 39/07 A3005 RMK AO2 SLP116 T03890072 58018
MAF,2023-07-17 21:53,KMAF 172153Z 15017G24KT 10SM CLR 39/05 A3003 RMK AO2 SLP110 T03940050
MAF,2023-07-17 22:53,KMAF 172253Z 15015G22KT 10SM CLR 39/05 A3002 RMK AO2 SLP107 T03890050
MAF,2023-07-17 23:53,KMAF 172353Z 16011KT 10SM CLR 38/04 A3001 RMK AO2 SLP105 T03830044 10394 20361 56011
MAF,2023-07-18 00:53,KMAF 180053Z 16015KT 10SM CLR 38/05 A3001 RMK AO2 SLP106 T03780050
MAF,2023-07-18 01:53,KMAF 180153Z 17010KT 10SM CLR 36/05 A3002 RMK AO2 SLP110 T03560050
MAF,2023-07-18 02:53,KMAF 180253Z 17011KT 10SM CLR 34/06 A3004 RMK AO2 SLP116 T03390061 53010
MAF,2023-07-18 03:53,KMAF 180353Z 17010KT 10SM CLR 32/06 A3006 RMK AO2 SLP123 T03220061
MAF,2023-07-18 04:53,KMAF 180453Z AUTO 17009KT 10SM CLR 31/06 A3007 RMK AO2 SLP126 T03110056
MAF,2023-07-18 05:53,KMAF 180553Z AUTO 18011KT 10SM CLR 30/06 A3008 RMK AO2 SLP127 T03000061 10383 20300 403940250 51011
MAF,2023-07-18 06:53,KMAF 180653Z AUTO 16009KT 10SM CLR 28/07 A3008 RMK AO2 SLP130 T02830067
MAF,2023-07-18 07:53,KMAF 180753Z AUTO 17008KT 10SM CLR 28/08 A3008 RMK AO2 SLP128 T02780083
MAF,2023-07-18 08:53,KMAF 180853Z AUTO 14006KT 10SM CLR 26/09 A3007 RMK AO2 SLP124 T02560089 58004
MAF,2023-07-18 09:53,KMAF 180953Z AUTO 16007KT 10SM CLR 25/09 A3006 RMK AO2 SLP123 T02500094
MAF,2023-07-18 10:53,KMAF 181053Z 18006KT 10SM CLR 25/10 A3006 RMK AO2 SLP124 T02500100
MAF,2023-07-18 11:53,KMAF 181153Z 18010KT 10SM CLR 26/13 A3008 RMK AO2 SLP128 T02560128 10300 20250 53003
MAF,2023-07-18 12:53,KMAF 181253Z 18009KT 10SM CLR 26/16 A3011 RMK AO2 SLP138 T02610156
MAF,2023-07-18 13:53,KMAF 181353Z 18011KT 10SM CLR 28/16 A3011 RMK AO2 SLP140 T02830161
MAF,2023-07-18 14:53,KMAF 181453Z 19017G22KT 10SM CLR 31/15 A3011 RMK AO2 SLP140 T03110150 51011
MAF,2023-07-18 15:53,KMAF 181553Z 18019G26KT 10SM CLR 33/14 A3010 RMK AO2 PK WND 20027/1533 SLP137 T03330139
MAF,2023-07-18 16:53,KMAF 181653Z 20018G27KT 10SM CLR 36/12 A3010 RMK AO2 PK WND 17027/1618 SLP133 T03560122
MAF,2023-07-18 17:53,KMAF 181753Z 18017KT 10SM CLR 37/12 A3008 RMK AO2 SLP128 T03670117 10372 20256 58010
MAF,2023-07-18 18:53,KMAF 181853Z 18016G26KT 10SM CLR 39/09 A3006 RMK AO2 PK WND 17026/1846 SLP119 T03890089
MAF,2023-07-18 19:53,KMAF 181953Z 17017G26KT 10SM CLR 40/06 A3004 RMK AO2 PK WND 18027/1856 SLP113 T04000056
MAF,2023-07-18 20:53,KMAF 182053Z 20015G26KT 10SM CLR 40/06 A3002 RMK AO2 PK WND 21026/2053 SLP107 T04000061 56020
MAF,2023-07-18 21:53,KMAF 182153Z 16015G23KT 10SM CLR 41/04 A3000 RMK AO2 PK WND 20026/2125 SLP102 T04060039
MAF,2023-07-18 22:53,KMAF 182253Z 18010G22KT 10SM CLR 40/03 A2999 RMK AO2 PK WND 16029/2201 SLP098 T04000028
MAF,2023-07-18 23:53,KMAF 182353Z 18013G21KT 10SM CLR 39/04 A2998 RMK AO2 SLP095 T03940039 10411 20367 56011
MAF,2023-07-19 00:53,KMAF 190053Z 17014KT 10SM CLR 38/03 A2998 RMK AO2 SLP096 T03830033
MAF,2023-07-19 01:53,KMAF 190153Z 17012KT 10SM CLR 37/03 A2999 RMK AO2 SLP100 T03670033
MAF,2023-07-19 02:53,KMAF 190253Z 17010KT 10SM CLR 34/04 A3001 RMK AO2 SLP106 T03440039 53009
MAF,2023-07-19 03:53,KMAF 190353Z 17011KT 10SM CLR 33/04 A3003 RMK AO2 SLP112 T03280039
MAF,2023-07-19 04:53,KMAF 190453Z AUTO 18013KT 10SM CLR 32/06 A3004 RMK AO2 SLP115 T03170056
MAF,2023-07-19 05:53,KMAF 190553Z AUTO 18009KT 10SM CLR 30/08 A3005 RMK AO2 SLP120 T03000078 10394 20300 404110250 51014
MAF,2023-07-19 06:53,KMAF 190653Z AUTO 16006KT 10SM CLR 27/09 A3005 RMK AO2 SLP118 T02720094
MAF,2023-07-19 07:53,KMAF 190753Z AUTO 16008KT 10SM CLR 26/10 A3004 RMK AO2 SLP113 T02610100
MAF,2023-07-19 08:53,KMAF 190853Z AUTO 16006KT 10SM CLR 25/12 A3004 RMK AO2 SLP115 T02500117 55005
MAF,2023-07-19 09:53,KMAF 190953Z AUTO 16007KT 10SM CLR 25/12 A3004 RMK AO2 SLP116 T02500122
MAF,2023-07-19 10:53,KMAF 191053Z 16008KT 10SM CLR 24/12 A3006 RMK AO2 SLP122 T02390117
MAF,2023-07-19 11:53,KMAF 191153Z 15007KT 9SM CLR 23/11 A3007 RMK AO2 SLP128 T02280111 10300 20228 53011
MAF,2023-07-19 12:53,KMAF 191253Z 16008KT 8SM CLR 25/12 A3010 RMK AO2 SLP137 T02500122
MAF,2023-07-19 13:53,KMAF 191353Z 18015KT 9SM CLR 28/15 A3011 RMK AO2 SLP141 T02780150
MAF,2023-07-19 14:53,KMAF 191453Z 18019G25KT 9SM CLR 31/15 A3011 RMK AO2 SLP140 T03060150 50012
MAF,2023-07-19 15:53,KMAF 191553Z 18018G26KT 9SM 33/14 A3010 RMK AO2 PK WND 18027/1531 SLP136 T03330144 PNO $
MAF,2023-07-19 16:53,KMAF 191653Z 18016KT 10SM CLR 35/13 A3010 RMK AO2 PK WND 16027/1639 SLP134 T03500133
MAF,2023-07-19 17:53,KMAF 191753Z 18016G22KT 10SM CLR 37/12 A3009 RMK AO2 SLP130 6//// T03670117 10367 20228 57008
MAF,2023-07-19 18:53,KMAF 191853Z 16012G22KT 10SM CLR 38/09 A3006 RMK AO2 SLP124 T03780089
MAF,2023-07-19 19:53,KMAF 191953Z COR 16013G22KT 10SM CLR 39/08 A3005 RMK AO2 SLP118 T03890083
MAF,2023-07-19 20:53,KMAF 192053Z 16016G23KT 10SM CLR 39/08 A3003 RMK AO2 PK WND 15026/1955 SLP113 T03940078 56017
MAF,2023-07-19 21:53,KMAF 192153Z 12012G19KT 10SM CLR 39/06 A3002 RMK AO2 PK WND 17028/2113 SLP108 T03940061
MAF,2023-07-19 22:53,KMAF 192253Z 16015G19KT 10SM CLR 39/05 A3000 RMK AO2 SLP104 T03940050
MAF,2023-07-19 23:53,KMAF 192353Z 16016KT 10SM CLR 39/07 A2999 RMK AO2 SLP100 T03890067 10400 20367 57013
MAF,2023-07-20 00:53,KMAF 200053Z 16016KT 10SM CLR 38/07 A3000 RMK AO2 SLP102 T03780067
MAF,2023-07-20 01:53,KMAF 200153Z 15011KT 10SM CLR 36/07 A3002 RMK AO2 SLP109 T03560067
MAF,2023-07-20 02:53,KMAF 200253Z 15011KT 10SM CLR 33/09 A3005 RMK AO2 SLP117 T03330089 53017
MAF,2023-07-20 03:53,KMAF 200353Z 16013KT 10SM CLR 32/09 A3006 RMK AO2 SLP122 T03220094
MAF,2023-07-20 04:53,KMAF 200453Z 16014KT 10SM CLR 31/11 A3006 RMK AO2 SLP123 T03110106
MAF,2023-07-20 05:53,KMAF 200553Z AUTO 17013KT 10SM CLR 31/12 A3008 RMK AO2 SLP126 T03060117 10389 20306 404000228 51009
MAF,2023-07-20 06:53,KMAF 200653Z AUTO 15008KT 10SM CLR 28/12 A3007 RMK AO2 SLP127 T02830117
MAF,2023-07-20 07:53,KMAF 200753Z AUTO 15008KT 10SM CLR 27/11 A3007 RMK AO2 SLP125 T02670111
MAF,2023-07-20 08:53,KMAF 200853Z AUTO 14008KT 10SM CLR 26/11 A3006 RMK AO2 SLP123 T02560111 58005
MAF,2023-07-20 09:53,KMAF 200953Z AUTO 15010KT 10SM CLR 26/12 A3007 RMK AO2 SLP126 T02610117
MAF,2023-07-20 10:53,KMAF 201053Z 10006KT 10SM CLR 25/12 A3011 RMK AO2 SLP139 T02500122
MAF,2023-07-20 11:53,KMAF 201153Z 11009KT 9SM CLR 25/14 A3013 RMK AO2 SLP146 7//// T02500139 10306 20250 53021
MAF,2023-07-20 12:53,KMAF 201253Z 13007KT 9SM CLR 26/16 A3014 RMK AO2 SLP149 T02560156
MAF,2023-07-20 13:53,KMAF 201353Z 15014KT 9SM CLR 27/17 A3014 RMK AO2 SLP151 T02720167
MAF,2023-07-20 14:53,KMAF 201453Z 16015KT 9SM CLR 29/17 A3014 RMK AO2 SLP150 T02890172 50002
MAF,2023-07-20 15:53,KMAF 201553Z 15013KT 9SM CLR 31/17 A3014 RMK AO2 SLP151 T03110172
MAF,2023-07-20 16:53,KMAF 201653Z 16011G20KT 9SM CLR 33/16 A3014 RMK AO2 PK WND 14029/1624 SLP148 T03280156
MAF,2023-07-20 17:53,KMAF 201753Z 11012KT 090V150 10SM CLR 34/13 A3012 RMK AO2 SLP144 T03440128 10350 20250 58004
MAF,2023-07-20 18:53,KMAF 201853Z 12010G18KT 100V160 10SM CLR 36/11 A3011 RMK AO2 SLP139 T03560106
MAF,2023-07-20 19:53,KMAF 201953Z 15016G22KT 10SM CLR 37/11 A3009 RMK AO2 SLP134 T03670106
MAF,2023-07-20 20:53,KMAF 202053Z 16014G22KT 10SM CLR 38/11 A3007 RMK AO2 SLP127 T03780106 58016
MAF,2023-07-20 21:53,KMAF 202153Z 14015G23KT 10SM CLR 37/11 A3005 RMK AO2 SLP120 T03720106
MAF,2023-07-20 22:53,KMAF 202253Z 14010G20KT 10SM CLR 37/11 A3003 RMK AO2 SLP114 T03670106
MAF,2023-07-20 23:53,KMAF 202353Z 17013G19KT 10SM CLR 37/09 A3002 RMK AO2 SLP111 T03720089 10383 20344 56015
MAF,2023-07-21 00:53,KMAF 210053Z 14014KT 10SM CLR 36/08 A3002 RMK AO2 SLP111 T03560083
MAF,2023-07-21 01:53,KMAF 210153Z 14008KT 10SM CLR 34/08 A3003 RMK AO2 SLP113 T03440078
MAF,2023-07-21 02:53,KMAF 210253Z 15007KT 10SM CLR 32/08 A3004 RMK AO2 SLP119 T03170083 53006
MAF,2023-07-21 03:53,KMAF 210353Z 16008KT 10SM CLR 30/08 A3005 RMK AO2 SLP123 T03000083
MAF,2023-07-21 04:53,KMAF 210453Z 17009KT 10SM CLR 31/09 A3005 RMK AO2 SLP119 T03060094
MAF,2023-07-21 05:53,KMAF 210553Z AUTO 19009KT 10SM CLR 30/11 A3005 RMK AO2 SLP117 T03000111 10372 20294 403830250 50001
MAF,2023-07-21 06:53,KMAF 210653Z AUTO 19008KT 10SM CLR 29/12 A3005 RMK AO2 SLP118 T02890117
MAF,2023-07-21 07:53,KMAF 210753Z AUTO 18009KT 10SM CLR 28/12 A3004 RMK AO2 SLP116 T02830122
MAF,2023-07-21 08:53,KMAF 210853Z AUTO 18013KT 10SM CLR 28/13 A3004 RMK AO2 SLP113 T02830128 58003
MAF,2023-07-21 09:53,KMAF 210953Z AUTO 18014KT 10SM CLR 28/13 A3004 RMK AO2 SLP117 T02780128
MAF,2023-07-21 10:53,KMAF 211053Z 17011KT 10SM CLR 26/14 A3004 RMK AO2 SLP117 T02610139
MAF,2023-07-21 11:53,KMAF 211153Z 16007KT 10SM CLR 25/16 A3006 RMK AO2 SLP125 T02500156 10300 20250 53009
MAF,2023-07-21 12:53,KMAF 211253Z 15006KT 9SM CLR 25/17 A3009 RMK AO2 SLP134 T02500172
MAF,2023-07-21 13:53,KMAF 211353Z 16012KT 10SM CLR 27/18 A3009 RMK AO2 SLP135 T02720178
MAF,2023-07-21 14:53,KMAF 211453Z 15013KT 10SM CLR 29/17 A3010 RMK AO2 SLP140 T02940172 51012
MAF,2023-07-21 15:53,KMAF 211553Z 15011KT 10SM CLR 31/16 A3010 RMK AO2 SLP139 T03110161
MAF,2023-07-21 16:53,KMAF 211653Z 15011G19KT 10SM CLR 33/13 A3010 RMK AO2 SLP135 T03330133
MAF,2023-07-21 17:53,KMAF 211753Z 09011G21KT 10SM CLR 34/12 A3008 RMK AO2 SLP129 T03440117 10344 20244 58008
MAF,2023-07-21 18:53,KMAF 211853Z 13009G19KT 10SM CLR 35/11 A3006 RMK AO2 SLP121 T03500106
MAF,2023-07-21 19:53,KMAF 211953Z 11017G24KT 10SM CLR 37/08 A3005 RMK AO2 PK WND 14026/1931 SLP118 T03720078
MAF,2023-07-21 20:53,KMAF 212053Z 11017G25KT 10SM CLR 37/06 A3004 RMK AO2 SLP116 T03720056 56011
MAF,2023-07-21 21:53,KMAF 212153Z 15012G19KT 10SM CLR 37/06 A3003 RMK AO2 PK WND 12026/2101 SLP111 T03720061
MAF,2023-07-21 22:53,KMAF 212253Z 11008G15KT 10SM CLR 37/07 A3002 RMK AO2 SLP108 T03670072
MAF,2023-07-21 23:53,KMAF 212353Z 13010KT 10SM CLR 37/08 A3000 RMK AO2 SLP102 T03670078 10378 20344 58014
MAF,2023-07-22 00:53,KMAF 220053Z 06020KT 9SM CLR 34/15 A3000 RMK AO2 PK WND 06026/0048 SLP106 T03440150
MAF,2023-07-22 01:53,KMAF 220153Z 07019G26KT 10SM CLR 33/15 A3001 RMK AO2 PK WND 07028/0124 SLP109 T03330150
MAF,2023-07-22 02:53,KMAF 220253Z 07016KT 10SM CLR 32/16 A3003 RMK AO2 PK WND 07027/0231 SLP116 T03170156 53011
MAF,2023-07-22 03:53,KMAF 220353Z 07022G27KT 10SM CLR 30/16 A3006 RMK AO2 PK WND 07030/0341 SLP125 T03000161
MAF,2023-07-22 04:53,KMAF 220453Z 07022G29KT 10SM CLR 29/17 A3009 RMK AO2 PK WND 06029/0452 SLP133 T02890172
MAF,2023-07-22 05:53,KMAF 220553Z AUTO 07018G30KT 10SM CLR 28/18 A3011 RMK AO2 PK WND 07031/0504 SLP140 T02780178 10367 20278 403780244 51024
MAF,2023-07-22 06:53,KMAF 220653Z AUTO 06012G24KT 10SM CLR 27/17 A3012 RMK AO2 PK WND 08028/0606 SLP143 T02670172
MAF,2023-07-22 07:53,KMAF 220753Z AUTO 07014G24KT 10SM CLR 26/18 A3010 RMK AO2 PK WND 06026/0708 SLP138 T02560178
MAF,2023-07-22 08:53,KMAF 220853Z AUTO 10011KT 10SM CLR 25/18 A3010 RMK AO2 SLP138 T02500178 58002
MAF,2023-07-22 09:53,KMAF 220953Z AUTO 07009KT 10SM CLR 25/17 A3012 RMK AO2 SLP143 T02500172
MAF,2023-07-22 10:53,KMAF 221053Z 07008KT 10SM CLR 24/18 A3012 RMK AO2 SLP146 T02440178
MAF,2023-07-22 11:53,KMAF 221153Z 05009KT 10SM CLR 23/18 A3014 RMK AO2 SLP154 T02330178 10278 20233 53012
MAF,2023-07-22 12:53,KMAF 221253Z 03014KT 10SM SCT095 24/18 A3016 RMK AO2 SLP162 T02390178
MAF,2023-07-22 13:53,KMAF 221353Z 07015KT 10SM CLR 24/18 A3017 RMK AO2 SLP165 T02440183
MAF,2023-07-22 14:53,KMAF 221453Z 03016G23KT 10SM SCT100 26/19 A3021 RMK AO2 SLP178 T02560189 53021
MAF,2023-07-22 15:53,KMAF 221553Z 07012G20KT 10SM CLR 28/19 A3017 RMK AO2 SLP165 T02780189
MAF,2023-07-22 16:53,KMAF 221653Z 07008KT 10SM CLR 29/18 A3015 RMK AO2 SLP159 T02940178
MAF,2023-07-22 17:53,KMAF 221753Z 10004KT 10SM CLR 30/17 A3014 RMK AO2 SLP156 T03000167 10306 20233 56020
MAF,2023-07-22 18:53,KMAF 221853Z 09011G19KT 10SM CLR 33/18 A3013 RMK AO2 SLP152 T03280178
MAF,2023-07-22 19:53,KMAF 221953Z 10010G16KT 10SM CLR 32/18 A3012 RMK AO2 SLP148 T03170178
MAF,2023-07-22 20:53,KMAF 222053Z 04009G15KT 10SM CLR 33/16 A3010 RMK AO2 SLP141 T03330161 58013
MAF,2023-07-22 21:53,KMAF 222153Z 09009G15KT 10SM CLR 33/16 A3008 RMK AO2 SLP133 T03330161
MAF,2023-07-22 22:53,KMAF 222253Z VRB03G19KT 10SM CLR 33/15 A3006 RMK AO2 SLP127 T03330150
MAF,2023-07-22 23:53,KMAF 222353Z 06007G15KT 10SM CLR 33/14 A3004 RMK AO2 SLP122 T03330144 10344 20300 56018
MAF,2023-07-23 00:53,KMAF 230053Z 08009KT 10SM CLR 33/14 A3004 RMK AO2 SLP120 T03280144
MAF,2023-07-23 01:53,KMAF 230153Z 08007KT 10SM CLR 32/14 A3003 RMK AO2 SLP119 T03170144
MAF,2023-07-23 02:53,KMAF 230253Z 07006KT 10SM CLR 31/15 A3006 RMK AO2 SLP127 T03060150 53005
MAF,2023-07-23 03:53,KMAF 230353Z 04006KT 10SM CLR 29/15 A3009 RMK AO2 SLP136 T02940150
MAF,2023-07-23 04:53,KMAF 230453Z 05006KT 10SM CLR 28/16 A3010 RMK AO2 SLP139 T02830161
MAF,2023-07-23 05:53,KMAF 230553Z AUTO 06007KT 10SM CLR 28/16 A3011 RMK AO2 SLP144 T02780156 10333 20278 403440233 51016
MAF,2023-07-23 06:53,KMAF 230653Z AUTO 09009KT 10SM CLR 28/16 A3011 RMK AO2 SLP143 T02780161
MAF,2023-07-23 07:53,KMAF 230753Z AUTO 11008KT 10SM CLR 27/16 A3010 RMK AO2 SLP142 T02670156
MAF,2023-07-23 08:53,KMAF 230853Z AUTO 11007KT 10SM CLR 26/16 A3011 RMK AO2 SLP143 T02610156 55000
MAF,2023-07-23 09:53,KMAF 230953Z AUTO 12006KT 10SM CLR 25/15 A3011 RMK AO2 SLP144 T02500150
MAF,2023-07-23 10:53,KMAF 231053Z 10005KT 10SM CLR 25/14 A3013 RMK AO2 SLP150 T02500144
MAF,2023-07-23 11:53,KMAF 231153Z 10005KT 10SM CLR 24/14 A3013 RMK AO2 SLP153 T02440139 10283 20244 53008
MAF,2023-07-23 12:53,KMAF 231253Z 09004KT 10SM CLR 24/14 A3015 RMK AO2 SLP157 T02440144
MAF,2023-07-23 13:53,KMAF 231353Z 12011KT 10SM CLR 26/14 A3016 RMK AO2 SLP161 T02610144
MAF,2023-07-23 14:53,KMAF 231453Z 12009KT 10SM CLR 28/16 A3018 RMK AO2 SLP168 T02830156 53014
MAF,2023-07-23 15:53,KMAF 231553Z COR 12006 10SM CLR 31/16 A3018 RMK AO2 SLP166 T03060161
MAF,2023-07-23 16:53,KMAF 231653Z 12006KT 10SM CLR 32/16 A3016 RMK AO2 SLP161 T03170156
MAF,2023-07-23 17:53,KMAF 231753Z 00000KT 10SM CLR 34/15 A3015 RMK AO2 SLP154 T03390150 10344 20239 58009
MAF,2023-07-23 18:53,KMAF 231853Z VRB05KT 10SM CLR 35/14 A3013 RMK AO2 SLP146 T03500139
MAF,2023-07-23 19:53,KMAF 231953Z 07007KT 030V100 10SM FEW080 36/13 A3011 RMK AO2 SLP140 T03610128
MAF,2023-07-23 20:53,KMAF 232053Z VRB03KT 10SM FEW085 37/10 A3008 RMK AO2 SLP130 T03670100 58021
MAF,2023-07-23 21:53,KMAF 232153Z 06008KT 10SM SCT110 37/10 A3007 RMK AO2 SLP125 T03670100
MAF,2023-07-23 22:53,KMAF 232253Z 12009KT 10SM CLR 37/10 A3005 RMK AO2 SLP120 T03720100
MAF,2023-07-23 23:53,KMAF 232353Z 10011G14KT 10SM CLR 37/09 A3005 RMK AO2 SLP118 T03720089 10378 20339 56011
MAF,2023-07-24 00:53,KMAF 240053Z 08008G15KT 10SM CLR 36/09 A3006 RMK AO2 SLP124 T03610089
MAF,2023-07-24 01:53,KMAF 240153Z 10007KT 10SM CLR 35/08 A3007 RMK AO2 SLP128 T03500083
MAF,2023-07-24 12:50,KMAF 241250Z 26005KT 10SM SKC 26/15 A2030
MAF,2023-07-24 13:53,KMAF 241353Z 19009KT 10SM SKC 28/15 A3020
MAF,2023-07-24 14:53,KMAF 241453Z 20011KT 10SM CLR 31/17 A3020 RMK AO2 SLP170 T03060167 51009
MAF,2023-07-24 15:53,KMAF 241553Z 21011KT 10SM CLR 32/16 A3020 RMK AO2 SLP172 T03220156
MAF,2023-07-24 16:53,KMAF 241653Z 23008G15KT 10SM CLR 34/13 A3020 RMK AO2 SLP169 T03440133
MAF,2023-07-24 17:53,KMAF 241753Z 16007KT 120V200 10SM CLR 36/11 A3019 RMK AO2 SLP167 T03610111 10361 20244 58003
MAF,2023-07-24 18:53,KMAF 241853Z 11010G15KT 080V140 10SM CLR 37/10 A3018 RMK AO2 SLP162 T03670100
MAF,2023-07-24 19:53,KMAF 241953Z 14016G21KT 10SM FEW100 38/08 A3016 RMK AO2 SLP156 T03780083
MAF,2023-07-24 20:53,KMAF 242053Z 14008G18KT 120V190 10SM FEW095 38/08 A3014 RMK AO2 SLP149 T03780083 58016
MAF,2023-07-24 21:53,KMAF 242153Z 13009G17KT 100V180 10SM CLR 37/08 A3012 RMK AO2 SLP145 T03720083
MAF,2023-07-24 22:53,KMAF 242253Z 13009G20KT 10SM CLR 38/09 A3011 RMK AO2 SLP142 T03780089
MAF,2023-07-24 23:53,KMAF 242353Z 13008G19KT 10SM CLR 37/08 A3011 RMK AO2 SLP139 T03720078 10389 20350 56010
MAF,2023-07-25 00:53,KMAF 250053Z 13015G19KT 10SM CLR 37/06 A3011 RMK AO2 SLP139 T03670061
MAF,2023-07-25 01:53,KMAF 250153Z 14009KT 10SM CLR 35/06 A3011 RMK AO2 SLP141 T03500056
MAF,2023-07-25 02:53,KMAF 250253Z 13008KT 10SM CLR 33/06 A3012 RMK AO2 SLP145 T03280056 53006
MAF,2023-07-25 03:53,KMAF 250353Z 13010KT 10SM CLR 32/06 A3014 RMK AO2 SLP150 T03170061
MAF,2023-07-25 04:53,KMAF 250453Z 14011KT 10SM CLR 31/07 A3015 RMK AO2 SLP154 T03060067
MAF,2023-07-25 05:53,KMAF 250553Z AUTO 16009KT 10SM CLR 29/07 A3015 RMK AO2 SLP155 T02890072 10378 20289 403890244 51009
MAF,2023-07-25 06:53,KMAF 250653Z AUTO 18008KT 10SM CLR 29/08 A3016 RMK AO2 SLP156 T02890083
MAF,2023-07-25 07:53,KMAF 250753Z AUTO 19008KT 10SM CLR 28/11 A3014 RMK AO2 SLP150 T02830106
MAF,2023-07-25 08:53,KMAF 250853Z AUTO 19008KT 10SM CLR 27/11 A3014 RMK AO2 SLP150 T02720106 58004
MAF,2023-07-25 09:53,KMAF 250953Z AUTO 18009KT 10SM CLR 26/11 A3014 RMK AO2 SLP151 T02610111
MAF,2023-07-25 10:53,KMAF 251053Z 19007KT 10SM CLR 26/13 A3015 RMK AO2 SLP154 T02560128
MAF,2023-07-25 11:53,KMAF 251153Z 18007KT 10SM CLR 25/14 A3017 RMK AO2 SLP160 T02500144 10289 20250 53008
MAF,2023-07-25 12:53,KMAF 251253Z 17009KT 10SM CLR 26/17 A3018 RMK AO2 SLP166 T02560172
MAF,2023-07-25 13:53,KMAF 251353Z 18014G21KT 10SM CLR 28/18 A3020 RMK AO2 SLP170 T02780178
MAF,2023-07-25 14:53,KMAF 251453Z 18014G23KT 10SM CLR 31/17 A3019 RMK AO2 SLP169 T03060172 50009
MAF,2023-07-25 15:53,KMAF 251553Z 20013KT 10SM CLR 32/16 A3020 RMK AO2 SLP169 T03220161
MAF,2023-07-25 16:53,KMAF 251653Z 20011G20KT 10SM CLR 33/14 A3019 RMK AO2 SLP167 T03330139
MAF,2023-07-25 17:53,KMAF 251753Z 14014G21KT 10SM CLR 35/11 A3017 RMK AO2 SLP160 T03500111 10350 20250 58007
MAF,2023-07-25 18:53,KMAF 251853Z 19010G23KT 10SM CLR 36/12 A3016 RMK AO2 PK WND 16027/1833 SLP156 T03560117
MAF,2023-07-25 19:53,KMAF 251953Z 17011G19KT 10SM CLR 36/11 A3014 RMK AO2 SLP149 T03610111
MAF,2023-07-25 20:53,KMAF 252053Z 15015G22KT 10SM CLR 37/09 A3012 RMK AO2 PK WND 17028/2024 SLP143 T03720094 58016
MAF,2023-07-25 21:53,KMAF 252153Z 16011G21KT 10SM CLR 37/11 A3011 RMK AO2 SLP139 T03670106
MAF,2023-07-25 22:53,KMAF 252253Z 14013G22KT 10SM CLR 37/10 A3009 RMK AO2 SLP134 T03670100
MAF,2023-07-25 23:53,KMAF 252353Z 16015G23KT 10SM CLR 36/10 A3008 RMK AO2 PK WND 17027/2329 SLP133 T03610100 10378 20344 56011
MAF,2023-07-26 00:53,KMAF 260053Z 15015KT 10SM CLR 35/11 A3008 RMK AO2 PK WND 15026/2354 SLP133 T03500106
MAF,2023-07-26 01:53,KMAF 260153Z 16012KT 10SM CLR 33/11 A3010 RMK AO2 SLP137 T03330111
MAF,2023-07-26 02:53,KMAF 260253Z 16009KT 10SM CLR 32/11 A3011 RMK AO2 SLP139 T03170111 53007
MAF,2023-07-26 03:53,KMAF 260353Z 17009KT 10SM CLR 31/11 A3012 RMK AO2 SLP144 T03110111
MAF,2023-07-26 04:53,KMAF 260453Z AUTO 18010KT 10SM CLR 31/11 A3012 RMK AO2 SLP142 T03060106
MAF,2023-07-26 05:53,KMAF 260553Z AUTO 18009KT 10SM CLR 29/11 A3012 RMK AO2 SLP142 T02940106 10361 20294 403780250 50004
MAF,2023-07-26 06:53,KMAF 260653Z AUTO 20007KT 10SM CLR 28/11 A3012 RMK AO2 SLP141 T02830106
MAF,2023-07-26 07:53,KMAF 260753Z AUTO 19009KT 10SM CLR 27/11 A3010 RMK AO2 SLP137 T02720106
MAF,2023-07-26 08:53,KMAF 260853Z AUTO 19008KT 10SM CLR 27/12 A3009 RMK AO2 SLP133 T02670122 58008
MAF,2023-07-26 09:53,KMAF 260953Z AUTO 18010KT 10SM CLR 26/13 A3009 RMK AO2 SLP133 T02610133
MAF,2023-07-26 10:53,KMAF 261053Z 18009KT 10SM CLR 26/14 A3010 RMK AO2 SLP139 T02610139
MAF,2023-07-26 11:53,KMAF 261153Z 16006KT 10SM CLR 24/14 A3012 RMK AO2 SLP145 T02440139 10294 20244 53008
MAF,2023-07-26 12:53,KMAF 261253Z 16008KT 8SM CLR 24/13 A3013 RMK AO2 SLP152 T02390133
MAF,2023-07-26 13:53,KMAF 261353Z 18012KT 8SM CLR 27/16 A3015 RMK AO2 SLP156 T02720156
MAF,2023-07-26 14:53,KMAF 261453Z 18013KT 9SM CLR 29/16 A3016 RMK AO2 SLP158 T02940156 51012
MAF,2023-07-26 15:53,KMAF 261553Z 19016G22KT 9SM CLR 31/13 A3015 RMK AO2 SLP153 T03110128
MAF,2023-07-26 16:53,KMAF 261653Z 17020G28KT 10SM CLR 33/12 A3013 RMK AO2 PK WND 18028/1653 SLP148 T03280122
MAF,2023-07-26 17:53,KMAF 261753Z 16015G21KT 10SM CLR 34/12 A3012 RMK AO2 PK WND 17029/1706 SLP143 T03440122 10344 20233 58012
MAF,2023-07-26 18:53,KMAF 261853Z 17011G21KT 10SM CLR 35/11 A3010 RMK AO2 SLP137 T03500106
MAF,2023-07-26 19:53,KMAF 261953Z 15007G23KT 10SM CLR 35/11 A3007 RMK AO2 SLP127 T03500106
MAF,2023-07-26 20:53,KMAF 262053Z 14008KT 10SM CLR 36/11 A3005 RMK AO2 SLP121 T03610111 56020
MAF,2023-07-26 21:53,KMAF 262153Z 18008G17KT 130V200 10SM CLR 36/12 A3004 RMK AO2 SLP115 T03610122
MAF,2023-07-26 22:53,KMAF 262253Z 17015G22KT 10SM CLR 36/12 A3002 RMK AO2 SLP111 T03610122
MAF,2023-07-26 23:53,KMAF 262353Z 15013KT 10SM CLR 36/12 A3001 RMK AO2 SLP108 T03560122 10372 20339 56014
MAF,2023-07-27 00:53,KMAF 270053Z 16014KT 10SM CLR 35/12 A3001 RMK AO2 SLP109 T03500122
MAF,2023-07-27 01:53,KMAF 270153Z 15011KT 10SM CLR 33/12 A3002 RMK AO2 SLP111 T03330122
MAF,2023-07-27 02:53,KMAF 270253Z 16009KT 10SM CLR 32/13 A3004 RMK AO2 SLP115 T03220128 53008
MAF,2023-07-27 03:53,KMAF 270353Z 16006KT 10SM CLR 31/13 A3005 RMK AO2 SLP120 T03110128
MAF,2023-07-27 04:53,KMAF 270453Z 18008KT 10SM CLR 31/12 A3006 RMK AO2 SLP122 T03060117
MAF,2023-07-27 05:53,KMAF 270553Z 17007KT 10SM CLR 29/11 A3006 RMK AO2 SLP123 T02940111 10361 20289 403720233 51008
MAF,2023-07-27 06:53,KMAF 270653Z 17007KT 10SM CLR 28/11 A3006 RMK AO2 SLP122 T02780106
MAF,2023-07-27 07:53,KMAF 270753Z 18007KT 10SM CLR 28/11 A3005 RMK AO2 SLP120 T02780111
MAF,2023-07-27 08:53,KMAF 270853Z 18007KT 10SM CLR 27/11 A3005 RMK AO2 SLP120 T02670111 56004
MAF,2023-07-27 09:53,KMAF 270953Z 15006KT 10SM CLR 24/11 A3005 RMK AO2 SLP124 T02390106
MAF,2023-07-27 10:53,KMAF 271053Z 15005KT 10SM CLR 23/10 A3007 RMK AO2 SLP130 T02280100
MAF,2023-07-27 11:53,KMAF 271153Z 18005KT 10SM CLR 23/10 A3010 RMK AO2 SLP139 T02330100 10294 20228 53014
MAF,2023-07-27 12:53,KMAF 271253Z 18006KT 7SM CLR 24/12 A3011 RMK AO2 SLP142 T02440117
MAF,2023-07-27 13:53,KMAF 271353Z 18010KT 8SM CLR 26/14 A3012 RMK AO2 SLP148 T02610144
MAF,2023-07-27 14:53,KMAF 271453Z 18011KT 8SM CLR 29/14 A3013 RMK AO2 SLP150 T02890144 51011
MAF,2023-07-27 15:53,KMAF 271553Z 17010KT 8SM CLR 31/13 A3014 RMK AO2 SLP150 T03110133
MAF,2023-07-27 16:53,KMAF 271653Z 18018G24KT 9SM CLR 34/11 A3012 RMK AO2 SLP143 T03390111
MAF,2023-07-27 17:53,KMAF 271753Z 14013G25KT 10SM CLR 34/11 A3011 RMK AO2 PK WND 16026/1715 SLP139 T03440111 10356 20239 58007
MAF,2023-07-27 18:53,KMAF 271853Z 14016G20KT 10SM CLR 36/10 A3010 RMK AO2 PK WND 15027/1805 SLP137 T03560100
MAF,2023-07-27 19:53,KMAF 271953Z 17013G23KT 10SM CLR 36/09 A3008 RMK AO2 SLP130 T03560089
MAF,2023-07-27 20:53,KMAF 272053Z 15009G21KT 10SM CLR 36/11 A3006 RMK AO2 SLP124 T03610106 58015
MAF,2023-07-27 21:53,KMAF 272153Z 15011G21KT 300V180 10SM CLR 37/09 A3005 RMK AO2 SLP121 T03670089
MAF,2023-07-27 22:53,KMAF 272253Z 16013G21KT 10SM CLR 36/09 A3003 RMK AO2 SLP116 T03610094
MAF,2023-07-27 23:53,KMAF 272353Z 16014G20KT 10SM CLR 36/09 A3002 RMK AO2 SLP113 T03610094 10367 20344 56013
MAF,2023-07-28 00:53,KMAF 280053Z 15015G22KT 10SM CLR 35/09 A3002 RMK AO2 SLP113 T03500089
MAF,2023-07-28 01:53,KMAF 280153Z 16011KT 10SM CLR 33/09 A3003 RMK AO2 SLP117 T03330094
MAF,2023-07-28 02:53,KMAF 280253Z AUTO 17009KT 10SM CLR 32/11 A3006 RMK AO2 SLP125 T03220111 53013
MAF,2023-07-28 03:53,KMAF 280353Z 19006KT 10SM CLR 31/12 A3008 RMK AO2 SLP131 T03110122
MAF,2023-07-28 04:53,KMAF 280453Z 18009KT 10SM CLR 30/13 A3009 RMK AO2 SLP133 T03000128
MAF,2023-07-28 05:53,KMAF 280553Z AUTO 18010KT 10SM CLR 29/12 A3010 RMK AO2 SLP135 T02940122 10361 20294 403670228 51011
MAF,2023-07-28 06:53,KMAF 280653Z AUTO 18007KT 10SM CLR 28/11 A3010 RMK AO2 SLP136 T02830111
MAF,2023-07-28 07:53,KMAF 280753Z AUTO 17005KT 10SM CLR 27/11 A3009 RMK AO2 SLP133 T02720106
MAF,2023-07-28 08:53,KMAF 280853Z AUTO 16005KT 10SM CLR 26/11 A3008 RMK AO2 SLP131 T02560106 58005
MAF,2023-07-28 09:53,KMAF 280953Z AUTO 00000KT 10SM CLR 23/10 A3010 RMK AO2 SLP140 T02330100
MAF,2023-07-28 10:53,KMAF 281053Z AUTO 00000KT 10SM CLR 22/09 A3011 RMK AO2 SLP145 T02220094
MAF,2023-07-28 11:53,KMAF 281153Z 13005KT 9SM CLR 23/11 A3012 RMK AO2 SLP148 T02330106 10294 20222 51013
MAF,2023-07-28 12:53,KMAF 281253Z 14008KT 7SM CLR 24/12 A3014 RMK AO2 SLP154 T02440117
MAF,2023-07-28 13:53,KMAF 281353Z 17009KT 6SM HZ CLR 26/14 A3015 RMK AO2 SLP157 T02610139
MAF,2023-07-28 14:53,KMAF 281453Z 16012KT 8SM CLR 28/16 A3015 RMK AO2 SLP157 T02830156 51008
MAF,2023-07-28 15:53,KMAF 281553Z 20014KT 8SM CLR 31/15 A3015 RMK AO2 SLP154 T03060150
MAF,2023-07-28 16:53,KMAF 281653Z 21009G19KT 9SM CLR 32/13 A3015 RMK AO2 SLP154 T03220133
MAF,2023-07-28 17:53,KMAF 281753Z 18010G18KT 10SM CLR 33/13 A3014 RMK AO2 SLP149 T03330133 10333 20228 58005
MAF,2023-07-28 18:53,KMAF 281853Z 14011G21KT 10SM CLR 34/12 A3012 RMK AO2 SLP145 T03440122
MAF,2023-07-28 19:53,KMAF 281953Z 12013G19KT 10SM CLR 36/12 A3010 RMK AO2 SLP139 T03610117
MAF,2023-07-28 20:53,KMAF 282053Z 14013G20KT 10SM CLR 37/11 A3008 RMK AO2 SLP131 T03670111 58016
MAF,2023-07-28 21:53,KMAF 282153Z 14015G22KT 10SM CLR 37/12 A3007 RMK AO2 SLP128 T03670117
MAF,2023-07-28 22:53,KMAF 282253Z AUTO 15009G19KT 10SM CLR 36/11 A3006 RMK AO2 SLP126 T03560106
MAF,2023-07-28 23:53,KMAF 282353Z 16012KT 10SM CLR 36/11 A3005 RMK AO2 SLP123 T03560106 10372 20333 56011
MAF,2023-07-29 00:53,KMAF 290053Z 15013G21KT 10SM CLR 35/11 A3006 RMK AO2 SLP126 T03500106
MAF,2023-07-29 01:53,KMAF 290153Z 14009KT 10SM CLR 34/11 A3008 RMK AO2 SLP132 T03390106
MAF,2023-07-29 02:53,KMAF 290253Z 14008KT 10SM CLR 32/11 A3009 RMK AO2 SLP135 T03220106 53013
MAF,2023-07-29 03:53,KMAF 290353Z 15006KT 10SM CLR 31/11 A3011 RMK AO2 SLP141 T03060106
MAF,2023-07-29 04:53,KMAF 290453Z 14008KT 10SM CLR 29/11 A3013 RMK AO2 SLP146 T02940106
MAF,2023-07-29 05:53,KMAF 290553Z AUTO 15007KT 10SM CLR 28/11 A3013 RMK AO2 SLP149 T02780106 10361 20278 403720222 51012
MAF,2023-07-29 06:53,KMAF 290653Z AUTO 17004KT 10SM CLR 27/11 A3013 RMK AO2 SLP149 T02670106
MAF,2023-07-29 07:53,KMAF 290753Z AUTO 15004KT 10SM CLR 27/11 A3012 RMK AO2 SLP145 T02670106
MAF,2023-07-29 08:53,KMAF 290853Z AUTO 17003KT 10SM CLR 26/11 A3012 RMK AO2 SLP145 T02610106 55001
MAF,2023-07-29 09:53,KMAF 290953Z AUTO 15005KT 10SM CLR 24/11 A3013 RMK AO2 SLP148 T02440106
MAF,2023-07-29 10:53,KMAF 291053Z 16006KT 10SM CLR 24/11 A3015 RMK AO2 SLP156 T02390106
MAF,2023-07-29 11:53,KMAF 291153Z 18009KT 10SM CLR 24/12 A3016 RMK AO2 SLP162 T02440122 10278 20233 53013
MAF,2023-07-29 12:53,KMAF 291253Z 17007KT 9SM CLR 24/14 A3018 RMK AO2 SLP168 T02440139
MAF,2023-07-29 13:53,KMAF 291353Z 18008KT 9SM CLR 26/16 A3020 RMK AO2 SLP173 T02560156
MAF,2023-07-29 14:53,KMAF 291453Z 19012KT 10SM CLR 28/15 A3020 RMK AO2 SLP174 T02830150 51012
MAF,2023-07-29 15:53,KMAF 291553Z 19010G17KT 10SM CLR 31/14 A3020 RMK AO2 SLP174 T03060139
MAF,2023-07-29 16:53,KMAF 291653Z 23005KT 10SM CLR 32/13 A3019 RMK AO2 SLP169 T03220128
MAF,2023-07-29 17:53,KMAF 291753Z 11006G18KT 10SM CLR 33/12 A3019 RMK AO2 SLP168 T03280117 10339 20239 58005
MAF,2023-07-29 18:53,KMAF 291853Z 12014G18KT 10SM CLR 35/11 A3017 RMK AO2 SLP161 T03500106
MAF,2023-07-29 19:53,KMAF 291953Z COR 13007KT 10SM CLR 35/11 A3015 RMK AO2 SLP154 T03500106
MAF,2023-07-29 20:53,KMAF 292053Z 12018G22KT 10SM CLR 37/09 A3013 RMK AO2 SLP148 T03670094 58017
MAF,2023-07-29 21:53,KMAF 292153Z 09006G15KT 10SM CLR 36/08 A3011 RMK AO2 SLP143 T03610083
MAF,2023-07-29 22:53,KMAF 292253Z 10009KT 10SM CLR 36/08 A3010 RMK AO2 SLP139 T03610083
MAF,2023-07-29 23:53,KMAF 292353Z 15014G26KT 10SM FEW090 36/09 A3009 RMK AO2 PK WND 12026/2353 SLP135 T03560094 10367 20328 56014
MAF,2023-07-30 00:53,KMAF 300053Z 13011KT 10SM SCT090 34/09 A3009 RMK AO2 SLP138 T03440094
MAF,2023-07-30 01:53,KMAF 300153Z 14010KT 10SM CLR 33/10 A3010 RMK AO2 SLP139 T03330100
MAF,2023-07-30 02:53,KMAF 300253Z 16012KT 10SM CLR 32/10 A3011 RMK AO2 SLP143 T03170100 53007
MAF,2023-07-30 03:53,KMAF 300353Z 19008KT 10SM CLR 31/11 A3013 RMK AO2 SLP148 T03060106
MAF,2023-07-30 04:53,KMAF 300453Z 19006KT 10SM CLR 29/09 A3014 RMK AO2 SLP152 T02940094
MAF,2023-07-30 05:53,KMAF 300553Z AUTO 19004KT 10SM CLR 28/09 A3015 RMK AO2 SLP156 T02830094 10361 20283 403670233 51013
MAF,2023-07-30 06:53,KMAF 300653Z AUTO 20007KT 10SM CLR 27/09 A3016 RMK AO2 SLP159 T02720094
MAF,2023-07-30 07:53,KMAF 300753Z AUTO 20005KT 10SM CLR 26/12 A3016 RMK AO2 SLP159 T02610117
MAF,2023-07-30 08:53,KMAF 300853Z AUTO 19005KT 10SM CLR 26/12 A3014 RMK AO2 SLP151 T02610122 58002
MAF,2023-07-30 09:53,KMAF 300953Z AUTO 18004KT 10SM CLR 25/12 A3015 RMK AO2 SLP155 T02500122
MAF,2023-07-30 10:53,KMAF 301053Z 16003KT 10SM CLR 24/12 A3015 RMK AO2 SLP158 T02390117
MAF,2023-07-30 11:53,KMAF 301153Z 14005KT 10SM CLR 23/12 A3017 RMK AO2 SLP163 T02280122 10283 20228 53007
MAF,2023-07-30 12:53,KMAF 301253Z 00000KT 10SM CLR 24/13 A3019 RMK AO2 SLP172 T02390128
MAF,2023-07-30 13:53,KMAF 301353Z 17007KT 10SM CLR 26/14 A3021 RMK AO2 SLP178 T02610139
MAF,2023-07-30 14:53,KMAF 301453Z 20010KT 10SM CLR 28/16 A3021 RMK AO2 SLP179 T02830161 51015
MAF,2023-07-30 15:53,KMAF 301553Z 21007KT 10SM CLR 30/16 A3021 RMK AO2 SLP178 T03000156
MAF,2023-07-30 16:53,KMAF 301653Z 13008G14KT 10SM CLR 32/14 A3020 RMK AO2 SLP175 T03170139
MAF,2023-07-30 17:53,KMAF 301753Z 14008G22KT 10SM FEW065 33/13 A3019 RMK AO2 SLP168 T03330128 10339 20228 58007
MAF,2023-07-30 18:53,KMAF 301853Z 13015G23KT 10SM BKN070 34/13 A3018 RMK AO2 PK WND 15026/1758 SLP165 T03390133
MAF,2023-07-30 19:53,KMAF 301953Z 18015KT 10SM SCT070 35/13 A3015 RMK AO2 SLP155 T03500133
MAF,2023-07-30 20:53,KMAF 302053Z 13012G21KT 10SM CLR 35/13 A3013 RMK AO2 SLP149 T03500128 58019
MAF,2023-07-30 21:53,KMAF 302153Z 16010KT 10SM FEW080 34/13 A3012 RMK AO2 SLP145 T03440128
MAF,2023-07-30 22:53,KMAF 302253Z 13016G20KT 10SM SCT080 36/12 A3010 RMK AO2 WSHFT 2158 SLP138 T03560122
MAF,2023-07-30 23:53,KMAF 302353Z 12007G26KT 10SM SCT085 35/12 A3008 RMK AO2 PK WND 12026/2345 SLP135 T03500122 10361 20328 56014
MAF,2023-07-31 00:53,KMAF 310053Z AUTO 13016G20KT 10SM SCT085 34/12 A3008 RMK AO2 WSHFT 0013 SLP134 T03440122
MAF,2023-07-31 01:53,KMAF 310153Z AUTO 14011KT 10SM FEW085 33/13 A3009 RMK AO2 SLP137 T03330128
MAF,2023-07-31 02:53,KMAF 310253Z 15007KT 10SM CLR 32/13 A3010 RMK AO2 SLP141 T03170133 53006
MAF,2023-07-31 03:53,KMAF 310353Z 15006KT 10SM CLR 30/13 A3012 RMK AO2 SLP145 T03000133
MAF,2023-07-31 04:53,KMAF 310453Z 16005KT 10SM CLR 28/13 A3012 RMK AO2 SLP145 T02830128
MAF,2023-07-31 05:53,KMAF 310553Z 18007KT 10SM CLR 28/12 A3012 RMK AO2 SLP143 T02830122 10356 20278 403610228 51004
MAF,2023-07-31 06:53,KMAF 310653Z 19007KT 10SM CLR 28/12 A3012 RMK AO2 SLP143 T02780117
MAF,2023-07-31 07:53,KMAF 310753Z 20007KT 10SM CLR 28/12 A3011 RMK AO2 SLP142 T02780122
MAF,2023-07-31 08:53,KMAF 310853Z 19004KT 10SM CLR 27/13 A3011 RMK AO2 SLP141 T02670128 58001
MAF,2023-07-31 09:53,KMAF 310953Z 15004KT 10SM CLR 26/12 A3012 RMK AO2 SLP145 T02560122
MAF,2023-07-31 10:53,KMAF 311053Z 18007KT 10SM CLR 26/14 A3012 RMK AO2 SLP146 T02560139
MAF,2023-07-31 11:53,KMAF 311153Z 16004KT 10SM CLR 24/14 A3014 RMK AO2 SLP153 T02390139 10289 20239 53007
MAF,2023-07-31 12:53,KMAF 311253Z 15005KT 8SM CLR 25/14 A3016 RMK AO2 SLP159 T02500144
MAF,2023-07-31 13:53,KMAF 311353Z 18010KT 9SM CLR 27/16 A3018 RMK AO2 SLP166 T02720156
MAF,2023-07-31 14:53,KMAF 311453Z 17015KT 10SM CLR 30/17 A3018 RMK AO2 SLP164 T03000172 51013
MAF,2023-07-31 15:53,KMAF 311553Z 17013KT 10SM CLR 32/17 A3017 RMK AO2 SLP160 T03170167
MAF,2023-07-31 16:53,KMAF 311653Z 16012G22KT 10SM CLR 33/16 A3016 RMK AO2 SLP158 T03330156
MAF,2023-07-31 17:53,KMAF 311753Z 18013G21KT 10SM CLR 34/16 A3015 RMK AO2 SLP153 T03390156 10339 20233 58010
MAF,2023-07-31 18:53,KMAF 311853Z 19010G21KT 10SM CLR 35/14 A3012 RMK AO2 SLP143 T03500144
MAF,2023-07-31 19:53,KMAF 311953Z 19008G20KT 140V220 10SM CLR 36/14 A3009 RMK AO2 SLP134 T03560144
MAF,2023-07-31 20:53,KMAF 312053Z 15011G22KT 10SM CLR 37/14 A3006 RMK AO2 SLP124 T03720144 56025
MAF,2023-07-31 21:53,KMAF 312153Z 19008G19KT 10SM CLR 37/14 A3004 RMK AO2 SLP118 T03670139
MAF,2023-07-31 22:53,KMAF 312253Z 19010G17KT 10SM FEW080 37/14 A3003 RMK AO2 SLP112 T03670139
MAF,2023-07-31 23:53,KMAF 312353Z 18012G18KT 10SM FEW085 37/14 A3003 RMK AO2 SLP114 T03670139 10378 20339 56012
MAF,2023-08-01 00:53,KMAF 010053Z 15011KT 10SM FEW080 36/14 A3004 RMK AO2 SLP119 T03560144
MAF,2023-08-01 01:53,KMAF 010153Z 14011KT 10SM CLR 34/14 A3005 RMK AO2 SLP121 T03440144
MAF,2023-08-01 02:53,KMAF 010253Z 15010KT 10SM CLR 33/14 A3007 RMK AO2 SLP125 T03330144 51012
MAF,2023-08-01 03:53,KMAF 010353Z 15010KT 10SM CLR 32/13 A3008 RMK AO2 SLP128 T03220133
MAF,2023-08-01 04:53,KMAF 010453Z 17009KT 10SM CLR 32/13 A3009 RMK AO2 SLP133 T03170133
MAF,2023-08-01 05:53,KMAF 010553Z AUTO 18010KT 10SM CLR 31/13 A3009 RMK AO2 SLP132 T03110133 10372 20311 403780233 50007
MAF,2023-08-01 06:53,KMAF 010653Z AUTO 20008KT 10SM CLR 30/13 A3009 RMK AO2 SLP132 T03000133
MAF,2023-08-01 07:53,KMAF 010753Z AUTO 19007KT 10SM CLR 29/14 A3010 RMK AO2 SLP136 T02890139
MAF,2023-08-01 08:53,KMAF 010853Z AUTO 16005KT 10SM CLR 27/14 A3011 RMK AO2 SLP138 T02720139 53005
MAF,2023-08-01 09:53,KMAF 010953Z AUTO 15006KT 10SM CLR 26/14 A3012 RMK AO2 SLP142 T02610139
MAF,2023-08-01 10:53,KMAF 011053Z 16005KT 10SM CLR 26/14 A3013 RMK AO2 SLP149 T02560139
MAF,2023-08-01 11:53,KMAF 011153Z 16006KT 10SM CLR 25/14 A3014 RMK AO2 SLP150 T02500144 10311 20250 51010
MAF,2023-08-01 12:53,KMAF 011253Z 18008KT 10SM CLR 27/16 A3014 RMK AO2 SLP152 T02670156
MAF,2023-08-01 13:53,KMAF 011353Z 18011KT 10SM CLR 28/17 A3016 RMK AO2 SLP157 T02830167
MAF,2023-08-01 14:53,KMAF 011453Z 17013KT 10SM CLR 30/18 A3016 RMK AO2 SLP159 T03000178 51008
MAF,2023-08-01 15:53,KMAF 011553Z 17015G21KT 10SM CLR 32/18 A3016 RMK AO2 SLP157 T03170178
MAF,2023-08-01 16:53,KMAF 011653Z 18012G22KT 10SM CLR 34/17 A3016 RMK AO2 SLP157 T03390167
MAF,2023-08-01 17:53,KMAF 011753Z 15009G14KT 10SM CLR 35/16 A3015 RMK AO2 SLP151 T03500156 10356 20250 58005
MAF,2023-08-01 18:53,KMAF 011853Z 14014G18KT 10SM FEW075 37/15 A3012 RMK AO2 SLP143 T03670150
MAF,2023-08-01 19:53,KMAF 011953Z VRB06G20KT 10SM FEW075 37/14 A3009 RMK AO2 SLP134 T03670139
MAF,2023-08-01 20:53,KMAF 012053Z VRB04KT 10SM FEW080 37/13 A3006 RMK AO2 SLP122 T03720133 58026
MAF,2023-08-01 21:53,KMAF 012153Z 14009G21KT 10SM CLR 38/13 A3004 RMK AO2 SLP117 T03780128
MAF,2023-08-01 22:53,KMAF 012253Z 16011G20KT 10SM CLR 37/12 A3003 RMK AO2 SLP111 T03720117
MAF,2023-08-01 23:53,KMAF 012353Z 15015G21KT 10SM CLR 37/12 A3002 RMK AO2 SLP108 T03720117 10389 20344 56014
MAF,2023-08-02 00:53,KMAF 020053Z 16013KT 10SM CLR 37/11 A3002 RMK AO2 SLP109 T03670111
MAF,2023-08-02 01:53,KMAF 020153Z 15012KT 10SM FEW090 34/12 A3005 RMK AO2 SLP120 T03440117
MAF,2023-08-02 02:53,KMAF 020253Z 14007KT 10SM CLR 33/11 A3008 RMK AO2 SLP130 T03280111 53020
MAF,2023-08-02 03:53,KMAF 020353Z 17010KT 10SM CLR 32/11 A3010 RMK AO2 SLP137 T03220111
MAF,2023-08-02 04:53,KMAF 020453Z AUTO 20007KT 10SM FEW090 32/12 A3011 RMK AO2 SLP140 T03170117
MAF,2023-08-02 05:53,KMAF 020553Z AUTO 30004KT 10SM CLR 29/11 A3012 RMK AO2 SLP142 T02890111 10372 20289 403890250 51012
MAF,2023-08-02 06:53,KMAF 020653Z AUTO 23005KT 10SM CLR 30/11 A3011 RMK AO2 SLP140 T03000106
MAF,2023-08-02 07:53,KMAF 020753Z AUTO 18006KT 10SM CLR 29/11 A3011 RMK AO2 SLP139 T02890111
MAF,2023-08-02 08:53,KMAF 020853Z AUTO 16003KT 10SM CLR 26/11 A3010 RMK AO2 SLP138 T02610106 57004
MAF,2023-08-02 09:53,KMAF 020953Z AUTO 15006KT 10SM CLR 25/11 A3010 RMK AO2 SLP137 T02500111
MAF,2023-08-02 10:53,KMAF 021053Z 17004KT 10SM CLR 24/11 A3011 RMK AO2 SLP140 T02440111
MAF,2023-08-02 11:53,KMAF 021153Z 15006KT 10SM CLR 24/12 A3011 RMK AO2 SLP141 T02440117 10300 20244 53002
MAF,2023-08-02 12:53,KMAF 021253Z 16006KT 10SM CLR 26/13 A3012 RMK AO2 SLP144 T02560133
MAF,2023-08-02 13:53,KMAF 021353Z 17010KT 10SM CLR 27/17 A3013 RMK AO2 SLP148 T02720167
MAF,2023-08-02 14:53,KMAF 021453Z 18014G20KT 10SM CLR 30/17 A3013 RMK AO2 SLP148 T03000172 50007
MAF,2023-08-02 15:53,KMAF 021553Z 17012KT 10SM CLR 32/16 A3013 RMK AO2 SLP147 T03170161
MAF,2023-08-02 16:53,KMAF 021653Z 16014G20KT 10SM CLR 33/16 A3012 RMK AO2 SLP144 T03330156
MAF,2023-08-02 17:53,KMAF 021753Z 17011G20KT 10SM CLR 34/14 A3011 RMK AO2 SLP139 T03440144 10344 20239 58008
MAF,2023-08-02 18:53,KMAF 021853Z 18009G18KT 10SM CLR 35/13 A3008 RMK AO2 SLP130 T03500133
MAF,2023-08-02 19:53,KMAF 021953Z 16013G22KT 10SM CLR 37/13 A3006 RMK AO2 SLP124 T03670128
MAF,2023-08-02 20:53,KMAF 022053Z 15011G21KT 10SM CLR 37/13 A3004 RMK AO2 SLP117 T03670128 56020
MAF,2023-08-02 21:53,KMAF 022153Z 14006KT 10SM CLR 37/12 A3002 RMK AO2 SLP110 T03670117
MAF,2023-08-02 22:53,KMAF 022253Z 14007G20KT 10SM FEW080 36/12 A3001 RMK AO2 SLP107 T03610122
MAF,2023-08-02 23:53,KMAF 022353Z 13008KT 10SM CLR 36/12 A2999 RMK AO2 SLP102 T03610117 10372 20344 56016
MAF,2023-08-03 00:53,KMAF 030053Z 16015KT 10SM CLR 36/11 A2999 RMK AO2 SLP102 T03560106
MAF,2023-08-03 01:53,KMAF 030153Z 16010KT 10SM CLR 34/09 A3000 RMK AO2 SLP104 T03440089
MAF,2023-08-03 02:53,KMAF 030253Z 16008KT 10SM CLR 32/08 A3002 RMK AO2 SLP109 T03220083 53008
MAF,2023-08-03 03:53,KMAF 030353Z 16007KT 10SM CLR 31/08 A3004 RMK AO2 SLP117 T03110083
MAF,2023-08-03 04:53,KMAF 030453Z 18010KT 10SM CLR 31/08 A3005 RMK AO2 SLP118 T03060083
MAF,2023-08-03 05:53,KMAF 030553Z AUTO 18012KT 10SM CLR 29/09 A3005 RMK AO2 SLP119 T02940094 10367 20294 403720239 51010
MAF,2023-08-03 06:53,KMAF 030653Z AUTO 18009KT 10SM CLR 29/12 A3005 RMK AO2 SLP118 T02940122
MAF,2023-08-03 07:53,KMAF 030753Z AUTO 19011KT 10SM CLR 28/13 A3005 RMK AO2 SLP119 T02830128
MAF,2023-08-03 08:53,KMAF 030853Z AUTO 17012KT 10SM CLR 28/13 A3005 RMK AO2 SLP120 T02830133 53000
MAF,2023-08-03 09:53,KMAF 030953Z AUTO 16008KT 10SM CLR 27/13 A3005 RMK AO2 SLP119 T02670128
MAF,2023-08-03 10:53,KMAF 031053Z 16009KT 10SM CLR 25/13 A3005 RMK AO2 SLP122 T02500133
MAF,2023-08-03 11:53,KMAF 031153Z 14007KT 10SM CLR 24/13 A3006 RMK AO2 SLP126 T02390133 10294 20239 53002
MAF,2023-08-03 12:53,KMAF 031253Z 16007KT 10SM CLR 24/15 A3008 RMK AO2 SLP132 T02440150
MAF,2023-08-03 13:53,KMAF 031353Z 17013KT 10SM CLR 27/18 A3008 RMK AO2 SLP133 T02670183
MAF,2023-08-03 14:53,KMAF 031453Z 18015KT 10SM CLR 28/18 A3008 RMK AO2 SLP133 T02830183 51008
MAF,2023-08-03 15:53,KMAF 031553Z 17012KT 10SM CLR 30/18 A3008 RMK AO2 SLP134 T03000183
MAF,2023-08-03 16:53,KMAF 031653Z 18013G18KT 10SM CLR 32/18 A3007 RMK AO2 SLP128 T03220178
MAF,2023-08-03 17:53,KMAF 031753Z 17008KT 10SM CLR 33/17 A3005 RMK AO2 SLP121 T03330167 10339 20239 58009
MAF,2023-08-03 18:53,KMAF 031853Z 15009G14KT 10SM CLR 36/15 A3003 RMK AO2 SLP112 T03560150
MAF,2023-08-03 19:53,KMAF 031953Z 15008G16KT 10SM CLR 36/14 A3001 RMK AO2 SLP105 T03610144
MAF,2023-08-03 20:53,KMAF 032053Z 23005KT 10SM CLR 37/14 A2999 RMK AO2 SLP098 T03670139 56020
MAF,2023-08-03 21:53,KMAF 032153Z 18012KT 10SM CLR 37/13 A2997 RMK AO2 SLP092 T03720133
MAF,2023-08-03 22:53,KMAF 032253Z 15007KT 080V200 10SM FEW085 37/13 A2996 RMK AO2 SLP089 T03720133
MAF,2023-08-03 23:53,KMAF 032353Z 14010KT 10SM BKN085 37/13 A2995 RMK AO2 SLP086 T03720128 10383 20333 56014
MAF,2023-08-04 00:53,KMAF 040053Z 17011KT 10SM CLR 37/12 A2994 RMK AO2 SLP085 T03670122
MAF,2023-08-04 01:53,KMAF 040153Z 15009KT 10SM CLR 35/12 A2995 RMK AO2 SLP084 T03500122
MAF,2023-08-04 02:53,KMAF 040253Z 15012KT 10SM CLR 34/13 A2996 RMK AO2 SLP089 T03390128 53005
MAF,2023-08-04 03:53,KMAF 040353Z 18011KT 10SM CLR 33/13 A2999 RMK AO2 SLP098 T03280128
MAF,2023-08-04 04:53,KMAF 040453Z AUTO 18010KT 10SM CLR 32/14 A2999 RMK AO2 SLP097 T03170139
MAF,2023-08-04 05:53,KMAF 040553Z AUTO 19011KT 10SM CLR 31/15 A2999 RMK AO2 SLP097 T03060150 10372 20306 403830239 51008
MAF,2023-08-04 06:53,KMAF 040653Z AUTO 19011KT 10SM CLR 29/16 A2999 RMK AO2 SLP097 T02940156
MAF,2023-08-04 07:53,KMAF 040753Z AUTO 19011KT 10SM CLR 29/16 A2999 RMK AO2 SLP098 T02890161
MAF,2023-08-04 08:53,KMAF 040853Z AUTO 18010KT 10SM CLR 28/16 A2999 RMK AO2 SLP099 T02830161 53001
MAF,2023-08-04 09:53,KMAF 040953Z AUTO 17006KT 10SM CLR 27/16 A2999 RMK AO2 SLP100 T02720161
MAF,2023-08-04 10:53,KMAF 041053Z 15007KT 10SM CLR 26/16 A2999 RMK AO2 SLP101 T02610156
MAF,2023-08-04 11:53,KMAF 041153Z 15008KT 10SM CLR 26/16 A3001 RMK AO2 SLP106 T02560156 10306 20250 53006
MAF,2023-08-04 12:53,KMAF 041253Z 15009KT 10SM CLR 26/16 A3002 RMK AO2 SLP109 T02560161
MAF,2023-08-04 13:53,KMAF 041353Z 17015KT 10SM CLR 27/18 A3003 RMK AO2 SLP112 T02720183
MAF,2023-08-04 14:53,KMAF 041453Z 18011KT 10SM CLR 29/18 A3003 RMK AO2 SLP114 T02940183 51007
MAF,2023-08-04 15:53,KMAF 041553Z 20011KT 10SM CLR 32/18 A3003 RMK AO2 SLP112 T03170178
MAF,2023-08-04 16:53,KMAF 041653Z 17011G16KT 10SM CLR 33/18 A3003 RMK AO2 SLP111 T03330178
MAF,2023-08-04 17:53,KMAF 041753Z 12004G15KT 10SM CLR 35/16 A3001 RMK AO2 SLP106 T03500156 10356 20250 58006
MAF,2023-08-04 18:53,KMAF 041853Z 10SM CLR 36/14 A2998 RMK AO2 SLP096 T03610139
MAF,2023-08-04 19:53,KMAF 041953Z 13006G14KT 10SM CLR 38/13 A2997 RMK AO2 SLP090 T03780133
MAF,2023-08-04 20:53,KMAF 042053Z VRB04KT 10SM CLR 38/13 A2995 RMK AO2 SLP084 T03830133 56019
MAF,2023-08-04 21:53,KMAF 042153Z 10011G17KT 070V140 10SM CLR 39/13 A2994 RMK AO2 SLP079 T03890128
MAF,2023-08-04 22:53,KMAF 042253Z 06011KT 10SM CLR 39/12 A2993 RMK AO2 SLP077 T03890122
MAF,2023-08-04 23:53,KMAF 042353Z 14007KT 10SM CLR 38/11 A2992 RMK AO2 SLP074 T03830111 10394 20350 56010
MAF,2023-08-05 00:53,KMAF 050053Z 14012KT 10SM CLR 37/11 A2992 RMK AO2 SLP077 T03720111
MAF,2023-08-05 01:53,KMAF 050153Z 13008KT 10SM CLR 36/11 A2993 RMK AO2 SLP080 T03560111
MAF,2023-08-05 02:53,KMAF 050253Z 14008KT 10SM CLR 34/12 A2995 RMK AO2 SLP086 T03390117 53010
MAF,2023-08-05 03:53,KMAF 050353Z 15006KT 10SM CLR 32/12 A2997 RMK AO2 SLP092 T03220122
MAF,2023-08-05 04:53,KMAF 050453Z AUTO 18009KT 10SM CLR 32/13 A2998 RMK AO2 SLP096 T03220133
MAF,2023-08-05 05:53,KMAF 050553Z AUTO 18009KT 10SM CLR 32/14 A2999 RMK AO2 SLP098 T03170139 10383 20317 403940250 51013
MAF,2023-08-05 06:53,KMAF 050653Z AUTO 18010KT 10SM CLR 31/14 A2999 RMK AO2 SLP097 T03060144
MAF,2023-08-05 07:53,KMAF 050753Z AUTO 19011KT 10SM CLR 30/14 A2997 RMK AO2 SLP091 T03000144
MAF,2023-08-05 08:53,KMAF 050853Z AUTO 18011KT 10SM CLR 29/15 A2998 RMK AO2 SLP092 T02940150 55004
MAF,2023-08-05 09:53,KMAF 050953Z AUTO 18011KT 10SM CLR 29/14 A2998 RMK AO2 SLP095 T02890139
MAF,2023-08-05 10:53,KMAF 051053Z AUTO 17012KT 10SM CLR 28/14 A3000 RMK AO2 SLP101 T02830139
MAF,2023-08-05 11:53,KMAF 051153Z 17012KT 10SM CLR 27/14 A3001 RMK AO2 SLP105 T02670139 10317 20267 51010
MAF,2023-08-05 12:53,KMAF 051253Z 17010KT 10SM CLR 27/15 A3003 RMK AO2 SLP111 T02670150
MAF,2023-08-05 13:53,KMAF 051353Z 18013KT 10SM CLR 28/16 A3003 RMK AO2 SLP112 T02830161
MAF,2023-08-05 14:53,KMAF 051453Z 17011KT 10SM CLR 31/15 A3003 RMK AO2 SLP112 T03060150 51007
MAF,2023-08-05 15:53,KMAF 051553Z 17012KT 10SM CLR 33/14 A3003 RMK AO2 SLP112 T03330144
MAF,2023-08-05 16:53,KMAF 051653Z 17013G22KT 10SM CLR 36/14 A3003 RMK AO2 SLP109 T03560139
MAF,2023-08-05 17:53,KMAF 051753Z 17010KT 10SM CLR 37/13 A3002 RMK AO2 SLP106 T03670128 10367 20261 58004
MAF,2023-08-05 18:53,KMAF 051853Z 13011KT 10SM CLR 38/12 A3000 RMK AO2 SLP101 T03780122
MAF,2023-08-05 19:53,KMAF 051953Z 19010G17KT 10SM CLR 39/12 A3000 RMK AO2 SLP099 T03890117
MAF,2023-08-05 20:53,KMAF 052053Z 15009KT 10SM CLR 39/11 A2997 RMK AO2 SLP090 T03890106 58014
MAF,2023-08-05 21:53,KMAF 052153Z 12017G21KT 10SM CLR 39/09 A2996 RMK AO2 SLP084 T03940094
MAF,2023-08-05 22:53,KMAF 052253Z 17007KT 10SM CLR 39/08 A2995 RMK AO2 SLP083 T03940078
MAF,2023-08-05 23:53,KMAF 052353Z 13011G21KT 10SM CLR 39/09 A2995 RMK AO2 SLP082 T03940089 10406 20361 56008
MAF,2023-08-06 00:53,KMAF 060053Z 15015G22KT 10SM CLR 38/11 A2994 RMK AO2 PK WND 14026/0020 SLP083 T03830106
MAF,2023-08-06 01:53,KMAF 060153Z 15017KT 10SM CLR 36/11 A2995 RMK AO2 PK WND 14026/0110 SLP086 T03610106
MAF,2023-08-06 02:53,KMAF 060253Z 16013KT 10SM CLR 34/10 A2998 RMK AO2 SLP093 T03440100 53009
MAF,2023-08-06 03:53,KMAF 060353Z 16012KT 10SM CLR 33/09 A2999 RMK AO2 SLP098 T03330094
MAF,2023-08-06 04:53,KMAF 060453Z AUTO 17014KT 10SM CLR 32/09 A2999 RMK AO2 SLP096 T03220094
MAF,2023-08-06 05:53,KMAF 060553Z AUTO 18011KT 10SM CLR 31/11 A3000 RMK AO2 SLP101 T03110111 10400 20311 404060261 51009
MAF,2023-08-06 06:53,KMAF 060653Z AUTO 18011KT 10SM CLR 30/12 A3000 RMK AO2 SLP102 T03000117
MAF,2023-08-06 07:53,KMAF 060753Z AUTO 17014KT 10SM CLR 29/12 A2998 RMK AO2 SLP094 T02940117
MAF,2023-08-06 08:53,KMAF 060853Z AUTO 17011KT 10SM CLR 29/12 A2998 RMK AO2 SLP093 T02890117 58007
MAF,2023-08-06 09:53,KMAF 060953Z AUTO 17010KT 10SM CLR 28/12 A2997 RMK AO2 SLP090 T02780117
MAF,2023-08-06 10:53,KMAF 061053Z 20009KT 10SM CLR 27/12 A2997 RMK AO2 SLP091 T02670117
MAF,2023-08-06 11:53,KMAF 061153Z 19009KT 10SM CLR 26/13 A2999 RMK AO2 SLP099 T02610128 10311 20261 53004
MAF,2023-08-06 12:53,KMAF 061253Z 17011KT 10SM CLR 27/15 A3001 RMK AO2 SLP105 T02670150
MAF,2023-08-06 13:53,KMAF 061353Z 17016KT 10SM CLR 28/17 A3001 RMK AO2 SLP105 T02830167
MAF,2023-08-06 14:53,KMAF 061453Z 17014KT 10SM CLR 31/16 A3002 RMK AO2 SLP109 T03110161 51009
MAF,2023-08-06 15:53,KMAF 061553Z 15016KT 10SM CLR 33/16 A3003 RMK AO2 SLP111 T03280161
MAF,2023-08-06 16:53,KMAF 061653Z 16016KT 10SM CLR 34/16 A3003 RMK AO2 SLP110 T03440156
MAF,2023-08-06 17:53,KMAF 061753Z 17010G17KT 10SM CLR 37/14 A3003 RMK AO2 SLP109 T03670144 10367 20261 51002
MAF,2023-08-06 18:53,KMAF 061853Z 10009G15KT 10SM CLR 38/13 A3001 RMK AO2 SLP103 T03780133
MAF,2023-08-06 19:53,KMAF 061953Z 12012G18KT 10SM CLR 40/13 A3000 RMK AO2 SLP098 T04000128
MAF,2023-08-06 20:53,KMAF 062053Z 14010G18KT 10SM CLR 40/11 A2997 RMK AO2 PK WND 16026/2007 SLP090 T04000111 58018
MAF,2023-08-06 21:53,KMAF 062153Z 16007G19KT 10SM CLR 40/11 A2996 RMK AO2 SLP084 T04000106
MAF,2023-08-06 22:53,KMAF 062253Z 15015G19KT 10SM CLR 41/09 A2994 RMK AO2 SLP079 T04060094
MAF,2023-08-06 23:53,KMAF 062353Z 18013KT 10SM CLR 40/11 A2993 RMK AO2 SLP078 T04000111 10411 20367 56012
MAF,2023-08-07 00:53,KMAF 070053Z 16016KT 10SM CLR 39/11 A2994 RMK AO2 SLP079 T03890111
MAF,2023-08-07 01:53,KMAF 070153Z 16013KT 10SM CLR 37/12 A2994 RMK AO2 SLP083 T03720117
MAF,2023-08-07 02:53,KMAF 070253Z 15010KT 10SM CLR 35/12 A2997 RMK AO2 SLP090 T03500117 53011
MAF,2023-08-07 03:53,KMAF 070353Z 16011KT 10SM CLR 34/12 A2999 RMK AO2 SLP098 T03390117
MAF,2023-08-07 04:53,KMAF 070453Z 17010KT 10SM CLR 33/12 A3000 RMK AO2 SLP100 T03280117
MAF,2023-08-07 05:53,KMAF 070553Z 16009KT 10SM CLR 31/12 A2999 RMK AO2 SLP097 T03110122 10406 20311 404110261 50007
MAF,2023-08-07 06:53,KMAF 070653Z 16009KT 10SM CLR 31/13 A2999 RMK AO2 SLP096 T03060128
MAF,2023-08-07 07:53,KMAF 070753Z 17006KT 10SM CLR 29/13 A2998 RMK AO2 SLP094 T02940128
MAF,2023-08-07 08:53,KMAF 070853Z 15005KT 10SM CLR 27/13 A2999 RMK AO2 SLP098 T02720128 53000
MAF,2023-08-07 09:53,KMAF 070953Z AUTO 18006KT 10SM CLR 28/14 A3000 RMK AO2 SLP100 T02780139
MAF,2023-08-07 10:53,KMAF 071053Z 04010KT 10SM CLR 27/14 A3003 RMK AO2 SLP111 T02720144
MAF,2023-08-07 11:53,KMAF 071153Z 08006KT 10SM FEW100 27/14 A3007 RMK AO2 SLP123 T02720139 10317 20261 53023
MAF,2023-08-07 12:53,KMAF 071253Z 11010KT 8SM CLR 27/14 A3006 RMK AO2 SLP123 T02720144
MAF,2023-08-07 13:53,KMAF 071353Z 10008KT 10SM CLR 28/17 A3009 RMK AO2 SLP131 T02780172
MAF,2023-08-07 14:53,KMAF 071453Z 12012KT 10SM CLR 29/18 A3009 RMK AO2 SLP132 T02940183 53006
MAF,2023-08-07 15:53,KMAF 071553Z 13016KT 10SM CLR 32/18 A3008 RMK AO2 SLP131 T03170178
MAF,2023-08-07 16:53,KMAF 071653Z 14014KT 10SM CLR 34/16 A3008 RMK AO2 PK WND 15026/1636 LTG DSNT NE SLP128 T03390161
MAF,2023-08-07 17:53,KMAF 071753Z 13009G18KT 110V170 10SM CLR 36/16 A3007 RMK AO2 SLP123 T03560156 10361 20272 58006
MAF,2023-08-07 18:53,KMAF 071853Z 16015G19KT 10SM CLR 39/10 A3004 RMK AO2 PK WND 13027/1842 SLP112 T03890100
MAF,2023-08-07 19:53,KMAF 071953Z 15014KT 10SM CLR 39/11 A3001 RMK AO2 SLP105 T03940111
MAF,2023-08-07 20:53,KMAF 072053Z 16014G21KT 10SM CLR 41/09 A2998 RMK AO2 SLP093 T04060094 58026
MAF,2023-08-07 21:53,KMAF 072153Z 16011G18KT 10SM CLR 42/08 A2996 RMK AO2 SLP084 T04170083
MAF,2023-08-07 22:53,KMAF 072253Z 19008G18KT 10SM CLR 41/08 A2995 RMK AO2 SLP081 T04110078
MAF,2023-08-07 23:53,KMAF 072353Z 16007G19KT 10SM CLR 41/08 A2993 RMK AO2 SLP076 T04060078 10417 20361 56016
MAF,2023-08-08 00:53,KMAF 080053Z 15014KT 10SM CLR 39/07 A2992 RMK AO2 SLP073 T03940072
MAF,2023-08-08 01:53,KMAF 080153Z 16015KT 10SM CLR 37/08 A2993 RMK AO2 SLP077 T03720078
MAF,2023-08-08 02:53,KMAF 080253Z 16018G24KT 10SM CLR 36/09 A2994 RMK AO2 SLP080 T03560094 53002
MAF,2023-08-08 03:53,KMAF 080353Z 14006KT 10SM CLR 34/11 A3000 RMK AO2 SLP102 T03440106
MAF,2023-08-08 04:53,KMAF 080453Z 04020G28KT 6SM HZ FEW020 SCT075 SCT120 30/18 A3005 RMK AO2 PK WND 03032/0440 SLP118 T03000183
MAF,2023-08-08 05:53,KMAF 080553Z AUTO 06013G23KT 10SM CLR 29/17 A3004 RMK AO2 PK WND 05026/0500 LTG DSNT SW AND NW SLP116 T02940167 10406 20294 404170261 50033
MAF,2023-08-08 06:53,KMAF 080653Z AUTO 35008KT 10SM VCTS FEW100 SCT120 29/17 A3008 RMK AO2 LTG DSNT N AND NW PRESRR SLP129 T02940167
MAF,2023-08-08 07:53,KMAF 080753Z AUTO 34017G26KT 10SM CLR 25/19 A3011 RMK AO2 PK WND 34030/0736 WSHFT 0654 SLP141 T02500194
MAF,2023-08-08 08:53,KMAF 080853Z AUTO 34014KT 10SM CLR 25/18 A3011 RMK AO2 PK WND 34030/0820 SLP140 T02500183 50012
MAF,2023-08-08 09:53,KMAF 080953Z AUTO 33011KT 10SM CLR 26/18 A3007 RMK AO2 SLP123 T02560183
MAF,2023-08-08 10:53,KMAF 081053Z 15006KT 10SM CLR 26/18 A3004 RMK AO2 SLP115 T02610178
MAF,2023-08-08 11:53,KMAF 081153Z 14008KT 10SM FEW095 FEW120 26/17 A3003 RMK AO2 SLP110 T02610172 10294 20244 56026
MAF,2023-08-08 12:53,KMAF 081253Z 17006KT 10SM CLR 26/18 A3005 RMK AO2 SLP118 T02560178
MAF,2023-08-08 13:53,KMAF 081353Z 23006KT 10SM CLR 27/18 A3007 RMK AO2 SLP125 T02720178
MAF,2023-08-08 14:53,KMAF 081453Z 22008KT 10SM CLR 29/17 A3007 RMK AO2 SLP125 T02890167 51013
MAF,2023-08-08 15:53,KMAF 081553Z 23010KT 10SM CLR 31/17 A3007 RMK AO2 SLP126 T03060172
MAF,2023-08-08 16:53,KMAF 081653Z 24008KT 10SM CLR 32/17 A3006 RMK AO2 SLP125 T03170167
MAF,2023-08-08 17:53,KMAF 081753Z 23008G15KT 10SM CLR 34/16 A3004 RMK AO2 SLP116 T03440161 10344 20256 58008
MAF,2023-08-08 18:53,KMAF 081853Z VRB03KT 10SM CLR 35/14 A3002 RMK AO2 SLP108 T03500144
MAF,2023-08-08 19:53,KMAF 081953Z VRB05KT 10SM CLR 37/14 A3000 RMK AO2 SLP102 T03670139
MAF,2023-08-08 20:53,KMAF 082053Z VRB03KT 10SM CLR 37/13 A2997 RMK AO2 SLP094 T03670133 58021
MAF,2023-08-08 21:53,KMAF 082153Z 09008KT 230V180 10SM CLR 38/13 A2994 RMK AO2 SLP082 T03830133
MAF,2023-08-08 22:53,KMAF 082253Z 29003KT 10SM CLR 38/12 A2992 RMK AO2 SLP075 T03830122
MAF,2023-08-08 23:53,KMAF 082353Z 20005KT 10SM CLR 38/11 A2990 RMK AO2 SLP066 T03780106 10389 20339 56024
MAF,2023-08-09 00:53,KMAF 090053Z 21005KT 10SM CLR 37/12 A2989 RMK AO2 SLP066 T03720117
MAF,2023-08-09 01:53,KMAF 090153Z 27003KT 10SM CLR 36/12 A2990 RMK AO2 SLP067 T03560117
MAF,2023-08-09 02:53,KMAF 090253Z 30004KT 10SM CLR 34/12 A2990 RMK AO2 SLP069 T03440122 53002
MAF,2023-08-09 03:53,KMAF 090353Z 19009KT 10SM FEW090 34/13 A2992 RMK AO2 SLP073 T03440128
MAF,2023-08-09 04:53,KMAF 090453Z 19012KT 10SM CLR 33/13 A2992 RMK AO2 SLP073 T03330133
MAF,2023-08-09 05:53,KMAF 090553Z AUTO 19017G23KT 10SM CLR 32/11 A2992 RMK AO2 LTG DSNT S-NW SLP074 T03220111 10378 20322 403890244 51006
MAF,2023-08-09 06:53,KMAF 090653Z AUTO 35013G23KT 10SM SCT095 BKN110 31/12 A2995 RMK AO2 SLP083 T03110122
MAF,2023-08-09 07:53,KMAF 090753Z AUTO 26007KT 10SM CLR 29/14 A2995 RMK AO2 WSHFT 0640 SLP085 T02890139
MAF,2023-08-09 08:53,KMAF 090853Z AUTO 21006KT 10SM SCT120 31/13 A2993 RMK AO2 SLP075 T03060133 50002
MAF,2023-08-09 09:53,KMAF 090953Z AUTO 18006KT 10SM CLR 30/13 A2992 RMK AO2 SLP074 T03000133
MAF,2023-08-09 10:53,KMAF 091053Z 20009KT 10SM CLR 29/13 A2994 RMK AO2 SLP078 T02940133
MAF,2023-08-09 11:53,KMAF 091153Z 19009KT 10SM CLR 28/13 A2994 RMK AO2 SLP080 T02830133 10328 20283 53003
MAF,2023-08-09 12:53,KMAF 091253Z 21008KT 10SM CLR 28/13 A2995 RMK AO2 SLP086 T02830133
MAF,2023-08-09 13:53,KMAF 091353Z 20009KT 10SM CLR 29/13 A2995 RMK AO2 SLP083 T02890133
MAF,2023-08-09 14:53,KMAF 091453Z 21008KT 10SM CLR 31/13 A2994 RMK AO2 SLP081 T03110133 50000
MAF,2023-08-09 15:53,KMAF 091553Z 24006KT 10SM CLR 33/14 A2993 RMK AO2 SLP077 T03330139
MAF,2023-08-09 16:53,KMAF 091653Z 27008KT 10SM CLR 36/13 A2993 RMK AO2 SLP074 T03610128
MAF,2023-08-09 17:53,KMAF 091753Z 29006KT 10SM CLR 38/11 A2991 RMK AO2 SLP067 T03780106 10378 20278 58010
MAF,2023-08-09 18:53,KMAF 091853Z 25008KT 10SM CLR 39/10 A2989 RMK AO2 SLP062 T03940100
MAF,2023-08-09 19:53,KMAF 091953Z 30012G22KT 10SM CLR 41/09 A2988 RMK AO2 SLP056 T04060089
MAF,2023-08-09 20:53,KMAF 092053Z 30016G23KT 10SM SCT100 41/08 A2985 RMK AO2 SLP049 T04060083 58016
MAF,2023-08-09 21:53,KMAF 092153Z 29009KT 10SM CLR 40/08 A2983 RMK AO2 SLP042 T04000083
MAF,2023-08-09 22:53,KMAF 092253Z 24009G15KT 10SM CLR 41/08 A2982 RMK AO2 SLP036 T04060083
MAF,2023-08-09 23:53,KMAF 092353Z 29009KT 10SM FEW110 40/07 A2981 RMK AO2 SLP034 T04000072 10417 20378 56014
MAF,2023-08-10 00:53,KMAF 100053Z 29005KT 10SM CLR 39/08 A2981 RMK AO2 SLP034 T03890078
MAF,2023-08-10 01:53,KMAF 100153Z 35004KT 10SM BKN110 37/08 A2982 RMK AO2 SLP041 T03670078
MAF,2023-08-10 02:53,KMAF 100253Z 01006KT 10SM CLR 33/06 A2984 RMK AO2 SLP047 T03330056 53010
MAF,2023-08-10 03:53,KMAF 100353Z 06007KT 10SM CLR 32/06 A2985 RMK AO2 SLP051 T03220056
MAF,2023-08-10 04:53,KMAF 100453Z 06007KT 10SM CLR 31/06 A2987 RMK AO2 SLP055 T03110061
MAF,2023-08-10 05:53,KMAF 100553Z AUTO 10012KT 10SM CLR 32/08 A2990 RMK AO2 WSHFT 0528 SLP066 T03170078 10400 20311 404170278 50016
MAF,2023-08-10 06:53,KMAF 100653Z AUTO 09013KT 10SM CLR 31/13 A2989 RMK AO2 PK WND 08026/0613 SLP062 T03110128
MAF,2023-08-10 07:53,KMAF 100753Z AUTO 08011KT 10SM CLR 30/14 A2988 RMK AO2 SLP057 T03000139
MAF,2023-08-10 08:53,KMAF 100853Z AUTO 00000KT 10SM CLR 29/14 A2987 RMK AO2 SLP055 T02890139 56010
MAF,2023-08-10 09:53,KMAF 100953Z AUTO 00000KT 10SM CLR 26/13 A2988 RMK AO2 SLP059 T02610133
MAF,2023-08-10 10:53,KMAF 101053Z 18006KT 10SM CLR 29/12 A2987 RMK AO2 SLP055 T02890122
MAF,2023-08-10 11:53,KMAF 101153Z 16006KT 9SM CLR 27/12 A2989 RMK AO2 SLP064 T02670122 10317 20261 53007
MAF,2023-08-10 12:53,KMAF 101253Z 11006KT 7SM CLR 28/13 A2989 RMK AO2 SLP064 T02780128
MAF,2023-08-10 13:53,KMAF 101353Z 17008KT 10SM CLR 29/13 A2992 RMK AO2 SLP073 T02940133
MAF,2023-08-10 14:53,KMAF 101453Z 20008KT 10SM BKN120 31/14 A2992 RMK AO2 SLP074 T03060144 52008
MAF,2023-08-10 15:53,KMAF 101553Z 21003KT 10SM CLR 33/14 A2993 RMK AO2 SLP076 T03280144
MAF,2023-08-10 16:53,KMAF 101653Z VRB03KT 10SM CLR 34/14 A2992 RMK AO2 SLP075 T03390139
MAF,2023-08-10 17:53,KMAF 101753Z VRB04KT 10SM CLR 36/13 A2991 RMK AO2 SLP070 T03610133 10367 20267 58002
MAF,2023-08-10 18:53,KMAF 101853Z 36005KT 10SM CLR 38/12 A2990 RMK AO2 SLP063 T03830122
MAF,2023-08-10 19:53,KMAF 101953Z 20006KT 10SM CLR 39/11 A2988 RMK AO2 SLP057 T03940111
MAF,2023-08-10 20:53,KMAF 102053Z 02004KT 10SM CLR 41/09 A2985 RMK AO2 SLP047 T04110094 58019
MAF,2023-08-10 21:53,KMAF 102153Z VRB05KT 10SM CLR 41/08 A2982 RMK AO2 SLP039 T04110083
MAF,2023-08-10 22:53,KMAF 102253Z VRB03KT 10SM CLR 40/08 A2981 RMK AO2 SLP033 T04000078
MAF,2023-08-10 23:53,KMAF 102353Z 10SM SCT110 40/08 A2979 RMK AO2 SLP030 T04000083 10417 20361 56018
MAF,2023-08-11 00:53,KMAF 110053Z VRB03KT 10SM CLR 39/08 A2979 RMK AO2 SLP029 T03940083
MAF,2023-08-11 01:53,KMAF 110153Z 00000KT 10SM OVC110 38/09 A2980 RMK AO2 LTG DSNT N SLP032 T03830089
MAF,2023-08-11 02:53,KMAF 110253Z 17012KT 10SM FEW019 SCT120 38/08 A2982 RMK AO2 PK WND 19027/0238 SLP039 T03830078 53010
MAF,2023-08-11 03:53,KMAF 110353Z 21015G20KT 10SM BKN110 37/12 A2986 RMK AO2 LTG DSNT NE-SE SLP051 T03720117
MAF,2023-08-11 04:53,KMAF 110453Z 17017G26KT 10SM TS OVC110 35/14 A2988 RMK AO2 PK WND 18026/0451 LTG DSNT N-E TSB16E39B46 SLP059 T03500144
MAF,2023-08-11 05:53,KMAF 110553Z AUTO 13014KT 10SM VCTS OVC110 34/14 A2991 RMK AO2 LTG DSNT N-E TSE19B28E43 SLP068 T03390144 10406 20339 404170261 53015
MAF,2023-08-11 06:53,KMAF 110653Z AUTO 16013G22KT 10SM CLR 33/14 A2991 RMK AO2 LTG DSNT NE AND E SLP067 T03280144
MAF,2023-08-11 07:53,KMAF 110753Z AUTO 14012KT 10SM CLR 31/15 A2991 RMK AO2 LTG DSNT E SLP068 T03110150
MAF,2023-08-11 08:53,KMAF 110853Z AUTO 14010KT 10SM BKN120 30/16 A2995 RMK AO2 SLP081 T03000156 53012
MAF,2023-08-11 09:53,KMAF 110953Z AUTO 17008KT 10SM CLR 29/15 A2994 RMK AO2 SLP079 T02890150
MAF,2023-08-11 10:53,KMAF 111053Z AUTO 16007KT 10SM CLR 28/15 A2993 RMK AO2 SLP075 T02830150
MAF,2023-08-11 11:53,KMAF 111153Z AUTO 23009KT 10SM CLR 28/14 A2993 RMK AO2 SLP075 T02830139 10339 20278 55006
MAF,2023-08-11 12:53,KMAF 111253Z 24008KT 10SM CLR 28/14 A2994 RMK AO2 SLP078 T02830144
MAF,2023-08-11 13:53,KMAF 111353Z 23009KT 9SM CLR 30/16 A2995 RMK AO2 SLP084 T03000156
MAF,2023-08-11 14:53,KMAF 111453Z 29010KT 10SM CLR 32/14 A2995 RMK AO2 SLP082 T03220144 50006
MAF,2023-08-11 15:53,KMAF 111553Z 31007G15KT 10SM CLR 34/14 A2995 RMK AO2 SLP082 T03390139
MAF,2023-08-11 16:53,KMAF 111653Z 26008KT 10SM CLR 36/13 A2996 RMK AO2 SLP085 T03610133 $
MAF,2023-08-11 17:53,KMAF 111753Z VRB03KT 10SM CLR 37/13 A2994 RMK AO2 SLP080 T03670128 10372 20278 58002 $
MAF,2023-08-11 18:53,KMAF 111853Z VRB06KT 10SM CLR 38/13 A2993 RMK AO2 SLP074 T03780128 $
MAF,2023-08-11 19:53,KMAF 111953Z 22007G16KT 10SM CLR 39/12 A2991 RMK AO2 SLP068 T03940122 $
MAF,2023-08-11 20:53,KMAF 112053Z 23005KT 10SM CLR 40/11 A2988 RMK AO2 SLP059 T04000111 58019 $
MAF,2023-08-11 21:53,KMAF 112153Z 24009G17KT 10SM CLR 41/11 A2986 RMK AO2 SLP050 T04060106 $
MAF,2023-08-11 22:53,KMAF 112253Z 17009KT 10SM CLR 41/10 A2985 RMK AO2 SLP048 T04060100 $
MAF,2023-08-11 23:53,KMAF 112353Z 19009KT 10SM CLR 40/09 A2983 RMK AO2 LTG DSNT W AND NW SLP043 T04000094 10411 20367 56016 $
MAF,2023-08-12 00:53,KMAF 120053Z 20011KT 10SM CLR 39/09 A2984 RMK AO2 LTG DSNT N SLP045 T03890094 $
MAF,2023-08-12 01:53,KMAF 120153Z AUTO 21008KT 10SM CLR 38/09 A2986 RMK AO2 LTG DSNT N SLP052 T03780094 $
MAF,2023-08-12 02:53,KMAF 120253Z 27006KT 10SM CLR 35/11 A2989 RMK AO2 SLP061 T03500111 53017 $
MAF,2023-08-12 03:53,KMAF 120353Z 20006KT 10SM CLR 34/11 A2992 RMK AO2 SLP073 T03440111 $
MAF,2023-08-12 04:53,KMAF 120453Z 22006KT 10SM CLR 33/12 A2994 RMK AO2 SLP077 T03330122 $
MAF,2023-08-12 05:53,KMAF 120553Z AUTO 22008KT 10SM CLR 33/13 A2995 RMK AO2 SLP083 T03280128 10406 20328 404110278 51021 $
MAF,2023-08-12 06:53,KMAF 120653Z AUTO 19008KT 10SM CLR 32/15 A2997 RMK AO2 SLP087 T03220150 $
MAF,2023-08-12 07:53,KMAF 120753Z AUTO 18008KT 10SM CLR 32/16 A2996 RMK AO2 SLP086 T03170156 $
MAF,2023-08-12 08:53,KMAF 120853Z AUTO 19008KT 10SM CLR 31/16 A2997 RMK AO2 SLP087 T03110156 51004 $
MAF,2023-08-12 09:53,KMAF 120953Z AUTO 18009KT 10SM CLR 30/16 A2997 RMK AO2 SLP090 T03000161 $
MAF,2023-08-12 10:53,KMAF 121053Z 19009KT 10SM CLR 29/16 A2998 RMK AO2 SLP092 T02890156 $
MAF,2023-08-12 11:53,KMAF 121153Z 18011KT 10SM CLR 28/16 A2998 RMK AO2 SLP094 T02830161 10328 20283 51005 $
MAF,2023-08-12 12:53,KMAF 121253Z 20014KT 10SM CLR 28/19 A3000 RMK AO2 SLP099 T02830189 $
MAF,2023-08-12 13:53,KMAF 121353Z 21015KT 10SM CLR 29/19 A3001 RMK AO2 SLP102 T02940189 $
MAF,2023-08-12 14:53,KMAF 121453Z 24011KT 10SM CLR 32/15 A3002 RMK AO2 SLP106 T03170150 51010 $
MAF,2023-08-12 15:53,KMAF 121553Z 19010G17KT 10SM CLR 32/16 A3001 RMK AO2 SLP105 T03220156 $
MAF,2023-08-12 16:53,KMAF 121653Z 18006KT 10SM CLR 34/16 A3001 RMK AO2 SLP102 T03390156
MAF,2023-08-12 17:53,KMAF 121753Z VRB03KT 10SM CLR 36/15 A2999 RMK AO2 SLP096 T03560150 10356 20283 58008
MAF,2023-08-12 18:53,KMAF 121853Z 00000KT 10SM CLR 37/14 A2997 RMK AO2 SLP091 T03670144
MAF,2023-08-12 19:53,KMAF 121953Z 10SM CLR 38/14 A2995 RMK AO2 SLP083 T03830139
MAF,2023-08-12 20:53,KMAF 122053Z VRB03KT 10SM CLR 38/11 A2993 RMK AO2 SLP076 T03830111 58018
MAF,2023-08-12 21:53,KMAF 122153Z 17010G22KT 10SM CLR 40/09 A2991 RMK AO2 SLP069 T04000094
MAF,2023-08-12 22:53,KMAF 122253Z 24004G15KT 10SM CLR 39/09 A2988 RMK AO2 SLP058 T03940089
MAF,2023-08-12 23:53,KMAF 122353Z 20009KT 10SM CLR 39/09 A2987 RMK AO2 SLP056 T03940089 10406 20356 56019
MAF,2023-08-13 00:53,KMAF 130053Z 20010KT 10SM CLR 38/11 A2988 RMK AO2 SLP059 T03830106
MAF,2023-08-13 01:53,KMAF 130153Z 20012KT 10SM CLR 37/13 A2990 RMK AO2 SLP066 T03670128
MAF,2023-08-13 02:53,KMAF 130253Z 15010KT 10SM CLR 34/14 A2993 RMK AO2 SLP075 T03440139 53017
MAF,2023-08-13 03:53,KMAF 130353Z 20009KT 10SM CLR 34/13 A2995 RMK AO2 SLP082 T03440133
MAF,2023-08-13 04:53,KMAF 130453Z AUTO 18010KT 10SM CLR 33/13 A2996 RMK AO2 SLP087 T03330128
MAF,2023-08-13 05:53,KMAF 130553Z AUTO 18011KT 10SM CLR 32/15 A2997 RMK AO2 SLP089 T03220150 10394 20322 404060283 51014
MAF,2023-08-13 06:53,KMAF 130653Z AUTO 19014G21KT 10SM CLR 32/16 A2997 RMK AO2 SLP090 T03170156
MAF,2023-08-13 07:53,KMAF 130753Z AUTO 18013KT 10SM CLR 31/17 A2998 RMK AO2 SLP092 T03060167
MAF,2023-08-13 08:53,KMAF 130853Z AUTO 19010KT 10SM CLR 30/17 A2999 RMK AO2 SLP095 T03000172 53005
MAF,2023-08-13 09:53,KMAF 130953Z AUTO 19012KT 10SM CLR 29/17 A2999 RMK AO2 SLP095 T02940172
MAF,2023-08-13 10:53,KMAF 131053Z AUTO 18011KT 10SM CLR 29/17 A2999 RMK AO2 SLP096 T02890172
MAF,2023-08-13 11:53,KMAF 131153Z 18010KT 10SM CLR 28/18 A3000 RMK AO2 SLP100 T02780178 10322 20278 53004
MAF,2023-08-13 12:53,KMAF 131253Z 17012KT 9SM CLR 27/20 A3002 RMK AO2 SLP108 T02720200
MAF,2023-08-13 13:53,KMAF 131353Z 17018KT 10SM CLR 28/20 A3003 RMK AO2 SLP111 T02830200
MAF,2023-08-13 14:53,KMAF 131453Z 17014G22KT 10SM CLR 30/20 A3004 RMK AO2 SLP114 T03000200 51011
MAF,2023-08-13 15:53,KMAF 131553Z 20011KT 10SM CLR 32/19 A3004 RMK AO2 SLP113 T03170194
MAF,2023-08-13 16:53,KMAF 131653Z 20012G20KT 10SM CLR 33/19 A3003 RMK AO2 SLP110 T03330189
MAF,2023-08-13 17:53,KMAF 131753Z 21011G16KT 10SM CLR 35/18 A3001 RMK AO2 SLP105 T03500178 10356 20272 58007
MAF,2023-08-13 18:53,KMAF 131853Z 21007G16KT 10SM CLR 36/17 A3000 RMK AO2 SLP099 T03610172
MAF,2023-08-13 19:53,KMAF 131953Z 20004G14KT 10SM CLR 37/16 A2998 RMK AO2 SLP092 T03670161
MAF,2023-08-13 20:53,KMAF 132053Z 10SM 38/13 A2995 RMK AO2 SLP083 T03780128 58019 $
MAF,2023-08-13 21:53,KMAF 132153Z 00000KT 10SM CLR 38/11 A2994 RMK AO2 SLP078 T03830106 $
MAF,2023-08-13 22:53,KMAF 132253Z 13008G16KT 100V190 10SM FEW095 38/14 A2993 RMK AO2 SLP075 T03830139 $
MAF,2023-08-13 23:53,KMAF 132353Z 16015KT 10SM CLR 38/12 A2991 RMK AO2 SLP072 T03780122 10389 20350 56012 $
MAF,2023-08-14 00:53,KMAF 140053Z 16009KT 10SM CLR 37/10 A2992 RMK AO2 SLP075 T03720100 $
MAF,2023-08-14 01:53,KMAF 140153Z 14011KT 10SM CLR 36/11 A2994 RMK AO2 SLP081 T03560106 $
MAF,2023-08-14 02:53,KMAF 140253Z 15010KT 10SM CLR 34/12 A2997 RMK AO2 SLP090 T03390117 53016 $
MAF,2023-08-14 03:53,KMAF 140353Z 16016KT 10SM CLR 34/13 A3000 RMK AO2 SLP101 T03390133 $
MAF,2023-08-14 04:53,KMAF 140453Z 17013KT 10SM CLR 33/13 A3001 RMK AO2 SLP104 T03280128 $
MAF,2023-08-14 05:53,KMAF 140553Z AUTO 18014KT 10SM CLR 32/12 A3001 RMK AO2 SLP103 T03170122 10378 20317 403890272 50013 $
MAF,2023-08-14 06:53,KMAF 140653Z AUTO 18011KT 10SM FEW100 31/12 A3002 RMK AO2 SLP107 T03110122 $
MAF,2023-08-14 07:53,KMAF 140753Z AUTO 17009KT 10SM CLR 30/13 A3002 RMK AO2 SLP109 T03000128 $
MAF,2023-08-14 08:53,KMAF 140853Z AUTO 13006KT 10SM SCT095 28/13 A3005 RMK AO2 SLP117 T02830128 53012 $
MAF,2023-08-14 09:53,KMAF 140953Z AUTO 12005KT 10SM CLR 28/14 A3007 RMK AO2 SLP126 T02780139 $
MAF,2023-08-14 10:53,KMAF 141053Z 12008KT 10SM CLR 27/15 A3009 RMK AO2 SLP132 T02720150 $
MAF,2023-08-14 11:53,KMAF 141153Z 13006KT 10SM CLR 26/16 A3010 RMK AO2 SLP135 T02610156 10317 20261 51016 $
MAF,2023-08-14 12:53,KMAF 141253Z 03007KT 9SM FEW085 27/17 A3013 RMK AO2 SLP147 T02670167 $
MAF,2023-08-14 13:53,KMAF 141353Z 07015KT 10SM CLR 27/17 A3017 RMK AO2 SLP160 T02720172
MAF,2023-08-14 14:53,KMAF 141453Z 06016KT 9SM CLR 28/18 A3019 RMK AO2 SLP166 T02780178 51028
MAF,2023-08-14 15:53,KMAF 141553Z 06016G24KT 9SM CLR 29/18 A3020 RMK AO2 SLP171 T02890183
MAF,2023-08-14 16:53,KMAF 141653Z 06018KT 10SM FEW037 31/18 A3020 RMK AO2 SLP173 T03060183
MAF,2023-08-14 17:53,KMAF 141753Z 04014G23KT 10SM CLR 31/19 A3020 RMK AO2 SLP170 T03110189 10311 20256 50003
MAF,2023-08-14 18:53,KMAF 141853Z 06012G20KT 10SM FEW042 32/18 A3018 RMK AO2 SLP164 T03220183
MAF,2023-08-14 19:53,KMAF 141953Z 03011G19KT 10SM FEW048 33/18 A3017 RMK AO2 SLP160 T03330178
MAF,2023-08-14 20:53,KMAF 142053Z 06016G23KT 10SM FEW055 35/18 A3015 RMK AO2 SLP153 T03500178 58015
MAF,2023-08-14 21:53,KMAF 142153Z 07012G21KT 10SM BKN055 BKN085 33/17 A3013 RMK AO2 SLP150 T03330167
MAF,2023-08-14 22:53,KMAF 142253Z 06017G24KT 10SM CLR 34/17 A3012 RMK AO2 SLP144 T03390167
MAF,2023-08-14 23:53,KMAF 142353Z 05018G24KT 10SM CLR 33/16 A3011 RMK AO2 PK WND 08026/2341 SLP143 T03330161 10356 20306 56012
MAF,2023-08-15 00:53,KMAF 150053Z 07018KT 10SM CLR 32/16 A3012 RMK AO2 SLP149 T03220156
MAF,2023-08-15 01:53,KMAF 150153Z 06017G23KT 10SM CLR 30/15 A3015 RMK AO2 PK WND 06028/0123 SLP158 T03000150
MAF,2023-08-15 02:53,KMAF 150253Z 07019G27KT 10SM CLR 29/14 A3018 RMK AO2 PK WND 07028/0215 SLP168 T02890144 53021
MAF,2023-08-15 03:53,KMAF 150353Z 07020G29KT 10SM CLR 28/13 A3021 RMK AO2 PK WND 07030/0343 SLP179 T02780128
MAF,2023-08-15 04:53,KMAF 150453Z 07016G28KT 10SM CLR 27/12 A3022 RMK AO2 PK WND 08030/0406 SLP181 T02670122
MAF,2023-08-15 05:53,KMAF 150553Z AUTO 07017G24KT 10SM CLR 26/12 A3022 RMK AO2 SLP184 T02560117 10339 20256 403560256 51014
MAF,2023-08-15 06:53,KMAF 150653Z AUTO 06012KT 10SM CLR 25/11 A3023 RMK AO2 SLP186 T02500106
MAF,2023-08-15 07:53,KMAF 150753Z AUTO 07012KT 10SM CLR 24/09 A3022 RMK AO2 SLP181 T02440094
MAF,2023-08-15 08:53,KMAF 150853Z AUTO 07011KT 10SM CLR 24/09 A3022 RMK AO2 SLP182 T02390089 58001
MAF,2023-08-15 09:53,KMAF 150953Z AUTO 06010KT 10SM CLR 23/09 A3023 RMK AO2 SLP187 T02330089
MAF,2023-08-15 10:53,KMAF 151053Z 07007KT 10SM CLR 23/09 A3024 RMK AO2 SLP189 T02280089
MAF,2023-08-15 11:53,KMAF 151153Z 07009KT 10SM CLR 22/09 A3026 RMK AO2 SLP196 T02220094 10256 20222 53011
MAF,2023-08-15 12:53,KMAF 151253Z 06009KT 10SM CLR 23/09 A3028 RMK AO2 SLP206 T02280094
MAF,2023-08-15 13:53,KMAF 151353Z 08012KT 10SM CLR 24/10 A3030 RMK AO2 SLP212 T02390100
MAF,2023-08-15 14:53,KMAF 151453Z 08012KT 10SM CLR 26/11 A3030 RMK AO2 SLP214 T02560106 51015
MAF,2023-08-15 15:53,KMAF 151553Z 09011G18KT 10SM CLR 27/11 A3031 RMK AO2 SLP216 T02720106
MAF,2023-08-15 16:53,KMAF 151653Z 05007G18KT 10SM CLR 29/11 A3031 RMK AO2 SLP214 T02890111
MAF,2023-08-15 17:53,KMAF 151753Z 09008G15KT 10SM CLR 30/12 A3027 RMK AO2 SLP203 T03000122 10300 20222 58009
MAF,2023-08-15 18:53,KMAF 151853Z 09007KT 050V120 10SM CLR 32/13 A3025 RMK AO2 SLP194 T03170128
MAF,2023-08-15 19:53,KMAF 151953Z 11006KT 10SM CLR 32/13 A3023 RMK AO2 SLP185 T03220133
MAF,2023-08-15 20:53,KMAF 152053Z 04004KT 10SM CLR 33/13 A3019 RMK AO2 SLP173 T03330133 58025
MAF,2023-08-15 21:53,KMAF 152153Z VRB06KT 10SM CLR 34/13 A3016 RMK AO2 SLP162 T03390133
MAF,2023-08-15 22:53,KMAF 152253Z 17004KT 10SM CLR 33/13 A3014 RMK AO2 SLP155 T03280133
MAF,2023-08-15 23:53,KMAF 152353Z 00000KT 10SM CLR 34/13 A3012 RMK AO2 SLP149 T03390128 10344 20300 56022
MAF,2023-08-16 00:53,KMAF 160053Z 09008KT 10SM CLR 33/13 A3012 RMK AO2 SLP148 T03330128
MAF,2023-08-16 01:53,KMAF 160153Z AUTO 09006KT 10SM CLR 32/13 A3013 RMK AO2 SLP152 T03170128
MAF,2023-08-16 02:53,KMAF 160253Z AUTO 09005KT 10SM CLR 31/13 A3014 RMK AO2 SLP156 T03060128 53006
MAF,2023-08-16 03:53,KMAF 160353Z 09006KT 10SM CLR 30/13 A3015 RMK AO2 SLP159 T03000128
MAF,2023-08-16 04:53,KMAF 160453Z AUTO 09009KT 10SM CLR 29/13 A3016 RMK AO2 SLP160 T02940128
MAF,2023-08-16 05:53,KMAF 160553Z AUTO 09008KT 10SM CLR 28/12 A3015 RMK AO2 SLP158 T02830122 10344 20283 403440222 50003
MAF,2023-08-16 06:53,KMAF 160653Z AUTO 10005KT 10SM CLR 27/12 A3015 RMK AO2 SLP157 T02720122
MAF,2023-08-16 07:53,KMAF 160753Z AUTO 12006KT 10SM CLR 26/12 A3014 RMK AO2 SLP154 T02610122
MAF,2023-08-16 08:53,KMAF 160853Z AUTO 13007KT 10SM CLR 26/12 A3013 RMK AO2 SLP152 T02560122 58006
MAF,2023-08-16 09:53,KMAF 160953Z AUTO 13007KT 10SM CLR 25/12 A3013 RMK AO2 SLP151 T02500117
MAF,2023-08-16 10:53,KMAF 161053Z 14006KT 10SM CLR 24/12 A3013 RMK AO2 SLP151 T02390117
MAF,2023-08-16 11:53,KMAF 161153Z 15005KT 10SM CLR 23/12 A3013 RMK AO2 SLP152 T02330117 10283 20233 55000
MAF,2023-08-16 12:53,KMAF 161253Z 14004KT 10SM CLR 24/12 A3013 RMK AO2 SLP152 T02440117
MAF,2023-08-16 13:53,KMAF 161353Z 16009KT 10SM CLR 26/12 A3014 RMK AO2 SLP155 T02610122
MAF,2023-08-16 14:53,KMAF 161453Z 19009KT 10SM CLR 29/14 A3015 RMK AO2 SLP156 T02940144 53004
MAF,2023-08-16 15:53,KMAF 161553Z 22013KT 10SM CLR 32/16 A3014 RMK AO2 SLP151 T03220156
MAF,2023-08-16 16:53,KMAF 161653Z 20009G17KT 10SM CLR 33/15 A3013 RMK AO2 SLP147 T03330150
MAF,2023-08-16 17:53,KMAF 161753Z 26008KT 10SM CLR 36/14 A3010 RMK AO2 SLP136 T03560139 10356 20233 58014
MAF,2023-08-16 18:53,KMAF 161853Z VRB05KT 10SM CLR 36/13 A3007 RMK AO2 SLP127 T03610133
MAF,2023-08-16 19:53,KMAF 161953Z AUTO VRB04KT 10SM SCT080 36/13 A3005 RMK AO2 SLP119 T03560128
MAF,2023-08-16 20:53,KMAF 162053Z 15007G15KT 10SM BKN085 37/12 A3002 RMK AO2 SLP110 T03720122 56024
MAF,2023-08-16 21:53,KMAF 162153Z 16007G16KT 10SM BKN090 37/11 A3000 RMK AO2 SLP102 T03720111
MAF,2023-08-16 22:53,KMAF 162253Z 20005KT 10SM BKN095 38/11 A2997 RMK AO2 SLP094 T03780106
MAF,2023-08-16 23:53,KMAF 162353Z 20008KT 10SM CLR 37/09 A2996 RMK AO2 SLP089 T03720094 10383 20344 56021
MAF,2023-08-17 00:53,KMAF 170053Z 13007KT 10SM CLR 36/10 A2995 RMK AO2 SLP089 T03610100
MAF,2023-08-17 01:53,KMAF 170153Z 16006KT 10SM CLR 35/09 A2997 RMK AO2 SLP093 T03500094
MAF,2023-08-17 02:53,KMAF 170253Z 16005KT 10SM CLR 33/10 A2998 RMK AO2 SLP096 T03280100 53008
MAF,2023-08-17 03:53,KMAF 170353Z 15009KT 10SM CLR 32/10 A3000 RMK AO2 SLP102 T03170100
MAF,2023-08-17 04:53,KMAF 170453Z 18010KT 10SM CLR 31/13 A3001 RMK AO2 SLP104 T03110128
MAF,2023-08-17 05:53,KMAF 170553Z AUTO 19009KT 10SM CLR 30/13 A3000 RMK AO2 SLP103 T03000133 10372 20300 403830233 50007
MAF,2023-08-17 06:53,KMAF 170653Z AUTO 19009KT 10SM CLR 29/13 A2999 RMK AO2 SLP099 T02940133
MAF,2023-08-17 07:53,KMAF 170753Z AUTO 19007KT 10SM CLR 29/14 A2998 RMK AO2 SLP095 T02890139
MAF,2023-08-17 08:53,KMAF 170853Z AUTO 22005KT 10SM CLR 28/14 A2997 RMK AO2 SLP093 T02780139 56009
MAF,2023-08-17 09:53,KMAF 170953Z AUTO 20005KT 10SM CLR 28/14 A2998 RMK AO2 SLP096 T02780139
MAF,2023-08-17 10:53,KMAF 171053Z 20007KT 10SM CLR 27/14 A2999 RMK AO2 SLP099 T02720139
MAF,2023-08-17 11:53,KMAF 171153Z 16003KT 10SM CLR 25/13 A3000 RMK AO2 SLP103 T02500133 10300 20250 52008
MAF,2023-08-17 12:53,KMAF 171253Z 18005KT 9SM CLR 27/14 A3001 RMK AO2 SLP105 T02670139
MAF,2023-08-17 13:53,KMAF 171353Z 18007KT 10SM CLR 29/14 A3003 RMK AO2 SLP111 T02890139
MAF,2023-08-17 14:53,KMAF 171453Z 20010KT 10SM FEW110 32/14 A3003 RMK AO2 SLP113 T03170139 52010
MAF,2023-08-17 15:53,KMAF 171553Z 21011KT 10SM SCT110 34/13 A3004 RMK AO2 SLP114 T03440133
MAF,2023-08-17 16:53,KMAF 171653Z 19008KT 10SM CLR 36/12 A3004 RMK AO2 SLP113 T03610122
MAF,2023-08-17 17:53,KMAF 171753Z 22003G14KT 10SM CLR 37/11 A3003 RMK AO2 SLP109 T03720106 10372 20244 58002
MAF,2023-08-17 18:53,KMAF 171853Z 18007KT 10SM CLR 38/10 A3001 RMK AO2 SLP104 T03830100
MAF,2023-08-17 19:53,KMAF 171953Z 17009KT 10SM FEW095 39/09 A3000 RMK AO2 SLP099 T03890094
MAF,2023-08-17 20:53,KMAF 172053Z 14011G17KT 10SM BKN100 39/09 A2997 RMK AO2 LTG DSNT W SLP091 T03890089 58017
MAF,2023-08-17 21:53,KMAF 172153Z 19010G17KT 10SM BKN100 39/08 A2996 RMK AO2 LTG DSNT NE AND E AND W SLP086 T03890083
MAF,2023-08-17 22:53,KMAF 172253Z 13014G21KT 10SM FEW120 39/09 A2996 RMK AO2 SLP085 T03890089
MAF,2023-08-17 23:53,KMAF 172353Z 11018G26KT 9SM CLR 38/09 A2995 RMK AO2 PK WND 09026/2353 SLP085 T03780089 10406 20372 56007
MAF,2023-08-18 00:53,KMAF 180053Z 13016KT 10SM CLR 36/08 A2995 RMK AO2 PK WND 11028/2354 SLP086 T03610083
MAF,2023-08-18 01:53,KMAF 180153Z 14009KT 10SM CLR 34/08 A2996 RMK AO2 SLP089 T03440078
MAF,2023-08-18 02:53,KMAF 180253Z 13005KT 10SM CLR 32/08 A2997 RMK AO2 SLP093 T03220078 53007
MAF,2023-08-18 03:53,KMAF 180353Z 13004KT 10SM CLR 31/08 A2998 RMK AO2 SLP097 T03060078
MAF,2023-08-18 04:53,KMAF 180453Z 14005KT 10SM CLR 29/08 A2999 RMK AO2 SLP099 T02890083
MAF,2023-08-18 05:53,KMAF 180553Z AUTO 19007KT 10SM CLR 30/09 A3000 RMK AO2 SLP099 T03000089 10372 20289 404060244 51007
MAF,2023-08-18 06:53,KMAF 180653Z AUTO 20008KT 10SM CLR 31/08 A3000 RMK AO2 SLP099 T03060078
MAF,2023-08-18 07:53,KMAF 180753Z AUTO 20006KT 10SM CLR 29/07 A3000 RMK AO2 SLP101 T02890072
MAF,2023-08-18 08:53,KMAF 180853Z AUTO 19008KT 10SM CLR 28/08 A3001 RMK AO2 SLP102 T02830078 53003
MAF,2023-08-18 09:53,KMAF 180953Z AUTO 18007KT 10SM CLR 27/08 A3002 RMK AO2 SLP107 T02720078
MAF,2023-08-18 10:53,KMAF 181053Z AUTO 19006KT 10SM SCT110 27/08 A3002 RMK AO2 SLP108 T02720083
MAF,2023-08-18 11:53,KMAF 181153Z 19006KT 10SM BKN110 27/09 A3003 RMK AO2 SLP113 T02670089 10306 20267 52008
MAF,2023-08-18 12:53,KMAF 181253Z 21004KT 10SM FEW110 27/09 A3005 RMK AO2 SLP119 T02670094
MAF,2023-08-18 13:53,KMAF 181353Z 18008KT 9SM BKN120 28/10 A3006 RMK AO2 SLP124 T02830100
MAF,2023-08-18 14:53,KMAF 181453Z 19010KT 10SM FEW110 31/10 A3008 RMK AO2 SLP129 T03110100 51014
MAF,2023-08-18 15:53,KMAF 181553Z 21009KT 10SM CLR 34/10 A3007 RMK AO2 SLP126 T03440100
MAF,2023-08-18 16:53,KMAF 181653Z 18006KT 10SM CLR 36/09 A3008 RMK AO2 SLP128 T03610089
MAF,2023-08-18 17:53,KMAF 181753Z 11010G15KT 10SM CLR 37/08 A3006 RMK AO2 SLP123 T03670083 10372 20267 58004
MAF,2023-08-18 18:53,KMAF 181853Z 12009G22KT 10SM CLR 38/07 A3005 RMK AO2 SLP116 T03830072
MAF,2023-08-18 19:53,KMAF 181953Z 16012G25KT 10SM CLR 39/04 A3002 RMK AO2 PK WND 13028/1927 SLP108 T03890044
MAF,2023-08-18 20:53,KMAF 182053Z 10007G21KT 10SM CLR 38/04 A3000 RMK AO2 PK WND 14026/1955 SLP102 T03830044 58019
MAF,2023-08-18 21:53,KMAF 182153Z AUTO 16006G15KT 10SM FEW110 38/04 A2998 RMK AO2 PK WND 12026/2124 SLP095 T03830039
MAF,2023-08-18 22:53,KMAF 182253Z 12015G25KT 10SM CLR 38/06 A2996 RMK AO2 SLP089 T03830056
MAF,2023-08-18 23:53,KMAF 182353Z 15014G21KT 10SM SCT100 38/07 A2995 RMK AO2 SLP086 T03780067 10394 20367 56015
MAF,2023-08-19 00:53,KMAF 190053Z 13010KT 10SM CLR 37/06 A2995 RMK AO2 SLP086 T03670061
MAF,2023-08-19 01:53,KMAF 190153Z 15009KT 10SM CLR 34/06 A2997 RMK AO2 SLP092 T03440056
MAF,2023-08-19 02:53,KMAF 190253Z 15006KT 10SM CLR 32/06 A2999 RMK AO2 SLP098 T03170056 53010
MAF,2023-08-19 03:53,KMAF 190353Z 15006KT 10SM CLR 31/06 A3000 RMK AO2 SLP103 T03060056
MAF,2023-08-19 04:53,KMAF 190453Z AUTO 12005KT 10SM CLR 28/05 A3001 RMK AO2 SLP105 T02830050
MAF,2023-08-19 05:53,KMAF 190553Z AUTO 16007KT 10SM CLR 28/06 A3003 RMK AO2 SLP112 T02830056 10383 20283 403940267 53013
MAF,2023-08-19 06:53,KMAF 190653Z AUTO 17003KT 10SM CLR 26/05 A3004 RMK AO2 SLP115 T02610050
MAF,2023-08-19 07:53,KMAF 190753Z AUTO 13004KT 10SM CLR 26/05 A3004 RMK AO2 SLP117 T02560050
MAF,2023-08-19 08:53,KMAF 190853Z AUTO 18004KT 10SM CLR 26/06 A3004 RMK AO2 SLP117 T02560056 51005
MAF,2023-08-19 09:53,KMAF 190953Z AUTO 16004KT 10SM CLR 25/06 A3004 RMK AO2 SLP118 T02500061
MAF,2023-08-19 10:53,KMAF 191053Z 00000KT 10SM CLR 24/07 A3005 RMK AO2 SLP120 T02390072
MAF,2023-08-19 11:53,KMAF 191153Z 00000KT 10SM CLR 21/06 A3006 RMK AO2 SLP126 T02060056 10283 20206 53004
MAF,2023-08-19 12:53,KMAF 191253Z 13005KT 9SM CLR 23/09 A3007 RMK AO2 SLP129 T02280089
MAF,2023-08-19 13:53,KMAF 191353Z 16009KT 10SM CLR 26/13 A3008 RMK AO2 SLP134 T02560128
MAF,2023-08-19 14:53,KMAF 191453Z 17006KT 10SM CLR 29/16 A3009 RMK AO2 SLP136 T02890161 51010
MAF,2023-08-19 15:53,KMAF 191553Z 15011KT 10SM CLR 32/16 A3009 RMK AO2 SLP134 T03170156
MAF,2023-08-19 16:53,KMAF 191653Z 15013G21KT 10SM CLR 34/12 A3009 RMK AO2 SLP135 T03390117
MAF,2023-08-19 17:53,KMAF 191753Z 16011G17KT 10SM CLR 34/12 A3007 RMK AO2 SLP128 T03440117 10350 20206 58005
MAF,2023-08-19 18:53,KMAF 191853Z 14015G24KT 10SM CLR 36/11 A3005 RMK AO2 SLP120 T03610106
MAF,2023-08-19 19:53,KMAF 191953Z 13011G23KT 10SM CLR 36/11 A3003 RMK AO2 PK WND 14028/1940 SLP112 T03610106
MAF,2023-08-19 21:53,KMAF 192153Z 15015G21KT 10SM CLR 38/07 A3000 RMK AO2 PK WND 15026/2133 SLP101 T03780067
MAF,2023-08-19 22:53,KMAF 192253Z 14016G24KT 10SM CLR 38/04 A2998 RMK AO2 PK WND 16028/2240 SLP097 T03780044
MAF,2023-08-19 23:53,KMAF 192353Z 12020G24KT 10SM CLR 37/05 A2998 RMK AO2 SLP099 T03720050 10383 20344 56008
MAF,2023-08-20 00:53,KMAF 200053Z 13015G21KT 10SM CLR 36/03 A2998 RMK AO2 SLP100 T03610033
MAF,2023-08-20 01:53,KMAF 200153Z 14008KT 10SM CLR 33/04 A3000 RMK AO2 SLP105 T03330039
MAF,2023-08-20 02:53,KMAF 200253Z 13006KT 10SM CLR 31/04 A3002 RMK AO2 SLP112 T03060039 53013
MAF,2023-08-20 03:53,KMAF 200353Z 10009KT 7SM CLR 30/04 A3005 RMK AO2 SLP119 T03000039
MAF,2023-08-20 04:53,KMAF 200453Z AUTO 12009KT 10SM CLR 29/03 A3006 RMK AO2 SLP123 T02890028
MAF,2023-08-20 05:53,KMAF 200553Z AUTO 14008KT 10SM CLR 27/03 A3007 RMK AO2 SLP128 T02720028 10372 20272 403830206 51018
MAF,2023-08-20 06:53,KMAF 200653Z AUTO 14006KT 10SM CLR 26/03 A3008 RMK AO2 SLP132 T02560028
MAF,2023-08-20 07:53,KMAF 200753Z AUTO 14005KT 10SM CLR 25/04 A3009 RMK AO2 SLP134 T02500039
MAF,2023-08-20 08:53,KMAF 200853Z AUTO 11004KT 10SM CLR 24/05 A3010 RMK AO2 SLP136 T02440050 52007
MAF,2023-08-20 09:53,KMAF 200953Z AUTO 14006KT 10SM CLR 23/06 A3011 RMK AO2 SLP141 T02330061
MAF,2023-08-20 10:53,KMAF 201053Z 14006KT 10SM CLR 23/08 A3011 RMK AO2 SLP143 T02330078
MAF,2023-08-20 11:53,KMAF 201153Z 15003KT 10SM CLR 23/08 A3013 RMK AO2 SLP149 T02280083 10272 20222 53009
MAF,2023-08-20 12:53,KMAF 201253Z 11005KT 10SM CLR 23/11 A3014 RMK AO2 SLP155 T02330106
MAF,2023-08-20 13:53,KMAF 201353Z 14007KT 10SM CLR 26/14 A3016 RMK AO2 SLP163 T02560144
MAF,2023-08-20 14:53,KMAF 201453Z 15011KT 10SM CLR 28/18 A3018 RMK AO2 SLP167 T02830178 51016
MAF,2023-08-20 15:53,KMAF 201553Z 13016G28KT 10SM CLR 31/16 A3018 RMK AO2 PK WND 13028/1551 SLP168 T03110161
MAF,2023-08-20 16:53,KMAF 201653Z 09009G21KT 10SM CLR 32/16 A3018 RMK AO2 SLP167 T03220156
MAF,2023-08-20 17:53,KMAF 201753Z 11015G23KT 9SM CLR 34/11 A3017 RMK AO2 PK WND 12026/1742 SLP161 T03440111 10344 20222 58002
MAF,2023-08-20 18:53,KMAF 201853Z 14019G29KT 8SM CLR 36/10 A3015 RMK AO2 PK WND 12030/1815 SLP155 T03560100 $
MAF,2023-08-20 19:53,KMAF 201953Z 12015G32KT 8SM CLR 36/10 A3012 RMK AO2 PK WND 12032/1934 SLP146 T03610100 $
MAF,2023-08-20 20:53,KMAF 202053Z 14016G30KT 9SM CLR 37/11 A3010 RMK AO2 PK WND 13030/2050 SLP139 T03670111 57021 $
MAF,2023-08-20 21:53,KMAF 202153Z 10016G31KT 8SM CLR 37/12 A3008 RMK AO2 PK WND 11033/2142 SLP131 T03670117 $
MAF,2023-08-20 22:53,KMAF 202253Z 12017G26KT 10SM CLR 36/12 A3007 RMK AO2 PK WND 12031/2207 SLP131 T03610117 $
MAF,2023-08-20 23:53,KMAF 202353Z 13020G26KT 10SM BKN080 36/12 A3007 RMK AO2 PK WND 13027/2303 SLP131 T03610122 10372 20344 56008 $
MAF,2023-08-21 00:53,KMAF 210053Z 12019G24KT 10SM FEW080 35/13 A3008 RMK AO2 PK WND 12027/0034 SLP133 T03500128 $
MAF,2023-08-21 01:53,KMAF 210153Z 12013KT 10SM CLR 33/12 A3010 RMK AO2 PK WND 13026/0054 SLP140 T03330122 $
MAF,2023-08-21 02:53,KMAF 210253Z 11010KT 10SM CLR 32/12 A3012 RMK AO2 SLP146 T03220122 53015 $
MAF,2023-08-21 03:53,KMAF 210353Z 10007KT 10SM CLR 31/12 A3014 RMK AO2 SLP150 T03110122 $
MAF,2023-08-21 04:53,KMAF 210453Z 12007KT 10SM CLR 30/12 A3014 RMK AO2 SLP151 T03000122 $
MAF,2023-08-21 05:53,KMAF 210553Z 11006KT 10SM CLR 28/12 A3015 RMK AO2 SLP153 T02830122 10361 20283 403720222 51007 $
MAF,2023-08-21 06:53,KMAF 210653Z 15006KT 10SM CLR 28/12 A3015 RMK AO2 SLP154 T02780122 $
MAF,2023-08-21 07:53,KMAF 210753Z 14005KT 10SM CLR 26/12 A3015 RMK AO2 SLP154 T02610117 $
MAF,2023-08-21 08:53,KMAF 210853Z 00000KT 10SM CLR 26/12 A3014 RMK AO2 SLP152 T02560117 58000 $
MAF,2023-08-21 09:53,KMAF 210953Z 00000KT 10SM CLR 24/12 A3014 RMK AO2 SLP154 T02440117 $
MAF,2023-08-21 10:53,KMAF 211053Z 36005KT 10SM CLR 23/11 A3014 RMK AO2 SLP156 T02280106 $
MAF,2023-08-21 11:53,KMAF 211153Z 36006KT 10SM CLR 23/12 A3015 RMK AO2 SLP159 T02280117 10283 20228 53003 $
MAF,2023-08-21 12:53,KMAF 211253Z 01006KT 5SM HZ CLR 23/12 A3017 RMK AO2 SLP164 T02330117 $
MAF,2023-08-21 13:53,KMAF 211353Z 36003KT 8SM CLR 27/12 A3018 RMK AO2 SLP167 T02720122 $
MAF,2023-08-21 14:53,KMAF 211453Z VRB03KT 9SM CLR 31/13 A3019 RMK AO2 SLP167 T03060133 51011 $
MAF,2023-08-21 15:53,KMAF 211553Z 02004KT 10SM CLR 33/14 A3019 RMK AO2 SLP168 T03280144 $
MAF,2023-08-21 16:53,KMAF 211653Z 05005G15KT 10SM CLR 34/14 A3019 RMK AO2 SLP166 T03390144 $
MAF,2023-08-21 17:53,KMAF 211753Z 10007KT 9SM CLR 35/14 A3017 RMK AO2 SLP160 T03500144 10350 20222 58006 $
MAF,2023-08-21 18:53,KMAF 211853Z 08011G19KT 10SM CLR 37/13 A3014 RMK AO2 SLP150 T03720128 $
MAF,2023-08-21 19:53,KMAF 211953Z 07012G24KT 10SM FEW080 37/13 A3012 RMK AO2 SLP143 T03720128 $
MAF,2023-08-21 20:53,KMAF 212053Z 09017G26KT 050V120 9SM FEW090 37/13 A3008 RMK AO2 PK WND 11026/2053 SLP131 T03720128 58026 $
MAF,2023-08-21 21:53,KMAF 212153Z 09009G29KT 7SM CLR 37/12 A3006 RMK AO2 PK WND 06029/2145 SLP125 T03720117 $
MAF,2023-08-21 22:53,KMAF 212253Z 08016G25KT 8SM FEW090 FEW110 37/11 A3006 RMK AO2 PK WND 11027/2208 LTG DSNT W SLP126 T03720111 $
MAF,2023-08-21 23:53,KMAF 212353Z 11013KT 8SM CLR 36/10 A3006 RMK AO2 PK WND 11026/2306 SLP127 T03610100 10389 20350 56007
MAF,2023-08-22 00:53,KMAF 220053Z 10012KT 7SM CLR 36/10 A3006 RMK AO2 SLP128 T03560100
MAF,2023-08-22 01:53,KMAF 220153Z 10012KT 8SM CLR 34/10 A3007 RMK AO2 SLP130 T03390100
MAF,2023-08-22 02:53,KMAF 220253Z 10009KT 8SM CLR 33/11 A3010 RMK AO2 SLP137 T03280106 53013
MAF,2023-08-22 03:53,KMAF 220353Z 11011KT 9SM CLR 32/11 A3011 RMK AO2 SLP140 T03220106
MAF,2023-08-22 04:53,KMAF 220453Z 10011KT 9SM CLR 31/11 A3011 RMK AO2 SLP141 T03110106
MAF,2023-08-22 05:53,KMAF 220553Z AUTO 11012KT 10SM CLR 31/11 A3012 RMK AO2 SLP144 T03060111 10361 20306 403890222 51007
MAF,2023-08-22 06:53,KMAF 220653Z AUTO 12014KT 10SM CLR 30/13 A3012 RMK AO2 SLP142 T03000128
MAF,2023-08-22 07:53,KMAF 220753Z AUTO 15009KT 10SM CLR 28/12 A3012 RMK AO2 SLP144 T02830122
MAF,2023-08-22 08:53,KMAF 220853Z AUTO 15006KT 10SM CLR 27/13 A3012 RMK AO2 SLP145 T02720133 53001
MAF,2023-08-22 09:53,KMAF 220953Z AUTO 16008KT 10SM CLR 26/14 A3013 RMK AO2 SLP146 T02610144
MAF,2023-08-22 10:53,KMAF 221053Z 19005KT 10SM CLR 26/14 A3014 RMK AO2 SLP150 T02610144
MAF,2023-08-22 11:53,KMAF 221153Z 20003KT 10SM CLR 26/14 A3015 RMK AO2 SLP154 T02560144 10306 20250 53007
MAF,2023-08-22 12:53,KMAF 221253Z 20006KT 9SM CLR 26/16 A3017 RMK AO2 SLP162 T02560156
MAF,2023-08-22 13:53,KMAF 221353Z 22004KT 9SM CLR 26/17 A3018 RMK AO2 SLP168 T02610167
MAF,2023-08-22 14:53,KMAF 221453Z 19004KT 10SM CLR 28/16 A3019 RMK AO2 SLP171 T02780156 51014
MAF,2023-08-22 15:53,KMAF 221553Z VRB03KT 10SM CLR 29/16 A3019 RMK AO2 SLP171 T02890156
MAF,2023-08-22 16:53,KMAF 221653Z 11006KT 10SM CLR 31/16 A3018 RMK AO2 SLP166 T03110156
MAF,2023-08-22 17:53,KMAF 221753Z 13007KT 9SM FEW060 32/16 A3016 RMK AO2 SLP159 T03170156 10322 20250 58009
MAF,2023-08-22 18:53,KMAF 221853Z 11010G16KT 9SM FEW070 33/15 A3014 RMK AO2 SLP150 T03280150
MAF,2023-08-22 19:53,KMAF 221953Z 06015G25KT 9SM FEW075 33/15 A3012 RMK AO2 SLP143 T03330150
MAF,2023-08-22 20:53,KMAF 222053Z 08012G17KT 9SM FEW080 33/15 A3009 RMK AO2 SLP137 T03330150 56022
MAF,2023-08-22 21:53,KMAF 222153Z 09011G17KT 9SM SCT080 33/14 A3008 RMK AO2 SLP131 T03330139
MAF,2023-08-22 22:53,KMAF 222253Z 12014G17KT 10SM FEW070 SCT090 33/14 A3007 RMK AO2 SLP129 T03330144
MAF,2023-08-22 23:53,KMAF 222353Z 11010KT 10SM FEW075 33/14 A3005 RMK AO2 SLP124 T03330139 10339 20317 56014
MAF,2023-08-23 00:53,KMAF 230053Z 10013G19KT 9SM CLR 33/14 A3004 RMK AO2 SLP120 T03280139
MAF,2023-08-23 01:53,KMAF 230153Z 11009KT 10SM CLR 32/13 A3006 RMK AO2 SLP126 T03220133
MAF,2023-08-23 02:53,KMAF 230253Z 11007KT 10SM CLR 31/13 A3006 RMK AO2 SLP127 T03110133 53003
MAF,2023-08-23 03:53,KMAF 230353Z 12012KT 10SM CLR 31/14 A3007 RMK AO2 SLP130 T03060144
MAF,2023-08-23 04:53,KMAF 230453Z AUTO 17022G34KT 4SM HZ FEW004 27/18 A3011 RMK AO2 PK WND 17027/0452 WSHFT 0439 T02670178
MAF,2023-08-23 05:53,KMAF 230553Z AUTO 18013KT 10SM CLR 24/18 A3012 RMK AO2 PK WND 17027/0452 WSHFT 0439 SLP147 T02440183 10333 20244 403390244 51018
MAF,2023-08-23 06:53,KMAF 230653Z AUTO 19007KT 10SM CLR 24/18 A3011 RMK AO2 SLP146 T02390183
MAF,2023-08-23 07:53,KMAF 230753Z AUTO VRB04KT 10SM CLR 24/18 A3011 RMK AO2 SLP145 T02440183
MAF,2023-08-23 08:53,KMAF 230853Z AUTO 11005KT 10SM SCT065 24/18 A3010 RMK AO2 SLP140 T02390183 58005
MAF,2023-08-23 09:53,KMAF 230953Z AUTO 07005KT 10SM FEW120 24/19 A3009 RMK AO2 SLP138 T02440189
MAF,2023-08-23 10:53,KMAF 231053Z 06008KT 10SM CLR 24/19 A3009 RMK AO2 SLP136 T02440189
MAF,2023-08-23 11:53,KMAF 231153Z 07010KT 10SM CLR 24/19 A3010 RMK AO2 SLP142 T02390189 10244 20239 53002
MAF,2023-08-23 12:53,KMAF 231253Z 08011KT 10SM CLR 24/18 A3013 RMK AO2 SLP152 T02440183
MAF,2023-08-23 13:53,KMAF 231353Z 10014KT 10SM FEW023 25/19 A3013 RMK AO2 SLP151 T02500189
MAF,2023-08-23 14:53,KMAF 231453Z 12016KT 10SM SCT024 25/19 A3013 RMK AO2 SLP151 T02500189 50007
MAF,2023-08-23 15:53,KMAF 231553Z 11018G26KT 10SM BKN026 BKN032 27/19 A3013 RMK AO2 PK WND 11026/1551 SLP150 T02720194
MAF,2023-08-23 16:53,KMAF 231653Z 11021G29KT 10SM BKN029 OVC033 27/19 A3013 RMK AO2 PK WND 11029/1616 SLP154 T02720194
MAF,2023-08-23 17:53,KMAF 231753Z 14019G28KT 10SM FEW026 SCT032 BKN048 28/20 A3012 RMK AO2 PK WND 12032/1723 RAB26E37 SLP154 P0000 60000 T02780200 10283 20239 58001
MAF,2023-08-23 18:53,KMAF 231853Z 12023G37KT 3SM -RA BR BKN034 24/22 A3012 RMK AO2 PK WND 13037/1845 RAB51 SLP156 P0000 T02440222
MAF,2023-08-23 19:53,KMAF 231953Z 15017G26KT 10SM FEW033 SCT045 BKN055 29/21 A3009 RMK AO2 PK WND 14029/1943 LTG DSNT N RAE15 SLP140 P0000 T02940206
MAF,2023-08-23 20:53,KMAF 232053Z 14019G27KT 10SM FEW060 32/18 A3007 RMK AO2 PK WND 13032/2014 LTG DSNT NW SLP131 60000 T03170178 58018
MAF,2023-08-23 21:53,KMAF 232153Z 15016KT 10SM FEW050 BKN075 32/18 A3005 RMK AO2 PK WND 14028/2109 LTG DSNT NE SLP124 T03170178
MAF,2023-08-23 22:53,KMAF 232253Z 15019G26KT 10SM BKN060 BKN075 33/17 A3004 RMK AO2 PK WND 15030/2226 SLP119 T03280172
MAF,2023-08-23 23:53,KMAF 232353Z 15015KT 10SM CLR 31/17 A3004 RMK AO2 PK WND 15028/2315 SLP123 60000 T03110167 10328 20239 55007
MAF,2023-08-24 00:53,KMAF 240053Z 16015KT 10SM CLR 30/17 A3005 RMK AO2 SLP128 T03000167
MAF,2023-08-24 01:53,KMAF 240153Z 20009KT 10SM CLR 29/18 A3007 RMK AO2 SLP133 T02890178
MAF,2023-08-24 02:53,KMAF 240253Z 19007KT 10SM CLR 28/18 A3009 RMK AO2 SLP142 T02780178 53016
MAF,2023-08-24 03:53,KMAF 240353Z 19006KT 10SM CLR 27/18 A3010 RMK AO2 SLP143 T02720178
MAF,2023-08-24 04:53,KMAF 240453Z AUTO 17007KT 10SM CLR 27/18 A3011 RMK AO2 SLP145 T02670178
MAF,2023-08-24 05:53,KMAF 240553Z AUTO 17007KT 10SM CLR 27/18 A3011 RMK AO2 SLP148 T02670178 10311 20267 403280239 52006
MAF,2023-08-24 06:53,KMAF 240653Z AUTO 16006KT 10SM CLR 26/18 A3011 RMK AO2 SLP151 T02560178
MAF,2023-08-24 07:53,KMAF 240753Z AUTO 14005KT 10SM CLR 24/18 A3011 RMK AO2 SLP146 T02440178
MAF,2023-08-24 08:53,KMAF 240853Z AUTO 16006KT 10SM CLR 24/18 A3010 RMK AO2 SLP144 T02390178 57002
MAF,2023-08-24 09:53,KMAF 240953Z AUTO 17008KT 10SM CLR 24/19 A3011 RMK AO2 SLP146 T02390189
MAF,2023-08-24 10:53,KMAF 241053Z 16006KT 10SM CLR 23/19 A3010 RMK AO2 SLP143 T02330194
MAF,2023-08-24 11:53,KMAF 241153Z 15003KT 10SM CLR 23/19 A3013 RMK AO2 SLP153 T02280194 10267 20228 53007
MAF,2023-08-24 12:53,KMAF 241253Z 16004KT 10SM CLR 23/20 A3013 RMK AO2 SLP156 T02280200
MAF,2023-08-24 13:53,KMAF 241353Z 17009KT 10SM CLR 24/21 A3015 RMK AO2 SLP162 T02440206
MAF,2023-08-24 14:53,KMAF 241453Z 18009KT 10SM CLR 26/21 A3016 RMK AO2 SLP162 T02610206 51008 $
MAF,2023-08-24 15:53,KMAF 241553Z 16014KT 10SM CLR 28/19 A3016 RMK AO2 SLP163 T02830194 $
MAF,2023-08-24 16:53,KMAF 241653Z 16014G22KT 10SM CLR 31/18 A3015 RMK AO2 SLP158 T03060178 $
MAF,2023-08-24 17:53,KMAF 241753Z 16009G20KT 10SM CLR 32/17 A3013 RMK AO2 SLP152 T03170172 10317 20222 58007 $
MAF,2023-08-24 18:53,KMAF 241853Z 20014G19KT 10SM SCT048 32/18 A3011 RMK AO2 SLP145 T03220178 $
MAF,2023-08-24 19:53,KMAF 241953Z AUTO 17006KT 10SM FEW055 SCT070 33/17 A3009 RMK AO2 SLP137 T03330167
MAF,2023-08-24 20:53,KMAF 242053Z 16014KT 10SM SCT060 35/15 A3007 RMK AO2 SLP129 T03500150 58021
MAF,2023-08-24 21:53,KMAF 242153Z COR 17011G19KT 10SM SCT070 35/14 A3006 RMK AO2 SLP126 T03500139
MAF,2023-08-24 22:53,KMAF 242253Z 16007G17KT 10SM SCT070 35/12 A3005 RMK AO2 SLP122 T03500117
MAF,2023-08-24 23:53,KMAF 242353Z 15011G19KT 10SM CLR 34/11 A3003 RMK AO2 SLP119 T03390106 10356 20311 58010
MAF,2023-08-25 00:53,KMAF 250053Z 15012KT 10SM CLR 33/11 A3004 RMK AO2 SLP119 T03330106
MAF,2023-08-25 01:53,KMAF 250153Z 17008KT 10SM CLR 32/10 A3005 RMK AO2 SLP123 T03170100
MAF,2023-08-25 02:53,KMAF 250253Z 19008KT 10SM CLR 31/10 A3007 RMK AO2 SLP129 T03110100 53010
MAF,2023-08-25 03:53,KMAF 250353Z 20008KT 10SM CLR 29/12 A3008 RMK AO2 SLP133 T02940117
MAF,2023-08-25 04:53,KMAF 250453Z 20008KT 10SM CLR 28/13 A3009 RMK AO2 SLP136 T02830128
MAF,2023-08-25 05:53,KMAF 250553Z AUTO 19008KT CLR 27/13 A3009 RMK AO2 SLP138 T02720133 10344 20272 403560222 51008 $
MAF,2023-08-25 06:53,KMAF 250653Z AUTO 19006KT CLR 26/14 A3009 RMK AO2 SLP137 T02610139 $
MAF,2023-08-25 07:53,KMAF 250753Z AUTO 20008KT CLR 25/15 A3008 RMK AO2 SLP135 T02500150 $
MAF,2023-08-25 08:53,KMAF 250853Z AUTO 19008KT CLR 24/16 A3008 RMK AO2 SLP132 T02440156 58005 $
MAF,2023-08-25 09:53,KMAF 250953Z AUTO 19006KT CLR 24/16 A3007 RMK AO2 SLP132 T02390161 $
MAF,2023-08-25 10:53,KMAF 251053Z AUTO 20003KT CLR 23/16 A3008 RMK AO2 SLP134 T02280161 $
MAF,2023-08-25 11:53,KMAF 251153Z 00000KT CLR 21/15 A3009 RMK AO2 SLP140 T02060150 10272 20206 53003 $
MAF,2023-08-25 12:53,KMAF 251253Z 12004KT CLR 22/16 A3011 RMK AO2 SLP147 T02170156 $
MAF,2023-08-25 13:53,KMAF 251353Z 16007KT 10SM CLR 24/17 A3013 RMK AO2 SLP152 T02440167 $
MAF,2023-08-25 14:53,KMAF 251453Z 17010KT 10SM CLR 28/16 A3014 RMK AO2 SLP153 T02780161 51015 $
MAF,2023-08-25 15:53,KMAF 251553Z 17010G16KT 10SM CLR 30/15 A3014 RMK AO2 SLP155 T03000150
MAF,2023-08-25 16:53,KMAF 251653Z 18016KT 10SM CLR 32/12 A3013 RMK AO2 PK WND 17026/1628 SLP150 T03220117
MAF,2023-08-25 17:53,KMAF 251753Z 16021G27KT 10SM CLR 34/12 A3011 RMK AO2 PK WND 18031/1734 SLP141 T03390117 10339 20200 58010
MAF,2023-08-25 18:53,KMAF 251853Z 17017G24KT 10SM CLR 35/13 A3009 RMK AO2 PK WND 17030/1837 SLP134 T03500133
MAF,2023-08-25 19:53,KMAF 251953Z 15015G24KT CLR 36/12 A3007 RMK AO2 PK WND 17030/1941 SLP129 T03560122
MAF,2023-08-25 20:53,KMAF 252053Z 19013G24KT 10SM FEW080 36/12 A3005 RMK AO2 PK WND 18026/1958 SLP121 T03610117 58017
MAF,2023-08-25 21:53,KMAF 252153Z 18010G20KT FEW085 36/11 A3003 RMK AO2 SLP116 T03610106
MAF,2023-08-25 22:53,KMAF 252253Z 17012KT CLR 36/12 A3002 RMK AO2 SLP114 T03560117 $
MAF,2023-08-25 23:53,KMAF 252353Z 18006KT 10SM CLR 35/12 A3002 RMK AO2 SLP115 T03500117 10372 20344 56009 $
MAF,2023-08-26 00:53,KMAF 260053Z 17011KT CLR 34/12 A3002 RMK AO2 SLP113 T03440117 $
MAF,2023-08-26 01:53,KMAF 260153Z 20005KT BKN085 34/12 A3003 RMK AO2 SLP117 T03390117 $
MAF,2023-08-26 02:53,KMAF 260253Z 20004KT 8SM OVC080 32/13 A3005 RMK AO2 SLP124 T03220128 53011 $
MAF,2023-08-26 03:53,KMAF 260353Z 20008KT CLR 31/14 A3007 RMK AO2 SLP128 T03110139 $
MAF,2023-08-26 04:53,KMAF 260453Z 22008KT CLR 30/15 A3007 RMK AO2 SLP128 T03000150 $
MAF,2023-08-26 05:53,KMAF 260553Z AUTO 21010KT CLR 29/15 A3008 RMK AO2 SLP129 T02890150 10356 20289 403720200 51008 $
MAF,2023-08-26 06:53,KMAF 260653Z AUTO 22007KT CLR 28/16 A3008 RMK AO2 SLP129 T02780156 $
MAF,2023-08-26 07:53,KMAF 260753Z AUTO 23008KT CLR 28/16 A3007 RMK AO2 SLP128 T02780161 $
MAF,2023-08-26 08:53,KMAF 260853Z AUTO 23006KT CLR 27/17 A3007 RMK AO2 SLP128 T02670167 58001 $
MAF,2023-08-26 09:53,KMAF 260953Z AUTO 26004KT CLR 26/16 A3007 RMK AO2 SLP128 T02560161 $
MAF,2023-08-26 10:53,KMAF 261053Z 24003KT 10SM CLR 25/16 A3008 RMK AO2 SLP132 T02500161 $
MAF,2023-08-26 11:53,KMAF 261153Z 00000KT 10SM CLR 24/16 A3009 RMK AO2 SLP139 T02390156 10289 20233 53006 $
MAF,2023-08-26 12:53,KMAF 261253Z 36004KT CLR 23/15 A3011 RMK AO2 SLP143 T02330150 $
MAF,2023-08-26 13:53,KMAF 261353Z 34005KT 9SM CLR 26/16 A3011 RMK AO2 SLP145 T02610161 $
MAF,2023-08-26 14:53,KMAF 261453Z COR 03006KT 10SM CLR 29/17 A3013 RMK AO2 SLP150 T02890167 53012 $
MAF,2023-08-26 15:53,KMAF 261553Z VRB03KT 10SM FEW120 31/16 A3014 RMK AO2 SLP151 T03110161 $
MAF,2023-08-26 16:53,KMAF 261653Z 00000KT 10SM CLR 32/16 A3013 RMK AO2 SLP148 T03170156 $
MAF,2023-08-26 17:53,KMAF 261753Z VRB04KT 10SM CLR 33/16 A3012 RMK AO2 SLP144 T03330156 10333 20228 58004 $
MAF,2023-08-26 18:53,KMAF 261853Z 13006KT 10SM CLR 35/15 A3009 RMK AO2 SLP135 T03500150 $
MAF,2023-08-26 19:53,KMAF 261953Z 10SM FEW110 36/15 A3007 RMK AO2 SLP126 T03560150 $
MAF,2023-08-26 20:53,KMAF 262053Z 05004KT 10SM VCTS FEW070 35/14 A3004 RMK AO2 LTG DSNT SE AND W SLP115 T03500139 56018 $
MAF,2023-08-26 21:53,KMAF 262153Z 25010KT 10SM FEW075 33/16 A3002 RMK AO2 LTG DSNT SE-W SLP114 T03330156 $
MAF,2023-08-26 22:53,KMAF 262253Z 24013KT 10SM CLR 34/15 A3001 RMK AO2 SLP110 T03440150 $
MAF,2023-08-26 23:53,KMAF 262353Z 24010KT 10SM SCT090 33/14 A3001 RMK AO2 SLP111 T03330144 10361 20333 56007 $
MAF,2023-08-27 00:53,KMAF 270053Z 26009KT 10SM CLR 32/14 A3001 RMK AO2 SLP111 T03170144
MAF,2023-08-27 01:53,KMAF 270153Z 34006KT 10SM OVC085 31/14 A3003 RMK AO2 LTG DSNT NE AND E SLP115 T03110144
MAF,2023-08-27 02:53,KMAF 270253Z 12009KT 8SM BKN120 30/16 A3004 RMK AO2 SLP121 T03000161 53010
MAF,2023-08-27 03:53,KMAF 270353Z 18006KT 10SM SCT120 30/17 A3005 RMK AO2 SLP123 T03000167
MAF,2023-08-27 04:53,KMAF 270453Z AUTO 24003KT CLR 28/16 A3006 RMK AO2 SLP127 T02830161
MAF,2023-08-27 05:53,KMAF 270553Z AUTO 29006KT CLR 28/16 A3005 RMK AO2 SLP123 T02780156 10339 20272 403610228 50003
MAF,2023-08-27 06:53,KMAF 270653Z AUTO 36003KT CLR 27/15 A3005 RMK AO2 SLP119 T02720150
MAF,2023-08-27 07:53,KMAF 270753Z AUTO 01006KT CLR 26/14 A3004 RMK AO2 SLP117 T02610144
MAF,2023-08-27 08:53,KMAF 270853Z AUTO 02006KT BKN095 26/14 A3004 RMK AO2 SLP119 T02610139 56004
MAF,2023-08-27 09:53,KMAF 270953Z AUTO 05009KT BKN110 27/16 A3004 RMK AO2 SLP119 T02720156
MAF,2023-08-27 10:53,KMAF 271053Z 05010KT 10SM SCT120 27/17 A3006 RMK AO2 SLP122 T02720172
MAF,2023-08-27 11:53,KMAF 271153Z COR 06015KT 10SM FEW100 26/19 A3008 RMK AO2 SLP132 T02610189 10278 20256 53011
MAF,2023-08-27 12:53,KMAF 271253Z 05007KT 10SM FEW110 26/19 A3009 RMK AO2 SLP137 T02560189
MAF,2023-08-27 13:53,KMAF 271353Z 05011KT 10SM CLR 26/19 A3010 RMK AO2 SLP140 T02610189
MAF,2023-08-27 14:53,KMAF 271453Z 05014KT 10SM CLR 27/19 A3011 RMK AO2 SLP144 T02670194 51010
MAF,2023-08-27 15:53,KMAF 271553Z 05011KT 10SM CLR 28/19 A3011 RMK AO2 SLP145 T02830194
MAF,2023-08-27 16:53,KMAF 271653Z COR 04014KT 10SM CLR 30/19 A3010 RMK AO2 SLP142 T03000194
MAF,2023-08-27 17:53,KMAF 271753Z 05011G20KT 10SM CLR 32/19 A3009 RMK AO2 SLP136 T03170189 10317 20256 58005
MAF,2023-08-27 18:53,KMAF 271853Z 08011G18KT 10SM CLR 33/18 A3007 RMK AO2 SLP127 T03330183
MAF,2023-08-27 19:53,KMAF 271953Z COR 06011G17KT 10SM CLR 33/18 A3005 RMK AO2 SLP123 T03280178
MAF,2023-08-27 20:53,KMAF 272053Z 07013G17KT 10SM CLR 34/18 A3001 RMK AO2 SLP107 T03440178 58026
MAF,2023-08-27 21:53,KMAF 272153Z COR 07011G15KT 10SM CLR 34/18 A2998 RMK AO2 SLP095 T03440178
MAF,2023-08-27 22:53,KMAF 272253Z 06012KT 10SM CLR 34/18 A2996 RMK AO2 SLP088 T03440178
MAF,2023-08-27 23:53,KMAF 272353Z 08006KT 10SM CLR 34/17 A2996 RMK AO2 SLP091 T03390167 10350 20317 56015
MAF,2023-08-28 00:53,KMAF 280053Z 07011KT 10SM CLR 33/17 A2997 RMK AO2 LTG DSNT S AND SW SLP098 T03280172
MAF,2023-08-28 01:53,KMAF 280153Z 08012KT 10SM CLR 32/16 A2998 RMK AO2 LTG DSNT SW SLP100 T03170156
MAF,2023-08-28 02:53,KMAF 280253Z 04010KT 10SM CLR 31/16 A3001 RMK AO2 LTG DSNT SW AND W SLP111 T03060156 53017
MAF,2023-08-28 03:53,KMAF 280353Z COR 32025G33KT 7SM FEW007 BKN065 OVC095 25/16 A3008 RMK AO2 PK WND 32037/0334 WSHFT 0324 LTG DSNT SW AND W PRESRR SLP137 T02500156
MAF,2023-08-28 04:53,KMAF 280453Z 28015G24KT CLR 24/18 A3007 RMK AO2 PK WND 29031/0430 LTG DSNT S AND SW SLP134 T02390178
MAF,2023-08-28 05:53,KMAF 280553Z AUTO 26008KT FEW065 26/16 A3006 RMK AO2 SLP127 T02610161 10339 20239 403500239 50015
MAF,2023-08-28 06:53,KMAF 280653Z AUTO 33003KT OVC110 25/16 A3004 RMK AO2 SLP121 T02500161
MAF,2023-08-28 07:53,KMAF 280753Z AUTO 01005KT OVC110 25/16 A3002 RMK AO2 SLP114 T02500156
MAF,2023-08-28 08:53,KMAF 280853Z AUTO 34004KT BKN110 24/16 A3001 RMK AO2 SLP109 T02390161 56016
MAF,2023-08-28 09:53,KMAF 280953Z AUTO 34009KT OVC100 24/17 A3003 RMK AO2 SLP115 T02440167
MAF,2023-08-28 10:53,KMAF 281053Z 36013G19KT OVC100 24/19 A3005 RMK AO2 SLP124 T02440189
MAF,2023-08-28 11:53,KMAF 281153Z 01009KT FEW110 24/19 A3006 RMK AO2 SLP126 T02390189 10256 20239 51015
MAF,2023-08-28 12:53,KMAF 281253Z 36010KT 10SM BKN110 24/18 A3006 RMK AO2 SLP130 T02390183
MAF,2023-08-28 13:53,KMAF 281353Z 04010KT 10SM OVC110 24/19 A3007 RMK AO2 RAB25E41 SLP132 P0000 T02440194
MAF,2023-08-28 14:53,KMAF 281453Z 05010KT SCT120 26/19 A3009 RMK AO2 RAB1354E11 SLP137 P0000 60000 T02560189 53009
MAF,2023-08-28 15:53,KMAF 281553Z 04011KT 10SM FEW100 BKN120 27/18 A3010 RMK AO2 SLP145 T02670183 $
MAF,2023-08-28 16:53,KMAF 281653Z 04009KT 8SM SCT120 29/18 A3010 RMK AO2 SLP145 T02890183
MAF,2023-08-28 17:53,KMAF 281753Z 08009KT 10SM SCT110 29/18 A3009 RMK AO2 SLP138 60000 T02890183 10289 20239 50000
MAF,2023-08-28 18:53,KMAF 281853Z 06010KT SCT039 BKN048 BKN070 31/19 A3007 RMK AO2 LTG DSNT E SLP131 T03060189
MAF,2023-08-28 19:53,KMAF 281953Z 05010G16KT 10SM FEW041 BKN095 31/18 A3005 RMK AO2 LTG DSNT E AND SE SLP126 T03060183
MAF,2023-08-28 20:53,KMAF 282053Z 08016G22KT 10SM FEW039 BKN080 BKN110 29/19 A3005 RMK AO2 LTG DSNT E SLP127 T02940189 56012
MAF,2023-08-28 21:53,KMAF 282153Z 09013KT 10SM FEW090 FEW110 30/18 A3004 RMK AO2 SLP123 T03000183
MAF,2023-08-28 22:53,KMAF 282253Z 08009G17KT 10SM CLR 31/18 A3003 RMK AO2 SLP117 T03060178
MAF,2023-08-28 23:53,KMAF 282353Z 07010KT 10SM CLR 30/17 A3003 RMK AO2 SLP119 T03000172 10311 20289 55006
MAF,2023-08-29 00:53,KMAF 290053Z 10010KT 10SM FEW100 29/17 A3003 RMK AO2 SLP119 T02940172
MAF,2023-08-29 01:53,KMAF 290153Z 13008KT 10SM CLR 28/18 A3004 RMK AO2 SLP124 T02830178
MAF,2023-08-29 02:53,KMAF 290253Z COR 15003KT 10SM SCT100 27/18 A3006 RMK AO2 SLP130 T02720178 53010
MAF,2023-08-29 03:53,KMAF 290353Z 00000KT FEW110 27/18 A3007 RMK AO2 SLP133 T02670178
MAF,2023-08-29 04:53,KMAF 290453Z 00000KT CLR 26/17 A3007 RMK AO2 SLP134 T02560172
MAF,2023-08-29 05:53,KMAF 290553Z AUTO 29003KT CLR 23/16 A3007 RMK AO2 SLP136 T02330156 10300 20233 403110233 51004
MAF,2023-08-29 06:53,KMAF 290653Z AUTO 36005KT CLR 23/16 A3007 RMK AO2 SLP133 T02280156
MAF,2023-08-29 07:53,KMAF 290753Z AUTO 35006KT CLR 22/14 A3007 RMK AO2 SLP135 T02170139
MAF,2023-08-29 08:53,KMAF 290853Z AUTO 34006KT CLR 21/13 A3008 RMK AO2 SLP140 T02110133 53002
MAF,2023-08-29 09:53,KMAF 290953Z AUTO 02006KT CLR 20/13 A3008 RMK AO2 SLP139 T02000133
MAF,2023-08-29 10:53,KMAF 291053Z 36005KT 10SM CLR 20/13 A3009 RMK AO2 SLP141 T02000133
MAF,2023-08-29 11:53,KMAF 291153Z 01005KT 10SM CLR 20/14 A3010 RMK AO2 SLP147 T02000139 10233 20194 53006
MAF,2023-08-29 12:53,KMAF 291253Z 36006KT 10SM CLR 19/14 A3012 RMK AO2 SLP155 T01940139
MAF,2023-08-29 13:53,KMAF 291353Z 02006KT 10SM CLR 23/14 A3013 RMK AO2 SLP158 T02280139
MAF,2023-08-29 14:53,KMAF 291453Z 05004KT 10SM CLR 26/12 A3014 RMK AO2 SLP158 T02610122 51012
MAF,2023-08-29 15:53,KMAF 291553Z 00000KT 10SM CLR 28/11 A3015 RMK AO2 SLP161 T02830111
MAF,2023-08-29 16:53,KMAF 291653Z 10SM CLR 30/11 A3015 RMK AO2 SLP160 T03000111
MAF,2023-08-29 17:53,KMAF 291753Z 36006KT 10SM CLR 31/11 A3013 RMK AO2 SLP155 T03060111 10317 20189 58002
MAF,2023-08-29 18:53,KMAF 291853Z 02007KT 350V050 10SM CLR 33/11 A3011 RMK AO2 SLP145 T03280106
MAF,2023-08-29 19:53,KMAF 291953Z COR 01012G21KT 290V160 CLR 33/10 A3009 RMK AO2 SLP138 T03330100
MAF,2023-08-29 20:53,KMAF 292053Z 36004KT 10SM FEW080 33/10 A3006 RMK AO2 SLP130 T03330100 58023
MAF,2023-08-29 21:53,KMAF 292153Z 36004KT 10SM CLR 34/09 A3004 RMK AO2 SLP124 T03390094
MAF,2023-08-29 22:53,KMAF 292253Z COR 03010KT 10SM CLR 33/09 A3002 RMK AO2 SLP118 T03330094
MAF,2023-08-29 23:53,KMAF 292353Z 04007KT 10SM CLR 33/09 A3002 RMK AO2 SLP118 T03330089 10344 20306 56012
MAF,2023-08-30 00:53,KMAF 300053Z 07010KT 10SM FEW100 32/09 A3003 RMK AO2 SLP121 T03170094
MAF,2023-08-30 01:53,KMAF 300153Z 06007KT 10SM BKN120 31/09 A3004 RMK AO2 SLP124 T03060094
MAF,2023-08-30 02:53,KMAF 300253Z 04016G27KT 5SM HZ FEW090 26/14 A3008 RMK AO2 PK WND 02036/0212 SLP140 T02610144 53020
MAF,2023-08-30 03:53,KMAF 300353Z 06013KT 6SM HZ CLR 26/13 A3009 RMK AO2 PK WND 04027/0259 SLP140 T02560133
MAF,2023-08-30 04:53,KMAF 300453Z AUTO 33006KT BKN090 BKN110 26/13 A3010 RMK AO2 SLP143 T02560133
MAF,2023-08-30 05:53,KMAF 300553Z AUTO 05006KT FEW120 25/13 A3009 RMK AO2 SLP140 T02500128 10333 20250 403440189 50002
MAF,2023-08-30 06:53,KMAF 300653Z AUTO 01008KT SCT085 24/13 A3010 RMK AO2 LTG DSNT N AND NW SLP141 T02390128
MAF,2023-08-30 07:53,KMAF 300753Z AUTO 03009KT SCT085 BKN110 24/12 A3009 RMK AO2 SLP138 T02440122
MAF,2023-08-30 08:53,KMAF 300853Z AUTO 04010KT SCT090 BKN120 24/13 A3009 RMK AO2 SLP138 T02390133 51000
MAF,2023-08-30 09:53,KMAF 300953Z AUTO 02008KT FEW080 BKN120 23/13 A3009 RMK AO2 SLP138 T02330133
MAF,2023-08-30 10:53,KMAF 301053Z AUTO 01006KT OVC085 23/14 A3010 RMK AO2 SLP142 T02280139
MAF,2023-08-30 11:53,KMAF 301153Z 36005KT 10SM FEW090 BKN110 22/14 A3011 RMK AO2 SLP146 T02220144 10250 20222 53005
MAF,2023-08-30 12:53,KMAF 301253Z 36006KT 10SM FEW080 21/15 A3012 RMK AO2 SLP153 T02110150
MAF,2023-08-30 13:53,KMAF 301353Z 36007KT 10SM OVC080 22/14 A3013 RMK AO2 SLP156 T02220144
MAF,2023-08-30 14:53,KMAF 301453Z 02007KT 10SM CLR 26/13 A3014 RMK AO2 SLP161 T02610133 51011
MAF,2023-08-30 15:53,KMAF 301553Z COR 06008KT CLR 10SM 28/12 A3015 RMK AO2 SLP162 T02780122
MAF,2023-08-30 16:53,KMAF 301653Z 10SM CLR 30/12 A3014 RMK AO2 SLP157 T03000117 $
MAF,2023-08-30 17:53,KMAF 301753Z COR 07006KT 10SM CLR 31/12 A3011 RMK AO2 SLP148 T03060117 10311 20211 $
MAF,2023-08-30 18:53,KMAF 301853Z COR 35005KT 10SM CLR 32/11 A3009 RMK AO2 SLP139 T03170111 $
MAF,2023-08-30 19:53,KMAF 301953Z COR 34004KTS 10SM FEW075 33/11 A3006 RMK AO2 SLP126 T03280111 $
MAF,2023-08-30 20:53,KMAF 302053Z 35010KT 10SM FEW075 32/11 A3003 RMK AO2 SLP117 T03220106 $
MAF,2023-08-30 21:53,KMAF 302153Z 00000KT 10SM FEW085 33/09 A3000 RMK AO2 SLP109 T03280094 $
MAF,2023-08-30 22:53,KMAF 302253Z VRB03KT 10SM CLR 33/09 A2999 RMK AO2 SLP104 T03280089 $
MAF,2023-08-30 23:53,KMAF 302353Z VRB03KT CLR 32/09 A2998 RMK AO2 SLP101 T03220094 10339 20306 56016 $
MAF,2023-08-31 00:53,KMAF 310053Z COR 02004KT 10SM BKN090 32/09 A2997 RMK AO2 SLP101 T03170089 $
MAF,2023-08-31 01:53,KMAF 310153Z 09009KT 10SM CLR 30/09 A2998 RMK AO2 SLP105 T03000089 $
MAF,2023-08-31 02:53,KMAF 310253Z 10005KT 10SM CLR 28/09 A3000 RMK AO2 SLP109 T02830089 53007 $
MAF,2023-08-31 03:53,KMAF 310353Z COR 06005KT 10SM CLR 26/08 A3001 RMK AO2 SLP112 T02610083 $
MAF,2023-08-31 04:53,KMAF 310453Z 11004KT 10SM CLR 27/09 A3001 RMK AO2 SLP112 T02670089 $
MAF,2023-08-31 05:53,KMAF 310553Z AUTO CLR 24/09 A3001 RMK AO2 SLP114 T02390089 10322 20233 403390211 51004 $
MAF,2023-08-31 06:53,KMAF 310653Z AUTO CLR 23/09 A3001 RMK AO2 SLP110 T02330089 $
MAF,2023-08-31 07:53,KMAF 310753Z AUTO CLR 23/09 A3000 RMK AO2 SLP108 T02280089 $
MAF,2023-08-31 08:53,KMAF 310853Z AUTO CLR 22/08 A3000 RMK AO2 SLP108 T02170083 56005 $
MAF,2023-08-31 09:53,KMAF 310953Z AUTO CLR 21/08 A2999 RMK AO2 SLP107 T02060078 $
MAF,2023-08-31 10:53,KMAF 311053Z CLR 21/08 A2999 RMK AO2 SLP106 T02060083 $
MAF,2023-08-31 11:53,KMAF 311153Z COR 00000KTS 10SM CLR 19/08 A2999 RMK AO2 SLP109 T01940078 10244 20194 55001 $
MAF,2023-08-31 12:53,KMAF 311253Z 00000KT 10SM CLR 19/08 A3001 RMK AO2 SLP115 T01940078 $
MAF,2023-08-31 13:53,KMAF 311353Z 00000KT 10SM CLR 25/09 A3002 RMK AO2 SLP116 T02500094 $
MAF,2023-08-31 14:53,KMAF 311453Z COR 10SM CLR 28/11 A3003 RMK AO2 SLP118 T02830106 51012 $
MAF,2023-08-31 15:53,KMAF 311553Z COR 17004KT 10SM CLR 31/11 A3004 RMK AO2 SLP120 T03060106 $
MAF,2023-08-31 16:53,KMAF 311653Z 10SM CLR 32/09 A3004 RMK AO2 SLP119 T03220089 $
MAF,2023-08-31 17:53,KMAF 311753Z 15006KT 10SM CLR 33/09 A3002 RMK AO2 SLP113 T03330089 10339 20189 58004 $
MAF,2023-08-31 18:53,KMAF 311853Z 18016KT 10SM CLR 34/08 A3000 RMK AO2 WSHFT 1826 SLP105 T03390078 $
MAF,2023-08-31 19:53,KMAF 311953Z 14005KT 10SM CLR 34/08 A2997 RMK AO2 SLP098 T03440078 $
MAF,2023-08-31 20:53,KMAF 312053Z 09006KT 10SM CLR 36/07 A2996 RMK AO2 SLP091 T03560072 56020 $
MAF,2023-08-31 21:53,KMAF 312153Z 19008KT 140V210 CLR 36/06 A2994 RMK AO2 SLP087 T03560061 $
MAF,2023-08-31 22:53,KMAF 312253Z 13007KT 10SM CLR 36/06 A2993 RMK AO2 SLP084 T03560061 $
MAF,2023-08-31 23:53,KMAF 312353Z 13010KT CLR 35/06 A2993 RMK AO2 SLP086 T03500061 10361 20328 55007 $
