station,valid,vsby,skyl1,metar
MCI,2023-05-31 00:53,10.00,6000.00,KMCI 310053Z COR 23012G22KT 10SM VCTS SCT060CB BKN100 OVC200 22/16 A2991 RMK AO2 PK WND 23027/0038 LTG DSNT ALQDS TS VC SW MOV NE SLP118 T02220161
MCI,2023-05-31 01:53,10.00,11000.00,KMCI 310153Z 00000KT 10SM -RA BKN110 OVC130 20/16 A2990 RMK AO2 LTG DSNT NE AND E RAB40 SLP115 P0000 T02000161
MCI,2023-05-31 02:53,10.00,11000.00,KMCI 310253Z 13008KT 10SM -RA OVC110 20/18 A2990 RMK AO2 LTG DSNT NE SLP116 P0002 60002 T02000178 55002
MCI,2023-05-31 03:53,10.00,15000.00,KMCI 310353Z 20009KT 10SM -RA OVC150 18/18 A2989 RMK AO2 RAE18B45 SLP112 P0000 T01780178
MCI,2023-05-31 04:53,10.00,12000.00,KMCI 310453Z 26008KT 10SM SCT120 BKN250 18/17 A2991 RMK AO2 RAE07 SLP118 P0000 T01780172
MCI,2023-05-31 05:53,10.00,13000.00,KMCI 310553Z 10005KT 10SM BKN130 BKN250 18/17 A2989 RMK AO2 SLP112 60002 T01830172 10244 20172 402940167 58003
MCI,2023-05-31 06:53,10.00,600.00,KMCI 310653Z VRB05KT 10SM TS FEW006 BKN110CB BKN250 17/17 A2989 RMK AO2 LTG DSNT SW AND W TSB50 SLP113 FRQ LTGIC SW TS SW MOV SE T01720172
MCI,2023-05-31 07:53,10.00,600.00,KMCI 310753Z 23008KT 10SM TS FEW006 BKN070CB BKN250 17/17 A2990 RMK AO2 LTG DSNT SW-NW SLP116 CONS LTGICCCCG W TS W MOV SE T01670167
MCI,2023-05-31 08:53,10.00,600.00,KMCI 310853Z 23005KT 10SM TS FEW006 BKN060CB OVC240 17/17 A2991 RMK AO2 LTG DSNT SW-NW SLP119 CONS LTGICCCCG W TS W MOV E T01720167 53007
MCI,2023-05-31 09:53,9.00,6000.00,KMCI 310953Z 22010KT 9SM -TSRA SCT060CB OVC120 18/18 A2990 RMK AO2 LTG DSNT SW-NW RAB38 SLP115 OCNL LTGIC OHD TS OHD MOV E P0001 T01780178
MCI,2023-05-31 10:53,7.00,6000.00,KMCI 311053Z 23011KT 7SM -TSRA FEW060CB BKN110 BKN250 18/18 A2990 RMK AO2 LTG DSNT S AND NW SLP117 OCNL LTGIC OHD TS OHD MOV E P0009 T01830178
MCI,2023-05-31 11:53,10.00,6000.00,KMCI 311153Z 23006KT 10SM -RA FEW060 BKN110 OVC250 18/18 A2992 RMK AO2 TSE20 SLP123 P0004 60014 70016 T01780178 10183 20167 53002
MCI,2023-05-31 12:53,10.00,7000.00,KMCI 311253Z 26008KT 10SM -RA FEW070 OVC100 18/18 A2995 RMK AO2 SLP135 P0000 T01830178
MCI,2023-05-31 13:53,10.00,9000.00,KMCI 311353Z 19005KT 10SM OVC090 18/18 A2995 RMK AO2 RAE49 SLP135 P0001 T01830178
MCI,2023-05-31 14:53,10.00,1000.00,KMCI 311453Z 18005KT 10SM FEW010 BKN120 OVC160 20/18 A2994 RMK AO2 SLP131 60001 T02000178 50008
MCI,2023-05-31 15:53,10.00,1000.00,KMCI 311553Z 16012KT 10SM FEW010 SCT120 OVC170 20/18 A2995 RMK AO2 SLP134 T02000183
MCI,2023-05-31 16:53,10.00,1400.00,KMCI 311653Z 16006KT 10SM SCT014 BKN160 21/18 A2995 RMK AO2 SLP135 T02060183
MCI,2023-05-31 17:53,10.00,1500.00,KMCI 311753Z 18005KT 10SM FEW015 SCT120 BKN180 21/18 A2994 RMK AO2 SLP131 60001 T02110183 10211 20178 50000
MCI,2023-05-31 18:53,10.00,1500.00,KMCI 311853Z 13006KT 10SM FEW015 FEW070 SCT130 BKN200 22/18 A2993 RMK AO2 SLP125 T02220183
MCI,2023-05-31 19:53,10.00,2000.00,KMCI 311953Z 13008KT 10SM FEW020 BKN120 BKN200 24/19 A2992 RMK AO2 SLP125 T02390189
MCI,2023-05-31 20:53,10.00,6000.00,KMCI 312053Z 13007KT 10SM SCT060 SCT200 25/19 A2991 RMK AO2 SLP121 T02500194 56010
MCI,2023-05-31 21:53,10.00,7000.00,KMCI 312153Z 14007KT 10SM FEW070 SCT200 26/20 A2989 RMK AO2 LTG DSNT W SLP113 T02610200
MCI,2023-05-31 22:53,10.00,4500.00,KMCI 312253Z 12006KT 10SM BKN045 BKN200 26/20 A2988 RMK AO2 LTG DSNT W SLP110 T02560200
MCI,2023-05-31 23:53,10.00,3800.00,KMCI 312353Z 10006KT 10SM TS BKN038CB BKN150 25/20 A2987 RMK AO2 LTG DSNT SW AND W TSB42 SLP107 TS SW-W MOV NE T02500200 10261 20211 56012
MCI,2023-06-01 00:53,4.00,3000.00,KMCI 010053Z 17007KT 130V230 4SM R19R/6000VP6000FT -TSRA BR BKN030 BKN075CB OVC095 20/18 A2991 RMK AO2 PK WND 30033/0020 LTG DSNT SW RAB19 TSE2357B2358E13B14 SLP122 TS ALQDS MOV E P0103 T02000178 $
MCI,2023-06-01 01:53,9.00,3900.00,KMCI 010153Z 10007KT 9SM -TSRA BKN039CB BKN100 BKN110 21/18 A2989 RMK AO2 LTG DSNT E TSE33B45 SLP115 TS W-NW MOV E P0002 T02110178 $
MCI,2023-06-01 02:10,7.00,9000.00,KMCI 010210Z 15007KT 7SM -RA BKN090 OVC110 21/18 A2990 RMK AO2 TSE05 P0001 T02060183 $
MCI,2023-06-01 02:10,7.00,9000.00,KMCI 010210Z AUTO 15007KT 7SM -RA BKN090 OVC110 21/18 A2990 RMK P0001 T02100180 MADISHF
MCI,2023-06-01 03:53,10.00,20000.00,KMCI 010353Z 14008KT 10SM OVC200 20/19 A2992 RMK AO2 SLP122 T02000189 $
MCI,2023-06-01 04:53,10.00,11000.00,KMCI 010453Z 14010KT 10SM FEW110 BKN250 21/19 A2992 RMK AO2 SLP123 T02060189 $
MCI,2023-06-01 05:53,10.00,11000.00,KMCI 010553Z 14008KT 10SM FEW110 BKN250 21/19 A2992 RMK AO2 SLP125 60106 T02060189 10256 20194 402610167 51005 $
MCI,2023-06-01 06:53,10.00,12000.00,KMCI 010653Z 16008KT 10SM FEW120 BKN250 20/19 A2992 RMK AO2 SLP124 T02000189 $
MCI,2023-06-01 07:53,10.00,25000.00,KMCI 010753Z 17009KT 10SM BKN250 20/19 A2991 RMK AO2 SLP121 T02000189 $
MCI,2023-06-01 08:53,10.00,25000.00,KMCI 010853Z 16008KT 10SM BKN250 20/18 A2992 RMK AO2 SLP120 T02000183 56003 $
MCI,2023-06-01 09:53,10.00,5500.00,KMCI 010953Z 00000KT 10SM SCT055 BKN250 19/18 A2992 RMK AO2 SLP123 T01890178 $
MCI,2023-06-01 10:53,10.00,5500.00,KMCI 011053Z 15006KT 10SM SCT055 BKN250 18/18 A2993 RMK AO2 SLP126 T01830178 $
MCI,2023-06-01 11:53,7.00,5500.00,KMCI 011153Z 16004KT 7SM FEW055 FEW150 BKN250 19/18 A2995 RMK AO2 SLP134 70107 T01940183 10206 20183 53013
MCI,2023-06-01 12:53,9.00,15000.00,KMCI 011253Z COR 17007KT 9SM FEW150 BKN250 22/19 A2997 RMK AO2 SLP140 T02220194
MCI,2023-06-01 13:53,9.00,10000.00,KMCI 011353Z 20007KT 9SM FEW100 BKN250 24/19 A2998 RMK AO2 SLP143 T02390194
MCI,2023-06-01 14:53,9.00,5000.00,KMCI 011453Z 18005KT 9SM SCT050 BKN250 25/20 A2999 RMK AO2 SLP146 T02500200 51012
MCI,2023-06-01 15:53,9.00,6000.00,KMCI 011553Z 20009KT 9SM SCT060 BKN250 27/21 A2999 RMK AO2 SLP147 T02670206
MCI,2023-06-01 16:53,10.00,6000.00,KMCI 011653Z 19006KT 10SM SCT060 BKN250 27/19 A3000 RMK AO2 SLP149 T02720194
MCI,2023-06-01 17:53,10.00,4000.00,KMCI 011753Z 18009KT 10SM SCT040 BKN120 BKN250 28/21 A2999 RMK AO2 SLP144 T02780206 10283 20194 58001
MCI,2023-06-01 18:53,10.00,7000.00,KMCI 011853Z 18004KT 10SM FEW070 SCT100 BKN120 27/21 A2997 RMK AO2 RAB34E47 SLP138 P0000 T02720206
MCI,2023-06-01 19:53,10.00,4900.00,KMCI 011953Z 20005KT 10SM FEW049 SCT065 BKN250 28/20 A2995 RMK AO2 SLP130 T02830200
MCI,2023-06-01 20:53,10.00,5000.00,KMCI 012053Z 18011KT 10SM BKN050 BKN200 29/19 A2996 RMK AO2 LTG DSNT N AND NE SLP133 60000 T02890189 55011
MCI,2023-06-01 21:53,10.00,3900.00,KMCI 012153Z 20004KT 10SM SCT039 BKN080 BKN110 28/19 A2994 RMK AO2 LTG DSNT NE AND NW RAB29E52 SLP130 P0000 T02830194
MCI,2023-06-01 22:53,10.00,3900.00,KMCI 012253Z 18008KT 10SM SCT039 SCT250 28/20 A2994 RMK AO2 SLP128 T02780200
MCI,2023-06-01 23:53,10.00,6000.00,KMCI 012353Z 36007KT 10SM BKN060 24/19 A2996 RMK AO2 TSE19 SLP136 60000 T02440194 10294 20244 53001
MCI,2023-06-02 00:53,10.00,6000.00,KMCI 020053Z 05009KT 10SM FEW060 SCT250 23/19 A2996 RMK AO2 SLP134 T02330189
MCI,2023-06-02 01:53,10.00,6000.00,KMCI 020153Z 05006KT 10SM FEW060 SCT200 23/19 A2997 RMK AO2 SLP140 T02280189
MCI,2023-06-02 02:53,10.00,6000.00,KMCI 020253Z 06008KT 10SM FEW060 23/19 A2999 RMK AO2 SLP147 T02280189 53011
MCI,2023-06-02 03:53,10.00,6000.00,KMCI 020353Z 07007KT 10SM FEW060 22/19 A3000 RMK AO2 SLP148 T02220189
MCI,2023-06-02 04:53,10.00,6500.00,KMCI 020453Z 10008KT 10SM FEW065 23/18 A3000 RMK AO2 SLP148 T02280183
MCI,2023-06-02 05:53,10.00,6500.00,KMCI 020553Z 15005KT 10SM FEW065 FEW100 21/18 A3000 RMK AO2 SLP149 T02110183 10244 20211 402940183 51003
MCI,2023-06-02 06:53,10.00,6500.00,KMCI 020653Z 12005KT 10SM FEW065 FEW100 21/18 A3000 RMK AO2 SLP148 T02060183
MCI,2023-06-02 07:53,10.00,10000.00,KMCI 020753Z 13004KT 10SM FEW100 20/18 A2999 RMK AO2 SLP145 T02000178
MCI,2023-06-02 08:53,10.00,M,KMCI 020853Z 12004KT 10SM CLR 21/18 A2999 RMK AO2 SLP143 T02060178 57006
MCI,2023-06-02 09:53,10.00,7000.00,KMCI 020953Z 12006KT 10SM FEW070 20/18 A2999 RMK AO2 SLP145 T02000178
MCI,2023-06-02 10:53,10.00,10000.00,KMCI 021053Z 18004KT 10SM FEW100 FEW250 19/17 A3001 RMK AO2 SLP151 T01890172
MCI,2023-06-02 11:53,10.00,10000.00,KMCI 021153Z 00000KT 10SM FEW100 FEW250 20/18 A3002 RMK AO2 SLP157 T02000183 10211 20183 53011
MCI,2023-06-02 12:53,10.00,10000.00,KMCI 021253Z 11006KT 10SM FEW100 SCT250 22/18 A3002 RMK AO2 SLP157 T02220183
MCI,2023-06-02 13:53,10.00,12000.00,KMCI 021353Z 13004KT 10SM FEW120 24/19 A3003 RMK AO2 SLP158 T02440194
MCI,2023-06-02 14:53,10.00,M,KMCI 021453Z 11004KT 10SM CLR 26/20 A3002 RMK AO2 SLP156 T02610200 50001
MCI,2023-06-02 15:53,10.00,15000.00,KMCI 021553Z 15007KT 10SM FEW150 28/19 A3002 RMK AO2 SLP155 T02780194
MCI,2023-06-02 16:53,10.00,3000.00,KMCI 021653Z 15007KT 10SM FEW030 28/19 A3001 RMK AO2 SLP152 T02830194
MCI,2023-06-02 17:53,10.00,4700.00,KMCI 021753Z 15006KT 10SM BKN047 28/19 A3000 RMK AO2 SLP148 T02780189 10294 20206 58007
MCI,2023-06-02 18:53,10.00,5500.00,KMCI 021853Z 13009G15KT 10SM SCT055 BKN110 29/19 A2998 RMK AO2 SLP142 T02940194
MCI,2023-06-02 19:53,10.00,6000.00,KMCI 021953Z 14011G16KT 10SM SCT060 30/19 A2995 RMK AO2 SLP131 T03000194
MCI,2023-06-02 20:53,9.00,5500.00,KMCI 022053Z 12009KT 9SM -RA BKN055TCU BKN080 30/20 A2994 RMK AO2 RAB51 SLP126 TCU ALQDS P0000 60000 T03000200 56021
MCI,2023-06-02 21:53,10.00,6000.00,KMCI 022153Z 14006KT 10SM BKN060 30/18 A2991 RMK AO2 LTG DSNT N RAE13 TSB2055 SLP119 T03000183 PNO
MCI,2023-06-02 22:53,10.00,6000.00,KMCI 022253Z VRB03KT 10SM BKN060 27/18 A2991 RMK AO2 LTG DSNT N AND NW SLP118 CB DSNT E SH W T02720178 PNO
MCI,2023-06-02 23:53,10.00,6000.00,KMCI 022353Z 34005KT 10SM SCT060 BKN100 26/19 A2991 RMK AO2 LTG DSNT E AND SW SLP118 60000 T02560189 10306 20256 55009 PNO
MCI,2023-06-03 00:53,0.75,4300.00,KMCI 030053Z 11025G36KT 3/4SM R19R/2400VP6000FT TSRA SCT043 OVC055CB 23/18 A2997 RMK AO2 PK WND 11040/0049 LTG DSNT NE-SE RAB49 TSB12 PRESRR SLP140 TS ALQDS MOV NW T02280183 PNO
MCI,2023-06-03 01:53,10.00,6000.00,KMCI 030153Z 32003KT 10SM VCTS SCT060CB BKN080 OVC095 19/18 A2995 RMK AO2 PK WND 09049/0054 LTG DSNT N AND S AND NW RAE40 TSE35 SLP134 TS VC NW MOV NW P0015 T01940183
MCI,2023-06-03 02:53,10.00,9000.00,KMCI 030253Z 29006KT 10SM -RA SCT090 BKN120 OVC150 20/19 A2998 RMK AO2 LTG DSNT S-NW RAB53 TSB20E39 SLP142 P0000 60015 T02000194 51023
MCI,2023-06-03 03:53,8.00,7500.00,KMCI 030353Z 29004KT 8SM BKN075 BKN100 OVC150 20/19 A2998 RMK AO2 RAE07B23E47 SLP143 P0000 T02000194
MCI,2023-06-03 04:53,10.00,12000.00,KMCI 030453Z 05008KT 10SM FEW120 BKN150 OVC180 20/19 A2997 RMK AO2 RAB0357E04 SLP139 P0000 T02000194
MCI,2023-06-03 05:53,10.00,12000.00,KMCI 030553Z 06008KT 10SM FEW120 SCT150 BKN180 19/19 A2996 RMK AO2 SLP136 60015 T01940189 10261 20194 403060183 58006
MCI,2023-06-03 06:53,10.00,15000.00,KMCI 030653Z 07008KT 10SM FEW150 FEW200 20/18 A2994 RMK AO2 SLP128 T02000183
MCI,2023-06-03 07:53,10.00,20000.00,KMCI 030753Z 06008KT 10SM FEW200 19/18 A2993 RMK AO2 SLP123 T01940183
MCI,2023-06-03 08:53,10.00,25000.00,KMCI 030853Z 05007KT 10SM FEW250 19/18 A2993 RMK AO2 SLP124 T01890178 55010
MCI,2023-06-03 09:53,10.00,25000.00,KMCI 030953Z 10005KT 10SM FEW250 19/18 A2994 RMK AO2 SLP128 T01940178
MCI,2023-06-03 10:53,10.00,25000.00,KMCI 031053Z 10005KT 10SM SCT250 20/17 A2995 RMK AO2 SLP133 T02000172
MCI,2023-06-03 11:53,10.00,14000.00,KMCI 031153Z 06006KT 10SM SCT140 19/18 A2997 RMK AO2 SLP138 70015 T01940178 10200 20189 53012 $
MCI,2023-06-03 12:53,10.00,15000.00,KMCI 031253Z 07006KT 10SM SCT150 22/18 A2997 RMK AO2 SLP141 T02170178 $
MCI,2023-06-03 13:53,10.00,15000.00,KMCI 031353Z 10005KT 10SM SCT150 24/18 A2998 RMK AO2 SLP144 T02390183 $
MCI,2023-06-03 14:53,10.00,15000.00,KMCI 031453Z 11003KT 10SM SCT150 25/19 A2999 RMK AO2 SLP147 T02500189 53009
MCI,2023-06-03 15:53,10.00,15000.00,KMCI 031553Z 11008KT 10SM FEW150 28/19 A2999 RMK AO2 SLP146 T02780194
MCI,2023-06-03 16:53,10.00,3000.00,KMCI 031653Z 09007KT 10SM FEW030 FEW150 29/19 A2998 RMK AO2 SLP142 T02890194
MCI,2023-06-03 17:53,10.00,4000.00,KMCI 031753Z 13010G16KT 10SM FEW040 29/17 A2997 RMK AO2 SLP139 T02940172 10294 20200 58006
MCI,2023-06-03 18:53,10.00,5000.00,KMCI 031853Z 12013KT 10SM FEW050 30/16 A2996 RMK AO2 SLP134 T03000161
MCI,2023-06-03 19:53,10.00,5000.00,KMCI 031953Z 10015KT 10SM FEW050 31/14 A2992 RMK AO2 SLP122 T03060144
MCI,2023-06-03 20:53,10.00,5000.00,KMCI 032053Z 09013KT 10SM FEW050 FEW150 31/14 A2991 RMK AO2 SLP117 CB DSNT SW T03110139 58022
MCI,2023-06-03 21:53,10.00,5000.00,KMCI 032153Z 08014KT 10SM FEW050 FEW250 31/14 A2990 RMK AO2 SLP114 T03110139
MCI,2023-06-03 22:53,10.00,6000.00,KMCI 032253Z 11011KT 10SM FEW060 FEW250 31/14 A2991 RMK AO2 SLP116 T03060139
MCI,2023-06-03 23:53,10.00,6000.00,KMCI 032353Z 12010KT 10SM FEW060 FEW250 30/12 A2992 RMK AO2 SLP122 T03000122 10311 20294 53005
MCI,2023-06-04 00:53,10.00,10000.00,KMCI 040053Z 14004KT 10SM FEW100 FEW250 27/16 A2994 RMK AO2 SLP128 T02720156
MCI,2023-06-04 01:53,10.00,9500.00,KMCI 040153Z 06005KT 10SM SCT095 26/15 A2994 RMK AO2 SLP128 T02560150
MCI,2023-06-04 02:53,10.00,9000.00,KMCI 040253Z 27005KT 10SM BKN090 22/17 A2996 RMK AO2 SLP137 T02170172 53013
MCI,2023-06-04 03:53,10.00,9000.00,KMCI 040353Z 30008KT 10SM SCT090 21/17 A2997 RMK AO2 SLP137 T02110172
MCI,2023-06-04 04:53,10.00,9000.00,KMCI 040453Z 31007KT 10SM FEW090 20/17 A2996 RMK AO2 SLP135 T02000172
MCI,2023-06-04 05:53,10.00,M,KMCI 040553Z 00000KT 10SM CLR 19/17 A2995 RMK AO2 SLP133 T01940172 10294 20189 403110189 58003 $
MCI,2023-06-04 06:53,10.00,M,KMCI 040653Z 01005KT 10SM CLR 18/17 A2995 RMK AO2 SLP132 T01830167 $
MCI,2023-06-04 07:53,10.00,M,KMCI 040753Z 05004KT 10SM CLR 19/17 A2995 RMK AO2 SLP131 T01890167 $
MCI,2023-06-04 08:53,10.00,M,KMCI 040853Z 01005KT 10SM CLR 18/16 A2996 RMK AO2 SLP135 T01780156 53003 $
MCI,2023-06-04 09:53,10.00,M,KMCI 040953Z 03003KT 10SM CLR 18/16 A2997 RMK AO2 SLP139 T01780156 $
MCI,2023-06-04 10:53,10.00,8000.00,KMCI 041053Z 03006KT 10SM FEW080 FEW250 17/14 A2998 RMK AO2 SLP142 T01720144 $
MCI,2023-06-04 11:53,10.00,8000.00,KMCI 041153Z 04008KT 10SM SCT080 SCT250 18/16 A3000 RMK AO2 SLP147 T01830156 10194 20172 53012 $
MCI,2023-06-04 12:53,10.00,8000.00,KMCI 041253Z 03005KT 10SM SCT080 SCT250 21/16 A3000 RMK AO2 SLP148 T02110161 $
MCI,2023-06-04 13:53,10.00,9500.00,KMCI 041353Z 05004KT 10SM BKN095 23/16 A3001 RMK AO2 SLP151 T02330161 $
MCI,2023-06-04 14:53,10.00,9500.00,KMCI 041453Z 08006KT 10SM FEW095 26/17 A3001 RMK AO2 SLP154 T02560172 53005 $
MCI,2023-06-04 15:53,10.00,10000.00,KMCI 041553Z 06008KT 10SM FEW100 28/16 A3001 RMK AO2 SLP152 T02780161 $
MCI,2023-06-04 16:53,10.00,10000.00,KMCI 041653Z 07006KT 10SM SCT100 29/17 A3001 RMK AO2 SLP150 T02940172 $
MCI,2023-06-04 17:53,10.00,10000.00,KMCI 041753Z 06009KT 10SM FEW100 31/17 A3000 RMK AO2 SLP148 T03060167 10306 20183 58005 $
MCI,2023-06-04 18:53,10.00,6000.00,KMCI 041853Z 04009KT 10SM FEW060 SCT130 SCT250 31/14 A2999 RMK AO2 SLP146 TCU DSNT N T03060144 $
MCI,2023-06-04 19:53,10.00,6000.00,KMCI 041953Z 07008G16KT 10SM SCT060 SCT150 BKN250 32/13 A2998 RMK AO2 SLP139 TCU DSNT SE CB DSNT NW T03170128 $
MCI,2023-06-04 20:53,10.00,9000.00,KMCI 042053Z 09007KT 070V140 10SM FEW090 SCT150 SCT250 31/13 A2996 RMK AO2 LTG DSNT N SLP135 CB DSNT NW T03110133 58013 $
MCI,2023-06-04 21:53,10.00,9000.00,KMCI 042153Z 03010KT 10SM FEW090 SCT150 SCT250 30/14 A2995 RMK AO2 SLP131 TCU W AND NW T03000139 $
MCI,2023-06-04 22:53,10.00,9000.00,KMCI 042253Z 03009KT 10SM FEW090 FEW150 SCT250 31/15 A2994 RMK AO2 SLP130 T03060150 $
MCI,2023-06-04 23:53,10.00,8000.00,KMCI 042353Z 35008KT 10SM FEW080 FEW150 27/16 A2995 RMK AO2 SLP132 T02670161 10317 20267 55003 $
MCI,2023-06-05 00:53,10.00,8000.00,KMCI 050053Z 35007KT 10SM FEW080 FEW150 24/16 A2996 RMK AO2 SLP136 T02440156 $
MCI,2023-06-05 01:53,10.00,8000.00,KMCI 050153Z 34006KT 10SM FEW080 FEW250 22/15 A2997 RMK AO2 SLP138 T02220150 $
MCI,2023-06-05 02:53,10.00,10000.00,KMCI 050253Z 02006KT 10SM BKN100 22/15 A2999 RMK AO2 SLP145 T02170150 53013 $
MCI,2023-06-05 03:53,10.00,M,KMCI 050353Z 04006KT 10SM CLR 23/16 A3000 RMK AO2 SLP146 T02280156 $
MCI,2023-06-05 04:53,10.00,25000.00,KMCI 050453Z 04006KT 10SM SCT250 21/16 A3000 RMK AO2 SLP148 T02110156 $
MCI,2023-06-05 05:53,10.00,20000.00,KMCI 050553Z 06006KT 10SM SCT200 22/16 A3001 RMK AO2 SLP149 T02170161 10267 20206 403170172 51006 $
MCI,2023-06-05 06:53,10.00,15000.00,KMCI 050653Z 04007KT 10SM SCT150 20/16 A3001 RMK AO2 SLP152 T02000161 $
MCI,2023-06-05 07:53,10.00,12000.00,KMCI 050753Z 06006KT 10SM BKN120 20/16 A3002 RMK AO2 SLP153 T02000161 $
MCI,2023-06-05 08:53,10.00,12000.00,KMCI 050853Z 07005KT 10SM SCT120 21/16 A3002 RMK AO2 LTG DSNT SW SLP154 T02060161 51004 $
MCI,2023-06-05 09:53,10.00,12000.00,KMCI 050953Z 06006KT 10SM SCT120 21/16 A3002 RMK AO2 SLP154 T02060161 $
MCI,2023-06-05 10:53,10.00,M,KMCI 051053Z 05005KT 10SM CLR 20/16 A3002 RMK AO2 SLP154 T02000161 $
MCI,2023-06-05 11:53,10.00,M,KMCI 051153Z 07006KT 10SM CLR 21/16 A3003 RMK AO2 SLP159 T02110161 10217 20194 53003 $
MCI,2023-06-05 12:53,10.00,M,KMCI 051253Z 06007KT 10SM CLR 22/17 A3004 RMK AO2 SLP163 T02170167 $
MCI,2023-06-05 13:53,10.00,M,KMCI 051353Z 11006KT 10SM CLR 24/17 A3005 RMK AO2 SLP166 T02390172
MCI,2023-06-05 14:53,10.00,M,KMCI 051453Z 12003KT 10SM CLR 26/18 A3005 RMK AO2 SLP166 T02610178 51006
MCI,2023-06-05 15:53,10.00,M,KMCI 051553Z 00000KT 10SM CLR 28/18 A3005 RMK AO2 SLP165 T02780178
MCI,2023-06-05 16:53,10.00,M,KMCI 051653Z 04006KT 10SM CLR 29/18 A3005 RMK AO2 SLP164 T02940183
MCI,2023-06-05 17:53,10.00,6000.00,KMCI 051753Z 09006KT 10SM FEW060 FEW250 29/17 A3004 RMK AO2 SLP162 T02890172 10300 20211 58002
MCI,2023-06-05 18:53,10.00,6000.00,KMCI 051853Z 08006KT 10SM SCT060 SCT250 31/17 A3002 RMK AO2 SLP155 CB DSNT N T03060167
MCI,2023-06-05 19:53,10.00,6500.00,KMCI 051953Z 09010KT 10SM SCT065 SCT250 31/17 A3000 RMK AO2 LTG DSNT N AND S SLP147 CB DSNT SW AND NW MOV W T03060167
MCI,2023-06-05 20:53,10.00,6500.00,KMCI 052053Z 07007KT 10SM SCT065 SCT250 31/16 A2999 RMK AO2 LTG DSNT S AND SW SLP143 CB DSNT SE T03060161 56018
MCI,2023-06-05 21:53,10.00,6500.00,KMCI 052153Z 10007KT 10SM SCT065 SCT250 31/16 A2999 RMK AO2 LTG DSNT SE-W SLP145 T03060161
MCI,2023-06-05 22:53,10.00,7000.00,KMCI 052253Z 19009KT 10SM BKN070 BKN250 26/17 A3000 RMK AO2 LTG DSNT N AND SE AND W SLP150 CB DSNT SW-W T02610167
MCI,2023-06-05 23:53,10.00,7500.00,KMCI 052353Z 29009KT 10SM SCT075 SCT090 OVC250 26/17 A3001 RMK AO2 LTG DSNT N AND NW SLP154 T02560172 10311 20256 53008
MCI,2023-06-06 00:53,10.00,7500.00,KMCI 060053Z 35007KT 10SM BKN075 OVC200 23/17 A3003 RMK AO2 LTG DSNT N SLP160 T02280172
MCI,2023-06-06 01:53,10.00,7500.00,KMCI 060153Z 33006KT 10SM SCT075 BKN200 21/17 A3002 RMK AO2 SLP154 T02110167
MCI,2023-06-06 02:53,10.00,M,KMCI 060253Z 04008KT 10SM CLR 22/17 A3002 RMK AO2 SLP157 T02170167 51002
MCI,2023-06-06 03:53,10.00,M,KMCI 060353Z 07008KT 10SM CLR 22/16 A3003 RMK AO2 SLP159 T02170161
MCI,2023-06-06 04:53,10.00,M,KMCI 060453Z 08005KT 10SM CLR 22/17 A3004 RMK AO2 SLP161 T02220167
MCI,2023-06-06 05:53,10.00,M,KMCI 060553Z 00000KT 10SM CLR 19/17 A3004 RMK AO2 SLP163 T01940167 10256 20183 403110183 51007
MCI,2023-06-06 06:53,10.00,M,KMCI 060653Z 00000KT 10SM CLR 19/17 A3004 RMK AO2 SLP160 T01940167
MCI,2023-06-06 07:53,10.00,M,KMCI 060753Z 00000KT 10SM CLR 19/16 A3003 RMK AO2 SLP160 T01940161
MCI,2023-06-06 08:53,8.00,M,KMCI 060853Z 34004KT 8SM CLR 17/16 A3003 RMK AO2 SLP159 T01670161 56004
MCI,2023-06-06 09:53,8.00,M,KMCI 060953Z 00000KT 8SM CLR 18/16 A3003 RMK AO2 SLP158 T01780161
MCI,2023-06-06 10:53,6.00,25000.00,KMCI 061053Z 04003KT 6SM BR FEW250 17/16 A3003 RMK AO2 SLP160 T01720161 $
MCI,2023-06-06 11:53,6.00,M,KMCI 061153Z 02004KT 6SM BR CLR 18/17 A3003 RMK AO2 SLP160 T01780167 10206 20167 52001 $
MCI,2023-06-06 12:53,8.00,M,KMCI 061253Z 00000KT 8SM CLR 21/17 A3003 RMK AO2 SLP159 T02110172 $
MCI,2023-06-06 13:53,8.00,M,KMCI 061353Z 00000KT 8SM CLR 23/15 A3003 RMK AO2 SLP159 T02280150 $
MCI,2023-06-06 14:53,10.00,25000.00,KMCI 061453Z 00000KT 10SM FEW250 25/15 A3002 RMK AO2 SLP156 T02500150 58003 $
MCI,2023-06-06 15:53,9.00,M,KMCI 061553Z VRB03KT 9SM CLR 27/16 A3002 RMK AO2 SLP155 T02670161 $
MCI,2023-06-06 16:53,9.00,25000.00,KMCI 061653Z VRB03KT 9SM FEW250 28/17 A3001 RMK AO2 SLP150 T02830167 $
MCI,2023-06-06 17:53,9.00,25000.00,KMCI 061753Z 00000KT 9SM SCT250 29/17 A3000 RMK AO2 SLP146 T02890172 10294 20183 58008 $
MCI,2023-06-06 18:53,8.00,5000.00,KMCI 061853Z 00000KT 8SM FEW050 BKN250 30/18 A2998 RMK AO2 SLP141 T03000178 $
MCI,2023-06-06 19:53,8.00,5500.00,KMCI 061953Z 00000KT 8SM SCT055 BKN250 29/17 A2996 RMK AO2 SLP135 T02940167
MCI,2023-06-06 20:53,9.00,6000.00,KMCI 062053Z 33003KT 9SM SCT060 SCT250 31/17 A2994 RMK AO2 SLP130 T03060172 58017
MCI,2023-06-06 21:53,9.00,6000.00,KMCI 062153Z 36005KT 9SM SCT060 31/18 A2992 RMK AO2 SLP120 T03110178
MCI,2023-06-06 22:53,10.00,6000.00,KMCI 062253Z 31003KT 10SM SCT060 31/16 A2991 RMK AO2 SLP117 T03060161
MCI,2023-06-06 23:53,10.00,6000.00,KMCI 062353Z 29004KT 10SM FEW060 29/17 A2989 RMK AO2 LTG DSNT N AND S SLP112 CB DSNT S T02940172 10311 20289 56017
MCI,2023-06-07 00:53,9.00,6000.00,KMCI 070053Z 00000KT 9SM FEW060 SCT250 29/17 A2990 RMK AO2 SLP115 T02890167
MCI,2023-06-07 01:53,9.00,6000.00,KMCI 070153Z 32003KT 9SM FEW060 SCT250 27/16 A2991 RMK AO2 SLP116 T02720161
MCI,2023-06-07 02:53,9.00,M,KMCI 070253Z 28003KT 9SM CLR 27/16 A2992 RMK AO2 SLP119 T02670156 53008
MCI,2023-06-07 03:53,10.00,25000.00,KMCI 070353Z 19004KT 10SM SCT250 23/18 A2992 RMK AO2 SLP120 T02280178
MCI,2023-06-07 04:53,10.00,25000.00,KMCI 070453Z 21003KT 10SM SCT250 24/17 A2991 RMK AO2 SLP117 T02390167
MCI,2023-06-07 05:53,10.00,25000.00,KMCI 070553Z 23007KT 10SM FEW250 22/17 A2990 RMK AO2 SLP113 T02220167 10294 20211 403110167 58006
MCI,2023-06-07 06:53,10.00,25000.00,KMCI 070653Z 24006KT 10SM FEW250 20/17 A2990 RMK AO2 SLP113 T02000172 $
MCI,2023-06-07 07:53,10.00,M,KMCI 070753Z 25005KT 10SM CLR 21/17 A2989 RMK AO2 SLP110 T02060172 $
MCI,2023-06-07 08:53,10.00,12000.00,KMCI 070853Z 28004KT 10SM FEW120 FEW250 21/17 A2988 RMK AO2 SLP108 T02060172 58004 $
MCI,2023-06-07 09:53,10.00,12000.00,KMCI 070953Z 24008KT 10SM FEW120 FEW250 19/17 A2988 RMK AO2 SLP106 T01940172 $
MCI,2023-06-07 10:53,10.00,13000.00,KMCI 071053Z 28005KT 10SM SCT130 SCT250 20/17 A2989 RMK AO2 SLP111 T02000167 $
MCI,2023-06-07 11:53,9.00,17000.00,KMCI 071153Z 25005KT 9SM SCT170 SCT250 19/17 A2990 RMK AO2 SLP115 T01940167 10228 20189 53006 $
MCI,2023-06-07 12:53,10.00,17000.00,KMCI 071253Z 27005KT 10SM SCT170 22/17 A2990 RMK AO2 SLP112 T02220172
MCI,2023-06-07 13:53,10.00,12000.00,KMCI 071353Z 31004KT 10SM BKN120 23/18 A2991 RMK AO2 SLP116 T02280178
MCI,2023-06-07 14:53,10.00,12000.00,KMCI 071453Z 31003KT 10SM SCT120 26/18 A2990 RMK AO2 SLP111 T02560183 58002
MCI,2023-06-07 15:53,10.00,12000.00,KMCI 071553Z 33005KT 10SM SCT120 SCT250 28/18 A2989 RMK AO2 SLP108 T02830178
MCI,2023-06-07 16:53,10.00,12000.00,KMCI 071653Z VRB03KT 10SM BKN120 BKN250 29/17 A2988 RMK AO2 SLP105 T02890167
MCI,2023-06-07 17:53,10.00,5000.00,KMCI 071753Z 32005KT 10SM FEW050 SCT120 BKN250 31/17 A2987 RMK AO2 SLP102 T03060167 10306 20194 56009
MCI,2023-06-07 18:53,10.00,5000.00,KMCI 071853Z 04004KT 10SM FEW050 SCT120 BKN250 31/15 A2985 RMK AO2 SLP097 T03110150
MCI,2023-06-07 19:53,10.00,5000.00,KMCI 071953Z 24003KT 10SM FEW050 BKN250 31/17 A2983 RMK AO2 LTG DSNT N SLP089 T03060167
MCI,2023-06-07 20:53,10.00,5000.00,KMCI 072053Z 01003KT 10SM SCT050 SCT250 32/16 A2981 RMK AO2 SLP083 CB DSNT N T03220161 56019
MCI,2023-06-07 21:53,10.00,5000.00,KMCI 072153Z 00000KT 10SM SCT050 BKN130 BKN200 32/14 A2980 RMK AO2 LTG DSNT E SLP080 T03220139
MCI,2023-06-07 22:53,10.00,7000.00,KMCI 072253Z 07007KT 10SM SCT070 BKN140 BKN200 28/18 A2979 RMK AO2 SLP079 T02780183
MCI,2023-06-07 23:53,10.00,7000.00,KMCI 072353Z 06006KT 10SM SCT070 BKN150 31/16 A2979 RMK AO2 SLP076 T03060161 10328 20278 56008
MCI,2023-06-08 00:53,10.00,15000.00,KMCI 080053Z 07004KT 10SM BKN150 29/17 A2979 RMK AO2 SLP074 T02890172
MCI,2023-06-08 01:53,10.00,15000.00,KMCI 080153Z 00000KT 10SM FEW150 SCT250 27/17 A2979 RMK AO2 SLP076 T02720167
MCI,2023-06-08 02:53,10.00,M,KMCI 080253Z 07006KT 10SM CLR 26/20 A2981 RMK AO2 SLP082 T02610200 53007
MCI,2023-06-08 03:53,10.00,M,KMCI 080353Z 10007KT 10SM CLR 26/19 A2982 RMK AO2 SLP084 T02560194
MCI,2023-06-08 04:53,10.00,10000.00,KMCI 080453Z 10007KT 10SM FEW100 24/19 A2983 RMK AO2 SLP090 T02440189
MCI,2023-06-08 05:53,10.00,11000.00,KMCI 080553Z 11007KT 10SM BKN110 24/18 A2983 RMK AO2 SLP088 T02390183 10306 20239 403280189 50007
MCI,2023-06-08 06:53,10.00,13000.00,KMCI 080653Z 11008KT 10SM BKN130 23/18 A2982 RMK AO2 SLP085 T02280183
MCI,2023-06-08 07:53,10.00,11000.00,KMCI 080753Z 10009KT 10SM OVC110 23/18 A2982 RMK AO2 SLP085 T02280178
MCI,2023-06-08 08:53,10.00,13000.00,KMCI 080853Z 11012KT 10SM OVC130 22/18 A2982 RMK AO2 SLP084 T02220178 56004
MCI,2023-06-08 09:53,10.00,9000.00,KMCI 080953Z 10007KT 10SM BKN090 OVC120 22/18 A2983 RMK AO2 SLP087 T02220178
MCI,2023-06-08 10:53,7.00,7000.00,KMCI 081053Z 08007KT 7SM -RA FEW070 BKN090 OVC110 21/18 A2985 RMK AO2 RAB14 SLP098 P0001 T02110183
MCI,2023-06-08 11:53,7.00,9000.00,KMCI 081153Z 11011KT 7SM SCT090 OVC120 21/18 A2984 RMK AO2 RAE27 SLP092 P0003 60004 70004 T02060178 10239 20206 50007
MCI,2023-06-08 12:53,8.00,10000.00,KMCI 081253Z 09008KT 8SM BKN100 OVC110 21/17 A2986 RMK AO2 SLP100 T02110167
MCI,2023-06-08 13:53,8.00,9000.00,KMCI 081353Z 11012KT 8SM FEW090 BKN110 21/16 A2986 RMK AO2 SLP102 T02060161
MCI,2023-06-08 14:53,9.00,10000.00,KMCI 081453Z 16014KT 9SM FEW100 BKN150 21/16 A2985 RMK AO2 SLP098 T02110161 50004
MCI,2023-06-08 15:53,10.00,10000.00,KMCI 081553Z 13010KT 10SM FEW100 23/16 A2985 RMK AO2 SLP098 T02330161
MCI,2023-06-08 16:53,9.00,11000.00,KMCI 081653Z 10008KT 9SM BKN110 24/18 A2987 RMK AO2 SLP103 T02440178
MCI,2023-06-08 17:53,10.00,9500.00,KMCI 081753Z 07010KT 10SM SCT095 24/18 A2988 RMK AO2 SLP107 T02440183 10250 20206 53009
MCI,2023-06-08 18:53,10.00,5000.00,KMCI 081853Z 09010KT 10SM FEW050 OVC180 25/18 A2987 RMK AO2 SLP105 T02500183
MCI,2023-06-08 19:53,10.00,11000.00,KMCI 081953Z 09009KT 10SM BKN110 OVC180 23/17 A2985 RMK AO2 SLP099 T02330167
MCI,2023-06-08 20:53,10.00,18000.00,KMCI 082053Z 09011KT 10SM BKN180 25/17 A2984 RMK AO2 SLP095 T02500167 58013
MCI,2023-06-08 21:53,10.00,3500.00,KMCI 082153Z 09009KT 10SM SCT035 BKN200 25/16 A2985 RMK AO2 SLP097 T02500161
MCI,2023-06-08 22:53,10.00,3500.00,KMCI 082253Z 09010KT 10SM FEW035 SCT250 24/17 A2984 RMK AO2 SLP094 T02440167
MCI,2023-06-08 23:53,10.00,20000.00,KMCI 082353Z 10011KT 10SM SCT200 23/16 A2984 RMK AO2 SLP095 T02330161 10250 20228 58001
MCI,2023-06-09 00:53,10.00,20000.00,KMCI 090053Z 09009KT 10SM SCT200 23/16 A2985 RMK AO2 SLP097 T02280156
MCI,2023-06-09 01:53,10.00,3700.00,KMCI 090153Z 09011KT 10SM BKN037 BKN120 22/14 A2985 RMK AO2 SLP101 T02170144
MCI,2023-06-09 02:53,10.00,4000.00,KMCI 090253Z 08011KT 10SM SCT040 21/14 A2987 RMK AO2 SLP107 T02060139 53010
MCI,2023-06-09 03:53,10.00,4500.00,KMCI 090353Z 12008KT 10SM FEW045 FEW250 20/13 A2989 RMK AO2 SLP113 T02000133
MCI,2023-06-09 04:53,10.00,4000.00,KMCI 090453Z 09008KT 10SM SCT040 19/13 A2990 RMK AO2 SLP114 T01940133
MCI,2023-06-09 05:53,10.00,4000.00,KMCI 090553Z 09006KT 10SM FEW040 BKN075 19/13 A2990 RMK AO2 SLP117 T01940133 10233 20194 402500194 51010
MCI,2023-06-09 06:53,10.00,4000.00,KMCI 090653Z 09004KT 10SM FEW040 BKN075 19/13 A2990 RMK AO2 SLP117 T01940133
MCI,2023-06-09 07:53,10.00,4000.00,KMCI 090753Z 10007KT 10SM FEW040 SCT085 19/13 A2989 RMK AO2 SLP115 T01890128
MCI,2023-06-09 08:53,10.00,8500.00,KMCI 090853Z 11006KT 10SM OVC085 19/13 A2990 RMK AO2 SLP115 T01890128 55002
MCI,2023-06-09 09:53,10.00,8000.00,KMCI 090953Z 09007KT 10SM SCT080 18/13 A2990 RMK AO2 SLP115 T01830128
MCI,2023-06-09 10:53,10.00,8000.00,KMCI 091053Z 09007KT 040V110 10SM FEW080 BKN250 18/12 A2991 RMK AO2 SLP120 T01830122
MCI,2023-06-09 11:53,9.00,8000.00,KMCI 091153Z 11006KT 9SM FEW080 BKN250 18/12 A2992 RMK AO2 SLP125 T01830122 10194 20178 53009
MCI,2023-06-09 12:53,10.00,25000.00,KMCI 091253Z 11007KT 10SM BKN250 19/12 A2992 RMK AO2 SLP124 T01940122
MCI,2023-06-09 13:53,9.00,25000.00,KMCI 091353Z 12011KT 9SM BKN250 21/11 A2993 RMK AO2 SLP126 T02110106
MCI,2023-06-09 14:53,10.00,25000.00,KMCI 091453Z 13010KT 10SM SCT250 23/10 A2993 RMK AO2 SLP126 T02280100 53002
MCI,2023-06-09 15:53,10.00,M,KMCI 091553Z 13010KT 10SM CLR 24/09 A2994 RMK AO2 SLP128 T02390094
MCI,2023-06-09 16:53,10.00,M,KMCI 091653Z 12008KT 10SM CLR 25/10 A2994 RMK AO2 SLP128 T02500100
MCI,2023-06-09 17:53,10.00,25000.00,KMCI 091753Z 10008KT 10SM BKN250 26/10 A2993 RMK AO2 SLP125 T02610100 10261 20183 58000
MCI,2023-06-09 18:53,10.00,25000.00,KMCI 091853Z 11009KT 10SM BKN250 26/09 A2992 RMK AO2 SLP122 T02610094
MCI,2023-06-09 19:53,10.00,25000.00,KMCI 091953Z 16004KT 10SM BKN250 27/12 A2990 RMK AO2 SLP116 T02670122
MCI,2023-06-09 20:53,10.00,20000.00,KMCI 092053Z 11008KT 10SM FEW200 27/11 A2988 RMK AO2 SLP109 T02720106 58016
MCI,2023-06-09 21:53,10.00,20000.00,KMCI 092153Z 14007KT 10SM SCT200 27/11 A2986 RMK AO2 SLP100 T02720111
MCI,2023-06-09 22:53,10.00,20000.00,KMCI 092253Z 12009KT 10SM SCT200 27/10 A2983 RMK AO2 SLP091 T02670100
MCI,2023-06-09 23:53,10.00,20000.00,KMCI 092353Z 12010KT 10SM SCT200 26/10 A2983 RMK AO2 SLP091 T02610100 10278 20256 56018
MCI,2023-06-10 00:53,10.00,20000.00,KMCI 100053Z 10007KT 10SM BKN200 26/10 A2983 RMK AO2 SLP090 T02560100
MCI,2023-06-10 01:53,9.00,25000.00,KMCI 100153Z 11007KT 9SM SCT250 24/11 A2982 RMK AO2 SLP086 T02390106
MCI,2023-06-10 02:53,10.00,M,KMCI 100253Z 13006KT 10SM CLR 22/11 A2984 RMK AO2 SLP095 T02220111 53004
MCI,2023-06-10 03:53,10.00,10000.00,KMCI 100353Z 12009KT 10SM BKN100 23/10 A2984 RMK AO2 SLP094 T02330100
MCI,2023-06-10 04:53,10.00,10000.00,KMCI 100453Z 14007KT 10SM BKN100 21/11 A2981 RMK AO2 SLP085 T02110106
MCI,2023-06-10 05:53,10.00,25000.00,KMCI 100553Z 11006KT 10SM BKN250 22/10 A2982 RMK AO2 SLP087 T02170100 10267 20194 402780178 55007
MCI,2023-06-10 06:53,10.00,10000.00,KMCI 100653Z 14005KT 10SM SCT100 BKN250 20/11 A2982 RMK AO2 SLP087 T02000111
MCI,2023-06-10 07:53,10.00,3400.00,KMCI 100753Z 23005KT 10SM FEW034 BKN043 BKN110 20/12 A2980 RMK AO2 SLP081 T02000122
MCI,2023-06-10 08:53,10.00,7500.00,KMCI 100853Z 14007KT 10SM BKN075 BKN140 19/13 A2977 RMK AO2 SLP070 T01940133 58017
MCI,2023-06-10 09:53,10.00,9500.00,KMCI 100953Z 19006KT 10SM BKN095 BKN140 19/14 A2977 RMK AO2 SLP069 T01890144
MCI,2023-06-10 10:53,10.00,8000.00,KMCI 101053Z 21003KT 10SM BKN080 BKN130 19/15 A2976 RMK AO2 SLP068 T01890150
MCI,2023-06-10 11:53,10.00,9000.00,KMCI 101153Z 23009KT 10SM OVC090 19/17 A2978 RMK AO2 SLP075 T01940167 10217 20183 53005
MCI,2023-06-10 12:53,10.00,11000.00,KMCI 101253Z 20006KT 10SM OVC110 19/17 A2977 RMK AO2 RAB1159E12B41E53 SLP071 P0000 T01940172
MCI,2023-06-10 13:53,10.00,12000.00,KMCI 101353Z 21008KT 10SM FEW120 BKN150 BKN250 20/18 A2975 RMK AO2 SLP066 T02000178
MCI,2023-06-10 14:53,10.00,10000.00,KMCI 101453Z 22007KT 10SM FEW100 21/18 A2976 RMK AO2 SLP068 60000 T02060178 55008
MCI,2023-06-10 15:53,5.00,9000.00,KMCI 101553Z 22005KT 5SM -RA BR OVC090 20/18 A2980 RMK AO2 RAB31 SLP080 P0000 T02000183
MCI,2023-06-10 16:53,7.00,5500.00,KMCI 101653Z 26005KT 7SM -RA FEW055 BKN090 OVC100 20/19 A2979 RMK AO2 RAE10B32 SLP079 P0002 T02000189
MCI,2023-06-10 17:53,10.00,900.00,KMCI 101753Z 31006KT 10SM -RA BKN009 OVC110 20/19 A2977 RMK AO2 RAE11B23 SLP073 P0000 60002 T02000189 10206 20189 55008
MCI,2023-06-10 18:53,10.00,700.00,KMCI 101853Z 26003KT 10SM SCT007 BKN011 OVC095 21/19 A2976 RMK AO2 RAE29 SLP068 P0000 T02060189
MCI,2023-06-10 19:53,10.00,5500.00,KMCI 101953Z 32003KT 10SM -RA OVC055 21/19 A2975 RMK AO2 RAB30 SLP065 P0000 T02060194
MCI,2023-06-10 20:53,10.00,4100.00,KMCI 102053Z 00000KT 10SM OVC041 21/19 A2973 RMK AO2 RAE08 SLP060 P0000 60000 T02110194 56012 $
MCI,2023-06-10 21:53,10.00,1100.00,KMCI 102153Z 26004KT 10SM FEW011 OVC038 21/19 A2974 RMK AO2 SLP061 T02110189 $
MCI,2023-06-10 22:53,10.00,3700.00,KMCI 102253Z 00000KT 10SM OVC037 21/18 A2973 RMK AO2 SLP058 T02110183 $
MCI,2023-06-10 23:53,10.00,4000.00,KMCI 102353Z 26004KT 10SM OVC040 21/18 A2972 RMK AO2 SLP057 60000 T02110183 10217 20200 58003 $
MCI,2023-06-11 00:53,10.00,3800.00,KMCI 110053Z 28007KT 10SM SCT038 OVC045 19/17 A2972 RMK AO2 SLP057 T01890172 $
MCI,2023-06-11 01:53,5.00,1200.00,KMCI 110153Z 34004KT 5SM -RA BR FEW012 BKN045 OVC050 18/18 A2972 RMK AO2 RAB29 SLP058 P0002 T01830183 $
MCI,2023-06-11 02:53,7.00,8000.00,KMCI 110253Z 00000KT 7SM -RA FEW080 OVC110 18/18 A2972 RMK AO2 SLP058 P0003 60005 T01830183 53000 $
MCI,2023-06-11 03:53,7.00,4000.00,KMCI 110353Z 02004KT 7SM -RA SCT040 BKN055 OVC070 19/18 A2973 RMK AO2 SLP060 P0001 T01890183 $
MCI,2023-06-11 04:53,4.00,3000.00,KMCI 110453Z 00000KT 4SM +RA BR SCT030 BKN038 OVC047 19/18 A2973 RMK AO2 SLP060 P0016 T01890183 $
MCI,2023-06-11 05:53,4.00,200.00,KMCI 110553Z 28003KT 4SM -RA BR FEW002 BKN036 OVC100 18/18 A2972 RMK AO2 SLP057 P0011 60033 T01830183 10211 20183 402170183 58001 $
MCI,2023-06-11 06:53,4.00,200.00,KMCI 110653Z 30003KT 4SM -RA BR BKN002 BKN010 OVC030 18/18 A2972 RMK AO2 SLP056 P0004 T01830183 $
MCI,2023-06-11 07:53,5.00,200.00,KMCI 110753Z 30004KT 5SM -RA BR SCT002 BKN014 OVC095 18/18 A2972 RMK AO2 SLP056 P0004 T01830183 $
MCI,2023-06-11 08:53,5.00,1400.00,KMCI 110853Z 04004KT 5SM -RA BR BKN014 BKN037 OVC100 19/19 A2971 RMK AO2 SLP052 P0001 60009 T01890189 58004 $
MCI,2023-06-11 09:53,6.00,1500.00,KMCI 110953Z 32003KT 6SM -RA BR SCT015 BKN080 OVC110 18/18 A2971 RMK AO2 RAE0858B50 SLP053 P0000 T01830183 $
MCI,2023-06-11 10:53,6.00,500.00,KMCI 111053Z 02004KT 6SM BR SCT005 BKN013 OVC080 18/18 A2972 RMK AO2 RAE02B11E28 SLP056 P0000 T01830183 $
MCI,2023-06-11 11:53,6.00,1700.00,KMCI 111153Z 03003KT 6SM BR FEW017 OVC060 19/18 A2974 RMK AO2 SLP062 60009 70044 T01890183 10189 20183 53010 $
MCI,2023-06-11 12:53,5.00,600.00,KMCI 111253Z 06006KT 5SM -RA BR FEW006 BKN013 OVC022 19/18 A2975 RMK AO2 RAB52 SLP068 P0000 T01890183 $
MCI,2023-06-11 13:53,4.00,700.00,KMCI 111353Z 06006KT 4SM -RA BR SCT007 SCT022 OVC029 19/18 A2977 RMK AO2 RAE09B49 SLP072 P0000 T01890178 $
MCI,2023-06-11 14:53,2.00,800.00,KMCI 111453Z 03010KT 2SM +RA BR FEW008 BKN027 OVC039 18/18 A2979 RMK AO2 TWR VIS 2 1/2 SLP080 P0017 60017 T01780178 53011 $
MCI,2023-06-11 15:53,2.50,800.00,KMCI 111553Z 03014G21KT 2 1/2SM -RA BR BKN008 BKN013 OVC023 17/17 A2981 RMK AO2 SFC VIS 3 SLP088 P0013 T01720167 $
MCI,2023-06-11 16:53,10.00,900.00,KMCI 111653Z 02011KT 10SM BKN009 OVC013 17/16 A2984 RMK AO2 RAE08 SLP099 P0000 T01720161 $
MCI,2023-06-11 17:53,9.00,1200.00,KMCI 111753Z 01010KT 9SM FEW012 OVC018 18/16 A2986 RMK AO2 SLP107 60030 T01780161 10194 20167 51018 $
MCI,2023-06-11 18:53,9.00,1000.00,KMCI 111853Z 01009G18KT 9SM FEW010 SCT025 BKN040 19/17 A2988 RMK AO2 SLP110 T01940167 $
MCI,2023-06-11 19:53,10.00,2500.00,KMCI 111953Z 02012KT 10SM BKN025 BKN034 22/16 A2987 RMK AO2 SLP108 T02170161 $
MCI,2023-06-11 20:53,10.00,2500.00,KMCI 112053Z 05010KT 10SM SCT025 BKN049 BKN070 22/16 A2988 RMK AO2 SLP110 T02170161 51005 $
MCI,2023-06-11 21:53,10.00,3200.00,KMCI 112153Z 01008KT 10SM FEW032 BKN075 23/16 A2989 RMK AO2 SLP113 T02280161 $
MCI,2023-06-11 22:53,10.00,4100.00,KMCI 112253Z 01006KT 10SM SCT041 BKN075 22/16 A2990 RMK AO2 SLP116 T02170156 $
MCI,2023-06-11 23:53,10.00,3600.00,KMCI 112353Z 03009KT 10SM BKN036 BKN049 BKN070 21/16 A2990 RMK AO2 SLP118 T02110156 10233 20172 51008 $
MCI,2023-06-12 00:53,10.00,3000.00,KMCI 120053Z 36009KT 10SM SCT030 20/15 A2991 RMK AO2 SLP120 T02000150 $
MCI,2023-06-12 01:53,10.00,3600.00,KMCI 120153Z 36010KT 10SM FEW036 18/14 A2992 RMK AO2 SLP126 T01830144 $
MCI,2023-06-12 02:53,10.00,M,KMCI 120253Z 36007KT 10SM CLR 17/13 A2994 RMK AO2 SLP133 T01670133 53013 $
MCI,2023-06-12 03:53,10.00,M,KMCI 120353Z 01008KT 10SM CLR 15/13 A2995 RMK AO2 SLP138 T01500128 $
MCI,2023-06-12 04:53,10.00,M,KMCI 120453Z 36006KT 10SM CLR 14/13 A2996 RMK AO2 SLP140 T01440128 $
MCI,2023-06-12 05:53,10.00,M,KMCI 120553Z 31005KT 10SM CLR 13/13 A2997 RMK AO2 SLP145 T01330128 10217 20133 402330133 53010 $
MCI,2023-06-12 06:53,10.00,M,KMCI 120653Z 33005KT 10SM CLR 13/12 A2998 RMK AO2 SLP146 T01330122 $
MCI,2023-06-12 07:53,10.00,M,KMCI 120753Z 00000KT 10SM CLR 13/13 A2998 RMK AO2 SLP145 T01330128 $
MCI,2023-06-12 08:53,8.00,25000.00,KMCI 120853Z 29005KT 8SM SCT250 12/12 A2998 RMK AO2 SLP148 T01220122 53004 $
MCI,2023-06-12 09:53,8.00,25000.00,KMCI 120953Z 00000KT 8SM BKN250 12/12 A2999 RMK AO2 SLP148 T01220117 $
MCI,2023-06-12 10:53,5.00,25000.00,KMCI 121053Z 00000KT 5SM R19R/1800VP6000FT BCFG SCT250 13/13 A2999 RMK AO2 SLP149 T01280128 $
MCI,2023-06-12 11:53,5.00,25000.00,KMCI 121153Z 26003KT 5SM BCFG SCT250 13/13 A3002 RMK AO2 SLP158 70030 T01330133 10139 20106 53010
MCI,2023-06-12 12:53,7.00,0.00,KMCI 121253Z 30004KT 7SM BCFG FEW000 FEW002 SCT250 15/14 A3001 RMK AO2 SLP155 VIS W-N 2 1/2 FG FEW000 T01500139
MCI,2023-06-12 13:53,9.00,500.00,KMCI 121353Z 30003KT 9SM FEW005 SCT250 17/14 A3001 RMK AO2 SLP158 T01670139
MCI,2023-06-12 14:53,10.00,700.00,KMCI 121453Z 31005KT 10SM FEW007 SCT250 18/14 A3001 RMK AO2 SLP157 T01830144 56001
MCI,2023-06-12 15:53,10.00,3000.00,KMCI 121553Z 35005KT 10SM FEW030 SCT250 20/13 A3000 RMK AO2 SLP152 T02000128
MCI,2023-06-12 16:53,10.00,4000.00,KMCI 121653Z VRB04KT 10SM SCT040 BKN250 21/11 A3000 RMK AO2 SLP154 T02060106
MCI,2023-06-12 17:53,10.00,5000.00,KMCI 121753Z 04005KT 10SM FEW050 SCT250 22/08 A3000 RMK AO2 SLP155 T02170083 10217 20133 55003
MCI,2023-06-12 18:53,10.00,5500.00,KMCI 121853Z VRB03KT 10SM FEW055 BKN250 21/08 A2999 RMK AO2 SLP148 T02110083
MCI,2023-06-12 19:53,10.00,5500.00,KMCI 121953Z 00000KT 10SM FEW055 BKN250 22/09 A2996 RMK AO2 SLP139 T02220089
MCI,2023-06-12 20:53,10.00,6000.00,KMCI 122053Z 02008KT 10SM FEW060 BKN200 23/10 A2995 RMK AO2 SLP135 T02330100 56019
MCI,2023-06-12 21:53,10.00,6000.00,KMCI 122153Z VRB05KT 10SM FEW060 SCT200 23/09 A2994 RMK AO2 SLP132 T02330094
MCI,2023-06-12 22:53,10.00,6000.00,KMCI 122253Z 06004KT 10SM FEW060 SCT200 23/08 A2992 RMK AO2 SLP127 T02280083
MCI,2023-06-12 23:53,10.00,20000.00,KMCI 122353Z 01004KT 10SM SCT200 22/08 A2991 RMK AO2 SLP123 T02170083 10233 20211 58011
MCI,2023-06-13 00:53,10.00,20000.00,KMCI 130053Z 36004KT 10SM BKN200 20/09 A2992 RMK AO2 SLP125 T02000089
MCI,2023-06-13 01:53,10.00,20000.00,KMCI 130153Z 34003KT 10SM BKN200 20/08 A2994 RMK AO2 SLP131 T02000078
MCI,2023-06-13 02:53,10.00,20000.00,KMCI 130253Z 00000KT 10SM BKN200 19/07 A2994 RMK AO2 SLP132 T01940072 51009
MCI,2023-06-13 03:53,10.00,20000.00,KMCI 130353Z 00000KT 10SM OVC200 19/07 A2995 RMK AO2 SLP135 T01890072
MCI,2023-06-13 04:53,10.00,20000.00,KMCI 130453Z 00000KT 10SM SCT200 16/08 A2994 RMK AO2 SLP134 T01610078
MCI,2023-06-13 05:53,10.00,20000.00,KMCI 130553Z 23005KT 10SM FEW200 16/09 A2993 RMK AO2 SLP129 T01610094 10222 20133 402330106 58003
MCI,2023-06-13 06:53,10.00,20000.00,KMCI 130653Z 24006KT 10SM FEW200 15/10 A2993 RMK AO2 SLP128 T01500100
MCI,2023-06-13 07:53,10.00,M,KMCI 130753Z 25006KT 10SM CLR 14/09 A2992 RMK AO2 SLP127 T01440094
MCI,2023-06-13 08:53,10.00,M,KMCI 130853Z 24006KT 10SM CLR 13/09 A2991 RMK AO2 SLP122 T01330089 58008
MCI,2023-06-13 09:53,10.00,M,KMCI 130953Z 22005KT 10SM CLR 13/09 A2990 RMK AO2 SLP119 T01280094
MCI,2023-06-13 10:53,10.00,20000.00,KMCI 131053Z 20003KT 10SM SCT200 10/09 A2990 RMK AO2 SLP120 T01000089
MCI,2023-06-13 11:53,10.00,20000.00,KMCI 131153Z 22004KT 10SM SCT200 SCT250 12/11 A2990 RMK AO2 SLP119 T01220106 10161 20100 56003
MCI,2023-06-13 12:53,10.00,M,KMCI 131253Z 25003KT 10SM CLR 15/12 A2991 RMK AO2 SLP121 T01500122
MCI,2023-06-13 13:53,10.00,14000.00,KMCI 131353Z 25008KT 10SM FEW140 18/12 A2991 RMK AO2 SLP122 T01780122
MCI,2023-06-13 14:53,10.00,M,KMCI 131453Z 27007KT 10SM CLR 20/12 A2992 RMK AO2 SLP122 T02000122 51005
MCI,2023-06-13 15:53,10.00,15000.00,KMCI 131553Z 26007KT 10SM FEW150 SCT250 22/13 A2991 RMK AO2 SLP119 T02220128
MCI,2023-06-13 16:53,10.00,15000.00,KMCI 131653Z 27005KT 10SM FEW150 BKN250 24/12 A2989 RMK AO2 SLP115 T02390117
MCI,2023-06-13 17:53,10.00,15000.00,KMCI 131753Z 00000KT 10SM FEW150 BKN250 25/11 A2988 RMK AO2 SLP111 T02500111 10250 20122 58011
MCI,2023-06-13 18:53,10.00,5000.00,KMCI 131853Z VRB06KT 10SM FEW050 FEW150 BKN250 25/12 A2986 RMK AO2 SLP103 T02500117
MCI,2023-06-13 19:53,10.00,5000.00,KMCI 131953Z COR 21004KT 10SM SCT050 BKN250 25/12 A2985 RMK AO2 SLP098 T02500117
MCI,2023-06-13 20:53,10.00,7000.00,KMCI 132053Z 22013G18KT 10SM SCT070 BKN200 25/12 A2983 RMK AO2 SLP094 T02500122 56017
MCI,2023-06-13 21:53,10.00,7000.00,KMCI 132153Z 21009KT 10SM FEW070 BKN220 24/11 A2982 RMK AO2 SLP090 T02390111
MCI,2023-06-13 22:53,10.00,7000.00,KMCI 132253Z 23005KT 10SM FEW070 BKN220 24/12 A2980 RMK AO2 SLP086 T02440122
MCI,2023-06-13 23:53,10.00,7000.00,KMCI 132353Z 26004KT 10SM FEW070 SCT220 23/12 A2980 RMK AO2 SLP085 T02330117 10267 20233 56010
MCI,2023-06-14 00:53,10.00,15000.00,KMCI 140053Z 00000KT 10SM FEW150 SCT250 23/11 A2980 RMK AO2 SLP083 T02330106
MCI,2023-06-14 01:53,10.00,15000.00,KMCI 140153Z 20004KT 10SM FEW150 SCT250 21/12 A2979 RMK AO2 SLP079 T02060117
MCI,2023-06-14 02:53,10.00,M,KMCI 140253Z 19005KT 10SM CLR 19/12 A2981 RMK AO2 SLP085 T01940122 53002
MCI,2023-06-14 03:53,10.00,25000.00,KMCI 140353Z 19004KT 10SM FEW250 18/11 A2980 RMK AO2 SLP083 T01830111
MCI,2023-06-14 04:53,10.00,7500.00,KMCI 140453Z 21005KT 10SM FEW075 19/10 A2979 RMK AO2 SLP079 T01890100
MCI,2023-06-14 05:53,10.00,8000.00,KMCI 140553Z 20004KT 10SM FEW080 17/11 A2978 RMK AO2 SLP078 T01720106 10239 20172 402670100 58007
MCI,2023-06-14 06:53,10.00,8000.00,KMCI 140653Z 20005KT 10SM FEW080 17/10 A2976 RMK AO2 SLP069 T01720100
MCI,2023-06-14 07:53,10.00,6500.00,KMCI 140753Z 23005KT 10SM FEW065 17/09 A2974 RMK AO2 SLP063 T01670094
MCI,2023-06-14 08:53,10.00,6500.00,KMCI 140853Z 22005KT 10SM SCT065 16/09 A2974 RMK AO2 SLP061 T01610094 56016
MCI,2023-06-14 09:53,10.00,6500.00,KMCI 140953Z 21004KT 10SM FEW065 16/10 A2973 RMK AO2 SLP060 OCNL LTGIC DSNT SW T01560100
MCI,2023-06-14 10:53,10.00,7500.00,KMCI 141053Z 24006KT 10SM FEW075 BKN250 16/10 A2974 RMK AO2 SLP061 T01560100
MCI,2023-06-14 11:53,10.00,7500.00,KMCI 141153Z 25005KT 10SM FEW075 BKN250 16/12 A2975 RMK AO2 SLP067 T01610117 10178 20133 53006
MCI,2023-06-14 12:53,10.00,7500.00,KMCI 141253Z 22006KT 10SM FEW075 SCT250 19/14 A2976 RMK AO2 SLP069 T01890144
MCI,2023-06-14 13:53,10.00,M,KMCI 141353Z 27003KT 10SM CLR 21/16 A2976 RMK AO2 SLP069 T02110156
MCI,2023-06-14 14:53,10.00,10000.00,KMCI 141453Z VRB03KT 10SM FEW100 SCT250 24/17 A2976 RMK AO2 SLP068 T02390167 50001
MCI,2023-06-14 15:53,10.00,3000.00,KMCI 141553Z 19004KT 10SM FEW030 FEW100 SCT250 26/17 A2975 RMK AO2 SLP066 T02560167
MCI,2023-06-14 16:53,10.00,3000.00,KMCI 141653Z 15007KT 10SM FEW030 FEW130 SCT250 27/14 A2976 RMK AO2 SLP066 T02720144
MCI,2023-06-14 17:53,10.00,6000.00,KMCI 141753Z VRB04KT 10SM SCT060 SCT250 28/15 A2975 RMK AO2 SLP065 T02780150 10278 20161 57002
MCI,2023-06-14 18:53,10.00,7000.00,KMCI 141853Z 00000KT 10SM SCT070 SCT085 28/12 A2973 RMK AO2 SLP058 T02830117
MCI,2023-06-14 19:53,10.00,7500.00,KMCI 141953Z 07006KT 10SM SCT075 29/12 A2972 RMK AO2 SLP054 T02890122
MCI,2023-06-14 20:53,10.00,7500.00,KMCI 142053Z 07006KT 10SM SCT075 29/11 A2972 RMK AO2 SLP052 T02890106 56012
MCI,2023-06-14 21:53,10.00,8000.00,KMCI 142153Z 06003KT 10SM SCT080 28/11 A2971 RMK AO2 SLP052 T02830106
MCI,2023-06-14 22:53,10.00,8000.00,KMCI 142253Z 05006KT 10SM SCT080 29/11 A2970 RMK AO2 SLP048 T02890111
MCI,2023-06-14 23:53,10.00,8000.00,KMCI 142353Z 05005KT 10SM FEW080 28/12 A2970 RMK AO2 SLP049 T02780117 10294 20267 55004
MCI,2023-06-15 00:53,10.00,8000.00,KMCI 150053Z 05004KT 10SM FEW080 26/12 A2971 RMK AO2 SLP053 T02560122
MCI,2023-06-15 01:53,10.00,8000.00,KMCI 150153Z 15004KT 10SM FEW080 23/12 A2972 RMK AO2 SLP055 T02330122
MCI,2023-06-15 02:53,10.00,M,KMCI 150253Z 17004KT 10SM CLR 22/13 A2974 RMK AO2 SLP059 T02170128 53011
MCI,2023-06-15 03:53,10.00,M,KMCI 150353Z 17005KT 10SM CLR 21/13 A2974 RMK AO2 SLP062 T02060133
MCI,2023-06-15 04:53,10.00,M,KMCI 150453Z 20005KT 10SM CLR 20/15 A2975 RMK AO2 SLP064 T02000150
MCI,2023-06-15 05:53,10.00,M,KMCI 150553Z 20006KT 10SM CLR 17/15 A2975 RMK AO2 SLP064 T01720150 10278 20172 402940133 51004
MCI,2023-06-15 06:53,10.00,M,KMCI 150653Z 23005KT 10SM CLR 19/15 A2975 RMK AO2 SLP063 T01890150
MCI,2023-06-15 07:53,10.00,M,KMCI 150753Z 23003KT 10SM CLR 18/16 A2975 RMK AO2 SLP064 T01830156
MCI,2023-06-15 08:53,10.00,M,KMCI 150853Z 25005KT 10SM CLR 18/16 A2975 RMK AO2 SLP064 T01780156 53001
MCI,2023-06-15 09:53,10.00,M,KMCI 150953Z 00000KT 10SM CLR 16/14 A2976 RMK AO2 SLP069 T01610144
MCI,2023-06-15 10:53,10.00,25000.00,KMCI 151053Z 19003KT 10SM SCT250 14/14 A2977 RMK AO2 SLP072 T01440139
MCI,2023-06-15 11:53,10.00,25000.00,KMCI 151153Z 00000KT 10SM SCT250 17/16 A2978 RMK AO2 SLP074 T01720156 10189 20144 51009
MCI,2023-06-15 12:53,10.00,25000.00,KMCI 151253Z 00000KT 10SM SCT250 20/17 A2979 RMK AO2 SLP079 T02000172
MCI,2023-06-15 13:53,10.00,25000.00,KMCI 151353Z 29003KT 10SM SCT250 23/17 A2982 RMK AO2 SLP086 T02280167
MCI,2023-06-15 14:53,10.00,M,KMCI 151453Z 32003KT 10SM CLR 24/17 A2981 RMK AO2 SLP084 T02440167 50010
MCI,2023-06-15 15:53,8.00,M,KMCI 151553Z VRB03KT 8SM R19R/4000VP6000FT CLR 27/17 A2981 RMK AO2 SLP086 T02670172
MCI,2023-06-15 16:53,10.00,4000.00,KMCI 151653Z 31003KT 10SM FEW040 SCT250 28/14 A2981 RMK AO2 SLP085 T02830144
MCI,2023-06-15 17:53,10.00,4000.00,KMCI 151753Z 20005KT 10SM FEW040 SCT250 28/14 A2981 RMK AO2 SLP085 T02830139 10289 20172 50000
MCI,2023-06-15 18:53,10.00,5000.00,KMCI 151853Z 22007KT 10SM FEW050 FEW250 29/14 A2981 RMK AO2 SLP083 T02890139
MCI,2023-06-15 19:53,10.00,5000.00,KMCI 151953Z 17006KT 10SM FEW050 BKN250 29/13 A2979 RMK AO2 SLP078 T02890133
MCI,2023-06-15 20:53,10.00,5000.00,KMCI 152053Z VRB06KT 10SM FEW050 29/13 A2977 RMK AO2 SLP071 T02940133 58014
MCI,2023-06-15 21:53,10.00,M,KMCI 152153Z 21003KT 10SM CLR 29/14 A2975 RMK AO2 SLP064 T02890139
MCI,2023-06-15 22:53,10.00,7000.00,KMCI 152253Z 20003KT 10SM FEW070 SCT250 29/14 A2976 RMK AO2 SLP067 T02890139
MCI,2023-06-15 23:53,10.00,7000.00,KMCI 152353Z 29005KT 10SM FEW070 SCT250 28/14 A2976 RMK AO2 SLP067 T02830139 10300 20283 55004
MCI,2023-06-16 00:53,10.00,6500.00,KMCI 160053Z 35003KT 10SM FEW065 SCT250 27/14 A2977 RMK AO2 SLP069 T02720139
MCI,2023-06-16 01:53,10.00,6500.00,KMCI 160153Z 08003KT 10SM FEW065 SCT250 27/13 A2978 RMK AO2 SLP074 T02670128
MCI,2023-06-16 02:53,10.00,M,KMCI 160253Z 18004KT 10SM CLR 23/13 A2981 RMK AO2 SLP085 T02330133 53018
MCI,2023-06-16 03:53,10.00,M,KMCI 160353Z 18005KT 10SM CLR 22/14 A2982 RMK AO2 SLP086 T02220139
MCI,2023-06-16 04:53,10.00,M,KMCI 160453Z 16005KT 10SM CLR 21/14 A2981 RMK AO2 SLP083 T02110144
MCI,2023-06-16 05:53,10.00,M,KMCI 160553Z 22004KT 10SM CLR 23/14 A2981 RMK AO2 SLP083 T02330139 10283 20206 403000144 54000
MCI,2023-06-16 06:53,10.00,25000.00,KMCI 160653Z 32003KT 10SM FEW250 21/14 A2982 RMK AO2 SLP087 T02110144
MCI,2023-06-16 07:53,10.00,25000.00,KMCI 160753Z 00000KT 10SM SCT250 22/14 A2981 RMK AO2 SLP081 T02170139
MCI,2023-06-16 08:53,10.00,25000.00,KMCI 160853Z 05005KT 10SM FEW250 20/15 A2981 RMK AO2 SLP082 T02000150 58002
MCI,2023-06-16 09:53,10.00,25000.00,KMCI 160953Z 06003KT 10SM FEW250 19/15 A2981 RMK AO2 SLP084 T01890150
MCI,2023-06-16 10:53,10.00,20000.00,KMCI 161053Z 00000KT 10SM SCT200 19/14 A2983 RMK AO2 SLP091 T01940144
MCI,2023-06-16 11:53,10.00,20000.00,KMCI 161153Z 20003KT 10SM BKN200 18/16 A2985 RMK AO2 SLP100 T01830161 10239 20167 53016
MCI,2023-06-16 12:53,10.00,25000.00,KMCI 161253Z 00000KT 10SM BKN250 23/18 A2988 RMK AO2 SLP106 T02280178
MCI,2023-06-16 13:53,9.00,25000.00,KMCI 161353Z 05005KT 9SM BKN250 26/16 A2989 RMK AO2 SLP110 T02610161
MCI,2023-06-16 14:53,10.00,25000.00,KMCI 161453Z 36003KT 10SM BKN250 27/18 A2989 RMK AO2 SLP112 T02670178 51013
MCI,2023-06-16 15:53,10.00,25000.00,KMCI 161553Z 05004KT 10SM BKN250 28/17 A2990 RMK AO2 SLP113 T02780172
MCI,2023-06-16 16:53,10.00,4000.00,KMCI 161653Z 05006KT 10SM FEW040 SCT250 29/18 A2990 RMK AO2 SLP114 T02890178
MCI,2023-06-16 17:53,10.00,M,KMCI 161753Z 00000KT 10SM CLR 29/16 A2990 RMK AO2 SLP113 T02940161 10294 20183 51002
MCI,2023-06-16 18:53,10.00,6500.00,KMCI 161853Z VRB04KT 10SM FEW065 BKN250 31/16 A2990 RMK AO2 SLP112 T03060156
MCI,2023-06-16 19:53,10.00,6500.00,KMCI 161953Z 11004KT 10SM SCT065 BKN250 30/15 A2989 RMK AO2 SLP110 T03000150 $
MCI,2023-06-16 20:53,10.00,6500.00,KMCI 162053Z 00000KT 10SM FEW065 FEW080 BKN250 31/15 A2988 RMK AO2 SLP107 T03110150 58006 $
MCI,2023-06-16 21:53,10.00,8000.00,KMCI 162153Z 03004KT 10SM SCT080 31/16 A2988 RMK AO2 SLP106 T03110156 $
MCI,2023-06-16 22:53,10.00,8000.00,KMCI 162253Z 01005KT 10SM FEW080 30/16 A2987 RMK AO2 SLP104 T03000156 $
MCI,2023-06-16 23:53,10.00,8000.00,KMCI 162353Z 08005KT 10SM FEW080 29/16 A2988 RMK AO2 SLP109 T02940156 10311 20294 55001 $
MCI,2023-06-17 00:53,10.00,25000.00,KMCI 170053Z 08008KT 10SM SCT250 28/15 A2989 RMK AO2 SLP110 T02830150 $
MCI,2023-06-17 01:53,10.00,25000.00,KMCI 170153Z 10004KT 10SM SCT250 27/15 A2990 RMK AO2 SLP114 T02720150 $
MCI,2023-06-17 02:53,10.00,M,KMCI 170253Z 06004KT 10SM CLR 26/16 A2992 RMK AO2 SLP118 T02610156 53011 $
MCI,2023-06-17 03:53,10.00,M,KMCI 170353Z 11003KT 10SM CLR 25/16 A2993 RMK AO2 SLP123 T02500156 $
MCI,2023-06-17 04:53,10.00,10000.00,KMCI 170453Z 09005KT 10SM FEW100 24/16 A2994 RMK AO2 SLP127 T02440161 $
MCI,2023-06-17 05:53,10.00,M,KMCI 170553Z 12008KT 10SM CLR 23/17 A2993 RMK AO2 SLP122 T02330167 10294 20228 403110167 50003 $
MCI,2023-06-17 06:53,10.00,M,KMCI 170653Z 14006KT 10SM CLR 21/17 A2992 RMK AO2 SLP121 T02110172 $
MCI,2023-06-17 07:53,10.00,25000.00,KMCI 170753Z 13006KT 10SM FEW250 21/17 A2992 RMK AO2 SLP120 T02060172 $
MCI,2023-06-17 08:53,10.00,25000.00,KMCI 170853Z 10006KT 10SM SCT250 22/17 A2992 RMK AO2 SLP119 T02170172 58003 $
MCI,2023-06-17 09:53,10.00,22000.00,KMCI 170953Z 10007KT 10SM BKN220 21/17 A2992 RMK AO2 SLP120 T02110172 $
MCI,2023-06-17 10:53,9.00,10000.00,KMCI 171053Z 12006KT 9SM FEW100 SCT220 21/17 A2993 RMK AO2 SLP123 T02060172 $
MCI,2023-06-17 11:53,9.00,8000.00,KMCI 171153Z 16003KT 9SM BKN080 20/18 A2995 RMK AO2 SLP132 T02000178 10233 20194 53012 $
MCI,2023-06-17 12:53,10.00,7500.00,KMCI 171253Z 16005KT 10SM BKN075 BKN250 22/18 A2996 RMK AO2 SLP134 T02170183 $
MCI,2023-06-17 13:53,9.00,7000.00,KMCI 171353Z 22007KT 9SM BKN070 OVC090 22/19 A2997 RMK AO2 SLP138 T02220189 $
MCI,2023-06-17 14:53,10.00,6500.00,KMCI 171453Z VRB04KT 10SM FEW065 SCT100 BKN250 24/19 A2995 RMK AO2 SLP132 T02390189 50000 $
MCI,2023-06-17 15:53,10.00,10000.00,KMCI 171553Z 00000KT 10SM FEW100 BKN250 26/19 A2992 RMK AO2 SLP120 T02610189 $
MCI,2023-06-17 16:53,10.00,16000.00,KMCI 171653Z COR 13008KT 10SM BKN160 BKN250 27/19 A2989 RMK AO2 SLP110 T02720189 $
MCI,2023-06-17 17:53,10.00,6000.00,KMCI 171753Z 18005KT 10SM FEW060 BKN160 OVC250 29/20 A2988 RMK AO2 SLP106 T02890200 10289 20200 56024 $
MCI,2023-06-17 18:53,10.00,5000.00,KMCI 171853Z 17009KT 10SM SCT050 BKN150 OVC250 30/19 A2987 RMK AO2 SLP102 T03000194 $
MCI,2023-06-17 19:53,10.00,6000.00,KMCI 171953Z 22007KT 10SM FEW060 SCT070 29/19 A2985 RMK AO2 SLP097 T02890189 $
MCI,2023-06-17 20:53,10.00,5000.00,KMCI 172053Z 23008KT 10SM BKN050 BKN150 BKN250 29/19 A2984 RMK AO2 SLP092 T02940189 56013 $
MCI,2023-06-17 21:53,10.00,5500.00,KMCI 172153Z 20009KT 10SM FEW055 BKN120 BKN250 31/19 A2982 RMK AO2 LTG DSNT NE SLP087 T03060189 $
MCI,2023-06-17 22:53,10.00,5500.00,KMCI 172253Z 20009KT 10SM SCT055 BKN130 BKN250 29/18 A2980 RMK AO2 SLP081 T02890183 $
MCI,2023-06-17 23:53,10.00,5500.00,KMCI 172353Z 23009KT 10SM FEW055 BKN130 BKN250 29/19 A2980 RMK AO2 SLP079 T02890189 10306 20283 56014 $
MCI,2023-06-18 00:53,10.00,5500.00,KMCI 180053Z 22005KT 10SM FEW055 BKN130 BKN250 28/18 A2980 RMK AO2 SLP079 T02780183 $
MCI,2023-06-18 01:53,10.00,12000.00,KMCI 180153Z 21004KT 10SM BKN120 BKN250 26/18 A2979 RMK AO2 SLP076 T02610183 $
MCI,2023-06-18 02:53,9.00,6000.00,KMCI 180253Z 18006KT 9SM FEW060 SCT250 23/18 A2979 RMK AO2 SLP076 T02280183 58003 $
MCI,2023-06-18 03:53,10.00,12000.00,KMCI 180353Z 22004KT 10SM BKN120 BKN250 24/18 A2981 RMK AO2 SLP082 T02440178 $
MCI,2023-06-18 04:53,10.00,10000.00,KMCI 180453Z 24003KT 10SM SCT100 BKN250 26/17 A2978 RMK AO2 SLP073 T02610167 $
MCI,2023-06-18 05:53,10.00,7500.00,KMCI 180553Z 00000KT 10SM R19R/5500VP6000FT SCT075 BKN100 BKN250 23/18 A2977 RMK AO2 SLP069 T02280183 10289 20211 403060194 58005 $
MCI,2023-06-18 06:53,10.00,12000.00,KMCI 180653Z 01007KT 10SM SCT120 SCT250 22/18 A2974 RMK AO2 LTG DSNT SW SLP059 CB DSNT SW MOV NE T02220178 $
MCI,2023-06-18 07:53,10.00,6000.00,KMCI 180753Z 36008G19KT 10SM TSRA BKN060CB BKN085 OVC110 22/17 A2975 RMK AO2 LTG DSNT W RAB51 TSB16 SLP061 TS OHD MOV NE P0000 T02220172 $
MCI,2023-06-18 08:53,10.00,11000.00,KMCI 180853Z 02005KT 10SM BKN110 OVC150 19/17 A2971 RMK AO2 WSHFT 0754 LTG DSNT S-NW RAE35 TSE28 SLP049 CB DSNT S-NW MOV N P0017 60017 T01940167 58020 $
MCI,2023-06-18 09:53,10.00,6000.00,KMCI 180953Z 02008KT 10SM SCT060 BKN120 OVC150 20/18 A2969 RMK AO2 LTG DSNT SE-W SLP041 CB DSNT SE-W MOV N T02000183 $
MCI,2023-06-18 10:53,10.00,6000.00,KMCI 181053Z 32006KT 10SM SCT060 BKN180 OVC250 19/18 A2969 RMK AO2 LTG DSNT ALQDS SLP044 CB DSNT SE-N MOV N T01940183 $
MCI,2023-06-18 11:53,9.00,3700.00,KMCI 181153Z 29008KT 9SM VCTS -RA BKN037CB BKN060 OVC180 18/18 A2973 RMK AO2 LTG DSNT ALQDS RAB18 TSB10E48 SLP057 TS VC NE MOV NW CB DSNT E AND SW-NW P0006 60023 70023 T01830178 10233 20183 53007 $
MCI,2023-06-18 12:53,3.00,3500.00,KMCI 181253Z 32008KT 3SM VCTS RA BR BKN035CB OVC070 17/16 A2974 RMK AO2 LTG DSNT NW-E TSB03E43 SLP063 TS VC N-NE MOV NE P0087 T01670161 $
MCI,2023-06-18 13:53,5.00,10000.00,KMCI 181353Z 33009KT 5SM RA BR OVC100 17/16 A2974 RMK AO2 LTG DSNT N AND NE SLP062 CB DSNT NW-E P0020 T01670161 $
MCI,2023-06-18 14:53,8.00,11000.00,KMCI 181453Z 31009KT 8SM -RA OVC110 18/17 A2971 RMK AO2 PRESFR SLP054 P0008 60115 T01780172 58010 $
MCI,2023-06-18 15:53,10.00,900.00,KMCI 181553Z VRB05KT 10SM SCT009 BKN095 OVC140 19/18 A2973 RMK AO2 RAE08 SLP057 P0000 T01890178 $
MCI,2023-06-18 16:53,10.00,900.00,KMCI 181653Z 00000KT 10SM R19R/0200VP6000FT FEW009 SCT100 BKN140 21/17 A2973 RMK AO2 SLP055 T02060172 $
MCI,2023-06-18 17:53,10.00,1100.00,KMCI 181753Z 35003KT 10SM FEW011 SCT100 BKN150 22/18 A2974 RMK AO2 SLP062 60115 T02220183 10222 20161 53010 $
MCI,2023-06-18 18:53,10.00,1700.00,KMCI 181853Z 31003KT 10SM FEW017 FEW100 BKN150 BKN250 23/18 A2973 RMK AO2 SLP056 T02330183 $
MCI,2023-06-18 19:53,10.00,1700.00,KMCI 181953Z 00000KT 10SM FEW017 FEW100 BKN150 BKN250 26/18 A2972 RMK AO2 SLP055 T02560178 $
MCI,2023-06-18 20:53,10.00,3000.00,KMCI 182053Z VRB03KT 10SM FEW030 BKN250 25/17 A2971 RMK AO2 SLP052 T02500172 56011 $
MCI,2023-06-18 21:53,10.00,3000.00,KMCI 182153Z VRB03KT 10SM FEW030 BKN250 26/17 A2971 RMK AO2 SLP050 T02610172 $
MCI,2023-06-18 22:53,10.00,4100.00,KMCI 182253Z 25005KT 10SM FEW041 SCT250 27/17 A2971 RMK AO2 SLP049 T02670172 $
MCI,2023-06-18 23:53,10.00,4000.00,KMCI 182353Z 24003KT 10SM FEW040 FEW250 26/18 A2971 RMK AO2 SLP050 T02560178 10272 20222 56002 $
MCI,2023-06-19 00:53,10.00,M,KMCI 190053Z 26003KT 10SM CLR 25/19 A2971 RMK AO2 SLP053 T02500189 $
MCI,2023-06-19 01:53,10.00,M,KMCI 190153Z 00000KT 10SM CLR 22/19 A2973 RMK AO2 SLP060 T02170189 $
MCI,2023-06-19 02:53,10.00,M,KMCI 190253Z 00000KT 10SM CLR 22/18 A2975 RMK AO2 SLP067 T02220183 53016 $
MCI,2023-06-19 03:53,10.00,M,KMCI 190353Z 19004KT 10SM CLR 22/18 A2977 RMK AO2 SLP071 T02170178 $
MCI,2023-06-19 04:53,10.00,M,KMCI 190453Z 22004KT 10SM CLR 21/18 A2977 RMK AO2 SLP073 T02110183 $
MCI,2023-06-19 05:53,10.00,M,KMCI 190553Z 25006KT 10SM CLR 21/18 A2977 RMK AO2 SLP071 T02110178 10256 20206 402720161 50005 $
MCI,2023-06-19 06:53,10.00,M,KMCI 190653Z 17003KT 10SM CLR 19/17 A2977 RMK AO2 SLP071 T01890172 $
MCI,2023-06-19 07:53,10.00,M,KMCI 190753Z 24006KT 10SM CLR 20/17 A2976 RMK AO2 SLP068 T02000172 $
MCI,2023-06-19 08:53,10.00,M,KMCI 190853Z 24005KT 10SM CLR 19/18 A2977 RMK AO2 SLP071 T01890178 55000 $
MCI,2023-06-19 09:53,10.00,M,KMCI 190953Z 27003KT 10SM CLR 18/17 A2978 RMK AO2 RAB12E22 SLP076 P0000 T01830172 $
MCI,2023-06-19 10:53,10.00,25000.00,KMCI 191053Z 00000KT 10SM SCT250 18/17 A2980 RMK AO2 SLP082 T01830172 $
MCI,2023-06-19 11:53,10.00,25000.00,KMCI 191153Z 12003KT 10SM BCFG FEW250 20/18 A2983 RMK AO2 SLP092 60000 70115 T02000178 10211 20178 53021 $
MCI,2023-06-19 12:53,10.00,25000.00,KMCI 191253Z 12005KT 10SM FEW250 22/19 A2985 RMK AO2 SLP096 T02170189 $
MCI,2023-06-19 13:53,10.00,25000.00,KMCI 191353Z 14004KT 10SM FEW250 24/19 A2987 RMK AO2 SLP105 T02390194 $
MCI,2023-06-19 14:53,10.00,25000.00,KMCI 191453Z 00000KT 10SM FEW250 26/19 A2988 RMK AO2 SLP108 T02560194 51016 $
MCI,2023-06-19 15:53,10.00,25000.00,KMCI 191553Z VRB03KT 10SM FEW250 27/19 A2988 RMK AO2 SLP107 T02720189 $
MCI,2023-06-19 16:53,10.00,25000.00,KMCI 191653Z VRB04KT 10SM FEW250 28/19 A2988 RMK AO2 SLP108 T02830189 $
MCI,2023-06-19 17:53,10.00,M,KMCI 191753Z 00000KT 10SM CLR 29/18 A2988 RMK AO2 SLP108 T02890183 10294 20200 50000 $
MCI,2023-06-19 18:53,10.00,4000.00,KMCI 191853Z VRB05KT 10SM FEW040 30/19 A2987 RMK AO2 SLP104 T03000189 $
MCI,2023-06-19 19:53,10.00,5000.00,KMCI 191953Z 00000KT 10SM FEW050 31/18 A2986 RMK AO2 SLP101 T03110178 $
MCI,2023-06-19 20:53,10.00,5000.00,KMCI 192053Z 06007KT 10SM FEW050 31/18 A2986 RMK AO2 SLP100 T03110183 56008 $
MCI,2023-06-19 21:53,10.00,5000.00,KMCI 192153Z VRB03KT 10SM FEW050 31/17 A2986 RMK AO2 SLP099 T03060172 $
MCI,2023-06-19 22:53,10.00,5500.00,KMCI 192253Z 11007KT 10SM FEW055 30/19 A2985 RMK AO2 SLP097 T03000189 $
MCI,2023-06-19 23:53,10.00,6500.00,KMCI 192353Z 09008KT 10SM FEW065 30/18 A2986 RMK AO2 SLP099 T03000183 10317 20289 55000 $
MCI,2023-06-20 00:53,10.00,M,KMCI 200053Z 10009KT 10SM CLR 29/18 A2987 RMK AO2 SLP102 T02890183 $
MCI,2023-06-20 01:53,10.00,M,KMCI 200153Z 12007KT 10SM CLR 26/19 A2988 RMK AO2 SLP106 T02610189 $
MCI,2023-06-20 02:53,10.00,M,KMCI 200253Z 12006KT 10SM CLR 27/18 A2990 RMK AO2 SLP111 T02670183 53013 $
MCI,2023-06-20 03:53,10.00,M,KMCI 200353Z 13005KT 10SM CLR 25/18 A2991 RMK AO2 SLP115 T02500183 $
MCI,2023-06-20 04:53,10.00,M,KMCI 200453Z 12006KT 10SM CLR 25/18 A2992 RMK AO2 SLP118 T02500183 $
MCI,2023-06-20 05:53,10.00,M,KMCI 200553Z 13006KT 10SM CLR 23/18 A2992 RMK AO2 SLP119 T02330178 10300 20233 403170178 51007 $
MCI,2023-06-20 06:53,10.00,M,KMCI 200653Z 13006KT 10SM CLR 22/18 A2993 RMK AO2 SLP122 T02220178 $
MCI,2023-06-20 07:53,10.00,M,KMCI 200753Z 12007KT 10SM CLR 23/18 A2992 RMK AO2 SLP120 T02330178 $
MCI,2023-06-20 08:53,10.00,M,KMCI 200853Z 14005KT 10SM CLR 22/18 A2992 RMK AO2 SLP121 T02170178 50002 $
MCI,2023-06-20 09:53,10.00,M,KMCI 200953Z 13007KT 10SM CLR 21/18 A2993 RMK AO2 SLP122 T02110178 $
MCI,2023-06-20 10:53,9.00,M,KMCI 201053Z 13007KT 9SM CLR 21/18 A2994 RMK AO2 SLP126 T02110183 $
MCI,2023-06-20 11:53,8.00,M,KMCI 201153Z 13004KT 8SM CLR 22/18 A2995 RMK AO2 SLP130 T02170183 10233 20206 53009
MCI,2023-06-20 12:53,8.00,M,KMCI 201253Z 13006KT 8SM CLR 24/18 A2996 RMK AO2 SLP135 T02390183
MCI,2023-06-20 13:53,8.00,M,KMCI 201353Z 12009KT 8SM CLR 26/17 A2998 RMK AO2 SLP140 T02560172
MCI,2023-06-20 14:53,8.00,M,KMCI 201453Z 13012KT 8SM CLR 27/17 A2998 RMK AO2 SLP140 T02670167 51010
MCI,2023-06-20 15:53,8.00,M,KMCI 201553Z 12009KT 8SM CLR 28/17 A2998 RMK AO2 SLP141 T02780167
MCI,2023-06-20 16:53,9.00,M,KMCI 201653Z 11011KT 9SM CLR 29/16 A2997 RMK AO2 SLP137 T02890161
MCI,2023-06-20 17:53,9.00,M,KMCI 201753Z 12008KT 9SM CLR 29/16 A2996 RMK AO2 SLP134 T02940161 10294 20217 58006
MCI,2023-06-20 18:53,9.00,M,KMCI 201853Z 11013G19KT 9SM CLR 30/17 A2995 RMK AO2 SLP130 T03000172
MCI,2023-06-20 19:53,9.00,M,KMCI 201953Z 13010KT 9SM CLR 30/18 A2994 RMK AO2 SLP126 T03000178
MCI,2023-06-20 20:53,9.00,M,KMCI 202053Z 11011KT 9SM CLR 30/18 A2993 RMK AO2 SLP124 T03000178 56009
MCI,2023-06-20 21:53,9.00,M,KMCI 202153Z 10011KT 9SM CLR 30/18 A2993 RMK AO2 SLP123 T03000178
MCI,2023-06-20 22:53,10.00,M,KMCI 202253Z 08010KT 10SM CLR 30/17 A2992 RMK AO2 SLP120 T03000172
MCI,2023-06-20 23:53,10.00,M,KMCI 202353Z 10009KT 10SM CLR 29/17 A2992 RMK AO2 SLP121 T02940167 10306 20294 55003
MCI,2023-06-21 00:53,10.00,M,KMCI 210053Z 10008KT 10SM CLR 29/17 A2993 RMK AO2 SLP122 T02890167
MCI,2023-06-21 01:53,9.00,M,KMCI 210153Z 10007KT 9SM CLR 27/17 A2992 RMK AO2 SLP120 T02720167
MCI,2023-06-21 02:53,10.00,M,KMCI 210253Z 09008KT 10SM CLR 26/16 A2994 RMK AO2 SLP127 T02610161 53006
MCI,2023-06-21 03:53,10.00,M,KMCI 210353Z 09010KT 10SM CLR 26/16 A2996 RMK AO2 SLP132 T02560161
MCI,2023-06-21 04:53,10.00,M,KMCI 210453Z 10009KT 10SM CLR 25/16 A2997 RMK AO2 SLP135 T02500161
MCI,2023-06-21 05:53,10.00,M,KMCI 210553Z 12007KT 10SM CLR 24/16 A2997 RMK AO2 SLP136 T02390161 10294 20239 403060206 51009
MCI,2023-06-21 06:53,10.00,M,KMCI 210653Z 11007KT 10SM CLR 23/16 A2997 RMK AO2 SLP136 T02280161
MCI,2023-06-21 07:53,10.00,M,KMCI 210753Z 10007KT 10SM CLR 23/16 A2996 RMK AO2 SLP134 T02330161
MCI,2023-06-21 08:53,10.00,M,KMCI 210853Z 10008KT 10SM CLR 22/16 A2996 RMK AO2 SLP132 T02220161 58004
MCI,2023-06-21 09:53,10.00,M,KMCI 210953Z 10008KT 10SM CLR 22/16 A2996 RMK AO2 SLP132 T02170161
MCI,2023-06-21 10:53,9.00,25000.00,KMCI 211053Z 12007KT 9SM FEW250 21/16 A2997 RMK AO2 SLP137 T02110161
MCI,2023-06-21 11:53,8.00,25000.00,KMCI 211153Z 11006KT 8SM FEW250 22/16 A2997 RMK AO2 SLP136 T02220161 10239 20211 50003
MCI,2023-06-21 12:53,10.00,25000.00,KMCI 211253Z 10007KT 10SM BKN250 23/16 A2997 RMK AO2 SLP138 T02330161
MCI,2023-06-21 13:53,9.00,25000.00,KMCI 211353Z 09007KT 9SM BKN250 25/17 A2998 RMK AO2 SLP141 T02500172
MCI,2023-06-21 14:53,9.00,25000.00,KMCI 211453Z 09007KT 9SM BKN250 27/18 A3000 RMK AO2 SLP147 T02670183 53011
MCI,2023-06-21 15:53,9.00,25000.00,KMCI 211553Z 13004KT 9SM BKN250 28/19 A3000 RMK AO2 SLP147 T02780189
MCI,2023-06-21 16:53,9.00,4000.00,KMCI 211653Z 00000KT 9SM FEW040 BKN250 29/19 A3002 RMK AO2 SLP151 T02890194
MCI,2023-06-21 17:53,10.00,M,KMCI 211753Z 12004KT 10SM CLR 30/17 A3001 RMK AO2 SLP149 T03000172 10300 20222 50003
MCI,2023-06-21 18:53,10.00,6000.00,KMCI 211853Z 07007KT 10SM SCT060 OVC250 31/18 A2999 RMK AO2 SLP145 T03060178
MCI,2023-06-21 19:53,10.00,25000.00,KMCI 211953Z 07008KT 10SM OVC250 31/17 A2998 RMK AO2 SLP138 T03110167
MCI,2023-06-21 20:53,10.00,M,KMCI 212053Z 09007KT 060V130 10SM CLR 31/18 A2996 RMK AO2 SLP135 T03060183 56015
MCI,2023-06-21 21:53,10.00,6000.00,KMCI 212153Z 06012KT 10SM FEW060 OVC250 31/18 A2995 RMK AO2 SLP132 T03060183
MCI,2023-06-21 22:53,10.00,6000.00,KMCI 212253Z 07016KT 10SM FEW060 OVC250 30/18 A2993 RMK AO2 SLP123 T03000178
MCI,2023-06-21 23:53,10.00,6000.00,KMCI 212353Z 08010G20KT 10SM FEW060 OVC250 29/17 A2992 RMK AO2 SLP120 T02940167 10311 20294 56015
MCI,2023-06-22 00:53,10.00,6000.00,KMCI 220053Z 10013G20KT 10SM FEW060 BKN250 28/19 A2991 RMK AO2 SLP117 T02780189
MCI,2023-06-22 01:53,10.00,25000.00,KMCI 220153Z 08010KT 10SM BKN250 27/18 A2992 RMK AO2 SLP120 T02670183
MCI,2023-06-22 02:53,10.00,25000.00,KMCI 220253Z 09008KT 10SM BKN250 26/18 A2995 RMK AO2 SLP130 T02610183 53010
MCI,2023-06-22 03:53,10.00,25000.00,KMCI 220353Z 08006KT 10SM BKN250 25/18 A2998 RMK AO2 SLP140 T02500183
MCI,2023-06-22 04:53,10.00,25000.00,KMCI 220453Z 11004KT 10SM BKN250 24/18 A3000 RMK AO2 SLP147 T02440183
MCI,2023-06-22 05:53,10.00,25000.00,KMCI 220553Z 36003KT 10SM SCT250 22/18 A3001 RMK AO2 SLP149 T02170183 10289 20217 403110211 51018
MCI,2023-06-22 06:53,10.00,25000.00,KMCI 220653Z 04005KT 10SM FEW250 22/19 A3000 RMK AO2 SLP145 T02170189
MCI,2023-06-22 07:53,10.00,25000.00,KMCI 220753Z 06008KT 10SM FEW250 22/19 A2998 RMK AO2 SLP141 T02170189
MCI,2023-06-22 08:53,10.00,M,KMCI 220853Z 05005KT 10SM CLR 21/19 A2999 RMK AO2 SLP144 T02060189 55004
MCI,2023-06-22 09:53,10.00,5000.00,KMCI 220953Z 05006KT 10SM FEW050 21/18 A3000 RMK AO2 SLP148 T02060183
MCI,2023-06-22 10:53,10.00,5000.00,KMCI 221053Z 09006KT 10SM FEW050 FEW250 22/18 A3001 RMK AO2 SLP152 T02170178
MCI,2023-06-22 11:53,10.00,5000.00,KMCI 221153Z 08004KT 10SM FEW050 FEW250 22/18 A3002 RMK AO2 SLP154 T02170178 10217 20200 51009
MCI,2023-06-22 12:53,10.00,5000.00,KMCI 221253Z 09005KT 10SM FEW050 SCT250 23/19 A3002 RMK AO2 SLP154 T02330189
MCI,2023-06-22 13:53,10.00,7000.00,KMCI 221353Z 13005KT 10SM FEW070 FEW250 24/19 A3003 RMK AO2 SLP158 T02440189
MCI,2023-06-22 14:53,10.00,25000.00,KMCI 221453Z 12005KT 10SM FEW250 27/19 A3003 RMK AO2 SLP158 T02670194 50003
MCI,2023-06-22 15:53,10.00,3000.00,KMCI 221553Z 10008KT 10SM FEW030 FEW250 28/18 A3003 RMK AO2 SLP157 T02780183
MCI,2023-06-22 16:53,10.00,4000.00,KMCI 221653Z 10005KT 10SM FEW040 FEW250 28/16 A3003 RMK AO2 SLP156 T02780161
MCI,2023-06-22 17:53,10.00,4000.00,KMCI 221753Z VRB05G14KT 10SM FEW040 FEW250 29/16 A3001 RMK AO2 SLP150 T02890156 10289 20217 58008
MCI,2023-06-22 18:53,10.00,4000.00,KMCI 221853Z 08009KT 10SM FEW040 FEW250 29/16 A3000 RMK AO2 SLP148 T02940161
MCI,2023-06-22 19:53,10.00,4000.00,KMCI 221953Z 13010KT 10SM FEW040 SCT250 30/15 A2999 RMK AO2 SLP143 T03000150
MCI,2023-06-22 20:53,10.00,4000.00,KMCI 222053Z 10009G16KT 10SM FEW040 FEW250 30/15 A2997 RMK AO2 SLP138 T03000150 58011
MCI,2023-06-22 21:53,10.00,4000.00,KMCI 222153Z 10008KT 10SM FEW040 SCT250 31/16 A2996 RMK AO2 SLP133 T03060156
MCI,2023-06-22 22:53,10.00,4000.00,KMCI 222253Z 11006G18KT 10SM FEW040 SCT250 29/14 A2996 RMK AO2 SLP132 T02940139
MCI,2023-06-22 23:53,10.00,4000.00,KMCI 222353Z 13008G19KT 10SM FEW040 29/13 A2995 RMK AO2 SLP129 T02890133 10306 20289 56009
MCI,2023-06-23 00:53,10.00,25000.00,KMCI 230053Z 13005KT 10SM FEW250 27/16 A2995 RMK AO2 SLP129 T02720161
MCI,2023-06-23 01:53,10.00,20000.00,KMCI 230153Z 08006KT 10SM FEW200 27/14 A2994 RMK AO2 SLP127 T02720144
MCI,2023-06-23 02:53,10.00,M,KMCI 230253Z 08004KT 10SM CLR 27/15 A2996 RMK AO2 SLP132 T02670150 53003
MCI,2023-06-23 03:53,10.00,25000.00,KMCI 230353Z 11003KT 10SM FEW250 24/15 A2997 RMK AO2 SLP137 T02390150
MCI,2023-06-23 04:53,10.00,25000.00,KMCI 230453Z 10003KT 10SM SCT250 24/15 A2997 RMK AO2 SLP138 T02390150
MCI,2023-06-23 05:53,10.00,25000.00,KMCI 230553Z 05004KT 10SM BKN250 22/16 A2997 RMK AO2 SLP138 T02220161 10289 20222 403060200 50005
MCI,2023-06-23 06:53,10.00,25000.00,KMCI 230653Z 00000KT 10SM BKN250 23/14 A2997 RMK AO2 SLP137 T02330144
MCI,2023-06-23 07:53,10.00,25000.00,KMCI 230753Z 00000KT 10SM SCT250 23/14 A2996 RMK AO2 SLP134 T02280139
MCI,2023-06-23 08:53,10.00,12000.00,KMCI 230853Z 00000KT 10SM FEW120 BKN250 21/14 A2997 RMK AO2 SLP136 T02110144 55001
MCI,2023-06-23 09:53,10.00,10000.00,KMCI 230953Z 00000KT 10SM FEW100 BKN250 20/16 A2998 RMK AO2 SLP139 T02000161
MCI,2023-06-23 10:53,10.00,15000.00,KMCI 231053Z 02004KT 10SM SCT150 BKN250 19/16 A2998 RMK AO2 SLP142 T01890161
MCI,2023-06-23 11:53,8.00,15000.00,KMCI 231153Z 07004KT 8SM FEW150 BKN250 21/17 A2999 RMK AO2 SLP144 T02110172 10244 20183 51006 $
MCI,2023-06-23 12:53,10.00,15000.00,KMCI 231253Z 25004KT 10SM BKN150 22/18 A3000 RMK AO2 SLP150 T02220183
MCI,2023-06-23 13:53,10.00,14000.00,KMCI 231353Z 21005KT 10SM BKN140 25/18 A3000 RMK AO2 SLP148 T02500178
MCI,2023-06-23 14:53,8.00,14000.00,KMCI 231453Z 24006KT 8SM SCT140 26/18 A3001 RMK AO2 SLP150 T02560183 51007
MCI,2023-06-23 15:53,10.00,14000.00,KMCI 231553Z 20005KT 10SM FEW140 FEW250 28/18 A3000 RMK AO2 SLP145 T02780183
MCI,2023-06-23 16:53,10.00,15000.00,KMCI 231653Z 22005KT 10SM FEW150 SCT250 29/19 A3000 RMK AO2 SLP145 T02940189
MCI,2023-06-23 17:53,10.00,11000.00,KMCI 231753Z 21005KT 10SM BKN110 30/19 A2998 RMK AO2 SLP142 T03000189 10300 20211 56008
MCI,2023-06-23 18:53,10.00,5000.00,KMCI 231853Z 19008G15KT 10SM FEW050 SCT130 31/18 A2996 RMK AO2 SLP132 T03060183
MCI,2023-06-23 19:53,10.00,6500.00,KMCI 231953Z 20010KT 10SM FEW065 SCT095 BKN250 31/17 A2994 RMK AO2 SLP127 T03110172
MCI,2023-06-23 20:53,10.00,9000.00,KMCI 232053Z 18007KT 10SM BKN090 BKN250 31/17 A2993 RMK AO2 SLP125 T03110172 56016
MCI,2023-06-23 21:53,10.00,9000.00,KMCI 232153Z 20006KT 10SM FEW090 BKN250 31/17 A2991 RMK AO2 SLP118 T03110167
MCI,2023-06-23 22:53,10.00,4000.00,KMCI 232253Z 18007KT 10SM FEW040 BKN200 30/17 A2988 RMK AO2 SLP108 T03000167
MCI,2023-06-23 23:53,10.00,4000.00,KMCI 232353Z 18004KT 10SM FEW040 BKN250 31/19 A2987 RMK AO2 SLP102 T03060189 10317 20294 56022
MCI,2023-06-24 00:53,10.00,4000.00,KMCI 240053Z 16004KT 10SM FEW040 SCT200 29/20 A2986 RMK AO2 SLP099 T02940200
MCI,2023-06-24 01:53,10.00,15000.00,KMCI 240153Z 12008KT 10SM FEW150 28/19 A2986 RMK AO2 SLP099 T02780189
MCI,2023-06-24 02:53,10.00,6000.00,KMCI 240253Z 16006KT 10SM SCT060 25/18 A2990 RMK AO2 SLP112 T02500183 53009
MCI,2023-06-24 03:53,10.00,6000.00,KMCI 240353Z 15006KT 10SM BKN060 26/18 A2991 RMK AO2 SLP114 T02610183
MCI,2023-06-24 04:53,10.00,6000.00,KMCI 240453Z 17007KT 10SM BKN060 BKN140 24/18 A2991 RMK AO2 SLP117 T02390183
MCI,2023-06-24 05:53,10.00,6000.00,KMCI 240553Z 17008KT 10SM SCT060 BKN130 24/18 A2990 RMK AO2 SLP111 T02440183 10306 20233 403170183 50000
MCI,2023-06-24 06:53,10.00,13000.00,KMCI 240653Z 18007KT 10SM FEW130 FEW250 24/19 A2987 RMK AO2 SLP101 T02440194
MCI,2023-06-24 07:53,10.00,25000.00,KMCI 240753Z 16006KT 10SM SCT250 24/21 A2986 RMK AO2 SLP098 T02440206
MCI,2023-06-24 08:53,10.00,25000.00,KMCI 240853Z 17008KT 10SM FEW250 23/20 A2987 RMK AO2 SLP101 T02280200 55009
MCI,2023-06-24 09:53,10.00,25000.00,KMCI 240953Z 18010KT 10SM FEW250 24/21 A2985 RMK AO2 SLP094 T02390206
MCI,2023-06-24 10:53,10.00,25000.00,KMCI 241053Z 20010KT 10SM FEW250 23/20 A2987 RMK AO2 SLP102 T02280200
MCI,2023-06-24 11:53,10.00,M,KMCI 241153Z 19012KT 10SM CLR 24/20 A2987 RMK AO2 SLP101 T02390200 10250 20228 53000
MCI,2023-06-24 12:53,10.00,9000.00,KMCI 241253Z 19009KT 10SM FEW090 SCT200 25/21 A2986 RMK AO2 SLP098 T02500206
MCI,2023-06-24 13:53,10.00,9000.00,KMCI 241353Z 19010KT 10SM SCT090 BKN250 26/21 A2985 RMK AO2 LTG DSNT NW SLP097 CB DSNT W-NW T02560206
MCI,2023-06-24 14:53,10.00,8500.00,KMCI 241453Z 16011KT 10SM SCT085 BKN130 BKN250 27/21 A2981 RMK AO2 LTG DSNT N SLP083 CB DSNT N T02670211 58019
MCI,2023-06-24 15:53,10.00,3000.00,KMCI 241553Z 19016G25KT 10SM FEW030 SCT130 BKN250 29/23 A2980 RMK AO2 SLP079 T02890228
MCI,2023-06-24 16:53,10.00,3000.00,KMCI 241653Z 19015KT 10SM FEW030 SCT130 BKN200 30/22 A2980 RMK AO2 PK WND 19026/1605 SLP076 T03000222
MCI,2023-06-24 17:53,10.00,3800.00,KMCI 241753Z 21013G22KT 10SM SCT038 BKN250 31/23 A2980 RMK AO2 PK WND 18028/1655 SLP076 T03060233 10311 20239 56005
MCI,2023-06-24 18:53,10.00,3400.00,KMCI 241853Z 23013G19KT 10SM BKN034 BKN043 31/23 A2978 RMK AO2 SLP072 T03060233
MCI,2023-06-24 19:53,10.00,4500.00,KMCI 241953Z 23011G20KT 10SM BKN045 32/23 A2978 RMK AO2 SLP070 T03170233
MCI,2023-06-24 20:53,10.00,4000.00,KMCI 242053Z 24012KT 10SM BKN040 32/23 A2976 RMK AO2 SLP066 T03220228 57010
MCI,2023-06-24 21:53,10.00,4600.00,KMCI 242153Z 24009G22KT 10SM SCT046 BKN060 BKN080 32/23 A2975 RMK AO2 SLP062 T03220228
MCI,2023-06-24 22:53,10.00,4700.00,KMCI 242253Z 26011KT 10SM SCT047 SCT070 32/23 A2975 RMK AO2 SLP062 T03220233
MCI,2023-06-24 23:53,10.00,4700.00,KMCI 242353Z 24010KT 10SM FEW047 32/22 A2975 RMK AO2 SLP062 T03170222 10328 20300 56004
MCI,2023-06-25 00:53,10.00,M,KMCI 250053Z 24006KT 10SM CLR 31/23 A2976 RMK AO2 SLP066 T03060228
MCI,2023-06-25 01:53,10.00,4700.00,KMCI 250153Z 22006KT 10SM FEW047 27/22 A2977 RMK AO2 SLP070 T02720222
MCI,2023-06-25 02:53,10.00,4700.00,KMCI 250253Z 22006KT 10SM FEW047 27/22 A2979 RMK AO2 SLP074 T02720217 53012
MCI,2023-06-25 03:53,10.00,M,KMCI 250353Z 24005KT 10SM CLR 26/22 A2981 RMK AO2 SLP080 T02610217
MCI,2023-06-25 04:53,10.00,M,KMCI 250453Z 23007KT 10SM CLR 24/21 A2981 RMK AO2 SLP080 T02390206
MCI,2023-06-25 05:53,10.00,M,KMCI 250553Z 25005KT 10SM CLR 24/18 A2980 RMK AO2 SLP078 T02440183 10317 20239 403280228 50004 $
MCI,2023-06-25 06:53,10.00,M,KMCI 250653Z 31006KT 10SM CLR 24/17 A2981 RMK AO2 SLP081 T02440172 $
MCI,2023-06-25 07:53,10.00,M,KMCI 250753Z 29005KT 10SM CLR 23/16 A2982 RMK AO2 SLP085 T02280156 $
MCI,2023-06-25 08:53,10.00,M,KMCI 250853Z 31007KT 10SM CLR 22/14 A2985 RMK AO2 SLP095 T02220139 53017 $
MCI,2023-06-25 09:53,10.00,M,KMCI 250953Z 32006KT 10SM CLR 21/13 A2987 RMK AO2 SLP102 T02060128 $
MCI,2023-06-25 10:53,10.00,12000.00,KMCI 251053Z 32008KT 10SM FEW120 21/13 A2988 RMK AO2 SLP107 T02060128 $
MCI,2023-06-25 11:53,10.00,12000.00,KMCI 251153Z 31008KT 10SM FEW120 20/14 A2990 RMK AO2 SLP112 T02000139 10250 20194 51016 $
MCI,2023-06-25 12:53,10.00,13000.00,KMCI 251253Z 31011G18KT 10SM FEW130 21/13 A2991 RMK AO2 SLP115 T02110133 $
MCI,2023-06-25 13:53,10.00,13000.00,KMCI 251353Z 29012G17KT 10SM FEW130 23/14 A2992 RMK AO2 SLP119 T02280139 $
MCI,2023-06-25 14:53,10.00,M,KMCI 251453Z 29015G23KT 10SM CLR 24/13 A2991 RMK AO2 SLP118 T02390133 50005 $
MCI,2023-06-25 15:53,10.00,13000.00,KMCI 251553Z 30015G21KT 10SM FEW130 26/13 A2991 RMK AO2 SLP117 T02560133 $
MCI,2023-06-25 16:53,10.00,13000.00,KMCI 251653Z 29009G21KT 10SM FEW130 27/14 A2991 RMK AO2 PK WND 29028/1640 SLP115 T02670139 $
MCI,2023-06-25 17:53,10.00,M,KMCI 251753Z 29012G25KT 10SM CLR 28/13 A2990 RMK AO2 PK WND 30027/1738 SLP113 T02780128 10278 20200 58004 $
MCI,2023-06-25 18:53,10.00,M,KMCI 251853Z 31015G27KT 10SM CLR 28/12 A2989 RMK AO2 PK WND 31027/1850 SLP109 T02830122 $
MCI,2023-06-25 19:53,10.00,M,KMCI 251953Z 29014G23KT 10SM CLR 29/13 A2988 RMK AO2 PK WND 33028/1936 SLP106 T02890133 $
MCI,2023-06-25 20:53,10.00,M,KMCI 252053Z 31012G26KT 10SM CLR 29/13 A2988 RMK AO2 PK WND 30026/2042 SLP105 T02940133 56008 $
MCI,2023-06-25 21:53,10.00,M,KMCI 252153Z 31014G22KT 10SM CLR 29/13 A2987 RMK AO2 SLP102 T02940133 $
MCI,2023-06-25 22:53,10.00,M,KMCI 252253Z 32007G21KT 10SM CLR 29/14 A2985 RMK AO2 SLP096 T02940139 $
MCI,2023-06-25 23:53,10.00,M,KMCI 252353Z 32007KT 10SM CLR 28/12 A2985 RMK AO2 SLP096 T02830122 10300 20278 56010 $
MCI,2023-06-26 00:53,10.00,M,KMCI 260053Z 32006KT 10SM CLR 27/12 A2985 RMK AO2 SLP099 T02670122 $
MCI,2023-06-26 01:53,9.00,M,KMCI 260153Z 32007KT 9SM CLR 24/12 A2987 RMK AO2 SLP103 T02440117 $
MCI,2023-06-26 02:53,9.00,M,KMCI 260253Z 32005KT 9SM CLR 23/12 A2989 RMK AO2 SLP111 T02280122 53014 $
MCI,2023-06-26 03:53,8.00,M,KMCI 260353Z 29005KT 8SM CLR 22/12 A2990 RMK AO2 SLP115 T02170122 $
MCI,2023-06-26 04:53,8.00,M,KMCI 260453Z 30006KT 8SM CLR 21/12 A2990 RMK AO2 SLP115 T02110122 $
MCI,2023-06-26 05:53,7.00,M,KMCI 260553Z 31005KT 7SM CLR 19/13 A2991 RMK AO2 SLP117 T01940128 10283 20194 403000194 51006 $
MCI,2023-06-26 06:53,8.00,M,KMCI 260653Z 29007KT 8SM CLR 19/12 A2991 RMK AO2 SLP118 T01890122 $
MCI,2023-06-26 07:53,9.00,M,KMCI 260753Z 29006KT 9SM CLR 18/12 A2991 RMK AO2 SLP120 T01830122 $
MCI,2023-06-26 08:53,9.00,M,KMCI 260853Z 28005KT 9SM CLR 18/12 A2991 RMK AO2 SLP120 T01780122 51002 $
MCI,2023-06-26 09:53,9.00,M,KMCI 260953Z 31008KT 9SM CLR 18/12 A2992 RMK AO2 SLP121 T01780122 $
MCI,2023-06-26 10:53,8.00,25000.00,KMCI 261053Z 32007KT 8SM FEW250 18/12 A2992 RMK AO2 SLP123 T01780122 $
MCI,2023-06-26 11:53,7.00,M,KMCI 261153Z 32007KT 7SM CLR 18/13 A2993 RMK AO2 SLP126 T01780128 10194 20172 53006 $
MCI,2023-06-26 12:53,7.00,25000.00,KMCI 261253Z 30006KT 7SM FEW250 20/14 A2994 RMK AO2 SLP129 T02000139
MCI,2023-06-26 13:53,7.00,15000.00,KMCI 261353Z 30008KT 7SM FEW150 22/15 A2996 RMK AO2 SLP134 T02170150
MCI,2023-06-26 14:53,8.00,12000.00,KMCI 261453Z 32005KT 8SM FEW120 24/16 A2996 RMK AO2 SLP134 T02390156 50008
MCI,2023-06-26 15:53,8.00,15000.00,KMCI 261553Z 31011KT 8SM FEW150 26/16 A2995 RMK AO2 SLP132 T02560156
MCI,2023-06-26 16:53,10.00,6000.00,KMCI 261653Z 34014G24KT 10SM FEW060 27/14 A2995 RMK AO2 SLP132 T02670139
MCI,2023-06-26 17:53,10.00,M,KMCI 261753Z 31009G20KT 10SM CLR 28/12 A2996 RMK AO2 SLP136 T02780122 10278 20178 53002
MCI,2023-06-26 18:53,10.00,M,KMCI 261853Z 31011G18KT 10SM CLR 28/12 A2995 RMK AO2 SLP133 T02830122
MCI,2023-06-26 19:53,10.00,M,KMCI 261953Z 30013G18KT 10SM CLR 29/13 A2995 RMK AO2 SLP131 T02890128
MCI,2023-06-26 20:53,10.00,M,KMCI 262053Z 33011G20KT 10SM CLR 29/13 A2994 RMK AO2 SLP127 T02940128 58008
MCI,2023-06-26 21:53,10.00,M,KMCI 262153Z 33011KT 10SM CLR 29/13 A2992 RMK AO2 SLP122 T02890128
MCI,2023-06-26 22:53,10.00,M,KMCI 262253Z 34006KT 10SM CLR 29/13 A2990 RMK AO2 SLP115 T02890128
MCI,2023-06-26 23:53,10.00,M,KMCI 262353Z 35008KT 10SM CLR 28/13 A2990 RMK AO2 SLP114 T02780128 10294 20278 56012
MCI,2023-06-27 00:53,10.00,M,KMCI 270053Z 33004KT 10SM CLR 27/14 A2990 RMK AO2 SLP116 T02670139
MCI,2023-06-27 01:53,10.00,M,KMCI 270153Z 35004KT 10SM CLR 26/12 A2991 RMK AO2 SLP118 T02560122
MCI,2023-06-27 02:53,10.00,M,KMCI 270253Z 33004KT 10SM CLR 24/12 A2992 RMK AO2 SLP121 T02440122 53008
MCI,2023-06-27 03:53,10.00,M,KMCI 270353Z 01006KT 10SM CLR 22/13 A2995 RMK AO2 SLP130 T02220128
MCI,2023-06-27 04:53,10.00,M,KMCI 270453Z 04006KT 10SM CLR 21/14 A2996 RMK AO2 SLP135 T02060144
MCI,2023-06-27 05:53,10.00,M,KMCI 270553Z 04005KT 10SM CLR 20/14 A2996 RMK AO2 SLP136 T02000144 10278 20200 402940172 51014
MCI,2023-06-27 06:53,10.00,M,KMCI 270653Z 03003KT 10SM CLR 19/14 A2995 RMK AO2 SLP131 T01940144
MCI,2023-06-27 07:53,10.00,M,KMCI 270753Z 33003KT 10SM CLR 18/14 A2996 RMK AO2 SLP135 T01830144
MCI,2023-06-27 08:53,10.00,M,KMCI 270853Z 00000KT 10SM CLR 16/14 A2996 RMK AO2 SLP136 T01560139 55000
MCI,2023-06-27 09:53,10.00,M,KMCI 270953Z 00000KT 10SM CLR 18/14 A2996 RMK AO2 SLP136 T01780144
MCI,2023-06-27 10:53,8.00,20000.00,KMCI 271053Z 00000KT 8SM SCT200 18/14 A2997 RMK AO2 SLP139 T01830144
MCI,2023-06-27 11:53,10.00,15000.00,KMCI 271153Z 02003KT 10SM SCT150 BKN200 18/16 A2999 RMK AO2 SLP144 T01830161 10200 20150 53008
MCI,2023-06-27 12:53,10.00,20000.00,KMCI 271253Z AUTO 05005KT 10SM BKN200 22/16 A2999 RMK AO2 SLP145 T02170156
MCI,2023-06-27 13:53,10.00,22000.00,KMCI 271353Z 05005KT 10SM OVC220 23/16 A3000 RMK AO2 SLP150 T02280156
MCI,2023-06-27 14:53,10.00,17000.00,KMCI 271453Z 09006KT 10SM BKN170 OVC220 23/15 A2998 RMK AO2 SLP142 T02280150 58003
MCI,2023-06-27 15:53,9.00,25000.00,KMCI 271553Z 08009KT 9SM BKN250 24/15 A2997 RMK AO2 SLP139 T02440150
MCI,2023-06-27 16:53,9.00,17000.00,KMCI 271653Z 15012KT 9SM FEW170 BKN250 26/16 A2999 RMK AO2 SLP146 T02560161
MCI,2023-06-27 17:53,10.00,25000.00,KMCI 271753Z 16010KT 10SM BKN250 27/17 A2998 RMK AO2 SLP143 T02670167 10267 20189 50001
MCI,2023-06-27 18:53,10.00,25000.00,KMCI 271853Z 11005KT 10SM BKN250 28/17 A2995 RMK AO2 SLP133 T02780167
MCI,2023-06-27 19:53,10.00,25000.00,KMCI 271953Z 11008KT 10SM BKN250 28/16 A2994 RMK AO2 SLP127 T02830156
MCI,2023-06-27 20:53,10.00,25000.00,KMCI 272053Z VRB06KT 10SM SCT250 29/16 A2993 RMK AO2 SLP125 T02890156 56018
MCI,2023-06-27 21:53,10.00,5000.00,KMCI 272153Z 00000KT 10SM FEW050 SCT200 29/15 A2992 RMK AO2 SLP122 T02940150
MCI,2023-06-27 22:53,10.00,20000.00,KMCI 272253Z 11007KT 10SM FEW200 29/16 A2990 RMK AO2 SLP115 T02890156
MCI,2023-06-27 23:53,10.00,15000.00,KMCI 272353Z 16007KT 10SM BKN150 27/16 A2988 RMK AO2 SLP107 T02720161 10300 20261 58016
MCI,2023-06-28 00:53,10.00,20000.00,KMCI 280053Z 12006KT 10SM BKN200 27/15 A2986 RMK AO2 PK WND 17028/0003 RAB19E49 SLP099 P0000 T02670150
MCI,2023-06-28 01:53,10.00,15000.00,KMCI 280153Z 21005KT 10SM BKN150 BKN200 24/15 A2988 RMK AO2 PRESRR SLP107 T02440150
MCI,2023-06-28 02:53,10.00,15000.00,KMCI 280253Z 13006KT 10SM BKN150 23/16 A2987 RMK AO2 SLP104 60000 T02330156 56003
MCI,2023-06-28 03:53,10.00,20000.00,KMCI 280353Z 10006KT 10SM BKN200 25/16 A2991 RMK AO2 SLP118 T02500156
MCI,2023-06-28 04:53,10.00,4000.00,KMCI 280453Z 12010KT 10SM FEW040 BKN250 24/16 A2987 RMK AO2 SLP105 T02440156
MCI,2023-06-28 05:53,10.00,5000.00,KMCI 280553Z 12009KT 10SM FEW050 BKN170 25/15 A2987 RMK AO2 SLP104 60000 T02500150 10278 20222 403000150 50002
MCI,2023-06-28 06:53,10.00,9000.00,KMCI 280653Z 12010KT 10SM FEW090 OVC160 24/16 A2985 RMK AO2 SLP096 T02390156
MCI,2023-06-28 07:53,10.00,5000.00,KMCI 280753Z 15006KT 10SM SCT050 OVC200 22/16 A2988 RMK AO2 SLP105 T02220156
MCI,2023-06-28 08:53,10.00,4500.00,KMCI 280853Z 12008KT 10SM SCT045 OVC250 24/16 A2985 RMK AO2 TSB17E50 SLP096 T02390156 58008
MCI,2023-06-28 09:53,10.00,4500.00,KMCI 280953Z 13013KT 10SM FEW045 BKN160 BKN250 23/16 A2980 RMK AO2 SLP078 T02280156
MCI,2023-06-28 10:53,10.00,15000.00,KMCI 281053Z 14011KT 10SM BKN150 BKN200 23/16 A2979 RMK AO2 SLP075 T02330161
MCI,2023-06-28 11:53,10.00,10000.00,KMCI 281153Z 17007KT 10SM FEW100 SCT140 BKN250 23/17 A2980 RMK AO2 LTG DSNT NE SLP080 CB DSNT NE T02280167 10250 20217 55016
MCI,2023-06-28 12:53,10.00,10000.00,KMCI 281253Z 16009KT 10SM SCT100 SCT250 24/18 A2980 RMK AO2 SLP079 CB DSNT N AND SW T02440183
MCI,2023-06-28 13:53,8.00,13000.00,KMCI 281353Z 00000KT 8SM BKN130 BKN250 26/18 A2984 RMK AO2 PRESRR SLP093 T02560183
MCI,2023-06-28 14:53,10.00,M,KMCI 281453Z 05012KT 10SM CLR 27/19 A2986 RMK AO2 SLP100 T02670189 53018
MCI,2023-06-28 15:53,10.00,13000.00,KMCI 281553Z 11012KT 10SM BKN130 BKN250 27/19 A2985 RMK AO2 SLP095 CB DSNT NE-E T02670189
MCI,2023-06-28 16:53,10.00,M,KMCI 281653Z 13014KT 10SM CLR 29/21 A2983 RMK AO2 SLP089 T02890206
MCI,2023-06-28 17:53,10.00,25000.00,KMCI 281753Z 14015G21KT 10SM SCT250 30/21 A2980 RMK AO2 SLP079 T03000206 10300 20222 58018
MCI,2023-06-28 18:53,10.00,25000.00,KMCI 281853Z 15013G23KT 10SM SCT250 32/22 A2977 RMK AO2 SLP069 T03170217
MCI,2023-06-28 19:53,10.00,4500.00,KMCI 281953Z 15010KT 10SM FEW045 33/23 A2976 RMK AO2 SLP064 T03330233
MCI,2023-06-28 20:53,10.00,5000.00,KMCI 282053Z 20010G19KT 10SM BKN050 34/23 A2975 RMK AO2 SLP058 T03440233 56019
MCI,2023-06-28 21:53,10.00,5500.00,KMCI 282153Z 20010KT 10SM SCT055 34/23 A2974 RMK AO2 SLP058 T03440233
MCI,2023-06-28 22:53,10.00,20000.00,KMCI 282253Z 20011KT 10SM FEW200 34/23 A2974 RMK AO2 SLP056 T03390233
MCI,2023-06-28 23:53,10.00,5000.00,KMCI 282353Z 17006KT 10SM FEW050 SCT200 34/24 A2973 RMK AO2 SLP054 T03390239 10350 20300 58005
MCI,2023-06-29 00:53,10.00,20000.00,KMCI 290053Z 16005KT 10SM SCT200 32/24 A2974 RMK AO2 SLP056 T03220239
MCI,2023-06-29 01:53,10.00,20000.00,KMCI 290153Z 14005KT 10SM FEW200 31/23 A2974 RMK AO2 SLP058 T03060233
MCI,2023-06-29 02:53,10.00,M,KMCI 290253Z 14006KT 10SM CLR 29/23 A2975 RMK AO2 SLP061 T02940228 53006
MCI,2023-06-29 03:53,10.00,20000.00,KMCI 290353Z 15006KT 10SM FEW200 29/23 A2976 RMK AO2 SLP064 T02890233
MCI,2023-06-29 04:53,10.00,20000.00,KMCI 290453Z 19007KT 10SM BKN200 28/23 A2977 RMK AO2 SLP066 T02830233
MCI,2023-06-29 05:53,10.00,20000.00,KMCI 290553Z 20008KT 10SM BKN200 29/23 A2976 RMK AO2 SLP065 T02890228 10339 20272 403500217 50005
MCI,2023-06-29 06:53,10.00,20000.00,KMCI 290653Z 20010KT 10SM BKN200 29/24 A2976 RMK AO2 SLP065 T02940239
MCI,2023-06-29 07:53,10.00,17000.00,KMCI 290753Z 20010KT 10SM OVC170 29/24 A2977 RMK AO2 SLP065 T02890239
MCI,2023-06-29 08:53,10.00,8000.00,KMCI 290853Z 21008KT 10SM -TSRA FEW080CB SCT100 OVC170 28/24 A2978 RMK AO2 LTG DSNT W RAB46 TSB52 SLP069 OCNL LTGICCC W TS W MOV E P0000 60000 T02830239 53005
MCI,2023-06-29 09:53,10.00,5000.00,KMCI 290953Z 21006KT 10SM -TSRA FEW050CB SCT090 OVC150 27/24 A2979 RMK AO2 LTG DSNT NW SLP072 OCNL LTGIC NW TS NW MOV E P0000 T02720244
MCI,2023-06-29 10:53,10.00,9000.00,KMCI 291053Z 19009KT 10SM FEW090 SCT180 26/24 A2979 RMK AO2 RAE12 TSE12 SLP074 P0000 T02610239
MCI,2023-06-29 11:53,10.00,10000.00,KMCI 291153Z 19009KT 10SM FEW100 SCT180 BKN250 27/24 A2980 RMK AO2 SLP076 60000 T02670239 10294 20261 51006
MCI,2023-06-29 12:53,10.00,13000.00,KMCI 291253Z 23005KT 10SM BKN130 OVC200 27/23 A2984 RMK AO2 SLP090 T02670233
MCI,2023-06-29 13:53,7.00,4400.00,KMCI 291353Z 33023G34KT 7SM VCTS BKN044CB OVC130 27/23 A2990 RMK AO2 PK WND 32034/1352 LTG DSNT NW-NE TSE44 SLP112 TS VC N-NE MOV SE T02670233
MCI,2023-06-29 14:53,10.00,3900.00,KMCI 291453Z 08011KT 10SM SCT039 BKN130 OVC200 22/19 A2987 RMK AO2 PK WND 36043/1355 WSHFT 1349 RAB1356E06 SLP101 CB DSNT NE P0000 60000 T02220189 50008
MCI,2023-06-29 15:53,10.00,5000.00,KMCI 291553Z 06005KT 10SM SCT050 SCT150 BKN250 23/18 A2991 RMK AO2 SLP116 T02280183
MCI,2023-06-29 16:53,10.00,5000.00,KMCI 291653Z 14007KT 10SM FEW050 FEW150 BKN250 26/19 A2989 RMK AO2 SLP108 T02560194
MCI,2023-06-29 17:53,10.00,15000.00,KMCI 291753Z VRB04KT 10SM FEW150 BKN250 28/18 A2988 RMK AO2 SLP105 60000 T02830183 10283 20217 50005
MCI,2023-06-29 18:53,10.00,25000.00,KMCI 291853Z 16009KT 10SM BKN250 30/19 A2986 RMK AO2 SLP097 T03000194
MCI,2023-06-29 19:53,10.00,13000.00,KMCI 291953Z VRB03KT 10SM FEW130 SCT250 32/20 A2985 RMK AO2 SLP094 T03220200
MCI,2023-06-29 20:53,10.00,25000.00,KMCI 292053Z 35010G16KT 10SM SCT250 33/22 A2988 RMK AO2 SLP102 T03330217 55001
MCI,2023-06-29 21:53,10.00,20000.00,KMCI 292153Z 35008KT 10SM FEW200 33/21 A2988 RMK AO2 SLP103 T03330211
MCI,2023-06-29 22:53,10.00,20000.00,KMCI 292253Z 02010KT 10SM FEW200 32/22 A2988 RMK AO2 SLP104 T03220222
MCI,2023-06-29 23:53,10.00,25000.00,KMCI 292353Z 06010KT 10SM SCT250 31/22 A2987 RMK AO2 SLP100 T03110222 10339 20278 58003
MCI,2023-06-30 00:53,10.00,20000.00,KMCI 300053Z 07010KT 10SM FEW200 30/22 A2988 RMK AO2 SLP104 T03000222
MCI,2023-06-30 01:53,10.00,20000.00,KMCI 300153Z 04008KT 10SM SCT200 28/22 A2989 RMK AO2 SLP107 T02780222
MCI,2023-06-30 02:53,10.00,20000.00,KMCI 300253Z 04008KT 10SM SCT200 27/22 A2990 RMK AO2 SLP113 T02670222 53010
MCI,2023-06-30 03:53,10.00,20000.00,KMCI 300353Z 07007KT 10SM SCT200 27/21 A2990 RMK AO2 SLP113 T02670211
MCI,2023-06-30 04:53,10.00,20000.00,KMCI 300453Z 09006KT 10SM SCT200 27/21 A2991 RMK AO2 SLP116 T02670206
MCI,2023-06-30 05:53,10.00,22000.00,KMCI 300553Z 09008KT 10SM BKN220 26/21 A2991 RMK AO2 SLP115 T02560206 10311 20256 403390217 53004
MCI,2023-06-30 06:53,10.00,20000.00,KMCI 300653Z 09006KT 10SM SCT200 26/21 A2990 RMK AO2 SLP111 T02560206
MCI,2023-06-30 07:53,10.00,20000.00,KMCI 300753Z 04005KT 10SM FEW200 23/21 A2988 RMK AO2 SLP105 T02280206
MCI,2023-06-30 08:53,10.00,20000.00,KMCI 300853Z 11005KT 10SM SCT200 24/21 A2987 RMK AO2 SLP101 T02440206 56013
MCI,2023-06-30 09:53,10.00,20000.00,KMCI 300953Z 14007KT 10SM BKN200 23/21 A2988 RMK AO2 SLP104 T02330211
MCI,2023-06-30 10:53,10.00,10000.00,KMCI 301053Z 12004KT 10SM FEW100 OVC250 23/21 A2990 RMK AO2 SLP113 T02330211
MCI,2023-06-30 11:53,10.00,12000.00,KMCI 301153Z 00000KT 10SM FEW120 BKN250 23/21 A2992 RMK AO2 SLP117 T02330211 10261 20228 53015
MCI,2023-06-30 12:53,10.00,2100.00,KMCI 301253Z 34014G21KT 10SM FEW021 SCT028 BKN250 24/22 A2996 RMK AO2 SLP132 T02390217
MCI,2023-06-30 13:53,10.00,3200.00,KMCI 301353Z 04016G24KT 10SM BKN032 BKN250 26/19 A2997 RMK AO2 SLP137 T02560194
MCI,2023-06-30 14:53,10.00,3200.00,KMCI 301453Z 06014KT 10SM SCT032 BKN250 26/19 A2997 RMK AO2 PK WND 06026/1412 SLP138 T02560189 51019
MCI,2023-06-30 15:53,10.00,3200.00,KMCI 301553Z 10010KT 10SM FEW032 BKN250 27/20 A2996 RMK AO2 SLP133 T02720200
MCI,2023-06-30 16:53,10.00,25000.00,KMCI 301653Z 14006KT 10SM BKN250 29/21 A2995 RMK AO2 SLP128 T02940211
MCI,2023-06-30 17:53,10.00,25000.00,KMCI 301753Z 15006KT 10SM BKN250 31/22 A2994 RMK AO2 SLP125 T03110222 10311 20233 56011
MCI,2023-06-30 18:53,10.00,13000.00,KMCI 301853Z 21004KT 10SM FEW130 BKN250 32/22 A2993 RMK AO2 SLP120 T03220222
MCI,2023-06-30 19:53,10.00,4000.00,KMCI 301953Z 18004KT 10SM FEW040 BKN250 33/23 A2990 RMK AO2 SLP113 T03330228
MCI,2023-06-30 20:53,10.00,4000.00,KMCI 302053Z 22007KT 10SM FEW040 FEW250 34/23 A2989 RMK AO2 SLP106 T03440228 58017
MCI,2023-06-30 21:53,10.00,4500.00,KMCI 302153Z 35005KT 10SM FEW045 FEW250 35/23 A2987 RMK AO2 SLP102 T03500233
MCI,2023-06-30 22:53,9.00,5000.00,KMCI 302253Z 02007KT 9SM SCT050 SCT250 35/23 A2985 RMK AO2 SLP094 T03500228
MCI,2023-06-30 23:53,10.00,7000.00,KMCI 302353Z 36009KT 10SM SCT070 BKN250 31/23 A2982 RMK AO2 LTG DSNT NE-SE SLP084 TCU NE-SE T03110228 10356 20306 58022
MCI,2023-07-01 00:53,10.00,8500.00,KMCI 010053Z 04012KT 10SM SCT085 BKN250 31/23 A2984 RMK AO2 LTG DSNT E SLP093 T03060228
MCI,2023-07-01 01:53,10.00,5500.00,KMCI 010153Z 06010KT 10SM FEW055 SCT075 BKN100 27/17 A2983 RMK AO2 LTG DSNT SE-W RAB40E51 SLP089 P0000 T02720172
MCI,2023-07-01 02:53,10.00,7000.00,KMCI 010253Z 28016G32KT 10SM TS SCT070CB OVC100 25/18 A2987 RMK AO2 PK WND 28032/0253 LTG DSNT ALQDS TSB40 SLP103 TS VC W MOV E 60000 T02500178 53009
MCI,2023-07-01 03:53,8.00,5000.00,KMCI 010353Z 30013G24KT 8SM -TSRA FEW050 OVC060CB 21/20 A2991 RMK AO2 PK WND 28033/0255 WSHFT 0245 LTG DSNT ALQDS RAB0255 SLP116 TS OHD MOV NE P0021 T02110200
MCI,2023-07-01 04:53,10.00,3000.00,KMCI 010453Z 02005KT 10SM FEW030 BKN065 OVC120 22/21 A2990 RMK AO2 LTG DSNT NW-NE RAE13 TSE25B26E40 SLP111 CB DSNT W-NE MOV NE P0000 T02170206
MCI,2023-07-01 05:53,10.00,7000.00,KMCI 010553Z 09005KT 10SM SCT070 BKN120 OVC250 23/19 A2988 RMK AO2 LTG DSNT N SLP104 OCNL LTGICCC DSNT W-NE CB DSNT W-NE MOV NE 60021 T02280194 10311 20211 403560211 50002
MCI,2023-07-01 06:53,10.00,8500.00,KMCI 010653Z 33004KT 10SM SCT085 BKN120 OVC250 21/20 A2990 RMK AO2 SLP112 T02110200
MCI,2023-07-01 07:53,10.00,15000.00,KMCI 010753Z 28006KT 10SM SCT150 OVC220 21/20 A2990 RMK AO2 LTG DSNT S SLP112 CB DSNT S MOV NE T02060200
MCI,2023-07-01 08:53,6.00,4200.00,KMCI 010853Z 05005KT 6SM -RA SCT042 BKN060 OVC120 21/20 A2990 RMK AO2 LTG DSNT E-S RAB06E32B34 TSE26B29E48 PRESFR SLP112 CB DSNT E-S MOV NE P0016 60016 T02060200 51008
MCI,2023-07-01 09:53,10.00,11000.00,KMCI 010953Z 05008KT 10SM BKN110 OVC180 21/20 A2986 RMK AO2 RAE02 SLP098 P0000 T02060200
MCI,2023-07-01 10:53,10.00,13000.00,KMCI 011053Z 14006KT 10SM BKN130 OVC180 21/20 A2985 RMK AO2 SLP096 T02060200
MCI,2023-07-01 11:53,9.00,11000.00,KMCI 011153Z 32004KT 9SM FEW110 21/20 A2987 RMK AO2 SLP104 60016 70037 T02060200 10233 20206 55009
MCI,2023-07-01 12:53,10.00,13000.00,KMCI 011253Z 16006KT 10SM BKN130 OVC250 21/20 A2989 RMK AO2 RAB1159E17 SLP110 P0000 T02110200
MCI,2023-07-01 13:53,10.00,13000.00,KMCI 011353Z 22004KT 10SM BKN130 OVC250 22/21 A2990 RMK AO2 SLP114 T02220211
MCI,2023-07-01 14:53,10.00,1200.00,KMCI 011453Z 21005KT 10SM BKN012 BKN017 23/21 A2988 RMK AO2 SLP109 60000 T02280206 58003
MCI,2023-07-01 15:53,10.00,1400.00,KMCI 011553Z 28006KT 10SM OVC014 23/21 A2989 RMK AO2 SLP113 T02280211
MCI,2023-07-01 16:53,10.00,1200.00,KMCI 011653Z 31006KT 10SM FEW012 OVC019 24/21 A2989 RMK AO2 SLP110 T02390211
MCI,2023-07-01 17:53,10.00,2600.00,KMCI 011753Z 33005KT 10SM OVC026 25/21 A2988 RMK AO2 SLP107 60000 T02500206 10256 20206 58005
MCI,2023-07-01 18:53,10.00,2100.00,KMCI 011853Z 25005KT 10SM SCT021 BKN033 BKN200 27/21 A2987 RMK AO2 SLP106 T02670211
MCI,2023-07-01 19:53,10.00,3600.00,KMCI 011953Z COR 27005KT 10SM BKN036 BKN045 BKN060 28/22 A2985 RMK AO2 SLP096 T02780217
MCI,2023-07-01 20:53,10.00,3000.00,KMCI 012053Z 24009KT 10SM SCT030 BKN042 OVC050 26/22 A2983 RMK AO2 RAB31E48 SLP091 P0000 60000 T02560222 58015
MCI,2023-07-01 21:53,10.00,3000.00,KMCI 012153Z 27007KT 250V320 10SM SCT030 BKN250 29/22 A2982 RMK AO2 LTG DSNT W SLP087 CB DSNT W-N T02890217
MCI,2023-07-01 22:53,3.00,3000.00,KMCI 012253Z 31019G37KT 3SM VCTS RA FEW030 BKN070CB BKN250 23/18 A2986 RMK AO2 PK WND 31037/2250 LTG DSNT W-N RAB48 PRESRR SLP103 TS VC W MOV SE CB DSNT NW-N P0000 T02280183
MCI,2023-07-01 23:53,10.00,25000.00,KMCI 012353Z 35009KT 10SM BKN250 22/19 A2981 RMK AO2 PK WND 32026/2254 LTG DSNT N-SE RAE35 TSB06E21 SLP087 CB DSNT N-SW P0004 60004 T02170194 10294 20200 58006 $
MCI,2023-07-02 00:53,10.00,7000.00,KMCI 020053Z 34011KT 10SM FEW070 SCT150 BKN250 22/19 A2980 RMK AO2 SLP083 CB DSNT E-SW T02170189 $
MCI,2023-07-02 01:53,10.00,7000.00,KMCI 020153Z 33006KT 10SM FEW070 FEW150 BKN250 20/19 A2983 RMK AO2 SLP092 CB DSNT S-SW T02000189 $
MCI,2023-07-02 02:53,10.00,8000.00,KMCI 020253Z 20003KT 10SM FEW080 FEW150 SCT250 18/18 A2987 RMK AO2 SLP105 T01830183 53018 $
MCI,2023-07-02 03:53,10.00,13000.00,KMCI 020353Z 24003KT 10SM SCT130 BKN200 19/19 A2988 RMK AO2 SLP110 T01890189 $
MCI,2023-07-02 04:53,9.00,600.00,KMCI 020453Z 30005KT 9SM BKN006 OVC014 20/19 A2986 RMK AO2 SLP103 T02000194 $
MCI,2023-07-02 05:53,10.00,2400.00,KMCI 020553Z 31003KT 10SM BKN024 BKN200 19/19 A2985 RMK AO2 SLP099 T01940194 10222 20183 402940183 58005 $
MCI,2023-07-02 06:53,6.00,300.00,KMCI 020653Z 29006KT 6SM BR BKN003 OVC031 20/20 A2985 RMK AO2 SLP099 T02000200 $
MCI,2023-07-02 07:53,7.00,400.00,KMCI 020753Z 30005KT 7SM BKN004 BKN030 19/19 A2984 RMK AO2 SLP096 T01940194 $
MCI,2023-07-02 08:53,8.00,2100.00,KMCI 020853Z 31006KT 8SM SCT021 19/18 A2984 RMK AO2 SLP097 T01890183 58002 $
MCI,2023-07-02 09:53,7.00,3200.00,KMCI 020953Z 29004KT 7SM FEW032 SCT250 18/18 A2985 RMK AO2 SLP098 T01830178 $
MCI,2023-07-02 10:53,5.00,10000.00,KMCI 021053Z COR 29004KT 5SM BR FEW100 SCT150 BKN250 18/18 A2986 RMK AO2 SLP103 T01780178 $
MCI,2023-07-02 11:53,4.00,12000.00,KMCI 021153Z 31005KT 4SM BR SCT120 19/18 A2987 RMK AO2 SLP106 70004 T01890183 10200 20178 53008 $
MCI,2023-07-02 12:53,6.00,13000.00,KMCI 021253Z 28003KT 6SM BR SCT130 21/19 A2988 RMK AO2 SLP111 T02060194 $
MCI,2023-07-02 13:53,7.00,13000.00,KMCI 021353Z 29006KT 7SM SCT130 BKN250 22/20 A2990 RMK AO2 SLP115 T02220200 $
MCI,2023-07-02 14:53,8.00,1000.00,KMCI 021453Z 29007KT 8SM FEW010 SCT130 BKN250 24/21 A2991 RMK AO2 SLP119 T02390206 51012 $
MCI,2023-07-02 15:53,10.00,1500.00,KMCI 021553Z 28008KT 10SM FEW015 FEW130 BKN250 26/21 A2991 RMK AO2 SLP121 T02560211
MCI,2023-07-02 16:53,10.00,2500.00,KMCI 021653Z 33007KT 10SM FEW025 SCT250 27/20 A2991 RMK AO2 SLP120 T02720200
MCI,2023-07-02 17:53,10.00,4000.00,KMCI 021753Z 32009KT 10SM SCT040 SCT048 SCT250 28/19 A2991 RMK AO2 SLP119 T02830189 10283 20189 50002
MCI,2023-07-02 18:53,10.00,4700.00,KMCI 021853Z 30007KT 10SM SCT047 SCT065 28/18 A2991 RMK AO2 SLP117 T02830183 PNO $
MCI,2023-07-02 19:53,10.00,4900.00,KMCI 021953Z 31009KT 10SM SCT049 29/18 A2991 RMK AO2 SLP116 T02940178 $
MCI,2023-07-02 20:53,10.00,4900.00,KMCI 022053Z 31007KT 10SM SCT049 29/18 A2990 RMK AO2 SLP113 6//// T02940183 58005 $
MCI,2023-07-02 21:53,10.00,5000.00,KMCI 022153Z 33006KT 10SM FEW050 29/17 A2989 RMK AO2 SLP112 T02940172 $
MCI,2023-07-02 22:53,10.00,5000.00,KMCI 022253Z 31008KT 10SM FEW050 29/16 A2988 RMK AO2 SLP109 T02890161 $
MCI,2023-07-02 23:53,10.00,5000.00,KMCI 022353Z 35007KT 10SM FEW050 28/18 A2988 RMK AO2 SLP107 6//// T02830178 10300 20272 56006 $
MCI,2023-07-03 00:53,10.00,M,KMCI 030053Z 35005KT 10SM CLR 27/18 A2989 RMK AO2 SLP110 T02670183 $
MCI,2023-07-03 01:53,10.00,M,KMCI 030153Z 33003KT 10SM CLR 26/17 A2989 RMK AO2 SLP113 T02560172 $
MCI,2023-07-03 02:53,10.00,M,KMCI 030253Z 30003KT 10SM CLR 25/17 A2992 RMK AO2 SLP119 T02500172 53013 $
MCI,2023-07-03 03:53,10.00,M,KMCI 030353Z 25004KT 10SM CLR 22/17 A2994 RMK AO2 SLP128 T02220172 $
MCI,2023-07-03 04:53,10.00,M,KMCI 030453Z 30003KT 10SM CLR 21/17 A2994 RMK AO2 SLP129 T02060167 $
MCI,2023-07-03 05:53,10.00,M,KMCI 030553Z 00000KT 10SM CLR 20/17 A2994 RMK AO2 SLP127 T02000172 10283 20200 403000178 50007 $
MCI,2023-07-03 06:53,9.00,M,KMCI 030653Z 00000KT 9SM CLR 22/17 A2994 RMK AO2 SLP126 T02170172 $
MCI,2023-07-03 07:53,10.00,20000.00,KMCI 030753Z 00000KT 10SM SCT200 22/17 A2993 RMK AO2 SLP123 T02170172 $
MCI,2023-07-03 08:53,10.00,20000.00,KMCI 030853Z 00000KT 10SM BKN200 18/17 A2993 RMK AO2 SLP124 T01780167 58003 $
MCI,2023-07-03 09:53,10.00,20000.00,KMCI 030953Z 25003KT 10SM BKN200 18/17 A2994 RMK AO2 SLP128 T01830167 $
MCI,2023-07-03 10:53,9.00,20000.00,KMCI 031053Z 00000KT 9SM BKN200 19/17 A2995 RMK AO2 SLP129 T01940167 $
MCI,2023-07-03 11:53,10.00,20000.00,KMCI 031153Z 24004KT 10SM BCFG BKN200 18/17 A2996 RMK AO2 SLP135 T01830172 10228 20178 53010
MCI,2023-07-03 12:53,10.00,25000.00,KMCI 031253Z 00000KT 10SM BKN250 22/18 A2998 RMK AO2 SLP141 T02170183
MCI,2023-07-03 13:53,10.00,25000.00,KMCI 031353Z 20005KT 10SM SCT250 25/19 A2999 RMK AO2 SLP142 T02500189
MCI,2023-07-03 14:53,10.00,25000.00,KMCI 031453Z 19006KT 10SM BKN250 27/18 A2999 RMK AO2 SLP142 T02720183 51009
MCI,2023-07-03 15:53,10.00,5000.00,KMCI 031553Z 19005KT 10SM FEW050 SCT250 27/16 A2999 RMK AO2 SLP145 T02720156
MCI,2023-07-03 16:53,10.00,6000.00,KMCI 031653Z 00000KT 10SM FEW060 SCT250 29/16 A2999 RMK AO2 SLP144 T02890161
MCI,2023-07-03 17:53,10.00,6000.00,KMCI 031753Z 18004KT 10SM FEW060 BKN250 30/16 A2998 RMK AO2 SLP141 T03000161 10311 20183 58002
MCI,2023-07-03 18:53,10.00,6000.00,KMCI 031853Z VRB03KT 10SM FEW060 FEW100 BKN250 31/16 A2997 RMK AO2 SLP137 T03060161
MCI,2023-07-03 19:53,10.00,6000.00,KMCI 031953Z VRB04KT 10SM FEW060 BKN250 31/17 A2996 RMK AO2 SLP132 T03110167
MCI,2023-07-03 20:53,10.00,25000.00,KMCI 032053Z COR 12006KT 10SM BKN250 32/15 A2995 RMK AO2 SLP130 T03170150 58012
MCI,2023-07-03 21:53,10.00,25000.00,KMCI 032153Z 08006KT 10SM SCT250 32/15 A2995 RMK AO2 SLP131 T03170150
MCI,2023-07-03 22:53,10.00,25000.00,KMCI 032253Z 07006KT 10SM SCT250 31/14 A2994 RMK AO2 SLP126 T03110144
MCI,2023-07-03 23:53,10.00,20000.00,KMCI 032353Z 05008KT 10SM SCT200 31/15 A2992 RMK AO2 SLP122 T03060150 10322 20300 58007
MCI,2023-07-04 00:53,10.00,20000.00,KMCI 040053Z 07008KT 10SM FEW200 29/17 A2992 RMK AO2 SLP121 T02890167
MCI,2023-07-04 01:53,10.00,20000.00,KMCI 040153Z 05007KT 10SM FEW200 27/17 A2992 RMK AO2 SLP120 T02720172
MCI,2023-07-04 02:53,10.00,M,KMCI 040253Z 08008KT 10SM CLR 27/17 A2994 RMK AO2 SLP125 T02670172 53004
MCI,2023-07-04 03:53,10.00,20000.00,KMCI 040353Z 12007KT 10SM FEW200 25/17 A2996 RMK AO2 SLP132 T02500167
MCI,2023-07-04 04:53,10.00,20000.00,KMCI 040453Z 15007KT 10SM FEW200 23/16 A2995 RMK AO2 SLP130 T02280161
MCI,2023-07-04 05:53,10.00,M,KMCI 040553Z 16006KT 10SM CLR 21/17 A2996 RMK AO2 SLP133 T02110167 10306 20200 403220178 51007
MCI,2023-07-04 06:53,10.00,M,KMCI 040653Z 15006KT 10SM CLR 22/17 A2995 RMK AO2 SLP131 T02170167
MCI,2023-07-04 07:53,10.00,M,KMCI 040753Z 15005KT 10SM CLR 22/17 A2996 RMK AO2 SLP132 T02220167
MCI,2023-07-04 08:53,10.00,M,KMCI 040853Z 14005KT 10SM CLR 22/17 A2994 RMK AO2 SLP127 T02170167 58005
MCI,2023-07-04 09:53,10.00,M,KMCI 040953Z 18005KT 10SM CLR 21/16 A2995 RMK AO2 SLP128 T02060161
MCI,2023-07-04 10:53,8.00,20000.00,KMCI 041053Z 27005KT 8SM FEW200 19/17 A2997 RMK AO2 SLP138 T01940172
MCI,2023-07-04 11:53,8.00,15000.00,KMCI 041153Z 20005KT 8SM FEW150 20/18 A2998 RMK AO2 SLP140 T02000183 10228 20178 52012
MCI,2023-07-04 12:53,10.00,M,KMCI 041253Z 17004KT 10SM CLR 23/18 A2999 RMK AO2 SLP142 T02330183
MCI,2023-07-04 13:53,10.00,25000.00,KMCI 041353Z 20006KT 10SM FEW250 26/19 A2999 RMK AO2 SLP143 T02560189
MCI,2023-07-04 14:53,10.00,25000.00,KMCI 041453Z 17007KT 10SM FEW250 28/19 A2998 RMK AO2 SLP139 T02780189 50000
MCI,2023-07-04 15:53,10.00,25000.00,KMCI 041553Z 23007KT 10SM FEW250 29/18 A2996 RMK AO2 SLP133 T02890178
MCI,2023-07-04 16:53,10.00,M,KMCI 041653Z 19008KT 140V240 10SM CLR 31/18 A2996 RMK AO2 SLP133 T03110183
MCI,2023-07-04 17:53,10.00,25000.00,KMCI 041753Z 23007KT 10SM SCT250 32/18 A2995 RMK AO2 SLP132 T03220183 10322 20200 56008
MCI,2023-07-04 18:53,10.00,25000.00,KMCI 041853Z 22006KT 10SM SCT250 33/18 A2994 RMK AO2 SLP127 T03330183
MCI,2023-07-04 19:53,10.00,6000.00,KMCI 041953Z 15006KT 10SM FEW060 FEW250 34/18 A2993 RMK AO2 SLP122 T03440178
MCI,2023-07-04 20:53,10.00,6000.00,KMCI 042053Z 24007KT 10SM FEW060 34/17 A2992 RMK AO2 SLP118 T03440172 58013
MCI,2023-07-04 21:53,10.00,6000.00,KMCI 042153Z 20006KT 10SM FEW060 34/18 A2990 RMK AO2 SLP113 T03440178
MCI,2023-07-04 22:53,10.00,6000.00,KMCI 042253Z 21007KT 10SM FEW060 34/18 A2989 RMK AO2 SLP107 T03440183
MCI,2023-07-04 23:53,10.00,6000.00,KMCI 042353Z 20006KT 10SM FEW060 33/19 A2987 RMK AO2 SLP102 T03330189 10350 20322 58016
MCI,2023-07-05 00:53,10.00,20000.00,KMCI 050053Z 16006KT 10SM FEW200 32/21 A2986 RMK AO2 SLP098 T03170206
MCI,2023-07-05 01:53,10.00,15000.00,KMCI 050153Z 16009KT 10SM SCT150 29/20 A2988 RMK AO2 SLP106 T02940200
MCI,2023-07-05 02:53,10.00,20000.00,KMCI 050253Z 15007KT 10SM OVC200 29/21 A2991 RMK AO2 SLP115 T02890206 53013
MCI,2023-07-05 03:53,10.00,20000.00,KMCI 050353Z 15008KT 10SM OVC200 29/21 A2992 RMK AO2 SLP116 FRQ LTGIC DSNT W-NW T02940206
MCI,2023-07-05 04:53,10.00,7000.00,KMCI 050453Z 16012KT 10SM TS SCT070CB OVC140 29/20 A2993 RMK AO2 LTG DSNT SW-N TSB38 SLP120 CONS LTGICCCCG W-N TS W-N MOV SE T02940200
MCI,2023-07-05 05:44,2.00,1700.00,KMCI 050544Z 33028G44KT 2SM +TSRA BKN017CB BKN030 OVC060 20/19 A2999 RMK AO2 PK WND 31055/0527 WSHFT 0514 LTG DSNT ALQDS RAB16 CONS LTGICCCCG ALQDS TS ALQDS MOV SE P0002 T02000189 $
MCI,2023-07-05 06:53,5.00,2700.00,KMCI 050653Z 31010KT 5SM TSRA SCT027CB BKN075 OVC110 19/19 A3006 RMK AO2 PK WND 34030/0605 LTG DSNT ALQDS SLP168 FRQ LTGICCG ALQDS TS ALQDS MOV SE P0063 T01940189 $
MCI,2023-07-05 07:53,7.00,900.00,KMCI 050753Z 23007KT 7SM -TSRA FEW009 SCT070CB OVC110 19/19 A3006 RMK AO2 LTG DSNT NE AND SE AND SW SLP167 OCNL LTGICCG ALQDS TS ALQDS MOV SE P0023 T01890189 $
MCI,2023-07-05 08:53,10.00,400.00,KMCI 050853Z 21004KT 10SM -RA BKN004 OVC120 19/19 A3003 RMK AO2 TSE15 SLP156 P0007 60093 T01890189 58003 $
MCI,2023-07-05 09:53,7.00,200.00,KMCI 050953Z 33003KT 7SM BCFG SCT002 BKN120 OVC200 19/19 A2996 RMK AO2 RAE13 SLP134 P0000 T01890189 $
MCI,2023-07-05 10:53,2.00,200.00,KMCI 051053Z 24010KT 2SM R19R/4500VP6000FT BR BKN002 BKN100 OVC200 19/19 A2995 RMK AO2 SLP131 T01890189 $
MCI,2023-07-05 11:53,6.00,200.00,KMCI 051153Z 36005KT 6SM BR BKN002 BKN100 OVC200 19/19 A2995 RMK AO2 SLP129 60093 70114 T01890189 10194 20189 56026
MCI,2023-07-05 12:53,10.00,400.00,KMCI 051253Z 02008KT 10SM OVC004 20/19 A2999 RMK AO2 SLP144 T02000194
MCI,2023-07-05 13:53,10.00,400.00,KMCI 051353Z 01011KT 10SM OVC004 20/19 A3002 RMK AO2 SLP154 T02000194
MCI,2023-07-05 14:53,10.00,900.00,KMCI 051453Z 35008KT 10SM SCT009 OVC130 22/21 A3005 RMK AO2 SLP163 T02220206 51018 $
MCI,2023-07-05 15:53,10.00,1100.00,KMCI 051553Z 30004KT 10SM BKN011 OVC140 22/20 A3008 RMK AO2 SLP173 T02220200
MCI,2023-07-05 16:53,10.00,1200.00,KMCI 051653Z 00000KT 10SM SCT012 BKN120 OVC250 23/19 A3008 RMK AO2 SLP173 T02280194
MCI,2023-07-05 17:53,10.00,1200.00,KMCI 051753Z 00000KT 10SM FEW012 BKN130 OVC250 24/19 A3007 RMK AO2 SLP173 T02440194 10250 20189 50007
MCI,2023-07-05 18:53,10.00,3000.00,KMCI 051853Z 03003KT 10SM SCT030 BKN130 BKN250 26/19 A3006 RMK AO2 SLP169 T02560189
MCI,2023-07-05 19:53,10.00,3000.00,KMCI 051953Z 30006KT 10SM SCT030 SCT085 BKN250 26/19 A3004 RMK AO2 SLP164 T02610194
MCI,2023-07-05 20:53,10.00,3200.00,KMCI 052053Z 34003KT 10SM SCT032 SCT085 BKN250 27/19 A3001 RMK AO2 SLP154 T02670194 58018
MCI,2023-07-05 21:53,10.00,3000.00,KMCI 052153Z 29008KT 10SM SCT030 BKN050 BKN200 27/21 A3001 RMK AO2 SLP154 T02720206
MCI,2023-07-05 22:53,10.00,5000.00,KMCI 052253Z 31005KT 10SM BKN050 BKN250 26/20 A3001 RMK AO2 SLP153 T02560200
MCI,2023-07-05 23:53,10.00,2400.00,KMCI 052353Z 34005KT 10SM FEW024 BKN040 BKN047 25/21 A3003 RMK AO2 SLP159 T02500206 10272 20244 53004
MCI,2023-07-06 00:53,10.00,2200.00,KMCI 060053Z 36008KT 10SM SCT022 BKN030 BKN048 24/21 A3004 RMK AO2 SLP163 T02390211
MCI,2023-07-06 01:53,10.00,6000.00,KMCI 060153Z 36006KT 10SM FEW060 BKN200 22/19 A3005 RMK AO2 SLP168 T02220189
MCI,2023-07-06 02:53,10.00,M,KMCI 060253Z 36004KT 10SM CLR 21/18 A3007 RMK AO2 SLP175 T02110183 53016
MCI,2023-07-06 03:53,10.00,20000.00,KMCI 060353Z 35005KT 10SM SCT200 21/18 A3008 RMK AO2 SLP178 T02060183
MCI,2023-07-06 04:53,10.00,20000.00,KMCI 060453Z 31006KT 10SM FEW200 20/18 A3009 RMK AO2 SLP182 T02000183
MCI,2023-07-06 05:53,10.00,12000.00,KMCI 060553Z 34005KT 10SM FEW120 FEW200 19/18 A3009 RMK AO2 SLP181 T01940178 10250 20194 402720189 50005
MCI,2023-07-06 06:53,10.00,12000.00,KMCI 060653Z 01006KT 10SM SCT120 19/17 A3008 RMK AO2 SLP176 T01890172
MCI,2023-07-06 07:53,10.00,12000.00,KMCI 060753Z 35005KT 10SM SCT120 18/17 A3008 RMK AO2 SLP179 T01830172
MCI,2023-07-06 08:53,10.00,12000.00,KMCI 060853Z 01005KT 10SM FEW120 SCT200 18/17 A3009 RMK AO2 SLP180 T01780167 55001
MCI,2023-07-06 09:53,10.00,12000.00,KMCI 060953Z 04006KT 10SM FEW120 BKN250 18/17 A3008 RMK AO2 SLP175 T01780167
MCI,2023-07-06 10:53,10.00,15000.00,KMCI 061053Z 35005KT 10SM FEW150 BKN250 17/17 A3011 RMK AO2 SLP187 T01670167
MCI,2023-07-06 11:53,10.00,15000.00,KMCI 061153Z 01005KT 10SM FEW150 OVC250 18/17 A3012 RMK AO2 SLP189 T01780167 10194 20167 53009
MCI,2023-07-06 12:53,10.00,12000.00,KMCI 061253Z 01008KT 10SM FEW120 OVC250 18/17 A3013 RMK AO2 SLP196 T01830167
MCI,2023-07-06 13:53,10.00,12000.00,KMCI 061353Z 04006KT 10SM FEW120 19/16 A3014 RMK AO2 SLP198 T01940156
MCI,2023-07-06 14:53,10.00,13000.00,KMCI 061453Z VRB03KT 10SM FEW130 OVC250 21/16 A3014 RMK AO2 SLP198 T02060156 51008
MCI,2023-07-06 15:53,10.00,13000.00,KMCI 061553Z 03008KT 10SM FEW130 OVC200 22/16 A3012 RMK AO2 SLP192 T02170161
MCI,2023-07-06 16:53,10.00,13000.00,KMCI 061653Z VRB05KT 10SM FEW130 OVC200 23/16 A3014 RMK AO2 SLP197 T02280156
MCI,2023-07-06 17:53,10.00,11000.00,KMCI 061753Z VRB04KT 10SM SCT110 OVC200 23/16 A3013 RMK AO2 SLP195 T02330156 10233 20178 56003
MCI,2023-07-06 18:53,10.00,12000.00,KMCI 061853Z 04005KT 10SM FEW120 OVC250 24/16 A3012 RMK AO2 SLP191 T02390161
MCI,2023-07-06 19:53,10.00,7000.00,KMCI 061953Z 32003KT 10SM FEW070 BKN120 BKN250 23/15 A3011 RMK AO2 SLP188 T02330150
MCI,2023-07-06 20:53,10.00,7000.00,KMCI 062053Z 34005KT 10SM FEW070 BKN120 BKN250 24/15 A3008 RMK AO2 SLP180 T02440150 58015
MCI,2023-07-06 21:53,10.00,7000.00,KMCI 062153Z 36005KT 10SM FEW070 SCT250 25/16 A3007 RMK AO2 SLP175 T02500161
MCI,2023-07-06 22:53,10.00,25000.00,KMCI 062253Z 01003KT 10SM SCT250 25/16 A3005 RMK AO2 SLP168 T02500156
MCI,2023-07-06 23:53,10.00,25000.00,KMCI 062353Z 02005KT 10SM SCT250 24/16 A3004 RMK AO2 SLP164 T02440156 10256 20233 58016 $
MCI,2023-07-07 00:53,10.00,7000.00,KMCI 070053Z 01005KT 10SM FEW070 SCT250 23/16 A3004 RMK AO2 SLP166 T02330156 $
MCI,2023-07-07 01:53,10.00,7000.00,KMCI 070153Z 02006KT 10SM FEW070 SCT250 21/16 A3004 RMK AO2 SLP164 T02060161 $
MCI,2023-07-07 02:53,10.00,7000.00,KMCI 070253Z 05005KT 10SM FEW070 22/15 A3005 RMK AO2 SLP167 T02170150 52003 $
MCI,2023-07-07 03:53,10.00,12000.00,KMCI 070353Z 04004KT 10SM FEW120 21/15 A3006 RMK AO2 SLP172 T02060150 $
MCI,2023-07-07 04:53,10.00,12000.00,KMCI 070453Z 07004KT 10SM SCT120 20/15 A3006 RMK AO2 SLP170 T02000150 $
MCI,2023-07-07 05:53,10.00,15000.00,KMCI 070553Z 05003KT 10SM SCT150 20/16 A3005 RMK AO2 SLP166 T02000156 10244 20194 402560167 50000 $
MCI,2023-07-07 06:53,10.00,15000.00,KMCI 070653Z 05005KT 10SM SCT150 19/16 A3004 RMK AO2 SLP163 T01890156 $
MCI,2023-07-07 07:53,10.00,15000.00,KMCI 070753Z 06005KT 10SM FEW150 BKN250 19/14 A3002 RMK AO2 SLP158 T01940144 $
MCI,2023-07-07 08:53,10.00,10000.00,KMCI 070853Z 09008KT 10SM FEW100 OVC250 19/14 A3000 RMK AO2 SLP150 T01890144 58016 $
MCI,2023-07-07 09:53,10.00,10000.00,KMCI 070953Z 10006KT 10SM FEW100 OVC250 19/14 A3000 RMK AO2 SLP149 T01940139 $
MCI,2023-07-07 10:53,10.00,4500.00,KMCI 071053Z 13005KT 10SM BKN045 OVC250 18/14 A3001 RMK AO2 SLP152 T01830144 $
MCI,2023-07-07 11:53,10.00,4400.00,KMCI 071153Z 10007KT 10SM OVC044 19/14 A3001 RMK AO2 SLP153 T01940144 10200 20183 53003
MCI,2023-07-07 12:53,10.00,4700.00,KMCI 071253Z 13010KT 10SM FEW047 SCT110 OVC250 19/15 A2998 RMK AO2 SLP144 T01940150
MCI,2023-07-07 13:53,10.00,4000.00,KMCI 071353Z 14011KT 10SM BKN040 BKN047 21/15 A2996 RMK AO2 SLP137 T02110150
MCI,2023-07-07 14:53,10.00,4500.00,KMCI 071453Z 11011KT 10SM SCT045 BKN130 OVC250 22/16 A2994 RMK AO2 SLP131 T02220156 56022
MCI,2023-07-07 15:53,10.00,4500.00,KMCI 071553Z 13008KT 10SM FEW045 BKN100 OVC250 23/17 A2993 RMK AO2 SLP128 T02330167
MCI,2023-07-07 16:53,10.00,3800.00,KMCI 071653Z VRB04KT 10SM BKN038 OVC250 24/17 A2996 RMK AO2 SLP137 T02440167
MCI,2023-07-07 17:53,10.00,3700.00,KMCI 071753Z 01005KT 10SM BKN037 BKN043 OVC055 25/18 A2996 RMK AO2 SLP135 T02500178 10256 20194 53005
MCI,2023-07-07 18:53,10.00,3400.00,KMCI 071853Z 05014KT 10SM SCT034 OVC070 21/17 A2995 RMK AO2 SLP135 T02110172
MCI,2023-07-07 19:53,10.00,7500.00,KMCI 071953Z 07011KT 10SM SCT075 BKN250 23/18 A2993 RMK AO2 SLP124 T02330178
MCI,2023-07-07 21:53,10.00,20000.00,KMCI 072153Z 12007KT 10SM SCT200 26/19 A2988 RMK AO2 SLP108 T02560189
MCI,2023-07-07 22:53,10.00,15000.00,KMCI 072253Z 15008KT 10SM SCT150 26/19 A2987 RMK AO2 SLP104 T02610194
MCI,2023-07-07 23:53,10.00,11000.00,KMCI 072353Z 00000KT 10SM BKN110 BKN150 26/20 A2989 RMK AO2 SLP110 T02560200 10261 20206 55001
MCI,2023-07-08 00:53,10.00,11000.00,KMCI 080053Z 30003KT 10SM BKN110 BKN160 25/21 A2986 RMK AO2 LTG DSNT N AND NW SLP103 T02500206
MCI,2023-07-08 01:53,10.00,10000.00,KMCI 080153Z VRB04KT 10SM SCT100 BKN130 24/19 A2986 RMK AO2 LTG DSNT NE AND E SLP100 T02440194
MCI,2023-07-08 02:53,10.00,5000.00,KMCI 080253Z 07004KT 10SM SCT050 SCT130 23/20 A2987 RMK AO2 SLP105 T02280200 55005
MCI,2023-07-08 03:53,10.00,11000.00,KMCI 080353Z 05004KT 10SM FEW110 22/20 A2989 RMK AO2 SLP112 T02170200
MCI,2023-07-08 04:53,10.00,6500.00,KMCI 080453Z 06005KT 10SM BKN065 BKN090 22/19 A2989 RMK AO2 SLP113 T02220194
MCI,2023-07-08 05:53,10.00,5000.00,KMCI 080553Z 02005KT 10SM SCT050 21/19 A2990 RMK AO2 SLP115 T02060194 10256 20206 402610183 51009
MCI,2023-07-08 06:53,10.00,2700.00,KMCI 080653Z 02004KT 10SM OVC027 21/19 A2991 RMK AO2 LTG DSNT S SLP120 CB DSNT S MOV E T02110194
MCI,2023-07-08 07:53,10.00,3000.00,KMCI 080753Z 33004KT 10SM BKN030 OVC040 21/20 A2991 RMK AO2 SLP119 T02060200
MCI,2023-07-08 08:53,10.00,2700.00,KMCI 080853Z 35008KT 10SM BKN027 OVC040 21/20 A2991 RMK AO2 LTG DSNT SE AND S SLP117 CB DSNT SE-S MOV E T02060200 58001
MCI,2023-07-08 09:53,10.00,400.00,KMCI 080953Z 36010KT 10SM BKN004 OVC025 19/19 A2991 RMK AO2 LTG DSNT S RAB04E16 SLP120 CB DSNT S MOV E P0000 T01940189
MCI,2023-07-08 10:53,10.00,600.00,KMCI 081053Z 01007KT 10SM SCT006 BKN040 BKN100 19/18 A2994 RMK AO2 SLP127 T01890183
MCI,2023-07-08 11:53,10.00,500.00,KMCI 081153Z 36012KT 10SM OVC005 19/18 A2995 RMK AO2 SLP134 60000 T01890183 10211 20189 53015
MCI,2023-07-08 12:53,10.00,700.00,KMCI 081253Z 01010KT 10SM FEW007 OVC017 19/18 A2998 RMK AO2 SLP142 T01940178
MCI,2023-07-08 13:53,9.00,700.00,KMCI 081353Z 02008KT 9SM BKN007 OVC014 18/17 A2999 RMK AO2 SLP145 T01830172
MCI,2023-07-08 14:53,10.00,700.00,KMCI 081453Z 01007KT 10SM OVC007 18/17 A2999 RMK AO2 SLP148 T01830172 51005
MCI,2023-07-08 15:53,4.00,800.00,KMCI 081553Z 02008KT 4SM BR OVC008 18/17 A3000 RMK AO2 SLP150 T01780167
MCI,2023-07-08 16:53,10.00,1100.00,KMCI 081653Z 01007KT 10SM BKN011 OVC014 18/17 A3001 RMK AO2 RAB1554E09 SLP156 P0001 T01830172
MCI,2023-07-08 17:53,10.00,1900.00,KMCI 081753Z 36008KT 10SM BKN019 OVC031 20/16 A3001 RMK AO2 SLP154 60001 T02000156 10206 20178 50005
MCI,2023-07-08 18:53,10.00,2200.00,KMCI 081853Z 03007KT 10SM FEW022 OVC032 21/16 A3000 RMK AO2 SLP152 T02060156
MCI,2023-07-08 19:53,10.00,3300.00,KMCI 081953Z 04005KT 10SM SCT033 23/16 A2999 RMK AO2 SLP146 T02280156
MCI,2023-07-08 20:53,10.00,3200.00,KMCI 082053Z 36006KT 10SM FEW032 23/16 A2998 RMK AO2 SLP142 T02330161 58010
MCI,2023-07-08 21:53,10.00,3500.00,KMCI 082153Z 36008KT 10SM SCT035 BKN150 BKN250 24/16 A2997 RMK AO2 SLP139 T02390156
MCI,2023-07-08 22:53,10.00,3500.00,KMCI 082253Z 02007KT 10SM FEW035 SCT150 BKN250 24/16 A2994 RMK AO2 SLP130 T02390156
MCI,2023-07-08 23:53,10.00,3500.00,KMCI 082353Z 36006KT 10SM FEW035 FEW150 SCT250 24/15 A2994 RMK AO2 SLP130 T02390150 10244 20194 56012
MCI,2023-07-09 00:53,10.00,3500.00,KMCI 090053Z 36006KT 10SM FEW035 SCT250 22/15 A2995 RMK AO2 SLP135 T02220150
MCI,2023-07-09 01:53,10.00,4000.00,KMCI 090153Z 36004KT 10SM FEW040 BKN250 21/14 A2997 RMK AO2 SLP140 T02060144
MCI,2023-07-09 02:53,10.00,4000.00,KMCI 090253Z 01006KT 10SM FEW040 BKN250 19/14 A2997 RMK AO2 SLP143 T01890144 51011
MCI,2023-07-09 03:53,10.00,25000.00,KMCI 090353Z 36003KT 10SM BKN250 19/15 A2999 RMK AO2 SLP148 T01890150
MCI,2023-07-09 04:53,10.00,14000.00,KMCI 090453Z 00000KT 10SM FEW140 BKN250 17/15 A3000 RMK AO2 SLP152 T01720150
MCI,2023-07-09 05:53,10.00,18000.00,KMCI 090553Z 02003KT 10SM FEW180 OVC250 18/16 A2999 RMK AO2 SLP148 T01780156 10239 20167 402440167 50004
MCI,2023-07-09 06:53,10.00,13000.00,KMCI 090653Z 00000KT 10SM FEW130 OVC220 18/15 A2997 RMK AO2 SLP143 T01830150
MCI,2023-07-09 07:53,10.00,20000.00,KMCI 090753Z 35006KT 10SM BKN200 17/15 A2998 RMK AO2 SLP144 T01670150
MCI,2023-07-09 08:53,10.00,14000.00,KMCI 090853Z 35004KT 10SM BKN140 17/15 A2999 RMK AO2 SLP148 T01720150 53001
MCI,2023-07-09 09:53,10.00,15000.00,KMCI 090953Z 00000KT 10SM BKN150 17/16 A2998 RMK AO2 SLP145 T01670156
MCI,2023-07-09 10:53,10.00,10000.00,KMCI 091053Z 36004KT 10SM FEW100 SCT150 BKN250 16/15 A2997 RMK AO2 SLP142 T01560150
MCI,2023-07-09 11:53,9.00,15000.00,KMCI 091153Z 36004KT 9SM FEW150 BKN250 17/16 A2999 RMK AO2 SLP148 70001 T01720156 10183 20156 55000
MCI,2023-07-09 12:53,10.00,15000.00,KMCI 091253Z 02004KT 10SM FEW150 BKN250 18/16 A2999 RMK AO2 SLP149 T01830161
MCI,2023-07-09 13:53,10.00,15000.00,KMCI 091353Z 03005KT 10SM FEW150 BKN250 22/16 A3001 RMK AO2 SLP155 T02170156
MCI,2023-07-09 14:53,10.00,4000.00,KMCI 091453Z 03007KT 10SM FEW040 BKN250 23/16 A3001 RMK AO2 SLP155 T02330156 50007
MCI,2023-07-09 15:53,10.00,M,KMCI 091553Z 01005KT 10SM CLR 24/16 A3002 RMK AO2 SLP155 T02440156
MCI,2023-07-09 16:53,10.00,4100.00,KMCI 091653Z 05006KT 10SM FEW041 26/16 A3002 RMK AO2 SLP156 T02560156
MCI,2023-07-09 17:53,10.00,4500.00,KMCI 091753Z 29004KT 10SM BKN045 BKN250 27/16 A3002 RMK AO2 SLP155 T02670156 10267 20172 50001
MCI,2023-07-09 18:53,10.00,4800.00,KMCI 091853Z 01006KT 10SM SCT048 27/14 A3000 RMK AO2 SLP150 T02720144
MCI,2023-07-09 19:53,10.00,4800.00,KMCI 091953Z 29003KT 10SM BKN048 27/14 A2999 RMK AO2 SLP145 T02720144
MCI,2023-07-09 20:53,10.00,6000.00,KMCI 092053Z 34007KT 10SM SCT060 28/13 A2998 RMK AO2 SLP141 T02780128 57013
MCI,2023-07-09 21:53,10.00,5500.00,KMCI 092153Z VRB04KT 10SM SCT055 28/15 A2997 RMK AO2 SLP140 T02780150
MCI,2023-07-09 22:53,10.00,5000.00,KMCI 092253Z 35005KT 10SM SCT050 27/15 A2997 RMK AO2 SLP138 T02720150
MCI,2023-07-09 23:53,10.00,5000.00,KMCI 092353Z 34004KT 10SM FEW050 25/17 A2996 RMK AO2 SLP139 T02500167 10278 20250 56004
MCI,2023-07-10 00:53,10.00,5000.00,KMCI 100053Z 02004KT 10SM FEW050 26/16 A2997 RMK AO2 SLP139 T02560161
MCI,2023-07-10 01:53,10.00,M,KMCI 100153Z 31003KT 10SM CLR 24/16 A2997 RMK AO2 SLP138 T02390156
MCI,2023-07-10 02:53,10.00,M,KMCI 100253Z 00000KT 10SM CLR 23/14 A2998 RMK AO2 SLP143 T02280144 53006
MCI,2023-07-10 03:53,10.00,M,KMCI 100353Z 00000KT 10SM CLR 21/14 A2999 RMK AO2 SLP147 T02110139
MCI,2023-07-10 04:53,10.00,M,KMCI 100453Z 00000KT 10SM CLR 22/14 A2999 RMK AO2 SLP146 T02220139
MCI,2023-07-10 05:53,10.00,M,KMCI 100553Z 18003KT 10SM CLR 19/14 A2998 RMK AO2 SLP143 T01940144 10261 20167 402780156 58001
MCI,2023-07-10 06:53,10.00,M,KMCI 100653Z 19004KT 10SM CLR 18/14 A2997 RMK AO2 SLP140 T01830139
MCI,2023-07-10 07:53,10.00,M,KMCI 100753Z 18005KT 10SM CLR 18/15 A2997 RMK AO2 SLP140 T01830150
MCI,2023-07-10 08:53,10.00,M,KMCI 100853Z 16005KT 10SM CLR 18/14 A2997 RMK AO2 SLP138 T01780139 56004
MCI,2023-07-10 09:53,10.00,M,KMCI 100953Z 25006KT 10SM CLR 16/16 A2998 RMK AO2 SLP142 T01610156
MCI,2023-07-10 10:53,10.00,M,KMCI 101053Z 24006KT 10SM R19R/2600VP6000FT CLR 17/15 A2999 RMK AO2 SLP147 T01670150
MCI,2023-07-10 11:53,10.00,M,KMCI 101153Z 20004KT 10SM CLR 16/15 A3000 RMK AO2 SLP150 T01610150 10211 20150 52010
MCI,2023-07-10 12:53,10.00,M,KMCI 101253Z 20005KT 10SM CLR 21/17 A3000 RMK AO2 SLP151 T02060167
MCI,2023-07-10 13:53,10.00,M,KMCI 101353Z 20008KT 10SM CLR 23/16 A3001 RMK AO2 SLP152 T02280156
MCI,2023-07-10 14:53,10.00,M,KMCI 101453Z 21008KT 10SM CLR 25/17 A3000 RMK AO2 SLP150 T02500167 50002
MCI,2023-07-10 15:53,10.00,M,KMCI 101553Z 25010KT 10SM CLR 27/16 A3000 RMK AO2 SLP148 T02670161
MCI,2023-07-10 16:53,10.00,M,KMCI 101653Z 20009KT 10SM CLR 28/16 A2999 RMK AO2 SLP144 T02780161
MCI,2023-07-10 17:53,10.00,5000.00,KMCI 101753Z 23009KT 10SM FEW050 28/16 A2998 RMK AO2 SLP142 T02830161 10283 20161 58008
MCI,2023-07-10 18:53,10.00,5500.00,KMCI 101853Z VRB06KT 10SM FEW055 29/16 A2996 RMK AO2 SLP136 T02890161
MCI,2023-07-10 19:53,10.00,5500.00,KMCI 101953Z VRB05KT 10SM FEW055 29/17 A2995 RMK AO2 SLP131 T02940167
MCI,2023-07-10 20:53,10.00,5500.00,KMCI 102053Z VRB04KT 10SM FEW055 30/17 A2994 RMK AO2 SLP128 T03000172 56014
MCI,2023-07-10 21:53,10.00,5500.00,KMCI 102153Z 21008KT 10SM FEW055 29/17 A2992 RMK AO2 SLP122 T02940172
MCI,2023-07-10 22:53,10.00,M,KMCI 102253Z 23008KT 10SM CLR 29/17 A2991 RMK AO2 SLP117 T02940167
MCI,2023-07-10 23:53,10.00,20000.00,KMCI 102353Z 21005KT 10SM FEW200 29/17 A2990 RMK AO2 SLP115 T02890172 10300 20283 56013
MCI,2023-07-11 00:53,10.00,20000.00,KMCI 110053Z 19005KT 10SM FEW200 27/19 A2989 RMK AO2 SLP110 T02670189
MCI,2023-07-11 01:53,10.00,7500.00,KMCI 110153Z 19004KT 10SM FEW075 SCT200 25/17 A2990 RMK AO2 SLP115 T02500172
MCI,2023-07-11 02:53,10.00,20000.00,KMCI 110253Z 14003KT 10SM SCT200 23/17 A2990 RMK AO2 SLP114 T02330172 55000
MCI,2023-07-11 03:53,10.00,20000.00,KMCI 110353Z 01004KT 10SM SCT200 25/17 A2994 RMK AO2 PRESRR SLP127 T02500167
MCI,2023-07-11 04:53,10.00,20000.00,KMCI 110453Z 20007KT 10SM BKN200 23/17 A2993 RMK AO2 SLP122 T02280172
MCI,2023-07-11 05:53,10.00,8000.00,KMCI 110553Z 19008KT 10SM FEW080 SCT110 BKN150 22/18 A2992 RMK AO2 SLP120 T02170183 10289 20211 403000150 50006
MCI,2023-07-11 06:53,10.00,16000.00,KMCI 110653Z 19007KT 10SM BKN160 22/17 A2989 RMK AO2 SLP111 T02170172
MCI,2023-07-11 07:53,10.00,16000.00,KMCI 110753Z 21006KT 10SM FEW160 SCT200 23/17 A2989 RMK AO2 SLP111 T02280172
MCI,2023-07-11 08:53,10.00,20000.00,KMCI 110853Z 18006KT 10SM SCT200 21/18 A2986 RMK AO2 SLP099 T02110178 58019
MCI,2023-07-11 09:53,10.00,20000.00,KMCI 110953Z 14004KT 10SM FEW200 21/18 A2984 RMK AO2 SLP093 T02060178
MCI,2023-07-11 10:53,10.00,20000.00,KMCI 111053Z 14005KT 10SM SCT200 21/18 A2986 RMK AO2 SLP102 T02060178
MCI,2023-07-11 11:53,10.00,25000.00,KMCI 111153Z 17007KT 10SM SCT250 21/19 A2991 RMK AO2 SLP119 T02110189 10228 20200 53018
MCI,2023-07-11 12:53,10.00,13000.00,KMCI 111253Z 20009KT 10SM FEW130 24/20 A2994 RMK AO2 SLP126 T02440200
MCI,2023-07-11 13:53,10.00,M,KMCI 111353Z 21009KT 10SM CLR 26/21 A2995 RMK AO2 SLP129 T02610206
MCI,2023-07-11 14:53,10.00,13000.00,KMCI 111453Z 20011G20KT 10SM FEW130 FEW250 28/22 A2994 RMK AO2 SLP128 T02780222 50009
MCI,2023-07-11 15:53,10.00,3000.00,KMCI 111553Z 21011KT 10SM FEW030 29/23 A2995 RMK AO2 SLP130 T02940228
MCI,2023-07-11 16:53,10.00,2900.00,KMCI 111653Z 20011KT 10SM SCT029 31/23 A2995 RMK AO2 SLP130 T03060233
MCI,2023-07-11 17:53,10.00,3100.00,KMCI 111753Z 21007KT 10SM BKN031 31/23 A2994 RMK AO2 SLP126 T03060233 10311 20211 58002
MCI,2023-07-11 18:53,10.00,3700.00,KMCI 111853Z 20008KT 10SM SCT037 BKN048 32/23 A2991 RMK AO2 SLP117 T03220228
MCI,2023-07-11 19:53,10.00,4200.00,KMCI 111953Z 19009KT 10SM SCT042 32/23 A2990 RMK AO2 SLP111 T03220228
MCI,2023-07-11 20:53,10.00,4300.00,KMCI 112053Z 21006KT 10SM SCT043 33/23 A2989 RMK AO2 SLP108 T03280228 56016
MCI,2023-07-11 21:53,10.00,4600.00,KMCI 112153Z 22006KT 10SM SCT046 32/23 A2988 RMK AO2 SLP107 T03220228
MCI,2023-07-11 22:53,10.00,4600.00,KMCI 112253Z 22007KT 10SM SCT046 33/23 A2988 RMK AO2 SLP105 T03280228
MCI,2023-07-11 23:53,10.00,4600.00,KMCI 112353Z 22004KT 10SM FEW046 32/22 A2986 RMK AO2 SLP100 T03220222 10333 20306 58009
MCI,2023-07-12 00:53,10.00,4600.00,KMCI 120053Z 22003KT 10SM FEW046 31/23 A2986 RMK AO2 SLP097 T03060233
MCI,2023-07-12 01:53,10.00,4600.00,KMCI 120153Z 22003KT 10SM SCT046 29/22 A2986 RMK AO2 SLP098 T02940222
MCI,2023-07-12 02:53,10.00,M,KMCI 120253Z 15005KT 10SM CLR 26/23 A2988 RMK AO2 SLP104 T02610228 53005
MCI,2023-07-12 03:53,10.00,M,KMCI 120353Z 16006KT 10SM CLR 26/22 A2989 RMK AO2 SLP108 T02610217
MCI,2023-07-12 04:53,10.00,M,KMCI 120453Z 16007KT 10SM CLR 25/21 A2989 RMK AO2 SLP107 T02500211
MCI,2023-07-12 05:53,10.00,M,KMCI 120553Z 19009KT 10SM CLR 25/21 A2989 RMK AO2 SLP109 T02500211 10322 20239 403330200 51005
MCI,2023-07-12 06:53,10.00,17000.00,KMCI 120653Z 22007KT 10SM BKN170 26/21 A2990 RMK AO2 SLP110 T02560211
MCI,2023-07-12 07:53,10.00,17000.00,KMCI 120753Z 20006KT 10SM BKN170 24/21 A2989 RMK AO2 SLP107 T02390211
MCI,2023-07-12 08:53,10.00,18000.00,KMCI 120853Z 19006KT 10SM BKN180 23/21 A2987 RMK AO2 SLP101 T02330211 58007
MCI,2023-07-12 09:53,10.00,18000.00,KMCI 120953Z 21008KT 10SM SCT180 23/21 A2985 RMK AO2 SLP095 T02330206
MCI,2023-07-12 10:53,10.00,18000.00,KMCI 121053Z 20012G20KT 10SM FEW180 FEW250 23/21 A2982 RMK AO2 SLP085 T02330206
MCI,2023-07-12 11:53,10.00,25000.00,KMCI 121153Z 21009KT 10SM FEW250 24/21 A2982 RMK AO2 SLP085 T02390206 10261 20228 55015
MCI,2023-07-12 12:53,10.00,M,KMCI 121253Z 20011KT 10SM CLR 25/22 A2984 RMK AO2 SLP091 T02500217
MCI,2023-07-12 13:53,9.00,5000.00,KMCI 121353Z 33018G26KT 9SM FEW050 FEW130 BKN250 27/22 A2993 RMK AO2 PK WND 32026/1353 PRESRR SLP122 T02720222
MCI,2023-07-12 14:53,10.00,1900.00,KMCI 121453Z 02009KT 10SM FEW019 28/22 A2991 RMK AO2 PK WND 33030/1354 SLP116 T02780217 50030
MCI,2023-07-12 15:53,10.00,2200.00,KMCI 121553Z 02011KT 10SM SCT022 SCT034 BKN150 BKN250 27/21 A2994 RMK AO2 SLP128 T02720211
MCI,2023-07-12 16:53,10.00,3600.00,KMCI 121653Z 08016G25KT 10SM BKN036 26/19 A2990 RMK AO2 PK WND 02026/1637 WSHFT 1639 LTG DSNT NE PRESFR SLP111 T02560189
MCI,2023-07-12 17:53,10.00,3600.00,KMCI 121753Z 11016G23KT 10SM BKN036 BKN090 28/19 A2988 RMK AO2 PK WND 10026/1658 WSHFT 1640 PRESFR SLP105 T02780194 10283 20239 58012
MCI,2023-07-12 18:53,10.00,3600.00,KMCI 121853Z 14016G22KT 10SM FEW036 BKN180 31/22 A2984 RMK AO2 PK WND 13027/1801 SLP093 T03060217
MCI,2023-07-12 19:53,10.00,18000.00,KMCI 121953Z 14008KT 10SM BKN180 31/23 A2982 RMK AO2 SLP085 T03110228
MCI,2023-07-12 20:53,10.00,18000.00,KMCI 122053Z 16010KT 10SM SCT180 32/22 A2981 RMK AO2 SLP080 T03220222 56023
MCI,2023-07-12 21:53,10.00,19000.00,KMCI 122153Z 18007KT 10SM BKN190 32/23 A2979 RMK AO2 SLP075 T03170228
MCI,2023-07-12 22:53,10.00,19000.00,KMCI 122253Z 22005KT 10SM SCT190 32/23 A2979 RMK AO2 SLP073 T03220233
MCI,2023-07-12 23:53,10.00,5500.00,KMCI 122353Z 28004KT 10SM FEW055 SCT190 32/23 A2979 RMK AO2 SLP074 T03220233 10328 20278 55006
MCI,2023-07-13 00:53,10.00,6500.00,KMCI 130053Z 35005KT 10SM BKN065 31/26 A2979 RMK AO2 SLP074 T03060256
MCI,2023-07-13 01:53,10.00,7000.00,KMCI 130153Z 01007KT 10SM BKN070 28/24 A2979 RMK AO2 SLP073 T02830239
MCI,2023-07-13 02:53,10.00,5000.00,KMCI 130253Z 02011KT 10SM BKN050 28/23 A2979 RMK AO2 LTG DSNT SE SLP074 T02780233 53001
MCI,2023-07-13 03:53,10.00,5000.00,KMCI 130353Z 04008KT 10SM BKN050 27/23 A2982 RMK AO2 LTG DSNT S SLP084 T02720233
MCI,2023-07-13 04:53,10.00,3800.00,KMCI 130453Z 08009KT 10SM BKN038 OVC050 27/23 A2984 RMK AO2 LTG DSNT S SLP091 T02720233
MCI,2023-07-13 05:53,10.00,2600.00,KMCI 130553Z 07006KT 10SM FEW026 OVC043 27/23 A2984 RMK AO2 SLP091 T02670233 10322 20267 403280228 51016
MCI,2023-07-13 06:53,10.00,4500.00,KMCI 130653Z 09006KT 10SM BKN045 26/23 A2984 RMK AO2 SLP091 T02610233
MCI,2023-07-13 07:53,10.00,6000.00,KMCI 130753Z 12005KT 10SM FEW060 25/22 A2985 RMK AO2 SLP095 T02500222
MCI,2023-07-13 08:53,10.00,5000.00,KMCI 130853Z 01006KT 10SM SCT050 23/22 A2986 RMK AO2 SLP097 T02330222 53005
MCI,2023-07-13 09:53,10.00,5000.00,KMCI 130953Z 06005KT 10SM FEW050 24/22 A2986 RMK AO2 SLP099 T02390222
MCI,2023-07-13 10:53,10.00,800.00,KMCI 131053Z 04006KT 10SM BCFG FEW008 FEW250 23/22 A2987 RMK AO2 SLP102 T02280217
MCI,2023-07-13 11:53,5.00,300.00,KMCI 131153Z 01004KT 5SM BR SCT003 22/22 A2988 RMK AO2 SLP106 T02220222 10267 20217 53009
MCI,2023-07-13 12:53,10.00,200.00,KMCI 131253Z 03004KT 10SM FEW002 24/23 A2989 RMK AO2 SLP108 T02440228
MCI,2023-07-13 13:53,10.00,200.00,KMCI 131353Z 08004KT 10SM FEW002 FEW150 26/22 A2989 RMK AO2 SLP108 T02610222
MCI,2023-07-13 14:53,10.00,200.00,KMCI 131453Z 00000KT 10SM FEW002 SCT150 SCT250 28/23 A2990 RMK AO2 SLP112 T02830228 53006
MCI,2023-07-13 15:53,10.00,1800.00,KMCI 131553Z 00000KT 10SM SCT018 SCT150 SCT250 28/23 A2990 RMK AO2 SLP113 T02830228
MCI,2023-07-13 16:53,10.00,M,KMCI 131653Z 26004KT 10SM CLR 29/23 A2990 RMK AO2 SLP114 T02940233
MCI,2023-07-13 17:53,10.00,2000.00,KMCI 131753Z 35004KT 10SM FEW020 SCT150 BKN250 31/23 A2991 RMK AO2 SLP113 T03060228 10311 20222 53002
MCI,2023-07-13 18:53,10.00,3000.00,KMCI 131853Z 30008KT 10SM FEW030 SCT150 BKN250 32/24 A2990 RMK AO2 SLP112 T03170239
MCI,2023-07-13 19:53,10.00,3000.00,KMCI 131953Z 34006KT 10SM FEW030 BKN150 31/23 A2989 RMK AO2 SLP109 T03060228
MCI,2023-07-13 20:53,10.00,3000.00,KMCI 132053Z 27004KT 10SM FEW030 BKN190 31/23 A2986 RMK AO2 SLP100 T03110228 58014
MCI,2023-07-13 21:53,10.00,18000.00,KMCI 132153Z 33003KT 10SM BKN180 31/21 A2986 RMK AO2 SLP098 T03060211
MCI,2023-07-13 22:53,10.00,16000.00,KMCI 132253Z 21006KT 10SM BKN160 31/23 A2983 RMK AO2 SLP090 T03060233
MCI,2023-07-13 23:53,10.00,16000.00,KMCI 132353Z 01007KT 10SM BKN160 29/22 A2985 RMK AO2 SLP096 T02940222 10322 20289 55005
MCI,2023-07-14 00:53,10.00,16000.00,KMCI 140053Z 03005KT 10SM SCT160 28/22 A2985 RMK AO2 SLP097 T02830222
MCI,2023-07-14 01:53,10.00,15000.00,KMCI 140153Z 08005KT 10SM FEW150 28/22 A2985 RMK AO2 SLP095 T02780217
MCI,2023-07-14 02:53,10.00,15000.00,KMCI 140253Z 16004KT 10SM FEW150 26/22 A2987 RMK AO2 SLP103 T02610222 53008
MCI,2023-07-14 03:53,10.00,13000.00,KMCI 140353Z 09004KT 10SM SCT130 27/22 A2990 RMK AO2 SLP113 T02670222
MCI,2023-07-14 04:53,10.00,17000.00,KMCI 140453Z 14004KT 10SM BKN170 25/22 A2991 RMK AO2 SLP116 T02500217
MCI,2023-07-14 05:53,10.00,12000.00,KMCI 140553Z 15003KT 10SM FEW120 SCT170 24/22 A2990 RMK AO2 SLP113 T02390217 10300 20239 403220217 50009
MCI,2023-07-14 06:53,10.00,17000.00,KMCI 140653Z 13005KT 10SM SCT170 24/21 A2988 RMK AO2 SLP105 T02390206
MCI,2023-07-14 07:53,10.00,17000.00,KMCI 140753Z 16004KT 10SM FEW170 21/20 A2986 RMK AO2 SLP099 T02110200
MCI,2023-07-14 08:53,10.00,17000.00,KMCI 140853Z 14005KT 10SM FEW170 23/20 A2985 RMK AO2 SLP094 T02280200 56018
MCI,2023-07-14 09:53,10.00,25000.00,KMCI 140953Z 13006KT 10SM FEW250 23/19 A2986 RMK AO2 SLP101 T02280194
MCI,2023-07-14 10:53,10.00,17000.00,KMCI 141053Z 15007KT 10SM FEW170 FEW250 21/19 A2986 RMK AO2 SLP101 T02060189
MCI,2023-07-14 11:53,10.00,17000.00,KMCI 141153Z 17007KT 10SM FEW170 SCT250 22/19 A2986 RMK AO2 SLP099 T02170194 10244 20206 50004
MCI,2023-07-14 12:53,10.00,25000.00,KMCI 141253Z 00000KT 10SM BKN250 26/22 A2986 RMK AO2 SLP099 T02560217
MCI,2023-07-14 13:53,10.00,13000.00,KMCI 141353Z 21005KT 10SM FEW130 BKN250 28/22 A2988 RMK AO2 SLP107 T02830222
MCI,2023-07-14 14:53,10.00,13000.00,KMCI 141453Z 18008KT 10SM FEW130 BKN250 31/23 A2988 RMK AO2 SLP105 T03060228 50006
MCI,2023-07-14 15:53,10.00,M,KMCI 141553Z 00000KT 10SM CLR 32/22 A2986 RMK AO2 SLP098 T03170222
MCI,2023-07-14 16:53,10.00,3000.00,KMCI 141653Z 00000KT 10SM FEW030 SCT250 33/22 A2988 RMK AO2 SLP103 T03330222
MCI,2023-07-14 17:53,10.00,5000.00,KMCI 141753Z 11005KT 10SM SCT050 BKN250 33/23 A2984 RMK AO2 SLP092 T03330228 10350 20217 58012
MCI,2023-07-14 18:53,10.00,5500.00,KMCI 141853Z 18007KT 100V230 10SM SCT055 SCT100 BKN250 34/22 A2983 RMK AO2 SLP086 T03440217
MCI,2023-07-14 19:53,10.00,6000.00,KMCI 141953Z 03013KT 10SM SCT060 OVC110 32/23 A2981 RMK AO2 LTG DSNT SW-NW SLP081 CB DSNT SW-W MOV SE T03170233
MCI,2023-07-14 20:53,7.00,2500.00,KMCI 142053Z 36017G28KT 7SM R19R/6000VP6000FT -TSRA BKN025 BKN080CB OVC100 23/20 A2986 RMK AO2 PK WND 01032/2031 WSHFT 2025 LTG DSNT ALQDS RAB12 TSB03 SLP101 TS ALQDS MOV E P0019 60019 T02280200 53005 $
MCI,2023-07-14 21:53,8.00,5000.00,KMCI 142153Z 24011KT 8SM TSRA SCT050 BKN070CB OVC100 21/21 A2991 RMK AO2 PK WND 29027/2100 WSHFT 2047 LTG DSNT ALQDS SLP120 TS ALQDS MOV E P0059 T02060206 $
MCI,2023-07-14 22:53,10.00,5000.00,KMCI 142253Z 15008KT 10SM VCTS -RA SCT050CB BKN100 OVC130 21/21 A2992 RMK AO2 LTG DSNT NE-S SLP124 TS VC NE-SE MOV E P0009 T02060206 $
MCI,2023-07-14 23:53,10.00,3700.00,KMCI 142353Z 17009G30KT 10SM SCT037 BKN100 BKN150 22/19 A2977 RMK AO2 PK WND 15030/2347 RAE35 SLP070 P0001 60088 T02170194 10350 20200 58031 $
MCI,2023-07-15 00:53,10.00,15000.00,KMCI 150053Z 04007KT 10SM BKN150 22/19 A2980 RMK AO2 WSHFT 0017 SLP079 T02170194 $
MCI,2023-07-15 01:53,10.00,20000.00,KMCI 150153Z 35006KT 10SM BKN200 21/19 A2982 RMK AO2 SLP087 T02110194 $
MCI,2023-07-15 02:53,10.00,M,KMCI 150253Z 33005KT 10SM CLR 20/19 A2986 RMK AO2 PRESRR SLP100 T02000194 53032 $
MCI,2023-07-15 03:53,9.00,600.00,KMCI 150353Z 31004KT 9SM FEW006 20/19 A2989 RMK AO2 SLP110 T02000194 $
MCI,2023-07-15 04:53,6.00,M,KMCI 150453Z 28004KT 6SM BR CLR 20/20 A2991 RMK AO2 SLP116 T02000200 $
MCI,2023-07-15 05:53,1.00,200.00,KMCI 150553Z 26005KT 1SM R19R/2600VP6000FT BR BKN002 20/20 A2992 RMK AO2 SLP119 T02000200 10228 20194 403500194 53009 $
MCI,2023-07-15 06:53,0.25,100.00,KMCI 150653Z 29005KT 1/4SM R19R/1600V2000FT FG VV001 20/20 A2991 RMK AO2 SLP115 T02000200 $
MCI,2023-07-15 07:53,0.50,100.00,KMCI 150753Z 29006KT 1/2SM R19R/2600V3000FT FG VV001 19/19 A2990 RMK AO2 SLP112 T01940194 $
MCI,2023-07-15 08:53,4.00,100.00,KMCI 150853Z 30006KT 4SM BR SCT001 BKN005 BKN050 19/19 A2990 RMK AO2 SLP115 T01940194 56007 $
MCI,2023-07-15 09:53,3.00,100.00,KMCI 150953Z 27004KT 3SM R19R/2600V4500FT BR FEW001 FEW005 19/19 A2991 RMK AO2 SLP119 T01890189 $
MCI,2023-07-15 10:53,6.00,200.00,KMCI 151053Z 27003KT 6SM R19R/3500VP6000FT BR VCFG FEW002 FEW050 18/18 A2992 RMK AO2 SLP125 VCFG W T01830183 $
MCI,2023-07-15 11:53,7.00,200.00,KMCI 151153Z 28006KT 7SM R19R/2000V3500FT BCFG FEW002 SCT250 19/19 A2995 RMK AO2 SLP134 70088 T01940194 10200 20172 53018 $
MCI,2023-07-15 12:53,9.00,M,KMCI 151253Z 29006KT 9SM CLR 21/20 A2997 RMK AO2 SLP139 T02060200 $
MCI,2023-07-15 13:53,10.00,M,KMCI 151353Z 29007KT 10SM CLR 22/21 A2997 RMK AO2 SLP141 T02220206 $
MCI,2023-07-15 14:53,10.00,M,KMCI 151453Z 28006KT 10SM CLR 24/22 A2998 RMK AO2 SLP143 T02440217 51009 $
MCI,2023-07-15 15:53,10.00,25000.00,KMCI 151553Z 30004KT 10SM BKN250 26/21 A2998 RMK AO2 SLP143 T02610211 $
MCI,2023-07-15 16:53,10.00,25000.00,KMCI 151653Z 30004KT 10SM OVC250 27/21 A2999 RMK AO2 SLP145 T02720206 $
MCI,2023-07-15 17:53,10.00,M,KMCI 151753Z 28006KT 10SM CLR 29/20 A2999 RMK AO2 SLP145 T02890200 10289 20194 52005 $
MCI,2023-07-15 18:53,10.00,25000.00,KMCI 151853Z 29008KT 10SM OVC250 29/19 A2999 RMK AO2 SLP146 T02940189 $
MCI,2023-07-15 19:53,10.00,25000.00,KMCI 151953Z 29006KT 10SM OVC250 30/19 A2998 RMK AO2 SLP142 T03000194 $
MCI,2023-07-15 20:53,9.00,25000.00,KMCI 152053Z 29007KT 9SM OVC250 30/19 A2998 RMK AO2 SLP142 T03000194 58004 $
MCI,2023-07-15 21:53,8.00,25000.00,KMCI 152153Z VRB03KT 8SM OVC250 31/19 A2997 RMK AO2 SLP139 T03060194 $
MCI,2023-07-15 22:53,7.00,25000.00,KMCI 152253Z 30003KT 7SM OVC250 31/20 A2996 RMK AO2 SLP136 T03060200 $
MCI,2023-07-15 23:53,7.00,M,KMCI 152353Z 00000KT 7SM CLR 30/21 A2996 RMK AO2 SLP134 T03000206 10306 20289 56008 $
MCI,2023-07-16 00:53,6.00,25000.00,KMCI 160053Z 00000KT 6SM HZ OVC250 28/21 A2996 RMK AO2 SLP133 T02830211 $
MCI,2023-07-16 01:53,6.00,25000.00,KMCI 160153Z 00000KT 6SM HZ OVC250 27/21 A2996 RMK AO2 SLP136 T02670206 $
MCI,2023-07-16 02:53,7.00,25000.00,KMCI 160253Z 00000KT 7SM OVC250 27/19 A2998 RMK AO2 SLP140 T02720194 53007 $
MCI,2023-07-16 03:53,7.00,25000.00,KMCI 160353Z 25003KT 7SM OVC250 26/19 A2999 RMK AO2 SLP145 T02610194 $
MCI,2023-07-16 04:53,7.00,25000.00,KMCI 160453Z 22005KT 7SM OVC250 23/21 A3000 RMK AO2 SLP146 T02330206 $
MCI,2023-07-16 05:53,8.00,25000.00,KMCI 160553Z 26006KT 8SM OVC250 24/20 A2999 RMK AO2 SLP145 T02390200 10300 20228 403060172 50005 $
MCI,2023-07-16 06:53,8.00,25000.00,KMCI 160653Z 24006KT 8SM OVC250 22/20 A2999 RMK AO2 SLP145 T02220200 $
MCI,2023-07-16 07:53,9.00,25000.00,KMCI 160753Z 25006KT 9SM OVC250 22/19 A2999 RMK AO2 SLP143 T02220194 $
MCI,2023-07-16 08:53,8.00,25000.00,KMCI 160853Z 20004KT 8SM OVC250 19/19 A2997 RMK AO2 SLP139 T01940189 58007 $
MCI,2023-07-16 09:53,7.00,25000.00,KMCI 160953Z 20006KT 7SM OVC250 19/19 A2997 RMK AO2 SLP137 T01940189 $
MCI,2023-07-16 10:53,7.00,25000.00,KMCI 161053Z 22004KT 7SM OVC250 20/19 A2997 RMK AO2 SLP136 T02000189 $
MCI,2023-07-16 11:53,5.00,25000.00,KMCI 161153Z 22007KT 5SM BR OVC250 21/19 A2998 RMK AO2 SLP139 T02110194 10239 20189 53001 $
MCI,2023-07-16 12:53,7.00,5000.00,KMCI 161253Z 22003KT 7SM FEW050 OVC250 21/21 A2998 RMK AO2 LTG DSNT NW SLP142 T02110206 $
MCI,2023-07-16 13:53,8.00,300.00,KMCI 161353Z 31007G16KT 8SM VCTS FEW003 SCT070CB BKN110 OVC250 22/20 A3003 RMK AO2 LTG DSNT W-N SLP159 TS VC N AND NW MOV SE T02220200 $
MCI,2023-07-16 14:53,6.00,6000.00,KMCI 161453Z 33007KT 6SM -TSRA BR BKN060CB OVC110 21/19 A3007 RMK AO2 LTG DSNT ALQDS RAB39 TSB07 SLP174 TS ALQDS MOV SE P0000 60000 T02060189 53031 $
MCI,2023-07-16 15:53,6.00,6000.00,KMCI 161553Z 00000KT 6SM -TSRA BR SCT060CB OVC110 20/19 A3008 RMK AO2 LTG DSNT ALQDS TSE43B46 PRESRR SLP177 TS ALQDS MOV SE P0011 T02000189 $
MCI,2023-07-16 16:53,3.00,5500.00,KMCI 161653Z 27006KT 3SM TSRA BR SCT055CB BKN100 OVC120 19/19 A3012 RMK AO2 LTG DSNT ALQDS TSB48 SLP192 TS ALQDS MOV SE P0058 T01940194 $
MCI,2023-07-16 17:53,2.50,11000.00,KMCI 161753Z 19010KT 2 1/2SM RA BR OVC110 19/19 A3008 RMK AO2 TWR VIS 3 LTG DSNT SE-W TSE16 PRESFR SLP178 CB DSNT SE-S MOV SE P0016 60085 T01940194 10228 20194 50004 $
MCI,2023-07-16 18:53,9.00,5000.00,KMCI 161853Z 17007KT 9SM FEW050 BKN130 BKN250 23/21 A2998 RMK AO2 RAE16 SLP142 P0003 T02280211 $
MCI,2023-07-16 19:53,10.00,13000.00,KMCI 161953Z 20007KT 10SM BKN130 BKN250 26/21 A2997 RMK AO2 SLP138 T02560206 $
MCI,2023-07-16 20:53,10.00,16000.00,KMCI 162053Z 23006KT 10SM SCT160 SCT250 27/21 A2994 RMK AO2 SLP130 60003 T02720211 56046 $
MCI,2023-07-16 21:53,10.00,16000.00,KMCI 162153Z 23009KT 10SM FEW160 SCT250 29/21 A2992 RMK AO2 SLP119 T02890206 $
MCI,2023-07-16 22:53,10.00,15000.00,KMCI 162253Z 22006KT 10SM FEW150 SCT250 28/22 A2993 RMK AO2 SLP123 T02830217 $
MCI,2023-07-16 23:53,10.00,15000.00,KMCI 162353Z 00000KT 10SM FEW150 SCT250 28/22 A2992 RMK AO2 SLP122 60003 T02830222 10289 20194 56006 $
MCI,2023-07-17 00:53,10.00,16000.00,KMCI 170053Z 26004KT 10SM BKN160 BKN250 26/22 A2994 RMK AO2 SLP127 T02610222 $
MCI,2023-07-17 01:53,10.00,15000.00,KMCI 170153Z 26003KT 10SM FEW150 SCT250 26/22 A2996 RMK AO2 SLP135 T02560217 $
MCI,2023-07-17 02:53,10.00,8500.00,KMCI 170253Z 00000KT 10SM FEW085 23/21 A2997 RMK AO2 SLP139 T02330211 51014 $
MCI,2023-07-17 03:53,10.00,8500.00,KMCI 170353Z 01003KT 10SM OVC085 23/22 A2998 RMK AO2 SLP145 T02330217 $
MCI,2023-07-17 04:53,10.00,8500.00,KMCI 170453Z 20004KT 10SM SCT085 24/21 A2998 RMK AO2 SLP144 T02390206 $
MCI,2023-07-17 05:53,10.00,M,KMCI 170553Z 00000KT 10SM CLR 23/21 A2997 RMK AO2 SLP142 T02280211 10283 20222 402890189 50002 $
MCI,2023-07-17 06:53,10.00,M,KMCI 170653Z 00000KT 10SM CLR 23/21 A2996 RMK AO2 SLP136 T02330211 $
MCI,2023-07-17 07:53,10.00,M,KMCI 170753Z 17004KT 10SM CLR 21/20 A2994 RMK AO2 SLP129 T02110200 $
MCI,2023-07-17 08:53,10.00,M,KMCI 170853Z 00000KT 10SM CLR 22/21 A2994 RMK AO2 SLP129 T02170206 55009 $
MCI,2023-07-17 09:53,10.00,M,KMCI 170953Z 00000KT 10SM CLR 22/21 A2995 RMK AO2 SLP130 T02220206 $
MCI,2023-07-17 10:53,8.00,M,KMCI 171053Z 21003KT 8SM BCFG CLR 22/21 A2995 RMK AO2 SLP132 T02170206 $
MCI,2023-07-17 11:53,8.00,M,KMCI 171153Z 00000KT 8SM BCFG CLR 22/21 A2996 RMK AO2 SLP133 70088 T02220206 10239 20206 51005 $
MCI,2023-07-17 12:53,10.00,13000.00,KMCI 171253Z 17003KT 10SM FEW130 FEW250 24/21 A2996 RMK AO2 SLP135 T02390211
MCI,2023-07-17 13:53,10.00,13000.00,KMCI 171353Z 00000KT 10SM SCT130 BKN250 26/22 A2998 RMK AO2 SLP140 T02560222
MCI,2023-07-17 14:53,10.00,15000.00,KMCI 171453Z 07008KT 10SM FEW150 OVC250 26/22 A2997 RMK AO2 SLP139 T02610222 50005
MCI,2023-07-17 15:53,10.00,1500.00,KMCI 171553Z 02010KT 10SM SCT015CB BKN130 BKN250 26/22 A3002 RMK AO2 LTG DSNT NE AND W PRESRR SLP154 CB W-N MOV SE T02610222
MCI,2023-07-17 16:53,10.00,2000.00,KMCI 171653Z 13008KT 10SM FEW020 BKN150 BKN250 26/23 A2998 RMK AO2 WSHFT 1601 RAB07E27 SLP140 CB DSNT NE MOV SE P0000 T02610228
MCI,2023-07-17 17:53,10.00,2500.00,KMCI 171753Z 11010KT 10SM FEW025 FEW150 SCT250 28/23 A2996 RMK AO2 SLP133 60000 T02830228 10283 20222 58005
MCI,2023-07-17 18:53,10.00,2500.00,KMCI 171853Z 09007KT 10SM FEW025 FEW130 BKN250 29/23 A2995 RMK AO2 SLP131 T02940233
MCI,2023-07-17 19:53,10.00,3000.00,KMCI 171953Z VRB03KT 10SM SCT030 BKN150 OVC250 29/23 A2995 RMK AO2 SLP130 T02940228
MCI,2023-07-17 20:53,10.00,3300.00,KMCI 172053Z 06007KT 10SM BKN033 BKN046 BKN150 30/23 A2994 RMK AO2 SLP126 T03000233 58007
MCI,2023-07-17 21:53,10.00,2800.00,KMCI 172153Z 04007KT 10SM SCT028 BKN043 BKN200 30/23 A2992 RMK AO2 SLP120 T03000233
MCI,2023-07-17 22:53,10.00,3800.00,KMCI 172253Z 05011KT 10SM SCT038 SCT048 BKN200 29/24 A2991 RMK AO2 LTG DSNT SE AND S SLP118 T02940239
MCI,2023-07-17 23:53,9.00,2600.00,KMCI 172353Z 04012KT 9SM FEW026 SCT035 28/23 A2992 RMK AO2 SLP121 T02780233 10311 20278 55005
MCI,2023-07-18 00:53,9.00,3700.00,KMCI 180053Z 05010KT 9SM BKN037 27/23 A2993 RMK AO2 SLP122 T02670228
MCI,2023-07-18 01:53,10.00,3200.00,KMCI 180153Z 08008KT 10SM OVC032 27/23 A2995 RMK AO2 SLP130 T02670228
MCI,2023-07-18 02:53,10.00,3200.00,KMCI 180253Z 07008KT 10SM OVC032 27/23 A2996 RMK AO2 SLP133 T02670228 53013
MCI,2023-07-18 03:53,9.00,3600.00,KMCI 180353Z 07011KT 9SM BKN036 BKN048 26/22 A2997 RMK AO2 SLP138 T02560222
MCI,2023-07-18 04:53,7.00,3500.00,KMCI 180453Z 08010KT 7SM FEW035 24/22 A2997 RMK AO2 SLP139 T02390217
MCI,2023-07-18 05:53,7.00,2000.00,KMCI 180553Z 07010KT 7SM BKN020 23/21 A2996 RMK AO2 SLP132 T02280206 10278 20228 403110206 58001
MCI,2023-07-18 06:53,8.00,M,KMCI 180653Z 07009KT 8SM CLR 22/18 A2995 RMK AO2 SLP129 T02170183
MCI,2023-07-18 07:53,8.00,2600.00,KMCI 180753Z 06009KT 8SM FEW026 21/18 A2995 RMK AO2 SLP131 T02060178
MCI,2023-07-18 08:53,7.00,2000.00,KMCI 180853Z 07008KT 7SM FEW020 SCT050 BKN200 21/18 A2995 RMK AO2 SLP131 T02060183 55001
MCI,2023-07-18 09:53,7.00,5500.00,KMCI 180953Z 06008KT 7SM BKN055 OVC200 21/19 A2997 RMK AO2 SLP136 T02060189
MCI,2023-07-18 10:53,8.00,5500.00,KMCI 181053Z 05010KT 8SM SCT055 SCT075 BKN090 21/18 A2998 RMK AO2 SLP140 T02060183
MCI,2023-07-18 11:53,8.00,5500.00,KMCI 181153Z 05017KT 8SM -TSRA FEW055 BKN090 OVC110CB 20/18 A2994 RMK AO2 LTG DSNT ALQDS RAB30 TSB34 SLP127 TS NW MOV SE P0000 60000 T02000183 10228 20200 58006
MCI,2023-07-18 12:53,8.00,5000.00,KMCI 181253Z 10013KT 8SM FEW050 BKN100 OVC250 19/18 A2990 RMK AO2 LTG DSNT E RAE1158 TSE26 PRESFR SLP116 CB DSNT E-SE MOV SE P0001 T01940178
MCI,2023-07-18 13:53,8.00,13000.00,KMCI 181353Z 13005KT 8SM BKN130 OVC250 21/18 A2993 RMK AO2 WSHFT 1329 SLP124 T02060183
MCI,2023-07-18 14:53,9.00,1400.00,KMCI 181453Z 07011KT 9SM FEW014 SCT027 21/19 A2995 RMK AO2 SLP133 60001 T02110189 52017
MCI,2023-07-18 15:53,10.00,1200.00,KMCI 181553Z 05013KT 10SM SCT012 OVC027 21/19 A2998 RMK AO2 LTG DSNT SW-N SLP142 T02110189
MCI,2023-07-18 16:53,9.00,2600.00,KMCI 181653Z VRB04KT 9SM VCTS -RA SCT026 BKN070CB BKN110 OVC250 20/19 A2997 RMK AO2 LTG DSNT ALQDS RAB15 TSB13E42 SLP139 TS VC SE-S MOV SE P0009 T02000194
MCI,2023-07-18 17:53,8.00,2500.00,KMCI 181753Z 13009KT 8SM FEW025 BKN100 OVC250 21/20 A2989 RMK AO2 LTG DSNT SE AND S RAE48 TSB12E28 SLP113 P0001 60011 T02060200 10217 20194 58020
MCI,2023-07-18 18:53,10.00,13000.00,KMCI 181853Z 12012KT 10SM BKN130 BKN250 24/22 A2986 RMK AO2 SLP101 T02390217
MCI,2023-07-18 19:53,10.00,1700.00,KMCI 181953Z 00000KT 10SM BKN017 BKN250 26/22 A2993 RMK AO2 SLP124 T02610222
MCI,2023-07-18 20:53,10.00,1700.00,KMCI 182053Z 17006KT 10SM BKN017 BKN150 26/22 A2993 RMK AO2 SLP126 T02560222 53014
MCI,2023-07-18 21:53,10.00,1700.00,KMCI 182153Z 07006KT 10SM SCT017 BKN200 26/22 A2994 RMK AO2 SLP129 T02610222
MCI,2023-07-18 22:53,10.00,1900.00,KMCI 182253Z VRB05KT 10SM FEW019 BKN180 26/22 A2992 RMK AO2 LTG DSNT S-W SLP123 T02560217
MCI,2023-07-18 23:53,10.00,19000.00,KMCI 182353Z 04013KT 10SM BKN190 27/22 A2993 RMK AO2 LTG DSNT SE SLP125 T02670222 10267 20206 58001
MCI,2023-07-19 00:53,10.00,19000.00,KMCI 190053Z 07013KT 10SM BKN190 26/22 A2990 RMK AO2 SLP116 T02560217
MCI,2023-07-19 01:53,10.00,8000.00,KMCI 190153Z 06009KT 10SM SCT080 BKN180 25/22 A2992 RMK AO2 SLP123 T02500217
MCI,2023-07-19 02:53,10.00,20000.00,KMCI 190253Z 09007KT 10SM SCT200 24/22 A2992 RMK AO2 SLP123 T02390217 56002
MCI,2023-07-19 03:53,10.00,20000.00,KMCI 190353Z 06009KT 10SM SCT200 23/22 A2994 RMK AO2 SLP131 T02330217
MCI,2023-07-19 04:53,10.00,7000.00,KMCI 190453Z 08009KT 10SM SCT070 BKN095 23/21 A2995 RMK AO2 SLP133 T02330211
MCI,2023-07-19 05:53,10.00,8000.00,KMCI 190553Z 08009KT 10SM SCT080 BKN110 24/21 A2994 RMK AO2 SLP131 T02390211 10267 20233 402670194 50007
MCI,2023-07-19 06:53,10.00,9000.00,KMCI 190653Z 08008KT 10SM SCT090 BKN110 23/21 A2994 RMK AO2 SLP130 T02330211
MCI,2023-07-19 07:53,10.00,10000.00,KMCI 190753Z 07007KT 10SM FEW100 23/21 A2994 RMK AO2 SLP127 T02280211
MCI,2023-07-19 08:53,10.00,10000.00,KMCI 190853Z 08007KT 10SM FEW100 23/21 A2993 RMK AO2 SLP123 T02280211 58006
MCI,2023-07-19 09:53,10.00,10000.00,KMCI 190953Z 06007KT 10SM FEW100 22/21 A2993 RMK AO2 SLP124 T02220211
MCI,2023-07-19 10:53,8.00,1000.00,KMCI 191053Z 05010KT 8SM FEW010 SCT070 BKN200 22/21 A2993 RMK AO2 SLP126 T02170206
MCI,2023-07-19 11:53,8.00,600.00,KMCI 191153Z 08009KT 8SM OVC006 22/21 A2995 RMK AO2 SLP129 70011 T02170206 10239 20217 53006
MCI,2023-07-19 12:53,9.00,700.00,KMCI 191253Z 10010KT 9SM OVC007 22/21 A2994 RMK AO2 SLP129 T02220211
MCI,2023-07-19 13:53,9.00,700.00,KMCI 191353Z 12010KT 9SM OVC007 23/22 A2996 RMK AO2 SLP134 T02330217
MCI,2023-07-19 14:53,9.00,800.00,KMCI 191453Z 10010KT 9SM BKN008 OVC180 25/22 A2995 RMK AO2 SLP133 T02500222 50003
MCI,2023-07-19 15:53,10.00,2000.00,KMCI 191553Z 07006KT 10SM BKN020 BKN250 27/23 A2997 RMK AO2 SLP136 T02670233
MCI,2023-07-19 16:53,10.00,1600.00,KMCI 191653Z 08008KT 10SM FEW016 BKN250 28/24 A2997 RMK AO2 SLP137 T02830239
MCI,2023-07-19 17:53,10.00,1800.00,KMCI 191753Z 08009KT 10SM OVC018 29/24 A2997 RMK AO2 SLP138 T02890244 10294 20217 51006
MCI,2023-07-19 18:53,10.00,2200.00,KMCI 191853Z 05008KT 10SM OVC022 29/25 A3000 RMK AO2 SLP146 T02890250
MCI,2023-07-19 19:53,10.00,2700.00,KMCI 191953Z 36007KT 10SM OVC027 28/24 A3002 RMK AO2 SLP155 T02830244
MCI,2023-07-19 20:53,10.00,2500.00,KMCI 192053Z 35005KT 10SM FEW025 BKN030 OVC120 28/24 A3003 RMK AO2 RAB27E34 SLP156 P0000 60000 T02780244 51017
MCI,2023-07-19 21:53,9.00,3100.00,KMCI 192153Z 05004KT 9SM -RA SCT031 BKN075 OVC095 27/24 A3000 RMK AO2 RAB07 SLP149 P0000 T02720244
MCI,2023-07-19 22:53,10.00,4500.00,KMCI 192253Z 04008KT 10SM BKN045 BKN075 28/25 A3000 RMK AO2 RAE05B28E46 SLP147 P0000 T02780250
MCI,2023-07-19 23:53,10.00,17000.00,KMCI 192353Z 05009KT 10SM OVC170 28/25 A2997 RMK AO2 SLP138 60000 T02780250 10294 20267 58018
MCI,2023-07-20 00:53,9.00,15000.00,KMCI 200053Z 06005KT 9SM BKN150 27/25 A2996 RMK AO2 SLP134 T02720250
MCI,2023-07-20 01:53,9.00,18000.00,KMCI 200153Z 08007KT 9SM BKN180 27/24 A2994 RMK AO2 SLP128 T02720244
MCI,2023-07-20 02:53,9.00,10000.00,KMCI 200253Z 27003KT 9SM SCT100 OVC150 26/24 A3000 RMK AO2 RAB20E30 SLP145 P0000 60000 T02560244 53008
MCI,2023-07-20 03:53,10.00,8500.00,KMCI 200353Z 31004KT 10SM FEW085 FEW110 OVC160 25/24 A3000 RMK AO2 SLP146 T02500244
MCI,2023-07-20 04:53,10.00,11000.00,KMCI 200453Z 31005KT 10SM FEW110 OVC160 25/24 A3002 RMK AO2 SLP154 T02500244
MCI,2023-07-20 05:53,10.00,11000.00,KMCI 200553Z 30004KT 10SM FEW110 OVC150 24/24 A3004 RMK AO2 SLP162 60000 T02440244 10278 20244 402940217 53016
MCI,2023-07-20 06:53,10.00,3200.00,KMCI 200653Z 00000KT 10SM -RA SCT032 BKN110 OVC130 24/24 A3001 RMK AO2 RAB39 SLP151 P0000 T02440239 $
MCI,2023-07-20 07:53,10.00,3300.00,KMCI 200753Z 02006KT 10SM FEW033 OVC120 24/24 A2999 RMK AO2 RAE0656 SLP145 P0000 T02440239 $
MCI,2023-07-20 08:53,10.00,3000.00,KMCI 200853Z 36006KT 10SM SCT030 SCT080 OVC140 24/23 A3001 RMK AO2 RAB26E36 SLP150 P0000 60000 T02390233 55011 $
MCI,2023-07-20 09:53,10.00,3000.00,KMCI 200953Z 33005KT 10SM BKN030 OVC120 24/23 A3001 RMK AO2 SLP150 T02390233 $
MCI,2023-07-20 10:53,9.00,3000.00,KMCI 201053Z 30003KT 9SM BKN030 24/23 A3002 RMK AO2 SLP153 T02390233 $
MCI,2023-07-20 11:53,6.00,3000.00,KMCI 201153Z 00000KT 6SM BR SCT030 SCT250 23/23 A3003 RMK AO2 SLP157 60000 T02330233 10244 20233 53006 $
MCI,2023-07-20 12:53,8.00,2500.00,KMCI 201253Z 29005KT 8SM BKN025 BKN130 25/23 A3006 RMK AO2 SLP168 T02500233
MCI,2023-07-20 13:53,9.00,1000.00,KMCI 201353Z 34005KT 9SM FEW010 SCT023 BKN150 26/23 A3007 RMK AO2 SLP170 T02610233
MCI,2023-07-20 14:53,10.00,1600.00,KMCI 201453Z 36009KT 10SM SCT016 27/22 A3008 RMK AO2 SLP173 T02720222 51016
MCI,2023-07-20 15:53,10.00,1600.00,KMCI 201553Z 02008KT 10SM SCT016 SCT250 28/22 A3008 RMK AO2 SLP174 T02830222
MCI,2023-07-20 16:53,10.00,M,KMCI 201653Z 35009KT 10SM CLR 29/21 A3008 RMK AO2 SLP175 T02890206
MCI,2023-07-20 17:53,10.00,2100.00,KMCI 201753Z 35011KT 10SM FEW021 SCT250 29/21 A3008 RMK AO2 SLP172 T02940206 10294 20239 50000
MCI,2023-07-20 18:53,10.00,2500.00,KMCI 201853Z 33003KT 10SM FEW025 SCT250 30/19 A3008 RMK AO2 SLP172 T03000189
MCI,2023-07-20 19:53,9.00,2500.00,KMCI 201953Z 32005KT 9SM FEW025 SCT250 31/20 A3007 RMK AO2 SLP170 T03060200
MCI,2023-07-20 20:53,9.00,25000.00,KMCI 202053Z 34005KT 9SM BKN250 31/19 A3006 RMK AO2 SLP166 T03060194 58006
MCI,2023-07-20 21:53,10.00,25000.00,KMCI 202153Z 32007KT 10SM BKN250 28/19 A3006 RMK AO2 SLP168 T02830189
MCI,2023-07-20 22:53,10.00,25000.00,KMCI 202253Z 32008KT 10SM BKN250 28/19 A3005 RMK AO2 SLP165 T02830194
MCI,2023-07-20 23:53,10.00,25000.00,KMCI 202353Z 34007KT 10SM BKN250 26/19 A3006 RMK AO2 SLP168 T02610189 10311 20261 55000
MCI,2023-07-21 00:53,10.00,20000.00,KMCI 210053Z 34006KT 10SM BKN200 24/18 A3006 RMK AO2 SLP169 T02440183
MCI,2023-07-21 01:53,10.00,20000.00,KMCI 210153Z 34006KT 10SM BKN200 23/18 A3006 RMK AO2 SLP170 T02280183
MCI,2023-07-21 02:53,10.00,20000.00,KMCI 210253Z 34005KT 10SM BKN200 22/18 A3009 RMK AO2 SLP178 T02220178 53010
MCI,2023-07-21 03:53,10.00,25000.00,KMCI 210353Z 01006KT 10SM BKN250 21/18 A3009 RMK AO2 SLP178 T02110178
MCI,2023-07-21 04:53,10.00,18000.00,KMCI 210453Z 02006KT 10SM BKN180 BKN250 21/18 A3008 RMK AO2 SLP175 T02110183
MCI,2023-07-21 05:53,10.00,18000.00,KMCI 210553Z 02005KT 10SM BKN180 21/18 A3006 RMK AO2 SLP169 T02110183 10261 20206 403110206 58008
MCI,2023-07-21 06:53,10.00,17000.00,KMCI 210653Z 27005KT 10SM OVC170 20/18 A3009 RMK AO2 SLP178 T02000183
MCI,2023-07-21 07:53,10.00,16000.00,KMCI 210753Z 35005KT 10SM OVC160 20/18 A3008 RMK AO2 SLP174 T02000183
MCI,2023-07-21 08:53,10.00,13000.00,KMCI 210853Z 01005KT 10SM OVC130 20/18 A3008 RMK AO2 SLP175 T02000183 51006
MCI,2023-07-21 09:53,10.00,13000.00,KMCI 210953Z 03006KT 10SM BKN130 OVC220 20/18 A3007 RMK AO2 SLP173 T02000178
MCI,2023-07-21 10:53,10.00,10000.00,KMCI 211053Z 01006KT 10SM FEW100 BKN140 OVC250 19/18 A3010 RMK AO2 SLP182 T01940178
MCI,2023-07-21 11:53,10.00,12000.00,KMCI 211153Z 03006KT 10SM BKN120 19/17 A3011 RMK AO2 SLP185 T01940172 10211 20194 53007
MCI,2023-07-21 12:53,10.00,11000.00,KMCI 211253Z 04008KT 10SM OVC110 19/17 A3009 RMK AO2 SLP180 T01940172
MCI,2023-07-21 13:53,10.00,12000.00,KMCI 211353Z 36005KT 10SM OVC120 20/17 A3010 RMK AO2 SLP183 T02000172
MCI,2023-07-21 14:53,10.00,10000.00,KMCI 211453Z 00000KT 10SM OVC100 21/17 A3012 RMK AO2 SLP191 T02060167 53005
MCI,2023-07-21 15:53,9.00,5000.00,KMCI 211553Z 00000KT 9SM FEW050 BKN085 OVC110 22/17 A3014 RMK AO2 SLP196 T02170172
MCI,2023-07-21 16:53,10.00,3000.00,KMCI 211653Z 02005KT 10SM FEW030 SCT090 BKN140 24/17 A3011 RMK AO2 SLP186 T02390172
MCI,2023-07-21 17:53,10.00,3000.00,KMCI 211753Z 02008KT 10SM FEW030 FEW090 BKN140 25/16 A3009 RMK AO2 SLP179 T02500161 10261 20194 58012
MCI,2023-07-21 18:53,8.00,4000.00,KMCI 211853Z 36010KT 8SM SCT040 BKN190 26/17 A3008 RMK AO2 SLP175 T02610167
MCI,2023-07-21 19:53,10.00,4000.00,KMCI 211953Z 02007KT 10SM SCT040 BKN190 26/17 A3007 RMK AO2 SLP174 T02610167
MCI,2023-07-21 20:53,10.00,4000.00,KMCI 212053Z 01008KT 10SM SCT040 BKN055 27/17 A3007 RMK AO2 SLP172 T02670167 56006
MCI,2023-07-21 21:53,10.00,4500.00,KMCI 212153Z 34010KT 10SM BKN045 BKN060 27/17 A3006 RMK AO2 SLP169 T02670167
MCI,2023-07-21 22:53,10.00,4400.00,KMCI 212253Z 34006KT 10SM SCT044 26/17 A3005 RMK AO2 SLP166 T02610167
MCI,2023-07-21 23:53,10.00,4400.00,KMCI 212353Z 35007KT 10SM FEW044 26/16 A3004 RMK AO2 SLP164 T02560156 10272 20250 56007
MCI,2023-07-22 00:53,10.00,M,KMCI 220053Z 00000KT 10SM CLR 24/17 A3004 RMK AO2 SLP164 T02440172
MCI,2023-07-22 01:53,10.00,25000.00,KMCI 220153Z 30004KT 10SM FEW250 23/17 A3004 RMK AO2 SLP163 T02280167
MCI,2023-07-22 02:53,10.00,M,KMCI 220253Z 30004KT 10SM CLR 21/17 A3005 RMK AO2 SLP168 T02110167 53001
MCI,2023-07-22 03:53,10.00,M,KMCI 220353Z 29004KT 10SM CLR 21/17 A3005 RMK AO2 SLP169 T02060167
MCI,2023-07-22 04:53,10.00,M,KMCI 220453Z 29005KT 10SM CLR 20/17 A3005 RMK AO2 SLP167 T02000167
MCI,2023-07-22 05:53,10.00,M,KMCI 220553Z 29005KT 10SM CLR 20/17 A3005 RMK AO2 SLP167 T02000167 10256 20194 402720194 53002
MCI,2023-07-22 06:53,10.00,M,KMCI 220653Z 29005KT 10SM CLR 19/16 A3004 RMK AO2 SLP164 T01890161
MCI,2023-07-22 07:53,10.00,M,KMCI 220753Z 28005KT 10SM CLR 19/16 A3004 RMK AO2 SLP162 T01940161
MCI,2023-07-22 08:53,10.00,M,KMCI 220853Z 00000KT 10SM CLR 17/16 A3003 RMK AO2 SLP159 T01670161 58009
MCI,2023-07-22 09:53,10.00,M,KMCI 220953Z 25006KT 10SM CLR 17/16 A3003 RMK AO2 SLP160 T01720161
MCI,2023-07-22 10:53,10.00,6000.00,KMCI 221053Z 23005KT 10SM FEW060 16/16 A3004 RMK AO2 SLP164 T01610161
MCI,2023-07-22 11:53,8.00,7000.00,KMCI 221153Z COR 25006KT 8SM FEW070 FEW250 17/16 A3005 RMK AO2 SLP167 T01720161 10200 20156 53008
MCI,2023-07-22 12:53,8.00,25000.00,KMCI 221253Z 27005KT 8SM FEW250 20/17 A3005 RMK AO2 SLP167 T02000172
MCI,2023-07-22 13:53,8.00,25000.00,KMCI 221353Z 26004KT 8SM R19R/5000VP6000FT FEW250 23/18 A3005 RMK AO2 SLP167 T02280178
MCI,2023-07-22 14:53,8.00,11000.00,KMCI 221453Z 25004KT 8SM SCT110 22/18 A3005 RMK AO2 SLP168 T02220183 53001
MCI,2023-07-22 15:53,8.00,10000.00,KMCI 221553Z 26005KT 8SM SCT100 26/19 A3004 RMK AO2 SLP164 T02610194
MCI,2023-07-22 16:53,8.00,11000.00,KMCI 221653Z 29006KT 8SM BKN110 27/19 A3004 RMK AO2 SLP164 T02670189
MCI,2023-07-22 17:53,8.00,9000.00,KMCI 221753Z 26006KT 8SM BKN090 27/19 A3003 RMK AO2 SLP159 T02720189 10272 20172 58008
MCI,2023-07-22 18:53,9.00,10000.00,KMCI 221853Z 21008KT 9SM BKN100 28/19 A3001 RMK AO2 SLP153 T02780194
MCI,2023-07-22 19:53,9.00,7000.00,KMCI 221953Z 22007KT 9SM BKN070 29/19 A2999 RMK AO2 SLP144 T02890189
MCI,2023-07-22 20:53,8.00,7000.00,KMCI 222053Z 24007KT 8SM SCT070 30/19 A2997 RMK AO2 SLP140 T03000194 56018
MCI,2023-07-22 21:53,8.00,7000.00,KMCI 222153Z 26009KT 8SM SCT070 30/19 A2995 RMK AO2 SLP134 T03000194
MCI,2023-07-22 22:53,10.00,5000.00,KMCI 222253Z 22007KT 10SM FEW050 SCT250 29/19 A2994 RMK AO2 SLP128 T02940189
MCI,2023-07-22 23:53,7.00,5000.00,KMCI 222353Z 25006KT 7SM FEW050 BKN250 28/20 A2994 RMK AO2 SLP127 T02830200 10300 20267 56013
MCI,2023-07-23 00:53,10.00,5000.00,KMCI 230053Z 24005KT 10SM FEW050 BKN250 26/20 A2994 RMK AO2 SLP128 T02610200
MCI,2023-07-23 01:53,10.00,5000.00,KMCI 230153Z 25005KT 10SM FEW050 BKN250 24/19 A2993 RMK AO2 SLP127 T02440194
MCI,2023-07-23 02:53,10.00,25000.00,KMCI 230253Z 23006KT 10SM SCT250 23/19 A2995 RMK AO2 SLP130 T02280194 53003
MCI,2023-07-23 03:53,10.00,25000.00,KMCI 230353Z 25004KT 10SM SCT250 23/19 A2996 RMK AO2 SLP134 T02280194
MCI,2023-07-23 04:53,10.00,25000.00,KMCI 230453Z 24004KT 10SM FEW250 23/19 A2996 RMK AO2 SLP136 T02280189
MCI,2023-07-23 05:53,10.00,M,KMCI 230553Z 23004KT 10SM CLR 21/18 A2996 RMK AO2 SLP135 T02110183 10283 20206 403000156 50005
MCI,2023-07-23 06:53,10.00,M,KMCI 230653Z 20005KT 10SM CLR 18/18 A2995 RMK AO2 SLP132 T01830178
MCI,2023-07-23 07:53,10.00,M,KMCI 230753Z 22007KT 10SM CLR 19/18 A2995 RMK AO2 SLP131 T01940178
MCI,2023-07-23 08:53,10.00,M,KMCI 230853Z 23006KT 10SM CLR 19/18 A2995 RMK AO2 SLP132 T01940178 55002
MCI,2023-07-23 09:53,10.00,10000.00,KMCI 230953Z 22005KT 10SM SCT100 18/18 A2996 RMK AO2 SLP133 T01830178
MCI,2023-07-23 10:53,10.00,10000.00,KMCI 231053Z 22005KT 10SM SCT100 18/18 A2997 RMK AO2 SLP140 T01830178
MCI,2023-07-23 11:53,10.00,10000.00,KMCI 231153Z 21004KT 10SM SCT100 18/18 A2998 RMK AO2 SLP141 T01780178 10211 20172 53008
MCI,2023-07-23 12:53,10.00,10000.00,KMCI 231253Z 22005KT 10SM SCT100 21/19 A2999 RMK AO2 SLP146 T02060194
MCI,2023-07-23 13:53,10.00,10000.00,KMCI 231353Z 25005KT 10SM FEW100 FEW250 23/19 A3001 RMK AO2 SLP151 T02330194
MCI,2023-07-23 14:53,10.00,25000.00,KMCI 231453Z 22007KT 10SM SCT250 26/20 A3000 RMK AO2 SLP148 T02560200 50007
MCI,2023-07-23 15:53,10.00,25000.00,KMCI 231553Z 22006KT 10SM BKN250 27/21 A2999 RMK AO2 SLP146 T02720206
MCI,2023-07-23 16:53,10.00,25000.00,KMCI 231653Z 23009KT 10SM BKN250 28/22 A2999 RMK AO2 SLP145 T02830217
MCI,2023-07-23 17:53,10.00,25000.00,KMCI 231753Z 25007KT 10SM BKN250 29/22 A2998 RMK AO2 SLP142 T02940217 10294 20178 58005
MCI,2023-07-23 18:53,10.00,25000.00,KMCI 231853Z 24006KT 10SM BKN250 31/22 A2997 RMK AO2 SLP138 T03060222
MCI,2023-07-23 19:53,10.00,3000.00,KMCI 231953Z 20007KT 10SM FEW030 SCT250 32/22 A2997 RMK AO2 SLP135 T03170222
MCI,2023-07-23 20:53,10.00,4200.00,KMCI 232053Z 25006KT 10SM SCT042 SCT250 32/23 A2996 RMK AO2 SLP132 T03220228 56009
MCI,2023-07-23 21:53,10.00,4300.00,KMCI 232153Z 28006KT 10SM FEW043 SCT250 33/22 A2994 RMK AO2 SLP128 T03280222
MCI,2023-07-23 22:53,10.00,4000.00,KMCI 232253Z 30006KT 10SM FEW040 BKN250 32/22 A2994 RMK AO2 SLP127 T03170222
MCI,2023-07-23 23:53,10.00,25000.00,KMCI 232353Z 32004KT 10SM BKN250 31/23 A2995 RMK AO2 SLP130 T03110233 10328 20294 55003
MCI,2023-07-24 00:53,10.00,4000.00,KMCI 240053Z 34006KT 10SM FEW040 FEW160 SCT250 29/22 A2995 RMK AO2 SLP132 CB DSNT E T02890222
MCI,2023-07-24 01:53,10.00,16000.00,KMCI 240153Z 36005KT 10SM FEW160 26/22 A2996 RMK AO2 SLP134 T02610217
MCI,2023-07-24 02:53,10.00,16000.00,KMCI 240253Z 00000KT 10SM FEW160 27/22 A2998 RMK AO2 LTG DSNT SW SLP140 T02670217 53010
MCI,2023-07-24 03:53,10.00,M,KMCI 240353Z 02005KT 10SM CLR 26/21 A2999 RMK AO2 SLP144 T02560211
MCI,2023-07-24 04:53,10.00,M,KMCI 240453Z 09003KT 10SM CLR 25/21 A2999 RMK AO2 SLP145 T02500206
MCI,2023-07-24 05:53,10.00,M,KMCI 240553Z 04005KT 10SM CLR 26/21 A3000 RMK AO2 SLP145 T02560206 10311 20222 403280172 51006
MCI,2023-07-24 06:53,10.00,M,KMCI 240653Z 00000KT 10SM CLR 22/21 A3001 RMK AO2 SLP151 T02170206
MCI,2023-07-24 07:53,10.00,M,KMCI 240753Z 06004KT 10SM CLR 23/21 A3000 RMK AO2 SLP145 T02280206
MCI,2023-07-24 08:53,10.00,M,KMCI 240853Z 12004KT 10SM CLR 24/20 A2998 RMK AO2 SLP139 T02440200 58006
MCI,2023-07-24 09:53,10.00,16000.00,KMCI 240953Z 15003KT 10SM BKN160 23/20 A2998 RMK AO2 SLP141 T02280200
MCI,2023-07-24 10:53,10.00,8000.00,KMCI 241053Z 17005KT 10SM FEW080 SCT160 BKN200 22/21 A2999 RMK AO2 SLP144 T02220206
MCI,2023-07-24 11:53,10.00,16000.00,KMCI 241153Z COR 18004KT 10SM VCTS SCT160CB OVC240 23/21 A3001 RMK AO2 LTG DSNT SW-NW TS VS SW-NW MOV SE SLP151 CBMAM OHD MOV SE T02280211 10256 20211 53012
MCI,2023-07-24 12:53,7.00,9000.00,KMCI 241253Z 32005KT 7SM -TSRA BKN090CB OVC110 22/21 A3008 RMK AO2 LTG DSNT ALQDS RAB20 TSB06 PRESRR SLP176 TS ALQDS MOV SE P0001 T02220211
MCI,2023-07-24 13:53,6.00,9500.00,KMCI 241353Z 06005KT 6SM TSRA BKN095CB OVC110 21/19 A3018 RMK AO2 PK WND 26045/1309 LTG DSNT ALQDS SLP210 TS ALQDS MOV SE P0079 T02060194
MCI,2023-07-24 14:53,9.00,9000.00,KMCI 241453Z 12020KT 9SM VCTS -RA SCT090CB BKN110 BKN130 21/19 A3000 RMK AO2 PK WND 11028/1446 LTG DSNT E AND NW TSE19E44 PRESFR SLP150 TS VC E MOV SE P0015 60095 T02110194 58026
MCI,2023-07-24 15:53,10.00,7000.00,KMCI 241553Z 15012KT 10SM VCTS -RA SCT070CB SCT095 BKN110 22/20 A3003 RMK AO2 PK WND 13026/1454 WSHFT 1501 LTG DSNT SE AND SW RAE08B36 SLP158 TS VC NW MOV SE P0003 T02170200
MCI,2023-07-24 16:53,10.00,3900.00,KMCI 241653Z 21013G19KT 10SM SCT039 BKN150 BKN200 24/21 A3003 RMK AO2 WSHFT 1613 LTG DSNT SE RAE02B22E31 TSB15E32 SLP160 P0000 T02440211
MCI,2023-07-24 17:53,10.00,3600.00,KMCI 241753Z 21009KT 10SM SCT036 SCT250 27/21 A3003 RMK AO2 SLP157 60098 T02670206 10267 20200 50009
MCI,2023-07-24 18:53,10.00,3600.00,KMCI 241853Z 20008KT 10SM FEW036 29/21 A3002 RMK AO2 SLP155 T02890211
MCI,2023-07-24 19:53,10.00,3600.00,KMCI 241953Z 21007KT 10SM FEW036 31/22 A3001 RMK AO2 SLP150 T03060217
MCI,2023-07-24 20:53,10.00,6000.00,KMCI 242053Z 22008KT 10SM FEW060 31/22 A3000 RMK AO2 SLP146 T03110222 58010
MCI,2023-07-24 21:53,10.00,7000.00,KMCI 242153Z 21008KT 10SM FEW070 FEW250 32/22 A2999 RMK AO2 SLP143 T03170222
MCI,2023-07-24 22:53,10.00,8000.00,KMCI 242253Z 20006KT 10SM FEW080 FEW250 32/23 A2999 RMK AO2 SLP144 T03170228
MCI,2023-07-24 23:53,10.00,8000.00,KMCI 242353Z 19005KT 10SM FEW080 FEW130 SCT250 31/22 A2999 RMK AO2 SLP143 T03110222 10322 20267 56003
MCI,2023-07-25 00:53,10.00,8000.00,KMCI 250053Z 16005KT 10SM FEW080 FEW130 SCT250 29/23 A2999 RMK AO2 SLP145 T02890233
MCI,2023-07-25 01:53,10.00,8000.00,KMCI 250153Z 15005KT 10SM FEW080 FEW150 SCT250 27/22 A3000 RMK AO2 SLP150 T02670222
MCI,2023-07-25 02:53,10.00,15000.00,KMCI 250253Z 12006KT 10SM FEW150 FEW250 27/22 A3002 RMK AO2 SLP155 T02670217 53009
MCI,2023-07-25 03:53,10.00,15000.00,KMCI 250353Z 14005KT 10SM FEW150 SCT250 26/23 A3002 RMK AO2 SLP155 T02560228
MCI,2023-07-25 04:53,10.00,M,KMCI 250453Z 15006KT 10SM CLR 24/22 A3001 RMK AO2 SLP151 T02440222
MCI,2023-07-25 05:53,10.00,M,KMCI 250553Z 15006KT 10SM CLR 25/22 A3001 RMK AO2 SLP150 T02500217 10311 20244 403220200 57003
MCI,2023-07-25 06:53,10.00,M,KMCI 250653Z 16006KT 10SM CLR 24/22 A3000 RMK AO2 SLP148 T02390217
MCI,2023-07-25 07:53,10.00,20000.00,KMCI 250753Z 15007KT 10SM BKN200 25/22 A3000 RMK AO2 SLP145 T02500222
MCI,2023-07-25 08:53,10.00,20000.00,KMCI 250853Z 17007KT 10SM BKN200 24/22 A2999 RMK AO2 SLP143 T02390222 56006
MCI,2023-07-25 09:53,10.00,20000.00,KMCI 250953Z 18006KT 10SM BKN200 23/22 A2999 RMK AO2 SLP143 T02330222
MCI,2023-07-25 10:53,10.00,M,KMCI 251053Z 16008KT 10SM CLR 24/22 A2999 RMK AO2 SLP142 T02390217
MCI,2023-07-25 11:53,10.00,20000.00,KMCI 251153Z 17008KT 10SM SCT200 SCT250 24/22 A2998 RMK AO2 SLP139 70098 T02390217 10250 20233 58004
MCI,2023-07-25 12:53,10.00,13000.00,KMCI 251253Z 18009KT 10SM FEW130 SCT250 26/22 A2999 RMK AO2 SLP141 T02560217
MCI,2023-07-25 13:53,9.00,13000.00,KMCI 251353Z 19009KT 9SM FEW130 BKN250 27/22 A2999 RMK AO2 SLP145 T02670217
MCI,2023-07-25 14:53,8.00,13000.00,KMCI 251453Z 21010G16KT 8SM FEW130 BKN250 28/22 A2999 RMK AO2 SLP141 T02780217 50002
MCI,2023-07-25 15:53,8.00,18000.00,KMCI 251553Z 22007KT 8SM FEW180 OVC250 27/22 A2998 RMK AO2 SLP141 T02720217
MCI,2023-07-25 16:53,8.00,18000.00,KMCI 251653Z 21009KT 8SM FEW180 OVC250 28/22 A2997 RMK AO2 SLP137 T02830222
MCI,2023-07-25 17:53,8.00,18000.00,KMCI 251753Z 20010KT 8SM FEW180 OVC250 29/23 A2996 RMK AO2 SLP131 T02890228 10289 20239 58009
MCI,2023-07-25 18:53,8.00,18000.00,KMCI 251853Z 18010KT 8SM FEW180 BKN250 32/24 A2994 RMK AO2 SLP124 T03170239
MCI,2023-07-25 19:53,8.00,18000.00,KMCI 251953Z 21004KT 8SM BKN180 OVC250 31/23 A2995 RMK AO2 SLP128 T03110228
MCI,2023-07-25 20:53,10.00,17000.00,KMCI 252053Z 14005KT 10SM BKN170 31/23 A2993 RMK AO2 SLP124 T03060233 56007
MCI,2023-07-25 21:53,10.00,17000.00,KMCI 252153Z 11009KT 10SM BKN170 33/23 A2992 RMK AO2 SLP119 T03280233
MCI,2023-07-25 22:53,10.00,5500.00,KMCI 252253Z 11013KT 10SM SCT055 OVC180 31/24 A2990 RMK AO2 SLP113 T03110239
MCI,2023-07-25 23:53,10.00,18000.00,KMCI 252353Z 12014KT 10SM OVC180 30/24 A2989 RMK AO2 SLP109 T03000244 10333 20289 56014
MCI,2023-07-26 00:53,10.00,18000.00,KMCI 260053Z 15010KT 10SM BKN180 BKN250 29/24 A2987 RMK AO2 SLP103 T02940239
MCI,2023-07-26 01:53,10.00,18000.00,KMCI 260153Z 16012G21KT 10SM SCT180 SCT250 29/23 A2987 RMK AO2 SLP101 T02940228
MCI,2023-07-26 02:53,10.00,18000.00,KMCI 260253Z 17012KT 10SM SCT180 29/23 A2987 RMK AO2 SLP102 T02890233 55007
MCI,2023-07-26 03:53,10.00,15000.00,KMCI 260353Z 19012KT 10SM FEW150 BKN210 29/22 A2986 RMK AO2 SLP100 T02940222
MCI,2023-07-26 04:53,10.00,15000.00,KMCI 260453Z 20013KT 10SM FEW150 BKN210 30/21 A2987 RMK AO2 SLP099 T03000211
MCI,2023-07-26 05:53,10.00,15000.00,KMCI 260553Z 20014KT 10SM FEW150 SCT210 29/21 A2985 RMK AO2 SLP093 T02890211 10300 20289 403330233 58008
MCI,2023-07-26 06:53,10.00,22000.00,KMCI 260653Z 20015KT 10SM BKN220 28/21 A2984 RMK AO2 SLP090 T02830211
MCI,2023-07-26 07:53,10.00,20000.00,KMCI 260753Z 20014G22KT 10SM OVC200 28/21 A2982 RMK AO2 SLP085 T02830206
MCI,2023-07-26 08:53,10.00,18000.00,KMCI 260853Z 21015G23KT 10SM OVC180 28/21 A2981 RMK AO2 SLP082 T02830206 58011
MCI,2023-07-26 09:53,10.00,19000.00,KMCI 260953Z 20013KT 10SM BKN190 28/20 A2981 RMK AO2 SLP079 T02780200
MCI,2023-07-26 10:53,10.00,19000.00,KMCI 261053Z 21013KT 10SM SCT190 BKN250 28/19 A2979 RMK AO2 SLP075 T02780194
MCI,2023-07-26 11:53,10.00,18000.00,KMCI 261153Z 22010KT 10SM SCT180 BKN250 28/19 A2982 RMK AO2 SLP083 T02830189 10289 20278 53002
MCI,2023-07-26 12:53,8.00,15000.00,KMCI 261253Z 21011KT 8SM SCT150 BKN250 28/20 A2983 RMK AO2 SLP087 T02830200
MCI,2023-07-26 13:53,10.00,13000.00,KMCI 261353Z 22010KT 10SM SCT130 BKN250 28/21 A2985 RMK AO2 SLP092 T02830206
MCI,2023-07-26 14:53,10.00,7000.00,KMCI 261453Z 23011G18KT 10SM VCTS -RA FEW070CB SCT130 BKN250 29/21 A2986 RMK AO2 LTG DSNT SW RAB44 SLP096 TS VC SW-W MOV SE P0000 60000 T02890206 52012
MCI,2023-07-26 15:53,10.00,4200.00,KMCI 261553Z 22009KT 10SM FEW042 SCT130 BKN250 31/22 A2986 RMK AO2 LTG DSNT SE AND S RAE1454 TSE08 SLP096 CB DSNT SE-S MOV SE P0000 T03060222
MCI,2023-07-26 16:53,10.00,4200.00,KMCI 261653Z 22013KT 10SM FEW042 FEW130 SCT250 32/22 A2985 RMK AO2 SLP094 T03170222
MCI,2023-07-26 17:53,10.00,4200.00,KMCI 261753Z 24009KT 10SM FEW042 FEW130 SCT250 33/23 A2985 RMK AO2 SLP093 60000 T03330233 10333 20278 58003
MCI,2023-07-26 18:53,10.00,4200.00,KMCI 261853Z 23010KT 10SM FEW042 FEW250 34/23 A2983 RMK AO2 SLP087 T03440233
MCI,2023-07-26 19:53,10.00,25000.00,KMCI 261953Z 26010KT 10SM R19R/4000VP6000FT FEW250 36/24 A2984 RMK AO2 SLP089 T03560239
MCI,2023-07-26 20:53,10.00,M,KMCI 262053Z 26005KT 10SM CLR 36/26 A2984 RMK AO2 SLP088 T03610256 56004
MCI,2023-07-26 21:53,10.00,M,KMCI 262153Z 30006KT 10SM CLR 36/26 A2984 RMK AO2 SLP089 T03610256
MCI,2023-07-26 22:53,10.00,M,KMCI 262253Z 30006KT 10SM CLR 36/26 A2985 RMK AO2 SLP092 T03560261
MCI,2023-07-26 23:53,10.00,M,KMCI 262353Z 29003KT 10SM CLR 35/27 A2984 RMK AO2 SLP091 T03500272 10367 20333 50003
MCI,2023-07-27 00:53,10.00,M,KMCI 270053Z 35003KT 10SM CLR 33/28 A2986 RMK AO2 SLP095 T03330283
MCI,2023-07-27 01:53,10.00,20000.00,KMCI 270153Z 02004KT 10SM FEW200 31/28 A2986 RMK AO2 SLP098 T03060278
MCI,2023-07-27 02:53,10.00,M,KMCI 270253Z 01003KT 10SM CLR 31/27 A2988 RMK AO2 SLP105 T03060272 53013
MCI,2023-07-27 03:53,10.00,M,KMCI 270353Z 00000KT 10SM CLR 29/27 A2989 RMK AO2 SLP107 T02890267
MCI,2023-07-27 04:53,10.00,M,KMCI 270453Z 18003KT 10SM CLR 28/27 A2990 RMK AO2 SLP112 T02780272
MCI,2023-07-27 05:53,10.00,15000.00,KMCI 270553Z 00000KT 10SM FEW150 27/27 A2991 RMK AO2 SLP116 T02720267 10350 20272 403670272 53010
MCI,2023-07-27 06:53,10.00,M,KMCI 270653Z 22004KT 10SM CLR 28/23 A2990 RMK AO2 SLP111 T02780228
MCI,2023-07-27 07:53,10.00,M,KMCI 270753Z 20005KT 10SM CLR 26/23 A2990 RMK AO2 SLP111 T02560228
MCI,2023-07-27 08:53,10.00,M,KMCI 270853Z 22003KT 10SM CLR 26/22 A2990 RMK AO2 SLP111 T02610217 55004
MCI,2023-07-27 09:53,10.00,16000.00,KMCI 270953Z 21004KT 10SM SCT160 23/21 A2991 RMK AO2 SLP116 T02330211
MCI,2023-07-27 10:53,10.00,16000.00,KMCI 271053Z 22007KT 10SM SCT160 SCT250 24/21 A2992 RMK AO2 SLP118 T02390206
MCI,2023-07-27 11:53,10.00,16000.00,KMCI 271153Z 19005KT 10SM FEW160 SCT250 23/21 A2993 RMK AO2 SLP120 T02330211 10283 20233 51008
MCI,2023-07-27 12:53,10.00,16000.00,KMCI 271253Z 19010KT 10SM FEW160 SCT250 26/22 A2993 RMK AO2 SLP120 T02610217
MCI,2023-07-27 13:53,10.00,16000.00,KMCI 271353Z 21009KT 10SM FEW160 SCT250 27/21 A2993 RMK AO2 SLP121 T02720211
MCI,2023-07-27 14:53,10.00,13000.00,KMCI 271453Z 22008KT 10SM BKN130 OVC250 27/21 A2994 RMK AO2 SLP125 T02720211 53005 $
MCI,2023-07-27 15:53,6.00,13000.00,KMCI 271553Z 21006KT 6SM HZ OVC130 28/22 A2996 RMK AO2 SLP131 T02780222
MCI,2023-07-27 16:53,10.00,13000.00,KMCI 271653Z 20007KT 10SM BKN130 28/23 A2995 RMK AO2 SLP129 T02780228
MCI,2023-07-27 17:53,10.00,14000.00,KMCI 271753Z 20010KT 10SM BKN140 30/23 A2993 RMK AO2 SLP123 T03000228 10306 20233 58002
MCI,2023-07-27 18:53,10.00,13000.00,KMCI 271853Z 19008KT 10SM OVC130 32/24 A2992 RMK AO2 SLP117 T03170244
MCI,2023-07-27 19:53,9.00,17000.00,KMCI 271953Z 27007KT 9SM OVC170 30/24 A2994 RMK AO2 SLP126 T03000239
MCI,2023-07-27 20:53,10.00,17000.00,KMCI 272053Z 19007KT 10SM OVC170 32/24 A2993 RMK AO2 SLP122 T03220244 56001
MCI,2023-07-27 21:53,8.00,15000.00,KMCI 272153Z 18008KT 8SM BKN150 32/25 A2992 RMK AO2 SLP119 T03220250
MCI,2023-07-27 22:53,10.00,15000.00,KMCI 272253Z 18010KT 10SM BKN150 31/25 A2992 RMK AO2 SLP117 T03110250
MCI,2023-07-27 23:53,10.00,15000.00,KMCI 272353Z 17009KT 10SM BKN150 31/24 A2991 RMK AO2 SLP115 T03110244 10328 20294 56007
MCI,2023-07-28 00:53,10.00,15000.00,KMCI 280053Z 18009KT 10SM SCT150 29/24 A2990 RMK AO2 SLP113 T02940239
MCI,2023-07-28 01:53,10.00,15000.00,KMCI 280153Z 19011KT 10SM FEW150 FEW250 29/22 A2990 RMK AO2 SLP113 T02890222
MCI,2023-07-28 02:53,10.00,M,KMCI 280253Z 19011KT 10SM CLR 29/22 A2991 RMK AO2 SLP116 T02890222 53001
MCI,2023-07-28 03:53,10.00,M,KMCI 280353Z 20010KT 10SM CLR 28/22 A2992 RMK AO2 SLP120 T02830222
MCI,2023-07-28 04:53,10.00,M,KMCI 280453Z 20009KT 10SM CLR 28/22 A2994 RMK AO2 SLP124 T02830217
MCI,2023-07-28 05:53,10.00,M,KMCI 280553Z 20012KT 10SM CLR 28/22 A2995 RMK AO2 SLP126 T02830217 10311 20278 403280233 51011
MCI,2023-07-28 06:53,10.00,M,KMCI 280653Z 20013G22KT 10SM CLR 28/22 A2994 RMK AO2 SLP123 T02830217
MCI,2023-07-28 07:53,10.00,15000.00,KMCI 280753Z 20013KT 10SM FEW150 28/22 A2993 RMK AO2 SLP123 T02780217
MCI,2023-07-28 08:53,10.00,15000.00,KMCI 280853Z 20011KT 10SM FEW150 26/22 A2992 RMK AO2 SLP119 T02610217 57007
MCI,2023-07-28 09:53,10.00,15000.00,KMCI 280953Z 20009KT 10SM FEW150 26/22 A2993 RMK AO2 SLP120 T02560217
MCI,2023-07-28 10:53,10.00,10000.00,KMCI 281053Z 20012KT 10SM FEW100 26/21 A2992 RMK AO2 SLP120 T02560211
MCI,2023-07-28 11:53,10.00,10000.00,KMCI 281153Z 20012KT 10SM FEW100 FEW250 26/21 A2994 RMK AO2 SLP124 T02610206 10283 20256 53004
MCI,2023-07-28 12:53,10.00,25000.00,KMCI 281253Z 21011G19KT 10SM FEW250 27/21 A2995 RMK AO2 SLP129 T02670206
MCI,2023-07-28 13:53,10.00,M,KMCI 281353Z 21011G21KT 10SM CLR 28/21 A2995 RMK AO2 SLP129 T02780206
MCI,2023-07-28 14:53,10.00,M,KMCI 281453Z 20013G22KT 10SM CLR 29/21 A2996 RMK AO2 SLP130 T02940211 51006
MCI,2023-07-28 15:53,10.00,M,KMCI 281553Z 21014G20KT 10SM CLR 31/22 A2995 RMK AO2 SLP129 T03110222
MCI,2023-07-28 16:53,10.00,25000.00,KMCI 281653Z 21012KT 10SM FEW250 33/23 A2995 RMK AO2 SLP127 T03280228
MCI,2023-07-28 17:53,10.00,25000.00,KMCI 281753Z 21010KT 10SM SCT250 34/23 A2994 RMK AO2 SLP125 T03390228 10339 20261 57004
MCI,2023-07-28 18:53,10.00,25000.00,KMCI 281853Z 21013KT 10SM BKN250 35/22 A2993 RMK AO2 SLP120 T03500222
MCI,2023-07-28 19:53,10.00,25000.00,KMCI 281953Z 21011KT 10SM BKN250 36/23 A2991 RMK AO2 SLP115 T03610228
MCI,2023-07-28 20:53,10.00,25000.00,KMCI 282053Z 21012KT 10SM FEW250 37/22 A2990 RMK AO2 SLP110 T03670222 58015
MCI,2023-07-28 21:53,10.00,25000.00,KMCI 282153Z 21008KT 10SM BKN250 37/23 A2990 RMK AO2 SLP110 T03720233
MCI,2023-07-28 22:53,10.00,25000.00,KMCI 282253Z 20006KT 10SM SCT250 36/24 A2990 RMK AO2 SLP110 T03610239
MCI,2023-07-28 23:53,10.00,M,KMCI 282353Z 19007KT 10SM CLR 35/24 A2989 RMK AO2 SLP108 T03500244 10372 20339 58002
MCI,2023-07-29 00:53,10.00,25000.00,KMCI 290053Z 21006KT 10SM SCT250 32/23 A2992 RMK AO2 SLP119 T03220228
MCI,2023-07-29 01:53,10.00,25000.00,KMCI 290153Z 21007KT 10SM BKN250 31/22 A2994 RMK AO2 SLP125 T03060217
MCI,2023-07-29 02:53,10.00,25000.00,KMCI 290253Z 21008KT 10SM BKN250 29/21 A2995 RMK AO2 SLP128 T02940211 51019
MCI,2023-07-29 03:53,10.00,9000.00,KMCI 290353Z 28017G28KT 10SM FEW090 SCT130 OVC250 31/17 A3000 RMK AO2 PK WND 29028/0350 LTG DSNT NW SLP143 CB DSNT NW T03110172
MCI,2023-07-29 04:53,10.00,25000.00,KMCI 290453Z 21004KT 10SM OVC250 27/18 A2994 RMK AO2 SLP124 T02720183
MCI,2023-07-29 05:53,10.00,10000.00,KMCI 290553Z 25004KT 10SM FEW100 OVC250 26/19 A2996 RMK AO2 PRESRR SLP132 CONS LTGICCC DSNT N CB DSNT N T02560189 10350 20256 403720256 51004
MCI,2023-07-29 06:53,10.00,12000.00,KMCI 290653Z 36006KT 10SM SCT120 OVC180 27/19 A3001 RMK AO2 SLP149 CONS LTGICCC DSNT N CB DSNT N T02670189
MCI,2023-07-29 07:53,10.00,12000.00,KMCI 290753Z 15004KT 10SM FEW120 BKN200 24/19 A3002 RMK AO2 SLP153 T02390189
MCI,2023-07-29 08:53,10.00,25000.00,KMCI 290853Z 21005KT 10SM BKN250 23/18 A3002 RMK AO2 SLP153 T02330183 51020
MCI,2023-07-29 09:53,10.00,25000.00,KMCI 290953Z 24007KT 10SM FEW250 24/18 A3002 RMK AO2 SLP150 T02440183
MCI,2023-07-29 10:53,10.00,12000.00,KMCI 291053Z 00000KT 10SM FEW120 SCT250 24/18 A3001 RMK AO2 SLP150 T02390178
MCI,2023-07-29 11:53,10.00,13000.00,KMCI 291153Z 22006KT 10SM FEW130 BKN250 24/18 A3003 RMK AO2 SLP156 T02390178 10278 20217 53003
MCI,2023-07-29 12:53,10.00,13000.00,KMCI 291253Z 00000KT 10SM FEW130 BKN250 27/20 A3004 RMK AO2 SLP159 T02670200
MCI,2023-07-29 13:53,10.00,M,KMCI 291353Z 03008KT 10SM CLR 29/20 A3006 RMK AO2 SLP166 T02890200
MCI,2023-07-29 14:53,10.00,13000.00,KMCI 291453Z 02003KT 10SM FEW130 SCT250 30/22 A3007 RMK AO2 SLP169 T03000217 53013
MCI,2023-07-29 15:53,10.00,6000.00,KMCI 291553Z 32012G18KT 10SM FEW060 BKN110 OVC250 29/23 A3013 RMK AO2 LTG DSNT N AND NW PRESRR SLP191 T02890233
MCI,2023-07-29 16:53,10.00,2800.00,KMCI 291653Z 01011G19KT 10SM FEW028 OVC250 22/20 A3016 RMK AO2 PK WND 33040/1601 LTG DSNT NE AND E RAB12E45 TSB04E23 SLP202 P0000 T02220200
MCI,2023-07-29 17:53,10.00,2800.00,KMCI 291753Z 01012KT 10SM FEW028 SCT130 OVC250 25/20 A3013 RMK AO2 LTG DSNT N AND NW SLP192 XCB DSNT NW 60000 T02500200 10311 20222 58001
MCI,2023-07-29 18:53,7.00,5500.00,KMCI 291853Z 23027G40KT 7SM TSRA SCT055CB BKN095 OVC130 24/18 A2999 RMK AO2 PK WND 23040/1853 LTG DSNT ALQDS RAB26 TSB28 PRESFR SLP145 TS SW-W MOV SE P0005 T02390183 $
MCI,2023-07-29 19:53,10.00,8000.00,KMCI 291953Z 30015G23KT 10SM VCTS FEW080 BKN130 BKN250 23/21 A3007 RMK AO2 PK WND 22039/1856 WSHFT 1854 LTG DSNT E-SW RAE02 TSE24 PRESRR SLP173 CB DSNT SE-S P0005 T02330206 $
MCI,2023-07-29 20:53,10.00,2000.00,KMCI 292053Z 31011KT 10SM FEW020 FEW080 BKN140 BKN250 27/22 A3008 RMK AO2 SLP174 60010 T02670222 55019 $
MCI,2023-07-29 21:53,10.00,6000.00,KMCI 292153Z VRB06KT 10SM FEW060 FEW150 BKN250 28/22 A3010 RMK AO2 SLP181 T02780217 $
MCI,2023-07-29 22:53,10.00,13000.00,KMCI 292253Z 35003KT 10SM FEW130 BKN250 29/21 A3010 RMK AO2 SLP180 T02890211 $
MCI,2023-07-29 23:53,10.00,13000.00,KMCI 292353Z 34006KT 10SM FEW130 BKN250 28/22 A3009 RMK AO2 SLP179 60010 T02780217 10289 20222 50006 $
MCI,2023-07-30 00:53,10.00,25000.00,KMCI 300053Z 35004KT 10SM SCT250 26/22 A3009 RMK AO2 SLP178 T02610217 $
MCI,2023-07-30 01:53,10.00,25000.00,KMCI 300153Z 33003KT 10SM SCT250 24/22 A3009 RMK AO2 SLP178 T02390217 $
MCI,2023-07-30 02:53,10.00,25000.00,KMCI 300253Z 01005KT 10SM FEW250 23/22 A3011 RMK AO2 SLP184 T02330217 53005 $
MCI,2023-07-30 03:53,10.00,25000.00,KMCI 300353Z 01004KT 10SM FEW250 23/22 A3012 RMK AO2 SLP188 T02280217 $
MCI,2023-07-30 04:53,10.00,25000.00,KMCI 300453Z 01003KT 10SM FEW250 23/22 A3013 RMK AO2 SLP193 T02280217 $
MCI,2023-07-30 05:53,10.00,25000.00,KMCI 300553Z 36004KT 10SM FEW250 22/21 A3013 RMK AO2 SLP193 T02220211 10278 20222 403110217 51007 $
MCI,2023-07-30 06:53,10.00,M,KMCI 300653Z 01005KT 10SM CLR 22/21 A3013 RMK AO2 SLP194 T02170211 $
MCI,2023-07-30 07:53,10.00,12000.00,KMCI 300753Z 03003KT 10SM FEW120 22/21 A3013 RMK AO2 SLP192 T02170211 $
MCI,2023-07-30 08:53,10.00,15000.00,KMCI 300853Z 03003KT 10SM FEW150 21/21 A3013 RMK AO2 SLP192 T02110206 58001 $
MCI,2023-07-30 09:53,10.00,13000.00,KMCI 300953Z 05006KT 10SM SCT130 21/21 A3013 RMK AO2 SLP191 T02110206 $
MCI,2023-07-30 10:53,10.00,13000.00,KMCI 301053Z 06007KT 10SM SCT130 SCT180 22/20 A3012 RMK AO2 SLP188 T02170200 $
MCI,2023-07-30 11:53,10.00,13000.00,KMCI 301153Z 13005KT 10SM SCT130 22/20 A3013 RMK AO2 SLP192 70010 T02170200 10222 20200 53001 $
MCI,2023-07-30 12:53,10.00,14000.00,KMCI 301253Z 07007KT 10SM SCT140 23/21 A3015 RMK AO2 SLP199 T02330206 $
MCI,2023-07-30 13:53,10.00,14000.00,KMCI 301353Z VRB04KT 10SM SCT140 25/22 A3017 RMK AO2 SLP205 T02500217 $
MCI,2023-07-30 14:53,10.00,4000.00,KMCI 301453Z 12008KT 10SM FEW040 SCT140 27/22 A3017 RMK AO2 SLP205 T02670217 50012
MCI,2023-07-30 15:53,10.00,3000.00,KMCI 301553Z 13009KT 10SM FEW030 SCT250 28/22 A3016 RMK AO2 SLP201 T02780217
MCI,2023-07-30 16:53,10.00,3000.00,KMCI 301653Z 15008KT 10SM FEW030 SCT200 29/22 A3014 RMK AO2 SLP195 T02890217
MCI,2023-07-30 17:53,10.00,M,KMCI 301753Z 10009KT 10SM CLR 30/21 A3013 RMK AO2 SLP190 T03000206 10306 20211 58013
MCI,2023-07-30 18:53,10.00,3000.00,KMCI 301853Z VRB06KT 10SM FEW030 SCT250 31/20 A3012 RMK AO2 SLP187 T03110200
MCI,2023-07-30 19:53,10.00,20000.00,KMCI 301953Z VRB03KT 10SM SCT200 32/21 A3010 RMK AO2 SLP182 T03170211
MCI,2023-07-30 20:53,10.00,20000.00,KMCI 302053Z 05008KT 10SM SCT200 32/21 A3009 RMK AO2 SLP178 T03220211 58012
MCI,2023-07-30 21:53,10.00,18000.00,KMCI 302153Z 09007KT 10SM FEW180 BKN220 32/21 A3007 RMK AO2 SLP172 T03170206
MCI,2023-07-30 22:53,10.00,M,KMCI 302253Z 08007G17KT 10SM CLR 32/20 A3005 RMK AO2 SLP163 T03170200
MCI,2023-07-30 23:53,10.00,10000.00,KMCI 302353Z 07011KT 10SM BKN100 BKN220 31/19 A3004 RMK AO2 LTG DSNT N AND NW SLP160 T03060194 10322 20300 56017
MCI,2023-07-31 00:53,0.75,2300.00,KMCI 310053Z 04018G25KT 3/4SM R19R/5000VP6000FT -TSRA BR SCT023CB BKN050 OVC085 24/22 A3013 RMK AO2 SFC VIS 4 LTG DSNT ALQDS RAB37 TSB29 SLP194 TS OHD MOV SE P0025 T02390222
MCI,2023-07-31 01:53,10.00,3700.00,KMCI 310153Z 12012KT 10SM VCTS FEW037 BKN075CB BKN095 22/19 A3009 RMK AO2 PK WND 04057/0106 WSHFT 0112 LTG DSNT E-SW RAE46 TSE00B04E53 SLP181 TS E-SW MOV S P0042 T02170189
MCI,2023-07-31 02:53,10.00,15000.00,KMCI 310253Z 16013KT 10SM BKN150 BKN250 21/19 A3004 RMK AO2 SLP162 TS MOVD S 60067 T02110194 58000
MCI,2023-07-31 03:53,10.00,12000.00,KMCI 310353Z 16009KT 10SM SCT120 BKN150 21/19 A3003 RMK AO2 SLP159 T02110194 $
MCI,2023-07-31 04:53,10.00,12000.00,KMCI 310453Z 23004KT 10SM FEW120 BKN150 20/19 A3006 RMK AO2 SLP170 T02000194 $
MCI,2023-07-31 05:53,10.00,8000.00,KMCI 310553Z 00000KT 10SM FEW080 BKN100 21/19 A3008 RMK AO2 LTG DSNT SW-N SLP175 60067 T02060194 10306 20200 403220200 53015 $
MCI,2023-07-31 06:53,10.00,1400.00,KMCI 310653Z 14008KT 10SM VCTS FEW014 BKN110CB OVC170 21/20 A3007 RMK AO2 LTG DSNT ALQDS RAB17E36 TSB09E36 SLP170 TS SE-S MOV SE P0024 T02060200 $
MCI,2023-07-31 07:53,6.00,5000.00,KMCI 310753Z 07006KT 6SM -TSRA BR FEW050 SCT075 OVC100CB 21/20 A3007 RMK AO2 LTG DSNT N AND W RAB07E19B34 TSB37 SLP169 TS OHD MOV SE P0003 T02060200 $
MCI,2023-07-31 08:53,10.00,11000.00,KMCI 310853Z 27003KT 10SM BKN110 BKN140 21/20 A3006 RMK AO2 LTG DSNT ALQDS RAEMM TSE07 SLP169 P0000 60027 T02060200 56006 $
MCI,2023-07-31 09:53,10.00,3000.00,KMCI 310953Z 09005KT 10SM FEW030 BKN150 OVC200 21/20 A3005 RMK AO2 LTG DSNT N-E RAB11E23 SLP164 P0000 T02060200 $
MCI,2023-07-31 10:53,10.00,11000.00,KMCI 311053Z 08003KT 10SM SCT110 BKN140 21/21 A3008 RMK AO2 LTG DSNT E AND SW AND W SLP174 T02110206 $
MCI,2023-07-31 11:53,10.00,200.00,KMCI 311153Z 15007KT 10SM TS FEW002 BKN065CB BKN200 21/21 A3007 RMK AO2 LTG DSNT NE AND S AND SW RAB25E40 TSB37 SLP172 OCNL LTGIC SW-W TS SW-W MOV SE P0000 60027 70094 T02060206 10211 20200 53003
MCI,2023-07-31 12:53,7.00,400.00,KMCI 311253Z 07005G15KT 7SM -TSRA SCT004 BKN060CB BKN110 21/21 A3012 RMK AO2 LTG DSNT ALQDS RAB42 TSB20 PRESRR SLP188 OCNL LTGIC SW-W TS SW-W MOV SE P0000 T02110206
MCI,2023-07-31 13:53,3.00,700.00,KMCI 311353Z 02008G19KT 3SM -TSRA BR BKN007 BKN070CB OVC120 21/21 A3020 RMK AO2 LTG DSNT ALQDS PRESRR SLP220 FRQ LTGIC SW-NW TS SW-NW MOV SE P0007 T02060206
MCI,2023-07-31 14:53,10.00,600.00,KMCI 311453Z 07013KT 10SM SCT006 BKN120 OVC200 21/21 A3014 RMK AO2 LTG DSNT SE RAE37 TSE40 SLP199 P0010 60017 T02110206 50022
MCI,2023-07-31 15:53,10.00,900.00,KMCI 311553Z 09009KT 10SM FEW009 BKN140 OVC200 22/21 A3013 RMK AO2 SLP193 T02170206
MCI,2023-07-31 16:53,10.00,900.00,KMCI 311653Z 14009KT 10SM FEW009 BKN130 BKN200 23/21 A3011 RMK AO2 SLP188 T02280206
MCI,2023-07-31 17:53,10.00,1200.00,KMCI 311753Z 15010KT 10SM FEW012 BKN140 BKN200 26/22 A3009 RMK AO2 SLP178 60017 T02560222 10256 20206 58018
MCI,2023-07-31 18:53,10.00,1800.00,KMCI 311853Z 15012KT 10SM FEW018 BKN140 BKN200 27/23 A3007 RMK AO2 SLP171 T02720228
MCI,2023-07-31 19:53,10.00,1800.00,KMCI 311953Z 13009G18KT 10SM FEW018 BKN140 BKN200 27/22 A3007 RMK AO2 SLP171 T02670222
MCI,2023-07-31 20:53,10.00,2000.00,KMCI 312053Z 08010KT 10SM FEW020 BKN140 BKN250 26/22 A3007 RMK AO2 SLP172 T02560217 55006
MCI,2023-07-31 21:53,10.00,2000.00,KMCI 312153Z 09011KT 10SM FEW020 BKN140 BKN250 27/22 A3006 RMK AO2 SLP168 T02720222
MCI,2023-07-31 22:53,10.00,2000.00,KMCI 312253Z 10012KT 10SM FEW020 BKN140 BKN250 27/23 A3006 RMK AO2 PK WND 10026/2154 SLP168 T02670228
MCI,2023-07-31 23:53,10.00,M,KMCI 312353Z 11011KT 10SM CLR 26/22 A3005 RMK AO2 SLP165 T02560222 10278 20256 56007
MCI,2023-08-01 00:53,10.00,2000.00,KMCI 010053Z 10014KT 10SM FEW020 BKN150 BKN200 25/22 A3005 RMK AO2 SLP167 T02500217
MCI,2023-08-01 01:53,10.00,15000.00,KMCI 010153Z 10010KT 10SM BKN150 BKN250 24/22 A3005 RMK AO2 SLP167 T02440222
MCI,2023-08-01 02:53,10.00,15000.00,KMCI 010253Z 09009KT 10SM BKN150 BKN250 24/22 A3006 RMK AO2 SLP171 T02390217 53006
MCI,2023-08-01 03:53,10.00,10000.00,KMCI 010353Z 08009KT 10SM BKN100 BKN150 24/22 A3005 RMK AO2 SLP168 T02390217
MCI,2023-08-01 04:53,10.00,10000.00,KMCI 010453Z 08009KT 10SM BKN100 24/22 A3006 RMK AO2 SLP168 T02390217
MCI,2023-08-01 05:53,10.00,10000.00,KMCI 010553Z 10008KT 10SM SCT100 24/21 A3006 RMK AO2 SLP167 T02390211 10256 20233 402780200 56003
MCI,2023-08-01 06:53,10.00,10000.00,KMCI 010653Z 11011KT 10SM FEW100 23/22 A3004 RMK AO2 LTG DSNT NE AND E SLP162 T02330217
MCI,2023-08-01 07:53,10.00,15000.00,KMCI 010753Z 10010KT 10SM FEW150 23/22 A3003 RMK AO2 SLP160 T02330222
MCI,2023-08-01 08:53,10.00,800.00,KMCI 010853Z COR 11009KT 10SM FEW008 BKN100 BKN120 23/22 A3004 RMK AO2 SLP161 T02330222 55006
MCI,2023-08-01 09:53,10.00,700.00,KMCI 010953Z 11011KT 10SM SCT007 SCT100 BKN120 23/22 A3004 RMK AO2 SLP160 T02330222
MCI,2023-08-01 10:53,10.00,700.00,KMCI 011053Z 11010KT 10SM OVC007 23/22 A3005 RMK AO2 SLP165 T02330222
MCI,2023-08-01 11:53,10.00,800.00,KMCI 011153Z 13011KT 10SM FEW008 BKN100 BKN120 23/22 A3006 RMK AO2 SLP168 70017 T02330222 10239 20233 53007
MCI,2023-08-01 12:53,10.00,800.00,KMCI 011253Z 13015KT 10SM FEW008 BKN100 24/22 A3007 RMK AO2 LTG DSNT SE SLP172 T02390222
MCI,2023-08-01 13:53,10.00,900.00,KMCI 011353Z 15017G26KT 10SM FEW009 BKN110 BKN170 25/22 A3008 RMK AO2 PK WND 14026/1344 SLP174 T02500222
MCI,2023-08-01 14:53,10.00,1000.00,KMCI 011453Z 15016G26KT 10SM FEW010 BKN110 26/23 A3007 RMK AO2 PK WND 14026/1414 SLP172 T02610228 50003
MCI,2023-08-01 15:53,10.00,1000.00,KMCI 011553Z 15017G26KT 10SM FEW010 BKN110 BKN200 28/23 A3006 RMK AO2 PK WND 15026/1515 SLP167 T02780228
MCI,2023-08-01 16:53,10.00,1500.00,KMCI 011653Z 17013KT 10SM FEW015 BKN120 BKN200 28/23 A3007 RMK AO2 PK WND 15026/1608 SLP170 T02780228
MCI,2023-08-01 17:53,8.00,2100.00,KMCI 011753Z 16007KT 8SM SCT021 BKN150 BKN250 27/24 A3003 RMK AO2 RAB03E42 SLP158 P0004 60004 T02670244 10289 20233 58012
MCI,2023-08-01 18:53,10.00,2100.00,KMCI 011853Z 14010KT 10SM FEW021 BKN150 BKN250 29/24 A3003 RMK AO2 SLP156 T02890239
MCI,2023-08-01 19:53,10.00,2900.00,KMCI 011953Z 14010KT 10SM FEW029 BKN140 BKN250 31/24 A3002 RMK AO2 SLP152 T03060244
MCI,2023-08-01 20:53,10.00,2400.00,KMCI 012053Z COR 13010KT 10SM FEW024 BKN140 BKN200 31/26 A3000 RMK AO2 SLP146 T03110256 58010
MCI,2023-08-01 21:53,10.00,3400.00,KMCI 012153Z 10010G16KT 10SM FEW034 SCT160 SCT230 32/26 A2998 RMK AO2 SLP140 T03170256
MCI,2023-08-01 22:53,10.00,20000.00,KMCI 012253Z 09011KT 10SM FEW200 32/26 A2997 RMK AO2 SLP137 T03170261
MCI,2023-08-01 23:53,10.00,20000.00,KMCI 012353Z 10015KT 10SM FEW200 30/26 A2996 RMK AO2 SLP134 T03000256 10317 20267 56012
MCI,2023-08-02 00:53,10.00,15000.00,KMCI 020053Z 11012KT 10SM FEW150 SCT250 29/25 A2996 RMK AO2 SLP134 T02890250
MCI,2023-08-02 01:53,10.00,15000.00,KMCI 020153Z 10011KT 10SM FEW150 SCT250 28/24 A2998 RMK AO2 SLP139 T02830244
MCI,2023-08-02 02:53,10.00,10000.00,KMCI 020253Z 10012KT 10SM FEW100 27/24 A2999 RMK AO2 SLP144 T02720239 53009
MCI,2023-08-02 03:53,10.00,10000.00,KMCI 020353Z 11015KT 10SM FEW100 FEW200 27/23 A3000 RMK AO2 SLP144 T02670228
MCI,2023-08-02 04:53,10.00,11000.00,KMCI 020453Z 11010KT 10SM SCT110 26/23 A2999 RMK AO2 SLP145 T02560233
MCI,2023-08-02 05:53,10.00,11000.00,KMCI 020553Z 13010KT 10SM FEW110 25/23 A2997 RMK AO2 SLP137 T02500233 10300 20250 403170233 58007
MCI,2023-08-02 06:53,10.00,10000.00,KMCI 020653Z 17008KT 10SM FEW100 24/23 A2993 RMK AO2 SLP123 T02440233
MCI,2023-08-02 07:53,10.00,20000.00,KMCI 020753Z 14008KT 10SM FEW200 24/24 A2991 RMK AO2 SLP115 T02440239
MCI,2023-08-02 08:53,10.00,25000.00,KMCI 020853Z 14009KT 10SM SCT250 24/24 A2992 RMK AO2 SLP118 T02440239 55017
MCI,2023-08-02 09:53,9.00,400.00,KMCI 020953Z 12009KT 9SM SCT004 24/23 A2995 RMK AO2 SLP128 T02390233
MCI,2023-08-02 10:53,10.00,500.00,KMCI 021053Z 12015KT 10SM FEW005 SCT100 BKN250 24/23 A2993 RMK AO2 LTG DSNT SW SLP123 FRQ LTGIC DSNT SW CB DSNT SW MOV SE T02390233
MCI,2023-08-02 11:53,9.00,800.00,KMCI 021153Z 12006KT 9SM FEW008 SCT100 BKN250 24/23 A2998 RMK AO2 LTG DSNT S-NW PRESRR SLP138 70004 T02390233 10250 20239 53019
MCI,2023-08-02 12:53,9.00,600.00,KMCI 021253Z 08013G21KT 9SM SCT006 BKN100 OVC190 24/23 A2999 RMK AO2 LTG DSNT SE SLP143 T02390233
MCI,2023-08-02 13:53,10.00,800.00,KMCI 021353Z 10012KT 10SM FEW008 BKN120 OVC190 24/23 A2999 RMK AO2 SLP145 T02440233
MCI,2023-08-02 14:53,10.00,900.00,KMCI 021453Z 12016G24KT 10SM FEW009 BKN130 OVC190 24/22 A2999 RMK AO2 PK WND 11028/1433 SLP142 T02390222 58001
MCI,2023-08-02 15:53,10.00,1000.00,KMCI 021553Z 11014KT 10SM FEW010 BKN130 OVC190 24/22 A2999 RMK AO2 SLP143 T02440222
MCI,2023-08-02 16:53,10.00,1500.00,KMCI 021653Z 11010KT 10SM -RA SCT015 SCT028 BKN110 OVC170 25/23 A3001 RMK AO2 RAB42 TSE18 SLP150 CB DSNT N AND SW P0000 T02500228
MCI,2023-08-02 17:53,10.00,1500.00,KMCI 021753Z 13015KT 10SM FEW015 SCT028 BKN130 OVC190 26/23 A2998 RMK AO2 RAE22 SLP139 P0000 60000 T02610233 10261 20239 58003
MCI,2023-08-02 18:53,10.00,2000.00,KMCI 021853Z 15013KT 10SM FEW020 BKN150 OVC200 28/24 A2995 RMK AO2 SLP130 T02780239
MCI,2023-08-02 19:53,10.00,2000.00,KMCI 021953Z 14010KT 10SM -RA FEW020 BKN150 OVC250 28/24 A2993 RMK AO2 RAB47 SLP125 P0000 T02780244
MCI,2023-08-02 20:53,10.00,2700.00,KMCI 022053Z 14005KT 10SM FEW027 BKN140 OVC250 28/24 A2993 RMK AO2 RAE16 SLP125 P0000 60000 T02780244 56014
MCI,2023-08-02 21:53,10.00,14000.00,KMCI 022153Z 07006KT 10SM BKN140 OVC200 28/25 A2993 RMK AO2 SLP123 T02780250
MCI,2023-08-02 22:53,10.00,3400.00,KMCI 022253Z 08008KT 10SM -RA FEW034 FEW080 SCT110 OVC140 28/25 A2992 RMK AO2 RAB45 SLP120 P0000 T02780250
MCI,2023-08-02 23:53,10.00,14000.00,KMCI 022353Z 05008KT 10SM OVC140 28/26 A2992 RMK AO2 RAE2256 SLP120 P0000 60000 T02780256 10283 20261 56004
MCI,2023-08-03 00:53,10.00,13000.00,KMCI 030053Z 07009KT 10SM BKN130 BKN180 27/25 A2993 RMK AO2 SLP123 T02720250
MCI,2023-08-03 01:53,10.00,13000.00,KMCI 030153Z 05008KT 10SM BKN130 BKN180 27/25 A2992 RMK AO2 SLP119 T02670250
MCI,2023-08-03 02:53,9.00,2000.00,KMCI 030253Z 05005KT 9SM FEW020 BKN140 26/24 A2993 RMK AO2 SLP123 T02610244 51001
MCI,2023-08-03 03:53,10.00,800.00,KMCI 030353Z 08012KT 10SM OVC008 26/24 A2995 RMK AO2 SLP132 T02560244
MCI,2023-08-03 04:53,10.00,800.00,KMCI 030453Z 09008KT 10SM OVC008 26/24 A2996 RMK AO2 SLP132 T02560239
MCI,2023-08-03 05:53,10.00,700.00,KMCI 030553Z 09009KT 10SM OVC007 25/24 A2995 RMK AO2 LTG DSNT NE AND E SLP130 T02500239 10278 20250 402830239 50008
MCI,2023-08-03 06:53,7.00,600.00,KMCI 030653Z 10009KT 7SM -TSRA OVC006CB 24/24 A2993 RMK AO2 LTG DSNT E AND NW RAB31 TSB12 SLP123 FRQ LTGICCG E TS E MOV E P0001 T02440239
MCI,2023-08-03 07:53,5.00,400.00,KMCI 030753Z 32003KT 5SM TS BR OVC004CB 24/24 A2995 RMK AO2 LTG DSNT NE AND E AND W RAE01 SLP128 OCNL LTGIC NW TS NW MOV E P0000 T02440239
MCI,2023-08-03 08:53,4.00,300.00,KMCI 030853Z 07008KT 4SM -TSRA BR BKN003 BKN040CB OVC120 24/24 A2993 RMK AO2 LTG DSNT SE-W RAB08 SLP121 FRQ LTGICCCCG ALQDS TS ALQDS MOV E P0013 60014 T02390239 56008
MCI,2023-08-03 09:53,3.00,300.00,KMCI 030953Z 33006KT 3SM -TSRA BR BKN003 BKN050CB OVC110 24/23 A2997 RMK AO2 LTG DSNT ALQDS SLP136 FRQ LTGICCG ALQDS TS ALQDS MOV E P0009 T02390233
MCI,2023-08-03 10:53,1.00,200.00,KMCI 031053Z 07005KT 1SM R19R/P6000FT -RA BR BKN002 OVC110 24/24 A2995 RMK AO2 SFC VIS 3 LTG DSNT SW TSE37 SLP130 P0006 T02390239 $
MCI,2023-08-03 11:53,1.50,300.00,KMCI 031153Z 08008KT 1 1/2SM -RA BR BKN003 BKN120 24/23 A2994 RMK AO2 SFC VIS 2 SLP128 P0004 60033 70033 T02390233 10250 20233 56008
MCI,2023-08-03 12:53,5.00,500.00,KMCI 031253Z 08007KT 5SM -RA BR BKN005 OVC008 24/23 A2994 RMK AO2 SLP128 P0000 T02390233
MCI,2023-08-03 13:53,8.00,600.00,KMCI 031353Z 07005KT 8SM OVC006 24/23 A2996 RMK AO2 RAE51 SLP132 P0000 T02440233
MCI,2023-08-03 14:53,10.00,800.00,KMCI 031453Z 06006KT 10SM FEW008 BKN015 25/23 A2998 RMK AO2 SLP141 60000 T02500233 51012
MCI,2023-08-03 15:53,10.00,1100.00,KMCI 031553Z 04006KT 10SM SCT011 BKN018 OVC110 26/24 A2998 RMK AO2 RAB1458E42 SLP141 P0002 T02560239
MCI,2023-08-03 16:53,10.00,1200.00,KMCI 031653Z 05005KT 10SM FEW012 BKN023 28/24 A2999 RMK AO2 RAB32E43 SLP142 P0000 T02780239
MCI,2023-08-03 17:53,10.00,2500.00,KMCI 031753Z VRB03KT 10SM BKN025 BKN150 BKN250 28/24 A2998 RMK AO2 SLP140 60002 T02830239 10283 20239 58001
MCI,2023-08-03 18:53,10.00,1800.00,KMCI 031853Z 05003KT 10SM BKN018 BKN150 BKN250 29/24 A2996 RMK AO2 SLP133 T02890239
MCI,2023-08-03 19:53,10.00,2000.00,KMCI 031953Z 13009KT 10SM BKN020 BKN150 BKN250 29/24 A2994 RMK AO2 SLP125 T02890244
MCI,2023-08-03 20:53,10.00,2100.00,KMCI 032053Z 12007KT 10SM BKN021 OVC028 28/24 A2994 RMK AO2 LTG DSNT W AND NW SLP126 T02830239 55013
MCI,2023-08-03 21:53,5.00,1900.00,KMCI 032153Z 12007KT 5SM -RA BR FEW019 BKN032 OVC110 26/24 A2995 RMK AO2 LTG DSNT W RAB08 SLP130 P0005 T02610244
MCI,2023-08-03 22:53,6.00,1300.00,KMCI 032253Z 00000KT 6SM -RA BR FEW013 SCT090 OVC110 26/24 A2998 RMK AO2 SLP140 P0004 T02610239
MCI,2023-08-03 23:53,5.00,1200.00,KMCI 032353Z 06009KT 5SM BR SCT012 BKN090 BKN120 25/24 A2993 RMK AO2 RAE46 SLP126 P0004 60013 T02500244 10300 20250 58001
MCI,2023-08-04 00:53,2.00,700.00,KMCI 040053Z 06008KT 2SM BR BKN007 BKN120 25/24 A2993 RMK AO2 SFC VIS 4 SLP125 P0001 T02500239
MCI,2023-08-04 01:53,5.00,1000.00,KMCI 040153Z 06008KT 5SM BR BKN010 BKN120 24/24 A2993 RMK AO2 SLP123 T02440239
MCI,2023-08-04 02:53,5.00,500.00,KMCI 040253Z 06011KT 5SM BR OVC005 24/23 A2994 RMK AO2 SLP127 60001 T02390233 53001
MCI,2023-08-04 03:53,6.00,600.00,KMCI 040353Z 07010KT 6SM BR OVC006 24/23 A2995 RMK AO2 SLP129 T02390233
MCI,2023-08-04 04:53,6.00,500.00,KMCI 040453Z 08007KT 6SM BR OVC005 24/23 A2995 RMK AO2 SLP129 T02390233
MCI,2023-08-04 05:53,6.00,600.00,KMCI 040553Z 07007KT 6SM BR OVC006 24/23 A2995 RMK AO2 SLP129 60001 T02390228 10250 20233 403000233 51003
MCI,2023-08-04 06:53,5.00,500.00,KMCI 040653Z 06005KT 5SM BR BKN005 23/23 A2993 RMK AO2 LTG DSNT E SLP124 T02330228
MCI,2023-08-04 07:53,4.00,400.00,KMCI 040753Z 06006KT 4SM BR OVC004 23/23 A2992 RMK AO2 SLP120 T02330228
MCI,2023-08-04 08:53,3.00,300.00,KMCI 040853Z 06007KT 3SM BR OVC003 23/23 A2991 RMK AO2 SLP116 T02330228 56013
MCI,2023-08-04 09:53,3.00,300.00,KMCI 040953Z 11008KT 3SM TS BR OVC003CB 23/23 A2991 RMK AO2 TSB50 SLP117 OCNL LTGICCG OHD TS OHD MOV E T02330228
MCI,2023-08-04 10:53,5.00,500.00,KMCI 041053Z 08005KT 5SM TS BR OVC005CB 23/23 A2991 RMK AO2 LTG DSNT E SLP118 OCNL LTGIC N TS N MOV E T02330228
MCI,2023-08-04 11:53,5.00,600.00,KMCI 041153Z 07006KT 5SM BR OVC006 23/23 A2990 RMK AO2 LTG DSNT NE AND E TSE13 SLP115 70016 T02330228 10239 20233 58001
MCI,2023-08-04 12:53,6.00,500.00,KMCI 041253Z 00000KT 6SM BR OVC005 24/23 A2994 RMK AO2 LTG DSNT NW SLP128 T02440228
MCI,2023-08-04 13:53,6.00,800.00,KMCI 041353Z 34006KT 6SM BR OVC008 24/23 A2996 RMK AO2 LTG DSNT N SLP136 T02390233
MCI,2023-08-04 14:53,1.00,300.00,KMCI 041453Z 06010KT 1SM R19R/P6000FT -DZ BR OVC003 23/23 A2992 RMK AO2 SFC VIS 2 1/2 RAB19E43DZB50 SLP121 P0000 60000 T02330233 58007
MCI,2023-08-04 15:53,2.00,400.00,KMCI 041553Z 09008KT 2SM -DZ BR OVC004 24/23 A2992 RMK AO2 SFC VIS 5 SLP123 P0000 T02390228
MCI,2023-08-04 16:53,10.00,1000.00,KMCI 041653Z 10010G19KT 10SM BKN010 BKN200 26/23 A2989 RMK AO2 DZE24 SLP112 P0000 T02560233
MCI,2023-08-04 17:53,10.00,2100.00,KMCI 041753Z 15011G17KT 10SM SCT021 BKN200 28/24 A2989 RMK AO2 SLP110 60000 T02830239 10283 20233 58009
MCI,2023-08-04 18:53,10.00,1900.00,KMCI 041853Z 17007KT 10SM BKN019 BKN190 28/23 A2990 RMK AO2 SLP112 T02780233
MCI,2023-08-04 19:53,10.00,2200.00,KMCI 041953Z 00000KT 10SM BKN022 OVC031 28/24 A2989 RMK AO2 SLP109 T02830239
MCI,2023-08-04 20:53,10.00,2700.00,KMCI 042053Z 22005KT 10SM FEW027 SCT055 BKN250 30/24 A2987 RMK AO2 LTG DSNT W AND NW SLP101 CB DSNT NW-N MOV E T03000244 58008
MCI,2023-08-04 21:53,10.00,2400.00,KMCI 042153Z 32010KT 10SM TS SCT024CB BKN130 BKN250 29/25 A2987 RMK AO2 LTG DSNT N AND NE TSE06B32 SLP102 TS NW-N MOV SE T02890250
MCI,2023-08-04 22:53,10.00,1600.00,KMCI 042253Z 31009KT 10SM FEW016 BKN033 BKN060 BKN250 29/23 A2986 RMK AO2 LTG DSNT NE AND E TSE08 SLP101 CB DSNT NE MOV E T02890233
MCI,2023-08-04 23:53,10.00,2000.00,KMCI 042353Z 31009KT 10SM SCT020 SCT150 BKN250 28/24 A2988 RMK AO2 SLP104 CB DSNT E MOV E T02780239 10306 20272 53003
MCI,2023-08-05 00:53,10.00,2000.00,KMCI 050053Z 33006KT 10SM FEW020 FEW150 BKN250 26/23 A2988 RMK AO2 SLP106 T02610228
MCI,2023-08-05 01:53,10.00,2000.00,KMCI 050153Z 33005KT 10SM FEW020 SCT250 24/23 A2988 RMK AO2 SLP107 FRQ LTGIC DSNT E CB DSNT E MOV E T02440228
MCI,2023-08-05 02:53,10.00,2000.00,KMCI 050253Z 34004KT 10SM FEW020 FEW250 24/22 A2990 RMK AO2 SLP115 T02390222 53008
MCI,2023-08-05 03:53,10.00,M,KMCI 050353Z 31006KT 10SM CLR 23/22 A2990 RMK AO2 SLP115 T02280222
MCI,2023-08-05 04:53,10.00,M,KMCI 050453Z 30004KT 10SM CLR 22/22 A2991 RMK AO2 SLP118 T02220222
MCI,2023-08-05 05:53,10.00,1500.00,KMCI 050553Z 31004KT 10SM BKN015 22/22 A2993 RMK AO2 SLP122 T02220222 10278 20222 403060222 53009
MCI,2023-08-05 06:53,10.00,1300.00,KMCI 050653Z 29004KT 10SM OVC013 22/22 A2991 RMK AO2 SLP119 T02220222
MCI,2023-08-05 07:53,10.00,1300.00,KMCI 050753Z 31009KT 10SM BKN013 22/22 A2995 RMK AO2 SLP131 T02220217
MCI,2023-08-05 08:53,8.00,M,KMCI 050853Z 32004KT 8SM CLR 22/22 A2993 RMK AO2 SLP122 T02170217 50000
MCI,2023-08-05 09:53,8.00,19000.00,KMCI 050953Z 16003KT 8SM BKN190 22/22 A2989 RMK AO2 SLP110 T02170217
MCI,2023-08-05 10:53,5.00,400.00,KMCI 051053Z 34003KT 5SM BR OVC004 22/22 A2990 RMK AO2 SLP114 T02170217
MCI,2023-08-05 11:53,0.50,200.00,KMCI 051153Z 30003KT 1/2SM R19R/3500VP6000FT BR OVC002 22/22 A2992 RMK AO2 SFC VIS 3/4 SLP120 T02170217 10222 20211 51009
MCI,2023-08-05 12:53,0.25,200.00,KMCI 051253Z 03005KT M1/4SM R19R/5000VP6000FT FG VV002 22/22 A2991 RMK AO2 SFC VIS 1/2 SLP118 T02220222
MCI,2023-08-05 13:51,0.25,200.00,KMCI 051351Z 27005KT 1/4SM R19R/6000VP6000FT BR OVC002 22/22 A2997 RMK AO2 SFC VIS 1 1/4 SLP140 T02220222
MCI,2023-08-05 14:53,6.00,200.00,KMCI 051453Z 24004KT 6SM BR BKN002 OVC006 23/23 A2998 RMK AO2 SLP143 T02280228 53021
MCI,2023-08-05 15:53,10.00,1000.00,KMCI 051553Z 29005KT 10SM FEW010 SCT013 OVC018 26/23 A2998 RMK AO2 SLP140 T02560228
MCI,2023-08-05 16:53,10.00,1800.00,KMCI 051653Z 00000KT 10SM SCT018 BKN150 27/22 A2996 RMK AO2 SLP135 T02670222
MCI,2023-08-05 17:53,10.00,2300.00,KMCI 051753Z VRB03KT 10SM BKN023 28/23 A2995 RMK AO2 SLP130 T02780228 10278 20217 58011
MCI,2023-08-05 18:53,10.00,2000.00,KMCI 051853Z 23006KT 10SM BKN020 BKN250 29/23 A2995 RMK AO2 SLP129 T02890228
MCI,2023-08-05 19:53,10.00,2300.00,KMCI 051953Z 00000KT 10SM SCT023 BKN250 29/23 A2993 RMK AO2 SLP125 T02940228
MCI,2023-08-05 20:53,10.00,3500.00,KMCI 052053Z VRB06KT 10SM FEW035 31/23 A2992 RMK AO2 SLP118 T03060228 58011
MCI,2023-08-05 21:53,10.00,4000.00,KMCI 052153Z 25003KT 10SM SCT040 BKN250 31/23 A2990 RMK AO2 SLP111 T03110228
MCI,2023-08-05 22:53,10.00,4000.00,KMCI 052253Z 00000KT 10SM FEW040 BKN250 32/23 A2989 RMK AO2 SLP109 T03170228
MCI,2023-08-05 23:53,10.00,M,KMCI 052353Z 08005KT 10SM CLR 31/23 A2989 RMK AO2 SLP109 T03060233 10322 20278 55009
MCI,2023-08-06 00:53,10.00,4000.00,KMCI 060053Z 09006KT 10SM FEW040 SCT250 29/23 A2990 RMK AO2 SLP112 T02890233
MCI,2023-08-06 01:53,10.00,4000.00,KMCI 060153Z 08005KT 10SM FEW040 FEW250 28/23 A2991 RMK AO2 SLP116 T02780228
MCI,2023-08-06 02:53,10.00,4000.00,KMCI 060253Z 12007KT 10SM FEW040 FEW250 27/23 A2991 RMK AO2 SLP116 OCNL LTGIC DSNT NW CB DSNT NW T02670228 50006
MCI,2023-08-06 03:53,10.00,5000.00,KMCI 060353Z 13005KT 10SM FEW050 FEW250 25/23 A2991 RMK AO2 SLP116 FRQ LTGIC DSNT NW CB DSNT NW T02500228
MCI,2023-08-06 04:53,10.00,6000.00,KMCI 060453Z 15005KT 10SM FEW060 FEW250 24/22 A2991 RMK AO2 SLP118 CONS LTGICCC DSNT W-NW CB DSNT W-NW T02440222
MCI,2023-08-06 05:53,10.00,6000.00,KMCI 060553Z 14007KT 10SM FEW060 FEW150 SCT250 24/22 A2990 RMK AO2 SLP111 CONS LTGICCC DSNT W-N CB DSNT W-N MOV E T02440222 10306 20239 403220211 58003
MCI,2023-08-06 06:53,10.00,6000.00,KMCI 060653Z 28017G25KT 10SM TS SCT060CB BKN120 BKN250 24/22 A2994 RMK AO2 LTG DSNT SW-N TSB48 PRESRR SLP128 TS SW-N MOV E T02440222
MCI,2023-08-06 07:53,10.00,600.00,KMCI 060753Z 05005KT 10SM -RA FEW006 BKN045 OVC110 21/20 A2990 RMK AO2 PK WND 31033/0654 WSHFT 0651 LTG DSNT NE AND E RAB04 TSE49 SLP112 CB DSNT NE-E MOV E P0007 T02110200 $
MCI,2023-08-06 08:53,10.00,6000.00,KMCI 060853Z 35004KT 10SM BKN060 OVC110 21/20 A2987 RMK AO2 RAE0757 SLP104 P0000 60007 T02060200 58012 $
MCI,2023-08-06 09:53,10.00,500.00,KMCI 060953Z 18007KT 10SM FEW005 BKN120 BKN250 20/20 A2989 RMK AO2 SLP108 T02000200 $
MCI,2023-08-06 10:53,10.00,6000.00,KMCI 061053Z 22007KT 10SM FEW060 BKN120 OVC250 20/20 A2989 RMK AO2 SLP110 T02000200 $
MCI,2023-08-06 11:53,10.00,6000.00,KMCI 061153Z 22008KT 10SM FEW060 SCT120 BKN250 20/20 A2990 RMK AO2 SLP112 60007 70007 T02000200 10244 20200 51007 $
MCI,2023-08-06 12:53,10.00,4000.00,KMCI 061253Z 23007KT 10SM FEW040 FEW140 BKN250 21/20 A2990 RMK AO2 SLP114 T02060200 $
MCI,2023-08-06 13:53,10.00,1200.00,KMCI 061353Z 24010KT 10SM BKN012 22/20 A2988 RMK AO2 SLP108 T02220200 $
MCI,2023-08-06 14:53,10.00,1600.00,KMCI 061453Z 25012G18KT 10SM BKN016 23/19 A2989 RMK AO2 SLP109 T02280194 55004 $
MCI,2023-08-06 15:53,10.00,2500.00,KMCI 061553Z 27011KT 10SM BKN025 BKN029 24/19 A2988 RMK AO2 SLP106 T02390194 $
MCI,2023-08-06 16:53,10.00,2500.00,KMCI 061653Z 27010G22KT 230V290 10SM BKN025 BKN031 25/19 A2988 RMK AO2 SLP106 T02500189 $
MCI,2023-08-06 17:53,10.00,3000.00,KMCI 061753Z 25013G21KT 10SM BKN030 26/19 A2988 RMK AO2 SLP106 T02610194 10261 20200 55002 $
MCI,2023-08-06 18:53,10.00,3500.00,KMCI 061853Z 26009KT 10SM SCT035 BKN042 OVC050 24/19 A2988 RMK AO2 SLP106 T02440189 $
MCI,2023-08-06 19:53,10.00,4000.00,KMCI 061953Z 26012G21KT 10SM SCT040 BKN050 OVC060 26/19 A2987 RMK AO2 SLP103 T02610189 $
MCI,2023-08-06 20:53,10.00,4100.00,KMCI 062053Z 26010G17KT 10SM FEW041 FEW049 OVC065 26/19 A2985 RMK AO2 SLP099 T02610194 58009 $
MCI,2023-08-06 21:53,10.00,5000.00,KMCI 062153Z 26011G23KT 10SM SCT050 BKN065 26/18 A2984 RMK AO2 SLP094 T02560183
MCI,2023-08-06 22:53,10.00,4000.00,KMCI 062253Z 27013G22KT 10SM FEW040 BKN050 BKN065 26/19 A2983 RMK AO2 SLP091 T02560189
MCI,2023-08-06 23:53,10.00,3800.00,KMCI 062353Z 28012KT 10SM BKN038 BKN046 BKN065 24/19 A2984 RMK AO2 SLP094 T02440189 10267 20244 55005
MCI,2023-08-07 00:53,10.00,2700.00,KMCI 070053Z 28010KT 10SM SCT027 BKN060 BKN100 23/20 A2985 RMK AO2 RAB28E38 SLP099 P0000 T02330200
MCI,2023-08-07 01:53,10.00,1000.00,KMCI 070153Z 29008G19KT 10SM FEW010 SCT018 OVC033 22/21 A2987 RMK AO2 RAB33E51 SLP106 P0000 T02220206
MCI,2023-08-07 02:53,10.00,3500.00,KMCI 070253Z 30011KT 10SM BKN035 OVC095 22/19 A2990 RMK AO2 SLP114 60000 T02170194 53019
MCI,2023-08-07 03:53,10.00,2700.00,KMCI 070353Z 30012G21KT 10SM BKN027 OVC033 22/18 A2992 RMK AO2 SLP121 T02170178
MCI,2023-08-07 04:53,10.00,2700.00,KMCI 070453Z 31013G19KT 10SM OVC027 21/18 A2992 RMK AO2 SLP120 T02110178
MCI,2023-08-07 05:53,10.00,3400.00,KMCI 070553Z 30010G18KT 10SM BKN034 21/17 A2992 RMK AO2 SLP121 60000 T02060172 10233 20206 402670200 51007
MCI,2023-08-07 06:53,10.00,2800.00,KMCI 070653Z 31009G18KT 10SM BKN028 19/17 A2992 RMK AO2 SLP122 T01940167
MCI,2023-08-07 07:53,10.00,M,KMCI 070753Z 30006KT 10SM CLR 19/17 A2991 RMK AO2 SLP119 T01890172
MCI,2023-08-07 08:53,10.00,3300.00,KMCI 070853Z 29008KT 10SM BKN033 19/17 A2992 RMK AO2 SLP122 T01890172 53001
MCI,2023-08-07 09:53,10.00,2400.00,KMCI 070953Z 32010KT 10SM OVC024 19/17 A2992 RMK AO2 SLP120 T01940172
MCI,2023-08-07 10:53,10.00,1900.00,KMCI 071053Z 34011G19KT 10SM OVC019 19/17 A2990 RMK AO2 SLP116 T01940172
MCI,2023-08-07 11:53,10.00,1200.00,KMCI 071153Z 34008KT 10SM OVC012 19/17 A2993 RMK AO2 SLP128 T01940172 10206 20183 53004
MCI,2023-08-07 12:53,10.00,900.00,KMCI 071253Z 30004KT 10SM OVC009 19/18 A2998 RMK AO2 SLP143 T01940178
MCI,2023-08-07 13:53,10.00,800.00,KMCI 071353Z 32005KT 10SM OVC008 19/18 A3001 RMK AO2 SLP153 VCSH SW T01940183
MCI,2023-08-07 14:53,10.00,900.00,KMCI 071453Z 34005KT 10SM BKN009 OVC045 21/19 A3003 RMK AO2 RAB04E24 SLP160 P0000 60000 T02060189 51030
MCI,2023-08-07 15:53,10.00,1300.00,KMCI 071553Z 31004KT 10SM BKN013 OVC047 21/18 A3005 RMK AO2 SLP167 T02110178
MCI,2023-08-07 16:53,10.00,1700.00,KMCI 071653Z 33004KT 10SM SCT017 BKN050 BKN070 23/18 A3005 RMK AO2 SLP166 T02330183
MCI,2023-08-07 17:53,10.00,2500.00,KMCI 071753Z 34007KT 10SM SCT025 BKN065 24/18 A3004 RMK AO2 SLP162 60000 T02440183 10244 20194 50004
MCI,2023-08-07 18:53,10.00,2800.00,KMCI 071853Z 34008KT 10SM SCT028 SCT065 25/19 A3004 RMK AO2 SLP162 T02500189
MCI,2023-08-07 19:53,10.00,3000.00,KMCI 071953Z 31003KT 10SM SCT030 SCT065 26/18 A3003 RMK AO2 SLP160 T02560178
MCI,2023-08-07 20:53,10.00,3200.00,KMCI 072053Z 29007KT 10SM FEW032 BKN060 26/19 A3001 RMK AO2 SLP154 T02610189 58008
MCI,2023-08-07 21:53,10.00,3100.00,KMCI 072153Z 32005KT 10SM FEW031 BKN060 26/19 A3001 RMK AO2 SLP153 T02610189
MCI,2023-08-07 22:53,10.00,3600.00,KMCI 072253Z 32005KT 10SM SCT036 26/18 A3001 RMK AO2 SLP151 T02610183
MCI,2023-08-07 23:53,10.00,4000.00,KMCI 072353Z 34004KT 10SM FEW040 25/18 A3000 RMK AO2 SLP151 T02500183 10267 20239 56003
MCI,2023-08-08 00:53,10.00,4000.00,KMCI 080053Z 00000KT 10SM FEW040 SCT250 24/19 A3000 RMK AO2 SLP149 T02390194
MCI,2023-08-08 01:53,10.00,25000.00,KMCI 080153Z 29003KT 10SM BKN250 22/19 A3000 RMK AO2 SLP151 T02220189
MCI,2023-08-08 02:53,9.00,25000.00,KMCI 080253Z 25003KT 9SM BKN250 22/19 A3001 RMK AO2 SLP155 T02170189 53003
MCI,2023-08-08 03:53,9.00,25000.00,KMCI 080353Z 28003KT 9SM SCT250 22/18 A3003 RMK AO2 SLP160 T02220183
MCI,2023-08-08 04:53,10.00,5500.00,KMCI 080453Z 21003KT 10SM FEW055 BKN120 OVC150 21/19 A3004 RMK AO2 RAB35E50 SLP163 P0000 T02060194
MCI,2023-08-08 05:53,10.00,4100.00,KMCI 080553Z 22006KT 10SM FEW041 OVC180 20/19 A3002 RMK AO2 RAB06E31 SLP158 P0000 60000 T02000189 10250 20194 402670183 50004
MCI,2023-08-08 06:53,10.00,20000.00,KMCI 080653Z 12004KT 10SM OVC200 20/19 A3000 RMK AO2 SLP149 T02000189
MCI,2023-08-08 07:53,10.00,25000.00,KMCI 080753Z 19004KT 10SM OVC250 19/19 A2998 RMK AO2 SLP142 T01940189
MCI,2023-08-08 08:53,10.00,25000.00,KMCI 080853Z 17006KT 10SM OVC250 19/18 A2997 RMK AO2 SLP139 T01890183 56018
MCI,2023-08-08 09:53,10.00,25000.00,KMCI 080953Z 13003KT 10SM SCT250 20/18 A2994 RMK AO2 SLP128 T02000178
MCI,2023-08-08 10:53,10.00,25000.00,KMCI 081053Z 00000KT 10SM BKN250 19/18 A2997 RMK AO2 SLP137 T01940183
MCI,2023-08-08 11:53,8.00,25000.00,KMCI 081153Z 00000KT 8SM BCFG BKN250 19/19 A3000 RMK AO2 SLP150 T01940189 10211 20189 53010
MCI,2023-08-08 12:53,8.00,M,KMCI 081253Z 19005KT 8SM CLR 20/19 A3003 RMK AO2 SLP159 T02000194
MCI,2023-08-08 13:53,9.00,25000.00,KMCI 081353Z 19007KT 9SM FEW250 23/19 A3004 RMK AO2 SLP161 T02280194
MCI,2023-08-08 14:53,9.00,6000.00,KMCI 081453Z 18007KT 9SM SCT060 24/20 A3003 RMK AO2 SLP158 T02440200 50008
MCI,2023-08-08 15:53,10.00,M,KMCI 081553Z 21003KT 10SM CLR 26/19 A3001 RMK AO2 SLP153 T02610194
MCI,2023-08-08 16:53,10.00,4000.00,KMCI 081653Z 23004KT 10SM FEW040 27/20 A3000 RMK AO2 SLP150 T02670200
MCI,2023-08-08 17:53,10.00,5000.00,KMCI 081753Z VRB03KT 10SM FEW050 28/19 A2998 RMK AO2 SLP142 T02830189 10283 20189 58014
MCI,2023-08-08 18:53,10.00,5000.00,KMCI 081853Z 00000KT 10SM FEW050 29/18 A2996 RMK AO2 SLP134 T02940183
MCI,2023-08-08 19:53,10.00,M,KMCI 081953Z VRB03KT 10SM CLR 29/20 A2995 RMK AO2 SLP130 T02940200
MCI,2023-08-08 20:53,10.00,4000.00,KMCI 082053Z 00000KT 10SM FEW040 FEW250 30/20 A2993 RMK AO2 SLP125 T03000200 56016
MCI,2023-08-08 21:53,10.00,4500.00,KMCI 082153Z 34003KT 10SM FEW045 FEW250 30/19 A2992 RMK AO2 SLP122 T03000194
MCI,2023-08-08 22:53,10.00,4500.00,KMCI 082253Z 31003KT 10SM FEW045 FEW250 30/19 A2991 RMK AO2 SLP119 T03000194
MCI,2023-08-08 23:53,10.00,7000.00,KMCI 082353Z 02004KT 10SM FEW070 SCT150 SCT250 28/21 A2990 RMK AO2 SLP116 T02830206 10311 20278 56009
MCI,2023-08-09 00:53,10.00,14000.00,KMCI 090053Z 07008KT 360V110 10SM SCT140 SCT250 27/19 A2990 RMK AO2 SLP114 T02720189
MCI,2023-08-09 01:53,10.00,14000.00,KMCI 090153Z 09007KT 10SM FEW140 BKN250 27/19 A2989 RMK AO2 SLP110 T02670189
MCI,2023-08-09 02:53,10.00,14000.00,KMCI 090253Z 09006KT 10SM FEW140 BKN250 26/19 A2990 RMK AO2 SLP113 T02560189 55002
MCI,2023-08-09 03:53,10.00,12000.00,KMCI 090353Z 12007KT 10SM FEW120 BKN250 25/19 A2991 RMK AO2 SLP115 T02500194
MCI,2023-08-09 04:53,10.00,12000.00,KMCI 090453Z 14006KT 10SM FEW120 OVC250 23/19 A2989 RMK AO2 SLP112 T02330194
MCI,2023-08-09 05:53,10.00,15000.00,KMCI 090553Z 12006KT 10SM SCT150 OVC250 24/19 A2988 RMK AO2 SLP108 T02390194 10289 20233 403110189 58004
MCI,2023-08-09 06:53,10.00,15000.00,KMCI 090653Z 13008KT 10SM SCT150 OVC240 24/19 A2986 RMK AO2 SLP099 T02390194
MCI,2023-08-09 07:53,10.00,10000.00,KMCI 090753Z 14005KT 10SM OVC100 23/19 A2985 RMK AO2 SLP098 T02330194
MCI,2023-08-09 08:53,10.00,10000.00,KMCI 090853Z 14005KT 10SM BKN100 BKN140 OVC250 23/19 A2985 RMK AO2 LTG DSNT N AND NW SLP097 FRQ LTGICCG DSNT NW CB DSNT NW MOV E T02280194 56010
MCI,2023-08-09 09:53,10.00,10000.00,KMCI 090953Z 10004KT 10SM BKN100 OVC250 23/19 A2982 RMK AO2 LTG DSNT N SLP085 FRQ LTGIC DSNT N CB DSNT N MOV E T02280194
MCI,2023-08-09 10:53,10.00,5500.00,KMCI 091053Z 34009KT 10SM BKN055 OVC100 22/20 A2984 RMK AO2 SLP093 T02220200
MCI,2023-08-09 11:53,10.00,5000.00,KMCI 091153Z 05005KT 10SM OVC050 22/20 A2985 RMK AO2 LTG DSNT ALQDS SLP099 CB DSNT W-N T02170200 10244 20217 53001
MCI,2023-08-09 12:53,1.00,1000.00,KMCI 091253Z 34005KT 1SM R19R/2400V4000FT +TSRA BR BKN010 BKN017 OVC024CB 21/20 A2988 RMK AO2 LTG DSNT ALQDS RAB08 TSB25 SLP109 TS ALQDS MOV E P0085 T02060200
MCI,2023-08-09 13:53,5.00,5000.00,KMCI 091353Z 21008KT 5SM VCTS RA BR FEW050 BKN100 OVC120 20/20 A2986 RMK AO2 LTG DSNT ALQDS TSE22 SLP102 TS VC S MOV SE P0029 T02000200
MCI,2023-08-09 14:53,10.00,11000.00,KMCI 091453Z 16013KT 10SM -RA BKN110 20/20 A2977 RMK AO2 TSB1355E10 PRESFR SLP072 P0014 60128 T02000200 58026
MCI,2023-08-09 15:53,10.00,2000.00,KMCI 091553Z 26004KT 10SM FEW020 BKN110 OVC250 21/21 A2983 RMK AO2 RAE33 SLP090 P0002 T02110211
MCI,2023-08-09 16:53,10.00,800.00,KMCI 091653Z 03003KT 10SM SCT008 OVC130 23/21 A2983 RMK AO2 SLP091 T02280211
MCI,2023-08-09 17:53,10.00,900.00,KMCI 091753Z 06005KT 10SM BKN009 BKN100 23/21 A2984 RMK AO2 SLP093 60130 T02280206 10228 20200 51020
MCI,2023-08-09 18:53,10.00,1000.00,KMCI 091853Z 00000KT 10SM BKN010 BKN015 24/21 A2983 RMK AO2 SLP091 T02390206
MCI,2023-08-09 19:53,10.00,1400.00,KMCI 091953Z 21005KT 10SM SCT014 BKN150 BKN250 26/21 A2981 RMK AO2 SLP085 T02560211
MCI,2023-08-09 20:53,10.00,2100.00,KMCI 092053Z 25003KT 10SM SCT021 BKN150 27/21 A2980 RMK AO2 SLP081 T02670211 58010
MCI,2023-08-09 21:53,10.00,2300.00,KMCI 092153Z 00000KT 10SM BKN023 BKN250 27/22 A2980 RMK AO2 SLP080 T02720217
MCI,2023-08-09 22:53,10.00,2300.00,KMCI 092253Z 28004KT 10SM FEW023 SCT250 28/21 A2979 RMK AO2 SLP077 T02780206
MCI,2023-08-09 23:53,10.00,2300.00,KMCI 092353Z 28003KT 10SM FEW023 SCT250 27/21 A2978 RMK AO2 SLP073 T02670211 10283 20244 58007
MCI,2023-08-10 00:53,10.00,2300.00,KMCI 100053Z 00000KT 10SM FEW023 SCT250 26/21 A2980 RMK AO2 SLP080 T02560211
MCI,2023-08-10 01:53,10.00,2300.00,KMCI 100153Z 20003KT 10SM FEW023 SCT250 24/21 A2981 RMK AO2 SLP087 T02440206
MCI,2023-08-10 02:53,10.00,M,KMCI 100253Z 18003KT 10SM CLR 23/21 A2982 RMK AO2 SLP090 T02280206 51014
MCI,2023-08-10 03:53,10.00,M,KMCI 100353Z 00000KT 10SM CLR 23/21 A2983 RMK AO2 SLP091 T02330211
MCI,2023-08-10 04:53,10.00,M,KMCI 100453Z 20003KT 10SM CLR 23/21 A2984 RMK AO2 SLP094 T02330206
MCI,2023-08-10 05:53,10.00,M,KMCI 100553Z 00000KT 10SM CLR 21/20 A2983 RMK AO2 SLP093 T02110200 10272 20200 402830200 50003
MCI,2023-08-10 06:53,10.00,M,KMCI 100653Z 00000KT 10SM CLR 21/21 A2982 RMK AO2 SLP088 T02110206
MCI,2023-08-10 07:53,10.00,M,KMCI 100753Z 00000KT 10SM CLR 21/21 A2981 RMK AO2 SLP085 T02110206
MCI,2023-08-10 08:53,10.00,M,KMCI 100853Z 00000KT 10SM R19R/4500VP6000FT BCFG CLR 21/21 A2981 RMK AO2 SLP083 T02110206 56009 $
MCI,2023-08-10 09:53,7.00,0.00,KMCI 100953Z 00000KT 7SM R19R/1800V4500FT BCFG SCT000 20/20 A2982 RMK AO2 SLP087 FG SCT000 T02000200 $
MCI,2023-08-10 10:53,7.00,0.00,KMCI 101053Z 00000KT 7SM R19R/2000V3500FT BCFG FEW000 20/20 A2983 RMK AO2 SLP090 FG FEW000 T02000200 $
MCI,2023-08-10 11:53,7.00,0.00,KMCI 101153Z 00000KT 7SM R19R/1800V3500FT BCFG SCT000 19/19 A2985 RMK AO2 SLP096 FG SCT000 70130 T01940194 10217 20183 53013
MCI,2023-08-10 12:53,8.00,M,KMCI 101253Z 00000KT 8SM BCFG CLR 21/21 A2985 RMK AO2 SLP099 T02110206
MCI,2023-08-10 13:53,10.00,M,KMCI 101353Z VRB04KT 10SM CLR 24/21 A2987 RMK AO2 SLP104 T02390211
MCI,2023-08-10 14:53,10.00,1000.00,KMCI 101453Z 13004KT 10SM FEW010 26/21 A2988 RMK AO2 SLP106 T02560206 51010
MCI,2023-08-10 15:53,10.00,M,KMCI 101553Z 00000KT 10SM CLR 27/21 A2988 RMK AO2 SLP106 T02720206
MCI,2023-08-10 16:53,10.00,3000.00,KMCI 101653Z 00000KT 10SM SCT030 27/21 A2988 RMK AO2 SLP105 T02720211
MCI,2023-08-10 17:53,10.00,2800.00,KMCI 101753Z COR 260/03 10SM BKN028 29/22 A2986 RMK AO2 SLP102 T02890222 10289 20194 58004
MCI,2023-08-10 18:53,10.00,2800.00,KMCI 101853Z 26003KT 10SM BKN028 30/22 A2985 RMK AO2 SLP096 T03000222
MCI,2023-08-10 19:53,10.00,3400.00,KMCI 101953Z VRB04KT 10SM FEW034 BKN250 30/22 A2984 RMK AO2 SLP092 T03000222
MCI,2023-08-10 20:53,10.00,3400.00,KMCI 102053Z 24003KT 10SM SCT034 BKN250 31/22 A2984 RMK AO2 SLP091 T03060217 56009
MCI,2023-08-10 21:53,10.00,3700.00,KMCI 102153Z 19006KT 10SM FEW037 BKN250 30/22 A2983 RMK AO2 SLP088 T03000222
MCI,2023-08-10 22:53,10.00,3700.00,KMCI 102253Z 17006KT 10SM FEW037 BKN250 29/23 A2982 RMK AO2 SLP085 T02940228
MCI,2023-08-10 23:53,10.00,3700.00,KMCI 102353Z 17005KT 10SM FEW037 BKN250 29/22 A2980 RMK AO2 SLP079 T02940222 10306 20289 58013
MCI,2023-08-11 00:53,10.00,20000.00,KMCI 110053Z 14005KT 10SM SCT200 27/22 A2979 RMK AO2 SLP075 T02720222
MCI,2023-08-11 01:53,10.00,15000.00,KMCI 110153Z 17007KT 10SM FEW150 SCT250 24/22 A2979 RMK AO2 SLP076 T02440217
MCI,2023-08-11 02:53,10.00,M,KMCI 110253Z 17008KT 10SM CLR 24/22 A2980 RMK AO2 SLP080 T02390217 53002
MCI,2023-08-11 03:53,10.00,9000.00,KMCI 110353Z 18007KT 10SM FEW090 BKN250 23/22 A2979 RMK AO2 SLP077 T02330217
MCI,2023-08-11 04:53,10.00,11000.00,KMCI 110453Z 18008KT 10SM BKN110 OVC220 24/21 A2979 RMK AO2 SLP074 T02390211
MCI,2023-08-11 05:53,10.00,11000.00,KMCI 110553Z 19008KT 10SM SCT110 SCT220 24/21 A2979 RMK AO2 SLP076 T02390206 10294 20233 403060183 55003
MCI,2023-08-11 06:53,10.00,11000.00,KMCI 110653Z 19010KT 10SM FEW110 SCT250 24/20 A2979 RMK AO2 SLP073 T02390200
MCI,2023-08-11 07:53,10.00,10000.00,KMCI 110753Z 19009KT 10SM BKN100 24/20 A2978 RMK AO2 SLP070 T02390200
MCI,2023-08-11 08:53,10.00,10000.00,KMCI 110853Z 20010KT 10SM SCT100 23/20 A2977 RMK AO2 SLP067 T02330200 58008
MCI,2023-08-11 09:53,10.00,10000.00,KMCI 110953Z 21008KT 10SM SCT100 23/20 A2978 RMK AO2 SLP070 T02330200
MCI,2023-08-11 10:53,10.00,10000.00,KMCI 111053Z 21007KT 10SM FEW100 SCT250 23/19 A2977 RMK AO2 SLP070 T02280194
MCI,2023-08-11 11:53,10.00,10000.00,KMCI 111153Z 22004KT 10SM FEW100 22/20 A2980 RMK AO2 SLP078 T02170200 10244 20217 53010
MCI,2023-08-11 12:53,10.00,M,KMCI 111253Z 24005KT 10SM CLR 24/21 A2982 RMK AO2 SLP084 T02390206
MCI,2023-08-11 13:53,10.00,25000.00,KMCI 111353Z 24007KT 10SM FEW250 26/21 A2983 RMK AO2 SLP089 T02560211
MCI,2023-08-11 14:53,10.00,15000.00,KMCI 111453Z 26007KT 10SM FEW150 FEW250 27/22 A2983 RMK AO2 SLP088 T02720222 50009
MCI,2023-08-11 15:53,10.00,15000.00,KMCI 111553Z 27007KT 10SM FEW150 FEW250 29/23 A2982 RMK AO2 SLP087 T02890228
MCI,2023-08-11 16:53,10.00,15000.00,KMCI 111653Z 22007KT 10SM FEW150 FEW250 30/23 A2982 RMK AO2 SLP085 T03000233
MCI,2023-08-11 17:53,10.00,15000.00,KMCI 111753Z 21007KT 10SM FEW150 SCT250 31/24 A2981 RMK AO2 SLP083 T03060239 10306 20217 58004
MCI,2023-08-11 18:53,10.00,7000.00,KMCI 111853Z 25005KT 10SM FEW070 FEW150 BKN250 31/24 A2982 RMK AO2 SLP085 CB DSNT NW T03060239
MCI,2023-08-11 19:53,10.00,7000.00,KMCI 111953Z 22004KT 10SM FEW070 FEW150 BKN250 31/24 A2981 RMK AO2 SLP081 CB DSNT NW T03110244
MCI,2023-08-11 20:53,10.00,15000.00,KMCI 112053Z 20005KT 10SM SCT150 BKN250 33/25 A2979 RMK AO2 SLP076 T03280250 58006
MCI,2023-08-11 21:53,10.00,15000.00,KMCI 112153Z 00000KT 10SM SCT150 BKN200 33/24 A2978 RMK AO2 SLP073 T03280244
MCI,2023-08-11 22:53,10.00,15000.00,KMCI 112253Z 36004KT 10SM SCT150 34/24 A2978 RMK AO2 SLP069 T03440239
MCI,2023-08-11 23:53,10.00,5500.00,KMCI 112353Z 06008KT 10SM FEW055 31/24 A2978 RMK AO2 SLP071 T03110244 10344 20306 56006
MCI,2023-08-12 00:53,10.00,5500.00,KMCI 120053Z 10007KT 10SM SCT055 31/24 A2977 RMK AO2 SLP069 T03060244
MCI,2023-08-12 01:53,10.00,5500.00,KMCI 120153Z 16004KT 10SM FEW055 29/24 A2977 RMK AO2 SLP069 T02890244
MCI,2023-08-12 02:53,10.00,5500.00,KMCI 120253Z 19006KT 10SM FEW055 26/24 A2977 RMK AO2 SLP069 LTG DSNT N T02610244 58002
MCI,2023-08-12 03:53,10.00,5500.00,KMCI 120353Z 21005KT 10SM FEW055 27/25 A2979 RMK AO2 SLP073 LTG DSNT N-NE T02720250
MCI,2023-08-12 04:53,10.00,5500.00,KMCI 120453Z 23005KT 10SM FEW055 FEW200 27/25 A2978 RMK AO2 SLP071 CONS LTGICCCCG DSNT N-NE CB DSNT N-NE MOV E T02670250
MCI,2023-08-12 05:53,10.00,5000.00,KMCI 120553Z 20004KT 10SM FEW050 FEW250 26/25 A2981 RMK AO2 SLP082 CONS LTGICCC DSNT N-NE CB DSNT N-NE MOV E T02610250 10311 20261 403440217 53013
MCI,2023-08-12 06:53,9.00,5000.00,KMCI 120653Z 21004KT 9SM FEW050 FEW120 SCT250 26/25 A2983 RMK AO2 SLP087 CONS LTGICCC DSNT N-NE CB DSNT N-NE T02560250
MCI,2023-08-12 07:53,10.00,9500.00,KMCI 120753Z 03006KT 10SM BKN095 BKN250 27/25 A2985 RMK AO2 LTG DSNT SE SLP093 T02670250
MCI,2023-08-12 08:53,10.00,5000.00,KMCI 120853Z 08011G18KT 10SM BKN050 BKN095 24/21 A2986 RMK AO2 LTG DSNT SE SLP096 T02440206 51015
MCI,2023-08-12 09:53,10.00,5000.00,KMCI 120953Z COR 06004KT 10SM FEW050 FEW120 FEW250 23/19 A2983 RMK AO2 SLP090 CONS LTGICCC DSNT SE-S CB DSNT SE-S MOV E T02280194
MCI,2023-08-12 10:53,10.00,5000.00,KMCI 121053Z 16004KT 10SM FEW050 FEW120 FEW250 22/19 A2986 RMK AO2 LTG DSNT S SLP099 CB DSNT S MOV E T02170194
MCI,2023-08-12 11:53,10.00,3700.00,KMCI 121153Z 05004KT 10SM SCT037 23/20 A2990 RMK AO2 SLP111 T02280200 10267 20211 53013
MCI,2023-08-12 12:53,10.00,4700.00,KMCI 121253Z 03004KT 10SM BKN047 24/21 A2994 RMK AO2 SLP125 T02440206
MCI,2023-08-12 13:53,10.00,5000.00,KMCI 121353Z 05007KT 10SM BKN050 BKN060 BKN075 25/21 A2996 RMK AO2 SLP132 T02500206
MCI,2023-08-12 14:53,10.00,5500.00,KMCI 121453Z 03006KT 10SM BKN055 27/21 A2996 RMK AO2 SLP135 T02670211 51022
MCI,2023-08-12 15:53,10.00,6000.00,KMCI 121553Z 08003KT 10SM SCT060 BKN250 28/22 A2997 RMK AO2 SLP137 T02830222
MCI,2023-08-12 16:53,10.00,6000.00,KMCI 121653Z 20004KT 10SM SCT060 BKN250 28/23 A2997 RMK AO2 SLP137 T02830228
MCI,2023-08-12 17:53,10.00,3000.00,KMCI 121753Z 00000KT 10SM FEW030 FEW150 BKN250 31/23 A2996 RMK AO2 SLP133 T03060228 10306 20228 58001
MCI,2023-08-12 18:53,10.00,3000.00,KMCI 121853Z VRB03KT 10SM FEW030 FEW150 BKN250 31/23 A2995 RMK AO2 SLP130 T03060228
MCI,2023-08-12 19:53,10.00,3000.00,KMCI 121953Z 26004KT 10SM FEW030 FEW150 BKN250 31/23 A2995 RMK AO2 SLP129 T03110228
MCI,2023-08-12 20:53,10.00,3000.00,KMCI 122053Z 35003KT 10SM FEW030 BKN250 32/22 A2995 RMK AO2 SLP129 T03220222 56004
MCI,2023-08-12 21:53,10.00,3000.00,KMCI 122153Z 34005KT 10SM FEW030 SCT150 BKN200 32/22 A2995 RMK AO2 SLP128 T03220222
MCI,2023-08-12 22:53,10.00,25000.00,KMCI 122253Z 36004KT 10SM SCT250 31/23 A2995 RMK AO2 SLP129 T03110228
MCI,2023-08-12 23:53,10.00,20000.00,KMCI 122353Z 01004KT 10SM BKN200 29/24 A2994 RMK AO2 SLP125 T02890239 10328 20289 58004
MCI,2023-08-13 00:53,10.00,15000.00,KMCI 130053Z 04009KT 10SM SCT150 BKN200 28/23 A2994 RMK AO2 SLP125 T02830228
MCI,2023-08-13 01:53,10.00,15000.00,KMCI 130153Z 06007KT 10SM SCT150 BKN200 27/22 A2995 RMK AO2 SLP130 T02720222
MCI,2023-08-13 02:53,10.00,15000.00,KMCI 130253Z 08007KT 10SM SCT150 26/20 A2999 RMK AO2 SLP143 T02610200 53017
MCI,2023-08-13 03:53,10.00,20000.00,KMCI 130353Z 10009KT 10SM BKN200 27/19 A2999 RMK AO2 SLP142 T02670189
MCI,2023-08-13 04:53,10.00,20000.00,KMCI 130453Z 09008KT 10SM BKN200 26/18 A2997 RMK AO2 SLP136 T02560178
MCI,2023-08-13 05:53,10.00,14000.00,KMCI 130553Z 07009KT 10SM SCT140 BKN200 24/18 A2995 RMK AO2 SLP128 T02440178 10289 20244 403280211 58013
MCI,2023-08-13 06:53,10.00,15000.00,KMCI 130653Z 15007KT 10SM BKN150 24/18 A2999 RMK AO2 SLP142 T02390178
MCI,2023-08-13 07:53,10.00,15000.00,KMCI 130753Z 14008KT 10SM BKN150 25/18 A2996 RMK AO2 SLP134 T02500183
MCI,2023-08-13 08:53,10.00,15000.00,KMCI 130853Z 12008KT 10SM OVC150 25/19 A2994 RMK AO2 SLP123 T02500189 58003
MCI,2023-08-13 09:53,10.00,4700.00,KMCI 130953Z 12011KT 10SM SCT047 BKN055 BKN180 OVC250 24/19 A2989 RMK AO2 SLP109 T02440194
MCI,2023-08-13 10:53,10.00,4200.00,KMCI 131053Z 13011KT 10SM BKN042 OVC140 24/20 A2991 RMK AO2 LTG DSNT SW AND W SLP116 T02440200
MCI,2023-08-13 11:53,9.00,3600.00,KMCI 131153Z 15012KT 9SM VCTS -RA BKN036CB OVC110 23/22 A2988 RMK AO2 LTG DSNT SW-N RAB01 TSB07E34B35E53 SLP106 TS VC SW MOV E P0006 60006 70006 T02280217 10250 20228 56019
MCI,2023-08-13 12:53,2.00,3600.00,KMCI 131253Z 27012KT 2SM TSRA BR BKN036CB OVC110 22/22 A2994 RMK AO2 SFC VIS 3 LTG DSNT ALQDS TSB09 SLP126 TS ALQDS MOV NE P0117 T02220217
MCI,2023-08-13 13:53,2.50,5000.00,KMCI 131353Z 11007KT 2 1/2SM +RA BR SCT050CB BKN100 OVC110 23/22 A2993 RMK AO2 LTG DSNT NE-SE TSE25 SLP123 TS VC NE-SE MOV NE P0025 T02280222
MCI,2023-08-13 14:53,10.00,7000.00,KMCI 131453Z 12009KT 10SM -RA BKN070 OVC090 23/22 A2992 RMK AO2 TSB1354E1355 SLP121 P0010 60152 T02330222 50014
MCI,2023-08-13 15:53,10.00,500.00,KMCI 131553Z 09010KT 10SM VCTS SCT005 BKN025CB OVC075 24/23 A2992 RMK AO2 LTG DSNT N AND NW RAE16 TSB19B36E51 SLP119 TS VC NW-N MOV NE VCSH P0000 T02390228
MCI,2023-08-13 16:53,10.00,700.00,KMCI 131653Z 11010KT 10SM TS BKN007 BKN025 OVC032CB 23/22 A2993 RMK AO2 LTG DSNT ALQDS RAB03E21 TSB47 SLP124 TS NW-N MOV NE P0005 T02280222
MCI,2023-08-13 17:53,0.50,300.00,KMCI 131753Z 01006KT 1/2SM R19R/2800VP6000FT +TSRA FG FEW003 BKN013 OVC030CB 22/22 A2994 RMK AO2 WSHFT 1722 TWR VIS 1 LTG DSNT ALQDS RAB08 TSE02B37 SLP128 TS ALQDS MOV E P0055 60212 T02220217 10244 20217 51006
MCI,2023-08-13 18:53,10.00,400.00,KMCI 131853Z 19004KT 10SM R19R/0100VP6000FT VCTS FEW004 BKN037 OVC045CB 23/22 A2993 RMK AO2 LTG DSNT E AND SE RAE37 TSE27E46 SLP124 TS VC E MOV E P0010 T02280222
MCI,2023-08-13 19:53,10.00,800.00,KMCI 131953Z 14007KT 10SM BKN008 OVC015 24/23 A2992 RMK AO2 SLP122 T02390228
MCI,2023-08-13 20:53,10.00,800.00,KMCI 132053Z 18004KT 10SM BKN008 BKN015 BKN180 25/24 A2991 RMK AO2 SLP119 60010 T02500239 58004
MCI,2023-08-13 21:53,10.00,1200.00,KMCI 132153Z 20003KT 10SM SCT012 BKN180 BKN220 27/24 A2990 RMK AO2 SLP114 T02670244
MCI,2023-08-13 22:53,10.00,2800.00,KMCI 132253Z 23005KT 10SM SCT028 BKN034 BKN180 27/24 A2991 RMK AO2 LTG DSNT W AND NW SLP117 T02720244
MCI,2023-08-13 23:53,0.50,1100.00,KMCI 132353Z 00000KT 1/2SM R19R/4500VP6000FT +TSRA BR SCT011 BKN018 OVC026CB 24/24 A2995 RMK AO2 SFC VIS 1 LTG DSNT W-NE RAB43 TSB35 PRESRR SLP132 TS OHD MOV SE P0020 60030 T02440239 10283 20222 53012
MCI,2023-08-14 00:53,9.00,1000.00,KMCI 140053Z 01007KT 9SM -RA FEW010 BKN024 OVC031 24/23 A2993 RMK AO2 LTG DSNT E-SW TSE41 SLP127 TS MOVD SE P0042 T02390233
MCI,2023-08-14 01:53,10.00,1000.00,KMCI 140153Z 04007KT 10SM FEW010 BKN170 23/22 A2993 RMK AO2 RAE18 SLP126 P0001 T02330222
MCI,2023-08-14 02:53,10.00,20000.00,KMCI 140253Z 35005KT 10SM OVC200 23/21 A2998 RMK AO2 SLP141 60043 T02280211 53009
MCI,2023-08-14 03:53,10.00,22000.00,KMCI 140353Z 32004KT 10SM OVC220 22/21 A2999 RMK AO2 SLP144 T02170211
MCI,2023-08-14 04:53,10.00,2800.00,KMCI 140453Z 34007KT 10SM FEW028 BKN210 21/21 A2998 RMK AO2 SLP142 T02110206
MCI,2023-08-14 05:53,10.00,7000.00,KMCI 140553Z 33006KT 10SM SCT070 21/21 A2997 RMK AO2 SLP139 60043 T02110206 10244 20211 402830211 58003
MCI,2023-08-14 06:53,10.00,1200.00,KMCI 140653Z 30004KT 10SM FEW012 FEW045 OVC075 21/21 A3001 RMK AO2 SLP152 T02110206
MCI,2023-08-14 07:53,10.00,1800.00,KMCI 140753Z 30007KT 10SM FEW018 SCT080 OVC180 21/21 A3002 RMK AO2 SLP158 T02060206
MCI,2023-08-14 08:53,10.00,17000.00,KMCI 140853Z 30007KT 10SM SCT170 BKN210 20/19 A3002 RMK AO2 SLP154 T02000189 50016
MCI,2023-08-14 09:53,10.00,17000.00,KMCI 140953Z 30007KT 10SM SCT170 19/18 A3001 RMK AO2 SLP152 T01890178
MCI,2023-08-14 10:53,10.00,17000.00,KMCI 141053Z 29008KT 10SM SCT170 18/17 A3001 RMK AO2 SLP153 T01780167
MCI,2023-08-14 11:53,10.00,15000.00,KMCI 141153Z 29007KT 10SM FEW150 FEW250 17/16 A3002 RMK AO2 SLP157 70285 T01720161 10211 20172 53001
MCI,2023-08-14 12:53,10.00,15000.00,KMCI 141253Z 30007KT 10SM FEW150 FEW250 18/16 A3002 RMK AO2 SLP156 T01830161
MCI,2023-08-14 13:53,10.00,2000.00,KMCI 141353Z 30009KT 10SM FEW020 FEW150 SCT250 19/16 A3003 RMK AO2 SLP159 T01940161
MCI,2023-08-14 14:53,10.00,2100.00,KMCI 141453Z 28007KT 10SM SCT021 SCT250 21/17 A3002 RMK AO2 SLP157 T02110167 50002
MCI,2023-08-14 15:53,10.00,2600.00,KMCI 141553Z 29010G21KT 10SM SCT026 22/16 A3004 RMK AO2 SLP163 T02170161
MCI,2023-08-14 16:53,10.00,3000.00,KMCI 141653Z 30007G17KT 10SM SCT030 22/16 A3006 RMK AO2 SLP171 T02220161
MCI,2023-08-14 17:53,10.00,3000.00,KMCI 141753Z 29012G19KT 10SM FEW030 BKN040 22/16 A3006 RMK AO2 SLP172 T02170161 10228 20172 51014
MCI,2023-08-14 18:53,10.00,3200.00,KMCI 141853Z 29014G21KT 10SM BKN032 23/16 A3006 RMK AO2 SLP171 T02330161
MCI,2023-08-14 19:53,10.00,4000.00,KMCI 141953Z 29012KT 10SM SCT040 BKN055 23/16 A3005 RMK AO2 SLP168 T02330161
MCI,2023-08-14 20:53,10.00,4100.00,KMCI 142053Z 31011G19KT 10SM SCT041 BKN050 BKN060 24/17 A3005 RMK AO2 SLP166 T02390167 58005
MCI,2023-08-14 21:53,10.00,4100.00,KMCI 142153Z 33014G23KT 10SM SCT041 BKN055 BKN070 24/16 A3004 RMK AO2 PK WND 32027/2125 SLP165 T02390156
MCI,2023-08-14 22:53,10.00,4300.00,KMCI 142253Z 32015G28KT 10SM SCT043 BKN070 24/16 A3005 RMK AO2 PK WND 32028/2249 SLP167 T02440156
MCI,2023-08-14 23:53,10.00,7000.00,KMCI 142353Z 32011G18KT 10SM SCT070 23/16 A3005 RMK AO2 SLP168 T02280156 10250 20217 53000
MCI,2023-08-15 00:53,10.00,7500.00,KMCI 150053Z 32009KT 10SM BKN075 22/15 A3006 RMK AO2 SLP171 T02170150
MCI,2023-08-15 01:53,10.00,7500.00,KMCI 150153Z 32005KT 10SM FEW075 19/16 A3008 RMK AO2 SLP177 T01940156
MCI,2023-08-15 02:53,10.00,M,KMCI 150253Z 33006KT 10SM CLR 19/16 A3009 RMK AO2 SLP181 T01890156 53013
MCI,2023-08-15 03:53,10.00,M,KMCI 150353Z 32007KT 10SM CLR 19/15 A3009 RMK AO2 SLP183 T01890150
MCI,2023-08-15 04:53,10.00,M,KMCI 150453Z 33006KT 10SM CLR 18/15 A3010 RMK AO2 SLP184 T01780150
MCI,2023-08-15 05:53,10.00,M,KMCI 150553Z 31005KT 10SM CLR 17/16 A3010 RMK AO2 SLP187 T01720156 10228 20172 402500172 51005 $
MCI,2023-08-15 06:53,10.00,M,KMCI 150653Z 31005KT 10SM CLR 16/15 A3010 RMK AO2 SLP187 T01610150 $
MCI,2023-08-15 07:53,10.00,M,KMCI 150753Z 31006KT 10SM CLR 16/15 A3011 RMK AO2 SLP190 T01610150 $
MCI,2023-08-15 08:53,10.00,4000.00,KMCI 150853Z 31006KT 10SM FEW040 16/15 A3012 RMK AO2 SLP193 T01560150 53006 $
MCI,2023-08-15 09:53,10.00,2900.00,KMCI 150953Z 33007KT 10SM OVC029 17/16 A3013 RMK AO2 SLP195 T01670156 $
MCI,2023-08-15 10:53,10.00,2700.00,KMCI 151053Z 32005KT 10SM OVC027 17/16 A3014 RMK AO2 SLP199 T01670156 $
MCI,2023-08-15 11:53,10.00,2200.00,KMCI 151153Z 33005KT 10SM BKN022 17/16 A3015 RMK AO2 SLP203 T01670156 10172 20156 53010
MCI,2023-08-15 12:53,10.00,2000.00,KMCI 151253Z 32005KT 10SM BKN020 18/16 A3016 RMK AO2 SLP205 T01780156
MCI,2023-08-15 13:53,9.00,1300.00,KMCI 151353Z 35009KT 9SM SCT013 18/16 A3018 RMK AO2 SLP213 T01830156
MCI,2023-08-15 14:53,10.00,1700.00,KMCI 151453Z 03009KT 10SM BKN017 19/15 A3019 RMK AO2 SLP217 T01940150 53013
MCI,2023-08-15 15:53,10.00,1700.00,KMCI 151553Z 03011KT 10SM BKN017 22/15 A3020 RMK AO2 SLP219 T02170150
MCI,2023-08-15 16:53,9.00,2600.00,KMCI 151653Z 36010KT 9SM SCT026 22/16 A3020 RMK AO2 SLP220 T02220156
MCI,2023-08-15 17:53,6.00,3000.00,KMCI 151753Z 35005KT 6SM R19R/5500VP6000FT HZ SCT030 23/16 A3020 RMK AO2 SLP218 T02330156 10233 20167 50002
MCI,2023-08-15 18:53,10.00,3600.00,KMCI 151853Z 34007KT 10SM SCT036 25/16 A3019 RMK AO2 SLP214 T02500161
MCI,2023-08-15 19:53,9.00,3600.00,KMCI 151953Z VRB04KT 9SM SCT036 25/16 A3017 RMK AO2 SLP208 T02500156
MCI,2023-08-15 20:53,10.00,4200.00,KMCI 152053Z 34004KT 10SM BKN042 24/16 A3015 RMK AO2 SLP202 T02440156 58016
MCI,2023-08-15 21:53,10.00,4500.00,KMCI 152153Z 36005KT 10SM SCT045 25/15 A3013 RMK AO2 SLP197 T02500150
MCI,2023-08-15 22:53,10.00,4500.00,KMCI 152253Z 36004KT 10SM SCT045 24/15 A3013 RMK AO2 SLP194 T02440150
MCI,2023-08-15 23:53,10.00,4400.00,KMCI 152353Z 29004KT 10SM FEW044 24/15 A3011 RMK AO2 SLP190 T02440150 10261 20233 56012
MCI,2023-08-16 00:53,10.00,4300.00,KMCI 160053Z 34003KT 10SM FEW043 23/16 A3011 RMK AO2 SLP189 T02280156
MCI,2023-08-16 01:53,10.00,25000.00,KMCI 160153Z 00000KT 10SM FEW250 21/14 A3011 RMK AO2 SLP187 T02110139
MCI,2023-08-16 02:53,10.00,M,KMCI 160253Z 05003KT 10SM CLR 22/14 A3011 RMK AO2 SLP190 T02170139 53000
MCI,2023-08-16 03:53,10.00,25000.00,KMCI 160353Z 16003KT 10SM FEW250 19/14 A3011 RMK AO2 SLP188 T01940144
MCI,2023-08-16 04:53,10.00,25000.00,KMCI 160453Z 00000KT 10SM FEW250 19/14 A3010 RMK AO2 SLP185 T01890139
MCI,2023-08-16 05:53,10.00,25000.00,KMCI 160553Z 16004KT 10SM FEW250 18/14 A3010 RMK AO2 SLP184 T01780139 10244 20178 402610156 56006
MCI,2023-08-16 06:53,10.00,25000.00,KMCI 160653Z 16007KT 10SM FEW250 16/14 A3009 RMK AO2 SLP183 T01560139
MCI,2023-08-16 07:53,10.00,25000.00,KMCI 160753Z 16006KT 10SM FEW250 16/14 A3009 RMK AO2 SLP181 T01560139
MCI,2023-08-16 08:53,10.00,M,KMCI 160853Z 17006KT 10SM CLR 14/14 A3009 RMK AO2 SLP183 T01440139 55002
MCI,2023-08-16 09:53,10.00,M,KMCI 160953Z 17006KT 10SM CLR 14/13 A3009 RMK AO2 SLP183 T01390133
MCI,2023-08-16 10:53,10.00,25000.00,KMCI 161053Z 18006KT 10SM FEW250 14/13 A3008 RMK AO2 SLP180 T01390133
MCI,2023-08-16 11:53,10.00,25000.00,KMCI 161153Z 21005KT 10SM FEW250 15/14 A3009 RMK AO2 SLP182 T01500139 10178 20139 53000
MCI,2023-08-16 12:53,10.00,M,KMCI 161253Z 21005KT 10SM CLR 18/16 A3010 RMK AO2 SLP185 T01780156
MCI,2023-08-16 13:53,10.00,M,KMCI 161353Z 20008KT 10SM CLR 20/16 A3009 RMK AO2 SLP181 T02000161 $
MCI,2023-08-16 14:53,10.00,M,KMCI 161453Z 19011KT 10SM CLR 22/16 A3008 RMK AO2 SLP176 T02170161 58005
MCI,2023-08-16 15:53,10.00,25000.00,KMCI 161553Z 20010KT 10SM FEW250 23/17 A3006 RMK AO2 SLP171 T02330167
MCI,2023-08-16 16:53,9.00,M,KMCI 161653Z 22009KT 9SM CLR 25/17 A3004 RMK AO2 SLP165 T02500172
MCI,2023-08-16 17:53,10.00,25000.00,KMCI 161753Z 22008KT 10SM FEW250 26/18 A3002 RMK AO2 SLP158 T02560178 10261 20150 58017
MCI,2023-08-16 18:53,10.00,25000.00,KMCI 161853Z 20008G16KT 10SM FEW250 27/18 A2999 RMK AO2 SLP149 T02670183
MCI,2023-08-16 19:53,10.00,25000.00,KMCI 161953Z 18012KT 10SM FEW250 27/19 A2997 RMK AO2 SLP138 T02720194
MCI,2023-08-16 20:53,10.00,25000.00,KMCI 162053Z 19010KT 10SM FEW250 28/19 A2994 RMK AO2 SLP129 T02780194 56029
MCI,2023-08-16 21:53,10.00,M,KMCI 162153Z 18011G21KT 10SM CLR 28/19 A2991 RMK AO2 SLP120 T02780189
MCI,2023-08-16 22:53,10.00,20000.00,KMCI 162253Z 19011KT 10SM FEW200 28/19 A2988 RMK AO2 SLP111 T02780189
MCI,2023-08-16 23:53,10.00,M,KMCI 162353Z 19009KT 10SM CLR 27/18 A2987 RMK AO2 SLP107 T02670183 10278 20261 56022
MCI,2023-08-17 00:53,10.00,25000.00,KMCI 170053Z 18010KT 10SM FEW250 24/19 A2985 RMK AO2 SLP101 T02440189
MCI,2023-08-17 01:53,10.00,25000.00,KMCI 170153Z 18010KT 10SM FEW250 23/18 A2985 RMK AO2 SLP100 T02280183
MCI,2023-08-17 02:53,10.00,M,KMCI 170253Z 18011KT 10SM CLR 23/18 A2986 RMK AO2 SLP102 T02280183 55004
MCI,2023-08-17 03:53,10.00,M,KMCI 170353Z 19010KT 10SM CLR 23/18 A2985 RMK AO2 SLP099 T02280178
MCI,2023-08-17 04:53,10.00,25000.00,KMCI 170453Z 20010KT 10SM FEW250 22/18 A2984 RMK AO2 SLP096 T02220178
MCI,2023-08-17 05:53,10.00,25000.00,KMCI 170553Z 20011KT 10SM FEW250 22/18 A2984 RMK AO2 SLP093 T02170178 10267 20217 402780139 58008
MCI,2023-08-17 06:53,10.00,25000.00,KMCI 170653Z 21010KT 10SM FEW250 22/18 A2983 RMK AO2 SLP092 T02170178
MCI,2023-08-17 07:53,10.00,25000.00,KMCI 170753Z 21009KT 10SM FEW250 21/17 A2982 RMK AO2 SLP088 T02110172
MCI,2023-08-17 08:53,10.00,M,KMCI 170853Z 22007KT 10SM CLR 21/17 A2983 RMK AO2 SLP091 T02060172 55001
MCI,2023-08-17 09:53,10.00,M,KMCI 170953Z 28007KT 10SM CLR 20/18 A2987 RMK AO2 SLP104 T02000178
MCI,2023-08-17 10:53,10.00,25000.00,KMCI 171053Z 21007KT 10SM FEW250 19/18 A2985 RMK AO2 SLP097 T01890178
MCI,2023-08-17 11:53,10.00,M,KMCI 171153Z 26006KT 10SM CLR 19/18 A2987 RMK AO2 SLP105 T01940178 10217 20183 51013
MCI,2023-08-17 12:53,9.00,M,KMCI 171253Z 27007KT 9SM CLR 21/18 A2988 RMK AO2 SLP109 T02060183
MCI,2023-08-17 13:53,9.00,25000.00,KMCI 171353Z 32006KT 9SM SCT250 23/19 A2990 RMK AO2 SLP115 T02280194
MCI,2023-08-17 14:53,8.00,25000.00,KMCI 171453Z 35007KT 8SM BKN250 25/20 A2993 RMK AO2 SLP125 T02500200 53019
MCI,2023-08-17 15:53,8.00,25000.00,KMCI 171553Z 35010KT 8SM BKN250 26/19 A2995 RMK AO2 SLP130 T02610189
MCI,2023-08-17 16:53,10.00,3000.00,KMCI 171653Z 35009KT 10SM FEW030 BKN250 27/18 A2996 RMK AO2 SLP136 T02670183
MCI,2023-08-17 17:53,10.00,3000.00,KMCI 171753Z 33012KT 10SM FEW030 BKN250 27/16 A2997 RMK AO2 SLP137 T02720161 10272 20194 51013
MCI,2023-08-17 18:53,10.00,3000.00,KMCI 171853Z 35012KT 10SM FEW030 BKN250 27/14 A2997 RMK AO2 SLP138 T02670139
MCI,2023-08-17 19:53,10.00,25000.00,KMCI 171953Z 32009KT 10SM BKN250 27/14 A2997 RMK AO2 SLP138 T02670144
MCI,2023-08-17 20:53,10.00,25000.00,KMCI 172053Z 35010KT 10SM BKN250 27/14 A2997 RMK AO2 SLP140 T02670144 53002
MCI,2023-08-17 21:53,10.00,25000.00,KMCI 172153Z 33007KT 10SM SCT250 26/14 A2997 RMK AO2 SLP140 T02610144
MCI,2023-08-17 22:53,10.00,25000.00,KMCI 172253Z 34010KT 10SM FEW250 26/14 A2998 RMK AO2 SLP143 T02560139
MCI,2023-08-17 23:53,10.00,M,KMCI 172353Z 34007KT 10SM CLR 24/14 A2998 RMK AO2 SLP143 T02440144 10272 20244 50002
MCI,2023-08-18 00:53,10.00,M,KMCI 180053Z 35006KT 10SM CLR 21/15 A2998 RMK AO2 SLP144 T02110150
MCI,2023-08-18 01:53,10.00,M,KMCI 180153Z 33005KT 10SM CLR 21/14 A2999 RMK AO2 SLP148 T02060139
MCI,2023-08-18 02:53,10.00,M,KMCI 180253Z 36006KT 10SM CLR 18/14 A3001 RMK AO2 SLP153 T01830144 53010
MCI,2023-08-18 03:53,10.00,M,KMCI 180353Z 35006KT 10SM CLR 18/14 A3001 RMK AO2 SLP153 T01830139
MCI,2023-08-18 04:53,10.00,M,KMCI 180453Z 03005KT 10SM CLR 18/14 A3001 RMK AO2 SLP153 T01780139
MCI,2023-08-18 05:53,10.00,M,KMCI 180553Z 03004KT 10SM CLR 19/14 A3002 RMK AO2 SLP156 T01890139 10244 20172 402720172 53004
MCI,2023-08-18 06:53,10.00,M,KMCI 180653Z 03003KT 10SM CLR 18/14 A3003 RMK AO2 SLP158 T01830144
MCI,2023-08-18 07:53,10.00,M,KMCI 180753Z 05004KT 10SM CLR 17/14 A3002 RMK AO2 SLP158 T01670139
MCI,2023-08-18 08:53,10.00,M,KMCI 180853Z 05003KT 10SM CLR 17/14 A3004 RMK AO2 SLP162 T01670144 53005
MCI,2023-08-18 09:53,10.00,M,KMCI 180953Z 08005KT 10SM CLR 17/14 A3004 RMK AO2 SLP163 T01720139
MCI,2023-08-18 10:53,10.00,M,KMCI 181053Z 10008KT 10SM CLR 18/13 A3005 RMK AO2 SLP166 T01780128
MCI,2023-08-18 11:53,10.00,M,KMCI 181153Z 11007KT 10SM R19R/5000VP6000FT CLR 17/13 A3005 RMK AO2 SLP169 T01720133 10189 20150 53006
MCI,2023-08-18 12:53,10.00,M,KMCI 181253Z 13007KT 10SM CLR 18/14 A3006 RMK AO2 SLP173 T01780139
MCI,2023-08-18 13:53,10.00,M,KMCI 181353Z 15010KT 10SM CLR 19/14 A3007 RMK AO2 SLP174 T01940144
MCI,2023-08-18 14:53,10.00,M,KMCI 181453Z 17008KT 10SM CLR 21/16 A3007 RMK AO2 SLP174 T02110156 51005
MCI,2023-08-18 15:53,10.00,M,KMCI 181553Z 16011G19KT 10SM CLR 23/15 A3007 RMK AO2 SLP173 T02280150
MCI,2023-08-18 16:53,10.00,M,KMCI 181653Z 18007KT 10SM CLR 24/16 A3005 RMK AO2 SLP169 T02440161
MCI,2023-08-18 17:53,10.00,M,KMCI 181753Z 16008KT 10SM CLR 26/16 A3003 RMK AO2 SLP161 T02560161 10256 20167 58012
MCI,2023-08-18 18:53,10.00,M,KMCI 181853Z 15006KT 10SM CLR 26/16 A3001 RMK AO2 SLP154 T02610161
MCI,2023-08-18 19:53,10.00,25000.00,KMCI 181953Z 14011KT 10SM FEW250 28/16 A2998 RMK AO2 SLP144 T02780161
MCI,2023-08-18 20:53,10.00,25000.00,KMCI 182053Z 13010KT 10SM FEW250 28/16 A2996 RMK AO2 SLP135 T02780161 58025
MCI,2023-08-18 21:53,10.00,25000.00,KMCI 182153Z 14012KT 10SM FEW250 28/16 A2994 RMK AO2 SLP127 T02780161
MCI,2023-08-18 22:53,10.00,25000.00,KMCI 182253Z 15011KT 10SM FEW250 27/16 A2992 RMK AO2 SLP122 T02720161
MCI,2023-08-18 23:53,10.00,25000.00,KMCI 182353Z 14008G17KT 10SM FEW250 26/17 A2991 RMK AO2 SLP121 T02610172 10283 20256 56014
MCI,2023-08-19 00:53,10.00,25000.00,KMCI 190053Z 13009KT 10SM FEW250 24/17 A2991 RMK AO2 SLP119 T02440167
MCI,2023-08-19 01:53,10.00,25000.00,KMCI 190153Z 14008KT 10SM FEW250 23/17 A2991 RMK AO2 SLP119 T02280167
MCI,2023-08-19 02:53,10.00,M,KMCI 190253Z 13007KT 10SM CLR 23/17 A2992 RMK AO2 SLP123 T02280167 53002
MCI,2023-08-19 03:53,10.00,M,KMCI 190353Z 14007KT 10SM CLR 22/17 A2992 RMK AO2 SLP121 T02170172
MCI,2023-08-19 04:53,10.00,M,KMCI 190453Z 14007KT 10SM CLR 21/17 A2990 RMK AO2 SLP116 T02110172
MCI,2023-08-19 05:53,10.00,M,KMCI 190553Z 16010KT 10SM CLR 22/18 A2989 RMK AO2 SLP112 T02170178 10261 20211 402830150 58010
MCI,2023-08-19 06:53,10.00,M,KMCI 190653Z 16010KT 10SM CLR 22/19 A2988 RMK AO2 SLP109 T02220189
MCI,2023-08-19 07:53,10.00,M,KMCI 190753Z 17009KT 10SM CLR 22/19 A2987 RMK AO2 SLP104 T02220194
MCI,2023-08-19 08:53,10.00,M,KMCI 190853Z 18009KT 10SM CLR 22/20 A2987 RMK AO2 SLP103 T02170200 56008
MCI,2023-08-19 09:53,10.00,M,KMCI 190953Z 00000KT 10SM CLR 22/20 A2988 RMK AO2 SLP108 T02170200
MCI,2023-08-19 10:53,10.00,15000.00,KMCI 191053Z 17009KT 10SM FEW150 FEW250 21/20 A2988 RMK AO2 SLP107 T02110200
MCI,2023-08-19 11:53,10.00,8000.00,KMCI 191153Z 17011KT 10SM FEW080 FEW250 22/21 A2988 RMK AO2 SLP110 T02170206 10222 20206 51005
MCI,2023-08-19 12:53,10.00,M,KMCI 191253Z 17011KT 10SM CLR 23/21 A2989 RMK AO2 SLP110 T02330211
MCI,2023-08-19 13:53,10.00,10000.00,KMCI 191353Z 17013KT 10SM FEW100 25/22 A2988 RMK AO2 SLP110 T02500222
MCI,2023-08-19 14:53,10.00,13000.00,KMCI 191453Z 19008KT 10SM FEW130 FEW250 28/23 A2989 RMK AO2 SLP110 T02780233 53002
MCI,2023-08-19 15:53,10.00,13000.00,KMCI 191553Z 19012KT 10SM FEW130 FEW250 29/23 A2988 RMK AO2 SLP107 T02940233
MCI,2023-08-19 16:53,10.00,M,KMCI 191653Z 20011KT 10SM CLR 31/24 A2988 RMK AO2 SLP105 T03110244
MCI,2023-08-19 17:53,10.00,25000.00,KMCI 191753Z 19013KT 10SM SCT250 33/24 A2986 RMK AO2 SLP098 T03280244 10328 20217 58010
MCI,2023-08-19 18:53,10.00,25000.00,KMCI 191853Z 19011KT 10SM FEW250 34/25 A2985 RMK AO2 SLP096 T03440250
MCI,2023-08-19 19:53,10.00,25000.00,KMCI 191953Z 19010KT 10SM FEW250 36/26 A2985 RMK AO2 SLP094 T03560256
MCI,2023-08-19 21:53,10.00,13000.00,KMCI 192153Z 18010KT 10SM FEW130 FEW250 37/26 A2982 RMK AO2 SLP084 T03670261
MCI,2023-08-19 22:53,10.00,M,KMCI 192253Z 16009KT 10SM CLR 36/26 A2982 RMK AO2 SLP085 T03610261
MCI,2023-08-19 23:53,10.00,13000.00,KMCI 192353Z 17010KT 10SM FEW130 34/26 A2983 RMK AO2 SLP087 T03390261 10367 20328 55001 $
MCI,2023-08-20 00:53,10.00,13000.00,KMCI 200053Z 18011KT 10SM FEW130 31/24 A2983 RMK AO2 SLP089 T03060244 $
MCI,2023-08-20 01:53,10.00,13000.00,KMCI 200153Z 18011KT 10SM FEW130 29/24 A2984 RMK AO2 SLP093 T02940239 $
MCI,2023-08-20 02:53,10.00,M,KMCI 200253Z 18011KT 10SM CLR 29/24 A2987 RMK AO2 SLP100 T02940244 53013 $
MCI,2023-08-20 03:53,10.00,M,KMCI 200353Z 19010KT 10SM CLR 28/24 A2988 RMK AO2 SLP105 T02830244 $
MCI,2023-08-20 04:53,10.00,M,KMCI 200453Z 20011KT 10SM CLR 29/24 A2990 RMK AO2 SLP111 T02940239 $
MCI,2023-08-20 05:53,10.00,M,KMCI 200553Z 21010KT 10SM CLR 29/24 A2991 RMK AO2 SLP112 T02890239 10339 20283 403670206 51013 $
MCI,2023-08-20 06:53,10.00,18000.00,KMCI 200653Z 21010KT 10SM FEW180 28/23 A2991 RMK AO2 SLP114 T02830233 $
MCI,2023-08-20 07:53,10.00,18000.00,KMCI 200753Z 23007KT 10SM FEW180 27/23 A2992 RMK AO2 SLP118 T02720233 $
MCI,2023-08-20 08:53,10.00,18000.00,KMCI 200853Z 23006KT 10SM FEW180 26/23 A2994 RMK AO2 SLP123 T02610228 53010 $
MCI,2023-08-20 09:53,10.00,18000.00,KMCI 200953Z 26004KT 10SM SCT180 26/23 A2996 RMK AO2 SLP129 T02560228 $
MCI,2023-08-20 10:53,10.00,18000.00,KMCI 201053Z 24007KT 10SM SCT180 25/22 A2997 RMK AO2 SLP134 T02500222 $
MCI,2023-08-20 11:53,10.00,18000.00,KMCI 201153Z 28005KT 10SM SCT180 25/21 A2998 RMK AO2 SLP140 T02500211 10289 20244 51015 $
MCI,2023-08-20 12:53,10.00,13000.00,KMCI 201253Z 26006KT 10SM SCT130 26/22 A3001 RMK AO2 SLP148 T02560222 $
MCI,2023-08-20 13:53,10.00,15000.00,KMCI 201353Z 28005KT 10SM SCT150 28/23 A3002 RMK AO2 SLP152 T02780233 $
MCI,2023-08-20 14:53,10.00,15000.00,KMCI 201453Z 31005KT 10SM FEW150 29/26 A3003 RMK AO2 SLP155 T02940256 51015 $
MCI,2023-08-20 15:53,10.00,15000.00,KMCI 201553Z 29004KT 10SM FEW150 31/27 A3005 RMK AO2 SLP160 T03060267 $
MCI,2023-08-20 16:53,10.00,2000.00,KMCI 201653Z 35006KT 10SM FEW020 32/27 A3006 RMK AO2 SLP163 T03220272 $
MCI,2023-08-20 17:53,10.00,2000.00,KMCI 201753Z 36007KT 10SM SCT020 33/28 A3005 RMK AO2 SLP161 T03330278 10333 20244 50007
MCI,2023-08-20 18:53,10.00,2000.00,KMCI 201853Z VRB04KT 10SM FEW020 34/28 A3004 RMK AO2 SLP158 T03390283
MCI,2023-08-20 19:53,10.00,2800.00,KMCI 201953Z 35006KT 10SM SCT028 34/28 A3005 RMK AO2 SLP160 T03440278
MCI,2023-08-20 20:53,10.00,3000.00,KMCI 202053Z 01007KT 10SM SCT030 34/28 A3005 RMK AO2 SLP162 T03390278 55000
MCI,2023-08-20 21:53,10.00,3200.00,KMCI 202153Z 36007KT 10SM SCT032 SCT250 34/28 A3005 RMK AO2 SLP160 T03440278
MCI,2023-08-20 22:53,10.00,3200.00,KMCI 202253Z VRB05KT 10SM SCT032 SCT250 34/28 A3005 RMK AO2 SLP161 T03440278
MCI,2023-08-20 23:53,10.00,3400.00,KMCI 202353Z 35005KT 10SM FEW034 FEW250 33/28 A3004 RMK AO2 SLP159 T03330278 10350 20328 58003
MCI,2023-08-21 00:53,10.00,3000.00,KMCI 210053Z 36004KT 10SM FEW030 FEW250 31/28 A3005 RMK AO2 SLP164 T03110278
MCI,2023-08-21 01:53,10.00,3000.00,KMCI 210153Z 03004KT 10SM FEW030 30/27 A3007 RMK AO2 SLP168 T03000272
MCI,2023-08-21 02:53,10.00,3000.00,KMCI 210253Z 04005KT 10SM FEW030 29/27 A3009 RMK AO2 SLP175 T02940272 53016
MCI,2023-08-21 03:53,10.00,M,KMCI 210353Z 05004KT 10SM CLR 29/27 A3010 RMK AO2 SLP178 T02940272
MCI,2023-08-21 04:53,10.00,M,KMCI 210453Z 04004KT 10SM CLR 28/27 A3010 RMK AO2 SLP179 T02830272
MCI,2023-08-21 05:53,10.00,M,KMCI 210553Z 06005KT 10SM CLR 28/27 A3011 RMK AO2 SLP180 T02830272 10333 20278 403500244 51006
MCI,2023-08-21 06:53,10.00,M,KMCI 210653Z 07006KT 10SM CLR 28/27 A3010 RMK AO2 SLP179 T02830272
MCI,2023-08-21 07:53,10.00,M,KMCI 210753Z 11004KT 10SM CLR 28/27 A3011 RMK AO2 SLP181 T02830272
MCI,2023-08-21 08:53,8.00,M,KMCI 210853Z 08005KT 8SM CLR 28/27 A3011 RMK AO2 SLP181 T02830267 53001
MCI,2023-08-21 09:53,7.00,M,KMCI 210953Z 08003KT 7SM CLR 27/27 A3012 RMK AO2 SLP185 T02720267
MCI,2023-08-21 10:53,5.00,1500.00,KMCI 211053Z 06004KT 5SM BCFG FEW015 27/26 A3012 RMK AO2 SLP184 T02670261
MCI,2023-08-21 11:53,1.00,400.00,KMCI 211153Z 04003KT 1SM R19R/3500VP6000FT BR BKN004 26/26 A3014 RMK AO2 SLP192 T02610261 10283 20261 53009
MCI,2023-08-21 12:53,0.50,100.00,KMCI 211253Z 05004KT 1/2SM R19R/1200V2000FT FG SCT001 26/26 A3015 RMK AO2 SLP197 T02610261
MCI,2023-08-21 13:53,3.00,100.00,KMCI 211353Z 05004KT 3SM BR FEW001 29/27 A3016 RMK AO2 SFC VIS 4 SLP198 T02890272
MCI,2023-08-21 14:53,8.00,25000.00,KMCI 211453Z 06005KT 8SM FEW250 31/27 A3016 RMK AO2 SLP200 T03110272 53003
MCI,2023-08-21 15:53,10.00,20000.00,KMCI 211553Z VRB06KT 10SM FEW200 33/27 A3017 RMK AO2 SLP201 T03280267
MCI,2023-08-21 16:53,10.00,20000.00,KMCI 211653Z VRB04KT 10SM FEW200 34/27 A3017 RMK AO2 SLP201 T03390272
MCI,2023-08-21 17:53,10.00,25000.00,KMCI 211753Z VRB03KT 10SM FEW250 34/27 A3016 RMK AO2 SLP197 T03440267 10344 20261 58002
MCI,2023-08-21 18:53,10.00,M,KMCI 211853Z 06006KT 10SM CLR 35/27 A3014 RMK AO2 SLP191 T03500272
MCI,2023-08-21 19:53,10.00,3000.00,KMCI 211953Z 04006KT 10SM FEW030 35/27 A3013 RMK AO2 SLP189 T03500272
MCI,2023-08-21 20:53,10.00,3500.00,KMCI 212053Z 03007KT 360V080 10SM FEW035 35/28 A3012 RMK AO2 SLP186 T03500278 56010
MCI,2023-08-21 21:53,10.00,3700.00,KMCI 212153Z 06009KT 10SM FEW037 35/27 A3011 RMK AO2 SLP183 T03500272
MCI,2023-08-21 22:53,10.00,3500.00,KMCI 212253Z 07009KT 10SM FEW035 34/28 A3011 RMK AO2 SLP183 T03440278
MCI,2023-08-21 23:53,10.00,3500.00,KMCI 212353Z 09011KT 10SM FEW035 33/27 A3010 RMK AO2 SLP180 T03330272 10356 20333 57007
MCI,2023-08-22 00:53,10.00,M,KMCI 220053Z 10009KT 10SM CLR 32/27 A3011 RMK AO2 SLP181 T03220272
MCI,2023-08-22 01:53,10.00,M,KMCI 220153Z 12008KT 10SM CLR 31/27 A3012 RMK AO2 SLP186 T03060267
MCI,2023-08-22 02:53,10.00,M,KMCI 220253Z 12010KT 10SM CLR 30/27 A3013 RMK AO2 SLP190 T03000267 53009
MCI,2023-08-22 03:53,10.00,M,KMCI 220353Z 13007KT 10SM CLR 28/26 A3014 RMK AO2 SLP192 T02830261
MCI,2023-08-22 04:53,10.00,M,KMCI 220453Z 12007KT 10SM CLR 28/26 A3013 RMK AO2 SLP190 T02830256
MCI,2023-08-22 05:53,10.00,M,KMCI 220553Z 14004KT 10SM CLR 27/26 A3014 RMK AO2 SLP191 T02720256 10333 20272 403560261 51002
MCI,2023-08-22 06:53,10.00,M,KMCI 220653Z 12004KT 10SM CLR 27/26 A3013 RMK AO2 SLP189 T02670256
MCI,2023-08-22 07:53,8.00,M,KMCI 220753Z 11005KT 8SM CLR 27/26 A3013 RMK AO2 SLP188 T02670256
MCI,2023-08-22 08:53,8.00,M,KMCI 220853Z 13006KT 8SM CLR 26/26 A3014 RMK AO2 SLP191 T02610256 55001
MCI,2023-08-22 09:53,6.00,M,KMCI 220953Z 13005KT 6SM BR CLR 25/25 A3013 RMK AO2 SLP188 T02500250
MCI,2023-08-22 10:53,5.00,M,KMCI 221053Z 12005KT 5SM BR CLR 26/26 A3013 RMK AO2 SLP189 T02560256
MCI,2023-08-22 11:53,4.00,M,KMCI 221153Z 10005KT 4SM R19R/4000VP6000FT BR CLR 26/26 A3014 RMK AO2 SLP192 T02610256 10272 20250 53000
MCI,2023-08-22 12:53,2.00,300.00,KMCI 221253Z 11005KT 2SM BR BKN003 26/26 A3014 RMK AO2 SLP194 T02610256
MCI,2023-08-22 13:53,0.25,200.00,KMCI 221353Z 11005KT 1/4SM R19R/P6000FT BR OVC002 27/27 A3015 RMK AO2 SFC VIS 1 SLP196 T02670267
MCI,2023-08-22 14:53,1.50,400.00,KMCI 221453Z 13005KT 1 1/2SM BR OVC004 28/27 A3015 RMK AO2 SFC VIS 3 SLP198 T02780272 51006
MCI,2023-08-22 15:53,4.00,1000.00,KMCI 221553Z 14004KT 4SM BR SCT010 29/27 A3016 RMK AO2 SLP198 T02940272
MCI,2023-08-22 16:53,7.00,1900.00,KMCI 221653Z 17004KT 7SM SCT019 31/27 A3014 RMK AO2 SLP193 T03110267
MCI,2023-08-22 17:53,8.00,1900.00,KMCI 221753Z 00000KT 8SM FEW019 SCT250 32/27 A3012 RMK AO2 SLP187 T03220267 10328 20256 58010
MCI,2023-08-22 18:53,8.00,2000.00,KMCI 221853Z 10003KT 8SM FEW020 BKN250 33/27 A3012 RMK AO2 SLP186 T03330267
MCI,2023-08-22 19:53,9.00,2500.00,KMCI 221953Z 12005KT 9SM FEW025 BKN250 34/27 A3010 RMK AO2 SLP180 T03390267
MCI,2023-08-22 20:53,10.00,25000.00,KMCI 222053Z VRB04KT 10SM SCT250 34/27 A3008 RMK AO2 SLP173 T03390267 58014
MCI,2023-08-22 21:53,9.00,25000.00,KMCI 222153Z 18005KT 9SM SCT250 34/27 A3007 RMK AO2 SLP169 T03440272
MCI,2023-08-22 22:53,9.00,25000.00,KMCI 222253Z 09006KT 9SM SCT250 34/27 A3007 RMK AO2 SLP167 T03440272
MCI,2023-08-22 23:53,8.00,M,KMCI 222353Z 13008G18KT 8SM CLR 33/27 A3005 RMK AO2 SLP162 T03330272 10350 20322 58011
MCI,2023-08-23 00:53,8.00,25000.00,KMCI 230053Z 11008KT 8SM SCT250 32/27 A3005 RMK AO2 SLP162 T03220272
MCI,2023-08-23 01:53,7.00,25000.00,KMCI 230153Z 12007KT 7SM FEW250 31/27 A3005 RMK AO2 SLP162 T03060272
MCI,2023-08-23 02:53,7.00,M,KMCI 230253Z 12005KT 7SM CLR 30/27 A3006 RMK AO2 SLP164 T03000267 53003
MCI,2023-08-23 03:53,7.00,25000.00,KMCI 230353Z 16007KT 7SM BKN250 29/27 A3006 RMK AO2 SLP165 T02890272
MCI,2023-08-23 04:53,7.00,25000.00,KMCI 230453Z 18007KT 7SM SCT250 27/27 A3006 RMK AO2 SLP164 T02720267
MCI,2023-08-23 05:53,7.00,25000.00,KMCI 230553Z 18009KT 7SM FEW250 28/27 A3005 RMK AO2 SLP164 T02780272 10333 20272 403500250 58001
MCI,2023-08-23 06:53,8.00,M,KMCI 230653Z 18007KT 8SM CLR 27/27 A3006 RMK AO2 SLP165 T02720267
MCI,2023-08-23 07:53,7.00,M,KMCI 230753Z 19006KT 7SM CLR 26/26 A3005 RMK AO2 SLP162 T02610261
MCI,2023-08-23 08:53,7.00,M,KMCI 230853Z 20007KT 7SM CLR 27/26 A3005 RMK AO2 SLP163 T02720261 58001
MCI,2023-08-23 09:53,7.00,M,KMCI 230953Z 22006KT 7SM CLR 27/26 A3005 RMK AO2 SLP163 T02670256
MCI,2023-08-23 10:53,7.00,25000.00,KMCI 231053Z 20006KT 7SM SCT250 26/25 A3006 RMK AO2 SLP165 T02610250
MCI,2023-08-23 11:53,6.00,25000.00,KMCI 231153Z 21006KT 6SM BR BKN250 26/25 A3008 RMK AO2 SLP171 T02610250 10278 20261 53007
MCI,2023-08-23 12:53,6.00,25000.00,KMCI 231253Z 21006KT 6SM BR BKN250 27/26 A3009 RMK AO2 SLP175 T02720256
MCI,2023-08-23 13:53,8.00,25000.00,KMCI 231353Z 22007KT 8SM BKN250 29/26 A3009 RMK AO2 SLP175 T02890261
MCI,2023-08-23 14:53,10.00,25000.00,KMCI 231453Z 21007KT 10SM OVC250 30/26 A3008 RMK AO2 SLP173 T03000261 50002
MCI,2023-08-23 15:53,8.00,25000.00,KMCI 231553Z 22008KT 8SM BKN250 32/27 A3008 RMK AO2 SLP173 T03170272
MCI,2023-08-23 16:53,8.00,25000.00,KMCI 231653Z 21009KT 8SM BKN250 33/27 A3007 RMK AO2 SLP170 T03280267
MCI,2023-08-23 17:53,9.00,3000.00,KMCI 231753Z 23009KT 9SM FEW030 OVC250 34/26 A3006 RMK AO2 SLP164 T03390261 10339 20261 58007
MCI,2023-08-23 18:53,8.00,3800.00,KMCI 231853Z 22008KT 8SM FEW038 OVC250 34/26 A3004 RMK AO2 SLP158 T03440261
MCI,2023-08-23 19:53,7.00,4000.00,KMCI 231953Z 21009KT 7SM FEW040 OVC250 35/25 A3002 RMK AO2 SLP152 T03500250
MCI,2023-08-23 20:53,10.00,4000.00,KMCI 232053Z 23009KT 10SM FEW040 BKN200 35/25 A3000 RMK AO2 SLP144 T03500250 58020
MCI,2023-08-23 21:53,10.00,4000.00,KMCI 232153Z 00000KT 10SM FEW040 BKN200 35/25 A2998 RMK AO2 SLP138 T03500250
MCI,2023-08-23 22:53,10.00,20000.00,KMCI 232253Z 22003KT 10SM BKN200 35/25 A2997 RMK AO2 SLP135 T03500250
MCI,2023-08-23 23:53,10.00,20000.00,KMCI 232353Z 18004KT 10SM BKN200 33/27 A2996 RMK AO2 SLP130 T03280272 10356 20328 56014
MCI,2023-08-24 00:53,10.00,20000.00,KMCI 240053Z 13005KT 10SM BKN200 33/24 A2996 RMK AO2 SLP130 T03280244
MCI,2023-08-24 01:53,10.00,20000.00,KMCI 240153Z 17007KT 10SM SCT200 28/24 A2996 RMK AO2 SLP132 T02830244
MCI,2023-08-24 02:53,9.00,M,KMCI 240253Z 17007KT 9SM CLR 28/24 A2997 RMK AO2 SLP134 T02780244 53004
MCI,2023-08-24 03:53,10.00,M,KMCI 240353Z 17008KT 10SM CLR 27/24 A2997 RMK AO2 SLP135 T02720239
MCI,2023-08-24 04:53,10.00,M,KMCI 240453Z 19008KT 10SM CLR 27/24 A2997 RMK AO2 SLP134 T02670239
MCI,2023-08-24 05:53,10.00,M,KMCI 240553Z 19009KT 10SM CLR 27/24 A2997 RMK AO2 SLP134 T02720239 10333 20267 403560261 58001
MCI,2023-08-24 06:53,10.00,25000.00,KMCI 240653Z 21009KT 10SM FEW250 28/24 A2996 RMK AO2 SLP130 T02780239
MCI,2023-08-24 07:53,10.00,25000.00,KMCI 240753Z 20009KT 10SM FEW250 27/24 A2996 RMK AO2 SLP130 T02720239
MCI,2023-08-24 08:53,10.00,25000.00,KMCI 240853Z 21008KT 10SM SCT250 27/24 A2996 RMK AO2 SLP130 T02670239 55002
MCI,2023-08-24 09:53,10.00,25000.00,KMCI 240953Z 22007KT 10SM SCT250 26/23 A2996 RMK AO2 SLP131 T02610233
MCI,2023-08-24 10:53,10.00,25000.00,KMCI 241053Z 22006KT 10SM BKN250 26/23 A2997 RMK AO2 SLP134 T02560233
MCI,2023-08-24 11:53,7.00,25000.00,KMCI 241153Z 21005KT 7SM SCT250 24/23 A2998 RMK AO2 SLP139 T02440233 10283 20244 53007
MCI,2023-08-24 12:53,7.00,25000.00,KMCI 241253Z 21007KT 7SM R19R/4000VP6000FT SCT250 26/24 A2999 RMK AO2 SLP141 T02610239
MCI,2023-08-24 13:53,7.00,25000.00,KMCI 241353Z 21006KT 7SM SCT250 28/24 A2999 RMK AO2 SLP143 T02830244
MCI,2023-08-24 14:53,10.00,25000.00,KMCI 241453Z 22009KT 10SM R19R/5500VP6000FT SCT250 30/25 A3000 RMK AO2 SLP144 T03000250 51005
MCI,2023-08-24 15:53,10.00,25000.00,KMCI 241553Z 23007KT 10SM SCT250 32/25 A3000 RMK AO2 SLP143 T03170250
MCI,2023-08-24 16:53,10.00,25000.00,KMCI 241653Z 22005KT 10SM SCT250 33/26 A2999 RMK AO2 SLP142 T03280261
MCI,2023-08-24 17:53,10.00,25000.00,KMCI 241753Z 24007KT 10SM SCT250 34/26 A2998 RMK AO2 SLP139 T03390256 10344 20239 58005
MCI,2023-08-24 18:53,10.00,25000.00,KMCI 241853Z 23007KT 10SM SCT250 35/26 A2997 RMK AO2 SLP134 T03500256
MCI,2023-08-24 19:53,10.00,25000.00,KMCI 241953Z 24006KT 10SM R19R/4500VP6000FT SCT250 36/24 A2996 RMK AO2 SLP129 T03610244
MCI,2023-08-24 20:53,10.00,4500.00,KMCI 242053Z 23004KT 10SM FEW045 36/24 A2994 RMK AO2 SLP123 T03610239 58014
MCI,2023-08-24 21:53,10.00,4500.00,KMCI 242153Z 23003KT 10SM FEW045 37/23 A2993 RMK AO2 SLP120 T03670233
MCI,2023-08-24 22:53,10.00,4500.00,KMCI 242253Z 13004KT 10SM FEW045 SCT250 36/23 A2992 RMK AO2 SLP117 T03610233
MCI,2023-08-24 23:53,10.00,4500.00,KMCI 242353Z 14004KT 10SM FEW045 SCT250 36/23 A2991 RMK AO2 SLP115 T03560228 10367 20344 56008
MCI,2023-08-25 00:53,10.00,5500.00,KMCI 250053Z 12005KT 10SM FEW055 SCT250 33/24 A2991 RMK AO2 SLP115 T03330244
MCI,2023-08-25 01:53,10.00,11000.00,KMCI 250153Z 15007KT 10SM FEW110 31/24 A2993 RMK AO2 SLP121 T03060239
MCI,2023-08-25 02:53,10.00,11000.00,KMCI 250253Z 15006KT 10SM FEW110 29/23 A2993 RMK AO2 SLP121 T02890233 51005
MCI,2023-08-25 03:53,10.00,11000.00,KMCI 250353Z 18007KT 10SM SCT110 27/23 A2993 RMK AO2 SLP122 T02720233
MCI,2023-08-25 04:53,10.00,11000.00,KMCI 250453Z 17009KT 10SM BKN110 28/22 A2994 RMK AO2 SLP124 T02830222
MCI,2023-08-25 05:53,10.00,11000.00,KMCI 250553Z 17010KT 10SM SCT110 BKN160 29/22 A2994 RMK AO2 SLP124 T02890222 10356 20272 403670239 53004
MCI,2023-08-25 06:53,8.00,11000.00,KMCI 250653Z 18010KT 8SM FEW110 BKN150 28/23 A2994 RMK AO2 SLP124 T02830228
MCI,2023-08-25 07:53,10.00,14000.00,KMCI 250753Z 20006KT 10SM BKN140 28/22 A2994 RMK AO2 SLP123 T02780217
MCI,2023-08-25 08:53,10.00,14000.00,KMCI 250853Z 21006KT 10SM SCT140 26/22 A2994 RMK AO2 SLP122 T02610217 58002
MCI,2023-08-25 09:53,10.00,14000.00,KMCI 250953Z 21006KT 10SM SCT140 26/21 A2994 RMK AO2 SLP122 T02610211
MCI,2023-08-25 10:53,10.00,13000.00,KMCI 251053Z 23005KT 10SM SCT130 26/21 A2994 RMK AO2 SLP125 T02610206
MCI,2023-08-25 11:53,10.00,13000.00,KMCI 251153Z 22006KT 10SM SCT130 25/21 A2996 RMK AO2 SLP131 T02500211 10300 20250 53007
MCI,2023-08-25 12:53,10.00,13000.00,KMCI 251253Z 23004KT 10SM FEW130 26/22 A2997 RMK AO2 SLP134 T02610217
MCI,2023-08-25 13:53,10.00,15000.00,KMCI 251353Z 24005KT 10SM FEW150 28/22 A2997 RMK AO2 SLP136 T02830222
MCI,2023-08-25 14:53,10.00,13000.00,KMCI 251453Z 24006KT 10SM FEW130 31/23 A2998 RMK AO2 SLP138 T03060233 51007
MCI,2023-08-25 15:53,10.00,13000.00,KMCI 251553Z 23007KT 10SM FEW130 32/24 A2998 RMK AO2 SLP138 T03220244
MCI,2023-08-25 16:53,10.00,13000.00,KMCI 251653Z 23006KT 10SM FEW130 33/24 A2997 RMK AO2 SLP134 T03330244
MCI,2023-08-25 17:53,10.00,13000.00,KMCI 251753Z 23007KT 10SM FEW130 35/24 A2996 RMK AO2 SLP130 T03500244 10350 20250 58006
MCI,2023-08-25 18:53,10.00,M,KMCI 251853Z 22006KT 10SM CLR 36/24 A2995 RMK AO2 SLP127 T03610244
MCI,2023-08-25 19:53,10.00,10000.00,KMCI 251953Z 24004KT 10SM FEW100 FEW250 37/23 A2993 RMK AO2 SLP122 T03670233
MCI,2023-08-25 20:53,10.00,10000.00,KMCI 252053Z 00000KT 10SM FEW100 SCT250 38/22 A2992 RMK AO2 SLP117 T03780222 58013
MCI,2023-08-25 21:53,10.00,10000.00,KMCI 252153Z 00000KT 10SM FEW100 38/21 A2991 RMK AO2 SLP113 T03830206
MCI,2023-08-25 22:53,10.00,5500.00,KMCI 252253Z 00000KT 10SM FEW055 SCT100 38/21 A2991 RMK AO2 SLP112 T03830211
MCI,2023-08-25 23:53,10.00,5500.00,KMCI 252353Z 15004KT 10SM FEW055 36/21 A2989 RMK AO2 LTG DSNT SE SLP109 T03610206 10394 20350 58009
MCI,2023-08-26 00:53,10.00,5500.00,KMCI 260053Z 12005KT 10SM FEW055 SCT100 31/24 A2991 RMK AO2 SLP114 T03110239
MCI,2023-08-26 01:53,10.00,M,KMCI 260153Z 15003KT 10SM CLR 32/22 A2991 RMK AO2 SLP116 T03220217
MCI,2023-08-26 02:53,10.00,10000.00,KMCI 260253Z 11003KT 10SM BKN100 31/23 A2992 RMK AO2 SLP116 T03110228 51007
MCI,2023-08-26 03:53,10.00,11000.00,KMCI 260353Z 36004KT 10SM SCT110 29/24 A2994 RMK AO2 SLP124 T02890239
MCI,2023-08-26 04:53,10.00,11000.00,KMCI 260453Z 02008KT 10SM SCT110 28/25 A2995 RMK AO2 SLP127 T02830250
MCI,2023-08-26 05:53,10.00,14000.00,KMCI 260553Z 04012KT 10SM BKN140 28/25 A2996 RMK AO2 SLP131 T02780250 10361 20272 403940250 51014
MCI,2023-08-26 06:53,10.00,14000.00,KMCI 260653Z 07013KT 10SM BKN140 28/22 A2994 RMK AO2 LTG DSNT S AND W SLP125 CB DSNT S-W MOV E T02780222
MCI,2023-08-26 07:53,10.00,9500.00,KMCI 260753Z 31014G19KT 10SM BKN095 OVC110 27/22 A3000 RMK AO2 LTG DSNT ALQDS PRESRR SLP145 CB DSNT S-NW MOV E T02670217
MCI,2023-08-26 08:53,10.00,4400.00,KMCI 260853Z 34014G26KT 10SM BKN044 OVC060 23/21 A3000 RMK AO2 PK WND 32029/0819 WSHFT 0750 LTG DSNT N AND NE RAB12E50 SLP146 CB DSNT N-NE MOV E P0000 60000 T02330211 53014
MCI,2023-08-26 09:53,10.00,1000.00,KMCI 260953Z 35011KT 10SM BKN010 OVC120 22/22 A3001 RMK AO2 RAB04E14 SLP147 P0000 T02220217 $
MCI,2023-08-26 10:53,10.00,14000.00,KMCI 261053Z 02009KT 10SM FEW140 OVC200 22/22 A3000 RMK AO2 SLP144 T02220217 $
MCI,2023-08-26 11:53,10.00,10000.00,KMCI 261153Z 36006KT 10SM FEW100 22/22 A3003 RMK AO2 LTG DSNT S SLP157 60000 T02220217 10278 20222 53010 $
MCI,2023-08-26 12:53,10.00,10000.00,KMCI 261253Z 06007KT 10SM FEW100 22/22 A3001 RMK AO2 SLP149 T02220217 $
MCI,2023-08-26 13:53,10.00,500.00,KMCI 261353Z 07005KT 10SM FEW005 SCT070 BKN130 23/22 A3001 RMK AO2 SLP150 T02330217 $
MCI,2023-08-26 14:53,10.00,1400.00,KMCI 261453Z 02007KT 10SM SCT014 BKN070 24/22 A3003 RMK AO2 SLP157 T02390217 55001 $
MCI,2023-08-26 15:53,10.00,1400.00,KMCI 261553Z 34008KT 10SM BKN014 BKN020 OVC070 24/22 A3005 RMK AO2 SLP164 T02440222 $
MCI,2023-08-26 16:53,10.00,6500.00,KMCI 261653Z 35009KT 10SM BKN065 OVC090 24/22 A3005 RMK AO2 SLP164 T02440222 $
MCI,2023-08-26 17:53,7.00,7000.00,KMCI 261753Z 01008KT 7SM -RA BKN070 OVC085 24/23 A3005 RMK AO2 RAB34 SLP164 P0000 60000 T02390228 10250 20222 51006 $
MCI,2023-08-26 18:53,9.00,800.00,KMCI 261853Z 02009KT 9SM FEW008 OVC014 26/22 A3004 RMK AO2 RAE1755 SLP161 P0000 T02610222 $
MCI,2023-08-26 19:53,9.00,1200.00,KMCI 261953Z 01008KT 9SM BKN012 OVC024 25/22 A3004 RMK AO2 SLP160 T02500222
MCI,2023-08-26 20:53,10.00,1400.00,KMCI 262053Z 02009KT 10SM FEW014 BKN026 BKN150 26/22 A3002 RMK AO2 SLP156 60000 T02610217 58009
MCI,2023-08-26 21:53,10.00,1800.00,KMCI 262153Z 01008KT 10SM FEW018 SCT025 BKN034 BKN150 BKN250 27/22 A3002 RMK AO2 SLP154 T02670217
MCI,2023-08-26 22:53,10.00,2400.00,KMCI 262253Z 34010KT 10SM SCT024 BKN150 OVC200 26/22 A3002 RMK AO2 SLP154 T02610217
MCI,2023-08-26 23:53,10.00,2400.00,KMCI 262353Z 35006KT 10SM FEW024 BKN150 OVC200 25/22 A3002 RMK AO2 SLP157 60000 T02500222 10272 20239 55000
MCI,2023-08-27 00:53,9.00,3000.00,KMCI 270053Z 01006KT 9SM FEW030 BKN150 BKN200 24/22 A3002 RMK AO2 SLP156 T02390217
MCI,2023-08-27 01:53,10.00,15000.00,KMCI 270153Z 33004KT 10SM BKN150 BKN200 23/22 A3003 RMK AO2 SLP160 T02280217
MCI,2023-08-27 02:53,10.00,15000.00,KMCI 270253Z 33008KT 10SM BKN150 BKN200 22/21 A3004 RMK AO2 SLP161 T02220211 53004
MCI,2023-08-27 03:53,10.00,15000.00,KMCI 270353Z 01007KT 10SM BKN150 BKN200 22/19 A3005 RMK AO2 SLP165 T02170194
MCI,2023-08-27 04:53,10.00,20000.00,KMCI 270453Z 01007KT 10SM SCT200 21/19 A3006 RMK AO2 SLP168 T02110189
MCI,2023-08-27 05:53,10.00,20000.00,KMCI 270553Z 02007KT 10SM SCT200 20/18 A3006 RMK AO2 SLP169 T02000178 10250 20200 402780200 51006
MCI,2023-08-27 06:53,10.00,6000.00,KMCI 270653Z 01006KT 10SM FEW060 FEW180 19/18 A3004 RMK AO2 SLP164 T01890178
MCI,2023-08-27 07:53,10.00,18000.00,KMCI 270753Z 03007KT 10SM FEW180 19/17 A3004 RMK AO2 SLP162 T01890172
MCI,2023-08-27 08:53,10.00,1100.00,KMCI 270853Z 02007KT 10SM SCT011 BKN060 BKN180 19/18 A3004 RMK AO2 SLP163 T01890178 55005
MCI,2023-08-27 09:53,9.00,800.00,KMCI 270953Z 04005KT 9SM BKN008 OVC013 20/18 A3004 RMK AO2 SLP162 T02000183
MCI,2023-08-27 10:53,9.00,800.00,KMCI 271053Z 36004KT 9SM OVC008 19/19 A3004 RMK AO2 SLP164 T01940189
MCI,2023-08-27 11:53,7.00,1700.00,KMCI 271153Z 02007KT 7SM R19R/1000V6000FT OVC017 19/19 A3006 RMK AO2 SLP169 T01940189 10200 20183 53005
MCI,2023-08-27 12:53,7.00,700.00,KMCI 271253Z 03007KT 7SM BKN007 OVC015 20/19 A3007 RMK AO2 SLP173 T02000194
MCI,2023-08-27 13:53,9.00,700.00,KMCI 271353Z 06009KT 9SM OVC007 21/19 A3008 RMK AO2 SLP177 T02110194
MCI,2023-08-27 14:53,8.00,800.00,KMCI 271453Z 07008KT 8SM OVC008 21/19 A3009 RMK AO2 SLP181 T02060189 53007
MCI,2023-08-27 15:53,10.00,1100.00,KMCI 271553Z 07006KT 10SM FEW011 BKN018 OVC034 22/19 A3009 RMK AO2 SLP181 T02170189
MCI,2023-08-27 16:53,10.00,2200.00,KMCI 271653Z 06008KT 10SM OVC022 23/18 A3009 RMK AO2 SLP180 T02280183
MCI,2023-08-27 17:53,10.00,2400.00,KMCI 271753Z 05006KT 10SM FEW024 FEW031 BKN050 24/18 A3007 RMK AO2 SLP175 T02440183 10244 20194 58005
MCI,2023-08-27 18:53,10.00,3200.00,KMCI 271853Z 04004KT 10SM FEW032 26/18 A3006 RMK AO2 SLP169 T02610178
MCI,2023-08-27 19:53,10.00,3400.00,KMCI 271953Z 07006KT 10SM FEW034 FEW055 27/17 A3004 RMK AO2 SLP163 T02670172
MCI,2023-08-27 20:53,10.00,3600.00,KMCI 272053Z 05007KT 10SM FEW036 BKN060 27/17 A3002 RMK AO2 SLP157 T02670172 58017
MCI,2023-08-27 21:53,10.00,4300.00,KMCI 272153Z 05008G16KT 10SM SCT043 26/16 A3002 RMK AO2 SLP154 T02560161
MCI,2023-08-27 22:53,10.00,5000.00,KMCI 272253Z 05007KT 10SM SCT050 26/16 A3001 RMK AO2 SLP153 T02560156
MCI,2023-08-27 23:53,10.00,5000.00,KMCI 272353Z 04007KT 10SM FEW050 25/16 A3001 RMK AO2 SLP154 T02500161 10272 20244 55004
MCI,2023-08-28 00:53,10.00,M,KMCI 280053Z 05008KT 10SM CLR 23/16 A3001 RMK AO2 SLP152 T02280156
MCI,2023-08-28 01:53,10.00,M,KMCI 280153Z 06006KT 10SM CLR 22/16 A3001 RMK AO2 SLP154 T02170161
MCI,2023-08-28 02:53,10.00,M,KMCI 280253Z 07006KT 10SM CLR 22/16 A3002 RMK AO2 SLP159 T02170156 53004
MCI,2023-08-28 03:53,10.00,M,KMCI 280353Z 07004KT 10SM CLR 20/16 A3004 RMK AO2 SLP163 T02000156
MCI,2023-08-28 04:53,10.00,M,KMCI 280453Z 08004KT 10SM CLR 19/15 A3004 RMK AO2 SLP164 T01940150
MCI,2023-08-28 05:53,10.00,M,KMCI 280553Z 08004KT 10SM CLR 19/15 A3004 RMK AO2 SLP164 T01940150 10250 20189 402720183 51006
MCI,2023-08-28 06:53,10.00,M,KMCI 280653Z 05004KT 10SM CLR 18/15 A3004 RMK AO2 SLP164 T01780150
MCI,2023-08-28 07:53,10.00,M,KMCI 280753Z 06004KT 10SM CLR 18/15 A3004 RMK AO2 SLP163 T01780150
MCI,2023-08-28 08:53,10.00,M,KMCI 280853Z 03003KT 10SM CLR 17/15 A3004 RMK AO2 SLP163 T01670150 55001
MCI,2023-08-28 09:53,10.00,M,KMCI 280953Z 01004KT 10SM CLR 16/15 A3004 RMK AO2 SLP166 T01610150
MCI,2023-08-28 10:53,10.00,M,KMCI 281053Z 03003KT 10SM CLR 17/16 A3004 RMK AO2 SLP164 T01670156 $
MCI,2023-08-28 11:53,10.00,15000.00,KMCI 281153Z 01003KT 10SM BCFG FEW150 FEW250 15/14 A3006 RMK AO2 SLP171 T01500144 10194 20150 53006 $
MCI,2023-08-28 12:53,10.00,15000.00,KMCI 281253Z 00000KT 10SM FEW150 FEW250 18/16 A3007 RMK AO2 SLP175 T01780161
MCI,2023-08-28 13:53,10.00,15000.00,KMCI 281353Z 00000KT 10SM FEW150 FEW250 21/17 A3008 RMK AO2 SLP176 T02110167 $
MCI,2023-08-28 14:53,10.00,15000.00,KMCI 281453Z 03004KT 10SM FEW150 SCT250 23/16 A3008 RMK AO2 SLP176 T02280156 50006 $
MCI,2023-08-28 15:53,10.00,2500.00,KMCI 281553Z 09004KT 10SM FEW025 FEW150 SCT250 24/15 A3008 RMK AO2 SLP176 T02390150 $
MCI,2023-08-28 16:53,10.00,3500.00,KMCI 281653Z 08004KT 10SM FEW035 FEW150 BKN250 25/14 A3007 RMK AO2 SLP174 T02500144 $
MCI,2023-08-28 17:53,10.00,3500.00,KMCI 281753Z 00000KT 10SM FEW035 BKN250 26/15 A3006 RMK AO2 SLP170 T02560150 10261 20150 58005
MCI,2023-08-28 18:53,10.00,4000.00,KMCI 281853Z 00000KT 10SM FEW040 FEW120 BKN250 26/14 A3004 RMK AO2 SLP165 T02610144
MCI,2023-08-28 19:53,10.00,4500.00,KMCI 281953Z 30003KT 10SM FEW045 FEW120 BKN220 26/16 A3004 RMK AO2 SLP164 T02610156
MCI,2023-08-28 20:53,10.00,20000.00,KMCI 282053Z 36003KT 10SM BKN200 28/16 A3003 RMK AO2 SLP159 T02780156 56012
MCI,2023-08-28 21:53,10.00,20000.00,KMCI 282153Z 00000KT 10SM BKN200 27/16 A3002 RMK AO2 SLP157 T02720156
MCI,2023-08-28 22:53,10.00,20000.00,KMCI 282253Z 34004KT 10SM BKN200 28/16 A3002 RMK AO2 SLP156 T02780161
MCI,2023-08-28 23:53,10.00,20000.00,KMCI 282353Z 00000KT 10SM SCT200 26/17 A3000 RMK AO2 SLP152 T02610172 10283 20256 58007
MCI,2023-08-29 00:53,10.00,13000.00,KMCI 290053Z 00000KT 10SM FEW130 SCT200 23/16 A3000 RMK AO2 SLP150 T02280161
MCI,2023-08-29 01:53,10.00,M,KMCI 290153Z 02003KT 10SM CLR 23/16 A3000 RMK AO2 SLP151 T02280161
MCI,2023-08-29 02:53,10.00,M,KMCI 290253Z 05003KT 10SM CLR 22/16 A3001 RMK AO2 SLP154 T02220161 53003
MCI,2023-08-29 03:53,10.00,M,KMCI 290353Z 00000KT 10SM CLR 22/16 A3002 RMK AO2 SLP157 T02220161
MCI,2023-08-29 04:53,10.00,14000.00,KMCI 290453Z 13003KT 10SM BKN140 22/16 A3002 RMK AO2 SLP156 T02220161
MCI,2023-08-29 05:53,10.00,14000.00,KMCI 290553Z 14004KT 10SM FEW140 21/16 A3002 RMK AO2 SLP157 T02060161 10267 20194 402830150 51003
MCI,2023-08-29 06:53,10.00,14000.00,KMCI 290653Z COR 00000KT 10SM SCT140 19/17 A3003 RMK AO2 SLP158 T01940172
MCI,2023-08-29 07:53,10.00,15000.00,KMCI 290753Z 15003KT 10SM BKN150 19/17 A3001 RMK AO2 SLP153 T01890167
MCI,2023-08-29 08:53,10.00,15000.00,KMCI 290853Z 19004KT 10SM SCT150 19/17 A3001 RMK AO2 SLP151 T01940172 58005
MCI,2023-08-29 09:53,10.00,15000.00,KMCI 290953Z 00000KT 10SM FEW150 17/17 A3000 RMK AO2 SLP151 T01720167
MCI,2023-08-29 10:53,8.00,20000.00,KMCI 291053Z 23004KT 8SM FEW200 18/17 A3001 RMK AO2 SLP151 T01780172
MCI,2023-08-29 11:53,8.00,20000.00,KMCI 291153Z 23004KT 8SM BCFG FEW200 17/17 A3002 RMK AO2 SLP155 T01720172 10200 20161 53003
MCI,2023-08-29 12:53,8.00,15000.00,KMCI 291253Z 23005KT 8SM FEW150 FEW250 19/18 A3002 RMK AO2 SLP158 T01940178
MCI,2023-08-29 13:53,9.00,25000.00,KMCI 291353Z 26005KT 9SM FEW250 22/18 A3002 RMK AO2 SLP155 T02220183
MCI,2023-08-29 14:53,6.00,M,KMCI 291453Z 28006KT 6SM HZ CLR 25/18 A3002 RMK AO2 SLP156 T02500183 51002
MCI,2023-08-29 15:53,10.00,25000.00,KMCI 291553Z 30008KT 10SM SCT250 27/18 A3003 RMK AO2 SLP158 T02720183
MCI,2023-08-29 16:53,10.00,25000.00,KMCI 291653Z 35007KT 10SM FEW250 29/21 A3003 RMK AO2 SLP156 T02890206
MCI,2023-08-29 17:53,10.00,25000.00,KMCI 291753Z 35010KT 10SM R19R/4000VP6000FT FEW250 29/18 A3002 RMK AO2 SLP154 T02940178 10300 20172 58001
MCI,2023-08-29 18:53,10.00,25000.00,KMCI 291853Z 34009KT 10SM FEW250 30/18 A3000 RMK AO2 SLP149 T03000178
MCI,2023-08-29 19:53,8.00,700.00,KMCI 291953Z 35008KT 8SM FEW007 30/18 A2999 RMK AO2 SLP144 T03000178
MCI,2023-08-29 20:53,7.00,20000.00,KMCI 292053Z 34011KT 7SM R19R/3500VP6000FT SCT200 30/17 A2997 RMK AO2 SLP139 T03000172 58014
MCI,2023-08-29 21:53,7.00,5500.00,KMCI 292153Z 33010G17KT 7SM FEW055 29/17 A2997 RMK AO2 SLP139 T02940172
MCI,2023-08-29 22:53,7.00,5500.00,KMCI 292253Z 36009KT 7SM FEW055 28/17 A2997 RMK AO2 SLP139 T02830167
MCI,2023-08-29 23:53,7.00,5500.00,KMCI 292353Z 36005KT 7SM FEW055 27/18 A2997 RMK AO2 SLP141 T02670178 10306 20267 55000
MCI,2023-08-30 00:53,7.00,M,KMCI 300053Z 35004KT 7SM CLR 25/17 A2998 RMK AO2 SLP142 T02500172
MCI,2023-08-30 01:53,8.00,M,KMCI 300153Z 33006KT 8SM CLR 23/17 A2998 RMK AO2 SLP143 T02330167
MCI,2023-08-30 02:53,8.00,M,KMCI 300253Z 33005KT 8SM CLR 23/17 A3000 RMK AO2 SLP148 T02330172 53009
MCI,2023-08-30 03:53,10.00,M,KMCI 300353Z 33005KT 10SM CLR 22/17 A3001 RMK AO2 SLP151 T02170172
MCI,2023-08-30 04:53,10.00,M,KMCI 300453Z 02006KT 10SM CLR 21/17 A3002 RMK AO2 SLP155 T02060172
MCI,2023-08-30 05:53,10.00,M,KMCI 300553Z 03005KT 10SM CLR 20/17 A3002 RMK AO2 SLP156 T02000172 10267 20200 403060161 51008
MCI,2023-08-30 06:53,10.00,M,KMCI 300653Z 02005KT 10SM CLR 19/17 A3002 RMK AO2 SLP156 T01940167
MCI,2023-08-30 07:53,10.00,M,KMCI 300753Z 02006KT 10SM CLR 19/17 A3001 RMK AO2 SLP153 T01890167
MCI,2023-08-30 08:53,10.00,M,KMCI 300853Z 03005KT 10SM CLR 18/16 A3001 RMK AO2 SLP153 T01830161 58003
MCI,2023-08-30 09:53,10.00,M,KMCI 300953Z 03005KT 10SM CLR 17/16 A3002 RMK AO2 SLP156 T01720156
MCI,2023-08-30 10:53,10.00,M,KMCI 301053Z 04006KT 10SM CLR 17/15 A3003 RMK AO2 SLP160 T01670150
MCI,2023-08-30 11:53,10.00,M,KMCI 301153Z 04007KT 10SM CLR 18/16 A3005 RMK AO2 SLP166 T01780156 10200 20167 53011
MCI,2023-08-30 12:53,10.00,M,KMCI 301253Z 04006KT 10SM CLR 19/16 A3006 RMK AO2 SLP172 T01890161
MCI,2023-08-30 13:53,6.00,M,KMCI 301353Z 05006KT 6SM HZ CLR 21/16 A3007 RMK AO2 SLP173 T02060161
MCI,2023-08-30 14:53,7.00,M,KMCI 301453Z 05005KT 7SM CLR 23/17 A3007 RMK AO2 SLP174 T02330172 51009
MCI,2023-08-30 15:53,8.00,M,KMCI 301553Z 09008KT 8SM CLR 26/17 A3008 RMK AO2 SLP176 T02560167
MCI,2023-08-30 16:53,9.00,3000.00,KMCI 301653Z 07007KT 9SM FEW030 26/16 A3007 RMK AO2 SLP174 T02610161
MCI,2023-08-30 17:53,9.00,4000.00,KMCI 301753Z 11007G14KT 9SM FEW040 27/15 A3007 RMK AO2 SLP172 T02720150 10278 20172 58003
MCI,2023-08-30 18:53,9.00,4000.00,KMCI 301853Z 06010G19KT 9SM FEW040 28/15 A3005 RMK AO2 SLP165 T02830150
MCI,2023-08-30 19:53,9.00,M,KMCI 301953Z 05010G15KT 9SM CLR 29/16 A3003 RMK AO2 SLP159 T02890156
MCI,2023-08-30 20:53,10.00,4500.00,KMCI 302053Z 05010G15KT 020V080 10SM FEW045 29/14 A3001 RMK AO2 SLP154 T02890144 56017
MCI,2023-08-30 21:53,10.00,4500.00,KMCI 302153Z 08006KT 10SM FEW045 28/14 A3000 RMK AO2 SLP150 T02780144
MCI,2023-08-30 22:53,10.00,M,KMCI 302253Z 09009KT 10SM CLR 27/13 A2999 RMK AO2 SLP148 T02720133
MCI,2023-08-30 23:53,9.00,M,KMCI 302353Z 06009KT 9SM CLR 26/13 A2999 RMK AO2 SLP147 T02610133 10289 20261 56008
MCI,2023-08-31 00:53,8.00,M,KMCI 310053Z 06008KT 8SM CLR 24/14 A2999 RMK AO2 SLP148 T02440144
MCI,2023-08-31 01:53,9.00,M,KMCI 310153Z 08007KT 9SM CLR 23/15 A3001 RMK AO2 SLP152 T02330150
MCI,2023-08-31 02:53,9.00,M,KMCI 310253Z 10007KT 9SM CLR 22/15 A3001 RMK AO2 SLP153 T02220150 52007
MCI,2023-08-31 03:53,10.00,M,KMCI 310353Z 11008KT 10SM CLR 22/15 A3002 RMK AO2 SLP155 T02220150
MCI,2023-08-31 04:53,10.00,M,KMCI 310453Z 12008KT 10SM CLR 21/15 A3001 RMK AO2 SLP154 T02110150
MCI,2023-08-31 05:53,10.00,M,KMCI 310553Z 12008KT 10SM CLR 20/15 A3001 RMK AO2 SLP152 T02000150 10261 20200 402890167 58001
MCI,2023-08-31 06:53,10.00,M,KMCI 310653Z 12007KT 10SM CLR 19/15 A3001 RMK AO2 SLP153 T01940150
MCI,2023-08-31 07:53,10.00,M,KMCI 310753Z 12007KT 10SM CLR 19/15 A3000 RMK AO2 SLP151 T01890150
MCI,2023-08-31 08:53,10.00,M,KMCI 310853Z 12006KT 10SM CLR 18/14 A3001 RMK AO2 SLP153 T01780144 53001
MCI,2023-08-31 09:53,10.00,M,KMCI 310953Z 11008KT 10SM CLR 17/14 A3002 RMK AO2 SLP157 T01720144
MCI,2023-08-31 10:53,10.00,M,KMCI 311053Z 12007KT 10SM CLR 17/14 A3004 RMK AO2 SLP164 T01670144
MCI,2023-08-31 11:53,10.00,M,KMCI 311153Z 12005KT 10SM CLR 16/14 A3005 RMK AO2 SLP167 T01610144 10200 20156 51012
MCI,2023-08-31 12:53,8.00,M,KMCI 311253Z 12008KT 8SM CLR 17/15 A3006 RMK AO2 SLP172 T01670150
MCI,2023-08-31 13:53,9.00,25000.00,KMCI 311353Z 14008KT 9SM FEW250 19/16 A3007 RMK AO2 SLP174 T01890156
MCI,2023-08-31 14:53,10.00,25000.00,KMCI 311453Z 16008KT 10SM FEW250 22/16 A3008 RMK AO2 SLP177 T02170156 51010
MCI,2023-08-31 15:53,9.00,25000.00,KMCI 311553Z 15010KT 9SM FEW250 23/15 A3007 RMK AO2 SLP174 T02280150
MCI,2023-08-31 16:53,10.00,4000.00,KMCI 311653Z 15006KT 10SM FEW040 FEW250 24/15 A3007 RMK AO2 SLP172 T02440150
MCI,2023-08-31 17:53,10.00,4000.00,KMCI 311753Z 16007KT 10SM FEW040 FEW250 26/15 A3005 RMK AO2 SLP167 T02560150 10256 20156 58009
MCI,2023-08-31 18:53,10.00,25000.00,KMCI 311853Z 12006KT 10SM FEW250 27/14 A3003 RMK AO2 SLP161 T02670144
MCI,2023-08-31 19:53,10.00,M,KMCI 311953Z 14007KT 10SM CLR 28/15 A3002 RMK AO2 SLP155 T02780150
MCI,2023-08-31 20:53,10.00,M,KMCI 312053Z 12008KT 10SM CLR 28/14 A3000 RMK AO2 SLP149 T02780144 57017
MCI,2023-08-31 21:53,10.00,M,KMCI 312153Z 12009G14KT 10SM CLR 28/14 A2999 RMK AO2 SLP146 T02780139
MCI,2023-08-31 22:53,10.00,M,KMCI 312253Z 09010KT 10SM CLR 27/14 A2999 RMK AO2 SLP147 T02720139
MCI,2023-08-31 23:53,10.00,M,KMCI 312353Z 09011KT 10SM CLR 26/13 A2999 RMK AO2 SLP147 T02610133 10283 20256 56004
