station,valid,vsby,skyl1,metar
MDW,2023-05-31 00:53,10.00,9500.00,KMDW 310053Z 08009KT 10SM FEW095 FEW180 SCT250 25/09 A2993 RMK AO2 SLP127 T02500089
MDW,2023-05-31 01:53,10.00,6500.00,KMDW 310153Z 09006KT 10SM FEW065 FEW100 SCT180 SCT250 23/09 A2994 RMK AO2 SLP130 CB DSNT SE T02330089
MDW,2023-05-31 02:53,10.00,10000.00,KMDW 310253Z 14004KT 10SM SCT100 SCT230 22/09 A2997 RMK AO2 SLP139 T02170089 53014
MDW,2023-05-31 03:53,10.00,11000.00,KMDW 310353Z 09004KT 10SM BKN110 22/09 A2997 RMK AO2 SLP139 T02220089
MDW,2023-05-31 04:53,10.00,10000.00,KMDW 310453Z 07003KT 10SM FEW100 OVC140 22/10 A2997 RMK AO2 SLP138 T02220100
MDW,2023-05-31 05:53,10.00,11000.00,KMDW 310553Z COR 11003KT 10SM FEW110 BKN140 22/11 A2995 RMK AO2 SLP132 T02220111 10261 20217 403170167 58005
MDW,2023-05-31 06:53,10.00,11000.00,KMDW 310653Z 12004KT 10SM FEW110 BKN140 21/12 A2994 RMK AO2 SLP129 T02110117
MDW,2023-05-31 07:53,10.00,M,KMDW 310753Z 13004KT 10SM CLR 21/12 A2994 RMK AO2 SLP129 T02110122
MDW,2023-05-31 08:53,10.00,M,KMDW 310853Z 18005KT 10SM CLR 23/14 A2996 RMK AO2 SLP134 T02280144 53003
MDW,2023-05-31 09:53,10.00,15000.00,KMDW 310953Z 17004KT 10SM FEW150 23/15 A2998 RMK AO2 SLP139 T02280150
MDW,2023-05-31 10:53,10.00,15000.00,KMDW 311053Z 00000KT 10SM FEW150 22/16 A3000 RMK AO2 SLP148 T02220156
MDW,2023-05-31 11:53,10.00,15000.00,KMDW 311153Z VRB06KT 10SM SCT150 SCT250 23/16 A3001 RMK AO2 SLP152 T02330161 10239 20211 51015
MDW,2023-05-31 12:53,10.00,15000.00,KMDW 311253Z 18007KT 150V230 10SM BKN150 BKN250 25/16 A3001 RMK AO2 SLP152 T02500161
MDW,2023-05-31 13:53,10.00,15000.00,KMDW 311353Z 18010KT 10SM BKN150 BKN250 26/16 A3001 RMK AO2 SLP152 T02610161
MDW,2023-05-31 14:53,10.00,15000.00,KMDW 311453Z 20008KT 10SM FEW150 FEW250 29/17 A3001 RMK AO2 SLP152 T02890167 53001
MDW,2023-05-31 15:53,10.00,5000.00,KMDW 311553Z 16008KT 10SM FEW050 FEW150 FEW250 30/16 A3001 RMK AO2 SLP152 T03000161
MDW,2023-05-31 16:53,10.00,5500.00,KMDW 311653Z 20008KT 10SM FEW055 SCT110 BKN150 BKN250 31/15 A3001 RMK AO2 SLP149 T03110150
MDW,2023-05-31 17:53,10.00,6500.00,KMDW 311753Z 22008KT 10SM SCT065 SCT100 BKN150 BKN250 32/15 A2999 RMK AO2 SLP144 T03220150 10322 20233 58007
MDW,2023-05-31 18:53,10.00,7000.00,KMDW 311853Z 20012KT 10SM SCT070 BKN100 BKN120 BKN250 33/15 A2997 RMK AO2 LTG DSNT SW AND W SLP136 CB DSNT N AND S-SW T03280150
MDW,2023-05-31 19:53,10.00,6500.00,KMDW 311953Z 14010KT 10SM TS FEW065CB SCT090 BKN120 BKN250 31/14 A2996 RMK AO2 LTG DSNT ALQDS TSB00 SLP136 FRQ LTGICCG VC NW-N TS VC NW-N MOV N T03110139
MDW,2023-05-31 20:53,10.00,8000.00,KMDW 312053Z 07009KT 10SM FEW080 BKN150 BKN250 30/16 A2997 RMK AO2 TSE1957 SLP137 CB DSNT SE-S-NW T03000156 55006
MDW,2023-05-31 21:53,10.00,6000.00,KMDW 312153Z 23011KT 10SM TS SCT060CB BKN095 BKN120 BKN250 29/16 A2998 RMK AO2 TSB49 SLP143 FRQ LTGICCG VC NW TS VC NW MOV N T02940156
MDW,2023-05-31 22:53,10.00,200.00,KMDW 312253Z 26007KT 10SM FEW002 FEW060 SCT095 BKN140 BKN250 28/15 A2998 RMK AO2 TSE22 SLP141 FU FEW002 CB DSNT E-SW T02780150
MDW,2023-05-31 23:53,10.00,6000.00,KMDW 312353Z 25003KT 10SM FEW060 SCT080 BKN140 BKN250 27/15 A2996 RMK AO2 SLP136 CB DSNT E-S T02720150 10328 20272 58006
MDW,2023-06-01 00:53,10.00,6000.00,KMDW 010053Z 14004KT 10SM FEW060 SCT160 BKN250 28/14 A2997 RMK AO2 SLP138 CB DSNT E-S T02780139
MDW,2023-06-01 01:53,10.00,15000.00,KMDW 010153Z COR 10005KT 10SM SCT150 BKN250 27/14 A2998 RMK AO2 SLP139 T02720144
MDW,2023-06-01 03:53,10.00,25000.00,KMDW 010353Z COR 13004KT 10SM FEW250 25/16 A2999 RMK AO2 SLP145 T02500161
MDW,2023-06-01 04:53,10.00,25000.00,KMDW 010453Z 13004KT 10SM FEW250 24/16 A3000 RMK AO2 SLP148 T02390156
MDW,2023-06-01 05:53,10.00,M,KMDW 010553Z 16004KT 10SM CLR 23/16 A3000 RMK AO2 SLP147 T02330156 10283 20233 403280211 56001
MDW,2023-06-01 06:53,10.00,10000.00,KMDW 010653Z 22003KT 10SM FEW100 23/16 A3001 RMK AO2 SLP149 T02280156
MDW,2023-06-01 07:53,10.00,10000.00,KMDW 010753Z 00000KT 10SM FEW100 22/16 A3001 RMK AO2 SLP150 T02220156
MDW,2023-06-01 08:53,10.00,M,KMDW 010853Z 14003KT 10SM CLR 22/15 A3001 RMK AO2 SLP153 T02170150 51005
MDW,2023-06-01 09:53,10.00,14000.00,KMDW 010953Z 12003KT 10SM SCT140 21/16 A3003 RMK AO2 SLP158 T02110156
MDW,2023-06-01 10:53,10.00,15000.00,KMDW 011053Z 12005KT 10SM SCT150 SCT250 21/16 A3005 RMK AO2 SLP165 T02110156
MDW,2023-06-01 11:53,10.00,15000.00,KMDW 011153Z 17005KT 10SM BKN150 BKN250 22/16 A3006 RMK AO2 SLP170 T02220161 10233 20206 53016
MDW,2023-06-01 12:53,10.00,15000.00,KMDW 011253Z 17005KT 10SM BKN150 BKN250 24/16 A3007 RMK AO2 SLP171 T02440161
MDW,2023-06-01 13:53,10.00,12000.00,KMDW 011353Z 17004KT 10SM FEW120 BKN150 BKN250 26/16 A3008 RMK AO2 SLP173 T02560161
MDW,2023-06-01 14:53,10.00,15000.00,KMDW 011453Z 21004KT 10SM FEW150 FEW250 27/17 A3007 RMK AO2 SLP171 T02720167 50002
MDW,2023-06-01 15:53,10.00,15000.00,KMDW 011553Z VRB03KT 10SM FEW150 SCT250 29/16 A3007 RMK AO2 SLP172 T02940161
MDW,2023-06-01 16:53,10.00,6000.00,KMDW 011653Z 15005KT 10SM FEW060 SCT250 31/16 A3006 RMK AO2 SLP169 T03060156
MDW,2023-06-01 17:53,10.00,6000.00,KMDW 011753Z 10010KT 10SM SCT060 BKN100 BKN250 32/17 A3005 RMK AO2 SLP164 T03170167 10317 20228 58007
MDW,2023-06-01 18:53,10.00,7000.00,KMDW 011853Z 15006KT 10SM FEW070 SCT110 BKN250 32/16 A3003 RMK AO2 SLP156 T03220161
MDW,2023-06-01 19:53,10.00,7000.00,KMDW 011953Z 11010G17KT 10SM SCT070TCU BKN110 BKN250 31/16 A3001 RMK AO2 LTG DSNT SW SLP152 TCU OHD CB DSNT E-SW T03110156
MDW,2023-06-01 20:53,10.00,7000.00,KMDW 012053Z 09014G19KT 10SM TS SCT070CB BKN100 BKN250 29/17 A3001 RMK AO2 TSB22 SLP152 FRQ LTGICCG OHD TS OHD MOV N T02890167 56013
MDW,2023-06-01 21:53,10.00,6500.00,KMDW 012153Z 29007KT 10SM TS SCT065CB BKN100 BKN250 28/17 A3004 RMK AO2 SLP161 FRQ LTGICCCCACG OHD TS OHD MOV W T02780167
MDW,2023-06-01 22:53,10.00,7000.00,KMDW 012253Z 23008KT 10SM TS SCT070CB BKN100 BKN250 28/17 A3003 RMK AO2 TSE13B28 SLP160 FRQ LTGICCG VC S TS VC S MOV W T02830167
MDW,2023-06-01 23:53,10.00,7000.00,KMDW 012353Z 31003KT 10SM FEW070 FEW100 SCT150 BKN250 28/17 A3002 RMK AO2 TSE09 SLP155 T02830167 10328 20267 50002
MDW,2023-06-02 00:53,10.00,10000.00,KMDW 020053Z 00000KT 10SM FEW100 FEW150 BKN250 27/17 A3003 RMK AO2 SLP160 T02670172
MDW,2023-06-02 01:53,10.00,15000.00,KMDW 020153Z 35005KT 10SM FEW150 BKN250 26/17 A3004 RMK AO2 SLP161 T02610172
MDW,2023-06-02 02:53,10.00,25000.00,KMDW 020253Z 07005KT 10SM SCT250 26/16 A3006 RMK AO2 SLP166 T02560161 53012
MDW,2023-06-02 03:53,10.00,25000.00,KMDW 020353Z 05003KT 10SM FEW250 24/16 A3007 RMK AO2 SLP171 T02440161
MDW,2023-06-02 04:53,10.00,9000.00,KMDW 020453Z COR 08005KT 10SM FEW090 FEW250 24/15 A3007 RMK AO2 SLP169 T02440150
MDW,2023-06-02 05:53,10.00,25000.00,KMDW 020553Z 07005KT 10SM FEW250 23/14 A3006 RMK AO2 SLP168 T02330144 10283 20233 403280206 50002
MDW,2023-06-02 06:53,10.00,25000.00,KMDW 020653Z 07006KT 10SM FEW250 22/16 A3006 RMK AO2 SLP169 T02220156
MDW,2023-06-02 07:53,10.00,25000.00,KMDW 020753Z 07004KT 10SM FEW250 22/16 A3006 RMK AO2 SLP166 T02170156
MDW,2023-06-02 08:53,10.00,M,KMDW 020853Z 08006KT 10SM CLR 22/15 A3005 RMK AO2 SLP167 T02170150 58002
MDW,2023-06-02 09:53,10.00,9000.00,KMDW 020953Z 05004KT 10SM FEW090 FEW250 21/14 A3006 RMK AO2 SLP169 T02060144
MDW,2023-06-02 10:53,10.00,9000.00,KMDW 021053Z 08003KT 10SM FEW090 SCT250 21/15 A3007 RMK AO2 SLP173 T02060150
MDW,2023-06-02 11:53,10.00,9000.00,KMDW 021153Z 09005KT 10SM FEW090 SCT250 22/15 A3007 RMK AO2 SLP174 T02170150 10228 20206 51006
MDW,2023-06-02 12:53,10.00,9000.00,KMDW 021253Z VRB03KT 10SM FEW090 SCT250 24/14 A3008 RMK AO2 SLP175 T02390144
MDW,2023-06-02 13:53,10.00,25000.00,KMDW 021353Z 09005KT 10SM SCT250 27/13 A3008 RMK AO2 SLP176 T02670128
MDW,2023-06-02 14:53,10.00,6500.00,KMDW 021453Z 07006KT 10SM FEW065 SCT250 28/12 A3008 RMK AO2 SLP174 T02830117 50001
MDW,2023-06-02 15:53,10.00,8000.00,KMDW 021553Z 13006KT 10SM FEW080 SCT250 31/11 A3007 RMK AO2 SLP171 T03110106
MDW,2023-06-02 16:53,10.00,9000.00,KMDW 021653Z 08006KT 10SM BKN090 BKN250 31/10 A3007 RMK AO2 SLP170 T03110100
MDW,2023-06-02 17:53,10.00,9000.00,KMDW 021753Z 12009KT 10SM FEW090 SCT250 32/07 A3005 RMK AO2 SLP165 T03220067 10328 20217 58008
MDW,2023-06-02 18:53,10.00,9000.00,KMDW 021853Z 09008KT 10SM FEW090 SCT250 32/08 A3005 RMK AO2 SLP163 T03220083
MDW,2023-06-02 19:53,10.00,25000.00,KMDW 021953Z 05011KT 10SM BKN250 32/07 A3003 RMK AO2 SLP156 T03170072
MDW,2023-06-02 20:53,10.00,25000.00,KMDW 022053Z 08009KT 10SM BKN250 32/08 A3000 RMK AO2 SLP149 T03170078 58017
MDW,2023-06-02 21:53,10.00,25000.00,KMDW 022153Z 03009KT 10SM BKN250 32/08 A2999 RMK AO2 SLP146 T03170083
MDW,2023-06-02 22:53,10.00,25000.00,KMDW 022253Z 04011KT 10SM BKN250 31/08 A2999 RMK AO2 SLP144 T03060083
MDW,2023-06-02 23:53,10.00,25000.00,KMDW 022353Z 04010KT 10SM BKN250 29/08 A2999 RMK AO2 SLP143 T02940078 10322 20294 56006
MDW,2023-06-03 00:53,10.00,25000.00,KMDW 030053Z 03012KT 10SM BKN250 28/08 A2999 RMK AO2 SLP145 T02780078
MDW,2023-06-03 01:53,10.00,25000.00,KMDW 030153Z 05008KT 10SM BKN250 26/08 A3000 RMK AO2 SLP150 T02560083
MDW,2023-06-03 02:53,10.00,25000.00,KMDW 030253Z 03005KT 10SM BKN250 24/09 A3002 RMK AO2 SLP156 T02390094 53012
MDW,2023-06-03 03:53,10.00,25000.00,KMDW 030353Z 07007KT 10SM BKN250 24/11 A3003 RMK AO2 SLP157 T02390111
MDW,2023-06-03 04:53,10.00,25000.00,KMDW 030453Z 05007KT 10SM FEW250 23/08 A3002 RMK AO2 SLP155 T02330083
MDW,2023-06-03 05:53,10.00,25000.00,KMDW 030553Z 36004KT 10SM FEW250 22/12 A3002 RMK AO2 SLP153 T02220117 10294 20222 403280206 58001
MDW,2023-06-03 06:53,10.00,25000.00,KMDW 030653Z 03006KT 10SM FEW250 22/13 A3001 RMK AO2 SLP149 T02170133
MDW,2023-06-03 07:53,10.00,25000.00,KMDW 030753Z 35006KT 10SM BKN250 21/13 A3000 RMK AO2 SLP148 T02110133
MDW,2023-06-03 08:53,10.00,25000.00,KMDW 030853Z 35005KT 10SM FEW250 21/13 A3000 RMK AO2 SLP148 T02060133 56006
MDW,2023-06-03 09:53,10.00,20000.00,KMDW 030953Z 35004KT 10SM FEW200 FEW250 20/13 A3001 RMK AO2 SLP151 T02000133
MDW,2023-06-03 10:53,10.00,20000.00,KMDW 031053Z 35005KT 10SM FEW200 FEW250 20/14 A3002 RMK AO2 SLP156 T02000139
MDW,2023-06-03 11:53,10.00,20000.00,KMDW 031153Z 01006KT 10SM FEW200 FEW250 22/14 A3003 RMK AO2 SLP158 T02170144 10222 20200 51010
MDW,2023-06-03 12:53,10.00,M,KMDW 031253Z 00000KT 10SM CLR 23/14 A3004 RMK AO2 SLP162 T02330144
MDW,2023-06-03 13:53,10.00,20000.00,KMDW 031353Z 02003KT 10SM FEW200 26/14 A3004 RMK AO2 SLP163 T02610139
MDW,2023-06-03 14:53,10.00,20000.00,KMDW 031453Z 02004KT 10SM FEW200 29/14 A3004 RMK AO2 SLP161 T02890139 50004
MDW,2023-06-03 15:53,10.00,20000.00,KMDW 031553Z 00000KT 10SM FEW200 FEW250 29/13 A3004 RMK AO2 SLP160 T02940128
MDW,2023-06-03 16:53,10.00,20000.00,KMDW 031653Z 07010G15KT 10SM FEW200 FEW250 31/12 A3004 RMK AO2 SLP159 T03060117
MDW,2023-06-03 17:53,10.00,7000.00,KMDW 031753Z 07011G16KT 10SM FEW070 FEW200 BKN250 31/09 A3003 RMK AO2 SLP156 T03110094 10311 20217 58005
MDW,2023-06-03 18:53,10.00,7000.00,KMDW 031853Z 06015KT 10SM FEW070 FEW200 BKN250 31/08 A3003 RMK AO2 SLP157 T03110078
MDW,2023-06-03 19:53,10.00,7000.00,KMDW 031953Z 05013KT 10SM FEW070 BKN250 31/07 A3002 RMK AO2 SLP153 T03110072
MDW,2023-06-03 20:53,10.00,7000.00,KMDW 032053Z 04014KT 10SM FEW070 BKN250 29/08 A3000 RMK AO2 SLP149 T02940083 58009
MDW,2023-06-03 21:53,10.00,7000.00,KMDW 032153Z 03013KT 10SM FEW070 BKN250 29/11 A3000 RMK AO2 SLP148 T02940106
MDW,2023-06-03 22:53,10.00,7000.00,KMDW 032253Z 02014KT 10SM FEW070 BKN250 27/13 A3000 RMK AO2 SLP150 T02670128
MDW,2023-06-03 23:53,10.00,7000.00,KMDW 032353Z 03014KT 10SM FEW070 BKN250 26/13 A3000 RMK AO2 SLP149 T02610133 10317 20261 58002
MDW,2023-06-04 00:53,10.00,25000.00,KMDW 040053Z 03011KT 10SM BKN250 24/14 A3000 RMK AO2 SLP150 T02440139
MDW,2023-06-04 01:53,10.00,25000.00,KMDW 040153Z 01011KT 10SM BKN250 23/13 A2999 RMK AO2 SLP147 T02330133
MDW,2023-06-04 02:53,10.00,25000.00,KMDW 040253Z 04006KT 10SM BKN250 23/14 A3001 RMK AO2 SLP151 T02280139 53004
MDW,2023-06-04 03:53,10.00,25000.00,KMDW 040353Z 02008KT 10SM BKN250 23/14 A3000 RMK AO2 SLP150 T02280139
MDW,2023-06-04 04:53,10.00,25000.00,KMDW 040453Z 03006KT 10SM SCT250 22/14 A3001 RMK AO2 SLP152 T02170144
MDW,2023-06-04 05:53,10.00,25000.00,KMDW 040553Z 02005KT 10SM FEW250 21/14 A3001 RMK AO2 SLP153 T02110139 10261 20211 403170200 53002
MDW,2023-06-04 06:53,10.00,25000.00,KMDW 040653Z 05006KT 10SM FEW250 22/13 A3001 RMK AO2 SLP150 T02170133
MDW,2023-06-04 07:53,10.00,25000.00,KMDW 040753Z 07006KT 10SM FEW250 21/14 A3001 RMK AO2 SLP153 T02110139
MDW,2023-06-04 08:53,10.00,25000.00,KMDW 040853Z 07007KT 10SM SCT250 21/14 A3001 RMK AO2 SLP154 T02060144 55000
MDW,2023-06-04 09:53,10.00,25000.00,KMDW 040953Z 07008KT 10SM SCT250 20/14 A3003 RMK AO2 SLP158 T02000144
MDW,2023-06-04 10:53,10.00,25000.00,KMDW 041053Z 08008KT 10SM FEW250 20/12 A3003 RMK AO2 SLP161 T02000117
MDW,2023-06-04 11:53,10.00,25000.00,KMDW 041153Z 09010KT 10SM SCT250 21/09 A3004 RMK AO2 SLP164 T02110089 10217 20200 51009
MDW,2023-06-04 12:53,10.00,25000.00,KMDW 041253Z 07011KT 10SM FEW250 22/09 A3006 RMK AO2 SLP170 T02170089
MDW,2023-06-04 13:53,10.00,25000.00,KMDW 041353Z 07008KT 10SM FEW250 22/09 A3007 RMK AO2 SLP176 T02170094
MDW,2023-06-04 14:53,10.00,25000.00,KMDW 041453Z 07010KT 10SM FEW250 22/09 A3008 RMK AO2 SLP177 T02220089 51013
MDW,2023-06-04 15:53,10.00,25000.00,KMDW 041553Z 07010KT 10SM FEW250 23/08 A3009 RMK AO2 SLP181 T02330078
MDW,2023-06-04 16:53,10.00,25000.00,KMDW 041653Z 06012G20KT 10SM FEW250 24/04 A3009 RMK AO2 SLP180 T02390044
MDW,2023-06-04 17:53,10.00,25000.00,KMDW 041753Z 06011KT 10SM FEW250 24/02 A3008 RMK AO2 SLP176 T02440017 10244 20211 58002
MDW,2023-06-04 18:53,10.00,25000.00,KMDW 041853Z 02009KT 10SM FEW250 24/04 A3006 RMK AO2 SLP172 T02440039
MDW,2023-06-04 19:53,10.00,25000.00,KMDW 041953Z 03010KT 10SM FEW250 24/03 A3006 RMK AO2 SLP170 T02440028
MDW,2023-06-04 20:53,10.00,25000.00,KMDW 042053Z 04010KT 10SM BKN250 24/01 A3005 RMK AO2 SLP165 FU BKN250 T02440006 58010
MDW,2023-06-04 21:53,10.00,25000.00,KMDW 042153Z 02009KT 10SM BKN250 24/02 A3003 RMK AO2 SLP162 FU BKN250 T02440022
MDW,2023-06-04 22:53,10.00,25000.00,KMDW 042253Z 05012KT 10SM BKN250 24/03 A3002 RMK AO2 SLP158 FU BKN250 T02390028
MDW,2023-06-04 23:53,10.00,25000.00,KMDW 042353Z 04012KT 10SM BKN250 23/02 A3003 RMK AO2 SLP160 FU BKN250 T02280022 10256 20228 55006
MDW,2023-06-05 00:53,10.00,25000.00,KMDW 050053Z 04007KT 10SM BKN250 21/04 A3003 RMK AO2 SLP162 FU BKN250 T02110039
MDW,2023-06-05 01:53,10.00,M,KMDW 050153Z 02005KT 10SM CLR 19/06 A3005 RMK AO2 SLP170 T01890061
MDW,2023-06-05 02:53,10.00,25000.00,KMDW 050253Z 36006KT 10SM FEW250 18/07 A3006 RMK AO2 SLP174 T01830067 53013
MDW,2023-06-05 03:53,10.00,25000.00,KMDW 050353Z 35005KT 10SM FEW250 18/07 A3006 RMK AO2 SLP174 T01780072
MDW,2023-06-05 04:53,10.00,25000.00,KMDW 050453Z 01007KT 10SM SCT250 18/08 A3006 RMK AO2 SLP174 T01780078
MDW,2023-06-05 05:53,10.00,25000.00,KMDW 050553Z 36004KT 10SM BKN250 17/08 A3005 RMK AO2 SLP170 T01720083 10228 20172 402560172 58003
MDW,2023-06-05 06:53,10.00,25000.00,KMDW 050653Z 00000KT 10SM BKN250 17/08 A3005 RMK AO2 SLP170 T01670083
MDW,2023-06-05 07:53,10.00,25000.00,KMDW 050753Z 00000KT 10SM BKN250 16/09 A3005 RMK AO2 SLP169 T01610089
MDW,2023-06-05 08:53,10.00,25000.00,KMDW 050853Z 00000KT 10SM BKN250 15/09 A3006 RMK AO2 SLP172 T01500089 53001
MDW,2023-06-05 09:53,10.00,25000.00,KMDW 050953Z 00000KT 10SM BKN250 15/09 A3006 RMK AO2 SLP174 T01500089
MDW,2023-06-05 10:53,9.00,25000.00,KMDW 051053Z 00000KT 9SM BKN250 14/09 A3007 RMK AO2 SLP177 T01440094
MDW,2023-06-05 11:53,10.00,25000.00,KMDW 051153Z 34003KT 10SM BKN250 17/11 A3008 RMK AO2 SLP181 T01670111 10172 20144 53009
MDW,2023-06-05 12:53,9.00,25000.00,KMDW 051253Z 33003KT 9SM BKN250 19/11 A3009 RMK AO2 SLP185 T01890106
MDW,2023-06-05 13:53,10.00,25000.00,KMDW 051353Z 27004KT 10SM BKN250 21/07 A3009 RMK AO2 SLP184 T02110067
MDW,2023-06-05 14:53,10.00,16000.00,KMDW 051453Z 32003KT 10SM FEW160 SCT200 BKN250 22/07 A3009 RMK AO2 SLP183 T02220067 51002
MDW,2023-06-05 15:53,10.00,17000.00,KMDW 051553Z 00000KT 10SM SCT170 BKN200 BKN250 24/04 A3008 RMK AO2 SLP180 T02390039
MDW,2023-06-05 16:53,10.00,16000.00,KMDW 051653Z 29003KT 10SM FEW160 SCT200 SCT250 26/05 A3007 RMK AO2 SLP174 T02610050
MDW,2023-06-05 17:53,10.00,16000.00,KMDW 051753Z 02004KT 10SM FEW160 FEW250 28/04 A3005 RMK AO2 SLP168 T02830039 10283 20167 58013
MDW,2023-06-05 18:53,10.00,16000.00,KMDW 051853Z 05009G16KT 10SM FEW160 FEW250 29/05 A3004 RMK AO2 SLP164 T02890050
MDW,2023-06-05 19:53,10.00,16000.00,KMDW 051953Z 07011KT 10SM FEW160 FEW250 28/06 A3003 RMK AO2 SLP163 T02830056
MDW,2023-06-05 20:53,10.00,M,KMDW 052053Z 03009KT 10SM CLR 28/05 A3003 RMK AO2 SLP162 T02830050 56006
MDW,2023-06-05 21:53,10.00,M,KMDW 052153Z 08009KT 10SM CLR 27/05 A3002 RMK AO2 SLP160 T02670050
MDW,2023-06-05 22:53,10.00,M,KMDW 052253Z 08007KT 10SM CLR 26/04 A3002 RMK AO2 SLP157 T02610044
MDW,2023-06-05 23:53,10.00,M,KMDW 052353Z 09004KT 10SM CLR 26/04 A3001 RMK AO2 SLP156 T02560039 10294 20250 56007
MDW,2023-06-06 00:53,10.00,25000.00,KMDW 060053Z 09004KT 10SM FEW250 24/04 A3000 RMK AO2 SLP152 T02440044
MDW,2023-06-06 01:53,10.00,500.00,KMDW 060153Z 10004KT 10SM FEW005 SCT250 23/04 A3000 RMK AO2 SLP151 FU FEW005 T02330044
MDW,2023-06-06 02:53,10.00,25000.00,KMDW 060253Z 00000KT 10SM SCT250 22/05 A3001 RMK AO2 SLP154 T02170050 55001
MDW,2023-06-06 03:53,10.00,25000.00,KMDW 060353Z 00000KT 10SM BKN250 21/05 A3002 RMK AO2 SLP156 T02110050
MDW,2023-06-06 04:53,10.00,25000.00,KMDW 060453Z 00000KT 10SM BKN250 21/06 A3002 RMK AO2 SLP155 T02060056
MDW,2023-06-06 05:53,10.00,25000.00,KMDW 060553Z 00000KT 10SM BKN250 20/07 A3001 RMK AO2 SLP152 T02000067 10250 20194 402940144 50000
MDW,2023-06-06 06:53,10.00,10000.00,KMDW 060653Z COR 35005KT 10SM SCT100 BKN250 21/07 A3001 RMK AO2 SLP152 T02060072
MDW,2023-06-06 07:53,10.00,8500.00,KMDW 060753Z 00000KT 10SM SCT085 BKN100 OVC250 20/08 A3000 RMK AO2 SLP150 T02000078
MDW,2023-06-06 08:53,10.00,8000.00,KMDW 060853Z 00000KT 10SM FEW080 OVC250 19/08 A3000 RMK AO2 SLP151 T01890078 58002
MDW,2023-06-06 09:53,10.00,8000.00,KMDW 060953Z 30003KT 10SM FEW080 BKN250 18/08 A2999 RMK AO2 SLP147 T01830078
MDW,2023-06-06 10:53,9.00,11000.00,KMDW 061053Z 31003KT 9SM SCT110 BKN250 18/09 A2999 RMK AO2 SLP148 T01830089
MDW,2023-06-06 11:53,8.00,11000.00,KMDW 061153Z 36004KT 8SM FEW110 BKN250 21/09 A2999 RMK AO2 SLP146 T02060089 10206 20172 56005
MDW,2023-06-06 12:53,8.00,11000.00,KMDW 061253Z 03005KT 8SM FEW110 BKN250 22/11 A2998 RMK AO2 SLP144 T02220111
MDW,2023-06-06 13:53,8.00,11000.00,KMDW 061353Z 03005KT 8SM FEW110 BKN250 23/12 A2998 RMK AO2 SLP143 T02330117
MDW,2023-06-06 14:53,8.00,11000.00,KMDW 061453Z 04005KT 8SM FEW110 FEW190 BKN250 25/12 A2997 RMK AO2 SLP139 T02500117 58007
MDW,2023-06-06 15:53,7.00,8500.00,KMDW 061553Z 04005KT 7SM BKN085 BKN200 BKN250 26/12 A2995 RMK AO2 SLP134 T02610117
MDW,2023-06-06 16:53,7.00,9000.00,KMDW 061653Z 04014KT 7SM BKN090 BKN200 OVC250 23/14 A2996 RMK AO2 SLP138 T02330139
MDW,2023-06-06 17:53,8.00,8000.00,KMDW 061753Z 01011KT 8SM BKN080 BKN120 BKN200 OVC250 21/13 A2997 RMK AO2 SLP141 T02110128 10267 20206 55000
MDW,2023-06-06 18:53,9.00,3400.00,KMDW 061853Z 09008KT 9SM FEW034 OVC075 21/14 A2993 RMK AO2 RAB33E52 SLP129 P0002 T02060144
MDW,2023-06-06 19:53,9.00,7500.00,KMDW 061953Z 01009KT 9SM FEW075 SCT120 OVC150 21/16 A2994 RMK AO2 SLP131 T02110161
MDW,2023-06-06 20:53,9.00,7000.00,KMDW 062053Z 03007KT 9SM FEW070 FEW120 BKN150 24/14 A2992 RMK AO2 SLP123 60002 T02390139 56016
MDW,2023-06-06 21:53,9.00,7000.00,KMDW 062153Z 02011G18KT 9SM FEW070 FEW120 BKN150 23/14 A2991 RMK AO2 SLP123 T02280144
MDW,2023-06-06 22:53,10.00,12000.00,KMDW 062253Z 04012KT 10SM FEW120 BKN150 OVC250 21/12 A2991 RMK AO2 SLP121 T02110122
MDW,2023-06-06 23:53,10.00,14000.00,KMDW 062353Z 02012KT 10SM BKN140 OVC250 20/09 A2990 RMK AO2 SLP119 60002 T02000094 10250 20200 56005
MDW,2023-06-07 00:53,10.00,10000.00,KMDW 070053Z 02010KT 10SM FEW100 BKN140 OVC240 18/09 A2991 RMK AO2 SLP122 T01780089
MDW,2023-06-07 01:53,10.00,10000.00,KMDW 070153Z 03008KT 10SM FEW100 BKN130 OVC240 17/08 A2991 RMK AO2 SLP123 T01720083
MDW,2023-06-07 02:53,10.00,8000.00,KMDW 070253Z 36010KT 10SM FEW080 OVC200 17/07 A2992 RMK AO2 SLP124 T01720067 52005
MDW,2023-06-07 03:53,10.00,16000.00,KMDW 070353Z 01009KT 10SM OVC160 17/06 A2992 RMK AO2 SLP123 T01670056
MDW,2023-06-07 04:53,10.00,11000.00,KMDW 070453Z 36008KT 10SM FEW110 OVC160 17/06 A2991 RMK AO2 SLP121 T01670061
MDW,2023-06-07 05:53,10.00,10000.00,KMDW 070553Z 02009KT 10SM BKN100 OVC140 17/08 A2989 RMK AO2 SLP118 T01670083 10194 20167 402670167 58008
MDW,2023-06-07 06:53,10.00,10000.00,KMDW 070653Z 03006KT 10SM SCT100 OVC150 16/09 A2989 RMK AO2 SLP115 T01610094
MDW,2023-06-07 07:53,10.00,9500.00,KMDW 070753Z 04006KT 10SM BKN095 OVC180 16/11 A2989 RMK AO2 SLP117 T01610106
MDW,2023-06-07 08:53,10.00,10000.00,KMDW 070853Z 35006KT 10SM BKN100 OVC250 16/11 A2989 RMK AO2 SLP115 T01610111 56002
MDW,2023-06-07 09:53,10.00,10000.00,KMDW 070953Z 36006KT 10SM FEW100 BKN190 OVC250 16/11 A2990 RMK AO2 SLP118 T01560111
MDW,2023-06-07 10:53,10.00,10000.00,KMDW 071053Z 36005KT 10SM FEW100 BKN190 OVC250 16/12 A2990 RMK AO2 SLP120 T01560117
MDW,2023-06-07 11:53,10.00,10000.00,KMDW 071153Z 01005KT 10SM FEW100 BKN190 OVC250 17/12 A2990 RMK AO2 SLP120 70002 T01670117 10172 20156 51004
MDW,2023-06-07 12:53,10.00,10000.00,KMDW 071253Z 02006KT 10SM FEW100 SCT180 BKN250 18/12 A2991 RMK AO2 SLP123 T01830117
MDW,2023-06-07 13:53,10.00,15000.00,KMDW 071353Z 09007KT 10SM FEW150 21/07 A2991 RMK AO2 SLP125 T02060067
MDW,2023-06-07 14:53,8.00,M,KMDW 071453Z 07008KT 8SM CLR 21/06 A2991 RMK AO2 SLP124 T02060056 50003
MDW,2023-06-07 15:53,7.00,M,KMDW 071553Z 04007KT 010V080 7SM CLR 22/07 A2990 RMK AO2 SLP120 T02170067
MDW,2023-06-07 16:53,7.00,M,KMDW 071653Z 11007KT 7SM CLR 23/02 A2990 RMK AO2 SLP119 T02280022
MDW,2023-06-07 17:53,7.00,20000.00,KMDW 071753Z 06010KT 7SM FEW200 23/04 A2989 RMK AO2 SLP117 T02330039 10239 20167 56006
MDW,2023-06-07 18:53,7.00,20000.00,KMDW 071853Z 05008KT 7SM FEW200 23/02 A2988 RMK AO2 SLP113 T02330022
MDW,2023-06-07 19:53,9.00,M,KMDW 071953Z 04011G17KT 9SM CLR 23/06 A2988 RMK AO2 SLP111 T02330056
MDW,2023-06-07 20:53,9.00,M,KMDW 072053Z 04010G19KT 9SM CLR 23/06 A2986 RMK AO2 SLP107 T02330061 58010
MDW,2023-06-07 21:53,10.00,M,KMDW 072153Z 03014KT 10SM CLR 22/07 A2986 RMK AO2 SLP106 T02170067
MDW,2023-06-07 22:53,10.00,M,KMDW 072253Z 03016KT 10SM CLR 20/03 A2986 RMK AO2 SLP109 T02000028
MDW,2023-06-07 23:53,10.00,M,KMDW 072353Z 02016KT 10SM CLR 18/04 A2987 RMK AO2 SLP112 T01830039 10239 20183 53003
MDW,2023-06-08 00:53,10.00,M,KMDW 080053Z 02014KT 10SM CLR 18/01 A2988 RMK AO2 SLP112 T01780011
MDW,2023-06-08 01:53,10.00,M,KMDW 080153Z 36012KT 10SM CLR 17/00 A2988 RMK AO2 SLP113 T01720000
MDW,2023-06-08 02:53,10.00,M,KMDW 080253Z 01009KT 10SM CLR 16/03 A2989 RMK AO2 SLP116 T01560028 53004
MDW,2023-06-08 03:53,10.00,M,KMDW 080353Z 36008KT 10SM CLR 16/04 A2988 RMK AO2 SLP114 T01560044
MDW,2023-06-08 04:53,10.00,M,KMDW 080453Z 35005KT 10SM CLR 15/05 A2988 RMK AO2 SLP114 T01500050
MDW,2023-06-08 05:53,10.00,M,KMDW 080553Z 01005KT 10SM CLR 15/07 A2988 RMK AO2 SLP111 T01500067 10183 20150 402390150 56004
MDW,2023-06-08 06:53,10.00,M,KMDW 080653Z 36008KT 10SM CLR 15/07 A2986 RMK AO2 SLP107 T01500072
MDW,2023-06-08 07:53,10.00,M,KMDW 080753Z 36007KT 10SM CLR 15/08 A2986 RMK AO2 SLP107 T01500083
MDW,2023-06-08 08:53,10.00,M,KMDW 080853Z 36007KT 10SM CLR 14/08 A2988 RMK AO2 SLP112 T01390083 55000
MDW,2023-06-08 09:53,10.00,M,KMDW 080953Z 36005KT 10SM CLR 13/09 A2989 RMK AO2 SLP117 T01330089
MDW,2023-06-08 10:53,10.00,M,KMDW 081053Z 01006KT 10SM CLR 14/09 A2990 RMK AO2 SLP122 T01390094
MDW,2023-06-08 11:53,10.00,M,KMDW 081153Z 01006KT 10SM CLR 16/11 A2992 RMK AO2 SLP127 T01560106 10156 20133 53013
MDW,2023-06-08 12:53,10.00,M,KMDW 081253Z 01004KT 10SM CLR 17/11 A2992 RMK AO2 SLP127 T01720106
MDW,2023-06-08 13:53,10.00,M,KMDW 081353Z 34003KT 10SM CLR 19/09 A2993 RMK AO2 SLP129 T01890094
MDW,2023-06-08 14:53,10.00,M,KMDW 081453Z 02005KT 10SM CLR 20/09 A2993 RMK AO2 SLP130 T02000089 50003
MDW,2023-06-08 15:53,10.00,6000.00,KMDW 081553Z 02007KT 10SM FEW060 22/07 A2992 RMK AO2 SLP128 T02170067
MDW,2023-06-08 16:53,10.00,7500.00,KMDW 081653Z 07010KT 10SM FEW075 22/03 A2992 RMK AO2 SLP128 T02220028
MDW,2023-06-08 17:53,10.00,8000.00,KMDW 081753Z 04012G21KT 10SM FEW080 22/03 A2992 RMK AO2 SLP127 T02220028 10228 20156 57002
MDW,2023-06-08 18:53,10.00,8000.00,KMDW 081853Z 03011G18KT 10SM FEW080 23/01 A2992 RMK AO2 SLP127 T02280011
MDW,2023-06-08 19:53,10.00,M,KMDW 081953Z 05011G19KT 10SM CLR 23/01 A2991 RMK AO2 SLP125 T02280006
MDW,2023-06-08 20:53,10.00,M,KMDW 082053Z 04013G20KT 10SM CLR 23/M02 A2990 RMK AO2 SLP121 T02331017 58006
MDW,2023-06-08 21:53,10.00,M,KMDW 082153Z 03010KT 10SM CLR 22/00 A2990 RMK AO2 SLP121 T02220000
MDW,2023-06-08 22:53,10.00,M,KMDW 082253Z 03010KT 10SM CLR 22/01 A2990 RMK AO2 SLP121 T02170011
MDW,2023-06-08 23:53,10.00,M,KMDW 082353Z 04009KT 10SM CLR 21/02 A2990 RMK AO2 SLP121 T02060017 10233 20206 55000
MDW,2023-06-09 00:53,10.00,M,KMDW 090053Z 03008KT 10SM CLR 19/02 A2991 RMK AO2 SLP123 T01940017
MDW,2023-06-09 01:53,10.00,M,KMDW 090153Z 04007KT 10SM CLR 18/03 A2992 RMK AO2 SLP125 T01780028
MDW,2023-06-09 02:53,10.00,M,KMDW 090253Z 36004KT 10SM CLR 18/03 A2992 RMK AO2 SLP126 T01830028 51005
MDW,2023-06-09 03:53,10.00,M,KMDW 090353Z 30004KT 10SM CLR 16/03 A2991 RMK AO2 SLP125 T01560033
MDW,2023-06-09 04:53,10.00,M,KMDW 090453Z 36005KT 10SM CLR 16/03 A2991 RMK AO2 SLP123 T01610033
MDW,2023-06-09 05:53,10.00,M,KMDW 090553Z 32005KT 10SM CLR 14/04 A2991 RMK AO2 SLP124 T01440039 10206 20144 402330133 56002
MDW,2023-06-09 06:53,10.00,M,KMDW 090653Z 31004KT 10SM CLR 14/03 A2992 RMK AO2 SLP126 T01390033
MDW,2023-06-09 07:53,10.00,M,KMDW 090753Z 33005KT 10SM CLR 13/04 A2991 RMK AO2 SLP125 T01330044
MDW,2023-06-09 08:53,10.00,M,KMDW 090853Z 32004KT 10SM CLR 13/04 A2992 RMK AO2 SLP127 T01280039 53003
MDW,2023-06-09 09:53,10.00,M,KMDW 090953Z 34004KT 10SM CLR 13/04 A2993 RMK AO2 SLP131 T01280039
MDW,2023-06-09 10:53,10.00,M,KMDW 091053Z 35004KT 10SM CLR 14/04 A2994 RMK AO2 SLP133 T01440044
MDW,2023-06-09 11:53,10.00,M,KMDW 091153Z 36004KT 10SM CLR 16/06 A2995 RMK AO2 SLP137 T01560056 10156 20122 53009
MDW,2023-06-09 12:53,10.00,M,KMDW 091253Z 03005KT 10SM CLR 18/08 A2996 RMK AO2 SLP139 T01830083
MDW,2023-06-09 13:53,10.00,M,KMDW 091353Z 00000KT 10SM CLR 21/08 A2997 RMK AO2 SLP141 T02060078
MDW,2023-06-09 14:53,10.00,25000.00,KMDW 091453Z 04003KT 10SM FEW250 22/07 A2995 RMK AO2 SLP137 T02170072 50001
MDW,2023-06-09 15:53,10.00,25000.00,KMDW 091553Z COR 00000KT 10SM FEW250 23/06 A2995 RMK AO2 SLP136 T02280061
MDW,2023-06-09 16:53,10.00,25000.00,KMDW 091653Z 10004KT 10SM FEW250 24/06 A2994 RMK AO2 SLP134 T02390061
MDW,2023-06-09 17:53,10.00,25000.00,KMDW 091753Z 06007KT 010V080 10SM FEW250 25/08 A2994 RMK AO2 SLP131 T02500078 10250 20156 58006
MDW,2023-06-09 18:53,10.00,25000.00,KMDW 091853Z 09010KT 10SM FEW250 25/06 A2991 RMK AO2 SLP123 T02500061
MDW,2023-06-09 19:53,10.00,25000.00,KMDW 091953Z 05011G16KT 10SM FEW250 25/04 A2990 RMK AO2 SLP119 T02500039
MDW,2023-06-09 20:53,10.00,25000.00,KMDW 092053Z 09009KT 10SM FEW250 25/04 A2989 RMK AO2 SLP116 T02500039 56016
MDW,2023-06-09 21:53,10.00,25000.00,KMDW 092153Z 11009KT 10SM SCT250 25/03 A2988 RMK AO2 SLP114 T02500033
MDW,2023-06-09 22:53,10.00,20000.00,KMDW 092253Z 10010KT 10SM FEW200 SCT250 24/03 A2987 RMK AO2 SLP108 T02440028
MDW,2023-06-09 23:53,10.00,20000.00,KMDW 092353Z 11008KT 10SM FEW200 FEW250 24/01 A2986 RMK AO2 SLP104 T02390011 10261 20239 58010
MDW,2023-06-10 00:53,10.00,25000.00,KMDW 100053Z 12007KT 10SM FEW250 23/02 A2984 RMK AO2 SLP099 T02330022
MDW,2023-06-10 01:53,10.00,25000.00,KMDW 100153Z 12006KT 10SM FEW250 22/03 A2984 RMK AO2 SLP097 T02220028
MDW,2023-06-10 02:53,10.00,M,KMDW 100253Z 00000KT 10SM CLR 22/04 A2986 RMK AO2 SLP103 T02170039 53001
MDW,2023-06-10 03:53,10.00,M,KMDW 100353Z 18005KT 10SM CLR 21/04 A2986 RMK AO2 SLP103 T02110039
MDW,2023-06-10 04:53,10.00,M,KMDW 100453Z 20006KT 10SM CLR 20/03 A2986 RMK AO2 SLP102 T02000033
MDW,2023-06-10 05:53,10.00,M,KMDW 100553Z 22007KT 10SM CLR 19/04 A2985 RMK AO2 SLP100 T01890039 10239 20189 402610122 58003
MDW,2023-06-10 06:53,10.00,M,KMDW 100653Z 22007KT 10SM CLR 19/03 A2985 RMK AO2 SLP099 T01890028
MDW,2023-06-10 07:53,10.00,M,KMDW 100753Z 22004KT 10SM CLR 19/02 A2984 RMK AO2 SLP096 T01890022
MDW,2023-06-10 08:53,10.00,M,KMDW 100853Z 22004KT 10SM CLR 18/02 A2983 RMK AO2 SLP093 T01780017 58007
MDW,2023-06-10 09:53,10.00,12000.00,KMDW 100953Z 22004KT 10SM FEW120 FEW250 17/03 A2983 RMK AO2 SLP095 T01720033
MDW,2023-06-10 10:53,10.00,12000.00,KMDW 101053Z 23005KT 10SM FEW120 FEW250 17/04 A2983 RMK AO2 SLP094 T01670044
MDW,2023-06-10 11:53,10.00,12000.00,KMDW 101153Z 21004KT 10SM FEW120 FEW250 18/06 A2984 RMK AO2 SLP096 T01830056 10189 20161 53002
MDW,2023-06-10 12:53,10.00,12000.00,KMDW 101253Z 23005KT 10SM FEW120 SCT250 21/07 A2984 RMK AO2 SLP095 T02110067
MDW,2023-06-10 13:53,10.00,12000.00,KMDW 101353Z 22005KT 10SM FEW120 SCT250 23/06 A2984 RMK AO2 SLP095 T02330061
MDW,2023-06-10 14:53,10.00,12000.00,KMDW 101453Z 26006KT 10SM FEW120 BKN250 26/07 A2983 RMK AO2 SLP094 T02560067 50000
MDW,2023-06-10 15:53,10.00,25000.00,KMDW 101553Z 22008G14KT 10SM BKN250 27/06 A2983 RMK AO2 SLP090 T02720061
MDW,2023-06-10 16:53,10.00,25000.00,KMDW 101653Z 28006KT 10SM SCT250 28/05 A2982 RMK AO2 SLP088 T02780050
MDW,2023-06-10 17:53,10.00,9000.00,KMDW 101753Z 28009G20KT 10SM FEW090 SCT250 29/06 A2980 RMK AO2 SLP083 T02890056 10289 20189 58011
MDW,2023-06-10 18:53,10.00,9000.00,KMDW 101853Z 19010G15KT 10SM FEW090 SCT250 29/06 A2979 RMK AO2 SLP080 T02890056
MDW,2023-06-10 19:53,10.00,9000.00,KMDW 101953Z VRB05KT 10SM FEW090 FEW150 SCT250 29/05 A2978 RMK AO2 SLP075 T02890050
MDW,2023-06-10 20:53,10.00,9000.00,KMDW 102053Z 22005KT 10SM FEW090 SCT150 BKN250 30/04 A2975 RMK AO2 SLP065 T03000044 58018
MDW,2023-06-10 21:53,10.00,9000.00,KMDW 102153Z 26007KT 10SM FEW090 BKN150 BKN250 29/05 A2974 RMK AO2 SLP063 T02940050
MDW,2023-06-10 22:53,10.00,16000.00,KMDW 102253Z 23009KT 10SM BKN160 BKN210 29/04 A2974 RMK AO2 SLP062 T02940044
MDW,2023-06-10 23:53,10.00,15000.00,KMDW 102353Z 25005KT 10SM BKN150 BKN210 28/04 A2974 RMK AO2 SLP063 T02780044 10306 20278 55001
MDW,2023-06-11 00:53,10.00,16000.00,KMDW 110053Z 10010KT 10SM BKN160 BKN200 26/06 A2975 RMK AO2 SLP064 T02560061
MDW,2023-06-11 01:53,10.00,15000.00,KMDW 110153Z 07005KT 10SM BKN150 BKN200 BKN250 26/06 A2975 RMK AO2 SLP064 T02560061
MDW,2023-06-11 02:53,10.00,17000.00,KMDW 110253Z 10004KT 10SM BKN170 BKN230 24/07 A2976 RMK AO2 SLP068 T02440072 53005
MDW,2023-06-11 03:53,10.00,17000.00,KMDW 110353Z 10004KT 10SM BKN170 BKN230 23/08 A2975 RMK AO2 SLP064 T02330078
MDW,2023-06-11 04:53,10.00,17000.00,KMDW 110453Z 10003KT 10SM BKN170 BKN230 23/08 A2975 RMK AO2 SLP062 T02330083
MDW,2023-06-11 05:53,10.00,10000.00,KMDW 110553Z 03015G21KT 10SM FEW100 BKN160 OVC230 19/11 A2977 RMK AO2 SLP071 T01940106 10283 20194 403060161 53003
MDW,2023-06-11 06:53,10.00,10000.00,KMDW 110653Z 02013KT 10SM FEW100 BKN130 OVC150 18/11 A2977 RMK AO2 SLP072 T01780111
MDW,2023-06-11 07:53,10.00,12000.00,KMDW 110753Z 02013KT 10SM OVC120 16/12 A2977 RMK AO2 SLP074 T01610117
MDW,2023-06-11 08:53,10.00,1000.00,KMDW 110853Z 02013KT 10SM FEW010 OVC120 16/12 A2978 RMK AO2 SLP076 T01610117 53004
MDW,2023-06-11 09:53,10.00,1000.00,KMDW 110953Z 02013KT 10SM FEW010 BKN100 OVC130 16/12 A2977 RMK AO2 SLP073 T01610117
MDW,2023-06-11 10:53,10.00,800.00,KMDW 111053Z 02012G20KT 10SM -RA FEW008 OVC110 16/12 A2978 RMK AO2 RAB40 SLP074 P0000 T01560117
MDW,2023-06-11 11:53,10.00,800.00,KMDW 111153Z 36008G20KT 10SM FEW008 SCT070 OVC095 15/12 A2980 RMK AO2 RAE14 SLP082 P0000 60000 T01500117 10194 20150 53004
MDW,2023-06-11 12:53,10.00,1000.00,KMDW 111253Z 03015KT 10SM -RA BKN010 BKN080 OVC090 14/12 A2981 RMK AO2 RAB23 SLP088 P0000 T01440122
MDW,2023-06-11 13:53,10.00,900.00,KMDW 111353Z 02015KT 10SM -RA BKN009 BKN060 OVC075 14/12 A2980 RMK AO2 SLP085 P0002 T01440122
MDW,2023-06-11 14:53,10.00,700.00,KMDW 111453Z 02014G22KT 10SM OVC007 14/13 A2979 RMK AO2 RAE53 SLP082 P0002 60004 T01440128 58002
MDW,2023-06-11 15:53,10.00,700.00,KMDW 111553Z 02013G23KT 10SM OVC007 14/12 A2979 RMK AO2 RAB07E37 SLP083 P0000 T01440122
MDW,2023-06-11 16:53,10.00,800.00,KMDW 111653Z 02012G21KT 10SM -RA OVC008 15/13 A2979 RMK AO2 RAB1556E26B45 SLP081 P0000 T01500128
MDW,2023-06-11 17:53,10.00,700.00,KMDW 111753Z 03013KT 10SM -RA OVC007 14/12 A2979 RMK AO2 RAE05B22 SLP085 P0000 60004 T01440122 10150 20139 53001
MDW,2023-06-11 18:53,10.00,600.00,KMDW 111853Z 02016G26KT 10SM OVC006 13/12 A2979 RMK AO2 PK WND 03026/1850 RAE32 SLP087 P0001 T01330117
MDW,2023-06-11 19:53,10.00,800.00,KMDW 111953Z 36019G27KT 10SM OVC008 13/11 A2980 RMK AO2 PK WND 36027/1937 SLP090 T01330106
MDW,2023-06-11 20:53,10.00,1000.00,KMDW 112053Z 36020G27KT 10SM OVC010 13/10 A2981 RMK AO2 PK WND 02029/2033 SLP092 60001 T01330100 53005
MDW,2023-06-11 21:53,10.00,1000.00,KMDW 112153Z 01020G29KT 10SM OVC010 13/09 A2982 RMK AO2 PK WND 01034/2059 SLP095 T01280094
MDW,2023-06-11 22:53,10.00,900.00,KMDW 112253Z 01022G30KT 10SM OVC009 12/09 A2983 RMK AO2 PK WND 02030/2243 SLP099 T01220089
MDW,2023-06-11 23:53,9.00,1000.00,KMDW 112353Z 36018G29KT 9SM -DZ OVC010 12/09 A2984 RMK AO2 PK WND 36030/2257 DZB32 SLP105 P0000 60001 T01170089 10144 20117 53012
MDW,2023-06-12 00:53,10.00,1600.00,KMDW 120053Z 01020G28KT 10SM OVC016 12/08 A2985 RMK AO2 PK WND 36029/0004 DZE21 SLP108 P0000 T01220083
MDW,2023-06-12 01:53,10.00,1900.00,KMDW 120153Z 01017G29KT 10SM BKN019 BKN029 OVC035 12/08 A2985 RMK AO2 PK WND 01029/0106 SLP108 T01220078
MDW,2023-06-12 02:53,10.00,1900.00,KMDW 120253Z 01014G26KT 10SM SCT019 OVC037 12/07 A2987 RMK AO2 PK WND 35027/0235 SLP113 60000 T01220072 53008
MDW,2023-06-12 03:53,10.00,1900.00,KMDW 120353Z 36015G27KT 10SM FEW019 OVC040 12/06 A2987 RMK AO2 PK WND 01029/0335 SLP115 T01220061
MDW,2023-06-12 04:53,10.00,3700.00,KMDW 120453Z 02017G27KT 10SM OVC037 13/06 A2986 RMK AO2 PK WND 36029/0355 SLP111 T01280056
MDW,2023-06-12 05:53,10.00,2900.00,KMDW 120553Z 02013G20KT 10SM FEW029 OVC041 13/06 A2986 RMK AO2 SLP109 60000 T01280056 10128 20122 401940117 58004
MDW,2023-06-12 06:53,10.00,2900.00,KMDW 120653Z 36013KT 10SM FEW029 OVC041 12/06 A2985 RMK AO2 SLP110 T01220056
MDW,2023-06-12 07:53,10.00,2900.00,KMDW 120753Z 01011G21KT 10SM FEW029 BKN041 12/06 A2985 RMK AO2 SLP108 T01220056
MDW,2023-06-12 08:53,10.00,2800.00,KMDW 120853Z 32010KT 10SM FEW028 BKN041 12/07 A2985 RMK AO2 SLP109 T01220067 55001
MDW,2023-06-12 09:53,10.00,2400.00,KMDW 120953Z 33010KT 10SM BKN024 BKN046 12/07 A2987 RMK AO2 SLP114 T01170067
MDW,2023-06-12 10:53,10.00,2100.00,KMDW 121053Z 33011KT 10SM FEW021 SCT047 11/06 A2988 RMK AO2 SLP119 T01110056
MDW,2023-06-12 11:53,10.00,2400.00,KMDW 121153Z 33011KT 10SM FEW024 12/05 A2988 RMK AO2 SLP120 70005 T01170050 10128 20111 51009
MDW,2023-06-12 12:53,10.00,3000.00,KMDW 121253Z 35012KT 10SM SCT030 12/04 A2989 RMK AO2 SLP122 T01220044
MDW,2023-06-12 13:53,10.00,3300.00,KMDW 121353Z 35013KT 10SM BKN033 13/04 A2990 RMK AO2 SLP124 T01330044
MDW,2023-06-12 14:53,10.00,3900.00,KMDW 121453Z 34013KT 10SM BKN039 15/04 A2989 RMK AO2 SLP119 T01500044 50002
MDW,2023-06-12 15:53,10.00,4300.00,KMDW 121553Z 35009KT 10SM BKN043 15/04 A2988 RMK AO2 SLP116 T01500039
MDW,2023-06-12 16:53,10.00,4600.00,KMDW 121653Z 32008G16KT 300V020 10SM BKN046 17/04 A2986 RMK AO2 SLP109 T01670039
MDW,2023-06-12 17:53,10.00,5500.00,KMDW 121753Z 32010G16KT 10SM BKN055 17/04 A2985 RMK AO2 SLP105 T01720039 10178 20117 58013
MDW,2023-06-12 18:53,10.00,5500.00,KMDW 121853Z 02006KT 10SM BKN055 BKN150 BKN250 19/04 A2984 RMK AO2 SLP103 T01890044
MDW,2023-06-12 19:53,10.00,6000.00,KMDW 121953Z 25004KT 10SM BKN060 BKN150 BKN250 18/04 A2983 RMK AO2 SLP098 T01830039
MDW,2023-06-12 20:53,10.00,7000.00,KMDW 122053Z 29005G18KT 10SM BKN070 BKN150 20/04 A2982 RMK AO2 SLP094 T02000039 58010
MDW,2023-06-12 21:53,10.00,6500.00,KMDW 122153Z 29008KT 10SM BKN065 BKN085 BKN150 20/03 A2980 RMK AO2 SLP090 T02000033
MDW,2023-06-12 22:53,10.00,9000.00,KMDW 122253Z 28006KT 10SM BKN090 BKN150 20/03 A2979 RMK AO2 SLP085 T02000033
MDW,2023-06-12 23:53,10.00,9000.00,KMDW 122353Z 24007KT 10SM BKN090 BKN150 20/03 A2977 RMK AO2 SLP078 T02000033 10211 20172 58016
MDW,2023-06-13 00:53,10.00,6500.00,KMDW 130053Z 24007KT 10SM FEW065 BKN095 BKN150 20/04 A2975 RMK AO2 SLP072 T02000039
MDW,2023-06-13 01:53,10.00,5500.00,KMDW 130153Z 29004KT 10SM -RA SCT055 BKN075 OVC110 19/06 A2975 RMK AO2 RAB32 SLP070 P0000 T01890056
MDW,2023-06-13 02:53,10.00,7500.00,KMDW 130253Z 26006KT 10SM -RA OVC075 17/08 A2974 RMK AO2 SLP068 P0000 60000 T01720083 56009
MDW,2023-06-13 03:53,10.00,7500.00,KMDW 130353Z 27011KT 10SM BKN075 BKN095 17/08 A2972 RMK AO2 RAE37 SLP060 P0000 T01720078
MDW,2023-06-13 04:53,10.00,7000.00,KMDW 130453Z 30010G21KT 10SM SCT070 SCT100 17/07 A2971 RMK AO2 SLP059 T01670067
MDW,2023-06-13 05:53,10.00,7500.00,KMDW 130553Z 29010KT 10SM BKN075 16/07 A2970 RMK AO2 SLP055 60000 T01610072 10200 20156 402110111 56013
MDW,2023-06-13 06:53,10.00,7500.00,KMDW 130653Z 27010KT 10SM FEW075 FEW120 OVC160 16/08 A2970 RMK AO2 SLP053 T01560083
MDW,2023-06-13 07:53,10.00,6500.00,KMDW 130753Z 27008KT 10SM -RA FEW065 BKN075 OVC100 14/09 A2970 RMK AO2 SLP052 RAB01E27B40 P0000 T01440094
MDW,2023-06-13 08:53,10.00,5000.00,KMDW 130853Z 28006KT 10SM -RA OVC050 14/10 A2969 RMK AO2 RAE0757B36 SLP050 P0000 60000 T01440100 58004
MDW,2023-06-13 09:53,10.00,6500.00,KMDW 130953Z 27005KT 10SM -RA BKN065 BKN080 14/11 A2968 RMK AO2 SLP048 P0002 T01390106
MDW,2023-06-13 10:53,10.00,7000.00,KMDW 131053Z 26009KT 10SM -RA BKN070 OVC085 14/11 A2968 RMK AO2 SLP047 P0001 T01390106
MDW,2023-06-13 11:53,10.00,6000.00,KMDW 131153Z 28009KT 10SM FEW060 BKN080 BKN100 14/11 A2968 RMK AO2 RAE41 SLP045 P0000 60003 70003 T01390111 10161 20133 56005
MDW,2023-06-13 12:53,10.00,4700.00,KMDW 131253Z 29009KT 10SM BKN047 BKN060 BKN080 14/11 A2967 RMK AO2 SLP043 T01440106
MDW,2023-06-13 13:53,10.00,2200.00,KMDW 131353Z 30010KT 10SM SCT022 SCT048 BKN075 16/11 A2965 RMK AO2 SLP037 T01610111
MDW,2023-06-13 14:53,10.00,2700.00,KMDW 131453Z 31012KT 10SM BKN027 BKN075 19/11 A2964 RMK AO2 SLP033 T01890111 58012
MDW,2023-06-13 15:53,10.00,2900.00,KMDW 131553Z 29014KT 10SM BKN029 BKN037 OVC065 18/11 A2965 RMK AO2 SLP037 T01780106
MDW,2023-06-13 16:53,10.00,3100.00,KMDW 131653Z 29009KT 10SM -RA SCT031 BKN070 BKN085 OVC150 18/11 A2965 RMK AO2 RAB30 SLP035 P0000 T01780106
MDW,2023-06-13 17:53,8.00,4800.00,KMDW 131753Z 28007KT 8SM -RA FEW048 BKN060 OVC075 17/13 A2964 RMK AO2 SLP033 P0006 60006 T01670128 10194 20139 58001
MDW,2023-06-13 18:53,8.00,3500.00,KMDW 131853Z 26010KT 8SM -RA SCT035 BKN050 OVC070 17/14 A2963 RMK AO2 SLP030 P0006 T01670139
MDW,2023-06-13 19:53,6.00,1800.00,KMDW 131953Z 28009KT 6SM -RA BR FEW018 BKN037 OVC070 17/14 A2963 RMK AO2 SLP030 P0004 T01670139
MDW,2023-06-13 20:53,8.00,4800.00,KMDW 132053Z 26009KT 8SM -RA BKN048 OVC060 17/14 A2961 RMK AO2 SLP023 P0002 60012 T01670144 58011
MDW,2023-06-13 21:53,8.00,5000.00,KMDW 132153Z 24008KT 8SM -RA SCT050 BKN075 OVC085 17/15 A2959 RMK AO2 SLP016 P0001 T01720150
MDW,2023-06-13 22:53,4.00,1200.00,KMDW 132253Z COR 27005G19KT 4SM RA BR SCT012 BKN036 OVC065 17/16 A2959 RMK AO2 SLP018 P0012 T01670156
MDW,2023-06-13 23:53,7.00,2500.00,KMDW 132353Z 24008KT 7SM -RA FEW025 SCT040 OVC090 18/16 A2956 RMK AO2 SLP008 P0004 60029 T01780156 10178 20161 58014
MDW,2023-06-14 00:53,4.00,1000.00,KMDW 140053Z 32015G24KT 4SM -RA BR FEW010 BKN034 OVC080 17/14 A2959 RMK AO2 SLP017 P0009 T01720144
MDW,2023-06-14 01:53,9.00,4600.00,KMDW 140153Z 31016G26KT 9SM -RA FEW046 BKN055 OVC070 17/14 A2960 RMK AO2 PK WND 32027/0105 SLP019 P0002 T01670139
MDW,2023-06-14 02:53,9.00,3900.00,KMDW 140253Z 31005KT 9SM BKN039 OVC050 17/14 A2960 RMK AO2 RAE44 SLP020 P0001 60012 T01670139 53005
MDW,2023-06-14 03:53,9.00,2200.00,KMDW 140353Z 32008KT 9SM BKN022 BKN055 OVC070 17/14 A2961 RMK AO2 SLP022 RAB05E20DZB20E32 P0001 T01670139
MDW,2023-06-14 04:53,10.00,2200.00,KMDW 140453Z 33005KT 10SM SCT022 BKN032 OVC090 17/14 A2961 RMK AO2 SLP021 T01670144
MDW,2023-06-14 05:53,10.00,2200.00,KMDW 140553Z 02003KT 10SM SCT022 SCT027 OVC032 17/14 A2962 RMK AO2 SLP025 60013 T01670144 10178 20161 401940133 53004
MDW,2023-06-14 06:53,10.00,1300.00,KMDW 140653Z 35006KT 10SM SCT013 OVC023 17/14 A2962 RMK AO2 SLP026 T01670139
MDW,2023-06-14 07:53,10.00,1500.00,KMDW 140753Z 04006KT 10SM BKN015 BKN025 OVC029 16/13 A2961 RMK AO2 SLP025 T01610133
MDW,2023-06-14 08:53,10.00,1100.00,KMDW 140853Z 01004KT 10SM BKN011 OVC022 16/13 A2962 RMK AO2 SLP028 T01560133 53002
MDW,2023-06-14 09:53,10.00,2200.00,KMDW 140953Z 01004KT 10SM OVC022 16/13 A2963 RMK AO2 SLP029 T01560128
MDW,2023-06-14 10:53,10.00,1000.00,KMDW 141053Z 01004KT 10SM FEW010 BKN021 15/13 A2964 RMK AO2 SLP034 T01500128
MDW,2023-06-14 11:53,10.00,1000.00,KMDW 141153Z 03005KT 10SM SCT010 OVC018 16/13 A2967 RMK AO2 SLP043 70048 T01560128 10167 20150 53015
MDW,2023-06-14 12:53,10.00,1200.00,KMDW 141253Z 02003KT 10SM OVC012 16/13 A2968 RMK AO2 SLP048 T01560128
MDW,2023-06-14 13:53,10.00,1500.00,KMDW 141353Z 00000KT 10SM OVC015 17/13 A2969 RMK AO2 SLP052 T01670128
MDW,2023-06-14 14:53,10.00,1600.00,KMDW 141453Z 33004KT 10SM OVC016 18/13 A2970 RMK AO2 SLP054 T01780128 51007
MDW,2023-06-14 15:53,10.00,1900.00,KMDW 141553Z VRB03KT 10SM OVC019 18/13 A2971 RMK AO2 SLP056 T01830133
MDW,2023-06-14 16:53,10.00,2100.00,KMDW 141653Z 12004KT 10SM BKN021 19/14 A2971 RMK AO2 SLP054 T01940139
MDW,2023-06-14 17:53,10.00,2300.00,KMDW 141753Z 31004KT 10SM SCT023 BKN029 BKN250 21/14 A2970 RMK AO2 SLP053 T02110139 10217 20156 58000
MDW,2023-06-14 18:53,10.00,2900.00,KMDW 141853Z 10004KT 10SM FEW029 BKN250 21/14 A2969 RMK AO2 SLP049 T02110139
MDW,2023-06-14 19:53,10.00,2900.00,KMDW 141953Z 08004KT 10SM FEW029 BKN250 22/14 A2969 RMK AO2 SLP048 T02220144
MDW,2023-06-14 20:53,10.00,4000.00,KMDW 142053Z 10009KT 10SM FEW040 SCT250 22/14 A2969 RMK AO2 SLP049 T02220144 56004
MDW,2023-06-14 21:53,10.00,4000.00,KMDW 142153Z 09009KT 10SM FEW040 SCT250 22/14 A2968 RMK AO2 SLP047 T02170139
MDW,2023-06-14 22:53,10.00,25000.00,KMDW 142253Z 09008KT 10SM SCT250 21/14 A2969 RMK AO2 SLP048 FU SCT250 T02060139
MDW,2023-06-14 23:53,10.00,25000.00,KMDW 142353Z 10006KT 10SM SCT250 21/14 A2969 RMK AO2 SLP049 FU SCT250 T02060139 10228 20200 53000
MDW,2023-06-15 00:53,10.00,25000.00,KMDW 150053Z 13005KT 10SM SCT250 20/14 A2969 RMK AO2 SLP050 FU SCT250 T02000139
MDW,2023-06-15 01:53,10.00,25000.00,KMDW 150153Z 15005KT 10SM OVC250 19/14 A2969 RMK AO2 SLP050 FU OVC250 T01890139
MDW,2023-06-15 02:53,10.00,25000.00,KMDW 150253Z 13004KT 10SM OVC250 18/14 A2970 RMK AO2 SLP054 FU OVC250 T01830139 53004
MDW,2023-06-15 03:53,10.00,25000.00,KMDW 150353Z 13004KT 10SM FEW250 18/14 A2970 RMK AO2 SLP052 T01780139
MDW,2023-06-15 04:53,10.00,25000.00,KMDW 150453Z 10005KT 10SM FEW250 18/14 A2971 RMK AO2 SLP054 T01780139
MDW,2023-06-15 05:53,9.00,25000.00,KMDW 150553Z 12003KT 9SM FEW250 17/14 A2970 RMK AO2 SLP052 T01720144 10206 20172 402280150 57001
MDW,2023-06-15 06:53,8.00,9000.00,KMDW 150653Z 12003KT 8SM FEW090 SCT250 17/14 A2970 RMK AO2 SLP051 T01720144
MDW,2023-06-15 07:53,7.00,9000.00,KMDW 150753Z 16005KT 7SM FEW090 FEW250 18/14 A2969 RMK AO2 SLP048 T01780144
MDW,2023-06-15 08:53,6.00,25000.00,KMDW 150853Z 19005KT 6SM BR FEW250 17/14 A2968 RMK AO2 SLP045 T01720144 58006
MDW,2023-06-15 09:53,6.00,9000.00,KMDW 150953Z 20006KT 6SM BR FEW090 FEW250 17/14 A2968 RMK AO2 SLP045 T01670139
MDW,2023-06-15 10:53,7.00,10000.00,KMDW 151053Z 21007KT 7SM SCT100 17/14 A2969 RMK AO2 SLP048 T01720144
MDW,2023-06-15 11:53,7.00,10000.00,KMDW 151153Z 21011G16KT 7SM BKN100 BKN250 18/14 A2969 RMK AO2 SLP048 FU BKN250 T01780144 10178 20167 53003
MDW,2023-06-15 12:53,7.00,10000.00,KMDW 151253Z 22009KT 7SM FEW100 BKN250 20/14 A2969 RMK AO2 SLP047 FU BKN250 T02000144
MDW,2023-06-15 13:53,8.00,9500.00,KMDW 151353Z 26009KT 8SM BKN095 BKN250 21/14 A2970 RMK AO2 SLP051 FU BKN250 T02110144
MDW,2023-06-15 14:53,9.00,9500.00,KMDW 151453Z 25008KT 9SM FEW095 BKN250 24/14 A2968 RMK AO2 SLP042 FU BKN250 T02440139 58004
MDW,2023-06-15 15:53,10.00,9500.00,KMDW 151553Z 30009KT 10SM FEW095 BKN250 27/13 A2967 RMK AO2 SLP039 FU BKN250 T02720133
MDW,2023-06-15 16:53,8.00,9500.00,KMDW 151653Z 02013G21KT 8SM FEW095 BKN250 28/14 A2969 RMK AO2 SLP044 FU BKN250 T02830139
MDW,2023-06-15 17:53,8.00,9500.00,KMDW 151753Z 04015KT 8SM FEW095 FEW180 BKN250 21/13 A2972 RMK AO2 WSHFT 1647 SLP056 FU BKN250 T02110133 10283 20178 53013
MDW,2023-06-15 18:53,9.00,18000.00,KMDW 151853Z 03016G21KT 9SM FEW180 BKN250 19/12 A2973 RMK AO2 SLP063 FU BKN250 T01940122
MDW,2023-06-15 19:53,9.00,18000.00,KMDW 151953Z 04013KT 9SM FEW180 BKN250 19/12 A2975 RMK AO2 SLP068 FU BKN250 T01890117
MDW,2023-06-15 20:53,9.00,1100.00,KMDW 152053Z 03015KT 9SM FEW011 BKN200 18/11 A2975 RMK AO2 SLP072 FU BKN200 T01780111 51013
MDW,2023-06-15 21:53,9.00,1000.00,KMDW 152153Z 03012KT 9SM FEW010 FEW030 BKN200 17/11 A2976 RMK AO2 SLP075 FU BKN200 T01670106
MDW,2023-06-15 22:53,10.00,1000.00,KMDW 152253Z 05015KT 10SM FEW010 BKN015 BKN220 16/10 A2977 RMK AO2 SLP077 FU BKN220 T01560100
MDW,2023-06-15 23:53,10.00,1500.00,KMDW 152353Z 05014G22KT 10SM FEW015 BKN250 15/09 A2979 RMK AO2 SLP084 FU BKN250 T01500089 10211 20150 53011
MDW,2023-06-16 00:53,10.00,25000.00,KMDW 160053Z 03016KT 10SM OVC250 14/08 A2980 RMK AO2 SLP088 FU OVC250 T01440078
MDW,2023-06-16 01:53,10.00,1500.00,KMDW 160153Z 02012G19KT 10SM FEW015 OVC250 14/08 A2982 RMK AO2 SLP094 FU OVC250 T01390078
MDW,2023-06-16 02:53,10.00,1500.00,KMDW 160253Z 03013KT 10SM FEW015 OVC250 13/08 A2986 RMK AO2 SLP105 FU OVC250 T01280078 53022
MDW,2023-06-16 03:53,10.00,1500.00,KMDW 160353Z 02013KT 10SM FEW015 13/07 A2987 RMK AO2 SLP108 T01280072
MDW,2023-06-16 04:53,10.00,1500.00,KMDW 160453Z 02011G19KT 10SM FEW015 13/07 A2987 RMK AO2 SLP108 T01280072
MDW,2023-06-16 05:53,10.00,1500.00,KMDW 160553Z 01008KT 10SM FEW015 12/07 A2986 RMK AO2 SLP109 T01220072 10150 20122 402830122 50002
MDW,2023-06-16 06:53,10.00,1600.00,KMDW 160653Z 02009KT 10SM SCT016 SCT028 12/08 A2986 RMK AO2 SLP109 T01220083
MDW,2023-06-16 07:53,10.00,1400.00,KMDW 160753Z 01009KT 10SM SCT014 12/09 A2987 RMK AO2 SLP112 T01220089
MDW,2023-06-16 08:53,10.00,1200.00,KMDW 160853Z 02015G21KT 10SM OVC012 13/09 A2988 RMK AO2 SLP115 T01280094 53004
MDW,2023-06-16 09:53,10.00,900.00,KMDW 160953Z 01010KT 10SM OVC009 12/10 A2988 RMK AO2 SLP116 T01220100
MDW,2023-06-16 10:53,10.00,600.00,KMDW 161053Z 36010KT 10SM OVC006 12/10 A2989 RMK AO2 SLP121 T01220100
MDW,2023-06-16 11:53,10.00,700.00,KMDW 161153Z 02009KT 10SM OVC007 13/11 A2991 RMK AO2 SLP129 T01280106 10128 20122 53013
MDW,2023-06-16 12:53,10.00,600.00,KMDW 161253Z 01008KT 10SM OVC006 13/11 A2994 RMK AO2 SLP138 T01330106
MDW,2023-06-16 13:53,10.00,900.00,KMDW 161353Z 02009KT 10SM OVC009 14/11 A2996 RMK AO2 SLP143 T01440111
MDW,2023-06-16 14:53,10.00,900.00,KMDW 161453Z 02008KT 10SM OVC009 14/11 A2997 RMK AO2 SLP149 T01390111 51020
MDW,2023-06-16 15:53,10.00,800.00,KMDW 161553Z 02010KT 10SM OVC008 14/12 A2998 RMK AO2 SLP152 T01440117
MDW,2023-06-16 16:53,10.00,900.00,KMDW 161653Z 01009KT 10SM OVC009 15/11 A2999 RMK AO2 SLP155 T01500111
MDW,2023-06-16 17:53,10.00,1800.00,KMDW 161753Z 04011KT 10SM FEW018 OVC027 18/12 A2998 RMK AO2 SLP150 T01780117 10178 20128 50002
MDW,2023-06-16 18:53,10.00,2300.00,KMDW 161853Z 05011G19KT 10SM OVC023 19/11 A2997 RMK AO2 SLP148 T01890111
MDW,2023-06-16 19:53,10.00,2500.00,KMDW 161953Z 05013KT 10SM BKN025 19/11 A2998 RMK AO2 SLP148 T01940111
MDW,2023-06-16 20:53,10.00,2500.00,KMDW 162053Z 03011KT 10SM FEW025 19/11 A2997 RMK AO2 SLP146 T01940111 58003
MDW,2023-06-16 21:53,10.00,2500.00,KMDW 162153Z 05007KT 10SM FEW025 18/11 A2996 RMK AO2 SLP144 T01830106
MDW,2023-06-16 22:53,10.00,M,KMDW 162253Z 04005KT 10SM CLR 19/11 A2997 RMK AO2 SLP146 T01890111
MDW,2023-06-16 23:53,10.00,M,KMDW 162353Z 02008KT 10SM CLR 18/11 A2997 RMK AO2 SLP147 T01830111 10200 20178 53001
MDW,2023-06-17 00:53,10.00,M,KMDW 170053Z 04008KT 10SM CLR 17/11 A2998 RMK AO2 SLP149 T01670106
MDW,2023-06-17 01:53,10.00,M,KMDW 170153Z 03005KT 10SM CLR 16/10 A2999 RMK AO2 SLP153 T01560100
MDW,2023-06-17 02:53,10.00,M,KMDW 170253Z 04006KT 10SM CLR 15/11 A3000 RMK AO2 SLP156 T01500106 53008
MDW,2023-06-17 03:53,10.00,M,KMDW 170353Z 03005KT 10SM CLR 15/10 A2999 RMK AO2 SLP154 T01500100
MDW,2023-06-17 04:53,10.00,M,KMDW 170453Z 01004KT 10SM CLR 15/11 A3000 RMK AO2 SLP157 T01500106
MDW,2023-06-17 05:53,10.00,M,KMDW 170553Z 04003KT 10SM CLR 14/10 A2999 RMK AO2 SLP153 T01440100 10178 20144 402000122 58002
MDW,2023-06-17 06:53,10.00,M,KMDW 170653Z 02003KT 10SM CLR 14/10 A2998 RMK AO2 SLP151 T01390100
MDW,2023-06-17 07:53,9.00,M,KMDW 170753Z 03003KT 9SM CLR 13/10 A2998 RMK AO2 SLP149 T01330100
MDW,2023-06-17 08:53,9.00,M,KMDW 170853Z 32003KT 9SM CLR 12/09 A2997 RMK AO2 SLP146 T01220094 58006
MDW,2023-06-17 09:53,7.00,M,KMDW 170953Z 00000KT 7SM CLR 12/10 A2998 RMK AO2 SLP149 T01220100
MDW,2023-06-17 10:53,7.00,M,KMDW 171053Z 29004KT 7SM CLR 12/10 A3000 RMK AO2 SLP156 T01220100
MDW,2023-06-17 11:53,8.00,M,KMDW 171153Z 28004KT 8SM CLR 14/11 A3001 RMK AO2 SLP160 T01390111 10144 20111 53014
MDW,2023-06-17 12:53,8.00,M,KMDW 171253Z 00000KT 8SM CLR 16/11 A3002 RMK AO2 SLP164 T01610111
MDW,2023-06-17 13:53,8.00,M,KMDW 171353Z 00000KT 8SM CLR 18/11 A3003 RMK AO2 SLP166 T01830111 $
MDW,2023-06-17 14:53,8.00,M,KMDW 171453Z 00000KT 8SM CLR 21/12 A3003 RMK AO2 SLP163 T02110117 50005 $
MDW,2023-06-17 15:53,8.00,M,KMDW 171553Z 00000KT 8SM CLR 23/12 A3001 RMK AO2 SLP159 T02280117 $
MDW,2023-06-17 16:53,8.00,5000.00,KMDW 171653Z 00000KT 8SM FEW050 24/12 A2999 RMK AO2 SLP149 T02440117 $
MDW,2023-06-17 17:53,8.00,5000.00,KMDW 171753Z 09009KT 8SM FEW050 25/13 A2997 RMK AO2 SLP144 T02500133 10261 20139 58018 $
MDW,2023-06-17 18:53,8.00,5000.00,KMDW 171853Z 06009KT 8SM FEW050 SCT250 26/13 A2996 RMK AO2 SLP140 T02560133 $
MDW,2023-06-17 19:53,8.00,25000.00,KMDW 171953Z 07009KT 8SM SCT250 26/12 A2995 RMK AO2 SLP136 T02560122 $
MDW,2023-06-17 20:53,8.00,25000.00,KMDW 172053Z 09011KT 8SM SCT250 25/12 A2994 RMK AO2 SLP132 T02500117 58012 $
MDW,2023-06-17 21:53,8.00,25000.00,KMDW 172153Z 08010KT 8SM SCT250 25/11 A2993 RMK AO2 SLP129 T02500111 $
MDW,2023-06-17 22:53,10.00,25000.00,KMDW 172253Z 09012KT 10SM SCT250 24/09 A2991 RMK AO2 SLP124 T02390094 $
MDW,2023-06-17 23:53,10.00,25000.00,KMDW 172353Z 09010KT 10SM FEW250 23/08 A2991 RMK AO2 SLP122 T02280083 10261 20228 56009 $
MDW,2023-06-18 00:53,10.00,25000.00,KMDW 180053Z 10006KT 10SM FEW250 22/08 A2991 RMK AO2 SLP122 T02170083 $
MDW,2023-06-18 01:53,10.00,25000.00,KMDW 180153Z 09007KT 10SM FEW250 20/09 A2991 RMK AO2 SLP122 T02000094 $
MDW,2023-06-18 02:53,10.00,25000.00,KMDW 180253Z 09004KT 10SM FEW250 19/09 A2992 RMK AO2 SLP126 T01940094 $
MDW,2023-06-18 03:53,10.00,M,KMDW 180353Z 09005KT 10SM CLR 19/12 A2991 RMK AO2 SLP122 T01890117 $
MDW,2023-06-18 04:53,10.00,M,KMDW 180453Z 09004KT 10SM CLR 18/12 A2991 RMK AO2 SLP122 T01830122 $
MDW,2023-06-18 05:53,10.00,M,KMDW 180553Z 00000KT 10SM CLR 18/12 A2991 RMK AO2 SLP122 T01830122 10228 20183 402610111 56002 $
MDW,2023-06-18 06:53,10.00,M,KMDW 180653Z 00000KT 10SM CLR 18/12 A2991 RMK AO2 SLP119 T01780122 $
MDW,2023-06-18 07:53,10.00,25000.00,KMDW 180753Z 15003KT 10SM FEW250 18/12 A2989 RMK AO2 SLP114 T01780122 $
MDW,2023-06-18 08:53,9.00,25000.00,KMDW 180853Z 00000KT 9SM SCT250 17/12 A2987 RMK AO2 SLP110 T01720117 58013 $
MDW,2023-06-18 09:53,8.00,25000.00,KMDW 180953Z 10003KT 8SM SCT250 17/12 A2986 RMK AO2 SLP105 T01720122 $
MDW,2023-06-18 10:53,8.00,25000.00,KMDW 181053Z 14004KT 8SM BKN250 17/12 A2985 RMK AO2 SLP102 T01720122 $
MDW,2023-06-18 11:53,8.00,25000.00,KMDW 181153Z 18006KT 8SM SCT250 18/12 A2988 RMK AO2 SLP111 T01830122 10183 20167 53002 $
MDW,2023-06-18 12:53,9.00,25000.00,KMDW 181253Z 20004KT 9SM SCT250 21/12 A2987 RMK AO2 SLP109 T02060122 $
MDW,2023-06-18 13:53,9.00,21000.00,KMDW 181353Z 15003KT 9SM FEW210 BKN250 23/13 A2987 RMK AO2 SLP106 T02280128 $
MDW,2023-06-18 14:53,9.00,21000.00,KMDW 181453Z 18007KT 9SM FEW210 BKN250 25/12 A2984 RMK AO2 SLP098 T02500122 58012 $
MDW,2023-06-18 15:53,9.00,21000.00,KMDW 181553Z 19011G16KT 9SM FEW210 BKN250 26/11 A2984 RMK AO2 SLP095 T02610111 $
MDW,2023-06-18 16:53,9.00,25000.00,KMDW 181653Z 15012G19KT 9SM BKN250 28/11 A2983 RMK AO2 SLP093 T02780106 $
MDW,2023-06-18 17:53,10.00,25000.00,KMDW 181753Z 13010G18KT 10SM BKN250 28/10 A2983 RMK AO2 PK WND 14026/1719 SLP092 T02830100 10289 20183 57005 $
MDW,2023-06-18 18:53,10.00,7000.00,KMDW 181853Z 17010G23KT 10SM FEW070 FEW200 BKN250 29/09 A2982 RMK AO2 SLP090 T02940089 $
MDW,2023-06-18 19:53,10.00,7000.00,KMDW 181953Z 19010G18KT 150V210 10SM FEW070 FEW190 BKN250 29/09 A2980 RMK AO2 SLP083 T02940094 $
MDW,2023-06-18 20:53,10.00,25000.00,KMDW 182053Z 09013KT 10SM SCT250 29/11 A2978 RMK AO2 SLP076 T02890106 58016 $
MDW,2023-06-18 21:53,10.00,25000.00,KMDW 182153Z 10012G19KT 10SM BKN250 28/11 A2977 RMK AO2 SLP071 T02780111 $
MDW,2023-06-18 22:53,10.00,25000.00,KMDW 182253Z 10011KT 10SM BKN250 27/11 A2976 RMK AO2 SLP071 T02670111 $
MDW,2023-06-18 23:53,10.00,25000.00,KMDW 182353Z 08011KT 10SM BKN250 25/11 A2977 RMK AO2 SLP074 T02500111 10300 20250 55002 $
MDW,2023-06-19 00:53,10.00,25000.00,KMDW 190053Z 08010KT 10SM BKN250 24/11 A2979 RMK AO2 SLP079 T02390111 $
MDW,2023-06-19 01:53,10.00,25000.00,KMDW 190153Z 08011KT 10SM BKN250 23/12 A2979 RMK AO2 SLP080 T02280117 $
MDW,2023-06-19 02:53,10.00,25000.00,KMDW 190253Z 09009KT 10SM BKN250 23/12 A2981 RMK AO2 SLP084 T02280117 51011 $
MDW,2023-06-19 03:53,10.00,25000.00,KMDW 190353Z 09009KT 10SM BKN250 22/12 A2982 RMK AO2 SLP088 T02170122 $
MDW,2023-06-19 04:53,10.00,25000.00,KMDW 190453Z 09008KT 10SM OVC250 21/13 A2982 RMK AO2 SLP088 T02110128 $
MDW,2023-06-19 05:53,10.00,25000.00,KMDW 190553Z 08005KT 10SM BKN250 21/13 A2982 RMK AO2 SLP088 T02060128 10250 20206 403000167 50004 $
MDW,2023-06-19 06:53,10.00,25000.00,KMDW 190653Z 08004KT 10SM SCT250 20/13 A2982 RMK AO2 SLP087 T02000128 $
MDW,2023-06-19 07:53,10.00,25000.00,KMDW 190753Z 10004KT 10SM FEW250 19/13 A2982 RMK AO2 SLP087 T01940133 $
MDW,2023-06-19 08:53,9.00,25000.00,KMDW 190853Z 09003KT 9SM BKN250 19/14 A2981 RMK AO2 SLP087 T01890139 58002 $
MDW,2023-06-19 09:53,9.00,25000.00,KMDW 190953Z 05004KT 9SM BKN250 19/14 A2983 RMK AO2 SLP092 T01890139 $
MDW,2023-06-19 10:53,8.00,20000.00,KMDW 191053Z 05003KT 8SM FEW200 BKN250 19/14 A2984 RMK AO2 SLP097 T01890139 $
MDW,2023-06-19 11:53,8.00,20000.00,KMDW 191153Z 07004KT 8SM FEW200 BKN250 21/14 A2985 RMK AO2 SLP100 T02060139 10206 20183 51013 $
MDW,2023-06-19 12:53,8.00,20000.00,KMDW 191253Z 09005KT 8SM FEW200 BKN250 22/13 A2986 RMK AO2 SLP103 T02220133 $
MDW,2023-06-19 13:53,9.00,20000.00,KMDW 191353Z 10008KT 9SM FEW200 BKN250 24/13 A2988 RMK AO2 SLP109 T02440128 $
MDW,2023-06-19 14:53,10.00,20000.00,KMDW 191453Z 10008KT 10SM FEW200 BKN250 27/12 A2988 RMK AO2 SLP109 T02670122 51009 $
MDW,2023-06-19 15:53,10.00,20000.00,KMDW 191553Z 10010KT 10SM FEW200 BKN250 27/12 A2989 RMK AO2 SLP113 T02720117 $
MDW,2023-06-19 16:53,10.00,6500.00,KMDW 191653Z COR 08005G19KT 10SM FEW065 FEW200 BKN250 28/11 A2990 RMK AO2 SLP115 T02830106 $
MDW,2023-06-19 17:53,10.00,7000.00,KMDW 191753Z 08010KT 10SM FEW070 FEW200 BKN250 28/12 A2991 RMK AO2 SLP118 T02830117 10294 20206 51009 $
MDW,2023-06-19 18:53,10.00,20000.00,KMDW 191853Z 06011KT 10SM FEW200 BKN250 29/12 A2991 RMK AO2 SLP119 T02890117 $
MDW,2023-06-19 19:53,10.00,25000.00,KMDW 191953Z 03013G20KT 10SM BKN250 29/11 A2991 RMK AO2 WSHFT 1925 SLP119 T02940111 $
MDW,2023-06-19 20:53,10.00,25000.00,KMDW 192053Z 06014G20KT 10SM BKN250 29/11 A2991 RMK AO2 SLP118 T02890106 58001 $
MDW,2023-06-19 21:53,10.00,25000.00,KMDW 192153Z 06011KT 10SM SCT250 29/10 A2990 RMK AO2 SLP117 T02890100 $
MDW,2023-06-19 22:53,10.00,25000.00,KMDW 192253Z 04012KT 10SM FEW250 28/10 A2991 RMK AO2 SLP119 T02780100 $
MDW,2023-06-19 23:53,10.00,25000.00,KMDW 192353Z 02014KT 10SM FEW250 27/09 A2992 RMK AO2 SLP123 T02670094 10300 20267 53005 $
MDW,2023-06-20 00:53,10.00,25000.00,KMDW 200053Z 04011KT 10SM FEW250 24/10 A2993 RMK AO2 SLP127 T02440100 $
MDW,2023-06-20 01:53,10.00,25000.00,KMDW 200153Z 03009KT 10SM FEW250 23/11 A2994 RMK AO2 SLP130 T02280106 $
MDW,2023-06-20 02:53,10.00,M,KMDW 200253Z 03009KT 10SM CLR 22/11 A2996 RMK AO2 SLP137 T02170106 53015 $
MDW,2023-06-20 03:53,10.00,M,KMDW 200353Z 01009KT 10SM CLR 21/11 A2998 RMK AO2 SLP142 T02110111 $
MDW,2023-06-20 04:53,10.00,M,KMDW 200453Z 01004KT 10SM CLR 21/11 A2998 RMK AO2 SLP144 T02110111 $
MDW,2023-06-20 05:53,10.00,M,KMDW 200553Z 02004KT 10SM CLR 20/12 A2999 RMK AO2 SLP145 T02000117 10267 20194 403000183 51008 $
MDW,2023-06-20 06:53,10.00,M,KMDW 200653Z 35004KT 10SM CLR 19/12 A2999 RMK AO2 SLP145 T01940117 $
MDW,2023-06-20 07:53,10.00,M,KMDW 200753Z 01004KT 10SM CLR 19/12 A2999 RMK AO2 SLP145 T01890117 $
MDW,2023-06-20 08:53,10.00,M,KMDW 200853Z 33004KT 10SM CLR 17/12 A3000 RMK AO2 SLP148 T01670117 53002 $
MDW,2023-06-20 09:53,10.00,25000.00,KMDW 200953Z 33004KT 10SM FEW250 17/12 A2999 RMK AO2 SLP148 T01670122 $
MDW,2023-06-20 10:53,10.00,25000.00,KMDW 201053Z 04003KT 10SM FEW250 18/12 A3002 RMK AO2 SLP156 T01830122 $
MDW,2023-06-20 11:53,10.00,25000.00,KMDW 201153Z 06007KT 10SM FEW250 21/12 A3003 RMK AO2 SLP160 T02060122 10206 20167 53011 $
MDW,2023-06-20 12:53,10.00,M,KMDW 201253Z 01005KT 10SM CLR 23/13 A3004 RMK AO2 SLP164 T02280128
MDW,2023-06-20 13:53,10.00,M,KMDW 201353Z 06010KT 10SM CLR 24/12 A3004 RMK AO2 SLP165 T02390122
MDW,2023-06-20 14:53,10.00,M,KMDW 201453Z 03009KT 10SM CLR 26/13 A3004 RMK AO2 SLP165 T02560133 51005
MDW,2023-06-20 15:53,10.00,M,KMDW 201553Z 02009KT 10SM CLR 27/12 A3004 RMK AO2 SLP162 T02670122
MDW,2023-06-20 16:53,10.00,M,KMDW 201653Z 04014KT 10SM CLR 28/11 A3003 RMK AO2 SLP161 T02830106
MDW,2023-06-20 17:53,10.00,M,KMDW 201753Z 04014G19KT 10SM CLR 27/12 A3005 RMK AO2 SLP166 T02720122 10289 20206 53001
MDW,2023-06-20 18:53,10.00,M,KMDW 201853Z 04015G21KT 10SM CLR 27/12 A3004 RMK AO2 SLP164 T02670122
MDW,2023-06-20 19:53,10.00,M,KMDW 201953Z 05011KT 10SM CLR 28/13 A3003 RMK AO2 SLP161 T02780128
MDW,2023-06-20 20:53,10.00,M,KMDW 202053Z 03014KT 10SM CLR 28/13 A3003 RMK AO2 SLP161 T02780128 57006
MDW,2023-06-20 21:53,10.00,M,KMDW 202153Z 02011KT 10SM CLR 28/13 A3002 RMK AO2 SLP157 T02830128
MDW,2023-06-20 22:53,10.00,M,KMDW 202253Z 03014KT 10SM CLR 28/13 A3002 RMK AO2 SLP156 T02780128
MDW,2023-06-20 23:53,10.00,M,KMDW 202353Z 02011KT 10SM CLR 25/12 A3003 RMK AO2 SLP159 T02500117 10283 20250 55000
MDW,2023-06-21 00:53,10.00,7000.00,KMDW 210053Z 03011KT 10SM FEW070 24/11 A3003 RMK AO2 SLP162 T02390106
MDW,2023-06-21 01:53,10.00,7000.00,KMDW 210153Z 04010KT 10SM FEW070 23/11 A3005 RMK AO2 SLP166 T02280111
MDW,2023-06-21 02:53,10.00,M,KMDW 210253Z 04006KT 10SM CLR 22/12 A3006 RMK AO2 SLP171 T02220117 53012
MDW,2023-06-21 03:53,10.00,M,KMDW 210353Z 06005KT 10SM CLR 22/13 A3006 RMK AO2 SLP169 T02170128
MDW,2023-06-21 04:53,10.00,M,KMDW 210453Z 07004KT 10SM CLR 21/13 A3007 RMK AO2 SLP172 T02060133
MDW,2023-06-21 05:53,10.00,M,KMDW 210553Z 09004KT 10SM CLR 21/13 A3007 RMK AO2 SLP174 T02060133 10250 20206 402890167 53003
MDW,2023-06-21 06:53,10.00,M,KMDW 210653Z 00000KT 10SM CLR 21/14 A3007 RMK AO2 SLP173 T02060139
MDW,2023-06-21 07:53,10.00,M,KMDW 210753Z 04003KT 10SM CLR 20/14 A3008 RMK AO2 SLP176 T02000144
MDW,2023-06-21 08:53,10.00,M,KMDW 210853Z 05004KT 10SM CLR 20/15 A3008 RMK AO2 SLP178 T02000150 53004
MDW,2023-06-21 09:53,10.00,M,KMDW 210953Z 05004KT 10SM CLR 20/15 A3009 RMK AO2 SLP179 T02000150
MDW,2023-06-21 10:53,10.00,M,KMDW 211053Z 07007KT 10SM CLR 21/16 A3011 RMK AO2 SLP186 T02060156
MDW,2023-06-21 11:53,10.00,M,KMDW 211153Z 06007KT 10SM CLR 22/16 A3012 RMK AO2 SLP190 T02220156 10222 20194 53011
MDW,2023-06-21 12:53,10.00,M,KMDW 211253Z 07009KT 10SM CLR 23/16 A3012 RMK AO2 SLP192 T02330161
MDW,2023-06-21 13:53,10.00,M,KMDW 211353Z 08007KT 10SM CLR 24/17 A3013 RMK AO2 SLP193 T02440167
MDW,2023-06-21 14:53,10.00,M,KMDW 211453Z 07008KT 10SM CLR 26/17 A3012 RMK AO2 SLP190 T02560167 50000
MDW,2023-06-21 15:53,10.00,M,KMDW 211553Z 08009KT 10SM CLR 27/17 A3011 RMK AO2 SLP185 T02720167
MDW,2023-06-21 16:53,10.00,4500.00,KMDW 211653Z 09010KT 10SM FEW045 28/16 A3009 RMK AO2 SLP180 T02780161
MDW,2023-06-21 17:53,10.00,5000.00,KMDW 211753Z 06013G17KT 10SM FEW050 29/16 A3008 RMK AO2 SLP176 T02890161 10289 20222 58013
MDW,2023-06-21 18:53,10.00,M,KMDW 211853Z 09009G19KT 10SM CLR 29/16 A3007 RMK AO2 SLP172 T02940156
MDW,2023-06-21 19:53,10.00,M,KMDW 211953Z 05012G19KT 10SM CLR 30/16 A3006 RMK AO2 SLP170 T03000156
MDW,2023-06-21 20:53,10.00,M,KMDW 212053Z 03010KT 10SM CLR 30/16 A3006 RMK AO2 SLP171 T03000156 55005
MDW,2023-06-21 21:53,10.00,M,KMDW 212153Z 05015KT 10SM CLR 29/16 A3006 RMK AO2 SLP170 T02940156
MDW,2023-06-21 22:53,10.00,M,KMDW 212253Z 03010KT 10SM CLR 29/16 A3005 RMK AO2 SLP168 T02890156
MDW,2023-06-21 23:53,10.00,8000.00,KMDW 212353Z 02011KT 10SM FEW080 28/16 A3006 RMK AO2 SLP168 T02780156 10311 20278 55003
MDW,2023-06-22 00:53,10.00,8000.00,KMDW 220053Z 04016KT 10SM FEW080 24/15 A3006 RMK AO2 SLP171 T02440150
MDW,2023-06-22 01:53,10.00,8000.00,KMDW 220153Z 04009KT 10SM FEW080 FEW100 24/15 A3006 RMK AO2 SLP170 T02390150
MDW,2023-06-22 02:53,10.00,8000.00,KMDW 220253Z 03008KT 10SM FEW080 FEW100 23/15 A3006 RMK AO2 SLP168 T02280150 50000
MDW,2023-06-22 03:53,10.00,7500.00,KMDW 220353Z 02006KT 10SM SCT075 BKN090 23/15 A3006 RMK AO2 SLP167 T02330150
MDW,2023-06-22 04:53,10.00,7000.00,KMDW 220453Z 04004KT 10SM FEW070 BKN110 23/14 A3004 RMK AO2 SLP162 T02280144
MDW,2023-06-22 05:53,10.00,8500.00,KMDW 220553Z 03003KT 10SM SCT085 BKN110 22/14 A3003 RMK AO2 SLP158 T02220144 10278 20222 403110194 58009
MDW,2023-06-22 06:53,10.00,7500.00,KMDW 220653Z 00000KT 10SM FEW075 22/14 A3003 RMK AO2 SLP157 T02170144
MDW,2023-06-22 07:53,10.00,7500.00,KMDW 220753Z 07005KT 10SM SCT075 22/14 A3003 RMK AO2 SLP159 T02170144
MDW,2023-06-22 08:53,10.00,9500.00,KMDW 220853Z 09005KT 10SM BKN095 22/14 A3004 RMK AO2 SLP160 T02170144 53002
MDW,2023-06-22 09:53,10.00,9500.00,KMDW 220953Z 06003KT 10SM SCT095 21/14 A3005 RMK AO2 SLP164 T02110139
MDW,2023-06-22 10:53,10.00,9500.00,KMDW 221053Z 09006KT 10SM SCT095 21/14 A3006 RMK AO2 SLP168 T02110139
MDW,2023-06-22 11:53,10.00,10000.00,KMDW 221153Z 03005KT 10SM FEW100 FEW250 22/14 A3007 RMK AO2 SLP173 T02220139 10222 20206 53012
MDW,2023-06-22 12:53,10.00,10000.00,KMDW 221253Z 07007KT 10SM FEW100 FEW250 23/14 A3007 RMK AO2 SLP175 T02330139
MDW,2023-06-22 13:53,10.00,10000.00,KMDW 221353Z 05007KT 10SM FEW100 FEW250 24/14 A3006 RMK AO2 SLP168 T02440144
MDW,2023-06-22 14:53,10.00,10000.00,KMDW 221453Z 04007KT 10SM FEW100 FEW250 26/15 A3005 RMK AO2 SLP165 T02560150 58008
MDW,2023-06-22 15:53,10.00,10000.00,KMDW 221553Z 02012KT 10SM FEW100 FEW250 27/14 A3004 RMK AO2 SLP162 T02670144
MDW,2023-06-22 16:53,10.00,5000.00,KMDW 221653Z 04012KT 10SM FEW050 FEW100 FEW250 28/14 A3003 RMK AO2 SLP159 T02780144
MDW,2023-06-22 17:53,10.00,5000.00,KMDW 221753Z 03012KT 10SM FEW050 FEW100 FEW250 29/13 A3002 RMK AO2 SLP155 T02890128 10289 20222 58009
MDW,2023-06-22 18:53,10.00,5000.00,KMDW 221853Z 06011G20KT 10SM FEW050 FEW100 SCT250 29/13 A3001 RMK AO2 SLP150 T02890128
MDW,2023-06-22 19:53,10.00,5000.00,KMDW 221953Z 04016KT 10SM FEW050 FEW100 SCT250 29/13 A2999 RMK AO2 SLP144 T02890133
MDW,2023-06-22 20:53,10.00,5000.00,KMDW 222053Z 04015KT 10SM FEW050 FEW100 SCT250 28/12 A2998 RMK AO2 SLP142 T02830117 56013
MDW,2023-06-22 21:53,10.00,9000.00,KMDW 222153Z 02013G22KT 10SM FEW090 SCT250 28/12 A2997 RMK AO2 SLP140 T02780117
MDW,2023-06-22 22:53,10.00,10000.00,KMDW 222253Z 04015G23KT 10SM FEW100 SCT250 27/12 A2997 RMK AO2 SLP138 T02720117
MDW,2023-06-22 23:53,10.00,10000.00,KMDW 222353Z 09013KT 10SM FEW100 BKN160 BKN250 25/12 A2997 RMK AO2 SLP139 T02500122 10294 20250 56004
MDW,2023-06-23 00:53,10.00,10000.00,KMDW 230053Z 08008KT 10SM FEW100 BKN160 BKN250 23/13 A2997 RMK AO2 SLP138 T02330128
MDW,2023-06-23 01:53,10.00,10000.00,KMDW 230153Z 07006KT 10SM SCT100 BKN160 BKN250 23/12 A2996 RMK AO2 SLP136 T02280122
MDW,2023-06-23 02:53,10.00,9000.00,KMDW 230253Z 04003KT 10SM SCT090 BKN160 BKN250 23/12 A2996 RMK AO2 SLP136 T02330117 55001
MDW,2023-06-23 03:53,10.00,12000.00,KMDW 230353Z 01004KT 10SM SCT120 BKN160 BKN250 23/12 A2997 RMK AO2 SLP137 T02330117
MDW,2023-06-23 04:53,10.00,11000.00,KMDW 230453Z 32006KT 10SM FEW110 BKN160 BKN250 22/12 A2996 RMK AO2 SLP137 T02220122
MDW,2023-06-23 05:53,9.00,11000.00,KMDW 230553Z 33003KT 9SM BKN110 OVC160 21/12 A2996 RMK AO2 SLP135 T02110122 10250 20211 402940206 58001
MDW,2023-06-23 06:53,9.00,11000.00,KMDW 230653Z 33006KT 9SM SCT110 BKN160 21/12 A2995 RMK AO2 SLP132 T02060122
MDW,2023-06-23 07:53,9.00,6500.00,KMDW 230753Z 33005KT 9SM SCT065 OVC100 21/12 A2995 RMK AO2 SLP131 T02060117
MDW,2023-06-23 08:53,8.00,8500.00,KMDW 230853Z 33004KT 8SM OVC085 21/12 A2994 RMK AO2 SLP128 T02060117 56006
MDW,2023-06-23 09:53,8.00,9500.00,KMDW 230953Z 36003KT 8SM SCT095 OVC110 21/12 A2994 RMK AO2 SLP128 T02110117
MDW,2023-06-23 10:53,7.00,9500.00,KMDW 231053Z 36004KT 7SM SCT095 BKN110 21/12 A2993 RMK AO2 SLP127 T02110117
MDW,2023-06-23 11:53,7.00,9500.00,KMDW 231153Z 00000KT 7SM FEW095 BKN110 22/12 A2994 RMK AO2 SLP129 T02170122 10217 20206 55000
MDW,2023-06-23 12:53,7.00,11000.00,KMDW 231253Z COR 31004KT 7SM SCT110 23/12 A2995 RMK AO2 SLP133 T02280122
MDW,2023-06-23 13:53,7.00,11000.00,KMDW 231353Z 30003KT 7SM FEW110 24/12 A2996 RMK AO2 SLP137 T02440122
MDW,2023-06-23 14:53,7.00,7000.00,KMDW 231453Z 35005KT 7SM SCT070 BKN110 BKN240 27/13 A2996 RMK AO2 SLP135 T02670128 50006
MDW,2023-06-23 15:53,10.00,7000.00,KMDW 231553Z 01009G15KT 10SM FEW070 FEW110 FEW240 28/13 A2995 RMK AO2 SLP131 T02830128
MDW,2023-06-23 16:53,10.00,7000.00,KMDW 231653Z 05011G19KT 10SM FEW070 FEW110 SCT240 29/12 A2995 RMK AO2 SLP131 T02890117
MDW,2023-06-23 17:53,10.00,7000.00,KMDW 231753Z 03011G16KT 10SM FEW070 FEW110 FEW250 28/12 A2995 RMK AO2 SLP131 T02830122 10294 20217 56004
MDW,2023-06-23 18:53,10.00,7000.00,KMDW 231853Z 04011G18KT 10SM FEW070 FEW110 FEW250 29/12 A2993 RMK AO2 SLP127 T02890122
MDW,2023-06-23 19:53,10.00,7000.00,KMDW 231953Z 02008G18KT 10SM FEW070 FEW110 FEW250 29/12 A2993 RMK AO2 SLP125 T02890122
MDW,2023-06-23 20:53,10.00,7000.00,KMDW 232053Z 02008G15KT 10SM FEW070 FEW110 FEW250 29/12 A2992 RMK AO2 SLP121 T02890122 58009
MDW,2023-06-23 21:53,10.00,7000.00,KMDW 232153Z 04011KT 10SM FEW070 FEW250 28/12 A2991 RMK AO2 SLP118 T02830122
MDW,2023-06-23 22:53,10.00,7000.00,KMDW 232253Z VRB06KT 10SM FEW070 FEW250 28/12 A2990 RMK AO2 SLP114 T02780122
MDW,2023-06-23 23:53,10.00,7000.00,KMDW 232353Z 07005KT 10SM FEW070 FEW250 27/12 A2991 RMK AO2 SLP118 T02670122 10294 20267 55003
MDW,2023-06-24 00:53,10.00,25000.00,KMDW 240053Z 10007KT 10SM FEW250 25/12 A2991 RMK AO2 SLP120 T02500122
MDW,2023-06-24 01:53,10.00,25000.00,KMDW 240153Z 10006KT 10SM FEW250 23/13 A2992 RMK AO2 SLP123 T02330128
MDW,2023-06-24 02:53,10.00,25000.00,KMDW 240253Z 11006KT 10SM FEW250 23/13 A2993 RMK AO2 SLP124 T02280128 53006
MDW,2023-06-24 03:53,10.00,M,KMDW 240353Z 09008KT 10SM CLR 22/12 A2992 RMK AO2 SLP121 T02220122
MDW,2023-06-24 04:53,10.00,M,KMDW 240453Z 08006KT 10SM CLR 22/13 A2991 RMK AO2 SLP118 T02170128
MDW,2023-06-24 05:53,10.00,M,KMDW 240553Z 12003KT 10SM CLR 22/12 A2991 RMK AO2 SLP118 T02170122 10267 20206 402940206 57006
MDW,2023-06-24 06:53,10.00,M,KMDW 240653Z 00000KT 10SM CLR 21/12 A2991 RMK AO2 SLP118 T02110122
MDW,2023-06-24 07:53,10.00,M,KMDW 240753Z 13003KT 10SM CLR 21/13 A2991 RMK AO2 SLP120 T02060128
MDW,2023-06-24 08:53,10.00,M,KMDW 240853Z 00000KT 10SM CLR 21/12 A2992 RMK AO2 SLP121 T02060122 53003
MDW,2023-06-24 09:53,10.00,8000.00,KMDW 240953Z 27004KT 10SM FEW080 19/13 A2994 RMK AO2 SLP129 T01890128
MDW,2023-06-24 10:53,10.00,8000.00,KMDW 241053Z 00000KT 10SM FEW080 FEW250 19/13 A2994 RMK AO2 SLP131 T01940133
MDW,2023-06-24 11:53,10.00,8000.00,KMDW 241153Z 00000KT 10SM FEW080 FEW250 22/13 A2996 RMK AO2 SLP136 T02170133 10222 20189 51015
MDW,2023-06-24 12:53,10.00,8000.00,KMDW 241253Z 00000KT 10SM FEW080 FEW250 24/13 A2996 RMK AO2 SLP134 T02390133
MDW,2023-06-24 13:53,10.00,8000.00,KMDW 241353Z 00000KT 10SM FEW080 26/14 A2995 RMK AO2 SLP133 T02560139
MDW,2023-06-24 14:53,10.00,25000.00,KMDW 241453Z 00000KT 10SM FEW250 28/14 A2993 RMK AO2 SLP125 T02780139 58010
MDW,2023-06-24 15:53,10.00,25000.00,KMDW 241553Z VRB04KT 10SM FEW250 28/14 A2993 RMK AO2 SLP123 T02830139
MDW,2023-06-24 16:53,10.00,7000.00,KMDW 241653Z 17004KT 10SM FEW070 FEW250 30/14 A2992 RMK AO2 SLP120 T03000139
MDW,2023-06-24 17:53,10.00,7000.00,KMDW 241753Z 00000KT 10SM FEW070 FEW250 31/14 A2992 RMK AO2 SLP119 T03110139 10311 20217 56005
MDW,2023-06-24 18:53,10.00,7000.00,KMDW 241853Z VRB03KT 10SM FEW070 FEW250 33/13 A2989 RMK AO2 SLP110 T03280128
MDW,2023-06-24 19:53,10.00,7000.00,KMDW 241953Z 09011KT 10SM FEW070 FEW250 32/15 A2986 RMK AO2 SLP101 T03170150
MDW,2023-06-24 20:53,10.00,7000.00,KMDW 242053Z 12010KT 10SM FEW070 FEW250 32/15 A2985 RMK AO2 SLP096 T03170150 56023
MDW,2023-06-24 21:53,10.00,7000.00,KMDW 242153Z 09012KT 10SM FEW070 FEW250 31/15 A2983 RMK AO2 SLP092 T03110150
MDW,2023-06-24 22:53,10.00,18000.00,KMDW 242253Z 09012KT 10SM FEW180 SCT250 29/16 A2981 RMK AO2 SLP086 T02940156
MDW,2023-06-24 23:53,10.00,18000.00,KMDW 242353Z 10010KT 10SM FEW180 SCT250 29/16 A2980 RMK AO2 SLP082 T02940161 10333 20294 56014
MDW,2023-06-25 00:53,9.00,18000.00,KMDW 250053Z 10009KT 9SM FEW180 SCT250 28/16 A2981 RMK AO2 SLP085 T02830161
MDW,2023-06-25 01:53,10.00,15000.00,KMDW 250153Z 10005KT 10SM FEW150 SCT180 BKN250 27/16 A2981 RMK AO2 SLP082 T02720161
MDW,2023-06-25 02:53,10.00,15000.00,KMDW 250253Z 12005KT 10SM FEW150 SCT170 BKN250 27/16 A2980 RMK AO2 SLP081 T02670161 50000
MDW,2023-06-25 03:53,10.00,13000.00,KMDW 250353Z 14008KT 10SM FEW130 SCT150 BKN250 28/15 A2979 RMK AO2 SLP074 T02780150
MDW,2023-06-25 04:53,10.00,13000.00,KMDW 250453Z 15009KT 10SM BKN130 BKN250 28/13 A2977 RMK AO2 SLP065 T02830133
MDW,2023-06-25 05:53,10.00,8000.00,KMDW 250553Z 17007KT 10SM TS SCT080 BKN120CB BKN250 28/13 A2976 RMK AO2 TSB51 SLP064 FRQ LTGICCCCG VC SW-NW TS VC SW-NW MOV E T02780133 10294 20267 403330189 55009
MDW,2023-06-25 06:53,1.00,5000.00,KMDW 250653Z 30014G34KT 1SM R31C/3500VP6000FT +TSRA BR BKN050CB OVC070 21/19 A2987 RMK AO2 PK WND 31034/0648 RAB0557 PRESRR SLP104 CONS LTGICCCCG OHD TS OHD MOV E P0052 T02110189
MDW,2023-06-25 07:53,6.00,6500.00,KMDW 250753Z 12012KT 6SM -TSRA BR FEW065CB BKN090 OVC110 21/19 A2976 RMK AO2 WSHFT 0643 SLP068 OCNL LTGICCC OHD TS OHD MOV E P0038 T02060194
MDW,2023-06-25 08:53,6.00,6000.00,KMDW 250853Z 08005KT 6SM -TSRA BR FEW060 BKN090CB OVC110 21/19 A2973 RMK AO2 SLP055 OCNL LTGICCCCG OHD TS OHD MOV E 6//// T02110194 58045 PNO $
MDW,2023-06-25 09:53,10.00,700.00,KMDW 250953Z 16008KT 10SM FEW007 BKN055 OVC220 21/19 A2972 RMK AO2 RAE07 TSE07 SLP054 OCNL LTGICCC DSNT SW CB DSNT SW P0005 T02060189 $
MDW,2023-06-25 10:53,10.00,5500.00,KMDW 251053Z 16011KT 10SM FEW055 BKN250 21/18 A2969 RMK AO2 SLP045 T02060183 /
MDW,2023-06-25 11:53,10.00,5500.00,KMDW 251153Z 17011KT 10SM FEW055 BKN250 21/18 A2969 RMK AO2 SLP043 6//// 7//// T02110183 10278 20206 56013 /
MDW,2023-06-25 12:53,10.00,25000.00,KMDW 251253Z 18010KT 10SM FEW250 23/19 A2967 RMK AO2 SLP036 T02280189 $
MDW,2023-06-25 13:53,10.00,2000.00,KMDW 251353Z 18014G23KT 10SM FEW020 FEW250 26/20 A2964 RMK AO2 SLP026 T02560200 /
MDW,2023-06-25 14:53,10.00,2100.00,KMDW 251453Z 20014G24KT 10SM FEW021 FEW250 27/21 A2961 RMK AO2 PK WND 17028/1420 SLP016 T02720211 58026 $
MDW,2023-06-25 15:53,10.00,2600.00,KMDW 251553Z 23018G24KT 10SM SCT026 BKN100 BKN250 29/21 A2961 RMK AO2 PK WND 21029/1517 SLP013 T02890211 /
MDW,2023-06-25 16:53,10.00,2800.00,KMDW 251653Z 23014G23KT 10SM SCT028 BKN100 BKN250 29/22 A2958 RMK AO2 RAB14E31 TSE38 SLP004 CB DSNT NE-E-S P0008 T02890217 $
MDW,2023-06-25 17:53,10.00,4900.00,KMDW 251753Z 24022G34KT 10SM SCT049 SCT100 BKN250 31/16 A2958 RMK AO2 PK WND 23034/1749 LTG DSNT N-SE RAB08E18 SLP002 CB DSNT N-E-SE P0000 60008 T03060161 10306 20211 57012 $
MDW,2023-06-25 18:53,10.00,5500.00,KMDW 251853Z 26018G30KT 10SM BKN055 BKN100 BKN250 28/15 A2960 RMK AO2 PK WND 26035/1805 SLP012 CB DSNT NE-SE T02830150 $
MDW,2023-06-25 19:53,10.00,4900.00,KMDW 251953Z 27021G35KT 10SM SCT049 BKN065 BKN080 BKN250 27/14 A2960 RMK AO2 PK WND 28035/1953 SLP015 T02720144 $
MDW,2023-06-25 20:53,10.00,6000.00,KMDW 252053Z 26025G38KT 10SM BKN060 BKN075 26/13 A2960 RMK AO2 PK WND 28038/2052 SLP014 T02610133 50007 $
MDW,2023-06-25 21:53,10.00,4600.00,KMDW 252153Z 26021G31KT 10SM FEW046 SCT060 BKN085 25/14 A2959 RMK AO2 PK WND 25039/2115 SLP011 T02500139 $
MDW,2023-06-25 22:53,10.00,4100.00,KMDW 252253Z COR 27020G29KT 10SM -RA FEW041 BKN060 BKN075 24/15 A2960 RMK AO2 PK WND 26034/2209 RAB51 SLP016 P0000 T02390150 /
MDW,2023-06-25 23:53,10.00,3900.00,KMDW 252353Z 27009G23KT 10SM SCT039 BKN050 BKN090 23/16 A2958 RMK AO2 PK WND 27028/2254 RAE2258B23E37 SLP010 P0001 60001 T02330156 10306 20228 58005 $
MDW,2023-06-26 00:53,10.00,4600.00,KMDW 260053Z 26010KT 10SM SCT046 BKN065 BKN120 BKN200 21/17 A2960 RMK AO2 PK WND 29032/0020 RAB08E39 SLP014 P0024 T02060172 $
MDW,2023-06-26 01:53,10.00,3600.00,KMDW 260153Z 25009KT 10SM SCT036 BKN047 BKN060 BKN240 20/17 A2959 RMK AO2 RAB0058E16B44E50 SLP011 P0002 T02000172 $
MDW,2023-06-26 02:53,10.00,4500.00,KMDW 260253Z 26010KT 10SM SCT045 BKN190 21/17 A2960 RMK AO2 SLP013 60026 T02060172 51004 $
MDW,2023-06-26 03:53,10.00,6000.00,KMDW 260353Z 26009KT 10SM FEW060 FEW095 SCT110 BKN190 21/18 A2959 RMK AO2 RAB34E43 SLP009 P0000 T02060178 $
MDW,2023-06-26 04:53,10.00,3900.00,KMDW 260453Z 25009KT 10SM FEW039 BKN140 BKN170 21/18 A2957 RMK AO2 SLP003 T02060178 $
MDW,2023-06-26 05:53,10.00,1900.00,KMDW 260553Z 25010KT 10SM FEW019 SCT040 BKN055 21/18 A2956 RMK AO2 SLP000 60026 T02060178 10233 20194 403060194 56011 $
MDW,2023-06-26 06:53,10.00,1400.00,KMDW 260653Z 26011G20KT 10SM FEW014 SCT041 SCT080 21/18 A2956 RMK AO2 SLP999 T02060178 $
MDW,2023-06-26 07:53,10.00,2000.00,KMDW 260753Z 27010G23KT 10SM FEW020 BKN025 BKN030 21/17 A2956 RMK AO2 SLP002 T02060172 $
MDW,2023-06-26 08:53,10.00,1500.00,KMDW 260853Z 28010KT 10SM FEW015 SCT020 OVC050 21/18 A2956 RMK AO2 SLP002 T02060178 56000 $
MDW,2023-06-26 09:53,10.00,1800.00,KMDW 260953Z 27011KT 10SM FEW018 BKN026 OVC040 21/17 A2957 RMK AO2 SLP005 T02060172 $
MDW,2023-06-26 10:53,10.00,1700.00,KMDW 261053Z 28009KT 10SM BKN017 BKN024 BKN032 21/17 A2958 RMK AO2 RAB0957E34 SLP008 P0000 T02060172 $
MDW,2023-06-26 11:53,10.00,1800.00,KMDW 261153Z 28011KT 10SM BKN018 BKN024 21/17 A2959 RMK AO2 SLP012 60000 70035 T02060172 10206 20206 53009 $
MDW,2023-06-26 12:53,10.00,1800.00,KMDW 261253Z 28010G18KT 10SM FEW018 BKN065 21/17 A2960 RMK AO2 SLP015 T02110172
MDW,2023-06-26 13:53,10.00,2200.00,KMDW 261353Z 29014G19KT 10SM SCT022 BKN033 BKN120 23/17 A2960 RMK AO2 SLP016 T02280167
MDW,2023-06-26 14:53,10.00,2300.00,KMDW 261453Z 28011KT 10SM SCT023 BKN041 BKN050 22/17 A2962 RMK AO2 SLP022 T02170172 53009
MDW,2023-06-26 15:53,10.00,2300.00,KMDW 261553Z 29013G19KT 10SM SCT023 BKN029 OVC036 22/17 A2962 RMK AO2 SLP020 T02220167
MDW,2023-06-26 16:53,10.00,2300.00,KMDW 261653Z 31013G21KT 10SM BKN023 BKN029 OVC038 22/16 A2964 RMK AO2 SLP029 T02170161
MDW,2023-06-26 17:53,10.00,2300.00,KMDW 261753Z 29013G18KT 10SM BKN023 BKN030 BKN036 23/17 A2964 RMK AO2 SLP030 T02330167 10233 20206 53008
MDW,2023-06-26 18:53,10.00,2900.00,KMDW 261853Z 28016G22KT 10SM BKN029 BKN037 OVC048 23/16 A2965 RMK AO2 SLP033 VCSH N-NE T02330161
MDW,2023-06-26 19:53,8.00,2900.00,KMDW 261953Z 31013G21KT 8SM -RA SCT029 BKN033 OVC045 23/17 A2966 RMK AO2 RAB50 SLP036 P0000 T02280167
MDW,2023-06-26 20:53,7.00,3000.00,KMDW 262053Z 32018G30KT 7SM BKN030 OVC045 23/16 A2968 RMK AO2 PK WND 34030/2050 RAE14 SLP043 P0000 60000 T02280161 53013
MDW,2023-06-26 21:53,4.00,2700.00,KMDW 262153Z 34014G23KT 4SM BR SCT027 BKN034 BKN060 BKN150 23/16 A2970 RMK AO2 PK WND 32033/2126 SLP049 VCSH T02330156
MDW,2023-06-26 22:53,5.00,2900.00,KMDW 262253Z 31015G22KT 5SM FU FEW029 BKN039 BKN110 BKN150 24/16 A2971 RMK AO2 SLP053 T02390156
MDW,2023-06-26 23:53,4.00,3700.00,KMDW 262353Z 31009KT 4SM FU BKN037 BKN047 OVC060 23/15 A2972 RMK AO2 SLP057 60000 T02330150 10244 20222 51014
MDW,2023-06-27 00:53,4.00,3700.00,KMDW 270053Z 30009KT 4SM FU BKN037 BKN049 OVC075 23/16 A2973 RMK AO2 SLP059 T02330156
MDW,2023-06-27 01:53,3.00,4500.00,KMDW 270153Z 30009KT 3SM FU SCT045 BKN060 OVC075 23/16 A2974 RMK AO2 SLP060 T02280156
MDW,2023-06-27 02:53,8.00,5500.00,KMDW 270253Z 31008KT 8SM BKN055 OVC080 23/16 A2975 RMK AO2 SLP065 T02280156 53008
MDW,2023-06-27 03:53,7.00,4400.00,KMDW 270353Z 30007KT 7SM SCT044 BKN070 22/15 A2976 RMK AO2 SLP068 T02220150
MDW,2023-06-27 04:53,7.00,5000.00,KMDW 270453Z 00000KT 7SM BKN050 22/16 A2976 RMK AO2 SLP070 T02170156
MDW,2023-06-27 05:53,7.00,3300.00,KMDW 270553Z 33010KT 7SM SCT033 BKN042 22/14 A2977 RMK AO2 SLP071 T02170144 10233 20211 402440206 51007
MDW,2023-06-27 06:53,7.00,2800.00,KMDW 270653Z 34009KT 7SM SCT028 BKN042 21/14 A2977 RMK AO2 SLP073 T02110144
MDW,2023-06-27 07:53,5.00,2600.00,KMDW 270753Z 34009KT 5SM HZ FEW026 BKN033 20/14 A2978 RMK AO2 SLP075 T02000144
MDW,2023-06-27 08:53,5.00,2800.00,KMDW 270853Z 33009KT 5SM HZ BKN028 20/14 A2979 RMK AO2 SLP079 T02000144 53006
MDW,2023-06-27 09:53,4.00,2600.00,KMDW 270953Z 36008KT 4SM HZ BKN026 19/13 A2980 RMK AO2 SLP082 T01940133
MDW,2023-06-27 10:53,1.50,2500.00,KMDW 271053Z 33007KT 1 1/2SM HZ OVC025 19/13 A2982 RMK AO2 SLP089 T01940133
MDW,2023-06-27 11:53,2.00,2300.00,KMDW 271153Z 33008KT 2SM FU OVC023 19/13 A2983 RMK AO2 SLP096 T01890133 10217 20189 53016
MDW,2023-06-27 12:53,2.00,2200.00,KMDW 271253Z 36010KT 2SM FU OVC022 19/13 A2985 RMK AO2 SLP102 T01890133
MDW,2023-06-27 13:53,2.50,2100.00,KMDW 271353Z 35009KT 2 1/2SM FU BKN021 OVC029 19/13 A2987 RMK AO2 SLP108 T01890133
MDW,2023-06-27 14:53,2.00,2300.00,KMDW 271453Z 03009KT 2SM FU OVC023 19/13 A2988 RMK AO2 SLP113 T01940133 51017
MDW,2023-06-27 15:53,1.75,2800.00,KMDW 271553Z 35010G17KT 1 3/4SM FU OVC028 21/13 A2991 RMK AO2 SLP121 T02110133
MDW,2023-06-27 16:53,1.50,2500.00,KMDW 271653Z 01013G17KT 1 1/2SM FU BKN025 OVC030 23/13 A2991 RMK AO2 SLP120 T02280128
MDW,2023-06-27 17:53,1.25,2500.00,KMDW 271753Z 01014G19KT 1 1/4SM FU BKN025 OVC029 23/11 A2990 RMK AO2 SLP118 T02280111 10233 20189 50006
MDW,2023-06-27 18:53,1.25,2500.00,KMDW 271853Z 36011G18KT 1 1/4SM FU OVC025 23/11 A2991 RMK AO2 SLP121 T02330111
MDW,2023-06-27 19:53,1.25,2400.00,KMDW 271953Z 02009KT 1 1/4SM FU BKN024 BKN030 24/12 A2991 RMK AO2 SLP122 T02390122
MDW,2023-06-27 20:53,2.00,2300.00,KMDW 272053Z 04010KT 2SM FU SCT023 BKN030 23/12 A2992 RMK AO2 SLP124 T02330122 51006
MDW,2023-06-27 21:53,1.75,2700.00,KMDW 272153Z 06007KT 1 3/4SM FU BKN027 23/12 A2993 RMK AO2 SLP129 FU BKN027 T02280122
MDW,2023-06-27 22:53,1.50,2700.00,KMDW 272253Z 04009KT 1 1/2SM FU OVC027 22/12 A2994 RMK AO2 SLP130 FU OVC027 T02220122
MDW,2023-06-27 23:53,1.25,2900.00,KMDW 272353Z 03011KT 1 1/4SM FU OVC029 21/12 A2993 RMK AO2 SLP129 FU OVC029 T02060117 10244 20206 50003
MDW,2023-06-28 00:53,1.25,3000.00,KMDW 280053Z 03010KT 1 1/4SM FU OVC030 20/11 A2994 RMK AO2 SLP133 FU OVC030 T02000111
MDW,2023-06-28 01:53,1.25,4200.00,KMDW 280153Z 01005KT 1 1/4SM FU OVC042 19/11 A2995 RMK AO2 SLP138 FU OVC042 T01890106
MDW,2023-06-28 02:53,1.25,3500.00,KMDW 280253Z 05004KT 1 1/4SM FU OVC035 19/10 A2996 RMK AO2 SLP138 FU OVC035 T01890100 51009
MDW,2023-06-28 03:53,1.25,3500.00,KMDW 280353Z 02003KT 1 1/4SM FU OVC035 19/09 A2996 RMK AO2 SLP140 FU OVC035 T01940094
MDW,2023-06-28 04:53,1.25,2900.00,KMDW 280453Z 00000KT 1 1/4SM FU OVC029 18/11 A2997 RMK AO2 SLP140 FU OVC035 T01830106
MDW,2023-06-28 05:53,1.25,3000.00,KMDW 280553Z 00000KT 1 1/4SM FU OVC030 18/11 A2997 RMK AO2 SLP143 FU OVC029 T01830106 10206 20183 402440183 53005
MDW,2023-06-28 06:53,1.25,2400.00,KMDW 280653Z COR 00000KT 1 1/4SM FU OVC024 17/11 A2999 RMK AO2 SLP150 FU OVC024 T01670111
MDW,2023-06-28 07:53,1.25,2200.00,KMDW 280753Z 00000KT 1 1/4SM FU OVC022 16/11 A2999 RMK AO2 SLP150 FU OVC022 T01610111
MDW,2023-06-28 08:53,1.25,2200.00,KMDW 280853Z 00000KT 1 1/4SM FU OVC022 16/11 A2998 RMK AO2 SLP148 FU OVC022 T01560111 50004
MDW,2023-06-28 09:53,1.50,2200.00,KMDW 280953Z 34003KT 1 1/2SM FU OVC022 16/11 A2999 RMK AO2 SLP149 FU OVC022 T01560111
MDW,2023-06-28 10:53,1.25,25000.00,KMDW 281053Z 00000KT 1 1/4SM FU FEW250 16/12 A3000 RMK AO2 SLP154 T01560117
MDW,2023-06-28 11:53,1.25,1900.00,KMDW 281153Z 00000KT 1 1/4SM FU FEW019 BKN150 BKN250 17/13 A3002 RMK AO2 SLP161 T01720128 10183 20150 53012
MDW,2023-06-28 12:53,1.25,1700.00,KMDW 281253Z 20004KT 1 1/4SM FU BKN017 BKN150 BKN250 19/13 A3002 RMK AO2 SLP161 T01890128
MDW,2023-06-28 13:53,1.50,1900.00,KMDW 281353Z 22005KT 1 1/2SM FU BKN019 BKN150 BKN250 20/13 A3005 RMK AO2 SLP171 T02000133
MDW,2023-06-28 14:53,1.25,1900.00,KMDW 281453Z 17010KT 1 1/4SM FU BKN019 BKN160 OVC250 21/13 A3000 RMK AO2 PRESFR SLP154 T02110133 58006
MDW,2023-06-28 15:53,1.25,1700.00,KMDW 281553Z VRB03KT 1 1/4SM FU BKN017 BKN160 OVC250 23/14 A2999 RMK AO2 SLP146 T02330139
MDW,2023-06-28 16:53,1.25,1700.00,KMDW 281653Z 11005KT 1 1/4SM FU BKN017 BKN160 OVC250 26/13 A2998 RMK AO2 SLP144 T02560128
MDW,2023-06-28 17:53,2.00,2500.00,KMDW 281753Z 13010G15KT 2SM FU BKN025 BKN160 OVC250 28/11 A2998 RMK AO2 SLP143 T02780106 10278 20172 55008
MDW,2023-06-28 18:53,2.50,3700.00,KMDW 281853Z 08010KT 2 1/2SM FU FEW037 SCT160 OVC250 28/12 A2997 RMK AO2 SLP139 T02830122
MDW,2023-06-28 19:53,1.75,2900.00,KMDW 281953Z 11011G18KT 1 3/4SM FU BKN029 BKN160 OVC250 28/14 A2996 RMK AO2 SLP139 T02830139
MDW,2023-06-28 20:53,1.75,3200.00,KMDW 282053Z 12011KT 1 3/4SM FU SCT032 BKN110 BKN250 29/13 A2994 RMK AO2 SLP132 T02890133 58012
MDW,2023-06-28 21:53,1.75,3400.00,KMDW 282153Z 09010G17KT 1 3/4SM FU SCT034 SCT110 BKN250 28/13 A2992 RMK AO2 SLP126 FU SCT034 T02780133
MDW,2023-06-28 22:53,1.75,3400.00,KMDW 282253Z 10011KT 1 3/4SM FU BKN034 BKN250 27/14 A2992 RMK AO2 SLP126 FU BKN034 T02670144
MDW,2023-06-28 23:53,1.75,3900.00,KMDW 282353Z 11007KT 1 3/4SM FU BKN039 BKN250 26/14 A2993 RMK AO2 SLP126 FU BKN039 T02610144 10289 20261 55006
MDW,2023-06-29 00:53,1.75,3300.00,KMDW 290053Z 11005KT 1 3/4SM FU OVC033 25/15 A2993 RMK AO2 SLP128 FU OVC033 T02500150
MDW,2023-06-29 01:53,1.25,3800.00,KMDW 290153Z 12003KT 1 1/4SM FU BKN038 OVC100 24/15 A2994 RMK AO2 SLP130 FU BKN038 T02440150 $
MDW,2023-06-29 02:53,1.75,3600.00,KMDW 290253Z 13006KT 1 3/4SM FU BKN036 24/15 A2993 RMK AO2 SLP128 FU BKN036 T02390150 50002 $
MDW,2023-06-29 03:53,1.75,3400.00,KMDW 290353Z 15008KT 1 3/4SM FU BKN034 24/13 A2993 RMK AO2 SLP125 FU BKN034 T02440133 $
MDW,2023-06-29 04:53,1.75,25000.00,KMDW 290453Z 15007KT 1 3/4SM FU FEW250 24/14 A2992 RMK AO2 SLP121 T02390144 $
MDW,2023-06-29 05:53,2.00,25000.00,KMDW 290553Z 16008KT 2SM FU BKN250 23/14 A2990 RMK AO2 SLP112 T02330144 10261 20233 402890150 58013 $
MDW,2023-06-29 06:53,2.00,12000.00,KMDW 290653Z 17010KT 2SM FU SCT120 BKN250 23/14 A2989 RMK AO2 SLP110 T02330144 $
MDW,2023-06-29 07:53,2.50,13000.00,KMDW 290753Z 17008KT 2 1/2SM FU SCT130 BKN250 23/15 A2988 RMK AO2 SLP109 OCNL LTGIC DSNT NW CB DSNT NW T02280150 $
MDW,2023-06-29 08:53,2.00,14000.00,KMDW 290853Z 16006KT 2SM FU SCT140 BKN250 23/16 A2988 RMK AO2 SLP109 OCNL LTGIC DSNT NE CB DSNT NE T02280156 56004 $
MDW,2023-06-29 09:53,2.00,10000.00,KMDW 290953Z 17007KT 2SM FU SCT100 SCT140 BKN250 23/16 A2986 RMK AO2 SLP101 OCNL LTGIC DSNT N CB DSNT N T02280161 $
MDW,2023-06-29 10:53,1.75,9000.00,KMDW 291053Z 12006KT 1 3/4SM FU BKN090 BKN250 23/16 A2988 RMK AO2 SLP110 OCNL LTGIC DSNT NE CB DSNT NE T02280161 $
MDW,2023-06-29 11:53,1.75,10000.00,KMDW 291153Z 16008KT 1 3/4SM FU FEW100 FEW250 24/17 A2988 RMK AO2 SLP109 T02390167 10239 20228 55000 $
MDW,2023-06-29 12:53,2.00,10000.00,KMDW 291253Z 17008KT 2SM FU FEW100 FEW250 25/17 A2989 RMK AO2 SLP113 T02500172
MDW,2023-06-29 13:53,3.00,25000.00,KMDW 291353Z 17009G17KT 3SM FU FEW250 26/18 A2989 RMK AO2 SLP110 T02610178
MDW,2023-06-29 14:53,4.00,25000.00,KMDW 291453Z 19012G19KT 4SM FU FEW250 28/19 A2988 RMK AO2 SLP106 T02780189 58006
MDW,2023-06-29 15:53,6.00,8000.00,KMDW 291553Z 20010KT 6SM HZ BKN080 BKN250 28/20 A2989 RMK AO2 SLP108 T02830200
MDW,2023-06-29 16:53,7.00,4500.00,KMDW 291653Z 19009KT 7SM SCT045 BKN080 BKN220 29/20 A2986 RMK AO2 SLP099 T02940200
MDW,2023-06-29 17:53,7.00,4200.00,KMDW 291753Z 15009KT 7SM BKN042 BKN090 OVC200 30/21 A2983 RMK AO2 PRESFR SLP088 T03000206 10306 20239 58016
MDW,2023-06-29 18:53,7.00,3200.00,KMDW 291853Z 15010G23KT 7SM BKN032 OVC085 29/21 A2981 RMK AO2 SLP084 T02940211
MDW,2023-06-29 19:53,7.00,3000.00,KMDW 291953Z 16006G15KT 7SM BKN030 OVC047 28/21 A2981 RMK AO2 LTG DSNT S AND SW SLP082 T02830211
MDW,2023-06-29 20:53,8.00,2000.00,KMDW 292053Z 24006KT 8SM TS FEW020 BKN027CB OVC033 27/22 A2979 RMK AO2 TSB21 SLP079 OCNL LTGICCG VC N TS VC N MOV NE T02720217 56010
MDW,2023-06-29 21:53,9.00,2000.00,KMDW 292153Z COR 21007KT 9SM FEW020 BKN033 BKN170 OVC200 26/22 A2980 RMK AO2 TSE47 SLP081 OCNL LTGICCG DSNT S CB DSNT S T02610222
MDW,2023-06-29 22:53,8.00,3300.00,KMDW 292253Z 27009KT 8SM FEW033 SCT080 BKN170 OVC200 27/23 A2979 RMK AO2 SLP077 T02670228
MDW,2023-06-29 23:53,8.00,8000.00,KMDW 292353Z 30007KT 8SM FEW080 FEW170 OVC200 28/23 A2981 RMK AO2 SLP082 T02780228 10300 20261 53004
MDW,2023-06-30 00:53,7.00,4800.00,KMDW 300053Z COR 00000KT 7SM FEW048 BKN060 BKN160 OVC200 27/22 A2985 RMK AO2 SLP097 T02720222
MDW,2023-06-30 01:53,8.00,1700.00,KMDW 300153Z 25012KT 8SM FEW017 FEW060 SCT180 OVC200 24/21 A2985 RMK AO2 SLP098 T02390211
MDW,2023-06-30 02:53,7.00,800.00,KMDW 300253Z 23009KT 7SM BKN008 OVC200 24/21 A2986 RMK AO2 SLP101 T02390211 51018
MDW,2023-06-30 03:53,7.00,800.00,KMDW 300353Z 22010KT 7SM OVC008 23/21 A2989 RMK AO2 SLP110 T02330211
MDW,2023-06-30 04:53,5.00,600.00,KMDW 300453Z 22009KT 5SM HZ OVC006 23/21 A2990 RMK AO2 SLP113 T02330211
MDW,2023-06-30 05:53,5.00,700.00,KMDW 300553Z 23010KT 5SM BR OVC007 23/21 A2992 RMK AO2 SLP118 T02330211 10278 20233 403060228 51018
MDW,2023-06-30 06:53,5.00,700.00,KMDW 300653Z 24008KT 5SM BR OVC007 23/21 A2992 RMK AO2 SLP120 T02280211 $
MDW,2023-06-30 07:53,5.00,700.00,KMDW 300753Z 24008KT 5SM BR OVC007 23/21 A2991 RMK AO2 SLP118 T02280206 $
MDW,2023-06-30 08:53,5.00,800.00,KMDW 300853Z 27004KT 5SM BR FEW008 22/21 A2990 RMK AO2 SLP115 T02220206 58006 $
MDW,2023-06-30 09:53,6.00,M,KMDW 300953Z 24004KT 6SM BR CLR 22/20 A2989 RMK AO2 SLP113 T02170200 $
MDW,2023-06-30 10:53,3.00,500.00,KMDW 301053Z 00000KT 3SM FU BKN005 BKN250 22/20 A2991 RMK AO2 SLP119 T02170200 $
MDW,2023-06-30 11:53,2.50,400.00,KMDW 301153Z 33004KT 2 1/2SM BR BKN004 22/21 A2992 RMK AO2 SLP123 T02220206 10233 20211 53008 $
MDW,2023-06-30 12:53,3.00,500.00,KMDW 301253Z 00000KT 3SM BR FEW005 24/21 A2993 RMK AO2 SLP123 T02390206
MDW,2023-06-30 13:53,5.00,25000.00,KMDW 301353Z 20003KT 5SM BR FEW250 26/21 A2994 RMK AO2 SLP129 T02610206
MDW,2023-06-30 14:53,5.00,25000.00,KMDW 301453Z 00000KT 5SM BR BKN250 28/20 A2993 RMK AO2 SLP125 T02830200 50003
MDW,2023-06-30 15:53,7.00,20000.00,KMDW 301553Z 24006KT 7SM SCT200 OVC250 29/19 A2994 RMK AO2 SLP127 T02940194
MDW,2023-06-30 16:53,8.00,4500.00,KMDW 301653Z 19003KT 8SM FEW045 FEW200 OVC250 31/19 A2994 RMK AO2 SLP127 T03060189
MDW,2023-06-30 17:53,8.00,4500.00,KMDW 301753Z 22010KT 8SM FEW045 FEW150 SCT200 OVC250 32/20 A2996 RMK AO2 SLP133 T03170200 10322 20222 53009
MDW,2023-06-30 18:53,10.00,5000.00,KMDW 301853Z 24013G21KT 10SM FEW050 FEW170 SCT200 OVC250 31/19 A2996 RMK AO2 LTG DSNT NW SLP134 T03110194
MDW,2023-06-30 19:53,9.00,5000.00,KMDW 301953Z 18006G15KT 9SM FEW050 FEW170 SCT200 OVC250 29/20 A2989 RMK AO2 PRESFR SLP109 T02940200
MDW,2023-06-30 20:53,9.00,6000.00,KMDW 302053Z 12006KT 9SM FEW060 BKN110 BKN150 OVC250 31/18 A2984 RMK AO2 SLP093 T03060178 58039
MDW,2023-06-30 21:53,9.00,10000.00,KMDW 302153Z 23003KT 9SM BKN100 OVC150 31/17 A2989 RMK AO2 SLP110 T03060172
MDW,2023-06-30 22:53,9.00,6000.00,KMDW 302253Z 23009KT 9SM FEW060 SCT100 BKN150 BKN250 31/19 A2990 RMK AO2 SLP115 TCU DSNT W T03060189
MDW,2023-06-30 23:53,8.00,6000.00,KMDW 302353Z 24008KT 8SM SCT060 BKN120 BKN250 29/21 A2990 RMK AO2 SLP115 CB DSNT N-NE T02940211 10317 20294 51021
MDW,2023-07-01 00:53,9.00,6000.00,KMDW 010053Z 25006KT 9SM FEW060 SCT120 BKN150 BKN200 29/20 A2990 RMK AO2 SLP113 TCU DSNT N-NE T02890200
MDW,2023-07-01 01:53,8.00,6000.00,KMDW 010153Z 23006KT 8SM FEW060 FEW120 27/20 A2990 RMK AO2 SLP113 T02720200
MDW,2023-07-01 02:53,9.00,10000.00,KMDW 010253Z 22005KT 9SM FEW100 27/21 A2991 RMK AO2 SLP117 T02670206 53003
MDW,2023-07-01 03:53,8.00,M,KMDW 010353Z 23005KT 8SM CLR 26/20 A2991 RMK AO2 SLP116 T02610200
MDW,2023-07-01 04:53,8.00,M,KMDW 010453Z 21003KT 8SM CLR 26/20 A2989 RMK AO2 SLP107 T02560200
MDW,2023-07-01 05:53,7.00,M,KMDW 010553Z 25004KT 7SM CLR 24/20 A2989 RMK AO2 SLP109 T02390200 10289 20239 403220211 55008 $
MDW,2023-07-01 06:53,7.00,18000.00,KMDW 010653Z 00000KT 7SM BKN180 24/20 A2989 RMK AO2 SLP109 T02390200 $
MDW,2023-07-01 07:53,7.00,18000.00,KMDW 010753Z 21003KT 7SM FEW180 24/19 A2985 RMK AO2 SLP096 T02390194 $
MDW,2023-07-01 08:53,7.00,18000.00,KMDW 010853Z 24003KT 7SM FEW180 SCT250 23/19 A2987 RMK AO2 SLP104 T02280194 55005 $
MDW,2023-07-01 09:53,7.00,3100.00,KMDW 010953Z 00000KT 7SM FEW031 FEW140 SCT250 23/19 A2986 RMK AO2 SLP100 T02280194 $
MDW,2023-07-01 10:53,7.00,3100.00,KMDW 011053Z 25003KT 7SM FEW031 SCT170 BKN250 23/19 A2987 RMK AO2 SLP104 T02280194 $
MDW,2023-07-01 11:53,7.00,3100.00,KMDW 011153Z 26004KT 7SM FEW031 SCT170 OVC230 23/19 A2989 RMK AO2 SLP110 T02280194 10250 20228 53004 $
MDW,2023-07-01 12:53,8.00,3200.00,KMDW 011253Z 00000KT 8SM FEW032 FEW120 SCT170 OVC230 23/19 A2988 RMK AO2 SLP109 T02330194 $
MDW,2023-07-01 13:53,9.00,3200.00,KMDW 011353Z 00000KT 9SM FEW032 BKN120 OVC230 23/19 A2986 RMK AO2 RAB27E41 SLP102 P0000 T02280194 $
MDW,2023-07-01 14:53,9.00,3400.00,KMDW 011453Z 21004KT 9SM FEW034 BKN100 BKN120 OVC230 23/20 A2987 RMK AO2 RAB23E48 SLP105 P0000 60000 T02330200 55006 $
MDW,2023-07-01 15:53,10.00,7500.00,KMDW 011553Z 24007KT 10SM FEW075 SCT100 BKN120 BKN230 26/20 A2987 RMK AO2 RAB1458E13 SLP104 P0000 T02610200 $
MDW,2023-07-01 16:53,10.00,7500.00,KMDW 011653Z 27004KT 10SM FEW075 SCT100 SCT120 BKN250 28/19 A2988 RMK AO2 SLP106 T02780194 $
MDW,2023-07-01 17:53,10.00,3600.00,KMDW 011753Z 20007KT 10SM FEW036 SCT150 BKN180 BKN250 29/20 A2986 RMK AO2 SLP101 60000 T02890200 10289 20228 58001 $
MDW,2023-07-01 18:53,10.00,3900.00,KMDW 011853Z 21008KT 10SM FEW039 SCT150 SCT180 BKN250 30/19 A2985 RMK AO2 SLP095 T03000194 $
MDW,2023-07-01 19:53,10.00,3900.00,KMDW 011953Z 20009KT 10SM FEW039 SCT150 SCT180 BKN250 29/19 A2982 RMK AO2 SLP084 T02890189 $
MDW,2023-07-01 20:53,10.00,4000.00,KMDW 012053Z 25006KT 10SM FEW040CB BKN180 BKN250 29/19 A2980 RMK AO2 SLP079 CB N-NE MOV E T02890189 58023 $
MDW,2023-07-01 21:53,10.00,4400.00,KMDW 012153Z 22006KT 10SM TS SCT044CB BKN065 BKN170 OVC250 29/19 A2979 RMK AO2 TSB47 SLP078 OCNL LTGICCG VC NW TS VC NW MOV E T02890189 $
MDW,2023-07-01 22:53,10.00,3000.00,KMDW 012253Z 34008KT 10SM BKN030 BKN140 OVC250 27/20 A2980 RMK AO2 TSE52 SLP082 T02670200 $
MDW,2023-07-01 23:53,8.00,3500.00,KMDW 012353Z 01006KT 8SM FEW035 BKN070 BKN130 OVC250 26/21 A2980 RMK AO2 RAB2257E08 SLP081 P0000 60000 T02560206 10300 20256 50001 $
MDW,2023-07-02 00:53,10.00,3500.00,KMDW 020053Z 03003KT 10SM FEW035 SCT070 BKN110 OVC250 26/21 A2980 RMK AO2 SLP080 T02560206 $
MDW,2023-07-02 01:53,10.00,3500.00,KMDW 020153Z 32007KT 10SM FEW035 BKN110 OVC250 25/20 A2981 RMK AO2 SLP084 T02500200 $
MDW,2023-07-02 02:53,10.00,3700.00,KMDW 020253Z 05003KT 10SM BKN037 BKN050 OVC100 25/21 A2980 RMK AO2 SLP081 T02500206 50000 $
MDW,2023-07-02 03:53,8.00,5000.00,KMDW 020353Z 02005KT 8SM FEW050 BKN080 OVC100 24/21 A2978 RMK AO2 SLP072 T02440211 $
MDW,2023-07-02 04:53,8.00,1000.00,KMDW 020453Z 06004KT 8SM FEW010 BKN070 OVC100 24/21 A2977 RMK AO2 SLP069 OCNL LTGIC DSNT SE-S CB DSNT SE-S FU FEW010 T02440206 $
MDW,2023-07-02 05:53,9.00,7000.00,KMDW 020553Z 09005KT 9SM -RA BKN070 OVC110 24/21 A2976 RMK AO2 RAB38 SLP064 P0000 60000 T02390206 10256 20239 403000228 56014 $
MDW,2023-07-02 06:53,6.00,1300.00,KMDW 020653Z 16005KT 6SM -RA BR SCT013 BKN050 OVC090 23/21 A2974 RMK AO2 SLP060 P0004 T02280211 $
MDW,2023-07-02 07:53,6.00,900.00,KMDW 020753Z 00000KT 6SM -RA BR FEW009 BKN070 OVC110 23/21 A2973 RMK AO2 SLP056 P0002 T02280211 $
MDW,2023-07-02 08:53,6.00,900.00,KMDW 020853Z VRB03KT 6SM -RA BR FEW009 BKN085 OVC110 23/21 A2972 RMK AO2 RAE03B34 SLP052 P0001 60007 T02280206 56013 $
MDW,2023-07-02 09:53,6.00,700.00,KMDW 020953Z 17004KT 6SM -RA BR SCT007 BKN014 OVC024 23/21 A2973 RMK AO2 SLP056 P0001 T02280206 $
MDW,2023-07-02 10:53,6.00,900.00,KMDW 021053Z 17006KT 6SM BR BKN009 OVC014 22/21 A2973 RMK AO2 RAE08 SLP056 OCNL LTGIC DSNT NE CB DSNT NE P0000 T02220206 $
MDW,2023-07-02 11:53,10.00,700.00,KMDW 021153Z VRB03KT 10SM BKN007 OVC014 22/21 A2974 RMK AO2 SLP062 60008 70008 T02220206 10239 20222 53007 $
MDW,2023-07-02 12:53,2.50,600.00,KMDW 021253Z 12003KT 2 1/2SM -RA BR SCT006 BKN015 OVC037 22/21 A2974 RMK AO2 LTG DSNT E RAB05 SLP061 P0047 T02170206 $
MDW,2023-07-02 13:53,1.00,500.00,KMDW 021353Z 11005KT 1SM R31C/3000V6000FT +RA BR BKN005 OVC010 22/21 A2974 RMK AO2 LTG DSNT NE AND E SLP061 P0022 T02170211 $
MDW,2023-07-02 14:53,1.25,400.00,KMDW 021453Z 03011KT 1 1/4SM R31C/4000V5500FT +RA BR SCT004 BKN009 OVC024 21/20 A2972 RMK AO2 LTG DSNT ALQDS SLP057 P0065 60134 T02110200 58005 $
MDW,2023-07-02 15:53,2.50,400.00,KMDW 021553Z 02013KT 2 1/2SM R31C/4500VP6000FT RA BR SCT004 BKN009 OVC013 21/19 A2972 RMK AO2 LTG DSNT NE-SE SLP054 P0160 T02060189 $
MDW,2023-07-02 16:53,4.00,600.00,KMDW 021653Z 36012KT 4SM RA BR BKN006 OVC023 21/19 A2973 RMK AO2 LTG DSNT NE-S SLP058 P0023 T02060194 $
MDW,2023-07-02 17:53,2.00,600.00,KMDW 021753Z 36011G20KT 2SM R31C/2000VP6000FT RA BR BKN006 OVC014 20/19 A2974 RMK AO2 LTG DSNT E AND SE SLP062 P0027 60344 T02000189 10222 20200 53006 $
MDW,2023-07-02 18:53,7.00,800.00,KMDW 021853Z 33012KT 7SM BKN008 OVC012 20/19 A2974 RMK AO2 RAE35 SLP064 P0001 T02000189 $
MDW,2023-07-02 19:53,2.00,600.00,KMDW 021953Z 33013G20KT 2SM +RA BR BKN006 OVC016 20/19 A2975 RMK AO2 RAB04 SLP068 P0007 T02000189 $
MDW,2023-07-02 20:53,1.75,600.00,KMDW 022053Z 33012KT 1 3/4SM RA BR BKN006 OVC011 19/18 A2976 RMK AO2 SLP070 P0076 60084 T01940183 51007 $
MDW,2023-07-02 21:53,3.00,600.00,KMDW 022153Z 34011KT 3SM -RA BR BKN006 BKN011 OVC017 20/19 A2976 RMK AO2 SLP068 P0030 T02000189 $
MDW,2023-07-02 22:53,5.00,700.00,KMDW 022253Z 36011G19KT 5SM -RA BR BKN007 OVC013 20/18 A2976 RMK AO2 SLP069 P0002 T02000183 $
MDW,2023-07-02 23:53,10.00,1000.00,KMDW 022353Z 01011KT 10SM FEW010 BKN095 OVC250 20/18 A2978 RMK AO2 RAE10 SLP076 P0000 60116 T02000178 10206 20194 53006 $
MDW,2023-07-03 00:53,10.00,11000.00,KMDW 030053Z 36007KT 10SM SCT110 BKN140 OVC250 20/17 A2979 RMK AO2 SLP080 T02000172 $
MDW,2023-07-03 01:53,10.00,7500.00,KMDW 030153Z 34008KT 10SM SCT075 BKN120 BKN150 BKN250 19/16 A2980 RMK AO2 SLP083 T01940161 $
MDW,2023-07-03 02:53,10.00,10000.00,KMDW 030253Z 34009KT 10SM SCT100 SCT160 BKN250 19/15 A2981 RMK AO2 SLP086 T01940150 51010 $
MDW,2023-07-03 03:53,10.00,13000.00,KMDW 030353Z 34004KT 10SM SCT130 SCT160 SCT250 19/14 A2982 RMK AO2 SLP092 T01890144 $
MDW,2023-07-03 04:53,10.00,5000.00,KMDW 030453Z 34008KT 10SM FEW050 FEW090 SCT250 19/14 A2982 RMK AO2 SLP093 T01890144 $
MDW,2023-07-03 05:53,10.00,5000.00,KMDW 030553Z 35006KT 10SM FEW050 BKN090 BKN250 19/14 A2982 RMK AO2 SLP093 T01890144 10200 20189 402390189 51006 $
MDW,2023-07-03 06:53,10.00,5000.00,KMDW 030653Z 33007KT 10SM FEW050 SCT095 SCT250 18/14 A2983 RMK AO2 SLP094 T01830144 $
MDW,2023-07-03 07:53,10.00,5000.00,KMDW 030753Z 31005KT 10SM FEW050 SCT130 SCT250 18/14 A2983 RMK AO2 SLP095 T01780139 $
MDW,2023-07-03 08:53,10.00,14000.00,KMDW 030853Z 31005KT 10SM FEW140 FEW250 18/14 A2983 RMK AO2 SLP097 T01780139 53003 $
MDW,2023-07-03 09:53,10.00,8000.00,KMDW 030953Z 30004KT 10SM FEW080 FEW140 FEW250 18/14 A2985 RMK AO2 SLP103 T01780139 $
MDW,2023-07-03 10:53,10.00,8000.00,KMDW 031053Z 31004KT 10SM FEW080 FEW140 FEW250 18/14 A2987 RMK AO2 SLP110 T01780144 $
MDW,2023-07-03 11:53,10.00,8000.00,KMDW 031153Z 33008KT 10SM FEW080 FEW250 20/14 A2988 RMK AO2 SLP113 70460 T02000144 10200 20172 51016
MDW,2023-07-03 12:53,10.00,8000.00,KMDW 031253Z 01006KT 10SM FEW080 FEW250 23/15 A2990 RMK AO2 SLP116 T02280150
MDW,2023-07-03 13:53,10.00,11000.00,KMDW 031353Z 35007KT 10SM FEW110 FEW250 24/14 A2992 RMK AO2 SLP123 T02440144
MDW,2023-07-03 14:53,10.00,11000.00,KMDW 031453Z 03006KT 10SM FEW110 FEW250 26/15 A2992 RMK AO2 SLP123 T02610150 51013
MDW,2023-07-03 15:53,10.00,11000.00,KMDW 031553Z 03008KT 10SM SCT110 SCT250 27/15 A2993 RMK AO2 SLP125 T02720150
MDW,2023-07-03 16:53,10.00,11000.00,KMDW 031653Z 01007KT 10SM FEW110 SCT250 28/15 A2993 RMK AO2 SLP126 T02830150
MDW,2023-07-03 17:53,10.00,5000.00,KMDW 031753Z 03005KT 10SM FEW050 FEW110 BKN250 29/16 A2993 RMK AO2 SLP126 T02890161 10289 20200 51003
MDW,2023-07-03 18:53,10.00,5500.00,KMDW 031853Z 03005KT 10SM FEW055 BKN250 30/17 A2993 RMK AO2 SLP126 T03000167
MDW,2023-07-03 19:53,10.00,5500.00,KMDW 031953Z 07010KT 10SM FEW055 BKN250 29/16 A2993 RMK AO2 SLP125 T02890156
MDW,2023-07-03 20:53,10.00,5500.00,KMDW 032053Z 09010KT 10SM FEW055 SCT250 28/15 A2993 RMK AO2 SLP125 T02830150 58001
MDW,2023-07-03 21:53,10.00,5500.00,KMDW 032153Z 09010KT 10SM FEW055 FEW250 28/15 A2992 RMK AO2 SLP123 T02780150
MDW,2023-07-03 22:53,10.00,5500.00,KMDW 032253Z 10007KT 10SM FEW055 FEW250 27/15 A2991 RMK AO2 SLP119 T02720150
MDW,2023-07-03 23:53,10.00,5500.00,KMDW 032353Z 11007KT 10SM FEW055 27/14 A2990 RMK AO2 SLP118 T02670139 10300 20267 56007
MDW,2023-07-04 00:53,10.00,5500.00,KMDW 040053Z 12006KT 10SM FEW055 26/14 A2992 RMK AO2 SLP121 T02610139
MDW,2023-07-04 01:53,10.00,M,KMDW 040153Z 13004KT 10SM CLR 25/13 A2993 RMK AO2 SLP127 T02500128
MDW,2023-07-04 02:53,10.00,M,KMDW 040253Z 13003KT 10SM CLR 25/14 A2996 RMK AO2 SLP134 T02500139 53018
MDW,2023-07-04 03:53,10.00,500.00,KMDW 040353Z 19004KT 10SM FEW005 26/14 A2996 RMK AO2 SLP133 FU FEW005 T02560139
MDW,2023-07-04 04:53,10.00,500.00,KMDW 040453Z 20005KT 10SM FEW005 24/15 A2995 RMK AO2 SLP131 FU FEW005 T02390150
MDW,2023-07-04 05:53,10.00,500.00,KMDW 040553Z 22005KT 10SM FEW005 23/15 A2996 RMK AO2 SLP135 FU FEW005 T02280150 10267 20228 403000172 53002
MDW,2023-07-04 06:53,10.00,M,KMDW 040653Z 21005KT 10SM CLR 23/16 A2995 RMK AO2 SLP132 T02280156
MDW,2023-07-04 07:53,10.00,M,KMDW 040753Z 21005KT 10SM CLR 22/16 A2996 RMK AO2 SLP134 T02220161
MDW,2023-07-04 08:53,10.00,M,KMDW 040853Z 00000KT 10SM CLR 21/16 A2996 RMK AO2 SLP136 T02110161 55000
MDW,2023-07-04 09:53,10.00,9000.00,KMDW 040953Z 21005KT 10SM FEW090 22/17 A2995 RMK AO2 SLP133 T02170167
MDW,2023-07-04 10:53,10.00,25000.00,KMDW 041053Z 20008KT 10SM FEW250 22/17 A2997 RMK AO2 SLP139 T02170172
MDW,2023-07-04 11:53,10.00,9000.00,KMDW 041153Z 22006KT 10SM FEW090 FEW250 23/18 A2997 RMK AO2 SLP140 T02280183 10239 20206 53004
MDW,2023-07-04 12:53,10.00,9000.00,KMDW 041253Z 22005KT 10SM FEW090 FEW250 26/19 A2999 RMK AO2 SLP146 T02560194
MDW,2023-07-04 13:53,10.00,9000.00,KMDW 041353Z 24006KT 10SM FEW090 FEW250 27/19 A3000 RMK AO2 SLP149 T02720194
MDW,2023-07-04 14:53,10.00,9000.00,KMDW 041453Z 28008KT 10SM FEW090 FEW250 29/18 A3000 RMK AO2 SLP148 T02940183 50009
MDW,2023-07-04 15:53,10.00,5000.00,KMDW 041553Z 26008KT 10SM FEW050 FEW090 FEW250 30/18 A3000 RMK AO2 SLP147 T03000183
MDW,2023-07-04 16:53,10.00,5000.00,KMDW 041653Z 22005KT 10SM SCT050 SCT250 31/18 A2998 RMK AO2 SLP142 T03060178
MDW,2023-07-04 17:53,10.00,5500.00,KMDW 041753Z 27007KT 240V310 10SM SCT055 SCT250 31/17 A2997 RMK AO2 SLP138 T03110172 10317 20228 58009
MDW,2023-07-04 18:53,10.00,6000.00,KMDW 041853Z 20006KT 10SM SCT060 32/16 A2997 RMK AO2 SLP136 T03220161
MDW,2023-07-04 19:53,10.00,6000.00,KMDW 041953Z 25010KT 10SM SCT060 33/16 A2996 RMK AO2 SLP134 T03280161
MDW,2023-07-04 20:53,10.00,7000.00,KMDW 042053Z 25012KT 10SM SCT070 SCT120 33/17 A2995 RMK AO2 SLP131 T03280167 58007
MDW,2023-07-04 21:53,10.00,7000.00,KMDW 042153Z 21009KT 10SM SCT070TCU SCT120 33/16 A2995 RMK AO2 LTG DSNT W SLP129 TCU OHD CB DSNT W-NW T03330156
MDW,2023-07-04 22:53,10.00,7000.00,KMDW 042253Z 25009KT 10SM SCT070 SCT120 BKN150 32/17 A2994 RMK AO2 SLP127 CB DSNT W-NE T03220172
MDW,2023-07-04 23:53,10.00,7000.00,KMDW 042353Z 25008KT 10SM FEW070 SCT100 BKN150 31/18 A2995 RMK AO2 SLP129 CB DSNT SE T03110183 10333 20311 55002
MDW,2023-07-05 00:53,10.00,7000.00,KMDW 050053Z 23005KT 10SM FEW070 FEW100 SCT150 SCT250 30/18 A2994 RMK AO2 SLP128 CB DSNT SW T03000178
MDW,2023-07-05 01:53,10.00,15000.00,KMDW 050153Z 20005KT 10SM FEW150 FEW250 30/18 A2994 RMK AO2 SLP127 T03000183
MDW,2023-07-05 02:53,6.00,200.00,KMDW 050253Z 19007KT 6SM FU SCT002 SCT150 29/19 A2996 RMK AO2 SLP131 FU SCT002 T02940189 53004
MDW,2023-07-05 03:53,5.00,200.00,KMDW 050353Z 21006KT 5SM FU SCT002 28/19 A2998 RMK AO2 SLP139 FU SCT002 T02780189
MDW,2023-07-05 04:53,5.00,200.00,KMDW 050453Z 22005KT 5SM FU FEW002 27/19 A2999 RMK AO2 SLP142 FU FEW002 T02720194
MDW,2023-07-05 05:53,6.00,200.00,KMDW 050553Z 19006KT 6SM FU FEW002 26/19 A2999 RMK AO2 SLP142 FU FEW002 T02610194 10311 20261 403330206 51010
MDW,2023-07-05 06:53,8.00,M,KMDW 050653Z 20005KT 8SM CLR 26/19 A2997 RMK AO2 SLP136 T02560194
MDW,2023-07-05 07:53,9.00,25000.00,KMDW 050753Z 22005KT 9SM FEW250 25/19 A2997 RMK AO2 SLP137 T02500194
MDW,2023-07-05 08:53,10.00,25000.00,KMDW 050853Z COR 21004KT 10SM SCT250 24/20 A2997 RMK AO2 SLP136 T02440200 56006
MDW,2023-07-05 09:53,10.00,25000.00,KMDW 050953Z 22005KT 10SM FEW250 24/20 A2997 RMK AO2 SLP136 T02440200
MDW,2023-07-05 10:53,10.00,25000.00,KMDW 051053Z 20007KT 10SM FEW250 24/21 A2998 RMK AO2 SLP139 T02440206
MDW,2023-07-05 11:53,10.00,25000.00,KMDW 051153Z 19005KT 10SM FEW250 25/21 A2996 RMK AO2 SLP132 T02500206 10261 20239 58004 $
MDW,2023-07-05 12:53,10.00,15000.00,KMDW 051253Z 21006KT 10SM FEW150 FEW250 27/21 A2996 RMK AO2 SLP133 T02670211
MDW,2023-07-05 13:53,10.00,15000.00,KMDW 051353Z 23008KT 10SM FEW150 FEW250 28/22 A2996 RMK AO2 SLP130 T02830217
MDW,2023-07-05 14:53,10.00,3000.00,KMDW 051453Z 24007KT 10SM FEW030 FEW150 FEW250 29/22 A2994 RMK AO2 SLP125 T02940217 58006
MDW,2023-07-05 15:53,10.00,3000.00,KMDW 051553Z 18006KT 10SM SCT030 31/22 A2993 RMK AO2 SLP121 T03110222
MDW,2023-07-05 16:53,10.00,3700.00,KMDW 051653Z 16008G16KT 10SM SCT037 32/22 A2992 RMK AO2 SLP120 T03170217
MDW,2023-07-05 17:53,10.00,4500.00,KMDW 051753Z 20008G17KT 10SM SCT045 BKN060 BKN100 33/21 A2993 RMK AO2 SLP122 T03280206 10328 20250 55003
MDW,2023-07-05 18:53,10.00,5000.00,KMDW 051853Z 19011G21KT 150V230 10SM TS SCT050 BKN060CB BKN100 BKN250 33/21 A2991 RMK AO2 LTG DSNT SW-N TSB52 SLP113 OCNL LTGIC VC SW TS VC SW MOV NE T03280206
MDW,2023-07-05 19:53,10.00,1400.00,KMDW 051953Z 20016G25KT 10SM TS FEW014 SCT045 BKN055CB BKN150 BKN250 26/21 A2991 RMK AO2 PK WND 21043/1915 WSHFT 1939 RAB14E38 SLP117 FRQ LTGICCG VC NE-SW TS VC NE-SW MOV NE P0039 T02560211
MDW,2023-07-05 20:53,10.00,5500.00,KMDW 052053Z 16005KT 10SM FEW055 BKN150 BKN250 28/20 A2988 RMK AO2 WSHFT 1940 RAB10E17 TSE43 SLP106 OCNL LTGICCG DSNT NE-E CB DSNT NE-E P0000 60039 T02830200 58009 $
MDW,2023-07-05 21:53,10.00,5000.00,KMDW 052153Z 15007KT 10SM FEW050 BKN150 BKN250 29/19 A2987 RMK AO2 LTG DSNT N AND SE AND NW SLP101 CB DSNT NW-N-E TCU DSNT SW T02940194 $
MDW,2023-07-05 22:53,10.00,5000.00,KMDW 052253Z 14006KT 10SM FEW050 BKN150 BKN250 29/19 A2984 RMK AO2 LTG DSNT SW-N SLP093 CB DSNT S-W-NW T02890189 $
MDW,2023-07-05 23:53,0.50,1500.00,KMDW 052353Z 28020G36KT 1/2SM R31C/2600VP6000FT +TSRA FG BKN015 BKN026 OVC044CB 22/21 A2996 RMK AO2 PK WND 28040/2338 WSHFT 2333 RAB33 TSB10 SLP136 CONS LTGICCG OHD TS OHD MOV E P0063 60102 T02170206 10333 20217 53027 $
MDW,2023-07-06 00:53,4.00,4000.00,KMDW 060053Z 17003KT 4SM -TSRA BR SCT040 BKN070 OVC095 22/21 A2996 RMK AO2 SLP135 OCNL LTGICCG VC NE-SE TS VC NE-SE MOV E P0062 T02220206 $
MDW,2023-07-06 01:53,9.00,7500.00,KMDW 060153Z 16006KT 9SM -RA SCT075 BKN110 OVC140 22/21 A2994 RMK AO2 TSE06 SLP128 P0010 T02220206 $
MDW,2023-07-06 02:53,10.00,7500.00,KMDW 060253Z 03007KT 10SM FEW075 SCT110 OVC140 22/21 A2992 RMK AO2 RAE49 SLP122 P0002 60074 T02220206 58013 $
MDW,2023-07-06 03:53,10.00,1000.00,KMDW 060353Z 32005KT 10SM FEW010 SCT110 OVC170 22/21 A2993 RMK AO2 SLP122 T02220211 $
MDW,2023-07-06 04:53,5.00,1200.00,KMDW 060453Z 23006KT 5SM BR BKN012 BKN170 OVC250 22/21 A2993 RMK AO2 SLP123 T02220211 $
MDW,2023-07-06 05:53,5.00,800.00,KMDW 060553Z 22004KT 5SM BR SCT008 BKN220 OVC250 22/21 A2993 RMK AO2 SLP123 60074 T02220206 10228 20217 403330217 50002 $
MDW,2023-07-06 06:53,5.00,900.00,KMDW 060653Z 26003KT 5SM BR SCT009 SCT200 OVC250 22/21 A2993 RMK AO2 SLP123 T02220206 $
MDW,2023-07-06 07:53,5.00,900.00,KMDW 060753Z 00000KT 5SM BR FEW009 BKN200 OVC250 22/21 A2993 RMK AO2 SLP126 T02170206 $
MDW,2023-07-06 08:53,6.00,1300.00,KMDW 060853Z 00000KT 6SM BR OVC013 22/21 A2992 RMK AO2 SLP121 T02220206 58003 $
MDW,2023-07-06 09:53,5.00,900.00,KMDW 060953Z 01007KT 5SM BR BKN009 OVC012 22/20 A2991 RMK AO2 SLP119 T02220200 $
MDW,2023-07-06 10:53,10.00,900.00,KMDW 061053Z 35008KT 10SM BKN009 BKN016 OVC046 22/19 A2993 RMK AO2 SLP123 T02170194 $
MDW,2023-07-06 11:53,10.00,900.00,KMDW 061153Z 01008KT 10SM BKN009 OVC046 22/19 A2994 RMK AO2 SLP130 70176 T02170194 10228 20217 53007 $
MDW,2023-07-06 12:53,10.00,900.00,KMDW 061253Z 34009KT 10SM BKN009 BKN015 OVC043 22/19 A2995 RMK AO2 SLP133 T02170189
MDW,2023-07-06 13:53,10.00,1400.00,KMDW 061353Z 36009KT 10SM BKN014 OVC050 22/18 A2996 RMK AO2 SLP138 T02220183
MDW,2023-07-06 14:53,10.00,1700.00,KMDW 061453Z 36007KT 10SM BKN017 BKN055 23/18 A2995 RMK AO2 SLP135 T02330183 50005
MDW,2023-07-06 15:53,10.00,2100.00,KMDW 061553Z 02005KT 10SM BKN021 BKN027 BKN032 24/19 A2996 RMK AO2 SLP138 T02390189
MDW,2023-07-06 16:53,10.00,2400.00,KMDW 061653Z 01012G16KT 10SM SCT024 BKN032 BKN250 27/19 A2996 RMK AO2 SLP137 T02670189
MDW,2023-07-06 17:53,10.00,3900.00,KMDW 061753Z 05008KT 10SM SCT039 BKN048 BKN060 BKN250 25/17 A2996 RMK AO2 SLP137 T02500172 10267 20217 50002
MDW,2023-07-06 18:53,10.00,4500.00,KMDW 061853Z 04009KT 10SM FEW045 SCT060 BKN070 BKN250 26/17 A2996 RMK AO2 SLP138 T02560172
MDW,2023-07-06 19:53,10.00,4500.00,KMDW 061953Z 11009G15KT 10SM FEW045 FEW060 SCT080 BKN250 26/16 A2996 RMK AO2 SLP137 T02560161
MDW,2023-07-06 20:53,10.00,6000.00,KMDW 062053Z 07006KT 10SM FEW060 FEW080 BKN250 24/16 A2996 RMK AO2 SLP135 T02440156 58002
MDW,2023-07-06 21:53,10.00,5000.00,KMDW 062153Z 09008KT 10SM FEW050 BKN250 23/16 A2996 RMK AO2 SLP137 T02330161
MDW,2023-07-06 22:53,10.00,5000.00,KMDW 062253Z 08006KT 10SM FEW050 BKN250 23/15 A2995 RMK AO2 SLP135 T02330150
MDW,2023-07-06 23:53,10.00,5000.00,KMDW 062353Z 06006KT 10SM FEW050 BKN250 23/14 A2995 RMK AO2 SLP133 T02330139 10261 20228 58002
MDW,2023-07-07 00:53,10.00,5000.00,KMDW 070053Z 08009KT 10SM FEW050 BKN250 22/14 A2996 RMK AO2 SLP138 T02220139
MDW,2023-07-07 01:53,10.00,5000.00,KMDW 070153Z 07006KT 10SM FEW050 BKN250 22/13 A2997 RMK AO2 SLP141 T02170133
MDW,2023-07-07 02:53,10.00,5000.00,KMDW 070253Z 10004KT 10SM FEW050 SCT250 21/13 A2998 RMK AO2 SLP146 T02110133 53012
MDW,2023-07-07 03:53,10.00,5000.00,KMDW 070353Z 00000KT 10SM FEW050 21/14 A2999 RMK AO2 SLP145 T02110139
MDW,2023-07-07 04:53,10.00,5000.00,KMDW 070453Z 00000KT 10SM FEW050 21/14 A2998 RMK AO2 SLP144 T02060139
MDW,2023-07-07 05:53,10.00,5000.00,KMDW 070553Z 00000KT 10SM FEW050 21/14 A2998 RMK AO2 SLP142 T02060139 10233 20200 402670200 58003
MDW,2023-07-07 06:53,10.00,4600.00,KMDW 070653Z 00000KT 10SM SCT046 19/14 A2998 RMK AO2 SLP143 T01890144
MDW,2023-07-07 07:53,10.00,4000.00,KMDW 070753Z 33003KT 10SM BKN040 19/14 A2999 RMK AO2 SLP146 T01890144
MDW,2023-07-07 08:53,10.00,4100.00,KMDW 070853Z 34004KT 10SM FEW041 BKN060 19/14 A2998 RMK AO2 SLP145 T01940144 50002
MDW,2023-07-07 09:53,10.00,4200.00,KMDW 070953Z 35005KT 10SM FEW042 BKN065 19/14 A2999 RMK AO2 SLP146 T01940144
MDW,2023-07-07 10:53,10.00,4200.00,KMDW 071053Z 35004KT 10SM SCT042 SCT065 19/14 A2999 RMK AO2 SLP147 T01940139
MDW,2023-07-07 11:53,10.00,4500.00,KMDW 071153Z 36005KT 10SM BKN045 BKN065 21/14 A3000 RMK AO2 SLP150 T02060139 10206 20183 53005
MDW,2023-07-07 12:53,10.00,4500.00,KMDW 071253Z 10004KT 10SM SCT045 SCT065 21/14 A2999 RMK AO2 SLP148 T02110139
MDW,2023-07-07 13:53,10.00,4800.00,KMDW 071353Z 07006KT 10SM SCT048 SCT070 22/13 A3000 RMK AO2 SLP151 T02220133
MDW,2023-07-07 14:53,10.00,4800.00,KMDW 071453Z 04006KT 10SM SCT048 BKN060 BKN250 24/13 A3001 RMK AO2 SLP152 T02390133 53003
MDW,2023-07-07 15:53,10.00,5000.00,KMDW 071553Z 04008KT 010V080 10SM FEW050 24/13 A2999 RMK AO2 SLP146 T02390133
MDW,2023-07-07 16:53,10.00,5000.00,KMDW 071653Z 11008KT 10SM FEW050 25/13 A2999 RMK AO2 SLP146 T02500133
MDW,2023-07-07 17:53,10.00,5000.00,KMDW 071753Z 05005KT 10SM FEW050 26/14 A2997 RMK AO2 SLP140 T02560144 10261 20206 57012
MDW,2023-07-07 18:53,10.00,4600.00,KMDW 071853Z 05005KT 10SM FEW046 SCT055 SCT250 27/14 A2995 RMK AO2 SLP133 T02670139
MDW,2023-07-07 19:53,10.00,5500.00,KMDW 071953Z 06008KT 10SM SCT055 SCT070 BKN250 26/17 A2993 RMK AO2 SLP126 T02610167
MDW,2023-07-07 20:53,10.00,5000.00,KMDW 072053Z 07012G16KT 10SM SCT050 BKN250 26/16 A2992 RMK AO2 SLP123 T02560161 56016
MDW,2023-07-07 21:53,10.00,5500.00,KMDW 072153Z 09009KT 10SM SCT055 BKN250 26/17 A2992 RMK AO2 SLP123 T02560172
MDW,2023-07-07 22:53,10.00,6000.00,KMDW 072253Z 08007KT 060V120 10SM SCT060 SCT130 BKN250 25/17 A2990 RMK AO2 SLP118 T02500167
MDW,2023-07-07 23:53,10.00,6500.00,KMDW 072353Z 09008KT 10SM SCT065 SCT120 BKN150 BKN250 23/16 A2991 RMK AO2 SLP120 T02330156 10272 20233 55004
MDW,2023-07-08 00:53,10.00,4200.00,KMDW 080053Z 08009KT 10SM FEW042 BKN050 BKN100 OVC150 23/16 A2989 RMK AO2 RAB25E37 SLP115 P0000 T02280156
MDW,2023-07-08 01:53,10.00,9500.00,KMDW 080153Z 06008KT 10SM OVC095 22/14 A2991 RMK AO2 SLP119 T02220144
MDW,2023-07-08 02:53,10.00,10000.00,KMDW 080253Z 09004KT 10SM BKN100 OVC250 22/15 A2991 RMK AO2 SLP120 60000 T02220150 53001
MDW,2023-07-08 03:53,10.00,11000.00,KMDW 080353Z 04005KT 10SM BKN110 OVC250 22/15 A2990 RMK AO2 SLP114 T02170150
MDW,2023-07-08 04:53,10.00,10000.00,KMDW 080453Z 03005KT 10SM BKN100 OVC120 22/14 A2990 RMK AO2 SLP117 T02220144
MDW,2023-07-08 05:53,9.00,5000.00,KMDW 080553Z 34005KT 9SM -RA BKN050 BKN080 OVC100 21/16 A2990 RMK AO2 RAB30 SLP117 P0000 60000 T02110156 10233 20211 402720183 56003
MDW,2023-07-08 06:53,8.00,5000.00,KMDW 080653Z 00000KT 8SM -RA SCT050 BKN080 OVC100 21/16 A2989 RMK AO2 RAE0558B47 SLP114 P0000 T02110161
MDW,2023-07-08 07:53,8.00,9000.00,KMDW 080753Z 25004KT 8SM -RA SCT090 OVC110 20/18 A2989 RMK AO2 LTG DSNT S SLP112 P0009 T02000178
MDW,2023-07-08 08:53,6.00,10000.00,KMDW 080853Z 16009KT 6SM RA BR OVC100 19/18 A2985 RMK AO2 PRESFR SLP098 P0009 60018 T01940178 58019
MDW,2023-07-08 09:53,9.00,4400.00,KMDW 080953Z 23006KT 9SM -RA BKN044 OVC060 19/16 A2989 RMK AO2 SLP114 P0004 T01890161
MDW,2023-07-08 10:53,10.00,2000.00,KMDW 081053Z 00000KT 10SM FEW020 BKN038 BKN130 OVC180 19/17 A2986 RMK AO2 RAE31 SLP105 P0002 T01890167
MDW,2023-07-08 11:53,8.00,2800.00,KMDW 081153Z 28005KT 8SM BKN028 BKN034 OVC130 19/17 A2988 RMK AO2 SLP111 60024 70024 T01890172 10217 20183 51011
MDW,2023-07-08 12:53,8.00,800.00,KMDW 081253Z 30006KT 8SM -RA FEW008 BKN020 BKN031 OVC130 19/17 A2988 RMK AO2 RAB49 SLP112 P0000 T01890167
MDW,2023-07-08 13:53,10.00,1000.00,KMDW 081353Z 31008KT 10SM FEW010 SCT021 BKN033 OVC130 19/17 A2988 RMK AO2 RAE10 SLP111 P0001 T01940172
MDW,2023-07-08 14:53,10.00,1000.00,KMDW 081453Z 28003KT 10SM FEW010 SCT019 OVC032 20/17 A2988 RMK AO2 SLP112 60001 T02000167 51001
MDW,2023-07-08 15:53,10.00,1200.00,KMDW 081553Z 35010KT 10SM FEW012 OVC019 18/16 A2989 RMK AO2 RAB15E26 SLP116 P0000 T01830161
MDW,2023-07-08 16:53,10.00,800.00,KMDW 081653Z 35008KT 10SM FEW008 BKN015 OVC023 18/16 A2990 RMK AO2 SLP120 T01830161
MDW,2023-07-08 17:53,10.00,900.00,KMDW 081753Z 04006KT 10SM FEW009 SCT014 OVC028 20/15 A2989 RMK AO2 SLP116 60001 T02000150 10200 20178 50000
MDW,2023-07-08 18:53,10.00,1400.00,KMDW 081853Z 36010KT 10SM FEW014 SCT023 BKN041 BKN250 22/14 A2989 RMK AO2 SLP112 T02170144
MDW,2023-07-08 19:53,10.00,2900.00,KMDW 081953Z 03006KT 10SM SCT029 BKN055 BKN250 22/15 A2989 RMK AO2 SLP113 T02220150
MDW,2023-07-08 20:53,10.00,2500.00,KMDW 082053Z 34010KT 10SM FEW025 BKN038 BKN046 BKN250 22/14 A2988 RMK AO2 SLP111 T02220144 57005
MDW,2023-07-08 21:53,10.00,3300.00,KMDW 082153Z 02007KT 10SM FEW033 BKN250 23/12 A2987 RMK AO2 SLP108 T02280122
MDW,2023-07-08 22:53,10.00,3300.00,KMDW 082253Z 05010KT 10SM FEW033 BKN250 23/11 A2985 RMK AO2 SLP100 T02330111 $
MDW,2023-07-08 23:53,10.00,3300.00,KMDW 082353Z 06005KT 10SM FEW033 SCT250 23/11 A2985 RMK AO2 SLP101 T02280111 10239 20200 55009 $
MDW,2023-07-09 00:53,10.00,25000.00,KMDW 090053Z 11008KT 10SM FEW250 22/12 A2987 RMK AO2 SLP107 T02170117 $
MDW,2023-07-09 01:53,10.00,25000.00,KMDW 090153Z 15004KT 10SM FEW250 21/11 A2988 RMK AO2 SLP113 T02060111 $
MDW,2023-07-09 02:53,10.00,25000.00,KMDW 090253Z 14004KT 10SM SCT250 21/11 A2989 RMK AO2 SLP116 T02060111 51015 $
MDW,2023-07-09 03:53,10.00,25000.00,KMDW 090353Z 19004KT 10SM SCT250 19/12 A2990 RMK AO2 SLP120 T01940122 $
MDW,2023-07-09 04:53,10.00,M,KMDW 090453Z 20003KT 10SM CLR 19/12 A2990 RMK AO2 SLP121 T01890122 $
MDW,2023-07-09 05:53,10.00,M,KMDW 090553Z 26003KT 10SM CLR 17/12 A2990 RMK AO2 SLP118 T01720122 10228 20172 402390172 50001 $
MDW,2023-07-09 06:53,10.00,M,KMDW 090653Z 21003KT 10SM CLR 18/12 A2989 RMK AO2 SLP116 T01780117 $
MDW,2023-07-09 07:53,10.00,M,KMDW 090753Z 00000KT 10SM CLR 17/12 A2988 RMK AO2 SLP112 T01720117 $
MDW,2023-07-09 08:53,10.00,M,KMDW 090853Z 00000KT 10SM CLR 17/12 A2987 RMK AO2 SLP110 T01720117 58007 $
MDW,2023-07-09 09:53,10.00,25000.00,KMDW 090953Z 25004KT 10SM FEW250 16/13 A2987 RMK AO2 SLP110 T01610128 $
MDW,2023-07-09 10:53,10.00,25000.00,KMDW 091053Z 21003KT 10SM FEW250 17/14 A2988 RMK AO2 SLP112 T01670139 $
MDW,2023-07-09 11:53,10.00,25000.00,KMDW 091153Z 00000KT 10SM SCT250 18/14 A2988 RMK AO2 SLP113 70001 T01780139 10178 20156 53004 $
MDW,2023-07-09 12:53,10.00,25000.00,KMDW 091253Z 00000KT 10SM SCT250 21/14 A2991 RMK AO2 SLP122 T02060144 $
MDW,2023-07-09 13:53,10.00,25000.00,KMDW 091353Z 30003KT 10SM FEW250 23/14 A2991 RMK AO2 SLP122 T02280139 $
MDW,2023-07-09 14:53,10.00,25000.00,KMDW 091453Z 32003KT 10SM FEW250 25/13 A2992 RMK AO2 SLP122 T02500133 51011 $
MDW,2023-07-09 15:53,10.00,5500.00,KMDW 091553Z 35003KT 10SM FEW055 FEW250 27/13 A2992 RMK AO2 SLP122 T02670133 $
MDW,2023-07-09 16:53,10.00,5500.00,KMDW 091653Z 32004KT 10SM SCT055 SCT250 26/13 A2991 RMK AO2 SLP119 T02610128 $
MDW,2023-07-09 17:53,10.00,6000.00,KMDW 091753Z 31005KT 10SM BKN060 BKN250 28/12 A2990 RMK AO2 SLP116 T02780122 10278 20178 58006 $
MDW,2023-07-09 18:53,10.00,7000.00,KMDW 091853Z 27008KT 240V300 10SM BKN070 BKN100 BKN250 28/12 A2989 RMK AO2 SLP113 T02830117 $
MDW,2023-07-09 19:53,10.00,7000.00,KMDW 091953Z 31009KT 10SM SCT070 BKN085 BKN250 28/12 A2988 RMK AO2 SLP111 T02780122 $
MDW,2023-07-09 20:53,10.00,7000.00,KMDW 092053Z 31007KT 10SM FEW070 SCT080 SCT250 28/12 A2988 RMK AO2 SLP108 T02830117 56008 $
MDW,2023-07-09 21:53,10.00,8000.00,KMDW 092153Z 32008KT 10SM SCT080 29/11 A2987 RMK AO2 SLP105 T02940111 $
MDW,2023-07-09 22:53,10.00,7000.00,KMDW 092253Z 09008KT 10SM FEW070 SCT090 SCT250 27/13 A2987 RMK AO2 SLP106 T02720128 $
MDW,2023-07-09 23:53,10.00,6500.00,KMDW 092353Z 08008KT 10SM FEW065 SCT085 SCT250 26/13 A2987 RMK AO2 SLP108 T02610128 10294 20256 55001 $
MDW,2023-07-10 00:53,10.00,8500.00,KMDW 100053Z 13006KT 10SM FEW085 FEW250 25/12 A2987 RMK AO2 SLP108 T02500122 $
MDW,2023-07-10 01:53,10.00,M,KMDW 100153Z 13004KT 10SM CLR 24/13 A2988 RMK AO2 SLP109 T02440128 $
MDW,2023-07-10 02:53,10.00,M,KMDW 100253Z 23006KT 10SM CLR 24/13 A2989 RMK AO2 SLP112 T02390133 53006 $
MDW,2023-07-10 03:53,10.00,M,KMDW 100353Z 25006KT 10SM CLR 22/15 A2990 RMK AO2 SLP116 T02220150 $
MDW,2023-07-10 04:53,10.00,M,KMDW 100453Z 25005KT 10SM CLR 21/15 A2991 RMK AO2 SLP119 T02110150 $
MDW,2023-07-10 05:53,10.00,M,KMDW 100553Z 26004KT 10SM CLR 21/14 A2990 RMK AO2 SLP116 T02110144 10261 20211 402940156 50004 $
MDW,2023-07-10 06:53,10.00,M,KMDW 100653Z 26003KT 10SM CLR 21/14 A2990 RMK AO2 SLP115 T02110139 $
MDW,2023-07-10 07:53,10.00,M,KMDW 100753Z 25003KT 10SM CLR 20/14 A2990 RMK AO2 SLP115 T02000139 $
MDW,2023-07-10 08:53,10.00,M,KMDW 100853Z 25005KT 10SM CLR 19/14 A2990 RMK AO2 SLP117 T01890139 55000 $
MDW,2023-07-10 09:53,10.00,M,KMDW 100953Z 24004KT 10SM CLR 18/13 A2992 RMK AO2 SLP121 T01830133 $
MDW,2023-07-10 10:53,10.00,25000.00,KMDW 101053Z 24006KT 10SM FEW250 18/14 A2992 RMK AO2 SLP124 T01830139 $
MDW,2023-07-10 11:53,10.00,25000.00,KMDW 101153Z 24005KT 10SM FEW250 20/14 A2993 RMK AO2 SLP126 T02000139 10217 20183 51009 $
MDW,2023-07-10 12:53,10.00,25000.00,KMDW 101253Z 24005KT 10SM FEW250 22/14 A2994 RMK AO2 SLP131 T02220144
MDW,2023-07-10 13:53,10.00,M,KMDW 101353Z 22007KT 10SM CLR 24/15 A2995 RMK AO2 SLP131 T02390150
MDW,2023-07-10 14:53,10.00,M,KMDW 101453Z 25010KT 10SM CLR 26/14 A2994 RMK AO2 SLP130 T02610144 50005
MDW,2023-07-10 15:53,10.00,M,KMDW 101553Z 23009KT 10SM CLR 27/14 A2994 RMK AO2 SLP129 T02670139
MDW,2023-07-10 16:53,10.00,M,KMDW 101653Z 25012KT 10SM CLR 28/13 A2993 RMK AO2 SLP126 T02780128
MDW,2023-07-10 17:53,10.00,M,KMDW 101753Z 25013G19KT 10SM CLR 28/14 A2993 RMK AO2 SLP124 T02830139 10283 20200 58006
MDW,2023-07-10 18:53,10.00,6000.00,KMDW 101853Z 22009G17KT 10SM FEW060 29/14 A2991 RMK AO2 SLP120 T02890144
MDW,2023-07-10 19:53,10.00,6000.00,KMDW 101953Z 24007G17KT 10SM FEW060 29/14 A2990 RMK AO2 SLP116 T02890139
MDW,2023-07-10 20:53,10.00,6000.00,KMDW 102053Z 21010KT 10SM FEW060 29/15 A2989 RMK AO2 SLP113 T02940150 56011
MDW,2023-07-10 21:53,10.00,6000.00,KMDW 102153Z 23012KT 10SM FEW060 29/14 A2989 RMK AO2 SLP112 T02940144
MDW,2023-07-10 22:53,10.00,6000.00,KMDW 102253Z 21012G20KT 10SM FEW060 FEW250 29/16 A2988 RMK AO2 SLP110 T02890156
MDW,2023-07-10 23:53,10.00,6000.00,KMDW 102353Z 24012G19KT 10SM FEW060 SCT250 28/15 A2988 RMK AO2 SLP108 T02830150 10294 20283 56005
MDW,2023-07-11 00:53,10.00,6000.00,KMDW 110053Z 23010KT 10SM FEW060 SCT250 27/15 A2988 RMK AO2 SLP108 T02720150
MDW,2023-07-11 01:53,10.00,25000.00,KMDW 110153Z 22010KT 10SM FEW250 27/16 A2988 RMK AO2 SLP108 T02670161
MDW,2023-07-11 02:53,10.00,M,KMDW 110253Z 21007KT 10SM CLR 25/16 A2988 RMK AO2 SLP108 T02500156 53001
MDW,2023-07-11 03:53,10.00,M,KMDW 110353Z 21010KT 10SM CLR 24/17 A2988 RMK AO2 SLP107 T02440167
MDW,2023-07-11 04:53,10.00,M,KMDW 110453Z 22007KT 10SM CLR 23/16 A2989 RMK AO2 SLP109 T02330161
MDW,2023-07-11 05:53,10.00,25000.00,KMDW 110553Z 22006KT 10SM FEW250 23/16 A2989 RMK AO2 SLP110 T02280161 10283 20228 402940183 53002
MDW,2023-07-11 06:53,10.00,25000.00,KMDW 110653Z 22006KT 10SM FEW250 22/16 A2989 RMK AO2 SLP110 T02220161
MDW,2023-07-11 07:53,10.00,M,KMDW 110753Z 21006KT 10SM CLR 22/16 A2988 RMK AO2 SLP109 T02170161
MDW,2023-07-11 08:53,10.00,M,KMDW 110853Z 21007KT 10SM CLR 21/16 A2987 RMK AO2 SLP105 T02110161 58005
MDW,2023-07-11 09:53,10.00,8500.00,KMDW 110953Z 22006KT 10SM FEW085 FEW250 21/16 A2987 RMK AO2 SLP104 T02110161
MDW,2023-07-11 10:53,10.00,6500.00,KMDW 111053Z 21007KT 10SM FEW065 SCT085 SCT250 21/16 A2987 RMK AO2 SLP106 T02110161
MDW,2023-07-11 11:53,10.00,5000.00,KMDW 111153Z 22007KT 10SM FEW050 FEW065 SCT200 SCT250 22/16 A2987 RMK AO2 SLP104 T02170161 10228 20206 58002
MDW,2023-07-11 12:53,10.00,4500.00,KMDW 111253Z 24011KT 10SM FEW045 FEW065 FEW200 SCT250 23/16 A2987 RMK AO2 SLP104 T02330161
MDW,2023-07-11 13:53,10.00,4500.00,KMDW 111353Z 23008KT 10SM FEW045 FEW200 FEW250 26/17 A2988 RMK AO2 SLP108 T02560167
MDW,2023-07-11 14:53,10.00,4500.00,KMDW 111453Z 24008KT 10SM FEW045 FEW200 FEW250 28/17 A2989 RMK AO2 SLP109 T02780167 53007
MDW,2023-07-11 15:53,10.00,4500.00,KMDW 111553Z 26008KT 10SM FEW045 FEW250 29/17 A2989 RMK AO2 SLP108 T02890172
MDW,2023-07-11 16:53,10.00,5000.00,KMDW 111653Z 27011G18KT 10SM FEW050 SCT100 SCT250 30/18 A2990 RMK AO2 SLP112 T03000178
MDW,2023-07-11 17:53,10.00,5000.00,KMDW 111753Z 22011G19KT 10SM FEW050 SCT060 SCT120 BKN250 31/18 A2989 RMK AO2 SLP111 T03110183 10311 20217 50003
MDW,2023-07-11 18:53,8.00,4800.00,KMDW 111853Z 04016KT 8SM -TSRA BKN048 BKN060CB BKN075 BKN250 23/19 A2990 RMK AO2 WSHFT 1821 LTG DSNT NW-E RAB40 TSB17 SLP117 OCNL LTGIC OHD TS OHD MOV E P0000 T02280189
MDW,2023-07-11 19:53,10.00,500.00,KMDW 111953Z 03015KT 10SM TS FEW005 BKN047CB BKN090 OVC250 24/19 A2990 RMK AO2 PK WND 32059/1933 WSHFT 1929 RAE05B24E51 SLP115 FRQ LTGICCG OHD TS OHD MOV E P0083 T02440189
MDW,2023-07-11 20:53,4.00,600.00,KMDW 112053Z 07006KT 4SM -TSRA BR BKN006 BKN040CB OVC065 21/19 A2992 RMK AO2 RAB02E41B48 SLP125 OCNL LTGICCG OHD TS OHD MOV SE P0017 60100 T02110189 53009 $
MDW,2023-07-11 21:53,10.00,1300.00,KMDW 112153Z 05011KT 10SM SCT013 BKN047 BKN060 22/19 A2994 RMK AO2 RAE07 TSE23 SLP132 CB DSNT S-SW P0004 T02170189 $
MDW,2023-07-11 22:53,10.00,6000.00,KMDW 112253Z 10007KT 10SM FEW060 SCT080 BKN100 BKN250 22/17 A2993 RMK AO2 LTG DSNT SE SLP127 CB DSNT SE-S-SW T02170167 $
MDW,2023-07-11 23:53,10.00,6000.00,KMDW 112353Z 06008KT 10SM FEW060 FEW080 SCT100 BKN250 22/15 A2993 RMK AO2 LTG DSNT SW SLP126 CB DSNT S-SW 60104 T02220150 10311 20206 50001 $
MDW,2023-07-12 00:53,10.00,6000.00,KMDW 120053Z 10007KT 10SM FEW060 SCT100 BKN250 21/14 A2993 RMK AO2 SLP127 CB DSNT S-SW T02110139 $
MDW,2023-07-12 01:53,10.00,10000.00,KMDW 120153Z 07005KT 10SM SCT100 BKN250 21/13 A2994 RMK AO2 SLP129 T02110128 $
MDW,2023-07-12 02:53,10.00,8000.00,KMDW 120253Z 09007KT 10SM FEW080 BKN200 21/13 A2995 RMK AO2 SLP132 T02060133 53008 $
MDW,2023-07-12 03:53,10.00,5000.00,KMDW 120353Z 07008KT 10SM BKN050 BKN250 21/13 A2996 RMK AO2 SLP135 T02110133 $
MDW,2023-07-12 04:53,10.00,3700.00,KMDW 120453Z 10007KT 10SM FEW037 SCT060 SCT080 OVC250 21/14 A2995 RMK AO2 SLP132 T02110139 $
MDW,2023-07-12 05:53,10.00,6000.00,KMDW 120553Z 09006KT 10SM SCT060 OVC170 21/14 A2996 RMK AO2 SLP133 T02110139 10222 20206 403110206 51002 $
MDW,2023-07-12 06:53,10.00,5000.00,KMDW 120653Z 07005KT 10SM BKN050 OVC170 21/14 A2995 RMK AO2 LTG DSNT SW AND W SLP135 OCNL LTGICCG DSNT W CB DSNT W T02110139 $
MDW,2023-07-12 07:53,5.00,3100.00,KMDW 120753Z 11008KT 5SM -TSRA BR SCT031 BKN055CB OVC085 19/17 A2994 RMK AO2 LTG DSNT SE-W RAB30 TSB27 PRESFR SLP132 FRQ LTGIC OHD TS OHD MOV E P0011 T01940167 $
MDW,2023-07-12 08:53,10.00,8000.00,KMDW 120853Z 00000KT 10SM -TSRA FEW080CB BKN110 OVC130 19/16 A2998 RMK AO2 LTG DSNT ALQDS TSE13B46 PRESRR SLP146 FRQ LTGIC OHD TS OHD MOV E P0000 60011 T01940156 53009 $
MDW,2023-07-12 09:53,10.00,1500.00,KMDW 120953Z COR 13009KT 10SM FEW015 SCT090 OVC160 18/16 A2996 RMK AO2 LTG DSNT SE-W RAE40 TSE40 SLP138 FRQ LTGIC DSNT SE-S-W CB DSNT SE-S-W P0007 T01830156 $
MDW,2023-07-12 10:53,10.00,4800.00,KMDW 121053Z 15006KT 10SM -RA FEW048 SCT075 SCT090 OVC140 18/16 A2996 RMK AO2 LTG DSNT ALQDS RAB34 SLP139 P0000 T01830156 $
MDW,2023-07-12 11:53,10.00,3600.00,KMDW 121153Z 10007KT 10SM -RA FEW036 SCT048 BKN100 BKN250 18/16 A2994 RMK AO2 LTG DSNT SE SLP133 P0010 60028 70132 T01780156 10217 20172 56013 $
MDW,2023-07-12 12:53,10.00,4800.00,KMDW 121253Z VRB04KT 10SM FEW048 SCT120 BKN160 BKN180 BKN250 18/15 A2993 RMK AO2 RAE10 SLP130 P0000 T01780150
MDW,2023-07-12 13:53,10.00,5500.00,KMDW 121353Z 14005KT 10SM -RA FEW055 SCT095 BKN110 BKN160 OVC250 18/16 A2994 RMK AO2 RAB39 SLP132 P0000 T01830156
MDW,2023-07-12 14:53,8.00,2800.00,KMDW 121453Z 15007KT 8SM -RA FEW028 SCT065 BKN110 OVC160 18/16 A2992 RMK AO2 PRESFR SLP125 P0004 60004 T01780161 58008
MDW,2023-07-12 15:53,9.00,600.00,KMDW 121553Z VRB06G17KT 9SM SCT006 SCT060 BKN110 OVC250 19/18 A2989 RMK AO2 RAE30 SLP115 P0001 T01940178
MDW,2023-07-12 16:53,10.00,1000.00,KMDW 121653Z 13010G17KT 10SM -RA FEW010 SCT065 BKN100 BKN140 OVC170 22/18 A2983 RMK AO2 LTG DSNT SE AND S RAB50 PRESFR SLP092 CB DSNT S-SW P0001 T02170183
MDW,2023-07-12 17:53,10.00,1200.00,KMDW 121753Z 26007KT 10SM -TSRA SCT012 BKN050CB BKN120 OVC150 21/19 A2989 RMK AO2 LTG DSNT ALQDS RAE08B38 TSE44B45 SLP115 OCNL LTGICCC OHD TS OHD MOV E P0001 60007 T02110194 10222 20172 55008
MDW,2023-07-12 18:53,3.00,1200.00,KMDW 121853Z 20006KT 3SM TSRA BR FEW012 BKN040CB OVC075 21/19 A2987 RMK AO2 LTG DSNT NE-SE PRESFR SLP109 FRQ LTGICCC OHD TS OHD MOV E P0079 T02060194 $
MDW,2023-07-12 19:53,10.00,1000.00,KMDW 121953Z 15007G17KT 10SM FEW010 SCT050 BKN095 OVC130 22/19 A2978 RMK AO2 SLP078 RAE31TSE08 P0003 T02220194 $
MDW,2023-07-12 20:53,10.00,1000.00,KMDW 122053Z 15007KT 10SM FEW010 FEW050 OVC110 23/19 A2976 RMK AO2 SLP071 60082 T02280194 58043
MDW,2023-07-12 21:53,10.00,1000.00,KMDW 122153Z 16008KT 10SM FEW010 FEW050 BKN095 OVC130 24/20 A2972 RMK AO2 PRESFR SLP056 T02390200
MDW,2023-07-12 22:53,10.00,5000.00,KMDW 122253Z 17009KT 10SM FEW050 SCT075 BKN100 26/22 A2967 RMK AO2 SLP040 CB DSNT SW-N T02610217
MDW,2023-07-12 23:53,10.00,3400.00,KMDW 122353Z 25011G25KT 10SM FEW034 BKN065 BKN095 26/21 A2967 RMK TORNADO B12 8 W MOV NE TORNADO E20 AO2 WSHFT 2326 LTG DSNT NW-NE RAB10E51 TSB18E50 SLP040 OCNL LTGICCG DSNT NW-N-NE CB DSNT ALQDS P0015 60097 T02
MDW,2023-07-13 00:53,10.00,2300.00,KMDW 130053Z COR 29013G19KT 10SM -RA FEW023 SCT030 BKN047CB 23/21 A2971 RMK AO2 PK WND 30032/0027 WSHFT 0017 LTG DSNT NE AND E RAB17 SLP053 CB VC SE-SW MOV SE P0006 T02330206
MDW,2023-07-13 01:53,10.00,2000.00,KMDW 130153Z 30017G29KT 10SM FEW020 SCT047 22/18 A2974 RMK AO2 PK WND 29029/0149 RAE0057 SLP063 CB DSNT E-SE P0000 T02220183
MDW,2023-07-13 02:53,10.00,900.00,KMDW 130253Z 34015KT 10SM BKN009 OVC015 19/17 A2979 RMK AO2 WSHFT 0228 SLP082 60006 T01940172 51027
MDW,2023-07-13 03:53,10.00,900.00,KMDW 130353Z 33008KT 10SM OVC009 19/17 A2981 RMK AO2 SLP087 T01890167
MDW,2023-07-13 04:53,10.00,900.00,KMDW 130453Z 32006KT 10SM OVC009 19/17 A2982 RMK AO2 SLP092 T01890167
MDW,2023-07-13 05:53,10.00,900.00,KMDW 130553Z 33005KT 10SM OVC009 19/17 A2983 RMK AO2 SLP094 60006 T01890167 10261 20189 402670172 51013
MDW,2023-07-13 06:53,10.00,1100.00,KMDW 130653Z 34007KT 10SM OVC011 18/16 A2983 RMK AO2 SLP094 T01830161
MDW,2023-07-13 07:53,10.00,1100.00,KMDW 130753Z 32004KT 10SM OVC011 18/16 A2983 RMK AO2 SLP095 T01830156
MDW,2023-07-13 08:53,10.00,1400.00,KMDW 130853Z 36004KT 10SM OVC014 18/16 A2983 RMK AO2 SLP094 T01830156 50001
MDW,2023-07-13 09:53,10.00,1200.00,KMDW 130953Z 35005KT 10SM OVC012 19/16 A2985 RMK AO2 SLP099 T01890156
MDW,2023-07-13 10:53,10.00,1100.00,KMDW 131053Z 32005KT 10SM OVC011 18/16 A2985 RMK AO2 SLP101 T01830156
MDW,2023-07-13 11:53,10.00,1100.00,KMDW 131153Z 34007KT 10SM OVC011 18/16 A2986 RMK AO2 SLP105 70110 T01830156 10189 20183 51012
MDW,2023-07-13 12:53,10.00,1200.00,KMDW 131253Z 31007KT 10SM OVC012 18/16 A2988 RMK AO2 SLP111 T01830156
MDW,2023-07-13 13:53,10.00,1100.00,KMDW 131353Z 30006KT 10SM OVC011 18/16 A2988 RMK AO2 SLP110 T01830156
MDW,2023-07-13 14:53,10.00,1200.00,KMDW 131453Z 33004KT 10SM BKN012 OVC017 19/16 A2988 RMK AO2 SLP111 T01890156 50004
MDW,2023-07-13 15:53,10.00,1400.00,KMDW 131553Z 00000KT 10SM BKN014 BKN019 20/16 A2987 RMK AO2 SLP110 T02000161
MDW,2023-07-13 16:53,10.00,1900.00,KMDW 131653Z 00000KT 10SM OVC019 21/16 A2987 RMK AO2 SLP108 T02110156
MDW,2023-07-13 17:53,9.00,2000.00,KMDW 131753Z 33004KT 9SM SCT020 BKN028 BKN032 22/16 A2986 RMK AO2 SLP106 T02220161 10222 20178 58003
MDW,2023-07-13 18:53,8.00,2500.00,KMDW 131853Z 00000KT 8SM BKN025 BKN032 24/16 A2986 RMK AO2 SLP104 T02390156
MDW,2023-07-13 19:53,9.00,2500.00,KMDW 131953Z COR 31006KT 9SM FEW025 BKN034 BKN250 24/16 A2986 RMK AO2 SLP103 T02440156
MDW,2023-07-13 20:53,10.00,3500.00,KMDW 132053Z VRB03KT 10SM BKN035 BKN250 24/16 A2986 RMK AO2 SLP102 T02440161 56003
MDW,2023-07-13 21:53,10.00,3400.00,KMDW 132153Z 11008KT 10SM SCT034 BKN043 24/17 A2985 RMK AO2 SLP101 T02390172
MDW,2023-07-13 22:53,10.00,4300.00,KMDW 132253Z VRB05KT 10SM FEW043 SCT250 24/17 A2984 RMK AO2 SLP098 T02440172
MDW,2023-07-13 23:53,10.00,4000.00,KMDW 132353Z 12008KT 10SM FEW040 FEW180 BKN250 24/17 A2983 RMK AO2 SLP094 T02440172 10256 20222 58008
MDW,2023-07-14 00:53,10.00,3500.00,KMDW 140053Z 15007KT 10SM FEW035 FEW180 BKN250 23/17 A2984 RMK AO2 SLP097 T02330167
MDW,2023-07-14 01:53,10.00,3500.00,KMDW 140153Z 13005KT 10SM FEW035 BKN200 23/17 A2985 RMK AO2 SLP101 T02330167
MDW,2023-07-14 02:53,10.00,4500.00,KMDW 140253Z 20005KT 10SM FEW045 BKN200 23/17 A2985 RMK AO2 LTG DSNT NW SLP100 OCNL LTGIC DSNT NW CB DSNT NW T02330167 50005
MDW,2023-07-14 03:53,10.00,8500.00,KMDW 140353Z 23006KT 10SM SCT085 BKN250 23/17 A2985 RMK AO2 LTG DSNT NW SLP100 T02280172
MDW,2023-07-14 04:53,10.00,7500.00,KMDW 140453Z 22004KT 10SM FEW075 BKN250 23/17 A2985 RMK AO2 SLP101 T02280172
MDW,2023-07-14 05:53,10.00,25000.00,KMDW 140553Z 20006KT 10SM FEW250 22/18 A2985 RMK AO2 SLP101 T02170178 10244 20217 402560178 51002
MDW,2023-07-14 06:53,10.00,5500.00,KMDW 140653Z 22006KT 10SM FEW055 BKN250 21/18 A2986 RMK AO2 SLP102 T02110178
MDW,2023-07-14 07:53,10.00,25000.00,KMDW 140753Z 22005KT 10SM BKN250 21/18 A2983 RMK AO2 SLP092 T02110183
MDW,2023-07-14 08:53,10.00,5000.00,KMDW 140853Z 22006KT 10SM FEW050 BKN250 21/18 A2983 RMK AO2 SLP093 T02110183 58007
MDW,2023-07-14 09:53,10.00,15000.00,KMDW 140953Z 22006KT 10SM FEW150 FEW250 21/18 A2983 RMK AO2 SLP091 CB DSNT E T02110183
MDW,2023-07-14 10:53,10.00,10000.00,KMDW 141053Z 20007KT 10SM FEW100 SCT250 21/18 A2982 RMK AO2 SLP090 T02060183
MDW,2023-07-14 11:53,10.00,10000.00,KMDW 141153Z 23010G15KT 10SM SCT100 BKN250 22/19 A2984 RMK AO2 SLP094 T02170189 10217 20206 53001
MDW,2023-07-14 12:53,10.00,11000.00,KMDW 141253Z 24009KT 10SM FEW110 SCT160 SCT200 BKN250 23/19 A2985 RMK AO2 SLP098 T02280194
MDW,2023-07-14 13:53,10.00,11000.00,KMDW 141353Z 24009KT 10SM FEW110 FEW160 SCT200 SCT250 24/19 A2986 RMK AO2 SLP101 T02390194
MDW,2023-07-14 14:53,10.00,5500.00,KMDW 141453Z 26005KT 10SM -RA FEW055 BKN080 BKN110 BKN200 BKN250 23/18 A2987 RMK AO2 RAB40 SLP106 P0002 60002 T02280183 53012
MDW,2023-07-14 15:53,10.00,5500.00,KMDW 141553Z 23010KT 10SM FEW055 FEW110 27/19 A2986 RMK AO2 RAE08 SLP101 P0000 T02670194
MDW,2023-07-14 16:53,10.00,5500.00,KMDW 141653Z 22011KT 10SM FEW055 FEW110 29/21 A2986 RMK AO2 SLP099 T02890206
MDW,2023-07-14 17:53,10.00,4000.00,KMDW 141753Z 25011KT 10SM FEW040 FEW110 FEW250 31/19 A2985 RMK AO2 SLP098 60002 T03060194 10306 20217 56006
MDW,2023-07-14 18:53,10.00,4800.00,KMDW 141853Z 26014G20KT 10SM FEW048 FEW110 SCT250 31/19 A2984 RMK AO2 SLP094 T03110189
MDW,2023-07-14 19:53,10.00,4800.00,KMDW 141953Z 24012G19KT 10SM FEW048 FEW110 SCT250 32/19 A2981 RMK AO2 SLP084 T03220194
MDW,2023-07-14 20:53,10.00,4800.00,KMDW 142053Z 27011KT 10SM FEW048 FEW150 SCT250 32/19 A2980 RMK AO2 SLP079 T03220189 58018
MDW,2023-07-14 21:53,10.00,6500.00,KMDW 142153Z 25008KT 10SM FEW065 FEW140 BKN250 32/20 A2978 RMK AO2 SLP073 T03170200
MDW,2023-07-14 22:53,10.00,5500.00,KMDW 142253Z 24010KT 10SM FEW055 FEW150 BKN250 31/21 A2979 RMK AO2 SLP077 T03060206
MDW,2023-07-14 23:53,10.00,5500.00,KMDW 142353Z 23011KT 10SM FEW055 SCT150 BKN250 30/21 A2981 RMK AO2 SLP082 T03000206 10322 20300 53002
MDW,2023-07-15 00:53,10.00,5500.00,KMDW 150053Z 22007KT 10SM FEW055 SCT140 BKN250 29/21 A2980 RMK AO2 SLP081 T02940211
MDW,2023-07-15 01:53,10.00,5000.00,KMDW 150153Z 22004KT 10SM FEW050 SCT140 BKN250 29/21 A2980 RMK AO2 SLP078 CONS LTGICCA DSNT SW-W CB DSNT SW-W T02890206
MDW,2023-07-15 02:53,2.00,3000.00,KMDW 150253Z 30022G34KT 2SM +TSRA BR FEW030 BKN045 OVC060CB 21/19 A2985 RMK AO2 PK WND 29040/0234 RAB28 TSB28 SLP099 FRQ LTGICCACG OHD TS OHD MOV E P0008 60008 T02110189 53014
MDW,2023-07-15 03:53,10.00,4700.00,KMDW 150353Z 11004KT 10SM -RA FEW047 SCT065 BKN075 OVC150 22/19 A2982 RMK AO2 PK WND 31030/0255 TSE52 PRESFR SLP089 OCNL LTGIC DSNT SE CB DSNT SE P0011 T02170194
MDW,2023-07-15 04:53,10.00,11000.00,KMDW 150453Z 20003KT 10SM FEW110 BKN160 OVC250 22/19 A2978 RMK AO2 RAE0358 SLP072 OCNL LTGIC DSNT E-SE CB DSNT E-SE P0000 T02170189
MDW,2023-07-15 05:53,10.00,13000.00,KMDW 150553Z COR 18005KT 10SM SCT130 OVC170 22/19 A2979 RMK AO2 SLP075 60019 T02170194 10306 20206 403220206 55020
MDW,2023-07-15 06:53,10.00,15000.00,KMDW 150653Z 18006KT 10SM OVC150 22/19 A2976 RMK AO2 SLP067 FRQ LTGIC DSNT S CB DSNT S T02170194
MDW,2023-07-15 07:53,10.00,7500.00,KMDW 150753Z 24008KT 10SM -RA FEW075 SCT090 OVC110 22/19 A2982 RMK AO2 LTG DSNT S RAB51 PRESRR SLP085 FRQ LTGIC DSNT S CB DSNT S P0000 T02170189
MDW,2023-07-15 08:53,10.00,1200.00,KMDW 150853Z 22009KT 10SM FEW012 BKN015 OVC036 22/19 A2983 RMK AO2 RAE06 SLP088 P0000 60000 T02170189 53013
MDW,2023-07-15 09:53,8.00,4100.00,KMDW 150953Z 22006KT 8SM -RA FEW041 BKN100 OVC120 21/19 A2983 RMK AO2 RAB14 SLP088 P0002 T02110194
MDW,2023-07-15 10:53,9.00,6000.00,KMDW 151053Z 20007KT 9SM -RA SCT060 OVC110 21/20 A2982 RMK AO2 SLP086 P0005 T02110200
MDW,2023-07-15 11:53,10.00,6000.00,KMDW 151153Z 20007KT 10SM -RA SCT060 BKN120 BKN250 21/20 A2980 RMK AO2 SLP081 P0001 60008 70029 T02110200 10222 20211 58008
MDW,2023-07-15 12:53,10.00,800.00,KMDW 151253Z 22005KT 10SM FEW008 SCT085 BKN120 BKN250 22/21 A2980 RMK AO2 RAE07 SLP081 P0001 T02170206
MDW,2023-07-15 13:53,10.00,800.00,KMDW 151353Z 23009KT 10SM BKN008 BKN090 BKN120 23/21 A2981 RMK AO2 SLP084 T02330206
MDW,2023-07-15 14:53,10.00,1000.00,KMDW 151453Z 25009KT 10SM BKN010 BKN090 BKN120 25/21 A2981 RMK AO2 SLP086 60001 T02500206 50002
MDW,2023-07-15 15:53,10.00,1900.00,KMDW 151553Z 25011KT 10SM BKN019 26/20 A2982 RMK AO2 SLP087 T02610200
MDW,2023-07-15 16:53,10.00,2900.00,KMDW 151653Z 23007KT 10SM BKN029 27/19 A2981 RMK AO2 SLP086 T02720194
MDW,2023-07-15 17:53,10.00,3400.00,KMDW 151753Z 23008KT 10SM BKN034 28/20 A2981 RMK AO2 SLP083 60001 T02780200 10283 20211 58001
MDW,2023-07-15 18:53,10.00,3700.00,KMDW 151853Z 23012KT 10SM SCT037 BKN055 BKN250 28/20 A2979 RMK AO2 LTG DSNT NE SLP078 CB DSNT NE T02830200
MDW,2023-07-15 19:53,10.00,1900.00,KMDW 151953Z COR 14003G20KT 10SM FEW019CB SCT039 BKN060 BKN250 27/18 A2979 RMK AO2 PK WND 32028/1927 RAB22E46 TSB07E52 SLP078 CB E-SE MOV E P0039 T02670183
MDW,2023-07-15 20:53,10.00,3900.00,KMDW 152053Z 28013G19KT 10SM BKN039 BKN065 BKN250 28/20 A2979 RMK AO2 SLP077 CB DSNT NE-SE 60039 T02830200 56006
MDW,2023-07-15 21:53,10.00,4300.00,KMDW 152153Z 29010KT 10SM FEW043 SCT055 BKN250 29/18 A2978 RMK AO2 SLP075 CB DSNT E T02890178
MDW,2023-07-15 22:53,10.00,4600.00,KMDW 152253Z 30009KT 10SM BKN046 BKN100 BKN250 28/18 A2979 RMK AO2 SLP076 CB DSNT S T02830178
MDW,2023-07-15 23:53,10.00,4600.00,KMDW 152353Z 30010KT 10SM SCT046 SCT070 BKN250 28/18 A2980 RMK AO2 SLP081 CB DSNT SE-S 60039 T02780183 10289 20244 53004
MDW,2023-07-16 00:53,7.00,4600.00,KMDW 160053Z 29008KT 7SM FEW046 FEW060 BKN250 27/17 A2981 RMK AO2 SLP083 CB DSNT SE T02670167
MDW,2023-07-16 01:53,8.00,25000.00,KMDW 160153Z 27007KT 8SM BKN250 26/17 A2982 RMK AO2 SLP087 T02560172
MDW,2023-07-16 02:53,8.00,25000.00,KMDW 160253Z 29008KT 8SM OVC250 25/17 A2983 RMK AO2 SLP092 T02500167 53011
MDW,2023-07-16 03:53,8.00,25000.00,KMDW 160353Z 30008KT 8SM OVC250 24/16 A2984 RMK AO2 SLP096 T02390161
MDW,2023-07-16 04:53,9.00,25000.00,KMDW 160453Z 29005KT 9SM OVC250 23/16 A2986 RMK AO2 SLP099 T02330156
MDW,2023-07-16 05:53,8.00,25000.00,KMDW 160553Z 26004KT 8SM OVC250 22/16 A2985 RMK AO2 SLP098 T02220156 10278 20222 402890211 50006
MDW,2023-07-16 06:53,8.00,25000.00,KMDW 160653Z 24005KT 8SM OVC250 22/16 A2985 RMK AO2 SLP097 T02170156
MDW,2023-07-16 07:53,7.00,25000.00,KMDW 160753Z 27007KT 7SM OVC250 22/16 A2985 RMK AO2 SLP099 T02170161
MDW,2023-07-16 08:53,6.00,25000.00,KMDW 160853Z 24005KT 6SM FU OVC250 21/16 A2985 RMK AO2 SLP098 T02060161 57001
MDW,2023-07-16 09:53,7.00,25000.00,KMDW 160953Z 25006KT 7SM OVC250 19/17 A2985 RMK AO2 SLP099 T01940167
MDW,2023-07-16 10:53,5.00,4500.00,KMDW 161053Z 25006KT 5SM FU OVC045 19/17 A2986 RMK AO2 SLP103 FU OVC045 T01940167
MDW,2023-07-16 11:53,5.00,4300.00,KMDW 161153Z 25006KT 5SM FU BKN043 BKN095 20/16 A2987 RMK AO2 SLP107 70040 T02000161 10228 20194 53008
MDW,2023-07-16 12:53,6.00,4300.00,KMDW 161253Z 26006KT 6SM FU SCT043 BKN095 21/16 A2988 RMK AO2 SLP109 T02060161
MDW,2023-07-16 13:53,6.00,4500.00,KMDW 161353Z 28006KT 6SM FU FEW045 FEW095 22/15 A2988 RMK AO2 SLP110 T02220150
MDW,2023-07-16 14:53,9.00,8000.00,KMDW 161453Z 28006KT 9SM SCT080 BKN210 24/14 A2989 RMK AO2 SLP111 T02390139 52006
MDW,2023-07-16 15:53,10.00,5500.00,KMDW 161553Z 29009KT 10SM SCT055 BKN080 BKN120 25/12 A2988 RMK AO2 SLP110 T02500122
MDW,2023-07-16 16:53,9.00,6000.00,KMDW 161653Z 30010G14KT 9SM SCT060 SCT080 BKN210 26/13 A2989 RMK AO2 SLP111 T02610133
MDW,2023-07-16 17:53,8.00,6000.00,KMDW 161753Z 25012KT 8SM SCT060 SCT095 27/14 A2988 RMK AO2 SLP108 T02670139 10267 20200 58003
MDW,2023-07-16 18:53,8.00,6000.00,KMDW 161853Z 26010G18KT 8SM BKN060 BKN250 27/13 A2988 RMK AO2 SLP108 T02670128
MDW,2023-07-16 19:53,8.00,5500.00,KMDW 161953Z 28011KT 8SM BKN055 BKN250 27/13 A2987 RMK AO2 SLP104 T02720133
MDW,2023-07-16 20:53,8.00,6000.00,KMDW 162053Z 27015G20KT 8SM SCT060 BKN250 27/14 A2986 RMK AO2 SLP104 T02720144 58005
MDW,2023-07-16 21:53,9.00,5500.00,KMDW 162153Z 29011KT 9SM SCT055 BKN250 27/14 A2984 RMK AO2 SLP096 T02720139
MDW,2023-07-16 22:53,10.00,5500.00,KMDW 162253Z 29007KT 10SM FEW055 BKN250 27/14 A2984 RMK AO2 SLP095 T02670139
MDW,2023-07-16 23:53,10.00,5500.00,KMDW 162353Z 24012KT 10SM FEW055 SCT250 26/14 A2983 RMK AO2 SLP093 T02610144 10278 20256 56011
MDW,2023-07-17 00:53,10.00,25000.00,KMDW 170053Z 24010KT 10SM SCT250 25/14 A2983 RMK AO2 SLP094 T02500144 $
MDW,2023-07-17 01:53,9.00,M,KMDW 170153Z 25007KT 9SM CLR 24/16 A2984 RMK AO2 SLP095 T02390156 $
MDW,2023-07-17 02:53,9.00,M,KMDW 170253Z 24007KT 9SM CLR 23/16 A2985 RMK AO2 SLP100 T02330156 53007 $
MDW,2023-07-17 03:53,8.00,M,KMDW 170353Z 25007KT 8SM CLR 23/16 A2987 RMK AO2 SLP105 T02280161 $
MDW,2023-07-17 04:53,8.00,25000.00,KMDW 170453Z 25010KT 8SM FEW250 23/16 A2987 RMK AO2 SLP106 T02280161 $
MDW,2023-07-17 05:53,7.00,25000.00,KMDW 170553Z 25009KT 7SM FEW250 22/16 A2988 RMK AO2 SLP108 T02220161 10261 20222 402780194 51009 $
MDW,2023-07-17 06:53,7.00,25000.00,KMDW 170653Z 25007KT 7SM FEW250 22/16 A2987 RMK AO2 SLP104 T02170161 $
MDW,2023-07-17 07:53,8.00,M,KMDW 170753Z 29008KT 8SM CLR 22/16 A2986 RMK AO2 SLP102 T02170156 $
MDW,2023-07-17 08:53,7.00,M,KMDW 170853Z 28005KT 7SM CLR 21/16 A2985 RMK AO2 SLP101 T02060161 56008 $
MDW,2023-07-17 09:53,7.00,M,KMDW 170953Z 27005KT 7SM CLR 20/16 A2988 RMK AO2 SLP110 T02000161 $
MDW,2023-07-17 10:53,6.00,M,KMDW 171053Z 26005KT 6SM FU CLR 19/16 A2989 RMK AO2 SLP114 T01890156 $
MDW,2023-07-17 11:53,7.00,6500.00,KMDW 171153Z 29008KT 7SM FEW065 FEW250 20/16 A2991 RMK AO2 SLP119 FU FEW250 T02000156 10222 20189 51018 $
MDW,2023-07-17 12:53,9.00,25000.00,KMDW 171253Z 31006KT 9SM FEW250 21/14 A2992 RMK AO2 SLP123 FU FEW250 T02110144
MDW,2023-07-17 13:53,10.00,M,KMDW 171353Z 31007KT 10SM CLR 22/13 A2993 RMK AO2 SLP126 T02220133
MDW,2023-07-17 14:53,10.00,M,KMDW 171453Z 28006KT 10SM CLR 23/13 A2994 RMK AO2 SLP130 T02330128 51011
MDW,2023-07-17 15:53,10.00,5000.00,KMDW 171553Z 33009KT 10SM FEW050 24/12 A2993 RMK AO2 SLP127 T02440117
MDW,2023-07-17 16:53,10.00,5500.00,KMDW 171653Z 28011KT 10SM FEW055 FEW250 25/11 A2993 RMK AO2 SLP126 T02500106
MDW,2023-07-17 17:53,10.00,6000.00,KMDW 171753Z 30012G20KT 10SM FEW060 FEW250 26/11 A2993 RMK AO2 SLP125 T02560111 10256 20200 56004
MDW,2023-07-17 18:53,10.00,6000.00,KMDW 171853Z 31011G15KT 10SM FEW060 FEW250 26/11 A2992 RMK AO2 SLP124 T02610111
MDW,2023-07-17 19:53,10.00,6000.00,KMDW 171953Z 30011G20KT 10SM FEW060 FEW250 26/10 A2991 RMK AO2 SLP121 T02610100
MDW,2023-07-17 20:53,10.00,6000.00,KMDW 172053Z 29011G21KT 10SM FEW060 FEW250 26/10 A2990 RMK AO2 SLP116 T02610100 58009
MDW,2023-07-17 21:53,10.00,6000.00,KMDW 172153Z 28009G18KT 10SM FEW060 SCT250 26/09 A2990 RMK AO2 SLP115 T02610094
MDW,2023-07-17 22:53,10.00,6000.00,KMDW 172253Z 30008KT 10SM FEW060 SCT250 26/10 A2989 RMK AO2 SLP114 T02560100
MDW,2023-07-17 23:53,10.00,6000.00,KMDW 172353Z 28006KT 10SM FEW060 FEW250 25/10 A2990 RMK AO2 SLP115 T02500100 10267 20250 55001
MDW,2023-07-18 00:53,10.00,6500.00,KMDW 180053Z 12008KT 10SM FEW065 FEW250 23/12 A2991 RMK AO2 SLP120 T02330122
MDW,2023-07-18 01:53,10.00,6500.00,KMDW 180153Z 13006KT 10SM FEW065 FEW250 23/12 A2992 RMK AO2 SLP124 T02280122
MDW,2023-07-18 02:53,10.00,6500.00,KMDW 180253Z 14006KT 10SM FEW065 22/12 A2995 RMK AO2 SLP133 T02220122 53018
MDW,2023-07-18 03:53,10.00,6500.00,KMDW 180353Z 00000KT 10SM SCT065 22/12 A2996 RMK AO2 SLP137 T02220122
MDW,2023-07-18 04:53,10.00,6500.00,KMDW 180453Z 26004KT 10SM SCT065 21/12 A2996 RMK AO2 SLP138 T02060117
MDW,2023-07-18 05:53,10.00,6000.00,KMDW 180553Z 29005KT 10SM FEW060 20/12 A2996 RMK AO2 SLP137 T02000117 10250 20200 402670189 50004
MDW,2023-07-18 06:53,10.00,6000.00,KMDW 180653Z 30004KT 10SM FEW060 18/12 A2995 RMK AO2 SLP134 T01830122
MDW,2023-07-18 07:53,10.00,M,KMDW 180753Z 30004KT 10SM CLR 18/13 A2994 RMK AO2 SLP131 T01830128
MDW,2023-07-18 08:53,10.00,M,KMDW 180853Z 32003KT 10SM CLR 18/12 A2994 RMK AO2 SLP131 T01780122 56007
MDW,2023-07-18 09:53,10.00,25000.00,KMDW 180953Z 30003KT 10SM FEW250 18/12 A2996 RMK AO2 SLP138 T01780122
MDW,2023-07-18 10:53,10.00,6000.00,KMDW 181053Z 33006KT 10SM FEW060 FEW250 18/13 A2998 RMK AO2 SLP144 T01780128
MDW,2023-07-18 11:53,10.00,6000.00,KMDW 181153Z 33004KT 10SM FEW060 FEW250 19/13 A3000 RMK AO2 SLP152 T01890128 10200 20167 53021
MDW,2023-07-18 12:53,10.00,6500.00,KMDW 181253Z 32003KT 10SM BKN065 BKN250 21/13 A3001 RMK AO2 SLP153 T02110128
MDW,2023-07-18 13:53,10.00,6500.00,KMDW 181353Z 00000KT 10SM FEW065 BKN250 23/13 A3000 RMK AO2 SLP151 T02280128
MDW,2023-07-18 14:53,10.00,4500.00,KMDW 181453Z 07003KT 10SM FEW045 FEW065 BKN250 23/12 A2999 RMK AO2 SLP146 T02330117 58005
MDW,2023-07-18 15:53,10.00,5000.00,KMDW 181553Z VRB05KT 10SM BKN050 BKN065 BKN250 24/13 A2999 RMK AO2 SLP148 T02440128
MDW,2023-07-18 16:53,10.00,5500.00,KMDW 181653Z 03003KT 10SM BKN055 BKN250 26/14 A3000 RMK AO2 SLP148 T02560139
MDW,2023-07-18 17:53,10.00,4200.00,KMDW 181753Z 08003KT 10SM SCT042 BKN055 BKN250 25/14 A2999 RMK AO2 SLP145 T02500139 10256 20189 58000
MDW,2023-07-18 18:53,10.00,4500.00,KMDW 181853Z 11008G14KT 10SM FEW045 SCT060 BKN250 24/13 A2999 RMK AO2 SLP147 T02440133
MDW,2023-07-18 19:53,10.00,4500.00,KMDW 181953Z COR 10005G16KT 10SM FEW045 BKN060 BKN250 25/13 A2998 RMK AO2 SLP144 T02500133
MDW,2023-07-18 20:53,10.00,4500.00,KMDW 182053Z 08011KT 10SM FEW045 SCT060 BKN250 25/13 A2997 RMK AO2 SLP141 T02500133 58005
MDW,2023-07-18 21:53,10.00,6000.00,KMDW 182153Z 06010KT 10SM FEW060 FEW250 25/13 A2996 RMK AO2 SLP138 T02500133
MDW,2023-07-18 22:53,10.00,6000.00,KMDW 182253Z 09008KT 10SM FEW060 FEW250 25/13 A2996 RMK AO2 SLP138 T02500133
MDW,2023-07-18 23:53,10.00,6000.00,KMDW 182353Z 08010KT 10SM FEW060 FEW250 24/13 A2996 RMK AO2 SLP139 T02390128 10256 20239 55002
MDW,2023-07-19 00:53,10.00,6000.00,KMDW 190053Z 07008KT 10SM FEW060 FEW250 23/12 A2997 RMK AO2 SLP140 T02280117
MDW,2023-07-19 01:53,10.00,6000.00,KMDW 190153Z 08006KT 10SM FEW060 FEW250 22/11 A2998 RMK AO2 SLP142 T02220111
MDW,2023-07-19 02:53,10.00,M,KMDW 190253Z 14004KT 10SM CLR 21/12 A3001 RMK AO2 SLP156 T02110122 53017
MDW,2023-07-19 03:53,10.00,M,KMDW 190353Z 13004KT 10SM CLR 21/13 A3003 RMK AO2 SLP160 T02060128
MDW,2023-07-19 04:53,10.00,M,KMDW 190453Z 13003KT 10SM CLR 21/13 A3004 RMK AO2 SLP163 T02060133
MDW,2023-07-19 05:53,10.00,M,KMDW 190553Z 00000KT 10SM CLR 21/13 A3003 RMK AO2 SLP161 T02060133 10239 20200 402560167 50006
MDW,2023-07-19 06:53,10.00,M,KMDW 190653Z 00000KT 10SM CLR 19/13 A3002 RMK AO2 SLP159 T01890133
MDW,2023-07-19 07:53,10.00,M,KMDW 190753Z 33004KT 10SM CLR 18/13 A3002 RMK AO2 SLP157 T01830133 $
MDW,2023-07-19 08:53,10.00,M,KMDW 190853Z 31003KT 10SM CLR 18/13 A3002 RMK AO2 SLP158 T01780133 55004 $
MDW,2023-07-19 09:53,10.00,10000.00,KMDW 190953Z 34003KT 10SM FEW100 FEW250 17/13 A3002 RMK AO2 SLP161 T01720128 $
MDW,2023-07-19 10:53,10.00,10000.00,KMDW 191053Z 06003KT 10SM FEW100 FEW250 18/13 A3004 RMK AO2 SLP165 T01830128 $
MDW,2023-07-19 11:53,10.00,10000.00,KMDW 191153Z 00000KT 10SM FEW100 FEW250 21/13 A3005 RMK AO2 SLP169 T02110128 10211 20167 53012 $
MDW,2023-07-19 12:53,10.00,6000.00,KMDW 191253Z 06005KT 10SM FEW060 FEW100 FEW250 22/13 A3006 RMK AO2 SLP171 T02220133
MDW,2023-07-19 13:53,10.00,6000.00,KMDW 191353Z VRB06KT 10SM FEW060 FEW100 FEW250 23/12 A3007 RMK AO2 SLP172 T02330117
MDW,2023-07-19 14:53,10.00,M,KMDW 191453Z 11004KT 10SM CLR 24/13 A3007 RMK AO2 SLP172 T02440133 51003
MDW,2023-07-19 15:53,10.00,4500.00,KMDW 191553Z 00000KT 10SM FEW045 FEW100 26/14 A3006 RMK AO2 SLP170 T02560144
MDW,2023-07-19 16:53,10.00,10000.00,KMDW 191653Z 11005KT 10SM FEW100 26/14 A3006 RMK AO2 SLP170 T02610144
MDW,2023-07-19 17:53,10.00,5000.00,KMDW 191753Z 10005KT 10SM FEW050 FEW110 FEW250 27/14 A3004 RMK AO2 SLP163 T02720144 10272 20211 58009
MDW,2023-07-19 18:53,10.00,5000.00,KMDW 191853Z 12007KT 10SM FEW050 BKN250 28/16 A3003 RMK AO2 SLP162 T02780156
MDW,2023-07-19 19:53,10.00,5000.00,KMDW 191953Z 18007KT 10SM FEW050 SCT200 BKN250 29/14 A3002 RMK AO2 SLP158 T02940139
MDW,2023-07-19 20:53,10.00,5000.00,KMDW 192053Z 13007KT 10SM FEW050 SCT200 BKN250 29/15 A3001 RMK AO2 SLP152 T02940150 58010
MDW,2023-07-19 21:53,10.00,5000.00,KMDW 192153Z 10005KT 10SM FEW050 SCT200 BKN250 29/13 A3000 RMK AO2 SLP149 T02940128
MDW,2023-07-19 22:53,10.00,10000.00,KMDW 192253Z 26008KT 10SM FEW100 SCT200 BKN250 28/14 A2999 RMK AO2 SLP147 T02830139
MDW,2023-07-19 23:53,10.00,10000.00,KMDW 192353Z 25005KT 10SM FEW100 BKN200 BKN250 27/14 A2999 RMK AO2 SLP147 T02720144 10294 20267 55004
MDW,2023-07-20 00:53,10.00,10000.00,KMDW 200053Z 23007KT 10SM FEW100 BKN200 BKN250 27/13 A2999 RMK AO2 SLP145 T02720128
MDW,2023-07-20 01:53,10.00,10000.00,KMDW 200153Z 23008KT 10SM FEW100 BKN200 BKN250 26/14 A2998 RMK AO2 SLP143 T02560144
MDW,2023-07-20 02:53,10.00,20000.00,KMDW 200253Z 24005KT 10SM BKN200 OVC250 24/14 A3000 RMK AO2 SLP149 T02440144 53002
MDW,2023-07-20 03:53,10.00,25000.00,KMDW 200353Z 21008KT 10SM BKN250 24/14 A2998 RMK AO2 SLP144 T02440144
MDW,2023-07-20 04:53,10.00,25000.00,KMDW 200453Z 20003KT 10SM OVC250 24/15 A2997 RMK AO2 SLP139 T02390150
MDW,2023-07-20 05:53,10.00,25000.00,KMDW 200553Z 23003KT 10SM BKN250 23/15 A2997 RMK AO2 SLP140 T02280150 10278 20228 402940167 55009
MDW,2023-07-20 06:53,10.00,25000.00,KMDW 200653Z 22006KT 10SM BKN250 23/16 A2996 RMK AO2 SLP136 T02280156
MDW,2023-07-20 07:53,10.00,3500.00,KMDW 200753Z 21005KT 10SM FEW035 SCT180 BKN250 23/16 A2995 RMK AO2 SLP132 T02280156
MDW,2023-07-20 08:53,10.00,13000.00,KMDW 200853Z 21003KT 10SM FEW130 BKN150 OVC250 23/16 A2995 RMK AO2 SLP131 T02280156 56007
MDW,2023-07-20 09:53,10.00,5500.00,KMDW 200953Z 22004KT 10SM FEW055 SCT100 SCT120 BKN180 22/17 A2994 RMK AO2 RAB21E42 SLP129 P0000 T02220167
MDW,2023-07-20 10:53,10.00,6000.00,KMDW 201053Z 22005KT 10SM FEW060 FEW095 SCT120 SCT180 22/18 A2994 RMK AO2 SLP128 T02220178
MDW,2023-07-20 11:53,10.00,2900.00,KMDW 201153Z 22008KT 10SM FEW029 FEW110 BKN160 BKN200 23/19 A2993 RMK AO2 SLP125 60000 T02330189 10233 20217 58006
MDW,2023-07-20 12:53,10.00,3000.00,KMDW 201253Z 25007KT 10SM FEW030 FEW100 SCT160 BKN200 25/20 A2992 RMK AO2 SLP121 T02500200
MDW,2023-07-20 13:53,10.00,3000.00,KMDW 201353Z 25009KT 10SM FEW030 FEW100 SCT140 SCT200 26/21 A2990 RMK AO2 SLP115 T02610211
MDW,2023-07-20 14:53,10.00,3000.00,KMDW 201453Z 24014KT 10SM FEW030 28/21 A2988 RMK AO2 SLP107 T02780211 58018
MDW,2023-07-20 15:53,10.00,3000.00,KMDW 201553Z 24017G23KT 10SM FEW030 FEW110 29/21 A2988 RMK AO2 SLP105 T02890211
MDW,2023-07-20 16:53,10.00,3400.00,KMDW 201653Z 26013G22KT 10SM SCT034 SCT060 SCT110 30/21 A2986 RMK AO2 SLP101 T03000206
MDW,2023-07-20 17:53,10.00,4500.00,KMDW 201753Z 28014G24KT 10SM FEW045 SCT060 BKN090 29/18 A2985 RMK AO2 PK WND 25026/1702 SLP098 T02940183 10311 20233 58008
MDW,2023-07-20 18:53,10.00,6000.00,KMDW 201853Z 29016G24KT 10SM SCT060 31/16 A2984 RMK AO2 PK WND 28027/1840 SLP094 T03060161
MDW,2023-07-20 19:53,10.00,6000.00,KMDW 201953Z 30017G24KT 10SM SCT060 29/16 A2985 RMK AO2 SLP097 T02940161
MDW,2023-07-20 20:53,10.00,6000.00,KMDW 202053Z 30015G23KT 10SM SCT060 30/14 A2984 RMK AO2 PK WND 32027/2018 SLP094 T03000139 56003
MDW,2023-07-20 21:53,10.00,6500.00,KMDW 202153Z 30015G24KT 10SM SCT065 28/14 A2985 RMK AO2 PK WND 32027/2059 SLP096 T02830139
MDW,2023-07-20 22:53,10.00,7500.00,KMDW 202253Z 31014G20KT 10SM BKN075 28/14 A2985 RMK AO2 SLP096 T02830139
MDW,2023-07-20 23:53,10.00,7000.00,KMDW 202353Z 33010KT 10SM SCT070 28/13 A2986 RMK AO2 SLP101 T02830133 10311 20283 53007
MDW,2023-07-21 00:53,10.00,6500.00,KMDW 210053Z 33014G23KT 10SM SCT065 SCT080 27/14 A2989 RMK AO2 SLP110 T02670144
MDW,2023-07-21 01:53,10.00,6500.00,KMDW 210153Z 31010KT 10SM FEW065 FEW080 SCT250 25/13 A2992 RMK AO2 SLP120 T02500133
MDW,2023-07-21 02:53,10.00,5500.00,KMDW 210253Z 34009KT 10SM SCT055 24/13 A2994 RMK AO2 SLP127 T02390133 51025
MDW,2023-07-21 03:53,10.00,6500.00,KMDW 210353Z 34014KT 10SM SCT065 SCT250 24/14 A2995 RMK AO2 SLP129 T02390139
MDW,2023-07-21 04:53,10.00,6500.00,KMDW 210453Z 34008KT 10SM FEW065 23/14 A2995 RMK AO2 SLP129 T02330139
MDW,2023-07-21 05:53,10.00,2500.00,KMDW 210553Z 36009KT 10SM FEW025 BKN044 22/16 A2996 RMK AO2 SLP134 T02220161 10283 20222 403110217 53007
MDW,2023-07-21 06:53,10.00,2700.00,KMDW 210653Z 01011KT 10SM BKN027 22/16 A2996 RMK AO2 SLP135 T02170161
MDW,2023-07-21 07:53,10.00,2200.00,KMDW 210753Z 01007KT 10SM FEW022 SCT028 BKN040 22/17 A2997 RMK AO2 SLP137 T02170167
MDW,2023-07-21 08:53,10.00,2300.00,KMDW 210853Z 02007KT 10SM FEW023 FEW044 21/16 A2996 RMK AO2 SLP134 T02060161 58001
MDW,2023-07-21 09:53,10.00,2000.00,KMDW 210953Z 01010KT 10SM BKN020 21/16 A2997 RMK AO2 SLP138 T02060161
MDW,2023-07-21 10:53,10.00,1800.00,KMDW 211053Z 01008KT 10SM BKN018 BKN025 BKN041 21/17 A2997 RMK AO2 SLP139 T02110167
MDW,2023-07-21 11:53,10.00,1800.00,KMDW 211153Z 01008KT 10SM BKN018 BKN025 BKN040 21/16 A2999 RMK AO2 SLP146 T02110161 10222 20206 53012
MDW,2023-07-21 12:53,10.00,1800.00,KMDW 211253Z 34009KT 10SM FEW018 BKN025 BKN040 BKN250 21/16 A3001 RMK AO2 SLP154 T02060161
MDW,2023-07-21 13:53,10.00,2400.00,KMDW 211353Z 01009KT 10SM BKN024 BKN029 BKN250 22/16 A3003 RMK AO2 SLP159 T02170156
MDW,2023-07-21 14:53,10.00,2600.00,KMDW 211453Z 02008KT 10SM BKN026 BKN032 BKN250 22/15 A3003 RMK AO2 SLP162 T02220150 51014
MDW,2023-07-21 15:53,10.00,2900.00,KMDW 211553Z 33006KT 10SM SCT029 BKN034 BKN250 23/15 A3003 RMK AO2 SLP161 T02280150
MDW,2023-07-21 16:53,10.00,3000.00,KMDW 211653Z 06005KT 10SM FEW030 BKN036 BKN250 25/15 A3002 RMK AO2 SLP157 T02500150
MDW,2023-07-21 17:53,10.00,3000.00,KMDW 211753Z 00000KT 10SM FEW030 SCT040 BKN200 BKN250 26/14 A3002 RMK AO2 SLP155 T02560139 10256 20206 58006
MDW,2023-07-21 18:53,10.00,3000.00,KMDW 211853Z 02006KT 10SM FEW030 FEW046 SCT200 BKN250 26/13 A3002 RMK AO2 SLP155 T02560128
MDW,2023-07-21 19:53,10.00,3000.00,KMDW 211953Z 08006KT 10SM FEW030 FEW055 SCT200 BKN250 27/13 A3001 RMK AO2 SLP154 T02670128
MDW,2023-07-21 20:53,10.00,5500.00,KMDW 212053Z 05006KT 10SM FEW055 FEW200 BKN250 26/13 A3000 RMK AO2 SLP149 T02610133 58007
MDW,2023-07-21 21:53,10.00,5500.00,KMDW 212153Z 07006KT 10SM FEW055 FEW200 SCT250 27/11 A2999 RMK AO2 SLP147 T02670106
MDW,2023-07-21 22:53,10.00,5500.00,KMDW 212253Z 09010G17KT 10SM FEW055 26/12 A2998 RMK AO2 SLP143 T02610117
MDW,2023-07-21 23:53,10.00,5500.00,KMDW 212353Z 09008KT 10SM FEW055 25/11 A2997 RMK AO2 SLP138 T02500111 10272 20250 58010
MDW,2023-07-22 00:53,10.00,5500.00,KMDW 220053Z 09006KT 10SM FEW055 FEW250 24/11 A2996 RMK AO2 SLP139 T02390111
MDW,2023-07-22 01:53,10.00,25000.00,KMDW 220153Z 11004KT 10SM FEW250 23/12 A2996 RMK AO2 SLP137 T02280117
MDW,2023-07-22 02:53,10.00,25000.00,KMDW 220253Z 00000KT 10SM FEW250 23/12 A2997 RMK AO2 SLP139 T02280117 53001
MDW,2023-07-22 03:53,10.00,25000.00,KMDW 220353Z 00000KT 10SM FEW250 22/12 A2997 RMK AO2 SLP141 T02170117
MDW,2023-07-22 04:53,10.00,25000.00,KMDW 220453Z 21003KT 10SM FEW250 22/12 A2998 RMK AO2 SLP142 T02170122
MDW,2023-07-22 05:53,10.00,5000.00,KMDW 220553Z 00000KT 10SM FEW050 20/12 A2997 RMK AO2 SLP139 T02000122 10250 20200 402720200 58000
MDW,2023-07-22 06:53,10.00,6000.00,KMDW 220653Z 00000KT 10SM FEW060 20/13 A2996 RMK AO2 SLP136 T02000128
MDW,2023-07-22 07:53,10.00,6000.00,KMDW 220753Z 21003KT 10SM FEW060 20/13 A2995 RMK AO2 SLP133 T02000128
MDW,2023-07-22 08:53,10.00,M,KMDW 220853Z 19003KT 10SM CLR 19/13 A2994 RMK AO2 SLP131 T01890133 56007
MDW,2023-07-22 09:53,10.00,M,KMDW 220953Z 25003KT 10SM CLR 18/13 A2995 RMK AO2 SLP132 T01830133
MDW,2023-07-22 10:53,10.00,6000.00,KMDW 221053Z 24004KT 10SM FEW060 18/14 A2996 RMK AO2 SLP136 T01830139
MDW,2023-07-22 11:53,10.00,6000.00,KMDW 221153Z 24006KT 10SM FEW060 19/14 A2996 RMK AO2 SLP138 T01940144 10206 20178 53005
MDW,2023-07-22 12:53,10.00,6000.00,KMDW 221253Z 23005KT 10SM FEW060 21/14 A2996 RMK AO2 SLP137 T02110144
MDW,2023-07-22 13:53,10.00,M,KMDW 221353Z 26006KT 10SM CLR 24/15 A2996 RMK AO2 SLP137 T02390150
MDW,2023-07-22 14:53,10.00,M,KMDW 221453Z VRB06KT 10SM CLR 26/14 A2995 RMK AO2 SLP132 T02610144 58003
MDW,2023-07-22 15:53,10.00,5000.00,KMDW 221553Z 32006KT 10SM FEW050 27/14 A2994 RMK AO2 SLP130 T02670139
MDW,2023-07-22 16:53,10.00,5500.00,KMDW 221653Z 00000KT 10SM SCT055 27/12 A2994 RMK AO2 SLP127 T02720117
MDW,2023-07-22 17:53,10.00,6000.00,KMDW 221753Z 28005G14KT 10SM SCT060 28/12 A2992 RMK AO2 SLP123 T02780122 10278 20194 58010
MDW,2023-07-22 18:53,10.00,7000.00,KMDW 221853Z 29007G16KT 10SM SCT070 SCT250 29/12 A2991 RMK AO2 SLP118 CB DSNT NE-E AND DSNT NW T02940122
MDW,2023-07-22 19:53,10.00,7000.00,KMDW 221953Z 35006G19KT 10SM SCT070 BKN080 BKN250 29/12 A2990 RMK AO2 SLP114 CB DSNT NE-E AND DSNT NW T02890122
MDW,2023-07-22 20:53,10.00,7000.00,KMDW 222053Z 23012G17KT 10SM SCT070 BKN090 BKN250 29/13 A2988 RMK AO2 LTG DSNT NW SLP109 CB DSNT NE AND DSNT NW T02940128 58013
MDW,2023-07-22 21:53,10.00,7000.00,KMDW 222153Z 27010KT 10SM VCTS SCT070 BKN090 BKN250 28/12 A2987 RMK AO2 LTG DSNT N-SE SLP108 CB DSNT N-E AND DSNT NW T02780122
MDW,2023-07-22 22:53,10.00,7000.00,KMDW 222253Z 03010KT 10SM SCT070 BKN090 BKN250 25/14 A2989 RMK AO2 WSHFT 2208 LTG DSNT SE SLP112 CB DSNT SE AND DSNT NW T02500144
MDW,2023-07-22 23:53,10.00,7000.00,KMDW 222353Z 33007KT 10SM -RA FEW070 BKN100 BKN250 23/15 A2991 RMK AO2 LTG DSNT SE AND NW RAB26 SLP120 CB DSNT NW P0000 60000 T02330150 10300 20233 53009
MDW,2023-07-23 00:53,10.00,5500.00,KMDW 230053Z 27005KT 10SM -RA FEW055 SCT090 BKN120 BKN250 22/15 A2991 RMK AO2 LTG DSNT W AND NW SLP119 CB DSNT W-NW P0001 T02170150
MDW,2023-07-23 01:53,10.00,5500.00,KMDW 230153Z 28011G18KT 10SM -RA FEW055 BKN100 BKN250 21/14 A2989 RMK AO2 SLP113 P0001 T02060144
MDW,2023-07-23 02:53,10.00,14000.00,KMDW 230253Z 20006KT 10SM BKN140 BKN250 21/15 A2988 RMK AO2 RAE19 SLP110 P0000 60002 T02060150 58009
MDW,2023-07-23 03:53,10.00,9000.00,KMDW 230353Z 19006KT 10SM FEW090 FEW140 SCT250 21/16 A2989 RMK AO2 SLP112 T02060156
MDW,2023-07-23 04:53,10.00,9000.00,KMDW 230453Z 20005KT 10SM FEW090 FEW140 SCT250 21/16 A2989 RMK AO2 SLP112 T02060156
MDW,2023-07-23 05:53,10.00,6000.00,KMDW 230553Z COR 32009G17KT 10SM FEW060 BKN080 BKN140 BKN250 21/16 A2991 RMK AO2 SLP117 OCNL LTGIC DSNT W-NW CB DSNT W-NW 60002 T02060156 10233 20200 403000178 53008 $
MDW,2023-07-23 06:53,10.00,5500.00,KMDW 230653Z 32004KT 10SM FEW055 BKN085 BKN110 BKN250 19/15 A2990 RMK AO2 SLP114 OCNL LTGIC DSNT W CB DSNT W T01890150 $
MDW,2023-07-23 07:53,6.00,3800.00,KMDW 230753Z 17004KT 6SM -TSRA BR FEW038 BKN050CB OVC110 18/16 A2989 RMK AO2 RAB25 TSB29 SLP112 OCNL LTGIC OHD TS OHD MOV E P0014 T01830161 $
MDW,2023-07-23 08:53,10.00,10000.00,KMDW 230853Z 22004KT 10SM BKN100 BKN110 19/17 A2987 RMK AO2 RAE18 TSE18 SLP107 P0001 60015 T01890167 58010 $
MDW,2023-07-23 09:53,10.00,7000.00,KMDW 230953Z 20004KT 10SM FEW070 OVC110 19/17 A2987 RMK AO2 SLP107 OCNL LTGIC DSNT SW CB DSNT SW T01890172 $
MDW,2023-07-23 10:53,10.00,7000.00,KMDW 231053Z 00000KT 10SM FEW070 SCT130 SCT250 18/17 A2990 RMK AO2 SLP118 T01830167 $
MDW,2023-07-23 11:53,10.00,7000.00,KMDW 231153Z 30005KT 10SM FEW070 FEW100 SCT210 18/17 A2991 RMK AO2 SLP123 60015 70017 T01830167 10211 20183 53013 $
MDW,2023-07-23 12:53,10.00,7000.00,KMDW 231253Z 26003KT 10SM FEW070 FEW210 20/17 A2993 RMK AO2 SLP127 T02000167 $
MDW,2023-07-23 13:53,10.00,7000.00,KMDW 231353Z 00000KT 10SM FEW070 FEW210 22/17 A2993 RMK AO2 SLP130 T02170172 $
MDW,2023-07-23 14:53,10.00,7000.00,KMDW 231453Z 00000KT 10SM FEW070 FEW210 23/16 A2994 RMK AO2 SLP130 T02280161 51008 $
MDW,2023-07-23 15:53,10.00,3400.00,KMDW 231553Z 00000KT 10SM FEW034 FEW210 25/15 A2994 RMK AO2 SLP129 T02500150 $
MDW,2023-07-23 16:53,10.00,4000.00,KMDW 231653Z 28007KT 10SM FEW040 26/16 A2994 RMK AO2 SLP128 T02610156 $
MDW,2023-07-23 17:53,10.00,4500.00,KMDW 231753Z 28006KT 10SM FEW045 27/16 A2992 RMK AO2 SLP124 T02670161 10272 20183 58005 $
MDW,2023-07-23 18:53,10.00,4700.00,KMDW 231853Z 27010KT 230V300 10SM FEW047 28/16 A2992 RMK AO2 SLP124 T02780161 $
MDW,2023-07-23 19:53,10.00,4900.00,KMDW 231953Z 29008KT 10SM FEW049 29/16 A2992 RMK AO2 SLP121 T02890156 $
MDW,2023-07-23 20:53,10.00,5000.00,KMDW 232053Z 28011KT 10SM FEW050 29/14 A2991 RMK AO2 SLP118 T02890144 58005 $
MDW,2023-07-23 21:53,10.00,5000.00,KMDW 232153Z 30010KT 10SM FEW050 29/14 A2991 RMK AO2 SLP119 T02890144 $
MDW,2023-07-23 22:53,10.00,5000.00,KMDW 232253Z 31009KT 10SM FEW050 28/14 A2991 RMK AO2 SLP120 T02830144 $
MDW,2023-07-23 23:53,10.00,5000.00,KMDW 232353Z 32008KT 10SM FEW050 FEW250 28/14 A2992 RMK AO2 SLP123 T02780139 10294 20267 53005 $
MDW,2023-07-24 00:53,10.00,5000.00,KMDW 240053Z 29005KT 10SM FEW050 SCT250 27/14 A2993 RMK AO2 SLP127 T02670144 $
MDW,2023-07-24 01:53,10.00,25000.00,KMDW 240153Z 00000KT 10SM BKN250 26/15 A2995 RMK AO2 SLP132 T02560150 $
MDW,2023-07-24 02:53,10.00,25000.00,KMDW 240253Z 11003KT 10SM FEW250 25/17 A2997 RMK AO2 SLP140 T02500167 53016 $
MDW,2023-07-24 03:53,10.00,M,KMDW 240353Z 15003KT 10SM CLR 24/17 A2997 RMK AO2 SLP140 T02440167 $
MDW,2023-07-24 04:53,10.00,M,KMDW 240453Z 19004KT 10SM CLR 24/17 A2998 RMK AO2 SLP142 T02390172 $
MDW,2023-07-24 05:53,10.00,M,KMDW 240553Z 00000KT 10SM CLR 23/17 A2998 RMK AO2 SLP143 T02330167 10278 20228 402940183 51004 $
MDW,2023-07-24 06:53,10.00,M,KMDW 240653Z 22003KT 10SM CLR 23/17 A2997 RMK AO2 SLP140 T02330167 $
MDW,2023-07-24 07:53,10.00,M,KMDW 240753Z 00000KT 10SM CLR 23/16 A2997 RMK AO2 SLP137 T02280161 $
MDW,2023-07-24 08:53,10.00,M,KMDW 240853Z 00000KT 10SM CLR 22/17 A2997 RMK AO2 SLP139 T02170167 55003 $
MDW,2023-07-24 09:53,10.00,M,KMDW 240953Z 00000KT 10SM CLR 22/17 A2998 RMK AO2 SLP143 T02170172 $
MDW,2023-07-24 10:53,10.00,25000.00,KMDW 241053Z 21004KT 10SM FEW250 21/17 A3000 RMK AO2 SLP150 T02110172 $
MDW,2023-07-24 11:53,10.00,20000.00,KMDW 241153Z 00000KT 10SM FEW200 SCT250 22/18 A3002 RMK AO2 SLP154 T02170178 10233 20206 53014 $
MDW,2023-07-24 12:53,10.00,25000.00,KMDW 241253Z 22003KT 10SM FEW250 23/18 A3003 RMK AO2 SLP159 T02280183
MDW,2023-07-24 13:53,10.00,25000.00,KMDW 241353Z 00000KT 10SM FEW250 26/18 A3004 RMK AO2 SLP160 T02560178
MDW,2023-07-24 14:53,10.00,25000.00,KMDW 241453Z 32005KT 10SM FEW250 27/17 A3004 RMK AO2 SLP162 T02720167 51009
MDW,2023-07-24 15:53,10.00,4800.00,KMDW 241553Z VRB04KT 10SM FEW048 FEW250 28/17 A3004 RMK AO2 SLP161 T02830167
MDW,2023-07-24 16:53,10.00,5000.00,KMDW 241653Z 31006KT 10SM SCT050 SCT250 28/16 A3005 RMK AO2 SLP165 T02830156
MDW,2023-07-24 17:53,9.00,5000.00,KMDW 241753Z 29005KT 9SM FEW050 FEW250 29/14 A3004 RMK AO2 SLP159 T02940144 10300 20211 58002
MDW,2023-07-24 18:53,7.00,6000.00,KMDW 241853Z 08008KT 7SM SCT060 SCT250 29/17 A3003 RMK AO2 SLP158 T02940167
MDW,2023-07-24 19:53,7.00,6000.00,KMDW 241953Z 08010KT 7SM SCT060 SCT250 29/16 A3003 RMK AO2 SLP160 T02940161
MDW,2023-07-24 20:53,7.00,6500.00,KMDW 242053Z 07008KT 7SM FEW065 29/16 A3003 RMK AO2 SLP157 T02890156 58003
MDW,2023-07-24 21:53,8.00,6500.00,KMDW 242153Z 09008KT 8SM FEW065 29/17 A3003 RMK AO2 SLP157 T02890167
MDW,2023-07-24 22:53,8.00,6500.00,KMDW 242253Z 07008KT 8SM FEW065 28/16 A3003 RMK AO2 SLP159 T02780161
MDW,2023-07-24 23:53,8.00,6000.00,KMDW 242353Z 09005KT 8SM FEW060 27/15 A3003 RMK AO2 SLP160 T02720150 10306 20272 53002
MDW,2023-07-25 00:53,7.00,25000.00,KMDW 250053Z 09006KT 7SM FEW250 26/16 A3004 RMK AO2 SLP163 T02610161
MDW,2023-07-25 01:53,8.00,25000.00,KMDW 250153Z 11005KT 8SM FEW250 25/17 A3005 RMK AO2 SLP165 T02500167
MDW,2023-07-25 02:53,9.00,25000.00,KMDW 250253Z 14003KT 9SM FEW250 24/16 A3007 RMK AO2 SLP171 T02440161 53012
MDW,2023-07-25 03:53,8.00,25000.00,KMDW 250353Z 00000KT 8SM FEW250 24/17 A3007 RMK AO2 SLP170 T02440167
MDW,2023-07-25 04:53,7.00,6000.00,KMDW 250453Z 00000KT 7SM FEW060 24/16 A3008 RMK AO2 SLP174 T02390161
MDW,2023-07-25 05:53,7.00,M,KMDW 250553Z 19003KT 7SM CLR 24/16 A3008 RMK AO2 SLP174 T02390161 10272 20228 403060206 53004
MDW,2023-07-25 06:53,7.00,M,KMDW 250653Z 00000KT 7SM CLR 23/17 A3008 RMK AO2 SLP175 T02330167
MDW,2023-07-25 07:53,7.00,M,KMDW 250753Z 00000KT 7SM CLR 22/16 A3007 RMK AO2 SLP173 T02170161
MDW,2023-07-25 08:53,7.00,M,KMDW 250853Z 28003KT 7SM CLR 21/16 A3007 RMK AO2 SLP173 T02110161 58003
MDW,2023-07-25 09:53,7.00,M,KMDW 250953Z 00000KT 7SM CLR 21/16 A3008 RMK AO2 SLP177 T02110161
MDW,2023-07-25 10:53,5.00,25000.00,KMDW 251053Z 21004KT 5SM HZ SCT250 22/16 A3009 RMK AO2 SLP179 T02170161
MDW,2023-07-25 11:53,5.00,25000.00,KMDW 251153Z 21003KT 5SM HZ SCT250 22/16 A3009 RMK AO2 SLP180 T02170161 10239 20206 51006
MDW,2023-07-25 12:53,4.00,25000.00,KMDW 251253Z 22005KT 4SM HZ FEW250 23/17 A3010 RMK AO2 SLP184 T02330167
MDW,2023-07-25 13:53,4.00,25000.00,KMDW 251353Z 21006KT 4SM HZ FEW250 26/16 A3009 RMK AO2 SLP180 T02560161
MDW,2023-07-25 14:53,4.00,25000.00,KMDW 251453Z 22007KT 4SM HZ FEW250 27/17 A3010 RMK AO2 SLP181 T02720167 51002
MDW,2023-07-25 15:53,4.00,M,KMDW 251553Z 23006KT 4SM HZ CLR 28/18 A3009 RMK AO2 SLP179 T02830178
MDW,2023-07-25 16:53,4.00,M,KMDW 251653Z 21006KT 4SM HZ CLR 30/17 A3009 RMK AO2 SLP177 T03000167
MDW,2023-07-25 17:53,4.00,5700.00,KMDW 251753Z 17008KT 4SM HZ FEW057 FEW250 31/17 A3006 RMK AO2 SLP167 T03060167 10311 20217 58012
MDW,2023-07-25 18:53,3.00,6000.00,KMDW 251853Z 21007KT 3SM HZ FEW060 FEW250 32/16 A3005 RMK AO2 SLP163 T03170156
MDW,2023-07-25 19:53,5.00,6000.00,KMDW 251953Z 19009G16KT 5SM HZ FEW060 32/16 A3003 RMK AO2 SLP159 T03170161
MDW,2023-07-25 20:53,6.00,6000.00,KMDW 252053Z 18011G20KT 140V200 6SM HZ FEW060 32/17 A3002 RMK AO2 SLP153 T03220167 58014
MDW,2023-07-25 21:53,6.00,6000.00,KMDW 252153Z 20010KT 6SM HZ FEW060 FEW250 31/18 A3001 RMK AO2 SLP151 T03110178
MDW,2023-07-25 22:53,6.00,25000.00,KMDW 252253Z 19010G18KT 6SM HZ SCT250 31/17 A3000 RMK AO2 SLP147 T03110167
MDW,2023-07-25 23:53,6.00,25000.00,KMDW 252353Z 18009KT 6SM HZ SCT250 31/18 A3000 RMK AO2 SLP147 T03060178 10322 20300 56007
MDW,2023-07-26 00:53,6.00,25000.00,KMDW 260053Z 20009KT 6SM HZ BKN250 29/18 A3001 RMK AO2 SLP150 T02940183
MDW,2023-07-26 01:53,6.00,25000.00,KMDW 260153Z 17006KT 6SM HZ BKN250 29/18 A3001 RMK AO2 SLP150 T02890183
MDW,2023-07-26 02:53,6.00,25000.00,KMDW 260253Z 14008KT 6SM HZ SCT250 28/19 A3000 RMK AO2 SLP148 T02780189 50002
MDW,2023-07-26 03:53,7.00,25000.00,KMDW 260353Z 15005KT 7SM SCT250 27/19 A2998 RMK AO2 SLP141 T02720189
MDW,2023-07-26 04:53,6.00,25000.00,KMDW 260453Z 14008KT 6SM HZ BKN250 27/19 A2997 RMK AO2 SLP134 T02670189
MDW,2023-07-26 05:53,6.00,25000.00,KMDW 260553Z 17007KT 6SM HZ BKN250 26/19 A2995 RMK AO2 SLP129 T02610189 10306 20261 403220206 56018
MDW,2023-07-26 06:53,7.00,4400.00,KMDW 260653Z 17007KT 7SM SCT044 BKN250 26/19 A2994 RMK AO2 SLP126 T02610189
MDW,2023-07-26 07:53,7.00,4600.00,KMDW 260753Z 17005KT 7SM FEW046 BKN250 26/19 A2993 RMK AO2 SLP122 T02610189
MDW,2023-07-26 08:53,7.00,4600.00,KMDW 260853Z 17006KT 7SM FEW046 26/19 A2991 RMK AO2 SLP114 T02560194 58014
MDW,2023-07-26 09:53,8.00,4600.00,KMDW 260953Z 17007KT 8SM FEW046 25/20 A2989 RMK AO2 SLP107 T02500200
MDW,2023-07-26 10:53,8.00,12000.00,KMDW 261053Z 16008KT 8SM FEW120 FEW200 BKN250 24/21 A2987 RMK AO2 SLP104 T02440206
MDW,2023-07-26 11:53,10.00,12000.00,KMDW 261153Z 17010KT 10SM FEW120 FEW200 BKN250 25/21 A2987 RMK AO2 SLP102 T02500211 10261 20244 56013
MDW,2023-07-26 12:53,10.00,12000.00,KMDW 261253Z 19010KT 10SM FEW120 FEW200 BKN250 26/21 A2984 RMK AO2 SLP093 T02610211
MDW,2023-07-26 13:53,10.00,13000.00,KMDW 261353Z 21008KT 10SM BKN130 BKN160 OVC250 27/22 A2985 RMK AO2 SLP095 T02720217
MDW,2023-07-26 14:53,10.00,7000.00,KMDW 261453Z 22008KT 10SM TS BKN070CB BKN130 BKN160 OVC250 27/22 A2985 RMK AO2 LTG DSNT ALQDS TSB42 SLP095 OCNL LTGIC VC W-NW-N TS W-NW-N MOV E T02670222 51001
MDW,2023-07-26 15:53,8.00,1600.00,KMDW 261553Z 13012KT 8SM -TSRA FEW016 SCT043 BKN070CB OVC130 25/23 A2977 RMK AO2 LTG DSNT ALQDS RAB03 SLP071 OCNL LTGICCC OHD TS OHD MOV E P0016 T02500233 $
MDW,2023-07-26 16:53,8.00,1400.00,KMDW 261653Z 21006KT 8SM FEW014 FEW110 SCT160 BKN200 BKN250 28/24 A2981 RMK AO2 RAE12 TSE10 SLP082 P0000 T02780239
MDW,2023-07-26 17:53,9.00,2500.00,KMDW 261753Z 24011KT 9SM BKN025 OVC044 29/23 A2981 RMK AO2 SLP082 60016 T02940233 10294 20250 56012
MDW,2023-07-26 18:53,10.00,2900.00,KMDW 261853Z 22010G19KT 10SM SCT029 BKN050 BKN160 BKN250 30/23 A2977 RMK AO2 SLP068 T03000228
MDW,2023-07-26 19:53,10.00,3400.00,KMDW 261953Z 22013G19KT 10SM SCT034 BKN050 BKN140 BKN250 31/23 A2977 RMK AO2 LTG DSNT N SLP068 T03110228
MDW,2023-07-26 20:53,10.00,4500.00,KMDW 262053Z 25008KT 10SM SCT045 BKN140 BKN250 31/23 A2974 RMK AO2 LTG DSNT NE SLP059 T03110233 56022
MDW,2023-07-26 21:53,10.00,4000.00,KMDW 262153Z 24011KT 10SM SCT040 BKN140 BKN250 32/23 A2975 RMK AO2 SLP062 T03170233
MDW,2023-07-26 22:53,10.00,4000.00,KMDW 262253Z 24013KT 10SM FEW040 BKN060 BKN150 BKN250 32/23 A2975 RMK AO2 SLP060 T03220233
MDW,2023-07-26 23:53,10.00,3600.00,KMDW 262353Z 28012KT 10SM FEW036 FEW055 SCT150 SCT250 32/23 A2976 RMK AO2 SLP063 T03170228 10328 20294 52005
MDW,2023-07-27 00:53,10.00,4100.00,KMDW 270053Z 28009KT 10SM SCT041 SCT250 31/23 A2978 RMK AO2 SLP071 T03110233
MDW,2023-07-27 01:53,10.00,3500.00,KMDW 270153Z 36006KT 10SM FEW035 SCT060 29/24 A2980 RMK AO2 SLP079 T02890239
MDW,2023-07-27 02:53,10.00,3600.00,KMDW 270253Z 01007KT 10SM BKN036 29/23 A2983 RMK AO2 SLP090 T02890233 53025
MDW,2023-07-27 03:53,10.00,M,KMDW 270353Z 36006KT 10SM CLR 28/21 A2985 RMK AO2 SLP097 T02830211
MDW,2023-07-27 04:53,10.00,M,KMDW 270453Z 00000KT 10SM CLR 26/21 A2987 RMK AO2 SLP103 T02610206
MDW,2023-07-27 05:53,10.00,M,KMDW 270553Z 00000KT 10SM CLR 27/21 A2988 RMK AO2 SLP104 T02670206 10317 20261 403280244 51015
MDW,2023-07-27 06:53,10.00,M,KMDW 270653Z 20003KT 10SM CLR 26/21 A2988 RMK AO2 SLP106 T02560206
MDW,2023-07-27 07:53,10.00,M,KMDW 270753Z 21004KT 10SM CLR 25/22 A2988 RMK AO2 SLP105 T02500217
MDW,2023-07-27 08:53,8.00,M,KMDW 270853Z 23003KT 8SM CLR 24/22 A2988 RMK AO2 SLP107 T02440222 51002
MDW,2023-07-27 09:53,9.00,M,KMDW 270953Z 00000KT 9SM CLR 24/22 A2989 RMK AO2 SLP111 T02390222
MDW,2023-07-27 10:53,7.00,25000.00,KMDW 271053Z 00000KT 7SM FEW250 24/22 A2991 RMK AO2 SLP116 T02390217
MDW,2023-07-27 11:53,8.00,25000.00,KMDW 271153Z 00000KT 8SM FEW250 26/22 A2993 RMK AO2 SLP123 70016 T02560222 10267 20239 53017
MDW,2023-07-27 12:53,9.00,M,KMDW 271253Z 24004KT 9SM CLR 27/22 A2995 RMK AO2 SLP130 T02670217
MDW,2023-07-27 13:53,10.00,25000.00,KMDW 271353Z 00000KT 10SM FEW250 29/22 A2995 RMK AO2 SLP131 T02890217
MDW,2023-07-27 14:53,10.00,3000.00,KMDW 271453Z 00000KT 10SM FEW030 FEW250 30/22 A2996 RMK AO2 SLP132 T03000217 51010
MDW,2023-07-27 15:53,10.00,3000.00,KMDW 271553Z 35003KT 10SM FEW030 FEW250 31/22 A2997 RMK AO2 SLP135 T03110222
MDW,2023-07-27 16:53,10.00,3500.00,KMDW 271653Z 09009KT 10SM FEW035 FEW250 31/22 A2998 RMK AO2 SLP138 T03110222
MDW,2023-07-27 17:53,10.00,3700.00,KMDW 271753Z 09011KT 10SM FEW037 FEW250 31/22 A2997 RMK AO2 SLP137 T03110217 10317 20256 50004
MDW,2023-07-27 18:53,10.00,3700.00,KMDW 271853Z 06009KT 10SM FEW037 FEW250 31/21 A2997 RMK AO2 SLP136 T03110211
MDW,2023-07-27 19:53,10.00,3700.00,KMDW 271953Z 12009KT 10SM FEW037 FEW250 32/21 A2996 RMK AO2 SLP133 T03220211
MDW,2023-07-27 20:53,10.00,3700.00,KMDW 272053Z 09005G14KT 10SM FEW037 FEW180 FEW250 32/21 A2997 RMK AO2 SLP134 T03220206 55003
MDW,2023-07-27 21:53,10.00,4500.00,KMDW 272153Z 11010KT 10SM FEW045 FEW180 SCT250 33/21 A2995 RMK AO2 SLP129 T03280211
MDW,2023-07-27 22:53,10.00,4500.00,KMDW 272253Z 10007KT 10SM FEW045 FEW180 BKN250 32/21 A2992 RMK AO2 SLP120 T03220211
MDW,2023-07-27 23:53,10.00,4500.00,KMDW 272353Z 12008KT 10SM FEW045 FEW180 BKN250 32/21 A2991 RMK AO2 SLP117 T03170211 10328 20311 56017
MDW,2023-07-28 00:53,10.00,4500.00,KMDW 280053Z 11006KT 10SM FEW045 SCT100 SCT180 BKN250 31/21 A2993 RMK AO2 SLP121 T03060206
MDW,2023-07-28 01:53,10.00,4500.00,KMDW 280153Z 10006KT 10SM FEW045 FEW100 SCT180 BKN250 30/20 A2994 RMK AO2 SLP124 T03000200
MDW,2023-07-28 02:53,10.00,18000.00,KMDW 280253Z 11006KT 10SM SCT180 BKN250 29/19 A2994 RMK AO2 SLP126 T02940194 51010
MDW,2023-07-28 03:53,10.00,22000.00,KMDW 280353Z 00000KT 10SM SCT220 BKN250 29/19 A2994 RMK AO2 SLP125 T02890194
MDW,2023-07-28 04:53,10.00,18000.00,KMDW 280453Z 14003KT 10SM FEW180 BKN250 29/21 A2995 RMK AO2 SLP127 T02890206
MDW,2023-07-28 05:53,10.00,19000.00,KMDW 280553Z 18003KT 10SM BKN190 BKN250 29/21 A2994 RMK AO2 SLP126 T02890211 10317 20278 403280239 58000
MDW,2023-07-28 06:53,10.00,16000.00,KMDW 280653Z 21006KT 10SM FEW160 SCT210 BKN250 29/22 A2993 RMK AO2 SLP121 T02890222
MDW,2023-07-28 07:53,10.00,21000.00,KMDW 280753Z 18005KT 10SM SCT210 BKN250 28/23 A2988 RMK AO2 SLP105 T02830233
MDW,2023-07-28 08:53,10.00,2300.00,KMDW 280853Z 34020G26KT 10SM -RA BKN023 BKN030 OVC150 27/21 A2996 RMK AO2 PK WND 33026/0847 LTG DSNT ALQDS RAB50 SLP130 OCNL LTGIC DSNT NE AND W CB DSNT NE AND W P0000 60000 T02670211 53009
MDW,2023-07-28 09:53,10.00,3700.00,KMDW 280953Z 03012G17KT 10SM -TSRA SCT037 SCT055CB SCT100 OVC160 24/21 A2999 RMK AO2 PK WND 34031/0914 WSHFT 0843 LTG DSNT ALQDS SLP141 TSB12 FRQ LTGICCC VC S-SW TS VC S-SW MOV E P0000 T02390206
MDW,2023-07-28 10:53,10.00,4500.00,KMDW 281053Z 33009KT 10SM -TSRA FEW045 BKN095CB BKN110 OVC170 24/21 A3003 RMK AO2 LTG DSNT ALQDS PRESRR SLP158 OCNL LTGIC OHD TS OHD MOV E P0003 T02390211
MDW,2023-07-28 11:53,7.00,1400.00,KMDW 281153Z 12011G20KT 7SM -TSRA FEW014 BKN060CB BKN110 OVC250 23/22 A2994 RMK AO2 WSHFT 1126 LTG DSNT NE-S SLP127 OCNL LTGIC VC E-SE TS VC E-SE MOV E P0027 60030 70030 T02280217 10289 20222 58005
MDW,2023-07-28 12:53,9.00,6500.00,KMDW 281253Z 15008G19KT 9SM -RA FEW065 FEW080 SCT110 BKN150 OVC250 23/22 A2995 RMK AO2 RAE13B48 TSE09 SLP132 P0000 T02330217
MDW,2023-07-28 13:53,10.00,8000.00,KMDW 281353Z 17007KT 10SM FEW080 SCT120 BKN150 BKN200 BKN250 24/22 A2995 RMK AO2 RAE11 SLP130 P0000 T02440222
MDW,2023-07-28 14:53,10.00,12000.00,KMDW 281453Z 20008KT 10SM FEW120 SCT150 BKN200 BKN250 27/22 A2996 RMK AO2 SLP131 60000 T02670217 51004
MDW,2023-07-28 15:53,10.00,8000.00,KMDW 281553Z 20013G23KT 10SM FEW080 SCT130 BKN200 BKN250 27/21 A2997 RMK AO2 SLP135 T02720211
MDW,2023-07-28 16:53,10.00,8000.00,KMDW 281653Z 21013G20KT 10SM FEW080 SCT130 SCT200 SCT250 30/21 A2996 RMK AO2 SLP131 T03000211
MDW,2023-07-28 17:53,10.00,13000.00,KMDW 281753Z 22012G20KT 10SM FEW130 FEW200 FEW250 31/22 A2994 RMK AO2 SLP124 60000 T03110222 10311 20228 58005
MDW,2023-07-28 18:53,10.00,3000.00,KMDW 281853Z 22010G18KT 10SM FEW030 FEW130 FEW250 32/23 A2993 RMK AO2 SLP120 T03170233
MDW,2023-07-28 19:53,10.00,3000.00,KMDW 281953Z 24011G17KT 10SM FEW030 SCT130 SCT250 33/24 A2992 RMK AO2 SLP118 T03280239
MDW,2023-07-28 20:53,10.00,3500.00,KMDW 282053Z VRB05KT 10SM SCT035 SCT130 BKN250 33/24 A2991 RMK AO2 SLP115 T03330244 56009
MDW,2023-07-28 21:53,10.00,3900.00,KMDW 282153Z 19003KT 10SM BKN039 BKN150 BKN250 33/24 A2991 RMK AO2 SLP114 T03280244
MDW,2023-07-28 22:53,10.00,4500.00,KMDW 282253Z 23006KT 10SM BKN045TCU BKN090 BKN250 33/24 A2991 RMK AO2 SLP116 TCU OHD T03280244
MDW,2023-07-28 23:53,10.00,4000.00,KMDW 282353Z 07008KT 10SM -RA BKN040 BKN090 BKN250 32/24 A2991 RMK AO2 RAB43 SLP116 CB DSNT SE-S-W P0000 60000 T03170239 10339 20311 56001
MDW,2023-07-29 00:53,10.00,4400.00,KMDW 290053Z 06008KT 10SM -TSRA SCT044CB BKN080 BKN200 30/23 A2989 RMK AO2 RAE2355B53 TSB42 SLP108 OCNL LTGICCG VC W TS VC W MOV E CB DSNT SE-S-W-NW P0000 T03000233
MDW,2023-07-29 01:53,10.00,3200.00,KMDW 290153Z 10003KT 10SM -TSRA SCT032 BKN045CB BKN110 BKN200 28/23 A2985 RMK AO2 SLP096 CONS LTGICCCCG OHD TS OHD MOV E P0000 T02830233
MDW,2023-07-29 02:53,10.00,3200.00,KMDW 290253Z 33006KT 10SM FEW032 SCT050 BKN090 OVC200 27/25 A2987 RMK AO2 RAE22 TSE45 SLP103 FRQ LTGICCCCG DSNT SE AND NW-NE CB DSNT SE AND NW-NE P0006 60006 T02720250 55005
MDW,2023-07-29 03:53,10.00,5500.00,KMDW 290353Z 33015G24KT 10SM TS BKN055CB BKN095 OVC200 27/23 A2989 RMK AO2 LTG DSNT ALQDS TSB45 SLP109 CONS LTGICCG OHD TS OHD MOV E T02720228
MDW,2023-07-29 04:53,3.00,800.00,KMDW 290453Z 33020G35KT 3SM TSRA BR FEW008 BKN025 OVC065CB 22/21 A2998 RMK AO2 PK WND 32041/0403 LTG DSNT ALQDS RAB03 SLP142 CONS LTGICCG OHD TS OHD MOV SE P0069 T02220206 $
MDW,2023-07-29 05:53,10.00,9500.00,KMDW 290553Z 33010G21KT 10SM -TSRA SCT095CB BKN110 OVC140 23/19 A2996 RMK AO2 PK WND 32040/0520 LTG DSNT ALQDS SLP132 OCNL LTGICCC OHD TS OHD MOV E 6//// T02280194 10317 20217 403390217 50022 PNO $
MDW,2023-07-29 06:53,10.00,1000.00,KMDW 290653Z 00000KT 10SM FEW010 OVC190 23/20 A2988 RMK AO2 SLP106 RAE35 TSE14 OCNL LTGICCG DSNT NE CB DSNT NE P0002 T02280200 $
MDW,2023-07-29 07:53,10.00,1300.00,KMDW 290753Z 35007KT 10SM BKN013 OVC250 22/19 A2995 RMK AO2 SLP130 T02170189 $
MDW,2023-07-29 08:53,10.00,1200.00,KMDW 290853Z 25006KT 10SM OVC012 22/19 A2996 RMK AO2 SLP134 60002 T02170194 53002 $
MDW,2023-07-29 09:53,10.00,1100.00,KMDW 290953Z 26006KT 10SM BKN011 21/19 A2997 RMK AO2 SLP138 T02110194 $
MDW,2023-07-29 10:53,10.00,600.00,KMDW 291053Z 31007KT 10SM FEW006 BKN011 21/19 A2998 RMK AO2 SLP139 T02110194 $
MDW,2023-07-29 11:53,10.00,1400.00,KMDW 291153Z 34006KT 10SM BKN014 22/19 A2999 RMK AO2 SLP144 60002 7//// T02170194 10228 20211 53009 $
MDW,2023-07-29 12:53,10.00,1300.00,KMDW 291253Z 35007KT 10SM BKN013 22/19 A3001 RMK AO2 SLP152 T02220194 $
MDW,2023-07-29 13:53,10.00,1300.00,KMDW 291353Z 36008KT 10SM FEW013 BKN019 23/19 A3003 RMK AO2 SLP158 T02330189 $
MDW,2023-07-29 14:53,10.00,2300.00,KMDW 291453Z 01007KT 10SM BKN023 24/19 A3004 RMK AO2 SLP161 T02390189 51016 $
MDW,2023-07-29 15:53,10.00,2400.00,KMDW 291553Z 36008KT 10SM BKN024 25/19 A3005 RMK AO2 SLP167 T02500189 $
MDW,2023-07-29 16:53,10.00,2800.00,KMDW 291653Z 04008KT 350V060 10SM BKN028 BKN150 26/19 A3005 RMK AO2 SLP168 T02610194 $
MDW,2023-07-29 17:53,10.00,3200.00,KMDW 291753Z 05007KT 10SM SCT032 BKN150 BKN250 27/19 A3005 RMK AO2 SLP168 T02720189 10278 20217 51005 $
MDW,2023-07-29 18:53,10.00,3900.00,KMDW 291853Z 06009KT 10SM SCT039 SCT250 28/17 A3006 RMK AO2 SLP169 T02780172 $
MDW,2023-07-29 19:53,10.00,4000.00,KMDW 291953Z 05011KT 10SM FEW040 SCT250 28/15 A3007 RMK AO2 SLP173 T02780150 $
MDW,2023-07-29 20:53,10.00,4000.00,KMDW 292053Z 02007KT 10SM FEW040 SCT250 28/14 A3006 RMK AO2 SLP171 T02780144 50003 $
MDW,2023-07-29 21:53,10.00,4000.00,KMDW 292153Z 05010KT 10SM FEW040 SCT250 27/14 A3006 RMK AO2 SLP169 T02720144 $
MDW,2023-07-29 22:53,10.00,4000.00,KMDW 292253Z 05010KT 10SM FEW040 FEW250 27/14 A3006 RMK AO2 SLP169 T02670139 $
MDW,2023-07-29 23:53,10.00,4000.00,KMDW 292353Z 06010KT 10SM FEW040 FEW250 26/12 A3005 RMK AO2 SLP167 T02610117 10283 20261 56005 $
MDW,2023-07-30 00:53,10.00,4000.00,KMDW 300053Z 03006KT 10SM FEW040 FEW250 25/12 A3004 RMK AO2 SLP163 T02500117 $
MDW,2023-07-30 01:53,10.00,4000.00,KMDW 300153Z 10004KT 10SM FEW040 FEW250 24/13 A3004 RMK AO2 SLP165 T02390128 $
MDW,2023-07-30 02:53,10.00,4000.00,KMDW 300253Z 11005KT 10SM FEW040 23/14 A3006 RMK AO2 SLP170 T02330144 53003 $
MDW,2023-07-30 03:53,10.00,4000.00,KMDW 300353Z 00000KT 10SM FEW040 23/15 A3006 RMK AO2 SLP169 T02330150 $
MDW,2023-07-30 04:53,10.00,4000.00,KMDW 300453Z 00000KT 10SM FEW040 22/16 A3007 RMK AO2 SLP172 T02170156 $
MDW,2023-07-30 05:53,10.00,4500.00,KMDW 300553Z 24004KT 10SM FEW045 21/15 A3007 RMK AO2 SLP172 T02110150 10261 20211 402830211 51003 $
MDW,2023-07-30 06:53,10.00,4500.00,KMDW 300653Z 24004KT 10SM FEW045 21/15 A3006 RMK AO2 SLP171 T02060150 $
MDW,2023-07-30 07:53,10.00,5000.00,KMDW 300753Z 24004KT 10SM SCT050 21/14 A3006 RMK AO2 SLP170 T02060139 $
MDW,2023-07-30 08:53,10.00,6000.00,KMDW 300853Z 31003KT 10SM SCT060 21/15 A3006 RMK AO2 SLP169 T02060150 58003 $
MDW,2023-07-30 09:53,10.00,4400.00,KMDW 300953Z 27003KT 10SM SCT044 SCT070 21/14 A3006 RMK AO2 SLP170 T02060144 $
MDW,2023-07-30 10:53,10.00,4400.00,KMDW 301053Z 00000KT 10SM FEW044 SCT065 21/14 A3007 RMK AO2 SLP174 T02060144 $
MDW,2023-07-30 11:53,10.00,4400.00,KMDW 301153Z 00000KT 10SM FEW044 FEW065 22/15 A3007 RMK AO2 SLP174 T02170150 10217 20194 51004 $
MDW,2023-07-30 12:53,10.00,4500.00,KMDW 301253Z 32003KT 10SM FEW045 FEW065 23/16 A3009 RMK AO2 SLP179 T02280161 $
MDW,2023-07-30 13:53,10.00,3000.00,KMDW 301353Z 34006KT 10SM FEW030 FEW045 FEW065 24/17 A3009 RMK AO2 SLP179 T02440167 $
MDW,2023-07-30 14:53,10.00,3400.00,KMDW 301453Z 01007KT 10SM FEW034 26/17 A3009 RMK AO2 SLP178 T02560172 50005 $
MDW,2023-07-30 15:53,10.00,3000.00,KMDW 301553Z 01009KT 10SM SCT030 BKN043 BKN060 26/17 A3010 RMK AO2 SLP181 T02610172 $
MDW,2023-07-30 16:53,10.00,3600.00,KMDW 301653Z 36013KT 10SM BKN036 BKN050 26/17 A3010 RMK AO2 SLP184 T02610172 $
MDW,2023-07-30 17:53,10.00,3500.00,KMDW 301753Z 01012G19KT 10SM BKN035 BKN045 26/17 A3010 RMK AO2 SLP183 T02610172 10267 20217 50004 $
MDW,2023-07-30 18:53,10.00,3500.00,KMDW 301853Z 03011G18KT 10SM SCT035 SCT047 26/17 A3009 RMK AO2 SLP182 T02610167 $
MDW,2023-07-30 19:53,10.00,3900.00,KMDW 301953Z 05010G17KT 10SM FEW039 FEW047 SCT250 26/16 A3010 RMK AO2 SLP183 T02560156
MDW,2023-07-30 20:53,10.00,4000.00,KMDW 302053Z 05005KT 10SM FEW040 FEW250 26/14 A3009 RMK AO2 SLP180 T02560144 58003
MDW,2023-07-30 21:53,10.00,4000.00,KMDW 302153Z 08009KT 10SM FEW040 FEW150 SCT250 26/14 A3009 RMK AO2 SLP180 T02560139
MDW,2023-07-30 22:53,10.00,5000.00,KMDW 302253Z 07011KT 10SM FEW050 SCT170 SCT250 24/13 A3009 RMK AO2 SLP181 T02440128
MDW,2023-07-30 23:53,10.00,5000.00,KMDW 302353Z 09010KT 10SM FEW050 FEW070 SCT170 SCT250 24/12 A3009 RMK AO2 SLP180 T02390117 10267 20239 50001
MDW,2023-07-31 00:53,10.00,5000.00,KMDW 310053Z 08006KT 10SM FEW050 FEW150 SCT250 23/10 A3008 RMK AO2 SLP179 T02330100
MDW,2023-07-31 01:53,10.00,5000.00,KMDW 310153Z 11004KT 10SM FEW050 FEW150 23/09 A3009 RMK AO2 SLP182 T02330094
MDW,2023-07-31 02:53,10.00,15000.00,KMDW 310253Z VRB05KT 10SM FEW150 23/11 A3009 RMK AO2 SLP181 T02280106 53002
MDW,2023-07-31 03:53,10.00,15000.00,KMDW 310353Z 16004KT 10SM FEW150 22/11 A3009 RMK AO2 SLP179 T02220111
MDW,2023-07-31 04:53,10.00,M,KMDW 310453Z 00000KT 10SM CLR 22/12 A3010 RMK AO2 SLP182 T02220117
MDW,2023-07-31 05:53,10.00,M,KMDW 310553Z 26003KT 10SM CLR 21/12 A3010 RMK AO2 SLP184 T02060122 10239 20200 402670194 53002
MDW,2023-07-31 06:53,10.00,6000.00,KMDW 310653Z 00000KT 10SM FEW060 19/12 A3010 RMK AO2 SLP183 T01940122
MDW,2023-07-31 07:53,10.00,6000.00,KMDW 310753Z 00000KT 10SM FEW060 19/13 A3010 RMK AO2 SLP185 T01890133
MDW,2023-07-31 08:53,10.00,6000.00,KMDW 310853Z 24004KT 10SM FEW060 18/13 A3011 RMK AO2 SLP190 T01830128 53004
MDW,2023-07-31 09:53,10.00,6000.00,KMDW 310953Z 00000KT 10SM FEW060 19/12 A3012 RMK AO2 SLP193 T01890122
MDW,2023-07-31 10:53,10.00,6500.00,KMDW 311053Z 28003KT 10SM SCT065 18/13 A3012 RMK AO2 SLP193 T01780128
MDW,2023-07-31 11:53,10.00,6500.00,KMDW 311153Z 00000KT 10SM FEW065 19/14 A3014 RMK AO2 SLP197 T01940144 10206 20178 53007
MDW,2023-07-31 12:53,10.00,6500.00,KMDW 311253Z 29003KT 10SM FEW065 22/13 A3016 RMK AO2 SLP204 T02220133
MDW,2023-07-31 13:53,10.00,6000.00,KMDW 311353Z 29005KT 10SM FEW060 24/12 A3017 RMK AO2 SLP208 T02390117
MDW,2023-07-31 14:53,10.00,6000.00,KMDW 311453Z VRB03KT 10SM FEW060 25/13 A3017 RMK AO2 SLP209 T02500128 51013
MDW,2023-07-31 15:53,10.00,5500.00,KMDW 311553Z 29003KT 10SM FEW055 FEW250 26/12 A3016 RMK AO2 SLP203 T02560122
MDW,2023-07-31 16:53,10.00,6000.00,KMDW 311653Z 32005KT 10SM BKN060 BKN250 26/13 A3017 RMK AO2 SLP205 T02610133
MDW,2023-07-31 17:53,10.00,6000.00,KMDW 311753Z 31005KT 10SM BKN060 BKN250 28/13 A3015 RMK AO2 SLP202 T02780133 10278 20194 56006
MDW,2023-07-31 18:53,10.00,6000.00,KMDW 311853Z 12010KT 10SM BKN060 BKN075 BKN250 27/14 A3014 RMK AO2 SLP199 T02670139
MDW,2023-07-31 19:53,10.00,6500.00,KMDW 311953Z 08010G15KT 040V110 10SM SCT065 BKN080 BKN250 26/13 A3014 RMK AO2 SLP198 T02610133
MDW,2023-07-31 20:53,10.00,6500.00,KMDW 312053Z 12007KT 060V130 10SM FEW065 SCT080 BKN250 27/13 A3013 RMK AO2 SLP194 T02720133 56008
MDW,2023-07-31 21:53,10.00,8000.00,KMDW 312153Z 10006KT 10SM FEW080 BKN250 26/13 A3012 RMK AO2 SLP192 T02610128
MDW,2023-07-31 22:53,10.00,6000.00,KMDW 312253Z 09010G18KT 10SM FEW060 FEW080 BKN250 26/13 A3012 RMK AO2 SLP191 T02610128
MDW,2023-07-31 23:53,10.00,6000.00,KMDW 312353Z 09008KT 10SM FEW060 BKN250 26/13 A3011 RMK AO2 SLP188 T02560128 10278 20256 57006
MDW,2023-08-01 00:53,10.00,6000.00,KMDW 010053Z 10007KT 10SM FEW060 BKN250 24/13 A3013 RMK AO2 SLP193 T02440128
MDW,2023-08-01 01:53,10.00,6000.00,KMDW 010153Z 13006KT 10SM FEW060 FEW250 24/13 A3015 RMK AO2 SLP199 T02390133
MDW,2023-08-01 02:53,10.00,6000.00,KMDW 010253Z 13004KT 10SM FEW060 FEW250 23/14 A3016 RMK AO2 SLP205 T02330139 53017
MDW,2023-08-01 03:53,10.00,6500.00,KMDW 010353Z 15004KT 10SM SCT065 23/14 A3016 RMK AO2 SLP205 T02330139
MDW,2023-08-01 04:53,10.00,6500.00,KMDW 010453Z 13005KT 10SM FEW065 23/13 A3016 RMK AO2 SLP203 T02280133
MDW,2023-08-01 05:53,10.00,6500.00,KMDW 010553Z 17004KT 10SM SCT065 23/12 A3016 RMK AO2 SLP202 T02280122 10256 20228 402780178 57002
MDW,2023-08-01 06:53,10.00,6500.00,KMDW 010653Z 00000KT 10SM SCT065 22/13 A3016 RMK AO2 SLP203 T02220128
MDW,2023-08-01 07:53,10.00,4500.00,KMDW 010753Z 17005KT 10SM FEW045 SCT065 22/12 A3017 RMK AO2 SLP207 T02220122
MDW,2023-08-01 08:53,10.00,4400.00,KMDW 010853Z 17003KT 10SM BKN044 22/13 A3017 RMK AO2 SLP207 T02170133 51004
MDW,2023-08-01 09:53,10.00,4600.00,KMDW 010953Z 20004KT 10SM FEW046 BKN070 21/14 A3017 RMK AO2 SLP209 T02060139
MDW,2023-08-01 10:53,10.00,4800.00,KMDW 011053Z 21005KT 10SM FEW048 SCT065 21/14 A3018 RMK AO2 SLP211 T02060144
MDW,2023-08-01 11:53,10.00,4600.00,KMDW 011153Z 17003KT 10SM FEW046 SCT060 BKN085 21/15 A3018 RMK AO2 SLP213 T02110150 10228 20206 51005
MDW,2023-08-01 12:53,10.00,4800.00,KMDW 011253Z VRB03KT 10SM SCT048 SCT060 BKN085 22/15 A3020 RMK AO2 SLP218 T02220150
MDW,2023-08-01 13:53,10.00,5000.00,KMDW 011353Z 23005KT 10SM FEW050 SCT070 SCT250 24/14 A3020 RMK AO2 SLP218 T02440144 $
MDW,2023-08-01 14:53,10.00,4700.00,KMDW 011453Z 22011KT 10SM BKN047 BKN070 BKN250 26/14 A3021 RMK AO2 SLP220 T02610144 51008 $
MDW,2023-08-01 15:53,10.00,4200.00,KMDW 011553Z 21006KT 10SM BKN042 BKN050 BKN070 BKN250 26/14 A3020 RMK AO2 SLP218 T02560139 $
MDW,2023-08-01 16:53,10.00,4600.00,KMDW 011653Z 25008KT 10SM SCT046 BKN065 BKN085 BKN250 26/15 A3020 RMK AO2 SLP217 T02560150 $
MDW,2023-08-01 17:53,10.00,5500.00,KMDW 011753Z 19007KT 10SM FEW055 BKN080 BKN250 27/16 A3019 RMK AO2 SLP213 T02720156 10278 20211 58006 $
MDW,2023-08-01 18:53,10.00,5500.00,KMDW 011853Z 19009KT 10SM FEW055 SCT075 BKN250 28/16 A3016 RMK AO2 SLP204 T02780156 $
MDW,2023-08-01 19:53,10.00,5500.00,KMDW 011953Z VRB05KT 10SM SCT055 SCT075 BKN250 28/16 A3015 RMK AO2 SLP200 T02830156 $
MDW,2023-08-01 20:53,10.00,5500.00,KMDW 012053Z 21005KT 10SM SCT055 SCT075 BKN250 29/16 A3014 RMK AO2 SLP195 T02890161 56017 $
MDW,2023-08-01 21:53,10.00,5500.00,KMDW 012153Z 24004KT 10SM SCT055 BKN250 29/16 A3012 RMK AO2 SLP190 T02890156 $
MDW,2023-08-01 22:53,10.00,5500.00,KMDW 012253Z 24009KT 10SM SCT055TCU BKN250 29/17 A3011 RMK AO2 SLP188 TCU N T02890167 $
MDW,2023-08-01 23:53,10.00,5500.00,KMDW 012353Z 23010KT 10SM FEW055 SCT180 BKN250 27/16 A3012 RMK AO2 SLP189 T02720161 10294 20272 55007 $
MDW,2023-08-02 00:53,10.00,5500.00,KMDW 020053Z 23010KT 10SM FEW055 SCT180 BKN250 27/16 A3012 RMK AO2 SLP191 T02670161 $
MDW,2023-08-02 01:53,10.00,5500.00,KMDW 020153Z 20007KT 10SM FEW055 FEW180 BKN250 26/16 A3013 RMK AO2 SLP193 T02610161 $
MDW,2023-08-02 02:53,10.00,18000.00,KMDW 020253Z 21005KT 10SM FEW180 BKN250 26/16 A3015 RMK AO2 SLP199 T02560161 53011 $
MDW,2023-08-02 03:53,10.00,25000.00,KMDW 020353Z 18005KT 10SM BKN250 25/16 A3016 RMK AO2 SLP201 T02500156 $
MDW,2023-08-02 04:53,10.00,25000.00,KMDW 020453Z VRB05KT 10SM FEW250 24/16 A3015 RMK AO2 SLP200 T02390156 $
MDW,2023-08-02 05:53,10.00,M,KMDW 020553Z 20005KT 10SM CLR 23/15 A3013 RMK AO2 SLP193 T02330150 10272 20233 402940206 58005 $
MDW,2023-08-02 06:53,10.00,25000.00,KMDW 020653Z 20003KT 10SM BKN250 22/15 A3014 RMK AO2 SLP197 T02220150 $
MDW,2023-08-02 07:53,10.00,M,KMDW 020753Z 18004KT 10SM CLR 22/15 A3012 RMK AO2 SLP190 T02170150 $
MDW,2023-08-02 08:53,10.00,M,KMDW 020853Z 16004KT 10SM CLR 21/14 A3010 RMK AO2 SLP182 T02110144 58012 $
MDW,2023-08-02 09:53,10.00,M,KMDW 020953Z 17005KT 10SM CLR 21/15 A3011 RMK AO2 SLP185 T02060150 $
MDW,2023-08-02 10:53,10.00,10000.00,KMDW 021053Z 19004KT 10SM FEW100 FEW250 21/15 A3013 RMK AO2 SLP192 T02060150 $
MDW,2023-08-02 11:53,10.00,10000.00,KMDW 021153Z 19006KT 10SM FEW100 FEW250 21/15 A3012 RMK AO2 SLP191 T02110150 10239 20206 50008 $
MDW,2023-08-02 12:53,10.00,25000.00,KMDW 021253Z 19005KT 10SM FEW250 23/15 A3011 RMK AO2 SLP188 T02280150
MDW,2023-08-02 13:53,10.00,25000.00,KMDW 021353Z 18009KT 10SM BKN250 24/15 A3012 RMK AO2 SLP187 T02440150
MDW,2023-08-02 14:53,10.00,20000.00,KMDW 021453Z 21008KT 10SM FEW200 SCT250 26/15 A3012 RMK AO2 SLP190 T02610150 53000
MDW,2023-08-02 15:53,10.00,20000.00,KMDW 021553Z 21009G17KT 10SM FEW200 SCT250 27/15 A3012 RMK AO2 SLP189 T02720150
MDW,2023-08-02 16:53,10.00,20000.00,KMDW 021653Z 23009KT 10SM FEW200 BKN250 28/16 A3010 RMK AO2 SLP184 T02780156
MDW,2023-08-02 17:53,10.00,4800.00,KMDW 021753Z 21009KT 10SM FEW048 FEW200 BKN250 28/16 A3009 RMK AO2 SLP177 T02780156 10278 20211 58013
MDW,2023-08-02 18:53,10.00,4800.00,KMDW 021853Z 22010G15KT 10SM FEW048 FEW200 BKN250 28/16 A3006 RMK AO2 SLP170 T02780156
MDW,2023-08-02 19:53,10.00,4800.00,KMDW 021953Z 16009KT 10SM FEW048 SCT200 BKN250 29/16 A3004 RMK AO2 SLP162 T02890161
MDW,2023-08-02 20:53,10.00,4800.00,KMDW 022053Z 23008KT 10SM FEW048 SCT200 BKN250 29/17 A3003 RMK AO2 SLP159 T02890167 56019
MDW,2023-08-02 21:53,10.00,5000.00,KMDW 022153Z 16007G15KT 10SM FEW050 BKN200 BKN250 28/16 A3002 RMK AO2 SLP157 T02830156
MDW,2023-08-02 22:53,10.00,5000.00,KMDW 022253Z 20011KT 10SM FEW050 SCT200 BKN250 28/16 A3002 RMK AO2 SLP157 T02830161
MDW,2023-08-02 23:53,10.00,4500.00,KMDW 022353Z 19011KT 10SM FEW045 SCT180 BKN250 28/16 A3002 RMK AO2 SLP157 T02780161 10294 20272 55001
MDW,2023-08-03 00:53,10.00,4500.00,KMDW 030053Z 23010KT 10SM FEW045 SCT180 BKN250 26/17 A3002 RMK AO2 SLP157 T02610172
MDW,2023-08-03 01:53,10.00,18000.00,KMDW 030153Z 22008KT 10SM SCT180 BKN250 26/17 A3003 RMK AO2 SLP159 T02560172
MDW,2023-08-03 02:53,10.00,18000.00,KMDW 030253Z 21007KT 10SM SCT180 OVC250 24/18 A3003 RMK AO2 SLP159 T02440178 53003
MDW,2023-08-03 03:53,10.00,25000.00,KMDW 030353Z 00000KT 10SM BKN250 23/18 A3002 RMK AO2 SLP155 T02330178
MDW,2023-08-03 04:53,10.00,25000.00,KMDW 030453Z 18004KT 10SM FEW250 24/17 A3002 RMK AO2 SLP155 T02390167
MDW,2023-08-03 05:53,10.00,25000.00,KMDW 030553Z 19004KT 10SM FEW250 23/17 A3001 RMK AO2 SLP153 T02330172 10278 20228 402940206 56006
MDW,2023-08-03 06:53,10.00,25000.00,KMDW 030653Z 23005KT 10SM FEW250 22/17 A3001 RMK AO2 SLP151 T02170172
MDW,2023-08-03 07:53,10.00,M,KMDW 030753Z 36003KT 10SM CLR 20/18 A2999 RMK AO2 SLP146 T02000178
MDW,2023-08-03 08:53,10.00,M,KMDW 030853Z 23004KT 10SM CLR 19/18 A2999 RMK AO2 SLP146 T01940178 56008
MDW,2023-08-03 09:53,10.00,M,KMDW 030953Z 22003KT 10SM CLR 19/18 A2999 RMK AO2 SLP148 T01940178
MDW,2023-08-03 10:53,10.00,1500.00,KMDW 031053Z 22007KT 10SM FEW015 FEW250 19/18 A2998 RMK AO2 SLP144 T01940178
MDW,2023-08-03 11:53,9.00,1500.00,KMDW 031153Z 00000KT 9SM FEW015 FEW250 20/18 A2999 RMK AO2 SLP148 T02000183 10233 20189 53001
MDW,2023-08-03 12:53,9.00,1100.00,KMDW 031253Z 00000KT 9SM FEW011 FEW250 22/19 A3001 RMK AO2 SLP151 T02220189
MDW,2023-08-03 13:53,10.00,1100.00,KMDW 031353Z 00000KT 10SM FEW011 FEW250 24/18 A3000 RMK AO2 SLP150 T02390183
MDW,2023-08-03 14:53,10.00,1100.00,KMDW 031453Z 00000KT 10SM FEW011 FEW028 FEW250 26/18 A3000 RMK AO2 SLP150 T02560178 51002
MDW,2023-08-03 15:53,10.00,1500.00,KMDW 031553Z 00000KT 10SM FEW015 FEW040 FEW250 27/17 A3000 RMK AO2 SLP148 T02720172
MDW,2023-08-03 16:53,10.00,1500.00,KMDW 031653Z 35003KT 10SM FEW015 FEW045 FEW250 29/17 A2999 RMK AO2 SLP145 T02890172
MDW,2023-08-03 17:53,10.00,4500.00,KMDW 031753Z 00000KT 10SM FEW045 FEW200 BKN250 29/17 A2998 RMK AO2 SLP140 T02940167 10294 20200 58007
MDW,2023-08-03 18:53,10.00,4500.00,KMDW 031853Z 18003KT 10SM FEW045 FEW200 BKN250 30/16 A2997 RMK AO2 SLP136 T03000156
MDW,2023-08-03 19:53,10.00,4500.00,KMDW 031953Z 29005KT 10SM FEW045 FEW200 BKN250 30/17 A2995 RMK AO2 SLP133 T03000172
MDW,2023-08-03 20:53,10.00,4500.00,KMDW 032053Z VRB03KT 10SM FEW045 SCT200 BKN250 31/17 A2993 RMK AO2 SLP125 T03060172 58016
MDW,2023-08-03 21:53,10.00,4500.00,KMDW 032153Z 21004KT 10SM FEW045 FEW200 SCT250 31/17 A2993 RMK AO2 SLP123 T03110172
MDW,2023-08-03 22:53,10.00,4500.00,KMDW 032253Z 00000KT 10SM FEW045 FEW200 SCT250 31/17 A2992 RMK AO2 SLP122 T03060172
MDW,2023-08-03 23:53,10.00,4500.00,KMDW 032353Z 20004KT 10SM FEW045 FEW200 FEW250 29/18 A2991 RMK AO2 SLP119 T02940178 10322 20294 58006
MDW,2023-08-04 00:53,10.00,4500.00,KMDW 040053Z 29010KT 10SM FEW045 SCT250 24/19 A2993 RMK AO2 SLP125 T02390194
MDW,2023-08-04 01:53,10.00,4500.00,KMDW 040153Z 28008KT 10SM FEW045 SCT250 26/19 A2996 RMK AO2 SLP135 T02560194
MDW,2023-08-04 02:53,10.00,25000.00,KMDW 040253Z 29005KT 10SM SCT250 27/19 A2996 RMK AO2 SLP134 T02670189 50015
MDW,2023-08-04 03:53,10.00,25000.00,KMDW 040353Z 33003KT 10SM BKN250 26/19 A2995 RMK AO2 SLP131 T02560189
MDW,2023-08-04 04:53,10.00,25000.00,KMDW 040453Z 30003KT 10SM BKN250 25/19 A2996 RMK AO2 SLP134 T02500194
MDW,2023-08-04 05:53,10.00,25000.00,KMDW 040553Z 29003KT 10SM BKN250 24/19 A2995 RMK AO2 SLP131 T02440194 10294 20228 403220189 58001
MDW,2023-08-04 06:53,10.00,25000.00,KMDW 040653Z 28004KT 10SM BKN250 24/19 A2995 RMK AO2 SLP131 T02390194
MDW,2023-08-04 07:53,10.00,25000.00,KMDW 040753Z 26004KT 10SM BKN250 23/19 A2994 RMK AO2 SLP127 T02280194
MDW,2023-08-04 08:53,10.00,25000.00,KMDW 040853Z 00000KT 10SM SCT250 23/19 A2993 RMK AO2 SLP123 T02280194 58008
MDW,2023-08-04 09:53,10.00,25000.00,KMDW 040953Z 01004KT 10SM SCT250 23/19 A2993 RMK AO2 SLP125 T02280194
MDW,2023-08-04 10:53,10.00,25000.00,KMDW 041053Z 03003KT 10SM SCT250 23/19 A2994 RMK AO2 SLP127 T02330194
MDW,2023-08-04 11:53,10.00,15000.00,KMDW 041153Z 10005KT 10SM FEW150 FEW250 24/20 A2995 RMK AO2 SLP130 T02440200 10244 20222 53007
MDW,2023-08-04 12:53,10.00,2400.00,KMDW 041253Z 08004KT 10SM FEW024 FEW150 FEW250 26/19 A2997 RMK AO2 SLP140 T02560194
MDW,2023-08-04 13:53,10.00,2800.00,KMDW 041353Z 07007KT 10SM FEW028 FEW150 FEW250 26/19 A2999 RMK AO2 SLP143 T02610194
MDW,2023-08-04 14:53,10.00,2800.00,KMDW 041453Z 05007KT 10SM FEW028 FEW150 FEW250 27/20 A2999 RMK AO2 SLP144 T02720200 51014
MDW,2023-08-04 15:53,10.00,2800.00,KMDW 041553Z 09009KT 10SM FEW028 FEW150 SCT250 28/19 A3001 RMK AO2 SLP151 T02830194
MDW,2023-08-04 16:53,10.00,2800.00,KMDW 041653Z 07010KT 10SM FEW028 SCT055 SCT150 BKN250 28/18 A3002 RMK AO2 SLP154 T02780178
MDW,2023-08-04 17:53,10.00,5500.00,KMDW 041753Z 07009G16KT 10SM FEW055 FEW250 29/16 A3001 RMK AO2 SLP151 T02890161 10294 20244 50006
MDW,2023-08-04 18:53,10.00,25000.00,KMDW 041853Z 07013KT 10SM FEW250 29/14 A3000 RMK AO2 SLP149 T02890144
MDW,2023-08-04 19:53,10.00,25000.00,KMDW 041953Z 08011KT 10SM SCT250 29/13 A3000 RMK AO2 SLP147 T02890133
MDW,2023-08-04 20:53,10.00,25000.00,KMDW 042053Z 10012KT 10SM SCT250 29/13 A3000 RMK AO2 SLP149 T02890128 55002
MDW,2023-08-04 21:53,10.00,25000.00,KMDW 042153Z 08010KT 10SM SCT250 28/13 A3001 RMK AO2 SLP150 T02830128
MDW,2023-08-04 22:53,10.00,25000.00,KMDW 042253Z 06013KT 10SM SCT250 28/13 A2999 RMK AO2 SLP144 T02780133
MDW,2023-08-04 23:53,10.00,25000.00,KMDW 042353Z 03014KT 10SM BKN250 26/15 A2997 RMK AO2 SLP140 T02560150 10294 20256 58009
MDW,2023-08-05 00:53,10.00,15000.00,KMDW 050053Z 03010KT 10SM FEW150 BKN250 24/17 A3000 RMK AO2 SLP150 T02440167
MDW,2023-08-05 01:53,10.00,15000.00,KMDW 050153Z 03009KT 10SM FEW150 BKN250 24/18 A3001 RMK AO2 SLP152 T02390178
MDW,2023-08-05 02:53,10.00,15000.00,KMDW 050253Z 04010KT 10SM FEW150 BKN250 23/18 A3002 RMK AO2 SLP154 T02330178 51015
MDW,2023-08-05 03:53,10.00,15000.00,KMDW 050353Z 04007KT 10SM FEW150 BKN250 23/18 A3002 RMK AO2 SLP156 T02330183
MDW,2023-08-05 04:53,10.00,25000.00,KMDW 050453Z 07007KT 10SM BKN250 23/18 A3002 RMK AO2 SLP156 T02330183
MDW,2023-08-05 05:53,10.00,25000.00,KMDW 050553Z 07009KT 10SM BKN250 23/18 A3001 RMK AO2 SLP152 T02330183 10256 20228 402940222 58002
MDW,2023-08-05 06:53,10.00,5000.00,KMDW 050653Z 05006KT 10SM FEW050 BKN250 23/18 A3001 RMK AO2 SLP150 T02330183
MDW,2023-08-05 07:53,10.00,5000.00,KMDW 050753Z 08005KT 10SM FEW050 BKN250 23/18 A3001 RMK AO2 SLP151 T02330183
MDW,2023-08-05 08:53,10.00,5000.00,KMDW 050853Z 07007KT 10SM BKN050 BKN250 24/18 A2999 RMK AO2 SLP144 T02390183 58007
MDW,2023-08-05 09:53,10.00,5000.00,KMDW 050953Z 08006KT 10SM BKN050 BKN250 24/19 A2999 RMK AO2 SLP143 T02390189
MDW,2023-08-05 10:53,10.00,5000.00,KMDW 051053Z 08006KT 10SM SCT050 BKN130 BKN220 24/19 A2998 RMK AO2 SLP140 T02390194
MDW,2023-08-05 11:53,10.00,6000.00,KMDW 051153Z 08006KT 10SM BKN060 BKN130 BKN220 24/18 A2998 RMK AO2 SLP141 T02440183 10244 20228 55005
MDW,2023-08-05 12:53,10.00,5500.00,KMDW 051253Z 10005KT 10SM SCT055 BKN140 BKN170 OVC220 24/17 A2999 RMK AO2 SLP146 T02440172
MDW,2023-08-05 13:53,10.00,4700.00,KMDW 051353Z 10005KT 10SM SCT047 BKN070 BKN095 OVC140 24/17 A2998 RMK AO2 SLP143 T02440172
MDW,2023-08-05 14:53,10.00,4200.00,KMDW 051453Z 09008KT 10SM -RA BKN042 BKN060 OVC095 24/18 A2998 RMK AO2 RAB02E18B34 SLP143 P0000 60000 T02390183 50001
MDW,2023-08-05 15:53,8.00,4000.00,KMDW 051553Z 08007KT 8SM -RA BKN040 BKN055 OVC100 23/19 A2998 RMK AO2 SLP142 P0000 T02330189
MDW,2023-08-05 16:53,8.00,4000.00,KMDW 051653Z 08010KT 8SM -RA SCT040 BKN070 OVC095 23/19 A2997 RMK AO2 SLP139 P0001 T02280194
MDW,2023-08-05 17:53,7.00,4700.00,KMDW 051753Z 09008KT 7SM -RA SCT047 BKN090 OVC110 23/19 A2996 RMK AO2 SLP137 P0003 60004 T02280194 10244 20228 58006
MDW,2023-08-05 18:53,7.00,4700.00,KMDW 051853Z 08010KT 7SM -RA FEW047 BKN085 OVC110 23/21 A2995 RMK AO2 SLP134 P0004 T02280206
MDW,2023-08-05 19:53,5.00,3800.00,KMDW 051953Z 07010KT 5SM -RA BR FEW038 BKN095 OVC110 22/21 A2994 RMK AO2 SLP129 P0004 T02220206
MDW,2023-08-05 20:53,9.00,1500.00,KMDW 052053Z 07011KT 9SM -RA BKN015 BKN047 OVC070 22/20 A2994 RMK AO2 SLP130 P0002 60010 T02220200 55007
MDW,2023-08-05 21:53,10.00,1300.00,KMDW 052153Z 08010KT 10SM SCT013 OVC060 23/20 A2993 RMK AO2 RAE24 SLP125 P0000 T02280200
MDW,2023-08-05 22:53,10.00,1700.00,KMDW 052253Z 08015G24KT 10SM FEW017 SCT045 BKN070 BKN200 23/18 A2992 RMK AO2 SLP122 T02280183
MDW,2023-08-05 23:53,10.00,1900.00,KMDW 052353Z 09017G25KT 10SM -RA FEW019 SCT045 BKN070 BKN200 24/18 A2991 RMK AO2 RAB52 SLP118 P0000 60010 T02390178 10239 20222 56011
MDW,2023-08-06 00:53,10.00,6000.00,KMDW 060053Z 09014G23KT 10SM FEW060 SCT110 BKN150 23/17 A2991 RMK AO2 RAE23 SLP121 P0000 T02280167
MDW,2023-08-06 01:53,10.00,3000.00,KMDW 060153Z 08013KT 10SM FEW030 BKN120 22/17 A2991 RMK AO2 SLP120 T02220167
MDW,2023-08-06 02:53,7.00,3700.00,KMDW 060253Z 08013KT 7SM -RA SCT037 BKN044 OVC075 21/18 A2993 RMK AO2 RAB18 SLP126 P0001 60001 T02110178 53007
MDW,2023-08-06 03:53,5.00,1800.00,KMDW 060353Z 07015G21KT 5SM -RA BR OVC018 21/18 A2993 RMK AO2 SLP126 P0001 T02060183
MDW,2023-08-06 04:53,5.00,900.00,KMDW 060453Z 07012G22KT 5SM -RA BR FEW009 OVC015 20/18 A2991 RMK AO2 SLP121 P0003 T02000178
MDW,2023-08-06 05:53,3.00,800.00,KMDW 060553Z 07014G23KT 3SM -RA BR BKN008 OVC019 19/18 A2991 RMK AO2 SLP120 P0003 60008 T01940183 10233 20194 402440194 58008
MDW,2023-08-06 06:53,3.00,600.00,KMDW 060653Z 06017G24KT 3SM -RA BR SCT006 BKN032 OVC050 19/18 A2989 RMK AO2 SLP114 P0007 T01940183 $
MDW,2023-08-06 07:53,4.00,800.00,KMDW 060753Z 04011KT 4SM -RA BR BKN008 BKN015 OVC039 19/18 A2988 RMK AO2 SLP110 P0003 T01940178 $
MDW,2023-08-06 08:53,7.00,900.00,KMDW 060853Z 05017G24KT 7SM -RA OVC009 19/18 A2985 RMK AO2 SLP103 P0001 60011 T01940183 58017 $
MDW,2023-08-06 09:53,5.00,800.00,KMDW 060953Z 04015G22KT 5SM -RA BR FEW008 BKN013 OVC021 19/17 A2984 RMK AO2 PK WND 06028/0904 SLP099 P0001 T01940172 $
MDW,2023-08-06 10:53,8.00,800.00,KMDW 061053Z 06014KT 8SM -RA FEW008 BKN016 OVC025 20/18 A2984 RMK AO2 SLP096 P0001 T02000178 $
MDW,2023-08-06 11:53,3.00,800.00,KMDW 061153Z 05013KT 3SM -RA BR FEW008 BKN013 OVC019 19/18 A2984 RMK AO2 RAE13B30 SLP096 P0000 60013 70035 T01940178 10206 20189 56006 $
MDW,2023-08-06 12:53,7.00,800.00,KMDW 061253Z 05011KT 7SM -RA BKN008 OVC015 19/18 A2982 RMK AO2 SLP090 P0001 T01940183 $
MDW,2023-08-06 13:53,10.00,1000.00,KMDW 061353Z 04008KT 10SM BKN010 BKN013 OVC020 21/18 A2984 RMK AO2 RAE02 SLP097 P0000 T02060183 $
MDW,2023-08-06 14:53,10.00,1000.00,KMDW 061453Z 01006KT 10SM SCT010 OVC015 21/18 A2986 RMK AO2 RAB20E29 SLP103 P0000 60001 T02060183 53006 $
MDW,2023-08-06 15:53,10.00,1000.00,KMDW 061553Z 35011KT 10SM SCT010 OVC015 21/18 A2985 RMK AO2 SLP100 T02060183 $
MDW,2023-08-06 16:53,10.00,1000.00,KMDW 061653Z 34011KT 10SM FEW010 SCT013 OVC018 21/18 A2984 RMK AO2 SLP098 T02110183 $
MDW,2023-08-06 17:53,10.00,1100.00,KMDW 061753Z 36011KT 10SM BKN011 OVC018 21/18 A2985 RMK AO2 RAB31E41 SLP101 P0000 60001 T02060183 10211 20194 55003 $
MDW,2023-08-06 18:53,10.00,1400.00,KMDW 061853Z 34011KT 10SM OVC014 21/18 A2986 RMK AO2 SLP104 T02110178 $
MDW,2023-08-06 19:53,10.00,1400.00,KMDW 061953Z 33009KT 10SM OVC014 21/18 A2987 RMK AO2 SLP106 T02110178 $
MDW,2023-08-06 20:53,10.00,1900.00,KMDW 062053Z 36010KT 10SM BKN019 OVC025 22/18 A2984 RMK AO2 SLP099 T02170178 58001 $
MDW,2023-08-06 21:53,10.00,1500.00,KMDW 062153Z 33007KT 10SM BKN015 BKN039 BKN046 BKN250 21/18 A2985 RMK AO2 SLP101 T02110178 $
MDW,2023-08-06 22:53,10.00,1500.00,KMDW 062253Z 01009KT 10SM BKN015 BKN020 BKN043 BKN250 21/17 A2982 RMK AO2 SLP089 T02110172 $
MDW,2023-08-06 23:53,10.00,1800.00,KMDW 062353Z 35011KT 10SM BKN018 BKN250 21/17 A2982 RMK AO2 SLP091 T02110172 10222 20206 57007 $
MDW,2023-08-07 00:53,10.00,1600.00,KMDW 070053Z 36009KT 10SM SCT016 OVC022 21/17 A2982 RMK AO2 SLP092 T02110172 $
MDW,2023-08-07 01:53,10.00,1900.00,KMDW 070153Z 02006KT 10SM BKN019 BKN024 21/17 A2981 RMK AO2 SLP089 T02060172 $
MDW,2023-08-07 02:53,10.00,1900.00,KMDW 070253Z 36005KT 10SM BKN019 BKN150 OVC250 21/17 A2981 RMK AO2 SLP088 T02060172 58003 $
MDW,2023-08-07 03:53,10.00,1600.00,KMDW 070353Z 36005KT 10SM BKN016 OVC150 21/17 A2981 RMK AO2 SLP088 T02060172 $
MDW,2023-08-07 04:53,10.00,1700.00,KMDW 070453Z 36004KT 10SM OVC017 21/17 A2980 RMK AO2 SLP083 T02060172 $
MDW,2023-08-07 05:53,10.00,1200.00,KMDW 070553Z 02008KT 10SM FEW012 BKN017 OVC022 21/17 A2978 RMK AO2 SLP077 T02060172 10211 20206 402220189 58010 $
MDW,2023-08-07 06:53,10.00,2300.00,KMDW 070653Z 03004KT 10SM OVC023 21/18 A2977 RMK AO2 SLP074 T02060178 $
MDW,2023-08-07 07:53,10.00,2100.00,KMDW 070753Z 03008KT 10SM OVC021 21/17 A2976 RMK AO2 SLP070 T02110167 $
MDW,2023-08-07 08:53,10.00,2600.00,KMDW 070853Z 04010KT 10SM SCT026 BKN032 OVC110 21/17 A2975 RMK AO2 SLP067 T02060167 57010 $
MDW,2023-08-07 09:53,10.00,2000.00,KMDW 070953Z 03009KT 10SM SCT020 BKN025 OVC110 21/17 A2975 RMK AO2 SLP067 T02060167 $
MDW,2023-08-07 10:53,10.00,1600.00,KMDW 071053Z 03010KT 10SM FEW016 BKN023 OVC029 21/17 A2976 RMK AO2 SLP071 T02060167 $
MDW,2023-08-07 11:53,10.00,1800.00,KMDW 071153Z COR 02009KT 10SM BKN018 OVC027 21/17 A2977 RMK AO2 SLP076 70001 T02060172 10211 20206 53009 $
MDW,2023-08-07 12:53,10.00,1800.00,KMDW 071253Z 02009KT 10SM SCT018 BKN025 OVC034 21/17 A2979 RMK AO2 SLP079 T02110167
MDW,2023-08-07 13:53,10.00,2000.00,KMDW 071353Z 02013KT 10SM FEW020 OVC033 21/16 A2980 RMK AO2 SLP085 T02110161
MDW,2023-08-07 14:53,10.00,2400.00,KMDW 071453Z 01010KT 10SM SCT024 OVC031 22/16 A2981 RMK AO2 SLP088 T02170161 51013
MDW,2023-08-07 15:53,10.00,2500.00,KMDW 071553Z 01012KT 10SM FEW025 BKN041 23/17 A2981 RMK AO2 SLP087 T02330167
MDW,2023-08-07 16:53,10.00,3000.00,KMDW 071653Z 02011KT 10SM FEW030 BKN039 BKN250 23/16 A2983 RMK AO2 SLP092 T02280161
MDW,2023-08-07 17:53,10.00,3200.00,KMDW 071753Z 01010KT 10SM SCT032 BKN046 BKN200 BKN250 24/15 A2984 RMK AO2 SLP097 T02390150 10244 20206 53010
MDW,2023-08-07 18:53,10.00,3200.00,KMDW 071853Z 36009KT 10SM FEW032 FEW045 BKN150 BKN200 BKN250 24/14 A2985 RMK AO2 SLP101 T02390139
MDW,2023-08-07 19:53,10.00,4500.00,KMDW 071953Z 33008KT 10SM FEW045 BKN150 BKN200 BKN250 25/14 A2987 RMK AO2 SLP104 T02500139
MDW,2023-08-07 20:53,10.00,4500.00,KMDW 072053Z 36010KT 10SM FEW045 BKN150 BKN200 BKN250 26/14 A2986 RMK AO2 SLP101 T02610139 50005
MDW,2023-08-07 21:53,10.00,5000.00,KMDW 072153Z 35004G14KT 10SM FEW050 SCT150 BKN250 26/14 A2986 RMK AO2 SLP102 T02610139
MDW,2023-08-07 22:53,10.00,5000.00,KMDW 072253Z 06007KT 10SM FEW050 SCT150 BKN250 25/16 A2985 RMK AO2 SLP100 T02500161
MDW,2023-08-07 23:53,10.00,8000.00,KMDW 072353Z 05006KT 10SM FEW080 SCT150 BKN250 24/16 A2986 RMK AO2 SLP105 T02390161 10267 20239 53003
MDW,2023-08-08 00:53,10.00,4500.00,KMDW 080053Z 12005KT 10SM FEW045 FEW080 BKN150 BKN250 24/16 A2988 RMK AO2 SLP108 T02390161
MDW,2023-08-08 01:53,10.00,15000.00,KMDW 080153Z 20005KT 10SM BKN150 BKN250 23/16 A2989 RMK AO2 SLP113 T02280156
MDW,2023-08-08 02:53,10.00,15000.00,KMDW 080253Z 21003KT 10SM SCT150 BKN250 23/16 A2990 RMK AO2 SLP116 T02280156 51011
MDW,2023-08-08 03:53,10.00,25000.00,KMDW 080353Z 21004KT 10SM BKN250 22/16 A2990 RMK AO2 SLP118 T02170161
MDW,2023-08-08 04:53,10.00,25000.00,KMDW 080453Z 24005KT 10SM BKN250 21/16 A2991 RMK AO2 SLP120 T02060161
MDW,2023-08-08 05:53,10.00,25000.00,KMDW 080553Z 25004KT 10SM FEW250 19/16 A2991 RMK AO2 SLP121 T01940156 10239 20194 402670194 51004
MDW,2023-08-08 06:53,10.00,M,KMDW 080653Z 25003KT 10SM CLR 18/16 A2991 RMK AO2 SLP122 T01830156
MDW,2023-08-08 07:53,10.00,M,KMDW 080753Z 25005KT 10SM CLR 18/16 A2992 RMK AO2 SLP123 T01830156
MDW,2023-08-08 08:53,10.00,M,KMDW 080853Z 21003KT 10SM CLR 19/16 A2992 RMK AO2 SLP122 T01890156 53002
MDW,2023-08-08 09:53,10.00,M,KMDW 080953Z 00000KT 10SM CLR 19/15 A2991 RMK AO2 SLP118 T01890150
MDW,2023-08-08 10:53,10.00,6000.00,KMDW 081053Z 21004KT 10SM FEW060 FEW250 18/15 A2990 RMK AO2 SLP117 T01830150
MDW,2023-08-08 11:53,10.00,6000.00,KMDW 081153Z 23004KT 10SM FEW060 FEW250 18/16 A2991 RMK AO2 SLP121 T01830156 10194 20178 55003
MDW,2023-08-08 12:53,10.00,25000.00,KMDW 081253Z 27004KT 10SM FEW250 21/16 A2990 RMK AO2 SLP116 T02060161
MDW,2023-08-08 13:53,10.00,25000.00,KMDW 081353Z 25006KT 10SM FEW250 23/17 A2993 RMK AO2 SLP125 T02330172
MDW,2023-08-08 14:53,10.00,20000.00,KMDW 081453Z 23006KT 10SM FEW200 FEW250 26/17 A2994 RMK AO2 SLP128 T02610172 53010
MDW,2023-08-08 15:53,10.00,6000.00,KMDW 081553Z 27008KT 10SM FEW060 FEW200 SCT250 27/16 A2994 RMK AO2 SLP129 T02670161
MDW,2023-08-08 16:53,10.00,6000.00,KMDW 081653Z 23011G18KT 10SM FEW060 FEW200 SCT250 28/15 A2993 RMK AO2 SLP125 T02780150
MDW,2023-08-08 17:53,10.00,5500.00,KMDW 081753Z 22007G15KT 10SM SCT055 SCT200 SCT250 28/15 A2991 RMK AO2 SLP118 T02780150 10283 20183 58010
MDW,2023-08-08 18:53,10.00,5500.00,KMDW 081853Z 23006KT 10SM FEW055 FEW200 SCT250 28/15 A2989 RMK AO2 SLP112 T02780150
MDW,2023-08-08 19:53,10.00,6000.00,KMDW 081953Z 25011G16KT 10SM SCT060 SCT200 BKN250 29/14 A2989 RMK AO2 LTG DSNT N SLP112 T02890144
MDW,2023-08-08 20:53,10.00,6500.00,KMDW 082053Z 22009G17KT 10SM SCT065TCU BKN150 BKN250 27/16 A2988 RMK AO2 LTG DSNT S AND SW SLP110 TCU OHD CB DSNT S-W T02670156 56007
MDW,2023-08-08 21:53,10.00,6500.00,KMDW 082153Z 30009KT 10SM FEW065 BKN110 BKN250 27/16 A2988 RMK AO2 SLP111 T02720156
MDW,2023-08-08 22:53,10.00,6500.00,KMDW 082253Z 30008KT 10SM FEW065 SCT110 BKN250 27/17 A2987 RMK AO2 SLP106 T02670167
MDW,2023-08-08 23:53,10.00,6500.00,KMDW 082353Z 29006KT 10SM FEW065 FEW110 SCT250 26/15 A2986 RMK AO2 SLP104 T02610150 10294 20261 58007
MDW,2023-08-09 00:53,10.00,11000.00,KMDW 090053Z 23006KT 10SM FEW110 FEW250 25/15 A2986 RMK AO2 SLP103 T02500150
MDW,2023-08-09 01:53,10.00,M,KMDW 090153Z 24005KT 10SM CLR 24/16 A2986 RMK AO2 SLP103 T02390156
MDW,2023-08-09 02:53,10.00,M,KMDW 090253Z 26004KT 10SM CLR 23/16 A2987 RMK AO2 SLP106 T02280161 53004
MDW,2023-08-09 03:53,10.00,M,KMDW 090353Z 25005KT 10SM CLR 22/17 A2988 RMK AO2 SLP108 T02220172
MDW,2023-08-09 04:53,10.00,M,KMDW 090453Z 24005KT 10SM CLR 21/18 A2989 RMK AO2 SLP111 T02110178
MDW,2023-08-09 05:53,10.00,M,KMDW 090553Z 25006KT 10SM CLR 21/18 A2989 RMK AO2 SLP111 T02110178 10261 20211 402940178 50004
MDW,2023-08-09 06:53,10.00,25000.00,KMDW 090653Z 25006KT 10SM FEW250 21/18 A2988 RMK AO2 SLP109 T02060178
MDW,2023-08-09 07:53,10.00,25000.00,KMDW 090753Z 23006KT 10SM FEW250 20/17 A2987 RMK AO2 SLP105 T02000172
MDW,2023-08-09 08:53,10.00,25000.00,KMDW 090853Z 23005KT 10SM FEW250 19/17 A2986 RMK AO2 SLP104 T01940172 57008
MDW,2023-08-09 09:53,10.00,25000.00,KMDW 090953Z 22005KT 10SM FEW250 19/17 A2985 RMK AO2 SLP101 T01940172
MDW,2023-08-09 10:53,8.00,25000.00,KMDW 091053Z 25005KT 8SM BKN250 19/17 A2986 RMK AO2 SLP104 T01890172
MDW,2023-08-09 11:53,7.00,25000.00,KMDW 091153Z 23005KT 7SM BKN250 19/18 A2986 RMK AO2 SLP103 T01940178 10211 20189 56001
MDW,2023-08-09 12:53,7.00,25000.00,KMDW 091253Z 24004KT 7SM BKN250 21/18 A2985 RMK AO2 SLP100 T02060183
MDW,2023-08-09 13:53,7.00,25000.00,KMDW 091353Z 24006KT 7SM BKN250 23/18 A2986 RMK AO2 SLP101 T02280183
MDW,2023-08-09 14:53,6.00,25000.00,KMDW 091453Z 23011KT 6SM BR OVC250 24/19 A2987 RMK AO2 SLP106 T02440189 53003 $
MDW,2023-08-09 15:53,7.00,20000.00,KMDW 091553Z 23007KT 7SM BKN200 OVC250 24/19 A2986 RMK AO2 SLP102 T02390189
MDW,2023-08-09 16:53,7.00,17000.00,KMDW 091653Z 22006KT 7SM BKN170 OVC250 25/19 A2985 RMK AO2 SLP099 T02500189
MDW,2023-08-09 17:53,9.00,19000.00,KMDW 091753Z VRB05KT 9SM BKN190 OVC250 26/18 A2982 RMK AO2 SLP089 T02610178 10261 20194 58017
MDW,2023-08-09 18:53,9.00,17000.00,KMDW 091853Z 27006KT 9SM BKN170 OVC250 26/18 A2981 RMK AO2 SLP084 T02610178
MDW,2023-08-09 19:53,9.00,13000.00,KMDW 091953Z 27007KT 9SM BKN130 OVC250 26/18 A2981 RMK AO2 SLP085 T02560183
MDW,2023-08-09 20:53,9.00,10000.00,KMDW 092053Z 23007KT 9SM SCT100 BKN130 OVC250 26/18 A2979 RMK AO2 SLP078 T02560178 58011
MDW,2023-08-09 21:53,10.00,12000.00,KMDW 092153Z 26004KT 10SM SCT120 BKN160 OVC250 25/18 A2978 RMK AO2 SLP076 T02500183
MDW,2023-08-09 22:53,10.00,3000.00,KMDW 092253Z 24007KT 10SM FEW030 SCT120 BKN160 OVC250 25/19 A2976 RMK AO2 SLP071 T02500189
MDW,2023-08-09 23:53,10.00,3000.00,KMDW 092353Z 25007KT 10SM FEW030 SCT110 BKN150 BKN250 24/18 A2976 RMK AO2 SLP069 T02440183 10261 20244 56010
MDW,2023-08-10 00:53,10.00,3000.00,KMDW 100053Z 25005KT 10SM FEW030 SCT100 BKN150 BKN250 23/15 A2976 RMK AO2 SLP069 T02280150
MDW,2023-08-10 01:53,10.00,12000.00,KMDW 100153Z 22005KT 10SM SCT120 BKN150 BKN250 22/18 A2976 RMK AO2 SLP069 T02220178
MDW,2023-08-10 02:53,10.00,10000.00,KMDW 100253Z 24006KT 10SM SCT100 BKN150 BKN250 22/17 A2977 RMK AO2 SLP072 T02170167 53004
MDW,2023-08-10 03:53,10.00,25000.00,KMDW 100353Z 22006KT 10SM FEW250 21/17 A2976 RMK AO2 SLP068 T02110167
MDW,2023-08-10 04:53,10.00,25000.00,KMDW 100453Z 22005KT 10SM FEW250 20/17 A2976 RMK AO2 SLP068 T02000167
MDW,2023-08-10 05:53,10.00,2200.00,KMDW 100553Z 23006KT 10SM FEW022 19/17 A2976 RMK AO2 SLP068 T01940172 10244 20194 402610189 56004
MDW,2023-08-10 06:53,8.00,M,KMDW 100653Z 26005KT 8SM CLR 19/17 A2974 RMK AO2 SLP062 T01940172
MDW,2023-08-10 07:53,2.50,300.00,KMDW 100753Z 27006KT 2 1/2SM BR OVC003 19/18 A2972 RMK AO2 SLP057 T01940183
MDW,2023-08-10 08:53,1.25,300.00,KMDW 100853Z 26006KT 1 1/4SM BR OVC003 19/19 A2971 RMK AO2 SLP053 T01940189 56014
MDW,2023-08-10 09:53,5.00,500.00,KMDW 100953Z 26007KT 5SM BR SCT005 19/18 A2973 RMK AO2 SLP059 T01890178
MDW,2023-08-10 10:53,3.00,600.00,KMDW 101053Z 25005KT 3SM BR FEW006 18/17 A2974 RMK AO2 SLP063 T01830167
MDW,2023-08-10 11:53,5.00,M,KMDW 101153Z 24005KT 5SM BR CLR 19/17 A2975 RMK AO2 SLP067 T01890172 10194 20183 51013
MDW,2023-08-10 12:53,8.00,M,KMDW 101253Z 26007KT 8SM CLR 20/17 A2976 RMK AO2 SLP069 T02000172
MDW,2023-08-10 13:53,9.00,M,KMDW 101353Z 24007KT 9SM CLR 22/18 A2977 RMK AO2 SLP072 T02170178
MDW,2023-08-10 14:53,10.00,1900.00,KMDW 101453Z 25009KT 10SM FEW019 23/18 A2978 RMK AO2 SLP076 T02330183 53009
MDW,2023-08-10 15:53,10.00,1800.00,KMDW 101553Z 26009KT 10SM FEW018 23/18 A2980 RMK AO2 SLP082 T02330183
MDW,2023-08-10 16:53,10.00,2200.00,KMDW 101653Z 26009KT 10SM FEW022 25/19 A2980 RMK AO2 SLP081 T02500189
MDW,2023-08-10 17:53,10.00,3000.00,KMDW 101753Z 22010KT 10SM FEW030 26/19 A2978 RMK AO2 SLP075 T02610189 10267 20189 58000
MDW,2023-08-10 18:53,10.00,3500.00,KMDW 101853Z 22011G17KT 10SM FEW035 SCT055 BKN080 27/19 A2977 RMK AO2 SLP072 T02670189
MDW,2023-08-10 19:53,10.00,3500.00,KMDW 101953Z 25012KT 10SM FEW035 SCT049 BKN070 28/18 A2976 RMK AO2 SLP070 VCSH T02830183
MDW,2023-08-10 20:53,10.00,4000.00,KMDW 102053Z 24013KT 10SM SCT040 BKN049 BKN100 BKN150 28/19 A2975 RMK AO2 SLP066 T02780194 58009
MDW,2023-08-10 21:53,10.00,3800.00,KMDW 102153Z 27008G18KT 10SM FEW038 BKN050 BKN100 BKN250 28/18 A2975 RMK AO2 SLP064 T02830178
MDW,2023-08-10 22:53,10.00,5000.00,KMDW 102253Z 25012KT 10SM BKN050 BKN080 BKN250 29/17 A2976 RMK AO2 SLP068 T02890167
MDW,2023-08-10 23:53,10.00,4700.00,KMDW 102353Z 25013G23KT 10SM SCT047 BKN085 BKN250 27/20 A2976 RMK AO2 SLP069 T02670200 10294 20261 53003
MDW,2023-08-11 00:53,10.00,6000.00,KMDW 110053Z 25009KT 10SM FEW060 SCT090 BKN250 26/19 A2977 RMK AO2 SLP071 T02560194
MDW,2023-08-11 01:53,10.00,9000.00,KMDW 110153Z 25009KT 10SM FEW090 SCT250 25/19 A2979 RMK AO2 SLP078 T02500189
MDW,2023-08-11 02:53,10.00,5000.00,KMDW 110253Z 25007KT 10SM FEW050 SCT250 23/19 A2979 RMK AO2 SLP080 T02330189 51010
MDW,2023-08-11 03:53,10.00,5000.00,KMDW 110353Z 25006KT 10SM SCT050 BKN250 23/19 A2980 RMK AO2 SLP081 T02280189
MDW,2023-08-11 04:53,10.00,5000.00,KMDW 110453Z 24008KT 10SM FEW050 BKN250 23/18 A2981 RMK AO2 SLP084 T02280183
MDW,2023-08-11 05:53,10.00,5000.00,KMDW 110553Z 25006KT 10SM SCT050 BKN250 23/18 A2980 RMK AO2 SLP083 T02280183 10267 20222 402940183 50004
MDW,2023-08-11 06:53,10.00,3800.00,KMDW 110653Z 23005KT 10SM FEW038 FEW085 BKN250 23/18 A2979 RMK AO2 SLP077 T02280183
MDW,2023-08-11 07:53,10.00,4000.00,KMDW 110753Z 21005KT 10SM FEW040 FEW085 BKN250 22/18 A2978 RMK AO2 SLP073 T02220183
MDW,2023-08-11 08:53,10.00,25000.00,KMDW 110853Z 23005KT 10SM FEW250 22/19 A2977 RMK AO2 SLP072 T02170189 56010
MDW,2023-08-11 09:53,10.00,25000.00,KMDW 110953Z 22005KT 10SM SCT250 22/19 A2979 RMK AO2 SLP078 T02170189
MDW,2023-08-11 10:53,10.00,25000.00,KMDW 111053Z 21004KT 10SM BKN250 22/19 A2979 RMK AO2 SLP076 T02170189
MDW,2023-08-11 11:53,10.00,4500.00,KMDW 111153Z 22005KT 10SM FEW045 FEW150 BKN250 22/19 A2980 RMK AO2 SLP082 T02170189 10228 20217 51010
MDW,2023-08-11 12:53,10.00,4500.00,KMDW 111253Z 23005KT 10SM FEW045 FEW150 OVC250 23/19 A2981 RMK AO2 SLP084 T02280189
MDW,2023-08-11 13:53,10.00,4800.00,KMDW 111353Z 23008KT 10SM FEW048 FEW150 BKN200 OVC250 23/19 A2981 RMK AO2 SLP085 T02280189
MDW,2023-08-11 14:53,10.00,5500.00,KMDW 111453Z 17025G40KT 10SM -RA FEW055 BKN110 BKN150 BKN200 OVC250 22/19 A2966 RMK AO2 PK WND 18040/1451 RAB21 PRESFR SLP033 P0002 60002 T02170194 58049
MDW,2023-08-11 15:53,10.00,1500.00,KMDW 111553Z 24006KT 10SM FEW015 FEW060 SCT120 BKN150 OVC250 23/19 A2976 RMK AO2 PK WND 17032/1456 RAE02 SLP068 P0000 T02330194
MDW,2023-08-11 16:53,10.00,1500.00,KMDW 111653Z 22014G20KT 10SM FEW015 FEW060 SCT150 SCT200 BKN250 26/19 A2976 RMK AO2 SLP067 T02610194
MDW,2023-08-11 17:53,10.00,1800.00,KMDW 111753Z 21015G23KT 10SM FEW018 FEW110 FEW200 SCT250 28/18 A2974 RMK AO2 PK WND 23026/1736 SLP061 60002 T02780178 10278 20217 50030
MDW,2023-08-11 18:53,10.00,1800.00,KMDW 111853Z 23013G20KT 10SM FEW018 SCT110 SCT200 SCT250 28/18 A2973 RMK AO2 SLP058 T02830178
MDW,2023-08-11 19:53,10.00,5500.00,KMDW 111953Z 23010G20KT 10SM BKN055 BKN150 BKN250 29/18 A2973 RMK AO2 SLP057 T02940183
MDW,2023-08-11 20:53,10.00,6000.00,KMDW 112053Z 24016G22KT 10SM BKN060 BKN150 28/19 A2973 RMK AO2 PK WND 22026/2043 SLP058 T02780194 56004
MDW,2023-08-11 21:53,10.00,3500.00,KMDW 112153Z 25015KT 10SM FEW035 BKN065 28/19 A2973 RMK AO2 SLP059 T02830194
MDW,2023-08-11 22:53,10.00,4200.00,KMDW 112253Z 25012G22KT 10SM SCT042 29/19 A2973 RMK AO2 SLP057 T02890189
MDW,2023-08-11 23:53,10.00,4200.00,KMDW 112353Z 25011G18KT 10SM SCT042 28/19 A2973 RMK AO2 SLP058 T02830194 10294 20272 50000
MDW,2023-08-12 00:53,10.00,5500.00,KMDW 120053Z 25009KT 10SM FEW055 SCT250 28/19 A2975 RMK AO2 SLP063 T02780194
MDW,2023-08-12 01:53,10.00,25000.00,KMDW 120153Z 23006KT 10SM BKN250 27/20 A2976 RMK AO2 SLP068 T02670200
MDW,2023-08-12 02:53,10.00,5000.00,KMDW 120253Z COR 23008KT 10SM FEW050 BKN250 26/21 A2977 RMK AO2 SLP070 CONS LTGIC DSNT NE CB DSNT NE T02610206 51011
MDW,2023-08-12 03:53,10.00,25000.00,KMDW 120353Z 22005KT 10SM BKN250 26/21 A2976 RMK AO2 SLP068 T02560211
MDW,2023-08-12 04:53,10.00,16000.00,KMDW 120453Z 25005KT 10SM SCT160 BKN250 24/21 A2977 RMK AO2 SLP069 T02440211
MDW,2023-08-12 05:53,10.00,4000.00,KMDW 120553Z 30006KT 10SM FEW040 SCT130 BKN150 BKN250 24/21 A2981 RMK AO2 PRESRR SLP083 OCNL LTGICCC DSNT NE CB DSNT NE T02440211 10283 20244 402940217 53014
MDW,2023-08-12 06:53,10.00,3000.00,KMDW 120653Z 11004KT 10SM FEW030 SCT130 SCT170 BKN250 23/16 A2981 RMK AO2 PK WND 36026/0601 WSHFT 0557 SLP085 T02330156
MDW,2023-08-12 07:53,10.00,14000.00,KMDW 120753Z 19004KT 10SM BKN140 BKN250 23/16 A2980 RMK AO2 SLP078 T02330156
MDW,2023-08-12 08:53,10.00,14000.00,KMDW 120853Z 16003KT 10SM FEW140 SCT180 SCT250 23/16 A2978 RMK AO2 SLP072 T02280161 58011
MDW,2023-08-12 09:53,10.00,18000.00,KMDW 120953Z 19005KT 10SM SCT180 22/17 A2978 RMK AO2 SLP073 T02220167
MDW,2023-08-12 10:53,10.00,6500.00,KMDW 121053Z 18006KT 10SM FEW065 BKN150 BKN250 23/17 A2978 RMK AO2 SLP075 T02280167
MDW,2023-08-12 11:53,10.00,6000.00,KMDW 121153Z 21005KT 10SM FEW060 BKN160 BKN250 23/17 A2977 RMK AO2 LTG DSNT N SLP069 70002 T02280172 10256 20222 58002
MDW,2023-08-12 12:53,10.00,2600.00,KMDW 121253Z 26006KT 10SM SCT026 BKN050 BKN160 BKN250 24/19 A2978 RMK AO2 SLP073 CB DSNT N-NE T02390189
MDW,2023-08-12 13:53,10.00,900.00,KMDW 121353Z COR 34013G20KT 10SM FEW009 BKN013 BKN050 BKN160 25/19 A2979 RMK AO2 LTG DSNT E AND SE TSB23E50 SLP075 CB DSNT N-NE AND DSNT E-S T02500194
MDW,2023-08-12 14:53,10.00,1600.00,KMDW 121453Z 34011G18KT 10SM SCT016 BKN050 BKN160 BKN250 26/17 A2981 RMK AO2 SLP084 CB DSNT SE T02610167 53015
MDW,2023-08-12 15:53,10.00,3400.00,KMDW 121553Z 34011KT 10SM FEW034 BKN050 BKN150 27/16 A2982 RMK AO2 SLP087 T02670161
MDW,2023-08-12 16:53,10.00,5000.00,KMDW 121653Z 33008KT 10SM FEW050 SCT085 SCT250 28/14 A2983 RMK AO2 SLP088 T02830139
MDW,2023-08-12 17:53,10.00,6000.00,KMDW 121753Z 29008KT 10SM FEW060 FEW085 FEW150 29/15 A2982 RMK AO2 SLP087 T02940150 10294 20228 50004
MDW,2023-08-12 18:53,10.00,6500.00,KMDW 121853Z VRB05G16KT 10SM SCT065 SCT250 29/14 A2984 RMK AO2 SLP091 T02940139
MDW,2023-08-12 19:53,10.00,7000.00,KMDW 121953Z 33010G19KT 10SM SCT070 29/14 A2984 RMK AO2 SLP094 T02940139
MDW,2023-08-12 20:53,10.00,7000.00,KMDW 122053Z 31008G18KT 10SM SCT070 30/14 A2984 RMK AO2 SLP093 T03000144 50005
MDW,2023-08-12 21:53,10.00,7000.00,KMDW 122153Z 28009G18KT 10SM FEW070 30/13 A2984 RMK AO2 SLP095 T03000133
MDW,2023-08-12 22:53,10.00,7000.00,KMDW 122253Z 30009G19KT 10SM FEW070 30/13 A2985 RMK AO2 SLP096 T03000128
MDW,2023-08-12 23:53,10.00,7000.00,KMDW 122353Z 29012G17KT 10SM FEW070 SCT090 29/13 A2986 RMK AO2 SLP100 T02890133 10306 20289 53007
MDW,2023-08-13 00:53,10.00,8500.00,KMDW 130053Z 29007KT 10SM FEW085 28/13 A2987 RMK AO2 SLP102 T02780133
MDW,2023-08-13 01:53,10.00,8500.00,KMDW 130153Z 25006KT 10SM FEW085 27/14 A2988 RMK AO2 SLP106 T02670139
MDW,2023-08-13 02:53,10.00,M,KMDW 130253Z 24007KT 10SM CLR 26/16 A2988 RMK AO2 SLP108 T02560156 51008
MDW,2023-08-13 03:53,10.00,M,KMDW 130353Z 25006KT 10SM CLR 24/16 A2988 RMK AO2 SLP109 T02390161
MDW,2023-08-13 04:53,10.00,M,KMDW 130453Z 24007KT 10SM CLR 23/17 A2989 RMK AO2 SLP111 T02330167
MDW,2023-08-13 05:53,10.00,M,KMDW 130553Z 27007KT 10SM CLR 23/16 A2991 RMK AO2 SLP118 T02330156 10289 20222 403060222 53011
MDW,2023-08-13 06:53,10.00,M,KMDW 130653Z 28005KT 10SM CLR 22/16 A2991 RMK AO2 SLP119 T02220156
MDW,2023-08-13 07:53,10.00,M,KMDW 130753Z 28005KT 10SM CLR 22/14 A2992 RMK AO2 SLP120 T02170144
MDW,2023-08-13 08:53,10.00,M,KMDW 130853Z 27005KT 10SM CLR 21/14 A2993 RMK AO2 SLP123 T02060144 53003
MDW,2023-08-13 09:53,10.00,M,KMDW 130953Z 24003KT 10SM CLR 21/15 A2994 RMK AO2 SLP128 T02060150
MDW,2023-08-13 10:53,10.00,6000.00,KMDW 131053Z 00000KT 10SM FEW060 FEW250 20/15 A2995 RMK AO2 SLP132 T02000150
MDW,2023-08-13 11:53,10.00,6000.00,KMDW 131153Z 26004KT 10SM FEW060 SCT250 20/16 A2995 RMK AO2 SLP133 T02000156 10233 20194 51009
MDW,2023-08-13 12:53,10.00,6000.00,KMDW 131253Z 29004KT 10SM FEW060 BKN250 22/16 A2996 RMK AO2 SLP136 T02220156
MDW,2023-08-13 13:53,10.00,1200.00,KMDW 131353Z 31004KT 10SM FEW012 FEW060 BKN250 24/17 A2999 RMK AO2 SLP145 T02440167
MDW,2023-08-13 14:53,10.00,1600.00,KMDW 131453Z 36003KT 10SM FEW016 FEW060 BKN250 27/17 A2999 RMK AO2 SLP146 T02670172 51014
MDW,2023-08-13 15:53,10.00,1900.00,KMDW 131553Z 35005KT 10SM FEW019 FEW060 BKN250 27/17 A3001 RMK AO2 SLP152 T02670167
MDW,2023-08-13 16:53,10.00,2000.00,KMDW 131653Z 05008KT 10SM FEW020 SCT060 BKN180 BKN230 26/19 A3001 RMK AO2 SLP154 T02610189
MDW,2023-08-13 17:53,10.00,2600.00,KMDW 131753Z 04007KT 10SM SCT026 BKN042 OVC200 26/19 A3001 RMK AO2 SLP154 T02560189 10272 20200 50006
MDW,2023-08-13 18:53,10.00,2100.00,KMDW 131853Z 09010KT 10SM SCT021 BKN042 OVC170 24/18 A3002 RMK AO2 SLP156 T02390183
MDW,2023-08-13 19:53,10.00,2100.00,KMDW 131953Z 06010KT 10SM FEW021 FEW042 OVC160 23/18 A3001 RMK AO2 SLP154 T02330178
MDW,2023-08-13 20:53,10.00,1700.00,KMDW 132053Z 05009KT 10SM FEW017 FEW050 OVC140 23/18 A3001 RMK AO2 SLP156 T02280178 51000
MDW,2023-08-13 21:53,10.00,1700.00,KMDW 132153Z 07010KT 10SM FEW017 FEW050 BKN140 OVC250 22/18 A3001 RMK AO2 SLP155 T02220178
MDW,2023-08-13 22:53,10.00,1500.00,KMDW 132253Z 08009KT 10SM FEW015 OVC120 22/18 A3002 RMK AO2 RAB25E37 SLP157 P0000 T02220178
MDW,2023-08-13 23:53,10.00,1500.00,KMDW 132353Z 07010KT 10SM FEW015 OVC100 22/18 A3001 RMK AO2 SLP155 60000 T02220183 10256 20222 58002
MDW,2023-08-14 00:53,10.00,1500.00,KMDW 140053Z 08009KT 10SM FEW015 BKN100 OVC120 23/18 A3000 RMK AO2 SLP151 T02280178
MDW,2023-08-14 01:53,10.00,1500.00,KMDW 140153Z 06008KT 10SM FEW015 OVC100 22/18 A3002 RMK AO2 SLP158 T02220178
MDW,2023-08-14 02:53,10.00,10000.00,KMDW 140253Z 07008KT 10SM BKN100 BKN140 22/17 A3003 RMK AO2 SLP159 T02220172 53007
MDW,2023-08-14 03:53,10.00,10000.00,KMDW 140353Z 07007KT 10SM SCT100 BKN140 22/17 A3001 RMK AO2 SLP152 T02220172
MDW,2023-08-14 04:53,10.00,6500.00,KMDW 140453Z 08007KT 10SM FEW065 BKN130 BKN250 22/17 A3000 RMK AO2 SLP149 T02220172
MDW,2023-08-14 05:53,10.00,9500.00,KMDW 140553Z 07006KT 10SM FEW095 BKN130 BKN250 22/17 A2997 RMK AO2 SLP140 T02220167 10228 20222 402720194 58020
MDW,2023-08-14 06:53,10.00,9500.00,KMDW 140653Z 07007KT 10SM FEW095 BKN110 BKN250 22/17 A2995 RMK AO2 SLP132 T02220172
MDW,2023-08-14 07:53,10.00,9500.00,KMDW 140753Z 06009KT 10SM FEW095 BKN100 BKN250 22/17 A2993 RMK AO2 SLP127 T02220172
MDW,2023-08-14 08:53,10.00,9000.00,KMDW 140853Z 07008KT 10SM BKN090 BKN250 22/17 A2993 RMK AO2 SLP127 T02220172 55013
MDW,2023-08-14 09:53,10.00,9000.00,KMDW 140953Z 08007KT 10SM BKN090 BKN250 22/17 A2994 RMK AO2 SLP131 T02220172
MDW,2023-08-14 10:53,10.00,5500.00,KMDW 141053Z 10004KT 10SM SCT055 BKN090 BKN250 22/17 A2994 RMK AO2 SLP129 T02220167
MDW,2023-08-14 11:53,10.00,5000.00,KMDW 141153Z 11005KT 10SM FEW050 FEW090 SCT110 BKN160 BKN250 22/17 A2991 RMK AO2 SLP121 T02220172 10222 20217 58006
MDW,2023-08-14 12:53,10.00,5000.00,KMDW 141253Z 13007KT 10SM FEW050 FEW100 BKN170 BKN250 23/17 A2990 RMK AO2 SLP116 T02280172
MDW,2023-08-14 13:53,10.00,7500.00,KMDW 141353Z 14007KT 10SM BKN075 BKN090 BKN170 BKN250 24/17 A2988 RMK AO2 SLP110 T02390172
MDW,2023-08-14 14:53,10.00,5000.00,KMDW 141453Z 15009KT 10SM FEW050 BKN070 BKN090 BKN170 BKN250 24/17 A2987 RMK AO2 SLP107 T02440172 56013
MDW,2023-08-14 15:53,10.00,5500.00,KMDW 141553Z 14008KT 10SM SCT055 OVC070 24/18 A2985 RMK AO2 LTG DSNT NW SLP100 T02440178
MDW,2023-08-14 16:53,10.00,5500.00,KMDW 141653Z 20005KT 10SM -TSRA SCT055CB OVC070 24/18 A2984 RMK AO2 LTG DSNT SW AND W RAB46 TSB29 SLP097 OCNL LTGICCG VC W-NW TS VC W-NW MOV NE P0000 T02390178
MDW,2023-08-14 17:53,3.00,2300.00,KMDW 141753Z 04005KT 3SM TSRA BR FEW023 BKN045CB OVC080 22/19 A2982 RMK AO2 LTG DSNT ALQDS SLP090 OCNL LTGICCG OHD TS OHD MOV NE P0031 60031 T02170194 10244 20211 58018
MDW,2023-08-14 18:53,6.00,1200.00,KMDW 141853Z 02004KT 6SM -TSRA BR FEW012 BKN065CB OVC085 22/19 A2982 RMK AO2 LTG DSNT ALQDS RAE11B21 TSE11B32 SLP088 OCNL LTGICCG OHD TS OHD MOV NE P0001 T02170194 $
MDW,2023-08-14 19:53,2.50,600.00,KMDW 141953Z 04005KT 2 1/2SM -TSRA BR FEW006 BKN031 OVC050CB 21/19 A2980 RMK AO2 LTG DSNT NE-S SLP083 OCNL LTGICCG OHD TS OHD MOV NE P0062 T02110194 $
MDW,2023-08-14 20:53,6.00,800.00,KMDW 142053Z 03005KT 6SM -RA BR FEW008 BKN022 BKN039 21/19 A2978 RMK AO2 LTG DSNT ALQDS RAE10B17 TSE07 SLP076 P0010 60073 T02110194 58014 $
MDW,2023-08-14 21:53,5.00,1000.00,KMDW 142153Z 06005KT 5SM -RA BR SCT010 SCT031 OVC044 21/19 A2977 RMK AO2 LTG DSNT N AND NE SLP074 TSB26E46 P0015 T02110194 $
MDW,2023-08-14 22:53,2.00,1500.00,KMDW 142253Z 33008KT 2SM +TSRA BR SCT015 BKN027 OVC040CB 20/18 A2978 RMK AO2 LTG DSNT W-NE TSB20 SLP076 OCNL LTGICCG OHD TS OHD MOV NE P0027 T02000183 $
MDW,2023-08-14 23:53,5.00,700.00,KMDW 142353Z 36015G23KT 5SM -TSRA BR BKN007 BKN016 OVC040CB 19/18 A2978 RMK AO2 LTG DSNT ALQDS TSE41B51 SLP078 OCNL LTGICCG VC S-SW TS VC S-SW MOV NE P0001 60116 T01940178 10217 20194 53001 $
MDW,2023-08-15 00:53,9.00,4200.00,KMDW 150053Z 02011KT 9SM -TSRA SCT042 BKN070CB BKN100 OVC130 19/17 A2978 RMK AO2 LTG DSNT NW-E SLP078 OCNL LTGICCG VC S TS VC S MOV E P0004 T01890172 $
MDW,2023-08-15 01:53,9.00,1200.00,KMDW 150153Z 30009KT 9SM SCT012 BKN019 OVC060 19/18 A2983 RMK AO2 RAE50 TSE07 SLP093 P0002 T01940178 $
MDW,2023-08-15 02:53,2.00,1200.00,KMDW 150253Z 33009KT 2SM RA BR SCT012 BKN020 OVC040 19/17 A2984 RMK AO2 RAB27 SLP097 P0015 60021 T01890172 51019 $
MDW,2023-08-15 03:53,5.00,1500.00,KMDW 150353Z 30008KT 5SM -RA BR FEW015 BKN039 OVC050 19/17 A2985 RMK AO2 SLP101 VIS NE 9 P0021 T01890172 $
MDW,2023-08-15 04:53,3.00,900.00,KMDW 150453Z 30005KT 3SM -RA BR FEW009 BKN036 OVC044 18/17 A2985 RMK AO2 SLP103 VIS W-NE 8 P0005 T01830172 $
MDW,2023-08-15 05:53,6.00,700.00,KMDW 150553Z 29007KT 6SM -RA BR SCT007 OVC015 18/17 A2985 RMK AO2 SLP101 VIS W-N 10 P0002 60049 T01780167 10200 20178 402440178 58001 $
MDW,2023-08-15 06:53,8.00,700.00,KMDW 150653Z 29008KT 8SM -RA FEW007 FEW050 OVC100 18/17 A2984 RMK AO2 SLP098 P0001 T01780167 $
MDW,2023-08-15 07:53,6.00,700.00,KMDW 150753Z 31007KT 6SM -RA BR FEW007 BKN027 OVC034 17/16 A2984 RMK AO2 SLP100 P0005 T01720161 $
MDW,2023-08-15 08:53,10.00,1200.00,KMDW 150853Z 33011KT 10SM FEW012 BKN018 OVC130 18/17 A2985 RMK AO2 RAE50 SLP104 P0000 60006 T01830167 53002 $
MDW,2023-08-15 09:53,10.00,1400.00,KMDW 150953Z 33014G22KT 10SM BKN014 OVC035 18/16 A2987 RMK AO2 RAB0855E05 SLP110 P0000 T01780161 $
MDW,2023-08-15 10:53,10.00,1200.00,KMDW 151053Z 32013G20KT 10SM -RA FEW012 BKN030 OVC039 18/16 A2989 RMK AO2 RAB52 SLP116 P0000 T01780156 $
MDW,2023-08-15 11:53,8.00,1300.00,KMDW 151153Z 32015G22KT 8SM -RA FEW013 OVC035 18/16 A2990 RMK AO2 SLP122 P0000 60006 70202 T01780161 10183 20172 51017 $
MDW,2023-08-15 12:53,9.00,1300.00,KMDW 151253Z 33014KT 9SM FEW013 BKN042 OVC050 18/16 A2991 RMK AO2 RAE00 SLP125 P0000 T01830161
MDW,2023-08-15 13:53,7.00,2400.00,KMDW 151353Z 34012KT 7SM FEW024 BKN043 OVC050 19/16 A2994 RMK AO2 SLP132 T01940161
MDW,2023-08-15 14:53,9.00,1500.00,KMDW 151453Z 34012G20KT 9SM FEW015 BKN036 OVC049 20/17 A2995 RMK AO2 SLP138 60000 T02000167 53017
MDW,2023-08-15 15:53,10.00,1800.00,KMDW 151553Z 33013KT 10SM -RA BKN018 BKN025 OVC040 19/16 A2998 RMK AO2 RAB48 SLP146 P0000 T01940161
MDW,2023-08-15 16:53,10.00,1600.00,KMDW 151653Z 35014KT 10SM FEW016 FEW024 OVC050 21/16 A2999 RMK AO2 RAE1557 SLP151 P0000 T02060161
MDW,2023-08-15 17:53,10.00,2500.00,KMDW 151753Z 01011G20KT 10SM FEW025 OVC050 22/15 A3000 RMK AO2 SLP153 60000 T02170150 10222 20178 51015
MDW,2023-08-15 18:53,10.00,2600.00,KMDW 151853Z 01013KT 10SM FEW026 BKN070 23/15 A3000 RMK AO2 SLP152 T02330150
MDW,2023-08-15 19:53,10.00,2600.00,KMDW 151953Z 01011KT 10SM FEW026 SCT075 25/12 A2999 RMK AO2 SLP149 T02500122
MDW,2023-08-15 20:53,10.00,2600.00,KMDW 152053Z 02013G21KT 10SM FEW026 FEW075 26/11 A2999 RMK AO2 PK WND 02026/1958 SLP147 T02560106 58003
MDW,2023-08-15 21:53,10.00,2600.00,KMDW 152153Z 04007KT 10SM FEW026 FEW075 25/12 A2999 RMK AO2 SLP148 T02500117
MDW,2023-08-15 22:53,10.00,7500.00,KMDW 152253Z 02010KT 10SM FEW075 24/11 A2999 RMK AO2 SLP148 T02440111
MDW,2023-08-15 23:53,10.00,7500.00,KMDW 152353Z 04006KT 10SM FEW075 FEW250 23/12 A2999 RMK AO2 SLP150 T02330117 10256 20217 53002
MDW,2023-08-16 00:53,10.00,7500.00,KMDW 160053Z 04005KT 10SM FEW075 FEW250 22/12 A3000 RMK AO2 SLP153 T02170117
MDW,2023-08-16 01:53,10.00,7500.00,KMDW 160153Z 03003KT 10SM FEW075 21/12 A3001 RMK AO2 SLP156 T02110122
MDW,2023-08-16 02:53,10.00,M,KMDW 160253Z 00000KT 10SM CLR 21/12 A3003 RMK AO2 SLP162 T02060122 53012
MDW,2023-08-16 03:53,10.00,M,KMDW 160353Z 21003KT 10SM CLR 19/13 A3004 RMK AO2 SLP165 T01890128
MDW,2023-08-16 04:53,10.00,M,KMDW 160453Z 22003KT 10SM CLR 19/13 A3003 RMK AO2 SLP162 T01890133
MDW,2023-08-16 05:53,10.00,M,KMDW 160553Z 22003KT 10SM CLR 18/13 A3002 RMK AO2 SLP161 T01830133 10233 20172 402560172 58002
MDW,2023-08-16 06:53,10.00,M,KMDW 160653Z 22004KT 10SM CLR 17/13 A3002 RMK AO2 SLP161 T01670128
MDW,2023-08-16 07:53,10.00,M,KMDW 160753Z 22004KT 10SM CLR 17/13 A3003 RMK AO2 SLP161 T01670128
MDW,2023-08-16 08:53,10.00,25000.00,KMDW 160853Z 22006KT 10SM FEW250 17/12 A3002 RMK AO2 SLP159 T01670122 58001
MDW,2023-08-16 09:53,10.00,25000.00,KMDW 160953Z 24005KT 10SM FEW250 16/12 A3003 RMK AO2 SLP161 T01560122
MDW,2023-08-16 10:53,10.00,25000.00,KMDW 161053Z 23003KT 10SM FEW250 16/13 A3003 RMK AO2 SLP165 T01560128
MDW,2023-08-16 11:53,10.00,20000.00,KMDW 161153Z 26003KT 10SM FEW200 FEW250 16/13 A3005 RMK AO2 SLP169 T01610133 10183 20144 53008
MDW,2023-08-16 12:53,10.00,20000.00,KMDW 161253Z 25003KT 10SM FEW200 FEW250 19/13 A3005 RMK AO2 SLP169 T01890133
MDW,2023-08-16 13:53,10.00,20000.00,KMDW 161353Z 24003KT 10SM FEW200 FEW250 21/14 A3005 RMK AO2 SLP168 T02110139
MDW,2023-08-16 14:53,10.00,20000.00,KMDW 161453Z 25005KT 10SM FEW200 FEW250 24/14 A3004 RMK AO2 SLP165 T02390144 58001
MDW,2023-08-16 15:53,10.00,20000.00,KMDW 161553Z 24009KT 10SM FEW200 FEW250 24/15 A3004 RMK AO2 SLP164 T02440150
MDW,2023-08-16 16:53,10.00,25000.00,KMDW 161653Z 24006KT 10SM FEW250 26/14 A3002 RMK AO2 SLP159 T02560139
MDW,2023-08-16 17:53,10.00,4000.00,KMDW 161753Z 20007KT 10SM FEW040 FEW250 26/13 A3000 RMK AO2 SLP151 T02610128 10261 20161 58015
MDW,2023-08-16 18:53,10.00,4800.00,KMDW 161853Z 21007KT 10SM FEW048 FEW250 27/14 A2998 RMK AO2 SLP143 T02670139
MDW,2023-08-16 19:53,10.00,4800.00,KMDW 161953Z 24007G16KT 10SM FEW048 FEW250 27/14 A2996 RMK AO2 SLP137 T02670144
MDW,2023-08-16 20:53,10.00,4800.00,KMDW 162053Z 24013G17KT 10SM FEW048 FEW250 27/14 A2993 RMK AO2 SLP128 T02720144 58022
MDW,2023-08-16 21:53,10.00,4800.00,KMDW 162153Z 21013KT 10SM FEW048 FEW250 27/14 A2992 RMK AO2 SLP124 T02720139
MDW,2023-08-16 22:53,10.00,4800.00,KMDW 162253Z 22014G20KT 10SM FEW048 FEW250 26/14 A2990 RMK AO2 SLP119 T02610139
MDW,2023-08-16 23:53,10.00,25000.00,KMDW 162353Z 20010KT 10SM SCT250 26/14 A2989 RMK AO2 SLP114 T02560144 10272 20256 57015
MDW,2023-08-17 00:53,10.00,25000.00,KMDW 170053Z 20009KT 10SM BKN250 24/14 A2988 RMK AO2 SLP110 T02440144
MDW,2023-08-17 01:53,10.00,25000.00,KMDW 170153Z 19008G16KT 10SM SCT250 24/14 A2987 RMK AO2 SLP106 T02390144
MDW,2023-08-17 02:53,10.00,25000.00,KMDW 170253Z 20010G17KT 10SM SCT250 23/15 A2986 RMK AO2 SLP104 T02280150 56008
MDW,2023-08-17 03:53,10.00,M,KMDW 170353Z 22009KT 10SM CLR 22/14 A2985 RMK AO2 SLP097 T02170144
MDW,2023-08-17 04:53,10.00,M,KMDW 170453Z 21010KT 10SM CLR 21/14 A2983 RMK AO2 SLP091 T02110144
MDW,2023-08-17 05:53,10.00,M,KMDW 170553Z 22011KT 10SM CLR 21/14 A2982 RMK AO2 SLP090 T02110139 10256 20211 402720144 56014
MDW,2023-08-17 06:53,10.00,25000.00,KMDW 170653Z 21014G24KT 10SM FEW250 21/14 A2979 RMK AO2 SLP079 T02060139
MDW,2023-08-17 07:53,10.00,25000.00,KMDW 170753Z 22014G23KT 10SM BKN250 20/14 A2979 RMK AO2 SLP078 T02000144
MDW,2023-08-17 08:53,10.00,25000.00,KMDW 170853Z 20012G21KT 10SM BKN250 20/14 A2973 RMK AO2 SLP060 T02000139 58029
MDW,2023-08-17 09:53,10.00,7500.00,KMDW 170953Z 21015G22KT 10SM SCT075 SCT250 20/14 A2971 RMK AO2 SLP050 T02000139
MDW,2023-08-17 10:53,10.00,6500.00,KMDW 171053Z 21015G23KT 10SM BKN065 OVC090 20/14 A2968 RMK AO2 PK WND 21028/1042 SLP040 T02000144
MDW,2023-08-17 11:53,10.00,4000.00,KMDW 171153Z 22014KT 10SM FEW040 OVC055 21/14 A2967 RMK AO2 LTG DSNT N AND NW SLP039 T02060144 10211 20200 56021
MDW,2023-08-17 12:53,5.00,2800.00,KMDW 171253Z 24013G21KT 5SM -TSRA BR BKN028 OVC035CB 21/16 A2969 RMK AO2 PK WND 20026/1200 LTG DSNT ALQDS RAB46 TSE39B40 SLP044 FRQ LTGICCG OHD TS OHD MOV E P0000 T02060156
MDW,2023-08-17 13:53,7.00,2200.00,KMDW 171353Z 23010G19KT 7SM RA SCT022 BKN039 OVC095 19/17 A2968 RMK AO2 LTG DSNT ALQDS TSE50 SLP042 P0032 T01890172
MDW,2023-08-17 14:53,9.00,1000.00,KMDW 171453Z 26010KT 9SM SCT010 BKN016 BKN095 OVC140 19/18 A2969 RMK AO2 LTG DSNT SE RAE23 SLP047 P0000 60032 T01940178 51006
MDW,2023-08-17 15:53,10.00,1500.00,KMDW 171553Z 26012KT 10SM FEW015 SCT065 SCT080 BKN150 BKN250 23/19 A2969 RMK AO2 SLP047 T02280189
MDW,2023-08-17 16:53,10.00,3100.00,KMDW 171653Z 26011G18KT 10SM FEW031 SCT080 BKN095 BKN250 24/17 A2969 RMK AO2 SLP046 T02390172
MDW,2023-08-17 17:53,10.00,3500.00,KMDW 171753Z 29015G21KT 10SM FEW035 SCT050 BKN065 BKN250 26/14 A2970 RMK AO2 SLP047 60032 T02610139 10267 20183 51001
MDW,2023-08-17 18:53,10.00,6500.00,KMDW 171853Z 29014G25KT 10SM SCT065 SCT085 27/11 A2972 RMK AO2 PK WND 27027/1812 SLP053 T02670106
MDW,2023-08-17 19:53,10.00,6000.00,KMDW 171953Z 28015G21KT 10SM FEW060 SCT075 BKN090 26/12 A2973 RMK AO2 PK WND 28027/1859 SLP059 T02610117
MDW,2023-08-17 20:53,10.00,5500.00,KMDW 172053Z 31014G24KT 10SM SCT055 BKN090 26/12 A2975 RMK AO2 PK WND 30026/2036 SLP065 T02560122 51018
MDW,2023-08-17 21:53,10.00,5000.00,KMDW 172153Z 30017G25KT 10SM SCT050 BKN075 BKN085 24/12 A2978 RMK AO2 SLP075 T02390122
MDW,2023-08-17 22:53,10.00,5000.00,KMDW 172253Z 31013G24KT 10SM FEW050 BKN085 24/11 A2980 RMK AO2 SLP083 T02390111
MDW,2023-08-17 23:53,10.00,5000.00,KMDW 172353Z 32014G23KT 10SM FEW050 SCT080 23/11 A2982 RMK AO2 SLP091 T02280111 10272 20228 51025
MDW,2023-08-18 00:53,10.00,5000.00,KMDW 180053Z 32014KT 10SM FEW050 SCT080 22/11 A2985 RMK AO2 SLP103 T02170106
MDW,2023-08-18 01:53,10.00,5000.00,KMDW 180153Z 34014G22KT 10SM SCT050 22/11 A2989 RMK AO2 SLP113 T02170111
MDW,2023-08-18 02:53,10.00,5500.00,KMDW 180253Z 34009KT 10SM FEW055 21/11 A2992 RMK AO2 SLP125 T02060111 51031
MDW,2023-08-18 03:53,10.00,5500.00,KMDW 180353Z 33007KT 10SM FEW055 19/11 A2992 RMK AO2 SLP125 T01940111
MDW,2023-08-18 04:53,10.00,6000.00,KMDW 180453Z 30004KT 10SM FEW060 18/11 A2993 RMK AO2 SLP128 T01830111
MDW,2023-08-18 05:53,10.00,M,KMDW 180553Z 30004KT 10SM CLR 17/12 A2994 RMK AO2 SLP130 T01720117 10228 20167 402720167 53007
MDW,2023-08-18 06:53,10.00,M,KMDW 180653Z 30004KT 10SM CLR 17/12 A2995 RMK AO2 SLP134 T01670117
MDW,2023-08-18 07:53,10.00,M,KMDW 180753Z 31003KT 10SM CLR 16/11 A2995 RMK AO2 SLP137 T01610111
MDW,2023-08-18 08:53,10.00,M,KMDW 180853Z 27004KT 10SM CLR 15/11 A2997 RMK AO2 SLP142 T01500111 53011
MDW,2023-08-18 09:53,10.00,M,KMDW 180953Z 27003KT 10SM CLR 16/11 A2998 RMK AO2 SLP147 T01560111
MDW,2023-08-18 10:53,10.00,M,KMDW 181053Z 29004KT 10SM CLR 15/11 A3001 RMK AO2 SLP156 T01500111
MDW,2023-08-18 11:53,10.00,M,KMDW 181153Z 30006KT 10SM CLR 16/12 A3003 RMK AO2 SLP163 70032 T01560117 10172 20144 53020
MDW,2023-08-18 12:53,10.00,M,KMDW 181253Z 30005KT 10SM CLR 18/12 A3005 RMK AO2 SLP169 T01780122
MDW,2023-08-18 13:53,10.00,M,KMDW 181353Z 34005KT 10SM CLR 21/12 A3006 RMK AO2 SLP172 T02060122
MDW,2023-08-18 14:53,10.00,25000.00,KMDW 181453Z 32006KT 10SM FEW250 22/12 A3007 RMK AO2 SLP174 T02220117 51013
MDW,2023-08-18 15:53,10.00,4800.00,KMDW 181553Z 06004KT 10SM FEW048 FEW150 SCT250 23/12 A3007 RMK AO2 SLP175 T02280117
MDW,2023-08-18 16:53,10.00,5500.00,KMDW 181653Z 00000KT 10SM FEW055 FEW150 SCT250 24/11 A3006 RMK AO2 SLP171 T02440111
MDW,2023-08-18 17:53,10.00,6000.00,KMDW 181753Z 00000KT 10SM FEW060 SCT250 24/08 A3006 RMK AO2 SLP172 T02390083 10250 20156 58003
MDW,2023-08-18 18:53,10.00,6500.00,KMDW 181853Z COR 00000KT 10SM FEW065 FEW200 SCT250 26/09 A3005 RMK AO2 SLP169 T02560089
MDW,2023-08-18 19:53,10.00,6500.00,KMDW 181953Z 00000KT 10SM FEW065 SCT200 BKN250 25/09 A3004 RMK AO2 SLP165 T02500094
MDW,2023-08-18 20:53,9.00,6000.00,KMDW 182053Z 09006KT 9SM FEW060 SCT170 BKN250 25/09 A3003 RMK AO2 SLP162 T02500089 58010
MDW,2023-08-18 21:53,9.00,6000.00,KMDW 182153Z 11009KT 9SM FEW060 FEW180 BKN250 24/09 A3002 RMK AO2 SLP158 T02440089
MDW,2023-08-18 22:53,10.00,6000.00,KMDW 182253Z 10009KT 10SM FEW060 FEW180 BKN250 24/08 A3001 RMK AO2 SLP157 T02390083
MDW,2023-08-18 23:53,10.00,6000.00,KMDW 182353Z 12008KT 10SM FEW060 FEW180 BKN250 23/08 A3000 RMK AO2 SLP155 T02280078 10261 20228 56007
MDW,2023-08-19 00:53,10.00,18000.00,KMDW 190053Z 13007KT 10SM FEW180 BKN250 23/08 A3001 RMK AO2 SLP155 T02280083 $
MDW,2023-08-19 01:53,8.00,25000.00,KMDW 190153Z 15005KT 8SM SCT250 21/08 A3002 RMK AO2 SLP160 T02110083 $
MDW,2023-08-19 02:53,8.00,25000.00,KMDW 190253Z 18006KT 8SM SCT250 21/09 A3004 RMK AO2 SLP165 T02110089 53013 $
MDW,2023-08-19 03:53,10.00,25000.00,KMDW 190353Z 17006KT 10SM SCT250 21/09 A3003 RMK AO2 SLP162 T02060094 $
MDW,2023-08-19 04:53,8.00,25000.00,KMDW 190453Z 18004KT 8SM SCT250 20/09 A3003 RMK AO2 SLP161 T02000089 $
MDW,2023-08-19 05:53,9.00,25000.00,KMDW 190553Z 18006KT 9SM FEW250 19/09 A3003 RMK AO2 SLP161 T01940089 10228 20172 402610144 55004 $
MDW,2023-08-19 06:53,9.00,25000.00,KMDW 190653Z 19005KT 9SM FEW250 19/09 A3003 RMK AO2 SLP161 T01890094 $
MDW,2023-08-19 07:53,9.00,25000.00,KMDW 190753Z 18005KT 9SM FEW250 18/09 A3003 RMK AO2 SLP162 T01830094 $
MDW,2023-08-19 08:53,10.00,25000.00,KMDW 190853Z 18006KT 10SM FEW250 18/10 A3004 RMK AO2 SLP166 T01780100 53005 $
MDW,2023-08-19 09:53,10.00,25000.00,KMDW 190953Z 18004KT 10SM FEW250 18/11 A3005 RMK AO2 SLP169 T01780106 $
MDW,2023-08-19 10:53,10.00,25000.00,KMDW 191053Z 18005KT 10SM SCT250 17/12 A3005 RMK AO2 SLP170 T01720117 $
MDW,2023-08-19 11:53,10.00,17000.00,KMDW 191153Z 20005KT 10SM FEW170 SCT250 18/12 A3007 RMK AO2 SLP177 T01780122 10194 20172 53010 $
MDW,2023-08-19 12:53,10.00,17000.00,KMDW 191253Z 20008KT 10SM SCT170 SCT250 19/13 A3006 RMK AO2 SLP174 T01940128 $
MDW,2023-08-19 13:53,10.00,18000.00,KMDW 191353Z 19006KT 10SM FEW180 SCT210 SCT250 21/13 A3006 RMK AO2 SLP172 T02060133 $
MDW,2023-08-19 14:53,10.00,18000.00,KMDW 191453Z 19009KT 10SM SCT180 BKN200 BKN250 22/14 A3005 RMK AO2 SLP169 T02220139 56007 $
MDW,2023-08-19 15:53,10.00,17000.00,KMDW 191553Z 18011KT 10SM FEW170 BKN190 BKN250 23/14 A3005 RMK AO2 SLP167 T02280144 $
MDW,2023-08-19 16:53,10.00,17000.00,KMDW 191653Z 21011G18KT 10SM FEW170 SCT190 BKN230 24/16 A3003 RMK AO2 SLP161 T02440156 $
MDW,2023-08-19 17:53,10.00,19000.00,KMDW 191753Z 18012KT 10SM FEW190 SCT210 BKN240 25/16 A3001 RMK AO2 SLP153 T02500156 10250 20178 58015 $
MDW,2023-08-19 18:53,10.00,19000.00,KMDW 191853Z 17010KT 10SM FEW190 FEW210 BKN240 26/16 A2998 RMK AO2 SLP144 T02610161 $
MDW,2023-08-19 19:53,10.00,19000.00,KMDW 191953Z 18012G20KT 10SM FEW190 FEW210 BKN250 28/16 A2997 RMK AO2 SLP139 T02780161 $
MDW,2023-08-19 21:53,10.00,20000.00,KMDW 192153Z 17014KT 10SM FEW200 SCT250 28/17 A2993 RMK AO2 SLP125 T02780172 $
MDW,2023-08-19 22:53,10.00,20000.00,KMDW 192253Z 20014G23KT 10SM FEW200 SCT250 28/17 A2993 RMK AO2 SLP125 T02780172 $
MDW,2023-08-19 23:53,10.00,20000.00,KMDW 192353Z 18010G21KT 10SM FEW200 27/17 A2991 RMK AO2 SLP122 T02670167 10283 20250 56010 $
MDW,2023-08-20 00:53,10.00,20000.00,KMDW 200053Z 18010KT 10SM FEW200 26/17 A2993 RMK AO2 SLP126 T02610167 $
MDW,2023-08-20 01:53,10.00,20000.00,KMDW 200153Z 18006KT 10SM FEW200 26/17 A2995 RMK AO2 SLP132 T02560167 $
MDW,2023-08-20 02:53,10.00,20000.00,KMDW 200253Z 19007KT 10SM FEW200 25/17 A2996 RMK AO2 SLP135 T02500167 51014 $
MDW,2023-08-20 03:53,10.00,M,KMDW 200353Z 18007KT 10SM CLR 24/17 A2997 RMK AO2 SLP139 T02390167 $
MDW,2023-08-20 04:53,10.00,3600.00,KMDW 200453Z 19005KT 10SM FEW036 24/17 A2997 RMK AO2 SLP139 T02390172 $
MDW,2023-08-20 05:53,10.00,3800.00,KMDW 200553Z 19006KT 10SM SCT038 23/17 A2998 RMK AO2 SLP142 T02330172 10272 20233 402830172 51008 $
MDW,2023-08-20 06:53,10.00,3900.00,KMDW 200653Z 20007KT 10SM BKN039 23/18 A2996 RMK AO2 SLP137 T02330178 $
MDW,2023-08-20 07:53,10.00,4000.00,KMDW 200753Z 21008KT 10SM BKN040 23/18 A2997 RMK AO2 SLP138 T02330178 $
MDW,2023-08-20 08:53,10.00,4000.00,KMDW 200853Z 23009KT 10SM BKN040 23/18 A2998 RMK AO2 SLP142 T02280178 53001 $
MDW,2023-08-20 09:53,10.00,4000.00,KMDW 200953Z 21006KT 10SM BKN040 23/18 A2998 RMK AO2 SLP143 T02280183 $
MDW,2023-08-20 10:53,10.00,4100.00,KMDW 201053Z 23003KT 10SM BKN041 22/18 A3000 RMK AO2 SLP149 T02220183 $
MDW,2023-08-20 11:53,10.00,4100.00,KMDW 201153Z 20004KT 10SM FEW041 BKN200 23/19 A3001 RMK AO2 SLP151 T02280189 10239 20222 53008 $
MDW,2023-08-20 12:53,10.00,4100.00,KMDW 201253Z 22003KT 10SM FEW041 FEW200 SCT220 24/19 A3002 RMK AO2 SLP157 T02390189 $
MDW,2023-08-20 13:53,10.00,18000.00,KMDW 201353Z 00000KT 10SM FEW180 FEW200 SCT220 25/19 A3003 RMK AO2 SLP158 T02500194 $
MDW,2023-08-20 14:53,10.00,15000.00,KMDW 201453Z 00000KT 10SM FEW150 FEW200 FEW220 28/21 A3004 RMK AO2 SLP160 T02780206 51011 $
MDW,2023-08-20 15:53,10.00,3600.00,KMDW 201553Z VRB04KT 10SM FEW036 FEW150 FEW220 31/22 A3005 RMK AO2 SLP166 T03060222 $
MDW,2023-08-20 16:53,10.00,3200.00,KMDW 201653Z 03004KT 10SM SCT032 BKN150 BKN220 31/23 A3006 RMK AO2 SLP166 T03110228 $
MDW,2023-08-20 17:53,10.00,3300.00,KMDW 201753Z VRB05KT 10SM FEW033 SCT150 SCT220 32/23 A3006 RMK AO2 SLP166 T03170228 10322 20228 51005 $
MDW,2023-08-20 18:53,10.00,3500.00,KMDW 201853Z VRB06KT 10SM FEW035 SCT170 SCT220 32/22 A3006 RMK AO2 SLP167 T03170222 $
MDW,2023-08-20 19:53,10.00,3500.00,KMDW 201953Z 05007KT 10SM FEW035 FEW170 31/23 A3007 RMK AO2 SLP170 T03110228 $
MDW,2023-08-20 20:53,10.00,3500.00,KMDW 202053Z 04006KT 10SM FEW035 FEW170 SCT250 32/22 A3007 RMK AO2 SLP172 T03170222 53006 $
MDW,2023-08-20 21:53,10.00,3500.00,KMDW 202153Z 04009KT 10SM FEW035 FEW150 SCT250 31/23 A3006 RMK AO2 SLP168 T03110228 $
MDW,2023-08-20 22:53,10.00,3500.00,KMDW 202253Z 04008KT 10SM FEW035 SCT150 SCT250 31/22 A3009 RMK AO2 SLP177 T03060222 $
MDW,2023-08-20 23:53,10.00,3500.00,KMDW 202353Z 03009KT 10SM FEW035 FEW150 BKN250 29/22 A3010 RMK AO2 SLP181 T02890217 10328 20289 53008 $
MDW,2023-08-21 00:53,10.00,25000.00,KMDW 210053Z 04009KT 10SM BKN250 26/21 A3012 RMK AO2 SLP189 T02610211 $
MDW,2023-08-21 01:53,10.00,25000.00,KMDW 210153Z 05008KT 10SM BKN250 25/21 A3013 RMK AO2 SLP195 T02500211 $
MDW,2023-08-21 02:53,10.00,25000.00,KMDW 210253Z 02009KT 10SM BKN250 24/21 A3015 RMK AO2 SLP198 T02440206 51016 $
MDW,2023-08-21 03:53,10.00,25000.00,KMDW 210353Z 03009KT 10SM BKN250 25/17 A3016 RMK AO2 SLP201 T02500172 $
MDW,2023-08-21 04:53,10.00,25000.00,KMDW 210453Z 03006KT 10SM SCT250 25/17 A3017 RMK AO2 SLP202 T02500167 $
MDW,2023-08-21 05:53,10.00,25000.00,KMDW 210553Z 03010KT 10SM SCT250 24/18 A3017 RMK AO2 SLP204 T02440178 10289 20244 403280222 51008 $
MDW,2023-08-21 06:53,10.00,25000.00,KMDW 210653Z 02005KT 10SM SCT250 24/19 A3016 RMK AO2 SLP202 T02390189 $
MDW,2023-08-21 07:53,10.00,25000.00,KMDW 210753Z 03006KT 10SM SCT250 23/18 A3017 RMK AO2 SLP204 T02330183 $
MDW,2023-08-21 08:53,10.00,25000.00,KMDW 210853Z 05007KT 10SM SCT250 23/18 A3017 RMK AO2 SLP204 T02330178 55000 $
MDW,2023-08-21 09:53,10.00,25000.00,KMDW 210953Z 03006KT 10SM SCT250 23/19 A3017 RMK AO2 SLP205 T02280189 $
MDW,2023-08-21 10:53,10.00,25000.00,KMDW 211053Z 03008KT 10SM FEW250 23/19 A3018 RMK AO2 SLP208 T02280189 $
MDW,2023-08-21 11:53,10.00,25000.00,KMDW 211153Z 03009KT 10SM FEW250 23/19 A3020 RMK AO2 SLP216 T02280189 10244 20222 53010 $
MDW,2023-08-21 12:53,10.00,25000.00,KMDW 211253Z 04010KT 10SM FEW250 23/19 A3021 RMK AO2 SLP221 T02330189
MDW,2023-08-21 13:53,10.00,25000.00,KMDW 211353Z 07009KT 10SM FEW250 24/18 A3021 RMK AO2 SLP222 T02440183
MDW,2023-08-21 14:53,10.00,25000.00,KMDW 211453Z 02011KT 10SM FEW250 25/19 A3022 RMK AO2 SLP225 T02500189 51008
MDW,2023-08-21 15:53,10.00,25000.00,KMDW 211553Z 05008KT 10SM FEW250 26/19 A3023 RMK AO2 SLP226 T02560189 $
MDW,2023-08-21 16:53,10.00,25000.00,KMDW 211653Z 06007KT 10SM FEW250 27/19 A3022 RMK AO2 SLP223 T02670189 $
MDW,2023-08-21 17:53,10.00,25000.00,KMDW 211753Z 03006KT 10SM FEW250 27/19 A3020 RMK AO2 SLP217 T02720189 10272 20228 58007
MDW,2023-08-21 18:53,10.00,25000.00,KMDW 211853Z 04012KT 10SM SCT250 28/19 A3020 RMK AO2 SLP217 T02830189
MDW,2023-08-21 19:53,10.00,25000.00,KMDW 211953Z 03009KT 10SM SCT250 27/19 A3020 RMK AO2 SLP216 T02720189
MDW,2023-08-21 20:53,10.00,25000.00,KMDW 212053Z 01010KT 10SM BKN250 27/18 A3020 RMK AO2 SLP215 T02670178 58003
MDW,2023-08-21 21:53,10.00,25000.00,KMDW 212153Z 05010KT 10SM BKN250 26/17 A3019 RMK AO2 SLP215 T02610172
MDW,2023-08-21 22:53,10.00,25000.00,KMDW 212253Z 04009KT 10SM BKN250 26/17 A3020 RMK AO2 SLP217 T02560167
MDW,2023-08-21 23:53,10.00,25000.00,KMDW 212353Z 02010KT 10SM BKN250 24/16 A3020 RMK AO2 SLP219 T02390156 10283 20239 53002
MDW,2023-08-22 00:53,10.00,25000.00,KMDW 220053Z 02006KT 10SM BKN250 23/17 A3020 RMK AO2 SLP218 T02280167
MDW,2023-08-22 01:53,10.00,25000.00,KMDW 220153Z 02009KT 10SM BKN250 22/17 A3020 RMK AO2 SLP220 T02220172
MDW,2023-08-22 02:53,10.00,25000.00,KMDW 220253Z 03008KT 10SM BKN250 22/18 A3021 RMK AO2 SLP222 T02220178 53004
MDW,2023-08-22 03:53,10.00,25000.00,KMDW 220353Z 04008KT 10SM BKN250 22/18 A3021 RMK AO2 SLP223 T02170183
MDW,2023-08-22 04:53,10.00,25000.00,KMDW 220453Z 03006KT 10SM BKN250 22/18 A3021 RMK AO2 SLP220 T02170183
MDW,2023-08-22 05:53,10.00,25000.00,KMDW 220553Z 03005KT 10SM BKN250 22/19 A3020 RMK AO2 SLP217 T02170189 10239 20217 402830217 58004
MDW,2023-08-22 06:53,10.00,25000.00,KMDW 220653Z 03003KT 10SM BKN250 22/19 A3020 RMK AO2 SLP215 T02170194
MDW,2023-08-22 07:53,10.00,25000.00,KMDW 220753Z 03003KT 10SM BKN250 22/19 A3019 RMK AO2 SLP215 T02170194
MDW,2023-08-22 08:53,10.00,25000.00,KMDW 220853Z 07007KT 10SM SCT250 22/21 A3020 RMK AO2 SLP216 T02220206 55001
MDW,2023-08-22 09:53,10.00,5000.00,KMDW 220953Z 07006KT 10SM FEW050 FEW250 22/20 A3020 RMK AO2 SLP218 T02220200
MDW,2023-08-22 10:53,10.00,25000.00,KMDW 221053Z 09004KT 10SM FEW250 22/20 A3020 RMK AO2 SLP218 T02220200
MDW,2023-08-22 11:53,9.00,25000.00,KMDW 221153Z 09004KT 9SM FEW250 22/20 A3021 RMK AO2 SLP222 T02220200 10222 20211 53005
MDW,2023-08-22 12:53,10.00,1000.00,KMDW 221253Z 10005KT 10SM FEW010 23/21 A3021 RMK AO2 SLP220 T02330206
MDW,2023-08-22 13:53,8.00,1700.00,KMDW 221353Z 12006KT 8SM FEW017 SCT022 25/21 A3021 RMK AO2 SLP222 T02500206
MDW,2023-08-22 14:53,9.00,1700.00,KMDW 221453Z 08007KT 9SM FEW017 SCT022 26/21 A3022 RMK AO2 SLP224 T02610211 53003
MDW,2023-08-22 15:53,9.00,1700.00,KMDW 221553Z 11003KT 9SM FEW017 FEW022 28/21 A3021 RMK AO2 SLP219 T02780211
MDW,2023-08-22 16:53,9.00,2000.00,KMDW 221653Z 10006KT 9SM FEW020 SCT027 28/21 A3019 RMK AO2 SLP213 T02830211
MDW,2023-08-22 17:53,9.00,2000.00,KMDW 221753Z 10011KT 9SM FEW020 FEW027 28/21 A3018 RMK AO2 SLP210 T02830211 10289 20222 56014
MDW,2023-08-22 18:53,9.00,3000.00,KMDW 221853Z 12007G17KT 9SM FEW030 29/21 A3015 RMK AO2 SLP200 T02940211
MDW,2023-08-22 19:53,10.00,3300.00,KMDW 221953Z 12008KT 10SM FEW033 31/22 A3013 RMK AO2 SLP191 T03060217
MDW,2023-08-22 20:53,10.00,3300.00,KMDW 222053Z 09009KT 10SM SCT033 29/21 A3012 RMK AO2 SLP189 T02940211 56020
MDW,2023-08-22 21:53,10.00,3600.00,KMDW 222153Z 19005KT 10SM SCT036 31/22 A3010 RMK AO2 SLP180 T03060217
MDW,2023-08-22 22:53,10.00,3400.00,KMDW 222253Z 17010KT 10SM FEW034 31/22 A3008 RMK AO2 SLP176 T03060222
MDW,2023-08-22 23:53,10.00,3400.00,KMDW 222353Z 19005KT 10SM FEW034 30/23 A3008 RMK AO2 SLP174 T03000228 10311 20283 56015
MDW,2023-08-23 00:53,9.00,3400.00,KMDW 230053Z 19006KT 9SM FEW034 29/23 A3007 RMK AO2 SLP172 T02940228
MDW,2023-08-23 01:53,9.00,3300.00,KMDW 230153Z 17008KT 9SM FEW033 29/23 A3007 RMK AO2 SLP172 T02890228
MDW,2023-08-23 02:53,9.00,2800.00,KMDW 230253Z 18007KT 9SM FEW028 28/23 A3007 RMK AO2 SLP171 T02830228 56002
MDW,2023-08-23 03:53,10.00,M,KMDW 230353Z 18009KT 10SM CLR 28/23 A3006 RMK AO2 SLP169 T02780228
MDW,2023-08-23 04:53,9.00,M,KMDW 230453Z 19008KT 9SM CLR 27/23 A3006 RMK AO2 SLP166 T02720228
MDW,2023-08-23 05:53,9.00,M,KMDW 230553Z 20009KT 9SM CLR 26/22 A3004 RMK AO2 SLP162 T02610222 10300 20261 403110211 58009
MDW,2023-08-23 06:53,10.00,M,KMDW 230653Z 20010KT 10SM CLR 26/22 A3003 RMK AO2 SLP157 T02560222
MDW,2023-08-23 07:53,9.00,M,KMDW 230753Z 22007KT 9SM CLR 26/23 A3003 RMK AO2 SLP157 T02560228
MDW,2023-08-23 08:53,8.00,M,KMDW 230853Z 21007KT 8SM CLR 24/23 A3003 RMK AO2 SLP157 T02390228 56005
MDW,2023-08-23 09:53,7.00,M,KMDW 230953Z 20006KT 7SM CLR 24/23 A3002 RMK AO2 SLP155 T02440228
MDW,2023-08-23 10:53,5.00,3000.00,KMDW 231053Z COR 20008KT 5SM BR FEW030 FEW250 24/23 A3002 RMK AO2 SLP154 T02390233
MDW,2023-08-23 11:53,5.00,3000.00,KMDW 231153Z 21007KT 5SM BR FEW030 FEW250 25/23 A3002 RMK AO2 SLP155 T02500233 10261 20239 55002
MDW,2023-08-23 12:53,5.00,3000.00,KMDW 231253Z 21007KT 5SM HZ FEW030 FEW150 FEW250 27/24 A3002 RMK AO2 SLP152 T02670239
MDW,2023-08-23 13:53,5.00,3000.00,KMDW 231353Z 25008KT 5SM HZ FEW030 FEW150 SCT250 29/25 A3001 RMK AO2 SLP149 T02890250
MDW,2023-08-23 14:53,5.00,1800.00,KMDW 231453Z 24012KT 5SM BR FEW018 FEW150 SCT250 31/26 A2999 RMK AO2 SLP142 T03110256
MDW,2023-08-23 15:53,7.00,2000.00,KMDW 231553Z 25014G23KT 7SM FEW020 FEW250 33/26 A2998 RMK AO2 SLP137 T03280261
MDW,2023-08-23 16:53,7.00,2200.00,KMDW 231653Z 26012G20KT 7SM FEW022 FEW250 34/26 A2996 RMK AO2 SLP129 T03440261
MDW,2023-08-23 17:53,7.00,2500.00,KMDW 231753Z 26012G23KT 7SM FEW025 FEW250 35/26 A2994 RMK AO2 SLP124 T03500256 10356 20250 58017
MDW,2023-08-23 18:53,7.00,2500.00,KMDW 231853Z 24016G22KT 7SM FEW025 FEW250 36/25 A2992 RMK AO2 SLP116 T03610250
MDW,2023-08-23 19:53,7.00,2500.00,KMDW 231953Z 25017G24KT 7SM FEW025 FEW250 36/24 A2990 RMK AO2 PK WND 24027/1923 SLP112 T03610244
MDW,2023-08-23 20:53,10.00,25000.00,KMDW 232053Z 23016G25KT 10SM FEW250 36/26 A2989 RMK AO2 SLP108 T03610256 56016
MDW,2023-08-23 21:53,10.00,3000.00,KMDW 232153Z 25013G22KT 10SM FEW030 FEW250 36/25 A2988 RMK AO2 SLP104 T03610250
MDW,2023-08-23 22:53,10.00,3000.00,KMDW 232253Z 25011G22KT 10SM FEW030 FEW120 FEW250 36/25 A2987 RMK AO2 SLP103 T03560250
MDW,2023-08-23 23:53,10.00,3000.00,KMDW 232353Z 25014G24KT 10SM FEW030 FEW160 FEW250 30/26 A2986 RMK AO2 SLP100 T03000256 10367 20300 58009
MDW,2023-08-24 00:53,10.00,16000.00,KMDW 240053Z COR 24011KT 10SM FEW160 SCT250 33/26 A2986 RMK AO2 SLP097 T03170261
MDW,2023-08-24 01:53,10.00,16000.00,KMDW 240153Z 25013G20KT 10SM FEW160 FEW250 32/26 A2987 RMK AO2 SLP101 T03220261
MDW,2023-08-24 02:53,10.00,M,KMDW 240253Z 24011KT 10SM CLR 32/26 A2987 RMK AO2 SLP100 T03170261 53003
MDW,2023-08-24 03:53,10.00,M,KMDW 240353Z 25015G21KT 10SM CLR 32/26 A2986 RMK AO2 SLP097 T03170261
MDW,2023-08-24 04:53,10.00,M,KMDW 240453Z 26013G22KT 10SM CLR 31/25 A2986 RMK AO2 SLP094 T03060250
MDW,2023-08-24 05:53,10.00,M,KMDW 240553Z 26012KT 10SM CLR 30/25 A2985 RMK AO2 SLP093 T03000250 10339 20300 403670239 56006
MDW,2023-08-24 06:53,10.00,M,KMDW 240653Z 26010KT 10SM CLR 30/25 A2986 RMK AO2 SLP095 T03000250
MDW,2023-08-24 07:53,10.00,M,KMDW 240753Z 26012KT 10SM CLR 29/25 A2985 RMK AO2 SLP093 T02890250
MDW,2023-08-24 08:53,10.00,18000.00,KMDW 240853Z 25009KT 10SM SCT180 28/25 A2985 RMK AO2 SLP092 T02830250 58001
MDW,2023-08-24 09:53,9.00,18000.00,KMDW 240953Z 25007KT 9SM FEW180 28/25 A2986 RMK AO2 SLP095 T02780250
MDW,2023-08-24 10:53,9.00,1200.00,KMDW 241053Z 25007KT 9SM FEW012 FEW160 FEW250 27/25 A2987 RMK AO2 SLP101 T02720250
MDW,2023-08-24 11:53,7.00,12000.00,KMDW 241153Z VRB06KT 7SM FEW120 FEW160 FEW300 27/25 A2989 RMK AO2 SLP107 T02720250 10300 20272 53012
MDW,2023-08-24 12:53,7.00,1400.00,KMDW 241253Z 25009KT 7SM FEW014 FEW160 FEW300 28/25 A2989 RMK AO2 SLP107 T02830250
MDW,2023-08-24 13:53,7.00,1700.00,KMDW 241353Z 25008KT 7SM FEW017 FEW160 FEW300 30/25 A2987 RMK AO2 SLP101 T03000250
MDW,2023-08-24 14:53,9.00,16000.00,KMDW 241453Z 24007KT 9SM FEW160 FEW300 32/25 A2986 RMK AO2 SLP097 T03170250 58008
MDW,2023-08-24 15:53,9.00,17000.00,KMDW 241553Z 22011KT 9SM FEW170 FEW300 33/25 A2986 RMK AO2 SLP095 T03330250
MDW,2023-08-24 16:53,9.00,30000.00,KMDW 241653Z 19011G21KT 9SM FEW300 34/25 A2984 RMK AO2 SLP089 T03440250
MDW,2023-08-24 17:53,10.00,M,KMDW 241753Z 24012G18KT 10SM CLR 36/24 A2983 RMK AO2 SLP084 T03610244 10361 20272 58012
MDW,2023-08-24 18:53,9.00,M,KMDW 241853Z 22013KT 9SM CLR 37/25 A2981 RMK AO2 SLP078 T03720250
MDW,2023-08-24 19:53,10.00,M,KMDW 241953Z 22013G22KT 10SM CLR 38/25 A2978 RMK AO2 SLP069 T03780250
MDW,2023-08-24 20:53,10.00,3000.00,KMDW 242053Z 22015G24KT 10SM FEW030 FEW150 37/26 A2977 RMK AO2 SLP065 T03720256 56019
MDW,2023-08-24 21:53,10.00,5500.00,KMDW 242153Z 24016G23KT 10SM FEW055 FEW150 37/24 A2977 RMK AO2 PK WND 21026/2101 SLP064 T03670244
MDW,2023-08-24 22:53,10.00,5500.00,KMDW 242253Z 25015G24KT 10SM FEW055 FEW150 SCT250 36/25 A2978 RMK AO2 PK WND 23026/2158 SLP070 CB DSNT NE T03560250
MDW,2023-08-24 23:53,10.00,4200.00,KMDW 242353Z 28012G23KT 10SM FEW042 SCT150 SCT250 35/25 A2981 RMK AO2 LTG DSNT N SLP078 CB DSNT NE T03500250 10378 20350 53013
MDW,2023-08-25 00:53,10.00,4000.00,KMDW 250053Z 27008KT 10SM FEW040 SCT150 BKN250 34/25 A2982 RMK AO2 SLP081 T03390250
MDW,2023-08-25 01:53,10.00,4500.00,KMDW 250153Z 25006KT 10SM FEW045 SCT150 BKN250 33/26 A2980 RMK AO2 SLP077 T03330256
MDW,2023-08-25 02:53,10.00,4500.00,KMDW 250253Z 26006KT 10SM FEW045 BKN250 32/26 A2981 RMK AO2 SLP078 T03220256 51000
MDW,2023-08-25 03:53,10.00,1200.00,KMDW 250353Z 05015G22KT 10SM FEW012 BKN046 26/22 A2987 RMK AO2 PK WND 05027/0326 WSHFT 0323 PRESRR SLP103 T02560217
MDW,2023-08-25 04:53,9.00,1200.00,KMDW 250453Z 04009KT 9SM BKN012 BKN046 24/22 A2990 RMK AO2 SLP111 T02440217
MDW,2023-08-25 05:53,10.00,1200.00,KMDW 250553Z 04007KT 10SM OVC012 24/21 A2990 RMK AO2 SLP111 T02440211 10350 20233 403780233 50030
MDW,2023-08-25 06:53,10.00,1200.00,KMDW 250653Z 03008KT 10SM FEW012 BKN044 BKN060 24/21 A2991 RMK AO2 SLP115 T02390206
MDW,2023-08-25 07:53,10.00,1200.00,KMDW 250753Z 03006KT 10SM FEW012 SCT046 23/20 A2991 RMK AO2 SLP113 T02330200
MDW,2023-08-25 08:53,10.00,1200.00,KMDW 250853Z 36006KT 10SM FEW012 22/20 A2990 RMK AO2 SLP111 T02220200 58000
MDW,2023-08-25 09:53,10.00,1200.00,KMDW 250953Z 36008KT 10SM BKN012 22/20 A2990 RMK AO2 SLP112 T02220200
MDW,2023-08-25 10:53,10.00,1100.00,KMDW 251053Z 02007KT 10SM BKN011 22/19 A2991 RMK AO2 SLP116 T02220194
MDW,2023-08-25 11:53,10.00,1100.00,KMDW 251153Z 02008KT 10SM BKN011 BKN042 BKN200 22/19 A2994 RMK AO2 SLP125 T02220194 10244 20217 53013
MDW,2023-08-25 12:53,10.00,1200.00,KMDW 251253Z 05008KT 10SM OVC012 23/19 A2996 RMK AO2 SLP133 T02280194
MDW,2023-08-25 13:53,10.00,1200.00,KMDW 251353Z 04007KT 10SM OVC012 23/19 A2996 RMK AO2 SLP134 T02280194
MDW,2023-08-25 14:53,10.00,1200.00,KMDW 251453Z 02006KT 10SM OVC012 23/19 A2999 RMK AO2 SLP144 T02330194 53018
MDW,2023-08-25 15:53,10.00,1400.00,KMDW 251553Z 01010KT 10SM OVC014 23/19 A3001 RMK AO2 SLP151 T02330194 $
MDW,2023-08-25 16:53,10.00,1500.00,KMDW 251653Z 02005G15KT 10SM BKN015 26/19 A3000 RMK AO2 SLP150 T02560194 $
MDW,2023-08-25 17:53,10.00,1900.00,KMDW 251753Z 06007KT 10SM FEW019 FEW040 BKN120 BKN250 26/19 A2997 RMK AO2 SLP138 T02560194 10261 20222 58008 $
MDW,2023-08-25 18:53,10.00,2300.00,KMDW 251853Z 10009KT 10SM FEW023 FEW040 BKN170 BKN250 24/19 A2996 RMK AO2 SLP135 T02440189 $
MDW,2023-08-25 19:53,10.00,1900.00,KMDW 251953Z 08006KT 10SM FEW019 FEW040 SCT100 BKN150 BKN250 24/19 A2996 RMK AO2 SLP135 T02440189 $
MDW,2023-08-25 20:53,10.00,1900.00,KMDW 252053Z 10005KT 10SM FEW019 FEW040 SCT110 BKN150 BKN250 24/19 A2994 RMK AO2 SLP130 T02440189 58008 $
MDW,2023-08-25 21:53,10.00,1900.00,KMDW 252153Z 00000KT 10SM FEW019 FEW040 SCT130 BKN250 26/19 A2993 RMK AO2 SLP125 T02610189 $
MDW,2023-08-25 22:53,10.00,1900.00,KMDW 252253Z 35006KT 10SM FEW019 FEW130 FEW250 27/19 A2993 RMK AO2 SLP124 T02720194 $
MDW,2023-08-25 23:53,10.00,1900.00,KMDW 252353Z VRB03KT 10SM FEW019 FEW130 FEW250 27/19 A2993 RMK AO2 SLP124 T02670194 10278 20233 55005 $
MDW,2023-08-26 00:53,10.00,3000.00,KMDW 260053Z 09009KT 10SM FEW030 FEW100 FEW250 24/19 A2995 RMK AO2 SLP132 T02390194 $
MDW,2023-08-26 01:53,10.00,3000.00,KMDW 260153Z 09008KT 10SM FEW030 SCT140 SCT250 23/19 A2995 RMK AO2 SLP134 T02280194 $
MDW,2023-08-26 02:53,10.00,13000.00,KMDW 260253Z 09008KT 10SM BKN130 BKN250 23/19 A2996 RMK AO2 SLP136 T02280194 51011 $
MDW,2023-08-26 03:53,10.00,12000.00,KMDW 260353Z 08006KT 10SM SCT120 23/19 A2995 RMK AO2 SLP134 T02280194 $
MDW,2023-08-26 04:53,10.00,12000.00,KMDW 260453Z 09005KT 10SM FEW120 23/19 A2994 RMK AO2 SLP128 T02280194 $
MDW,2023-08-26 05:53,10.00,1000.00,KMDW 260553Z 10005KT 10SM FEW010 FEW030 22/20 A2994 RMK AO2 SLP130 T02220200 10267 20222 402780217 55006 $
MDW,2023-08-26 06:53,10.00,4000.00,KMDW 260653Z 08004KT 10SM FEW040 22/20 A2993 RMK AO2 SLP126 T02220200 $
MDW,2023-08-26 07:53,10.00,3100.00,KMDW 260753Z 16003KT 10SM SCT031 BKN040 22/20 A2994 RMK AO2 SLP130 T02220200 $
MDW,2023-08-26 08:53,10.00,3000.00,KMDW 260853Z 00000KT 10SM SCT030 22/20 A2994 RMK AO2 SLP130 T02220200 56000 $
MDW,2023-08-26 09:53,10.00,2900.00,KMDW 260953Z 32003KT 10SM FEW029 22/20 A2993 RMK AO2 SLP127 T02170200 $
MDW,2023-08-26 10:53,10.00,2900.00,KMDW 261053Z 29004KT 10SM FEW029 22/19 A2995 RMK AO2 SLP133 T02170194 $
MDW,2023-08-26 11:53,10.00,1000.00,KMDW 261153Z 35005KT 10SM FEW010 SCT029 SCT250 22/20 A2998 RMK AO2 SLP144 T02170200 10222 20211 53014 $
MDW,2023-08-26 12:53,10.00,1000.00,KMDW 261253Z 02009KT 10SM OVC010 23/20 A3000 RMK AO2 SLP148 T02280200 $
MDW,2023-08-26 13:53,10.00,1500.00,KMDW 261353Z 04011KT 10SM OVC015 23/19 A3002 RMK AO2 SLP156 T02280189 $
MDW,2023-08-26 14:53,10.00,1800.00,KMDW 261453Z 05012KT 10SM OVC018 23/18 A3003 RMK AO2 SLP162 T02280183 53017 $
MDW,2023-08-26 15:53,10.00,1800.00,KMDW 261553Z 03013KT 10SM BKN018 OVC024 23/18 A3003 RMK AO2 SLP161 T02330183 $
MDW,2023-08-26 16:53,10.00,2000.00,KMDW 261653Z 02010G19KT 10SM BKN020 BKN030 24/18 A3004 RMK AO2 SLP163 T02390183 $
MDW,2023-08-26 17:53,10.00,1900.00,KMDW 261753Z 04015KT 10SM BKN019 BKN026 23/18 A3004 RMK AO2 SLP163 T02330178 10239 20222 53001 $
MDW,2023-08-26 18:53,10.00,2000.00,KMDW 261853Z 03015KT 10SM BKN020 24/17 A3004 RMK AO2 SLP165 T02390172 $
MDW,2023-08-26 19:53,10.00,2200.00,KMDW 261953Z 03017KT 10SM BKN022 BKN055 23/17 A3004 RMK AO2 SLP163 T02330167 $
MDW,2023-08-26 20:53,10.00,2400.00,KMDW 262053Z 02015G23KT 10SM SCT024 BKN060 24/16 A3003 RMK AO2 SLP161 T02390161 58001 $
MDW,2023-08-26 21:53,10.00,2600.00,KMDW 262153Z 01014G23KT 10SM FEW026 BKN060 BKN250 23/16 A3003 RMK AO2 PK WND 03026/2117 SLP160 T02280156 $
MDW,2023-08-26 22:53,10.00,2500.00,KMDW 262253Z 01017G23KT 10SM FEW025 SCT060 BKN250 23/16 A3003 RMK AO2 SLP160 T02280156 $
MDW,2023-08-26 23:53,10.00,2500.00,KMDW 262353Z 03016G23KT 10SM BKN025 BKN250 22/16 A3003 RMK AO2 SLP161 T02170156 10244 20206 56002 $
MDW,2023-08-27 00:53,10.00,2100.00,KMDW 270053Z 02011G23KT 10SM BKN021 BKN250 21/16 A3004 RMK AO2 SLP165 T02060156 $
MDW,2023-08-27 01:53,10.00,2400.00,KMDW 270153Z 01016G23KT 10SM BKN024 BKN250 21/15 A3006 RMK AO2 SLP172 T02060150 $
MDW,2023-08-27 02:53,10.00,2200.00,KMDW 270253Z 01009KT 10SM FEW022 BKN035 BKN250 20/15 A3006 RMK AO2 SLP173 T02000150 51012 $
MDW,2023-08-27 03:53,10.00,2200.00,KMDW 270353Z 02012KT 10SM SCT022 SCT040 SCT250 20/16 A3006 RMK AO2 SLP173 T02000156 $
MDW,2023-08-27 04:53,10.00,1900.00,KMDW 270453Z 03010KT 10SM FEW019 BKN029 BKN250 20/16 A3007 RMK AO2 SLP174 T02000161 $
MDW,2023-08-27 05:53,10.00,1600.00,KMDW 270553Z 02009KT 10SM OVC016 20/16 A3007 RMK AO2 SLP173 T02000161 10217 20183 402440183 52001 $
MDW,2023-08-27 06:53,10.00,1700.00,KMDW 270653Z 02005KT 10SM BKN017 BKN025 21/17 A3005 RMK AO2 SLP168 T02060167 $
MDW,2023-08-27 07:53,10.00,1500.00,KMDW 270753Z 08010KT 10SM FEW015 SCT022 21/18 A3004 RMK AO2 SLP166 T02110178 $
MDW,2023-08-27 08:53,10.00,1700.00,KMDW 270853Z 09011KT 10SM FEW017 FEW025 FEW055 21/16 A3004 RMK AO2 SLP166 T02060161 56008 $
MDW,2023-08-27 09:53,10.00,5000.00,KMDW 270953Z 09008KT 10SM FEW050 20/16 A3005 RMK AO2 SLP167 T02000161 $
MDW,2023-08-27 10:53,10.00,5500.00,KMDW 271053Z 08010KT 10SM FEW055 19/13 A3005 RMK AO2 SLP170 T01940128 $
MDW,2023-08-27 11:53,10.00,3500.00,KMDW 271153Z 07009KT 10SM FEW035 FEW055 19/11 A3007 RMK AO2 SLP175 T01940111 10211 20189 53008 $
MDW,2023-08-27 12:53,10.00,3500.00,KMDW 271253Z 07012KT 10SM FEW035 FEW055 19/10 A3008 RMK AO2 SLP180 T01940100 $
MDW,2023-08-27 13:53,10.00,5500.00,KMDW 271353Z 09011KT 10SM FEW055 20/12 A3009 RMK AO2 SLP182 T02000117 $
MDW,2023-08-27 14:53,10.00,3600.00,KMDW 271453Z 08011KT 10SM FEW036 FEW055 21/12 A3009 RMK AO2 SLP182 T02110122 51006 $
MDW,2023-08-27 15:53,10.00,3500.00,KMDW 271553Z 07012G17KT 10SM FEW035 22/12 A3009 RMK AO2 SLP182 T02170117 $
MDW,2023-08-27 16:53,10.00,3500.00,KMDW 271653Z 08008KT 10SM FEW035 22/12 A3009 RMK AO2 SLP182 T02220117 $
MDW,2023-08-27 17:53,10.00,M,KMDW 271753Z 06011KT 10SM CLR 23/09 A3008 RMK AO2 SLP177 T02280094 10233 20194 58004 $
MDW,2023-08-27 18:53,10.00,M,KMDW 271853Z 03010G18KT 10SM CLR 24/09 A3006 RMK AO2 SLP172 T02390089 $
MDW,2023-08-27 19:53,10.00,M,KMDW 271953Z 03010KT 10SM CLR 23/09 A3004 RMK AO2 SLP166 T02280089 $
MDW,2023-08-27 20:53,10.00,M,KMDW 272053Z 03012KT 10SM CLR 24/11 A3004 RMK AO2 SLP166 T02390106 56011 $
MDW,2023-08-27 21:53,10.00,M,KMDW 272153Z 01010KT 10SM CLR 23/12 A3004 RMK AO2 SLP164 T02330117 $
MDW,2023-08-27 22:53,10.00,M,KMDW 272253Z 04011KT 10SM CLR 22/12 A3004 RMK AO2 SLP164 T02220117 $
MDW,2023-08-27 23:53,10.00,M,KMDW 272353Z 04009KT 10SM CLR 21/12 A3003 RMK AO2 SLP162 T02110122 10239 20211 58004 $
MDW,2023-08-28 00:53,10.00,M,KMDW 280053Z 04008KT 10SM CLR 20/13 A3003 RMK AO2 SLP163 T02000128 $
MDW,2023-08-28 01:53,10.00,M,KMDW 280153Z 02006KT 10SM CLR 20/13 A3004 RMK AO2 SLP166 T02000128 $
MDW,2023-08-28 02:53,10.00,M,KMDW 280253Z 03005KT 10SM CLR 19/13 A3004 RMK AO2 SLP166 T01940133 53004 $
MDW,2023-08-28 03:53,10.00,M,KMDW 280353Z 06006KT 10SM CLR 19/14 A3005 RMK AO2 SLP168 T01940139 $
MDW,2023-08-28 04:53,10.00,M,KMDW 280453Z 07006KT 10SM CLR 19/14 A3004 RMK AO2 SLP167 T01940139 $
MDW,2023-08-28 05:53,10.00,M,KMDW 280553Z 08006KT 10SM CLR 20/14 A3004 RMK AO2 SLP164 T02000144 10211 20194 402390189 58002 $
MDW,2023-08-28 06:53,10.00,M,KMDW 280653Z 07005KT 10SM CLR 19/14 A3004 RMK AO2 SLP164 T01940144 $
MDW,2023-08-28 07:53,10.00,M,KMDW 280753Z 07004KT 10SM CLR 19/14 A3004 RMK AO2 SLP164 T01890144 $
MDW,2023-08-28 08:53,10.00,M,KMDW 280853Z 00000KT 10SM CLR 18/14 A3003 RMK AO2 SLP164 T01780139 58001 $
MDW,2023-08-28 09:53,10.00,M,KMDW 280953Z 00000KT 10SM CLR 17/13 A3004 RMK AO2 SLP166 T01670133 $
MDW,2023-08-28 10:53,10.00,M,KMDW 281053Z 00000KT 10SM CLR 16/13 A3005 RMK AO2 SLP170 T01560133 $
MDW,2023-08-28 11:53,10.00,M,KMDW 281153Z 25003KT 10SM CLR 16/14 A3005 RMK AO2 SLP172 T01610139 10200 20156 53007 $
MDW,2023-08-28 12:53,10.00,M,KMDW 281253Z 00000KT 10SM CLR 19/14 A3006 RMK AO2 SLP175 T01890144
MDW,2023-08-28 13:53,10.00,M,KMDW 281353Z 00000KT 10SM CLR 22/13 A3006 RMK AO2 SLP173 T02170133
MDW,2023-08-28 14:53,10.00,M,KMDW 281453Z 00000KT 10SM CLR 23/11 A3007 RMK AO2 SLP176 T02280111 51005
MDW,2023-08-28 15:53,10.00,M,KMDW 281553Z VRB03KT 10SM CLR 24/11 A3006 RMK AO2 SLP173 T02390111
MDW,2023-08-28 16:53,10.00,5000.00,KMDW 281653Z 03005KT 10SM FEW050 25/11 A3005 RMK AO2 SLP169 T02500106
MDW,2023-08-28 17:53,10.00,6000.00,KMDW 281753Z 05005KT 10SM FEW060 26/11 A3004 RMK AO2 SLP164 T02560106 10256 20156 58009
MDW,2023-08-28 18:53,10.00,6000.00,KMDW 281853Z VRB06KT 10SM FEW060 25/11 A3003 RMK AO2 SLP160 T02500106
MDW,2023-08-28 19:53,10.00,6000.00,KMDW 281953Z VRB06KT 10SM FEW060 25/10 A3002 RMK AO2 SLP157 T02500100
MDW,2023-08-28 20:53,10.00,M,KMDW 282053Z 12006KT 10SM CLR 25/11 A3001 RMK AO2 SLP153 T02500106 56012
MDW,2023-08-28 21:53,10.00,12000.00,KMDW 282153Z 08008KT 10SM SCT120 25/11 A3000 RMK AO2 SLP152 T02500111
MDW,2023-08-28 22:53,10.00,12000.00,KMDW 282253Z 10009KT 10SM SCT120 25/11 A2999 RMK AO2 SLP148 T02500106 $
MDW,2023-08-28 23:53,10.00,12000.00,KMDW 282353Z 10009KT 10SM FEW120 FEW250 24/10 A2999 RMK AO2 SLP149 T02390100 10256 20239 56005 $
MDW,2023-08-29 00:53,10.00,12000.00,KMDW 290053Z 11006KT 10SM FEW120 23/10 A2999 RMK AO2 SLP149 T02280100 $
MDW,2023-08-29 01:53,10.00,12000.00,KMDW 290153Z 10005KT 10SM FEW120 23/11 A3000 RMK AO2 SLP152 T02280106 $
MDW,2023-08-29 02:53,10.00,M,KMDW 290253Z 14003KT 10SM CLR 22/12 A3000 RMK AO2 SLP153 T02170117 52005 $
MDW,2023-08-29 03:53,10.00,M,KMDW 290353Z 18003KT 10SM CLR 22/11 A3000 RMK AO2 SLP151 T02170106 $
MDW,2023-08-29 04:53,10.00,M,KMDW 290453Z 19004KT 10SM CLR 21/11 A3000 RMK AO2 SLP149 T02060111 $
MDW,2023-08-29 05:53,10.00,M,KMDW 290553Z 19005KT 10SM CLR 19/12 A2998 RMK AO2 SLP143 T01940117 10239 20194 402560156 58009 $
MDW,2023-08-29 06:53,10.00,M,KMDW 290653Z 20006KT 10SM CLR 19/13 A2997 RMK AO2 SLP141 T01890128 $
MDW,2023-08-29 07:53,10.00,M,KMDW 290753Z 20007KT 10SM CLR 19/13 A2996 RMK AO2 SLP137 T01890133 $
MDW,2023-08-29 08:53,10.00,5500.00,KMDW 290853Z 21006KT 10SM FEW055 18/13 A2994 RMK AO2 SLP132 T01830133 58012 $
MDW,2023-08-29 09:53,10.00,M,KMDW 290953Z 21007KT 10SM CLR 18/13 A2993 RMK AO2 SLP126 T01780133 $
MDW,2023-08-29 10:53,10.00,10000.00,KMDW 291053Z 25005KT 10SM FEW100 17/13 A2993 RMK AO2 SLP129 T01720128 $
MDW,2023-08-29 11:53,10.00,10000.00,KMDW 291153Z 23006KT 10SM FEW100 18/13 A2994 RMK AO2 SLP130 T01780133 10200 20172 55002 $
MDW,2023-08-29 12:53,10.00,10000.00,KMDW 291253Z 22007KT 10SM FEW100 20/13 A2993 RMK AO2 SLP127 T02000133 $
MDW,2023-08-29 13:53,10.00,6000.00,KMDW 291353Z 23011KT 10SM FEW060 FEW110 23/14 A2992 RMK AO2 SLP122 T02280139 $
MDW,2023-08-29 14:53,10.00,5000.00,KMDW 291453Z 23011KT 10SM SCT050 SCT110 23/14 A2991 RMK AO2 SLP119 T02330144 58008 $
MDW,2023-08-29 15:53,10.00,5000.00,KMDW 291553Z 24012G20KT 10SM FEW050 26/16 A2989 RMK AO2 SLP114 T02560156 $
MDW,2023-08-29 16:53,10.00,5500.00,KMDW 291653Z 26010KT 10SM BKN055 BKN085 27/17 A2989 RMK AO2 SLP113 T02720172 $
MDW,2023-08-29 17:53,10.00,3700.00,KMDW 291753Z 27010KT 10SM SCT037 BKN046 BKN090 27/18 A2988 RMK AO2 SLP108 T02720178 10278 20178 56011 $
MDW,2023-08-29 18:53,10.00,3800.00,KMDW 291853Z 30009KT 10SM BKN038 BKN046 28/18 A2986 RMK AO2 SLP104 T02780183 $
MDW,2023-08-29 19:53,10.00,4000.00,KMDW 291953Z 27010G17KT 10SM FEW040 SCT065TCU 29/16 A2985 RMK AO2 LTG DSNT S SLP097 TCU W MOV SE CB DSNT SE-S T02940161 $
MDW,2023-08-29 20:53,10.00,5000.00,KMDW 292053Z 32014G22KT 10SM SCT050 SCT075 28/14 A2984 RMK AO2 LTG DSNT SE SLP096 CB DSNT NE T02830144 56012 $
MDW,2023-08-29 21:53,10.00,6000.00,KMDW 292153Z 02018G27KT 10SM BKN060 27/17 A2985 RMK AO2 PK WND 02027/2152 SLP100 T02670172 $
MDW,2023-08-29 22:53,10.00,7000.00,KMDW 292253Z 02015G22KT 10SM FEW070 FEW100 24/16 A2988 RMK AO2 SLP110 T02440161 $
MDW,2023-08-29 23:53,10.00,2200.00,KMDW 292353Z 03019G24KT 10SM SCT022 SCT065 22/17 A2989 RMK AO2 SLP117 T02220167 10300 20222 53018 $
MDW,2023-08-30 00:53,10.00,2200.00,KMDW 300053Z 04009KT 10SM FEW022 FEW070 22/17 A2991 RMK AO2 SLP123 T02170167 $
MDW,2023-08-30 01:53,10.00,2400.00,KMDW 300153Z 04009KT 10SM FEW024 21/16 A2995 RMK AO2 SLP132 T02110156 $
MDW,2023-08-30 02:53,10.00,2400.00,KMDW 300253Z 04007KT 10SM FEW024 21/16 A2996 RMK AO2 SLP139 T02060156 51023 $
MDW,2023-08-30 03:53,10.00,2400.00,KMDW 300353Z 02012KT 10SM FEW024 21/15 A2998 RMK AO2 SLP142 T02060150 $
MDW,2023-08-30 04:53,10.00,2400.00,KMDW 300453Z 04010KT 10SM FEW024 FEW032 BKN042 21/15 A2999 RMK AO2 SLP145 T02060150 $
MDW,2023-08-30 05:53,10.00,2500.00,KMDW 300553Z 04014KT 10SM BKN025 BKN035 19/14 A3000 RMK AO2 SLP149 T01940144 10222 20194 403000172 51011 $
MDW,2023-08-30 06:53,10.00,2500.00,KMDW 300653Z 04011KT 10SM BKN025 BKN035 19/14 A3000 RMK AO2 SLP151 T01940139 $
MDW,2023-08-30 07:53,10.00,2500.00,KMDW 300753Z 02008KT 10SM BKN025 19/13 A3000 RMK AO2 SLP149 T01890133 $
MDW,2023-08-30 08:53,10.00,2600.00,KMDW 300853Z 03009KT 10SM BKN026 BKN036 19/13 A3000 RMK AO2 SLP152 T01890128 51003 $
MDW,2023-08-30 09:53,10.00,2700.00,KMDW 300953Z 03010KT 10SM BKN027 BKN035 18/12 A3002 RMK AO2 SLP155 T01830122 $
MDW,2023-08-30 10:53,10.00,2700.00,KMDW 301053Z 35011KT 10SM FEW027 FEW035 17/11 A3003 RMK AO2 SLP163 T01670111 $
MDW,2023-08-30 11:53,10.00,2700.00,KMDW 301153Z 32009KT 10SM FEW027 FEW035 15/11 A3005 RMK AO2 SLP171 T01500106 10194 20150 53016 $
MDW,2023-08-30 12:53,10.00,2700.00,KMDW 301253Z 34014KT 10SM FEW027 FEW035 16/11 A3007 RMK AO2 SLP178 T01610106 $
MDW,2023-08-30 13:53,10.00,2700.00,KMDW 301353Z 35012KT 10SM FEW027 18/12 A3008 RMK AO2 SLP180 T01780117 $
MDW,2023-08-30 14:53,10.00,2400.00,KMDW 301453Z 03013KT 10SM SCT024 BKN038 19/12 A3008 RMK AO2 SLP182 T01890122 51011 $
MDW,2023-08-30 15:53,10.00,2700.00,KMDW 301553Z 01014G21KT 10SM SCT027 BKN035 19/12 A3009 RMK AO2 SLP183 T01940117 $
MDW,2023-08-30 16:53,10.00,2900.00,KMDW 301653Z 02014KT 10SM SCT029 BKN037 21/11 A3009 RMK AO2 SLP182 T02060111
MDW,2023-08-30 17:53,10.00,2900.00,KMDW 301753Z 36015G20KT 10SM FEW029 BKN037 21/11 A3008 RMK AO2 SLP181 T02060111 10206 20150 58000
MDW,2023-08-30 18:53,10.00,3700.00,KMDW 301853Z 03013KT 10SM BKN037 21/11 A3008 RMK AO2 SLP181 T02060111
MDW,2023-08-30 19:53,10.00,3700.00,KMDW 301953Z 03013KT 10SM BKN037 22/11 A3006 RMK AO2 SLP174 T02170111
MDW,2023-08-30 20:53,10.00,3700.00,KMDW 302053Z 03012KT 10SM FEW037 21/10 A3006 RMK AO2 SLP174 T02060100 58007
MDW,2023-08-30 21:53,10.00,3700.00,KMDW 302153Z 03013G22KT 10SM FEW037 20/09 A3005 RMK AO2 SLP170 T02000094
MDW,2023-08-30 22:53,10.00,3700.00,KMDW 302253Z 03013KT 10SM FEW037 19/10 A3006 RMK AO2 SLP173 T01940100
MDW,2023-08-30 23:53,10.00,3700.00,KMDW 302353Z 02013KT 10SM FEW037 19/11 A3005 RMK AO2 SLP172 T01890106 10217 20189 56004
MDW,2023-08-31 00:53,10.00,M,KMDW 310053Z 02011KT 10SM CLR 18/11 A3005 RMK AO2 SLP173 T01780111
MDW,2023-08-31 01:53,10.00,M,KMDW 310153Z 01008KT 10SM CLR 17/09 A3006 RMK AO2 SLP177 T01720094
MDW,2023-08-31 02:53,10.00,M,KMDW 310253Z 03007KT 10SM CLR 17/09 A3006 RMK AO2 SLP174 T01720089 50003
MDW,2023-08-31 03:53,10.00,2500.00,KMDW 310353Z 01006KT 10SM FEW025 17/09 A3007 RMK AO2 SLP179 T01670089
MDW,2023-08-31 04:53,10.00,2500.00,KMDW 310453Z 01004KT 10SM FEW025 17/10 A3007 RMK AO2 SLP178 T01670100
MDW,2023-08-31 05:53,10.00,2500.00,KMDW 310553Z 32004KT 10SM FEW025 15/09 A3007 RMK AO2 SLP177 T01500094 10189 20144 402170144 50002
MDW,2023-08-31 06:53,10.00,2500.00,KMDW 310653Z 30003KT 10SM FEW025 14/09 A3006 RMK AO2 SLP176 T01390094
MDW,2023-08-31 07:53,10.00,2500.00,KMDW 310753Z 00000KT 10SM FEW025 13/09 A3006 RMK AO2 SLP176 T01330094
MDW,2023-08-31 08:53,10.00,2800.00,KMDW 310853Z 32003KT 10SM FEW028 13/10 A3006 RMK AO2 SLP175 T01330100 56002
MDW,2023-08-31 09:53,10.00,2800.00,KMDW 310953Z 00000KT 10SM FEW028 13/11 A3008 RMK AO2 SLP182 T01330106
MDW,2023-08-31 10:53,10.00,2800.00,KMDW 311053Z 22003KT 10SM FEW028 14/11 A3009 RMK AO2 SLP186 T01390106
MDW,2023-08-31 11:53,10.00,3000.00,KMDW 311153Z 25003KT 10SM FEW030 13/10 A3011 RMK AO2 SLP194 T01280100 10144 20122 53017
MDW,2023-08-31 12:53,10.00,3000.00,KMDW 311253Z 16007KT 10SM FEW030 16/11 A3013 RMK AO2 SLP200 T01610111
MDW,2023-08-31 13:53,10.00,M,KMDW 311353Z 16004KT 10SM CLR 18/11 A3014 RMK AO2 SLP203 T01780106 $
MDW,2023-08-31 14:53,10.00,3000.00,KMDW 311453Z 14005KT 10SM FEW030 21/10 A3015 RMK AO2 SLP205 T02060100 51013 $
MDW,2023-08-31 15:53,10.00,3000.00,KMDW 311553Z 00000KT 10SM FEW030 22/09 A3015 RMK AO2 SLP206 T02170094 $
MDW,2023-08-31 16:53,10.00,M,KMDW 311653Z 12003KT 10SM CLR 24/09 A3015 RMK AO2 SLP205 T02390094 $
MDW,2023-08-31 17:53,10.00,M,KMDW 311753Z 10005KT 10SM CLR 24/08 A3015 RMK AO2 SLP204 T02390078 10244 20128 58000 $
MDW,2023-08-31 18:53,10.00,M,KMDW 311853Z 09010KT 10SM CLR 24/08 A3014 RMK AO2 SLP201 T02390083 $
MDW,2023-08-31 19:53,10.00,M,KMDW 311953Z 06007KT 10SM CLR 24/08 A3013 RMK AO2 SLP197 T02440078 $
MDW,2023-08-31 20:53,10.00,M,KMDW 312053Z 09009G17KT 10SM CLR 24/09 A3012 RMK AO2 SLP196 T02390094 56008 $
MDW,2023-08-31 21:53,10.00,M,KMDW 312153Z 05009KT 10SM CLR 23/11 A3012 RMK AO2 SLP195 T02330106 $
MDW,2023-08-31 22:53,10.00,M,KMDW 312253Z 06006KT 10SM CLR 23/12 A3013 RMK AO2 SLP197 T02280117 $
MDW,2023-08-31 23:53,10.00,M,KMDW 312353Z 07008KT 10SM CLR 22/12 A3011 RMK AO2 SLP194 T02170122 10244 20206 58003 $
