station,valid,vsby,skyl1,metar
MSN,2023-05-31 00:53,10.00,25000.00,KMSN 310053Z 15006KT 10SM SCT250 28/10 A2991 RMK AO2 SLP122 T02830100
MSN,2023-05-31 01:53,10.00,9500.00,KMSN 310153Z 14007KT 10SM SCT095 26/11 A2992 RMK AO2 SLP127 T02610106
MSN,2023-05-31 02:53,10.00,9500.00,KMSN 310253Z 13005KT 10SM BKN095 25/11 A2995 RMK AO2 SLP134 T02500111 53013
MSN,2023-05-31 03:53,10.00,9500.00,KMSN 310353Z 15005KT 10SM SCT095 24/11 A2995 RMK AO2 SLP137 LAST T02390111
MSN,2023-05-31 04:53,10.00,11000.00,KMSN 310453Z AUTO 00000KT 10SM FEW110 20/12 A2995 RMK AO2 SLP135 T02000117
MSN,2023-05-31 05:53,10.00,M,KMSN 310553Z AUTO 00000KT 10SM CLR 19/12 A2993 RMK AO2 SLP130 T01890117 10294 20189 403110106 58005
MSN,2023-05-31 06:53,10.00,M,KMSN 310653Z AUTO 00000KT 10SM CLR 17/12 A2993 RMK AO2 SLP130 T01720117
MSN,2023-05-31 07:53,10.00,M,KMSN 310753Z AUTO 00000KT 10SM CLR 17/12 A2994 RMK AO2 SLP133 T01720117
MSN,2023-05-31 08:53,10.00,M,KMSN 310853Z AUTO 00000KT 10SM CLR 16/12 A2996 RMK AO2 SLP139 T01560122 53008
MSN,2023-05-31 09:53,10.00,10000.00,KMSN 310953Z AUTO 00000KT 10SM FEW100 15/12 A2997 RMK AO2 SLP143 T01500117
MSN,2023-05-31 10:53,10.00,13000.00,KMSN 311053Z 00000KT 10SM SCT130 16/12 A2997 RMK AO2 SLP144 T01560117
MSN,2023-05-31 11:53,10.00,15000.00,KMSN 311153Z 00000KT 10SM FEW150 FEW250 18/13 A2998 RMK AO2 SLP146 T01830133 10189 20144 51007
MSN,2023-05-31 12:53,10.00,18000.00,KMSN 311253Z 18004KT 10SM FEW180 FEW250 22/12 A2998 RMK AO2 SLP145 T02220122
MSN,2023-05-31 13:53,10.00,11000.00,KMSN 311353Z 18004KT 10SM FEW110 FEW250 24/13 A2998 RMK AO2 SLP147 T02390128
MSN,2023-05-31 14:53,10.00,11000.00,KMSN 311453Z 18003KT 10SM BKN110 BKN250 26/13 A2999 RMK AO2 SLP150 T02610133 53004
MSN,2023-05-31 15:53,10.00,8000.00,KMSN 311553Z 00000KT 10SM FEW080 BKN100 BKN250 28/14 A3000 RMK AO2 SLP152 T02780139
MSN,2023-05-31 16:53,10.00,9000.00,KMSN 311653Z 16007KT 10SM FEW090 BKN140 BKN250 30/11 A3000 RMK AO2 SLP151 T03000111
MSN,2023-05-31 17:53,10.00,7000.00,KMSN 311753Z VRB05KT 10SM FEW070 BKN150 BKN250 31/12 A2998 RMK AO2 LTG DSNT E SLP147 T03060122 10306 20189 58002
MSN,2023-05-31 18:53,10.00,7000.00,KMSN 311853Z VRB04KT 10SM FEW070 BKN150 BKN250 31/11 A2997 RMK AO2 LTG DSNT E SLP144 T03110111
MSN,2023-05-31 19:53,10.00,7000.00,KMSN 311953Z VRB05G16KT 10SM FEW070 BKN250 32/12 A2995 RMK AO2 SLP137 T03170117
MSN,2023-05-31 20:53,10.00,8000.00,KMSN 312053Z 17005KT 10SM SCT080 BKN250 32/12 A2995 RMK AO2 SLP135 T03220117 56013
MSN,2023-05-31 21:53,10.00,8000.00,KMSN 312153Z 00000KT 10SM BKN080 BKN250 32/13 A2994 RMK AO2 SLP133 T03170128
MSN,2023-05-31 22:53,10.00,9000.00,KMSN 312253Z 10013KT 10SM BKN090 28/16 A2993 RMK AO2 WSHFT 2238 SLP131 T02830156
MSN,2023-05-31 23:53,10.00,8500.00,KMSN 312353Z 16022G33KT 10SM SCT085 BKN250 26/14 A2996 RMK AO2 PK WND 15033/2349 RAB32E39 SLP140 P0000 60000 T02610144 10328 20261 53004
MSN,2023-06-01 00:53,10.00,9000.00,KMSN 010053Z 17010KT 10SM FEW090 BKN250 25/14 A2996 RMK AO2 PK WND 15030/2354 SLP139 T02500144
MSN,2023-06-01 01:53,10.00,9000.00,KMSN 010153Z 15003KT 10SM FEW090 FEW250 24/14 A2996 RMK AO2 SLP138 T02390139
MSN,2023-06-01 03:53,10.00,10000.00,KMSN 010353Z 10004KT 10SM FEW100 22/14 A2999 RMK AO2 SLP150 LAST T02170139
MSN,2023-06-01 04:53,10.00,M,KMSN 010453Z AUTO 00000KT 10SM CLR 19/14 A2999 RMK AO2 SLP151 T01890139
MSN,2023-06-01 05:53,10.00,M,KMSN 010553Z AUTO 00000KT 10SM CLR 18/14 A3000 RMK AO2 SLP155 T01780144 10261 20178 403280144 53006
MSN,2023-06-01 06:53,10.00,M,KMSN 010653Z AUTO 00000KT 10SM CLR 18/14 A3000 RMK AO2 SLP153 T01780144
MSN,2023-06-01 07:53,10.00,M,KMSN 010753Z AUTO 00000KT 10SM CLR 18/14 A3001 RMK AO2 SLP155 T01830139
MSN,2023-06-01 08:53,10.00,11000.00,KMSN 010853Z AUTO 00000KT 10SM FEW110 17/14 A3001 RMK AO2 SLP158 T01670144 53003
MSN,2023-06-01 09:53,10.00,M,KMSN 010953Z AUTO 00000KT 10SM CLR 16/14 A3002 RMK AO2 SLP161 T01610144
MSN,2023-06-01 10:53,10.00,14000.00,KMSN 011053Z 00000KT 10SM BKN140 BKN250 17/15 A3004 RMK AO2 SLP166 T01670150
MSN,2023-06-01 11:53,10.00,15000.00,KMSN 011153Z 00000KT 10SM SCT150 21/16 A3004 RMK AO2 SLP168 T02060161 10206 20161 51010
MSN,2023-06-01 12:53,10.00,15000.00,KMSN 011253Z 16005KT 10SM FEW150 FEW250 23/17 A3005 RMK AO2 SLP171 T02280167
MSN,2023-06-01 13:53,10.00,25000.00,KMSN 011353Z 16007KT 10SM FEW250 24/17 A3006 RMK AO2 SLP174 T02440167
MSN,2023-06-01 14:53,10.00,15000.00,KMSN 011453Z VRB03KT 10SM FEW150 SCT250 26/17 A3006 RMK AO2 SLP174 T02610172 51006
MSN,2023-06-01 15:53,10.00,15000.00,KMSN 011553Z VRB03KT 10SM BKN150 BKN250 28/17 A3006 RMK AO2 SLP174 T02830172
MSN,2023-06-01 16:53,10.00,5000.00,KMSN 011653Z 18007KT 10SM FEW050 BKN140 BKN250 29/16 A3006 RMK AO2 SLP175 T02940156
MSN,2023-06-01 17:53,10.00,6000.00,KMSN 011753Z 15004KT 10SM SCT060CB BKN150 31/16 A3005 RMK AO2 LTG DSNT SW SLP169 CB SW MOV N T03110161 10311 20206 58005
MSN,2023-06-01 18:53,10.00,6500.00,KMSN 011853Z 11003KT 10SM SCT065TCU BKN140 BKN250 31/15 A3003 RMK AO2 SLP163 TCU S-W T03060150
MSN,2023-06-01 19:53,10.00,6000.00,KMSN 011953Z 23009KT 10SM -TSRA SCT060CB BKN085 BKN150 24/17 A3004 RMK AO2 LTG DSNT S RAB21 TSB27 SLP169 OCNL LTGIC SE TS SE MOV NE P0041 T02390172
MSN,2023-06-01 20:53,10.00,7000.00,KMSN 012053Z 27005KT 10SM FEW070 BKN110 BKN250 22/20 A3002 RMK AO2 LTG DSNT SE RAE39 TSE34 SLP162 TCU DSNT NE-E P0024 60065 T02170200 58009
MSN,2023-06-01 21:53,10.00,7000.00,KMSN 012153Z 23004KT 10SM FEW070 SCT120 SCT160 BKN250 26/19 A3001 RMK AO2 LTG DSNT E AND SE SLP159 CB DSNT E T02560194
MSN,2023-06-01 22:53,10.00,6500.00,KMSN 012253Z 00000KT 10SM FEW065 FEW150 BKN250 27/18 A3001 RMK AO2 SLP156 CB DSNT NE-SE T02720183
MSN,2023-06-01 23:53,10.00,11000.00,KMSN 012353Z 00000KT 10SM FEW110 BKN160 BKN250 26/21 A3003 RMK AO2 SLP163 60065 T02610206 10317 20211 53002
MSN,2023-06-02 00:53,10.00,6000.00,KMSN 020053Z 17009KT 10SM FEW060 FEW110 SCT160 BKN250 26/18 A3005 RMK AO2 SLP170 CB DSNT NE T02610178
MSN,2023-06-02 01:53,10.00,11000.00,KMSN 020153Z 20003KT 10SM FEW110 BKN250 24/17 A3005 RMK AO2 LTG DSNT N SLP170 T02440167
MSN,2023-06-02 02:53,10.00,11000.00,KMSN 020253Z 00000KT 10SM SCT110 BKN250 21/18 A3007 RMK AO2 SLP176 T02060178 51013
MSN,2023-06-02 03:53,10.00,13000.00,KMSN 020353Z 00000KT 10SM FEW130 BKN250 19/17 A3007 RMK AO2 SLP176 LAST T01940172
MSN,2023-06-02 04:53,10.00,M,KMSN 020453Z AUTO 00000KT 10SM CLR 19/17 A3007 RMK AO2 SLP176 T01890172
MSN,2023-06-02 05:53,10.00,M,KMSN 020553Z AUTO 18004KT 10SM CLR 21/17 A3008 RMK AO2 SLP180 T02110172 10267 20189 403170161 53005
MSN,2023-06-02 06:53,8.00,M,KMSN 020653Z AUTO 00000KT 8SM CLR 18/17 A3008 RMK AO2 SLP182 T01830172
MSN,2023-06-02 07:53,3.00,M,KMSN 020753Z AUTO 00000KT 3SM BR CLR 18/17 A3007 RMK AO2 SLP179 T01780167
MSN,2023-06-02 08:53,5.00,M,KMSN 020853Z AUTO 00000KT 5SM BR CLR 17/16 A3007 RMK AO2 SLP179 T01720161 58004
MSN,2023-06-02 09:53,3.00,M,KMSN 020953Z AUTO 00000KT 3SM BR CLR 17/16 A3008 RMK AO2 SLP182 T01720161
MSN,2023-06-02 10:53,6.00,12000.00,KMSN 021053Z 00000KT 6SM BR SCT120 BKN250 17/16 A3009 RMK AO2 SLP187 T01670156
MSN,2023-06-02 11:53,7.00,12000.00,KMSN 021153Z 00000KT 7SM FEW120 BKN250 20/17 A3010 RMK AO2 SLP186 70065 T02000172 10211 20167 51008
MSN,2023-06-02 12:53,10.00,11000.00,KMSN 021253Z 00000KT 10SM FEW110 BKN250 22/17 A3011 RMK AO2 SLP189 T02220172
MSN,2023-06-02 13:53,10.00,11000.00,KMSN 021353Z 00000KT 10SM FEW110 BKN250 24/17 A3010 RMK AO2 SLP189 T02440172
MSN,2023-06-02 14:53,10.00,25000.00,KMSN 021453Z 00000KT 10SM BKN250 27/17 A3010 RMK AO2 SLP188 T02670167 50002
MSN,2023-06-02 15:53,10.00,25000.00,KMSN 021553Z 17004KT 10SM BKN250 28/16 A3009 RMK AO2 SLP185 T02780161
MSN,2023-06-02 16:53,10.00,5500.00,KMSN 021653Z 00000KT 10SM FEW055 SCT250 29/15 A3008 RMK AO2 SLP182 T02940150
MSN,2023-06-02 17:53,10.00,6000.00,KMSN 021753Z 17006KT 10SM SCT060 SCT250 31/16 A3007 RMK AO2 SLP177 T03060161 10311 20200 58010
MSN,2023-06-02 18:53,10.00,6500.00,KMSN 021853Z 12003KT 10SM SCT065TCU BKN250 31/15 A3005 RMK AO2 SLP170 TCU OHD T03060150
MSN,2023-06-02 19:53,10.00,7000.00,KMSN 021953Z 13007KT 10SM SCT070TCU BKN250 31/16 A3002 RMK AO2 SLP161 TCU OHD T03060161
MSN,2023-06-02 20:53,10.00,7000.00,KMSN 022053Z 11008KT 080V140 10SM SCT070TCU SCT085 BKN250 31/15 A3001 RMK AO2 SLP155 TCU OHD T03110150 56022
MSN,2023-06-02 21:53,10.00,7500.00,KMSN 022153Z 12010KT 10SM SCT075 SCT090 BKN150 BKN250 32/14 A3000 RMK AO2 SLP153 T03170144
MSN,2023-06-02 22:53,10.00,8000.00,KMSN 022253Z 13006KT 10SM FEW080 SCT160 BKN250 31/14 A3000 RMK AO2 SLP152 CB DSNT NW T03060139
MSN,2023-06-02 23:53,10.00,8000.00,KMSN 022353Z 01005KT 10SM SCT080 SCT160 BKN250 27/17 A3001 RMK AO2 SLP156 T02720172 10317 20272 53000
MSN,2023-06-03 00:53,10.00,8500.00,KMSN 030053Z 00000KT 10SM FEW085 BKN250 25/18 A3002 RMK AO2 SLP160 T02500178
MSN,2023-06-03 01:53,10.00,18000.00,KMSN 030153Z 35004KT 10SM SCT180 BKN250 23/17 A3004 RMK AO2 SLP166 T02280172
MSN,2023-06-03 02:53,10.00,25000.00,KMSN 030253Z 00000KT 10SM BKN250 23/14 A3005 RMK AO2 SLP168 T02280144 51013
MSN,2023-06-03 03:53,10.00,25000.00,KMSN 030353Z 00000KT 10SM SCT250 19/14 A3005 RMK AO2 SLP169 LAST T01940139
MSN,2023-06-03 04:53,10.00,M,KMSN 030453Z AUTO 00000KT 10SM CLR 18/14 A3004 RMK AO2 SLP169 T01830139
MSN,2023-06-03 05:53,10.00,M,KMSN 030553Z AUTO 02003KT 10SM CLR 19/12 A3004 RMK AO2 SLP166 T01940117 10278 20178 403170167 58002
MSN,2023-06-03 06:53,10.00,M,KMSN 030653Z AUTO 00000KT 10SM CLR 17/13 A3004 RMK AO2 SLP168 T01670128
MSN,2023-06-03 07:53,10.00,M,KMSN 030753Z AUTO 33003KT 10SM CLR 16/12 A3004 RMK AO2 SLP167 T01610122
MSN,2023-06-03 08:53,10.00,M,KMSN 030853Z AUTO 00000KT 10SM CLR 16/12 A3004 RMK AO2 SLP167 T01610122 50000
MSN,2023-06-03 09:53,10.00,M,KMSN 030953Z AUTO 00000KT 10SM CLR 15/12 A3005 RMK AO2 SLP170 T01500117
MSN,2023-06-03 10:53,10.00,25000.00,KMSN 031053Z 34003KT 10SM FEW250 16/12 A3007 RMK AO2 SLP177 T01610122
MSN,2023-06-03 11:53,10.00,25000.00,KMSN 031153Z 00000KT 10SM FEW250 19/14 A3007 RMK AO2 SLP176 T01890144 10194 20144 50008
MSN,2023-06-03 12:53,10.00,25000.00,KMSN 031253Z 00000KT 10SM FEW250 22/15 A3008 RMK AO2 SLP179 T02220150
MSN,2023-06-03 13:53,10.00,25000.00,KMSN 031353Z 00000KT 10SM FEW250 25/14 A3008 RMK AO2 SLP182 T02500144
MSN,2023-06-03 14:53,10.00,25000.00,KMSN 031453Z 00000KT 10SM FEW250 27/12 A3008 RMK AO2 SLP180 T02670117 50004
MSN,2023-06-03 15:53,10.00,25000.00,KMSN 031553Z 00000KT 10SM FEW250 29/12 A3008 RMK AO2 SLP179 T02890117
MSN,2023-06-03 16:53,10.00,10000.00,KMSN 031653Z 00000KT 10SM FEW100 FEW250 31/13 A3008 RMK AO2 SLP180 T03060128
MSN,2023-06-03 17:53,10.00,7000.00,KMSN 031753Z 03005KT 10SM FEW070 SCT085 SCT250 31/13 A3007 RMK AO2 SLP175 T03110133 10317 20189 58004
MSN,2023-06-03 18:53,10.00,8500.00,KMSN 031853Z 04005KT 10SM BKN085 BKN250 32/11 A3005 RMK AO2 SLP171 T03220111
MSN,2023-06-03 19:53,10.00,9500.00,KMSN 031953Z 09007KT 10SM SCT095 SCT110 BKN250 32/12 A3004 RMK AO2 SLP166 T03220117
MSN,2023-06-03 20:53,10.00,9000.00,KMSN 032053Z 06012KT 10SM SCT090TCU SCT110 BKN250 31/12 A3002 RMK AO2 SLP160 TCU W T03110117 57015
MSN,2023-06-03 21:53,10.00,8500.00,KMSN 032153Z 08012KT 10SM FEW085 FEW110 BKN250 30/12 A3002 RMK AO2 SLP161 T03000117
MSN,2023-06-03 22:53,10.00,9500.00,KMSN 032253Z 07015G21KT 10SM FEW095 SCT210 BKN250 30/13 A3002 RMK AO2 SLP160 T03000133
MSN,2023-06-03 23:53,10.00,21000.00,KMSN 032353Z 08009KT 10SM SCT210 BKN250 29/14 A3002 RMK AO2 SLP160 T02890139 10328 20289 55000
MSN,2023-06-04 00:53,10.00,25000.00,KMSN 040053Z 07014KT 10SM BKN250 27/14 A3003 RMK AO2 SLP163 T02720144
MSN,2023-06-04 01:53,10.00,20000.00,KMSN 040153Z 08008KT 10SM FEW200 BKN250 26/14 A3004 RMK AO2 SLP166 T02560139
MSN,2023-06-04 02:53,10.00,25000.00,KMSN 040253Z 06006KT 10SM BKN250 23/14 A3005 RMK AO2 SLP169 T02280139 52009
MSN,2023-06-04 03:53,10.00,25000.00,KMSN 040353Z 07005KT 10SM BKN250 22/14 A3005 RMK AO2 SLP171 LAST T02170139
MSN,2023-06-04 04:53,10.00,M,KMSN 040453Z AUTO 05005KT 10SM CLR 21/13 A3006 RMK AO2 SLP173 T02110128
MSN,2023-06-04 05:53,10.00,M,KMSN 040553Z AUTO 34004KT 10SM CLR 19/13 A3006 RMK AO2 SLP173 T01940128 10289 20194 403280144 51004
MSN,2023-06-04 06:53,10.00,M,KMSN 040653Z AUTO 36005KT 10SM CLR 19/12 A3007 RMK AO2 SLP175 T01940117
MSN,2023-06-04 07:53,8.00,M,KMSN 040753Z AUTO 33004KT 8SM CLR 18/11 A3007 RMK AO2 SLP176 T01780111
MSN,2023-06-04 08:53,7.00,M,KMSN 040853Z AUTO 35003KT 7SM CLR 17/11 A3007 RMK AO2 SLP177 T01720111 51003
MSN,2023-06-04 09:53,6.00,M,KMSN 040953Z AUTO 36006KT 6SM HZ CLR 17/11 A3007 RMK AO2 SLP178 T01670111
MSN,2023-06-04 10:53,5.00,25000.00,KMSN 041053Z 02005KT 5SM HZ FEW250 17/12 A3008 RMK AO2 SLP181 T01670117
MSN,2023-06-04 11:53,5.00,25000.00,KMSN 041153Z 36003KT 5SM HZ FEW250 18/13 A3009 RMK AO2 SLP183 T01780128 10200 20161 53006
MSN,2023-06-04 12:53,5.00,M,KMSN 041253Z 05008KT 5SM HZ CLR 20/12 A3010 RMK AO2 SLP188 T02000122
MSN,2023-06-04 13:53,5.00,M,KMSN 041353Z 08008KT 5SM HZ CLR 21/13 A3011 RMK AO2 SLP189 T02110128
MSN,2023-06-04 14:53,5.00,M,KMSN 041453Z 03007KT 5SM HZ CLR 23/13 A3011 RMK AO2 SLP191 T02280133 51007
MSN,2023-06-04 15:53,5.00,M,KMSN 041553Z 06006KT 5SM HZ CLR 24/14 A3011 RMK AO2 SLP191 T02440139
MSN,2023-06-04 16:53,6.00,M,KMSN 041653Z 10008KT 6SM HZ CLR 26/14 A3010 RMK AO2 SLP189 T02560139
MSN,2023-06-04 17:53,6.00,M,KMSN 041753Z 11006KT 6SM HZ CLR 27/13 A3009 RMK AO2 SLP185 T02670133 10278 20178 58006
MSN,2023-06-04 18:53,6.00,M,KMSN 041853Z 09007KT 6SM HZ CLR 28/12 A3008 RMK AO2 SLP180 T02780122
MSN,2023-06-04 19:53,6.00,M,KMSN 041953Z 06007KT 6SM HZ CLR 28/12 A3007 RMK AO2 SLP175 T02780122
MSN,2023-06-04 20:53,7.00,21000.00,KMSN 042053Z 08008KT 7SM FEW210 28/12 A3006 RMK AO2 SLP173 T02780117 56011
MSN,2023-06-04 21:53,7.00,M,KMSN 042153Z 09010KT 7SM CLR 27/11 A3004 RMK AO2 SLP168 T02670106
MSN,2023-06-04 22:53,9.00,6000.00,KMSN 042253Z 11010KT 9SM FEW060 25/09 A3004 RMK AO2 SLP169 T02500089
MSN,2023-06-04 23:53,10.00,M,KMSN 042353Z 10009KT 10SM CLR 23/07 A3006 RMK AO2 SLP176 T02330072 10289 20233 53001
MSN,2023-06-05 00:53,10.00,25000.00,KMSN 050053Z 14005KT 10SM FEW250 22/07 A3006 RMK AO2 SLP174 T02170072
MSN,2023-06-05 01:53,10.00,M,KMSN 050153Z 03003KT 10SM CLR 19/08 A3007 RMK AO2 SLP179 T01940083
MSN,2023-06-05 02:53,10.00,25000.00,KMSN 050253Z 00000KT 10SM FEW250 17/08 A3009 RMK AO2 SLP185 T01670083 53009
MSN,2023-06-05 03:53,10.00,M,KMSN 050353Z 00000KT 10SM CLR 16/09 A3008 RMK AO2 SLP184 LAST T01560094
MSN,2023-06-05 04:53,10.00,M,KMSN 050453Z AUTO 35003KT 10SM CLR 14/09 A3008 RMK AO2 SLP184 T01390094
MSN,2023-06-05 05:53,9.00,M,KMSN 050553Z AUTO 00000KT 9SM CLR 13/09 A3008 RMK AO2 SLP184 T01280094 10233 20128 402890128 56001
MSN,2023-06-05 06:53,9.00,M,KMSN 050653Z AUTO 00000KT 9SM CLR 13/09 A3007 RMK AO2 SLP180 T01330094
MSN,2023-06-05 07:53,8.00,M,KMSN 050753Z AUTO 00000KT 8SM CLR 12/09 A3007 RMK AO2 SLP181 T01170094
MSN,2023-06-05 08:53,8.00,M,KMSN 050853Z AUTO 00000KT 8SM CLR 12/10 A3008 RMK AO2 SLP183 T01170100 55001
MSN,2023-06-05 09:53,7.00,M,KMSN 050953Z AUTO 32003KT 7SM CLR 11/09 A3009 RMK AO2 SLP187 T01110089
MSN,2023-06-05 10:53,6.00,25000.00,KMSN 051053Z 00000KT 6SM BR BKN250 11/09 A3010 RMK AO2 SLP190 T01110094
MSN,2023-06-05 11:53,6.00,25000.00,KMSN 051153Z 00000KT 6SM BR BKN250 13/11 A3010 RMK AO2 SLP192 T01330111 10133 20106 51008
MSN,2023-06-05 12:53,7.00,23000.00,KMSN 051253Z 00000KT 7SM BKN230 18/11 A3011 RMK AO2 SLP193 T01780106
MSN,2023-06-05 13:53,8.00,17000.00,KMSN 051353Z 00000KT 8SM BKN170 BKN250 19/12 A3012 RMK AO2 SLP196 T01890117
MSN,2023-06-05 14:53,9.00,17000.00,KMSN 051453Z 00000KT 9SM BKN170 23/11 A3011 RMK AO2 SLP193 T02280111 50001
MSN,2023-06-05 15:53,10.00,13000.00,KMSN 051553Z 00000KT 10SM FEW130 FEW250 26/07 A3010 RMK AO2 SLP188 T02560067
MSN,2023-06-05 16:53,10.00,13000.00,KMSN 051653Z VRB03KT 10SM FEW130 26/07 A3009 RMK AO2 SLP185 T02610072
MSN,2023-06-05 17:53,10.00,M,KMSN 051753Z VRB03KT 10SM CLR 27/07 A3007 RMK AO2 SLP181 T02670067 10272 20133 57012
MSN,2023-06-05 18:53,10.00,M,KMSN 051853Z VRB04KT 10SM CLR 28/07 A3006 RMK AO2 SLP177 T02780067
MSN,2023-06-05 19:53,10.00,M,KMSN 051953Z 00000KT 10SM CLR 28/08 A3005 RMK AO2 SLP171 T02830083
MSN,2023-06-05 20:53,10.00,M,KMSN 052053Z 31004KT 10SM CLR 29/10 A3004 RMK AO2 SLP168 T02940100 57013
MSN,2023-06-05 21:53,10.00,25000.00,KMSN 052153Z 26004KT 10SM FEW250 29/09 A3002 RMK AO2 SLP162 T02890089
MSN,2023-06-05 22:53,10.00,M,KMSN 052253Z 30004KT 10SM CLR 29/10 A3001 RMK AO2 SLP160 T02890100
MSN,2023-06-05 23:53,7.00,M,KMSN 052353Z 34004KT 7SM CLR 27/12 A3001 RMK AO2 SLP157 T02720117 10300 20267 56010
MSN,2023-06-06 00:53,6.00,25000.00,KMSN 060053Z 34004KT 6SM HZ FEW250 26/12 A3000 RMK AO2 SLP154 T02560117
MSN,2023-06-06 01:53,7.00,25000.00,KMSN 060153Z 00000KT 7SM FEW250 22/13 A3000 RMK AO2 SLP157 T02170128
MSN,2023-06-06 02:53,7.00,M,KMSN 060253Z 00000KT 7SM CLR 20/12 A3001 RMK AO2 SLP157 T02000117 53001
MSN,2023-06-06 03:53,9.00,M,KMSN 060353Z 11005KT 9SM CLR 22/11 A3002 RMK AO2 SLP159 LAST T02220111
MSN,2023-06-06 04:53,10.00,M,KMSN 060453Z AUTO 10004KT 10SM CLR 21/11 A3003 RMK AO2 SLP163 T02060111
MSN,2023-06-06 05:53,10.00,M,KMSN 060553Z AUTO 12004KT 10SM CLR 21/09 A3002 RMK AO2 SLP161 T02060094 10272 20194 403000106 50005
MSN,2023-06-06 06:53,9.00,M,KMSN 060653Z AUTO 00000KT 9SM CLR 18/09 A3001 RMK AO2 SLP158 T01830094
MSN,2023-06-06 07:53,9.00,12000.00,KMSN 060753Z AUTO 00000KT 9SM BKN120 18/09 A3002 RMK AO2 SLP159 T01830089
MSN,2023-06-06 08:53,9.00,12000.00,KMSN 060853Z AUTO 06004KT 9SM BKN120 16/09 A3001 RMK AO2 SLP158 T01610094 56003
MSN,2023-06-06 09:53,9.00,11000.00,KMSN 060953Z AUTO 00000KT 9SM SCT110 16/09 A3001 RMK AO2 SLP158 T01610094
MSN,2023-06-06 10:53,8.00,13000.00,KMSN 061053Z 00000KT 8SM BKN130 17/09 A3000 RMK AO2 SLP155 T01670094
MSN,2023-06-06 11:53,7.00,9000.00,KMSN 061153Z 00000KT 7SM FEW090 BKN130 18/11 A3001 RMK AO2 SLP155 T01830111 10206 20156 56003
MSN,2023-06-06 12:53,6.00,9000.00,KMSN 061253Z 08005KT 6SM FU FEW090 SCT130 BKN250 20/12 A3000 RMK AO2 SLP152 T02000122
MSN,2023-06-06 13:53,7.00,13000.00,KMSN 061353Z 08007KT 7SM OVC130 21/12 A2999 RMK AO2 SLP152 T02060122
MSN,2023-06-06 14:53,7.00,6000.00,KMSN 061453Z 05014G19KT 7SM FEW060 BKN120 OVC200 19/13 A3001 RMK AO2 LTG DSNT E SLP158 T01940128 53001
MSN,2023-06-06 15:53,6.00,6000.00,KMSN 061553Z COR VRB03KT 6SM -RA SCT060 BKN075 BKN110 BKN220 18/14 A2999 RMK AO2 SLP151 TSB11E43 RAB14 P0006 T01780144
MSN,2023-06-06 16:53,5.00,7500.00,KMSN 061653Z 00000KT 5SM FU SCT075 BKN100 BKN140 20/16 A2998 RMK AO2 RAE21 SLP149 P0001 T02000156
MSN,2023-06-06 17:53,6.00,2700.00,KMSN 061753Z 35004KT 6SM FU SCT027 SCT085 BKN110 BKN140 23/16 A2997 RMK AO2 SLP145 60007 T02280161 10228 20172 58004
MSN,2023-06-06 18:53,5.00,2700.00,KMSN 061853Z 35005KT 5SM FU SCT027 OVC075 23/17 A2996 RMK AO2 SLP141 T02280167
MSN,2023-06-06 19:53,6.00,3100.00,KMSN 061953Z VRB03KT 6SM HZ FEW031 BKN095 24/16 A2994 RMK AO2 SLP134 T02440161
MSN,2023-06-06 20:53,6.00,3100.00,KMSN 062053Z 33003KT 6SM HZ BKN031 OVC039 24/16 A2993 RMK AO2 SLP131 T02390161 56015
MSN,2023-06-06 21:53,6.00,3200.00,KMSN 062153Z 07003KT 6SM HZ BKN032 OVC042 23/16 A2993 RMK AO2 SLP131 T02330161
MSN,2023-06-06 22:53,7.00,4100.00,KMSN 062253Z 07006KT 7SM FEW041 OVC070 23/14 A2991 RMK AO2 SLP126 T02330139
MSN,2023-06-06 23:53,8.00,6500.00,KMSN 062353Z 04009KT 8SM BKN065 BKN250 23/13 A2991 RMK AO2 SLP123 T02330128 10244 20222 58007
MSN,2023-06-07 00:53,10.00,6000.00,KMSN 070053Z 08011KT 10SM SCT060 BKN080 OVC120 22/14 A2992 RMK AO2 SLP126 T02170139
MSN,2023-06-07 01:53,10.00,7500.00,KMSN 070153Z 08006KT 10SM OVC075 21/12 A2992 RMK AO2 SLP128 T02060117
MSN,2023-06-07 02:53,10.00,7500.00,KMSN 070253Z 09010KT 10SM BKN075 OVC100 19/10 A2994 RMK AO2 SLP134 T01940100 53010
MSN,2023-06-07 03:53,10.00,6500.00,KMSN 070353Z 08007KT 10SM BKN065 OVC080 18/07 A2995 RMK AO2 SLP138 LAST T01830072
MSN,2023-06-07 04:53,10.00,7000.00,KMSN 070453Z AUTO 06005KT 10SM OVC070 17/04 A2995 RMK AO2 SLP139 T01720039
MSN,2023-06-07 05:53,10.00,7500.00,KMSN 070553Z AUTO 07008KT 10SM BKN075 16/04 A2995 RMK AO2 SLP138 T01610039 10233 20156 402440156 50003
MSN,2023-06-07 06:53,10.00,M,KMSN 070653Z AUTO 05005KT 10SM CLR 15/05 A2994 RMK AO2 SLP136 T01500050
MSN,2023-06-07 07:53,10.00,6000.00,KMSN 070753Z AUTO 36004KT 10SM BKN060 14/06 A2994 RMK AO2 SLP136 T01390056
MSN,2023-06-07 08:53,10.00,M,KMSN 070853Z AUTO 36005KT 10SM CLR 13/06 A2994 RMK AO2 SLP137 T01330056 56002
MSN,2023-06-07 09:53,10.00,M,KMSN 070953Z AUTO 01005KT 10SM CLR 13/06 A2994 RMK AO2 SLP137 T01330061
MSN,2023-06-07 10:53,10.00,12000.00,KMSN 071053Z 02004KT 10SM BKN120 14/07 A2995 RMK AO2 SLP139 T01390072
MSN,2023-06-07 11:53,10.00,12000.00,KMSN 071153Z 05009KT 10SM FEW120 SCT250 14/07 A2996 RMK AO2 SLP144 70007 T01440067 10161 20128 53007
MSN,2023-06-07 12:53,10.00,12000.00,KMSN 071253Z 06010KT 10SM SCT120 SCT250 16/06 A2996 RMK AO2 SLP144 T01610061
MSN,2023-06-07 13:53,10.00,12000.00,KMSN 071353Z 04006KT 10SM FEW120 18/07 A2996 RMK AO2 SLP141 T01780072
MSN,2023-06-07 14:53,10.00,25000.00,KMSN 071453Z 04007KT 10SM FEW250 19/07 A2995 RMK AO2 SLP140 T01940067 58003
MSN,2023-06-07 15:53,10.00,M,KMSN 071553Z 06010KT 10SM CLR 21/05 A2995 RMK AO2 SLP137 T02110050
MSN,2023-06-07 16:53,10.00,M,KMSN 071653Z 03011G16KT 10SM CLR 23/05 A2994 RMK AO2 SLP135 T02280050
MSN,2023-06-07 17:53,10.00,M,KMSN 071753Z 35007G18KT 10SM CLR 23/04 A2993 RMK AO2 SLP131 T02280039 10233 20144 58008
MSN,2023-06-07 18:53,10.00,M,KMSN 071853Z 04010G17KT 10SM CLR 24/04 A2991 RMK AO2 SLP125 T02390039
MSN,2023-06-07 19:53,10.00,5000.00,KMSN 071953Z 36008KT 10SM FEW050 24/05 A2990 RMK AO2 SLP121 T02440050
MSN,2023-06-07 20:53,10.00,5000.00,KMSN 072053Z 07007KT 10SM FEW050 24/03 A2989 RMK AO2 SLP119 T02390033 56013
MSN,2023-06-07 21:53,10.00,5000.00,KMSN 072153Z 01011KT 10SM FEW050 24/02 A2988 RMK AO2 SLP115 T02390022
MSN,2023-06-07 22:53,10.00,7000.00,KMSN 072253Z 04011KT 10SM FEW070 23/03 A2988 RMK AO2 SLP114 T02330028
MSN,2023-06-07 23:53,10.00,M,KMSN 072353Z 06012KT 10SM CLR 22/01 A2988 RMK AO2 SLP115 T02220011 10244 20222 55004
MSN,2023-06-08 00:53,10.00,25000.00,KMSN 080053Z 06008KT 10SM FEW250 19/M03 A2989 RMK AO2 SLP118 T01941028
MSN,2023-06-08 01:53,10.00,25000.00,KMSN 080153Z 12007KT 10SM FEW250 17/01 A2990 RMK AO2 SLP122 T01670011
MSN,2023-06-08 02:53,10.00,M,KMSN 080253Z 12005KT 10SM CLR 17/04 A2991 RMK AO2 SLP127 T01670039 53012
MSN,2023-06-08 03:53,10.00,M,KMSN 080353Z 00000KT 10SM CLR 14/04 A2992 RMK AO2 SLP130 LAST T01440044
MSN,2023-06-08 04:53,10.00,M,KMSN 080453Z AUTO 05004KT 10SM CLR 12/04 A2993 RMK AO2 SLP133 T01220044
MSN,2023-06-08 05:53,10.00,M,KMSN 080553Z AUTO 00000KT 10SM CLR 11/04 A2993 RMK AO2 SLP134 T01060039 10217 20100 402440100 51006
MSN,2023-06-08 06:53,10.00,M,KMSN 080653Z AUTO 04003KT 10SM CLR 11/03 A2993 RMK AO2 SLP132 T01110028
MSN,2023-06-08 07:53,10.00,M,KMSN 080753Z AUTO 07006KT 10SM CLR 09/03 A2992 RMK AO2 SLP132 T00940028
MSN,2023-06-08 08:53,10.00,M,KMSN 080853Z AUTO 01004KT 10SM CLR 10/03 A2994 RMK AO2 SLP138 T01000028 53003
MSN,2023-06-08 09:53,10.00,M,KMSN 080953Z AUTO 31003KT 10SM CLR 09/03 A2995 RMK AO2 SLP140 T00890033
MSN,2023-06-08 10:53,10.00,M,KMSN 081053Z 33003KT 10SM CLR 08/03 A2996 RMK AO2 SLP144 T00830033
MSN,2023-06-08 11:53,10.00,25000.00,KMSN 081153Z 01004KT 10SM FEW250 11/06 A2997 RMK AO2 SLP146 T01110056 10117 20078 51008
MSN,2023-06-08 12:53,10.00,25000.00,KMSN 081253Z 05006KT 10SM FEW250 16/04 A2997 RMK AO2 SLP145 T01560039
MSN,2023-06-08 13:53,10.00,25000.00,KMSN 081353Z 09008KT 10SM FEW250 18/02 A2997 RMK AO2 SLP147 T01780022
MSN,2023-06-08 14:53,10.00,25000.00,KMSN 081453Z 05006KT 10SM FEW250 19/03 A2996 RMK AO2 SLP144 T01940028 58001
MSN,2023-06-08 15:53,10.00,25000.00,KMSN 081553Z 09007KT 10SM FEW250 21/02 A2996 RMK AO2 SLP142 T02060022
MSN,2023-06-08 16:53,10.00,25000.00,KMSN 081653Z 03010G15KT 10SM FEW250 22/02 A2995 RMK AO2 SLP141 T02220022
MSN,2023-06-08 17:53,10.00,25000.00,KMSN 081753Z 05011G17KT 10SM FEW250 23/02 A2995 RMK AO2 SLP139 T02280022 10228 20111 56006
MSN,2023-06-08 18:53,10.00,25000.00,KMSN 081853Z 08011G14KT 10SM FEW250 23/03 A2993 RMK AO2 SLP135 T02330028
MSN,2023-06-08 19:53,10.00,25000.00,KMSN 081953Z 05011G15KT 10SM FEW250 24/03 A2992 RMK AO2 SLP130 T02390028
MSN,2023-06-08 20:53,10.00,25000.00,KMSN 082053Z 34007KT 10SM FEW250 24/02 A2991 RMK AO2 SLP127 T02440022 56012
MSN,2023-06-08 21:53,10.00,25000.00,KMSN 082153Z 36004KT 10SM FEW250 24/02 A2990 RMK AO2 SLP124 T02390017
MSN,2023-06-08 22:53,10.00,25000.00,KMSN 082253Z 36007KT 10SM FEW250 23/02 A2990 RMK AO2 SLP123 T02330022
MSN,2023-06-08 23:53,10.00,25000.00,KMSN 082353Z 36006KT 10SM FEW250 22/03 A2990 RMK AO2 SLP123 T02220033 10244 20217 56004
MSN,2023-06-09 00:53,10.00,M,KMSN 090053Z 35004KT 10SM CLR 20/03 A2990 RMK AO2 SLP123 T02000033
MSN,2023-06-09 01:53,10.00,M,KMSN 090153Z 00000KT 10SM CLR 17/04 A2991 RMK AO2 SLP126 T01670039
MSN,2023-06-09 02:53,10.00,M,KMSN 090253Z 18005KT 10SM CLR 18/03 A2993 RMK AO2 SLP131 T01780033 53009
MSN,2023-06-09 03:53,10.00,M,KMSN 090353Z 00000KT 10SM CLR 16/04 A2993 RMK AO2 SLP133 LAST T01610044
MSN,2023-06-09 04:53,10.00,M,KMSN 090453Z AUTO 00000KT 10SM CLR 12/05 A2994 RMK AO2 SLP137 T01170050
MSN,2023-06-09 05:53,10.00,M,KMSN 090553Z AUTO 00000KT 10SM CLR 11/06 A2994 RMK AO2 SLP137 T01060056 10222 20106 402440078 51005
MSN,2023-06-09 06:53,10.00,M,KMSN 090653Z AUTO 00000KT 10SM CLR 09/06 A2994 RMK AO2 SLP139 T00940056
MSN,2023-06-09 07:53,10.00,M,KMSN 090753Z AUTO 00000KT 10SM CLR 09/05 A2995 RMK AO2 SLP139 T00940050
MSN,2023-06-09 08:53,10.00,M,KMSN 090853Z AUTO 00000KT 10SM CLR 08/05 A2994 RMK AO2 SLP138 T00830050 50001
MSN,2023-06-09 09:53,10.00,M,KMSN 090953Z AUTO 00000KT 10SM CLR 07/06 A2995 RMK AO2 SLP141 T00720056
MSN,2023-06-09 10:53,10.00,25000.00,KMSN 091053Z 00000KT 10SM FEW250 08/06 A2996 RMK AO2 SLP145 T00780061
MSN,2023-06-09 11:53,10.00,25000.00,KMSN 091153Z 00000KT 10SM FEW250 12/07 A2997 RMK AO2 SLP146 T01170072 10117 20072 53007
MSN,2023-06-09 12:53,10.00,25000.00,KMSN 091253Z 00000KT 10SM FEW250 17/09 A2997 RMK AO2 SLP145 T01670089
MSN,2023-06-09 13:53,10.00,25000.00,KMSN 091353Z 00000KT 10SM FEW250 18/06 A2997 RMK AO2 SLP146 T01830061
MSN,2023-06-09 14:53,10.00,25000.00,KMSN 091453Z 00000KT 10SM SCT250 21/06 A2996 RMK AO2 SLP142 T02110061 58002
MSN,2023-06-09 15:53,10.00,25000.00,KMSN 091553Z VRB03KT 10SM SCT250 23/06 A2995 RMK AO2 SLP137 T02330056
MSN,2023-06-09 16:53,10.00,25000.00,KMSN 091653Z 28006KT 10SM SCT250 25/04 A2994 RMK AO2 SLP135 T02500039
MSN,2023-06-09 17:53,10.00,20000.00,KMSN 091753Z 00000KT 10SM FEW200 BKN250 26/04 A2992 RMK AO2 SLP130 T02560039 10256 20122 58013
MSN,2023-06-09 18:53,10.00,20000.00,KMSN 091853Z VRB04KT 10SM FEW200 BKN250 26/04 A2990 RMK AO2 SLP124 T02610044
MSN,2023-06-09 19:53,10.00,25000.00,KMSN 091953Z VRB04KT 10SM BKN250 26/03 A2989 RMK AO2 SLP118 T02610033
MSN,2023-06-09 20:53,10.00,9000.00,KMSN 092053Z 00000KT 10SM FEW090 BKN250 27/03 A2987 RMK AO2 SLP114 T02670033 56016
MSN,2023-06-09 21:53,10.00,9500.00,KMSN 092153Z 32007KT 10SM FEW095 FEW220 27/03 A2986 RMK AO2 SLP110 T02670033
MSN,2023-06-09 22:53,10.00,25000.00,KMSN 092253Z 22006KT 10SM FEW250 26/04 A2985 RMK AO2 SLP104 T02610044
MSN,2023-06-09 23:53,10.00,25000.00,KMSN 092353Z VRB03KT 10SM FEW250 26/06 A2983 RMK AO2 SLP098 T02560056 10272 20250 58015
MSN,2023-06-10 00:53,10.00,M,KMSN 100053Z 28003KT 10SM CLR 24/05 A2983 RMK AO2 SLP096 T02440050
MSN,2023-06-10 01:53,10.00,9500.00,KMSN 100153Z 00000KT 10SM FEW095 19/07 A2982 RMK AO2 SLP095 T01890072
MSN,2023-06-10 02:53,10.00,M,KMSN 100253Z 00000KT 10SM CLR 18/07 A2983 RMK AO2 SLP098 T01780067 53001
MSN,2023-06-10 03:53,10.00,M,KMSN 100353Z 00000KT 10SM CLR 17/08 A2984 RMK AO2 SLP100 LAST T01670078
MSN,2023-06-10 04:53,10.00,M,KMSN 100453Z AUTO 21003KT 10SM CLR 18/11 A2983 RMK AO2 SLP097 T01780106
MSN,2023-06-10 05:53,10.00,M,KMSN 100553Z AUTO 23003KT 10SM CLR 16/09 A2982 RMK AO2 SLP095 T01610094 10261 20150 402720072 58003
MSN,2023-06-10 06:53,10.00,M,KMSN 100653Z AUTO 22004KT 10SM CLR 20/07 A2981 RMK AO2 SLP090 T02000067
MSN,2023-06-10 07:53,10.00,M,KMSN 100753Z AUTO 22004KT 10SM CLR 19/06 A2981 RMK AO2 SLP088 T01940056
MSN,2023-06-10 08:53,10.00,M,KMSN 100853Z AUTO VRB03KT 10SM CLR 19/05 A2980 RMK AO2 SLP086 T01890050 56007
MSN,2023-06-10 09:53,10.00,M,KMSN 100953Z AUTO 00000KT 10SM CLR 19/05 A2980 RMK AO2 SLP085 T01940050
MSN,2023-06-10 10:53,10.00,14000.00,KMSN 101053Z VRB04KT 10SM BKN140 BKN250 19/04 A2981 RMK AO2 SLP088 T01940044
MSN,2023-06-10 11:53,10.00,15000.00,KMSN 101153Z 00000KT 10SM SCT150 BKN250 19/06 A2980 RMK AO2 SLP086 T01940061 10200 20161 50000
MSN,2023-06-10 12:53,10.00,11000.00,KMSN 101253Z 00000KT 10SM FEW110 SCT150 BKN250 20/07 A2980 RMK AO2 SLP086 T02000067
MSN,2023-06-10 13:53,10.00,12000.00,KMSN 101353Z 27006KT 10SM SCT120 SCT250 23/07 A2981 RMK AO2 SLP089 T02280072
MSN,2023-06-10 14:53,10.00,11000.00,KMSN 101453Z 30006KT 10SM SCT110 BKN170 BKN250 24/07 A2981 RMK AO2 SLP089 T02440072 53002
MSN,2023-06-10 15:53,10.00,8500.00,KMSN 101553Z 32005KT 10SM FEW085 BKN170 BKN250 26/08 A2981 RMK AO2 SLP091 T02560083
MSN,2023-06-10 16:53,10.00,8500.00,KMSN 101653Z VRB06KT 10SM FEW085 FEW170 SCT250 27/09 A2980 RMK AO2 SLP086 T02670094
MSN,2023-06-10 17:53,10.00,7500.00,KMSN 101753Z VRB06KT 10SM FEW075 BKN150 BKN250 28/08 A2979 RMK AO2 SLP084 T02830083 10283 20194 58005
MSN,2023-06-10 18:53,10.00,8000.00,KMSN 101853Z 00000KT 10SM FEW080 SCT120 BKN160 BKN250 28/08 A2978 RMK AO2 SLP079 T02780083
MSN,2023-06-10 19:53,10.00,8000.00,KMSN 101953Z 00000KT 10SM FEW080 FEW120 SCT160 BKN250 27/08 A2976 RMK AO2 SLP072 T02670078
MSN,2023-06-10 20:53,10.00,8000.00,KMSN 102053Z 19006KT 10SM FEW080 SCT170 BKN250 27/08 A2975 RMK AO2 SLP067 T02670078 58015
MSN,2023-06-10 21:53,10.00,12000.00,KMSN 102153Z 25003KT 10SM BKN120 OVC180 26/08 A2975 RMK AO2 SLP068 T02610083
MSN,2023-06-10 22:53,10.00,8000.00,KMSN 102253Z 22003KT 10SM FEW080 BKN110 OVC180 26/10 A2975 RMK AO2 SLP069 T02610100 $
MSN,2023-06-10 23:53,10.00,7500.00,KMSN 102353Z VRB04KT 10SM SCT075 OVC120 25/09 A2976 RMK AO2 SLP073 T02500094 10283 20250 $
MSN,2023-06-11 00:53,10.00,8000.00,KMSN 110053Z 33004KT 10SM SCT080 OVC120 23/09 A2978 RMK AO2 SLP078 T02330094 $
MSN,2023-06-11 01:53,10.00,8500.00,KMSN 110153Z 03013KT 10SM FEW085 OVC120 20/13 A2979 RMK AO2 SLP084 T02000133 $
MSN,2023-06-11 02:53,10.00,8000.00,KMSN 110253Z 03009KT 10SM FEW080 OVC120 19/14 A2982 RMK AO2 SLP092 T01890139 53019 $
MSN,2023-06-11 03:53,10.00,13000.00,KMSN 110353Z 04013G18KT 10SM OVC130 19/13 A2981 RMK AO2 SLP088 LAST T01890133 $
MSN,2023-06-11 04:53,10.00,10000.00,KMSN 110453Z 08011KT 10SM OVC100 19/11 A2981 RMK AO2 SLP090 T01890106 $
MSN,2023-06-11 05:53,10.00,10000.00,KMSN 110553Z 06010KT 10SM -RA OVC100 17/13 A2983 RMK AO2 RAB08E19B40 SLP094 P0000 60000 T01720128 10250 20172 402830172 53003 $
MSN,2023-06-11 06:53,9.00,1600.00,KMSN 110653Z 05011KT 9SM -RA BKN016 OVC090 15/13 A2985 RMK AO2 SLP102 P0001 T01500128 $
MSN,2023-06-11 07:53,10.00,1000.00,KMSN 110753Z 03015G22KT 10SM BKN010 OVC017 14/12 A2984 RMK AO2 RAE52 CIG 008V014 SLP102 P0002 T01390122 $
MSN,2023-06-11 08:53,10.00,1000.00,KMSN 110853Z 04012KT 10SM OVC010 13/12 A2984 RMK AO2 RAB03E48 CIG 007V012 SLP103 P0000 60003 T01280117 51006 $
MSN,2023-06-11 09:53,10.00,1000.00,KMSN 110953Z 04011KT 10SM -RA OVC010 12/11 A2986 RMK AO2 RAB0857 SLP107 P0001 T01220111 $
MSN,2023-06-11 10:53,10.00,1100.00,KMSN 111053Z 03014G19KT 10SM -RA SCT011 OVC019 12/10 A2987 RMK AO2 SLP112 P0001 T01170100 $
MSN,2023-06-11 11:53,10.00,900.00,KMSN 111153Z 02010KT 10SM -RA OVC009 12/10 A2987 RMK AO2 SLP112 CIG 007V016 P0001 60006 70006 T01170100 10172 20117 51008 $
MSN,2023-06-11 12:53,10.00,900.00,KMSN 111253Z 02012KT 10SM -RA BKN009 OVC021 11/09 A2989 RMK AO2 SLP119 CIG 007V012 P0000 T01060094 $
MSN,2023-06-11 13:53,3.00,900.00,KMSN 111353Z 02013KT 3SM -RA BKN009 OVC022 11/09 A2988 RMK AO2 SFC VIS 10 SLP119 CIG 006V017 P0005 T01060094 $
MSN,2023-06-11 14:53,6.00,900.00,KMSN 111453Z 02012KT 6SM -RA BR OVC009 11/09 A2989 RMK AO2 RAE1354B48 SLP120 P0000 60005 T01110094 51005 $
MSN,2023-06-11 15:53,10.00,700.00,KMSN 111553Z 03014G21KT 10SM OVC007 11/09 A2989 RMK AO2 RAE10 SLP120 P0001 T01110094 $
MSN,2023-06-11 16:53,10.00,1000.00,KMSN 111653Z 03016G25KT 10SM OVC010 11/09 A2989 RMK AO2 SLP121 T01110089 $
MSN,2023-06-11 17:53,10.00,1300.00,KMSN 111753Z 03013KT 10SM OVC013 12/09 A2990 RMK AO2 SLP124 60006 T01170089 10117 20106 53003 $
MSN,2023-06-11 18:53,10.00,1500.00,KMSN 111853Z 36011KT 10SM OVC015 12/09 A2990 RMK AO2 SLP126 CIG 012V018 T01220094 $
MSN,2023-06-11 19:53,10.00,1700.00,KMSN 111953Z 01014G21KT 10SM OVC017 13/09 A2990 RMK AO2 SLP125 CIG 015V021 T01330089 $
MSN,2023-06-11 20:53,10.00,2100.00,KMSN 112053Z 02012G20KT 10SM BKN021 OVC027 13/09 A2990 RMK AO2 SLP125 T01330089 51001 $
MSN,2023-06-11 21:53,10.00,2300.00,KMSN 112153Z 02013G19KT 10SM BKN023 OVC039 13/08 A2991 RMK AO2 SLP130 T01330083 $
MSN,2023-06-11 22:53,10.00,2600.00,KMSN 112253Z 01014KT 10SM BKN026 OVC041 13/08 A2991 RMK AO2 SLP129 T01280078 $
MSN,2023-06-11 23:53,10.00,2600.00,KMSN 112353Z 01013KT 10SM FEW026 OVC037 13/08 A2992 RMK AO2 SLP133 T01280078 10144 20117 52006 $
MSN,2023-06-12 00:53,10.00,2900.00,KMSN 120053Z 03010KT 10SM OVC029 13/07 A2992 RMK AO2 SLP133 T01280067 $
MSN,2023-06-12 01:53,10.00,2800.00,KMSN 120153Z 35004KT 10SM SCT028 11/07 A2993 RMK AO2 SLP136 T01110067 $
MSN,2023-06-12 02:53,10.00,M,KMSN 120253Z 33003KT 10SM CLR 08/07 A2993 RMK AO2 SLP138 T00830067 53004 $
MSN,2023-06-12 03:53,10.00,M,KMSN 120353Z 32003KT 10SM CLR 08/07 A2992 RMK AO2 SLP137 LAST T00780067 $
MSN,2023-06-12 04:53,10.00,4600.00,KMSN 120453Z AUTO 00000KT 10SM FEW046 07/07 A2992 RMK AO2 SLP135 T00720067 $
MSN,2023-06-12 05:53,10.00,4300.00,KMSN 120553Z AUTO 00000KT 10SM BKN043 OVC050 07/07 A2991 RMK AO2 SLP131 T00720067 10128 20072 401670072 58008 $
MSN,2023-06-12 06:53,10.00,5000.00,KMSN 120653Z AUTO 00000KT 10SM OVC050 08/07 A2990 RMK AO2 SLP128 T00780067 $
MSN,2023-06-12 07:53,9.00,M,KMSN 120753Z AUTO 00000KT 9SM CLR 07/06 A2989 RMK AO2 SLP125 T00720061 $
MSN,2023-06-12 08:53,6.00,M,KMSN 120853Z AUTO 00000KT 6SM BR CLR 06/05 A2989 RMK AO2 SLP127 T00560050 55004 $
MSN,2023-06-12 09:53,1.25,M,KMSN 120953Z AUTO 00000KT 1 1/4SM BR CLR 04/03 A2990 RMK AO2 SLP129 T00440033 $
MSN,2023-06-12 10:53,4.00,3500.00,KMSN 121053Z 34003KT 4SM BR FEW035 05/04 A2991 RMK AO2 SLP133 VIS N-NE 1 T00500044 $
MSN,2023-06-12 11:53,5.00,3500.00,KMSN 121153Z 00000KT 5SM BR FEW035 07/06 A2992 RMK AO2 SLP133 70006 T00670061 10083 20033 51004 $
MSN,2023-06-12 12:53,10.00,4000.00,KMSN 121253Z 31004KT 10SM FEW040 11/07 A2992 RMK AO2 SLP132 T01060072
MSN,2023-06-12 13:53,10.00,15000.00,KMSN 121353Z 32007KT 10SM FEW150 SCT250 14/06 A2992 RMK AO2 SLP133 T01390061
MSN,2023-06-12 14:53,10.00,4500.00,KMSN 121453Z 35009KT 10SM FEW045 SCT150 BKN250 15/04 A2989 RMK AO2 SLP124 T01500039 58007
MSN,2023-06-12 15:53,10.00,11000.00,KMSN 121553Z VRB04KT 10SM SCT110 SCT250 17/04 A2986 RMK AO2 SLP114 T01670039
MSN,2023-06-12 16:53,10.00,11000.00,KMSN 121653Z VRB04KT 10SM SCT110 18/03 A2985 RMK AO2 SLP108 T01780033
MSN,2023-06-12 17:53,10.00,5500.00,KMSN 121753Z VRB04KT 10SM FEW055 BKN140 BKN250 18/04 A2982 RMK AO2 SLP098 T01830044 10183 20067 56025
MSN,2023-06-12 18:53,10.00,7000.00,KMSN 121853Z 22006KT 10SM SCT070 BKN085 BKN250 19/04 A2979 RMK AO2 SLP090 T01890044
MSN,2023-06-12 19:53,10.00,8000.00,KMSN 121953Z 30008KT 260V340 10SM FEW080 BKN100 OVC250 22/06 A2978 RMK AO2 SLP084 T02170056
MSN,2023-06-12 20:53,10.00,7500.00,KMSN 122053Z VRB04KT 10SM SCT075 BKN090 20/05 A2976 RMK AO2 SLP080 T02000050 56018
MSN,2023-06-12 21:53,10.00,7500.00,KMSN 122153Z 32007KT 10SM OVC075 19/04 A2977 RMK AO2 SLP081 T01940039
MSN,2023-06-12 22:53,10.00,7000.00,KMSN 122253Z 31009G22KT 10SM FEW070 SCT090 BKN250 18/05 A2977 RMK AO2 PK WND 32026/2210 SLP082 T01780050
MSN,2023-06-12 23:53,10.00,5500.00,KMSN 122353Z 32010G17KT 10SM SCT055 BKN120 17/05 A2976 RMK AO2 SLP077 T01670050 10217 20167 58002
MSN,2023-06-13 00:53,10.00,9000.00,KMSN 130053Z 31006KT 10SM BKN090 BKN100 16/06 A2975 RMK AO2 SLP073 T01560056
MSN,2023-06-13 01:53,10.00,7500.00,KMSN 130153Z 29006KT 10SM SCT075 BKN095 14/07 A2974 RMK AO2 SLP071 T01390072
MSN,2023-06-13 02:53,10.00,15000.00,KMSN 130253Z 30005KT 10SM BKN150 13/08 A2974 RMK AO2 SLP072 T01330078 55004
MSN,2023-06-13 03:53,10.00,7000.00,KMSN 130353Z 29004KT 10SM BKN070 BKN150 13/08 A2973 RMK AO2 SLP067 LAST T01330083
MSN,2023-06-13 04:53,10.00,6000.00,KMSN 130453Z AUTO 30005KT 10SM OVC060 13/09 A2972 RMK AO2 RAB10E35 SLP063 P0000 T01330089
MSN,2023-06-13 05:53,10.00,6000.00,KMSN 130553Z AUTO 00000KT 10SM OVC060 13/09 A2970 RMK AO2 SLP057 60000 T01330089 10167 20128 402170033 58013
MSN,2023-06-13 06:53,10.00,6000.00,KMSN 130653Z AUTO 32006KT 10SM BKN060 OVC080 13/08 A2970 RMK AO2 SLP055 T01330083
MSN,2023-06-13 07:53,10.00,2300.00,KMSN 130753Z AUTO 32006KT 10SM BKN023 OVC120 13/08 A2970 RMK AO2 SLP055 T01330083
MSN,2023-06-13 08:53,10.00,2200.00,KMSN 130853Z AUTO 31004KT 10SM -RA SCT022 OVC065 13/09 A2970 RMK AO2 RAB15 SLP054 P0000 60000 T01280094 56002
MSN,2023-06-13 09:53,10.00,2300.00,KMSN 130953Z AUTO 29003KT 10SM SCT023 OVC055 12/10 A2970 RMK AO2 RAE20 SLP055 P0000 T01170100
MSN,2023-06-13 10:53,8.00,1000.00,KMSN 131053Z VRB03KT 8SM FEW010 SCT021 BKN070 BKN250 12/10 A2969 RMK AO2 SLP053 T01170100
MSN,2023-06-13 11:53,10.00,1500.00,KMSN 131153Z 32006KT 10SM OVC015 12/10 A2969 RMK AO2 SLP054 60000 T01220100 10133 20117 58002
MSN,2023-06-13 12:53,10.00,1300.00,KMSN 131253Z 32003G15KT 10SM BKN013 BKN090 14/11 A2968 RMK AO2 SLP048 T01390106
MSN,2023-06-13 13:53,10.00,1700.00,KMSN 131353Z 32010KT 10SM BKN017 BKN043 15/11 A2967 RMK AO2 SLP047 T01500106
MSN,2023-06-13 14:53,10.00,1700.00,KMSN 131453Z 32008KT 10SM BKN017 OVC025 15/11 A2966 RMK AO2 SLP043 T01500111 56010
MSN,2023-06-13 15:53,10.00,1700.00,KMSN 131553Z VRB05KT 10SM -RA SCT017 BKN024 OVC042 15/13 A2966 RMK AO2 RAB15 SLP043 P0001 T01500128
MSN,2023-06-13 16:53,10.00,6000.00,KMSN 131653Z 31004KT 10SM -RA BKN060 OVC080 16/13 A2965 RMK AO2 SLP038 P0000 T01610128
MSN,2023-06-13 17:53,10.00,5500.00,KMSN 131753Z 28005KT 10SM BKN055 OVC070 17/13 A2963 RMK AO2 RAE18 SLP031 P0000 60001 T01720128 10172 20122 58011
MSN,2023-06-13 18:53,9.00,6000.00,KMSN 131853Z 30004KT 9SM -RA BKN060 OVC080 17/13 A2962 RMK AO2 RAB11 SLP029 P0000 T01720133
MSN,2023-06-13 19:53,10.00,5000.00,KMSN 131953Z 32008G14KT 10SM -RA BKN050 OVC060 20/12 A2961 RMK AO2 RAE33B50 SLP025 P0000 T02000122
MSN,2023-06-13 20:53,10.00,8000.00,KMSN 132053Z 29005KT 10SM -RA OVC080 19/14 A2960 RMK AO2 SLP021 P0001 60001 T01940144 58009
MSN,2023-06-13 21:53,4.00,4500.00,KMSN 132153Z 35009G17KT 4SM -RA SCT045 BKN055 OVC070 18/15 A2961 RMK AO2 SLP027 P0001 T01780150
MSN,2023-06-13 22:53,5.00,6000.00,KMSN 132253Z 32009G16KT 5SM -RA BR OVC060 17/14 A2962 RMK AO2 SLP030 P0005 T01670144
MSN,2023-06-13 23:53,10.00,5500.00,KMSN 132353Z 30010G18KT 10SM OVC055 17/13 A2962 RMK AO2 RAE53 SLP028 P0001 60008 T01720128 10200 20167 50006
MSN,2023-06-14 00:53,10.00,5500.00,KMSN 140053Z 30007G17KT 10SM OVC055 18/13 A2960 RMK AO2 SLP022 T01780128
MSN,2023-06-14 01:53,10.00,5500.00,KMSN 140153Z 31007KT 10SM BKN055 OVC200 18/12 A2960 RMK AO2 SLP022 T01830122
MSN,2023-06-14 02:53,10.00,6000.00,KMSN 140253Z 33006KT 10SM BKN060 BKN200 18/12 A2962 RMK AO2 SLP029 T01780117 53002
MSN,2023-06-14 03:53,10.00,25000.00,KMSN 140353Z 33004KT 10SM BKN250 17/11 A2962 RMK AO2 SLP029 LAST T01720111
MSN,2023-06-14 04:53,10.00,M,KMSN 140453Z AUTO 33003KT 10SM CLR 16/12 A2963 RMK AO2 SLP031 T01610117
MSN,2023-06-14 05:53,10.00,M,KMSN 140553Z AUTO 34004KT 10SM CLR 17/12 A2963 RMK AO2 SLP030 T01670117 10183 20156 402000117 50001
MSN,2023-06-14 06:53,10.00,M,KMSN 140653Z AUTO 00000KT 10SM CLR 15/12 A2963 RMK AO2 SLP031 T01500117
MSN,2023-06-14 07:53,9.00,M,KMSN 140753Z AUTO 00000KT 9SM CLR 14/12 A2963 RMK AO2 SLP033 T01390122
MSN,2023-06-14 08:53,8.00,10000.00,KMSN 140853Z AUTO 00000KT 8SM SCT100 14/12 A2963 RMK AO2 SLP031 T01390117 50001
MSN,2023-06-14 09:53,9.00,9000.00,KMSN 140953Z AUTO 00000KT 9SM OVC090 14/12 A2963 RMK AO2 SLP030 T01390122
MSN,2023-06-14 10:53,7.00,9500.00,KMSN 141053Z 00000KT 7SM BKN095 BKN250 13/12 A2964 RMK AO2 SLP037 T01330117
MSN,2023-06-14 11:53,7.00,9500.00,KMSN 141153Z 00000KT 7SM FEW095 SCT250 16/13 A2966 RMK AO2 SLP041 70009 T01610133 10167 20133 53009
MSN,2023-06-14 12:53,8.00,11000.00,KMSN 141253Z 04003KT 8SM FEW110 FEW250 18/13 A2968 RMK AO2 SLP048 T01830133
MSN,2023-06-14 13:53,8.00,25000.00,KMSN 141353Z 34003KT 8SM BKN250 20/13 A2968 RMK AO2 SLP048 T02000133
MSN,2023-06-14 14:53,7.00,12000.00,KMSN 141453Z 32003KT 7SM FEW120 BKN250 21/14 A2969 RMK AO2 SLP050 T02110139 51011
MSN,2023-06-14 15:53,7.00,25000.00,KMSN 141553Z 35005KT 7SM BKN250 23/14 A2969 RMK AO2 SLP049 T02280139
MSN,2023-06-14 16:53,6.00,25000.00,KMSN 141653Z VRB06KT 6SM FU BKN250 23/14 A2969 RMK AO2 SLP050 T02330139
MSN,2023-06-14 17:53,6.00,25000.00,KMSN 141753Z 34005KT 6SM FU BKN250 25/13 A2968 RMK AO2 SLP046 T02500133 10256 20161 58003
MSN,2023-06-14 18:53,5.00,25000.00,KMSN 141853Z VRB03KT 5SM FU BKN250 27/14 A2966 RMK AO2 SLP040 T02670139
MSN,2023-06-14 19:53,5.00,5000.00,KMSN 141953Z 01003KT 5SM FU FEW050 BKN250 27/13 A2966 RMK AO2 SLP040 T02670128
MSN,2023-06-14 20:53,5.00,5000.00,KMSN 142053Z VRB04KT 5SM FU FEW050 BKN250 28/13 A2966 RMK AO2 SLP040 T02780128 55006
MSN,2023-06-14 21:53,5.00,5000.00,KMSN 142153Z 01005KT 5SM FU FEW050 BKN250 28/13 A2966 RMK AO2 SLP037 T02780128
MSN,2023-06-14 22:53,5.00,25000.00,KMSN 142253Z 00000KT 5SM FU BKN250 27/13 A2965 RMK AO2 SLP036 T02720133
MSN,2023-06-14 23:53,4.00,25000.00,KMSN 142353Z 09006KT 4SM FU BKN250 25/15 A2966 RMK AO2 SLP039 T02500150 10278 20250 55002
MSN,2023-06-15 00:53,4.00,25000.00,KMSN 150053Z 13007KT 4SM FU BKN250 23/15 A2966 RMK AO2 SLP038 T02330150
MSN,2023-06-15 01:53,5.00,25000.00,KMSN 150153Z 14006KT 5SM FU BKN250 23/16 A2966 RMK AO2 SLP040 T02280156
MSN,2023-06-15 02:53,7.00,25000.00,KMSN 150253Z 17004KT 7SM BKN250 22/16 A2967 RMK AO2 SLP043 T02170156 53005
MSN,2023-06-15 03:53,7.00,25000.00,KMSN 150353Z 18004KT 7SM BKN250 21/15 A2967 RMK AO2 SLP043 LAST T02110150
MSN,2023-06-15 04:53,5.00,M,KMSN 150453Z AUTO 20003KT 5SM HZ CLR 19/15 A2967 RMK AO2 SLP043 T01890150
MSN,2023-06-15 05:53,5.00,M,KMSN 150553Z AUTO 17005KT 5SM HZ CLR 19/15 A2967 RMK AO2 SLP043 T01940150 10250 20178 402780133 58000
MSN,2023-06-15 06:53,5.00,M,KMSN 150653Z AUTO 19003KT 5SM HZ CLR 19/15 A2967 RMK AO2 SLP039 T01890150
MSN,2023-06-15 07:53,4.00,9500.00,KMSN 150753Z AUTO 00000KT 4SM BR FEW095 17/14 A2967 RMK AO2 SLP042 T01670144
MSN,2023-06-15 08:53,3.00,M,KMSN 150853Z AUTO 00000KT 3SM BR CLR 16/14 A2967 RMK AO2 SLP042 T01560144 56001
MSN,2023-06-15 09:53,2.00,3400.00,KMSN 150953Z AUTO 00000KT 2SM BR FEW034 14/14 A2968 RMK AO2 SLP045 T01440139
MSN,2023-06-15 10:53,4.00,3300.00,KMSN 151053Z 34003KT 4SM BR OVC033 15/14 A2969 RMK AO2 SLP050 T01500139
MSN,2023-06-15 11:53,4.00,4300.00,KMSN 151153Z 34007KT 4SM BR BKN043 16/13 A2971 RMK AO2 SLP056 T01560133 10194 20139 53013
MSN,2023-06-15 12:53,5.00,1100.00,KMSN 151253Z 36009KT 5SM FU FEW011 BKN250 17/14 A2973 RMK AO2 SLP062 T01670139
MSN,2023-06-15 13:53,3.00,800.00,KMSN 151353Z 34010G18KT 3SM FU BKN008 16/13 A2974 RMK AO2 SFC VIS 5 CIG 007V013 SLP068 T01610128
MSN,2023-06-15 14:53,6.00,1400.00,KMSN 151453Z 36012KT 6SM FU BKN014 18/13 A2974 RMK AO2 SLP067 T01780128 50011
MSN,2023-06-15 15:53,7.00,1800.00,KMSN 151553Z 03010KT 7SM BKN018 19/13 A2975 RMK AO2 SLP069 T01890133
MSN,2023-06-15 16:53,7.00,2000.00,KMSN 151653Z 35008KT 7SM SCT020 BKN250 19/13 A2975 RMK AO2 SLP071 T01940128
MSN,2023-06-15 17:53,8.00,3000.00,KMSN 151753Z 31010KT 8SM BKN030 21/13 A2975 RMK AO2 SLP070 T02110128 10217 20156 50001
MSN,2023-06-15 18:53,9.00,3800.00,KMSN 151853Z 34010G18KT 9SM SCT038 23/12 A2975 RMK AO2 SLP068 T02280122
MSN,2023-06-15 19:53,10.00,4500.00,KMSN 151953Z 02011G19KT 10SM FEW045 23/11 A2976 RMK AO2 SLP073 T02280106
MSN,2023-06-15 20:53,10.00,4500.00,KMSN 152053Z 35009G19KT 10SM FEW045 FEW250 22/09 A2976 RMK AO2 SLP075 T02220094 53004
MSN,2023-06-15 21:53,10.00,4500.00,KMSN 152153Z 34010KT 10SM FEW045 SCT250 21/09 A2977 RMK AO2 SLP079 T02110089
MSN,2023-06-15 22:53,10.00,M,KMSN 152253Z 04017G23KT 10SM CLR 19/09 A2979 RMK AO2 WSHFT 2218 SLP086 T01890094
MSN,2023-06-15 23:53,10.00,M,KMSN 152353Z 05013KT 10SM CLR 17/08 A2982 RMK AO2 SLP095 T01670083 10233 20167 53018
MSN,2023-06-16 00:53,10.00,4500.00,KMSN 160053Z 03015KT 10SM FEW045 15/07 A2984 RMK AO2 SLP104 T01500072
MSN,2023-06-16 01:53,10.00,25000.00,KMSN 160153Z 02010KT 10SM FEW250 13/07 A2987 RMK AO2 SLP113 T01330067
MSN,2023-06-16 02:53,10.00,M,KMSN 160253Z 03005KT 10SM CLR 11/06 A2990 RMK AO2 SLP125 T01060061 53027
MSN,2023-06-16 03:53,10.00,25000.00,KMSN 160353Z 35004KT 10SM FEW250 10/06 A2990 RMK AO2 SLP125 LAST T01000061
MSN,2023-06-16 04:53,10.00,M,KMSN 160453Z AUTO 36005KT 10SM CLR 10/06 A2990 RMK AO2 SLP126 T01000056
MSN,2023-06-16 05:53,10.00,M,KMSN 160553Z AUTO 00000KT 10SM CLR 09/06 A2990 RMK AO2 SLP126 T00940061 10167 20089 402330089 51002
MSN,2023-06-16 06:53,10.00,3300.00,KMSN 160653Z AUTO 35004KT 10SM BKN033 08/06 A2991 RMK AO2 SLP128 T00830056
MSN,2023-06-16 07:53,10.00,3200.00,KMSN 160753Z AUTO 30004KT 10SM OVC032 11/07 A2992 RMK AO2 SLP131 T01060072
MSN,2023-06-16 08:53,10.00,2900.00,KMSN 160853Z AUTO 32004KT 10SM OVC029 11/08 A2992 RMK AO2 SLP129 T01060078 50004
MSN,2023-06-16 09:53,10.00,1400.00,KMSN 160953Z AUTO 33004KT 10SM OVC014 11/08 A2994 RMK AO2 SLP136 T01060083
MSN,2023-06-16 10:53,10.00,1300.00,KMSN 161053Z 34005KT 10SM OVC013 12/09 A2995 RMK AO2 SLP141 T01170089
MSN,2023-06-16 11:53,10.00,1200.00,KMSN 161153Z 36006KT 10SM OVC012 12/10 A2996 RMK AO2 SLP148 T01220100 10122 20083 51016
MSN,2023-06-16 12:53,10.00,1400.00,KMSN 161253Z 02008KT 10SM OVC014 13/11 A2998 RMK AO2 SLP151 T01330106
MSN,2023-06-16 13:53,10.00,1400.00,KMSN 161353Z 04009KT 10SM OVC014 14/11 A2999 RMK AO2 SLP157 T01440106
MSN,2023-06-16 14:53,10.00,1600.00,KMSN 161453Z 08007KT 10SM OVC016 16/11 A3000 RMK AO2 SLP159 T01560111 51011
MSN,2023-06-16 15:53,10.00,1700.00,KMSN 161553Z VRB03KT 10SM OVC017 17/11 A3001 RMK AO2 SLP163 T01670111
MSN,2023-06-16 16:53,10.00,2000.00,KMSN 161653Z VRB05KT 10SM OVC020 17/11 A3001 RMK AO2 SLP161 T01720111
MSN,2023-06-16 17:53,10.00,2400.00,KMSN 161753Z 00000KT 10SM BKN024 19/12 A3001 RMK AO2 SLP162 T01890117 10189 20122 51003
MSN,2023-06-16 18:53,9.00,2800.00,KMSN 161853Z 09007KT 9SM BKN028 BKN036 20/12 A2999 RMK AO2 SLP156 T02000122
MSN,2023-06-16 19:53,10.00,2900.00,KMSN 161953Z VRB04KT 10SM FEW029 22/12 A2998 RMK AO2 SLP152 T02170117
MSN,2023-06-16 20:53,10.00,4300.00,KMSN 162053Z 07005KT 10SM FEW043 22/12 A2997 RMK AO2 SLP149 T02220122 56010
MSN,2023-06-16 21:53,10.00,4500.00,KMSN 162153Z 00000KT 10SM FEW045 23/12 A2997 RMK AO2 SLP148 T02280122
MSN,2023-06-16 22:53,10.00,M,KMSN 162253Z 00000KT 10SM CLR 23/12 A2997 RMK AO2 SLP145 T02330122
MSN,2023-06-16 23:53,10.00,M,KMSN 162353Z 33003KT 10SM CLR 23/12 A2997 RMK AO2 SLP145 T02280122 10233 20189 56002
MSN,2023-06-17 00:53,9.00,M,KMSN 170053Z 08006KT 9SM CLR 21/13 A2997 RMK AO2 SLP147 T02060128
MSN,2023-06-17 01:53,7.00,25000.00,KMSN 170153Z 00000KT 7SM FEW250 17/12 A2997 RMK AO2 SLP147 T01720122
MSN,2023-06-17 02:53,8.00,M,KMSN 170253Z 00000KT 8SM CLR 16/12 A2999 RMK AO2 SLP155 T01560122 53007
MSN,2023-06-17 03:53,6.00,25000.00,KMSN 170353Z 00000KT 6SM FU BKN250 14/12 A3000 RMK AO2 SLP157 LAST T01390122
MSN,2023-06-17 04:53,6.00,M,KMSN 170453Z AUTO 00000KT 6SM BR CLR 13/12 A3001 RMK AO2 SLP161 T01330117
MSN,2023-06-17 05:53,5.00,M,KMSN 170553Z AUTO 00000KT 5SM BR CLR 13/12 A3000 RMK AO2 SLP159 T01280117 10228 20128 402330083 50005
MSN,2023-06-17 06:53,3.00,M,KMSN 170653Z AUTO 00000KT 3SM BR CLR 12/11 A3001 RMK AO2 SLP160 T01170111
MSN,2023-06-17 07:53,1.75,M,KMSN 170753Z AUTO 00000KT 1 3/4SM BR CLR 12/11 A3000 RMK AO2 SLP157 T01170111
MSN,2023-06-17 08:53,1.25,M,KMSN 170853Z AUTO 00000KT 1 1/4SM BR CLR 11/10 A3000 RMK AO2 SLP156 T01060100 58004
MSN,2023-06-17 09:53,1.75,500.00,KMSN 170953Z AUTO 00000KT 1 3/4SM BR FEW005 10/09 A2999 RMK AO2 SLP155 T01000089
MSN,2023-06-17 10:53,5.00,25000.00,KMSN 171053Z 00000KT 5SM BCFG FEW250 09/09 A3000 RMK AO2 SLP157 VIS N-NE 3/4 T00940089
MSN,2023-06-17 11:53,3.00,25000.00,KMSN 171153Z 29003KT 3SM BR FEW250 12/11 A3002 RMK AO2 SLP162 T01220111 10122 20089 53006
MSN,2023-06-17 12:53,5.00,25000.00,KMSN 171253Z 00000KT 5SM BR FEW250 15/13 A3002 RMK AO2 SLP163 T01500128
MSN,2023-06-17 13:53,8.00,25000.00,KMSN 171353Z 00000KT 8SM FEW250 19/12 A3002 RMK AO2 SLP165 T01890122
MSN,2023-06-17 14:53,9.00,25000.00,KMSN 171453Z 26003KT 9SM FEW250 22/11 A3002 RMK AO2 SLP164 T02170111 50002
MSN,2023-06-17 15:53,8.00,25000.00,KMSN 171553Z VRB03KT 8SM FEW250 22/12 A3001 RMK AO2 SLP159 T02220122
MSN,2023-06-17 16:53,7.00,25000.00,KMSN 171653Z 16008KT 7SM FEW250 23/12 A2999 RMK AO2 SLP153 T02330117
MSN,2023-06-17 17:53,9.00,25000.00,KMSN 171753Z 17005KT 9SM FEW250 25/11 A2997 RMK AO2 SLP147 T02500106 10250 20122 58016
MSN,2023-06-17 18:53,8.00,25000.00,KMSN 171853Z 16007KT 8SM FEW250 26/09 A2995 RMK AO2 SLP139 T02610094
MSN,2023-06-17 19:53,7.00,M,KMSN 171953Z 16010KT 7SM CLR 27/10 A2993 RMK AO2 SLP133 T02670100
MSN,2023-06-17 20:53,7.00,25000.00,KMSN 172053Z 16005KT 7SM FEW250 27/09 A2992 RMK AO2 SLP128 T02670094 56018
MSN,2023-06-17 21:53,8.00,25000.00,KMSN 172153Z 12004KT 8SM FEW250 27/10 A2990 RMK AO2 SLP122 T02670100
MSN,2023-06-17 22:53,8.00,25000.00,KMSN 172253Z 13003KT 8SM FEW250 26/09 A2988 RMK AO2 SLP117 T02610094
MSN,2023-06-17 23:53,8.00,25000.00,KMSN 172353Z 18007KT 8SM FEW250 26/08 A2987 RMK AO2 SLP113 T02610078 10272 20244 56014
MSN,2023-06-18 00:53,7.00,25000.00,KMSN 180053Z 19005KT 7SM FEW250 25/09 A2987 RMK AO2 SLP113 T02500089
MSN,2023-06-18 01:53,8.00,25000.00,KMSN 180153Z 00000KT 8SM FEW250 21/09 A2988 RMK AO2 SLP113 T02110094
MSN,2023-06-18 02:53,7.00,25000.00,KMSN 180253Z 00000KT 7SM FEW250 18/10 A2988 RMK AO2 SLP116 T01780100 53003
MSN,2023-06-18 03:53,8.00,M,KMSN 180353Z 14007KT 8SM CLR 20/11 A2990 RMK AO2 SLP119 LAST T02000111
MSN,2023-06-18 04:53,8.00,M,KMSN 180453Z AUTO 16006KT 8SM CLR 19/10 A2990 RMK AO2 SLP120 T01940100
MSN,2023-06-18 05:53,9.00,M,KMSN 180553Z AUTO 17006KT 9SM CLR 19/09 A2989 RMK AO2 SLP118 T01890089 10261 20178 402720089 50003
MSN,2023-06-18 06:53,9.00,M,KMSN 180653Z AUTO 17005KT 9SM CLR 18/08 A2988 RMK AO2 SLP113 T01780078
MSN,2023-06-18 07:53,9.00,M,KMSN 180753Z AUTO 16006KT 9SM CLR 17/08 A2988 RMK AO2 SLP112 T01720083
MSN,2023-06-18 08:53,9.00,M,KMSN 180853Z AUTO 17005KT 9SM CLR 17/09 A2986 RMK AO2 SLP107 T01670089 58010
MSN,2023-06-18 09:53,9.00,M,KMSN 180953Z AUTO 12005KT 9SM CLR 16/09 A2983 RMK AO2 PRESFR SLP096 T01560094
MSN,2023-06-18 10:53,8.00,25000.00,KMSN 181053Z 19003KT 8SM BKN250 16/10 A2983 RMK AO2 SLP095 T01560100
MSN,2023-06-18 11:53,7.00,12000.00,KMSN 181153Z 16009KT 7SM FEW120 BKN250 18/10 A2984 RMK AO2 SLP102 T01780100 10189 20133 55006
MSN,2023-06-18 12:53,7.00,8000.00,KMSN 181253Z 18008KT 7SM FEW080 SCT100 BKN250 19/11 A2985 RMK AO2 SLP103 T01940111
MSN,2023-06-18 13:53,7.00,8000.00,KMSN 181353Z 16007KT 7SM FEW080 BKN150 OVC250 21/12 A2984 RMK AO2 SLP100 T02110122
MSN,2023-06-18 14:53,8.00,13000.00,KMSN 181453Z 15010KT 8SM BKN130 BKN170 OVC250 23/13 A2982 RMK AO2 SLP096 T02280133 58007
MSN,2023-06-18 15:53,10.00,14000.00,KMSN 181553Z 16011KT 10SM FEW140 BKN180 BKN250 25/12 A2981 RMK AO2 SLP088 T02500122
MSN,2023-06-18 16:53,10.00,14000.00,KMSN 181653Z 16014G18KT 10SM FEW140 SCT180 BKN250 27/12 A2980 RMK AO2 SLP086 T02670122
MSN,2023-06-18 17:53,10.00,16000.00,KMSN 181753Z 18012G20KT 10SM FEW160 BKN250 28/11 A2980 RMK AO2 SLP085 T02830106 10283 20178 56008
MSN,2023-06-18 18:53,10.00,16000.00,KMSN 181853Z 15014G22KT 10SM FEW160 BKN250 28/11 A2978 RMK AO2 SLP079 T02830106
MSN,2023-06-18 19:53,10.00,8500.00,KMSN 181953Z 16012KT 10SM BKN085 BKN160 BKN250 28/11 A2978 RMK AO2 PK WND 15027/1859 SLP078 T02830106
MSN,2023-06-18 20:53,9.00,8500.00,KMSN 182053Z 16015G20KT 9SM FEW085 OVC250 29/10 A2975 RMK AO2 SLP070 T02890100 58015
MSN,2023-06-18 21:53,9.00,8500.00,KMSN 182153Z 15013G22KT 9SM BKN085 BKN250 28/11 A2975 RMK AO2 SLP070 T02830106
MSN,2023-06-18 22:53,9.00,8000.00,KMSN 182253Z 15009KT 9SM FEW080 BKN250 28/09 A2975 RMK AO2 SLP067 T02780094
MSN,2023-06-18 23:53,8.00,8500.00,KMSN 182353Z 10010KT 8SM BKN085 BKN250 27/13 A2976 RMK AO2 LTG DSNT SW SLP073 T02670133 10294 20267 53003
MSN,2023-06-19 00:53,8.00,9000.00,KMSN 190053Z 11008KT 8SM FEW090 BKN250 25/13 A2977 RMK AO2 SLP076 T02500128
MSN,2023-06-19 01:53,9.00,9000.00,KMSN 190153Z 13009KT 9SM FEW090 BKN250 24/12 A2978 RMK AO2 SLP079 T02390122
MSN,2023-06-19 02:53,9.00,8000.00,KMSN 190253Z 12005KT 9SM FEW080 BKN120 OVC250 23/12 A2980 RMK AO2 SLP087 T02280122 53014
MSN,2023-06-19 03:53,9.00,11000.00,KMSN 190353Z 13007KT 9SM BKN110 BKN250 22/12 A2982 RMK AO2 SLP091 LAST T02170117
MSN,2023-06-19 04:53,9.00,M,KMSN 190453Z AUTO 11005KT 9SM CLR 21/11 A2982 RMK AO2 SLP092 T02060111
MSN,2023-06-19 05:53,8.00,M,KMSN 190553Z AUTO 09003KT 8SM CLR 19/12 A2982 RMK AO2 SLP093 T01940117 10267 20189 402940133 51006
MSN,2023-06-19 06:53,8.00,M,KMSN 190653Z AUTO 11003KT 8SM CLR 17/12 A2983 RMK AO2 SLP096 T01720117
MSN,2023-06-19 07:53,8.00,M,KMSN 190753Z AUTO 00000KT 8SM CLR 18/12 A2983 RMK AO2 SLP097 T01780117
MSN,2023-06-19 08:53,8.00,M,KMSN 190853Z AUTO 10004KT 8SM CLR 17/11 A2984 RMK AO2 SLP099 T01720111 51006
MSN,2023-06-19 09:53,7.00,M,KMSN 190953Z AUTO 11003KT 7SM CLR 17/11 A2986 RMK AO2 SLP105 T01720111
MSN,2023-06-19 10:53,6.00,25000.00,KMSN 191053Z 00000KT 6SM HZ BKN250 15/12 A2986 RMK AO2 SLP108 T01500117
MSN,2023-06-19 11:53,6.00,25000.00,KMSN 191153Z 00000KT 6SM HZ BKN250 17/13 A2988 RMK AO2 SLP114 T01670128 10194 20150 51013
MSN,2023-06-19 12:53,6.00,25000.00,KMSN 191253Z 00000KT 6SM HZ BKN250 20/12 A2989 RMK AO2 SLP117 T02000122
MSN,2023-06-19 13:53,7.00,15000.00,KMSN 191353Z 00000KT 7SM FEW150 BKN250 23/13 A2991 RMK AO2 SLP122 T02280133
MSN,2023-06-19 14:53,7.00,25000.00,KMSN 191453Z 00000KT 7SM SCT250 26/13 A2991 RMK AO2 SLP123 T02560133 51010
MSN,2023-06-19 15:53,9.00,25000.00,KMSN 191553Z 09003KT 9SM FEW250 28/12 A2992 RMK AO2 SLP125 T02780122
MSN,2023-06-19 16:53,10.00,M,KMSN 191653Z 00000KT 10SM CLR 29/11 A2992 RMK AO2 SLP126 T02890111
MSN,2023-06-19 17:53,10.00,M,KMSN 191753Z 14007KT 10SM CLR 29/11 A2992 RMK AO2 SLP126 T02890111 10300 20172 50003
MSN,2023-06-19 18:53,10.00,7000.00,KMSN 191853Z 14011G15KT 10SM FEW070 30/13 A2992 RMK AO2 SLP126 T03000128
MSN,2023-06-19 19:53,10.00,7000.00,KMSN 191953Z VRB05KT 10SM FEW070 30/12 A2992 RMK AO2 SLP126 T03000117
MSN,2023-06-19 20:53,10.00,7500.00,KMSN 192053Z 12007KT 10SM FEW075 30/11 A2993 RMK AO2 SLP129 T03000111 53003
MSN,2023-06-19 21:53,10.00,7500.00,KMSN 192153Z 06007KT 10SM FEW075 30/11 A2992 RMK AO2 SLP126 T03000111
MSN,2023-06-19 22:53,10.00,M,KMSN 192253Z 08005KT 10SM CLR 29/12 A2992 RMK AO2 SLP129 T02890117
MSN,2023-06-19 23:53,10.00,M,KMSN 192353Z 11014G19KT 10SM CLR 28/11 A2994 RMK AO2 SLP133 T02780106 10306 20278 53003
MSN,2023-06-20 00:53,10.00,M,KMSN 200053Z 11009KT 10SM CLR 26/10 A2996 RMK AO2 SLP140 T02610100
MSN,2023-06-20 01:53,10.00,M,KMSN 200153Z 11005KT 10SM CLR 23/10 A2997 RMK AO2 SLP144 T02330100
MSN,2023-06-20 02:53,10.00,M,KMSN 200253Z 09003KT 10SM CLR 21/10 A3000 RMK AO2 SLP152 T02060100 52020
MSN,2023-06-20 03:53,10.00,M,KMSN 200353Z 08004KT 10SM CLR 19/09 A3001 RMK AO2 SLP157 LAST T01940094
MSN,2023-06-20 04:53,10.00,M,KMSN 200453Z AUTO 08004KT 10SM CLR 18/09 A3002 RMK AO2 SLP160 T01830094
MSN,2023-06-20 05:53,10.00,M,KMSN 200553Z AUTO 07003KT 10SM CLR 18/10 A3003 RMK AO2 SLP163 T01780100 10278 20178 403060150 51011
MSN,2023-06-20 06:53,10.00,M,KMSN 200653Z AUTO 00000KT 10SM CLR 16/11 A3003 RMK AO2 SLP165 T01560106
MSN,2023-06-20 07:53,10.00,M,KMSN 200753Z AUTO 00000KT 10SM CLR 16/11 A3003 RMK AO2 SLP165 T01560111
MSN,2023-06-20 08:53,9.00,M,KMSN 200853Z AUTO 35003KT 9SM CLR 14/11 A3004 RMK AO2 SLP167 T01390106 51003
MSN,2023-06-20 09:53,8.00,M,KMSN 200953Z AUTO 00000KT 8SM CLR 13/11 A3005 RMK AO2 SLP172 T01330106
MSN,2023-06-20 10:53,7.00,M,KMSN 201053Z 30003KT 7SM CLR 13/11 A3007 RMK AO2 SLP179 T01280106
MSN,2023-06-20 11:53,8.00,M,KMSN 201153Z 00000KT 8SM CLR 17/12 A3009 RMK AO2 SLP184 T01670122 10178 20128 53017
MSN,2023-06-20 12:53,8.00,M,KMSN 201253Z 00000KT 8SM CLR 21/12 A3009 RMK AO2 SLP185 T02060117
MSN,2023-06-20 13:53,8.00,M,KMSN 201353Z 00000KT 8SM CLR 22/12 A3009 RMK AO2 SLP185 T02220122
MSN,2023-06-20 14:53,9.00,M,KMSN 201453Z 06003KT 9SM CLR 25/13 A3010 RMK AO2 SLP187 T02500128 52004
MSN,2023-06-20 15:53,10.00,M,KMSN 201553Z 08008KT 10SM CLR 27/12 A3009 RMK AO2 SLP185 T02720117
MSN,2023-06-20 16:53,10.00,M,KMSN 201653Z 07015KT 10SM CLR 28/09 A3009 RMK AO2 SLP184 T02830094
MSN,2023-06-20 17:53,10.00,M,KMSN 201753Z 07014G22KT 10SM CLR 29/11 A3008 RMK AO2 WSHFT 1725 SLP181 T02890106 10289 20167 58006
MSN,2023-06-20 18:53,10.00,M,KMSN 201853Z 10012KT 10SM CLR 29/11 A3008 RMK AO2 SLP181 T02890111
MSN,2023-06-20 19:53,10.00,M,KMSN 201953Z 07013G18KT 10SM CLR 29/12 A3007 RMK AO2 SLP176 T02940122
MSN,2023-06-20 20:53,10.00,M,KMSN 202053Z 05012G19KT 10SM CLR 29/11 A3006 RMK AO2 SLP176 T02940106 58006
MSN,2023-06-20 21:53,10.00,M,KMSN 202153Z 07010KT 10SM CLR 29/09 A3006 RMK AO2 SLP176 T02940089
MSN,2023-06-20 22:53,10.00,M,KMSN 202253Z 08013KT 10SM CLR 29/08 A3006 RMK AO2 SLP175 T02890083
MSN,2023-06-20 23:53,10.00,M,KMSN 202353Z 08012KT 10SM CLR 27/08 A3006 RMK AO2 SLP176 T02720083 10300 20272 55000
MSN,2023-06-21 00:53,10.00,M,KMSN 210053Z 10009KT 10SM CLR 26/09 A3006 RMK AO2 SLP172 T02610094
MSN,2023-06-21 01:53,10.00,M,KMSN 210153Z 06004KT 10SM CLR 23/11 A3007 RMK AO2 SLP176 T02330106
MSN,2023-06-21 02:53,10.00,M,KMSN 210253Z 08006KT 10SM CLR 22/11 A3008 RMK AO2 SLP180 T02170111 53005
MSN,2023-06-21 03:53,10.00,M,KMSN 210353Z 07003KT 10SM CLR 20/11 A3009 RMK AO2 SLP184 LAST T02000111
MSN,2023-06-21 04:53,10.00,M,KMSN 210453Z AUTO 00000KT 10SM CLR 19/12 A3009 RMK AO2 SLP183 T01940117
MSN,2023-06-21 05:53,10.00,M,KMSN 210553Z AUTO 00000KT 10SM CLR 18/12 A3009 RMK AO2 SLP184 T01780117 10272 20172 403000128 51004
MSN,2023-06-21 06:53,10.00,M,KMSN 210653Z AUTO 00000KT 10SM CLR 17/12 A3009 RMK AO2 SLP185 T01670122
MSN,2023-06-21 07:53,10.00,M,KMSN 210753Z AUTO 00000KT 10SM CLR 16/12 A3009 RMK AO2 SLP185 T01560117
MSN,2023-06-21 08:53,10.00,M,KMSN 210853Z AUTO 00000KT 10SM CLR 16/12 A3011 RMK AO2 SLP189 T01560117 53005
MSN,2023-06-21 09:53,10.00,M,KMSN 210953Z AUTO 00000KT 10SM CLR 14/12 A3012 RMK AO2 SLP194 T01440122
MSN,2023-06-21 10:53,9.00,M,KMSN 211053Z 00000KT 9SM CLR 14/12 A3013 RMK AO2 SLP200 T01440122
MSN,2023-06-21 11:53,10.00,M,KMSN 211153Z 00000KT 10SM CLR 18/14 A3015 RMK AO2 SLP204 T01780139 10178 20139 53014
MSN,2023-06-21 12:53,10.00,M,KMSN 211253Z 00000KT 10SM CLR 22/14 A3015 RMK AO2 SLP203 T02220144
MSN,2023-06-21 13:53,10.00,M,KMSN 211353Z 00000KT 10SM CLR 26/15 A3014 RMK AO2 SLP200 T02560150
MSN,2023-06-21 14:53,10.00,M,KMSN 211453Z 14007KT 10SM CLR 27/16 A3013 RMK AO2 SLP198 T02670161 58005
MSN,2023-06-21 15:53,10.00,M,KMSN 211553Z 13007KT 10SM CLR 28/16 A3012 RMK AO2 SLP193 T02780156
MSN,2023-06-21 16:53,10.00,5000.00,KMSN 211653Z 16009KT 10SM FEW050 29/16 A3011 RMK AO2 SLP191 T02940156
MSN,2023-06-21 17:53,10.00,6000.00,KMSN 211753Z 11011G17KT 10SM SCT060 31/16 A3011 RMK AO2 SLP192 T03060156 10311 20178 55006
MSN,2023-06-21 18:53,10.00,6000.00,KMSN 211853Z 12006KT 10SM SCT060 BKN090 31/15 A3011 RMK AO2 SLP189 T03060150
MSN,2023-06-21 19:53,10.00,6000.00,KMSN 211953Z 12009KT 10SM FEW060 BKN090 31/14 A3010 RMK AO2 SLP187 T03060144
MSN,2023-06-21 20:53,10.00,6500.00,KMSN 212053Z 08013G19KT 10SM SCT065 BKN090 31/14 A3010 RMK AO2 SLP186 T03110139 56006
MSN,2023-06-21 21:53,10.00,7000.00,KMSN 212153Z 08010G17KT 10SM SCT070 31/13 A3010 RMK AO2 SLP186 T03110133
MSN,2023-06-21 22:53,10.00,7000.00,KMSN 212253Z 09012KT 10SM FEW070 30/13 A3009 RMK AO2 SLP185 T03000133
MSN,2023-06-21 23:53,10.00,M,KMSN 212353Z 11011KT 10SM CLR 29/13 A3008 RMK AO2 SLP180 T02890133 10317 20289 58005
MSN,2023-06-22 00:53,10.00,M,KMSN 220053Z 10010KT 10SM CLR 28/13 A3008 RMK AO2 SLP179 T02780133
MSN,2023-06-22 01:53,10.00,M,KMSN 220153Z 09006KT 10SM CLR 25/14 A3008 RMK AO2 SLP178 T02500144
MSN,2023-06-22 02:53,10.00,M,KMSN 220253Z 08006KT 10SM CLR 23/14 A3008 RMK AO2 SLP179 T02330144 55000
MSN,2023-06-22 03:53,10.00,M,KMSN 220353Z 06003KT 10SM CLR 21/14 A3007 RMK AO2 SLP179 LAST T02110144
MSN,2023-06-22 04:53,10.00,M,KMSN 220453Z AUTO 09007KT 10SM CLR 22/15 A3007 RMK AO2 SLP177 T02170150
MSN,2023-06-22 05:53,10.00,M,KMSN 220553Z AUTO 09004KT 10SM CLR 21/15 A3007 RMK AO2 SLP175 T02060150 10289 20206 403170139 57004
MSN,2023-06-22 06:53,10.00,M,KMSN 220653Z AUTO 00000KT 10SM CLR 19/14 A3006 RMK AO2 SLP174 T01890144
MSN,2023-06-22 07:53,8.00,M,KMSN 220753Z AUTO 32003KT 8SM CLR 17/14 A3006 RMK AO2 SLP176 T01670144
MSN,2023-06-22 08:53,7.00,M,KMSN 220853Z AUTO 34003KT 7SM CLR 16/14 A3007 RMK AO2 SLP178 T01610144 53002
MSN,2023-06-22 09:53,6.00,M,KMSN 220953Z AUTO 32003KT 6SM BR CLR 16/14 A3010 RMK AO2 SLP186 T01610144
MSN,2023-06-22 10:53,5.00,7000.00,KMSN 221053Z 35003KT 5SM BR SCT070 16/14 A3010 RMK AO2 SLP188 T01560139
MSN,2023-06-22 11:53,6.00,8000.00,KMSN 221153Z 00000KT 6SM HZ SCT080 18/14 A3010 RMK AO2 SLP189 T01780144 10206 20144 51010
MSN,2023-06-22 12:53,8.00,8500.00,KMSN 221253Z 00000KT 8SM FEW085 22/15 A3011 RMK AO2 SLP190 T02170150
MSN,2023-06-22 13:53,10.00,8000.00,KMSN 221353Z 00000KT 10SM FEW080 24/14 A3010 RMK AO2 SLP186 T02390139
MSN,2023-06-22 14:53,10.00,8500.00,KMSN 221453Z 08003KT 10SM FEW085 26/13 A3008 RMK AO2 SLP180 T02610133 58007
MSN,2023-06-22 15:53,10.00,M,KMSN 221553Z VRB03KT 10SM CLR 27/12 A3008 RMK AO2 SLP179 T02720122
MSN,2023-06-22 16:53,10.00,6500.00,KMSN 221653Z VRB04KT 10SM FEW065 29/12 A3006 RMK AO2 SLP174 T02890117
MSN,2023-06-22 17:53,10.00,8000.00,KMSN 221753Z 02008G20KT 10SM SCT080 31/09 A3004 RMK AO2 SLP167 T03110094 10311 20183 58013
MSN,2023-06-22 18:53,10.00,7500.00,KMSN 221853Z 09006G14KT 10SM BKN075 BKN250 31/11 A3003 RMK AO2 SLP162 T03060106
MSN,2023-06-22 19:53,10.00,8000.00,KMSN 221953Z 07008KT 10SM BKN080 BKN250 29/12 A3001 RMK AO2 SLP156 T02940117
MSN,2023-06-22 20:53,10.00,7500.00,KMSN 222053Z 05008KT 10SM BKN075 BKN250 29/13 A2999 RMK AO2 SLP151 T02890128 57016
MSN,2023-06-22 21:53,10.00,7500.00,KMSN 222153Z 05012KT 10SM SCT075 BKN250 31/13 A2998 RMK AO2 SLP147 T03060128
MSN,2023-06-22 22:53,10.00,7500.00,KMSN 222253Z 08009KT 10SM FEW075 SCT250 30/12 A2997 RMK AO2 SLP142 T03000117
MSN,2023-06-22 23:53,10.00,8000.00,KMSN 222353Z 08011KT 10SM FEW080 28/12 A2996 RMK AO2 SLP140 T02830122 10317 20283 56011
MSN,2023-06-23 00:53,10.00,25000.00,KMSN 230053Z 10008KT 10SM FEW250 27/09 A2996 RMK AO2 SLP141 T02670094
MSN,2023-06-23 01:53,10.00,M,KMSN 230153Z 11007KT 10SM CLR 24/10 A2997 RMK AO2 SLP145 T02390100
MSN,2023-06-23 02:53,9.00,M,KMSN 230253Z 00000KT 9SM CLR 20/11 A2999 RMK AO2 SLP150 T02000106 53009
MSN,2023-06-23 03:53,9.00,M,KMSN 230353Z 00000KT 9SM CLR 19/11 A3000 RMK AO2 SLP154 LAST T01890111
MSN,2023-06-23 04:53,8.00,M,KMSN 230453Z AUTO 00000KT 8SM CLR 18/11 A3000 RMK AO2 SLP155 T01780111
MSN,2023-06-23 05:53,8.00,M,KMSN 230553Z AUTO 00000KT 8SM CLR 16/11 A3000 RMK AO2 SLP154 T01610111 10283 20156 403170144 50003
MSN,2023-06-23 06:53,8.00,M,KMSN 230653Z AUTO 00000KT 8SM CLR 16/12 A2999 RMK AO2 SLP151 T01560117
MSN,2023-06-23 07:53,7.00,M,KMSN 230753Z AUTO 00000KT 7SM CLR 14/12 A2998 RMK AO2 SLP148 T01440117
MSN,2023-06-23 08:53,6.00,M,KMSN 230853Z AUTO 00000KT 6SM BR CLR 14/12 A2997 RMK AO2 SLP145 T01390117 58009
MSN,2023-06-23 09:53,6.00,M,KMSN 230953Z AUTO 00000KT 6SM BR CLR 13/11 A2997 RMK AO2 SLP143 T01330111
MSN,2023-06-23 10:53,6.00,M,KMSN 231053Z 00000KT 6SM BR CLR 13/11 A2998 RMK AO2 SLP148 T01280111
MSN,2023-06-23 11:53,5.00,M,KMSN 231153Z 00000KT 5SM HZ CLR 16/13 A2999 RMK AO2 SLP151 T01610133 10167 20122 53006
MSN,2023-06-23 12:53,7.00,M,KMSN 231253Z 28003KT 7SM CLR 21/12 A3000 RMK AO2 SLP154 T02110122
MSN,2023-06-23 13:53,7.00,M,KMSN 231353Z 33003KT 7SM CLR 25/14 A3000 RMK AO2 SLP152 T02500139
MSN,2023-06-23 14:53,6.00,M,KMSN 231453Z VRB04KT 6SM FU CLR 27/13 A2999 RMK AO2 SLP150 T02720128 50000
MSN,2023-06-23 15:53,7.00,M,KMSN 231553Z 33005KT 7SM CLR 28/12 A2999 RMK AO2 SLP150 T02830117
MSN,2023-06-23 16:53,6.00,6500.00,KMSN 231653Z 31003KT 6SM HZ FEW065 29/12 A2998 RMK AO2 SLP145 T02940117
MSN,2023-06-23 17:53,7.00,7500.00,KMSN 231753Z VRB05KT 7SM FEW075 31/09 A2996 RMK AO2 SLP141 T03060094 10306 20161 58009
MSN,2023-06-23 18:53,7.00,8000.00,KMSN 231853Z 35006KT 7SM FEW080 31/09 A2994 RMK AO2 SLP133 T03110094
MSN,2023-06-23 19:53,6.00,8500.00,KMSN 231953Z 02006KT 6SM FU FEW085 32/10 A2993 RMK AO2 SLP130 T03170100
MSN,2023-06-23 20:53,6.00,9000.00,KMSN 232053Z 06007KT 6SM FU FEW090 32/10 A2992 RMK AO2 SLP125 T03170100 56015
MSN,2023-06-23 21:53,7.00,9000.00,KMSN 232153Z 05004KT 7SM FEW090 31/10 A2991 RMK AO2 SLP122 T03110100
MSN,2023-06-23 22:53,7.00,9000.00,KMSN 232253Z 04006KT 7SM FEW090 SCT250 31/10 A2989 RMK AO2 SLP117 T03110100
MSN,2023-06-23 23:53,8.00,25000.00,KMSN 232353Z 12003KT 8SM SCT250 29/11 A2990 RMK AO2 SLP118 T02890106 10322 20289 55007
MSN,2023-06-24 00:53,6.00,25000.00,KMSN 240053Z 13004KT 6SM FU SCT250 28/12 A2990 RMK AO2 SLP119 T02780122
MSN,2023-06-24 01:53,6.00,25000.00,KMSN 240153Z 00000KT 6SM FU FEW250 23/13 A2991 RMK AO2 SLP123 T02330133
MSN,2023-06-24 02:53,7.00,M,KMSN 240253Z 00000KT 7SM CLR 21/13 A2992 RMK AO2 SLP127 T02110133 53009
MSN,2023-06-24 03:53,7.00,M,KMSN 240353Z 00000KT 7SM CLR 22/12 A2993 RMK AO2 SLP127 LAST T02170122
MSN,2023-06-24 04:53,7.00,M,KMSN 240453Z AUTO 19004KT 7SM CLR 21/13 A2992 RMK AO2 SLP126 T02060133
MSN,2023-06-24 05:53,7.00,M,KMSN 240553Z AUTO 00000KT 7SM CLR 18/14 A2992 RMK AO2 SLP125 T01830139 10294 20183 403220122 58002
MSN,2023-06-24 06:53,7.00,8500.00,KMSN 240653Z AUTO 00000KT 7SM BKN085 18/14 A2990 RMK AO2 SLP120 T01830139
MSN,2023-06-24 07:53,7.00,M,KMSN 240753Z AUTO 00000KT 7SM CLR 17/14 A2991 RMK AO2 SLP122 T01670139
MSN,2023-06-24 08:53,7.00,8500.00,KMSN 240853Z AUTO 00000KT 7SM BKN085 17/14 A2991 RMK AO2 SLP123 T01670139 55002
MSN,2023-06-24 09:53,8.00,8000.00,KMSN 240953Z AUTO 15003KT 8SM BKN080 19/14 A2992 RMK AO2 SLP125 T01940139
MSN,2023-06-24 10:53,8.00,8000.00,KMSN 241053Z 17003KT 8SM FEW080 FEW250 19/14 A2993 RMK AO2 SLP129 T01940139
MSN,2023-06-24 11:53,8.00,8000.00,KMSN 241153Z 18004KT 8SM FEW080 FEW250 21/14 A2994 RMK AO2 SLP132 T02060144 10206 20161 52009
MSN,2023-06-24 12:53,8.00,25000.00,KMSN 241253Z 17005KT 8SM SCT250 22/14 A2994 RMK AO2 SLP131 T02220144
MSN,2023-06-24 13:53,9.00,25000.00,KMSN 241353Z 15003KT 9SM BKN250 24/14 A2993 RMK AO2 SLP130 T02440139
MSN,2023-06-24 14:53,10.00,25000.00,KMSN 241453Z 16005KT 10SM BKN250 27/13 A2990 RMK AO2 SLP121 T02720133 58012
MSN,2023-06-24 15:53,10.00,25000.00,KMSN 241553Z 00000KT 10SM BKN250 29/11 A2991 RMK AO2 SLP122 T02940106
MSN,2023-06-24 16:53,9.00,25000.00,KMSN 241653Z 22005KT 9SM SCT250 30/13 A2993 RMK AO2 SLP128 T03000128
MSN,2023-06-24 17:53,8.00,18000.00,KMSN 241753Z 18007KT 8SM FEW180 BKN250 31/12 A2990 RMK AO2 SLP119 T03060117 10311 20206 58002
MSN,2023-06-24 18:53,9.00,18000.00,KMSN 241853Z 17011KT 9SM FEW180 BKN250 32/12 A2987 RMK AO2 SLP108 T03170117
MSN,2023-06-24 19:53,10.00,8500.00,KMSN 241953Z 17010G17KT 10SM FEW085 BKN250 33/11 A2984 RMK AO2 SLP096 T03280111
MSN,2023-06-24 20:53,10.00,9000.00,KMSN 242053Z 17012G18KT 10SM FEW090 SCT190 BKN250 32/10 A2980 RMK AO2 SLP084 T03220100 58034
MSN,2023-06-24 21:53,10.00,20000.00,KMSN 242153Z 17013KT 10SM SCT200 BKN250 32/11 A2978 RMK AO2 SLP076 T03220106
MSN,2023-06-24 22:53,10.00,20000.00,KMSN 242253Z 18009KT 10SM BKN200 BKN250 32/11 A2979 RMK AO2 SLP079 T03170111
MSN,2023-06-24 23:53,10.00,22000.00,KMSN 242353Z 17010KT 10SM BKN220 BKN250 31/12 A2978 RMK AO2 SLP076 T03060117 10333 20306 56007
MSN,2023-06-25 00:53,10.00,7000.00,KMSN 250053Z 18005KT 10SM FEW070 SCT170 BKN210 BKN250 29/12 A2978 RMK AO2 RAB14E19 SLP076 P0000 T02940117
MSN,2023-06-25 01:53,10.00,13000.00,KMSN 250153Z 10004KT 10SM BKN130 BKN180 BKN250 28/12 A2977 RMK AO2 SLP073 T02780122
MSN,2023-06-25 02:53,9.00,7500.00,KMSN 250253Z 00000KT 9SM VCTS -RA SCT075 OVC100 26/16 A2981 RMK AO2 LTG DSNT SW-N RAB29 PRESRR SLP087 P0000 60000 T02560161 53012
MSN,2023-06-25 03:53,3.00,5500.00,KMSN 250353Z 01007KT 3SM -TSRA BR FEW055CB BKN075 OVC090 20/19 A2984 RMK AO2 PK WND 30026/0312 WSHFT 0306 LTG DSNT SE-SW TSB48 SLP098 OCNL LTGIC OHD TS OHD MOV NE LAST P0020 T02000189
MSN,2023-06-25 04:53,8.00,12000.00,KMSN 250453Z AUTO 08013KT 8SM FEW120 20/18 A2974 RMK AO2 PK WND 08030/0407 WSHFT 0355 LTG DSNT S AND SW RAE20 TSE01B07E22 SLP064 P0001 T02000178
MSN,2023-06-25 05:53,10.00,M,KMSN 250553Z AUTO 14010KT 10SM CLR 21/17 A2973 RMK AO2 LTG DSNT SE AND S RAB16E31 SLP060 P0000 60021 T02060172 10306 20200 403330161 58027
MSN,2023-06-25 06:53,10.00,M,KMSN 250653Z AUTO 16013KT 10SM CLR 21/17 A2970 RMK AO2 SLP052 T02060172
MSN,2023-06-25 07:53,10.00,6500.00,KMSN 250753Z AUTO 17012KT 10SM SCT065 21/18 A2967 RMK AO2 PRESFR SLP039 T02060178
MSN,2023-06-25 08:53,10.00,M,KMSN 250853Z AUTO 17015G21KT 10SM CLR 20/17 A2966 RMK AO2 SLP037 T02000172 56022
MSN,2023-06-25 09:53,10.00,4000.00,KMSN 250953Z AUTO 16013KT 10SM FEW040 20/17 A2965 RMK AO2 SLP033 T02000172
MSN,2023-06-25 10:53,10.00,3100.00,KMSN 251053Z 17007KT 10SM BKN031 BKN230 20/17 A2963 RMK AO2 SLP027 T02000172
MSN,2023-06-25 11:53,10.00,2800.00,KMSN 251153Z 16009KT 10SM FEW028 FEW230 21/18 A2961 RMK AO2 SLP021 70021 T02060178 10206 20200 58015
MSN,2023-06-25 12:53,10.00,1200.00,KMSN 251253Z 17009KT 10SM BKN012 OVC023 21/18 A2960 RMK AO2 SLP017 T02110178
MSN,2023-06-25 13:53,10.00,1300.00,KMSN 251353Z 19010G15KT 10SM OVC013 22/18 A2959 RMK AO2 SLP014 T02170183
MSN,2023-06-25 14:53,10.00,2400.00,KMSN 251453Z 22007G14KT 180V250 10SM BKN024 24/18 A2957 RMK AO2 SLP006 CIG 021V035 T02390183 58015
MSN,2023-06-25 15:53,10.00,3200.00,KMSN 251553Z 21010G16KT 10SM SCT032 SCT100 SCT250 26/17 A2956 RMK AO2 LTG DSNT NW SLP003 TCU DSNT W-NW T02610172
MSN,2023-06-25 16:53,10.00,3700.00,KMSN 251653Z 24010G20KT 10SM FEW037 BKN085 BKN140 BKN250 24/16 A2957 RMK AO2 LTG DSNT N SLP007 TCU DSNT NE T02390161
MSN,2023-06-25 17:53,10.00,3700.00,KMSN 251753Z 23009G22KT 200V260 10SM FEW037 BKN080 BKN250 24/13 A2956 RMK AO2 SLP005 TCU DSNT NE T02440133 10267 20206 56002
MSN,2023-06-25 18:53,10.00,4200.00,KMSN 251853Z VRB05G24KT 10SM SCT042 BKN080 24/14 A2957 RMK AO2 SLP007 T02390139
MSN,2023-06-25 19:53,10.00,3300.00,KMSN 251953Z 24011G22KT 10SM FEW033 SCT046 BKN080 BKN250 22/14 A2956 RMK AO2 SLP006 T02220144
MSN,2023-06-25 20:53,10.00,2300.00,KMSN 252053Z VRB05KT 10SM FEW023 BKN045 BKN055 BKN130 21/16 A2956 RMK AO2 SLP004 T02060156 58002
MSN,2023-06-25 21:53,10.00,3200.00,KMSN 252153Z VRB05KT 10SM SCT032TCU BKN080 BKN110 BKN130 21/16 A2955 RMK AO2 RAB02E13B42E49 SLP001 TCU OHD P0000 T02110161
MSN,2023-06-25 22:53,10.00,2700.00,KMSN 252253Z 28008G15KT 240V310 10SM SCT027CB BKN120 23/16 A2955 RMK AO2 SLP001 CB SE MOV E TCU DSNT E T02280156
MSN,2023-06-25 23:53,10.00,2700.00,KMSN 252353Z 28008G20KT 250V310 10SM FEW027 SCT110 BKN170 BKN250 22/16 A2956 RMK AO2 SLP003 60000 T02220156 10250 20194 53000
MSN,2023-06-26 00:53,10.00,2900.00,KMSN 260053Z VRB03KT 10SM FEW029 BKN080 BKN100 BKN140 21/17 A2955 RMK AO2 RAB35E44 SLP003 P0000 T02110167
MSN,2023-06-26 01:53,10.00,3600.00,KMSN 260153Z 29006KT 10SM -RA FEW036 BKN100 BKN120 BKN170 BKN250 21/16 A2956 RMK AO2 RAB46 SLP003 P0000 T02110161
MSN,2023-06-26 02:53,10.00,2400.00,KMSN 260253Z VRB04KT 10SM BKN024 BKN045 BKN075 20/17 A2957 RMK AO2 RAE01 SLP008 P0000 60000 T02000167 53004
MSN,2023-06-26 03:53,10.00,1700.00,KMSN 260353Z 30007KT 10SM BKN017 BKN120 20/17 A2957 RMK AO2 SLP005 LAST T02000172
MSN,2023-06-26 04:53,10.00,1700.00,KMSN 260453Z AUTO 32008G16KT 10SM OVC017 20/17 A2956 RMK AO2 SLP006 T02000172
MSN,2023-06-26 05:53,10.00,1600.00,KMSN 260553Z AUTO 31010G16KT 10SM SCT016 BKN024 BKN045 20/17 A2956 RMK AO2 SLP005 60000 T02000172 10222 20200 402670194 58003
MSN,2023-06-26 06:53,10.00,1900.00,KMSN 260653Z AUTO 31006KT 10SM SCT019 BKN034 20/17 A2957 RMK AO2 SLP007 T02000167
MSN,2023-06-26 07:53,10.00,2100.00,KMSN 260753Z AUTO 32009KT 10SM OVC021 20/17 A2957 RMK AO2 SLP009 T02000167
MSN,2023-06-26 08:53,10.00,1400.00,KMSN 260853Z AUTO 33010G18KT 10SM BKN014 OVC023 19/16 A2959 RMK AO2 SLP016 T01940161 51008
MSN,2023-06-26 09:53,10.00,1300.00,KMSN 260953Z AUTO 32008G16KT 10SM OVC013 19/16 A2960 RMK AO2 SLP019 T01890161
MSN,2023-06-26 10:53,9.00,1200.00,KMSN 261053Z 33008G17KT 9SM OVC012 18/16 A2961 RMK AO2 SLP023 T01830156
MSN,2023-06-26 11:53,8.00,1200.00,KMSN 261153Z 32010G16KT 8SM OVC012 18/15 A2962 RMK AO2 SLP027 T01830150 10200 20183 53008
MSN,2023-06-26 12:53,9.00,1300.00,KMSN 261253Z 33013G19KT 9SM OVC013 18/15 A2963 RMK AO2 SLP030 T01830150
MSN,2023-06-26 13:53,8.00,1400.00,KMSN 261353Z 33010G20KT 8SM OVC014 19/16 A2964 RMK AO2 SLP034 T01890156
MSN,2023-06-26 14:53,7.00,1300.00,KMSN 261453Z 33010G20KT 290V350 7SM OVC013 19/15 A2966 RMK AO2 SLP040 T01890150 53013
MSN,2023-06-26 15:53,6.00,1500.00,KMSN 261553Z 33010G20KT 6SM FU OVC015 19/15 A2967 RMK AO2 SLP043 T01940150
MSN,2023-06-26 16:53,4.00,1700.00,KMSN 261653Z 33008G22KT 4SM FU OVC017 20/15 A2969 RMK AO2 SLP050 T02000150
MSN,2023-06-26 17:53,3.00,2300.00,KMSN 261753Z 33007G19KT 3SM FU BKN023 OVC027 21/16 A2971 RMK AO2 SFC VIS 4 SLP056 T02110156 10211 20183 53015
MSN,2023-06-26 18:53,3.00,2800.00,KMSN 261853Z 33008G17KT 3SM FU BKN028 OVC034 23/16 A2971 RMK AO2 PK WND 35026/1815 SLP057 T02330156
MSN,2023-06-26 19:53,3.00,3000.00,KMSN 261953Z 32009G19KT 3SM FU BKN030 OVC040 22/16 A2973 RMK AO2 SLP062 T02170156
MSN,2023-06-26 20:53,3.00,3300.00,KMSN 262053Z 34011G20KT 3SM FU FEW033 OVC048 23/15 A2974 RMK AO2 SLP065 T02280150 53010
MSN,2023-06-26 21:53,4.00,3700.00,KMSN 262153Z 32010G18KT 4SM FU SCT037 OVC047 23/15 A2975 RMK AO2 SLP069 T02280150
MSN,2023-06-26 22:53,5.00,3600.00,KMSN 262253Z 33012G19KT 5SM FU FEW036 BKN055 23/14 A2975 RMK AO2 SLP070 T02330144
MSN,2023-06-26 23:53,7.00,3600.00,KMSN 262353Z 34009G19KT 7SM SCT036 23/14 A2976 RMK AO2 SLP075 T02280144 10239 20206 52008
MSN,2023-06-27 00:53,10.00,3500.00,KMSN 270053Z 34009G15KT 10SM SCT035 22/15 A2977 RMK AO2 SLP079 T02170150
MSN,2023-06-27 01:53,10.00,4000.00,KMSN 270153Z 33009G17KT 10SM BKN040 21/14 A2980 RMK AO2 SLP086 T02060144
MSN,2023-06-27 02:53,8.00,3700.00,KMSN 270253Z 34007KT 8SM OVC037 21/14 A2981 RMK AO2 SLP090 T02060139 53015
MSN,2023-06-27 03:53,5.00,4100.00,KMSN 270353Z 34005KT 5SM HZ OVC041 20/14 A2981 RMK AO2 SLP092 LAST T02000139
MSN,2023-06-27 04:53,4.00,3600.00,KMSN 270453Z AUTO 34006KT 4SM HZ SCT036 OVC043 18/14 A2982 RMK AO2 SLP093 T01830139
MSN,2023-06-27 05:53,3.00,3100.00,KMSN 270553Z AUTO 34004KT 3SM HZ OVC031 18/13 A2982 RMK AO2 SLP096 T01780128 10228 20178 402390178 53005
MSN,2023-06-27 06:53,3.00,2700.00,KMSN 270653Z AUTO 35006KT 3SM HZ FEW027 17/12 A2983 RMK AO2 SLP099 T01670122
MSN,2023-06-27 07:53,3.00,2900.00,KMSN 270753Z AUTO 32007KT 3SM HZ FEW029 16/12 A2985 RMK AO2 SLP105 T01610122
MSN,2023-06-27 08:53,3.00,2700.00,KMSN 270853Z AUTO 34007KT 3SM HZ OVC027 16/12 A2985 RMK AO2 SLP104 T01560122 52005
MSN,2023-06-27 09:53,3.00,3000.00,KMSN 270953Z AUTO 33006KT 3SM HZ OVC030 15/12 A2987 RMK AO2 SLP112 T01500117
MSN,2023-06-27 10:53,2.50,3500.00,KMSN 271053Z 34008KT 2 1/2SM FU OVC035 15/12 A2989 RMK AO2 SLP117 T01500117
MSN,2023-06-27 11:53,2.50,2900.00,KMSN 271153Z 35005KT 2 1/2SM FU BKN029 15/12 A2989 RMK AO2 SLP120 T01500117 10178 20150 53008
MSN,2023-06-27 12:53,2.50,3600.00,KMSN 271253Z 34008KT 2 1/2SM FU BKN036 16/12 A2991 RMK AO2 SLP127 T01610122
MSN,2023-06-27 13:53,2.50,3600.00,KMSN 271353Z 35006KT 2 1/2SM FU OVC036 18/13 A2993 RMK AO2 SLP130 T01780128
MSN,2023-06-27 14:53,2.00,3000.00,KMSN 271453Z 01006KT 2SM FU BKN030 20/13 A2992 RMK AO2 TWR VIS 2 1/2 SLP129 T02000128 50010
MSN,2023-06-27 15:53,2.00,3000.00,KMSN 271553Z 36007KT 2SM FU BKN030 22/12 A2993 RMK AO2 SLP130 T02220122
MSN,2023-06-27 16:53,2.00,3100.00,KMSN 271653Z 01006KT 2SM FU BKN031 23/12 A2993 RMK AO2 SLP130 T02330122
MSN,2023-06-27 17:53,2.00,2900.00,KMSN 271753Z 31005KT 2SM FU BKN029 24/13 A2993 RMK AO2 SLP129 T02440128 10250 20150 50001
MSN,2023-06-27 18:53,1.25,2500.00,KMSN 271853Z 35006KT 1 1/4SM FU BKN025 OVC030 26/12 A2993 RMK AO2 TWR VIS 2 SLP131 T02610117
MSN,2023-06-27 19:53,1.75,2700.00,KMSN 271953Z 35004G14KT 1 3/4SM FU OVC027 27/12 A2992 RMK AO2 TWR VIS 2 SLP128 T02720122
MSN,2023-06-27 20:53,2.00,3500.00,KMSN 272053Z 36008KT 2SM FU BKN035 27/11 A2992 RMK AO2 TWR VIS 3 SLP128 T02720111 58001
MSN,2023-06-27 21:53,2.50,3700.00,KMSN 272153Z 36006KT 2 1/2SM FU BKN037 28/12 A2993 RMK AO2 TWR VIS 3 SLP130 T02780117
MSN,2023-06-27 22:53,2.50,3800.00,KMSN 272253Z 33004KT 2 1/2SM FU OVC038 27/12 A2992 RMK AO2 SLP127 T02720117
MSN,2023-06-27 23:53,2.50,3600.00,KMSN 272353Z 06005KT 2 1/2SM FU OVC036 26/12 A2992 RMK AO2 SLP126 T02610117 10283 20244 58003
MSN,2023-06-28 00:53,1.75,3300.00,KMSN 280053Z 10006KT 1 3/4SM FU OVC033 24/13 A2993 RMK AO2 TWR VIS 2 1/2 SLP131 T02390128
MSN,2023-06-28 01:53,2.00,3100.00,KMSN 280153Z 13006KT 2SM FU OVC031 23/13 A2993 RMK AO2 TWR VIS 2 1/2 SLP133 T02280133
MSN,2023-06-28 02:53,2.00,3300.00,KMSN 280253Z 13004KT 2SM FU OVC033 22/13 A2994 RMK AO2 SLP134 T02170133 53004
MSN,2023-06-28 03:53,1.75,3100.00,KMSN 280353Z 15006KT 1 3/4SM FU OVC031 21/13 A2994 RMK AO2 SLP134 LAST T02110133
MSN,2023-06-28 04:53,1.75,3000.00,KMSN 280453Z AUTO 20003KT 1 3/4SM HZ OVC030 18/13 A2996 RMK AO2 SLP141 T01780133
MSN,2023-06-28 05:53,1.50,2800.00,KMSN 280553Z AUTO 18004KT 1 1/2SM HZ OVC028 19/14 A2996 RMK AO2 SLP140 T01890139 10261 20172 402830150 53006
MSN,2023-06-28 06:53,1.25,2800.00,KMSN 280653Z AUTO 17006KT 1 1/4SM HZ OVC028 19/14 A2997 RMK AO2 SLP143 T01890139
MSN,2023-06-28 07:53,1.50,2800.00,KMSN 280753Z AUTO 17006KT 1 1/2SM HZ SCT028 18/14 A2997 RMK AO2 SLP143 T01830139
MSN,2023-06-28 08:53,1.50,2600.00,KMSN 280853Z AUTO 16007KT 1 1/2SM HZ OVC026 18/13 A2998 RMK AO2 SLP145 T01780128 53002
MSN,2023-06-28 09:53,1.50,2600.00,KMSN 280953Z AUTO 18008KT 1 1/2SM HZ OVC026 17/12 A2998 RMK AO2 SLP146 T01720117
MSN,2023-06-28 10:53,1.50,1900.00,KMSN 281053Z 17005KT 1 1/2SM FU BKN019 BKN200 17/11 A2999 RMK AO2 SLP150 T01720111
MSN,2023-06-28 11:53,1.50,2200.00,KMSN 281153Z 20005KT 1 1/2SM FU BKN022 OVC120 18/11 A3003 RMK AO2 SLP164 T01830111 10194 20167 53018
MSN,2023-06-28 12:53,1.50,2400.00,KMSN 281253Z 19007KT 1 1/2SM FU BKN024 BKN120 19/11 A3000 RMK AO2 SLP156 T01890111
MSN,2023-06-28 13:53,1.50,2400.00,KMSN 281353Z 22005KT 1 1/2SM FU BKN024 19/11 A3002 RMK AO2 RAB10E22 SLP160 P0000 T01890111
MSN,2023-06-28 14:53,1.25,2200.00,KMSN 281453Z 17007KT 1 1/4SM FU BKN022 BKN120 21/13 A2998 RMK AO2 TWR VIS 1 1/2 SLP148 60000 T02110128 58016
MSN,2023-06-28 15:53,1.25,2300.00,KMSN 281553Z 18006KT 1 1/4SM FU BKN023 23/13 A2998 RMK AO2 TWR VIS 1 1/2 SLP147 T02330133
MSN,2023-06-28 16:53,1.50,2300.00,KMSN 281653Z 17011G19KT 1 1/2SM FU BKN023 25/14 A2996 RMK AO2 SLP141 T02500139
MSN,2023-06-28 17:53,1.50,2100.00,KMSN 281753Z 19008G17KT 1 1/2SM FU BKN021 27/13 A2995 RMK AO2 SLP138 60000 T02720133 10272 20183 58009
MSN,2023-06-28 18:53,1.25,2300.00,KMSN 281853Z 18012G19KT 1 1/4SM FU OVC023 28/12 A2993 RMK AO2 TWR VIS 1 1/2 SLP131 T02780117
MSN,2023-06-28 19:53,1.75,2600.00,KMSN 281953Z 16012G21KT 1 3/4SM FU OVC026 28/11 A2992 RMK AO2 TWR VIS 2 SLP127 T02780106
MSN,2023-06-28 20:53,1.25,2400.00,KMSN 282053Z 18015G20KT 1 1/4SM FU OVC024 28/11 A2991 RMK AO2 TWR VIS 2 SLP123 T02830111 56014
MSN,2023-06-28 21:53,1.25,2500.00,KMSN 282153Z 18014G21KT 1 1/4SM FU BKN025 OVC031 28/11 A2989 RMK AO2 PK WND 16029/2133 TWR VIS 2 SLP116 T02830106
MSN,2023-06-28 22:53,1.75,2700.00,KMSN 282253Z 19012G22KT 1 3/4SM FU BKN027 OVC034 28/10 A2988 RMK AO2 TWR VIS 2 SLP114 T02830100
MSN,2023-06-28 23:53,2.00,2900.00,KMSN 282353Z 18009KT 2SM FU OVC029 27/11 A2988 RMK AO2 SLP113 T02720106 10294 20267 56010
MSN,2023-06-29 00:53,2.00,3100.00,KMSN 290053Z 17011KT 2SM FU OVC031 26/11 A2988 RMK AO2 SLP113 T02610106
MSN,2023-06-29 01:53,1.50,2800.00,KMSN 290153Z 17011KT 1 1/2SM FU BKN028 25/11 A2988 RMK AO2 TWR VIS 2 SLP112 T02500106
MSN,2023-06-29 02:53,2.00,2300.00,KMSN 290253Z 16012KT 2SM FU BKN023 OVC110 24/11 A2988 RMK AO2 SLP112 T02440111 55001
MSN,2023-06-29 03:53,2.00,1800.00,KMSN 290353Z 17011KT 2SM FU BKN018 OVC110 23/12 A2986 RMK AO2 SLP105 LAST T02330117
MSN,2023-06-29 04:53,1.75,1900.00,KMSN 290453Z AUTO 17010KT 1 3/4SM HZ OVC019 23/13 A2986 RMK AO2 SLP106 T02280128
MSN,2023-06-29 05:53,1.50,2300.00,KMSN 290553Z AUTO 19007KT 1 1/2SM HZ OVC023 23/13 A2985 RMK AO2 SLP102 T02280128 10272 20222 402940167 56008
MSN,2023-06-29 06:53,1.50,2400.00,KMSN 290653Z AUTO 19006KT 1 1/2SM HZ OVC024 22/13 A2985 RMK AO2 SLP103 T02220128
MSN,2023-06-29 07:53,1.50,2300.00,KMSN 290753Z AUTO 00000KT 1 1/2SM HZ BKN023 OVC055 22/13 A2985 RMK AO2 LTG DSNT SE SLP100 T02220128
MSN,2023-06-29 08:53,1.50,2300.00,KMSN 290853Z AUTO 13004KT 1 1/2SM HZ FEW023 OVC046 21/13 A2984 RMK AO2 SLP098 T02110133 58004
MSN,2023-06-29 09:53,1.75,4300.00,KMSN 290953Z AUTO 18005KT 1 3/4SM HZ OVC043 22/14 A2984 RMK AO2 SLP099 T02170139
MSN,2023-06-29 10:53,1.50,4100.00,KMSN 291053Z 00000KT 1 1/2SM FU BKN041 22/14 A2986 RMK AO2 SLP105 T02170139
MSN,2023-06-29 11:53,1.50,1600.00,KMSN 291153Z 01003KT 1 1/2SM FU OVC016 21/15 A2986 RMK AO2 SLP107 T02060150 10228 20200 53008
MSN,2023-06-29 12:53,1.50,1800.00,KMSN 291253Z 00000KT 1 1/2SM FU OVC018 23/15 A2988 RMK AO2 SLP112 T02280150
MSN,2023-06-29 13:53,1.50,1700.00,KMSN 291353Z 17006KT 1 1/2SM FU BKN017 OVC060 24/16 A2988 RMK AO2 SLP113 T02390156
MSN,2023-06-29 14:53,1.50,1800.00,KMSN 291453Z 00000KT 1 1/2SM FU BKN018 BKN060 26/17 A2987 RMK AO2 SLP109 T02560167 50003
MSN,2023-06-29 15:53,1.50,1600.00,KMSN 291553Z VRB03KT 1 1/2SM FU BKN016 BKN060 28/18 A2986 RMK AO2 SLP106 T02780178
MSN,2023-06-29 16:53,2.00,2200.00,KMSN 291653Z VRB03KT 2SM FU BKN022 OVC065 28/19 A2985 RMK AO2 SLP100 T02830189
MSN,2023-06-29 17:53,2.00,2500.00,KMSN 291753Z VRB03KT 2SM FU BKN025 30/19 A2983 RMK AO2 SLP094 T03000189 10306 20206 58014
MSN,2023-06-29 18:53,2.00,2700.00,KMSN 291853Z 15005KT 2SM FU OVC027 31/19 A2979 RMK AO2 SLP081 T03060189
MSN,2023-06-29 19:53,3.00,3200.00,KMSN 291953Z 00000KT 3SM FU BKN032 31/18 A2980 RMK AO2 SLP083 T03110183
MSN,2023-06-29 20:53,3.00,5500.00,KMSN 292053Z 00000KT 3SM FU BKN055 31/18 A2982 RMK AO2 SLP092 T03110183 55003
MSN,2023-06-29 21:53,4.00,5500.00,KMSN 292153Z 33003KT 4SM FU SCT055 32/18 A2982 RMK AO2 SLP091 T03170183
MSN,2023-06-29 22:53,3.00,3200.00,KMSN 292253Z VRB03KT 3SM FU FEW032 SCT060 31/19 A2982 RMK AO2 TWR VIS 4 SLP090 T03060189
MSN,2023-06-29 23:53,3.00,6000.00,KMSN 292353Z 23005KT 3SM FU BKN060 29/21 A2983 RMK AO2 SLP095 T02940206 10322 20294 53003
MSN,2023-06-30 00:53,3.00,3500.00,KMSN 300053Z 23004KT 3SM FU FEW035 FEW060 SCT150 28/21 A2984 RMK AO2 SLP098 T02830211
MSN,2023-06-30 01:53,3.00,25000.00,KMSN 300153Z 25003KT 3SM FU SCT250 27/21 A2984 RMK AO2 SLP100 T02670206
MSN,2023-06-30 02:53,4.00,25000.00,KMSN 300253Z 27003KT 4SM FU FEW250 26/21 A2986 RMK AO2 SLP104 T02560206 53008
MSN,2023-06-30 03:53,4.00,M,KMSN 300353Z 00000KT 4SM FU CLR 22/19 A2987 RMK AO2 SLP107 LAST T02220194
MSN,2023-06-30 04:53,6.00,M,KMSN 300453Z AUTO 00000KT 6SM HZ CLR 21/18 A2988 RMK AO2 SLP112 T02110183
MSN,2023-06-30 05:53,6.00,M,KMSN 300553Z AUTO 00000KT 6SM HZ CLR 21/17 A2990 RMK AO2 SLP119 T02060172 10294 20200 403220200 53015
MSN,2023-06-30 06:53,6.00,M,KMSN 300653Z AUTO 00000KT 6SM HZ CLR 19/17 A2990 RMK AO2 SLP117 T01940167
MSN,2023-06-30 07:53,6.00,M,KMSN 300753Z AUTO 00000KT 6SM BR CLR 18/17 A2989 RMK AO2 SLP116 T01830167
MSN,2023-06-30 08:53,5.00,M,KMSN 300853Z AUTO 00000KT 5SM BR CLR 18/17 A2989 RMK AO2 SLP116 T01780167 56004
MSN,2023-06-30 09:53,5.00,M,KMSN 300953Z AUTO 00000KT 5SM BR CLR 18/17 A2989 RMK AO2 SLP116 T01830167
MSN,2023-06-30 10:53,5.00,25000.00,KMSN 301053Z 00000KT 5SM BR SCT250 17/16 A2992 RMK AO2 SLP126 T01720161
MSN,2023-06-30 11:53,7.00,25000.00,KMSN 301153Z 00000KT 7SM FEW250 22/17 A2993 RMK AO2 SLP128 T02220172 10222 20172 53013
MSN,2023-06-30 12:53,9.00,25000.00,KMSN 301253Z 35003KT 9SM BKN250 24/17 A2994 RMK AO2 SLP133 T02390172
MSN,2023-06-30 13:53,10.00,25000.00,KMSN 301353Z 34004KT 10SM BKN250 26/18 A2994 RMK AO2 SLP131 T02610178
MSN,2023-06-30 14:53,10.00,25000.00,KMSN 301453Z 29003KT 10SM BKN250 28/17 A2994 RMK AO2 SLP131 T02780167 51004
MSN,2023-06-30 15:53,10.00,5500.00,KMSN 301553Z 23004KT 10SM FEW055 OVC250 28/16 A2995 RMK AO2 SLP135 T02830156
MSN,2023-06-30 16:53,10.00,6500.00,KMSN 301653Z 24004KT 10SM BKN065 OVC250 29/16 A2995 RMK AO2 SLP137 T02940156
MSN,2023-06-30 17:53,10.00,7500.00,KMSN 301753Z 24006KT 10SM SCT075 BKN190 OVC250 30/15 A2994 RMK AO2 SLP132 T03000150 10300 20222 58000
MSN,2023-06-30 18:53,10.00,8000.00,KMSN 301853Z VRB05KT 10SM FEW080 SCT190 BKN250 31/14 A2991 RMK AO2 SLP122 T03060144
MSN,2023-06-30 19:53,10.00,9000.00,KMSN 301953Z 25003KT 10SM SCT090 BKN250 30/16 A2989 RMK AO2 SLP117 T03000156
MSN,2023-06-30 20:53,10.00,9000.00,KMSN 302053Z 22004KT 10SM FEW090 BKN180 OVC250 30/16 A2989 RMK AO2 SLP117 T03000161 56016
MSN,2023-06-30 21:53,10.00,5000.00,KMSN 302153Z 23005KT 10SM FEW050 SCT180 BKN250 29/17 A2990 RMK AO2 SLP118 T02940172
MSN,2023-06-30 22:53,10.00,9000.00,KMSN 302253Z 26004KT 10SM FEW090 SCT110 BKN250 30/17 A2990 RMK AO2 SLP119 T03000172 $
MSN,2023-06-30 23:53,10.00,10000.00,KMSN 302353Z VRB04KT 10SM FEW100 SCT210 BKN250 29/17 A2990 RMK AO2 SLP119 T02940172 10311 20289 53003 $
MSN,2023-07-01 00:53,10.00,20000.00,KMSN 010053Z 24004KT 10SM BKN200 28/18 A2990 RMK AO2 SLP119 T02830178 $
MSN,2023-07-01 01:53,10.00,18000.00,KMSN 010153Z 00000KT 10SM SCT180 26/18 A2989 RMK AO2 SLP115 T02610178 $
MSN,2023-07-01 02:53,10.00,10000.00,KMSN 010253Z 23003KT 10SM FEW100 FEW190 24/18 A2990 RMK AO2 SLP119 T02390183 55000 $
MSN,2023-07-01 03:53,10.00,25000.00,KMSN 010353Z 00000KT 10SM BKN250 22/18 A2991 RMK AO2 SLP123 LAST T02220183 $
MSN,2023-07-01 04:53,10.00,M,KMSN 010453Z AUTO 00000KT 10SM CLR 22/18 A2991 RMK AO2 SLP122 T02170178 $
MSN,2023-07-01 05:53,10.00,12000.00,KMSN 010553Z AUTO 00000KT 10SM FEW120 22/18 A2990 RMK AO2 SLP119 T02220183 10294 20211 403110172 50000 $
MSN,2023-07-01 06:53,10.00,9500.00,KMSN 010653Z AUTO 24003KT 10SM FEW095 BKN110 22/18 A2990 RMK AO2 SLP116 T02220183 $
MSN,2023-07-01 07:53,10.00,M,KMSN 010753Z AUTO 36005KT 10SM CLR 21/18 A2986 RMK AO2 SLP104 T02060178 $
MSN,2023-07-01 08:53,10.00,11000.00,KMSN 010853Z AUTO 00000KT 10SM BKN110 21/18 A2987 RMK AO2 SLP109 T02060183 55010 $
MSN,2023-07-01 09:53,10.00,10000.00,KMSN 010953Z AUTO 00000KT 10SM SCT100 20/18 A2986 RMK AO2 SLP104 T02000178 $
MSN,2023-07-01 10:53,10.00,11000.00,KMSN 011053Z 00000KT 10SM BKN110 OVC130 21/18 A2988 RMK AO2 SLP111 T02060183 $
MSN,2023-07-01 11:53,9.00,6000.00,KMSN 011153Z 00000KT 9SM BKN060 BKN080 OVC140 22/19 A2988 RMK AO2 SLP112 T02170189 10228 20194 53003 $
MSN,2023-07-01 12:53,9.00,5000.00,KMSN 011253Z 05003KT 9SM -RA FEW050 BKN070 OVC130 21/18 A2989 RMK AO2 RAB15 SLP115 P0004 T02110183 $
MSN,2023-07-01 13:53,10.00,3500.00,KMSN 011353Z 00000KT 10SM FEW035 BKN075 OVC120 22/18 A2988 RMK AO2 RAE01 SLP111 P0000 T02220183 $
MSN,2023-07-01 14:53,10.00,7000.00,KMSN 011453Z 08003KT 10SM -RA SCT070 BKN110 OVC140 23/18 A2988 RMK AO2 RAB1358 SLP113 P0001 60005 T02280178 50000 $
MSN,2023-07-01 15:53,10.00,8500.00,KMSN 011553Z 00000KT 10SM FEW085 SCT110 OVC140 24/19 A2989 RMK AO2 RAE10 SLP116 P0000 T02390194 $
MSN,2023-07-01 16:53,10.00,7500.00,KMSN 011653Z 00000KT 10SM FEW075 FEW095 BKN160 OVC190 25/19 A2989 RMK AO2 SLP115 T02500189 $
MSN,2023-07-01 17:53,10.00,2800.00,KMSN 011753Z 00000KT 10SM FEW028 BKN150 OVC250 27/20 A2988 RMK AO2 SLP111 60005 T02720200 10272 20206 58001 $
MSN,2023-07-01 18:53,10.00,3300.00,KMSN 011853Z VRB04KT 10SM FEW033 SCT065 BKN140 OVC250 26/18 A2986 RMK AO2 LTG DSNT S SLP107 TCU DSNT S T02610178 $
MSN,2023-07-01 19:53,10.00,3200.00,KMSN 011953Z 23003KT 10SM FEW032 BKN070 OVC250 27/18 A2985 RMK AO2 SLP101 T02670183 $
MSN,2023-07-01 20:53,10.00,3200.00,KMSN 012053Z VRB03KT 10SM FEW032TCU SCT070 BKN250 27/19 A2983 RMK AO2 SLP095 TCU W-N T02720189 58016 $
MSN,2023-07-01 21:53,10.00,3100.00,KMSN 012153Z 24003KT 10SM FEW031TCU FEW070 SCT190 BKN250 27/19 A2981 RMK AO2 SLP088 TCU W-NE AND SE T02720194 $
MSN,2023-07-01 22:53,10.00,3100.00,KMSN 012253Z 26003KT 10SM FEW031TCU BKN200 BKN250 27/19 A2980 RMK AO2 SLP085 TCU W-NE AND SE-S T02670194 $
MSN,2023-07-01 23:53,10.00,3100.00,KMSN 012353Z 00000KT 10SM FEW031 BKN055 OVC190 27/19 A2980 RMK AO2 LTG DSNT W SLP086 VIRGA OHD TCU DSNT S T02670189 10278 20256 55009 $
MSN,2023-07-02 00:53,10.00,2700.00,KMSN 020053Z COR 09010KT 10SM TS FEW027CB BKN050 OVC070 26/19 A2980 RMK AO2 TSB38 SLP087 FRQ LTGIC NE-E TS NE-E MOV STNRY T02610189 $
MSN,2023-07-02 01:53,10.00,4700.00,KMSN 020153Z 00000KT 10SM SCT047 OVC080 24/18 A2981 RMK AO2 SLP087 TSE09 T02390178 $
MSN,2023-07-02 02:53,10.00,8000.00,KMSN 020253Z 00000KT 10SM FEW080 BKN110 OVC210 23/19 A2981 RMK AO2 SLP089 T02280189 53003 $
MSN,2023-07-02 03:53,10.00,9000.00,KMSN 020353Z 00000KT 10SM OVC090 22/18 A2980 RMK AO2 SLP087 LAST T02170183 $
MSN,2023-07-02 04:53,10.00,11000.00,KMSN 020453Z AUTO 00000KT 10SM SCT110 21/18 A2979 RMK AO2 SLP083 T02110183 $
MSN,2023-07-02 05:53,10.00,10000.00,KMSN 020553Z AUTO 00000KT 10SM BKN100 21/18 A2978 RMK AO2 SLP077 T02060183 10267 20206 402780194 58012 $
MSN,2023-07-02 06:53,9.00,11000.00,KMSN 020653Z AUTO 00000KT 9SM FEW110 21/18 A2977 RMK AO2 SLP074 T02060183 $
MSN,2023-07-02 07:53,7.00,11000.00,KMSN 020753Z AUTO 00000KT 7SM BKN110 21/18 A2976 RMK AO2 SLP072 T02060183 $
MSN,2023-07-02 08:53,9.00,11000.00,KMSN 020853Z AUTO 33003KT 9SM OVC110 21/18 A2975 RMK AO2 SLP069 T02110183 58008 $
MSN,2023-07-02 09:53,10.00,11000.00,KMSN 020953Z AUTO 33003KT 10SM FEW110 21/17 A2975 RMK AO2 SLP069 T02060172 $
MSN,2023-07-02 10:53,9.00,6000.00,KMSN 021053Z 35005KT 9SM FEW060 SCT130 OVC180 20/17 A2976 RMK AO2 SLP073 T02000167 $
MSN,2023-07-02 11:53,8.00,13000.00,KMSN 021153Z 36003KT 8SM SCT130 BKN170 OVC240 21/17 A2978 RMK AO2 SLP077 70005 T02060172 10211 20200 53008 $
MSN,2023-07-02 12:53,7.00,13000.00,KMSN 021253Z VRB03KT 7SM FEW130 BKN190 BKN250 22/18 A2979 RMK AO2 SLP080 T02220178 $
MSN,2023-07-02 13:53,9.00,15000.00,KMSN 021353Z 03006KT 9SM FEW150 BKN190 BKN250 24/17 A2980 RMK AO2 SLP086 T02390172 $
MSN,2023-07-02 14:53,8.00,15000.00,KMSN 021453Z 03005KT 8SM SCT150 BKN180 BKN250 23/17 A2981 RMK AO2 SLP087 T02330172 51010 $
MSN,2023-07-02 15:53,10.00,15000.00,KMSN 021553Z 01005KT 10SM FEW150 SCT200 BKN250 25/17 A2981 RMK AO2 SLP088 T02500167 $
MSN,2023-07-02 16:53,10.00,4600.00,KMSN 021653Z VRB04KT 10SM FEW046 FEW150 BKN250 27/16 A2981 RMK AO2 SLP087 T02670161 $
MSN,2023-07-02 17:53,10.00,4800.00,KMSN 021753Z 05007KT 10SM SCT048 SCT150 BKN250 29/16 A2980 RMK AO2 SLP085 T02890161 10294 20206 58002 $
MSN,2023-07-02 18:53,10.00,4700.00,KMSN 021853Z 03008KT 10SM BKN047 BKN210 BKN250 29/16 A2980 RMK AO2 SLP083 T02940161 $
MSN,2023-07-02 19:53,10.00,5000.00,KMSN 021953Z 03007KT 10SM FEW050 SCT065 SCT090 BKN250 29/16 A2979 RMK AO2 SLP081 T02940161 $
MSN,2023-07-02 20:53,10.00,4900.00,KMSN 022053Z 05010KT 10SM FEW049 SCT090 BKN250 31/16 A2979 RMK AO2 SLP079 T03060161 57005 $
MSN,2023-07-02 21:53,10.00,5000.00,KMSN 022153Z 02010KT 10SM FEW050 FEW075 BKN250 30/16 A2978 RMK AO2 SLP077 T03000161 $
MSN,2023-07-02 22:53,10.00,6000.00,KMSN 022253Z 03007KT 10SM FEW060 FEW090 BKN250 30/16 A2978 RMK AO2 SLP077 T03000161 $
MSN,2023-07-02 23:53,10.00,5500.00,KMSN 022353Z 05010KT 10SM FEW055 BKN250 29/17 A2979 RMK AO2 SLP080 T02890167 10311 20278 53000 $
MSN,2023-07-03 00:53,10.00,6000.00,KMSN 030053Z 05006KT 10SM FEW060 BKN250 27/16 A2980 RMK AO2 SLP085 T02720161 $
MSN,2023-07-03 01:53,10.00,10000.00,KMSN 030153Z 05004KT 10SM FEW100 BKN250 25/17 A2981 RMK AO2 SLP090 T02500167 $
MSN,2023-07-03 02:53,10.00,6500.00,KMSN 030253Z 00000KT 10SM SCT065 BKN250 22/17 A2984 RMK AO2 SLP098 T02220167 53017 $
MSN,2023-07-03 03:53,10.00,6500.00,KMSN 030353Z 00000KT 10SM SCT065 22/17 A2984 RMK AO2 SLP100 LAST T02220167 $
MSN,2023-07-03 04:53,10.00,M,KMSN 030453Z 11003KT 10SM CLR 22/17 A2985 RMK AO2 SLP102 T02220167 $
MSN,2023-07-03 05:53,10.00,M,KMSN 030553Z 17004KT 10SM CLR 21/17 A2986 RMK AO2 SLP103 T02060167 10289 20206 403110200 53006 $
MSN,2023-07-03 06:53,10.00,M,KMSN 030653Z 19003KT 10SM CLR 21/17 A2986 RMK AO2 SLP106 T02110167 $
MSN,2023-07-03 07:53,10.00,M,KMSN 030753Z 00000KT 10SM CLR 18/17 A2986 RMK AO2 SLP105 T01830167 $
MSN,2023-07-03 08:53,10.00,M,KMSN 030853Z 00000KT 10SM CLR 17/16 A2987 RMK AO2 SLP109 T01720161 53004 $
MSN,2023-07-03 09:53,7.00,M,KMSN 030953Z 00000KT 7SM CLR 17/16 A2988 RMK AO2 SLP113 T01670161 $
MSN,2023-07-03 10:53,7.00,25000.00,KMSN 031053Z 00000KT 7SM FEW250 16/15 A2989 RMK AO2 SLP118 T01610150 $
MSN,2023-07-03 11:53,7.00,25000.00,KMSN 031153Z 00000KT 7SM FEW250 19/17 A2990 RMK AO2 SLP120 T01940167 10228 20161 51011
MSN,2023-07-03 12:53,10.00,25000.00,KMSN 031253Z 16003KT 10SM FEW250 23/17 A2991 RMK AO2 SLP122 T02280172
MSN,2023-07-03 13:53,10.00,25000.00,KMSN 031353Z 17005KT 10SM FEW250 25/17 A2992 RMK AO2 SLP124 T02500167
MSN,2023-07-03 14:53,10.00,25000.00,KMSN 031453Z 15003KT 10SM FEW250 27/17 A2992 RMK AO2 SLP127 T02670172 51006
MSN,2023-07-03 15:53,10.00,4500.00,KMSN 031553Z 31003KT 10SM SCT045 29/16 A2992 RMK AO2 SLP127 T02890161
MSN,2023-07-03 16:53,10.00,4900.00,KMSN 031653Z VRB04KT 10SM SCT049 29/14 A2993 RMK AO2 SLP127 T02940144
MSN,2023-07-03 17:53,10.00,5000.00,KMSN 031753Z 00000KT 10SM SCT050 31/14 A2992 RMK AO2 SLP126 T03060139 10311 20194 50000
MSN,2023-07-03 18:53,10.00,7000.00,KMSN 031853Z 23004KT 10SM SCT070 31/14 A2991 RMK AO2 SLP122 T03060139
MSN,2023-07-03 19:53,10.00,7000.00,KMSN 031953Z VRB03KT 10SM BKN070 32/13 A2991 RMK AO2 SLP121 T03220128
MSN,2023-07-03 20:53,10.00,7000.00,KMSN 032053Z 00000KT 10SM SCT070 32/12 A2990 RMK AO2 SLP117 T03220122 58009
MSN,2023-07-03 21:53,10.00,8000.00,KMSN 032153Z 00000KT 10SM SCT080 32/13 A2989 RMK AO2 SLP115 T03220128
MSN,2023-07-03 22:53,10.00,8000.00,KMSN 032253Z 21004KT 10SM SCT080 32/13 A2987 RMK AO2 SLP109 T03170133
MSN,2023-07-03 23:53,10.00,8000.00,KMSN 032353Z VRB06KT 10SM FEW080 31/13 A2988 RMK AO2 SLP111 T03110133 10333 20300 55005
MSN,2023-07-04 00:53,10.00,9000.00,KMSN 040053Z 27003KT 10SM FEW090 28/16 A2989 RMK AO2 SLP114 T02780156
MSN,2023-07-04 01:53,10.00,9000.00,KMSN 040153Z 24003KT 10SM FEW090 28/16 A2990 RMK AO2 SLP118 T02780156
MSN,2023-07-04 02:53,5.00,6500.00,KMSN 040253Z 23004KT 5SM HZ BKN065 27/18 A2992 RMK AO2 SLP123 T02670183 53012
MSN,2023-07-04 03:53,10.00,7000.00,KMSN 040353Z 00000KT 10SM SCT070 24/17 A2992 RMK AO2 SLP125 LAST T02440172
MSN,2023-07-04 04:53,10.00,7000.00,KMSN 040453Z AUTO 00000KT 10SM BKN070 27/18 A2994 RMK AO2 SLP130 T02670183
MSN,2023-07-04 05:53,10.00,4000.00,KMSN 040553Z AUTO 34011G22KT 10SM FEW040 BKN065 OVC090 24/16 A2996 RMK AO2 WSHFT 0536 LTG DSNT NE AND E SLP138 T02390156 10311 20233 403330161 53015
MSN,2023-07-04 06:53,10.00,M,KMSN 040653Z AUTO 00000KT 10SM CLR 21/16 A2997 RMK AO2 SLP142 T02110156
MSN,2023-07-04 07:53,10.00,M,KMSN 040753Z AUTO 00000KT 10SM CLR 20/16 A2995 RMK AO2 SLP134 T02000156
MSN,2023-07-04 08:53,10.00,M,KMSN 040853Z AUTO 00000KT 10SM CLR 21/16 A2993 RMK AO2 SLP128 T02060156 58009
MSN,2023-07-04 09:53,10.00,M,KMSN 040953Z AUTO 19008KT 10SM CLR 23/16 A2991 RMK AO2 SLP122 T02280161
MSN,2023-07-04 10:53,10.00,12000.00,KMSN 041053Z 34008KT 10SM FEW120 SCT190 BKN250 21/16 A2995 RMK AO2 PRESRR SLP136 T02110161
MSN,2023-07-04 11:53,10.00,11000.00,KMSN 041153Z 00000KT 10SM BKN110 BKN250 22/17 A2999 RMK AO2 SLP149 T02220167 10239 20189 53021
MSN,2023-07-04 12:53,10.00,13000.00,KMSN 041253Z 00000KT 10SM BKN130 BKN250 23/16 A3000 RMK AO2 SLP151 T02330161
MSN,2023-07-04 13:53,10.00,8000.00,KMSN 041353Z 00000KT 10SM FEW080 FEW130 BKN250 26/16 A2999 RMK AO2 SLP147 T02560161
MSN,2023-07-04 14:53,10.00,15000.00,KMSN 041453Z 14003KT 10SM FEW150 BKN250 28/16 A2998 RMK AO2 SLP144 T02780156 58005
MSN,2023-07-04 15:53,10.00,11000.00,KMSN 041553Z VRB05KT 10SM FEW110 BKN250 29/15 A2997 RMK AO2 SLP141 T02940150
MSN,2023-07-04 16:53,10.00,6000.00,KMSN 041653Z 15007KT 10SM FEW060 BKN250 31/16 A2996 RMK AO2 SLP136 T03060161
MSN,2023-07-04 17:53,10.00,6500.00,KMSN 041753Z 00000KT 10SM SCT065 BKN250 31/16 A2995 RMK AO2 SLP134 T03110161 10317 20222 58009
MSN,2023-07-04 18:53,10.00,10000.00,KMSN 041853Z VRB05KT 10SM BKN100 BKN250 33/17 A2995 RMK AO2 SLP135 T03280167
MSN,2023-07-04 19:53,10.00,4600.00,KMSN 041953Z 16006KT 10SM TS FEW046 BKN065CB BKN090 29/21 A2996 RMK AO2 LTG DSNT E-S RAB07E34 TSE04B07 SLP138 FRQ LTGCC OHD TS OHD MOV E P0027 T02890211
MSN,2023-07-04 20:53,10.00,8000.00,KMSN 042053Z 00000KT 10SM BKN080 BKN250 31/18 A2994 RMK AO2 LTG DSNT E AND SE TSE09B16E31 SLP133 60027 T03110183 58002
MSN,2023-07-04 21:53,10.00,6000.00,KMSN 042153Z 24004KT 10SM BKN060 BKN110 31/18 A2994 RMK AO2 SLP131 T03110178
MSN,2023-07-04 22:53,10.00,7500.00,KMSN 042253Z 18004KT 10SM FEW075 SCT090 BKN150 32/18 A2993 RMK AO2 SLP126 T03170183
MSN,2023-07-04 23:53,10.00,7500.00,KMSN 042353Z 23003KT 10SM SCT075 BKN150 31/18 A2992 RMK AO2 SLP124 60027 T03060178 10328 20244 58008
MSN,2023-07-05 00:53,10.00,7500.00,KMSN 050053Z VRB03KT 10SM FEW075 FEW150 30/18 A2991 RMK AO2 SLP120 T03000178
MSN,2023-07-05 01:53,10.00,15000.00,KMSN 050153Z 22003KT 10SM FEW150 28/19 A2992 RMK AO2 SLP124 T02830189
MSN,2023-07-05 02:53,10.00,15000.00,KMSN 050253Z 00000KT 10SM FEW150 27/19 A2995 RMK AO2 SLP134 T02670194 53010
MSN,2023-07-05 03:53,9.00,M,KMSN 050353Z 00000KT 9SM CLR 24/20 A2996 RMK AO2 SLP138 LAST T02390200
MSN,2023-07-05 04:53,10.00,M,KMSN 050453Z AUTO 18005KT 10SM CLR 26/20 A2996 RMK AO2 SLP138 T02610200
MSN,2023-07-05 05:53,10.00,M,KMSN 050553Z AUTO 17004KT 10SM CLR 26/20 A2995 RMK AO2 SLP136 T02560200 10311 20239 403280189 50002
MSN,2023-07-05 06:53,10.00,M,KMSN 050653Z AUTO 00000KT 10SM CLR 23/20 A2994 RMK AO2 SLP132 T02330200
MSN,2023-07-05 07:53,10.00,M,KMSN 050753Z AUTO 18006KT 10SM CLR 25/20 A2994 RMK AO2 SLP130 T02500200
MSN,2023-07-05 08:53,10.00,M,KMSN 050853Z AUTO 17004KT 10SM CLR 24/20 A2994 RMK AO2 SLP131 T02390200 55004
MSN,2023-07-05 09:53,10.00,M,KMSN 050953Z AUTO 22003KT 10SM CLR 23/20 A2994 RMK AO2 SLP132 T02330200
MSN,2023-07-05 10:53,10.00,15000.00,KMSN 051053Z 21003KT 10SM SCT150 BKN250 24/20 A2994 RMK AO2 SLP133 T02390200
MSN,2023-07-05 11:53,10.00,15000.00,KMSN 051153Z 23004KT 10SM FEW150 BKN250 24/20 A2994 RMK AO2 SLP131 70027 T02440200 10256 20228 58001
MSN,2023-07-05 12:53,10.00,6000.00,KMSN 051253Z VRB03KT 10SM SCT060 BKN250 26/20 A2994 RMK AO2 SLP131 T02560200
MSN,2023-07-05 13:53,10.00,6000.00,KMSN 051353Z 00000KT 10SM FEW060 SCT110 SCT250 27/20 A2993 RMK AO2 SLP129 T02670200
MSN,2023-07-05 14:53,10.00,3600.00,KMSN 051453Z VRB04KT 10SM SCT036 SCT120 29/21 A2992 RMK AO2 SLP125 T02940206 58005
MSN,2023-07-05 15:53,10.00,3400.00,KMSN 051553Z 04005KT 10SM SCT034 SCT065 BKN250 30/21 A2992 RMK AO2 SLP123 T03000206
MSN,2023-07-05 16:53,10.00,3800.00,KMSN 051653Z VRB06KT 10SM BKN038TCU BKN070 BKN250 31/21 A2992 RMK AO2 LTG DSNT SE SLP123 TCU OHD T03060206
MSN,2023-07-05 17:53,10.00,4300.00,KMSN 051753Z 19010G18KT 150V210 10SM -TSRA BKN043CB OVC060 27/18 A2993 RMK AO2 LTG DSNT ALQDS RAB37 TSB02 SLP129 FRQ LTGCGICCC OHD TS OHD MOV NE P0000 60000 T02720183 10311 20244 53004 $
MSN,2023-07-05 18:53,10.00,3800.00,KMSN 051853Z 05009KT 10SM VCTS BKN038 OVC150 26/20 A2994 RMK AO2 LTG DSNT ALQDS RAE16 TSE42 SLP133 P0002 T02560200 $
MSN,2023-07-05 19:53,10.00,3600.00,KMSN 051953Z 09005KT 10SM SCT036 OVC240 25/19 A2995 RMK AO2 LTG DSNT E-SW SLP134 T02500194 $
MSN,2023-07-05 20:53,6.00,6000.00,KMSN 052053Z 22003KT 6SM VCTS -RA BR FEW060 BKN085 OVC100 23/21 A2993 RMK AO2 LTG DSNT S AND SW RAB12 TSB16E40 SLP130 P0028 60030 T02330211 58003 $
MSN,2023-07-05 21:53,5.00,9500.00,KMSN 052153Z 00000KT 5SM BR BKN095 BKN110 OVC150 23/21 A2992 RMK AO2 LTG DSNT SW AND W RAE41 TSB2055E13 SLP127 P0006 T02280211 $
MSN,2023-07-05 22:53,2.50,3600.00,KMSN 052253Z 34008KT 2 1/2SM -TSRA BR FEW036CB BKN095 OVC110 22/21 A2992 RMK AO2 SFC VIS 3 LTG DSNT W-N RAB06 TSB07 SLP125 OCNL LTGCC OHD TS OHD MOV NE P0009 T02220206 $
MSN,2023-07-05 23:53,10.00,7000.00,KMSN 052353Z 31005KT 10SM SCT070 BKN150 23/20 A2992 RMK AO2 LTG DSNT NE RAE20 TSE2259 SLP125 P0001 60046 T02330200 10272 20217 56005 $
MSN,2023-07-06 00:53,10.00,9500.00,KMSN 060053Z 00000KT 10SM BKN095 BKN150 23/20 A2994 RMK AO2 SLP133 T02330200 $
MSN,2023-07-06 01:53,10.00,4100.00,KMSN 060153Z 36004KT 10SM OVC041 22/17 A2996 RMK AO2 SLP141 T02170172 $
MSN,2023-07-06 02:53,10.00,4600.00,KMSN 060253Z 00000KT 10SM OVC046 20/17 A2998 RMK AO2 SLP147 T02000172 51022 $
MSN,2023-07-06 03:53,10.00,5500.00,KMSN 060353Z 29003KT 10SM OVC055 20/18 A2998 RMK AO2 SLP145 LAST T02000178 $
MSN,2023-07-06 04:53,10.00,6000.00,KMSN 060453Z AUTO 29004KT 10SM BKN060 20/17 A2997 RMK AO2 SLP142 T02000172 $
MSN,2023-07-06 05:53,10.00,6500.00,KMSN 060553Z AUTO 00000KT 10SM OVC065 19/17 A2997 RMK AO2 SLP142 T01890172 10239 20189 403110189 56005 $
MSN,2023-07-06 06:53,10.00,8000.00,KMSN 060653Z AUTO 32005KT 10SM SCT080 19/17 A2997 RMK AO2 SLP143 T01940167 $
MSN,2023-07-06 07:53,10.00,M,KMSN 060753Z AUTO 32005KT 10SM CLR 19/16 A2997 RMK AO2 SLP144 T01890156 $
MSN,2023-07-06 08:53,10.00,M,KMSN 060853Z AUTO 32006KT 10SM CLR 18/14 A2996 RMK AO2 SLP143 T01780144 58001 $
MSN,2023-07-06 09:53,10.00,M,KMSN 060953Z AUTO 32006KT 10SM CLR 18/14 A2996 RMK AO2 SLP141 T01780144 $
MSN,2023-07-06 10:53,10.00,3000.00,KMSN 061053Z 33005KT 10SM FEW030 FEW250 17/14 A2997 RMK AO2 SLP146 T01720144 $
MSN,2023-07-06 11:53,10.00,1300.00,KMSN 061153Z 33005KT 10SM BKN013 18/14 A2999 RMK AO2 SLP153 70046 T01780144 10200 20172 51012
MSN,2023-07-06 12:53,10.00,1300.00,KMSN 061253Z 33006KT 10SM OVC013 19/15 A3001 RMK AO2 SLP157 T01890150
MSN,2023-07-06 13:53,10.00,1400.00,KMSN 061353Z 35008KT 10SM OVC014 19/16 A3001 RMK AO2 SLP159 T01940156
MSN,2023-07-06 14:53,10.00,1900.00,KMSN 061453Z 33004KT 10SM BKN019 BKN060 22/16 A3000 RMK AO2 SLP155 T02170161 50002
MSN,2023-07-06 15:53,10.00,2300.00,KMSN 061553Z 34006KT 10SM BKN023 22/16 A2999 RMK AO2 SLP152 T02220161
MSN,2023-07-06 16:53,10.00,3000.00,KMSN 061653Z 34007KT 10SM BKN030 BKN250 23/16 A3000 RMK AO2 SLP155 T02330156
MSN,2023-07-06 17:53,10.00,3600.00,KMSN 061753Z VRB05KT 10SM BKN036 BKN250 24/14 A3000 RMK AO2 SLP154 T02440144 10256 20178 56001
MSN,2023-07-06 18:53,10.00,3900.00,KMSN 061853Z 33009KT 10SM BKN039 BKN250 26/14 A2999 RMK AO2 SLP151 T02560139
MSN,2023-07-06 19:53,10.00,4100.00,KMSN 061953Z 32007KT 10SM SCT041 BKN250 26/12 A2999 RMK AO2 SLP149 T02610122
MSN,2023-07-06 20:53,10.00,4700.00,KMSN 062053Z 36006KT 10SM SCT047 BKN250 25/11 A2998 RMK AO2 SLP148 T02500111 57005
MSN,2023-07-06 21:53,10.00,6000.00,KMSN 062153Z 36009KT 10SM SCT060 SCT250 26/11 A2998 RMK AO2 SLP148 T02560111
MSN,2023-07-06 22:53,10.00,6000.00,KMSN 062253Z 32007KT 10SM FEW060 FEW250 25/11 A2998 RMK AO2 SLP147 T02500106
MSN,2023-07-06 23:53,10.00,6000.00,KMSN 062353Z 33007KT 10SM FEW060 FEW250 24/11 A2997 RMK AO2 SLP145 T02390106 10267 20239 58004
MSN,2023-07-07 00:53,10.00,6500.00,KMSN 070053Z 34005KT 10SM FEW065 FEW250 22/11 A2997 RMK AO2 SLP146 T02220106
MSN,2023-07-07 01:53,10.00,6500.00,KMSN 070153Z 32005KT 10SM FEW065 FEW250 19/10 A2998 RMK AO2 SLP149 T01940100
MSN,2023-07-07 02:53,10.00,25000.00,KMSN 070253Z 32004KT 10SM FEW250 18/09 A3001 RMK AO2 SLP158 T01830094 53012
MSN,2023-07-07 03:53,10.00,6000.00,KMSN 070353Z 32003KT 10SM FEW060 SCT250 17/10 A3001 RMK AO2 SLP160 LAST T01670100
MSN,2023-07-07 04:53,10.00,M,KMSN 070453Z AUTO 31003KT 10SM CLR 15/10 A3002 RMK AO2 SLP162 T01500100
MSN,2023-07-07 05:53,10.00,6000.00,KMSN 070553Z AUTO 36003KT 10SM BKN060 15/10 A3002 RMK AO2 SLP162 T01500100 10239 20144 402670144 50004
MSN,2023-07-07 06:53,10.00,6500.00,KMSN 070653Z AUTO 02003KT 10SM BKN065 14/10 A3002 RMK AO2 SLP161 T01440100
MSN,2023-07-07 07:53,10.00,6500.00,KMSN 070753Z AUTO 00000KT 10SM OVC065 14/11 A3003 RMK AO2 SLP164 T01390106
MSN,2023-07-07 08:53,10.00,6500.00,KMSN 070853Z AUTO 00000KT 10SM OVC065 14/11 A3002 RMK AO2 SLP162 T01440111 50001
MSN,2023-07-07 09:53,10.00,6000.00,KMSN 070953Z AUTO 00000KT 10SM SCT060 13/10 A3001 RMK AO2 SLP161 T01330100
MSN,2023-07-07 10:53,10.00,6000.00,KMSN 071053Z 00000KT 10SM BKN060 12/10 A3002 RMK AO2 SLP163 T01220100
MSN,2023-07-07 11:53,10.00,6000.00,KMSN 071153Z 00000KT 10SM FEW060 15/11 A3002 RMK AO2 SLP162 T01500106 10150 20117 55000
MSN,2023-07-07 12:53,10.00,M,KMSN 071253Z 35003KT 10SM CLR 17/11 A3003 RMK AO2 SLP165 T01720106
MSN,2023-07-07 13:53,10.00,25000.00,KMSN 071353Z VRB05KT 10SM FEW250 19/11 A3002 RMK AO2 SLP163 T01940111
MSN,2023-07-07 14:53,10.00,4500.00,KMSN 071453Z 36003KT 10SM FEW045 FEW250 22/11 A3002 RMK AO2 SLP162 T02170106 58000
MSN,2023-07-07 15:53,10.00,4800.00,KMSN 071553Z 36004KT 10SM SCT048 SCT250 23/10 A3001 RMK AO2 SLP159 T02280100
MSN,2023-07-07 16:53,10.00,5000.00,KMSN 071653Z 02007KT 10SM SCT050 BKN250 23/10 A2999 RMK AO2 SLP153 T02330100
MSN,2023-07-07 17:53,10.00,5000.00,KMSN 071753Z 09005KT 10SM SCT050 BKN250 24/10 A2998 RMK AO2 SLP149 T02390100 10239 20150 58013
MSN,2023-07-07 18:53,10.00,5500.00,KMSN 071853Z 35003KT 10SM FEW055 BKN250 24/10 A2996 RMK AO2 SLP143 T02440100
MSN,2023-07-07 19:53,10.00,5500.00,KMSN 071953Z VRB03KT 10SM FEW055 BKN250 24/09 A2995 RMK AO2 SLP137 T02440089
MSN,2023-07-07 20:53,10.00,5500.00,KMSN 072053Z VRB04KT 10SM FEW055 BKN250 25/09 A2994 RMK AO2 SLP134 T02500094 56015
MSN,2023-07-07 21:53,10.00,5500.00,KMSN 072153Z 00000KT 10SM FEW055 BKN190 BKN230 24/11 A2993 RMK AO2 SLP134 T02440106
MSN,2023-07-07 22:53,10.00,6500.00,KMSN 072253Z VRB04KT 10SM FEW065 FEW120 BKN140 OVC250 23/10 A2992 RMK AO2 SLP130 T02330100
MSN,2023-07-07 23:53,10.00,6500.00,KMSN 072353Z 23008KT 10SM FEW065 BKN100 OVC140 23/09 A2992 RMK AO2 SLP129 T02280094 10256 20228 58005
MSN,2023-07-08 00:53,10.00,6500.00,KMSN 080053Z 24007KT 10SM FEW065 OVC085 20/12 A2993 RMK AO2 RAB04E36 SLP133 P0000 T02000117
MSN,2023-07-08 01:53,10.00,5000.00,KMSN 080153Z 25005KT 10SM FEW050 BKN065 OVC080 19/11 A2993 RMK AO2 RAB0054E12 SLP132 P0000 T01940106
MSN,2023-07-08 02:53,10.00,4800.00,KMSN 080253Z 28005KT 10SM FEW048 OVC060 20/10 A2993 RMK AO2 SLP132 60000 T02000100 51005
MSN,2023-07-08 03:53,10.00,6000.00,KMSN 080353Z 03003KT 10SM BKN060 OVC070 19/11 A2991 RMK AO2 SLP125 LAST T01940106
MSN,2023-07-08 04:53,10.00,6000.00,KMSN 080453Z AUTO 00000KT 10SM OVC060 20/10 A2992 RMK AO2 SLP126 T02000100
MSN,2023-07-08 05:53,10.00,5500.00,KMSN 080553Z AUTO 00000KT 10SM OVC055 20/12 A2992 RMK AO2 SLP126 60000 T02000122 10228 20183 402560117 56006
MSN,2023-07-08 06:53,10.00,5500.00,KMSN 080653Z AUTO 35008KT 10SM OVC055 18/13 A2990 RMK AO2 SLP121 T01780128
MSN,2023-07-08 07:53,10.00,6000.00,KMSN 080753Z AUTO 01004KT 10SM OVC060 18/12 A2990 RMK AO2 SLP121 T01830117
MSN,2023-07-08 08:53,10.00,4300.00,KMSN 080853Z AUTO 08006KT 10SM OVC043 18/12 A2990 RMK AO2 SLP120 T01780122 56005
MSN,2023-07-08 09:53,10.00,5500.00,KMSN 080953Z AUTO 00000KT 10SM OVC055 18/12 A2990 RMK AO2 SLP122 T01780122
MSN,2023-07-08 10:53,10.00,4900.00,KMSN 081053Z 00000KT 10SM BKN049 OVC070 17/13 A2991 RMK AO2 SLP123 VIRGA OHD T01670128
MSN,2023-07-08 11:53,10.00,4900.00,KMSN 081153Z 00000KT 10SM SCT049 OVC065 18/13 A2991 RMK AO2 SLP126 T01830128 10200 20167 53005
MSN,2023-07-08 12:53,10.00,4900.00,KMSN 081253Z 00000KT 10SM FEW049 BKN070 19/13 A2992 RMK AO2 SLP127 VIRGA OHD T01890128
MSN,2023-07-08 13:53,10.00,4200.00,KMSN 081353Z 35004KT 10SM FEW042 SCT065 SCT250 20/13 A2992 RMK AO2 SLP127 T02000128
MSN,2023-07-08 14:53,10.00,3800.00,KMSN 081453Z 34005KT 10SM FEW038 FEW065 SCT250 22/13 A2991 RMK AO2 SLP124 T02170133 58001
MSN,2023-07-08 15:53,10.00,2700.00,KMSN 081553Z 29005KT 10SM SCT027 SCT250 23/12 A2991 RMK AO2 SLP123 T02280122
MSN,2023-07-08 16:53,10.00,3600.00,KMSN 081653Z 33006KT 10SM SCT036 23/12 A2991 RMK AO2 SLP123 T02330122
MSN,2023-07-08 17:53,10.00,4000.00,KMSN 081753Z VRB03KT 10SM BKN040 25/13 A2990 RMK AO2 SLP119 T02500128 10256 20183 58004
MSN,2023-07-08 18:53,10.00,4200.00,KMSN 081853Z 32005KT 10SM SCT042 BKN080 25/13 A2989 RMK AO2 SLP116 T02500128
MSN,2023-07-08 19:53,10.00,6500.00,KMSN 081953Z 31006KT 10SM SCT065 SCT090 27/12 A2987 RMK AO2 SLP109 T02670117
MSN,2023-07-08 20:53,10.00,6000.00,KMSN 082053Z 04006KT 10SM SCT060 BKN085 28/11 A2986 RMK AO2 SLP105 T02780111 57013
MSN,2023-07-08 21:53,10.00,6500.00,KMSN 082153Z VRB04KT 10SM SCT065 BKN090 28/10 A2985 RMK AO2 SLP102 T02780100
MSN,2023-07-08 22:53,10.00,7000.00,KMSN 082253Z 33004KT 10SM FEW070 SCT100 SCT250 26/11 A2984 RMK AO2 SLP100 T02610111
MSN,2023-07-08 23:53,10.00,7000.00,KMSN 082353Z 34003KT 10SM FEW070 SCT095 26/11 A2984 RMK AO2 SLP098 T02610106 10283 20239 56008
MSN,2023-07-09 00:53,10.00,7000.00,KMSN 090053Z 30003KT 10SM FEW070 FEW095 24/12 A2984 RMK AO2 SLP102 T02440117
MSN,2023-07-09 01:53,10.00,7000.00,KMSN 090153Z 30004KT 10SM FEW070 FEW100 22/12 A2985 RMK AO2 SLP104 T02170117
MSN,2023-07-09 02:53,10.00,7000.00,KMSN 090253Z 29003KT 10SM FEW070 20/12 A2987 RMK AO2 SLP110 T02000117 53012
MSN,2023-07-09 03:53,10.00,7000.00,KMSN 090353Z 29003KT 10SM FEW070 19/11 A2988 RMK AO2 SLP114 LAST T01890111
MSN,2023-07-09 04:53,10.00,9000.00,KMSN 090453Z AUTO 31003KT 10SM BKN090 20/11 A2989 RMK AO2 SLP117 T02000106
MSN,2023-07-09 05:53,10.00,9000.00,KMSN 090553Z AUTO 30003KT 10SM FEW090 19/11 A2989 RMK AO2 SLP117 T01890106 10261 20178 402830167 51007
MSN,2023-07-09 06:53,10.00,M,KMSN 090653Z AUTO 31003KT 10SM CLR 17/11 A2989 RMK AO2 SLP117 T01720106
MSN,2023-07-09 07:53,10.00,M,KMSN 090753Z AUTO 00000KT 10SM CLR 14/11 A2988 RMK AO2 SLP115 T01440111
MSN,2023-07-09 08:53,10.00,M,KMSN 090853Z AUTO 00000KT 10SM CLR 14/11 A2988 RMK AO2 SLP113 T01390111 58004
MSN,2023-07-09 09:53,10.00,M,KMSN 090953Z AUTO 00000KT 10SM CLR 13/11 A2988 RMK AO2 SLP116 T01280111
MSN,2023-07-09 10:53,10.00,25000.00,KMSN 091053Z 00000KT 10SM FEW250 13/12 A2989 RMK AO2 SLP119 T01330117
MSN,2023-07-09 11:53,10.00,25000.00,KMSN 091153Z 29003KT 10SM FEW250 17/12 A2990 RMK AO2 SLP121 T01670122 10189 20122 53007
MSN,2023-07-09 12:53,10.00,25000.00,KMSN 091253Z 00000KT 10SM FEW250 19/13 A2992 RMK AO2 SLP126 T01940133
MSN,2023-07-09 13:53,10.00,25000.00,KMSN 091353Z 30005KT 10SM FEW250 22/13 A2992 RMK AO2 SLP127 T02220133
MSN,2023-07-09 14:53,10.00,25000.00,KMSN 091453Z VRB04KT 10SM SCT250 24/14 A2992 RMK AO2 SLP127 T02440139 50006
MSN,2023-07-09 15:53,10.00,2800.00,KMSN 091553Z 34010KT 10SM SCT028 BKN250 26/10 A2992 RMK AO2 SLP128 T02560100
MSN,2023-07-09 16:53,10.00,6500.00,KMSN 091653Z 20007KT 10SM SCT065 BKN250 26/09 A2992 RMK AO2 SLP127 T02610094
MSN,2023-07-09 17:53,10.00,6000.00,KMSN 091753Z VRB04KT 10SM SCT060 SCT250 27/09 A2991 RMK AO2 SLP124 T02670089 10272 20167 58002
MSN,2023-07-09 18:53,10.00,6000.00,KMSN 091853Z VRB05KT 10SM FEW060 FEW250 27/09 A2990 RMK AO2 SLP121 T02720089
MSN,2023-07-09 19:53,10.00,7000.00,KMSN 091953Z 22007KT 10SM FEW070 FEW250 28/09 A2989 RMK AO2 SLP116 T02780094
MSN,2023-07-09 20:53,10.00,7500.00,KMSN 092053Z 22008KT 10SM FEW075 FEW250 28/09 A2988 RMK AO2 SLP113 T02780089 56011
MSN,2023-07-09 21:53,10.00,8000.00,KMSN 092153Z VRB06KT 10SM FEW080 FEW250 28/09 A2987 RMK AO2 SLP111 T02830089
MSN,2023-07-09 22:53,10.00,8000.00,KMSN 092253Z 23004KT 10SM FEW080 28/09 A2986 RMK AO2 SLP108 T02780089
MSN,2023-07-09 23:53,10.00,8000.00,KMSN 092353Z 25006KT 10SM FEW080 27/10 A2986 RMK AO2 SLP108 T02720100 10289 20261 55005
MSN,2023-07-10 00:53,10.00,M,KMSN 100053Z 00000KT 10SM CLR 26/11 A2986 RMK AO2 SLP106 T02610106
MSN,2023-07-10 01:53,10.00,M,KMSN 100153Z 00000KT 10SM CLR 24/11 A2986 RMK AO2 SLP106 T02390106
MSN,2023-07-10 02:53,10.00,M,KMSN 100253Z VRB03KT 10SM CLR 23/11 A2988 RMK AO2 SLP114 T02330111 53007
MSN,2023-07-10 03:53,10.00,M,KMSN 100353Z VRB03KT 10SM CLR 23/12 A2988 RMK AO2 SLP113 LAST T02280117
MSN,2023-07-10 04:53,10.00,M,KMSN 100453Z AUTO VRB04KT 10SM CLR 22/12 A2988 RMK AO2 SLP114 T02220122
MSN,2023-07-10 05:53,10.00,M,KMSN 100553Z AUTO VRB03KT 10SM CLR 22/13 A2988 RMK AO2 SLP112 T02170128 10272 20211 402890122 58001
MSN,2023-07-10 06:53,10.00,M,KMSN 100653Z AUTO 22004KT 10SM CLR 22/13 A2987 RMK AO2 SLP111 T02170133
MSN,2023-07-10 07:53,10.00,M,KMSN 100753Z AUTO 22005KT 10SM CLR 22/14 A2987 RMK AO2 SLP109 T02170139
MSN,2023-07-10 08:53,10.00,M,KMSN 100853Z AUTO 23004KT 10SM CLR 21/13 A2988 RMK AO2 SLP113 T02110133 53001
MSN,2023-07-10 09:53,10.00,M,KMSN 100953Z AUTO 22004KT 10SM CLR 20/13 A2988 RMK AO2 SLP114 T02000133
MSN,2023-07-10 10:53,10.00,11000.00,KMSN 101053Z 22004KT 10SM FEW110 19/13 A2989 RMK AO2 SLP114 T01940133
MSN,2023-07-10 11:53,10.00,M,KMSN 101153Z 23005KT 10SM CLR 21/13 A2989 RMK AO2 SLP116 T02110133 10217 20194 53002
MSN,2023-07-10 12:53,10.00,M,KMSN 101253Z VRB06KT 10SM CLR 22/13 A2989 RMK AO2 SLP117 T02170133
MSN,2023-07-10 13:53,10.00,M,KMSN 101353Z 23007KT 10SM CLR 24/13 A2990 RMK AO2 SLP118 T02390133
MSN,2023-07-10 14:53,10.00,M,KMSN 101453Z 23006G18KT 10SM CLR 26/14 A2989 RMK AO2 SLP115 T02560144 58001
MSN,2023-07-10 15:53,10.00,M,KMSN 101553Z 23008G17KT 10SM CLR 27/16 A2988 RMK AO2 SLP112 T02720161
MSN,2023-07-10 16:53,10.00,M,KMSN 101653Z 24007G17KT 10SM CLR 28/15 A2987 RMK AO2 SLP107 T02830150
MSN,2023-07-10 17:53,10.00,M,KMSN 101753Z 25008G18KT 220V280 10SM CLR 29/14 A2986 RMK AO2 SLP104 T02890144 10294 20211 58010
MSN,2023-07-10 18:53,10.00,4800.00,KMSN 101853Z 24008G15KT 10SM FEW048 30/14 A2985 RMK AO2 SLP100 T03000144
MSN,2023-07-10 19:53,10.00,5500.00,KMSN 101953Z 23010G19KT 10SM FEW055 31/13 A2983 RMK AO2 SLP095 T03060133
MSN,2023-07-10 20:53,10.00,6000.00,KMSN 102053Z 24010G20KT 200V280 10SM FEW060 31/14 A2982 RMK AO2 SLP092 T03060139 56011
MSN,2023-07-10 21:53,10.00,6500.00,KMSN 102153Z 23007G22KT 190V270 10SM FEW065 30/14 A2982 RMK AO2 SLP091 T03000144
MSN,2023-07-10 22:53,10.00,6500.00,KMSN 102253Z 23007G15KT 200V260 10SM FEW065 30/16 A2981 RMK AO2 SLP088 T03000156
MSN,2023-07-10 23:53,10.00,6500.00,KMSN 102353Z 21008G19KT 10SM FEW065 29/15 A2980 RMK AO2 SLP086 T02940150 10306 20289 58006
MSN,2023-07-11 00:53,10.00,10000.00,KMSN 110053Z 20010G17KT 10SM FEW100 FEW300 28/15 A2980 RMK AO2 SLP084 T02830150
MSN,2023-07-11 01:53,10.00,8500.00,KMSN 110153Z 21008KT 10SM FEW085 FEW300 27/16 A2981 RMK AO2 SLP086 T02720156
MSN,2023-07-11 02:53,10.00,7000.00,KMSN 110253Z VRB06KT 10SM BKN070 26/16 A2982 RMK AO2 SLP091 T02610161 53005
MSN,2023-07-11 03:53,10.00,7000.00,KMSN 110353Z 22006G19KT 10SM FEW070 26/17 A2982 RMK AO2 SLP088 LAST T02560167
MSN,2023-07-11 04:53,10.00,7000.00,KMSN 110453Z AUTO VRB06G17KT 10SM SCT070 26/16 A2983 RMK AO2 SLP095 T02560161
MSN,2023-07-11 05:53,10.00,6000.00,KMSN 110553Z AUTO VRB04KT 10SM BKN060 25/16 A2982 RMK AO2 LTG DSNT NW SLP089 T02500161 10294 20250 403060194 58000
MSN,2023-07-11 06:53,10.00,5000.00,KMSN 110653Z AUTO VRB03KT 10SM TS FEW050 SCT075 BKN110 22/18 A2984 RMK AO2 LTG DSNT SE AND S RAB15E53 TSE0558B08 SLP099 P0003 T02220178
MSN,2023-07-11 07:53,10.00,4500.00,KMSN 110753Z AUTO 00000KT 10SM FEW045 21/18 A2984 RMK AO2 LTG DSNT SE TSE05 SLP098 T02060183
MSN,2023-07-11 08:53,10.00,M,KMSN 110853Z AUTO 00000KT 10SM CLR 19/18 A2983 RMK AO2 SLP094 60003 T01940178 50004
MSN,2023-07-11 09:53,10.00,M,KMSN 110953Z AUTO 34003KT 10SM CLR 19/18 A2984 RMK AO2 SLP098 T01890178
MSN,2023-07-11 10:53,10.00,15000.00,KMSN 111053Z 35005KT 10SM FEW150 BKN250 18/15 A2987 RMK AO2 SLP109 T01830150
MSN,2023-07-11 11:53,10.00,6000.00,KMSN 111153Z 35005KT 10SM FEW060 18/14 A2988 RMK AO2 SLP113 60003 70003 T01780144 10250 20172 53017
MSN,2023-07-11 12:53,10.00,25000.00,KMSN 111253Z 35006KT 10SM FEW250 19/14 A2989 RMK AO2 SLP117 T01940144
MSN,2023-07-11 13:53,10.00,25000.00,KMSN 111353Z 02012KT 10SM FEW250 20/12 A2991 RMK AO2 SLP123 T02000122
MSN,2023-07-11 14:53,10.00,M,KMSN 111453Z 03012KT 10SM CLR 22/11 A2992 RMK AO2 SLP126 T02170111 51012
MSN,2023-07-11 15:53,10.00,M,KMSN 111553Z VRB04KT 10SM CLR 22/11 A2994 RMK AO2 SLP133 T02220111
MSN,2023-07-11 16:53,10.00,25000.00,KMSN 111653Z VRB04KT 10SM FEW250 24/12 A2995 RMK AO2 SLP136 T02390122
MSN,2023-07-11 17:53,10.00,25000.00,KMSN 111753Z 36005KT 10SM SCT250 25/12 A2995 RMK AO2 SLP137 T02500117 10250 20178 51012
MSN,2023-07-11 18:53,10.00,25000.00,KMSN 111853Z 35004KT 10SM BKN250 26/10 A2994 RMK AO2 SLP133 T02610100
MSN,2023-07-11 19:53,10.00,25000.00,KMSN 111953Z 34010KT 10SM BKN250 27/07 A2994 RMK AO2 SLP132 T02670072
MSN,2023-07-11 20:53,10.00,25000.00,KMSN 112053Z 34006KT 10SM SCT250 27/08 A2993 RMK AO2 SLP130 T02720078 56008
MSN,2023-07-11 21:53,10.00,25000.00,KMSN 112153Z 33005KT 10SM SCT250 27/08 A2992 RMK AO2 SLP126 T02720078
MSN,2023-07-11 22:53,10.00,25000.00,KMSN 112253Z 36007KT 10SM BKN250 27/08 A2991 RMK AO2 SLP124 T02670083
MSN,2023-07-11 23:53,10.00,25000.00,KMSN 112353Z 35003KT 10SM BKN250 26/09 A2992 RMK AO2 SLP128 T02560094 10278 20250 55003
MSN,2023-07-12 00:53,10.00,25000.00,KMSN 120053Z 33003KT 10SM BKN250 22/11 A2992 RMK AO2 SLP127 T02220111
MSN,2023-07-12 01:53,10.00,17000.00,KMSN 120153Z 33003KT 10SM SCT170 BKN250 20/11 A2993 RMK AO2 SLP132 T02000111
MSN,2023-07-12 02:53,10.00,16000.00,KMSN 120253Z 00000KT 10SM BKN160 BKN250 20/11 A2995 RMK AO2 SLP138 T02000111 53010
MSN,2023-07-12 03:53,10.00,16000.00,KMSN 120353Z 00000KT 10SM BKN160 BKN250 18/12 A2995 RMK AO2 SLP139 LAST T01830117
MSN,2023-07-12 04:53,10.00,M,KMSN 120453Z AUTO 00000KT 10SM CLR 17/11 A2996 RMK AO2 SLP140 T01720106
MSN,2023-07-12 05:53,10.00,10000.00,KMSN 120553Z AUTO 00000KT 10SM BKN100 BKN120 18/12 A2997 RMK AO2 SLP144 T01830117 10256 20167 402780167 53005
MSN,2023-07-12 06:53,10.00,11000.00,KMSN 120653Z AUTO 12006KT 10SM OVC110 19/14 A2994 RMK AO2 RAB30E42 SLP135 P0000 T01890144
MSN,2023-07-12 07:53,10.00,9000.00,KMSN 120753Z AUTO 12007KT 10SM FEW090 BKN110 18/12 A2994 RMK AO2 SLP134 T01830117
MSN,2023-07-12 08:53,10.00,M,KMSN 120853Z AUTO 13006KT 10SM CLR 17/11 A2993 RMK AO2 SLP131 60000 T01720111 56012
MSN,2023-07-12 09:53,10.00,M,KMSN 120953Z AUTO 15005KT 10SM CLR 17/11 A2995 RMK AO2 SLP139 T01720111
MSN,2023-07-12 10:53,10.00,5500.00,KMSN 121053Z 10006KT 10SM FEW055 SCT080 BKN250 16/12 A2993 RMK AO2 SLP129 T01610117
MSN,2023-07-12 11:53,10.00,8000.00,KMSN 121153Z 11004KT 10SM FEW080 FEW150 SCT250 18/12 A2993 RMK AO2 SLP131 60000 T01780117 10194 20161 58000
MSN,2023-07-12 12:53,10.00,12000.00,KMSN 121253Z 13010KT 10SM FEW120 BKN250 19/12 A2992 RMK AO2 SLP127 T01940117
MSN,2023-07-12 13:53,10.00,4000.00,KMSN 121353Z 13012KT 10SM FEW040 FEW150 BKN250 21/11 A2992 RMK AO2 SLP127 T02110111
MSN,2023-07-12 14:53,10.00,2400.00,KMSN 121453Z 13011KT 10SM OVC024 21/12 A2989 RMK AO2 SLP117 T02110117 58015
MSN,2023-07-12 15:53,10.00,2300.00,KMSN 121553Z 13009KT 10SM OVC023 21/12 A2987 RMK AO2 LTG DSNT SW AND W SLP111 T02110122
MSN,2023-07-12 16:53,4.00,2800.00,KMSN 121653Z 16009KT 4SM RA OVC028 19/16 A2988 RMK AO2 RAB16 SLP114 P0007 T01890156
MSN,2023-07-12 17:53,5.00,10000.00,KMSN 121753Z 13003KT 5SM -RA BR OVC100 18/16 A2984 RMK AO2 PRESRR SLP102 P0011 60018 T01830161 10217 20178 58016
MSN,2023-07-12 18:53,1.75,1100.00,KMSN 121853Z 06009KT 1 3/4SM +RA BR SCT011 BKN019 OVC048 17/16 A2981 RMK AO2 PRESFR SLP090 P0030 T01720161
MSN,2023-07-12 19:53,1.00,700.00,KMSN 121953Z 05012KT 1SM R36/2800VP6000FT RA BR BKN007 OVC016 17/16 A2979 RMK AO2 SLP084 P0054 T01670156
MSN,2023-07-12 20:53,2.00,600.00,KMSN 122053Z 03016G24KT 2SM R36/5500VP6000FT +RA BR BKN006 BKN010 OVC030 15/14 A2977 RMK AO2 PK WND 04027/2037 SLP081 P0041 60125 T01500139 56021
MSN,2023-07-12 21:53,4.00,700.00,KMSN 122153Z 05013KT 4SM -RA BR BKN007 OVC033 15/14 A2979 RMK AO2 SLP085 P0022 T01500139
MSN,2023-07-12 22:53,10.00,700.00,KMSN 122253Z 05014KT 10SM OVC007 16/14 A2979 RMK AO2 RAE27 SLP086 P0003 T01560139
MSN,2023-07-12 23:53,10.00,700.00,KMSN 122353Z 01009KT 10SM OVC007 15/14 A2983 RMK AO2 SLP099 60150 T01500139 10183 20150 53013
MSN,2023-07-13 00:53,10.00,800.00,KMSN 130053Z 03006KT 10SM OVC008 16/14 A2984 RMK AO2 SLP101 T01560139
MSN,2023-07-13 01:53,10.00,2300.00,KMSN 130153Z 35004KT 10SM BKN023 15/13 A2985 RMK AO2 SLP105 T01500133
MSN,2023-07-13 02:53,10.00,1300.00,KMSN 130253Z 33003KT 10SM OVC013 14/13 A2986 RMK AO2 SLP107 T01440133 52009
MSN,2023-07-13 03:53,10.00,1100.00,KMSN 130353Z 31003KT 10SM OVC011 15/14 A2986 RMK AO2 SLP110 LAST T01500139
MSN,2023-07-13 04:53,10.00,1000.00,KMSN 130453Z AUTO 30003KT 10SM OVC010 15/14 A2986 RMK AO2 SLP110 T01500139
MSN,2023-07-13 05:53,10.00,900.00,KMSN 130553Z AUTO 33003KT 10SM OVC009 15/14 A2985 RMK AO2 SLP107 T01500139 10156 20144 402170144 58001
MSN,2023-07-13 06:53,10.00,800.00,KMSN 130653Z AUTO 00000KT 10SM OVC008 14/13 A2984 RMK AO2 SLP104 T01440133
MSN,2023-07-13 07:53,10.00,3300.00,KMSN 130753Z AUTO 00000KT 10SM OVC033 15/14 A2984 RMK AO2 SLP103 T01500139
MSN,2023-07-13 08:53,8.00,2700.00,KMSN 130853Z AUTO 00000KT 8SM OVC027 15/14 A2985 RMK AO2 SLP107 T01500139 55001
MSN,2023-07-13 09:53,9.00,2100.00,KMSN 130953Z AUTO 00000KT 9SM OVC021 16/14 A2987 RMK AO2 SLP115 T01560144
MSN,2023-07-13 10:53,5.00,1100.00,KMSN 131053Z 00000KT 5SM -DZ BR OVC011 16/14 A2989 RMK AO2 DZB44 SLP121 P0000 T01560144
MSN,2023-07-13 11:53,1.75,700.00,KMSN 131153Z 00000KT 1 3/4SM -DZ BR OVC007 16/15 A2990 RMK AO2 TWR VIS 2 CIG 004V009 SLP123 P0000 60000 70168 T01560150 10156 20144 51015
MSN,2023-07-13 12:53,3.00,500.00,KMSN 131253Z 28003KT 3SM BR FEW005 OVC009 17/15 A2989 RMK AO2 SFC VIS 5 DZE38 CIG 008V012 SLP119 P0000 T01670150
MSN,2023-07-13 13:53,10.00,800.00,KMSN 131353Z 00000KT 10SM BKN008 OVC022 18/16 A2987 RMK AO2 CIG 007V012 SLP113 T01780156
MSN,2023-07-13 14:53,10.00,1600.00,KMSN 131453Z 33005KT 10SM BKN016 19/16 A2986 RMK AO2 SLP111 60000 T01940156 56011
MSN,2023-07-13 15:53,10.00,2000.00,KMSN 131553Z VRB03KT 10SM BKN020 BKN110 21/16 A2986 RMK AO2 SLP108 T02110156
MSN,2023-07-13 16:53,10.00,2300.00,KMSN 131653Z VRB03KT 10SM BKN023 BKN110 23/16 A2986 RMK AO2 SLP108 T02280161
MSN,2023-07-13 17:53,10.00,2600.00,KMSN 131753Z VRB05KT 10SM BKN026 BKN120 23/16 A2985 RMK AO2 SLP105 60000 T02330161 10239 20156 58004
MSN,2023-07-13 18:53,10.00,2700.00,KMSN 131853Z 31004KT 10SM SCT027 BKN033 BKN041 25/17 A2983 RMK AO2 SLP098 T02500172
MSN,2023-07-13 19:53,10.00,3100.00,KMSN 131953Z 27005KT 10SM FEW031 BKN045 BKN100 26/17 A2982 RMK AO2 LTG DSNT NW SLP095 T02610167
MSN,2023-07-13 20:53,10.00,3800.00,KMSN 132053Z VRB04KT 10SM FEW038 SCT049 BKN060 26/17 A2980 RMK AO2 SLP087 T02610167 58018
MSN,2023-07-13 21:53,10.00,2900.00,KMSN 132153Z 08003KT 10SM VCTS FEW029 OVC080 21/19 A2981 RMK AO2 LTG DSNT SE AND W RAB15E45 TSB08 SLP092 P0037 T02110189
MSN,2023-07-13 22:53,10.00,2800.00,KMSN 132253Z 11005KT 10SM FEW028 BKN090 BKN150 23/19 A2980 RMK AO2 LTG DSNT SE-SW RAB17E40 SLP089 P0002 T02280194
MSN,2023-07-13 23:53,10.00,4500.00,KMSN 132353Z 17008KT 10SM SCT045 BKN110 23/19 A2979 RMK AO2 LTG DSNT SE AND S SLP084 60039 T02280189 10272 20206 58002
MSN,2023-07-14 00:53,10.00,4500.00,KMSN 140053Z 18007KT 10SM SCT045 BKN110 22/19 A2979 RMK AO2 SLP085 T02220189
MSN,2023-07-14 01:53,10.00,4700.00,KMSN 140153Z 16005KT 10SM TS FEW047 BKN060CB BKN130 21/18 A2980 RMK AO2 LTG DSNT N AND NE TSB46 SLP086 FRQ LTGIC OHD TS OHD MOV SE T02110183
MSN,2023-07-14 02:53,10.00,6000.00,KMSN 140253Z 14004KT 10SM FEW060 SCT130 20/17 A2980 RMK AO2 TSE24 SLP086 T02000167 51001
MSN,2023-07-14 03:53,10.00,15000.00,KMSN 140353Z 18005KT 10SM FEW150 20/17 A2979 RMK AO2 SLP085 LAST T02000172
MSN,2023-07-14 04:53,10.00,M,KMSN 140453Z AUTO 18006KT 10SM CLR 19/17 A2979 RMK AO2 SLP083 T01940172
MSN,2023-07-14 05:53,10.00,M,KMSN 140553Z AUTO 19005KT 10SM CLR 20/18 A2980 RMK AO2 SLP088 T02000178 10228 20194 402720144 53003
MSN,2023-07-14 06:53,10.00,M,KMSN 140653Z AUTO 19006KT 10SM CLR 21/18 A2979 RMK AO2 SLP082 T02060178
MSN,2023-07-14 07:53,4.00,2200.00,KMSN 140753Z AUTO VRB06KT 4SM +RA BR FEW022 BKN043 OVC110 20/18 A2985 RMK AO2 LTG DSNT N AND NW RAB35 SLP103 P0004 T02000183
MSN,2023-07-14 08:53,10.00,4600.00,KMSN 140853Z AUTO 19003KT 10SM FEW046 FEW090 SCT110 19/17 A2979 RMK AO2 LTG DSNT SE AND W RAE47 SLP083 P0018 60022 T01890172 58003
MSN,2023-07-14 09:53,10.00,9000.00,KMSN 140953Z AUTO 22003KT 10SM FEW090 19/18 A2979 RMK AO2 LTG DSNT W-N SLP085 T01940178
MSN,2023-07-14 10:53,4.00,6000.00,KMSN 141053Z 28003KT 4SM R36/5500VP6000FT TSRA BR BKN060CB OVC100 19/17 A2983 RMK AO2 LTG DSNT ALQDS RAB38 TSB32 SLP096 FRQ LTGICCCCA N-E TS N-E MOV SE P0005 T01890172
MSN,2023-07-14 11:53,10.00,2500.00,KMSN 141153Z 20006KT 10SM FEW025 FEW100 19/18 A2979 RMK AO2 LTG DSNT E SLP082 RAE26 TSE26 P0017 60044 70083 T01940178 10206 20183 58003
MSN,2023-07-14 12:53,10.00,2800.00,KMSN 141253Z 21006KT 10SM FEW028 21/18 A2979 RMK AO2 SLP084 T02110178
MSN,2023-07-14 13:53,10.00,2500.00,KMSN 141353Z VRB05KT 10SM FEW025 23/18 A2982 RMK AO2 SLP093 T02280183
MSN,2023-07-14 14:53,10.00,M,KMSN 141453Z VRB06G17KT 10SM CLR 25/19 A2982 RMK AO2 SLP092 T02500189 50011
MSN,2023-07-14 15:53,10.00,2800.00,KMSN 141553Z 25007KT 210V290 10SM FEW028 FEW250 27/20 A2982 RMK AO2 SLP093 T02670200
MSN,2023-07-14 16:53,10.00,3200.00,KMSN 141653Z VRB04KT 10SM FEW032 SCT250 27/19 A2983 RMK AO2 SLP094 T02720194
MSN,2023-07-14 17:53,10.00,3500.00,KMSN 141753Z VRB05KT 10SM FEW035 BKN250 28/19 A2982 RMK AO2 SLP094 T02830194 10283 20194 50002
MSN,2023-07-14 18:53,10.00,4700.00,KMSN 141853Z VRB05KT 10SM FEW047 BKN250 30/18 A2982 RMK AO2 SLP090 T03000183
MSN,2023-07-14 19:53,10.00,5000.00,KMSN 141953Z 31006KT 10SM FEW050 FEW220 BKN250 31/18 A2980 RMK AO2 SLP085 T03060178
MSN,2023-07-14 20:53,10.00,14000.00,KMSN 142053Z 31003KT 10SM BKN140 BKN170 OVC250 29/18 A2979 RMK AO2 SLP081 T02940183 58012
MSN,2023-07-14 21:53,10.00,12000.00,KMSN 142153Z 23005KT 10SM BKN120 BKN160 BKN250 29/18 A2977 RMK AO2 SLP074 T02890183
MSN,2023-07-14 22:53,10.00,12000.00,KMSN 142253Z 24003KT 10SM FEW120 SCT140 OVC250 28/21 A2977 RMK AO2 SLP074 T02780206
MSN,2023-07-14 23:53,9.00,11000.00,KMSN 142353Z 23004KT 9SM -RA OVC110 26/20 A2981 RMK AO2 LTG DSNT SW RAB31 SLP090 P0000 60000 T02610200 10311 20261 53008
MSN,2023-07-15 00:53,5.00,11000.00,KMSN 150053Z 25003KT 5SM VCTS RA OVC110 24/21 A2983 RMK AO2 LTG DSNT S-NW TSB02E19E45 SLP094 P0006 T02390211
MSN,2023-07-15 01:53,10.00,7000.00,KMSN 150153Z 00000KT 10SM -TSRA FEW070 BKN095CB OVC120 22/19 A2980 RMK AO2 TSB0055 SLP085 OCNL LTGICCA E TS E MOV NE P0009 T02170194
MSN,2023-07-15 02:53,10.00,10000.00,KMSN 150253Z VRB03KT 10SM BKN100 OVC110 21/20 A2981 RMK AO2 RAE0157 TSE0159 SLP088 P0000 60015 T02110200 55005
MSN,2023-07-15 03:53,10.00,11000.00,KMSN 150353Z 00000KT 10SM FEW110 BKN130 BKN170 21/19 A2979 RMK AO2 SLP081 LAST T02110194
MSN,2023-07-15 04:53,10.00,M,KMSN 150453Z AUTO 32003KT 10SM CLR 21/19 A2978 RMK AO2 SLP078 T02060189
MSN,2023-07-15 05:53,10.00,M,KMSN 150553Z AUTO 00000KT 10SM CLR 19/18 A2977 RMK AO2 SLP076 60015 T01940183 10261 20194 403110183 56012
MSN,2023-07-15 06:53,10.00,M,KMSN 150653Z AUTO 00000KT 10SM CLR 19/18 A2977 RMK AO2 SLP076 T01940178
MSN,2023-07-15 07:53,10.00,M,KMSN 150753Z AUTO 00000KT 10SM CLR 19/18 A2978 RMK AO2 SLP078 T01940178
MSN,2023-07-15 08:53,10.00,M,KMSN 150853Z AUTO 00000KT 10SM CLR 18/16 A2978 RMK AO2 SLP080 T01780161 53004
MSN,2023-07-15 09:53,5.00,M,KMSN 150953Z AUTO 00000KT 5SM BR CLR 18/17 A2978 RMK AO2 SLP080 T01780167
MSN,2023-07-15 10:53,9.00,9000.00,KMSN 151053Z 00000KT 9SM FEW090 18/17 A2979 RMK AO2 SLP081 T01780167
MSN,2023-07-15 11:53,9.00,9500.00,KMSN 151153Z 00000KT 9SM FEW095 FEW240 18/18 A2979 RMK AO2 SLP084 70015 T01830178 10200 20172 53002
MSN,2023-07-15 12:53,10.00,1000.00,KMSN 151253Z 22003KT 10SM FEW010 21/18 A2980 RMK AO2 SLP087 T02060183
MSN,2023-07-15 13:53,10.00,1300.00,KMSN 151353Z 00000KT 10SM FEW013 22/18 A2981 RMK AO2 SLP091 T02170183
MSN,2023-07-15 14:53,10.00,1400.00,KMSN 151453Z VRB05KT 10SM FEW014 23/19 A2982 RMK AO2 SLP092 T02330189 51008
MSN,2023-07-15 15:53,9.00,2500.00,KMSN 151553Z 31003KT 9SM FEW025 FEW045 25/19 A2982 RMK AO2 SLP091 T02500189
MSN,2023-07-15 16:53,6.00,3600.00,KMSN 151653Z 32007KT 6SM FU FEW036 26/18 A2982 RMK AO2 SLP091 T02610178
MSN,2023-07-15 17:53,7.00,3800.00,KMSN 151753Z 31008KT 7SM SCT038 27/18 A2982 RMK AO2 SLP091 T02720178 10272 20183 58000
MSN,2023-07-15 18:53,6.00,4400.00,KMSN 151853Z 31007KT 6SM FU SCT044 28/17 A2981 RMK AO2 SLP090 T02780167
MSN,2023-07-15 19:53,6.00,5000.00,KMSN 151953Z 31006KT 6SM FU SCT050 28/15 A2981 RMK AO2 SLP089 T02780150
MSN,2023-07-15 20:53,6.00,5000.00,KMSN 152053Z 32006KT 6SM FU FEW050 28/13 A2982 RMK AO2 SLP091 T02780133 55000
MSN,2023-07-15 21:53,6.00,M,KMSN 152153Z 32006KT 6SM FU CLR 27/14 A2982 RMK AO2 SLP091 T02720139
MSN,2023-07-15 22:53,6.00,25000.00,KMSN 152253Z 29003KT 6SM FU BKN250 27/15 A2982 RMK AO2 SLP091 T02720150
MSN,2023-07-15 23:53,6.00,4500.00,KMSN 152353Z 00000KT 6SM FU SCT045 SCT075 BKN250 26/14 A2981 RMK AO2 SLP090 FU SCT045 T02610144 10283 20261 58002
MSN,2023-07-16 00:53,6.00,4900.00,KMSN 160053Z 00000KT 6SM FU BKN049 BKN250 25/15 A2981 RMK AO2 SLP090 FU BKN049 T02500150
MSN,2023-07-16 01:53,7.00,4600.00,KMSN 160153Z 23003KT 7SM BKN046 BKN250 24/16 A2981 RMK AO2 LTG DSNT N SLP090 FU BKN046 T02390161
MSN,2023-07-16 02:53,6.00,3000.00,KMSN 160253Z VRB05KT 6SM FU FEW030 BKN046 BKN250 24/17 A2983 RMK AO2 LTG DSNT W-NE SLP097 OCNL LTGIC DSNT SW AND N CB DSNT SW AND NW-N FU BKN046 T02390167 53008
MSN,2023-07-16 03:53,6.00,11000.00,KMSN 160353Z 00000KT 6SM FU BKN110 OVC250 21/16 A2985 RMK AO2 RAB0259E31 TSB0259E25 SLP103 LAST P0000 T02110156
MSN,2023-07-16 04:53,6.00,4900.00,KMSN 160453Z AUTO VRB03KT 6SM HZ OVC049 20/15 A2984 RMK AO2 SLP101 T02000150
MSN,2023-07-16 05:53,5.00,4800.00,KMSN 160553Z AUTO 29006KT 5SM HZ OVC048 19/15 A2984 RMK AO2 SLP099 60000 T01890150 10261 20189 402830172 50002
MSN,2023-07-16 06:53,5.00,M,KMSN 160653Z AUTO VRB03KT 5SM HZ CLR 18/15 A2984 RMK AO2 SLP098 T01830150
MSN,2023-07-16 07:53,5.00,M,KMSN 160753Z AUTO VRB05KT 5SM HZ CLR 18/14 A2983 RMK AO2 SLP097 T01780144
MSN,2023-07-16 08:53,5.00,M,KMSN 160853Z AUTO VRB05KT 5SM HZ CLR 17/14 A2984 RMK AO2 SLP100 T01720139 53000
MSN,2023-07-16 09:53,5.00,M,KMSN 160953Z AUTO VRB04KT 5SM HZ CLR 17/13 A2984 RMK AO2 SLP102 T01670133
MSN,2023-07-16 10:53,5.00,M,KMSN 161053Z 29004KT 5SM FU CLR 16/13 A2985 RMK AO2 SLP103 T01610133
MSN,2023-07-16 11:53,5.00,M,KMSN 161153Z VRB04KT 5SM FU CLR 17/13 A2986 RMK AO2 SLP108 T01720133 10189 20161 53007
MSN,2023-07-16 12:53,6.00,M,KMSN 161253Z 30004KT 6SM FU CLR 19/13 A2987 RMK AO2 SLP110 T01890133
MSN,2023-07-16 13:53,9.00,M,KMSN 161353Z 30006KT 9SM CLR 21/13 A2988 RMK AO2 SLP114 T02060128
MSN,2023-07-16 14:53,10.00,M,KMSN 161453Z 30007KT 10SM CLR 22/12 A2989 RMK AO2 SLP115 T02220122 52007
MSN,2023-07-16 15:53,10.00,4500.00,KMSN 161553Z VRB05KT 10SM FEW045 SCT250 23/12 A2987 RMK AO2 SLP110 T02330117
MSN,2023-07-16 16:53,10.00,5000.00,KMSN 161653Z 30009G17KT 10SM FEW050 BKN250 24/12 A2988 RMK AO2 SLP112 T02390117
MSN,2023-07-16 17:53,10.00,5500.00,KMSN 161753Z 27007G18KT 230V300 10SM FEW055 BKN250 25/11 A2987 RMK AO2 SLP109 T02500111 10250 20172 56007
MSN,2023-07-16 18:53,10.00,5500.00,KMSN 161853Z VRB06G18KT 10SM FEW055 BKN250 25/12 A2986 RMK AO2 SLP105 T02500122
MSN,2023-07-16 19:53,10.00,6000.00,KMSN 161953Z VRB05KT 10SM FEW060 BKN250 26/12 A2985 RMK AO2 SLP102 T02610122
MSN,2023-07-16 20:53,10.00,6000.00,KMSN 162053Z VRB06G20KT 10SM FEW060 SCT250 26/12 A2983 RMK AO2 SLP096 T02610122 58013
MSN,2023-07-16 21:53,10.00,6000.00,KMSN 162153Z VRB06KT 10SM FEW060 BKN250 26/12 A2981 RMK AO2 SLP090 T02610122
MSN,2023-07-16 22:53,9.00,6000.00,KMSN 162253Z VRB04KT 9SM FEW060 BKN250 26/13 A2979 RMK AO2 SLP083 T02560128
MSN,2023-07-16 23:53,8.00,6000.00,KMSN 162353Z VRB05KT 8SM FEW060 BKN250 25/13 A2979 RMK AO2 SLP084 T02500133 10267 20250 55012
MSN,2023-07-17 00:53,7.00,7000.00,KMSN 170053Z VRB05KT 7SM FEW070 BKN250 24/14 A2979 RMK AO2 LTG DSNT NW SLP082 CB DSNT NW T02390144
MSN,2023-07-17 01:53,8.00,9000.00,KMSN 170153Z VRB05KT 8SM FEW090 BKN110 BKN250 24/14 A2979 RMK AO2 LTG DSNT N AND NE AND SW TSE25 SLP083 T02390144
MSN,2023-07-17 02:53,7.00,5500.00,KMSN 170253Z VRB05KT 7SM VCTS BKN055 BKN080 OVC095 22/15 A2982 RMK AO2 LTG DSNT SE-W TSB24E46 SLP092 T02170150 50010
MSN,2023-07-17 03:53,6.00,7500.00,KMSN 170353Z VRB04KT 6SM FU BKN075 BKN250 21/15 A2983 RMK AO2 LTG DSNT SE-SW SLP098 LAST T02060150
MSN,2023-07-17 04:53,6.00,M,KMSN 170453Z AUTO 29005KT 6SM HZ CLR 19/15 A2985 RMK AO2 SLP105 T01940150
MSN,2023-07-17 05:53,6.00,M,KMSN 170553Z AUTO 30004KT 6SM HZ CLR 18/15 A2987 RMK AO2 SLP111 T01830150 10250 20183 402670161 53018
MSN,2023-07-17 06:53,6.00,M,KMSN 170653Z AUTO 00000KT 6SM HZ CLR 17/14 A2987 RMK AO2 SLP111 T01720139
MSN,2023-07-17 07:53,7.00,M,KMSN 170753Z AUTO 29004KT 7SM CLR 16/13 A2987 RMK AO2 SLP111 T01610128
MSN,2023-07-17 08:53,8.00,M,KMSN 170853Z AUTO 28004KT 8SM CLR 15/12 A2987 RMK AO2 SLP112 T01500117 51000
MSN,2023-07-17 09:53,10.00,M,KMSN 170953Z AUTO 33004KT 10SM CLR 15/11 A2989 RMK AO2 SLP117 T01500106
MSN,2023-07-17 10:53,10.00,25000.00,KMSN 171053Z 29005KT 10SM FEW250 14/10 A2991 RMK AO2 SLP123 T01440100
MSN,2023-07-17 11:53,10.00,M,KMSN 171153Z 30005KT 10SM CLR 15/10 A2991 RMK AO2 SLP126 T01500100 10183 20139 51014
MSN,2023-07-17 12:53,10.00,25000.00,KMSN 171253Z 29003KT 10SM SCT250 17/11 A2993 RMK AO2 SLP131 T01720106
MSN,2023-07-17 13:53,10.00,25000.00,KMSN 171353Z VRB03KT 10SM FEW250 19/12 A2994 RMK AO2 SLP135 T01890117
MSN,2023-07-17 14:53,10.00,3500.00,KMSN 171453Z VRB05KT 10SM FEW035 20/12 A2994 RMK AO2 SLP136 T02000117 51010
MSN,2023-07-17 15:53,10.00,3800.00,KMSN 171553Z 30006G15KT 10SM SCT038 21/11 A2994 RMK AO2 SLP134 T02110111 $
MSN,2023-07-17 16:53,10.00,4000.00,KMSN 171653Z 29008G16KT 10SM BKN040 22/11 A2994 RMK AO2 SLP133 T02220111 $
MSN,2023-07-17 17:53,10.00,5000.00,KMSN 171753Z 28008G16KT 10SM BKN050 23/10 A2993 RMK AO2 SLP131 T02280100 10233 20150 $
MSN,2023-07-17 18:53,10.00,5000.00,KMSN 171853Z VRB06KT 10SM FEW050 BKN060 23/11 A2992 RMK AO2 SLP128 T02330111 $
MSN,2023-07-17 19:53,10.00,5500.00,KMSN 171953Z 30009G16KT 10SM SCT055 BKN075 24/12 A2992 RMK AO2 SLP127 T02440117 $
MSN,2023-07-17 20:53,10.00,7500.00,KMSN 172053Z 29009KT 10SM BKN075 23/11 A2991 RMK AO2 SLP126 T02330106 56004 $
MSN,2023-07-17 21:53,10.00,6500.00,KMSN 172153Z 32008KT 10SM OVC065 23/11 A2992 RMK AO2 SLP128 T02280111 $
MSN,2023-07-17 22:53,10.00,5500.00,KMSN 172253Z 32005KT 10SM SCT055 BKN075 23/11 A2991 RMK AO2 SLP126 T02280106 $
MSN,2023-07-17 23:53,10.00,7500.00,KMSN 172353Z 30007KT 10SM FEW075 22/10 A2992 RMK AO2 SLP129 T02220100 10250 20217 53002 $
MSN,2023-07-18 00:53,10.00,7500.00,KMSN 180053Z 32005KT 10SM FEW075 21/11 A2992 RMK AO2 SLP130 T02110106 $
MSN,2023-07-18 01:53,10.00,7000.00,KMSN 180153Z 33004KT 10SM FEW070 19/11 A2993 RMK AO2 SLP134 T01890111 $
MSN,2023-07-18 02:53,10.00,M,KMSN 180253Z 31003KT 10SM CLR 18/11 A2997 RMK AO2 SLP146 T01780111 53017 $
MSN,2023-07-18 03:53,10.00,M,KMSN 180353Z 00000KT 10SM CLR 15/12 A2997 RMK AO2 SLP147 LAST T01500122 $
MSN,2023-07-18 04:53,10.00,M,KMSN 180453Z AUTO 00000KT 10SM CLR 15/12 A2998 RMK AO2 SLP150 T01500122 $
MSN,2023-07-18 05:53,10.00,M,KMSN 180553Z AUTO 00000KT 10SM CLR 14/12 A2997 RMK AO2 SLP147 T01390117 10222 20139 402500139 50001 $
MSN,2023-07-18 06:53,10.00,M,KMSN 180653Z AUTO 00000KT 10SM CLR 13/11 A2997 RMK AO2 SLP147 T01330111 $
MSN,2023-07-18 07:53,10.00,M,KMSN 180753Z AUTO 00000KT 10SM CLR 13/12 A2997 RMK AO2 SLP146 T01280117 $
MSN,2023-07-18 08:53,10.00,M,KMSN 180853Z AUTO 00000KT 10SM CLR 12/11 A2997 RMK AO2 SLP146 T01220111 55001 $
MSN,2023-07-18 09:53,9.00,M,KMSN 180953Z AUTO 00000KT 9SM CLR 12/11 A2999 RMK AO2 SLP154 T01170106 $
MSN,2023-07-18 10:53,10.00,25000.00,KMSN 181053Z 00000KT 10SM SCT250 12/11 A2999 RMK AO2 SLP155 T01170106 $
MSN,2023-07-18 11:53,10.00,25000.00,KMSN 181153Z 00000KT 10SM FEW250 15/12 A3001 RMK AO2 SLP158 T01500122 10150 20111 51012
MSN,2023-07-18 12:53,10.00,25000.00,KMSN 181253Z 00000KT 10SM BKN250 18/12 A3001 RMK AO2 SLP159 T01780122
MSN,2023-07-18 13:53,10.00,25000.00,KMSN 181353Z 00000KT 10SM SCT250 20/12 A3001 RMK AO2 SLP158 T02000122
MSN,2023-07-18 14:53,10.00,3500.00,KMSN 181453Z 00000KT 10SM FEW035 FEW250 21/12 A3001 RMK AO2 SLP157 T02110122 58000
MSN,2023-07-18 15:53,10.00,4000.00,KMSN 181553Z VRB03KT 10SM SCT040 SCT250 23/11 A3001 RMK AO2 SLP160 T02280111
MSN,2023-07-18 16:53,10.00,4500.00,KMSN 181653Z 23005KT 10SM SCT045 SCT250 23/12 A3001 RMK AO2 SLP159 T02280117
MSN,2023-07-18 17:53,10.00,4700.00,KMSN 181753Z 22005KT 10SM SCT047 SCT250 24/11 A3000 RMK AO2 SLP158 T02390111 10239 20150 58001
MSN,2023-07-18 18:53,10.00,5000.00,KMSN 181853Z 32006KT 10SM BKN050 BKN250 26/12 A2999 RMK AO2 SLP151 T02560122
MSN,2023-07-18 19:53,10.00,5000.00,KMSN 181953Z 00000KT 10SM BKN050 24/12 A2998 RMK AO2 SLP151 T02440122
MSN,2023-07-18 20:53,10.00,5000.00,KMSN 182053Z VRB04KT 10SM BKN050 26/12 A2998 RMK AO2 SLP150 T02560122 56008
MSN,2023-07-18 21:53,10.00,5000.00,KMSN 182153Z 04006KT 10SM SCT050 26/12 A2997 RMK AO2 SLP146 T02610122
MSN,2023-07-18 22:53,10.00,5000.00,KMSN 182253Z VRB03KT 10SM FEW050 FEW250 26/12 A2997 RMK AO2 SLP145 T02610122
MSN,2023-07-18 23:53,10.00,6000.00,KMSN 182353Z 00000KT 10SM FEW060 FEW250 25/12 A2997 RMK AO2 SLP144 T02500117 10267 20239 55004
MSN,2023-07-19 00:53,10.00,6000.00,KMSN 190053Z 00000KT 10SM FEW060 FEW250 23/14 A2997 RMK AO2 SLP146 T02330144
MSN,2023-07-19 01:53,10.00,6000.00,KMSN 190153Z 00000KT 10SM FEW060 FEW250 19/14 A2998 RMK AO2 SLP148 T01890139
MSN,2023-07-19 02:53,10.00,M,KMSN 190253Z 00000KT 10SM CLR 18/13 A3000 RMK AO2 SLP157 T01780133 53013
MSN,2023-07-19 03:53,10.00,M,KMSN 190353Z 00000KT 10SM CLR 17/13 A3001 RMK AO2 SLP158 LAST T01720133
MSN,2023-07-19 04:53,10.00,M,KMSN 190453Z AUTO 00000KT 10SM CLR 16/13 A3003 RMK AO2 SLP164 T01610128
MSN,2023-07-19 05:53,10.00,M,KMSN 190553Z AUTO 00000KT 10SM CLR 15/13 A3004 RMK AO2 SLP168 T01500128 10256 20150 402670111 53011
MSN,2023-07-19 06:53,10.00,M,KMSN 190653Z AUTO 00000KT 10SM CLR 15/13 A3003 RMK AO2 SLP164 T01500133
MSN,2023-07-19 07:53,10.00,M,KMSN 190753Z AUTO 00000KT 10SM CLR 14/13 A3003 RMK AO2 SLP165 T01440128
MSN,2023-07-19 08:53,10.00,M,KMSN 190853Z AUTO 00000KT 10SM CLR 14/13 A3003 RMK AO2 SLP164 T01440133 56004
MSN,2023-07-19 09:53,10.00,M,KMSN 190953Z AUTO 00000KT 10SM CLR 13/13 A3004 RMK AO2 SLP168 T01330128
MSN,2023-07-19 10:53,10.00,7000.00,KMSN 191053Z 00000KT 10SM FEW070 FEW250 13/13 A3004 RMK AO2 SLP169 T01330128
MSN,2023-07-19 11:53,10.00,8000.00,KMSN 191153Z 00000KT 10SM FEW080 FEW250 17/14 A3004 RMK AO2 SLP170 T01670144 10167 20133 51006
MSN,2023-07-19 12:53,10.00,16000.00,KMSN 191253Z 00000KT 10SM FEW160 SCT250 21/15 A3005 RMK AO2 SLP171 T02060150
MSN,2023-07-19 13:53,10.00,12000.00,KMSN 191353Z 00000KT 10SM FEW120 SCT180 BKN250 23/14 A3007 RMK AO2 SLP177 T02280139
MSN,2023-07-19 14:53,10.00,8000.00,KMSN 191453Z VRB04KT 10SM FEW080 SCT120 BKN250 24/14 A3005 RMK AO2 SLP171 T02440144 50002
MSN,2023-07-19 15:53,10.00,4500.00,KMSN 191553Z 18006KT 10SM FEW045 SCT110 BKN250 26/13 A3005 RMK AO2 SLP170 T02560133
MSN,2023-07-19 16:53,10.00,5000.00,KMSN 191653Z 17012KT 10SM FEW050 SCT110 SCT250 26/13 A3005 RMK AO2 SLP172 T02560133
MSN,2023-07-19 17:53,10.00,5500.00,KMSN 191753Z 17010KT 10SM FEW055 FEW110 SCT250 27/13 A3004 RMK AO2 SLP168 T02670133 10267 20167 58004
MSN,2023-07-19 18:53,10.00,5500.00,KMSN 191853Z VRB06G16KT 10SM FEW055 FEW120 SCT250 27/13 A3002 RMK AO2 SLP161 T02720128
MSN,2023-07-19 19:53,10.00,5500.00,KMSN 191953Z 19008G15KT 10SM FEW055 SCT150 27/14 A3001 RMK AO2 SLP159 T02720139
MSN,2023-07-19 20:53,10.00,7000.00,KMSN 192053Z 22007KT 10SM FEW070 BKN150 27/15 A3001 RMK AO2 SLP159 T02720150 55008
MSN,2023-07-19 21:53,10.00,7000.00,KMSN 192153Z VRB06KT 10SM FEW070 BKN150 27/15 A3000 RMK AO2 SLP154 T02720150
MSN,2023-07-19 22:53,10.00,15000.00,KMSN 192253Z 23005KT 10SM BKN150 27/14 A2999 RMK AO2 SLP150 T02720144
MSN,2023-07-19 23:53,10.00,25000.00,KMSN 192353Z VRB06KT 10SM BKN250 27/16 A2997 RMK AO2 SLP143 T02670156 10278 20267 58015
MSN,2023-07-20 00:53,10.00,25000.00,KMSN 200053Z VRB04KT 10SM BKN250 26/16 A2997 RMK AO2 SLP142 T02560156
MSN,2023-07-20 01:53,10.00,25000.00,KMSN 200153Z 22003KT 10SM BKN250 25/16 A2996 RMK AO2 SLP139 T02500161
MSN,2023-07-20 02:53,10.00,25000.00,KMSN 200253Z 00000KT 10SM SCT250 23/17 A2996 RMK AO2 SLP141 T02280167 55001
MSN,2023-07-20 03:53,10.00,25000.00,KMSN 200353Z 21003KT 10SM FEW250 22/17 A2996 RMK AO2 SLP140 LAST T02220167
MSN,2023-07-20 04:53,10.00,12000.00,KMSN 200453Z AUTO 19003KT 10SM FEW120 22/17 A2995 RMK AO2 SLP138 T02170167
MSN,2023-07-20 05:53,10.00,M,KMSN 200553Z AUTO 23003KT 10SM CLR 22/17 A2996 RMK AO2 SLP138 T02220172 10267 20200 402780133 55002
MSN,2023-07-20 06:53,10.00,M,KMSN 200653Z AUTO 22006KT 10SM CLR 22/17 A2995 RMK AO2 SLP136 T02170172
MSN,2023-07-20 07:53,10.00,4500.00,KMSN 200753Z AUTO 22006KT 10SM FEW045 SCT050 22/17 A2994 RMK AO2 SLP133 T02170172
MSN,2023-07-20 08:53,10.00,M,KMSN 200853Z AUTO 21004KT 10SM CLR 22/17 A2991 RMK AO2 SLP122 T02170172 58016
MSN,2023-07-20 09:53,10.00,2200.00,KMSN 200953Z AUTO 20006KT 10SM BKN022 22/17 A2989 RMK AO2 SLP118 T02170172
MSN,2023-07-20 10:53,10.00,1700.00,KMSN 201053Z 22007KT 190V260 10SM SCT017 BKN120 21/18 A2989 RMK AO2 SLP118 T02110178
MSN,2023-07-20 11:53,10.00,1200.00,KMSN 201153Z VRB04KT 10SM BKN012 21/18 A2989 RMK AO2 SLP117 T02110178 10222 20211 57000
MSN,2023-07-20 12:53,10.00,1000.00,KMSN 201253Z 26008G16KT 10SM FEW010 22/19 A2989 RMK AO2 SLP115 T02170189
MSN,2023-07-20 13:53,10.00,M,KMSN 201353Z 29008KT 10SM CLR 23/18 A2988 RMK AO2 SLP114 T02330178
MSN,2023-07-20 14:53,10.00,2800.00,KMSN 201453Z 30010G19KT 10SM SCT028 24/16 A2988 RMK AO2 SLP114 T02390161 55003
MSN,2023-07-20 15:53,10.00,3700.00,KMSN 201553Z 31007G19KT 280V350 10SM BKN037 26/16 A2990 RMK AO2 SLP118 T02560161
MSN,2023-07-20 16:53,10.00,3900.00,KMSN 201653Z 29008G16KT 10SM BKN039 BKN060 26/16 A2990 RMK AO2 SLP120 T02560156
MSN,2023-07-20 17:53,10.00,4500.00,KMSN 201753Z 31008G20KT 260V330 10SM BKN045 26/15 A2991 RMK AO2 SLP121 T02610150 10261 20211 51007
MSN,2023-07-20 18:53,10.00,4800.00,KMSN 201853Z 33010G20KT 10SM FEW048 SCT055 BKN075 26/14 A2990 RMK AO2 SLP121 T02610144
MSN,2023-07-20 19:53,10.00,4700.00,KMSN 201953Z 34012G23KT 10SM FEW047 BKN070 BKN085 25/15 A2991 RMK AO2 SLP124 T02500150
MSN,2023-07-20 20:53,10.00,7500.00,KMSN 202053Z 32015G22KT 10SM BKN075 24/14 A2992 RMK AO2 SLP127 T02440139 53005
MSN,2023-07-20 21:53,10.00,4200.00,KMSN 202153Z 33008G18KT 10SM FEW042 SCT070 25/14 A2993 RMK AO2 PK WND 33026/2054 SLP129 T02500144
MSN,2023-07-20 22:53,10.00,7000.00,KMSN 202253Z 33012G22KT 10SM SCT070 24/14 A2993 RMK AO2 SLP130 T02390139
MSN,2023-07-20 23:53,10.00,6000.00,KMSN 202353Z 33007G17KT 10SM SCT060 23/14 A2994 RMK AO2 SLP133 T02330139 10267 20233 51005
MSN,2023-07-21 00:53,10.00,6000.00,KMSN 210053Z 34006KT 10SM FEW060 22/13 A2995 RMK AO2 SLP137 T02220133
MSN,2023-07-21 01:53,10.00,4300.00,KMSN 210153Z 33007KT 10SM FEW043 BKN060 22/14 A2997 RMK AO2 SLP144 T02170139
MSN,2023-07-21 02:53,10.00,6500.00,KMSN 210253Z 35007KT 10SM SCT065 20/13 A2999 RMK AO2 SLP152 T02000133 53019
MSN,2023-07-21 03:53,10.00,M,KMSN 210353Z 34007KT 10SM CLR 19/13 A3001 RMK AO2 SLP157 LAST T01890128
MSN,2023-07-21 04:53,10.00,M,KMSN 210453Z 32004KT 10SM CLR 18/13 A3002 RMK AO2 SLP161 T01780128
MSN,2023-07-21 05:53,10.00,M,KMSN 210553Z 33004KT 10SM CLR 17/13 A3002 RMK AO2 SLP160 T01670128 10233 20167 402670167 50008
MSN,2023-07-21 06:53,10.00,M,KMSN 210653Z 00000KT 10SM CLR 16/13 A3002 RMK AO2 SLP161 T01610128
MSN,2023-07-21 07:53,10.00,M,KMSN 210753Z 35004KT 10SM CLR 14/12 A3001 RMK AO2 SLP159 T01440117
MSN,2023-07-21 08:53,10.00,M,KMSN 210853Z 34005KT 10SM CLR 14/12 A3002 RMK AO2 SLP161 T01440122 53000
MSN,2023-07-21 09:53,10.00,M,KMSN 210953Z 32003KT 10SM CLR 13/12 A3002 RMK AO2 SLP161 T01330122
MSN,2023-07-21 10:53,10.00,M,KMSN 211053Z 36004KT 10SM CLR 14/12 A3002 RMK AO2 SLP163 T01390122
MSN,2023-07-21 11:53,10.00,M,KMSN 211153Z 00000KT 10SM CLR 16/13 A3004 RMK AO2 SLP170 T01560128 10167 20128 53008
MSN,2023-07-21 12:53,10.00,M,KMSN 211253Z 35004KT 10SM CLR 18/14 A3005 RMK AO2 SLP174 T01780139
MSN,2023-07-21 13:53,10.00,M,KMSN 211353Z 34005KT 10SM CLR 19/14 A3005 RMK AO2 SLP174 T01940139
MSN,2023-07-21 14:53,10.00,M,KMSN 211453Z VRB04KT 10SM CLR 23/14 A3005 RMK AO2 SLP173 T02280139 50004
MSN,2023-07-21 15:53,10.00,25000.00,KMSN 211553Z 00000KT 10SM FEW250 23/12 A3006 RMK AO2 SLP175 T02330122
MSN,2023-07-21 16:53,10.00,4500.00,KMSN 211653Z VRB05KT 10SM FEW045 FEW250 25/13 A3005 RMK AO2 SLP173 T02500133
MSN,2023-07-21 17:53,10.00,5000.00,KMSN 211753Z VRB06KT 10SM SCT050 SCT250 26/13 A3004 RMK AO2 SLP168 T02610128 10261 20156 58004
MSN,2023-07-21 18:53,10.00,5000.00,KMSN 211853Z 00000KT 10SM SCT050 SCT250 26/13 A3003 RMK AO2 SLP164 T02610128
MSN,2023-07-21 19:53,10.00,6000.00,KMSN 211953Z 14004KT 10SM SCT060 27/12 A3002 RMK AO2 SLP163 T02670117
MSN,2023-07-21 20:53,10.00,6000.00,KMSN 212053Z VRB03KT 10SM SCT060 27/12 A3001 RMK AO2 SLP158 T02670117 58010
MSN,2023-07-21 21:53,10.00,6000.00,KMSN 212153Z VRB03KT 10SM FEW060 28/13 A2999 RMK AO2 SLP151 T02780128
MSN,2023-07-21 22:53,10.00,6000.00,KMSN 212253Z 24004KT 10SM FEW060 27/12 A2997 RMK AO2 SLP144 T02720122
MSN,2023-07-21 23:53,10.00,6000.00,KMSN 212353Z VRB03KT 10SM FEW060 27/12 A2996 RMK AO2 SLP142 T02670117 10278 20261 56015
MSN,2023-07-22 00:53,10.00,6000.00,KMSN 220053Z 00000KT 10SM FEW060 24/13 A2996 RMK AO2 SLP140 T02440128
MSN,2023-07-22 01:53,10.00,6000.00,KMSN 220153Z 00000KT 10SM FEW060 20/14 A2996 RMK AO2 SLP142 T02000144
MSN,2023-07-22 02:53,10.00,6000.00,KMSN 220253Z COR 00000KT 10SM FEW060 19/14 A2997 RMK AO2 SLP144 T01940139 53002
MSN,2023-07-22 03:53,10.00,10000.00,KMSN 220353Z 00000KT 10SM FEW100 18/14 A2997 RMK AO2 SLP143 LAST T01830139
MSN,2023-07-22 04:53,10.00,7500.00,KMSN 220453Z AUTO 00000KT 10SM FEW075 19/14 A2996 RMK AO2 SLP142 T01890139
MSN,2023-07-22 05:53,10.00,7000.00,KMSN 220553Z AUTO 00000KT 10SM BKN070 BKN085 OVC100 21/14 A2996 RMK AO2 SLP140 T02110139 10267 20178 402780128 56003
MSN,2023-07-22 06:53,10.00,M,KMSN 220653Z AUTO 30003KT 10SM CLR 20/14 A2994 RMK AO2 SLP134 T02000139
MSN,2023-07-22 07:53,10.00,M,KMSN 220753Z AUTO 00000KT 10SM CLR 17/13 A2994 RMK AO2 SLP135 T01720133
MSN,2023-07-22 08:53,10.00,M,KMSN 220853Z AUTO 00000KT 10SM CLR 16/14 A2994 RMK AO2 SLP133 T01610139 56007
MSN,2023-07-22 09:53,10.00,M,KMSN 220953Z AUTO 00000KT 10SM CLR 15/13 A2994 RMK AO2 SLP133 T01500133
MSN,2023-07-22 10:53,10.00,11000.00,KMSN 221053Z 00000KT 10SM SCT110 BKN150 16/13 A2994 RMK AO2 SLP134 T01610133
MSN,2023-07-22 11:53,10.00,12000.00,KMSN 221153Z 00000KT 10SM BKN120 BKN150 18/14 A2995 RMK AO2 SLP135 T01830139 10211 20150 53003
MSN,2023-07-22 12:53,10.00,12000.00,KMSN 221253Z 00000KT 10SM BKN120 BKN150 20/15 A2995 RMK AO2 SLP137 T02000150
MSN,2023-07-22 13:53,10.00,11000.00,KMSN 221353Z VRB03KT 10SM BKN110 BKN140 21/16 A2995 RMK AO2 SLP138 T02060156
MSN,2023-07-22 14:53,10.00,10000.00,KMSN 221453Z VRB03KT 10SM SCT100 SCT140 22/16 A2995 RMK AO2 SLP136 T02220161 58001
MSN,2023-07-22 15:53,10.00,10000.00,KMSN 221553Z VRB03KT 10SM FEW100 FEW140 26/16 A2994 RMK AO2 SLP133 T02560156
MSN,2023-07-22 16:53,10.00,4500.00,KMSN 221653Z VRB05KT 10SM FEW045 FEW150 27/16 A2993 RMK AO2 SLP128 T02670156
MSN,2023-07-22 17:53,10.00,5000.00,KMSN 221753Z VRB05KT 10SM FEW050TCU SCT120 SCT200 27/14 A2991 RMK AO2 LTG DSNT N AND NW SLP121 TCU SE-SW CB DSNT NW-N T02720144 10278 20183 58013
MSN,2023-07-22 18:53,10.00,5500.00,KMSN 221853Z 24006KT 10SM SCT055TCU BKN250 28/14 A2988 RMK AO2 LTG DSNT N AND S AND SW SLP113 TCU SE-SW CB DSNT N-NE MOV E VCSH S T02780144
MSN,2023-07-22 19:53,10.00,5500.00,KMSN 221953Z 23004KT 10SM BKN055TCU BKN110 BKN250 28/14 A2987 RMK AO2 LTG DSNT ALQDS SLP107 TCU NW-NE AND S-SW T02780144
MSN,2023-07-22 20:53,10.00,5500.00,KMSN 222053Z 29009G15KT 10SM SCT055TCU SCT100 BKN250 28/13 A2986 RMK AO2 LTG DSNT NE AND E SLP107 TCU E-SE CB DSNT NE-SE MOV E TCU DSNT NW-N AND S T02830133 56015
MSN,2023-07-22 21:53,10.00,5500.00,KMSN 222153Z VRB05KT 10SM SCT055CB SCT110 BKN250 27/14 A2985 RMK AO2 LTG DSNT ALQDS SLP104 CB W-NW MOV SE TCU DSNT N AND E-SW T02670139 $
MSN,2023-07-22 22:53,10.00,5000.00,KMSN 222253Z 12004KT 10SM TS SCT050CB SCT100 BKN250 23/15 A2984 RMK AO2 PK WND 23032/2220 LTG DSNT NE-S RAB12E39GRB21E26 TSB07 SLP101 CONS LTGICCC NE-SE TS NE-SE MOV SE TCU DSNT NW-N AND SW-W P0024 T02330150 $
MSN,2023-07-22 23:53,10.00,5000.00,KMSN 222353Z 17006KT 10SM FEW050 SCT110 BKN250 24/16 A2984 RMK AO2 LTG DSNT E-S TSE17 SLP100 CB DSNT NW-N AND E-SE TCU DSNT NE AND S 60024 T02440156 10289 20200 56007 $
MSN,2023-07-23 00:52,10.00,5000.00,KMSN 230052Z 16005KT 10SM TS SCT050CB BKN110 BKN250 23/16 A2984 RMK AO2 LTG DSNT ALQDS TSE46B51 SLP100 CONS LTGICCC W-NE TS W-NE MOV SE TCU DSNT SE-S T02280161 $
MSN,2023-07-23 01:53,10.00,4500.00,KMSN 230153Z 22004KT 10SM -TSRA SCT045CB OVC100 18/16 A2988 RMK AO2 PK WND 01027/0102 LTG DSNT E-SW RAB03 SLP114 CONS LTGICCGCA E-S TS E-S MOV SE P0065 T01780161 $
MSN,2023-07-23 02:53,10.00,4500.00,KMSN 230253Z 22004KT 10SM -RA FEW045 OVC100 18/17 A2989 RMK AO2 LTG DSNT E-S TSE23 SLP117 FRQ LTGICCC DSNT SE-S CB DSNT SE-S MOV SE P0002 60067 T01780167 53016 $
MSN,2023-07-23 03:53,10.00,13000.00,KMSN 230353Z 00000KT 10SM OVC130 18/17 A2987 RMK AO2 RAE00 SLP110 LAST P0000 T01830167 $
MSN,2023-07-23 04:53,10.00,9000.00,KMSN 230453Z AUTO 25003KT 10SM BKN090 OVC120 18/16 A2988 RMK AO2 SLP114 T01830161 $
MSN,2023-07-23 05:53,10.00,M,KMSN 230553Z AUTO 23003KT 10SM CLR 18/16 A2988 RMK AO2 SLP111 60067 T01780156 10250 20172 402890150 56004 $
MSN,2023-07-23 06:53,10.00,M,KMSN 230653Z AUTO 36003KT 10SM CLR 16/14 A2988 RMK AO2 SLP113 T01610144 $
MSN,2023-07-23 07:53,2.50,6000.00,KMSN 230753Z AUTO 00000KT 2 1/2SM BR FEW060 15/14 A2989 RMK AO2 VIS 1 3/4V5 SLP116 T01500144 $
MSN,2023-07-23 08:53,9.00,M,KMSN 230853Z AUTO 00000KT 9SM CLR 16/14 A2989 RMK AO2 SLP116 T01560139 52003 $
MSN,2023-07-23 09:53,10.00,M,KMSN 230953Z AUTO 24003KT 10SM CLR 16/14 A2990 RMK AO2 SLP119 T01610139 $
MSN,2023-07-23 10:53,10.00,M,KMSN 231053Z 00000KT 10SM CLR 16/14 A2991 RMK AO2 SLP125 T01560139 $
MSN,2023-07-23 11:53,10.00,M,KMSN 231153Z 00000KT 10SM CLR 16/14 A2991 RMK AO2 SLP126 70091 T01610144 10178 20150 51009 $
MSN,2023-07-23 12:53,10.00,M,KMSN 231253Z 30004KT 10SM CLR 18/15 A2993 RMK AO2 SLP132 T01780150 $
MSN,2023-07-23 13:53,10.00,M,KMSN 231353Z 00000KT 10SM CLR 19/16 A2994 RMK AO2 SLP137 T01940156
MSN,2023-07-23 14:53,10.00,M,KMSN 231453Z 00000KT 10SM CLR 22/16 A2994 RMK AO2 SLP135 T02170161 50009
MSN,2023-07-23 15:53,10.00,M,KMSN 231553Z 00000KT 10SM CLR 23/17 A2995 RMK AO2 SLP136 T02330167
MSN,2023-07-23 16:53,10.00,3200.00,KMSN 231653Z 28004KT 10SM FEW032 FEW250 25/16 A2994 RMK AO2 SLP135 T02500161
MSN,2023-07-23 17:53,10.00,3200.00,KMSN 231753Z 28003KT 10SM FEW032 26/17 A2994 RMK AO2 SLP132 T02560167 10256 20161 58002
MSN,2023-07-23 18:53,10.00,3900.00,KMSN 231853Z VRB03KT 10SM FEW039 FEW250 26/16 A2993 RMK AO2 SLP132 T02610161
MSN,2023-07-23 19:53,10.00,4500.00,KMSN 231953Z 30006KT 10SM FEW045 FEW250 27/16 A2993 RMK AO2 SLP129 T02720161
MSN,2023-07-23 20:53,10.00,4900.00,KMSN 232053Z VRB05KT 10SM FEW049 SCT250 28/17 A2991 RMK AO2 SLP125 T02780167 58007
MSN,2023-07-23 21:53,10.00,5000.00,KMSN 232153Z VRB03KT 10SM FEW050 SCT250 28/16 A2991 RMK AO2 SLP124 T02780161
MSN,2023-07-23 22:53,10.00,5500.00,KMSN 232253Z 30004KT 10SM FEW055 BKN250 27/16 A2991 RMK AO2 SLP124 T02720161
MSN,2023-07-23 23:53,10.00,25000.00,KMSN 232353Z 27004KT 10SM BKN250 27/16 A2992 RMK AO2 SLP126 T02670161 10283 20256 53001
MSN,2023-07-24 00:53,9.00,25000.00,KMSN 240053Z 00000KT 9SM SCT250 26/17 A2992 RMK AO2 SLP129 T02560167
MSN,2023-07-24 01:53,9.00,M,KMSN 240153Z 00000KT 9SM CLR 22/17 A2995 RMK AO2 SLP136 T02220172
MSN,2023-07-24 02:53,9.00,M,KMSN 240253Z 00000KT 9SM CLR 21/17 A2997 RMK AO2 SLP144 T02110167 53017
MSN,2023-07-24 03:53,9.00,M,KMSN 240353Z 29004KT 9SM CLR 22/17 A2997 RMK AO2 SLP144 LAST T02170167
MSN,2023-07-24 04:53,9.00,M,KMSN 240453Z AUTO 06003KT 9SM CLR 20/17 A2998 RMK AO2 SLP147 T02000167
MSN,2023-07-24 05:53,7.00,M,KMSN 240553Z AUTO 00000KT 7SM CLR 18/17 A2998 RMK AO2 SLP149 T01830167 10267 20183 402830150 53005
MSN,2023-07-24 06:53,6.00,M,KMSN 240653Z AUTO 00000KT 6SM BR CLR 18/16 A2999 RMK AO2 SLP149 T01780161
MSN,2023-07-24 07:53,6.00,6000.00,KMSN 240753Z AUTO 00000KT 6SM BR FEW060 18/16 A2999 RMK AO2 SLP149 T01780161
MSN,2023-07-24 08:53,5.00,5000.00,KMSN 240853Z AUTO 00000KT 5SM BR SCT050 17/16 A2999 RMK AO2 SLP149 T01720156 50001
MSN,2023-07-24 09:53,4.00,5000.00,KMSN 240953Z AUTO 00000KT 4SM BR OVC050 17/16 A3000 RMK AO2 SLP155 T01670156
MSN,2023-07-24 10:53,3.00,4700.00,KMSN 241053Z 00000KT 3SM BR BKN047 16/15 A3001 RMK AO2 SLP157 T01560150
MSN,2023-07-24 11:53,5.00,4800.00,KMSN 241153Z 00000KT 5SM BR FEW048 16/16 A3002 RMK AO2 SLP161 T01610156 10183 20156 51010
MSN,2023-07-24 12:53,6.00,4000.00,KMSN 241253Z 00000KT 6SM BR FEW040 20/18 A3004 RMK AO2 SLP166 T02000178
MSN,2023-07-24 13:53,6.00,M,KMSN 241353Z 00000KT 6SM FU CLR 23/18 A3005 RMK AO2 SLP169 T02280183
MSN,2023-07-24 14:53,5.00,M,KMSN 241453Z 00000KT 5SM FU CLR 24/17 A3005 RMK AO2 SLP171 T02390172 51010
MSN,2023-07-24 15:53,6.00,25000.00,KMSN 241553Z 00000KT 6SM FU FEW250 26/17 A3006 RMK AO2 SLP174 T02610172
MSN,2023-07-24 16:53,6.00,25000.00,KMSN 241653Z VRB03KT 6SM FU FEW250 27/16 A3006 RMK AO2 SLP174 T02720156
MSN,2023-07-24 17:53,6.00,4500.00,KMSN 241753Z 34005KT 6SM FU FEW045 28/17 A3006 RMK AO2 SLP173 T02830167 10283 20167 50002
MSN,2023-07-24 18:53,4.00,3600.00,KMSN 241853Z 32004KT 4SM FU FEW036 29/16 A3006 RMK AO2 SLP172 T02890161
MSN,2023-07-24 19:53,3.00,3400.00,KMSN 241953Z 00000KT 3SM FU FEW034 29/17 A3005 RMK AO2 SFC VIS 3 SLP169 T02890167
MSN,2023-07-24 20:53,3.00,3400.00,KMSN 242053Z 34004KT 3SM FU BKN034 29/16 A3003 RMK AO2 TWR VIS 4 SLP165 T02890161 58008
MSN,2023-07-24 21:53,3.00,3300.00,KMSN 242153Z 00000KT 3SM FU SCT033 29/16 A3003 RMK AO2 SLP163 T02940161
MSN,2023-07-24 22:53,3.00,3300.00,KMSN 242253Z 35003KT 3SM FU FEW033 29/17 A3003 RMK AO2 SLP164 T02890167
MSN,2023-07-24 23:53,3.00,3600.00,KMSN 242353Z 00000KT 3SM FU FEW036 27/19 A3003 RMK AO2 SLP163 T02720194 10300 20272 56002
MSN,2023-07-25 00:53,3.00,4000.00,KMSN 250053Z 00000KT 3SM FU SCT040 24/18 A3002 RMK AO2 SLP163 T02440183
MSN,2023-07-25 01:53,3.00,M,KMSN 250153Z 00000KT 3SM FU CLR 23/18 A3003 RMK AO2 SFC VIS 4 SLP164 T02280183
MSN,2023-07-25 02:53,6.00,M,KMSN 250253Z 00000KT 6SM HZ CLR 22/18 A3004 RMK AO2 SLP168 T02170178 53006
MSN,2023-07-25 03:53,4.00,M,KMSN 250353Z 00000KT 4SM HZ CLR 21/18 A3005 RMK AO2 SLP171 LAST T02110178
MSN,2023-07-25 04:53,4.00,M,KMSN 250453Z AUTO 20003KT 4SM HZ CLR 23/18 A3006 RMK AO2 SLP173 T02280178
MSN,2023-07-25 05:53,4.00,M,KMSN 250553Z AUTO 00000KT 4SM HZ CLR 23/18 A3006 RMK AO2 SLP173 T02280178 10272 20206 403000156 51005
MSN,2023-07-25 06:53,4.00,M,KMSN 250653Z AUTO 00000KT 4SM HZ CLR 21/18 A3006 RMK AO2 SLP173 T02110178
MSN,2023-07-25 07:53,4.00,M,KMSN 250753Z AUTO 00000KT 4SM BR CLR 19/18 A3006 RMK AO2 SLP175 T01940178
MSN,2023-07-25 08:53,4.00,M,KMSN 250853Z AUTO 00000KT 4SM BR CLR 19/18 A3005 RMK AO2 SLP172 T01940178 58002
MSN,2023-07-25 09:53,4.00,M,KMSN 250953Z AUTO 00000KT 4SM BR CLR 20/18 A3006 RMK AO2 SLP173 T02000178
MSN,2023-07-25 10:53,5.00,M,KMSN 251053Z 00000KT 5SM BR CLR 19/17 A3006 RMK AO2 SLP174 T01890172
MSN,2023-07-25 11:53,6.00,M,KMSN 251153Z 00000KT 6SM BR CLR 21/19 A3007 RMK AO2 SLP176 T02060189 10228 20183 52004
MSN,2023-07-25 12:53,7.00,M,KMSN 251253Z 00000KT 7SM CLR 24/19 A3007 RMK AO2 SLP177 T02440194
MSN,2023-07-25 13:53,7.00,M,KMSN 251353Z 21005KT 7SM CLR 26/19 A3008 RMK AO2 SLP179 T02560189
MSN,2023-07-25 14:53,7.00,25000.00,KMSN 251453Z 27004KT 7SM FEW250 27/19 A3008 RMK AO2 SLP180 T02670189 53004
MSN,2023-07-25 15:53,8.00,25000.00,KMSN 251553Z 26006KT 8SM FEW250 28/19 A3007 RMK AO2 SLP176 T02780189
MSN,2023-07-25 16:53,8.00,4000.00,KMSN 251653Z 00000KT 8SM FEW040 29/18 A3005 RMK AO2 SLP171 T02890183
MSN,2023-07-25 17:53,8.00,4500.00,KMSN 251753Z 17010KT 8SM FEW045 30/19 A3004 RMK AO2 SLP166 T03000189 10300 20206 56012
MSN,2023-07-25 18:53,8.00,4500.00,KMSN 251853Z 16012G17KT 8SM FEW045 31/20 A3002 RMK AO2 SLP160 T03060200
MSN,2023-07-25 19:53,8.00,5000.00,KMSN 251953Z 16012KT 8SM SCT050 BKN250 31/18 A3000 RMK AO2 SLP154 T03060178
MSN,2023-07-25 20:53,8.00,5000.00,KMSN 252053Z 19008KT 8SM FEW050 BKN250 31/18 A2999 RMK AO2 SLP150 T03110178 56017
MSN,2023-07-25 21:53,8.00,5500.00,KMSN 252153Z 17009KT 8SM FEW055 FEW250 31/18 A2997 RMK AO2 SLP143 T03060178
MSN,2023-07-25 22:53,7.00,25000.00,KMSN 252253Z 18011G17KT 7SM BKN250 31/18 A2996 RMK AO2 SLP140 T03060178
MSN,2023-07-25 23:53,7.00,25000.00,KMSN 252353Z 18007KT 7SM SCT250 30/18 A2996 RMK AO2 SLP140 T03000178 10311 20300 56010
MSN,2023-07-26 00:53,5.00,25000.00,KMSN 260053Z 18009KT 5SM HZ BKN250 29/18 A2997 RMK AO2 SLP139 T02890183
MSN,2023-07-26 01:53,6.00,25000.00,KMSN 260153Z 18008KT 6SM HZ SCT250 28/19 A2998 RMK AO2 SLP143 T02780189
MSN,2023-07-26 02:53,6.00,25000.00,KMSN 260253Z 17006KT 6SM HZ FEW250 27/18 A2997 RMK AO2 SLP140 T02720183 50002
MSN,2023-07-26 03:53,6.00,25000.00,KMSN 260353Z 18006KT 6SM HZ FEW250 26/18 A2995 RMK AO2 SLP134 LAST T02610183
MSN,2023-07-26 04:53,6.00,M,KMSN 260453Z AUTO 17006KT 6SM HZ CLR 25/19 A2993 RMK AO2 SLP127 T02500189
MSN,2023-07-26 05:53,6.00,M,KMSN 260553Z AUTO 17005KT 6SM HZ CLR 24/19 A2992 RMK AO2 SLP124 T02440189 10300 20244 403110183 56016
MSN,2023-07-26 06:53,6.00,M,KMSN 260653Z AUTO 19007KT 6SM HZ CLR 24/19 A2991 RMK AO2 SLP120 T02440189
MSN,2023-07-26 07:53,7.00,5500.00,KMSN 260753Z AUTO 19005KT 7SM FEW055 24/19 A2989 RMK AO2 SLP114 T02440189
MSN,2023-07-26 08:53,7.00,4600.00,KMSN 260853Z AUTO 16009KT 7SM BKN046 24/19 A2985 RMK AO2 SLP101 T02390189 58022
MSN,2023-07-26 09:53,7.00,M,KMSN 260953Z AUTO 16007KT 7SM CLR 24/19 A2983 RMK AO2 SLP094 T02390194
MSN,2023-07-26 10:53,7.00,12000.00,KMSN 261053Z 17006KT 7SM BKN120 BKN250 24/20 A2982 RMK AO2 LTG DSNT NW SLP091 T02390200
MSN,2023-07-26 11:53,7.00,1700.00,KMSN 261153Z 02005KT 7SM BKN017 OVC110 23/19 A2985 RMK AO2 LTG DSNT N AND NE SLP102 T02330194 10250 20233 53001
MSN,2023-07-26 12:53,10.00,1900.00,KMSN 261253Z 13012KT 10SM -RA FEW019 OVC120 21/18 A2978 RMK AO2 LTG DSNT S AND SW RAB32 PRESFR SLP079 P0002 T02110183
MSN,2023-07-26 13:53,10.00,1500.00,KMSN 261353Z 01008KT 10SM BKN015 BKN110 21/19 A2980 RMK AO2 PK WND 13027/1310 LTG DSNT SE AND S RAE25 SLP086 P0002 T02110189
MSN,2023-07-26 14:53,10.00,1800.00,KMSN 261453Z VRB05KT 10SM -TSRA SCT018CB BKN110 21/19 A2977 RMK AO2 LTG DSNT SE RAB35 TSB23 SLP075 FRQ LTGCGIC E TS E MOV E P0014 60018 T02110194 55012
MSN,2023-07-26 15:53,9.00,1300.00,KMSN 261553Z VRB04KT 9SM FEW013 SCT022 BKN090 22/21 A2983 RMK AO2 LTG DSNT S-W RAE1455 TSE03 SLP095 P0000 T02220206 $
MSN,2023-07-26 16:53,5.00,1100.00,KMSN 261653Z 17008KT 5SM -TSRA BR FEW011 FEW050CB OVC130 22/21 A2974 RMK AO2 LTG DSNT E-S SLP065 RAB58 TSB59 OCNL LTGCGIC SE TS SE MOV E P0004 T02220206
MSN,2023-07-26 17:53,6.00,600.00,KMSN 261753Z 00000KT 6SM -RA BR BKN006 BKN039 OVC080 23/22 A2976 RMK AO2 TSE00 SLP073 P0004 60026 T02280217 10233 20206 55023
MSN,2023-07-26 18:53,10.00,600.00,KMSN 261853Z VRB03KT 10SM FEW006 SCT012 BKN200 24/22 A2978 RMK AO2 RAE27 SLP080 P0000 T02390217
MSN,2023-07-26 19:53,10.00,1100.00,KMSN 261953Z 00000KT 10SM FEW011 SCT200 BKN250 26/22 A2978 RMK AO2 SLP077 T02610222
MSN,2023-07-26 20:53,10.00,1900.00,KMSN 262053Z 22004KT 10SM FEW019 SCT250 27/22 A2979 RMK AO2 SLP080 60000 T02720217 51007
MSN,2023-07-26 21:53,10.00,2600.00,KMSN 262153Z 32006KT 10SM FEW026 FEW250 29/20 A2979 RMK AO2 SLP079 T02890200
MSN,2023-07-26 22:53,10.00,3200.00,KMSN 262253Z 28006KT 10SM FEW032 FEW250 30/21 A2979 RMK AO2 SLP080 T03000206
MSN,2023-07-26 23:53,10.00,3500.00,KMSN 262353Z 32003KT 10SM FEW035 FEW250 29/21 A2979 RMK AO2 SLP081 60000 T02940206 10300 20228 53002
MSN,2023-07-27 00:53,10.00,3500.00,KMSN 270053Z 00000KT 10SM FEW035 27/22 A2980 RMK AO2 SLP086 T02720217
MSN,2023-07-27 01:53,10.00,3500.00,KMSN 270153Z 27003KT 10SM FEW035 25/21 A2982 RMK AO2 SLP093 T02500211
MSN,2023-07-27 02:53,10.00,M,KMSN 270253Z 29003KT 10SM CLR 24/21 A2984 RMK AO2 SLP099 T02390206 53016
MSN,2023-07-27 03:53,10.00,M,KMSN 270353Z 30004KT 10SM CLR 22/20 A2986 RMK AO2 SLP105 LAST T02220200
MSN,2023-07-27 04:53,10.00,M,KMSN 270453Z AUTO 00000KT 10SM CLR 22/20 A2987 RMK AO2 SLP111 T02220200
MSN,2023-07-27 05:53,10.00,M,KMSN 270553Z AUTO 00000KT 10SM CLR 21/20 A2988 RMK AO2 SLP115 T02110200 10294 20211 403000206 51014
MSN,2023-07-27 06:53,9.00,M,KMSN 270653Z AUTO 00000KT 9SM CLR 21/19 A2988 RMK AO2 SLP115 T02060194
MSN,2023-07-27 07:53,10.00,M,KMSN 270753Z AUTO 00000KT 10SM CLR 21/19 A2987 RMK AO2 SLP110 T02060194
MSN,2023-07-27 08:53,10.00,M,KMSN 270853Z AUTO 00000KT 10SM CLR 20/19 A2987 RMK AO2 SLP111 T02000189 55003
MSN,2023-07-27 09:53,1.75,300.00,KMSN 270953Z AUTO 00000KT 1 3/4SM BR FEW003 19/18 A2990 RMK AO2 SLP120 T01890178
MSN,2023-07-27 10:53,4.00,25000.00,KMSN 271053Z 00000KT 4SM BR FEW250 18/17 A2992 RMK AO2 SLP128 VIS N 1 T01830172
MSN,2023-07-27 11:53,10.00,M,KMSN 271153Z 00000KT 10SM CLR 21/19 A2994 RMK AO2 SLP133 70026 T02060189 10217 20183 51023
MSN,2023-07-27 12:53,10.00,25000.00,KMSN 271253Z 00000KT 10SM FEW250 24/22 A2994 RMK AO2 SLP131 T02440217
MSN,2023-07-27 13:53,10.00,25000.00,KMSN 271353Z 20004KT 10SM FEW250 27/21 A2996 RMK AO2 SLP137 T02720211
MSN,2023-07-27 14:53,10.00,25000.00,KMSN 271453Z 17004KT 10SM FEW250 28/22 A2997 RMK AO2 SLP144 T02830217 53010
MSN,2023-07-27 15:53,10.00,3000.00,KMSN 271553Z 20003KT 10SM FEW030 FEW120 29/22 A2997 RMK AO2 SLP143 T02940217
MSN,2023-07-27 16:53,10.00,3500.00,KMSN 271653Z 15007KT 10SM FEW035 FEW150 SCT250 30/21 A2996 RMK AO2 SLP137 T03000211
MSN,2023-07-27 17:53,10.00,3600.00,KMSN 271753Z 19007KT 10SM FEW036 FEW150 SCT250 31/22 A2994 RMK AO2 SLP132 T03110217 10311 20206 58012
MSN,2023-07-27 18:53,10.00,4200.00,KMSN 271853Z 15005KT 10SM SCT042 SCT250 32/22 A2994 RMK AO2 SLP131 T03170217
MSN,2023-07-27 19:53,10.00,4500.00,KMSN 271953Z 17011KT 10SM SCT045 SCT250 32/22 A2994 RMK AO2 SLP132 T03220217
MSN,2023-07-27 20:53,10.00,4500.00,KMSN 272053Z 17011G18KT 10SM FEW045 FEW250 32/21 A2993 RMK AO2 SLP129 T03220206 58003
MSN,2023-07-27 21:53,10.00,4000.00,KMSN 272153Z 19011G18KT 10SM FEW040 BKN250 32/22 A2993 RMK AO2 SLP129 T03170217
MSN,2023-07-27 22:53,10.00,4200.00,KMSN 272253Z 19010KT 10SM FEW042 BKN250 31/22 A2990 RMK AO2 SLP117 T03110222
MSN,2023-07-27 23:53,10.00,4000.00,KMSN 272353Z 19009KT 10SM FEW040 BKN250 31/23 A2990 RMK AO2 SLP118 T03110228 10322 20311 57010
MSN,2023-07-28 00:53,10.00,3500.00,KMSN 280053Z 21005KT 10SM FEW035 BKN250 31/23 A2992 RMK AO2 SLP123 T03060228
MSN,2023-07-28 01:53,10.00,21000.00,KMSN 280153Z 17005KT 10SM BKN210 29/23 A2989 RMK AO2 SLP115 T02940228 $
MSN,2023-07-28 02:53,10.00,16000.00,KMSN 280253Z 18004KT 10SM SCT160 29/23 A2992 RMK AO2 SLP122 T02890233 53006 $
MSN,2023-07-28 03:53,10.00,14000.00,KMSN 280353Z 20003KT 10SM BKN140 28/23 A2993 RMK AO2 SLP128 LAST T02830233 $
MSN,2023-07-28 04:53,10.00,2000.00,KMSN 280453Z AUTO 36016G26KT 10SM FEW020 SCT100 27/23 A2998 RMK AO2 PK WND 01026/0453 LTG DSNT N AND NE PRESRR SLP146 T02670233 $
MSN,2023-07-28 05:53,6.00,4000.00,KMSN 280553Z AUTO 02017KT 6SM RA FEW040 SCT060 OVC100 21/18 A3002 RMK AO2 PK WND 02038/0526 WSHFT 0448 LTG DSNT SW AND W RAB00 SLP159 P0002 60002 T02110178 10311 20211 403220183 53033 $
MSN,2023-07-28 06:53,10.00,9000.00,KMSN 280653Z AUTO 05009KT 10SM -RA FEW090 SCT120 21/18 A2999 RMK AO2 LTG DSNT SW RAE08B42 SLP150 P0001 T02060178 $
MSN,2023-07-28 07:53,10.00,12000.00,KMSN 280753Z AUTO 04006KT 10SM -RA FEW120 20/18 A2998 RMK AO2 LTG DSNT S AND SW SLP146 P0001 T02000178 $
MSN,2023-07-28 08:53,10.00,11000.00,KMSN 280853Z AUTO 19007KT 10SM -RA SCT110 21/18 A2998 RMK AO2 LTG DSNT S AND SW SLP144 P0002 60004 T02060178 56014 $
MSN,2023-07-28 09:53,10.00,6500.00,KMSN 280953Z AUTO VRB05KT 10SM FEW065 FEW095 SCT120 21/18 A2996 RMK AO2 RAE34 PRESRR SLP139 P0000 T02060178 $
MSN,2023-07-28 10:53,10.00,11000.00,KMSN 281053Z 00000KT 10SM FEW110 FEW140 OVC240 21/18 A2994 RMK AO2 SLP132 T02060178 $
MSN,2023-07-28 11:53,10.00,6500.00,KMSN 281153Z 00000KT 10SM FEW065 FEW120 BKN250 20/18 A2991 RMK AO2 SLP123 60004 70006 T02000183 10211 20194 58021 $
MSN,2023-07-28 12:53,10.00,14000.00,KMSN 281253Z 17003KT 10SM SCT140 BKN250 22/19 A2993 RMK AO2 SLP127 T02220189
MSN,2023-07-28 13:53,10.00,12000.00,KMSN 281353Z 22004KT 10SM SCT120 BKN250 24/19 A2995 RMK AO2 SLP136 T02440189
MSN,2023-07-28 14:53,10.00,12000.00,KMSN 281453Z 19010KT 10SM FEW120 BKN250 26/19 A2994 RMK AO2 SLP130 T02560194 50008
MSN,2023-07-28 15:53,10.00,12000.00,KMSN 281553Z VRB03KT 10SM FEW120 SCT250 28/21 A2997 RMK AO2 SLP141 T02780206
MSN,2023-07-28 16:53,10.00,12000.00,KMSN 281653Z 00000KT 10SM FEW120 BKN250 29/20 A2995 RMK AO2 SLP135 T02890200
MSN,2023-07-28 17:53,10.00,4000.00,KMSN 281753Z COR 15007KT 10SM FEW040 FEW120 SCT250 30/21 A2994 RMK AO2 SLP133 T03000211 10306 20200 50002
MSN,2023-07-28 18:53,10.00,4000.00,KMSN 281853Z VRB05KT 10SM FEW040 FEW250 32/21 A2993 RMK AO2 SLP130 CB DSNT N T03170211
MSN,2023-07-28 19:53,10.00,3800.00,KMSN 281953Z 07007KT 10SM FEW038 BKN070 BKN250 32/23 A2993 RMK AO2 SLP127 CB DSNT N-NE T03220228
MSN,2023-07-28 20:53,10.00,4200.00,KMSN 282053Z 00000KT 10SM SCT042 BKN070 BKN250 32/22 A2992 RMK AO2 SLP124 T03170222 57008
MSN,2023-07-28 21:53,10.00,4200.00,KMSN 282153Z 07006KT 10SM BKN042 BKN070 BKN150 31/22 A2991 RMK AO2 SLP122 ACC E T03110222
MSN,2023-07-28 22:53,10.00,4100.00,KMSN 282253Z 07005KT 10SM BKN041 BKN065 BKN150 31/23 A2991 RMK AO2 SLP123 ACC OHD T03060228
MSN,2023-07-28 23:53,10.00,4200.00,KMSN 282353Z 08005KT 10SM BKN042 BKN170 BKN250 30/22 A2990 RMK AO2 SLP118 ACC OHD CB DSNT SE TCU DSNT N-E T03000222 10328 20300 58006
MSN,2023-07-29 00:53,10.00,4200.00,KMSN 290053Z 10006KT 10SM SCT042CB BKN180 BKN250 29/22 A2985 RMK AO2 LTG DSNT N AND E AND SW PRESFR SLP102 CB SE-SW MOV SE TCU DSNT NW-E T02940222
MSN,2023-07-29 01:53,10.00,4000.00,KMSN 290153Z 11012G18KT 10SM BKN040 BKN250 28/22 A2985 RMK AO2 LTG DSNT S AND SW SLP102 CB DSNT NW-NE MOV SE T02780217
MSN,2023-07-29 02:53,0.50,1000.00,KMSN 290253Z 33019G43KT 1/2SM R36/1200VP6000FT +TSRA FG BKN010 OVC037CB 20/18 A2997 RMK AO2 PK WND 34043/0251 LTG DSNT ALQDS RAB34 TSB12 PRESRR SLP145 CONS LTGICCCCA OHD TS OHD MOV SE P0046 60046 T02000183 53025
MSN,2023-07-29 03:53,10.00,900.00,KMSN 290353Z 09005KT 10SM TS FEW009 SCT039CB OVC110 21/19 A2998 RMK AO2 PK WND 30037/0259 LTG DSNT ALQDS RAE51 SLP146 FRQ LTGICCACG NE-S TS NE-S MOV SE LAST P0105 T02060194
MSN,2023-07-29 04:53,10.00,3200.00,KMSN 290453Z AUTO 12005KT 10SM SCT032 BKN070 BKN110 21/18 A2998 RMK AO2 LTG DSNT S RAB03E12 SLP146 P0000 T02060183
MSN,2023-07-29 05:53,10.00,M,KMSN 290553Z AUTO 00000KT 10SM CLR 19/18 A2995 RMK AO2 SLP136 60151 T01940183 10300 20194 403280194 58008
MSN,2023-07-29 06:53,9.00,M,KMSN 290653Z AUTO 27003KT 9SM CLR 19/18 A2995 RMK AO2 SLP135 T01940183
MSN,2023-07-29 07:53,10.00,1300.00,KMSN 290753Z AUTO 02006KT 10SM OVC013 19/18 A2999 RMK AO2 SLP148 T01940183
MSN,2023-07-29 08:53,10.00,1500.00,KMSN 290853Z AUTO 01006KT 10SM OVC015 20/19 A3000 RMK AO2 SLP153 T02000189 53017
MSN,2023-07-29 09:53,10.00,2300.00,KMSN 290953Z AUTO 36004KT 10SM OVC023 20/19 A3003 RMK AO2 SLP162 T02000189
MSN,2023-07-29 10:53,10.00,800.00,KMSN 291053Z 33004KT 10SM FEW008 OVC026 20/18 A3005 RMK AO2 SLP169 T02000183
MSN,2023-07-29 11:53,10.00,800.00,KMSN 291153Z 35006KT 10SM FEW008 BKN027 21/19 A3004 RMK AO2 SLP167 70151 T02060189 10206 20183 50013
MSN,2023-07-29 12:53,10.00,1000.00,KMSN 291253Z 01008KT 10SM BKN010 21/18 A3004 RMK AO2 SLP167 T02060183
MSN,2023-07-29 13:53,10.00,1400.00,KMSN 291353Z 36010KT 10SM BKN014 22/18 A3008 RMK AO2 SLP179 CIG 011V019 T02170183
MSN,2023-07-29 14:53,10.00,1600.00,KMSN 291453Z 33007KT 10SM OVC016 22/18 A3008 RMK AO2 SLP182 CIG 013V021 T02170183 53014
MSN,2023-07-29 15:53,10.00,2000.00,KMSN 291553Z 34007KT 10SM BKN020 BKN250 23/18 A3008 RMK AO2 SLP180 T02330183
MSN,2023-07-29 16:53,10.00,2300.00,KMSN 291653Z 05007KT 10SM BKN023 BKN250 24/18 A3008 RMK AO2 SLP182 T02440183
MSN,2023-07-29 17:53,10.00,2600.00,KMSN 291753Z VRB03KT 10SM SCT026 BKN250 25/18 A3009 RMK AO2 SLP186 T02500178 10256 20206 53004
MSN,2023-07-29 18:53,10.00,3600.00,KMSN 291853Z 00000KT 10SM FEW036 FEW250 27/18 A3009 RMK AO2 SLP185 T02670178
MSN,2023-07-29 19:53,10.00,3600.00,KMSN 291953Z 00000KT 10SM FEW036 SCT250 27/17 A3009 RMK AO2 SLP183 T02670172
MSN,2023-07-29 20:53,10.00,3500.00,KMSN 292053Z 00000KT 10SM FEW035 FEW250 28/14 A3009 RMK AO2 SLP183 TCU DSNT N T02780139 57003
MSN,2023-07-29 21:53,10.00,3500.00,KMSN 292153Z 00000KT 10SM FEW035 27/17 A3007 RMK AO2 SLP176 TCU DSNT N-E T02720167
MSN,2023-07-29 22:53,10.00,3500.00,KMSN 292253Z 26003KT 10SM FEW035 28/16 A3006 RMK AO2 SLP173 TCU DSNT NW-E T02780161
MSN,2023-07-29 23:53,10.00,3900.00,KMSN 292353Z 29004KT 10SM SCT039TCU 27/17 A3004 RMK AO2 SLP168 TCU OHD AND W TCU DSNT NW-E T02720167 10283 20250 56014
MSN,2023-07-30 00:53,10.00,4200.00,KMSN 300053Z 31003KT 10SM BKN042TCU 25/18 A3004 RMK AO2 SLP169 TCU OHD AND SW TCU DSNT NE-SE T02500183
MSN,2023-07-30 01:53,10.00,4300.00,KMSN 300153Z 33004KT 10SM FEW043 SCT080 24/18 A3005 RMK AO2 SLP172 TCU DSNT NW-N AND E-S T02390178
MSN,2023-07-30 02:53,10.00,4400.00,KMSN 300253Z 34006KT 10SM FEW044 FEW085 23/16 A3007 RMK AO2 SLP179 T02280161 53009
MSN,2023-07-30 03:53,10.00,M,KMSN 300353Z 34006KT 10SM CLR 22/16 A3008 RMK AO2 SLP182 LAST T02170161
MSN,2023-07-30 04:53,10.00,M,KMSN 300453Z AUTO 34004KT 10SM CLR 21/16 A3009 RMK AO2 SLP184 T02060156
MSN,2023-07-30 05:53,10.00,M,KMSN 300553Z AUTO 33004KT 10SM CLR 19/14 A3009 RMK AO2 SLP186 T01940144 10272 20194 402830183 51007
MSN,2023-07-30 06:53,10.00,M,KMSN 300653Z AUTO 33004KT 10SM CLR 18/14 A3010 RMK AO2 SLP187 T01830139
MSN,2023-07-30 07:53,10.00,M,KMSN 300753Z AUTO 32004KT 10SM CLR 17/13 A3009 RMK AO2 SLP187 T01720133
MSN,2023-07-30 08:53,10.00,M,KMSN 300853Z AUTO 32004KT 10SM CLR 17/14 A3010 RMK AO2 SLP190 T01670139 53003
MSN,2023-07-30 09:53,10.00,M,KMSN 300953Z AUTO 34003KT 10SM CLR 16/14 A3011 RMK AO2 SLP192 T01610139
MSN,2023-07-30 10:53,10.00,5000.00,KMSN 301053Z 33003KT 10SM FEW050 15/14 A3012 RMK AO2 SLP195 T01500139
MSN,2023-07-30 11:53,10.00,4000.00,KMSN 301153Z 33005KT 10SM FEW040 17/14 A3013 RMK AO2 SLP200 T01670144 10194 20150 53010
MSN,2023-07-30 12:53,10.00,4000.00,KMSN 301253Z 34004KT 10SM FEW040 19/16 A3015 RMK AO2 SLP204 T01890156
MSN,2023-07-30 13:53,10.00,1900.00,KMSN 301353Z 01006KT 10SM FEW019 21/17 A3015 RMK AO2 SLP206 T02110167
MSN,2023-07-30 14:53,10.00,2800.00,KMSN 301453Z 01007KT 10SM FEW028 23/16 A3015 RMK AO2 SLP206 T02280156 51006
MSN,2023-07-30 15:53,10.00,4200.00,KMSN 301553Z 36007KT 10SM SCT042 24/15 A3015 RMK AO2 SLP204 T02390150
MSN,2023-07-30 16:53,10.00,4400.00,KMSN 301653Z 36007KT 10SM SCT044 25/14 A3014 RMK AO2 SLP201 T02500139
MSN,2023-07-30 17:53,10.00,5500.00,KMSN 301753Z 36006KT 10SM SCT055 SCT250 25/13 A3013 RMK AO2 SLP200 T02500128 10256 20167 58006
MSN,2023-07-30 18:53,10.00,6000.00,KMSN 301853Z 01006KT 10SM SCT060 SCT170 26/13 A3013 RMK AO2 SLP200 T02560128
MSN,2023-07-30 19:53,10.00,6000.00,KMSN 301953Z 32006KT 10SM SCT060 SCT170 27/12 A3012 RMK AO2 SLP196 T02670122
MSN,2023-07-30 20:53,10.00,6000.00,KMSN 302053Z 30006KT 10SM FEW060 FEW160 SCT250 26/12 A3010 RMK AO2 SLP190 T02610122 58010
MSN,2023-07-30 21:53,10.00,6000.00,KMSN 302153Z 36007KT 10SM FEW060 FEW075 BKN250 26/13 A3010 RMK AO2 SLP189 T02610133
MSN,2023-07-30 22:53,10.00,7000.00,KMSN 302253Z 36004KT 10SM FEW070 BKN250 25/14 A3009 RMK AO2 SLP188 T02500139
MSN,2023-07-30 23:53,10.00,7000.00,KMSN 302353Z 35004KT 10SM FEW070 FEW160 FEW250 25/13 A3009 RMK AO2 SLP184 T02500133 10267 20244 58006
MSN,2023-07-31 00:53,10.00,6500.00,KMSN 310053Z 00000KT 10SM SCT065 BKN250 23/14 A3008 RMK AO2 SLP183 T02280139
MSN,2023-07-31 01:53,10.00,6000.00,KMSN 310153Z 00000KT 10SM BKN060 BKN075 21/15 A3009 RMK AO2 SLP185 T02060150
MSN,2023-07-31 02:53,10.00,6000.00,KMSN 310253Z 00000KT 10SM SCT060 BKN070 19/15 A3010 RMK AO2 SLP187 T01890150 53003
MSN,2023-07-31 03:53,10.00,6000.00,KMSN 310353Z 34003KT 10SM SCT060 19/14 A3010 RMK AO2 SLP190 LAST T01890144
MSN,2023-07-31 04:53,10.00,5500.00,KMSN 310453Z AUTO 00000KT 10SM BKN055 18/14 A3012 RMK AO2 SLP194 T01780144
MSN,2023-07-31 05:53,10.00,6000.00,KMSN 310553Z AUTO 35004KT 10SM SCT060 17/14 A3011 RMK AO2 SLP193 T01720144 10250 20172 402670150 50006
MSN,2023-07-31 06:53,10.00,5500.00,KMSN 310653Z AUTO 00000KT 10SM BKN055 17/14 A3010 RMK AO2 SLP189 T01670144
MSN,2023-07-31 07:53,10.00,5500.00,KMSN 310753Z AUTO 00000KT 10SM SCT055 16/14 A3012 RMK AO2 SLP195 T01560139
MSN,2023-07-31 08:53,10.00,6000.00,KMSN 310853Z AUTO 00000KT 10SM SCT060 16/14 A3014 RMK AO2 SLP201 T01560139 53008
MSN,2023-07-31 09:53,10.00,M,KMSN 310953Z AUTO 00000KT 10SM CLR 15/14 A3012 RMK AO2 SLP197 T01500139
MSN,2023-07-31 10:53,10.00,6000.00,KMSN 311053Z 00000KT 10SM FEW060 14/13 A3013 RMK AO2 SLP199 T01440133
MSN,2023-07-31 11:53,10.00,5000.00,KMSN 311153Z 00000KT 10SM SCT050 16/14 A3015 RMK AO2 SLP207 T01560144 10172 20144 53004
MSN,2023-07-31 12:53,10.00,5000.00,KMSN 311253Z 00000KT 10SM SCT050 18/15 A3017 RMK AO2 SLP212 T01830150 $
MSN,2023-07-31 13:53,10.00,5500.00,KMSN 311353Z 03003KT 10SM FEW055 21/15 A3018 RMK AO2 SLP217 T02110150 $
MSN,2023-07-31 14:53,10.00,5000.00,KMSN 311453Z 00000KT 10SM FEW050 23/14 A3016 RMK AO2 SLP210 T02330144 50004
MSN,2023-07-31 15:53,10.00,4200.00,KMSN 311553Z VRB04KT 10SM FEW042 SCT055 25/12 A3018 RMK AO2 SLP215 T02500122
MSN,2023-07-31 16:53,10.00,5500.00,KMSN 311653Z 00000KT 10SM SCT055 26/11 A3018 RMK AO2 SLP215 T02560111
MSN,2023-07-31 17:53,10.00,5500.00,KMSN 311753Z 31004KT 10SM SCT055 26/13 A3016 RMK AO2 SLP208 T02560128 10261 20161 58002
MSN,2023-07-31 18:53,10.00,5000.00,KMSN 311853Z VRB03KT 10SM SCT050 27/13 A3015 RMK AO2 SLP206 T02670133
MSN,2023-07-31 19:53,10.00,5500.00,KMSN 311953Z VRB03KT 10SM SCT055 27/12 A3014 RMK AO2 SLP200 T02670117
MSN,2023-07-31 20:53,10.00,5500.00,KMSN 312053Z 36003KT 10SM FEW055 27/12 A3013 RMK AO2 SLP198 T02720122 56010
MSN,2023-07-31 21:53,10.00,5000.00,KMSN 312153Z VRB04KT 10SM FEW050 FEW250 27/12 A3013 RMK AO2 SLP197 T02670117
MSN,2023-07-31 22:53,10.00,5000.00,KMSN 312253Z 35004KT 10SM FEW050 26/13 A3011 RMK AO2 SLP193 T02610128
MSN,2023-07-31 23:53,10.00,5000.00,KMSN 312353Z 05004KT 10SM FEW050 25/13 A3012 RMK AO2 SLP195 T02500133 10278 20244 55004
MSN,2023-08-01 00:53,10.00,5000.00,KMSN 010053Z 05004KT 10SM FEW050 23/14 A3013 RMK AO2 SLP200 T02280144
MSN,2023-08-01 01:53,10.00,5000.00,KMSN 010153Z 00000KT 10SM FEW050 19/14 A3014 RMK AO2 SLP204 T01940139
MSN,2023-08-01 02:53,10.00,M,KMSN 010253Z 00000KT 10SM CLR 18/14 A3016 RMK AO2 SLP208 T01830144 53014
MSN,2023-08-01 03:53,10.00,M,KMSN 010353Z 00000KT 10SM CLR 17/14 A3016 RMK AO2 SLP207 LAST T01670139
MSN,2023-08-01 04:53,10.00,M,KMSN 010453Z AUTO 00000KT 10SM CLR 17/14 A3016 RMK AO2 SLP208 T01670139
MSN,2023-08-01 05:53,10.00,5000.00,KMSN 010553Z AUTO 00000KT 10SM FEW050 16/14 A3016 RMK AO2 SLP211 T01610139 10250 20161 402780144 53002
MSN,2023-08-01 06:53,10.00,5000.00,KMSN 010653Z AUTO 00000KT 10SM BKN050 16/14 A3016 RMK AO2 SLP210 T01610144
MSN,2023-08-01 07:53,10.00,M,KMSN 010753Z AUTO 00000KT 10SM CLR 16/14 A3016 RMK AO2 SLP209 T01560139
MSN,2023-08-01 08:53,10.00,M,KMSN 010853Z AUTO 00000KT 10SM CLR 15/14 A3016 RMK AO2 SLP207 T01500139 58003
MSN,2023-08-01 09:53,10.00,M,KMSN 010953Z AUTO 00000KT 10SM CLR 14/13 A3017 RMK AO2 SLP212 T01440133
MSN,2023-08-01 10:53,10.00,4500.00,KMSN 011053Z 00000KT 10SM FEW045 FEW250 14/13 A3017 RMK AO2 SLP213 T01440133
MSN,2023-08-01 11:53,10.00,4500.00,KMSN 011153Z 00000KT 10SM FEW045 BKN250 16/14 A3018 RMK AO2 SLP215 T01560144 10172 20139 51007
MSN,2023-08-01 12:53,10.00,4500.00,KMSN 011253Z 00000KT 10SM FEW045 BKN250 19/15 A3018 RMK AO2 SLP216 T01940150
MSN,2023-08-01 13:53,10.00,4000.00,KMSN 011353Z 00000KT 10SM FEW040 BKN250 22/16 A3019 RMK AO2 SLP217 T02220156
MSN,2023-08-01 14:53,10.00,3800.00,KMSN 011453Z 00000KT 10SM FEW038 SCT055 BKN250 23/16 A3019 RMK AO2 SLP218 T02330161 51004
MSN,2023-08-01 15:53,10.00,4000.00,KMSN 011553Z 00000KT 10SM SCT040 SCT250 26/17 A3019 RMK AO2 SLP218 T02610172
MSN,2023-08-01 16:53,10.00,3500.00,KMSN 011653Z 13003KT 10SM BKN035 BKN250 26/18 A3017 RMK AO2 SLP213 T02560178
MSN,2023-08-01 17:53,10.00,3800.00,KMSN 011753Z 00000KT 10SM BKN038 BKN250 27/18 A3015 RMK AO2 SLP205 T02720183 10278 20156 58013
MSN,2023-08-01 18:53,10.00,4000.00,KMSN 011853Z VRB04KT 10SM BKN040 BKN250 28/18 A3014 RMK AO2 SLP200 T02780178
MSN,2023-08-01 19:53,10.00,4700.00,KMSN 011953Z 23006KT 10SM BKN047 BKN250 28/17 A3013 RMK AO2 SLP197 T02830167
MSN,2023-08-01 20:53,10.00,4600.00,KMSN 012053Z VRB04KT 10SM BKN046 BKN250 28/17 A3011 RMK AO2 SLP193 T02830172 56011
MSN,2023-08-01 21:53,10.00,6000.00,KMSN 012153Z 22003KT 10SM FEW060 BKN085 BKN250 28/18 A3010 RMK AO2 SLP189 T02780183
MSN,2023-08-01 22:53,10.00,4400.00,KMSN 012253Z VRB03KT 10SM SCT044 BKN250 28/18 A3009 RMK AO2 SLP184 T02780178
MSN,2023-08-01 23:53,10.00,4800.00,KMSN 012353Z 23005KT 10SM SCT048 BKN250 27/18 A3009 RMK AO2 SLP185 T02720178 10294 20272 55008
MSN,2023-08-02 00:53,10.00,5000.00,KMSN 020053Z 22006KT 10SM FEW050 BKN250 26/18 A3009 RMK AO2 SLP183 T02610178
MSN,2023-08-02 01:53,10.00,6000.00,KMSN 020153Z 22004KT 10SM FEW060 BKN250 26/18 A3011 RMK AO2 SLP190 T02560178
MSN,2023-08-02 02:53,10.00,7500.00,KMSN 020253Z 22005KT 10SM FEW075 SCT250 24/18 A3012 RMK AO2 SLP193 T02440178 53009
MSN,2023-08-02 03:53,10.00,7500.00,KMSN 020353Z 17006KT 10SM FEW075 24/18 A3011 RMK AO2 SLP191 LAST T02390183
MSN,2023-08-02 04:53,10.00,M,KMSN 020453Z AUTO 19005KT 10SM CLR 23/18 A3010 RMK AO2 SLP189 T02330178
MSN,2023-08-02 05:53,10.00,M,KMSN 020553Z AUTO 18007KT 10SM CLR 23/18 A3010 RMK AO2 SLP188 T02280178 10272 20228 402940139 56004
MSN,2023-08-02 06:53,10.00,M,KMSN 020653Z AUTO 19005KT 10SM CLR 22/18 A3011 RMK AO2 SLP189 T02220178
MSN,2023-08-02 07:53,10.00,M,KMSN 020753Z AUTO 23003KT 10SM CLR 22/17 A3009 RMK AO2 SLP184 T02170172
MSN,2023-08-02 08:53,10.00,M,KMSN 020853Z AUTO 18004KT 10SM CLR 21/17 A3005 RMK AO2 SLP170 T02110172 58018
MSN,2023-08-02 09:53,10.00,M,KMSN 020953Z AUTO 19004KT 10SM CLR 21/17 A3006 RMK AO2 SLP172 T02060167
MSN,2023-08-02 10:53,10.00,18000.00,KMSN 021053Z 19006KT 10SM FEW180 SCT250 21/16 A3009 RMK AO2 SLP184 T02060161
MSN,2023-08-02 11:53,10.00,13000.00,KMSN 021153Z 18005KT 10SM BKN130 BKN250 21/16 A3008 RMK AO2 SLP181 T02110156 10228 20194 50010
MSN,2023-08-02 12:53,10.00,15000.00,KMSN 021253Z 18005KT 10SM FEW150 SCT250 22/16 A3008 RMK AO2 SLP182 T02170156
MSN,2023-08-02 13:53,10.00,7000.00,KMSN 021353Z 19006KT 10SM BKN070 BKN110 23/16 A3010 RMK AO2 SLP186 T02280161
MSN,2023-08-02 14:53,10.00,3200.00,KMSN 021453Z 19007KT 10SM FEW032 SCT065 BKN250 25/17 A3010 RMK AO2 SLP187 T02500172 53006
MSN,2023-08-02 15:53,10.00,7000.00,KMSN 021553Z VRB06KT 10SM BKN070 BKN250 26/17 A3009 RMK AO2 SLP184 T02560167
MSN,2023-08-02 16:53,10.00,4000.00,KMSN 021653Z 18009KT 10SM FEW040 FEW080 SCT250 27/17 A3007 RMK AO2 SLP176 T02720172
MSN,2023-08-02 17:53,10.00,4200.00,KMSN 021753Z 19008G16KT 10SM SCT042 BKN250 28/17 A3005 RMK AO2 SLP170 T02830172 10283 20206 58017
MSN,2023-08-02 18:53,10.00,5000.00,KMSN 021853Z 20008KT 10SM FEW050 BKN250 27/17 A3004 RMK AO2 SLP164 T02720167
MSN,2023-08-02 19:53,10.00,4000.00,KMSN 021953Z 17009KT 10SM FEW040 BKN250 27/17 A3002 RMK AO2 SLP160 T02720172
MSN,2023-08-02 20:53,10.00,4000.00,KMSN 022053Z 19011KT 10SM FEW040 BKN250 28/18 A3000 RMK AO2 SLP153 T02830178 57016
MSN,2023-08-02 21:53,10.00,4100.00,KMSN 022153Z 19009KT 10SM FEW041 BKN250 28/18 A3000 RMK AO2 SLP155 T02780178
MSN,2023-08-02 22:53,10.00,4000.00,KMSN 022253Z 17008KT 10SM FEW040 BKN250 28/18 A3000 RMK AO2 SLP153 T02780178
MSN,2023-08-02 23:53,10.00,3900.00,KMSN 022353Z 18009KT 10SM FEW039 BKN250 27/18 A3000 RMK AO2 SLP155 T02720178 10283 20272 53001
MSN,2023-08-03 00:53,10.00,4600.00,KMSN 030053Z 19009KT 10SM BKN046 BKN250 27/18 A3000 RMK AO2 SLP154 T02670178
MSN,2023-08-03 01:53,10.00,3600.00,KMSN 030153Z 24004KT 10SM FEW036 SCT060 26/19 A3001 RMK AO2 SLP157 T02560189
MSN,2023-08-03 02:53,10.00,M,KMSN 030253Z 22004KT 10SM CLR 24/19 A3002 RMK AO2 SLP159 T02440194 53005
MSN,2023-08-03 03:53,10.00,M,KMSN 030353Z VRB03KT 10SM CLR 24/19 A3001 RMK AO2 SLP157 LAST T02390194
MSN,2023-08-03 04:53,10.00,M,KMSN 030453Z AUTO 00000KT 10SM CLR 23/20 A3000 RMK AO2 SLP153 T02280200
MSN,2023-08-03 05:53,8.00,M,KMSN 030553Z AUTO 00000KT 8SM CLR 21/20 A3001 RMK AO2 SLP157 T02060200 10272 20200 402830194 55002
MSN,2023-08-03 06:53,6.00,M,KMSN 030653Z AUTO 00000KT 6SM BR CLR 19/19 A3001 RMK AO2 SLP156 T01940189
MSN,2023-08-03 07:53,4.00,M,KMSN 030753Z AUTO 00000KT 4SM BR CLR 19/18 A3001 RMK AO2 SLP156 T01890183
MSN,2023-08-03 08:53,5.00,800.00,KMSN 030853Z AUTO 00000KT 5SM BR FEW008 19/19 A3000 RMK AO2 SLP155 T01940189 56002
MSN,2023-08-03 09:53,0.50,800.00,KMSN 030953Z AUTO 00000KT 1/2SM R36/P6000FT FG VV008 18/17 A2999 RMK AO2 SLP150 T01780172
MSN,2023-08-03 10:53,0.50,200.00,KMSN 031053Z 00000KT 1/2SM R36/P6000FT FG VV002 18/17 A2999 RMK AO2 SLP148 T01780172
MSN,2023-08-03 11:53,1.00,200.00,KMSN 031153Z 00000KT 1SM R36/P6000FT BR FEW002 18/18 A3000 RMK AO2 SFC VIS 1 1/2 SLP152 T01830178 10206 20172 55002
MSN,2023-08-03 12:53,3.00,600.00,KMSN 031253Z 30004KT 3SM BR FEW006 FEW250 21/20 A3000 RMK AO2 SFC VIS 5 SLP153 T02060200
MSN,2023-08-03 13:53,7.00,1100.00,KMSN 031353Z 25005KT 7SM FEW011 SCT250 23/20 A3000 RMK AO2 SLP154 T02280200
MSN,2023-08-03 14:53,10.00,1500.00,KMSN 031453Z 30005KT 10SM FEW015 BKN021 BKN250 25/21 A3000 RMK AO2 SLP154 T02500206 51002
MSN,2023-08-03 15:53,10.00,1600.00,KMSN 031553Z VRB04KT 10SM FEW016 BKN021 25/21 A3001 RMK AO2 SLP158 T02500206
MSN,2023-08-03 16:53,10.00,2300.00,KMSN 031653Z 23006KT 10SM BKN023 26/21 A3002 RMK AO2 SLP159 T02610211
MSN,2023-08-03 17:53,10.00,2200.00,KMSN 031753Z VRB04KT 10SM SCT022 BKN028 BKN250 27/21 A2999 RMK AO2 SLP150 T02670206 10272 20183 58004
MSN,2023-08-03 18:53,10.00,2800.00,KMSN 031853Z VRB03KT 10SM SCT028 BKN250 28/19 A2997 RMK AO2 SLP144 T02830194
MSN,2023-08-03 19:53,10.00,3300.00,KMSN 031953Z VRB04KT 10SM SCT033 BKN250 29/20 A2996 RMK AO2 SLP140 T02940200
MSN,2023-08-03 20:53,10.00,3800.00,KMSN 032053Z VRB04KT 10SM SCT038 BKN250 29/21 A2994 RMK AO2 SLP134 T02940206 56016
MSN,2023-08-03 21:53,10.00,3500.00,KMSN 032153Z VRB04KT 10SM FEW035 SCT250 29/20 A2993 RMK AO2 SLP130 T02940200
MSN,2023-08-03 22:53,10.00,4000.00,KMSN 032253Z 31004KT 10SM FEW040 SCT250 30/21 A2992 RMK AO2 SLP128 T03000206
MSN,2023-08-03 23:53,10.00,5000.00,KMSN 032353Z 26003KT 10SM FEW050 BKN250 29/20 A2992 RMK AO2 LTG DSNT NW SLP124 T02890200 10306 20261 56009
MSN,2023-08-04 00:53,10.00,5000.00,KMSN 040053Z 00000KT 10SM FEW050 BKN250 27/20 A2993 RMK AO2 SLP128 T02720200
MSN,2023-08-04 01:53,10.00,5000.00,KMSN 040153Z 22003KT 10SM SCT050 SCT150 BKN250 27/21 A2994 RMK AO2 SLP132 T02720206
MSN,2023-08-04 02:53,10.00,5000.00,KMSN 040253Z 23003KT 10SM SCT050 SCT250 26/21 A2994 RMK AO2 LTG DSNT NE SLP133 T02610206 51009
MSN,2023-08-04 03:53,10.00,3900.00,KMSN 040353Z 06005KT 10SM BKN039 BKN050 26/19 A2997 RMK AO2 LTG DSNT E SLP141 LAST T02610194
MSN,2023-08-04 04:53,10.00,4000.00,KMSN 040453Z AUTO 16008KT 10SM SCT040 24/19 A2997 RMK AO2 RAB06E18 SLP141 P0000 T02390194
MSN,2023-08-04 05:53,10.00,4100.00,KMSN 040553Z AUTO 18004KT 10SM SCT041 BKN060 BKN090 24/19 A2997 RMK AO2 LTG DSNT N AND NE SLP142 60000 T02390189 10289 20233 403060172 51008
MSN,2023-08-04 06:53,10.00,8500.00,KMSN 040653Z AUTO 23004KT 10SM FEW085 22/19 A2996 RMK AO2 SLP138 T02220189
MSN,2023-08-04 07:53,10.00,M,KMSN 040753Z AUTO 00000KT 10SM CLR 23/21 A2994 RMK AO2 SLP130 T02330206
MSN,2023-08-04 08:53,9.00,M,KMSN 040853Z AUTO 02004KT 9SM CLR 21/19 A2995 RMK AO2 SLP135 T02060194 55007
MSN,2023-08-04 09:53,10.00,M,KMSN 040953Z AUTO 08003KT 10SM CLR 20/18 A2996 RMK AO2 SLP138 T02000183
MSN,2023-08-04 10:53,10.00,15000.00,KMSN 041053Z 08004KT 10SM FEW150 FEW250 19/18 A2995 RMK AO2 SLP136 T01940183
MSN,2023-08-04 11:53,10.00,25000.00,KMSN 041153Z VRB03KT 10SM FEW250 21/18 A2997 RMK AO2 SLP142 T02110183 10239 20194 53007
MSN,2023-08-04 12:53,10.00,M,KMSN 041253Z 08007KT 10SM CLR 22/17 A2998 RMK AO2 SLP147 T02220172
MSN,2023-08-04 13:53,10.00,25000.00,KMSN 041353Z 12008KT 10SM FEW250 24/17 A3001 RMK AO2 SLP155 T02390167
MSN,2023-08-04 14:53,9.00,25000.00,KMSN 041453Z 11012KT 9SM FEW250 25/16 A3003 RMK AO2 SLP164 T02500156 53021
MSN,2023-08-04 15:53,8.00,8000.00,KMSN 041553Z 11007KT 8SM FEW080 FEW250 26/17 A3005 RMK AO2 SLP168 T02610167
MSN,2023-08-04 16:53,9.00,6000.00,KMSN 041653Z 11004KT 9SM FEW060 SCT250 27/17 A3004 RMK AO2 SLP166 T02720167
MSN,2023-08-04 17:53,9.00,4000.00,KMSN 041753Z 13007G15KT 9SM FEW040 FEW250 27/17 A3003 RMK AO2 SLP162 T02720172 10278 20211 58002
MSN,2023-08-04 18:53,9.00,4500.00,KMSN 041853Z 09007KT 070V130 9SM FEW045 FEW060 SCT250 28/17 A3002 RMK AO2 SLP160 T02830172
MSN,2023-08-04 19:53,9.00,4600.00,KMSN 041953Z 09010KT 9SM SCT046 SCT065 BKN250 28/18 A3001 RMK AO2 SLP155 T02830178
MSN,2023-08-04 20:53,9.00,4900.00,KMSN 042053Z 11010KT 9SM FEW049 SCT070 BKN250 28/17 A3001 RMK AO2 SLP157 T02830172 55006
MSN,2023-08-04 21:53,10.00,5000.00,KMSN 042153Z 10006KT 10SM FEW050 FEW070 BKN250 28/16 A3001 RMK AO2 SLP157 T02830161
MSN,2023-08-04 22:53,10.00,5000.00,KMSN 042253Z 09008KT 10SM FEW050 BKN250 28/17 A3000 RMK AO2 SLP152 T02780167
MSN,2023-08-04 23:53,9.00,25000.00,KMSN 042353Z 11009KT 9SM BKN250 26/16 A2999 RMK AO2 SLP151 T02610161 10289 20261 58006
MSN,2023-08-05 00:53,10.00,25000.00,KMSN 050053Z 13008KT 10SM BKN250 25/15 A3001 RMK AO2 SLP157 T02500150
MSN,2023-08-05 01:53,10.00,25000.00,KMSN 050153Z 11009KT 10SM BKN250 23/14 A3002 RMK AO2 SLP159 T02280144
MSN,2023-08-05 02:53,10.00,25000.00,KMSN 050253Z 11007KT 10SM BKN250 22/14 A3004 RMK AO2 SLP167 T02170144 53016
MSN,2023-08-05 03:53,10.00,25000.00,KMSN 050353Z 11006KT 10SM BKN250 21/14 A3005 RMK AO2 SLP170 LAST T02110144
MSN,2023-08-05 04:53,10.00,M,KMSN 050453Z AUTO 07003KT 10SM CLR 19/14 A3005 RMK AO2 SLP169 T01940144
MSN,2023-08-05 05:53,10.00,M,KMSN 050553Z AUTO 07005KT 10SM CLR 19/15 A3004 RMK AO2 SLP167 T01890150 10261 20189 402890189 58000
MSN,2023-08-05 06:53,10.00,M,KMSN 050653Z AUTO 00000KT 10SM CLR 18/14 A3005 RMK AO2 SLP170 T01830144
MSN,2023-08-05 07:53,10.00,M,KMSN 050753Z AUTO 00000KT 10SM CLR 17/15 A3004 RMK AO2 SLP167 T01720150
MSN,2023-08-05 08:53,10.00,M,KMSN 050853Z AUTO 06005KT 10SM CLR 18/15 A3003 RMK AO2 SLP165 T01780150 58002
MSN,2023-08-05 09:53,10.00,M,KMSN 050953Z AUTO 01005KT 10SM CLR 17/14 A3003 RMK AO2 SLP163 T01720144
MSN,2023-08-05 10:53,10.00,6500.00,KMSN 051053Z 03005KT 10SM FEW065 BKN250 18/16 A3002 RMK AO2 SLP162 T01780156
MSN,2023-08-05 11:53,9.00,6500.00,KMSN 051153Z 05007KT 9SM FEW065 BKN250 18/16 A3002 RMK AO2 SLP162 T01830161 10189 20167 56003
MSN,2023-08-05 12:53,8.00,22000.00,KMSN 051253Z 09006KT 8SM FEW220 BKN250 19/17 A3004 RMK AO2 SLP168 T01890167
MSN,2023-08-05 13:53,9.00,1600.00,KMSN 051353Z 08010KT 9SM FEW016 SCT220 BKN250 22/18 A3003 RMK AO2 SLP165 T02170178
MSN,2023-08-05 14:53,10.00,2000.00,KMSN 051453Z 07007KT 10SM FEW020 BKN250 23/18 A3002 RMK AO2 SLP163 T02280183 50000
MSN,2023-08-05 15:53,10.00,2200.00,KMSN 051553Z 05007KT 10SM FEW022 SCT250 24/18 A3003 RMK AO2 SLP162 T02440183
MSN,2023-08-05 16:53,10.00,3000.00,KMSN 051653Z 09007KT 10SM SCT030 SCT250 26/18 A3001 RMK AO2 SLP157 T02610183
MSN,2023-08-05 17:53,10.00,4500.00,KMSN 051753Z VRB06KT 10SM FEW045 SCT250 27/16 A2999 RMK AO2 SLP148 T02720161 10272 20183 58013
MSN,2023-08-05 18:53,10.00,4100.00,KMSN 051853Z 05009G22KT 010V110 10SM BKN041 BKN250 28/18 A2999 RMK AO2 SLP150 T02830178
MSN,2023-08-05 19:53,10.00,4500.00,KMSN 051953Z 09010KT 10SM BKN045 BKN250 28/19 A2997 RMK AO2 SLP145 T02780189
MSN,2023-08-05 20:53,10.00,4500.00,KMSN 052053Z 11010KT 10SM BKN045 BKN250 28/17 A2996 RMK AO2 SLP140 T02780172 58008
MSN,2023-08-05 21:53,10.00,4500.00,KMSN 052153Z 10012KT 10SM BKN045 BKN065 27/17 A2996 RMK AO2 SLP140 T02670172
MSN,2023-08-05 22:53,10.00,4800.00,KMSN 052253Z 12012KT 10SM SCT048 SCT070 BKN250 26/17 A2994 RMK AO2 SLP135 T02610167
MSN,2023-08-05 23:53,10.00,4600.00,KMSN 052353Z 09013KT 10SM FEW046 FEW070 BKN250 26/17 A2994 RMK AO2 SLP135 T02560172 10289 20250 55005
MSN,2023-08-06 00:53,10.00,4600.00,KMSN 060053Z 08010KT 10SM FEW046 SCT075 BKN250 23/18 A2997 RMK AO2 SLP144 T02330178
MSN,2023-08-06 01:53,10.00,8000.00,KMSN 060153Z 09008KT 10SM SCT080 SCT250 22/17 A2998 RMK AO2 SLP147 T02220172
MSN,2023-08-06 02:53,10.00,8000.00,KMSN 060253Z 07004KT 10SM FEW080 FEW250 21/17 A2999 RMK AO2 SLP149 T02110172 51014
MSN,2023-08-06 03:53,9.00,M,KMSN 060353Z 00000KT 9SM CLR 20/17 A2998 RMK AO2 SLP146 LAST T02000167
MSN,2023-08-06 04:53,9.00,M,KMSN 060453Z AUTO 07005KT 9SM CLR 19/17 A2997 RMK AO2 SLP145 T01940167
MSN,2023-08-06 05:53,8.00,M,KMSN 060553Z AUTO 05004KT 8SM CLR 18/16 A2997 RMK AO2 SLP144 T01830161 10250 20183 402890167 56004
MSN,2023-08-06 06:53,7.00,M,KMSN 060653Z AUTO 05003KT 7SM CLR 18/16 A2996 RMK AO2 SLP139 T01780156
MSN,2023-08-06 07:53,6.00,M,KMSN 060753Z AUTO 30003KT 6SM BR CLR 17/16 A2995 RMK AO2 SLP137 T01670156
MSN,2023-08-06 08:53,5.00,M,KMSN 060853Z AUTO 33004KT 5SM BR CLR 17/16 A2993 RMK AO2 SLP129 T01670156 58015
MSN,2023-08-06 09:53,4.00,M,KMSN 060953Z AUTO 03005KT 4SM BR CLR 16/15 A2992 RMK AO2 SLP127 T01560150
MSN,2023-08-06 10:53,4.00,25000.00,KMSN 061053Z 30003KT 4SM BR FEW250 16/15 A2991 RMK AO2 SLP125 T01560150
MSN,2023-08-06 11:53,5.00,25000.00,KMSN 061153Z 33003KT 5SM BR SCT250 17/16 A2992 RMK AO2 SLP126 T01670156 10183 20156 55003
MSN,2023-08-06 12:53,8.00,25000.00,KMSN 061253Z 04004KT 8SM SCT250 20/17 A2993 RMK AO2 SLP129 T02000172
MSN,2023-08-06 13:53,10.00,25000.00,KMSN 061353Z 09006KT 10SM SCT250 21/16 A2993 RMK AO2 SLP130 T02110161
MSN,2023-08-06 14:53,10.00,25000.00,KMSN 061453Z 09003KT 10SM SCT250 23/16 A2992 RMK AO2 SLP126 T02280161 50000
MSN,2023-08-06 15:53,10.00,4000.00,KMSN 061553Z 06009KT 10SM FEW040 BKN250 25/12 A2990 RMK AO2 SLP121 T02500122
MSN,2023-08-06 16:53,10.00,4500.00,KMSN 061653Z 07010G18KT 10SM FEW045 FEW110 BKN250 26/13 A2990 RMK AO2 SLP118 T02560133
MSN,2023-08-06 17:53,10.00,4500.00,KMSN 061753Z 04013KT 10SM FEW045 FEW110 BKN250 26/12 A2988 RMK AO2 SLP113 T02610122 10261 20167 58013
MSN,2023-08-06 18:53,10.00,4500.00,KMSN 061853Z 07011KT 10SM FEW045 SCT150 BKN210 25/12 A2987 RMK AO2 SLP110 T02500122
MSN,2023-08-06 19:53,10.00,5000.00,KMSN 061953Z 04008KT 10SM FEW050 BKN210 BKN250 25/13 A2986 RMK AO2 SLP108 T02500128
MSN,2023-08-06 20:53,10.00,5500.00,KMSN 062053Z 08007KT 10SM FEW055 BKN220 BKN250 25/13 A2986 RMK AO2 SLP108 T02500128 56005
MSN,2023-08-06 21:53,10.00,6000.00,KMSN 062153Z 06008KT 10SM FEW060 FEW120 SCT160 BKN210 BKN250 24/11 A2983 RMK AO2 SLP098 T02440111
MSN,2023-08-06 22:53,10.00,6000.00,KMSN 062253Z 07006KT 10SM FEW060 BKN210 BKN250 24/12 A2983 RMK AO2 SLP097 T02390117
MSN,2023-08-06 23:53,10.00,4200.00,KMSN 062353Z 11009KT 10SM FEW042 BKN210 BKN250 23/16 A2984 RMK AO2 SLP100 T02280156 10261 20228 55008
MSN,2023-08-07 00:53,10.00,12000.00,KMSN 070053Z 08008KT 10SM FEW120 SCT190 BKN230 22/15 A2984 RMK AO2 SLP099 T02170150
MSN,2023-08-07 01:53,10.00,14000.00,KMSN 070153Z 09009KT 10SM SCT140 BKN200 21/15 A2985 RMK AO2 SLP104 T02060150
MSN,2023-08-07 02:53,10.00,12000.00,KMSN 070253Z 07005KT 10SM BKN120 BKN180 19/14 A2986 RMK AO2 SLP106 T01940139 53006
MSN,2023-08-07 03:53,10.00,13000.00,KMSN 070353Z 03003KT 10SM BKN130 19/14 A2986 RMK AO2 SLP107 LAST T01940139
MSN,2023-08-07 04:53,10.00,M,KMSN 070453Z AUTO 36003KT 10SM CLR 18/14 A2984 RMK AO2 SLP102 T01830144
MSN,2023-08-07 05:53,10.00,7000.00,KMSN 070553Z AUTO 36004KT 10SM FEW070 18/14 A2984 RMK AO2 SLP101 T01780144 10228 20178 402610156 58004
MSN,2023-08-07 06:53,10.00,3500.00,KMSN 070653Z AUTO 35004KT 10SM OVC035 18/14 A2983 RMK AO2 SLP097 T01780144
MSN,2023-08-07 07:53,10.00,7000.00,KMSN 070753Z AUTO 34004KT 10SM OVC070 17/14 A2983 RMK AO2 SLP095 T01720144
MSN,2023-08-07 08:53,9.00,3200.00,KMSN 070853Z AUTO 33004KT 9SM FEW032 OVC070 17/15 A2982 RMK AO2 SLP095 T01720150 56006
MSN,2023-08-07 09:53,10.00,8500.00,KMSN 070953Z AUTO 34006KT 10SM FEW085 18/15 A2983 RMK AO2 SLP097 T01780150
MSN,2023-08-07 10:53,10.00,8500.00,KMSN 071053Z 34005KT 10SM FEW085 BKN150 17/15 A2984 RMK AO2 SLP101 T01720150
MSN,2023-08-07 11:53,9.00,14000.00,KMSN 071153Z 33006KT 9SM BKN140 OVC160 18/15 A2985 RMK AO2 SLP104 T01780150 10178 20172 53008
MSN,2023-08-07 12:53,9.00,14000.00,KMSN 071253Z 34006KT 9SM OVC140 18/16 A2986 RMK AO2 SLP107 T01830156
MSN,2023-08-07 13:53,10.00,8500.00,KMSN 071353Z 36007KT 10SM FEW085 OVC140 19/16 A2987 RMK AO2 SLP113 T01940156
MSN,2023-08-07 14:53,10.00,2000.00,KMSN 071453Z 01007KT 10SM FEW020 BKN140 21/16 A2988 RMK AO2 SLP114 T02060156 51010
MSN,2023-08-07 15:53,10.00,2200.00,KMSN 071553Z 36011KT 10SM FEW022 BKN170 BKN250 22/16 A2988 RMK AO2 SLP114 T02170156
MSN,2023-08-07 16:53,10.00,3000.00,KMSN 071653Z 36007KT 10SM FEW030 FEW170 BKN250 22/14 A2989 RMK AO2 SLP118 T02220144
MSN,2023-08-07 17:53,10.00,4000.00,KMSN 071753Z 35008KT 10SM FEW040 BKN250 25/14 A2989 RMK AO2 SLP116 T02500139 10250 20178 52003
MSN,2023-08-07 18:53,10.00,5500.00,KMSN 071853Z VRB04KT 10SM FEW055 BKN250 26/12 A2989 RMK AO2 SLP117 T02560117
MSN,2023-08-07 19:53,10.00,5500.00,KMSN 071953Z 34005KT 10SM FEW055 BKN250 26/13 A2989 RMK AO2 SLP117 T02610133
MSN,2023-08-07 20:53,10.00,5500.00,KMSN 072053Z 34006KT 10SM FEW055 BKN250 27/13 A2988 RMK AO2 SLP114 T02720133 58002
MSN,2023-08-07 21:53,10.00,6000.00,KMSN 072153Z 33004KT 10SM FEW060 BKN250 26/12 A2988 RMK AO2 SLP112 T02560122
MSN,2023-08-07 22:53,10.00,6000.00,KMSN 072253Z 31005KT 10SM FEW060 BKN230 26/14 A2987 RMK AO2 SLP112 T02610139
MSN,2023-08-07 23:53,10.00,24000.00,KMSN 072353Z 30003KT 10SM BKN240 24/14 A2988 RMK AO2 SLP112 T02440144 10272 20244 55002
MSN,2023-08-08 00:53,10.00,25000.00,KMSN 080053Z 00000KT 10SM BKN250 22/15 A2987 RMK AO2 SLP112 T02220150
MSN,2023-08-08 01:53,10.00,25000.00,KMSN 080153Z 00000KT 10SM BKN250 20/14 A2988 RMK AO2 SLP116 T02000139
MSN,2023-08-08 02:53,10.00,25000.00,KMSN 080253Z 00000KT 10SM BKN250 19/14 A2989 RMK AO2 SLP118 T01890139 53005
MSN,2023-08-08 03:53,10.00,25000.00,KMSN 080353Z 00000KT 10SM BKN250 19/14 A2990 RMK AO2 SLP120 LAST T01890139
MSN,2023-08-08 04:53,10.00,M,KMSN 080453Z AUTO 00000KT 10SM CLR 19/14 A2990 RMK AO2 SLP122 T01890139
MSN,2023-08-08 05:53,10.00,6000.00,KMSN 080553Z AUTO 00000KT 10SM BKN060 19/14 A2991 RMK AO2 SLP123 T01890144 10244 20172 402720172 53006
MSN,2023-08-08 06:53,10.00,6500.00,KMSN 080653Z AUTO 00000KT 10SM BKN065 BKN080 18/14 A2990 RMK AO2 SLP120 T01830144
MSN,2023-08-08 07:53,10.00,7000.00,KMSN 080753Z AUTO 00000KT 10SM SCT070 BKN085 20/16 A2991 RMK AO2 SLP123 T02000156
MSN,2023-08-08 08:53,10.00,6000.00,KMSN 080853Z AUTO 00000KT 10SM BKN060 BKN070 19/16 A2990 RMK AO2 SLP120 T01940156 58002
MSN,2023-08-08 09:53,10.00,M,KMSN 080953Z AUTO 00000KT 10SM CLR 18/15 A2989 RMK AO2 SLP116 T01830150
MSN,2023-08-08 10:53,10.00,8000.00,KMSN 081053Z 00000KT 10SM FEW080 SCT250 18/15 A2990 RMK AO2 SLP119 T01780150
MSN,2023-08-08 11:53,10.00,9000.00,KMSN 081153Z 00000KT 10SM SCT090 BKN250 19/16 A2990 RMK AO2 SLP122 ACC OHD T01890156 10200 20167 53001
MSN,2023-08-08 12:53,10.00,9500.00,KMSN 081253Z 00000KT 10SM FEW095 BKN250 19/16 A2991 RMK AO2 SLP123 ACC NW-E T01940161
MSN,2023-08-08 13:53,10.00,9500.00,KMSN 081353Z 31004KT 10SM FEW095 BKN250 23/17 A2991 RMK AO2 SLP124 T02280167
MSN,2023-08-08 14:53,10.00,10000.00,KMSN 081453Z VRB04KT 10SM BKN100 BKN250 24/17 A2992 RMK AO2 SLP127 T02390167 53005 $
MSN,2023-08-08 15:53,10.00,9500.00,KMSN 081553Z 26005KT 10SM FEW095 FEW120 BKN250 24/17 A2993 RMK AO2 SLP129 T02440167
MSN,2023-08-08 16:53,10.00,5000.00,KMSN 081653Z 29008KT 10SM FEW050 FEW095 BKN250 27/15 A2992 RMK AO2 SLP126 T02720150
MSN,2023-08-08 17:53,10.00,5500.00,KMSN 081753Z 28007G15KT 10SM FEW055 BKN250 28/14 A2990 RMK AO2 SLP121 10283 20189 T02780139 58006
MSN,2023-08-08 18:53,10.00,5500.00,KMSN 081853Z VRB05KT 10SM FEW055 BKN250 29/13 A2988 RMK AO2 SLP112 CB DSNT NE T02890133
MSN,2023-08-08 19:53,10.00,5500.00,KMSN 081953Z 29010KT 10SM FEW055 SCT250 29/11 A2988 RMK AO2 SLP112 CB DSNT NE T02890106
MSN,2023-08-08 20:53,10.00,5500.00,KMSN 082053Z 27004KT 10SM SCT055 SCT250 29/11 A2987 RMK AO2 SLP110 T02940111 56010
MSN,2023-08-08 21:53,10.00,6500.00,KMSN 082153Z 29007KT 10SM SCT065 29/11 A2986 RMK AO2 SLP105 T02940111
MSN,2023-08-08 22:53,10.00,8000.00,KMSN 082253Z 33005KT 10SM FEW080 29/12 A2984 RMK AO2 SLP100 T02890122
MSN,2023-08-08 23:53,10.00,8500.00,KMSN 082353Z 31003KT 10SM FEW085 28/12 A2984 RMK AO2 SLP098 T02780122 10294 20278 56012
MSN,2023-08-09 00:53,10.00,8500.00,KMSN 090053Z 00000KT 10SM FEW085 23/14 A2983 RMK AO2 SLP098 T02330144
MSN,2023-08-09 01:53,10.00,25000.00,KMSN 090153Z 00000KT 10SM FEW250 21/14 A2984 RMK AO2 SLP101 T02060139
MSN,2023-08-09 02:53,10.00,M,KMSN 090253Z 00000KT 10SM CLR 20/13 A2986 RMK AO2 SLP106 T02000133 53007
MSN,2023-08-09 03:53,10.00,M,KMSN 090353Z 00000KT 10SM CLR 21/14 A2987 RMK AO2 SLP110 LAST T02060144
MSN,2023-08-09 04:53,10.00,M,KMSN 090453Z AUTO 00000KT 10SM CLR 18/14 A2987 RMK AO2 SLP110 T01830139
MSN,2023-08-09 05:53,10.00,M,KMSN 090553Z AUTO 00000KT 10SM CLR 18/14 A2987 RMK AO2 SLP108 T01780139 10278 20178 403000167 50003
MSN,2023-08-09 06:53,10.00,M,KMSN 090653Z AUTO 00000KT 10SM CLR 17/14 A2986 RMK AO2 SLP107 T01670139
MSN,2023-08-09 07:53,10.00,M,KMSN 090753Z AUTO 00000KT 10SM CLR 17/14 A2985 RMK AO2 SLP101 T01670144
MSN,2023-08-09 08:53,9.00,M,KMSN 090853Z AUTO 00000KT 9SM CLR 16/14 A2984 RMK AO2 SLP100 T01610144 56008
MSN,2023-08-09 09:53,7.00,M,KMSN 090953Z AUTO 00000KT 7SM CLR 16/14 A2985 RMK AO2 SLP102 T01560139
MSN,2023-08-09 10:53,7.00,25000.00,KMSN 091053Z 00000KT 7SM BKN250 15/14 A2984 RMK AO2 SLP099 T01500139
MSN,2023-08-09 11:53,7.00,25000.00,KMSN 091153Z 00000KT 7SM OVC250 16/14 A2985 RMK AO2 SLP102 T01560139 10178 20144 53001
MSN,2023-08-09 12:53,8.00,25000.00,KMSN 091253Z 00000KT 8SM OVC250 18/16 A2983 RMK AO2 SLP098 T01830161
MSN,2023-08-09 13:53,10.00,25000.00,KMSN 091353Z 00000KT 10SM BKN250 22/17 A2983 RMK AO2 SLP097 T02170167
MSN,2023-08-09 14:53,10.00,25000.00,KMSN 091453Z 00000KT 10SM OVC250 23/16 A2985 RMK AO2 SLP104 T02280156 53001 $
MSN,2023-08-09 15:53,10.00,25000.00,KMSN 091553Z 23003KT 10SM OVC250 24/16 A2984 RMK AO2 SLP099 T02440156 $
MSN,2023-08-09 16:53,10.00,25000.00,KMSN 091653Z VRB05KT 10SM BKN250 26/15 A2982 RMK AO2 SLP094 T02610150 $
MSN,2023-08-09 17:53,10.00,4500.00,KMSN 091753Z VRB05KT 10SM FEW045 BKN250 26/14 A2982 RMK AO2 SLP092 T02610144 10261 20156 56012 $
MSN,2023-08-09 18:53,10.00,4500.00,KMSN 091853Z VRB03KT 10SM FEW045 BKN160 BKN250 27/14 A2979 RMK AO2 SLP083 T02670144 $
MSN,2023-08-09 19:53,10.00,4800.00,KMSN 091953Z 23006KT 10SM FEW048 FEW160 BKN250 27/14 A2978 RMK AO2 SLP080 T02670144 $
MSN,2023-08-09 20:53,10.00,4800.00,KMSN 092053Z 24007KT 200V260 10SM FEW048 SCT150 BKN250 27/14 A2976 RMK AO2 SLP074 T02670144 56017 $
MSN,2023-08-09 21:53,10.00,4800.00,KMSN 092153Z VRB04KT 10SM FEW048 BKN150 BKN250 27/16 A2975 RMK AO2 SLP067 T02670156 $
MSN,2023-08-09 22:53,10.00,14000.00,KMSN 092253Z VRB04KT 10SM BKN140 BKN250 26/15 A2974 RMK AO2 SLP066 T02560150 $
MSN,2023-08-09 23:53,10.00,7000.00,KMSN 092353Z VRB05KT 10SM FEW070 SCT140 BKN250 26/16 A2975 RMK AO2 SLP069 TCU DSNT N T02560156 10272 20256 55005 $
MSN,2023-08-10 00:53,10.00,7000.00,KMSN 100053Z 23004KT 10SM FEW070 SCT250 24/15 A2975 RMK AO2 SLP068 TCU DSNT NW-N T02440150 $
MSN,2023-08-10 01:53,10.00,6000.00,KMSN 100153Z VRB04KT 10SM FEW060 FEW085 SCT250 23/16 A2975 RMK AO2 SLP068 T02280156 $
MSN,2023-08-10 02:53,10.00,5500.00,KMSN 100253Z VRB04KT 10SM FEW055 FEW095 SCT250 23/17 A2976 RMK AO2 SLP072 T02280167 53004 $
MSN,2023-08-10 03:53,10.00,9500.00,KMSN 100353Z VRB03KT 10SM FEW095 SCT250 22/17 A2975 RMK AO2 SLP068 LAST T02170172 $
MSN,2023-08-10 04:53,10.00,M,KMSN 100453Z AUTO 34005KT 10SM CLR 18/16 A2975 RMK AO2 SLP069 T01830161 $
MSN,2023-08-10 05:53,9.00,M,KMSN 100553Z AUTO 00000KT 9SM CLR 18/16 A2974 RMK AO2 SLP064 T01830161 10256 20183 402720144 58008 $
MSN,2023-08-10 06:53,7.00,M,KMSN 100653Z AUTO 00000KT 7SM CLR 17/16 A2973 RMK AO2 SLP061 T01670156 $
MSN,2023-08-10 07:53,8.00,M,KMSN 100753Z AUTO 00000KT 8SM CLR 17/16 A2972 RMK AO2 SLP059 T01720156 $
MSN,2023-08-10 08:53,9.00,M,KMSN 100853Z AUTO 30003KT 9SM CLR 18/16 A2972 RMK AO2 SLP059 T01780156 56005 $
MSN,2023-08-10 09:53,9.00,M,KMSN 100953Z AUTO 00000KT 9SM CLR 17/16 A2972 RMK AO2 SLP059 T01720156 $
MSN,2023-08-10 10:53,8.00,11000.00,KMSN 101053Z 00000KT 8SM FEW110 17/16 A2973 RMK AO2 SLP063 T01720156 $
MSN,2023-08-10 11:53,7.00,10000.00,KMSN 101153Z 00000KT 7SM SCT100 17/16 A2975 RMK AO2 SLP069 T01720156 10183 20167 53010 $
MSN,2023-08-10 12:53,8.00,M,KMSN 101253Z 00000KT 8SM CLR 19/16 A2976 RMK AO2 SLP073 T01890161 $
MSN,2023-08-10 13:53,10.00,4900.00,KMSN 101353Z 33005KT 10SM BKN049 21/17 A2978 RMK AO2 SLP079 T02110167 $
MSN,2023-08-10 14:53,10.00,2800.00,KMSN 101453Z 32003KT 10SM FEW028 SCT060 23/17 A2978 RMK AO2 SLP079 T02280172 51011 $
MSN,2023-08-10 15:53,10.00,2400.00,KMSN 101553Z 32005KT 10SM FEW024 BKN041 24/17 A2980 RMK AO2 SLP084 T02390172 $
MSN,2023-08-10 16:53,10.00,3500.00,KMSN 101653Z 31006KT 10SM SCT035 26/17 A2978 RMK AO2 SLP080 T02560167
MSN,2023-08-10 17:53,10.00,4500.00,KMSN 101753Z 32006KT 10SM BKN045 27/16 A2977 RMK AO2 SLP076 T02670161 10267 20172 58003
MSN,2023-08-10 18:53,10.00,4700.00,KMSN 101853Z VRB05KT 10SM BKN047 BKN065 26/15 A2977 RMK AO2 SLP076 T02610150
MSN,2023-08-10 19:53,10.00,5500.00,KMSN 101953Z 00000KT 10SM BKN055 BKN250 27/14 A2976 RMK AO2 SLP072 T02720144
MSN,2023-08-10 20:53,10.00,6000.00,KMSN 102053Z 34003KT 10SM BKN060 BKN250 28/15 A2976 RMK AO2 SLP070 T02780150 56006
MSN,2023-08-10 21:53,10.00,6500.00,KMSN 102153Z 33004KT 10SM SCT065 BKN250 28/16 A2976 RMK AO2 SLP070 T02780161
MSN,2023-08-10 22:53,10.00,6000.00,KMSN 102253Z 33005KT 10SM SCT060 BKN250 27/16 A2976 RMK AO2 SLP072 T02670156
MSN,2023-08-10 23:53,10.00,6000.00,KMSN 102353Z 00000KT 10SM SCT060 BKN250 26/16 A2976 RMK AO2 SLP072 T02560161 10283 20256 53001
MSN,2023-08-11 00:53,10.00,6000.00,KMSN 110053Z 00000KT 10SM SCT060 BKN240 23/17 A2977 RMK AO2 SLP075 T02280172
MSN,2023-08-11 01:53,10.00,6000.00,KMSN 110153Z 00000KT 10SM FEW060 BKN240 22/16 A2977 RMK AO2 SLP077 T02170161
MSN,2023-08-11 02:53,10.00,24000.00,KMSN 110253Z 00000KT 10SM BKN240 20/16 A2978 RMK AO2 SLP081 T02000156 53008
MSN,2023-08-11 03:53,10.00,8000.00,KMSN 110353Z 00000KT 10SM FEW080 BKN110 20/15 A2979 RMK AO2 SLP082 LAST T02000150 $
MSN,2023-08-11 04:53,10.00,M,KMSN 110453Z AUTO 00000KT 10SM CLR A2979 RMK AO2 SLPNO $
MSN,2023-08-11 05:53,10.00,M,KMSN 110553Z AUTO 00000KT 10SM CLR A2978 RMK AO2 SLPNO 402830167 50000 $
MSN,2023-08-11 06:53,10.00,4700.00,KMSN 110653Z AUTO 18004KT 10SM FEW047 A2975 RMK AO2 SLPNO $
MSN,2023-08-11 07:53,10.00,4200.00,KMSN 110753Z AUTO 00000KT 10SM SCT042 A2975 RMK AO2 SLPNO $
MSN,2023-08-11 08:53,10.00,M,KMSN 110853Z AUTO 18005KT 10SM CLR A2975 RMK AO2 SLPNO 56010 $
MSN,2023-08-11 09:53,10.00,M,KMSN 110953Z AUTO 17005KT 10SM CLR A2974 RMK AO2 SLPNO $
MSN,2023-08-11 10:53,10.00,4300.00,KMSN 111053Z 21004KT 10SM -RA FEW043 BKN100 OVC150 21/18 A2975 RMK AO2 RAB51 SLP069 P0000 T02110183 $
MSN,2023-08-11 11:53,10.00,4200.00,KMSN 111153Z 17010KT 10SM -RA FEW042 BKN110 OVC200 22/18 A2967 RMK AO2 RAE05B50 SLP042 P0000 60000 T02170183 58027 $
MSN,2023-08-11 12:53,10.00,1800.00,KMSN 111253Z 00000KT 10SM FEW018 BKN110 OVC200 21/17 A2972 RMK AO2 RAE11 SLP058 P0000 T02060167
MSN,2023-08-11 13:53,10.00,10000.00,KMSN 111353Z 22006KT 10SM BKN100 BKN250 22/17 A2972 RMK AO2 SLP060 T02170167
MSN,2023-08-11 14:53,10.00,8000.00,KMSN 111453Z VRB06G15KT 10SM BKN080 BKN250 23/16 A2971 RMK AO2 SLP055 60000 T02330161 50012
MSN,2023-08-11 15:53,10.00,7500.00,KMSN 111553Z 24008G20KT 210V280 10SM SCT075 BKN090 26/16 A2972 RMK AO2 SLP057 T02560161
MSN,2023-08-11 16:53,10.00,7000.00,KMSN 111653Z 24009G23KT 10SM BKN070 27/17 A2971 RMK AO2 SLPNO T02670167
MSN,2023-08-11 17:53,10.00,4100.00,KMSN 111753Z 23008KT 10SM SCT041 BKN060 28/18 A2971 RMK AO2 SLPNO 60000 T02780183 10278 20206 58000
MSN,2023-08-11 18:53,10.00,4000.00,KMSN 111853Z 24008KT 10SM SCT040 BKN050 27/19 A2970 RMK AO2 SLPNO T02720189
MSN,2023-08-11 19:53,10.00,3900.00,KMSN 111953Z 23007KT 10SM FEW039 BKN060 28/19 A2969 RMK AO2 SLPNO T02830194
MSN,2023-08-11 20:53,10.00,4300.00,KMSN 112053Z VRB05KT 10SM FEW043 BKN060 28/19 A2969 RMK AO2 SLPNO T02830189 58007
MSN,2023-08-11 21:53,10.00,4500.00,KMSN 112153Z VRB05G15KT 10SM FEW045 BKN055 29/18 A2969 RMK AO2 SLPNO T02890183
MSN,2023-08-11 22:53,10.00,4900.00,KMSN 112253Z 28007KT 250V310 10SM SCT049 29/17 A2969 RMK AO2 SLP048 T02890167
MSN,2023-08-11 23:53,10.00,5000.00,KMSN 112353Z 00000KT 10SM FEW050 SCT250 28/18 A2971 RMK AO2 SLP054 T02780178 10289 20272 53008
MSN,2023-08-12 00:53,10.00,5000.00,KMSN 120053Z 23004KT 10SM FEW050 BKN250 27/18 A2971 RMK AO2 SLP055 T02670178
MSN,2023-08-12 01:53,10.00,4500.00,KMSN 120153Z 23003KT 10SM FEW045 BKN250 27/18 A2973 RMK AO2 SLP063 T02670178
MSN,2023-08-12 02:53,10.00,4000.00,KMSN 120253Z 36022G38KT 10SM -TSRA SCT040CB SCT080 OVC110 22/18 A2980 RMK AO2 PK WND 35038/0247 LTG DSNT W-NE RAB24 TSB48 SLP085 FRQ LTGICCC OHD TS OHD MOV SE P0000 60000 T02220178 50029
MSN,2023-08-12 03:53,8.00,5000.00,KMSN 120353Z 19005KT 8SM TSRA FEW050CB BKN070 OVC095 17/17 A2978 RMK AO2 PK WND 01035/0257 LTG DSNT ALQDS TSE11B19 SLP081 LAST FRQ LTGIC OHD TS OHD MOV SE P0008 T01720167
MSN,2023-08-12 04:53,8.00,3500.00,KMSN 120453Z AUTO 00000KT 8SM -TSRA FEW035 BKN065 OVC110 A2982 RMK AO2 LTG DSNT ALQDS RAE26B28UPB46E48 TSE07B20 SLPNO P0011
MSN,2023-08-12 05:53,10.00,M,KMSN 120553Z AUTO 00000KT 10SM CLR A2976 RMK AO2 RAE16 TSE01 SLPNO P0002 60021 58011
MSN,2023-08-12 06:53,10.00,M,KMSN 120653Z AUTO 21004KT 10SM CLR A2974 RMK AO2 SLPNO
MSN,2023-08-12 07:53,10.00,M,KMSN 120753Z AUTO 00000KT 10SM CLR A2977 RMK AO2 SLPNO
MSN,2023-08-12 08:53,10.00,M,KMSN 120853Z AUTO 23004KT 10SM CLR A2979 RMK AO2 SLPNO 53010
MSN,2023-08-12 09:53,10.00,6000.00,KMSN 120953Z AUTO 00000KT 10SM FEW060 A2980 RMK AO2 SLPNO
MSN,2023-08-12 10:53,8.00,5500.00,KMSN 121053Z 00000KT 8SM BCFG FEW055 FEW120 17/16 A2981 RMK AO2 SLP090 T01670156
MSN,2023-08-12 11:53,9.00,5500.00,KMSN 121153Z VRB03KT 9SM MIFG FEW055 FEW120 18/16 A2981 RMK AO2 SLP090 70021 T01780161 51006
MSN,2023-08-12 12:53,10.00,5500.00,KMSN 121253Z 29005KT 10SM FEW055 19/17 A2983 RMK AO2 SLP096 T01890167
MSN,2023-08-12 13:53,10.00,6000.00,KMSN 121353Z 26005KT 10SM FEW060 21/17 A2984 RMK AO2 SLP097 T02060172
MSN,2023-08-12 14:53,10.00,1200.00,KMSN 121453Z 34005KT 10SM SCT012 22/17 A2985 RMK AO2 SLP103 T02170172 51011 $
MSN,2023-08-12 15:53,10.00,800.00,KMSN 121553Z VRB06KT 10SM FEW008 23/17 A2986 RMK AO2 SLP106 T02330172 $
MSN,2023-08-12 16:53,10.00,1000.00,KMSN 121653Z 30007KT 10SM FEW010 24/17 A2985 RMK AO2 SLPNO T02440167 $
MSN,2023-08-12 17:53,10.00,4100.00,KMSN 121753Z 33007KT 10SM FEW041 26/16 A2984 RMK AO2 SLPNO T02560161 58003 $
MSN,2023-08-12 18:53,10.00,4900.00,KMSN 121853Z 30008KT 10SM SCT049 SCT060 27/16 A2983 RMK AO2 SLPNO T02720156 $
MSN,2023-08-12 19:53,10.00,5500.00,KMSN 121953Z 31007KT 10SM BKN055 28/14 A2984 RMK AO2 SLPNO T02780139 $
MSN,2023-08-12 20:53,10.00,7000.00,KMSN 122053Z VRB05KT 10SM FEW070 BKN090 27/15 A2984 RMK AO2 SLPNO T02720150 53000 $
MSN,2023-08-12 21:53,10.00,10000.00,KMSN 122153Z 26011KT 10SM BKN100 28/14 A2984 RMK AO2 SLPNO T02780144 $
MSN,2023-08-12 22:53,10.00,7500.00,KMSN 122253Z VRB05KT 10SM SCT075 BKN110 28/15 A2984 RMK AO2 SLP098 T02830150 $
MSN,2023-08-12 23:53,10.00,8000.00,KMSN 122353Z 29006KT 10SM FEW080 28/13 A2985 RMK AO2 SLP101 T02780133 10283 20267 53002 $
MSN,2023-08-13 00:53,10.00,6000.00,KMSN 130053Z 31005KT 10SM FEW060 26/13 A2986 RMK AO2 SLP107 T02560133 $
MSN,2023-08-13 01:53,10.00,7000.00,KMSN 130153Z 31003KT 10SM FEW070 24/14 A2988 RMK AO2 SLP113 T02390139 $
MSN,2023-08-13 02:53,10.00,M,KMSN 130253Z 35004KT 10SM CLR 21/14 A2989 RMK AO2 SLP118 T02060139 51016 $
MSN,2023-08-13 03:53,10.00,M,KMSN 130353Z 00000KT 10SM CLR 19/14 A2991 RMK AO2 SLP122 LAST T01890144 $
MSN,2023-08-13 04:53,10.00,M,KMSN 130453Z AUTO 00000KT 10SM CLR A2992 RMK AO2 SLPNO $
MSN,2023-08-13 05:53,10.00,M,KMSN 130553Z AUTO 28003KT 10SM CLR A2993 RMK AO2 SLPNO 51015 $
MSN,2023-08-13 06:53,10.00,M,KMSN 130653Z AUTO 00000KT 10SM CLR A2993 RMK AO2 SLPNO $
MSN,2023-08-13 07:53,10.00,M,KMSN 130753Z AUTO 00000KT 10SM CLR A2994 RMK AO2 SLPNO $
MSN,2023-08-13 08:53,10.00,M,KMSN 130853Z AUTO 00000KT 10SM CLR A2993 RMK AO2 SLPNO 50000 $
MSN,2023-08-13 09:53,10.00,M,KMSN 130953Z AUTO 00000KT 10SM CLR A2995 RMK AO2 SLPNO $
MSN,2023-08-13 10:53,10.00,2000.00,KMSN 131053Z 33003KT 10SM FEW020 14/13 A2996 RMK AO2 SLP140 T01390133 $
MSN,2023-08-13 11:53,10.00,25000.00,KMSN 131153Z 00000KT 10SM FEW250 16/14 A2997 RMK AO2 SLP146 T01560139 51013 $
MSN,2023-08-13 12:53,10.00,2000.00,KMSN 131253Z 07006KT 10SM FEW020 FEW100 BKN250 18/16 A2999 RMK AO2 SLP151 T01780161 $
MSN,2023-08-13 13:53,10.00,1100.00,KMSN 131353Z 13006KT 10SM FEW011 BKN250 20/17 A3000 RMK AO2 SLP155 T02000172 $
MSN,2023-08-13 14:53,10.00,1300.00,KMSN 131453Z 06006KT 10SM SCT013 BKN140 BKN220 21/17 A3002 RMK AO2 SLP161 T02060172 51014 $
MSN,2023-08-13 15:53,10.00,1200.00,KMSN 131553Z 05006KT 10SM SCT012 BKN140 21/17 A3003 RMK AO2 SLP165 T02110172
MSN,2023-08-13 16:53,10.00,1300.00,KMSN 131653Z 08005KT 10SM -RA SCT013 BKN027 BKN120 OVC250 21/17 A3003 RMK AO2 RAB45 SLPNO P0000 T02110172
MSN,2023-08-13 17:53,10.00,1500.00,KMSN 131753Z 07004KT 10SM -RA FEW015 OVC110 21/18 A3002 RMK AO2 SLPNO P0000 60000 T02060183 10211 20156 58001
MSN,2023-08-13 18:53,10.00,4100.00,KMSN 131853Z 04005KT 10SM -RA FEW041 SCT090 OVC110 21/19 A3002 RMK AO2 SLPNO P0001 T02110194 $
MSN,2023-08-13 19:53,10.00,1300.00,KMSN 131953Z 01007KT 10SM BKN013 OVC070 21/19 A3002 RMK AO2 RAE1855 SLPNO P0000 T02110194 $
MSN,2023-08-13 20:53,10.00,1300.00,KMSN 132053Z 04005KT 10SM OVC013 21/18 A3001 RMK AO2 SLPNO 60001 T02060183 58005 $
MSN,2023-08-13 21:53,10.00,1200.00,KMSN 132153Z 06006KT 10SM FEW012 BKN075 OVC085 21/19 A3001 RMK AO2 SLPNO T02110189 $
MSN,2023-08-13 22:53,10.00,1300.00,KMSN 132253Z 03004KT 10SM SCT013 BKN048 OVC080 21/18 A3003 RMK AO2 SLP167 T02060183 $
MSN,2023-08-13 23:53,10.00,1200.00,KMSN 132353Z 06006KT 10SM BKN012 BKN018 OVC049 20/19 A3003 RMK AO2 RAB36E52 SLP166 P0000 60001 T02000189 10211 20200 50006
MSN,2023-08-14 00:53,10.00,1100.00,KMSN 140053Z 11007KT 10SM BKN011 OVC090 19/18 A3003 RMK AO2 RAB2359E20 SLP165 P0000 T01940183
MSN,2023-08-14 01:53,10.00,1300.00,KMSN 140153Z 13007KT 10SM BKN013 OVC075 19/17 A3003 RMK AO2 SLP166 T01890172 $
MSN,2023-08-14 02:53,10.00,6500.00,KMSN 140253Z 13008KT 10SM SCT065 OVC085 18/17 A3003 RMK AO2 RAB03E38 SLP164 P0001 60001 T01780172 58000 $
MSN,2023-08-14 03:53,10.00,1000.00,KMSN 140353Z 13007KT 10SM SCT010 OVC075 18/17 A3003 RMK AO2 SLP164 LAST T01780167 $
MSN,2023-08-14 04:53,10.00,7500.00,KMSN 140453Z AUTO 11006KT 10SM OVC075 A3002 RMK AO2 RAB32E43 SLPNO P0000 $
MSN,2023-08-14 05:53,10.00,8500.00,KMSN 140553Z AUTO 06005KT 10SM OVC085 A2999 RMK AO2 SLPNO 60001 58010 $
MSN,2023-08-14 06:53,10.00,8000.00,KMSN 140653Z AUTO 10005KT 10SM FEW080 SCT120 A2996 RMK AO2 SLPNO $
MSN,2023-08-14 07:53,10.00,7500.00,KMSN 140753Z AUTO 08004KT 10SM OVC075 A2995 RMK AO2 SLPNO $
MSN,2023-08-14 08:53,10.00,7000.00,KMSN 140853Z AUTO 07003KT 10SM OVC070 A2994 RMK AO2 SLPNO 56017 $
MSN,2023-08-14 09:53,7.00,3400.00,KMSN 140953Z AUTO 09006KT 7SM -RA FEW034 OVC070 A2992 RMK AO2 RAB19 SLPNO P0000 $
MSN,2023-08-14 10:53,7.00,3900.00,KMSN 141053Z 07009KT 7SM -RA SCT039 BKN047 OVC060 17/16 A2991 RMK AO2 LTG DSNT W RAE16B32 SLP126 P0004 T01670161 $
MSN,2023-08-14 11:53,2.00,800.00,KMSN 141153Z 01009KT 2SM +RA BR SCT008 OVC011 17/16 A2995 RMK AO2 SLP138 P0036 60040 70042 T01670161 55000 $
MSN,2023-08-14 12:53,2.00,500.00,KMSN 141253Z VRB03KT 2SM R36/6000VP6000FT +RA BR OVC005 17/16 A2994 RMK AO2 TWR VIS 3 LTG DSNT N SLP137 P0040 T01670161 $
MSN,2023-08-14 13:53,3.00,600.00,KMSN 141353Z 03010KT 3SM -RA BR BKN006 OVC014 17/16 A2992 RMK AO2 SLP129 P0023 T01720161
MSN,2023-08-14 14:53,2.00,700.00,KMSN 141453Z 05012KT 2SM -RA BR FEW007 BKN023 OVC036 17/16 A2991 RMK AO2 SLP125 P0035 60098 T01720161 58013
MSN,2023-08-14 15:53,5.00,3000.00,KMSN 141553Z 07018G28KT 5SM RA BR FEW030 FEW075 OVC100 17/16 A2988 RMK AO2 PK WND 06028/1548 WSHFT 1523 LTG DSNT S AND SW SLP115 P0058 T01720161
MSN,2023-08-14 16:53,10.00,1000.00,KMSN 141653Z 04010KT 10SM -RA SCT010 OVC065 18/16 A2990 RMK AO2 PK WND 04026/1617 SLPNO P0003 T01780161
MSN,2023-08-14 17:53,10.00,1000.00,KMSN 141753Z 06012G17KT 10SM BKN010 BKN110 19/17 A2987 RMK AO2 RAE1659 SLPNO P0000 60159 T01890167 10200 20167 58001
MSN,2023-08-14 18:53,10.00,1400.00,KMSN 141853Z 07012KT 10SM SCT014 BKN020 BKN095 21/17 A2988 RMK AO2 LTG DSNT E AND SE SLPNO T02110167
MSN,2023-08-14 19:53,10.00,1700.00,KMSN 141953Z 05015KT 10SM SCT017 BKN022 BKN085 21/16 A2988 RMK AO2 SLPNO T02060161
MSN,2023-08-14 20:53,10.00,1700.00,KMSN 142053Z 09011KT 10SM FEW017 SCT025 BKN250 21/16 A2986 RMK AO2 SLPNO T02110156 58006
MSN,2023-08-14 21:53,10.00,2300.00,KMSN 142153Z 02011KT 10SM BKN023 BKN033 21/15 A2989 RMK AO2 SLPNO T02060150
MSN,2023-08-14 22:53,10.00,2500.00,KMSN 142253Z 36013G22KT 10SM FEW025 BKN039 BKN250 20/15 A2990 RMK AO2 SLP123 T02000150
MSN,2023-08-14 23:53,10.00,1600.00,KMSN 142353Z 34014G20KT 10SM SCT016 BKN024 BKN150 18/14 A2990 RMK AO2 SLP125 T01780144 10222 20178 51016 $
MSN,2023-08-15 00:53,10.00,1200.00,KMSN 150053Z 01011KT 10SM OVC012 17/14 A2992 RMK AO2 SLP129 T01720144 $
MSN,2023-08-15 01:53,10.00,1100.00,KMSN 150153Z 36011KT 10SM BKN011 BKN018 OVC022 16/14 A2994 RMK AO2 DZB28E47 SLP135 P0000 T01610144 $
MSN,2023-08-15 02:53,10.00,1300.00,KMSN 150253Z 36009KT 10SM -RA OVC013 16/14 A2995 RMK AO2 RAB14 SLP140 P0000 60000 T01610144 52015 $
MSN,2023-08-15 03:53,10.00,1400.00,KMSN 150353Z 34010KT 10SM OVC014 16/14 A2995 RMK AO2 RAE03B42E53 SLP142 LAST P0000 T01610144 $
MSN,2023-08-15 04:53,10.00,1100.00,KMSN 150453Z AUTO 35007KT 10SM OVC011 16/14 A2996 RMK AO2 SLP144 T01610144 $
MSN,2023-08-15 05:53,10.00,4700.00,KMSN 150553Z AUTO 35008KT 10SM SCT047 SCT070 OVC080 16/14 A2996 RMK AO2 SLP145 60000 T01560139 10178 20156 402220156 51004 $
MSN,2023-08-15 06:53,10.00,3700.00,KMSN 150653Z AUTO 34006KT 10SM FEW037 SCT050 BKN080 16/13 A2996 RMK AO2 SLP144 T01560133 $
MSN,2023-08-15 07:53,10.00,4700.00,KMSN 150753Z AUTO 34009KT 10SM BKN047 OVC060 16/13 A2997 RMK AO2 SLP145 T01560133 $
MSN,2023-08-15 08:53,10.00,7000.00,KMSN 150853Z AUTO 33007KT 10SM OVC070 16/13 A2997 RMK AO2 SLP146 T01560133 53002 $
MSN,2023-08-15 09:53,10.00,4100.00,KMSN 150953Z AUTO 34007KT 10SM FEW041 SCT070 15/13 A2998 RMK AO2 SLP150 T01500133 $
MSN,2023-08-15 10:53,10.00,8000.00,KMSN 151053Z 33007KT 10SM FEW080 SCT150 14/13 A2999 RMK AO2 SLP155 T01440128 $
MSN,2023-08-15 11:53,10.00,M,KMSN 151153Z 33007KT 10SM CLR 14/13 A3001 RMK AO2 SLP160 70159 T01440128 10161 20139 53013
MSN,2023-08-15 12:53,10.00,M,KMSN 151253Z 34009KT 10SM CLR 16/12 A3003 RMK AO2 SLP167 T01560122
MSN,2023-08-15 13:53,10.00,M,KMSN 151353Z 34008KT 10SM CLR 18/12 A3004 RMK AO2 SLP172 T01780122
MSN,2023-08-15 14:53,10.00,M,KMSN 151453Z 35010KT 10SM CLR 19/12 A3005 RMK AO2 SLP173 T01940117 51013
MSN,2023-08-15 15:53,10.00,M,KMSN 151553Z 01011G16KT 10SM CLR 21/13 A3005 RMK AO2 SLP173 T02110128
MSN,2023-08-15 16:53,10.00,M,KMSN 151653Z 33009G17KT 10SM CLR 22/13 A3005 RMK AO2 SLP174 T02220128
MSN,2023-08-15 17:53,10.00,4000.00,KMSN 151753Z 36009KT 10SM FEW040 23/13 A3005 RMK AO2 SLP173 T02330128 10233 20144 50001
MSN,2023-08-15 18:53,10.00,5000.00,KMSN 151853Z 32007KT 290V010 10SM SCT050 23/11 A3005 RMK AO2 SLP171 T02280111
MSN,2023-08-15 19:53,10.00,5000.00,KMSN 151953Z 31006KT 10SM SCT050 24/12 A3004 RMK AO2 SLP168 T02440122
MSN,2023-08-15 20:53,10.00,5000.00,KMSN 152053Z 30006KT 10SM FEW050 24/11 A3003 RMK AO2 SLP166 T02440111 58007 $
MSN,2023-08-15 21:53,10.00,5500.00,KMSN 152153Z 34005KT 10SM FEW055 24/10 A3002 RMK AO2 SLP164 T02440100 $
MSN,2023-08-15 22:53,10.00,M,KMSN 152253Z 32005KT 10SM CLR 24/12 A3001 RMK AO2 SLP160 T02440117 $
MSN,2023-08-15 23:53,10.00,M,KMSN 152353Z 00000KT 10SM CLR 24/12 A3001 RMK AO2 SLP158 T02390122 10250 20228 57007 $
MSN,2023-08-16 00:53,10.00,25000.00,KMSN 160053Z 00000KT 10SM FEW250 19/13 A3001 RMK AO2 SLP160 T01940128 $
MSN,2023-08-16 01:53,10.00,25000.00,KMSN 160153Z 00000KT 10SM FEW250 17/13 A3002 RMK AO2 SLP162 T01720128 $
MSN,2023-08-16 02:53,10.00,M,KMSN 160253Z 24003KT 10SM CLR 17/12 A3003 RMK AO2 SLP165 T01670117 53006 $
MSN,2023-08-16 03:53,10.00,M,KMSN 160353Z 10003KT 10SM CLR 17/12 A3002 RMK AO2 SLP162 LAST T01670122 $
MSN,2023-08-16 04:53,10.00,M,KMSN 160453Z AUTO 00000KT 10SM CLR 16/13 A3001 RMK AO2 SLP159 T01560128 $
MSN,2023-08-16 05:53,10.00,M,KMSN 160553Z AUTO 00000KT 10SM CLR 14/13 A3001 RMK AO2 SLP159 T01440128 10239 20144 402500139 56006 $
MSN,2023-08-16 06:53,10.00,M,KMSN 160653Z AUTO 00000KT 10SM CLR 14/13 A3001 RMK AO2 SLP159 T01440133 $
MSN,2023-08-16 07:53,10.00,M,KMSN 160753Z AUTO 00000KT 10SM CLR 14/13 A3000 RMK AO2 SLP157 T01390128 $
MSN,2023-08-16 08:53,10.00,M,KMSN 160853Z AUTO 00000KT 10SM CLR 14/13 A3000 RMK AO2 SLP156 T01440128 58002 $
MSN,2023-08-16 09:53,10.00,M,KMSN 160953Z AUTO 00000KT 10SM CLR 14/13 A3002 RMK AO2 SLP161 T01390128 $
MSN,2023-08-16 10:53,10.00,12000.00,KMSN 161053Z 00000KT 10SM FEW120 BKN250 13/13 A3002 RMK AO2 SLP163 T01330128 $
MSN,2023-08-16 11:53,10.00,25000.00,KMSN 161153Z 00000KT 10SM FEW250 16/13 A3002 RMK AO2 SLP162 T01560133 10156 20133 51006
MSN,2023-08-16 12:53,10.00,25000.00,KMSN 161253Z VRB03KT 10SM FEW250 19/14 A3002 RMK AO2 SLP162 T01890139
MSN,2023-08-16 13:53,10.00,25000.00,KMSN 161353Z 23004KT 10SM FEW250 21/15 A3001 RMK AO2 SLP160 T02060150
MSN,2023-08-16 14:53,10.00,25000.00,KMSN 161453Z 22006KT 10SM FEW250 23/14 A3000 RMK AO2 SLP156 T02280139 58006
MSN,2023-08-16 15:53,10.00,25000.00,KMSN 161553Z 23007KT 190V260 10SM FEW250 24/14 A2999 RMK AO2 SLP154 T02390139
MSN,2023-08-16 16:53,10.00,25000.00,KMSN 161653Z 25007KT 220V280 10SM FEW250 24/14 A2998 RMK AO2 SLP147 T02440139
MSN,2023-08-16 17:53,10.00,25000.00,KMSN 161753Z 23006G16KT 10SM FEW250 26/15 A2995 RMK AO2 SLP137 T02610150 10261 20156 58019 $
MSN,2023-08-16 18:53,10.00,25000.00,KMSN 161853Z 20011G20KT 10SM SCT250 26/14 A2992 RMK AO2 SLP127 T02610144
MSN,2023-08-16 19:53,10.00,25000.00,KMSN 161953Z 22009G20KT 10SM FEW250 26/14 A2989 RMK AO2 SLP118 T02610144
MSN,2023-08-16 20:53,10.00,25000.00,KMSN 162053Z 22008G20KT 10SM FEW250 26/14 A2986 RMK AO2 SLP109 T02610144 56027
MSN,2023-08-16 21:53,10.00,25000.00,KMSN 162153Z 20011G20KT 10SM SCT250 26/14 A2984 RMK AO2 SLP100 T02610144
MSN,2023-08-16 22:53,10.00,25000.00,KMSN 162253Z 21011G23KT 10SM FEW250 26/14 A2982 RMK AO2 PK WND 19026/2224 SLP093 T02560139
MSN,2023-08-16 23:53,10.00,25000.00,KMSN 162353Z 20012G22KT 10SM BKN250 25/14 A2979 RMK AO2 PK WND 20028/2319 SLP084 T02500144 10267 20250 58024
MSN,2023-08-17 00:53,10.00,15000.00,KMSN 170053Z 20010G19KT 10SM FEW150 BKN250 24/15 A2979 RMK AO2 SLP081 T02390150
MSN,2023-08-17 01:53,10.00,25000.00,KMSN 170153Z 20011G22KT 10SM FEW250 23/15 A2977 RMK AO2 SLP075 T02280150
MSN,2023-08-17 02:53,10.00,M,KMSN 170253Z 19014G22KT 10SM CLR 22/15 A2973 RMK AO2 SLP063 T02170150 58019
MSN,2023-08-17 03:53,10.00,M,KMSN 170353Z 20012G20KT 10SM CLR 22/15 A2973 RMK AO2 PK WND 20026/0303 SLP062 LAST T02170150
MSN,2023-08-17 04:53,10.00,M,KMSN 170453Z AUTO 20012G25KT 10SM CLR 21/15 A2971 RMK AO2 SLP054 T02110150
MSN,2023-08-17 05:53,10.00,6000.00,KMSN 170553Z AUTO 21010G21KT 10SM BKN060 OVC080 22/15 A2968 RMK AO2 SLP045 T02170150 10250 20211 402670133 58017
MSN,2023-08-17 06:53,10.00,5500.00,KMSN 170653Z AUTO 21011G20KT 10SM BKN055 OVC090 22/15 A2966 RMK AO2 PK WND 21026/0616 SLP038 T02170150
MSN,2023-08-17 07:53,10.00,4100.00,KMSN 170753Z AUTO 21011G22KT 10SM VCTS -RA OVC041 21/16 A2963 RMK AO2 LTG DSNT W-NE RAB40 SLP027 P0000 T02110156
MSN,2023-08-17 08:53,10.00,2800.00,KMSN 170853Z AUTO 24006KT 10SM TS OVC028 19/17 A2962 RMK AO2 LTG DSNT NE AND E RAE35 TSB04E42B44 SLP024 P0019 60019 T01940172 56020
MSN,2023-08-17 09:53,10.00,3000.00,KMSN 170953Z AUTO VRB06KT 10SM -RA FEW030 BKN037 BKN090 20/17 A2960 RMK AO2 LTG DSNT E-S RAB44 TSE20 SLP018 P0000 T02000167
MSN,2023-08-17 10:53,10.00,5000.00,KMSN 171053Z 23004KT 10SM FEW050 SCT095 BKN200 19/17 A2961 RMK AO2 RAE45 SLP020 P0001 T01940172
MSN,2023-08-17 11:53,10.00,7000.00,KMSN 171153Z 28005KT 10SM SCT070 BKN150 19/17 A2962 RMK AO2 LTG DSNT SE SLP025 60020 70020 T01890172 10217 20189 55000
MSN,2023-08-17 12:53,10.00,15000.00,KMSN 171253Z 29006KT 10SM FEW150 FEW250 20/17 A2964 RMK AO2 SLP031 T02000167
MSN,2023-08-17 13:53,10.00,2500.00,KMSN 171353Z 33009G18KT 10SM FEW025 21/14 A2966 RMK AO2 SLP040 T02060139
MSN,2023-08-17 14:53,10.00,3700.00,KMSN 171453Z 30013G20KT 10SM BKN037 22/13 A2967 RMK AO2 SLP043 T02170128 51018
MSN,2023-08-17 15:53,10.00,4000.00,KMSN 171553Z 33014G22KT 300V010 10SM BKN040 22/13 A2970 RMK AO2 SLP051 T02170133
MSN,2023-08-17 16:53,10.00,4200.00,KMSN 171653Z 31009G21KT 10SM BKN042 22/12 A2972 RMK AO2 SLP059 T02170122
MSN,2023-08-17 17:53,10.00,4300.00,KMSN 171753Z 32014G20KT 10SM FEW043 BKN060 21/12 A2974 RMK AO2 PK WND 32026/1726 SLP066 T02060117 10222 20189 53022
MSN,2023-08-17 18:53,10.00,5000.00,KMSN 171853Z 33010G20KT 10SM SCT050 BKN070 20/12 A2977 RMK AO2 SLP076 T02000117
MSN,2023-08-17 19:53,10.00,5500.00,KMSN 171953Z 32009G22KT 10SM SCT055 BKN075 22/12 A2979 RMK AO2 PK WND 32029/1915 SLP083 T02170117
MSN,2023-08-17 20:53,10.00,4300.00,KMSN 172053Z 34012G20KT 10SM FEW043 SCT050 BKN075 22/12 A2981 RMK AO2 SLP088 T02220117 51022
MSN,2023-08-17 21:53,10.00,5500.00,KMSN 172153Z 33010G20KT 10SM FEW055 SCT080 21/11 A2983 RMK AO2 SLP097 T02060111
MSN,2023-08-17 22:53,10.00,6000.00,KMSN 172253Z 34011G20KT 10SM SCT060 22/11 A2985 RMK AO2 SLP104 T02170111
MSN,2023-08-17 23:53,10.00,6000.00,KMSN 172353Z 33006KT 10SM FEW060 21/11 A2986 RMK AO2 SLP109 T02060106 10222 20200 51020
MSN,2023-08-18 00:53,10.00,M,KMSN 180053Z 33006KT 10SM CLR 18/11 A2989 RMK AO2 SLP117 T01830106
MSN,2023-08-18 01:53,10.00,M,KMSN 180153Z 00000KT 10SM CLR 17/11 A2992 RMK AO2 SLP129 T01670111
MSN,2023-08-18 02:53,10.00,M,KMSN 180253Z 29003KT 10SM CLR 14/11 A2993 RMK AO2 SLP134 T01390111 51023
MSN,2023-08-18 03:53,10.00,M,KMSN 180353Z 29004KT 10SM CLR 13/11 A2994 RMK AO2 SLP136 LAST T01330111
MSN,2023-08-18 04:53,10.00,M,KMSN 180453Z AUTO 30005KT 10SM CLR 16/11 A2994 RMK AO2 SLP136 T01560106
MSN,2023-08-18 05:53,10.00,M,KMSN 180553Z AUTO 30004KT 10SM CLR 14/11 A2995 RMK AO2 SLP140 T01440106 10206 20133 402220133 53006
MSN,2023-08-18 06:53,10.00,M,KMSN 180653Z AUTO 00000KT 10SM CLR 12/11 A2995 RMK AO2 SLP140 T01220106
MSN,2023-08-18 07:53,10.00,M,KMSN 180753Z AUTO 00000KT 10SM CLR 12/10 A2996 RMK AO2 SLP144 T01220100
MSN,2023-08-18 08:53,10.00,M,KMSN 180853Z AUTO 00000KT 10SM CLR 12/10 A2998 RMK AO2 SLP152 T01170100 53010
MSN,2023-08-18 09:53,10.00,M,KMSN 180953Z AUTO 00000KT 10SM CLR 11/09 A2999 RMK AO2 SLP154 T01110094
MSN,2023-08-18 10:53,9.00,M,KMSN 181053Z 00000KT 9SM CLR 11/09 A3002 RMK AO2 SLP164 T01060094
MSN,2023-08-18 11:53,9.00,M,KMSN 181153Z 00000KT 9SM CLR 12/11 A3004 RMK AO2 SLP171 T01220106 10144 20106 53019
MSN,2023-08-18 12:53,10.00,M,KMSN 181253Z 00000KT 10SM CLR 16/12 A3005 RMK AO2 SLP174 T01560122
MSN,2023-08-18 13:53,10.00,25000.00,KMSN 181353Z VRB03KT 10SM BKN250 18/12 A3006 RMK AO2 SLP178 T01780122
MSN,2023-08-18 14:53,10.00,25000.00,KMSN 181453Z 00000KT 10SM SCT250 19/13 A3006 RMK AO2 SLP179 T01940128 51007
MSN,2023-08-18 15:53,8.00,25000.00,KMSN 181553Z 23004KT 8SM BKN250 21/12 A3007 RMK AO2 SLP180 T02110117
MSN,2023-08-18 16:53,9.00,4500.00,KMSN 181653Z 22004KT 9SM SCT045 BKN250 22/11 A3006 RMK AO2 SLP178 T02170111
MSN,2023-08-18 17:53,9.00,5000.00,KMSN 181753Z 20006KT 9SM FEW050 SCT250 23/11 A3005 RMK AO2 SLP172 T02280106 10233 20122 58005
MSN,2023-08-18 18:53,10.00,5500.00,KMSN 181853Z VRB03KT 10SM FEW055 SCT250 23/09 A3004 RMK AO2 SLP170 T02330094
MSN,2023-08-18 19:53,10.00,5500.00,KMSN 181953Z VRB03KT 10SM FEW055 BKN250 24/11 A3003 RMK AO2 SLP166 T02390111
MSN,2023-08-18 20:53,10.00,5500.00,KMSN 182053Z VRB03KT 10SM FEW055 BKN250 23/12 A3001 RMK AO2 SLP159 T02330117 58013
MSN,2023-08-18 21:53,10.00,25000.00,KMSN 182153Z VRB03KT 10SM BKN250 23/12 A2999 RMK AO2 SLP153 T02330122
MSN,2023-08-18 22:53,10.00,25000.00,KMSN 182253Z 22005KT 10SM BKN250 23/12 A2998 RMK AO2 SLP150 T02330117
MSN,2023-08-18 23:53,10.00,25000.00,KMSN 182353Z 18007KT 10SM FEW250 23/13 A2997 RMK AO2 SLP147 T02280128 10239 20222 56011
MSN,2023-08-19 00:53,10.00,25000.00,KMSN 190053Z 19005KT 10SM BKN250 22/13 A2998 RMK AO2 SLP148 T02220133
MSN,2023-08-19 01:53,10.00,25000.00,KMSN 190153Z 18005KT 10SM BKN250 21/14 A2998 RMK AO2 SLP148 T02110139
MSN,2023-08-19 02:53,10.00,25000.00,KMSN 190253Z 18005KT 10SM BKN250 20/14 A2999 RMK AO2 SLP152 T02000139 53006
MSN,2023-08-19 03:53,10.00,25000.00,KMSN 190353Z 18006KT 10SM BKN250 20/14 A2998 RMK AO2 SLP150 LAST T02000139
MSN,2023-08-19 04:53,10.00,M,KMSN 190453Z AUTO 18007KT 10SM CLR 19/14 A2998 RMK AO2 SLP149 T01890139
MSN,2023-08-19 05:53,10.00,M,KMSN 190553Z AUTO 19007KT 10SM CLR 18/14 A2998 RMK AO2 SLP150 T01830139 10228 20183 402390106 55002
MSN,2023-08-19 06:53,10.00,M,KMSN 190653Z AUTO 18007KT 10SM CLR 18/14 A2998 RMK AO2 SLP150 T01780139
MSN,2023-08-19 07:53,10.00,M,KMSN 190753Z AUTO 18005KT 10SM CLR 18/14 A2999 RMK AO2 SLP150 T01780139
MSN,2023-08-19 08:53,10.00,M,KMSN 190853Z AUTO 19005KT 10SM CLR 17/14 A2999 RMK AO2 SLP152 T01720139 53001
MSN,2023-08-19 09:53,10.00,10000.00,KMSN 190953Z AUTO 19007KT 10SM FEW100 18/13 A2999 RMK AO2 SLP152 T01780133
MSN,2023-08-19 10:53,10.00,17000.00,KMSN 191053Z 18006KT 10SM BKN170 BKN210 18/13 A2999 RMK AO2 SLP151 T01780133
MSN,2023-08-19 11:53,10.00,15000.00,KMSN 191153Z 18008KT 10SM BKN150 BKN200 18/13 A2999 RMK AO2 SLP151 T01780133 10189 20172 54000
MSN,2023-08-19 12:53,10.00,10000.00,KMSN 191253Z 19011KT 10SM FEW100 BKN180 BKN230 19/14 A2998 RMK AO2 SLP150 VIRGA NW-N T01890139
MSN,2023-08-19 13:53,10.00,18000.00,KMSN 191353Z 19011KT 10SM SCT180 BKN230 19/14 A2997 RMK AO2 SLP146 T01940139
MSN,2023-08-19 14:53,10.00,18000.00,KMSN 191453Z 18011KT 10SM FEW180 BKN230 21/15 A2996 RMK AO2 SLP143 T02110150 58008
MSN,2023-08-19 15:53,10.00,19000.00,KMSN 191553Z 19014G20KT 10SM FEW190 BKN230 23/16 A2995 RMK AO2 SLP138 T02330161
MSN,2023-08-19 16:53,10.00,23000.00,KMSN 191653Z 18013G22KT 10SM BKN230 25/17 A2993 RMK AO2 PK WND 18027/1618 SLP130 T02500172
MSN,2023-08-19 17:53,10.00,23000.00,KMSN 191753Z 18013G20KT 10SM FEW230 27/17 A2991 RMK AO2 SLP123 T02670172 10267 20178 58018
MSN,2023-08-19 18:53,10.00,19000.00,KMSN 191853Z 19013KT 10SM BKN190 28/18 A2989 RMK AO2 SLP115 T02780183
MSN,2023-08-19 19:53,10.00,19000.00,KMSN 191953Z 18013G21KT 10SM FEW190 FEW250 28/19 A2987 RMK AO2 SLP108 T02830189
MSN,2023-08-19 20:53,10.00,18000.00,KMSN 192053Z 19014KT 10SM FEW180 SCT250 28/19 A2985 RMK AO2 PK WND 17027/2042 SLP103 T02830194 56019
MSN,2023-08-19 21:53,10.00,5000.00,KMSN 192153Z 18014G19KT 10SM FEW050 FEW180 SCT250 29/20 A2985 RMK AO2 SLP104 T02890200
MSN,2023-08-19 22:53,10.00,19000.00,KMSN 192253Z 18011KT 10SM FEW190 FEW250 29/21 A2986 RMK AO2 SLP105 T02890206
MSN,2023-08-19 23:53,10.00,5000.00,KMSN 192353Z 19010KT 10SM FEW050 FEW100 SCT190 SCT250 28/20 A2987 RMK AO2 SLP110 TCU DSNT NE T02780200 10289 20261 53006
MSN,2023-08-20 00:53,10.00,5500.00,KMSN 200053Z 20009KT 10SM FEW055 FEW100 27/20 A2988 RMK AO2 SLP111 TCU DSNT E T02720200
MSN,2023-08-20 01:53,10.00,10000.00,KMSN 200153Z 19007KT 10SM FEW100 26/20 A2990 RMK AO2 SLP119 T02610200
MSN,2023-08-20 02:53,10.00,3300.00,KMSN 200253Z 19006KT 10SM BKN033 26/20 A2991 RMK AO2 SLP124 T02560200 53014
MSN,2023-08-20 03:53,10.00,3400.00,KMSN 200353Z 19006KT 10SM OVC034 25/20 A2993 RMK AO2 SLP131 LAST T02500200
MSN,2023-08-20 04:53,10.00,4000.00,KMSN 200453Z AUTO 18005KT 10SM OVC040 24/20 A2993 RMK AO2 SLP130 T02440200
MSN,2023-08-20 05:53,10.00,4200.00,KMSN 200553Z AUTO 19006KT 10SM OVC042 24/20 A2994 RMK AO2 SLP130 T02390200 10278 20239 402890172 51007
MSN,2023-08-20 06:53,10.00,4400.00,KMSN 200653Z AUTO 19004KT 10SM OVC044 24/20 A2994 RMK AO2 SLP132 T02390200
MSN,2023-08-20 07:53,10.00,4500.00,KMSN 200753Z AUTO 00000KT 10SM SCT045 23/20 A2996 RMK AO2 SLP138 T02330200
MSN,2023-08-20 08:53,10.00,4100.00,KMSN 200853Z AUTO 00000KT 10SM OVC041 23/21 A2998 RMK AO2 SLP145 T02280206 53014
MSN,2023-08-20 09:53,10.00,4100.00,KMSN 200953Z AUTO 00000KT 10SM OVC041 23/21 A2998 RMK AO2 SLP146 T02330206
MSN,2023-08-20 10:53,10.00,3900.00,KMSN 201053Z 00000KT 10SM BKN039 BKN160 23/21 A2999 RMK AO2 SLP150 T02280206
MSN,2023-08-20 11:53,10.00,3700.00,KMSN 201153Z 00000KT 10SM FEW037 23/21 A3000 RMK AO2 SLP154 T02280206 10239 20222 53008
MSN,2023-08-20 12:53,10.00,M,KMSN 201253Z 35003KT 10SM CLR 24/21 A3004 RMK AO2 SLP165 T02440211
MSN,2023-08-20 13:53,10.00,15000.00,KMSN 201353Z 01008KT 10SM FEW150 27/23 A3004 RMK AO2 SLP165 T02720228
MSN,2023-08-20 14:53,10.00,15000.00,KMSN 201453Z 01007KT 10SM FEW150 29/23 A3006 RMK AO2 SLP172 T02940233 51019
MSN,2023-08-20 15:53,10.00,3000.00,KMSN 201553Z 03005KT 10SM FEW030 30/22 A3008 RMK AO2 SLP177 T03000222
MSN,2023-08-20 16:53,10.00,3500.00,KMSN 201653Z 02006KT 10SM FEW035 31/22 A3008 RMK AO2 SLP178 T03110222
MSN,2023-08-20 17:53,10.00,3500.00,KMSN 201753Z 36007KT 10SM FEW035 FEW250 32/22 A3008 RMK AO2 SLP178 T03170222 10317 20228 51006
MSN,2023-08-20 18:53,10.00,3600.00,KMSN 201853Z 03005KT 10SM SCT036 BKN250 32/22 A3009 RMK AO2 SLP182 T03220222
MSN,2023-08-20 19:53,10.00,3600.00,KMSN 201953Z 08007KT 10SM FEW036 BKN250 32/23 A3007 RMK AO2 SLP177 T03220228
MSN,2023-08-20 20:53,10.00,4000.00,KMSN 202053Z 02009KT 10SM SCT040 BKN250 32/22 A3010 RMK AO2 SLP184 T03220222 53006
MSN,2023-08-20 21:53,10.00,4000.00,KMSN 202153Z 03007KT 10SM FEW040 BKN250 31/22 A3010 RMK AO2 SLP185 T03110222
MSN,2023-08-20 22:53,10.00,25000.00,KMSN 202253Z 05007KT 10SM BKN250 31/21 A3011 RMK AO2 SLP188 T03060211
MSN,2023-08-20 23:53,10.00,25000.00,KMSN 202353Z 05006KT 10SM BKN250 29/22 A3012 RMK AO2 SLP192 T02890222 10328 20289 53006
MSN,2023-08-21 00:53,9.00,25000.00,KMSN 210053Z 05007KT 9SM BKN250 27/21 A3013 RMK AO2 SLP197 T02720211
MSN,2023-08-21 01:53,10.00,25000.00,KMSN 210153Z 08007KT 10SM BKN250 26/22 A3015 RMK AO2 SLP203 T02610217
MSN,2023-08-21 02:53,10.00,25000.00,KMSN 210253Z 10006KT 10SM BKN250 24/19 A3018 RMK AO2 SLP214 T02440194 53023
MSN,2023-08-21 03:53,10.00,25000.00,KMSN 210353Z 11007KT 10SM BKN250 23/18 A3020 RMK AO2 SLP219 LAST T02280183
MSN,2023-08-21 04:53,10.00,M,KMSN 210453Z AUTO 11004KT 10SM CLR 22/17 A3020 RMK AO2 SLP221 T02170172
MSN,2023-08-21 05:53,10.00,M,KMSN 210553Z AUTO 05004KT 10SM CLR 21/17 A3021 RMK AO2 SLP226 T02060167 10289 20206 403280206 51010
MSN,2023-08-21 06:53,10.00,M,KMSN 210653Z AUTO 07003KT 10SM CLR 19/16 A3021 RMK AO2 SLP224 T01940161
MSN,2023-08-21 07:53,10.00,4400.00,KMSN 210753Z AUTO 02004KT 10SM BKN044 19/16 A3023 RMK AO2 SLP230 T01940161
MSN,2023-08-21 08:53,10.00,M,KMSN 210853Z AUTO 06004KT 10SM CLR 18/16 A3023 RMK AO2 SLP230 T01830161 53004
MSN,2023-08-21 09:53,9.00,4600.00,KMSN 210953Z AUTO 02005KT 9SM SCT046 17/16 A3024 RMK AO2 SLP234 T01720156
MSN,2023-08-21 10:53,10.00,25000.00,KMSN 211053Z 34003KT 10SM SCT250 17/15 A3024 RMK AO2 SLP234 T01670150
MSN,2023-08-21 11:53,10.00,25000.00,KMSN 211153Z 36003KT 10SM BKN250 17/15 A3025 RMK AO2 SLP238 T01720150 10206 20167 53007
MSN,2023-08-21 12:53,10.00,25000.00,KMSN 211253Z 07007KT 10SM SCT250 19/14 A3026 RMK AO2 SLP241 T01890144
MSN,2023-08-21 13:53,10.00,15000.00,KMSN 211353Z 07006KT 10SM FEW150 SCT250 20/16 A3026 RMK AO2 SLP243 T02000156
MSN,2023-08-21 14:53,10.00,5000.00,KMSN 211453Z 07006KT 10SM BKN050 22/16 A3026 RMK AO2 SLP243 T02170161 51005
MSN,2023-08-21 15:53,10.00,5500.00,KMSN 211553Z 09005KT 10SM BKN055 24/16 A3027 RMK AO2 SLP245 T02390156
MSN,2023-08-21 16:53,10.00,6000.00,KMSN 211653Z 10007KT 10SM SCT060 BKN250 26/16 A3026 RMK AO2 SLP242 T02560161
MSN,2023-08-21 17:53,10.00,25000.00,KMSN 211753Z 06010KT 10SM SCT250 26/17 A3024 RMK AO2 SLP236 T02610172 10261 20172 58007
MSN,2023-08-21 18:53,10.00,25000.00,KMSN 211853Z 08005KT 10SM SCT250 27/18 A3023 RMK AO2 SLP231 T02720178
MSN,2023-08-21 19:53,10.00,25000.00,KMSN 211953Z 06006KT 10SM SCT250 28/18 A3022 RMK AO2 SLP228 T02780178
MSN,2023-08-21 20:53,10.00,25000.00,KMSN 212053Z 10004KT 10SM BKN250 28/17 A3021 RMK AO2 SLP223 T02830167 56012
MSN,2023-08-21 21:53,10.00,25000.00,KMSN 212153Z 09007KT 10SM SCT250 27/18 A3021 RMK AO2 SLP225 T02720183
MSN,2023-08-21 22:53,10.00,25000.00,KMSN 212253Z 08006KT 10SM SCT250 27/18 A3021 RMK AO2 SLP226 T02670183
MSN,2023-08-21 23:53,10.00,5500.00,KMSN 212353Z 08007KT 10SM SCT055 SCT250 26/18 A3020 RMK AO2 SLP222 T02610183 10283 20261 58002
MSN,2023-08-22 00:53,10.00,5500.00,KMSN 220053Z 08004KT 10SM BKN055 25/19 A3021 RMK AO2 SLP225 T02500189
MSN,2023-08-22 01:53,10.00,6000.00,KMSN 220153Z 11010KT 10SM SCT060 23/18 A3022 RMK AO2 SLP228 T02330183
MSN,2023-08-22 02:53,10.00,M,KMSN 220253Z 12009KT 10SM CLR 21/16 A3022 RMK AO2 SLP231 T02110156 53008
MSN,2023-08-22 03:53,10.00,M,KMSN 220353Z 11005KT 10SM CLR 20/16 A3023 RMK AO2 SLP233 LAST T02000156
MSN,2023-08-22 04:53,10.00,M,KMSN 220453Z AUTO 13003KT 10SM CLR 19/16 A3023 RMK AO2 SLP232 T01940156
MSN,2023-08-22 05:53,10.00,M,KMSN 220553Z AUTO 07003KT 10SM CLR 19/16 A3023 RMK AO2 SLP232 T01890156 10261 20189 402830167 50002
MSN,2023-08-22 06:53,10.00,M,KMSN 220653Z AUTO 09005KT 10SM CLR 18/16 A3023 RMK AO2 SLP232 T01830156
MSN,2023-08-22 07:53,10.00,M,KMSN 220753Z AUTO 00000KT 10SM CLR 18/16 A3023 RMK AO2 SLP231 T01830156
MSN,2023-08-22 08:53,9.00,M,KMSN 220853Z AUTO 00000KT 9SM CLR 17/16 A3023 RMK AO2 SLP232 T01720156 53000
MSN,2023-08-22 09:53,9.00,M,KMSN 220953Z AUTO 00000KT 9SM CLR 17/16 A3022 RMK AO2 SLP229 T01720156
MSN,2023-08-22 10:53,8.00,M,KMSN 221053Z 00000KT 8SM CLR 17/16 A3021 RMK AO2 SLP227 T01670156
MSN,2023-08-22 11:53,7.00,M,KMSN 221153Z 00000KT 7SM CLR 17/16 A3021 RMK AO2 SLP227 T01670156 10189 20161 56006
MSN,2023-08-22 12:53,10.00,M,KMSN 221253Z 00000KT 10SM CLR 20/17 A3022 RMK AO2 SLP228 T02000172
MSN,2023-08-22 13:53,10.00,M,KMSN 221353Z 12005KT 10SM CLR 22/18 A3023 RMK AO2 SLP231 T02170183
MSN,2023-08-22 14:53,10.00,M,KMSN 221453Z 10004KT 10SM CLR 23/19 A3022 RMK AO2 SLP228 T02330194 50001
MSN,2023-08-22 15:53,10.00,M,KMSN 221553Z 13006KT 10SM CLR 26/21 A3020 RMK AO2 SLP221 T02560206
MSN,2023-08-22 16:53,10.00,M,KMSN 221653Z 16007KT 10SM CLR 27/20 A3017 RMK AO2 SLP213 T02720200
MSN,2023-08-22 17:53,10.00,3000.00,KMSN 221753Z 17009KT 10SM FEW030 28/21 A3016 RMK AO2 SLP206 T02780211 10283 20167 57020
MSN,2023-08-22 18:53,10.00,2800.00,KMSN 221853Z 17010KT 10SM SCT028 29/21 A3013 RMK AO2 SLP199 T02890211
MSN,2023-08-22 19:53,10.00,2800.00,KMSN 221953Z 19011KT 10SM FEW028 30/22 A3011 RMK AO2 SLP192 T03000217
MSN,2023-08-22 20:53,10.00,3500.00,KMSN 222053Z 19011KT 10SM FEW035 31/20 A3007 RMK AO2 SLP179 T03060200 58027
MSN,2023-08-22 21:53,10.00,M,KMSN 222153Z 19010KT 10SM CLR 31/19 A3006 RMK AO2 SLP174 T03060194
MSN,2023-08-22 22:53,10.00,M,KMSN 222253Z 18009KT 10SM CLR 31/20 A3005 RMK AO2 SLP170 T03060200
MSN,2023-08-22 23:53,10.00,M,KMSN 222353Z 19007KT 10SM CLR 30/20 A3003 RMK AO2 SLP164 T03000200 10311 20278 58015
MSN,2023-08-23 00:53,10.00,M,KMSN 230053Z 20005KT 10SM CLR 29/22 A3003 RMK AO2 SLP162 T02890222
MSN,2023-08-23 01:53,10.00,M,KMSN 230153Z 18006KT 10SM CLR 28/23 A3002 RMK AO2 SLP160 T02780228
MSN,2023-08-23 02:53,10.00,M,KMSN 230253Z 19007KT 10SM CLR 27/23 A3002 RMK AO2 SLP158 T02720228 58004
MSN,2023-08-23 03:53,10.00,M,KMSN 230353Z 19006KT 10SM CLR 27/23 A3001 RMK AO2 SLP157 LAST T02670228
MSN,2023-08-23 04:53,9.00,M,KMSN 230453Z AUTO 18005KT 9SM CLR 26/23 A3000 RMK AO2 SLP151 T02610233
MSN,2023-08-23 05:53,8.00,M,KMSN 230553Z AUTO 19006KT 8SM CLR 26/23 A3000 RMK AO2 SLP151 T02560233 10300 20256 403110161 56006
MSN,2023-08-23 06:53,8.00,M,KMSN 230653Z AUTO 20005KT 8SM CLR 26/24 A2999 RMK AO2 SLP147 T02610239
MSN,2023-08-23 07:53,7.00,M,KMSN 230753Z AUTO 22005KT 7SM CLR 26/24 A2998 RMK AO2 SLP146 T02610239
MSN,2023-08-23 08:53,8.00,M,KMSN 230853Z AUTO 23008KT 8SM CLR 27/24 A2998 RMK AO2 SLP142 T02670244 56007
MSN,2023-08-23 09:53,7.00,M,KMSN 230953Z AUTO VRB04KT 7SM CLR 26/24 A2998 RMK AO2 SLP145 T02610244
MSN,2023-08-23 10:53,7.00,15000.00,KMSN 231053Z VRB06KT 7SM SCT150 26/24 A2998 RMK AO2 SLP144 T02610244
MSN,2023-08-23 11:53,6.00,15000.00,KMSN 231153Z 22007KT 6SM BR FEW150 FEW250 27/24 A2997 RMK AO2 SLP143 T02670244 10267 20256 58001
MSN,2023-08-23 12:53,6.00,1100.00,KMSN 231253Z 23005KT 6SM BR FEW011 FEW250 27/25 A2998 RMK AO2 SLP144 T02720250
MSN,2023-08-23 13:53,7.00,25000.00,KMSN 231353Z VRB06KT 7SM FEW250 28/25 A2997 RMK AO2 SLP140 T02830250
MSN,2023-08-23 14:53,9.00,25000.00,KMSN 231453Z 22005KT 9SM FEW250 29/25 A2995 RMK AO2 SLP135 T02940250 58007
MSN,2023-08-23 15:53,10.00,25000.00,KMSN 231553Z 23007KT 190V260 10SM SCT250 32/24 A2993 RMK AO2 SLP128 T03170244
MSN,2023-08-23 16:53,10.00,25000.00,KMSN 231653Z 23008KT 210V290 10SM FEW250 33/24 A2992 RMK AO2 SLP123 T03280244
MSN,2023-08-23 17:53,10.00,25000.00,KMSN 231753Z 23006KT 10SM FEW250 34/25 A2990 RMK AO2 SLP116 T03440250 10344 20267 58017
MSN,2023-08-23 18:53,10.00,25000.00,KMSN 231853Z VRB06G18KT 10SM FEW250 35/26 A2988 RMK AO2 SLP109 T03500256
MSN,2023-08-23 19:53,10.00,25000.00,KMSN 231953Z 24009G18KT 10SM FEW250 36/25 A2986 RMK AO2 SLP101 T03560250
MSN,2023-08-23 20:53,10.00,M,KMSN 232053Z 23006KT 10SM CLR 36/26 A2985 RMK AO2 SLP097 T03560256 56018
MSN,2023-08-23 21:53,10.00,25000.00,KMSN 232153Z 23007KT 10SM FEW250 35/25 A2983 RMK AO2 SLP093 T03500250
MSN,2023-08-23 22:53,10.00,M,KMSN 232253Z VRB05KT 10SM CLR 35/26 A2982 RMK AO2 SLP090 T03500261
MSN,2023-08-23 23:53,10.00,M,KMSN 232353Z 23007KT 10SM CLR 34/26 A2982 RMK AO2 SLP089 T03390256 10356 20339 56009
MSN,2023-08-24 00:53,10.00,M,KMSN 240053Z COR 22008KT 10SM CLR 33/27 A2983
MSN,2023-08-24 01:53,10.00,M,KMSN 240153Z COR 22006KT 10SM CLR 33/26 A2983 RMK AO2 SLPNO T03280261 $
MSN,2023-08-24 02:53,10.00,M,KMSN 240253Z VRB05KT 10SM CLR 31/26 A2984 RMK AO2 SLP084 T03110261 $
MSN,2023-08-24 03:53,10.00,M,KMSN 240353Z VRB05KT 10SM CLR 31/26 A2984 RMK AO2 SLP083 LAST T03060256 $
MSN,2023-08-24 04:53,10.00,M,KMSN 240453Z VRB04KT 10SM CLR 31/25 RMK AO2 SLPNO T03060250 $
MSN,2023-08-24 05:53,10.00,M,KMSN 240553Z 22005KT 10SM CLR 29/24 RMK AO2 SLPNO T02940244 10350 20294 403560256 $
MSN,2023-08-24 06:53,10.00,M,KMSN 240653Z 22004KT 10SM CLR 29/24 RMK AO2 SLPNO T02890244 $
MSN,2023-08-24 07:53,10.00,M,KMSN 240753Z 23004KT 10SM CLR 28/25 RMK AO2 SLPNO T02830250 $
MSN,2023-08-24 08:53,10.00,M,KMSN 240853Z VRB03KT 10SM CLR 28/25 RMK AO2 SLPNO T02780250 $
MSN,2023-08-24 09:53,10.00,M,KMSN 240953Z 00000KT 10SM CLR 28/25 RMK AO2 SLPNO T02780250 $
MSN,2023-08-24 10:53,9.00,8000.00,KMSN 241053Z 00000KT 9SM FEW080 28/25 A2984 RMK AO2 SLP083 T02780250 $
MSN,2023-08-24 11:53,8.00,15000.00,KMSN 241153Z 00000KT 8SM SCT150 28/25 A2985 RMK AO2 SLP087 T02780250 10294 20272 $
MSN,2023-08-24 12:53,9.00,15000.00,KMSN 241253Z 19006KT 9SM FEW150 28/25 A2984 RMK AO2 SLPNO T02830250
MSN,2023-08-24 13:53,10.00,M,KMSN 241353Z 21007KT 10SM CLR 29/25 A2981 RMK AO2 SLP086 T02940250
MSN,2023-08-24 14:53,10.00,M,KMSN 241453Z VRB06KT 10SM CLR 31/24 A2980 RMK AO2 SLP083 T03060244
MSN,2023-08-24 15:53,10.00,M,KMSN 241553Z 24007KT 10SM CLR 32/24 A2980 RMK AO2 SLP081 T03170244
MSN,2023-08-24 16:53,10.00,M,KMSN 241653Z VRB04KT 10SM CLR 33/26 A2978 RMK AO2 SLP075 T03330256
MSN,2023-08-24 17:53,10.00,3500.00,KMSN 241753Z 28007KT 10SM FEW035 FEW150 34/26 A2978 RMK AO2 SLP075 T03390256 10339 20272 56007
MSN,2023-08-24 18:53,10.00,3500.00,KMSN 241853Z VRB05KT 10SM BKN035 BKN130 34/26 A2979 RMK AO2 SLP077 T03390256
MSN,2023-08-24 19:53,10.00,3400.00,KMSN 241953Z 31007KT 10SM SCT034 BKN130 BKN250 34/26 A2978 RMK AO2 SLP075 T03390256
MSN,2023-08-24 20:53,10.00,3900.00,KMSN 242053Z VRB03KT 10SM FEW039 35/26 A2978 RMK AO2 LTG DSNT NE AND E SLP073 CB DSNT NE-E MOV S TCU DSNT NW-N T03500256 58002
MSN,2023-08-24 21:53,10.00,3900.00,KMSN 242153Z VRB06KT 10SM TS SCT039CB SCT055 34/26 A2978 RMK AO2 LTG DSNT N-E TSB40 SLP073 CONS LTGIC N-E TS N-E MOV S T03440256
MSN,2023-08-24 22:53,10.00,4000.00,KMSN 242253Z 35006KT 10SM VCTS SCT040 BKN055 BKN250 33/26 A2980 RMK AO2 LTG DSNT NE-SE RAB11E17 TSE41 SLP082 CB DSNT E-SE MOV SE TCU DSNT N-E AND S P0000 T03330261
MSN,2023-08-24 23:53,10.00,3900.00,KMSN 242353Z 36007KT 10SM FEW039 SCT060 SCT250 32/24 A2981 RMK AO2 LTG DSNT E-S SLP086 CB DSNT SE MOV SE 60000 T03220239 10350 20322 53013
MSN,2023-08-25 00:53,10.00,3600.00,KMSN 250053Z 05008KT 10SM FEW036 SCT060 SCT250 29/24 A2985 RMK AO2 SLP098 CB DSNT SE MOV SE T02890244
MSN,2023-08-25 01:53,10.00,3500.00,KMSN 250153Z 09004KT 10SM FEW035 SCT065 27/23 A2987 RMK AO2 SLP107 T02720233
MSN,2023-08-25 02:53,10.00,3800.00,KMSN 250253Z 03003KT 10SM FEW038 26/23 A2987 RMK AO2 SLP107 T02610233 51019
MSN,2023-08-25 03:53,9.00,3000.00,KMSN 250353Z 00000KT 9SM FEW030 SCT250 25/23 A2987 RMK AO2 SLP107 LAST T02500228
MSN,2023-08-25 04:53,9.00,1300.00,KMSN 250453Z AUTO 05006KT 9SM FEW013 BKN023 BKN030 24/22 A2991 RMK AO2 SLP119 T02440217
MSN,2023-08-25 05:53,9.00,1700.00,KMSN 250553Z AUTO 06007KT 9SM SCT017 BKN024 23/21 A2993 RMK AO2 SLP125 T02330211 10317 20233 403500233 53018
MSN,2023-08-25 06:53,10.00,1200.00,KMSN 250653Z AUTO 08004KT 10SM SCT012 OVC022 23/21 A2993 RMK AO2 SLP129 T02280206
MSN,2023-08-25 07:53,10.00,2800.00,KMSN 250753Z AUTO 05005KT 10SM OVC028 22/20 A2993 RMK AO2 SLP128 T02220200
MSN,2023-08-25 08:53,10.00,2500.00,KMSN 250853Z AUTO 09005KT 10SM OVC025 22/20 A2993 RMK AO2 SLP127 T02220200 50002
MSN,2023-08-25 09:53,10.00,800.00,KMSN 250953Z AUTO 08006KT 10SM OVC008 22/20 A2993 RMK AO2 SLP128 T02170200
MSN,2023-08-25 10:53,7.00,900.00,KMSN 251053Z 09005KT 7SM -DZ OVC009 21/19 A2995 RMK AO2 DZB51 SLP133 P0000 T02110194
MSN,2023-08-25 11:53,8.00,900.00,KMSN 251153Z 06003KT 8SM OVC009 21/19 A2997 RMK AO2 DZE09 SLP143 P0000 60000 T02110194 10233 20211 53015
MSN,2023-08-25 12:53,10.00,1000.00,KMSN 251253Z 06003KT 10SM OVC010 21/19 A2998 RMK AO2 SLP146 T02110189
MSN,2023-08-25 13:53,7.00,1000.00,KMSN 251353Z 00000KT 7SM -DZ OVC010 21/19 A3002 RMK AO2 DZB36 SLP161 P0000 T02110194
MSN,2023-08-25 14:53,10.00,1500.00,KMSN 251453Z 00000KT 10SM OVC015 22/19 A3002 RMK AO2 DZE27 SLP161 P0000 60000 T02170194 51016
MSN,2023-08-25 15:53,10.00,1300.00,KMSN 251553Z 07009KT 10SM SCT013 BKN090 OVC120 23/20 A2996 RMK AO2 SLP141 T02330200
MSN,2023-08-25 16:53,10.00,1500.00,KMSN 251653Z 11011KT 10SM BKN015 BKN110 24/20 A2995 RMK AO2 SLP135 T02390200
MSN,2023-08-25 17:53,10.00,1600.00,KMSN 251753Z 14007KT 10SM OVC016 24/20 A2995 RMK AO2 SLP136 60000 T02440200 10244 20211 55024
MSN,2023-08-25 18:53,10.00,1700.00,KMSN 251853Z 20006KT 10SM BKN017 OVC028 24/20 A2997 RMK AO2 SLP142 T02440200
MSN,2023-08-25 19:53,10.00,2100.00,KMSN 251953Z 19005KT 10SM FEW021 SCT035 SCT250 26/21 A2995 RMK AO2 SLP138 T02610211
MSN,2023-08-25 20:53,10.00,2500.00,KMSN 252053Z 00000KT 10SM FEW025 FEW080 FEW250 27/21 A2994 RMK AO2 SLP134 T02670206 58003
MSN,2023-08-25 21:53,10.00,2600.00,KMSN 252153Z 21005KT 10SM FEW026 SCT035 SCT140 27/21 A2994 RMK AO2 SLP131 T02720206
MSN,2023-08-25 22:53,10.00,3300.00,KMSN 252253Z 25004KT 10SM FEW033 FEW140 SCT250 28/21 A2993 RMK AO2 SLP129 T02780211
MSN,2023-08-25 23:53,10.00,3500.00,KMSN 252353Z 00000KT 10SM FEW035 BKN140 27/22 A2992 RMK AO2 SLP126 T02720217 10283 20239 58007
MSN,2023-08-26 00:53,10.00,4400.00,KMSN 260053Z 00000KT 10SM FEW044 FEW140 FEW250 25/22 A2992 RMK AO2 SLP126 T02500217
MSN,2023-08-26 01:53,10.00,4100.00,KMSN 260153Z 00000KT 10SM SCT041 24/22 A2993 RMK AO2 SLP130 T02440217
MSN,2023-08-26 02:53,10.00,4600.00,KMSN 260253Z 00000KT 10SM FEW046 FEW130 25/22 A2994 RMK AO2 SLP132 T02500217 53006
MSN,2023-08-26 03:53,10.00,M,KMSN 260353Z 30003KT 10SM CLR 23/21 A2995 RMK AO2 SLP135 LAST T02280211
MSN,2023-08-26 04:53,10.00,M,KMSN 260453Z AUTO 00000KT 10SM CLR 22/21 A2994 RMK AO2 SLP135 T02170206
MSN,2023-08-26 05:53,10.00,M,KMSN 260553Z AUTO 35007KT 10SM CLR 23/20 A2994 RMK AO2 SLP134 T02280200 10278 20217 402830211 50001
MSN,2023-08-26 06:53,9.00,M,KMSN 260653Z AUTO 36006KT 9SM CLR 21/20 A2994 RMK AO2 SLP134 T02110200
MSN,2023-08-26 07:53,9.00,700.00,KMSN 260753Z AUTO 07003KT 9SM BKN007 OVC014 22/21 A2995 RMK AO2 SLP138 T02170206
MSN,2023-08-26 08:53,6.00,600.00,KMSN 260853Z AUTO 35004KT 6SM BR OVC006 21/20 A2997 RMK AO2 SLP143 T02110200 53009
MSN,2023-08-26 09:53,6.00,500.00,KMSN 260953Z AUTO 35006KT 6SM BR OVC005 21/19 A2998 RMK AO2 SLP148 T02060194
MSN,2023-08-26 10:53,10.00,600.00,KMSN 261053Z 01008KT 10SM OVC006 19/18 A3000 RMK AO2 SLP155 CIG 005V011 T01940183
MSN,2023-08-26 11:53,6.00,500.00,KMSN 261153Z 02010KT 6SM BR OVC005 19/18 A3004 RMK AO2 SLP168 CIG 003V008 T01940183 10217 20194 53024
MSN,2023-08-26 12:53,10.00,900.00,KMSN 261253Z 03010KT 10SM OVC009 20/18 A3005 RMK AO2 SLP170 T02000178
MSN,2023-08-26 13:53,10.00,900.00,KMSN 261353Z 05009KT 10SM BKN009 OVC017 20/17 A3007 RMK AO2 SLP179 T02000172
MSN,2023-08-26 14:53,10.00,1800.00,KMSN 261453Z 04014KT 10SM BKN018 OVC035 20/16 A3009 RMK AO2 SLP184 T02000156 53016
MSN,2023-08-26 15:53,10.00,1700.00,KMSN 261553Z 04013KT 10SM OVC017 20/16 A3011 RMK AO2 SLP192 T02000156
MSN,2023-08-26 16:53,10.00,2300.00,KMSN 261653Z 06010KT 10SM OVC023 21/16 A3011 RMK AO2 SLP191 T02060156
MSN,2023-08-26 17:53,10.00,2300.00,KMSN 261753Z 03012KT 10SM OVC023 21/15 A3011 RMK AO2 SLP193 T02060150 10217 20194 51007
MSN,2023-08-26 18:53,10.00,2600.00,KMSN 261853Z 04013KT 10SM OVC026 21/14 A3012 RMK AO2 SLP194 T02060144
MSN,2023-08-26 19:53,10.00,2900.00,KMSN 261953Z 05013KT 10SM OVC029 20/14 A3011 RMK AO2 SLP193 T02000139
MSN,2023-08-26 20:53,10.00,3200.00,KMSN 262053Z 05009KT 10SM BKN032 21/14 A3010 RMK AO2 SLP189 T02060144 58004
MSN,2023-08-26 21:53,10.00,3100.00,KMSN 262153Z 05010KT 10SM BKN031 BKN042 21/14 A3010 RMK AO2 SLP189 T02060144
MSN,2023-08-26 22:53,10.00,3100.00,KMSN 262253Z 04011KT 10SM FEW031 BKN045 20/14 A3009 RMK AO2 SLP188 T02000139
MSN,2023-08-26 23:53,10.00,2900.00,KMSN 262353Z 05009KT 10SM FEW029 FEW044 SCT250 19/13 A3010 RMK AO2 SLP189 T01940133 10222 20194 55001
MSN,2023-08-27 00:53,10.00,4500.00,KMSN 270053Z 03008KT 10SM FEW045 FEW250 18/13 A3011 RMK AO2 SLP192 T01780133
MSN,2023-08-27 01:53,10.00,M,KMSN 270153Z 04008KT 10SM CLR 17/13 A3012 RMK AO2 SLP196 T01670128
MSN,2023-08-27 02:53,10.00,4500.00,KMSN 270253Z 05004KT 10SM FEW045 16/13 A3013 RMK AO2 SLP199 T01560128 53009
MSN,2023-08-27 03:53,10.00,2700.00,KMSN 270353Z 00000KT 10SM BKN027 BKN041 15/13 A3014 RMK AO2 SLP203 LAST T01500128
MSN,2023-08-27 04:53,10.00,M,KMSN 270453Z AUTO 01003KT 10SM CLR 14/12 A3014 RMK AO2 SLP204 T01390122
MSN,2023-08-27 05:53,10.00,M,KMSN 270553Z AUTO 36004KT 10SM CLR 13/12 A3013 RMK AO2 SLP202 T01330122 10194 20133 402220133 50001
MSN,2023-08-27 06:53,10.00,2300.00,KMSN 270653Z AUTO 36007KT 10SM OVC023 14/12 A3013 RMK AO2 SLP202 T01390122
MSN,2023-08-27 07:53,10.00,2600.00,KMSN 270753Z AUTO 03007KT 10SM OVC026 15/12 A3012 RMK AO2 SLP198 T01500122
MSN,2023-08-27 08:53,10.00,3300.00,KMSN 270853Z AUTO 03010KT 10SM OVC033 14/12 A3012 RMK AO2 SLP196 T01440117 58005
MSN,2023-08-27 09:53,10.00,4000.00,KMSN 270953Z AUTO 03006KT 10SM OVC040 14/12 A3012 RMK AO2 SLP196 T01440122
MSN,2023-08-27 10:53,10.00,2300.00,KMSN 271053Z 02008KT 10SM BKN023 BKN045 14/12 A3012 RMK AO2 SLP198 T01440122
MSN,2023-08-27 11:53,10.00,2500.00,KMSN 271153Z 03008KT 10SM FEW025 BKN048 BKN200 15/13 A3012 RMK AO2 SLP198 T01500128 10150 20128 50001
MSN,2023-08-27 12:53,10.00,4000.00,KMSN 271253Z 02006KT 10SM SCT040 BKN049 16/13 A3013 RMK AO2 SLP202 T01560128
MSN,2023-08-27 13:53,10.00,1300.00,KMSN 271353Z 01005KT 10SM FEW013 OVC050 17/13 A3013 RMK AO2 SLP203 T01670133
MSN,2023-08-27 14:53,10.00,1600.00,KMSN 271453Z 04005KT 10SM FEW016 OVC050 18/14 A3013 RMK AO2 SLP203 T01830144 50005
MSN,2023-08-27 15:53,10.00,1800.00,KMSN 271553Z 10006KT 10SM BKN018 BKN049 20/15 A3013 RMK AO2 SLP200 T02000150
MSN,2023-08-27 16:53,10.00,2100.00,KMSN 271653Z 12003KT 10SM BKN021 BKN055 21/15 A3012 RMK AO2 SLP199 T02060150
MSN,2023-08-27 17:53,10.00,2700.00,KMSN 271753Z 06004KT 10SM BKN027 BKN055 21/15 A3010 RMK AO2 SLP193 T02110150 10217 20150 58009
MSN,2023-08-27 18:53,10.00,3400.00,KMSN 271853Z 03006KT 10SM BKN034 BKN055 22/13 A3009 RMK AO2 SLP186 T02220133
MSN,2023-08-27 19:53,10.00,4000.00,KMSN 271953Z 03006KT 10SM BKN040 BKN065 24/14 A3007 RMK AO2 SLP179 T02440139
MSN,2023-08-27 20:53,10.00,4300.00,KMSN 272053Z 00000KT 10SM SCT043 BKN065 23/12 A3006 RMK AO2 SLP178 T02280122 56014
MSN,2023-08-27 21:53,10.00,5000.00,KMSN 272153Z 11006KT 10SM SCT050 SCT070 23/13 A3005 RMK AO2 SLP173 T02330128
MSN,2023-08-27 22:53,10.00,5000.00,KMSN 272253Z 00000KT 10SM FEW050 FEW070 24/12 A3004 RMK AO2 SLP168 T02440122
MSN,2023-08-27 23:53,10.00,5000.00,KMSN 272353Z 08005KT 10SM SCT050 23/13 A3003 RMK AO2 SLP167 T02280128 10250 20211 56010
MSN,2023-08-28 00:53,10.00,4900.00,KMSN 280053Z 07003KT 10SM FEW049 19/13 A3003 RMK AO2 SLP167 T01940128
MSN,2023-08-28 01:53,10.00,M,KMSN 280153Z 00000KT 10SM CLR 17/13 A3004 RMK AO2 SLP171 T01670133
MSN,2023-08-28 02:53,10.00,M,KMSN 280253Z 12003KT 10SM CLR 16/12 A3005 RMK AO2 SLP174 T01610122 53006 $
MSN,2023-08-28 03:53,10.00,M,KMSN 280353Z 00000KT 10SM CLR 16/11 A3005 RMK AO2 SLP173 LAST T01560111 $
MSN,2023-08-28 04:53,10.00,M,KMSN 280453Z AUTO 17005KT 10SM CLR 17/11 A3005 RMK AO2 SLP172 T01670106 $
MSN,2023-08-28 05:53,10.00,M,KMSN 280553Z AUTO 17004KT 10SM CLR 17/09 A3005 RMK AO2 SLP173 T01670089 10228 20150 402500128 55000 $
MSN,2023-08-28 06:53,10.00,M,KMSN 280653Z AUTO 00000KT 10SM CLR 13/10 A3005 RMK AO2 SLP175 T01330100 $
MSN,2023-08-28 07:53,10.00,M,KMSN 280753Z AUTO 00000KT 10SM CLR 12/10 A3005 RMK AO2 SLP174 T01170100 $
MSN,2023-08-28 08:53,10.00,M,KMSN 280853Z AUTO 00000KT 10SM CLR 12/09 A3005 RMK AO2 SLP174 T01170094 50000 $
MSN,2023-08-28 09:53,10.00,5000.00,KMSN 280953Z AUTO 00000KT 10SM SCT050 12/09 A3006 RMK AO2 SLP176 T01170094 $
MSN,2023-08-28 10:53,10.00,5000.00,KMSN 281053Z 00000KT 10SM FEW050 11/09 A3005 RMK AO2 SLP173 T01110094 $
MSN,2023-08-28 11:53,10.00,5000.00,KMSN 281153Z 00000KT 10SM FEW050 12/11 A3007 RMK AO2 SLP180 T01220106 10167 20106 53007
MSN,2023-08-28 12:53,10.00,5000.00,KMSN 281253Z 00000KT 10SM SCT050 16/12 A3007 RMK AO2 SLP181 T01560122
MSN,2023-08-28 13:53,10.00,5000.00,KMSN 281353Z 22003KT 10SM SCT050 19/13 A3007 RMK AO2 SLP179 T01890133 $
MSN,2023-08-28 14:53,10.00,5000.00,KMSN 281453Z 25005KT 10SM FEW050 SCT100 21/11 A3006 RMK AO2 SLP177 T02060111 58003
MSN,2023-08-28 15:53,10.00,5000.00,KMSN 281553Z VRB04KT 10SM FEW050 FEW100 22/12 A3006 RMK AO2 SLP176 T02220122
MSN,2023-08-28 16:53,10.00,4500.00,KMSN 281653Z 23005KT 10SM FEW045 23/12 A3005 RMK AO2 SLP171 T02280122
MSN,2023-08-28 17:53,10.00,4500.00,KMSN 281753Z VRB03KT 10SM BKN045 25/14 A3003 RMK AO2 SLP163 T02500139 10250 20117 58011
MSN,2023-08-28 18:53,10.00,4500.00,KMSN 281853Z VRB06KT 10SM BKN045 25/13 A3001 RMK AO2 SLP159 T02500133
MSN,2023-08-28 19:53,10.00,5000.00,KMSN 281953Z VRB05KT 10SM BKN050 26/14 A2999 RMK AO2 SLP154 T02560139
MSN,2023-08-28 20:53,10.00,5500.00,KMSN 282053Z 25004KT 10SM BKN055 26/14 A2998 RMK AO2 SLP151 T02610139 56014
MSN,2023-08-28 21:53,10.00,5500.00,KMSN 282153Z 23005KT 10SM SCT055 26/14 A2997 RMK AO2 SLP147 T02560139
MSN,2023-08-28 22:53,10.00,5500.00,KMSN 282253Z 23005KT 10SM FEW055 26/14 A2997 RMK AO2 SLP147 T02560139
MSN,2023-08-28 23:53,10.00,5000.00,KMSN 282353Z 24003KT 10SM FEW050 24/14 A2996 RMK AO2 SLP141 T02440139 10267 20244 58009
MSN,2023-08-29 00:53,10.00,M,KMSN 290053Z 24003KT 10SM CLR 21/15 A2996 RMK AO2 SLP143 T02110150
MSN,2023-08-29 01:53,10.00,M,KMSN 290153Z 20003KT 10SM CLR 22/15 A2997 RMK AO2 SLP145 T02170150
MSN,2023-08-29 02:53,10.00,M,KMSN 290253Z 20003KT 10SM CLR 22/14 A2996 RMK AO2 SLP141 T02220144 50001
MSN,2023-08-29 03:53,10.00,5000.00,KMSN 290353Z 23004KT 10SM FEW050 22/15 A2995 RMK AO2 SLP138 LAST T02220150
MSN,2023-08-29 04:53,10.00,6500.00,KMSN 290453Z AUTO 20005KT 10SM BKN065 22/14 A2994 RMK AO2 SLP133 T02170144
MSN,2023-08-29 05:53,10.00,7000.00,KMSN 290553Z AUTO 21006KT 10SM FEW070 OVC100 22/15 A2993 RMK AO2 SLP128 T02220150 10244 20211 402670106 58011
MSN,2023-08-29 06:53,9.00,6000.00,KMSN 290653Z AUTO 19008KT 9SM -RA BKN060 OVC085 21/16 A2992 RMK AO2 RAB43 SLP125 P0000 T02110161
MSN,2023-08-29 07:53,10.00,5000.00,KMSN 290753Z AUTO VRB04KT 10SM FEW050 SCT070 BKN100 21/16 A2990 RMK AO2 RAE00 SLP120 P0000 T02060156
MSN,2023-08-29 08:53,10.00,4700.00,KMSN 290853Z AUTO VRB04KT 10SM BKN047 20/16 A2989 RMK AO2 SLP115 60000 T02000156 58013
MSN,2023-08-29 09:53,10.00,4300.00,KMSN 290953Z AUTO 23008KT 10SM FEW043 21/16 A2988 RMK AO2 SLP111 T02060156
MSN,2023-08-29 10:53,10.00,25000.00,KMSN 291053Z VRB04KT 10SM FEW250 19/16 A2987 RMK AO2 SLP111 T01940156
MSN,2023-08-29 11:53,10.00,9500.00,KMSN 291153Z 00000KT 10SM SCT095 19/16 A2988 RMK AO2 SLP114 60000 T01890156 10222 20189 55002
MSN,2023-08-29 12:53,10.00,6000.00,KMSN 291253Z VRB03KT 10SM BKN060 19/16 A2989 RMK AO2 SLP117 T01940156
MSN,2023-08-29 13:53,10.00,6000.00,KMSN 291353Z 30006KT 10SM FEW060 21/17 A2989 RMK AO2 SLP116 T02110167
MSN,2023-08-29 14:53,10.00,8000.00,KMSN 291453Z 31005KT 10SM FEW080 23/17 A2989 RMK AO2 SLP116 T02330172 51003
MSN,2023-08-29 15:53,10.00,3000.00,KMSN 291553Z 33008G17KT 10SM SCT030 25/17 A2990 RMK AO2 SLP118 T02500172
MSN,2023-08-29 16:53,10.00,3500.00,KMSN 291653Z 34012KT 10SM BKN035 26/16 A2990 RMK AO2 SLP119 T02610156
MSN,2023-08-29 17:53,10.00,4600.00,KMSN 291753Z 01011KT 10SM BKN046 27/16 A2990 RMK AO2 SLP119 T02670156 10267 20189 51003
MSN,2023-08-29 18:53,10.00,7000.00,KMSN 291853Z 32008G15KT 10SM FEW070 BKN080 27/15 A2990 RMK AO2 SLP119 T02670150
MSN,2023-08-29 19:53,10.00,5500.00,KMSN 291953Z 36013KT 10SM FEW055 BKN070 25/13 A2991 RMK AO2 SLP122 T02500133
MSN,2023-08-29 20:53,10.00,7000.00,KMSN 292053Z 35011KT 10SM BKN070 26/13 A2991 RMK AO2 SLP122 T02610128 53003
MSN,2023-08-29 21:53,10.00,7500.00,KMSN 292153Z 35009KT 10SM SCT075 26/12 A2991 RMK AO2 SLP123 T02610122
MSN,2023-08-29 22:53,10.00,7500.00,KMSN 292253Z 04009KT 10SM SCT075 25/13 A2992 RMK AO2 SLP128 T02500128
MSN,2023-08-29 23:53,10.00,8000.00,KMSN 292353Z 03008KT 10SM FEW080 23/13 A2993 RMK AO2 SLP131 T02280133 10272 20228 53008
MSN,2023-08-30 00:53,10.00,8000.00,KMSN 300053Z 36005KT 10SM FEW080 20/13 A2994 RMK AO2 SLP136 T02000128
MSN,2023-08-30 01:53,10.00,M,KMSN 300153Z 35005KT 10SM CLR 19/13 A2997 RMK AO2 SLP144 T01890128
MSN,2023-08-30 02:53,10.00,5500.00,KMSN 300253Z 35004KT 10SM SCT055 18/13 A2999 RMK AO2 SLP153 T01780128 53020
MSN,2023-08-30 03:53,10.00,M,KMSN 300353Z 03006KT 10SM CLR 17/12 A3002 RMK AO2 SLP160 LAST T01670122
MSN,2023-08-30 04:53,10.00,M,KMSN 300453Z AUTO 02007KT 10SM CLR 16/12 A3004 RMK AO2 SLP167 T01560117
MSN,2023-08-30 05:53,10.00,M,KMSN 300553Z AUTO 01008KT 10SM CLR 14/11 A3006 RMK AO2 SLP175 T01440111 10228 20144 402720144 51021
MSN,2023-08-30 06:53,10.00,M,KMSN 300653Z AUTO 01007KT 10SM CLR 13/11 A3006 RMK AO2 SLP177 T01280106
MSN,2023-08-30 07:53,10.00,M,KMSN 300753Z AUTO 36006KT 10SM CLR 12/09 A3007 RMK AO2 SLP180 T01220094
MSN,2023-08-30 08:53,10.00,M,KMSN 300853Z AUTO 34004KT 10SM CLR 11/09 A3007 RMK AO2 SLP182 T01110089 52006
MSN,2023-08-30 09:53,10.00,M,KMSN 300953Z AUTO 36006KT 10SM CLR 10/08 A3009 RMK AO2 SLP186 T01000083
MSN,2023-08-30 10:53,10.00,M,KMSN 301053Z 36006KT 10SM CLR 09/07 A3010 RMK AO2 SLP191 T00940072
MSN,2023-08-30 11:53,10.00,1200.00,KMSN 301153Z 36005KT 10SM FEW012 09/07 A3012 RMK AO2 SLP198 T00940072 10144 20089 53015
MSN,2023-08-30 12:53,10.00,1200.00,KMSN 301253Z 03007KT 10SM SCT012 11/08 A3014 RMK AO2 SLP206 T01110078
MSN,2023-08-30 13:53,10.00,1800.00,KMSN 301353Z 02010KT 10SM BKN018 13/09 A3015 RMK AO2 SLP208 T01330089
MSN,2023-08-30 14:53,10.00,2000.00,KMSN 301453Z 04009KT 10SM BKN020 15/09 A3015 RMK AO2 SLP209 T01500094 51011
MSN,2023-08-30 15:53,10.00,2500.00,KMSN 301553Z 06009KT 10SM SCT025 16/09 A3015 RMK AO2 SLP209 T01610094
MSN,2023-08-30 16:53,10.00,3000.00,KMSN 301653Z 07007KT 10SM FEW030 17/09 A3015 RMK AO2 SLP207 T01720094
MSN,2023-08-30 17:53,10.00,4000.00,KMSN 301753Z 07003KT 10SM FEW040 19/09 A3013 RMK AO2 SLP201 T01890089 10194 20094 58008
MSN,2023-08-30 18:53,10.00,4000.00,KMSN 301853Z VRB05KT 10SM FEW040 21/09 A3011 RMK AO2 SLP194 T02060094
MSN,2023-08-30 19:53,10.00,M,KMSN 301953Z 03007KT 350V070 10SM CLR 22/09 A3010 RMK AO2 SLP190 T02170094
MSN,2023-08-30 20:53,10.00,M,KMSN 302053Z 05004KT 10SM CLR 22/09 A3008 RMK AO2 SLP186 T02220089 56015
MSN,2023-08-30 21:53,10.00,M,KMSN 302153Z 05009KT 10SM CLR 22/07 A3007 RMK AO2 SLP181 T02220072
MSN,2023-08-30 22:53,10.00,M,KMSN 302253Z 05008KT 10SM CLR 21/08 A3006 RMK AO2 SLP180 T02110078
MSN,2023-08-30 23:53,10.00,M,KMSN 302353Z 07005KT 10SM CLR 19/08 A3007 RMK AO2 SLP182 T01940083 10222 20189 55005
MSN,2023-08-31 00:53,10.00,M,KMSN 310053Z 05003KT 10SM CLR 16/08 A3006 RMK AO2 SLP181 T01610083
MSN,2023-08-31 01:53,10.00,M,KMSN 310153Z 09006KT 10SM CLR 15/09 A3008 RMK AO2 SLP185 T01500089
MSN,2023-08-31 02:53,10.00,M,KMSN 310253Z 00000KT 10SM CLR 13/08 A3009 RMK AO2 SLP189 T01280083 53007
MSN,2023-08-31 03:53,10.00,M,KMSN 310353Z 07003KT 10SM CLR 12/07 A3009 RMK AO2 SLP190 LAST T01220072
MSN,2023-08-31 04:53,10.00,M,KMSN 310453Z AUTO 00000KT 10SM CLR 11/08 A3010 RMK AO2 SLP194 T01110078
MSN,2023-08-31 05:53,10.00,M,KMSN 310553Z AUTO 00000KT 10SM CLR 11/08 A3010 RMK AO2 SLP194 T01060078 10194 20106 402220089 53006
MSN,2023-08-31 06:53,10.00,M,KMSN 310653Z AUTO 00000KT 10SM CLR 09/08 A3010 RMK AO2 SLP193 T00940083
MSN,2023-08-31 07:53,10.00,M,KMSN 310753Z AUTO 00000KT 10SM CLR 09/08 A3010 RMK AO2 SLP193 T00890078
MSN,2023-08-31 09:53,10.00,M,KMSN 310953Z AUTO 00000KT 10SM CLR 08/07 A3011 RMK AO2 SLP196 T00780067 $
MSN,2023-08-31 10:53,10.00,M,KMSN 311053Z 34003KT 10SM CLR 07/07 A3012 RMK AO2 SLP201 T00720067 $
MSN,2023-08-31 11:53,10.00,M,KMSN 311153Z 00000KT 10SM CLR 07/07 A3014 RMK AO2 SLP206 T00720067 10139 20067
MSN,2023-08-31 12:53,10.00,M,KMSN 311253Z 00000KT 10SM CLR 12/09 A3015 RMK AO2 SLP212 T01170094
MSN,2023-08-31 13:53,10.00,M,KMSN 311353Z 00000KT 10SM CLR 16/12 A3016 RMK AO2 SLP212 T01610117
MSN,2023-08-31 14:53,10.00,M,KMSN 311453Z 15005KT 10SM CLR 18/11 A3016 RMK AO2 SLP214 T01780111 51009
MSN,2023-08-31 15:53,10.00,M,KMSN 311553Z 17006KT 10SM CLR 20/11 A3016 RMK AO2 SLP211 T02000106
MSN,2023-08-31 16:53,10.00,M,KMSN 311653Z VRB04KT 10SM CLR 21/10 A3015 RMK AO2 SLP210 T02110100
MSN,2023-08-31 17:53,10.00,M,KMSN 311753Z VRB04KT 10SM CLR 22/09 A3014 RMK AO2 SLP205 T02220094 10228 20072 58008
MSN,2023-08-31 18:53,10.00,M,KMSN 311853Z 19005KT 10SM CLR 23/09 A3013 RMK AO2 SLP203 T02330094
MSN,2023-08-31 19:53,10.00,M,KMSN 311953Z 16004KT 10SM CLR 24/10 A3012 RMK AO2 SLP198 T02390100
MSN,2023-08-31 20:53,10.00,M,KMSN 312053Z 13006KT 10SM CLR 25/11 A3011 RMK AO2 SLPNO T02500106 58011
MSN,2023-08-31 21:53,10.00,M,KMSN 312153Z 11009KT 10SM CLR 24/11 A3010 RMK AO2 SLP191 T02440111
MSN,2023-08-31 22:53,10.00,M,KMSN 312253Z 12009KT 10SM CLR 24/11 A3010 RMK AO2 SLP192 T02390111
MSN,2023-08-31 23:53,10.00,M,KMSN 312353Z 12010KT 10SM CLR 23/11 A3009 RMK AO2 SLP189 T02280111 10256 20222 56006
