station,valid,vsby,skyl1,metar
SDF,2023-05-31 00:56,10.00,5000.00,KSDF 310056Z COR 18007KT 10SM FEW050 SCT060 BKN070 27/16 A2995 RMK AO2 SLP138 CB DSNT SE P0000 T02670161
SDF,2023-05-31 01:56,10.00,10000.00,KSDF 310156Z 11003KT 10SM FEW100 SCT170 26/17 A2996 RMK AO2 SLP141 P0002 T02560172
SDF,2023-05-31 02:56,10.00,6000.00,KSDF 310256Z 00000KT 10SM FEW060 FEW180 26/16 A2998 RMK AO2 SLP146 60002 T02560161 53012
SDF,2023-05-31 03:56,10.00,9000.00,KSDF 310356Z 12003KT 10SM FEW090 24/16 A2999 RMK AO2 SLP150 T02440161
SDF,2023-05-31 04:56,10.00,9000.00,KSDF 310456Z 27003KT 10SM FEW090 22/19 A2999 RMK AO2 SLP152 T02170189 403000194
SDF,2023-05-31 05:56,10.00,9000.00,KSDF 310556Z 00000KT 10SM FEW090 23/17 A2999 RMK AO2 SLP151 60002 T02280167 10267 20211 50005
SDF,2023-05-31 06:56,10.00,11000.00,KSDF 310656Z 00000KT 10SM FEW110 22/16 A2999 RMK AO2 SLP150 T02220161
SDF,2023-05-31 07:56,10.00,11000.00,KSDF 310756Z 14003KT 10SM FEW110 22/16 A2999 RMK AO2 SLP151 T02170161
SDF,2023-05-31 08:56,10.00,11000.00,KSDF 310856Z 13004KT 10SM FEW110 21/16 A2999 RMK AO2 SLP152 T02110161 53001
SDF,2023-05-31 09:56,10.00,11000.00,KSDF 310956Z 13003KT 10SM FEW110 20/16 A3000 RMK AO2 SLP154 T02000156
SDF,2023-05-31 10:56,10.00,11000.00,KSDF 311056Z 11003KT 10SM FEW110 19/16 A3001 RMK AO2 SLP158 T01940161
SDF,2023-05-31 11:56,10.00,11000.00,KSDF 311156Z 17003KT 10SM FEW110 FEW250 21/17 A3004 RMK AO2 SLP167 70002 T02110167 10228 20194 53015
SDF,2023-05-31 12:56,10.00,11000.00,KSDF 311256Z 15006KT 10SM FEW110 FEW250 23/17 A3006 RMK AO2 SLP173 T02280167
SDF,2023-05-31 13:56,10.00,10000.00,KSDF 311356Z 16006KT 10SM FEW100 FEW250 24/17 A3007 RMK AO2 SLP177 T02440172
SDF,2023-05-31 14:56,10.00,10000.00,KSDF 311456Z 20005KT 10SM FEW100 FEW300 26/18 A3006 RMK AO2 SLP174 T02610178 50008
SDF,2023-05-31 15:56,10.00,4000.00,KSDF 311556Z 00000KT 10SM FEW040 FEW100 FEW300 28/18 A3005 RMK AO2 SLP171 T02830183
SDF,2023-05-31 16:56,10.00,4500.00,KSDF 311656Z 10005KT 10SM SCT045 SCT300 29/18 A3004 RMK AO2 SLP168 T02940178
SDF,2023-05-31 17:56,10.00,5500.00,KSDF 311756Z VRB03KT 10SM BKN055 BKN110 30/17 A3002 RMK AO2 SLP161 T03000167 10311 20211 58013
SDF,2023-05-31 18:56,10.00,5500.00,KSDF 311856Z VRB03KT 10SM BKN055 BKN110 31/16 A3001 RMK AO2 LTG DSNT SW SLP157 T03060161
SDF,2023-05-31 19:56,10.00,6000.00,KSDF 311956Z 09007KT 10SM SCT060 SCT110 BKN140 BKN250 31/16 A2999 RMK AO2 LTG DSNT W SLP151 T03060161
SDF,2023-05-31 20:56,10.00,6500.00,KSDF 312056Z 16006KT 10SM VCTS BKN065 BKN140 BKN250 29/16 A2998 RMK AO2 LTG DSNT W SLP148 T02940156 56015
SDF,2023-05-31 21:56,10.00,6500.00,KSDF 312156Z 27008KT 10SM FEW065 SCT090 BKN180 BKN250 28/17 A2998 RMK AO2 LTG DSNT S SLP148 T02780172
SDF,2023-05-31 22:56,10.00,12000.00,KSDF 312256Z 32003KT 10SM FEW120 BKN180 BKN250 28/18 A2998 RMK AO2 LTG DSNT NW SLP146 T02780183
SDF,2023-05-31 23:56,10.00,12000.00,KSDF 312356Z 00000KT 10SM FEW120 BKN190 BKN220 28/18 A2999 RMK AO2 SLP151 T02780183 10311 20272 53003
SDF,2023-06-01 00:56,10.00,15000.00,KSDF 010056Z 00000KT 10SM FEW150 SCT210 SCT250 27/17 A2999 RMK AO2 SLP150 T02720172
SDF,2023-06-01 01:56,10.00,10000.00,KSDF 010156Z 11006KT 10SM FEW100 FEW200 26/17 A3000 RMK AO2 SLP153 T02610172
SDF,2023-06-01 02:56,10.00,20000.00,KSDF 010256Z 13003KT 10SM FEW200 26/16 A3002 RMK AO2 SLP160 T02560161 53010
SDF,2023-06-01 03:56,10.00,12000.00,KSDF 010356Z 14004KT 10SM FEW120 FEW250 25/16 A3003 RMK AO2 SLP162 T02500156
SDF,2023-06-01 04:56,10.00,12000.00,KSDF 010456Z 11004KT 10SM FEW120 24/15 A3003 RMK AO2 SLP162 T02440150 403110194
SDF,2023-06-01 05:56,10.00,25000.00,KSDF 010556Z 00000KT 10SM FEW250 23/15 A3002 RMK AO2 SLP159 T02330150 10278 20233 58001
SDF,2023-06-01 06:56,10.00,25000.00,KSDF 010656Z 01003KT 10SM SCT250 22/15 A3001 RMK AO2 SLP156 T02220150
SDF,2023-06-01 07:56,10.00,25000.00,KSDF 010756Z 03003KT 10SM FEW250 22/15 A3001 RMK AO2 SLP157 T02220150
SDF,2023-06-01 08:56,10.00,25000.00,KSDF 010856Z 05003KT 10SM FEW250 22/16 A3002 RMK AO2 SLP160 T02170156 53001
SDF,2023-06-01 09:56,10.00,25000.00,KSDF 010956Z 05003KT 10SM FEW250 21/16 A3003 RMK AO2 SLP164 T02060156
SDF,2023-06-01 10:56,10.00,25000.00,KSDF 011056Z 35003KT 10SM FEW250 20/16 A3005 RMK AO2 SLP170 T02000156
SDF,2023-06-01 11:56,10.00,6000.00,KSDF 011156Z 00000KT 10SM FEW060 FEW130 22/16 A3007 RMK AO2 SLP178 T02170161 10233 20200 53017
SDF,2023-06-01 12:56,10.00,6000.00,KSDF 011256Z COR 00000KT 10SM FEW060 FEW130 FEW250 23/17 A3008 RMK AO2 SLP181 ACC DSNT SE T02280167
SDF,2023-06-01 13:56,10.00,6000.00,KSDF 011356Z 00000KT 10SM FEW060 25/17 A3008 RMK AO2 SLP181 ACC DSNT SE-SW T02500172
SDF,2023-06-01 14:56,10.00,3500.00,KSDF 011456Z 00000KT 10SM FEW035 FEW060 27/18 A3007 RMK AO2 SLP177 ACC DSNT S T02720178 50000
SDF,2023-06-01 15:56,10.00,4500.00,KSDF 011556Z 09004KT 10SM SCT045 29/17 A3006 RMK AO2 SLP174 T02890172
SDF,2023-06-01 16:56,10.00,5000.00,KSDF 011656Z VRB03KT 10SM BKN050 29/16 A3005 RMK AO2 SLP170 T02940161
SDF,2023-06-01 17:56,10.00,6000.00,KSDF 011756Z 15003KT 10SM BKN060 29/16 A3004 RMK AO2 SLP166 T02940161 10306 20217 58010
SDF,2023-06-01 18:56,10.00,6000.00,KSDF 011856Z 06008KT 10SM BKN060 BKN100 BKN250 31/16 A3002 RMK AO2 SLP160 CB DSNT SW T03110161
SDF,2023-06-01 19:56,10.00,6500.00,KSDF 011956Z 01005KT 10SM BKN065 BKN100 BKN250 31/16 A3000 RMK AO2 SLP153 CB DSNT SW T03110161
SDF,2023-06-01 20:56,10.00,6000.00,KSDF 012056Z 07005KT 10SM SCT060 BKN100 32/16 A2998 RMK AO2 SLP147 T03170161 56020
SDF,2023-06-01 21:56,10.00,7000.00,KSDF 012156Z 08005KT 10SM BKN070 BKN120 31/16 A2997 RMK AO2 SLP145 T03060156
SDF,2023-06-01 22:56,10.00,7000.00,KSDF 012256Z 10011KT 10SM BKN070 BKN100 31/15 A2997 RMK AO2 LTG DSNT S SLP143 T03110150
SDF,2023-06-01 23:56,10.00,7500.00,KSDF 012356Z 10005KT 10SM FEW075 FEW100 30/15 A2997 RMK AO2 LTG DSNT SW AND W SLP143 T03000150 10322 20294 55004
SDF,2023-06-02 00:56,10.00,7000.00,KSDF 020056Z 11004KT 10SM FEW070 FEW100 FEW250 29/14 A2999 RMK AO2 SLP149 T02890139
SDF,2023-06-02 01:56,10.00,7000.00,KSDF 020156Z 08003KT 10SM FEW070 FEW250 28/14 A3000 RMK AO2 SLP153 T02780144
SDF,2023-06-02 02:56,10.00,M,KSDF 020256Z 10003KT 10SM CLR 27/14 A3001 RMK AO2 SLP156 T02670144 51013
SDF,2023-06-02 03:56,10.00,M,KSDF 020356Z 27003KT 10SM CLR 24/16 A3001 RMK AO2 SLP156 T02440156
SDF,2023-06-02 04:56,10.00,M,KSDF 020456Z 28004KT 10SM CLR 24/17 A3001 RMK AO2 SLP157 T02390167 403220200
SDF,2023-06-02 05:56,10.00,M,KSDF 020556Z 00000KT 10SM CLR 23/17 A3001 RMK AO2 SLP155 T02280167 10300 20222 58001
SDF,2023-06-02 06:56,10.00,M,KSDF 020656Z 00000KT 10SM CLR 22/16 A3000 RMK AO2 SLP153 T02220156
SDF,2023-06-02 07:56,10.00,M,KSDF 020756Z 34003KT 10SM CLR 21/16 A3000 RMK AO2 SLP152 T02110156
SDF,2023-06-02 08:56,10.00,M,KSDF 020856Z VRB03KT 10SM CLR 21/16 A3001 RMK AO2 SLP155 T02110161 55000
SDF,2023-06-02 09:56,10.00,M,KSDF 020956Z 00000KT 10SM CLR 21/16 A3001 RMK AO2 SLP158 T02060161
SDF,2023-06-02 10:56,10.00,M,KSDF 021056Z 00000KT 10SM CLR 21/16 A3002 RMK AO2 SLP161 T02060161
SDF,2023-06-02 11:56,10.00,M,KSDF 021156Z 03003KT 10SM CLR 22/16 A3003 RMK AO2 SLP164 T02170161 10233 20206 53008
SDF,2023-06-02 12:56,10.00,25000.00,KSDF 021256Z 00000KT 10SM FEW250 24/15 A3003 RMK AO2 SLP165 T02440150
SDF,2023-06-02 13:56,10.00,25000.00,KSDF 021356Z 00000KT 10SM FEW250 27/16 A3003 RMK AO2 SLP163 T02670156
SDF,2023-06-02 14:56,10.00,25000.00,KSDF 021456Z VRB04KT 10SM FEW250 29/13 A3001 RMK AO2 SLP157 T02890133 58007
SDF,2023-06-02 15:56,10.00,25000.00,KSDF 021556Z 10008KT 10SM FEW250 30/13 A3001 RMK AO2 SLP155 T03000128
SDF,2023-06-02 16:56,10.00,25000.00,KSDF 021656Z 03005G16KT 10SM FEW250 31/12 A2999 RMK AO2 SLP151 T03060117
SDF,2023-06-02 17:56,10.00,25000.00,KSDF 021756Z 05007G15KT 10SM FEW250 32/09 A2998 RMK AO2 SLP146 T03170094 10317 20217 58011
SDF,2023-06-02 18:56,10.00,25000.00,KSDF 021856Z 02012G17KT 10SM FEW250 32/08 A2996 RMK AO2 SLP140 T03170078
SDF,2023-06-02 19:56,10.00,25000.00,KSDF 021956Z VRB03KT 10SM FEW250 32/10 A2994 RMK AO2 SLP133 T03170100
SDF,2023-06-02 20:56,10.00,25000.00,KSDF 022056Z VRB04KT 10SM FEW250 32/09 A2993 RMK AO2 SLP128 T03220094 56018
SDF,2023-06-02 21:56,10.00,M,KSDF 022156Z 05009G16KT 10SM CLR 32/10 A2991 RMK AO2 SLP123 T03220100
SDF,2023-06-02 22:56,10.00,M,KSDF 022256Z 05007KT 10SM CLR 32/10 A2990 RMK AO2 SLP118 T03220100
SDF,2023-06-02 23:56,10.00,M,KSDF 022356Z 01007KT 10SM CLR 31/11 A2990 RMK AO2 SLP118 T03110111 10328 20311 56010
SDF,2023-06-03 00:56,10.00,M,KSDF 030056Z 01004KT 10SM CLR 29/12 A2990 RMK AO2 SLP118 T02940117
SDF,2023-06-03 01:56,10.00,M,KSDF 030156Z 05003KT 10SM CLR 28/12 A2991 RMK AO2 SLP121 T02830122
SDF,2023-06-03 02:56,10.00,M,KSDF 030256Z 33003KT 10SM CLR 27/13 A2993 RMK AO2 SLP128 T02720128 53010
SDF,2023-06-03 03:56,10.00,M,KSDF 030356Z 00000KT 10SM CLR 26/13 A2993 RMK AO2 SLP129 T02610128
SDF,2023-06-03 04:56,10.00,30000.00,KSDF 030456Z 27004KT 10SM FEW300 23/14 A2992 RMK AO2 SLP127 T02330139 403280206
SDF,2023-06-03 05:56,10.00,30000.00,KSDF 030556Z 29003KT 10SM FEW300 22/14 A2992 RMK AO2 SLP125 T02170139 10311 20217 58003
SDF,2023-06-03 06:56,10.00,9000.00,KSDF 030656Z 27004KT 10SM FEW090 FEW300 22/14 A2992 RMK AO2 SLP126 T02170139
SDF,2023-06-03 07:56,10.00,30000.00,KSDF 030756Z 01003KT 10SM FEW300 22/14 A2990 RMK AO2 SLP120 T02170144
SDF,2023-06-03 08:56,10.00,30000.00,KSDF 030856Z 35003KT 10SM FEW300 21/15 A2990 RMK AO2 SLP120 T02060150 58004
SDF,2023-06-03 09:56,10.00,30000.00,KSDF 030956Z 35004KT 10SM FEW300 19/16 A2992 RMK AO2 SLP127 T01940156
SDF,2023-06-03 10:56,10.00,30000.00,KSDF 031056Z 00000KT 10SM FEW300 20/15 A2993 RMK AO2 SLP129 T02000150
SDF,2023-06-03 11:56,9.00,30000.00,KSDF 031156Z 00000KT 9SM FEW300 22/16 A2994 RMK AO2 SLP131 T02170156 10222 20189 51010
SDF,2023-06-03 12:56,10.00,25000.00,KSDF 031256Z 36003KT 10SM FEW250 23/15 A2993 RMK AO2 SLP131 T02330150
SDF,2023-06-03 13:56,10.00,15000.00,KSDF 031356Z 34003KT 10SM FEW150 SCT250 26/16 A2994 RMK AO2 SLP131 T02610161
SDF,2023-06-03 14:56,10.00,25000.00,KSDF 031456Z 34005KT 10SM BKN250 28/16 A2994 RMK AO2 SLP131 T02830161 55000
SDF,2023-06-03 15:56,10.00,19000.00,KSDF 031556Z 36006KT 10SM FEW190 BKN250 29/17 A2994 RMK AO2 SLP132 T02940167
SDF,2023-06-03 16:56,10.00,9500.00,KSDF 031656Z 34007KT 10SM FEW095 BKN250 31/15 A2993 RMK AO2 SLP129 T03110150
SDF,2023-06-03 17:56,10.00,9500.00,KSDF 031756Z 02009KT 10SM SCT095 SCT150 BKN250 32/13 A2992 RMK AO2 SLP125 T03220133 10322 20217 58007
SDF,2023-06-03 18:56,10.00,9000.00,KSDF 031856Z 06008KT 10SM SCT090 BKN250 32/12 A2991 RMK AO2 SLP122 T03220117
SDF,2023-06-03 19:56,10.00,9000.00,KSDF 031956Z 08004KT 10SM SCT090 BKN250 33/11 A2989 RMK AO2 SLP116 T03280106
SDF,2023-06-03 20:56,10.00,10000.00,KSDF 032056Z 08007KT 10SM SCT100 BKN250 33/11 A2987 RMK AO2 SLP108 T03330106 58016
SDF,2023-06-03 21:56,10.00,9500.00,KSDF 032156Z 04008KT 10SM FEW095 BKN250 33/12 A2986 RMK AO2 SLP105 T03330117
SDF,2023-06-03 22:56,10.00,9000.00,KSDF 032256Z 06007KT 10SM FEW090 BKN250 33/12 A2985 RMK AO2 SLP104 T03280122
SDF,2023-06-03 23:56,10.00,9000.00,KSDF 032356Z 01008KT 10SM FEW090 SCT250 32/12 A2986 RMK AO2 SLP106 T03170122 10339 20311 55002
SDF,2023-06-04 00:56,10.00,9000.00,KSDF 040056Z 02005KT 10SM FEW090 FEW170 SCT250 31/12 A2986 RMK AO2 SLP107 T03060122
SDF,2023-06-04 01:56,10.00,17000.00,KSDF 040156Z 02005KT 10SM FEW170 FEW250 29/13 A2987 RMK AO2 SLP109 T02940128
SDF,2023-06-04 02:56,10.00,25000.00,KSDF 040256Z 06005KT 10SM FEW250 28/13 A2988 RMK AO2 SLP111 T02830133 53005
SDF,2023-06-04 03:56,10.00,25000.00,KSDF 040356Z 05004KT 10SM FEW250 27/14 A2989 RMK AO2 SLP114 T02720139
SDF,2023-06-04 04:56,10.00,25000.00,KSDF 040456Z 08011G18KT 10SM BKN250 27/13 A2989 RMK AO2 SLP116 T02720133 403390189
SDF,2023-06-04 05:56,10.00,25000.00,KSDF 040556Z 13003KT 10SM SCT250 25/13 A2988 RMK AO2 SLP112 T02500133 10317 20250 50001
SDF,2023-06-04 06:56,10.00,14000.00,KSDF 040656Z 02003KT 10SM FEW140 24/14 A2988 RMK AO2 SLP112 T02390139
SDF,2023-06-04 07:56,10.00,13000.00,KSDF 040756Z 06005KT 10SM FEW130 23/14 A2989 RMK AO2 SLP117 T02280144
SDF,2023-06-04 08:56,10.00,14000.00,KSDF 040856Z 05005KT 10SM FEW140 22/14 A2991 RMK AO2 SLP123 T02220139 53010
SDF,2023-06-04 09:56,10.00,14000.00,KSDF 040956Z 04006KT 10SM FEW140 FEW190 22/14 A2991 RMK AO2 SLP122 T02170139
SDF,2023-06-04 10:56,10.00,14000.00,KSDF 041056Z 03006KT 10SM FEW140 FEW250 21/14 A2991 RMK AO2 SLP123 T02110139
SDF,2023-06-04 11:56,10.00,14000.00,KSDF 041156Z 04004KT 10SM FEW140 FEW250 SCT300 22/15 A2992 RMK AO2 SLP127 T02170150 10256 20206 53004
SDF,2023-06-04 12:56,10.00,25000.00,KSDF 041256Z 04005KT 10SM FEW250 SCT300 24/15 A2994 RMK AO2 SLP132 T02390150
SDF,2023-06-04 13:56,10.00,25000.00,KSDF 041356Z 09007KT 10SM FEW250 BKN300 26/15 A2994 RMK AO2 SLP132 T02560150
SDF,2023-06-04 14:56,10.00,25000.00,KSDF 041456Z 03006KT 10SM SCT250 BKN300 27/16 A2994 RMK AO2 SLP132 T02720156 51005
SDF,2023-06-04 15:56,10.00,25000.00,KSDF 041556Z 36006KT 10SM SCT250 BKN300 29/16 A2993 RMK AO2 SLP131 T02890156
SDF,2023-06-04 16:56,10.00,25000.00,KSDF 041656Z 34006KT 10SM FEW250 BKN300 29/16 A2993 RMK AO2 SLP129 T02940161
SDF,2023-06-04 17:56,10.00,25000.00,KSDF 041756Z 02008KT 10SM FEW250 BKN300 31/16 A2992 RMK AO2 SLP126 T03060161 10306 20222 58007
SDF,2023-06-04 18:56,10.00,6000.00,KSDF 041856Z 34007G14KT 10SM FEW060 FEW250 BKN300 31/17 A2991 RMK AO2 SLP122 T03060172
SDF,2023-06-04 19:56,10.00,6000.00,KSDF 041956Z 01010G16KT 10SM FEW060 SCT250 SCT300 32/16 A2989 RMK AO2 SLP116 T03170161
SDF,2023-06-04 20:56,9.00,7000.00,KSDF 042056Z 05010KT 9SM FEW070 BKN250 32/14 A2989 RMK AO2 SLP115 T03170144 56010
SDF,2023-06-04 21:56,9.00,7000.00,KSDF 042156Z 04010G22KT 9SM FEW070 FEW250 BKN300 31/13 A2988 RMK AO2 SLP113 T03110133
SDF,2023-06-04 22:56,8.00,25000.00,KSDF 042256Z 04011KT 8SM FEW250 29/12 A2989 RMK AO2 SLP115 T02940117
SDF,2023-06-04 23:56,7.00,25000.00,KSDF 042356Z 04009KT 7SM SCT250 28/12 A2990 RMK AO2 SLP120 T02780122 10322 20278 53003
SDF,2023-06-05 00:56,9.00,25000.00,KSDF 050056Z 05006KT 9SM SCT250 26/14 A2991 RMK AO2 SLP123 T02610139
SDF,2023-06-05 01:56,10.00,M,KSDF 050156Z 02004KT 10SM CLR 26/13 A2992 RMK AO2 SLP128 T02560133
SDF,2023-06-05 02:56,10.00,M,KSDF 050256Z 02005KT 10SM CLR 24/14 A2993 RMK AO2 SLP130 T02390139 51010
SDF,2023-06-05 03:56,10.00,M,KSDF 050356Z 00000KT 10SM CLR 23/14 A2994 RMK AO2 SLP131 T02330139
SDF,2023-06-05 04:56,10.00,M,KSDF 050456Z 01003KT 10SM CLR 22/14 A2993 RMK AO2 SLP130 T02220144 403220206
SDF,2023-06-05 05:56,9.00,M,KSDF 050556Z 36004KT 9SM CLR 21/15 A2994 RMK AO2 SLP132 T02060150 10278 20200 51002
SDF,2023-06-05 06:56,9.00,M,KSDF 050656Z 35006KT 9SM CLR 19/15 A2993 RMK AO2 SLP131 T01940150
SDF,2023-06-05 07:56,10.00,M,KSDF 050756Z 35006KT 10SM CLR 19/14 A2994 RMK AO2 SLP132 T01890144
SDF,2023-06-05 08:56,10.00,M,KSDF 050856Z 35005KT 10SM CLR 18/13 A2995 RMK AO2 SLP137 T01830128 53004
SDF,2023-06-05 09:56,10.00,M,KSDF 050956Z 36007KT 10SM CLR 18/12 A2996 RMK AO2 SLP139 T01830117
SDF,2023-06-05 10:56,10.00,25000.00,KSDF 051056Z 36004KT 10SM FEW250 18/11 A2996 RMK AO2 SLP142 T01780106
SDF,2023-06-05 11:56,10.00,4900.00,KSDF 051156Z 36006KT 10SM FEW049 18/11 A2997 RMK AO2 SLP144 T01830106 10206 20172 52007
SDF,2023-06-05 12:56,10.00,6000.00,KSDF 051256Z 01004KT 10SM FEW060 20/11 A2998 RMK AO2 SLP147 T02000111
SDF,2023-06-05 13:56,10.00,6000.00,KSDF 051356Z 34003KT 10SM FEW060 22/13 A2998 RMK AO2 SLP147 T02220128
SDF,2023-06-05 14:56,10.00,6000.00,KSDF 051456Z 35003KT 10SM FEW060 FEW300 24/14 A2997 RMK AO2 SLP144 T02440139 58000
SDF,2023-06-05 15:56,10.00,30000.00,KSDF 051556Z 35006KT 10SM SCT300 26/15 A2997 RMK AO2 SLP142 T02610150
SDF,2023-06-05 16:56,10.00,5000.00,KSDF 051656Z VRB06KT 10SM FEW050 BKN300 28/16 A2995 RMK AO2 SLP139 T02830161
SDF,2023-06-05 17:56,10.00,5000.00,KSDF 051756Z 02008KT 10SM FEW050 BKN300 29/16 A2994 RMK AO2 SLP134 T02940161 10294 20183 58009
SDF,2023-06-05 18:56,10.00,6000.00,KSDF 051856Z 34008KT 10SM SCT060 BKN300 31/16 A2993 RMK AO2 SLP130 T03060161
SDF,2023-06-05 19:56,10.00,6000.00,KSDF 051956Z VRB05KT 10SM SCT060 BKN300 29/14 A2993 RMK AO2 SLP129 T02940139
SDF,2023-06-05 20:56,10.00,7000.00,KSDF 052056Z 03010KT 10SM SCT070 BKN300 29/14 A2993 RMK AO2 SLP129 T02890139 56005
SDF,2023-06-05 21:56,10.00,7000.00,KSDF 052156Z 02008KT 340V050 10SM FEW070 BKN300 29/14 A2992 RMK AO2 SLP127 T02940144
SDF,2023-06-05 22:56,10.00,7000.00,KSDF 052256Z 01011G19KT 10SM FEW070 BKN300 28/14 A2992 RMK AO2 SLP126 T02830144
SDF,2023-06-05 23:56,10.00,30000.00,KSDF 052356Z 03010KT 10SM SCT300 27/13 A2992 RMK AO2 SLP128 T02720133 10306 20272 55001
SDF,2023-06-06 00:56,10.00,30000.00,KSDF 060056Z 04007KT 10SM SCT300 26/13 A2993 RMK AO2 SLP130 T02610128
SDF,2023-06-06 01:56,10.00,30000.00,KSDF 060156Z 06004KT 10SM SCT300 25/13 A2994 RMK AO2 SLP133 T02500128
SDF,2023-06-06 02:56,10.00,M,KSDF 060256Z VRB03KT 10SM CLR 24/13 A2996 RMK AO2 SLP140 T02440128 53013
SDF,2023-06-06 03:56,10.00,30000.00,KSDF 060356Z 36005KT 10SM FEW300 22/13 A2997 RMK AO2 SLP143 T02220133
SDF,2023-06-06 04:56,10.00,30000.00,KSDF 060456Z 34004KT 10SM FEW300 21/13 A2997 RMK AO2 SLP144 T02060133 403060172
SDF,2023-06-06 05:56,10.00,30000.00,KSDF 060556Z 36004KT 10SM FEW300 20/13 A2998 RMK AO2 SLP146 T02000128 10272 20200 51005
SDF,2023-06-06 06:56,10.00,30000.00,KSDF 060656Z 00000KT 10SM FEW300 19/12 A2997 RMK AO2 SLP144 T01890122
SDF,2023-06-06 07:56,10.00,30000.00,KSDF 060756Z 34004KT 10SM FEW300 18/12 A2996 RMK AO2 SLP141 T01780122
SDF,2023-06-06 08:56,10.00,M,KSDF 060856Z 01005KT 10SM CLR 18/12 A2996 RMK AO2 SLP142 T01830117 55003
SDF,2023-06-06 09:56,10.00,30000.00,KSDF 060956Z 35003KT 10SM FEW300 17/12 A2997 RMK AO2 SLP144 T01720117
SDF,2023-06-06 10:56,9.00,30000.00,KSDF 061056Z 00000KT 9SM SCT300 17/11 A2997 RMK AO2 SLP144 T01670111
SDF,2023-06-06 11:56,9.00,30000.00,KSDF 061156Z 00000KT 9SM SCT300 18/11 A2997 RMK AO2 SLP143 T01780111 10206 20167 50001
SDF,2023-06-06 12:56,8.00,30000.00,KSDF 061256Z 01003KT 8SM FEW300 20/11 A2997 RMK AO2 SLP144 T02000111
SDF,2023-06-06 13:56,8.00,20000.00,KSDF 061356Z 00000KT 8SM FEW200 FEW300 22/11 A2998 RMK AO2 SLP147 T02220111
SDF,2023-06-06 14:56,8.00,20000.00,KSDF 061456Z 00000KT 8SM FEW200 SCT300 25/11 A2997 RMK AO2 SLP142 T02500111 58001
SDF,2023-06-06 15:56,7.00,20000.00,KSDF 061556Z 33005KT 7SM FEW200 BKN300 28/11 A2996 RMK AO2 SLP140 T02780106
SDF,2023-06-06 16:56,5.00,18000.00,KSDF 061656Z VRB03KT 5SM HZ FEW180 BKN240 28/07 A2995 RMK AO2 SLP136 T02830072
SDF,2023-06-06 17:56,8.00,7000.00,KSDF 061756Z 31004KT 8SM FEW070 SCT150 SCT190 OVC240 28/09 A2993 RMK AO2 SLP129 T02830094 10289 20178 58013
SDF,2023-06-06 18:56,9.00,7000.00,KSDF 061856Z VRB06KT 9SM FEW070 SCT150 SCT200 OVC240 29/09 A2990 RMK AO2 SLP121 T02890094
SDF,2023-06-06 19:56,9.00,12000.00,KSDF 061956Z 24009KT 9SM FEW120 FEW200 OVC300 30/11 A2988 RMK AO2 SLP112 T03000106
SDF,2023-06-06 20:56,9.00,9500.00,KSDF 062056Z 29010KT 9SM SCT095 SCT110 OVC300 30/11 A2986 RMK AO2 SLP107 T03000111 56022
SDF,2023-06-06 21:56,8.00,8500.00,KSDF 062156Z 29010KT 8SM FEW085 SCT110 OVC300 29/12 A2985 RMK AO2 SLP103 T02940122
SDF,2023-06-06 22:56,8.00,8000.00,KSDF 062256Z 28013KT 8SM FEW080 BKN090 BKN140 OVC250 28/12 A2984 RMK AO2 SLP098 T02830122
SDF,2023-06-06 23:56,7.00,8500.00,KSDF 062356Z 28010KT 7SM FEW085 BKN140 BKN250 28/12 A2983 RMK AO2 SLP097 T02780122 10306 20278 56009
SDF,2023-06-07 00:56,7.00,12000.00,KSDF 070056Z 27006KT 7SM FEW120 FEW150 BKN250 26/13 A2983 RMK AO2 SLP097 T02610128
SDF,2023-06-07 01:56,8.00,10000.00,KSDF 070156Z 25006KT 8SM SCT100 OVC120 26/12 A2982 RMK AO2 SLP094 T02610122
SDF,2023-06-07 02:56,8.00,13000.00,KSDF 070256Z 25007KT 8SM BKN130 26/12 A2983 RMK AO2 SLP097 T02560122 55000
SDF,2023-06-07 03:56,8.00,10000.00,KSDF 070356Z 25008KT 8SM FEW100 BKN130 OVC250 26/12 A2982 RMK AO2 SLP093 T02560122
SDF,2023-06-07 04:56,8.00,9000.00,KSDF 070456Z 36009KT 8SM BKN090 OVC110 25/13 A2983 RMK AO2 SLP094 T02500128 403060167
SDF,2023-06-07 05:56,9.00,10000.00,KSDF 070556Z 32008KT 9SM OVC100 24/13 A2983 RMK AO2 RAB36E51 SLP094 P0000 60000 T02440128 10278 20244 55002
SDF,2023-06-07 06:56,9.00,8000.00,KSDF 070656Z 05004KT 9SM OVC080 23/14 A2982 RMK AO2 RAB0559E40 SLP093 P0000 T02280144
SDF,2023-06-07 07:56,8.00,8500.00,KSDF 070756Z 33005KT 8SM -RA OVC085 22/16 A2982 RMK AO2 RAB31 SLP092 P0000 T02170156
SDF,2023-06-07 08:56,7.00,8000.00,KSDF 070856Z 01007KT 7SM -RA BKN080 BKN100 OVC110 21/15 A2983 RMK AO2 RAE01B39 SLP096 P0000 60000 T02110150 53001
SDF,2023-06-07 09:56,8.00,10000.00,KSDF 070956Z VRB05KT 8SM -RA OVC100 19/16 A2983 RMK AO2 SLP097 P0002 T01940156
SDF,2023-06-07 10:56,7.00,7500.00,KSDF 071056Z 15005KT 7SM -RA BKN075 OVC100 19/16 A2982 RMK AO2 SLP092 P0000 T01890161
SDF,2023-06-07 11:56,7.00,7000.00,KSDF 071156Z 15005KT 7SM SCT070 BKN120 OVC200 19/16 A2982 RMK AO2 RAE37 SLP094 P0000 60002 70002 T01890156 10244 20189 55002
SDF,2023-06-07 12:56,6.00,6000.00,KSDF 071256Z 19005KT 6SM HZ BKN060 OVC080 19/16 A2983 RMK AO2 SLP097 T01940161
SDF,2023-06-07 13:56,2.50,2700.00,KSDF 071356Z 22003KT 2 1/2SM -RA BKN027 BKN035 OVC046 19/16 A2984 RMK AO2 RAB1259 SLP101 P0005 T01890161
SDF,2023-06-07 14:56,4.00,700.00,KSDF 071456Z 00000KT 4SM -RA BR FEW007 BKN047 OVC070 19/17 A2982 RMK AO2 SLP094 P0018 60023 T01890167 58000
SDF,2023-06-07 15:56,1.50,500.00,KSDF 071556Z 08005KT 1 1/2SM +RA BR BKN005 OVC013 18/17 A2983 RMK AO2 SLP098 P0029 T01830172
SDF,2023-06-07 16:56,1.50,500.00,KSDF 071656Z 07007KT 1 1/2SM +RA BR BKN005 BKN038 OVC055 18/17 A2982 RMK AO2 SLP095 P0049 T01830167
SDF,2023-06-07 17:56,5.00,800.00,KSDF 071756Z 02006KT 5SM -RA FEW008 BKN050 OVC110 19/16 A2983 RMK AO2 SLP096 P0008 60109 T01890161 10194 20183 51001
SDF,2023-06-07 18:56,9.00,4100.00,KSDF 071856Z 00000KT 9SM -RA FEW041 OVC060 20/16 A2981 RMK AO2 SLP092 P0000 T02000161
SDF,2023-06-07 19:56,10.00,1600.00,KSDF 071956Z 00000KT 10SM FEW016 SCT070 22/15 A2979 RMK AO2 RAE1859B40E51 SLP084 P0000 T02170150
SDF,2023-06-07 20:56,10.00,2700.00,KSDF 072056Z 00000KT 10SM SCT027 23/16 A2978 RMK AO2 SLP079 60000 T02280156 58016
SDF,2023-06-07 21:56,10.00,3400.00,KSDF 072156Z 30005KT 10SM BKN034 23/14 A2976 RMK AO2 SLP073 T02330144
SDF,2023-06-07 22:56,10.00,3000.00,KSDF 072256Z 00000KT 10SM BKN030 23/14 A2974 RMK AO2 SLP068 T02330144
SDF,2023-06-07 23:56,10.00,6000.00,KSDF 072356Z 29006KT 10SM BKN060 BKN090 22/15 A2974 RMK AO2 SLP068 60000 T02220150 10239 20189 55011
SDF,2023-06-08 00:56,10.00,8000.00,KSDF 080056Z 24005KT 10SM BKN080 22/16 A2975 RMK AO2 SLP069 T02220156
SDF,2023-06-08 01:56,10.00,9000.00,KSDF 080156Z 00000KT 10SM BKN090 21/16 A2976 RMK AO2 SLP074 T02110156
SDF,2023-06-08 02:56,10.00,5500.00,KSDF 080256Z 00000KT 10SM SCT055 BKN070 BKN085 21/15 A2978 RMK AO2 SLP080 T02110150 53011
SDF,2023-06-08 03:56,10.00,4800.00,KSDF 080356Z 31003KT 10SM FEW048 SCT070 SCT250 19/16 A2978 RMK AO2 SLP082 T01940156
SDF,2023-06-08 04:56,8.00,7000.00,KSDF 080456Z 32003KT 8SM FEW070 FEW250 18/16 A2978 RMK AO2 SLP081 T01830156 402500183
SDF,2023-06-08 05:56,6.00,7000.00,KSDF 080556Z 36003KT 6SM BR FEW070 18/16 A2978 RMK AO2 SLP081 T01780156 10222 20178 51001
SDF,2023-06-08 06:56,7.00,8000.00,KSDF 080656Z 31004KT 7SM FEW080 17/14 A2978 RMK AO2 SLP082 T01720144
SDF,2023-06-08 07:56,6.00,M,KSDF 080756Z 00000KT 6SM BR CLR 17/14 A2977 RMK AO2 SLP079 T01670144
SDF,2023-06-08 08:56,8.00,M,KSDF 080856Z 01006KT 8SM CLR 16/12 A2979 RMK AO2 SLP085 T01610122 53004
SDF,2023-06-08 09:56,7.00,M,KSDF 080956Z 36003KT 7SM CLR 14/11 A2981 RMK AO2 SLP092 T01440111
SDF,2023-06-08 10:56,7.00,3000.00,KSDF 081056Z 00000KT 7SM FEW030 15/10 A2983 RMK AO2 SLP097 T01500100
SDF,2023-06-08 11:56,6.00,3000.00,KSDF 081156Z 35003KT 6SM HZ FEW030 15/11 A2984 RMK AO2 SLP101 70109 T01500111 10178 20139 51015
SDF,2023-06-08 12:56,8.00,3000.00,KSDF 081256Z 05004KT 8SM FEW030 18/10 A2984 RMK AO2 SLP100 T01780100
SDF,2023-06-08 13:56,10.00,10000.00,KSDF 081356Z 10007KT 10SM FEW100 20/07 A2985 RMK AO2 SLP105 T02000067
SDF,2023-06-08 14:56,10.00,M,KSDF 081456Z 09005KT 10SM CLR 21/08 A2986 RMK AO2 SLP109 T02110078 53009
SDF,2023-06-08 15:56,10.00,M,KSDF 081556Z 10005KT 10SM CLR 22/07 A2986 RMK AO2 SLP109 T02220072
SDF,2023-06-08 16:56,10.00,M,KSDF 081656Z VRB03KT 10SM CLR 23/07 A2986 RMK AO2 SLP107 T02330072
SDF,2023-06-08 17:56,10.00,8000.00,KSDF 081756Z VRB03KT 10SM FEW080 25/06 A2985 RMK AO2 SLP103 T02500056 10250 20150 58005
SDF,2023-06-08 18:56,10.00,8500.00,KSDF 081856Z 02007KT 10SM SCT085 26/04 A2983 RMK AO2 SLP099 T02560044
SDF,2023-06-08 19:56,10.00,9000.00,KSDF 081956Z 00000KT 10SM SCT090 25/05 A2983 RMK AO2 SLP096 T02500050
SDF,2023-06-08 20:56,10.00,9000.00,KSDF 082056Z VRB06KT 10SM SCT090 26/05 A2982 RMK AO2 SLP095 T02610050 56008
SDF,2023-06-08 21:56,10.00,9000.00,KSDF 082156Z 02010KT 10SM SCT090 25/04 A2982 RMK AO2 SLP095 T02500044
SDF,2023-06-08 22:56,10.00,8500.00,KSDF 082256Z 04004KT 10SM FEW085 24/05 A2982 RMK AO2 SLP094 T02440050
SDF,2023-06-08 23:56,10.00,9000.00,KSDF 082356Z 04006KT 10SM FEW090 24/04 A2983 RMK AO2 SLP097 T02390044 10267 20239 53001
SDF,2023-06-09 00:56,10.00,9000.00,KSDF 090056Z 03004KT 10SM FEW090 23/05 A2984 RMK AO2 SLP099 T02280050
SDF,2023-06-09 01:56,10.00,M,KSDF 090156Z 35003KT 10SM CLR 22/05 A2984 RMK AO2 SLP102 T02220050
SDF,2023-06-09 02:56,10.00,M,KSDF 090256Z 00000KT 10SM CLR 21/08 A2985 RMK AO2 SLP105 T02060083 51009
SDF,2023-06-09 03:56,10.00,M,KSDF 090356Z 00000KT 10SM CLR 19/08 A2985 RMK AO2 SLP104 T01940083
SDF,2023-06-09 04:56,9.00,9000.00,KSDF 090456Z 16003KT 9SM FEW090 17/09 A2985 RMK AO2 SLP105 T01720094 402670139
SDF,2023-06-09 05:56,10.00,9000.00,KSDF 090556Z 13003KT 10SM FEW090 17/09 A2986 RMK AO2 SLP108 T01670094 10244 20167 53003
SDF,2023-06-09 06:56,10.00,9000.00,KSDF 090656Z 00000KT 10SM FEW090 16/09 A2986 RMK AO2 SLP109 T01610094
SDF,2023-06-09 07:56,9.00,M,KSDF 090756Z 32003KT 9SM CLR 16/09 A2987 RMK AO2 SLP109 T01560094
SDF,2023-06-09 08:56,9.00,M,KSDF 090856Z 00000KT 9SM CLR 15/10 A2987 RMK AO2 SLP111 T01500100 53003
SDF,2023-06-09 09:56,9.00,M,KSDF 090956Z 00000KT 9SM CLR 14/10 A2988 RMK AO2 SLP116 T01390100
SDF,2023-06-09 10:56,8.00,M,KSDF 091056Z 00000KT 8SM CLR 14/09 A2989 RMK AO2 SLP119 T01390094
SDF,2023-06-09 11:56,8.00,M,KSDF 091156Z 00000KT 8SM CLR 16/11 A2991 RMK AO2 SLP123 T01610106 10167 20139 53012
SDF,2023-06-09 12:56,9.00,M,KSDF 091256Z 00000KT 9SM CLR 18/09 A2991 RMK AO2 SLP125 T01780094
SDF,2023-06-09 13:56,10.00,M,KSDF 091356Z 00000KT 10SM CLR 21/09 A2993 RMK AO2 SLP131 T02060094
SDF,2023-06-09 14:56,10.00,M,KSDF 091456Z 34003KT 10SM CLR 22/09 A2993 RMK AO2 SLP131 T02170089 51008
SDF,2023-06-09 15:56,10.00,M,KSDF 091556Z 00000KT 10SM CLR 24/09 A2992 RMK AO2 SLP129 T02390089
SDF,2023-06-09 16:56,10.00,6500.00,KSDF 091656Z 30007KT 10SM FEW065 26/09 A2991 RMK AO2 SLP126 T02560094
SDF,2023-06-09 17:56,10.00,7000.00,KSDF 091756Z 25011KT 10SM FEW070 27/07 A2990 RMK AO2 SLP122 T02670072 10267 20161 58009
SDF,2023-06-09 18:56,10.00,7500.00,KSDF 091856Z VRB06KT 10SM FEW075 26/07 A2990 RMK AO2 SLP119 T02610072
SDF,2023-06-09 19:56,10.00,M,KSDF 091956Z 31009KT 10SM CLR 27/08 A2988 RMK AO2 SLP115 T02670083
SDF,2023-06-09 20:56,10.00,M,KSDF 092056Z 30010G17KT 10SM CLR 27/07 A2987 RMK AO2 SLP111 T02670072 58010
SDF,2023-06-09 21:56,10.00,30000.00,KSDF 092156Z 31007KT 10SM FEW300 27/07 A2986 RMK AO2 SLP109 T02720072
SDF,2023-06-09 22:56,10.00,30000.00,KSDF 092256Z 28004KT 10SM FEW300 27/06 A2986 RMK AO2 SLP107 T02670056
SDF,2023-06-09 23:56,10.00,30000.00,KSDF 092356Z 31007KT 10SM FEW300 26/06 A2987 RMK AO2 SLP110 T02560056 10272 20256 55001
SDF,2023-06-10 00:56,10.00,30000.00,KSDF 100056Z 36005KT 10SM FEW300 24/05 A2987 RMK AO2 SLP110 T02390050
SDF,2023-06-10 01:56,10.00,30000.00,KSDF 100156Z 36003KT 10SM FEW300 24/05 A2987 RMK AO2 SLP111 T02390050
SDF,2023-06-10 02:56,10.00,30000.00,KSDF 100256Z 22003KT 10SM FEW300 21/08 A2988 RMK AO2 SLP116 T02110083 53006
SDF,2023-06-10 03:56,10.00,30000.00,KSDF 100356Z 22003KT 10SM FEW300 20/09 A2989 RMK AO2 SLP117 T02000089
SDF,2023-06-10 04:56,10.00,30000.00,KSDF 100456Z 00000KT 10SM FEW300 19/09 A2989 RMK AO2 SLP118 T01940089 402720139
SDF,2023-06-10 05:56,10.00,30000.00,KSDF 100556Z 13004KT 10SM FEW300 17/09 A2988 RMK AO2 SLP115 T01670094 10256 20167 58001
SDF,2023-06-10 06:56,10.00,M,KSDF 100656Z 12003KT 10SM CLR 16/11 A2988 RMK AO2 SLP115 T01610106
SDF,2023-06-10 07:56,10.00,M,KSDF 100756Z 13004KT 10SM CLR 15/11 A2988 RMK AO2 SLP116 T01500106
SDF,2023-06-10 08:56,10.00,M,KSDF 100856Z VRB04KT 10SM CLR 15/11 A2988 RMK AO2 SLP114 T01500106 58001
SDF,2023-06-10 09:56,10.00,M,KSDF 100956Z 15004KT 10SM CLR 14/11 A2988 RMK AO2 SLP113 T01440106
SDF,2023-06-10 10:56,10.00,30000.00,KSDF 101056Z 00000KT 10SM FEW300 14/10 A2989 RMK AO2 SLP119 T01440100
SDF,2023-06-10 11:56,10.00,30000.00,KSDF 101156Z 13003KT 10SM SCT300 15/11 A2991 RMK AO2 SLP123 T01500106 10172 20139 53009
SDF,2023-06-10 12:56,9.00,25000.00,KSDF 101256Z 00000KT 9SM SCT250 18/11 A2990 RMK AO2 SLP122 T01830111
SDF,2023-06-10 13:56,10.00,25000.00,KSDF 101356Z 00000KT 10SM SCT250 23/12 A2990 RMK AO2 SLP119 T02280117
SDF,2023-06-10 14:56,10.00,25000.00,KSDF 101456Z VRB04KT 10SM SCT250 BKN300 25/10 A2990 RMK AO2 SLP120 T02500100 55003
SDF,2023-06-10 15:56,10.00,20000.00,KSDF 101556Z 19004KT 10SM FEW200 SCT250 26/08 A2990 RMK AO2 SLP120 T02610083
SDF,2023-06-10 16:56,10.00,10000.00,KSDF 101656Z 26006KT 10SM FEW100 SCT210 SCT250 BKN300 27/09 A2989 RMK AO2 SLP118 T02720089
SDF,2023-06-10 17:56,10.00,10000.00,KSDF 101756Z 00000KT 10SM FEW100 BKN200 27/07 A2988 RMK AO2 SLP115 T02670072 10272 20150 58005
SDF,2023-06-10 18:56,10.00,10000.00,KSDF 101856Z 21004KT 10SM FEW100 FEW200 BKN250 27/11 A2986 RMK AO2 SLP108 T02720106
SDF,2023-06-10 19:56,10.00,10000.00,KSDF 101956Z 19005KT 10SM FEW100 SCT200 BKN250 28/09 A2985 RMK AO2 SLP102 T02780089
SDF,2023-06-10 20:56,10.00,10000.00,KSDF 102056Z 19008KT 10SM FEW100 BKN180 BKN250 28/09 A2983 RMK AO2 SLP097 T02780094 56018
SDF,2023-06-10 21:56,10.00,18000.00,KSDF 102156Z 23006KT 10SM FEW180 BKN250 28/09 A2982 RMK AO2 SLP092 T02780094
SDF,2023-06-10 22:56,10.00,18000.00,KSDF 102256Z 18006KT 10SM FEW180 SCT250 28/09 A2980 RMK AO2 SLP087 T02780094
SDF,2023-06-10 23:56,10.00,18000.00,KSDF 102356Z 15004KT 10SM FEW180 SCT250 27/10 A2980 RMK AO2 SLP086 T02670100 10283 20267 56011
SDF,2023-06-11 00:56,10.00,25000.00,KSDF 110056Z 08004KT 10SM FEW250 BKN300 26/10 A2980 RMK AO2 SLP088 T02610100
SDF,2023-06-11 01:56,10.00,25000.00,KSDF 110156Z 09006KT 10SM FEW250 SCT300 25/11 A2980 RMK AO2 SLP086 T02500106
SDF,2023-06-11 02:56,10.00,30000.00,KSDF 110256Z 10006KT 10SM FEW300 24/11 A2980 RMK AO2 SLP087 T02390106 51003
SDF,2023-06-11 03:56,10.00,30000.00,KSDF 110356Z 13005KT 10SM FEW300 23/12 RMK AO2 SLPNO T02560124
SDF,2023-06-11 04:56,10.00,14000.00,KSDF 110456Z 13005KT 10SM FEW140 FEW300 23/12 RMK AO2 SLPNO T02310123
SDF,2023-06-11 05:56,10.00,14000.00,KSDF 110556Z 13005KT 10SM FEW140 SCT300 23/13 RMK AO2 SLPNO T02280125
SDF,2023-06-11 06:56,10.00,8000.00,KSDF 110656Z 10005KT 10SM FEW080 SCT300 23/13 RMK AO2 SLPNO T02260126
SDF,2023-06-11 07:56,9.00,7000.00,KSDF 110756Z 14005KT 9SM -RA BKN070 21/16 RMK AO2 RAB57 SLPNO T02080162
SDF,2023-06-11 08:56,10.00,6500.00,KSDF 110856Z AUTO 13005KT 10SM FEW065 OVC100 19/16 A2974 RMK AO2 RAE12 SLP065 P0002 60003 T01940156 58009
SDF,2023-06-11 09:56,10.00,4600.00,KSDF 110956Z AUTO 12003KT 10SM BKN046 OVC085 19/15 A2973 RMK AO2 LTG DSNT W AND NW RAB22E35 SLP062 P0000 T01940150
SDF,2023-06-11 10:56,10.00,6000.00,KSDF 111056Z 12003KT 10SM FEW060 BKN090 OVC110 20/14 A2972 RMK AO2 LTG DSNT NW SLP060 T02000144
SDF,2023-06-11 11:56,10.00,3200.00,KSDF 111156Z 15007KT 10SM BKN032 BKN085 OVC120 21/16 A2974 RMK AO2 LTG DSNT N RAB00E38 SLP064 P0000 60003 70003 T02060156 10222 20194 55000
SDF,2023-06-11 12:56,10.00,4200.00,KSDF 111256Z 17007KT 10SM FEW042 SCT085 SCT120 OVC140 22/17 A2974 RMK AO2 SLP064 T02170167
SDF,2023-06-11 13:56,10.00,4000.00,KSDF 111356Z 18008KT 10SM FEW040 FEW085 SCT150 OVC300 23/18 A2973 RMK AO2 SLP062 T02280178
SDF,2023-06-11 14:56,10.00,2400.00,KSDF 111456Z 18011KT 10SM BKN024 OVC300 24/18 A2971 RMK AO2 SLP056 T02390183 58008
SDF,2023-06-11 15:56,10.00,2500.00,KSDF 111556Z 19011KT 10SM BKN025 BKN110 BKN300 24/18 A2969 RMK AO2 SLP049 T02440178
SDF,2023-06-11 16:56,10.00,3500.00,KSDF 111656Z 17011G19KT 10SM FEW035 BKN043 BKN180 BKN300 26/18 A2967 RMK AO2 SLP041 T02610178
SDF,2023-06-11 17:56,10.00,3700.00,KSDF 111756Z 19010KT 10SM SCT037 BKN048 BKN180 28/18 A2964 RMK AO2 SLP032 T02780178 10283 20206 58024
SDF,2023-06-11 18:56,10.00,4200.00,KSDF 111856Z 22011KT 10SM SCT042 BKN049 BKN065 BKN180 29/17 A2961 RMK AO2 SLP023 T02890172
SDF,2023-06-11 19:56,10.00,3600.00,KSDF 111956Z 18009KT 10SM FEW036 BKN095 BKN110 OVC180 25/20 A2960 RMK AO2 PK WND 20030/1924 LTG DSNT NE-SE RAB23E56 TSB18 SLP019 P0007 T02500200
SDF,2023-06-11 20:56,10.00,5000.00,KSDF 112056Z 21007KT 10SM FEW050 FEW090 BKN110 BKN160 BKN250 24/18 A2960 RMK AO2 RAB01E10 SLP019 P0000 60007 T02390183 56014
SDF,2023-06-11 21:56,10.00,4300.00,KSDF 112156Z 22007KT 10SM FEW043 SCT050 BKN110 BKN140 26/19 A2958 RMK AO2 SLP013 T02560189
SDF,2023-06-11 22:56,10.00,5000.00,KSDF 112256Z 24006KT 10SM FEW050 SCT080 SCT110 BKN140 26/17 A2956 RMK AO2 LTG DSNT SE RAB20E34 SLP003 P0000 T02610172
SDF,2023-06-11 23:56,10.00,3900.00,KSDF 112356Z VRB04KT 10SM SCT039 BKN050 OVC065 26/18 A2956 RMK AO2 SLP006 60007 T02560178 10289 20233 55012
SDF,2023-06-12 00:56,10.00,2600.00,KSDF 120056Z 23009KT 10SM BKN026 OVC033 22/19 A2957 RMK AO2 SLP008 T02220189
SDF,2023-06-12 01:56,7.00,1200.00,KSDF 120156Z 34016G21KT 7SM -RA FEW012 BKN022 OVC042 22/19 A2958 RMK AO2 RAB43 SLP014 P0000 T02170189
SDF,2023-06-12 02:56,10.00,900.00,KSDF 120256Z 33016G25KT 10SM OVC009 19/17 A2963 RMK AO2 PK WND 34026/0245 WSHFT 0152 RAE52 CIG 006V014 SLP029 P0011 60011 T01890167 53021
SDF,2023-06-12 03:56,9.00,900.00,KSDF 120356Z 33016G25KT 9SM -DZ OVC009 18/16 A2967 RMK AO2 PK WND 33027/0304 DZB54 SLP043 P0000 T01780156
SDF,2023-06-12 04:56,10.00,1400.00,KSDF 120456Z 32016G23KT 10SM OVC014 18/15 A2969 RMK AO2 PK WND 34027/0358 DZE40 SLP048 P0000 T01780150 402890178
SDF,2023-06-12 05:56,10.00,1600.00,KSDF 120556Z 33012KT 10SM OVC016 18/14 A2970 RMK AO2 SLP054 60011 T01780144 10256 20178 51025
SDF,2023-06-12 06:56,10.00,2500.00,KSDF 120656Z 33012KT 10SM OVC025 18/14 A2972 RMK AO2 SLP060 T01780139
SDF,2023-06-12 07:56,10.00,2000.00,KSDF 120756Z 31010G19KT 10SM FEW020 OVC029 18/13 A2973 RMK AO2 SLP064 T01780133
SDF,2023-06-12 08:56,10.00,1800.00,KSDF 120856Z 30009KT 10SM SCT018 OVC039 17/13 A2976 RMK AO2 SLP075 T01720133 53020
SDF,2023-06-12 09:56,10.00,1600.00,KSDF 120956Z 31013KT 10SM FEW016 SCT028 OVC041 17/13 A2979 RMK AO2 SLP083 T01670128
SDF,2023-06-12 10:56,10.00,1900.00,KSDF 121056Z 29011KT 10SM OVC019 17/13 A2982 RMK AO2 SLP094 T01670128
SDF,2023-06-12 11:56,10.00,1400.00,KSDF 121156Z 30009KT 10SM OVC014 17/13 A2984 RMK AO2 SLP099 70018 T01670128 10178 20167 51024
SDF,2023-06-12 12:56,10.00,1400.00,KSDF 121256Z 31010KT 10SM OVC014 16/13 A2984 RMK AO2 SLP102 T01610128
SDF,2023-06-12 13:56,10.00,1300.00,KSDF 121356Z 32008KT 10SM OVC013 16/12 A2986 RMK AO2 SLP107 T01610122
SDF,2023-06-12 14:56,10.00,1300.00,KSDF 121456Z 29009KT 10SM OVC013 16/12 A2986 RMK AO2 SLP108 T01610122 51007
SDF,2023-06-12 15:56,10.00,1700.00,KSDF 121556Z 28006KT 10SM BKN017 OVC026 17/12 A2986 RMK AO2 SLP109 T01720117
SDF,2023-06-12 16:56,10.00,2300.00,KSDF 121656Z 27009KT 10SM BKN023 OVC031 18/12 A2988 RMK AO2 SLP114 T01780117
SDF,2023-06-12 17:56,10.00,2800.00,KSDF 121756Z 28012KT 10SM BKN028 OVC033 18/12 A2989 RMK AO2 SLP119 T01780122 10183 20161 53011
SDF,2023-06-12 18:56,10.00,2800.00,KSDF 121856Z VRB06KT 10SM SCT028 BKN037 BKN060 21/13 A2987 RMK AO2 SLP113 T02060128
SDF,2023-06-12 19:56,10.00,3400.00,KSDF 121956Z 26009G16KT 10SM SCT034 BKN050 21/11 A2987 RMK AO2 RAB18E30 SLP112 P0000 T02060111
SDF,2023-06-12 20:56,10.00,4000.00,KSDF 122056Z 30008KT 10SM FEW040 BKN060 22/11 A2987 RMK AO2 SLP110 60000 T02220106 56008
SDF,2023-06-12 21:56,10.00,6000.00,KSDF 122156Z 29011KT 10SM SCT060 22/11 A2986 RMK AO2 SLP109 T02170106
SDF,2023-06-12 22:56,10.00,5000.00,KSDF 122256Z 32012G18KT 10SM SCT050 21/09 A2985 RMK AO2 SLP106 T02060089
SDF,2023-06-12 23:56,10.00,5000.00,KSDF 122356Z 30008G18KT 10SM FEW050 19/07 A2986 RMK AO2 SLP109 60000 T01940072 10222 20172 55002
SDF,2023-06-13 00:56,10.00,5000.00,KSDF 130056Z 31005KT 10SM FEW050 18/08 A2986 RMK AO2 SLP109 T01780078
SDF,2023-06-13 01:56,10.00,5000.00,KSDF 130156Z 27004KT 10SM FEW050 17/08 A2986 RMK AO2 SLP111 T01670083
SDF,2023-06-13 02:56,10.00,M,KSDF 130256Z 26006KT 10SM CLR 16/09 A2988 RMK AO2 SLP117 T01610089 53008
SDF,2023-06-13 03:56,10.00,M,KSDF 130356Z 22005KT 10SM CLR 16/09 A2990 RMK AO2 SLP122 T01560094
SDF,2023-06-13 04:56,10.00,M,KSDF 130456Z 21005KT 10SM CLR 15/09 A2989 RMK AO2 SLP119 T01500089 402220150
SDF,2023-06-13 05:56,10.00,M,KSDF 130556Z 21005KT 10SM CLR 14/09 A2988 RMK AO2 SLP117 T01440089 10194 20139 50000
SDF,2023-06-13 06:56,10.00,M,KSDF 130656Z 20005KT 10SM CLR 14/09 A2988 RMK AO2 SLP115 T01440089
SDF,2023-06-13 07:56,10.00,30000.00,KSDF 130756Z 22006KT 10SM FEW300 14/09 A2987 RMK AO2 SLP110 T01440089
SDF,2023-06-13 08:56,10.00,30000.00,KSDF 130856Z 20007KT 10SM FEW300 14/08 A2986 RMK AO2 SLP107 T01440083 58009
SDF,2023-06-13 09:56,10.00,7000.00,KSDF 130956Z 20005KT 10SM FEW070 FEW300 14/08 A2986 RMK AO2 SLP108 T01390078
SDF,2023-06-13 10:56,10.00,8000.00,KSDF 131056Z 20004KT 10SM FEW080 FEW300 14/08 A2987 RMK AO2 SLP112 T01440083
SDF,2023-06-13 11:56,10.00,8000.00,KSDF 131156Z 23008KT 10SM FEW080 FEW300 16/09 A2986 RMK AO2 SLP108 T01560089 10156 20128 50001
SDF,2023-06-13 12:56,10.00,M,KSDF 131256Z 24010KT 10SM CLR 18/09 A2985 RMK AO2 SLP106 T01780094
SDF,2023-06-13 13:56,10.00,30000.00,KSDF 131356Z 23010KT 10SM FEW300 20/09 A2985 RMK AO2 SLP105 T02000094
SDF,2023-06-13 14:56,10.00,10000.00,KSDF 131456Z 23013KT 10SM FEW100 FEW300 22/09 A2984 RMK AO2 SLP102 T02170094 58006
SDF,2023-06-13 15:56,10.00,10000.00,KSDF 131556Z 23014G22KT 10SM SCT100 SCT300 23/09 A2983 RMK AO2 SLP099 T02330094
SDF,2023-06-13 16:56,10.00,6000.00,KSDF 131656Z 25014G24KT 10SM FEW060 FEW110 24/10 A2982 RMK AO2 PK WND 26027/1636 SLP092 T02440100
SDF,2023-06-13 17:56,10.00,6500.00,KSDF 131756Z 24013G25KT 10SM FEW065 FEW110 26/10 A2981 RMK AO2 PK WND 23027/1723 SLP089 T02560100 10256 20156 58012
SDF,2023-06-13 18:56,10.00,7000.00,KSDF 131856Z 22019G25KT 10SM FEW070 FEW110 26/09 A2978 RMK AO2 PK WND 24028/1821 SLP081 T02560094
SDF,2023-06-13 19:56,10.00,7000.00,KSDF 131956Z 24016G26KT 10SM FEW070 FEW100 27/09 A2977 RMK AO2 PK WND 22027/1903 SLP076 T02670089
SDF,2023-06-13 20:56,10.00,7000.00,KSDF 132056Z 25019G30KT 10SM FEW070 FEW100 27/09 A2974 RMK AO2 PK WND 23031/2021 SLP068 T02670089 58021
SDF,2023-06-13 21:56,10.00,8000.00,KSDF 132156Z 27022G28KT 10SM FEW080 FEW110 27/09 A2973 RMK AO2 PK WND 25032/2105 SLP062 T02670089
SDF,2023-06-13 22:56,10.00,8000.00,KSDF 132256Z 24016G28KT 10SM SCT080 27/09 A2971 RMK AO2 PK WND 23030/2220 SLP056 T02670089
SDF,2023-06-13 23:56,10.00,8500.00,KSDF 132356Z 24012KT 10SM FEW085 SCT110 26/09 A2971 RMK AO2 PK WND 24028/2258 SLP057 T02560089 10272 20256 55010
SDF,2023-06-14 00:56,10.00,9000.00,KSDF 140056Z 24010KT 10SM FEW090 SCT130 24/09 A2971 RMK AO2 SLP057 T02440089
SDF,2023-06-14 01:56,10.00,10000.00,KSDF 140156Z 22007KT 10SM SCT100 23/09 A2972 RMK AO2 SLP060 T02330089
SDF,2023-06-14 02:56,10.00,10000.00,KSDF 140256Z 23012G19KT 10SM FEW100 22/10 A2972 RMK AO2 SLP061 T02220100 53004
SDF,2023-06-14 03:56,10.00,10000.00,KSDF 140356Z 22013G21KT 10SM FEW100 FEW300 22/09 A2972 RMK AO2 SLP057 T02170089
SDF,2023-06-14 04:56,10.00,10000.00,KSDF 140456Z 23010G20KT 10SM FEW100 SCT300 21/09 A2970 RMK AO2 SLP054 T02110094 402720128
SDF,2023-06-14 05:56,10.00,12000.00,KSDF 140556Z 23010KT 10SM FEW120 FEW300 21/09 A2969 RMK AO2 SLP050 T02060094 10256 20206 58010
SDF,2023-06-14 06:56,10.00,9000.00,KSDF 140656Z 24012KT 10SM FEW090 FEW300 21/09 A2967 RMK AO2 SLP043 T02060094
SDF,2023-06-14 07:56,10.00,9000.00,KSDF 140756Z 25012KT 10SM FEW090 SCT300 20/09 A2967 RMK AO2 SLP041 T02000094
SDF,2023-06-14 08:56,10.00,9000.00,KSDF 140856Z 24009G19KT 10SM FEW090 SCT300 20/10 A2967 RMK AO2 SLP043 T02000100 55007
SDF,2023-06-14 09:56,10.00,11000.00,KSDF 140956Z 23009KT 10SM FEW110 SCT300 19/10 A2967 RMK AO2 SLP043 T01890100
SDF,2023-06-14 10:56,10.00,11000.00,KSDF 141056Z 25008KT 10SM SCT110 SCT300 18/11 A2969 RMK AO2 SLP047 T01830106
SDF,2023-06-14 11:56,10.00,9000.00,KSDF 141156Z 25012KT 10SM FEW090 BKN150 20/11 A2969 RMK AO2 SLP050 T02000111 10206 20183 53007
SDF,2023-06-14 12:56,10.00,9000.00,KSDF 141256Z 26012KT 10SM FEW090 SCT160 22/12 A2969 RMK AO2 SLP049 T02170117
SDF,2023-06-14 13:56,10.00,16000.00,KSDF 141356Z 28010KT 10SM FEW160 23/12 A2970 RMK AO2 SLP051 T02330122
SDF,2023-06-14 14:56,10.00,9500.00,KSDF 141456Z VRB05KT 10SM SCT095 SCT160 24/13 A2970 RMK AO2 SLP051 T02440128 53001
SDF,2023-06-14 15:56,10.00,10000.00,KSDF 141556Z 28007KT 10SM FEW100 FEW200 26/13 A2970 RMK AO2 SLP051 T02610128
SDF,2023-06-14 16:56,10.00,10000.00,KSDF 141656Z 26010KT 10SM FEW100 SCT200 28/13 A2970 RMK AO2 SLP052 T02780133
SDF,2023-06-14 17:56,10.00,5000.00,KSDF 141756Z 26007KT 10SM FEW050 FEW095 BKN170 BKN240 28/14 A2969 RMK AO2 SLP049 T02830139 10283 20194 58002
SDF,2023-06-14 18:56,10.00,5500.00,KSDF 141856Z VRB05KT 10SM FEW055 SCT100 BKN160 BKN200 29/14 A2967 RMK AO2 SLP041 T02890139
SDF,2023-06-14 19:56,10.00,6500.00,KSDF 141956Z 25013G18KT 10SM FEW065 BKN180 29/13 A2966 RMK AO2 SLP040 T02890133
SDF,2023-06-14 20:56,10.00,7000.00,KSDF 142056Z 29013G19KT 10SM FEW070 BKN200 28/13 A2967 RMK AO2 SLP041 T02830133 55008
SDF,2023-06-14 21:56,10.00,6000.00,KSDF 142156Z 29011G19KT 10SM FEW060 BKN100 28/14 A2966 RMK AO2 SLP039 T02780139
SDF,2023-06-14 22:56,10.00,11000.00,KSDF 142256Z 29010KT 10SM OVC110 26/14 A2966 RMK AO2 SLP041 T02610139
SDF,2023-06-14 23:56,10.00,11000.00,KSDF 142356Z 32007KT 10SM BKN110 OVC200 26/14 A2968 RMK AO2 SLP044 T02560139 10294 20256 53003
SDF,2023-06-15 00:56,10.00,11000.00,KSDF 150056Z 31007KT 10SM OVC110 25/14 A2968 RMK AO2 SLP045 T02500139
SDF,2023-06-15 01:56,10.00,9000.00,KSDF 150156Z 33009KT 10SM SCT090 24/14 A2969 RMK AO2 SLP047 T02440139
SDF,2023-06-15 02:56,10.00,9000.00,KSDF 150256Z 31005KT 10SM FEW090 23/14 A2971 RMK AO2 SLP056 T02330144 53012
SDF,2023-06-15 03:56,10.00,10000.00,KSDF 150356Z 31006KT 10SM FEW100 FEW150 OVC250 23/14 A2971 RMK AO2 SLP057 T02280139
SDF,2023-06-15 04:56,10.00,11000.00,KSDF 150456Z 29005KT 10SM FEW110 SCT250 BKN300 22/14 A2973 RMK AO2 SLP061 T02220139 402940183
SDF,2023-06-15 05:56,10.00,11000.00,KSDF 150556Z 28003KT 10SM FEW110 BKN150 BKN250 22/14 A2972 RMK AO2 SLP058 T02170144 10256 20217 50002
SDF,2023-06-15 06:56,10.00,15000.00,KSDF 150656Z 24004KT 10SM BKN150 OVC250 22/14 A2972 RMK AO2 SLP059 T02170144
SDF,2023-06-15 07:56,10.00,16000.00,KSDF 150756Z 25004KT 10SM BKN160 21/14 A2973 RMK AO2 SLP061 T02060144
SDF,2023-06-15 08:56,10.00,17000.00,KSDF 150856Z 30003KT 10SM BKN170 BKN250 21/15 A2973 RMK AO2 SLP061 T02060150 50002
SDF,2023-06-15 09:56,10.00,17000.00,KSDF 150956Z 00000KT 10SM BKN170 BKN250 20/15 A2974 RMK AO2 SLP066 T02000150
SDF,2023-06-15 10:56,10.00,17000.00,KSDF 151056Z 00000KT 10SM FEW170 SCT250 20/15 A2975 RMK AO2 SLP070 T02000150
SDF,2023-06-15 11:56,9.00,12000.00,KSDF 151156Z 36004KT 9SM SCT120 SCT150 BKN250 21/16 A2975 RMK AO2 SLP070 T02110156 10217 20194 51009
SDF,2023-06-15 12:56,9.00,12000.00,KSDF 151256Z 00000KT 9SM OVC120 23/16 A2977 RMK AO2 SLP076 T02280156
SDF,2023-06-15 13:56,9.00,12000.00,KSDF 151356Z 00000KT 9SM BKN120 BKN250 23/16 A2978 RMK AO2 SLP079 T02330161
SDF,2023-06-15 14:56,10.00,M,KSDF 151456Z 00000KT 10SM CLR 26/16 A2977 RMK AO2 SLP077 T02560156 50007
SDF,2023-06-15 15:56,10.00,M,KSDF 151556Z 00000KT 10SM CLR 27/16 A2978 RMK AO2 SLP079 T02720156
SDF,2023-06-15 16:56,8.00,5000.00,KSDF 151656Z 00000KT 8SM FEW050 28/15 A2977 RMK AO2 SLP077 T02830150
SDF,2023-06-15 17:56,8.00,5000.00,KSDF 151756Z 00000KT 8SM FEW050 29/15 A2977 RMK AO2 SLP075 T02890150 10289 20211 58002
SDF,2023-06-15 18:56,6.00,5500.00,KSDF 151856Z 00000KT 6SM HZ FEW055 30/15 A2975 RMK AO2 SLP069 T03000150
SDF,2023-06-15 19:56,6.00,6000.00,KSDF 151956Z VRB04KT 6SM HZ FEW060 30/16 A2975 RMK AO2 SLP069 T03000156
SDF,2023-06-15 20:56,6.00,6500.00,KSDF 152056Z VRB03KT 6SM HZ FEW065 30/16 A2973 RMK AO2 SLP061 T03000156 58013
SDF,2023-06-15 21:56,6.00,6000.00,KSDF 152156Z 24005KT 6SM HZ FEW060 29/14 A2972 RMK AO2 SLP060 T02940139
SDF,2023-06-15 22:56,5.00,M,KSDF 152256Z 24008KT 5SM HZ CLR 29/14 A2971 RMK AO2 SLP056 T02890139
SDF,2023-06-15 23:56,5.00,M,KSDF 152356Z 28005KT 5SM HZ CLR 28/14 A2972 RMK AO2 SLP057 T02830139 10300 20283 55004
SDF,2023-06-16 00:56,5.00,30000.00,KSDF 160056Z 22004KT 5SM HZ FEW300 28/14 A2972 RMK AO2 SLP058 T02780139
SDF,2023-06-16 01:56,6.00,30000.00,KSDF 160156Z 20005KT 6SM HZ FEW300 27/16 A2973 RMK AO2 SLP062 T02670161
SDF,2023-06-16 02:56,7.00,M,KSDF 160256Z 19005KT 7SM CLR 26/16 A2974 RMK AO2 SLP065 T02560156 53008
SDF,2023-06-16 03:56,7.00,30000.00,KSDF 160356Z 22005KT 7SM FEW300 25/16 A2975 RMK AO2 SLP068 T02500156
SDF,2023-06-16 04:56,8.00,30000.00,KSDF 160456Z 21006KT 8SM FEW300 24/16 A2975 RMK AO2 SLP070 T02440156 403000194
SDF,2023-06-16 05:56,10.00,9000.00,KSDF 160556Z 23007KT 10SM FEW090 24/15 A2974 RMK AO2 SLP064 T02440150 10283 20239 50000
SDF,2023-06-16 06:56,10.00,9000.00,KSDF 160656Z 25007KT 10SM FEW090 24/14 A2973 RMK AO2 SLP061 T02390144
SDF,2023-06-16 07:56,10.00,10000.00,KSDF 160756Z 26009KT 10SM FEW100 23/14 A2974 RMK AO2 SLP064 T02330144
SDF,2023-06-16 08:56,10.00,M,KSDF 160856Z 31006KT 10SM CLR 22/14 A2974 RMK AO2 SLP065 T02220144 53000
SDF,2023-06-16 09:56,6.00,M,KSDF 160956Z 36009KT 6SM HZ CLR 20/16 A2978 RMK AO2 SLP079 T02000156
SDF,2023-06-16 10:56,6.00,M,KSDF 161056Z 35013KT 6SM HZ CLR 19/13 A2980 RMK AO2 SLP087 T01940128
SDF,2023-06-16 11:56,9.00,8000.00,KSDF 161156Z 36006KT 9SM FEW080 18/12 A2983 RMK AO2 SLP098 T01830122 10244 20178 51031
SDF,2023-06-16 12:56,10.00,9000.00,KSDF 161256Z 36008KT 10SM FEW090 19/11 A2985 RMK AO2 SLP102 T01890111
SDF,2023-06-16 13:56,10.00,9000.00,KSDF 161356Z 36007KT 10SM FEW090 20/11 A2985 RMK AO2 SLP102 T02000111
SDF,2023-06-16 14:56,10.00,M,KSDF 161456Z 36008KT 10SM CLR 22/11 A2986 RMK AO2 SLP106 T02170111 51008
SDF,2023-06-16 15:56,9.00,M,KSDF 161556Z 01007KT 9SM CLR 23/12 A2987 RMK AO2 SLP110 T02280117
SDF,2023-06-16 16:56,9.00,M,KSDF 161656Z 32008KT 9SM CLR 24/12 A2987 RMK AO2 SLP109 T02390122
SDF,2023-06-16 17:56,10.00,30000.00,KSDF 161756Z 01012G18KT 10SM FEW300 24/11 A2987 RMK AO2 SLP110 T02440111 10244 20183 51004
SDF,2023-06-16 18:56,10.00,M,KSDF 161856Z 33009G14KT 10SM CLR 25/12 A2987 RMK AO2 SLP109 T02500117
SDF,2023-06-16 19:56,10.00,M,KSDF 161956Z 36010G15KT 10SM CLR 26/13 A2987 RMK AO2 SLP109 T02610128
SDF,2023-06-16 20:56,10.00,M,KSDF 162056Z 34007KT 310V050 10SM CLR 26/13 A2986 RMK AO2 SLP107 T02610128 58004
SDF,2023-06-16 21:56,10.00,5500.00,KSDF 162156Z 36011KT 10SM FEW055 26/13 A2986 RMK AO2 SLP107 T02610128
SDF,2023-06-16 22:56,10.00,5500.00,KSDF 162256Z 02005KT 10SM FEW055 25/13 A2986 RMK AO2 SLP108 T02500128
SDF,2023-06-16 23:56,10.00,5500.00,KSDF 162356Z 04011KT 10SM FEW055 24/13 A2988 RMK AO2 SLP114 T02440128 10261 20239 53006
SDF,2023-06-17 00:56,10.00,M,KSDF 170056Z 02007KT 10SM CLR 23/13 A2990 RMK AO2 SLP120 T02330128
SDF,2023-06-17 01:56,10.00,M,KSDF 170156Z 02006KT 10SM CLR 22/13 A2992 RMK AO2 SLP127 T02220128
SDF,2023-06-17 02:56,10.00,M,KSDF 170256Z 09003KT 10SM CLR 22/13 A2994 RMK AO2 SLP136 T02170133 53021
SDF,2023-06-17 03:56,10.00,M,KSDF 170356Z 03007KT 10SM CLR 21/13 A2993 RMK AO2 SLP132 T02060133
SDF,2023-06-17 04:56,10.00,M,KSDF 170456Z 04004KT 10SM CLR 20/13 A2993 RMK AO2 SLP131 T02000133 402610178
SDF,2023-06-17 05:56,10.00,M,KSDF 170556Z 03004KT 10SM CLR 19/13 A2991 RMK AO2 SLP124 T01890133 10244 20189 58012
SDF,2023-06-17 06:56,10.00,M,KSDF 170656Z 03003KT 10SM CLR 18/13 A2991 RMK AO2 SLP126 T01830133
SDF,2023-06-17 07:56,10.00,M,KSDF 170756Z 28003KT 10SM CLR 18/14 A2993 RMK AO2 SLP130 T01780139
SDF,2023-06-17 08:56,9.00,M,KSDF 170856Z 32005KT 9SM CLR 17/13 A2994 RMK AO2 SLP136 T01670133 53013
SDF,2023-06-17 09:56,9.00,M,KSDF 170956Z 36004KT 9SM CLR 17/13 A2996 RMK AO2 SLP140 T01670133
SDF,2023-06-17 10:56,7.00,M,KSDF 171056Z 02004KT 7SM CLR 17/13 A2998 RMK AO2 SLP147 T01670133
SDF,2023-06-17 11:56,8.00,M,KSDF 171156Z 02007KT 8SM CLR 18/14 A2998 RMK AO2 SLP150 T01780139 10189 20167 51013
SDF,2023-06-17 12:56,8.00,M,KSDF 171256Z VRB03KT 8SM CLR 21/14 A3000 RMK AO2 SLP154 T02060144
SDF,2023-06-17 13:56,10.00,M,KSDF 171356Z 05004KT 10SM CLR 22/14 A3000 RMK AO2 SLP153 T02220139
SDF,2023-06-17 14:56,10.00,3000.00,KSDF 171456Z VRB04KT 10SM FEW030 23/13 A2999 RMK AO2 SLP152 T02330133 50003
SDF,2023-06-17 15:56,9.00,4200.00,KSDF 171556Z 05005KT 9SM SCT042 24/13 A2999 RMK AO2 SLP152 T02440128
SDF,2023-06-17 16:56,10.00,4900.00,KSDF 171656Z 00000KT 10SM SCT049 26/13 A2999 RMK AO2 SLP149 T02560128
SDF,2023-06-17 17:56,10.00,5000.00,KSDF 171756Z VRB04KT 10SM SCT050 26/13 A2997 RMK AO2 SLP144 T02610133 10267 20178 58008
SDF,2023-06-17 18:56,9.00,5000.00,KSDF 171856Z VRB05KT 9SM FEW050 27/13 A2995 RMK AO2 SLP137 T02720128
SDF,2023-06-17 19:56,9.00,5000.00,KSDF 171956Z 06005KT 9SM FEW050 28/11 A2993 RMK AO2 SLP130 T02780111
SDF,2023-06-17 20:56,8.00,5000.00,KSDF 172056Z 05005KT 8SM FEW050 28/12 A2991 RMK AO2 SLP124 T02830122 56019
SDF,2023-06-17 21:56,8.00,5000.00,KSDF 172156Z 00000KT 8SM FEW050 28/12 A2990 RMK AO2 SLP122 T02780117
SDF,2023-06-17 22:56,8.00,M,KSDF 172256Z 35003KT 8SM CLR 28/12 A2989 RMK AO2 SLP119 T02780122
SDF,2023-06-17 23:56,7.00,M,KSDF 172356Z 04004KT 7SM CLR 27/11 A2990 RMK AO2 SLP119 T02720111 10283 20261 55005
SDF,2023-06-18 00:56,7.00,30000.00,KSDF 180056Z 03004KT 7SM FEW300 26/11 A2990 RMK AO2 SLP119 T02610106
SDF,2023-06-18 01:56,8.00,M,KSDF 180156Z 09003KT 8SM CLR 25/11 A2991 RMK AO2 SLP124 T02500106
SDF,2023-06-18 02:56,5.00,M,KSDF 180256Z 00000KT 5SM HZ CLR 24/13 A2992 RMK AO2 SLP127 T02390128 53007
SDF,2023-06-18 03:56,7.00,M,KSDF 180356Z 00000KT 7SM CLR 23/13 A2992 RMK AO2 SLP127 T02280128
SDF,2023-06-18 04:56,7.00,M,KSDF 180456Z 11003KT 7SM CLR 22/13 A2992 RMK AO2 SLP126 T02170128 402830167
SDF,2023-06-18 05:56,7.00,M,KSDF 180556Z 00000KT 7SM CLR 21/13 A2992 RMK AO2 SLP127 T02060133 10267 20200 50000
SDF,2023-06-18 06:56,6.00,M,KSDF 180656Z 29003KT 6SM HZ CLR 19/13 A2993 RMK AO2 SLP129 T01890133
SDF,2023-06-18 07:56,8.00,M,KSDF 180756Z 11003KT 8SM CLR 19/13 A2991 RMK AO2 SLP124 T01940128
SDF,2023-06-18 08:56,8.00,M,KSDF 180856Z 10004KT 8SM CLR 18/12 A2989 RMK AO2 SLP117 T01830122 58010
SDF,2023-06-18 09:56,8.00,M,KSDF 180956Z 00000KT 8SM CLR 18/12 A2989 RMK AO2 SLP118 T01780122
SDF,2023-06-18 10:56,5.00,30000.00,KSDF 181056Z 00000KT 5SM HZ FEW300 17/13 A2993 RMK AO2 SLP130 T01720128
SDF,2023-06-18 11:56,6.00,30000.00,KSDF 181156Z 11004KT 6SM HZ SCT300 18/13 A2991 RMK AO2 SLP125 T01830128 10206 20161 50008
SDF,2023-06-18 12:56,8.00,30000.00,KSDF 181256Z 15004KT 8SM BKN300 21/13 A2990 RMK AO2 SLP121 T02110133
SDF,2023-06-18 13:56,9.00,30000.00,KSDF 181356Z 13011G14KT 9SM BKN300 24/14 A2987 RMK AO2 SLP110 T02390139
SDF,2023-06-18 14:56,9.00,30000.00,KSDF 181456Z 13011KT 9SM OVC300 25/13 A2987 RMK AO2 SLP111 T02500133 55014
SDF,2023-06-18 15:56,10.00,30000.00,KSDF 181556Z 10010KT 10SM OVC300 27/13 A2988 RMK AO2 SLP114 T02670128
SDF,2023-06-18 16:56,10.00,5000.00,KSDF 181656Z 12006G18KT 10SM SCT050 OVC300 27/13 A2988 RMK AO2 SLP115 T02720133
SDF,2023-06-18 17:56,10.00,5000.00,KSDF 181756Z COR 22007KT 10SM FEW050 OVC300 27/13 A2987 RMK AO2 SLP110 T02720128 10278 20183 58001
SDF,2023-06-18 18:56,10.00,23000.00,KSDF 181856Z 12006KT 10SM FEW230 BKN300 28/12 A2984 RMK AO2 SLP101 T02830122
SDF,2023-06-18 19:56,10.00,23000.00,KSDF 181956Z 15006KT 10SM SCT230 BKN300 29/13 A2982 RMK AO2 SLP094 T02890128
SDF,2023-06-18 20:56,10.00,23000.00,KSDF 182056Z 16005KT 10SM SCT230 OVC300 28/11 A2980 RMK AO2 SLP085 T02830111 57025
SDF,2023-06-18 21:56,10.00,21000.00,KSDF 182156Z 11006KT 10SM FEW210 BKN250 OVC300 29/12 A2978 RMK AO2 SLP078 T02890122
SDF,2023-06-18 22:56,10.00,19000.00,KSDF 182256Z 16008KT 10SM BKN190 OVC250 28/12 A2977 RMK AO2 SLP077 T02780122
SDF,2023-06-18 23:56,10.00,15000.00,KSDF 182356Z 14006KT 10SM SCT150 BKN200 OVC250 27/13 A2977 RMK AO2 SLP077 T02720128 10294 20272 56007
SDF,2023-06-19 00:56,10.00,15000.00,KSDF 190056Z 10006KT 10SM FEW150 SCT200 BKN250 27/13 A2976 RMK AO2 SLP071 T02720128
SDF,2023-06-19 01:56,10.00,16000.00,KSDF 190156Z 12005KT 10SM FEW160 BKN250 BKN300 26/13 A2977 RMK AO2 SLP075 T02610133
SDF,2023-06-19 02:56,10.00,9000.00,KSDF 190256Z 17010KT 10SM BKN090 26/15 A2980 RMK AO2 SLP085 T02560150 53007
SDF,2023-06-19 03:56,10.00,7000.00,KSDF 190356Z 14005KT 10SM -RA SCT070 BKN090 24/17 A2978 RMK AO2 RAB50 SLP080 P0000 T02390172
SDF,2023-06-19 04:56,10.00,14000.00,KSDF 190456Z 14007KT 10SM FEW140 FEW160 BKN300 23/16 A2977 RMK AO2 RAE01 SLP077 P0000 T02280161 402940161
SDF,2023-06-19 05:56,10.00,5000.00,KSDF 190556Z 14006KT 10SM FEW050 FEW140 BKN200 BKN300 22/17 A2977 RMK AO2 SLP075 60000 T02220167 10278 20222 56010
SDF,2023-06-19 06:56,10.00,4700.00,KSDF 190656Z 13004KT 10SM FEW047 SCT070 BKN200 OVC300 22/17 A2975 RMK AO2 SLP070 T02170172
SDF,2023-06-19 07:56,2.00,2400.00,KSDF 190756Z 10004KT 2SM +RA BKN024 OVC041 21/18 A2975 RMK AO2 RAB44 SLP070 P0018 T02110183
SDF,2023-06-19 08:56,10.00,4700.00,KSDF 190856Z 00000KT 10SM BKN047 BKN070 OVC120 21/18 A2975 RMK AO2 LTG DSNT N AND NE RAE56 SLP069 P0004 60022 T02110183 56005 $
SDF,2023-06-19 09:56,10.00,4100.00,KSDF 190956Z 06006KT 10SM -RA SCT041 BKN085 OVC110 21/19 A2975 RMK AO2 LTG DSNT N AND NE RAB10 SLP068 P0001 T02110189 $
SDF,2023-06-19 10:56,8.00,1700.00,KSDF 191056Z 06006KT 8SM -RA BKN017 OVC070 21/19 A2976 RMK AO2 SLP071 P0001 T02060194 $
SDF,2023-06-19 11:56,5.00,2400.00,KSDF 191156Z 06008KT 5SM -RA BR BKN024 BKN037 OVC095 21/19 A2974 RMK AO2 SLP067 P0004 60028 70028 T02110194 10222 20206 58002 $
SDF,2023-06-19 12:56,9.00,500.00,KSDF 191256Z 07008KT 9SM -RA FEW005 BKN026 OVC040 22/19 A2974 RMK AO2 RAE29B47 SLP067 P0000 T02170194 $
SDF,2023-06-19 13:56,5.00,600.00,KSDF 191356Z 08006KT 5SM -RA BR FEW006 SCT030 OVC050 22/19 A2975 RMK AO2 SLP068 P0001 T02170194 $
SDF,2023-06-19 14:56,4.00,800.00,KSDF 191456Z 08008KT 4SM RA BR FEW008 BKN022 OVC033 22/20 A2975 RMK AO2 RAE02B28 SLP070 P0000 60001 T02170200 53003 $
SDF,2023-06-19 15:56,4.00,800.00,KSDF 191556Z 06006KT 4SM -RA BR BKN008 OVC014 22/20 A2976 RMK AO2 CIG 005V011 SLP072 P0012 T02170200 $
SDF,2023-06-19 16:56,3.00,800.00,KSDF 191656Z 07008KT 3SM RA BR BKN008 OVC012 22/20 A2976 RMK AO2 CIG 004V009 SLP073 P0014 T02170200 $
SDF,2023-06-19 17:56,10.00,800.00,KSDF 191756Z 04007KT 10SM BKN008 OVC017 22/20 A2975 RMK AO2 RAE32 SLP071 P0002 60029 T02220200 10222 20211 50000 $
SDF,2023-06-19 18:56,10.00,700.00,KSDF 191856Z 03008KT 10SM SCT007 BKN020 BKN065 BKN150 BKN200 23/21 A2974 RMK AO2 LTG DSNT S SLP067 T02330206 $
SDF,2023-06-19 19:56,10.00,1300.00,KSDF 191956Z VRB06KT 10SM VCTS FEW013 SCT025 BKN037 BKN200 26/21 A2975 RMK AO2 LTG DSNT SE AND S SLP068 T02560211 $
SDF,2023-06-19 20:56,10.00,2500.00,KSDF 192056Z VRB03KT 10SM VCTS -RA FEW025 BKN070 OVC110 23/20 A2975 RMK AO2 RAB27 TSB12E27 SLP071 TS DSPITD P0003 60003 T02280200 53003 $
SDF,2023-06-19 21:56,3.00,900.00,KSDF 192156Z 02008KT 3SM RA BR FEW009 BKN018 OVC038 23/21 A2975 RMK AO2 SLP071 P0014 T02280211 $
SDF,2023-06-19 22:56,4.00,800.00,KSDF 192256Z 03006KT 4SM RA BR FEW008 BKN023 OVC085 23/21 A2977 RMK AO2 SLP076 P0019 T02280206 $
SDF,2023-06-19 23:56,8.00,2500.00,KSDF 192356Z 03007KT 8SM -RA FEW025 BKN035 OVC060 23/21 A2979 RMK AO2 SLP082 P0006 60042 T02280206 10261 20222 53011 $
SDF,2023-06-20 00:56,10.00,2800.00,KSDF 200056Z 01009KT 10SM -RA FEW028 OVC060 23/20 A2979 RMK AO2 SLP085 P0000 T02280200 $
SDF,2023-06-20 01:56,10.00,2500.00,KSDF 200156Z 01009KT 10SM -RA FEW025 OVC037 22/20 A2981 RMK AO2 RAE16B51 SLP090 P0000 T02220200 $
SDF,2023-06-20 02:56,10.00,2400.00,KSDF 200256Z 01007KT 10SM BKN024 BKN042 OVC065 22/19 A2982 RMK AO2 RAE53 SLP096 P0000 60000 T02220194 53013 $
SDF,2023-06-20 03:56,9.00,2000.00,KSDF 200356Z 01008KT 9SM -RA OVC020 22/19 A2982 RMK AO2 RAB13 SLP095 P0000 T02220194 $
SDF,2023-06-20 04:56,9.00,1600.00,KSDF 200456Z 03007KT 9SM -RA OVC016 22/19 A2982 RMK AO2 SLP093 P0001 T02170194 402610206 $
SDF,2023-06-20 05:56,8.00,1300.00,KSDF 200556Z 03008KT 8SM BKN013 OVC040 22/19 A2981 RMK AO2 RAE11 SLP091 P0000 60001 T02170194 10228 20217 58005 $
SDF,2023-06-20 06:56,7.00,1200.00,KSDF 200656Z 01006KT 7SM BKN012 BKN049 OVC075 22/19 A2981 RMK AO2 SLP090 T02170194 $
SDF,2023-06-20 07:56,8.00,1100.00,KSDF 200756Z 03006KT 8SM OVC011 22/19 A2982 RMK AO2 SLP093 T02170194 $
SDF,2023-06-20 08:56,5.00,1100.00,KSDF 200856Z 03006KT 5SM HZ OVC011 22/19 A2982 RMK AO2 SLP093 T02170189 50003 $
SDF,2023-06-20 09:56,8.00,1100.00,KSDF 200956Z 07007KT 8SM OVC011 22/19 A2983 RMK AO2 SLP096 T02170189 $
SDF,2023-06-20 10:56,6.00,1100.00,KSDF 201056Z 03005KT 6SM BR BKN011 OVC075 22/19 A2984 RMK AO2 SLP101 T02170194
SDF,2023-06-20 11:56,7.00,1100.00,KSDF 201156Z 02007KT 7SM OVC011 22/19 A2985 RMK AO2 SLP104 70072 T02220194 10222 20217 53011
SDF,2023-06-20 12:56,7.00,1200.00,KSDF 201256Z 03006KT 7SM OVC012 22/19 A2987 RMK AO2 SLP109 T02220194
SDF,2023-06-20 13:56,10.00,1500.00,KSDF 201356Z 05010KT 10SM OVC015 23/19 A2988 RMK AO2 SLP114 T02330189
SDF,2023-06-20 14:56,10.00,1600.00,KSDF 201456Z 02010KT 10SM OVC016 23/19 A2989 RMK AO2 SLP116 T02330189 51007
SDF,2023-06-20 15:56,10.00,2100.00,KSDF 201556Z 04010KT 10SM BKN021 OVC027 25/19 A2989 RMK AO2 SLP116 T02500194
SDF,2023-06-20 16:56,10.00,3400.00,KSDF 201656Z 07009KT 10SM OVC034 26/19 A2989 RMK AO2 SLP116 T02610189
SDF,2023-06-20 17:56,10.00,3600.00,KSDF 201756Z 05010G16KT 10SM FEW036 OVC045 28/19 A2988 RMK AO2 SLP114 T02780194 10278 20222 58001
SDF,2023-06-20 18:56,10.00,3600.00,KSDF 201856Z 04009KT 10SM SCT036 SCT085 28/19 A2987 RMK AO2 SLP110 T02830189
SDF,2023-06-20 19:56,10.00,4000.00,KSDF 201956Z 04011G16KT 10SM SCT040 SCT090 BKN250 29/19 A2985 RMK AO2 SLP104 T02940189
SDF,2023-06-20 20:56,10.00,4000.00,KSDF 202056Z 03011KT 10SM SCT040 BKN055 BKN250 29/19 A2985 RMK AO2 LTG DSNT S SLP104 MDT CU DSNT SE NW T02940194 56010
SDF,2023-06-20 21:56,10.00,4000.00,KSDF 202156Z 05015G22KT 10SM SCT040 BKN070 BKN250 29/19 A2986 RMK AO2 LTG DSNT ALQDS RAB2059E05 SLP107 P0000 T02890194
SDF,2023-06-20 22:56,10.00,3500.00,KSDF 202256Z 05015G23KT 10SM FEW035 SCT060 BKN130 28/19 A2988 RMK AO2 LTG DSNT E-SW SLP112 CB DSNT SE T02780189
SDF,2023-06-20 23:56,10.00,3500.00,KSDF 202356Z 05016G22KT 10SM SCT035 BKN060 BKN130 27/19 A2990 RMK AO2 LTG DSNT S AND SW TSB27E47 SLP118 60000 T02720194 10300 20272 53015 $
SDF,2023-06-21 00:56,10.00,3500.00,KSDF 210056Z 05010KT 10SM VCTS FEW035 FEW065 BKN090 OVC130 24/20 A2992 RMK AO2 LTG DSNT SE-W RAB07E24 TSE52 SLP127 P0001 T02390200 $
SDF,2023-06-21 01:56,10.00,1800.00,KSDF 210156Z 03009KT 10SM SCT018 BKN070 BKN140 23/19 A2993 RMK AO2 SLP132 T02330194 $
SDF,2023-06-21 02:56,10.00,1700.00,KSDF 210256Z 04009G17KT 10SM FEW017 FEW070 BKN250 22/18 A2995 RMK AO2 SLP135 60001 T02220183 51017 $
SDF,2023-06-21 03:56,10.00,7500.00,KSDF 210356Z 05010KT 10SM BKN075 23/18 A2996 RMK AO2 SLP140 T02280178 $
SDF,2023-06-21 04:56,10.00,7500.00,KSDF 210456Z 07010KT 10SM FEW075 22/17 A2994 RMK AO2 SLP135 T02170172 403000217 $
SDF,2023-06-21 05:56,10.00,10000.00,KSDF 210556Z 06008KT 10SM FEW100 22/17 A2994 RMK AO2 SLP134 60001 T02170167 10272 20217 58001 $
SDF,2023-06-21 06:56,10.00,6500.00,KSDF 210656Z 03007KT 10SM FEW065 BKN150 22/16 A2993 RMK AO2 SLP131 T02170161 $
SDF,2023-06-21 07:56,10.00,15000.00,KSDF 210756Z 04006KT 10SM SCT150 22/16 A2993 RMK AO2 SLP132 T02170156 $
SDF,2023-06-21 08:56,10.00,8500.00,KSDF 210856Z 06007KT 10SM SCT085 BKN150 22/16 A2994 RMK AO2 SLP132 T02220161 55001 $
SDF,2023-06-21 09:56,10.00,9000.00,KSDF 210956Z 08007KT 10SM SCT090 BKN160 22/16 A2994 RMK AO2 SLP133 T02170161
SDF,2023-06-21 10:56,10.00,8000.00,KSDF 211056Z 06008G16KT 10SM SCT080 BKN180 22/16 A2996 RMK AO2 SLP140 T02170161
SDF,2023-06-21 11:56,10.00,7500.00,KSDF 211156Z 07011KT 10SM -RA BKN075 BKN130 BKN180 22/16 A2998 RMK AO2 RAB40 SLP146 P0000 60000 70001 T02220161 10222 20211 53013
SDF,2023-06-21 12:56,10.00,8000.00,KSDF 211256Z 09012KT 10SM -RA BKN080 OVC130 22/16 A2999 RMK AO2 SLP152 P0000 T02220161
SDF,2023-06-21 13:56,10.00,1000.00,KSDF 211356Z 09014G20KT 10SM -RA FEW010 BKN060 OVC080 21/17 A3000 RMK AO2 SLP157 P0011 T02110167
SDF,2023-06-21 14:56,8.00,2100.00,KSDF 211456Z 08012G17KT 8SM -RA SCT021 SCT080 OVC100 21/17 A3002 RMK AO2 RAE00B38 SLP161 P0000 60011 T02110167 51014
SDF,2023-06-21 15:56,7.00,1500.00,KSDF 211556Z 08010KT 7SM -RA FEW015 OVC110 21/17 A3003 RMK AO2 SLP164 P0001 T02060172
SDF,2023-06-21 16:56,5.00,11000.00,KSDF 211656Z 06006KT 5SM -RA OVC110 21/18 A3002 RMK AO2 SLP161 P0003 T02060178
SDF,2023-06-21 17:56,6.00,10000.00,KSDF 211756Z 04005KT 6SM -RA OVC100 21/18 A3000 RMK AO2 SLP156 P0003 60018 T02110183 10222 20200 58005
SDF,2023-06-21 18:56,8.00,900.00,KSDF 211856Z 36006KT 8SM FEW009 SCT060 OVC090 22/19 A2999 RMK AO2 RAE36 SLP153 P0001 T02220194
SDF,2023-06-21 19:56,9.00,1100.00,KSDF 211956Z 34005KT 9SM SCT011 BKN100 OVC140 24/21 A2997 RMK AO2 SLP145 T02440206
SDF,2023-06-21 20:56,10.00,2900.00,KSDF 212056Z 35004KT 10SM FEW029 SCT050 BKN100 27/21 A2995 RMK AO2 SLP138 60001 T02670206 58016
SDF,2023-06-21 21:56,9.00,4200.00,KSDF 212156Z 36005KT 9SM -RA FEW042 BKN060 OVC075 26/21 A2995 RMK AO2 RAB56 SLP137 P0000 T02610206
SDF,2023-06-21 22:56,10.00,3000.00,KSDF 212256Z 07005KT 10SM VCTS FEW030 BKN045 OVC100 25/19 A2996 RMK AO2 LTG DSNT SW AND W RAE20 TSB28E51 SLP139 P0009 T02500194
SDF,2023-06-21 23:56,10.00,5000.00,KSDF 212356Z 08003KT 10SM FEW050 BKN120 26/19 A2996 RMK AO2 SLP140 60010 T02560194 10272 20211 53001
SDF,2023-06-22 00:56,10.00,10000.00,KSDF 220056Z 06004KT 10SM FEW100 BKN150 25/18 A2995 RMK AO2 SLP137 T02500183
SDF,2023-06-22 01:56,10.00,10000.00,KSDF 220156Z 06005KT 10SM BKN100 24/17 A2995 RMK AO2 SLP138 T02440172
SDF,2023-06-22 02:56,10.00,4200.00,KSDF 220256Z 11015G21KT 10SM SCT042 23/15 A2998 RMK AO2 SLP150 T02280150 53009
SDF,2023-06-22 03:56,10.00,15000.00,KSDF 220356Z 10007KT 10SM FEW150 22/15 A2997 RMK AO2 SLP146 T02170150
SDF,2023-06-22 04:56,10.00,25000.00,KSDF 220456Z 08005KT 10SM FEW250 21/14 A2996 RMK AO2 SLP142 T02060144 402720200
SDF,2023-06-22 05:56,10.00,3000.00,KSDF 220556Z 07010KT 10SM FEW030 FEW250 21/13 A2996 RMK AO2 SLP140 T02060128 10256 20200 56009
SDF,2023-06-22 06:56,10.00,25000.00,KSDF 220656Z 08008G16KT 10SM SCT250 19/12 A2996 RMK AO2 SLP140 T01940122
SDF,2023-06-22 07:56,10.00,25000.00,KSDF 220756Z 05004KT 10SM SCT250 19/13 A2996 RMK AO2 SLP140 T01890128
SDF,2023-06-22 08:56,10.00,24000.00,KSDF 220856Z 07006KT 10SM BKN240 19/13 A2996 RMK AO2 SLP142 T01890128 53003
SDF,2023-06-22 09:56,10.00,15000.00,KSDF 220956Z 07008KT 10SM SCT150 BKN250 18/13 A2997 RMK AO2 SLP146 T01780128
SDF,2023-06-22 10:56,10.00,5000.00,KSDF 221056Z 06008KT 10SM FEW050 BKN160 BKN210 BKN250 18/13 A2997 RMK AO2 SLP146 T01780133
SDF,2023-06-22 11:56,10.00,1800.00,KSDF 221156Z 06009KT 10SM FEW018 FEW040 SCT110 BKN160 OVC200 18/13 A2998 RMK AO2 SLP148 70028 T01780133 10206 20178 51006
SDF,2023-06-22 12:56,10.00,1700.00,KSDF 221256Z 04006KT 10SM BKN017 BKN110 BKN160 OVC200 19/14 A2998 RMK AO2 SLP150 T01890139
SDF,2023-06-22 13:56,10.00,2000.00,KSDF 221356Z 04005KT 10SM BKN020 OVC110 19/14 A2997 RMK AO2 SLP146 T01940139
SDF,2023-06-22 14:56,10.00,2600.00,KSDF 221456Z 04005KT 10SM OVC026 21/14 A2997 RMK AO2 SLP146 T02060144 58002
SDF,2023-06-22 15:56,10.00,2700.00,KSDF 221556Z 07007KT 10SM BKN027 OVC033 21/14 A2997 RMK AO2 SLP145 T02110144
SDF,2023-06-22 16:56,10.00,2900.00,KSDF 221656Z 04007KT 10SM SCT029 OVC037 22/14 A2996 RMK AO2 SLP143 T02220144
SDF,2023-06-22 17:56,10.00,3700.00,KSDF 221756Z 04007KT 10SM OVC037 22/14 A2996 RMK AO2 SLP140 T02170139 10228 20178 58006
SDF,2023-06-22 18:56,10.00,3500.00,KSDF 221856Z 03008KT 10SM OVC035 22/14 A2995 RMK AO2 SLP138 T02220144
SDF,2023-06-22 19:56,10.00,3500.00,KSDF 221956Z 06009KT 10SM OVC035 21/14 A2995 RMK AO2 SLP138 T02110144
SDF,2023-06-22 20:56,10.00,2900.00,KSDF 222056Z 01007KT 10SM FEW029 OVC031 22/14 A2995 RMK AO2 SLP136 T02170144 57003
SDF,2023-06-22 21:56,10.00,2900.00,KSDF 222156Z 04006KT 10SM FEW029 OVC035 22/14 A2993 RMK AO2 SLP132 T02220144
SDF,2023-06-22 22:56,10.00,2500.00,KSDF 222256Z 05008KT 10SM FEW025 BKN043 OVC120 22/14 A2993 RMK AO2 SLP131 T02220144
SDF,2023-06-22 23:56,10.00,2500.00,KSDF 222356Z 07005KT 10SM FEW025 OVC046 22/14 A2993 RMK AO2 SLP130 T02170144 10228 20211 56006
SDF,2023-06-23 00:56,10.00,2900.00,KSDF 230056Z 11007KT 10SM SCT029 BKN033 OVC045 21/15 A2993 RMK AO2 SLP130 T02060150
SDF,2023-06-23 01:56,10.00,2800.00,KSDF 230156Z 07003KT 10SM FEW028 OVC043 21/15 A2993 RMK AO2 SLP133 T02060150
SDF,2023-06-23 02:56,10.00,2800.00,KSDF 230256Z 08004KT 10SM FEW028 SCT034 OVC047 21/15 A2994 RMK AO2 SLP135 T02110150 53005
SDF,2023-06-23 03:56,10.00,4700.00,KSDF 230356Z 02003KT 10SM OVC047 21/15 A2994 RMK AO2 SLP134 T02110150
SDF,2023-06-23 04:56,10.00,3200.00,KSDF 230456Z 04003KT 10SM BKN032 BKN040 OVC048 21/15 A2993 RMK AO2 SLP133 T02110150 402280178
SDF,2023-06-23 05:56,10.00,2700.00,KSDF 230556Z 33004KT 10SM BKN027 OVC034 21/15 A2993 RMK AO2 SLP131 T02060150 10222 20206 56003
SDF,2023-06-23 06:56,10.00,3300.00,KSDF 230656Z 34005KT 10SM FEW033 OVC048 21/15 A2992 RMK AO2 SLP126 T02060150
SDF,2023-06-23 07:56,10.00,4300.00,KSDF 230756Z 33005KT 10SM OVC043 20/16 A2990 RMK AO2 SLP122 T02000156
SDF,2023-06-23 08:56,10.00,2700.00,KSDF 230856Z 32004KT 10SM BKN027 OVC043 20/16 A2991 RMK AO2 SLP124 T02000156 56002
SDF,2023-06-23 09:56,10.00,3400.00,KSDF 230956Z 00000KT 10SM OVC034 20/16 A2992 RMK AO2 SLP129 T02000156
SDF,2023-06-23 10:56,10.00,2700.00,KSDF 231056Z 29003KT 10SM OVC027 20/16 A2994 RMK AO2 SLP135 T02000156
SDF,2023-06-23 11:56,10.00,2800.00,KSDF 231156Z 00000KT 10SM BKN028 OVC038 21/16 A2995 RMK AO2 SLP138 T02060156 10206 20200 51014
SDF,2023-06-23 12:56,10.00,2800.00,KSDF 231256Z 00000KT 10SM SCT028 OVC036 21/16 A2997 RMK AO2 SLP144 T02060156
SDF,2023-06-23 13:56,10.00,1900.00,KSDF 231356Z 00000KT 10SM SCT019 OVC048 21/16 A2998 RMK AO2 SLP147 T02110161
SDF,2023-06-23 14:56,10.00,2200.00,KSDF 231456Z 00000KT 10SM SCT022 BKN039 23/16 A2998 RMK AO2 SLP147 T02280161 51008
SDF,2023-06-23 15:56,10.00,3000.00,KSDF 231556Z 26006KT 10SM FEW030 BKN043 BKN070 BKN150 23/16 A2997 RMK AO2 SLP144 T02330161
SDF,2023-06-23 16:56,10.00,3300.00,KSDF 231656Z 25007KT 10SM BKN033 BKN050 BKN080 BKN150 24/16 A2996 RMK AO2 SLP139 T02390161
SDF,2023-06-23 17:56,10.00,3500.00,KSDF 231756Z 35003KT 10SM FEW035 BKN055 BKN150 27/16 A2994 RMK AO2 SLP133 T02670161 10267 20206 58012
SDF,2023-06-23 18:56,10.00,3400.00,KSDF 231856Z 00000KT 10SM FEW034 OVC048 24/16 A2993 RMK AO2 SLP132 T02440156
SDF,2023-06-23 19:56,10.00,2500.00,KSDF 231956Z 06004KT 10SM FEW025 BKN037 OVC050 24/16 A2993 RMK AO2 SLP132 T02440156
SDF,2023-06-23 20:56,10.00,2500.00,KSDF 232056Z 01005KT 10SM FEW025 BKN036 OVC050 24/16 A2994 RMK AO2 RAB33E51 SLP134 P0000 60000 T02390161 55000
SDF,2023-06-23 21:56,10.00,2500.00,KSDF 232156Z VRB03KT 10SM FEW025 FEW035 OVC055 24/17 A2994 RMK AO2 RAB2057E22 SLP134 SH DSNT SE P0000 T02390167
SDF,2023-06-23 22:56,10.00,2500.00,KSDF 232256Z 33005KT 10SM FEW025 OVC055 23/17 A2993 RMK AO2 SLP133 T02330167
SDF,2023-06-23 23:56,10.00,2500.00,KSDF 232356Z 27003KT 10SM FEW025 BKN070 23/17 A2993 RMK AO2 SLP133 60000 T02330167 10261 20233 58001
SDF,2023-06-24 00:56,10.00,2500.00,KSDF 240056Z 29004KT 10SM FEW025 SCT055 BKN070 23/17 A2993 RMK AO2 SLP131 T02280172
SDF,2023-06-24 01:56,10.00,7500.00,KSDF 240156Z 00000KT 10SM BKN075 23/17 A2993 RMK AO2 SLP131 T02280167
SDF,2023-06-24 02:56,10.00,7000.00,KSDF 240256Z 11003KT 10SM BKN070 22/17 A2993 RMK AO2 SLP132 T02170172 55001
SDF,2023-06-24 03:56,10.00,7000.00,KSDF 240356Z 13003KT 10SM OVC070 22/18 A2994 RMK AO2 SLP132 T02170178
SDF,2023-06-24 04:56,10.00,7500.00,KSDF 240456Z 21005KT 10SM OVC075 22/17 A2994 RMK AO2 SLP135 T02170172 402670200
SDF,2023-06-24 05:56,10.00,7500.00,KSDF 240556Z 21005KT 10SM OVC075 22/17 A2994 RMK AO2 SLP133 T02170172 10233 20217 50003
SDF,2023-06-24 06:56,10.00,8500.00,KSDF 240656Z 18004KT 10SM OVC085 22/17 A2993 RMK AO2 SLP132 T02170172
SDF,2023-06-24 07:56,10.00,9000.00,KSDF 240756Z 26005KT 10SM OVC090 22/17 A2993 RMK AO2 SLP132 T02170172
SDF,2023-06-24 08:56,10.00,6000.00,KSDF 240856Z 25003KT 10SM FEW060 OVC090 22/17 A2994 RMK AO2 SLP132 T02170172 55001
SDF,2023-06-24 09:56,10.00,9000.00,KSDF 240956Z VRB03KT 10SM OVC090 22/17 A2994 RMK AO2 SLP134 T02170172
SDF,2023-06-24 10:56,10.00,9000.00,KSDF 241056Z 23003KT 10SM SCT090 21/17 A2996 RMK AO2 SLP140 T02110172
SDF,2023-06-24 11:56,10.00,9000.00,KSDF 241156Z 22004KT 10SM SCT090 22/18 A2998 RMK AO2 SLP146 T02170178 10222 20206 53013
SDF,2023-06-24 12:56,10.00,9000.00,KSDF 241256Z 23005KT 10SM SCT090 24/18 A2999 RMK AO2 SLP150 T02390178
SDF,2023-06-24 13:56,10.00,M,KSDF 241356Z 29004KT 10SM CLR 26/18 A2998 RMK AO2 SLP148 T02560178
SDF,2023-06-24 14:56,10.00,M,KSDF 241456Z 27007KT 10SM CLR 28/18 A2998 RMK AO2 SLP148 T02780183 50002
SDF,2023-06-24 15:56,10.00,9000.00,KSDF 241556Z 27010KT 10SM FEW090 29/18 A2996 RMK AO2 SLP142 T02890183
SDF,2023-06-24 16:56,10.00,9000.00,KSDF 241656Z 29009KT 10SM FEW090 29/18 A2995 RMK AO2 SLP137 T02940178
SDF,2023-06-24 17:56,10.00,8500.00,KSDF 241756Z 31008KT 10SM SCT085 31/17 A2993 RMK AO2 SLP131 T03060167 10311 20217 56016
SDF,2023-06-24 18:56,10.00,6500.00,KSDF 241856Z 30007KT 10SM FEW065 BKN090 30/16 A2993 RMK AO2 SLP130 T03000161
SDF,2023-06-24 19:56,10.00,6500.00,KSDF 241956Z 31006KT 10SM SCT065 32/16 A2993 RMK AO2 SLP128 T03220161
SDF,2023-06-24 20:56,10.00,6500.00,KSDF 242056Z 29008KT 250V330 10SM SCT065 32/16 A2992 RMK AO2 SLP125 T03170161 58006
SDF,2023-06-24 21:56,10.00,6500.00,KSDF 242156Z 29007KT 10SM FEW065 32/15 A2990 RMK AO2 SLP120 T03170150
SDF,2023-06-24 22:56,10.00,6500.00,KSDF 242256Z 28007KT 10SM FEW065 31/14 A2989 RMK AO2 SLP117 T03110144
SDF,2023-06-24 23:56,10.00,6500.00,KSDF 242356Z 28006KT 10SM FEW065 30/14 A2989 RMK AO2 SLP117 T03000144 10322 20294 56007
SDF,2023-06-25 00:56,10.00,30000.00,KSDF 250056Z 22005KT 10SM FEW300 29/16 A2990 RMK AO2 SLP118 T02890156
SDF,2023-06-25 01:56,10.00,25000.00,KSDF 250156Z 21005KT 10SM FEW250 FEW300 28/17 A2991 RMK AO2 SLP121 T02780167
SDF,2023-06-25 02:56,10.00,M,KSDF 250256Z 19004KT 10SM CLR 26/17 A2991 RMK AO2 SLP122 T02610167 51005
SDF,2023-06-25 03:56,10.00,M,KSDF 250356Z 19003KT 10SM CLR 25/17 A2991 RMK AO2 SLP121 T02500167
SDF,2023-06-25 04:56,8.00,25000.00,KSDF 250456Z 14004KT 8SM FEW250 23/18 A2990 RMK AO2 SLP121 T02330178 403220206
SDF,2023-06-25 05:56,8.00,6000.00,KSDF 250556Z 13003KT 8SM FEW060 23/18 A2990 RMK AO2 SLP118 T02280183 10300 20222 58004
SDF,2023-06-25 06:56,8.00,7000.00,KSDF 250656Z 12003KT 8SM SCT070 23/18 A2989 RMK AO2 SLP115 T02280178
SDF,2023-06-25 07:56,9.00,6500.00,KSDF 250756Z 13005KT 9SM FEW065 22/17 A2988 RMK AO2 SLP112 T02220172
SDF,2023-06-25 08:56,9.00,6500.00,KSDF 250856Z 12005KT 9SM FEW065 SCT150 22/17 A2987 RMK AO2 SLP108 T02220172 58009
SDF,2023-06-25 09:56,9.00,6500.00,KSDF 250956Z 11004KT 9SM FEW065 FEW120 SCT160 SCT250 22/17 A2988 RMK AO2 SLP111 T02220167
SDF,2023-06-25 10:56,8.00,11000.00,KSDF 251056Z 14006KT 8SM FEW110 BKN170 BKN250 22/17 A2984 RMK AO2 LTG DSNT SW AND W SLP100 T02220172
SDF,2023-06-25 11:56,10.00,5000.00,KSDF 251156Z 27005KT 10SM VCTS FEW050 BKN070 OVC300 24/18 A2987 RMK AO2 LTG DSNT ALQDS SLP108 LTG DSNT SW-NW T02390178 10239 20217 55000
SDF,2023-06-25 12:56,3.00,5000.00,KSDF 251256Z VRB06G16KT 3SM TSRA BR FEW050 SCT065CB BKN110 OVC140 21/19 A2989 RMK AO2 WSHFT 1229 LTG DSNT ALQDS RAB07 TSB1158 SLP116 CONS LTGIC ALQDS TS ALQDS MOV E P0006 T02110194
SDF,2023-06-25 13:56,7.00,800.00,KSDF 251356Z 15009KT 7SM -TSRA FEW008 SCT060CB BKN090 OVC130 21/19 A2989 RMK AO2 LTG DSNT ALQDS SLP118 FRQ LTGIC ALQDS TS ALQDS MOV E P0010 T02110194
SDF,2023-06-25 14:56,10.00,800.00,KSDF 251456Z 17010KT 10SM FEW008 FEW030 SCT100 SCT150 OVC200 22/19 A2986 RMK AO2 WSHFT 1357 LTG DSNT SE AND S RAE51 TSE32 SLP106 P0001 60017 T02170194 58003
SDF,2023-06-25 15:56,10.00,1500.00,KSDF 251556Z 21005KT 10SM FEW015 FEW050 SCT180 BKN300 24/20 A2986 RMK AO2 SLP105 T02390200
SDF,2023-06-25 16:56,10.00,1300.00,KSDF 251656Z 16010KT 10SM FEW013 SCT300 27/21 A2984 RMK AO2 SLP101 T02670206
SDF,2023-06-25 17:56,10.00,2000.00,KSDF 251756Z 17011KT 10SM FEW020 FEW300 28/21 A2983 RMK AO2 SLP096 60017 T02830211 10283 20211 58010
SDF,2023-06-25 18:56,10.00,3000.00,KSDF 251856Z 22010KT 10SM FEW030 FEW300 29/22 A2980 RMK AO2 SLP085 T02940217
SDF,2023-06-25 19:56,10.00,3500.00,KSDF 251956Z 18011KT 10SM FEW035 FEW300 31/23 A2975 RMK AO2 SLP068 CB DSNT NW-N T03060228
SDF,2023-06-25 20:56,10.00,4500.00,KSDF 252056Z 20012KT 10SM FEW045 FEW200 BKN300 32/23 A2972 RMK AO2 SLP056 T03170228 58038
SDF,2023-06-25 21:56,10.00,4500.00,KSDF 252156Z 13008KT 10SM TS FEW045CB BKN220 BKN300 30/23 A2972 RMK AO2 LTG DSNT SW-N TSB37 SLP056 OCNL LTGICCC W-N TS W-N MOV E CBMAM OHD-NE-SE MOV E T03000233
SDF,2023-06-25 22:56,1.00,2200.00,KSDF 252256Z 34020G37KT 1SM +TSRAGR FEW022 BKN035CB OVC070 21/18 A2983 RMK AO2 PK WND 34037/2253 WSHFT 2231 LTG DSNT ALQDS RAB05GRB31E38B56 PRESRR SLP099 FRQ LTGICCCCG ALQDS TS ALQDS MOV E GR 3/4" CBMAM DSIPT P0073 T0211
SDF,2023-06-25 23:56,10.00,3000.00,KSDF 252356Z 16011KT 10SM FEW030 SCT065 BKN300 22/18 A2967 RMK AO2 PK WND 12030/2304 WSHFT 2243 LTG DSNT ALQDS RAE19GRE08 TSE38 SLP041 TS MOV E CB DSNT SE AND DSNT W P0041 60114 T02220178 10317 20206 58016
SDF,2023-06-26 00:56,10.00,2500.00,KSDF 260056Z 33027G47KT 10SM -TSRA SCT025CB SCT035 BKN050 BKN300 24/18 A2975 RMK AO2 PK WND 34047/0056 LTG DSNT ALQDS RAB22 TSB34 PRESRR SLP069 CONS LTGIC N-NE TS N-NE MOV E P0000 T02390178
SDF,2023-06-26 01:56,3.00,1800.00,KSDF 260156Z COR 17012KT 3SM -TSRA FEW018 BKN034CB BKN050 21/19 A2975 RMK AO2 PK WND 34043/0057 WSHFT 0054 LTG DSNT ALQDS GRB01E16 SLP069 FRQ LTGIC ALQDS TS ALQDS MOV E P0052 T02060189
SDF,2023-06-26 02:56,10.00,1000.00,KSDF 260256Z 16005KT 10SM VCTS -RA FEW010 BKN045CB OVC090 21/19 A2974 RMK AO2 WSHFT 0159 LTG DSNT ALQDS TSE56 SLP068 OCNL LTGIC SE TS SE MOV E CONS LTGIC DSNT E-S-SW CB E-S-SW P0034 60086 T02110194 50025
SDF,2023-06-26 03:56,10.00,7000.00,KSDF 260356Z 17003KT 10SM FEW070 FEW100 SCT300 21/19 A2970 RMK AO2 LTG DSNT SE AND S RAE13 SLP052 CONS LTG DSNT S CB DSNT S P0000 T02110189
SDF,2023-06-26 04:56,10.00,1000.00,KSDF 260456Z 15006KT 10SM FEW010 FEW100 FEW300 21/19 A2973 RMK AO2 SLP061 LTG DSNT S T02060189 403170206
SDF,2023-06-26 05:56,10.00,3000.00,KSDF 260556Z 15007KT 10SM FEW030 BKN100 21/19 A2974 RMK AO2 SLP064 60086 T02060194 10239 20206 55003
SDF,2023-06-26 06:56,10.00,900.00,KSDF 260656Z 19004KT 10SM FEW009 BKN075 BKN100 21/19 A2973 RMK AO2 SLP062 T02060189
SDF,2023-06-26 07:56,10.00,7500.00,KSDF 260756Z 21006KT 10SM FEW075 FEW100 21/19 A2972 RMK AO2 SLP060 T02060189
SDF,2023-06-26 08:56,10.00,6000.00,KSDF 260856Z 19004KT 10SM FEW060 FEW100 21/18 A2972 RMK AO2 SLP058 T02060183 56006
SDF,2023-06-26 09:56,10.00,7000.00,KSDF 260956Z 20005KT 10SM BKN070 21/18 A2973 RMK AO2 SLP061 T02110183
SDF,2023-06-26 10:56,10.00,6500.00,KSDF 261056Z 24007KT 10SM SCT065 22/17 A2972 RMK AO2 SLP061 T02170167
SDF,2023-06-26 11:56,10.00,6500.00,KSDF 261156Z 23007KT 10SM FEW065 23/17 A2973 RMK AO2 SLP062 70217 T02280167 10228 20206 51004
SDF,2023-06-26 12:56,10.00,M,KSDF 261256Z 25009KT 10SM CLR 24/17 A2974 RMK AO2 SLP065 T02390167
SDF,2023-06-26 13:56,10.00,M,KSDF 261356Z 24011KT 10SM CLR 25/17 A2974 RMK AO2 SLP065 T02500167
SDF,2023-06-26 14:56,10.00,3000.00,KSDF 261456Z 26013G20KT 10SM FEW030 26/17 A2973 RMK AO2 SLP063 T02610172 50001
SDF,2023-06-26 15:56,10.00,3800.00,KSDF 261556Z 28013G22KT 10SM FEW038 27/17 A2973 RMK AO2 SLP063 T02670172
SDF,2023-06-26 16:56,10.00,4000.00,KSDF 261656Z 26015G23KT 10SM FEW040 28/18 A2972 RMK AO2 SLP060 T02780178
SDF,2023-06-26 17:56,10.00,4600.00,KSDF 261756Z 25014G21KT 10SM SCT046 29/18 A2972 RMK AO2 SLP059 T02890178 10289 20228 58003
SDF,2023-06-26 18:56,10.00,4700.00,KSDF 261856Z 27013G23KT 10SM BKN047 28/17 A2972 RMK AO2 SLP059 T02830172
SDF,2023-06-26 19:56,10.00,6000.00,KSDF 261956Z 25014KT 10SM BKN060 29/18 A2972 RMK AO2 SLP058 SH DSNT E T02890178
SDF,2023-06-26 20:56,10.00,4900.00,KSDF 262056Z 26010G21KT 10SM FEW049 SCT065 BKN110 29/18 A2972 RMK AO2 LTG DSNT N SLP057 T02890178 57002
SDF,2023-06-26 21:56,10.00,5000.00,KSDF 262156Z 26017KT 10SM BKN050 BKN120 29/17 A2971 RMK AO2 SLP054 T02890172
SDF,2023-06-26 22:56,10.00,5500.00,KSDF 262256Z 28015KT 10SM SCT055 BKN110 29/17 A2971 RMK AO2 SLP056 T02890167
SDF,2023-06-26 23:56,10.00,5500.00,KSDF 262356Z 31009KT 10SM FEW055 SCT070 BKN100 26/18 A2973 RMK AO2 LTG DSNT S RAB35E53 SLP063 SH VC NE AND DSNT S P0000 60000 T02560183 10300 20256 53006
SDF,2023-06-27 00:56,10.00,6000.00,KSDF 270056Z 26008KT 10SM FEW060 FEW100 24/18 A2973 RMK AO2 SLP063 TCU DSNT S MDT CU DSNT SE T02440183
SDF,2023-06-27 01:56,10.00,10000.00,KSDF 270156Z 29008KT 10SM FEW100 24/17 A2975 RMK AO2 SLP070 T02390172
SDF,2023-06-27 02:56,10.00,10000.00,KSDF 270256Z 31006KT 10SM SCT100 24/17 A2978 RMK AO2 SLP078 T02390167 53014
SDF,2023-06-27 03:56,10.00,8000.00,KSDF 270356Z 29007KT 10SM FEW080 23/16 A2978 RMK AO2 SLP079 T02280161
SDF,2023-06-27 04:56,10.00,8000.00,KSDF 270456Z 29006KT 10SM FEW080 22/16 A2978 RMK AO2 SLP081 T02220161 403000206
SDF,2023-06-27 05:56,10.00,7000.00,KSDF 270556Z 30008KT 10SM FEW070 22/16 A2979 RMK AO2 SLP082 T02220161 10256 20217 52004
SDF,2023-06-27 06:56,10.00,M,KSDF 270656Z 30005KT 10SM CLR 22/16 A2978 RMK AO2 SLP080 T02170161
SDF,2023-06-27 07:56,10.00,M,KSDF 270756Z 29009KT 10SM CLR 21/16 A2979 RMK AO2 SLP084 T02060161
SDF,2023-06-27 08:56,10.00,30000.00,KSDF 270856Z 30007KT 10SM SCT300 21/16 A2980 RMK AO2 SLP086 T02060161 53004
SDF,2023-06-27 09:56,9.00,5000.00,KSDF 270956Z 28006KT 9SM FEW050 19/16 A2982 RMK AO2 SLP093 T01940161
SDF,2023-06-27 10:56,8.00,M,KSDF 271056Z 29006KT 8SM CLR 21/16 A2983 RMK AO2 SLP097 T02060161
SDF,2023-06-27 11:56,7.00,M,KSDF 271156Z 29008KT 7SM CLR 21/17 A2984 RMK AO2 SLP099 T02060167 10222 20194 51013
SDF,2023-06-27 12:56,6.00,M,KSDF 271256Z 30007KT 6SM HZ CLR 22/17 A2985 RMK AO2 SLP103 T02220167
SDF,2023-06-27 13:56,7.00,M,KSDF 271356Z 30005KT 7SM CLR 24/17 A2986 RMK AO2 SLP106 T02440172
SDF,2023-06-27 14:56,8.00,3000.00,KSDF 271456Z 30010KT 8SM FEW030 26/17 A2985 RMK AO2 SLP104 T02560172 50005
SDF,2023-06-27 15:56,9.00,3600.00,KSDF 271556Z 28013KT 9SM SCT036 27/18 A2986 RMK AO2 SLP106 T02670178
SDF,2023-06-27 16:56,10.00,4400.00,KSDF 271656Z 29015G22KT 10SM BKN044 26/17 A2985 RMK AO2 SLP104 T02610172
SDF,2023-06-27 17:56,10.00,4100.00,KSDF 271756Z 30011G18KT 10SM SCT041 28/17 A2985 RMK AO2 SLP104 T02780172 10278 20206 51001
SDF,2023-06-27 18:56,10.00,4400.00,KSDF 271856Z 31013G23KT 10SM BKN044 28/17 A2986 RMK AO2 SLP107 T02780167
SDF,2023-06-27 19:56,10.00,4600.00,KSDF 271956Z 30013G17KT 10SM FEW046 SCT065 28/17 A2987 RMK AO2 SLP109 T02830172
SDF,2023-06-27 20:56,10.00,4800.00,KSDF 272056Z 30012G18KT 10SM SCT048 28/17 A2988 RMK AO2 SLP112 T02780167 53008
SDF,2023-06-27 21:56,10.00,4900.00,KSDF 272156Z 32009KT 10SM SCT049 28/17 A2988 RMK AO2 SLP112 T02830167
SDF,2023-06-27 22:56,7.00,5000.00,KSDF 272256Z 29012KT 7SM SCT050 28/16 A2987 RMK AO2 SLP110 T02780161
SDF,2023-06-27 23:56,6.00,4700.00,KSDF 272356Z 31010KT 6SM HZ FEW047 27/16 A2988 RMK AO2 SLP114 T02670161 10289 20267 53001
SDF,2023-06-28 00:56,5.00,5000.00,KSDF 280056Z 30008KT 5SM HZ FEW050 FEW250 26/16 A2988 RMK AO2 SLP113 T02560161
SDF,2023-06-28 01:56,6.00,4900.00,KSDF 280156Z 31006KT 6SM HZ SCT049 25/17 A2990 RMK AO2 SLP120 T02500167
SDF,2023-06-28 02:56,6.00,4900.00,KSDF 280256Z 28005KT 6SM HZ FEW049 23/17 A2992 RMK AO2 SLP127 T02330172 53013
SDF,2023-06-28 03:56,5.00,4300.00,KSDF 280356Z 30005KT 5SM HZ BKN043 23/17 A2994 RMK AO2 SLP133 T02280172
SDF,2023-06-28 04:56,5.00,4400.00,KSDF 280456Z 01006KT 5SM HZ SCT044 23/17 A2993 RMK AO2 SLP131 T02280172 402890194
SDF,2023-06-28 05:56,5.00,3900.00,KSDF 280556Z 36004KT 5SM HZ OVC039 22/17 A2994 RMK AO2 SLP134 T02220172 10267 20222 51007
SDF,2023-06-28 06:56,5.00,3500.00,KSDF 280656Z 34003KT 5SM HZ OVC035 22/17 A2995 RMK AO2 SLP138 FU OVC035 T02170167
SDF,2023-06-28 07:56,4.00,2900.00,KSDF 280756Z 00000KT 4SM HZ OVC029 21/17 A2996 RMK AO2 SLP141 FU OVC029 T02110172
SDF,2023-06-28 08:56,3.00,3000.00,KSDF 280856Z 01007KT 3SM HZ OVC030 21/16 A2997 RMK AO2 SLP143 FU OVC030 T02060161 51009
SDF,2023-06-28 09:56,2.50,2900.00,KSDF 280956Z 03003KT 2 1/2SM HZ FU SCT029 19/16 A2997 RMK AO2 SLP144 FU SCT029 T01940161
SDF,2023-06-28 10:56,2.00,2400.00,KSDF 281056Z 00000KT 2SM BR FU OVC024 19/17 A2999 RMK AO2 SLP151 FU OVC024 T01890167
SDF,2023-06-28 11:56,2.50,2200.00,KSDF 281156Z 00000KT 2 1/2SM HZ FU FEW022 SCT250 21/17 A3001 RMK AO2 SLP158 FU FEW022 T02060172 10222 20183 53015
SDF,2023-06-28 12:56,2.00,2200.00,KSDF 281256Z 07003KT 2SM HZ FU FEW022 SCT250 22/16 A3002 RMK AO2 SLP161 T02170161
SDF,2023-06-28 13:56,1.50,2200.00,KSDF 281356Z 00000KT 1 1/2SM HZ FU FEW022 FEW250 23/16 A3004 RMK AO2 SLP166 FU FEW022 P0000 T02280156
SDF,2023-06-28 14:56,2.00,2200.00,KSDF 281456Z 00000KT 2SM HZ FU FEW022 24/17 A3004 RMK AO2 SLP166 FU FEW022 60000 T02440167 50008
SDF,2023-06-28 15:56,2.00,2500.00,KSDF 281556Z 00000KT 2SM HZ FU FEW025 26/17 A3002 RMK AO2 SLP161 FU FEW025 T02560167
SDF,2023-06-28 16:56,3.00,2800.00,KSDF 281656Z 24003KT 3SM HZ FU FEW028 27/17 A3001 RMK AO2 SLP156 FU FEW028 T02670172
SDF,2023-06-28 17:56,3.00,3200.00,KSDF 281756Z 00000KT 3SM HZ FU BKN032 BKN200 28/17 A3000 RMK AO2 SLP153 FU BKN032 60000 T02780167 10283 20206 56013
SDF,2023-06-28 18:56,3.00,3500.00,KSDF 281856Z COR 00000KT 3SM HZ FU FEW035 SCT130 SCT180 SCT250 29/16 A2997 RMK AO2 SLP143 FU FEW035 T02940161
SDF,2023-06-28 19:56,3.00,3700.00,KSDF 281956Z 17008KT 3SM HZ FU FEW037 SCT150 SCT250 28/16 A2997 RMK AO2 SLP142 FU FEW037 T02830161
SDF,2023-06-28 20:56,3.00,3900.00,KSDF 282056Z 20007KT 3SM HZ FU FEW039 SCT150 SCT250 28/17 A2998 RMK AO2 SLP149 FU FEW039 T02830172 55004
SDF,2023-06-28 21:56,4.00,3900.00,KSDF 282156Z 18004KT 4SM HZ FU FEW039 SCT120 SCT250 29/17 A2997 RMK AO2 SLP143 FU FEW039 T02940172
SDF,2023-06-28 22:56,4.00,12000.00,KSDF 282256Z 20003KT 4SM HZ SCT120 SCT250 28/16 A2997 RMK AO2 SLP144 T02830161
SDF,2023-06-28 23:56,4.00,12000.00,KSDF 282356Z 15005KT 4SM HZ BKN120 28/17 A2995 RMK AO2 SLP138 T02780167 10294 20278 56011
SDF,2023-06-29 00:56,4.00,12000.00,KSDF 290056Z 14007KT 4SM HZ SCT120 27/17 A2994 RMK AO2 SLP133 T02720172
SDF,2023-06-29 01:56,5.00,12000.00,KSDF 290156Z 12003KT 5SM HZ FEW120 27/17 A2996 RMK AO2 SLP141 T02670172
SDF,2023-06-29 02:56,5.00,M,KSDF 290256Z 15003KT 5SM HZ CLR 26/18 A2997 RMK AO2 SLP144 T02560178 53006
SDF,2023-06-29 03:56,5.00,M,KSDF 290356Z 14005KT 5SM HZ CLR 24/18 A2997 RMK AO2 SLP144 T02440183
SDF,2023-06-29 04:56,5.00,4300.00,KSDF 290456Z 00000KT 5SM HZ FU SCT043 24/18 A2998 RMK AO2 SLP148 FU SCT043 T02440178 402940183
SDF,2023-06-29 05:56,5.00,4400.00,KSDF 290556Z 11003KT 5SM HZ FU SCT044 24/18 A2998 RMK AO2 SLP148 FU SCT044 T02390178 10278 20239 53004
SDF,2023-06-29 06:56,4.00,M,KSDF 290656Z VRB03KT 4SM HZ FU CLR 23/18 A2998 RMK AO2 SLP145 T02280183
SDF,2023-06-29 07:56,4.00,M,KSDF 290756Z 14004KT 4SM HZ FU CLR 22/18 A2998 RMK AO2 SLP148 T02220183
SDF,2023-06-29 08:56,4.00,M,KSDF 290856Z 13005KT 4SM HZ FU CLR 22/18 A2998 RMK AO2 SLP146 T02170183 57003
SDF,2023-06-29 09:56,4.00,M,KSDF 290956Z 13004KT 4SM HZ FU CLR 21/18 A2998 RMK AO2 SLP147 T02110183
SDF,2023-06-29 10:56,3.00,20000.00,KSDF 291056Z 17004KT 3SM HZ FU FEW200 BKN300 22/18 A3000 RMK AO2 SLP154 T02170183
SDF,2023-06-29 11:56,4.00,5000.00,KSDF 291156Z 12004KT 4SM HZ FU FEW050 SCT150 BKN200 OVC250 22/18 A3000 RMK AO2 SLP154 T02170183 10239 20211 51008
SDF,2023-06-29 12:56,4.00,6000.00,KSDF 291256Z 11005KT 4SM HZ FU FEW060 FEW100 BKN150 OVC200 22/18 A3000 RMK AO2 LTG DSNT W AND NW SLP155 T02220183
SDF,2023-06-29 13:56,4.00,4700.00,KSDF 291356Z 21005KT 4SM -TSRA FU SCT047 BKN070CB OVC110 22/19 A3002 RMK AO2 LTG DSNT ALQDS RAB00 TSB12 SLP162 OCNL LTGIC OHD TS OHD MOV SE P0001 T02220189
SDF,2023-06-29 14:56,3.00,4000.00,KSDF 291456Z 08005KT 3SM -TSRA FU FEW040 BKN080CB OVC110 22/19 A3006 RMK AO2 LTG DSNT ALQDS SLP173 OCNL LTGIC N AND E TS OHD MOV STNRY P0005 60006 T02170194 53019
SDF,2023-06-29 15:56,3.00,8500.00,KSDF 291556Z 17018KT 3SM -TSRA FU FEW085 OVC110CB 22/19 A2998 RMK AO2 LTG DSNT E AND SW TSE04B13E46B55 PRESFR SLP146 OCNL LTGIC SE TS SE MOV SE P0004 T02170194
SDF,2023-06-29 16:56,4.00,11000.00,KSDF 291656Z 19009G20KT 4SM HZ FU SCT110 BKN160 OVC210 23/19 A2995 RMK AO2 PK WND 19031/1613 LTG DSNT S AND NW RAE18 TSE13 PRESRR SLP136 TS DSIPT P0001 T02330189
SDF,2023-06-29 17:56,4.00,5000.00,KSDF 291756Z 21005KT 4SM HZ FU FEW050 BKN130 OVC200 24/20 A2999 RMK AO2 RAB35E51 PRESFR SLP150 P0000 60011 T02390200 10239 20217 55023
SDF,2023-06-29 18:56,5.00,3000.00,KSDF 291856Z VRB06KT 5SM HZ FU FEW030 FEW100 FEW150 BKN200 OVC250 26/20 A2992 RMK AO2 WSHFT 1813 RAB03E24 SLP126 P0000 T02560200
SDF,2023-06-29 19:56,8.00,3000.00,KSDF 291956Z VRB04KT 8SM FEW030 FEW050 SCT100 OVC250 27/20 A2996 RMK AO2 LTG DSNT W SLP142 T02720200
SDF,2023-06-29 20:56,10.00,3200.00,KSDF 292056Z 31020G33KT 10SM BKN032 OVC050 27/19 A3015 RMK AO2 PK WND 32033/2053 LTG DSNT SW-N PRESRR SLP204 60000 T02670194 53054
SDF,2023-06-29 21:56,7.00,3000.00,KSDF 292156Z 02008KT 7SM TSRA FEW030CB SCT090 OVC110 23/19 A3012 RMK AO2 PK WND 32037/2118 LTG DSNT ALQDS RAB10 TSE2057B50 SLP196 OCNL LTGIC E TS E MOV SE P0001 T02280189
SDF,2023-06-29 22:56,10.00,1000.00,KSDF 292256Z 12012KT 10SM -RA FEW010 SCT090 BKN110 OVC130 21/18 A2997 RMK AO2 TSE21 PRESFR SLP144 TS DSIPT P0009 T02110183
SDF,2023-06-29 23:56,10.00,7000.00,KSDF 292356Z 17007KT 10SM FEW070 FEW100 BKN120 OVC300 22/19 A2994 RMK AO2 WSHFT 2304 RAE08 SLP135 P0000 60010 T02170189 10272 20211 57069
SDF,2023-06-30 00:56,10.00,7000.00,KSDF 300056Z 22007KT 10SM FEW070 SCT130 OVC200 22/18 A2996 RMK AO2 SLP140 SH DSNT SW T02170183
SDF,2023-06-30 01:56,10.00,7000.00,KSDF 300156Z 28012KT 10SM FEW070 FEW160 OVC220 21/19 A2993 RMK AO2 RAB09E18 SLP130 FRQ LTGIC DSNT SW-W CB DSNT SW-W P0000 T02110189
SDF,2023-06-30 02:56,10.00,25000.00,KSDF 300256Z 00000KT 10SM OVC250 22/19 A2992 RMK AO2 SLP127 FRQ LTGIC DSNT W CB DSNT W 60000 T02170189 58008
SDF,2023-06-30 03:56,10.00,9500.00,KSDF 300356Z 08003KT 10SM FEW095 OVC250 22/19 A2996 RMK AO2 SLP141 T02170189
SDF,2023-06-30 04:56,10.00,9000.00,KSDF 300456Z 16006KT 10SM SCT090 BKN110 21/19 A2996 RMK AO2 LTG DSNT N SLP140 T02110189 402720211
SDF,2023-06-30 05:56,10.00,5000.00,KSDF 300556Z 00000KT 10SM FEW050 SCT080 BKN130 21/19 A2996 RMK AO2 LTG DSNT N-E TSE31 SLP140 60000 T02110189 10222 20211 53001
SDF,2023-06-30 06:56,10.00,4000.00,KSDF 300656Z 36005KT 10SM OVC040 21/19 A2999 RMK AO2 LTG DSNT NE-SE SLP150 T02110189
SDF,2023-06-30 07:56,10.00,3800.00,KSDF 300756Z 00000KT 10SM OVC038 21/19 A2997 RMK AO2 LTG DSNT NE SLP144 T02110189
SDF,2023-06-30 08:56,10.00,3500.00,KSDF 300856Z 12005KT 10SM FEW035 SCT050 21/19 A2997 RMK AO2 LTG DSNT N AND NE SLP145 T02110189 51005
SDF,2023-06-30 09:56,10.00,3300.00,KSDF 300956Z 11006KT 10SM OVC033 21/19 A2997 RMK AO2 LTG DSNT N-E SLP145 T02110189
SDF,2023-06-30 10:56,10.00,3300.00,KSDF 301056Z 11008KT 10SM OVC033 23/19 A2999 RMK AO2 LTG DSNT E-S SLP152 T02280194
SDF,2023-06-30 11:56,10.00,3100.00,KSDF 301156Z 10007KT 10SM OVC031 22/19 A3000 RMK AO2 SLP154 70021 T02220194 10228 20211 53008
SDF,2023-06-30 12:56,10.00,1000.00,KSDF 301256Z 14010KT 10SM FEW010 OVC029 23/19 A3001 RMK AO2 SLP159 T02280194
SDF,2023-06-30 13:56,10.00,2800.00,KSDF 301356Z 16010KT 10SM OVC028 24/20 A3000 RMK AO2 SLP155 T02390200
SDF,2023-06-30 14:56,10.00,2600.00,KSDF 301456Z 16008KT 10SM OVC026 26/20 A2998 RMK AO2 SLP148 T02560200 58005
SDF,2023-06-30 15:56,10.00,2400.00,KSDF 301556Z 17008KT 10SM OVC024 27/21 A2999 RMK AO2 SLP149 T02670211
SDF,2023-06-30 16:56,10.00,2400.00,KSDF 301656Z 19005KT 10SM OVC024 27/21 A2999 RMK AO2 SLP149 T02720211
SDF,2023-06-30 17:56,9.00,2400.00,KSDF 301756Z 16006KT 9SM OVC024 28/22 A2998 RMK AO2 SLP148 T02780217 10283 20222 50000
SDF,2023-06-30 18:56,7.00,2400.00,KSDF 301856Z 19008KT 7SM OVC024 29/22 A2998 RMK AO2 SLP148 T02890222
SDF,2023-06-30 19:56,10.00,2400.00,KSDF 301956Z 16005KT 10SM SCT024 OVC034 29/23 A2998 RMK AO2 SLP146 T02890228
SDF,2023-06-30 20:56,8.00,2700.00,KSDF 302056Z VRB04KT 8SM BKN027 OVC032 30/23 A2998 RMK AO2 SLP148 T03000233 55000
SDF,2023-06-30 21:56,10.00,2600.00,KSDF 302156Z 00000KT 10SM OVC026 30/23 A2996 RMK AO2 SLP141 T03000233
SDF,2023-06-30 22:56,10.00,2800.00,KSDF 302256Z VRB03KT 10SM SCT028 SCT035 BKN300 30/23 A2992 RMK AO2 SLP125 T03000233
SDF,2023-06-30 23:56,8.00,2600.00,KSDF 302356Z 00000KT 8SM SCT026 BKN300 30/23 A2994 RMK AO2 SLP132 CIG LWR SE-SW T03000233 10311 20278 55014
SDF,2023-07-01 00:56,8.00,2500.00,KSDF 010056Z 15009KT 8SM FEW025 FEW250 BKN300 29/23 A2994 RMK AO2 SLP134 T02890233
SDF,2023-07-01 01:56,9.00,25000.00,KSDF 010156Z 14005KT 9SM FEW250 BKN300 28/23 A2994 RMK AO2 SLP134 T02830233
SDF,2023-07-01 02:56,8.00,30000.00,KSDF 010256Z 15006KT 8SM SCT300 28/24 A2995 RMK AO2 SLP135 T02780239 51002
SDF,2023-07-01 03:56,8.00,30000.00,KSDF 010356Z 17004KT 8SM SCT300 27/24 A2994 RMK AO2 SLP134 T02720239
SDF,2023-07-01 04:56,8.00,30000.00,KSDF 010456Z 10004KT 8SM SCT300 27/24 A2992 RMK AO2 SLP126 T02670239 403110211
SDF,2023-07-01 05:56,10.00,12000.00,KSDF 010556Z 21007KT 10SM FEW120 SCT300 27/22 A2993 RMK AO2 SLP131 T02670217 10306 20267 55004
SDF,2023-07-01 06:56,10.00,12000.00,KSDF 010656Z 17004KT 10SM SCT120 26/21 A2990 RMK AO2 LTG DSNT NE SLP120 T02610211
SDF,2023-07-01 07:56,10.00,7000.00,KSDF 010756Z 36006KT 10SM SCT070 BKN120 26/22 A2997 RMK AO2 LTG DSNT N PRESRR SLP144 T02610217
SDF,2023-07-01 08:56,10.00,8000.00,KSDF 010856Z 11008KT 10SM FEW080 BKN110 25/21 A2997 RMK AO2 LTG DSNT S RAB25E38 PRESFR SLP141 P0000 60000 T02500206 53010
SDF,2023-07-01 09:56,10.00,11000.00,KSDF 010956Z 13013G23KT 10SM -RA SCT110 23/19 A2994 RMK AO2 PK WND 14027/0941 RAB0859E29B56 SLP132 P0000 T02280194
SDF,2023-07-01 10:56,10.00,7000.00,KSDF 011056Z 11004KT 10SM FEW070 BKN110 BKN250 23/19 A2995 RMK AO2 LTG DSNT W-N RAE08 SLP137 P0000 T02330194
SDF,2023-07-01 11:56,10.00,4400.00,KSDF 011156Z 08004KT 10SM VCTS FEW044 SCT100 BKN220 OVC250 23/19 A2997 RMK AO2 LTG DSNT ALQDS SLP143 60000 T02330194 10267 20228 53001
SDF,2023-07-01 12:56,10.00,1600.00,KSDF 011256Z 00000KT 10SM -TSRA FEW016CB BKN049 OVC065 23/20 A3001 RMK AO2 LTG DSNT ALQDS RAB25 TSB18 SLP156 FRQ LTGICCG NE-SW TS NE-SW MOV E P0011 T02280200
SDF,2023-07-01 13:56,7.00,4800.00,KSDF 011356Z 17005KT 7SM VCTS -RA FEW048 FEW090 SCT110 BKN150 OVC250 23/21 A2999 RMK AO2 LTG DSNT ALQDS RAE1257B16 TSE05 SLP150 P0000 T02280206
SDF,2023-07-01 14:56,10.00,3700.00,KSDF 011456Z 00000KT 10SM VCTS BKN037 OVC055 23/21 A3005 RMK AO2 LTG DSNT ALQDS RAE07B28E56 TSB35E50 SLP170 P0000 60011 T02280206 53026
SDF,2023-07-01 15:56,9.00,1300.00,KSDF 011556Z 13007KT 9SM -TSRA FEW013CB SCT027 BKN110 OVC250 22/21 A3003 RMK AO2 WSHFT 1532 LTG DSNT ALQDS RAB01 TSB09 SLP164 FRQ LTGICCC S TS S MOV E P0042 T02170206
SDF,2023-07-01 16:56,10.00,700.00,KSDF 011656Z 14013KT 10SM FEW007 SCT110 OVC200 23/21 A2999 RMK AO2 RAE31 TSE15 SLP152 P0000 T02330211
SDF,2023-07-01 17:56,10.00,1000.00,KSDF 011756Z 15014KT 10SM FEW010 BKN200 BKN250 27/22 A2996 RMK AO2 SLP139 60053 T02670217 10267 20217 58023
SDF,2023-07-01 18:56,10.00,3200.00,KSDF 011856Z 16013KT 10SM BKN032 BKN200 28/22 A2994 RMK AO2 SLP132 T02780217
SDF,2023-07-01 19:56,10.00,7000.00,KSDF 011956Z 17013KT 10SM FEW070 FEW200 BKN300 29/22 A2992 RMK AO2 SLP124 T02940222
SDF,2023-07-01 20:56,10.00,2500.00,KSDF 012056Z 22012KT 10SM FEW025 SCT200 BKN300 30/23 A2990 RMK AO2 SLP119 T03000228 56020
SDF,2023-07-01 21:56,10.00,3500.00,KSDF 012156Z 19008KT 10SM FEW035 FEW200 OVC300 30/23 A2986 RMK AO2 SLP106 T03000233
SDF,2023-07-01 22:56,10.00,3500.00,KSDF 012256Z 20009KT 10SM FEW035 FEW200 OVC300 30/24 A2984 RMK AO2 SLP099 T03000239
SDF,2023-07-01 23:56,10.00,3500.00,KSDF 012356Z 20012KT 10SM FEW035 FEW200 OVC300 29/24 A2985 RMK AO2 SLP100 T02890239 10306 20267 55018
SDF,2023-07-02 00:56,10.00,20000.00,KSDF 020056Z 22010KT 10SM SCT200 OVC300 28/22 A2987 RMK AO2 PRESRR SLP109 T02780222
SDF,2023-07-02 01:56,10.00,5000.00,KSDF 020156Z 24011G16KT 10SM FEW050 FEW075 OVC250 27/19 A2991 RMK AO2 LTG DSNT SW-N PRESRR SLP123 OCNL LTGICCG DSNT SW-W AND NW-N CB DSNT SW-W AND NW-N T02670194
SDF,2023-07-02 02:56,10.00,3400.00,KSDF 020256Z 24009KT 10SM BKN034 BKN110 OVC250 26/19 A2991 RMK AO2 LTG DSNT SE-SW RAB11E29 SLP125 FRQ LTGICCC DSNT SE-SW CB DSNT SE-SW P0000 60000 T02560194 51023
SDF,2023-07-02 03:56,10.00,11000.00,KSDF 020356Z 18008KT 10SM SCT110 BKN250 24/20 A2988 RMK AO2 LTG DSNT E AND SE RAB10E34 SLP113 P0002 T02440200
SDF,2023-07-02 04:56,10.00,7000.00,KSDF 020456Z 20007KT 10SM SCT070 BKN250 24/19 A2987 RMK AO2 LTG DSNT S AND SW SLP109 T02390194 403060217
SDF,2023-07-02 05:56,10.00,6000.00,KSDF 020556Z 21011G21KT 10SM -RA FEW060 SCT090 BKN120 23/20 A2986 RMK AO2 LTG DSNT SE-SW RAB37 SLP105 P0000 60002 T02330200 10289 20233 56020
SDF,2023-07-02 06:56,10.00,4000.00,KSDF 020656Z 17011KT 10SM -RA FEW040 SCT110 BKN250 23/20 A2984 RMK AO2 SLP099 P0004 T02280200
SDF,2023-07-02 07:56,10.00,11000.00,KSDF 020756Z 20008KT 10SM FEW110 BKN250 23/19 A2984 RMK AO2 RAE25 SLP098 P0000 T02280194
SDF,2023-07-02 08:56,10.00,1400.00,KSDF 020856Z 21012G26KT 10SM -TSRA FEW014 BKN050CB 23/20 A2986 RMK AO2 PK WND 22027/0846 LTG DSNT ALQDS RAB02E30B44 TSB34 SLP107 OCNL LTGIC S-W TS S-W MOV E P0001 60005 T02280200 53002
SDF,2023-07-02 09:56,9.00,7000.00,KSDF 020956Z 19006KT 9SM -RA SCT070 BKN120 22/20 A2984 RMK AO2 LTG DSNT SW AND W TSE30 SLP100 P0009 T02220200
SDF,2023-07-02 10:56,7.00,9000.00,KSDF 021056Z 17005KT 7SM RA BKN090 OVC120 22/21 A2985 RMK AO2 RAEMMB19 SLP104 P0017 T02220206 $
SDF,2023-07-02 11:56,10.00,1100.00,KSDF 021156Z 18007G18KT 10SM -RA SCT011 SCT080 BKN100 BKN140 22/20 A2986 RMK AO2 SLP107 P0006 60037 70092 T02170200 10233 20217 55001 $
SDF,2023-07-02 12:56,10.00,1000.00,KSDF 021256Z VRB03KT 10SM FEW010 SCT150 BKN200 BKN240 23/21 A2986 RMK AO2 RAE01 SLP108 P0000 T02280206 $
SDF,2023-07-02 13:56,10.00,1300.00,KSDF 021356Z 19006KT 10SM FEW013 FEW150 SCT250 25/21 A2986 RMK AO2 SLP107 T02500211 $
SDF,2023-07-02 14:56,10.00,3000.00,KSDF 021456Z 21010G19KT 10SM FEW030 SCT080 SCT150 BKN200 27/21 A2986 RMK AO2 SLP107 60000 T02720211 51001 $
SDF,2023-07-02 15:56,10.00,2800.00,KSDF 021556Z 20012G18KT 10SM SCT028 SCT050 SCT090 BKN200 29/22 A2986 RMK AO2 SLP106 T02890217 $
SDF,2023-07-02 16:56,10.00,2600.00,KSDF 021656Z 19009KT 10SM SCT026 BKN030 OVC038 29/23 A2986 RMK AO2 SLP106 T02890228 $
SDF,2023-07-02 17:56,10.00,2200.00,KSDF 021756Z 19010G15KT 10SM FEW022 BKN027 BKN060 29/23 A2984 RMK AO2 LTG DSNT ALQDS SLP099 60000 T02940233 10294 20217 58007 $
SDF,2023-07-02 18:56,10.00,3200.00,KSDF 021856Z 21008KT 10SM -TSRA SCT032CB SCT050 BKN090 BKN140 29/23 A2983 RMK AO2 LTG DSNT S-W RAB46 TSB34 SLP095 FRQ LTGICCC SW TS SW MOV NE P0000 T02890233 $
SDF,2023-07-02 19:56,10.00,1500.00,KSDF 021956Z 18011KT 10SM -RA FEW015 FEW095 BKN110 25/18 A2981 RMK AO2 LTG DSNT ALQDS RAE33B54 TSE37 SLP091 MDT CU ALQDS P0000 T02500183 $
SDF,2023-07-02 20:56,10.00,9500.00,KSDF 022056Z 21004KT 10SM FEW095 SCT110 BKN230 25/18 A2980 RMK AO2 LTG DSNT SE-W RAE38 SLP085 MDT CU SE P0000 60000 T02500183 58015 $
SDF,2023-07-02 21:56,3.00,3900.00,KSDF 022156Z VRB03G39KT 3SM TSRA SCT039CB BKN050 OVC065 24/19 A2984 RMK AO2 PK WND 26039/2153 LTG DSNT ALQDS RAB53 TSB42 SLP099 OC LTGICCG ALQDS TS OHD MOV E MDT P0000 T02390189 $
SDF,2023-07-02 22:56,10.00,9000.00,KSDF 022256Z 07003KT 10SM -TSRA BKN090CB OVC130 22/19 A2979 RMK AO2 LTG DSNT ALQDS SLP085 OCNL LTGICCG SE-SW TS E-S MOV E P0033 T02220189 $
SDF,2023-07-02 23:56,10.00,9000.00,KSDF 022356Z 18006KT 10SM FEW090 OVC150 23/19 A2982 RMK AO2 RAE04 TSE04 SLP092 P0000 60033 T02280194 10300 20217 51006 $
SDF,2023-07-03 00:56,10.00,11000.00,KSDF 030056Z 16010KT 10SM FEW110 FEW150 BKN200 22/20 A2982 RMK AO2 RAB2357E51 SLP091 P0003 T02220200 $
SDF,2023-07-03 01:56,10.00,7000.00,KSDF 030156Z 17011KT 10SM BKN070 BKN110 BKN130 22/20 A2984 RMK AO2 PRESRR SLP100 T02170200 $
SDF,2023-07-03 02:56,10.00,6500.00,KSDF 030256Z 17009KT 10SM BKN065 BKN110 BKN150 22/20 A2985 RMK AO2 SLP103 60003 T02170200 53012 $
SDF,2023-07-03 03:56,10.00,7000.00,KSDF 030356Z 18005KT 10SM FEW070 SCT110 22/20 A2985 RMK AO2 SLP103 T02220200 $
SDF,2023-07-03 04:56,10.00,7000.00,KSDF 030456Z 17005KT 10SM BKN070 22/20 A2985 RMK AO2 SLP103 T02220200 403000217 $
SDF,2023-07-03 05:56,10.00,8000.00,KSDF 030556Z 16003KT 10SM SCT080 22/20 A2985 RMK AO2 SLP102 60003 T02170200 10228 20217 58001 $
SDF,2023-07-03 06:56,10.00,9500.00,KSDF 030656Z 22004KT 10SM BKN095 22/20 A2984 RMK AO2 SLP101 T02220200 $
SDF,2023-07-03 07:56,10.00,900.00,KSDF 030756Z 20003KT 10SM BKN009 BKN090 22/20 A2985 RMK AO2 SLP102 T02220200 $
SDF,2023-07-03 08:56,10.00,1000.00,KSDF 030856Z 24004KT 10SM FEW010 BKN055 BKN070 22/20 A2984 RMK AO2 RAB36E55 SLP099 P0000 60000 T02220200 58002 $
SDF,2023-07-03 09:56,10.00,900.00,KSDF 030956Z 21005KT 10SM SCT009 BKN080 22/20 A2986 RMK AO2 SLP105 T02220200 $
SDF,2023-07-03 10:56,10.00,900.00,KSDF 031056Z 25005KT 10SM BKN009 OVC020 22/21 A2988 RMK AO2 SLP115 T02220206 $
SDF,2023-07-03 11:56,10.00,1100.00,KSDF 031156Z 24007KT 10SM BKN011 OVC018 23/21 A2990 RMK AO2 SLP120 60000 70036 T02280206 10228 20217 51015 $
SDF,2023-07-03 12:56,10.00,1000.00,KSDF 031256Z 25008KT 10SM SCT010 BKN016 24/21 A2991 RMK AO2 SLP124 T02390206
SDF,2023-07-03 13:56,10.00,1700.00,KSDF 031356Z 27009KT 10SM SCT017 26/21 A2992 RMK AO2 SLP126 T02560206
SDF,2023-07-03 14:56,10.00,2600.00,KSDF 031456Z 24009KT 10SM SCT026 SCT035 27/21 A2993 RMK AO2 SLP130 T02670206 51005
SDF,2023-07-03 15:56,10.00,2800.00,KSDF 031556Z 31008KT 10SM BKN028 BKN045 28/21 A2994 RMK AO2 SLP135 T02780206
SDF,2023-07-03 16:56,10.00,3300.00,KSDF 031656Z 28011G20KT 10SM SCT033 BKN045 28/20 A2994 RMK AO2 SLP135 T02830200
SDF,2023-07-03 17:56,10.00,4100.00,KSDF 031756Z 27014KT 10SM BKN041 BKN055 29/21 A2994 RMK AO2 SLP135 T02940206 10294 20228 50005
SDF,2023-07-03 18:56,10.00,4300.00,KSDF 031856Z 30011KT 10SM BKN043 29/20 A2994 RMK AO2 SLP132 T02940200
SDF,2023-07-03 19:56,10.00,4500.00,KSDF 031956Z 31010KT 10SM BKN045 BKN300 30/19 A2993 RMK AO2 SLP129 T03000194
SDF,2023-07-03 20:56,10.00,4700.00,KSDF 032056Z 31009KT 10SM SCT047 BKN300 31/19 A2992 RMK AO2 SLP124 T03060194 58009
SDF,2023-07-03 21:56,10.00,5000.00,KSDF 032156Z 30010G16KT 10SM SCT050 BKN300 31/19 A2992 RMK AO2 SLP125 T03060189
SDF,2023-07-03 22:56,10.00,5000.00,KSDF 032256Z 30006KT 10SM FEW050 BKN300 31/18 A2992 RMK AO2 SLP126 T03060183
SDF,2023-07-03 23:56,10.00,5000.00,KSDF 032356Z 29005KT 10SM FEW050 BKN300 29/19 A2994 RMK AO2 SLP131 T02890189 10311 20289 53007
SDF,2023-07-04 00:56,10.00,5000.00,KSDF 040056Z 27006KT 10SM FEW050 BKN300 28/19 A2994 RMK AO2 SLP131 T02780189
SDF,2023-07-04 01:56,10.00,30000.00,KSDF 040156Z 27006KT 10SM FEW300 26/19 A2995 RMK AO2 SLP135 T02610194
SDF,2023-07-04 02:56,10.00,30000.00,KSDF 040256Z 24003KT 10SM FEW300 27/19 A2997 RMK AO2 SLP144 T02670194 53013
SDF,2023-07-04 03:56,10.00,30000.00,KSDF 040356Z 23004KT 10SM FEW300 26/19 A2998 RMK AO2 SLP147 T02610194
SDF,2023-07-04 04:56,9.00,20000.00,KSDF 040456Z 21003KT 9SM FEW200 BKN250 26/19 A3000 RMK AO2 SLP153 T02560194 403110217
SDF,2023-07-04 05:56,10.00,25000.00,KSDF 040556Z 00000KT 10SM SCT250 25/19 A3000 RMK AO2 SLP151 T02500194 10289 20250 50007
SDF,2023-07-04 06:56,10.00,5000.00,KSDF 040656Z 22003KT 10SM FEW050 BKN250 24/20 A3000 RMK AO2 SLP152 T02440200
SDF,2023-07-04 07:56,10.00,11000.00,KSDF 040756Z 00000KT 10SM BKN110 OVC140 24/20 A3000 RMK AO2 SLP151 T02440200
SDF,2023-07-04 08:56,10.00,12000.00,KSDF 040856Z 21005KT 10SM BKN120 OVC250 24/20 A2999 RMK AO2 SLP151 T02440200 50000
SDF,2023-07-04 09:56,9.00,12000.00,KSDF 040956Z 23005KT 9SM FEW120 BKN250 23/20 A3001 RMK AO2 SLP156 T02280200
SDF,2023-07-04 10:56,9.00,25000.00,KSDF 041056Z 00000KT 9SM BKN250 23/20 A3001 RMK AO2 SLP157 T02330200
SDF,2023-07-04 11:56,8.00,25000.00,KSDF 041156Z 00000KT 8SM BKN250 24/21 A3003 RMK AO2 SLP163 T02390206 10250 20228 53012
SDF,2023-07-04 12:56,10.00,25000.00,KSDF 041256Z 22005KT 10SM BKN250 26/21 A3005 RMK AO2 SLP171 T02560206
SDF,2023-07-04 13:56,10.00,22000.00,KSDF 041356Z 00000KT 10SM FEW220 OVC250 28/21 A3006 RMK AO2 SLP174 T02780211
SDF,2023-07-04 14:56,10.00,5000.00,KSDF 041456Z 22005KT 10SM FEW050 SCT150 BKN200 OVC250 28/21 A3007 RMK AO2 SLP175 T02830211 51012
SDF,2023-07-04 15:56,10.00,3000.00,KSDF 041556Z 21007KT 10SM FEW030TCU FEW050 FEW150 BKN200 OVC250 30/22 A3006 RMK AO2 SLP173 TCU NE AND SE T03000217
SDF,2023-07-04 16:56,10.00,4100.00,KSDF 041656Z VRB03KT 10SM SCT041 BKN095 BKN150 BKN200 OVC250 29/21 A3005 RMK AO2 SLP169 SH VC E T02940206
SDF,2023-07-04 17:56,10.00,4100.00,KSDF 041756Z 27008KT 10SM BKN041CB BKN070 BKN100 BKN150 OVC200 30/21 A3004 RMK AO2 SLP167 CB S MOV E T03000206 10306 20233 56008
SDF,2023-07-04 18:56,10.00,4400.00,KSDF 041856Z 11005KT 10SM BKN044 BKN070 BKN100 BKN150 BKN200 29/21 A3004 RMK AO2 SLP165 T02940211
SDF,2023-07-04 19:56,10.00,4500.00,KSDF 041956Z 11006KT 10SM SCT045 SCT060 BKN100 BKN200 31/21 A3002 RMK AO2 SLP159 T03060206
SDF,2023-07-04 20:56,10.00,4800.00,KSDF 042056Z 21006KT 10SM SCT048 SCT200 BKN300 31/20 A2999 RMK AO2 SLP151 T03060200 58016
SDF,2023-07-04 21:56,10.00,4900.00,KSDF 042156Z 20005KT 10SM FEW049 BKN300 31/21 A2999 RMK AO2 SLP149 T03110206
SDF,2023-07-04 22:56,10.00,5000.00,KSDF 042256Z 00000KT 10SM FEW050 BKN300 31/19 A2998 RMK AO2 SLP147 T03110189
SDF,2023-07-04 23:56,10.00,5500.00,KSDF 042356Z 20005KT 10SM SCT055 BKN090 BKN300 31/19 A3000 RMK AO2 SLP153 T03060189 10317 20294 53002
SDF,2023-07-05 00:56,10.00,5500.00,KSDF 050056Z 21005KT 10SM FEW055 FEW110 BKN300 30/19 A3000 RMK AO2 SLP153 T03000194
SDF,2023-07-05 01:56,10.00,5500.00,KSDF 050156Z 22004KT 10SM FEW055 FEW110 SCT300 29/20 A3001 RMK AO2 SLP157 T02890200
SDF,2023-07-05 02:56,8.00,10000.00,KSDF 050256Z 21005KT 8SM FEW100 28/20 A3004 RMK AO2 SLP166 T02780200 53012
SDF,2023-07-05 03:56,2.50,10000.00,KSDF 050356Z 13003KT 2 1/2SM FU FEW100 SCT300 27/21 A3003 RMK AO2 SLP164 T02670206
SDF,2023-07-05 04:56,3.00,9000.00,KSDF 050456Z 16004KT 3SM FU HZ FEW090 SCT300 26/21 A3004 RMK AO2 SLP167 T02610211 403170228
SDF,2023-07-05 05:56,4.00,9000.00,KSDF 050556Z 08003KT 4SM FU HZ FEW090 SCT300 25/21 A3003 RMK AO2 SLP165 T02500211 10306 20250 58001
SDF,2023-07-05 06:56,2.50,14000.00,KSDF 050656Z 00000KT 2 1/2SM FU HZ SCT140 SCT300 24/21 A3003 RMK AO2 SLP163 T02440211
SDF,2023-07-05 07:56,3.00,14000.00,KSDF 050756Z 14004KT 3SM HZ SCT140 SCT300 24/21 A3003 RMK AO2 SLP163 T02390211
SDF,2023-07-05 08:56,5.00,14000.00,KSDF 050856Z 16003KT 5SM HZ FEW140 SCT300 24/21 A3002 RMK AO2 SLP159 T02440206 58005
SDF,2023-07-05 09:56,5.00,13000.00,KSDF 050956Z 00000KT 5SM BR FEW130 FEW300 23/21 A3002 RMK AO2 SLP161 T02280206
SDF,2023-07-05 10:56,1.50,5500.00,KSDF 051056Z 00000KT 1 1/2SM BR FEW055 FEW130 SCT300 23/21 A3005 RMK AO2 SLP169 T02280206
SDF,2023-07-05 11:56,4.00,5500.00,KSDF 051156Z 00000KT 4SM HZ FU FEW055 FEW110 FEW150 SCT200 24/21 A3004 RMK AO2 SLP168 TCU DSNT S T02440211 10256 20228 50008 $
SDF,2023-07-05 12:56,9.00,15000.00,KSDF 051256Z 00000KT 9SM FEW150 FEW200 27/21 A3004 RMK AO2 SLP167 T02670211 $
SDF,2023-07-05 13:56,9.00,6000.00,KSDF 051356Z 00000KT 9SM FEW060 28/22 A3003 RMK AO2 SLP163 T02830222
SDF,2023-07-05 14:56,10.00,6000.00,KSDF 051456Z 13003KT 10SM FEW060 30/22 A3002 RMK AO2 SLP160 T03000217 58007
SDF,2023-07-05 15:56,10.00,4100.00,KSDF 051556Z 15006KT 10SM FEW041 FEW250 31/22 A3002 RMK AO2 SLP160 T03110217
SDF,2023-07-05 16:56,10.00,4200.00,KSDF 051656Z 16008KT 10SM SCT042 32/21 A3002 RMK AO2 SLP158 T03220211
SDF,2023-07-05 17:56,10.00,4500.00,KSDF 051756Z COR VRB05KT 10SM SCT045 SCT070 SCT120 BKN250 32/20 A3001 RMK AO2 LTG DSNT S AND SW SLP156 CB DSNT SW T03170200 10322 20244 58004
SDF,2023-07-05 18:56,10.00,4500.00,KSDF 051856Z 14010G14KT 10SM SCT045 SCT080 SCT120 BKN250 33/21 A3000 RMK AO2 LTG DSNT S-W SLP154 CB DSNT SW T03280206
SDF,2023-07-05 19:56,10.00,5000.00,KSDF 051956Z 23012KT 10SM -RA SCT050 SCT080 BKN110 28/21 A3000 RMK AO2 WSHFT 1920 LTG DSNT SW RAB48 SLP153 CB DSNT SW AND W P0000 T02780211
SDF,2023-07-05 20:56,10.00,9000.00,KSDF 052056Z 21006KT 10SM FEW090 SCT250 29/19 A2996 RMK AO2 LTG DSNT SE RAE16 SLP138 P0000 60000 T02940189 58017
SDF,2023-07-05 21:56,10.00,10000.00,KSDF 052156Z 19010KT 10SM FEW100 FEW250 31/20 A2994 RMK AO2 SLP132 T03110200
SDF,2023-07-05 22:56,10.00,10000.00,KSDF 052256Z 21011KT 10SM FEW100 FEW250 31/21 A2994 RMK AO2 SLP133 T03110211
SDF,2023-07-05 23:56,10.00,25000.00,KSDF 052356Z 23007KT 10SM BKN250 30/22 A2996 RMK AO2 SLP139 60000 T03000217 10328 20278 53001
SDF,2023-07-06 00:56,10.00,15000.00,KSDF 060056Z 24005KT 10SM SCT150 BKN250 29/23 A2997 RMK AO2 SLP144 T02890228
SDF,2023-07-06 01:56,10.00,25000.00,KSDF 060156Z 17007KT 10SM BKN250 29/23 A2996 RMK AO2 SLP140 T02890228
SDF,2023-07-06 02:56,10.00,25000.00,KSDF 060256Z 17007KT 10SM BKN250 28/22 A2997 RMK AO2 SLP140 T02830217 51002
SDF,2023-07-06 03:56,10.00,25000.00,KSDF 060356Z 15005KT 10SM OVC250 27/22 A2996 RMK AO2 SLP138 T02720217
SDF,2023-07-06 04:56,10.00,25000.00,KSDF 060456Z 12004KT 10SM BKN250 27/22 A2996 RMK AO2 SLP138 T02670217 403280228
SDF,2023-07-06 05:56,10.00,4000.00,KSDF 060556Z 19004KT 10SM FEW040 FEW150 BKN220 27/21 A2995 RMK AO2 SLP136 T02670206 10300 20261 56004
SDF,2023-07-06 06:56,10.00,23000.00,KSDF 060656Z 22005KT 10SM BKN230 27/21 A2994 RMK AO2 SLP132 T02670211
SDF,2023-07-06 07:56,10.00,4000.00,KSDF 060756Z 21006KT 10SM FEW040 OVC220 27/21 A2993 RMK AO2 SLP130 T02670211
SDF,2023-07-06 08:56,10.00,6500.00,KSDF 060856Z 21004KT 10SM SCT065 BKN080 OVC220 26/22 A2993 RMK AO2 SLP129 T02610217 56008
SDF,2023-07-06 09:56,10.00,4800.00,KSDF 060956Z 21006KT 10SM SCT048 BKN060 BKN070 OVC200 26/22 A2993 RMK AO2 SLP129 T02560217
SDF,2023-07-06 10:56,10.00,3600.00,KSDF 061056Z 23006KT 10SM BKN036 BKN070 OVC220 25/22 A2994 RMK AO2 SLP132 T02500217
SDF,2023-07-06 11:56,10.00,4000.00,KSDF 061156Z COR 24004KT 10SM SCT040 BKN080 BKN130 OVC180 24/22 A2994 RMK AO2 RAB08E50 ACC E P0013 60013 T02390217 10267 20239 53004
SDF,2023-07-06 12:56,10.00,3800.00,KSDF 061256Z 25006KT 10SM FEW038 FEW080 FEW120 SCT180 BKN250 26/22 A2995 RMK AO2 CB DSNT E T02560217
SDF,2023-07-06 13:56,10.00,2500.00,KSDF 061356Z 26005KT 10SM FEW025 FEW070 FEW120 SCT180 OVC250 27/22 A2995 RMK AO2 SLP137 T02670217
SDF,2023-07-06 14:56,10.00,2000.00,KSDF 061456Z 26008KT 10SM FEW020 FEW060 FEW120 SCT200 OVC250 27/21 A2995 RMK AO2 SLP137 T02720211 51004
SDF,2023-07-06 15:56,10.00,2000.00,KSDF 061556Z 22007KT 10SM FEW020 FEW060 FEW200 SCT250 28/21 A2995 RMK AO2 SLP137 T02780211
SDF,2023-07-06 16:56,10.00,2800.00,KSDF 061656Z 26008KT 10SM BKN028 BKN250 29/22 A2995 RMK AO2 SLP134 T02940217
SDF,2023-07-06 17:56,10.00,3700.00,KSDF 061756Z 28011KT 10SM BKN037 BKN250 31/21 A2993 RMK AO2 SLP129 T03060211 10306 20244 51004
SDF,2023-07-06 18:56,10.00,3900.00,KSDF 061856Z 29009KT 10SM BKN039 BKN250 31/21 A2992 RMK AO2 SLP126 T03110211
SDF,2023-07-06 19:56,10.00,4100.00,KSDF 061956Z 27013G19KT 10SM BKN041 BKN250 31/21 A2992 RMK AO2 SLP126 T03060206
SDF,2023-07-06 20:56,10.00,4500.00,KSDF 062056Z 28010G16KT 10SM SCT045 BKN250 31/21 A2990 RMK AO2 SLP120 T03060206 58009
SDF,2023-07-06 21:56,10.00,4500.00,KSDF 062156Z 30009KT 10SM FEW045 BKN250 31/21 A2990 RMK AO2 PK WND 30026/2057 SLP119 T03110206
SDF,2023-07-06 22:56,10.00,4500.00,KSDF 062256Z 32008KT 10SM FEW045 BKN250 31/21 A2989 RMK AO2 SLP116 T03110206
SDF,2023-07-06 23:56,10.00,3900.00,KSDF 062356Z 31009KT 10SM BKN039 BKN250 BKN300 30/21 A2990 RMK AO2 SLP120 T03000211 10317 20294 53000
SDF,2023-07-07 00:56,10.00,3700.00,KSDF 070056Z 31008KT 10SM FEW037 FEW100 BKN300 29/21 A2991 RMK AO2 SLP123 T02890206
SDF,2023-07-07 01:56,10.00,10000.00,KSDF 070156Z 30007KT 10SM FEW100 BKN300 28/21 A2993 RMK AO2 SLP130 T02830206
SDF,2023-07-07 02:56,10.00,30000.00,KSDF 070256Z 31006KT 10SM SCT300 27/21 A2994 RMK AO2 SLP133 T02720206 51012
SDF,2023-07-07 03:56,10.00,30000.00,KSDF 070356Z 33008KT 10SM BKN300 27/21 A2994 RMK AO2 SLP132 T02670206
SDF,2023-07-07 04:56,10.00,4000.00,KSDF 070456Z 33009KT 10SM FEW040 OVC300 26/20 A2994 RMK AO2 SLP134 T02610200 403170239
SDF,2023-07-07 05:56,10.00,30000.00,KSDF 070556Z 35006KT 10SM OVC300 26/19 A2994 RMK AO2 SLP133 T02560194 10300 20250 50000
SDF,2023-07-07 06:56,10.00,30000.00,KSDF 070656Z 36007KT 10SM OVC300 25/19 A2994 RMK AO2 SLP133 T02500194
SDF,2023-07-07 07:56,10.00,25000.00,KSDF 070756Z 34005KT 10SM SCT250 OVC300 24/19 A2995 RMK AO2 SLP135 T02390194
SDF,2023-07-07 08:56,10.00,30000.00,KSDF 070856Z 33006KT 10SM BKN300 24/19 A2995 RMK AO2 SLP136 T02390194 53003
SDF,2023-07-07 09:56,10.00,25000.00,KSDF 070956Z 35006KT 10SM FEW250 BKN300 23/19 A2996 RMK AO2 SLP138 T02330189
SDF,2023-07-07 10:56,10.00,4000.00,KSDF 071056Z 35004KT 10SM FEW040 SCT250 OVC300 23/18 A2996 RMK AO2 SLP140 T02330183
SDF,2023-07-07 11:56,10.00,23000.00,KSDF 071156Z 36007KT 10SM BKN230 OVC280 24/18 A2998 RMK AO2 SLP145 T02390183 10256 20228 53009
SDF,2023-07-07 12:56,10.00,10000.00,KSDF 071256Z 03007KT 10SM FEW100 FEW150 SCT250 BKN300 25/18 A2999 RMK AO2 SLP150 T02500183
SDF,2023-07-07 13:56,10.00,3500.00,KSDF 071356Z 03006KT 10SM FEW035 FEW060 FEW150 BKN250 26/17 A2999 RMK AO2 SLP149 T02610167
SDF,2023-07-07 14:56,10.00,15000.00,KSDF 071456Z COR 07005KT 10SM FEW150 BKN250 27/17 A2999 RMK AO2 SLP148 T02720172 50003
SDF,2023-07-07 15:56,10.00,4500.00,KSDF 071556Z VRB04KT 10SM FEW045 FEW300 29/16 A2999 RMK AO2 SLP150 T02890161
SDF,2023-07-07 16:56,10.00,4500.00,KSDF 071656Z 06005KT 10SM FEW045 FEW300 29/17 A2998 RMK AO2 SLP147 T02940167
SDF,2023-07-07 17:56,10.00,5500.00,KSDF 071756Z 00000KT 10SM FEW055 FEW300 31/14 A2996 RMK AO2 SLP140 T03060144 10306 20239 58007
SDF,2023-07-07 18:56,10.00,6500.00,KSDF 071856Z 30004KT 10SM FEW065 FEW300 32/14 A2994 RMK AO2 SLP133 T03170139
SDF,2023-07-07 19:56,10.00,M,KSDF 071956Z 02003KT 10SM CLR 33/13 A2993 RMK AO2 SLP130 T03280133
SDF,2023-07-07 20:56,10.00,6500.00,KSDF 072056Z VRB04KT 10SM FEW065 FEW300 32/14 A2991 RMK AO2 SLP124 T03220139 $
SDF,2023-07-07 21:56,10.00,6500.00,KSDF 072156Z 33006KT 10SM FEW065 FEW300 32/14 A2990 RMK AO2 SLP120 T03220144 $
SDF,2023-07-07 22:56,10.00,6500.00,KSDF 072256Z 31007KT 10SM FEW065 SCT300 31/16 A2989 RMK AO2 SLP116 T03110161 $
SDF,2023-07-07 23:56,10.00,6500.00,KSDF 072356Z 27008KT 10SM FEW065 BKN300 30/17 A2990 RMK AO2 SLP118 T03000172 10328 20300 55005 $
SDF,2023-07-08 00:56,10.00,6000.00,KSDF 080056Z 28006KT 10SM FEW060 BKN300 28/18 A2990 RMK AO2 SLP118 T02830178 $
SDF,2023-07-08 01:56,10.00,30000.00,KSDF 080156Z 29004KT 10SM SCT300 28/18 A2990 RMK AO2 SLP117 T02780183 $
SDF,2023-07-08 02:56,10.00,30000.00,KSDF 080256Z 29003KT 10SM BKN300 27/18 A2991 RMK AO2 SLP123 T02720183 53005 $
SDF,2023-07-08 03:56,10.00,30000.00,KSDF 080356Z 23003KT 10SM BKN300 27/19 A2991 RMK AO2 SLP122 T02670189 $
SDF,2023-07-08 04:56,10.00,30000.00,KSDF 080456Z 00000KT 10SM BKN300 27/19 A2991 RMK AO2 SLP123 T02670194 403280228 $
SDF,2023-07-08 05:56,10.00,25000.00,KSDF 080556Z 00000KT 10SM OVC250 26/19 A2990 RMK AO2 SLP119 T02560194 10300 20250 58004 $
SDF,2023-07-08 06:56,10.00,25000.00,KSDF 080656Z 00000KT 10SM OVC250 24/19 A2989 RMK AO2 SLP116 T02440194 $
SDF,2023-07-08 07:56,10.00,25000.00,KSDF 080756Z 12005KT 10SM OVC250 23/19 A2988 RMK AO2 SLP112 T02330194 $
SDF,2023-07-08 08:56,10.00,25000.00,KSDF 080856Z 13004KT 10SM BKN250 24/19 A2987 RMK AO2 SLP110 T02390194 57009 $
SDF,2023-07-08 09:56,10.00,25000.00,KSDF 080956Z 17003KT 10SM BKN250 23/19 A2987 RMK AO2 SLP110 T02330189 $
SDF,2023-07-08 10:56,10.00,20000.00,KSDF 081056Z 12005KT 10SM SCT200 BKN250 23/19 A2988 RMK AO2 SLP112 T02280189 $
SDF,2023-07-08 11:56,10.00,15000.00,KSDF 081156Z 16003KT 10SM FEW150 FEW200 BKN250 24/19 A2988 RMK AO2 SLP112 T02440189 10256 20228 51003 $
SDF,2023-07-08 12:56,10.00,15000.00,KSDF 081256Z 19006KT 10SM FEW150 FEW200 BKN250 26/18 A2988 RMK AO2 SLP112 T02610178 $
SDF,2023-07-08 13:56,10.00,15000.00,KSDF 081356Z 18008KT 10SM BKN150 BKN250 27/18 A2987 RMK AO2 SLP110 T02720183 $
SDF,2023-07-08 14:56,10.00,8500.00,KSDF 081456Z 23006KT 10SM SCT085 BKN150 OVC250 28/19 A2988 RMK AO2 LTG DSNT W AND NW SLP113 T02780194 53001 $
SDF,2023-07-08 15:56,10.00,7000.00,KSDF 081556Z 23006KT 10SM VCTS -RA SCT070 BKN090 BKN110 OVC250 27/20 A2989 RMK AO2 LTG DSNT W-NE RAB37 SLP117 P0000 T02720200 $
SDF,2023-07-08 16:56,7.00,2000.00,KSDF 081656Z 06009KT 7SM -TSRA FEW020 SCT035CB OVC110 22/19 A2989 RMK AO2 WSHFT 1619 LTG DSNT ALQDS TSB18 SLP116 FRQ LTGIC E TS E MOV E P0013 T02170194 $
SDF,2023-07-08 17:56,10.00,5000.00,KSDF 081756Z 10005KT 10SM FEW050 FEW090 BKN140 BKN200 24/21 A2987 RMK AO2 LTG DSNT SE AND S RAE19 TSE01E05 SLP110 P0002 60015 T02390206 10283 20217 58007 $
SDF,2023-07-08 18:56,10.00,5000.00,KSDF 081856Z 12007KT 10SM FEW050 SCT180 BKN250 27/22 A2983 RMK AO2 SLP094 T02720217 $
SDF,2023-07-08 19:56,10.00,2700.00,KSDF 081956Z 26004KT 10SM SCT027 BKN032 BKN250 BKN300 29/22 A2981 RMK AO2 SLP089 T02890217 $
SDF,2023-07-08 20:56,10.00,3200.00,KSDF 082056Z 21006KT 10SM SCT032 BKN250 BKN300 29/21 A2981 RMK AO2 LTG DSNT NW SLP087 T02940211 56021 $
SDF,2023-07-08 21:56,10.00,2500.00,KSDF 082156Z 18007KT 10SM FEW025 FEW035 SCT250 OVC300 28/21 A2977 RMK AO2 LTG DSNT ALQDS SLP074 T02830206 $
SDF,2023-07-08 22:56,5.00,2500.00,KSDF 082256Z COR 27023G28KT 5SM TSRA SCT025 BKN035CB BKN120 OVC300 27/21 A2983 RMK AO2 LTG DSNT ALQDS RAB50 TSB27 PRESRR SLP096 FRQ LTGICCG ALQDSTS OHD-NW MOV SE P0000 T02670211 $
SDF,2023-07-08 23:56,10.00,1800.00,KSDF 082356Z 16004KT 10SM FEW018 FEW026 BKN095 OVC130 23/18 A2980 RMK AO2 PK WND 35029/2307 LTG DSNT NW-E RAE48 TSE37B38E48 SLP087 TS MOV SE SH DSNT NE-E AND NW-N P0093 60093 T02330183 10300 20222 56001 $
SDF,2023-07-09 00:56,10.00,800.00,KSDF 090056Z 09005KT 10SM SCT008 SCT013 BKN075 OVC130 23/20 A2983 RMK AO2 LTG DSNT NW SLP095 SH DSNT NW T02280200 $
SDF,2023-07-09 01:56,10.00,2100.00,KSDF 090156Z 22009KT 10SM -RA FEW021 SCT031 BKN130 BKN150 23/21 A2985 RMK AO2 LTG DSNT W RAB31 SLP102 P0000 T02330206 $
SDF,2023-07-09 02:56,10.00,900.00,KSDF 090256Z 27004KT 10SM FEW009 FEW060 SCT075 OVC200 23/21 A2986 RMK AO2 LTG DSNT SW RAE50 SLP105 P0002 60002 T02280211 51018 $
SDF,2023-07-09 03:56,10.00,500.00,KSDF 090356Z 25007KT 10SM FEW005 SCT090 OVC200 23/21 A2986 RMK AO2 SLP106 T02280206 $
SDF,2023-07-09 04:56,10.00,1300.00,KSDF 090456Z 27004KT 10SM FEW013 SCT100 OVC200 22/21 A2986 RMK AO2 SLP108 T02220206 403000217 $
SDF,2023-07-09 05:56,10.00,1300.00,KSDF 090556Z 00000KT 10SM FEW013 BKN036 OVC046 23/20 A2985 RMK AO2 SLP104 60002 T02280200 10239 20222 58001 $
SDF,2023-07-09 06:56,10.00,1100.00,KSDF 090656Z 23005KT 10SM OVC011 23/20 A2986 RMK AO2 SLP106 T02280200 $
SDF,2023-07-09 07:56,10.00,1000.00,KSDF 090756Z 26003KT 10SM BKN010 OVC042 22/20 A2986 RMK AO2 SLP106 T02220200 $
SDF,2023-07-09 08:56,10.00,1500.00,KSDF 090856Z 29003KT 10SM BKN015 OVC035 22/21 A2984 RMK AO2 SLP100 T02220206 58004 $
SDF,2023-07-09 09:56,10.00,1500.00,KSDF 090956Z 35006KT 10SM OVC015 22/20 A2985 RMK AO2 SLP103 T02220200 $
SDF,2023-07-09 10:56,10.00,1100.00,KSDF 091056Z 34007KT 10SM OVC011 22/19 A2987 RMK AO2 SLP111 T02220194 $
SDF,2023-07-09 11:56,10.00,1100.00,KSDF 091156Z 36006KT 10SM OVC011 22/19 A2988 RMK AO2 SLP112 70110 T02220194 10228 20222 51012 $
SDF,2023-07-09 12:56,10.00,1100.00,KSDF 091256Z 34008KT 10SM OVC011 22/19 A2990 RMK AO2 SLP120 T02220189 $
SDF,2023-07-09 13:56,10.00,1400.00,KSDF 091356Z 35004KT 10SM OVC014 23/19 A2991 RMK AO2 SLP124 T02280189 $
SDF,2023-07-09 14:56,10.00,1300.00,KSDF 091456Z 30006KT 10SM BKN013 OVC060 23/19 A2992 RMK AO2 SLP127 T02280194 51014
SDF,2023-07-09 15:56,10.00,1600.00,KSDF 091556Z 31005KT 10SM BKN016 BKN060 24/19 A2992 RMK AO2 SLP125 T02390189
SDF,2023-07-09 16:56,10.00,2500.00,KSDF 091656Z 32007KT 10SM FEW025 BKN046 26/18 A2991 RMK AO2 SLP125 T02610183
SDF,2023-07-09 17:56,10.00,3700.00,KSDF 091756Z 02011KT 10SM BKN037 BKN046 BKN250 26/16 A2990 RMK AO2 SLP120 T02560161 10272 20222 58006
SDF,2023-07-09 18:56,10.00,4200.00,KSDF 091856Z 34007KT 10SM SCT042 BKN055 BKN250 26/16 A2990 RMK AO2 SLP120 T02610161
SDF,2023-07-09 19:56,10.00,4200.00,KSDF 091956Z 31010KT 10SM SCT042 BKN050 BKN250 25/16 A2991 RMK AO2 SLP123 T02500156
SDF,2023-07-09 20:56,10.00,5000.00,KSDF 092056Z 31009KT 10SM SCT050 BKN150 BKN200 26/16 A2990 RMK AO2 SLP119 T02560161 58001
SDF,2023-07-09 21:56,10.00,6000.00,KSDF 092156Z 35006KT 10SM FEW060 BKN150 BKN200 26/16 A2988 RMK AO2 SLP115 T02560156
SDF,2023-07-09 22:56,10.00,6000.00,KSDF 092256Z 34007KT 10SM FEW060 BKN150 BKN200 25/16 A2989 RMK AO2 SLP118 T02500161
SDF,2023-07-09 23:56,10.00,8000.00,KSDF 092356Z 33009KT 10SM FEW080 SCT150 BKN250 25/16 A2989 RMK AO2 SLP118 T02500156 10272 20250 55001
SDF,2023-07-10 00:56,10.00,25000.00,KSDF 100056Z 34006KT 10SM BKN250 24/14 A2991 RMK AO2 SLP122 T02440144
SDF,2023-07-10 01:56,10.00,25000.00,KSDF 100156Z 00000KT 10SM BKN250 24/14 A2992 RMK AO2 SLP127 T02390144
SDF,2023-07-10 02:56,10.00,25000.00,KSDF 100256Z 29003KT 10SM SCT250 23/15 A2992 RMK AO2 SLP128 T02280150 51010
SDF,2023-07-10 03:56,10.00,25000.00,KSDF 100356Z 28005KT 10SM SCT250 21/16 A2994 RMK AO2 SLP134 T02060161
SDF,2023-07-10 04:56,10.00,25000.00,KSDF 100456Z 00000KT 10SM FEW250 21/16 A2994 RMK AO2 SLP133 T02060161 402720200
SDF,2023-07-10 05:56,10.00,25000.00,KSDF 100556Z 00000KT 10SM FEW250 20/16 A2993 RMK AO2 SLP132 T02000161 10250 20200 50003
SDF,2023-07-10 06:56,10.00,M,KSDF 100656Z 29003KT 10SM CLR 18/16 A2994 RMK AO2 SLP134 T01830156
SDF,2023-07-10 07:56,10.00,M,KSDF 100756Z 00000KT 10SM CLR 19/16 A2994 RMK AO2 SLP135 T01890156
SDF,2023-07-10 08:56,10.00,M,KSDF 100856Z 00000KT 10SM CLR 18/16 A2994 RMK AO2 SLP136 T01830156 51003
SDF,2023-07-10 09:56,10.00,M,KSDF 100956Z 00000KT 10SM CLR 18/16 A2995 RMK AO2 SLP139 T01830156
SDF,2023-07-10 10:56,10.00,M,KSDF 101056Z 00000KT 10SM CLR 18/16 A2997 RMK AO2 SLP145 T01780156
SDF,2023-07-10 11:56,10.00,M,KSDF 101156Z 00000KT 10SM CLR 21/16 A2999 RMK AO2 SLP149 T02060161 10206 20178 53015
SDF,2023-07-10 12:56,10.00,M,KSDF 101256Z 00000KT 10SM CLR 22/17 A3000 RMK AO2 SLP154 T02170167
SDF,2023-07-10 13:56,10.00,M,KSDF 101356Z 00000KT 10SM CLR 24/17 A3000 RMK AO2 SLP155 T02440167
SDF,2023-07-10 14:56,10.00,4500.00,KSDF 101456Z 00000KT 10SM FEW045 26/16 A3000 RMK AO2 SLP153 T02610156 50004
SDF,2023-07-10 15:56,10.00,5000.00,KSDF 101556Z 03003KT 10SM SCT050 28/16 A3000 RMK AO2 SLP154 T02780156
SDF,2023-07-10 16:56,10.00,5000.00,KSDF 101656Z 26004KT 10SM SCT050 28/16 A2999 RMK AO2 SLP152 T02830156
SDF,2023-07-10 17:56,10.00,5500.00,KSDF 101756Z 22003KT 10SM SCT055 28/14 A2999 RMK AO2 SLP149 T02830139 10294 20206 58004
SDF,2023-07-10 18:56,10.00,6500.00,KSDF 101856Z 03004KT 10SM BKN065 28/14 A2998 RMK AO2 SLP146 T02830139
SDF,2023-07-10 19:56,10.00,6000.00,KSDF 101956Z 00000KT 10SM BKN060 29/13 A2997 RMK AO2 SLP143 T02940133
SDF,2023-07-10 20:56,10.00,6000.00,KSDF 102056Z 00000KT 10SM BKN060 30/15 A2996 RMK AO2 SLP140 T03000150 58009
SDF,2023-07-10 21:56,10.00,7000.00,KSDF 102156Z 12004KT 10SM BKN070 29/14 A2995 RMK AO2 SLP138 T02940144
SDF,2023-07-10 22:56,10.00,6500.00,KSDF 102256Z VRB05KT 10SM SCT065 30/15 A2995 RMK AO2 SLP137 T03000150
SDF,2023-07-10 23:56,10.00,6500.00,KSDF 102356Z 30007KT 10SM SCT065 29/14 A2995 RMK AO2 SLP138 T02890144 10311 20278 55002
SDF,2023-07-11 00:56,10.00,7000.00,KSDF 110056Z 30006KT 10SM SCT070 27/14 A2995 RMK AO2 SLP139 T02720144
SDF,2023-07-11 01:56,10.00,6500.00,KSDF 110156Z 27005KT 10SM FEW065 26/16 A2997 RMK AO2 SLP142 T02610156
SDF,2023-07-11 02:56,10.00,6500.00,KSDF 110256Z 26003KT 10SM FEW065 26/16 A2998 RMK AO2 SLP147 T02560161 53010
SDF,2023-07-11 03:56,10.00,6500.00,KSDF 110356Z 00000KT 10SM FEW065 24/16 A2998 RMK AO2 SLP146 T02440161
SDF,2023-07-11 04:56,10.00,6500.00,KSDF 110456Z 00000KT 10SM FEW065 24/16 A2998 RMK AO2 SLP145 T02390161 403110178
SDF,2023-07-11 05:56,10.00,M,KSDF 110556Z 00000KT 10SM CLR 23/17 A2997 RMK AO2 SLP144 T02280167 10289 20228 58004
SDF,2023-07-11 06:56,10.00,M,KSDF 110656Z 00000KT 10SM CLR 22/17 A2997 RMK AO2 SLP144 T02220167
SDF,2023-07-11 07:56,10.00,30000.00,KSDF 110756Z 00000KT 10SM FEW300 22/17 A2998 RMK AO2 SLP148 T02170167
SDF,2023-07-11 08:56,10.00,30000.00,KSDF 110856Z 00000KT 10SM FEW300 21/17 A2999 RMK AO2 SLP151 T02060167 53007
SDF,2023-07-11 09:56,10.00,25000.00,KSDF 110956Z 11003KT 10SM FEW250 20/17 A3000 RMK AO2 SLP154 T02000167
SDF,2023-07-11 10:56,10.00,5500.00,KSDF 111056Z 12003KT 10SM FEW055 FEW250 19/17 A3001 RMK AO2 SLP156 T01940167
SDF,2023-07-11 11:56,10.00,5500.00,KSDF 111156Z 11003KT 10SM FEW055 21/17 A3001 RMK AO2 SLP156 T02110172 10228 20194 50005
SDF,2023-07-11 12:56,10.00,5500.00,KSDF 111256Z 15003KT 10SM FEW055 23/18 A3001 RMK AO2 SLP156 T02330178
SDF,2023-07-11 13:56,10.00,5500.00,KSDF 111356Z 00000KT 10SM FEW055 26/17 A3002 RMK AO2 SLP160 T02610172
SDF,2023-07-11 14:56,10.00,4000.00,KSDF 111456Z 26006KT 10SM FEW040 FEW060 28/16 A3002 RMK AO2 SLP161 T02780161 53006
SDF,2023-07-11 15:56,10.00,4500.00,KSDF 111556Z 23008KT 10SM SCT045 29/15 A3002 RMK AO2 SLP161 T02890150
SDF,2023-07-11 16:56,10.00,5000.00,KSDF 111656Z 26008KT 10SM SCT050 29/16 A3002 RMK AO2 SLP160 T02940156
SDF,2023-07-11 17:56,10.00,6000.00,KSDF 111756Z 20009G15KT 10SM SCT060 29/16 A3002 RMK AO2 SLP159 T02940161 10300 20211 58002
SDF,2023-07-11 18:56,10.00,6000.00,KSDF 111856Z VRB05KT 10SM SCT060 30/16 A3000 RMK AO2 SLP155 T03000161
SDF,2023-07-11 19:56,10.00,6000.00,KSDF 111956Z VRB05G15KT 10SM SCT060 30/15 A2999 RMK AO2 SLP151 T03000150
SDF,2023-07-11 20:56,10.00,6000.00,KSDF 112056Z 05005KT 10SM SCT060 30/16 A2999 RMK AO2 SLP150 T03000161 56010
SDF,2023-07-11 21:56,10.00,6000.00,KSDF 112156Z 28008KT 10SM SCT060 31/16 A2998 RMK AO2 SLP147 T03060161
SDF,2023-07-11 22:56,10.00,6000.00,KSDF 112256Z 26007KT 10SM FEW060 30/16 A2997 RMK AO2 SLP143 T03000156
SDF,2023-07-11 23:56,10.00,6000.00,KSDF 112356Z 22008KT 10SM FEW060 FEW250 29/16 A2997 RMK AO2 SLP143 T02890156 10306 20289 56007
SDF,2023-07-12 00:56,10.00,25000.00,KSDF 120056Z COR 22005KT 10SM FEW250 28/16 A2997 RMK AO2 SLP145 T02780161
SDF,2023-07-12 01:56,10.00,25000.00,KSDF 120156Z 21005KT 10SM FEW250 27/17 A2998 RMK AO2 SLP146 T02720167
SDF,2023-07-12 02:56,10.00,25000.00,KSDF 120256Z 23004KT 10SM FEW250 26/18 A3000 RMK AO2 SLP152 T02560178 53010
SDF,2023-07-12 03:56,10.00,M,KSDF 120356Z 22004KT 10SM CLR 25/17 A3001 RMK AO2 SLP156 T02500172
SDF,2023-07-12 04:56,10.00,M,KSDF 120456Z 16003KT 10SM CLR 24/17 A3000 RMK AO2 SLP153 T02390172 403060194
SDF,2023-07-12 05:56,10.00,M,KSDF 120556Z 10004KT 10SM CLR 23/18 A3000 RMK AO2 SLP151 T02280178 10289 20228 58001
SDF,2023-07-12 06:56,10.00,M,KSDF 120656Z 00000KT 10SM CLR 22/18 A2999 RMK AO2 SLP150 T02220178
SDF,2023-07-12 07:56,10.00,M,KSDF 120756Z 12004KT 10SM CLR 22/18 A2999 RMK AO2 SLP148 T02170178
SDF,2023-07-12 08:56,10.00,M,KSDF 120856Z 13004KT 10SM CLR 22/18 A2999 RMK AO2 SLP149 T02220178 55002
SDF,2023-07-12 09:56,10.00,M,KSDF 120956Z 14005KT 10SM CLR 21/18 A2998 RMK AO2 SLP147 T02060178
SDF,2023-07-12 10:56,10.00,30000.00,KSDF 121056Z 14004KT 10SM FEW300 20/17 A3000 RMK AO2 SLP153 T02000172
SDF,2023-07-12 11:56,10.00,30000.00,KSDF 121156Z 14004KT 10SM FEW300 21/18 A3000 RMK AO2 SLP155 T02110178 10228 20200 53004
SDF,2023-07-12 12:56,10.00,20000.00,KSDF 121256Z 11003KT 10SM FEW200 FEW300 23/18 A3000 RMK AO2 SLP155 T02330178
SDF,2023-07-12 13:56,10.00,30000.00,KSDF 121356Z VRB06KT 10SM FEW300 27/18 A3000 RMK AO2 SLP153 T02670178
SDF,2023-07-12 14:56,10.00,30000.00,KSDF 121456Z 16007KT 10SM FEW300 28/18 A2999 RMK AO2 SLP151 T02830183 58003
SDF,2023-07-12 15:56,10.00,5000.00,KSDF 121556Z 21007KT 10SM FEW050 SCT300 29/17 A3001 RMK AO2 SLP158 T02890172
SDF,2023-07-12 16:56,10.00,5000.00,KSDF 121656Z 19008G16KT 10SM SCT050 SCT300 30/17 A2999 RMK AO2 SLP150 T03000167
SDF,2023-07-12 17:56,10.00,5000.00,KSDF 121756Z 19008KT 10SM SCT050 SCT250 31/18 A2999 RMK AO2 SLP148 T03060178 10306 20211 58003
SDF,2023-07-12 18:56,10.00,5500.00,KSDF 121856Z 19008G19KT 10SM FEW055 FEW200 BKN250 31/17 A2995 RMK AO2 SLP137 T03060172
SDF,2023-07-12 19:56,10.00,5500.00,KSDF 121956Z VRB06KT 10SM FEW055 BKN250 32/17 A2994 RMK AO2 SLP131 T03170167
SDF,2023-07-12 20:56,10.00,6000.00,KSDF 122056Z 21011G16KT 10SM FEW060 BKN250 32/17 A2993 RMK AO2 SLP129 T03170172 56019
SDF,2023-07-12 21:56,10.00,5500.00,KSDF 122156Z 20011G19KT 10SM FEW055 BKN250 31/17 A2991 RMK AO2 SLP123 T03110172
SDF,2023-07-12 22:56,10.00,5500.00,KSDF 122256Z 21013KT 10SM FEW055 SCT250 31/18 A2987 RMK AO2 SLP108 T03110183
SDF,2023-07-12 23:56,10.00,5500.00,KSDF 122356Z 19010KT 10SM FEW055 FEW250 SCT300 31/18 A2986 RMK AO2 SLP105 T03060183 10317 20300 56023
SDF,2023-07-13 00:56,10.00,25000.00,KSDF 130056Z 16011KT 10SM FEW250 SCT300 29/19 A2982 RMK AO2 SLP092 T02940189
SDF,2023-07-13 01:56,10.00,25000.00,KSDF 130156Z 16009G17KT 10SM FEW250 FEW300 29/19 A2982 RMK AO2 SLP092 T02890189
SDF,2023-07-13 02:56,10.00,30000.00,KSDF 130256Z 20004KT 10SM FEW300 28/19 A2986 RMK AO2 SLP106 T02780189 53001
SDF,2023-07-13 03:56,10.00,12000.00,KSDF 130356Z 21006KT 10SM FEW120 SCT300 28/19 A2988 RMK AO2 SLP113 T02780194
SDF,2023-07-13 04:56,10.00,4500.00,KSDF 130456Z 18007KT 10SM FEW045 SCT140 BKN300 27/19 A2987 RMK AO2 SLP109 T02720194 403170200
SDF,2023-07-13 05:56,10.00,4500.00,KSDF 130556Z 21006KT 10SM FEW045 FEW140 BKN250 OVC300 27/21 A2985 RMK AO2 SLP103 T02720206 10306 20272 58003
SDF,2023-07-13 06:56,10.00,13000.00,KSDF 130656Z 22005KT 10SM BKN130 BKN210 27/22 A2983 RMK AO2 SLP095 T02720217
SDF,2023-07-13 07:56,10.00,13000.00,KSDF 130756Z 19007KT 10SM FEW130 FEW210 SCT300 27/22 A2982 RMK AO2 SLP092 T02720217
SDF,2023-07-13 08:56,10.00,13000.00,KSDF 130856Z 20007KT 10SM FEW130 BKN300 27/22 A2982 RMK AO2 SLP092 T02720222 55010
SDF,2023-07-13 09:56,10.00,6000.00,KSDF 130956Z 21008KT 10SM FEW060 FEW130 OVC300 26/22 A2984 RMK AO2 SLP097 T02610222
SDF,2023-07-13 10:56,10.00,4000.00,KSDF 131056Z 22009KT 10SM FEW040 FEW130 BKN300 26/23 A2984 RMK AO2 SLP100 T02610228
SDF,2023-07-13 11:56,10.00,3500.00,KSDF 131156Z 23010G17KT 10SM FEW035 FEW120 BKN250 27/23 A2985 RMK AO2 SLP101 T02670228 10272 20261 51008
SDF,2023-07-13 12:56,10.00,3500.00,KSDF 131256Z 26009KT 10SM FEW035 FEW120 BKN250 28/23 A2987 RMK AO2 SLP107 T02780228
SDF,2023-07-13 13:56,10.00,3000.00,KSDF 131356Z COR 25009KT 10SM FEW030 FEW070 SCT100 SCT150 OVC250 28/22 A2987 RMK AO2 SLP107 T02830217
SDF,2023-07-13 14:56,10.00,2500.00,KSDF 131456Z 27009KT 10SM FEW025 SCT100 SCT150 BKN200 OVC250 29/21 A2987 RMK AO2 SLP109 T02890211 51007
SDF,2023-07-13 15:56,10.00,3000.00,KSDF 131556Z 24009G14KT 10SM FEW030 SCT100 BKN150 BKN200 BKN250 30/22 A2987 RMK AO2 SLP110 T03000222
SDF,2023-07-13 16:56,10.00,3000.00,KSDF 131656Z 23010KT 10SM FEW030 FEW060 SCT100 BKN150 BKN190 OVC250 31/22 A2987 RMK AO2 SLP109 T03060222
SDF,2023-07-13 17:56,10.00,3100.00,KSDF 131756Z 24008KT 10SM FEW031 SCT065 SCT100 BKN150 BKN190 31/23 A2987 RMK AO2 SLP108 T03060228 10311 20267 58001
SDF,2023-07-13 18:56,10.00,3500.00,KSDF 131856Z 25012KT 10SM FEW035 FEW065 FEW130 BKN190 BKN250 32/23 A2984 RMK AO2 SLP099 CB DSNT N T03170228
SDF,2023-07-13 19:56,10.00,4000.00,KSDF 131956Z 25011G17KT 10SM FEW040 SCT065 SCT190 BKN250 33/22 A2983 RMK AO2 SLP095 CB DSNT N-NE AND NW T03280217
SDF,2023-07-13 20:56,10.00,4500.00,KSDF 132056Z 26010KT 10SM BKN045 BKN090 BKN190 BKN250 33/21 A2983 RMK AO2 SLP094 CB DSNT N T03280211 56013
SDF,2023-07-13 21:56,10.00,4700.00,KSDF 132156Z 24005KT 10SM BKN047 BKN070 BKN110 BKN250 32/21 A2983 RMK AO2 LTG DSNT N AND NE SLP094 CB DSNT SE T03170211
SDF,2023-07-13 22:56,10.00,5000.00,KSDF 132256Z 28007KT 10SM SCT050 SCT070 BKN100 BKN250 31/22 A2982 RMK AO2 LTG DSNT E AND SE TSE38 SLP091 CB DSNT E-SE AND SW T03110217
SDF,2023-07-13 23:56,10.00,4300.00,KSDF 132356Z 03010KT 10SM SCT043 BKN065 BKN080 28/22 A2984 RMK AO2 LTG DSNT W SLP098 CB DSNT SE T02830217 10333 20283 53003
SDF,2023-07-14 00:56,10.00,4100.00,KSDF 140056Z 05006KT 10SM VCTS FEW041 BKN065 BKN100 BKN250 28/21 A2984 RMK AO2 LTG DSNT S AND SW RAB02E30 SLP098 SH DSNT S-W P0000 T02780211
SDF,2023-07-14 01:56,10.00,2500.00,KSDF 140156Z 11005KT 10SM FEW025 BKN039 BKN060 26/23 A2986 RMK AO2 LTG DSNT SE RAB37E56 TSB11E26 SLP107 TS MOV E P0010 T02610228
SDF,2023-07-14 02:56,10.00,4000.00,KSDF 140256Z 00000KT 10SM FEW040 25/23 A2987 RMK AO2 SLP108 60010 T02500228 53010
SDF,2023-07-14 03:56,10.00,4000.00,KSDF 140356Z 11003KT 10SM FEW040 25/22 A2987 RMK AO2 SLP108 T02500217
SDF,2023-07-14 04:56,10.00,4000.00,KSDF 140456Z 12003KT 10SM FEW040 SCT060 25/22 A2987 RMK AO2 SLP110 T02500217 403330244
SDF,2023-07-14 05:56,10.00,4000.00,KSDF 140556Z 12003KT 10SM FEW040 FEW060 24/22 A2987 RMK AO2 SLP108 60010 T02440217 10283 20239 58001
SDF,2023-07-14 06:56,10.00,6000.00,KSDF 140656Z 11003KT 10SM FEW060 SCT140 24/22 A2986 RMK AO2 SLP104 T02390217
SDF,2023-07-14 07:56,10.00,5000.00,KSDF 140756Z 22003KT 10SM FEW050 FEW180 SCT250 25/22 A2986 RMK AO2 SLP105 T02500217
SDF,2023-07-14 08:56,10.00,6000.00,KSDF 140856Z 00000KT 10SM FEW060 FEW300 25/22 A2986 RMK AO2 SLP104 T02500217 56004
SDF,2023-07-14 09:56,10.00,1400.00,KSDF 140956Z 35003KT 10SM BKN014 OVC041 24/22 A2987 RMK AO2 SLP109 T02440217
SDF,2023-07-14 10:56,10.00,800.00,KSDF 141056Z 00000KT 10SM FEW008 BKN300 24/22 A2988 RMK AO2 SLP111 T02440217
SDF,2023-07-14 11:56,10.00,30000.00,KSDF 141156Z 00000KT 10SM FEW300 26/22 A2989 RMK AO2 SLP116 70010 T02610222 10261 20239 53012
SDF,2023-07-14 12:56,10.00,30000.00,KSDF 141256Z 00000KT 10SM FEW300 26/22 A2992 RMK AO2 SLP125 T02610222
SDF,2023-07-14 13:56,10.00,1500.00,KSDF 141356Z 00000KT 10SM FEW015 FEW300 28/22 A2993 RMK AO2 SLP131 T02780222
SDF,2023-07-14 14:56,10.00,3100.00,KSDF 141456Z VRB05KT 10SM FEW031 FEW300 30/19 A2993 RMK AO2 SLP130 T03000194 50014
SDF,2023-07-14 15:56,10.00,4000.00,KSDF 141556Z 32005KT 10SM FEW040 SCT300 31/19 A2994 RMK AO2 SLP131 T03060194
SDF,2023-07-14 16:56,10.00,4500.00,KSDF 141656Z COR 27009KT 10SM FEW045 SCT250 SCT300 32/19 A2993 RMK AO2 SLP131 T03170194
SDF,2023-07-14 17:56,10.00,5500.00,KSDF 141756Z 30005KT 10SM FEW055 SCT250 SCT300 33/19 A2993 RMK AO2 SLP128 T03330189 10333 20261 58002
SDF,2023-07-14 18:56,10.00,5500.00,KSDF 141856Z 31008G15KT 10SM FEW055 SCT250 BKN300 33/18 A2992 RMK AO2 SLP127 T03330178
SDF,2023-07-14 19:56,10.00,6000.00,KSDF 141956Z 31004KT 10SM FEW060 BKN300 33/17 A2990 RMK AO2 SLP120 T03280172
SDF,2023-07-14 20:56,10.00,6000.00,KSDF 142056Z 00000KT 10SM FEW060 BKN300 33/19 A2989 RMK AO2 SLP114 T03330189 58013
SDF,2023-07-14 21:56,10.00,6000.00,KSDF 142156Z 28007KT 10SM FEW060 FEW300 34/19 A2987 RMK AO2 SLP108 T03390189
SDF,2023-07-14 22:56,10.00,6000.00,KSDF 142256Z 00000KT 10SM FEW060 FEW250 FEW300 33/19 A2986 RMK AO2 SLP106 T03330194
SDF,2023-07-14 23:56,10.00,6000.00,KSDF 142356Z 22007KT 10SM FEW060 FEW250 SCT300 32/20 A2987 RMK AO2 SLP109 T03220200 10339 20322 55004
SDF,2023-07-15 00:56,10.00,6000.00,KSDF 150056Z 24005KT 10SM FEW060 FEW250 BKN300 31/21 A2988 RMK AO2 SLP114 T03110206
SDF,2023-07-15 01:56,10.00,25000.00,KSDF 150156Z 16004KT 10SM FEW250 FEW300 30/21 A2988 RMK AO2 SLP112 T03000211
SDF,2023-07-15 02:56,10.00,25000.00,KSDF 150256Z 15006KT 10SM SCT250 29/21 A2989 RMK AO2 SLP114 T02940211 51005
SDF,2023-07-15 03:56,10.00,25000.00,KSDF 150356Z 11004KT 10SM BKN250 29/21 A2989 RMK AO2 SLP114 T02890206
SDF,2023-07-15 04:56,10.00,17000.00,KSDF 150456Z 18005KT 10SM BKN170 28/20 A2988 RMK AO2 SLP112 T02830200 403390239
SDF,2023-07-15 05:56,10.00,17000.00,KSDF 150556Z 19007KT 10SM BKN170 28/21 A2987 RMK AO2 SLP109 T02830211 10322 20278 58005
SDF,2023-07-15 06:56,10.00,19000.00,KSDF 150656Z 21007KT 10SM SCT190 28/23 A2985 RMK AO2 SLP101 T02780228
SDF,2023-07-15 07:56,10.00,19000.00,KSDF 150756Z 00000KT 10SM BKN190 27/22 A2984 RMK AO2 SLP099 T02670222
SDF,2023-07-15 08:56,10.00,7000.00,KSDF 150856Z 00000KT 10SM BKN070 BKN160 27/22 A2984 RMK AO2 SLP098 T02670217 56010
SDF,2023-07-15 09:56,10.00,8500.00,KSDF 150956Z 16006KT 10SM FEW085 OVC150 27/22 A2984 RMK AO2 SLP098 T02670222
SDF,2023-07-15 10:56,10.00,15000.00,KSDF 151056Z 14005KT 10SM OVC150 26/22 A2985 RMK AO2 SLP103 T02560222
SDF,2023-07-15 11:56,10.00,5500.00,KSDF 151156Z 11004KT 10SM -RA FEW055 SCT085 OVC110 26/23 A2985 RMK AO2 LTG DSNT E RAB07E24B43 SLP102 P0001 60001 70001 T02560228 10283 20256 50003
SDF,2023-07-15 12:56,10.00,10000.00,KSDF 151256Z 18006KT 10SM OVC100 26/23 A2986 RMK AO2 RAE10 SLP104 P0000 T02610228
SDF,2023-07-15 13:56,10.00,3000.00,KSDF 151356Z 19006KT 10SM FEW030 OVC100 27/22 A2985 RMK AO2 RAB07E21 SLP102 P0000 T02720222
SDF,2023-07-15 14:56,6.00,1700.00,KSDF 151456Z 20008KT 6SM RA SCT017 OVC090 27/23 A2986 RMK AO2 LTG DSNT NW RAB42 SLP105 P0000 60000 T02670233 53003
SDF,2023-07-15 15:56,3.00,2000.00,KSDF 151556Z 21014G20KT 3SM RA BR BKN020 BKN046 OVC090 24/22 A2987 RMK AO2 LTG DSNT NE SLP109 P0011 T02440222
SDF,2023-07-15 16:56,9.00,1600.00,KSDF 151656Z 17007KT 9SM -RA FEW016 BKN065 OVC085 23/21 A2986 RMK AO2 PK WND 21026/1618 SLP105 P0011 T02330211
SDF,2023-07-15 17:56,10.00,1400.00,KSDF 151756Z 19006KT 10SM FEW014 BKN075 OVC095 24/21 A2984 RMK AO2 RAE21 SLP100 P0001 60023 T02440211 10272 20233 58005
SDF,2023-07-15 18:56,10.00,1400.00,KSDF 151856Z 23007KT 10SM BKN014 BKN035 26/22 A2984 RMK AO2 SLP098 T02610217
SDF,2023-07-15 19:56,10.00,1800.00,KSDF 151956Z 24006KT 10SM BKN018 BKN025 BKN070 27/22 A2983 RMK AO2 SLP095 T02720222
SDF,2023-07-15 20:56,10.00,2300.00,KSDF 152056Z 27008KT 10SM BKN023 BKN030 BKN080 29/22 A2982 RMK AO2 SLP091 T02890222 58008
SDF,2023-07-15 21:56,10.00,2800.00,KSDF 152156Z 28012KT 10SM SCT028 SCT045 SCT080 30/22 A2980 RMK AO2 SLP086 T03000222
SDF,2023-07-15 22:56,10.00,3000.00,KSDF 152256Z 27014KT 10SM SCT030 BKN037 BKN050 29/22 A2981 RMK AO2 SLP088 T02890217
SDF,2023-07-15 23:56,10.00,3000.00,KSDF 152356Z 30009KT 10SM FEW030 SCT050 SCT070 29/21 A2982 RMK AO2 SLP091 T02890211 10300 20244 55001
SDF,2023-07-16 00:56,10.00,3500.00,KSDF 160056Z 30005KT 10SM FEW035 FEW050 FEW080 28/21 A2983 RMK AO2 SLP096 T02780211
SDF,2023-07-16 01:56,10.00,7500.00,KSDF 160156Z 32008KT 10SM BKN075 BKN090 27/20 A2986 RMK AO2 SLP104 T02720200
SDF,2023-07-16 02:56,10.00,M,KSDF 160256Z 33006KT 10SM CLR 26/19 A2987 RMK AO2 SLP110 T02610194 53019
SDF,2023-07-16 03:56,10.00,10000.00,KSDF 160356Z 31006KT 10SM FEW100 FEW250 26/20 A2988 RMK AO2 SLP113 T02560200
SDF,2023-07-16 04:56,10.00,25000.00,KSDF 160456Z 30004KT 10SM FEW250 25/21 A2990 RMK AO2 SLP119 T02500206 403000233
SDF,2023-07-16 05:56,10.00,7000.00,KSDF 160556Z 28006KT 10SM FEW070 24/21 A2990 RMK AO2 SLP121 T02390206 10289 20239 51010
SDF,2023-07-16 06:56,10.00,M,KSDF 160656Z 27005KT 10SM CLR 24/21 A2990 RMK AO2 SLP121 T02390206
SDF,2023-07-16 07:56,10.00,M,KSDF 160756Z 00000KT 10SM CLR 23/21 A2990 RMK AO2 SLP119 T02330206
SDF,2023-07-16 08:56,10.00,M,KSDF 160856Z 24003KT 10SM CLR 23/20 A2990 RMK AO2 SLP119 T02330200 55001
SDF,2023-07-16 09:56,10.00,M,KSDF 160956Z 29006KT 10SM CLR 23/20 A2991 RMK AO2 SLP121 T02280200
SDF,2023-07-16 10:56,10.00,6000.00,KSDF 161056Z 28006KT 10SM FEW060 23/20 A2992 RMK AO2 SLP125 T02280200
SDF,2023-07-16 11:56,10.00,6000.00,KSDF 161156Z 29008KT 10SM FEW060 23/20 A2994 RMK AO2 SLP133 70023 T02280200 10239 20222 53014
SDF,2023-07-16 12:56,10.00,25000.00,KSDF 161256Z 29007KT 10SM BKN250 24/19 A2996 RMK AO2 SLP140 T02390194
SDF,2023-07-16 13:56,9.00,25000.00,KSDF 161356Z 28006KT 9SM BKN250 25/19 A2997 RMK AO2 SLP143 T02500189
SDF,2023-07-16 14:56,8.00,25000.00,KSDF 161456Z 28006KT 8SM BKN250 26/18 A2998 RMK AO2 SLP145 T02610183 51012
SDF,2023-07-16 15:56,7.00,M,KSDF 161556Z 27009KT 7SM CLR 27/18 A2998 RMK AO2 SLP148 T02720178
SDF,2023-07-16 16:56,6.00,M,KSDF 161656Z 27006KT 6SM HZ CLR 29/18 A2999 RMK AO2 SLP149 T02890183
SDF,2023-07-16 17:56,6.00,M,KSDF 161756Z 29008KT 6SM HZ CLR 29/18 A2998 RMK AO2 SLP147 T02890178 10294 20228 50002
SDF,2023-07-16 18:56,5.00,M,KSDF 161856Z 28006KT 5SM HZ CLR 29/18 A2997 RMK AO2 SLP143 T02940178
SDF,2023-07-16 19:56,5.00,M,KSDF 161956Z 23009KT 5SM HZ CLR 30/18 A2996 RMK AO2 SLP139 T03000183
SDF,2023-07-16 20:56,4.00,M,KSDF 162056Z 25009KT 4SM HZ CLR 30/19 A2994 RMK AO2 SLP134 T03000189 58013
SDF,2023-07-16 21:56,4.00,4000.00,KSDF 162156Z 26012KT 4SM HZ FEW040 FEW210 29/19 A2993 RMK AO2 SLP131 T02940194
SDF,2023-07-16 22:56,4.00,4500.00,KSDF 162256Z 25009KT 4SM HZ FEW045 FEW250 29/19 A2994 RMK AO2 SLP132 T02890194
SDF,2023-07-16 23:56,4.00,4800.00,KSDF 162356Z 24008KT 4SM HZ FEW048 28/19 A2994 RMK AO2 SLP135 T02830194 10306 20283 55000
SDF,2023-07-17 00:56,4.00,25000.00,KSDF 170056Z VRB05KT 4SM HZ SCT250 28/21 A2994 RMK AO2 SLP134 T02780206
SDF,2023-07-17 01:56,5.00,M,KSDF 170156Z 17007KT 5SM HZ CLR 26/21 A2993 RMK AO2 SLP129 T02610206
SDF,2023-07-17 02:56,5.00,25000.00,KSDF 170256Z 19007KT 5SM HZ BKN250 26/21 A2996 RMK AO2 SLP140 T02610206 53006
SDF,2023-07-17 03:56,5.00,13000.00,KSDF 170356Z 17006KT 5SM FU HZ FEW130 BKN150 BKN250 26/20 A2998 RMK AO2 SLP148 T02610200
SDF,2023-07-17 04:56,5.00,13000.00,KSDF 170456Z 18006KT 5SM VCTS FU HZ BKN130 BKN150 BKN250 26/20 A2999 RMK AO2 LTG DSNT N AND NW SLP149 T02610200 403060222
SDF,2023-07-17 05:56,5.00,9000.00,KSDF 170556Z 21006KT 5SM FU HZ FEW090 BKN140 BKN250 26/20 A2998 RMK AO2 LTG DSNT NW-NE TSB0458E13 SLP147 T02610200 10283 20256 58001
SDF,2023-07-17 06:56,5.00,7500.00,KSDF 170656Z 23005KT 5SM FU HZ SCT075 BKN110 BKN250 26/19 A2998 RMK AO2 LTG DSNT NE AND E SLP146 T02560194
SDF,2023-07-17 07:56,5.00,4300.00,KSDF 170756Z 00000KT 5SM FU HZ BKN043 BKN120 OVC250 26/19 A2996 RMK AO2 SLP140 T02560194
SDF,2023-07-17 08:56,5.00,4000.00,KSDF 170856Z 17004KT 5SM FU HZ SCT040 SCT120 BKN250 25/19 A2995 RMK AO2 LTG DSNT E AND SE SLP138 T02500194 58009
SDF,2023-07-17 09:56,4.00,4000.00,KSDF 170956Z 21004KT 4SM FU HZ FEW040 FEW110 BKN250 24/19 A2995 RMK AO2 SLP137 T02440194
SDF,2023-07-17 10:56,3.00,3700.00,KSDF 171056Z 21003KT 3SM FU HZ BKN037 BKN075 OVC250 24/19 A2996 RMK AO2 LTG DSNT S AND SW SLP140 T02390194
SDF,2023-07-17 11:56,3.00,4500.00,KSDF 171156Z 29007KT 3SM FU HZ FEW045 BKN070 BKN110 BKN150 OVC250 25/20 A2998 RMK AO2 LTG DSNT E-S SLP146 T02500200 10261 20239 53008
SDF,2023-07-17 12:56,5.00,4800.00,KSDF 171256Z 27011KT 5SM FU HZ FEW048 SCT070 SCT100 SCT150 OVC200 24/19 A3002 RMK AO2 LTG DSNT S RAB45E54 SLP158 P0000 T02440194
SDF,2023-07-17 13:56,6.00,7000.00,KSDF 171356Z 23007KT 6SM -RA FU HZ BKN070 OVC110 23/19 A3003 RMK AO2 RAB10 SLP163 P0001 T02280194
SDF,2023-07-17 14:56,10.00,1500.00,KSDF 171456Z 25007KT 10SM FEW015 FEW065 FEW110 BKN180 BKN250 24/19 A3003 RMK AO2 RAE22 SLP163 P0000 60001 T02440194 51015
SDF,2023-07-17 15:56,10.00,2100.00,KSDF 171556Z VRB03KT 10SM FEW021 FEW065 SCT110 BKN180 BKN250 26/19 A3002 RMK AO2 SLP159 T02560194
SDF,2023-07-17 16:56,10.00,9000.00,KSDF 171656Z VRB03KT 10SM FEW090 SCT250 27/19 A3000 RMK AO2 SLP152 T02670189
SDF,2023-07-17 17:56,10.00,2500.00,KSDF 171756Z 23007KT 180V250 10SM FEW025 FEW100 FEW300 28/19 A2999 RMK AO2 SLP148 60001 T02830194 10283 20228 58014
SDF,2023-07-17 18:56,10.00,3000.00,KSDF 171856Z COR 20010KT 10SM FEW030 FEW200 SCT300 29/19 A2997 RMK AO2 SLP144 T02940189
SDF,2023-07-17 19:56,10.00,4500.00,KSDF 171956Z 22010KT 10SM FEW045 FEW200 SCT300 30/19 A2996 RMK AO2 SLP140 T03000194
SDF,2023-07-17 20:56,10.00,4500.00,KSDF 172056Z 24009G19KT 10SM SCT045 BKN060 BKN090 30/19 A2994 RMK AO2 SLP133 T03000194 58015
SDF,2023-07-17 21:56,10.00,4500.00,KSDF 172156Z 27013KT 10SM FEW045 BKN060 BKN090 30/18 A2994 RMK AO2 SLP132 T03000183
SDF,2023-07-17 22:56,10.00,4500.00,KSDF 172256Z 25010KT 10SM FEW045 SCT250 29/19 A2993 RMK AO2 SLP130 T02940194
SDF,2023-07-17 23:56,10.00,3500.00,KSDF 172356Z 26009KT 10SM FEW035 FEW050 SCT250 28/19 A2994 RMK AO2 SLP134 T02830194 10306 20283 53001
SDF,2023-07-18 00:56,10.00,4500.00,KSDF 180056Z 21007KT 10SM FEW045 SCT250 28/20 A2995 RMK AO2 SLP136 T02780200
SDF,2023-07-18 01:56,10.00,5000.00,KSDF 180156Z 19004KT 10SM BKN050 27/21 A2997 RMK AO2 SLP144 T02720206
SDF,2023-07-18 02:56,10.00,5000.00,KSDF 180256Z 16007KT 10SM BKN050 BKN120 27/21 A2997 RMK AO2 LTG DSNT N AND SE SLP144 T02720206 51010
SDF,2023-07-18 03:56,10.00,4000.00,KSDF 180356Z 17003KT 10SM BKN040 BKN110 BKN250 27/21 A2999 RMK AO2 LTG DSNT N SLP151 T02670206
SDF,2023-07-18 04:56,10.00,2700.00,KSDF 180456Z 01010KT 10SM TS BKN027 OVC035CB 24/16 A3001 RMK AO2 LTG DSNT ALQDS TSB22 SLP159 CONS LTGCGIC NW-N-E TS NW-N-E MOV E T02390156 403060228
SDF,2023-07-18 05:56,10.00,1900.00,KSDF 180556Z 01008G17KT 10SM TS SCT019CB BKN031 BKN050 OVC250 21/18 A3004 RMK AO2 LTG DSNT ALQDS RAB00E49 SLP168 CONS LTGICCC N-NE TS N-NE MOV SE P0001 60001 T02110178 10283 20211 53022
SDF,2023-07-18 06:56,5.00,4500.00,KSDF 180656Z 19009KT 5SM +TSRA SCT045CB BKN075 BKN110 OVC180 21/17 A3002 RMK AO2 LTG DSNT ALQDS RAB04E22B50 SLP161 CONS LTGCGICCC ALQDS TS ALQDS MOV SE P0002 T02110172
SDF,2023-07-18 07:56,10.00,15000.00,KSDF 180756Z 16008KT 10SM FEW150 SCT190 BKN250 21/18 A2996 RMK AO2 LTG DSNT SE RAE18 TSE19B20E23 SLP142 P0007 T02060178
SDF,2023-07-18 08:56,10.00,13000.00,KSDF 180856Z 00000KT 10SM BKN130 OVC180 21/18 A2997 RMK AO2 SLP144 60009 T02060178 55023
SDF,2023-07-18 09:56,10.00,15000.00,KSDF 180956Z 13006KT 10SM OVC150 21/18 A2999 RMK AO2 SLP150 T02060183
SDF,2023-07-18 10:56,9.00,5000.00,KSDF 181056Z 14007KT 9SM SCT050 BKN140 21/18 A3001 RMK AO2 SLP157 T02060178
SDF,2023-07-18 11:56,9.00,7500.00,KSDF 181156Z 16005KT 9SM BKN075 BKN140 21/18 A3004 RMK AO2 SLP167 60009 70011 T02110183 10222 20200 53022
SDF,2023-07-18 12:56,10.00,7000.00,KSDF 181256Z 12004KT 10SM FEW070 SCT110 SCT140 BKN200 22/18 A3003 RMK AO2 LTG DSNT NE SLP165 T02170183
SDF,2023-07-18 13:56,10.00,7000.00,KSDF 181356Z 15006KT 10SM FEW070 FEW110 SCT140 BKN200 BKN250 24/20 A3003 RMK AO2 LTG DSNT N AND NE SLP165 CB DSNT NE T02390200
SDF,2023-07-18 14:56,10.00,6000.00,KSDF 181456Z 17007KT 120V210 10SM FEW060 FEW100 FEW150 BKN200 BKN250 26/21 A3000 RMK AO2 LTG DSNT SW-NW TSE47 SLP155 CB DSNT W T02610206 58009
SDF,2023-07-18 15:56,10.00,2000.00,KSDF 181556Z 17006KT 10SM FEW020 FEW050 FEW100 SCT140 BKN200 BKN250 28/22 A2999 RMK AO2 RAB06E29 TSB1457E29 SLP150 TS DSIPT CB DSNT SW P0000 T02830222
SDF,2023-07-18 16:56,10.00,3600.00,KSDF 181656Z COR 21009KT 10SM SCT036 SCT065 BKN100 BKN150 BKN250 30/23 A2998 RMK AO2 LTG DSNT SW SLP147 T03000233
SDF,2023-07-18 17:56,10.00,2500.00,KSDF 181756Z 23015G19KT 10SM VCTS SCT025 BKN045 BKN080 BKN250 29/23 A2996 RMK AO2 LTG DSNT E-SW TSE45 SLP141 CB DSNT E AND S 60000 T02940228 10300 20211 56009
SDF,2023-07-18 18:56,10.00,3000.00,KSDF 181856Z 22014KT 10SM FEW030 SCT060 SCT100 BKN150 BKN200 BKN250 31/22 A2993 RMK AO2 LTG DSNT NE-S TSB11E35 SLP129 TS MOV E CB DSNT SE AND S T03110222
SDF,2023-07-18 19:56,10.00,3800.00,KSDF 181956Z 26011KT 10SM FEW038 SCT065 BKN200 31/22 A2992 RMK AO2 LTG DSNT S SLP126 T03110222
SDF,2023-07-18 20:56,10.00,3600.00,KSDF 182056Z 24008KT 190V280 10SM SCT036 BKN090 BKN200 32/23 A2989 RMK AO2 LTG DSNT SE AND S SLP116 T03170233 56023
SDF,2023-07-18 21:56,10.00,4000.00,KSDF 182156Z 15015G20KT 10SM VCTS SCT040 BKN045 BKN060 29/23 A2987 RMK AO2 LTG DSNT ALQDS SLP109 T02940228
SDF,2023-07-18 22:56,0.75,2500.00,KSDF 182256Z 26028G37KT 3/4SM +TSRA BR SCT025 BKN041CB OVC100 23/21 A2992 RMK AO2 PK WND 26037/2252 WSHFT 2150 LTG DSNT ALQDS RAB12E22B34 TSB16 SLP128 FRQ LTGCGICCC ALQDS TS ALQDS MOV E P0030 T02280206 RVRNO
SDF,2023-07-18 23:56,10.00,10000.00,KSDF 182356Z 08008KT 10SM -RA BKN100 BKN120 23/21 A2993 RMK AO2 PK WND 27029/2257 LTG DSNT E AND SE TSE35 SLP131 P0048 60078 T02280206 10317 20217 53013
SDF,2023-07-19 00:56,10.00,900.00,KSDF 190056Z 16012KT 10SM FEW009 SCT065 BKN090 23/21 A2995 RMK AO2 RAE07 SLP138 P0000 T02280206
SDF,2023-07-19 01:56,10.00,1000.00,KSDF 190156Z 20006KT 10SM SCT010 23/21 A2996 RMK AO2 SLP141 T02330206
SDF,2023-07-19 02:56,10.00,700.00,KSDF 190256Z 22005KT 10SM FEW007 23/21 A2998 RMK AO2 SLP146 60000 T02280211 51015
SDF,2023-07-19 03:56,10.00,900.00,KSDF 190356Z 26006KT 10SM BKN009 OVC013 23/21 A2999 RMK AO2 SLP150 T02330206
SDF,2023-07-19 04:56,10.00,700.00,KSDF 190456Z 26008KT 10SM FEW007 OVC011 23/21 A3000 RMK AO2 SLP154 T02280206 403170200
SDF,2023-07-19 05:56,10.00,900.00,KSDF 190556Z 27008KT 10SM OVC009 23/20 A3001 RMK AO2 SLP156 60000 T02280200 10239 20228 51011
SDF,2023-07-19 06:56,10.00,700.00,KSDF 190656Z 26004KT 10SM OVC007 23/21 A2998 RMK AO2 SLP146 T02280206
SDF,2023-07-19 07:56,10.00,700.00,KSDF 190756Z 22006KT 10SM OVC007 23/21 A3000 RMK AO2 SLP152 T02280206
SDF,2023-07-19 08:56,10.00,700.00,KSDF 190856Z 22006KT 10SM OVC007 23/20 A3002 RMK AO2 SLP158 T02280200 53002
SDF,2023-07-19 09:56,10.00,800.00,KSDF 190956Z 21003KT 10SM OVC008 22/20 A3002 RMK AO2 SLP159 T02220200
SDF,2023-07-19 10:56,5.00,600.00,KSDF 191056Z 22005KT 5SM BR OVC006 22/21 A3002 RMK AO2 SLP161 T02220206
SDF,2023-07-19 11:56,9.00,700.00,KSDF 191156Z 20005KT 9SM OVC007 23/20 A3005 RMK AO2 SLP170 70078 T02280200 10228 20222 53011
SDF,2023-07-19 12:56,10.00,900.00,KSDF 191256Z 20005KT 10SM OVC009 23/20 A3004 RMK AO2 SLP167 T02280200
SDF,2023-07-19 13:56,10.00,1200.00,KSDF 191356Z 22006KT 10SM OVC012 23/20 A3006 RMK AO2 SLP174 T02280200
SDF,2023-07-19 14:56,10.00,1100.00,KSDF 191456Z 22007KT 10SM FEW011 OVC023 23/20 A3006 RMK AO2 SLP175 T02330200 53004
SDF,2023-07-19 15:56,10.00,1200.00,KSDF 191556Z 26009KT 10SM OVC012 24/21 A3007 RMK AO2 SLP179 T02390206
SDF,2023-07-19 16:56,10.00,1400.00,KSDF 191656Z 22009KT 10SM OVC014 24/21 A3009 RMK AO2 SLP184 T02440206
SDF,2023-07-19 17:56,10.00,2100.00,KSDF 191756Z 24011G20KT 10SM BKN021 BKN060 OVC200 27/21 A3008 RMK AO2 SLP181 T02720206 10272 20228 50007
SDF,2023-07-19 18:56,10.00,2800.00,KSDF 191856Z 20009KT 10SM BKN028 27/20 A3007 RMK AO2 SLP177 T02720200
SDF,2023-07-19 19:56,10.00,2500.00,KSDF 191956Z 21009KT 10SM FEW025 BKN032 27/20 A3006 RMK AO2 SLP175 T02720200
SDF,2023-07-19 20:56,10.00,2800.00,KSDF 192056Z 25005KT 10SM FEW028 FEW033 BKN047 28/21 A3005 RMK AO2 SLP171 T02780211 57010
SDF,2023-07-19 21:56,10.00,2800.00,KSDF 192156Z 19006KT 10SM FEW028 BKN035 OVC045 28/20 A3004 RMK AO2 SLP168 T02780200
SDF,2023-07-19 22:56,10.00,2800.00,KSDF 192256Z 25007KT 10SM FEW028 BKN039 BKN300 28/20 A3004 RMK AO2 SLP168 T02780200
SDF,2023-07-19 23:56,10.00,4000.00,KSDF 192356Z 20005KT 10SM BKN040 BKN250 BKN300 28/20 A3004 RMK AO2 SLP167 T02780200 10289 20267 56004
SDF,2023-07-20 00:56,10.00,3500.00,KSDF 200056Z 29005KT 10SM BKN035 27/21 A3004 RMK AO2 SLP168 T02670206
SDF,2023-07-20 01:56,10.00,3900.00,KSDF 200156Z 00000KT 10SM BKN039 26/21 A3005 RMK AO2 SLP170 T02610206
SDF,2023-07-20 02:56,10.00,3500.00,KSDF 200256Z 21004KT 10SM BKN035 OVC050 27/21 A3005 RMK AO2 SLP171 T02670206 51004
SDF,2023-07-20 03:56,10.00,5500.00,KSDF 200356Z 22005KT 10SM BKN055 BKN250 26/21 A3004 RMK AO2 SLP167 T02610211
SDF,2023-07-20 04:56,10.00,6000.00,KSDF 200456Z VRB04KT 10SM BKN060 OVC250 26/21 A3004 RMK AO2 SLP166 T02560211 402890222
SDF,2023-07-20 05:56,10.00,4800.00,KSDF 200556Z 19004KT 10SM BKN048 OVC065 26/21 A3003 RMK AO2 SLP165 T02560211 10278 20256 56005
SDF,2023-07-20 06:56,10.00,2900.00,KSDF 200656Z 18005KT 10SM BKN029 OVC040 26/21 A3002 RMK AO2 SLP160 T02560211
SDF,2023-07-20 07:56,10.00,3100.00,KSDF 200756Z VRB04KT 10SM FEW031 OVC190 26/21 A3001 RMK AO2 SLP157 T02560211
SDF,2023-07-20 08:56,10.00,3100.00,KSDF 200856Z 19005KT 10SM BKN031 OVC190 26/21 A3002 RMK AO2 SLP160 T02560211 55005
SDF,2023-07-20 09:56,10.00,3400.00,KSDF 200956Z 16004KT 10SM OVC034 24/21 A3001 RMK AO2 SLP155 T02440211
SDF,2023-07-20 10:56,10.00,3400.00,KSDF 201056Z 10003KT 10SM SCT034 SCT190 SCT250 24/21 A3001 RMK AO2 SLP155 T02440206
SDF,2023-07-20 11:56,10.00,3500.00,KSDF 201156Z 12003KT 10SM FEW035 SCT065 SCT180 24/21 A3001 RMK AO2 SLP158 T02440211 10256 20239 55002
SDF,2023-07-20 12:56,10.00,1500.00,KSDF 201256Z 15006KT 10SM FEW015 FEW065 FEW200 26/21 A2999 RMK AO2 SLP149 T02560211
SDF,2023-07-20 13:56,10.00,2000.00,KSDF 201356Z 18003KT 10SM FEW020 FEW070 FEW200 27/22 A2999 RMK AO2 SLP150 T02670217
SDF,2023-07-20 14:56,10.00,2500.00,KSDF 201456Z 00000KT 10SM FEW025 FEW060 SCT100 SCT140 BKN200 29/22 A2998 RMK AO2 SLP145 T02890217 56012
SDF,2023-07-20 15:56,10.00,2700.00,KSDF 201556Z 00000KT 10SM OVC027 28/22 A2999 RMK AO2 SLP149 T02830217
SDF,2023-07-20 16:56,10.00,3500.00,KSDF 201656Z 20004KT 10SM -RA FEW035 SCT070 OVC110 28/22 A2996 RMK AO2 RAB21 SLP141 P0000 T02780222
SDF,2023-07-20 17:56,10.00,3400.00,KSDF 201756Z 21008KT 10SM SCT034 BKN070 OVC110 28/23 A2995 RMK AO2 RAE20B36E48 SLP137 P0000 60000 T02830228 10289 20244 58008
SDF,2023-07-20 18:56,10.00,2200.00,KSDF 201856Z VRB05KT 10SM FEW022 OVC065 28/23 A2994 RMK AO2 SLP133 T02830228
SDF,2023-07-20 19:56,10.00,2200.00,KSDF 201956Z 23008KT 10SM FEW022 BKN037 BKN300 29/23 A2991 RMK AO2 LTG DSNT SE SLP121 T02940233
SDF,2023-07-20 20:56,10.00,3000.00,KSDF 202056Z 00000KT 10SM FEW030 FEW040 BKN230 BKN300 30/23 A2986 RMK AO2 SLP104 T03000233 58033
SDF,2023-07-20 21:56,10.00,2600.00,KSDF 202156Z 22009KT 10SM FEW026 BKN048 BKN230 BKN300 29/24 A2988 RMK AO2 LTG DSNT S SLP112 MDT CU E T02940239
SDF,2023-07-20 22:56,10.00,2500.00,KSDF 202256Z 25008KT 10SM FEW025 SCT033 BKN055 BKN180 BKN230 30/24 A2988 RMK AO2 SLP111 CB DSNT E T03000239
SDF,2023-07-20 23:56,10.00,3100.00,KSDF 202356Z 25010KT 10SM FEW031 SCT042 SCT230 29/23 A2988 RMK AO2 SLP112 T02940233 10311 20283 51008
SDF,2023-07-21 00:56,10.00,2500.00,KSDF 210056Z 25009KT 10SM FEW025 FEW045 FEW230 SCT300 28/23 A2988 RMK AO2 SLP114 T02830228
SDF,2023-07-21 01:56,10.00,30000.00,KSDF 210156Z 25010KT 10SM FEW300 28/23 A2990 RMK AO2 SLP118 T02780233
SDF,2023-07-21 02:56,10.00,30000.00,KSDF 210256Z 25010KT 10SM BKN300 27/22 A2991 RMK AO2 SLP123 OCNL LTGIC DSNT NW CB DSNT NW T02720222 53010
SDF,2023-07-21 03:56,10.00,10000.00,KSDF 210356Z 25008KT 10SM FEW100 BKN200 27/22 A2991 RMK AO2 LTG DSNT W SLP122 CB DSNT W T02670217
SDF,2023-07-21 04:56,10.00,2700.00,KSDF 210456Z 29008KT 10SM FEW027 SCT070 BKN150 BKN300 26/22 A2992 RMK AO2 RAB45E52 SLP126 P0000 T02610217 403110239
SDF,2023-07-21 05:56,10.00,15000.00,KSDF 210556Z 31006KT 10SM FEW150 SCT300 25/19 A2992 RMK AO2 SLP125 60000 T02500189 10294 20250 50002
SDF,2023-07-21 06:56,10.00,15000.00,KSDF 210656Z 31005KT 10SM FEW150 SCT300 23/19 A2992 RMK AO2 SLP126 T02330189
SDF,2023-07-21 07:56,10.00,11000.00,KSDF 210756Z 31006KT 10SM FEW110 SCT300 23/18 A2992 RMK AO2 SLP126 T02330183
SDF,2023-07-21 08:56,10.00,30000.00,KSDF 210856Z 30006KT 10SM FEW300 22/18 A2991 RMK AO2 SLP124 T02220183 58001
SDF,2023-07-21 09:56,10.00,9000.00,KSDF 210956Z 29005KT 10SM FEW090 22/18 A2993 RMK AO2 SLP129 T02170183
SDF,2023-07-21 10:56,10.00,8000.00,KSDF 211056Z 29005KT 10SM FEW080 21/18 A2994 RMK AO2 SLP135 T02060178
SDF,2023-07-21 11:56,10.00,5000.00,KSDF 211156Z 28003KT 10SM FEW050 FEW300 22/18 A2996 RMK AO2 SLP138 T02220183 10250 20206 53014
SDF,2023-07-21 12:56,10.00,5000.00,KSDF 211256Z 34006KT 10SM FEW050 FEW300 24/18 A2997 RMK AO2 SLP142 T02390183
SDF,2023-07-21 13:56,10.00,3000.00,KSDF 211356Z 36005KT 10SM FEW030 FEW050 BKN300 25/17 A2998 RMK AO2 SLP146 T02500167
SDF,2023-07-21 14:56,10.00,4700.00,KSDF 211456Z 34008KT 10SM FEW047 SCT200 BKN300 26/16 A2997 RMK AO2 SLP143 T02610161 50005
SDF,2023-07-21 15:56,10.00,5000.00,KSDF 211556Z VRB06KT 10SM FEW050 SCT200 BKN300 28/17 A2997 RMK AO2 SLP143 T02780172
SDF,2023-07-21 16:56,10.00,5000.00,KSDF 211656Z 33006KT 10SM BKN050 BKN210 BKN300 27/16 A2996 RMK AO2 SLP138 T02720161
SDF,2023-07-21 17:56,10.00,4700.00,KSDF 211756Z 34007KT 10SM BKN047 BKN210 BKN300 28/17 A2996 RMK AO2 SLP138 T02830167 10289 20222 55005
SDF,2023-07-21 18:56,10.00,5000.00,KSDF 211856Z COR 32009KT 250V050 10SM BKN050 BKN120 BKN200 BKN300 28/16 A2996 RMK AO2 SLP139 T02830161
SDF,2023-07-21 19:56,10.00,5000.00,KSDF 211956Z 35008KT 10SM FEW050 SCT075 BKN200 28/16 A2996 RMK AO2 SLP138 T02830161
SDF,2023-07-21 20:56,10.00,4800.00,KSDF 212056Z 36012KT 10SM FEW048 FEW075 BKN210 BKN300 28/17 A2994 RMK AO2 SLP135 T02780167 58004
SDF,2023-07-21 21:56,10.00,5000.00,KSDF 212156Z 32008KT 10SM FEW050 FEW075 BKN210 BKN300 28/17 A2993 RMK AO2 SLP131 T02830167
SDF,2023-07-21 22:56,10.00,5000.00,KSDF 212256Z 36009KT 10SM FEW050 FEW150 BKN230 BKN300 27/16 A2992 RMK AO2 SLP127 T02720161
SDF,2023-07-21 23:56,10.00,5000.00,KSDF 212356Z 01007KT 10SM FEW050 FEW150 BKN230 27/16 A2992 RMK AO2 SLP126 T02670161 10294 20267 56009
SDF,2023-07-22 00:56,10.00,5000.00,KSDF 220056Z 03006KT 10SM FEW050 FEW190 BKN230 BKN300 26/17 A2992 RMK AO2 SLP125 T02560167
SDF,2023-07-22 01:56,10.00,5000.00,KSDF 220156Z 02005KT 10SM FEW050 BKN200 26/17 A2991 RMK AO2 SLP122 T02560167
SDF,2023-07-22 02:56,10.00,18000.00,KSDF 220256Z 02004KT 10SM BKN180 OVC200 25/17 A2991 RMK AO2 SLP123 T02500172 55003
SDF,2023-07-22 03:56,10.00,18000.00,KSDF 220356Z 35005KT 10SM BKN180 OVC200 24/18 A2992 RMK AO2 SLP127 T02440178
SDF,2023-07-22 04:56,10.00,18000.00,KSDF 220456Z 34006KT 10SM BKN180 OVC200 24/18 A2993 RMK AO2 SLP130 T02390178 402940206
SDF,2023-07-22 05:56,10.00,8000.00,KSDF 220556Z 36006KT 10SM OVC080 24/17 A2993 RMK AO2 SLP129 T02390172 10267 20233 51007
SDF,2023-07-22 06:56,10.00,8500.00,KSDF 220656Z 02007KT 10SM OVC085 23/17 A2992 RMK AO2 SLP126 T02280172
SDF,2023-07-22 07:56,10.00,8000.00,KSDF 220756Z 36006KT 10SM FEW080 22/17 A2991 RMK AO2 SLP125 T02170172
SDF,2023-07-22 08:56,10.00,8000.00,KSDF 220856Z 36005KT 10SM OVC080 22/17 A2992 RMK AO2 SLP128 T02170172 55002
SDF,2023-07-22 09:56,10.00,8000.00,KSDF 220956Z 01005KT 10SM BKN080 21/17 A2992 RMK AO2 SLP127 T02110172
SDF,2023-07-22 10:56,10.00,M,KSDF 221056Z 35004KT 10SM CLR 20/17 A2993 RMK AO2 SLP132 T02000172
SDF,2023-07-22 11:56,10.00,25000.00,KSDF 221156Z 34004KT 10SM FEW250 21/18 A2994 RMK AO2 SLP135 T02110178 10239 20200 53007
SDF,2023-07-22 12:56,10.00,25000.00,KSDF 221256Z 36004KT 10SM FEW250 23/17 A2995 RMK AO2 SLP137 T02330172
SDF,2023-07-22 13:56,10.00,7000.00,KSDF 221356Z 01003KT 10SM FEW070 FEW250 25/18 A2995 RMK AO2 SLP138 T02500178
SDF,2023-07-22 14:56,10.00,7000.00,KSDF 221456Z 00000KT 10SM SCT070 26/17 A2995 RMK AO2 SLP137 T02560172 50002
SDF,2023-07-22 15:56,10.00,3000.00,KSDF 221556Z VRB03KT 10SM FEW030 SCT070 27/17 A2994 RMK AO2 SLP134 T02720167
SDF,2023-07-22 16:56,10.00,4000.00,KSDF 221656Z 00000KT 10SM FEW040 SCT070 28/16 A2994 RMK AO2 SLP134 T02780156
SDF,2023-07-22 17:56,10.00,5500.00,KSDF 221756Z 34007KT 10SM FEW055 SCT080 28/15 A2994 RMK AO2 SLP133 T02830150 10283 20217 56003
SDF,2023-07-22 18:56,10.00,5000.00,KSDF 221856Z 28007KT 10SM FEW050 SCT080 28/16 A2992 RMK AO2 SLP128 T02780156
SDF,2023-07-22 19:56,10.00,5500.00,KSDF 221956Z 34006KT 10SM SCT055 SCT080 29/14 A2991 RMK AO2 SLP124 T02940144
SDF,2023-07-22 20:56,10.00,6000.00,KSDF 222056Z 35006KT 10SM SCT060 SCT090 29/14 A2990 RMK AO2 SLP119 T02940139 56014
SDF,2023-07-22 21:56,10.00,6000.00,KSDF 222156Z 35006KT 10SM SCT060 SCT080 29/14 A2989 RMK AO2 SLP115 T02940139
SDF,2023-07-22 22:56,10.00,6500.00,KSDF 222256Z 36006KT 10SM SCT065 SCT080 29/14 A2988 RMK AO2 SLP113 T02940144
SDF,2023-07-22 23:56,10.00,6500.00,KSDF 222356Z 30004KT 10SM FEW065 SCT080 28/14 A2989 RMK AO2 SLP117 T02780139 10300 20272 55002
SDF,2023-07-23 00:56,10.00,6000.00,KSDF 230056Z 30008KT 10SM FEW060 FEW080 27/15 A2989 RMK AO2 SLP116 T02670150
SDF,2023-07-23 01:56,10.00,6000.00,KSDF 230156Z 33006KT 10SM FEW060 FEW080 25/16 A2991 RMK AO2 SLP124 T02500156
SDF,2023-07-23 02:56,10.00,6000.00,KSDF 230256Z 27004KT 10SM FEW060 FEW080 24/16 A2993 RMK AO2 SLP132 FU MOVD SE DSIPTD T02390161 53015
SDF,2023-07-23 03:56,10.00,M,KSDF 230356Z 22004KT 10SM CLR 23/17 A2994 RMK AO2 SLP134 T02330167
SDF,2023-07-23 04:56,10.00,M,KSDF 230456Z 22003KT 10SM CLR 23/17 A2995 RMK AO2 SLP136 T02280167 403000200
SDF,2023-07-23 05:56,10.00,M,KSDF 230556Z 20003KT 10SM CLR 22/17 A2994 RMK AO2 SLP135 T02220167 10272 20222 50003
SDF,2023-07-23 06:56,10.00,M,KSDF 230656Z 00000KT 10SM CLR 22/17 A2993 RMK AO2 SLP132 T02170167
SDF,2023-07-23 07:56,10.00,M,KSDF 230756Z 00000KT 10SM CLR 22/17 A2993 RMK AO2 SLP129 T02170167
SDF,2023-07-23 08:56,10.00,M,KSDF 230856Z 00000KT 10SM CLR 21/17 A2994 RMK AO2 SLP134 T02110167 55000
SDF,2023-07-23 09:56,10.00,M,KSDF 230956Z 00000KT 10SM CLR 21/17 A2995 RMK AO2 SLP138 T02060167
SDF,2023-07-23 10:56,10.00,25000.00,KSDF 231056Z 16004KT 10SM SCT250 20/16 A2996 RMK AO2 SLP141 T02000161
SDF,2023-07-23 11:56,10.00,25000.00,KSDF 231156Z 16003KT 10SM SCT250 21/17 A2999 RMK AO2 SLP149 T02110167 10228 20200 53015
SDF,2023-07-23 12:56,10.00,25000.00,KSDF 231256Z AUTO 16004KT 10SM SCT250 23/17 A3000 RMK AO2 SLP152 T02280167
SDF,2023-07-23 13:56,10.00,25000.00,KSDF 231356Z 30003KT 10SM SCT250 26/17 A3000 RMK AO2 SLP155 T02560172
SDF,2023-07-23 14:56,10.00,5000.00,KSDF 231456Z VRB05KT 10SM FEW050 FEW250 27/17 A3001 RMK AO2 SLP156 T02720167 51007
SDF,2023-07-23 15:56,10.00,5000.00,KSDF 231556Z 28004KT 10SM FEW050 FEW250 28/16 A3000 RMK AO2 SLP156 T02780161
SDF,2023-07-23 16:56,10.00,5000.00,KSDF 231656Z 32006KT 10SM FEW050 29/16 A3000 RMK AO2 SLP152 T02890161
SDF,2023-07-23 17:56,10.00,5000.00,KSDF 231756Z 27007KT 10SM SCT050 29/16 A3000 RMK AO2 SLP152 T02940161 10294 20211 56003
SDF,2023-07-23 18:56,10.00,6000.00,KSDF 231856Z 27005KT 10SM FEW060 30/16 A2998 RMK AO2 SLP147 T03000161
SDF,2023-07-23 19:56,10.00,6000.00,KSDF 231956Z 24008KT 10SM FEW060 30/16 A2997 RMK AO2 SLP144 T03000161
SDF,2023-07-23 20:56,10.00,6000.00,KSDF 232056Z 25010KT 10SM SCT060 30/17 A2996 RMK AO2 SLP142 T03000167 56011
SDF,2023-07-23 21:56,10.00,6000.00,KSDF 232156Z 28007KT 10SM FEW060 30/17 A2996 RMK AO2 SLP142 T03000172
SDF,2023-07-23 22:56,10.00,5000.00,KSDF 232256Z 26008KT 10SM FEW050 29/17 A2997 RMK AO2 SLP143 T02890172
SDF,2023-07-23 23:56,10.00,5000.00,KSDF 232356Z 26007KT 10SM FEW050 28/18 A2998 RMK AO2 SLP146 T02830178 10306 20283 53004
SDF,2023-07-24 00:56,10.00,5000.00,KSDF 240056Z 23005KT 10SM FEW050 FEW250 27/18 A2998 RMK AO2 SLP147 T02720178
SDF,2023-07-24 01:56,10.00,M,KSDF 240156Z 22005KT 10SM CLR 27/18 A3001 RMK AO2 SLP156 T02670183
SDF,2023-07-24 02:56,10.00,M,KSDF 240256Z 20005KT 10SM CLR 26/19 A3002 RMK AO2 SLP161 T02610189 53016
SDF,2023-07-24 03:56,10.00,9000.00,KSDF 240356Z 24004KT 10SM FEW090 25/19 A3003 RMK AO2 SLP162 T02500189
SDF,2023-07-24 04:56,10.00,9000.00,KSDF 240456Z 22003KT 10SM FEW090 25/19 A3002 RMK AO2 SLP159 LGT DSNT N CB DSNT N T02500189 403060200
SDF,2023-07-24 05:56,10.00,9000.00,KSDF 240556Z 13004KT 10SM FEW090 24/19 A3002 RMK AO2 SLP160 T02390189 10283 20239 55001
SDF,2023-07-24 06:56,10.00,10000.00,KSDF 240656Z 20004KT 10SM FEW100 24/18 A3002 RMK AO2 SLP161 T02440183
SDF,2023-07-24 07:56,10.00,10000.00,KSDF 240756Z 13004KT 10SM FEW100 FEW300 23/19 A3002 RMK AO2 SLP161 T02280189
SDF,2023-07-24 08:56,10.00,10000.00,KSDF 240856Z 13004KT 10SM FEW100 SCT300 22/19 A3002 RMK AO2 SLP161 T02220189 50000
SDF,2023-07-24 09:56,10.00,10000.00,KSDF 240956Z 15004KT 10SM FEW100 SCT300 22/19 A3003 RMK AO2 SLP164 T02220189
SDF,2023-07-24 10:56,10.00,10000.00,KSDF 241056Z 14006KT 10SM BKN100 BKN300 22/18 A3005 RMK AO2 SLP173 T02220183
SDF,2023-07-24 11:56,10.00,8000.00,KSDF 241156Z 14006KT 10SM VCTS OVC080 22/19 A3008 RMK AO2 LTG DSNT SW-N SLP180 T02220189 10244 20217 53018
SDF,2023-07-24 12:56,10.00,4500.00,KSDF 241256Z 11005KT 10SM FEW045 OVC080 23/19 A3008 RMK AO2 LTG DSNT N AND NW RAB01E18 TSB10E30 SLP182 TS DSIPT T02280189 $
SDF,2023-07-24 13:56,10.00,7500.00,KSDF 241356Z 16007KT 10SM SCT075 BKN110 BKN150 BKN200 BKN250 23/19 A3008 RMK AO2 SLP181 CB DSNT N T02330194 $
SDF,2023-07-24 14:56,10.00,7000.00,KSDF 241456Z 19006KT 10SM SCT070 BKN110 BKN150 BKN250 25/20 A3008 RMK AO2 SLP180 T02500200 50001
SDF,2023-07-24 15:56,10.00,7000.00,KSDF 241556Z 23009KT 10SM BKN070 BKN110 28/21 A3007 RMK AO2 SLP178 T02780206
SDF,2023-07-24 16:56,10.00,7000.00,KSDF 241656Z 22008KT 10SM FEW070 FEW110 FEW250 29/21 A3006 RMK AO2 SLP174 T02940211
SDF,2023-07-24 17:56,10.00,4500.00,KSDF 241756Z 16008KT 10SM FEW045 FEW070 FEW300 31/21 A3005 RMK AO2 SLP168 T03060211 10306 20222 58011
SDF,2023-07-24 18:56,10.00,3700.00,KSDF 241856Z 20010G15KT 10SM SCT037 SCT070 BKN300 32/22 A3003 RMK AO2 SLP163 T03170217
SDF,2023-07-24 19:56,10.00,4300.00,KSDF 241956Z 23009G21KT 10SM SCT043 BKN060 BKN300 32/22 A3001 RMK AO2 SLP158 T03170217
SDF,2023-07-24 20:56,10.00,4700.00,KSDF 242056Z 24010KT 10SM TS FEW047 SCT055 BKN090 BKN300 31/21 A2999 RMK AO2 LTG DSNT ALQDS TSE42B56 SLP151 OCNL LTGCG DSNT SW SH DSNT W T03110206 58017
SDF,2023-07-24 21:56,10.00,3900.00,KSDF 242156Z 18006KT 10SM FEW039 SCT050 SCT065 28/19 A2998 RMK AO2 PK WND 20035/2114 LTG DSNT NW-E TSE49 SLP147 TS MOV E T02830194
SDF,2023-07-24 22:56,10.00,4500.00,KSDF 242256Z 27008KT 10SM VCTS FEW045 SCT060 BKN150CB BKN300 29/21 A2999 RMK AO2 LTG DSNT ALQDS SLP152 CBMAM OHD-W CB DSNT N-NE T02890211
SDF,2023-07-24 23:56,5.00,1500.00,KSDF 242356Z 29010KT 5SM TSRA FEW015 BKN043CB BKN050 OVC150 24/19 A3007 RMK AO2 PK WND 20028/2339 WSHFT 2320 LTG DSNT ALQDS RAB47 TSB00E15B27 PRESRR SLP177 OCNL LTGICCG SE TS SE MOV E P0000 60000 T02440194 10328 20244 530
SDF,2023-07-25 00:56,10.00,1500.00,KSDF 250056Z 13006KT 10SM VCTS FEW015 FEW046 SCT060 BKN150 OVC300 23/19 A3008 RMK AO2 WSHFT 0006 LTG DSNT ALQDS RAE08 TSE19 SLP183 FRQ LTGICCG N-NE CB NW-NE TS MOV E P0003 T02280194
SDF,2023-07-25 01:56,10.00,7000.00,KSDF 250156Z 18011KT 10SM FEW070 SCT150 BKN300 22/19 A3006 RMK AO2 TSB06E26 SLP173 TS DSIPT T02220189
SDF,2023-07-25 02:56,10.00,30000.00,KSDF 250256Z 16006KT 10SM FEW300 22/19 A3007 RMK AO2 SLP177 60003 T02220189 51000
SDF,2023-07-25 03:56,10.00,500.00,KSDF 250356Z 20004KT 10SM FEW005 BKN250 22/19 A3008 RMK AO2 SLP183 T02220194
SDF,2023-07-25 04:56,10.00,25000.00,KSDF 250456Z 18005KT 10SM SCT250 SCT300 22/19 A3008 RMK AO2 SLP181 T02220189 403280217
SDF,2023-07-25 05:56,10.00,1500.00,KSDF 250556Z 20003KT 10SM SCT015 SCT300 22/19 A3009 RMK AO2 SLP183 60003 T02220189 10244 20217 51006
SDF,2023-07-25 06:56,10.00,5000.00,KSDF 250656Z 20004KT 10SM FEW050 FEW300 22/19 A3008 RMK AO2 SLP179 T02220189
SDF,2023-07-25 07:56,10.00,30000.00,KSDF 250756Z 00000KT 10SM FEW300 22/19 A3007 RMK AO2 SLP177 T02170189
SDF,2023-07-25 08:56,10.00,6000.00,KSDF 250856Z VRB03KT 10SM FEW060 22/19 A3008 RMK AO2 SLP179 T02220189 55004
SDF,2023-07-25 09:56,10.00,6000.00,KSDF 250956Z 00000KT 10SM FEW060 22/19 A3009 RMK AO2 SLP183 T02170189
SDF,2023-07-25 10:56,10.00,6000.00,KSDF 251056Z 13003KT 10SM FEW060 21/18 A3011 RMK AO2 SLP190 T02110183
SDF,2023-07-25 11:56,10.00,5000.00,KSDF 251156Z 14003KT 10SM FEW050 22/19 A3011 RMK AO2 SLP193 70003 T02170194 10228 20206 51012
SDF,2023-07-25 12:56,10.00,30000.00,KSDF 251256Z 24003KT 10SM FEW300 23/19 A3012 RMK AO2 SLP195 T02330194
SDF,2023-07-25 13:56,10.00,5000.00,KSDF 251356Z 00000KT 10SM FEW050 FEW300 24/20 A3012 RMK AO2 SLP196 T02440200
SDF,2023-07-25 14:56,10.00,5000.00,KSDF 251456Z VRB03KT 10SM FEW050 FEW300 26/21 A3012 RMK AO2 SLP196 T02610211 51003
SDF,2023-07-25 15:56,10.00,2500.00,KSDF 251556Z 09003KT 10SM FEW025 FEW300 28/21 A3012 RMK AO2 SLP195 T02830211
SDF,2023-07-25 16:56,10.00,2500.00,KSDF 251656Z 00000KT 10SM SCT025 29/22 A3012 RMK AO2 SLP192 T02940217
SDF,2023-07-25 17:56,10.00,3500.00,KSDF 251756Z 00000KT 10SM SCT035 32/20 A3010 RMK AO2 SLP188 T03170200 10317 20217 58007
SDF,2023-07-25 18:56,10.00,4200.00,KSDF 251856Z 19004KT 10SM SCT042 31/20 A3008 RMK AO2 SLP182 T03060200
SDF,2023-07-25 19:56,10.00,4800.00,KSDF 251956Z 23007KT 190V260 10SM SCT048 33/21 A3007 RMK AO2 SLP176 T03280206
SDF,2023-07-25 20:56,10.00,5500.00,KSDF 252056Z VRB05KT 10SM FEW055 33/18 A3005 RMK AO2 SLP171 T03280178 56017
SDF,2023-07-25 21:56,10.00,5000.00,KSDF 252156Z 27007KT 10SM SCT050 33/21 A3005 RMK AO2 SLP169 T03280206
SDF,2023-07-25 22:56,10.00,5000.00,KSDF 252256Z 22005KT 10SM SCT050 32/21 A3005 RMK AO2 SLP169 T03170211
SDF,2023-07-25 23:56,10.00,5000.00,KSDF 252356Z 17006KT 10SM FEW050 31/22 A3005 RMK AO2 SLP168 T03110217 10333 20306 56003
SDF,2023-07-26 00:56,10.00,7000.00,KSDF 260056Z 17006KT 10SM FEW070 FEW120 31/22 A3004 RMK AO2 SLP166 T03060217
SDF,2023-07-26 01:56,10.00,M,KSDF 260156Z 17005KT 10SM CLR 30/22 A3005 RMK AO2 SLP170 T03000222
SDF,2023-07-26 02:56,10.00,20000.00,KSDF 260256Z 17004KT 10SM FEW200 29/23 A3007 RMK AO2 SLP177 T02890228 53009
SDF,2023-07-26 03:56,10.00,4000.00,KSDF 260356Z 16006KT 10SM SCT040 29/23 A3006 RMK AO2 SLP174 T02890233
SDF,2023-07-26 04:56,10.00,4500.00,KSDF 260456Z 20007KT 10SM BKN045 BKN060 BKN250 28/23 A3007 RMK AO2 LTG DSNT N AND NE SLP175 CB DSNT N T02830228 403330206
SDF,2023-07-26 05:56,10.00,6000.00,KSDF 260556Z 21005KT 10SM FEW060 SCT200 OVC250 28/22 A3006 RMK AO2 SLP173 T02830222 10311 20278 56003
SDF,2023-07-26 06:56,10.00,25000.00,KSDF 260656Z 19005KT 10SM FEW250 BKN300 28/22 A3004 RMK AO2 SLP166 T02780217
SDF,2023-07-26 07:56,10.00,25000.00,KSDF 260756Z 16007KT 10SM FEW250 BKN300 26/23 A3003 RMK AO2 SLP163 T02610228
SDF,2023-07-26 08:56,10.00,8500.00,KSDF 260856Z 17008KT 10SM SCT085 BKN250 OVC300 26/22 A3004 RMK AO2 SLP165 T02610222 55008
SDF,2023-07-26 09:56,10.00,9500.00,KSDF 260956Z 17006KT 10SM BKN095 OVC250 26/22 A3005 RMK AO2 SLP169 T02610222
SDF,2023-07-26 10:56,10.00,9500.00,KSDF 261056Z 17008KT 10SM FEW095 FEW120 BKN300 26/21 A3004 RMK AO2 SLP168 T02560211
SDF,2023-07-26 11:56,10.00,10000.00,KSDF 261156Z 17007KT 10SM FEW100 BKN300 26/22 A3005 RMK AO2 SLP171 T02610217 10283 20250 51005
SDF,2023-07-26 12:56,10.00,10000.00,KSDF 261256Z 19010KT 10SM FEW100 BKN300 27/21 A3005 RMK AO2 SLP171 T02720211
SDF,2023-07-26 13:56,10.00,11000.00,KSDF 261356Z 18012KT 10SM FEW110 SCT200 BKN300 29/22 A3005 RMK AO2 SLP168 T02890217
SDF,2023-07-26 14:56,10.00,12000.00,KSDF 261456Z 20012KT 10SM FEW120 FEW300 30/22 A3005 RMK AO2 SLP168 T03000222 58002
SDF,2023-07-26 15:56,10.00,12000.00,KSDF 261556Z 21011KT 10SM BKN120 BKN300 32/23 A3005 RMK AO2 SLP169 T03170228
SDF,2023-07-26 16:56,10.00,7000.00,KSDF 261656Z 21014G21KT 10SM FEW070 SCT120 BKN300 32/22 A3004 RMK AO2 SLP166 T03170222
SDF,2023-07-26 17:56,10.00,12000.00,KSDF 261756Z 21013G19KT 10SM BKN120 BKN300 32/22 A3002 RMK AO2 SLP159 T03220217 10328 20261 58008
SDF,2023-07-26 18:56,10.00,12000.00,KSDF 261856Z 21012G19KT 10SM SCT120 BKN160 BKN200 BKN300 33/21 A2999 RMK AO2 SLP150 T03280211
SDF,2023-07-26 19:56,10.00,4500.00,KSDF 261956Z 22011G19KT 10SM FEW045 FEW160 BKN200 BKN300 32/21 A2999 RMK AO2 SLP148 T03170211
SDF,2023-07-26 20:56,10.00,11000.00,KSDF 262056Z 21011KT 10SM FEW110 BKN170 OVC300 31/22 A2999 RMK AO2 SLP149 T03110222 55011
SDF,2023-07-26 21:56,10.00,16000.00,KSDF 262156Z 18014G21KT 10SM BKN160 BKN250 OVC300 31/22 A2997 RMK AO2 SLP143 T03110222
SDF,2023-07-26 22:56,10.00,16000.00,KSDF 262256Z 20013G19KT 10SM FEW160 BKN200 BKN300 31/22 A2995 RMK AO2 SLP137 T03060222
SDF,2023-07-26 23:56,10.00,16000.00,KSDF 262356Z 20011G20KT 10SM FEW160 BKN180 BKN300 30/22 A2995 RMK AO2 SLP137 VIRGA SE T03000217 10333 20300 56013
SDF,2023-07-27 00:56,10.00,16000.00,KSDF 270056Z 21007KT 10SM FEW160 BKN180 BKN300 29/22 A2996 RMK AO2 SLP140 T02940217
SDF,2023-07-27 01:56,10.00,18000.00,KSDF 270156Z 21009G16KT 10SM FEW180 FEW300 29/21 A2997 RMK AO2 SLP144 T02890211
SDF,2023-07-27 02:56,10.00,15000.00,KSDF 270256Z 20010KT 10SM BKN150 28/21 A2997 RMK AO2 SLP142 T02830211 50006
SDF,2023-07-27 03:56,10.00,14000.00,KSDF 270356Z 21011KT 10SM SCT140 28/21 A2997 RMK AO2 SLP140 T02830211
SDF,2023-07-27 04:56,10.00,12000.00,KSDF 270456Z 22010KT 10SM SCT120 BKN140 28/21 A2998 RMK AO2 SLP144 T02830211 403330250
SDF,2023-07-27 05:56,10.00,12000.00,KSDF 270556Z 23012KT 10SM FEW120 SCT140 28/21 A2997 RMK AO2 LTG DSNT N AND NE SLP142 T02780206 10300 20278 55000
SDF,2023-07-27 06:56,10.00,7000.00,KSDF 270656Z 22011G17KT 10SM FEW070 FEW120 SCT250 27/21 A2997 RMK AO2 LTG DSNT NW SLP142 CB DSNT NW T02720206
SDF,2023-07-27 07:56,10.00,12000.00,KSDF 270756Z 22012KT 10SM FEW120 SCT250 28/20 A2995 RMK AO2 SLP136 T02780200
SDF,2023-07-27 08:56,10.00,15000.00,KSDF 270856Z 23009G18KT 10SM FEW150 SCT250 27/21 A2996 RMK AO2 SLP138 T02720206 55004
SDF,2023-07-27 09:56,10.00,12000.00,KSDF 270956Z 23006KT 10SM FEW120 27/21 A2998 RMK AO2 SLP145 T02670211
SDF,2023-07-27 10:56,10.00,11000.00,KSDF 271056Z 24005KT 10SM FEW110 FEW250 27/21 A2999 RMK AO2 SLP150 T02670211
SDF,2023-07-27 11:56,10.00,10000.00,KSDF 271156Z 23010KT 10SM SCT100 27/22 A3000 RMK AO2 SLP153 T02720217 10278 20267 51014
SDF,2023-07-27 12:56,10.00,7000.00,KSDF 271256Z 23010KT 10SM FEW070 BKN090 28/22 A3001 RMK AO2 SLP157 T02780217
SDF,2023-07-27 13:56,10.00,7000.00,KSDF 271356Z 23010KT 10SM FEW070 BKN095 29/23 A3002 RMK AO2 SLP157 T02940228
SDF,2023-07-27 14:56,10.00,7000.00,KSDF 271456Z 22012KT 10SM FEW070 FEW095 31/23 A3001 RMK AO2 SLP157 T03060233 50004
SDF,2023-07-27 15:56,10.00,2500.00,KSDF 271556Z 21007KT 10SM FEW025 FEW065 SCT090 BKN150 BKN250 32/24 A3002 RMK AO2 LTG DSNT NW-NE SLP158 CB DSNT NW T03170239
SDF,2023-07-27 16:56,10.00,3000.00,KSDF 271656Z 20009KT 10SM TS SCT030 SCT060 BKN090CB BKN180 BKN250 32/24 A3002 RMK AO2 LTG DSNT N-E TSB21 SLP158 OCNL LTGCGIC NE TS NE MOV SE T03220239
SDF,2023-07-27 17:56,10.00,3400.00,KSDF 271756Z 22011KT 10SM FEW034 SCT095 BKN150 BKN200 BKN250 33/24 A3001 RMK AO2 TSE05 SLP154 TS MOV SE T03330239 10333 20272 58003
SDF,2023-07-27 18:56,10.00,3800.00,KSDF 271856Z 22010G21KT 200V260 10SM SCT038 SCT100 SCT200 BKN300 35/24 A2999 RMK AO2 SLP148 T03500239
SDF,2023-07-27 19:56,10.00,4100.00,KSDF 271956Z 23016G23KT 10SM SCT041 SCT200 BKN300 36/24 A2998 RMK AO2 SLP144 T03560239
SDF,2023-07-27 20:56,10.00,4300.00,KSDF 272056Z 21012G20KT 10SM FEW043 SCT100 BKN300 36/24 A2998 RMK AO2 SLP144 T03560239 56010
SDF,2023-07-27 21:56,10.00,4500.00,KSDF 272156Z 24012KT 10SM FEW045 FEW200 SCT300 34/23 A2997 RMK AO2 SLP140 T03440233
SDF,2023-07-27 22:56,10.00,4500.00,KSDF 272256Z 23012G20KT 10SM SCT045 SCT200 BKN300 34/23 A2997 RMK AO2 SLP142 T03440233
SDF,2023-07-27 23:56,10.00,5000.00,KSDF 272356Z 23008KT 10SM FEW050 FEW300 34/23 A2998 RMK AO2 LTG DSNT N AND NE SLP145 CB DSNT N-NE T03390233 10356 20333 53001
SDF,2023-07-28 00:56,10.00,5500.00,KSDF 280056Z 24007KT 10SM BKN055 BKN300 33/23 A3000 RMK AO2 LTG DSNT NE AND E SLP152 T03280233
SDF,2023-07-28 01:56,10.00,6500.00,KSDF 280156Z 19006KT 10SM FEW065 BKN300 32/24 A3000 RMK AO2 LTG DSNT E SLP153 T03170244
SDF,2023-07-28 02:56,10.00,30000.00,KSDF 280256Z 21007KT 10SM OVC300 31/24 A3000 RMK AO2 SLP153 T03110239 50008
SDF,2023-07-28 03:56,10.00,30000.00,KSDF 280356Z 22006KT 10SM BKN300 31/24 A3001 RMK AO2 SLP157 T03060239
SDF,2023-07-28 04:56,10.00,30000.00,KSDF 280456Z 22006KT 10SM BKN300 30/24 A3003 RMK AO2 SLP162 T03000239 403560267
SDF,2023-07-28 05:56,10.00,5500.00,KSDF 280556Z VRB05KT 10SM BKN055 BKN300 30/24 A3004 RMK AO2 SLP167 T03000239 10339 20294 53014
SDF,2023-07-28 06:56,10.00,5500.00,KSDF 280656Z 15007KT 10SM BKN055 BKN300 29/24 A3004 RMK AO2 SLP166 T02890239
SDF,2023-07-28 07:56,10.00,6500.00,KSDF 280756Z 17008KT 10SM BKN065 OVC075 29/23 A3003 RMK AO2 SLP164 T02890233
SDF,2023-07-28 08:56,10.00,7500.00,KSDF 280856Z 21006KT 10SM BKN075 OVC300 29/23 A3002 RMK AO2 SLP159 T02890233 58008
SDF,2023-07-28 09:56,10.00,7500.00,KSDF 280956Z 23005KT 10SM FEW075 BKN300 28/23 A3003 RMK AO2 LTG DSNT NW SLP162 T02830228
SDF,2023-07-28 10:56,10.00,7500.00,KSDF 281056Z 19006KT 10SM FEW075 BKN300 28/23 A3004 RMK AO2 SLP167 T02780228
SDF,2023-07-28 11:56,10.00,11000.00,KSDF 281156Z 22008KT 10SM FEW110 FEW250 SCT300 28/23 A3004 RMK AO2 SLP166 T02780228 10300 20278 50006
SDF,2023-07-28 12:56,10.00,15000.00,KSDF 281256Z 22007KT 10SM FEW150 BKN250 29/23 A3003 RMK AO2 SLP163 T02890233
SDF,2023-07-28 13:56,10.00,15000.00,KSDF 281356Z 23005KT 10SM FEW150 SCT250 29/23 A3006 RMK AO2 SLP172 T02940233
SDF,2023-07-28 14:56,10.00,12000.00,KSDF 281456Z 27008KT 10SM BKN120 BKN250 31/23 A3009 RMK AO2 SLP183 T03110233 53017
SDF,2023-07-28 15:56,10.00,3200.00,KSDF 281556Z 33006KT 10SM SCT032 SCT250 33/24 A3009 RMK AO2 SLP182 T03280239
SDF,2023-07-28 16:56,10.00,3500.00,KSDF 281656Z 27003KT 10SM SCT035 33/23 A3004 RMK AO2 SLP166 T03330233
SDF,2023-07-28 17:56,10.00,3900.00,KSDF 281756Z 17005G17KT 10SM FEW039 FEW250 34/24 A3003 RMK AO2 SLP162 T03390239 10344 20278 58021
SDF,2023-07-28 18:56,10.00,3800.00,KSDF 281856Z 19008KT 10SM FEW038 FEW060 SCT150 SCT300 35/24 A3002 RMK AO2 SLP159 T03500244
SDF,2023-07-28 19:56,10.00,4500.00,KSDF 281956Z 20008KT 10SM FEW045 SCT150 BKN300 35/24 A3001 RMK AO2 SLP157 T03500239
SDF,2023-07-28 20:56,10.00,4600.00,KSDF 282056Z 25008G17KT 10SM SCT046 SCT055 BKN150 36/24 A3001 RMK AO2 SLP154 T03560239 57008
SDF,2023-07-28 21:56,10.00,4600.00,KSDF 282156Z 22012KT 10SM BKN046 BKN150 35/24 A3000 RMK AO2 SLP152 T03500239
SDF,2023-07-28 22:56,10.00,4700.00,KSDF 282256Z 23011G18KT 10SM FEW047 FEW150 SCT300 34/23 A2999 RMK AO2 SLP149 T03440233
SDF,2023-07-28 23:56,10.00,4500.00,KSDF 282356Z 23011KT 10SM FEW045 FEW150 FEW300 34/23 A3001 RMK AO2 SLP154 T03390233 10356 20339 53000
SDF,2023-07-29 00:56,10.00,15000.00,KSDF 290056Z 23009KT 10SM FEW150 FEW300 33/23 A3001 RMK AO2 SLP157 T03280233
SDF,2023-07-29 01:56,10.00,15000.00,KSDF 290156Z 20007KT 10SM FEW150 32/24 A3001 RMK AO2 SLP157 T03170239
SDF,2023-07-29 02:56,10.00,M,KSDF 290256Z 20007KT 10SM CLR 31/23 A3000 RMK AO2 SLP152 T03060233 58003
SDF,2023-07-29 03:56,10.00,M,KSDF 290356Z 22007KT 10SM CLR 30/23 A3000 RMK AO2 SLP152 T03000233
SDF,2023-07-29 04:56,10.00,M,KSDF 290456Z 22006KT 10SM CLR 29/23 A3002 RMK AO2 SLP157 T02940233 403560278
SDF,2023-07-29 05:56,10.00,M,KSDF 290556Z 23008G14KT 10SM CLR 29/23 A3002 RMK AO2 SLP158 T02940233 10339 20294 53007
SDF,2023-07-29 06:56,10.00,15000.00,KSDF 290656Z 22008KT 10SM FEW150 29/23 A3000 RMK AO2 SLP150 T02890233
SDF,2023-07-29 07:56,10.00,10000.00,KSDF 290756Z 24010KT 10SM FEW100 29/23 A2998 RMK AO2 SLP147 T02890233
SDF,2023-07-29 08:56,10.00,11000.00,KSDF 290856Z 26012G19KT 10SM BKN110 29/23 A2998 RMK AO2 SLP144 T02890228 56014
SDF,2023-07-29 09:56,10.00,3800.00,KSDF 290956Z 31011KT 10SM SCT038 BKN060 OVC110 28/23 A3004 RMK AO2 LTG DSNT NW-NE RAB39E53 PRESRR SLP167 P0000 T02830233
SDF,2023-07-29 10:56,10.00,6000.00,KSDF 291056Z 36004KT 10SM FEW060 FEW075 BKN180 24/20 A3006 RMK AO2 PK WND 02029/1001 WSHFT 0949 LTG DSNT SE RAB02E14 SLP171 P0000 T02440200
SDF,2023-07-29 11:56,10.00,8000.00,KSDF 291156Z 00000KT 10SM SCT080 BKN180 24/21 A3003 RMK AO2 SLP163 60000 T02440206 10294 20239 50018
SDF,2023-07-29 12:56,10.00,18000.00,KSDF 291256Z 19008KT 10SM BKN180 26/21 A3001 RMK AO2 SLP155 T02560206
SDF,2023-07-29 13:56,10.00,18000.00,KSDF 291356Z 19012G21KT 10SM BKN180 28/22 A2997 RMK AO2 SLP141 T02830217
SDF,2023-07-29 14:56,10.00,18000.00,KSDF 291456Z 26004KT 10SM BKN180 29/23 A3000 RMK AO2 SLP150 T02940228 55013
SDF,2023-07-29 15:56,10.00,18000.00,KSDF 291556Z 29007KT 10SM BKN180 31/24 A3003 RMK AO2 SLP161 T03060239
SDF,2023-07-29 16:56,10.00,10000.00,KSDF 291656Z 28009G20KT 10SM SCT100 BKN180 32/24 A3002 RMK AO2 SLP159 T03170244
SDF,2023-07-29 17:56,10.00,10000.00,KSDF 291756Z 31009G18KT 10SM SCT100 BKN160 33/24 A3001 RMK AO2 SLP156 T03280239 10333 20244 50006
SDF,2023-07-29 18:56,10.00,4700.00,KSDF 291856Z 31011KT 10SM SCT047 SCT100 BKN160 34/23 A2999 RMK AO2 SLP150 T03390228
SDF,2023-07-29 19:56,10.00,5000.00,KSDF 291956Z 30007KT 10SM FEW050 FEW160 BKN300 34/23 A2997 RMK AO2 SLP143 T03390228
SDF,2023-07-29 20:56,10.00,5500.00,KSDF 292056Z 31009KT 10SM FEW055 SCT160 BKN300 34/22 A2997 RMK AO2 SLP141 T03390217 56015
SDF,2023-07-29 21:56,10.00,4700.00,KSDF 292156Z 29008KT 10SM SCT047 BKN160 BKN300 34/23 A2996 RMK AO2 SLP139 T03390228
SDF,2023-07-29 22:56,10.00,4700.00,KSDF 292256Z 01008KT 10SM SCT047 BKN160 BKN300 33/22 A2996 RMK AO2 SLP140 T03330222
SDF,2023-07-29 23:56,10.00,4500.00,KSDF 292356Z 03008KT 10SM SCT045 BKN300 32/22 A2997 RMK AO2 SLP141 T03220217 10344 20322 55001
SDF,2023-07-30 00:56,10.00,4500.00,KSDF 300056Z 02009KT 10SM TS FEW045CB BKN300 31/21 A2998 RMK AO2 LTG DSNT SE-W TSB53 SLP147 FRQ LTGICCG SW-W TS SW-W MOV SE CB DSNT SE T03060211
SDF,2023-07-30 01:56,10.00,4500.00,KSDF 300156Z 03008KT 10SM VCTS FEW045 BKN190 BKN300 29/22 A2998 RMK AO2 LTG DSNT SE-W TSE16B27E42 SLP147 FRQ LTGICCG DSNT SE-SW CB DSNT SE-SW T02940217
SDF,2023-07-30 02:56,10.00,4100.00,KSDF 300256Z 00000KT 10SM BKN041 BKN180 BKN300 29/21 A3002 RMK AO2 LTG DSNT SE-W SLP160 CONS LTGICCG DSNT S-W CB DSNT S-W T02940211 53019
SDF,2023-07-30 03:56,10.00,3000.00,KSDF 300356Z 23014G24KT 10SM FEW030 BKN041 OVC250 25/21 A3004 RMK AO2 LTG DSNT S-W SLP165 T02500206
SDF,2023-07-30 04:56,10.00,4100.00,KSDF 300456Z 24005KT 10SM FEW041 OVC180 24/19 A3002 RMK AO2 SLP158 T02440194 403440239
SDF,2023-07-30 05:56,10.00,3400.00,KSDF 300556Z 16004KT 10SM FEW034 OVC180 24/20 A3000 RMK AO2 SLP152 T02440200 10322 20244 58008
SDF,2023-07-30 06:56,10.00,18000.00,KSDF 300656Z 00000KT 10SM BKN180 24/20 A3000 RMK AO2 SLP152 T02440200
SDF,2023-07-30 07:56,10.00,3900.00,KSDF 300756Z 25006KT 10SM FEW039 OVC190 23/21 A3001 RMK AO2 SLP155 T02330206
SDF,2023-07-30 08:56,10.00,4600.00,KSDF 300856Z 27006KT 10SM FEW046 BKN250 23/21 A3000 RMK AO2 SLP153 T02280206 50001
SDF,2023-07-30 09:56,10.00,3200.00,KSDF 300956Z 26005KT 10SM FEW032 OVC200 23/21 A3000 RMK AO2 SLP154 T02330206
SDF,2023-07-30 10:56,10.00,3900.00,KSDF 301056Z 28006KT 10SM FEW039 SCT055 SCT200 23/21 A3002 RMK AO2 SLP159 T02280206
SDF,2023-07-30 11:56,10.00,5000.00,KSDF 301156Z 27004KT 10SM BKN050 24/21 A3004 RMK AO2 SLP166 T02390211 10244 20228 53013
SDF,2023-07-30 12:56,10.00,5000.00,KSDF 301256Z 34005KT 10SM FEW050 27/21 A3004 RMK AO2 SLP166 T02670211
SDF,2023-07-30 13:56,10.00,5000.00,KSDF 301356Z 00000KT 10SM FEW050 28/21 A3005 RMK AO2 SLP171 T02780211
SDF,2023-07-30 14:56,10.00,2800.00,KSDF 301456Z 00000KT 10SM SCT028 29/21 A3005 RMK AO2 SLP171 T02890211 53005
SDF,2023-07-30 15:56,10.00,3800.00,KSDF 301556Z 36007KT 10SM SCT038 BKN048 30/20 A3005 RMK AO2 SLP171 T03000200
SDF,2023-07-30 16:56,10.00,4700.00,KSDF 301656Z 35005KT 10SM FEW047 31/18 A3004 RMK AO2 SLP167 T03110183
SDF,2023-07-30 17:56,10.00,5500.00,KSDF 301756Z 02005KT 10SM BKN055 31/19 A3003 RMK AO2 SLP163 T03110189 10317 20239 58008
SDF,2023-07-30 18:56,10.00,6000.00,KSDF 301856Z 32009G15KT 10SM SCT060 33/18 A3002 RMK AO2 SLP161 T03280178
SDF,2023-07-30 19:56,10.00,6000.00,KSDF 301956Z 33010KT 10SM SCT060 31/18 A3002 RMK AO2 SLP159 T03110178
SDF,2023-07-30 20:56,10.00,6000.00,KSDF 302056Z 01007KT 10SM SCT060 32/17 A3001 RMK AO2 SLP155 T03170167 58008
SDF,2023-07-30 21:56,10.00,6000.00,KSDF 302156Z 34006KT 10SM FEW060 31/17 A3000 RMK AO2 SLP154 T03060167
SDF,2023-07-30 22:56,10.00,6500.00,KSDF 302256Z 35010KT 10SM FEW065 32/18 A3000 RMK AO2 SLP154 T03170178
SDF,2023-07-30 23:56,10.00,6000.00,KSDF 302356Z 35010KT 10SM FEW060 30/18 A3001 RMK AO2 SLP158 T03000178 10328 20300 53002
SDF,2023-07-31 00:56,10.00,6000.00,KSDF 310056Z 33008KT 10SM FEW060 29/17 A3002 RMK AO2 SLP161 T02890167
SDF,2023-07-31 01:56,10.00,M,KSDF 310156Z 34006KT 10SM CLR 28/17 A3002 RMK AO2 SLP160 T02780167
SDF,2023-07-31 02:56,10.00,M,KSDF 310256Z 33005KT 10SM CLR 27/17 A3004 RMK AO2 SLP165 T02670172 53007
SDF,2023-07-31 03:56,10.00,M,KSDF 310356Z 30005KT 10SM CLR 25/18 A3004 RMK AO2 SLP166 T02500178
SDF,2023-07-31 04:56,10.00,M,KSDF 310456Z 00000KT 10SM CLR 26/18 A3003 RMK AO2 SLP165 T02560178 403280228
SDF,2023-07-31 05:56,10.00,M,KSDF 310556Z 35003KT 10SM CLR 26/18 A3003 RMK AO2 SLP164 T02560178 10300 20239 58002
SDF,2023-07-31 06:56,10.00,12000.00,KSDF 310656Z 35006KT 10SM FEW120 24/18 A3003 RMK AO2 SLP163 T02390178
SDF,2023-07-31 07:56,10.00,12000.00,KSDF 310756Z 35006KT 10SM FEW120 23/18 A3003 RMK AO2 SLP163 T02280178
SDF,2023-07-31 08:56,10.00,12000.00,KSDF 310856Z 35006KT 10SM FEW120 BKN160 23/18 A3004 RMK AO2 SLP167 T02280178 53003
SDF,2023-07-31 09:56,10.00,12000.00,KSDF 310956Z 35008KT 10SM SCT120 BKN160 22/18 A3005 RMK AO2 SLP171 T02220178
SDF,2023-07-31 10:56,10.00,4200.00,KSDF 311056Z 36009KT 10SM FEW042 SCT120 BKN160 22/17 A3007 RMK AO2 SLP178 T02170172
SDF,2023-07-31 11:56,10.00,4400.00,KSDF 311156Z 01006KT 10SM FEW044 SCT120 BKN150 22/17 A3008 RMK AO2 SLP179 T02220172 10256 20217 51012
SDF,2023-07-31 12:56,10.00,15000.00,KSDF 311256Z 02005KT 10SM BKN150 23/18 A3008 RMK AO2 SLP180 T02280178
SDF,2023-07-31 13:56,10.00,14000.00,KSDF 311356Z 29003KT 10SM SCT140 24/19 A3010 RMK AO2 SLP188 T02440189
SDF,2023-07-31 14:56,10.00,5000.00,KSDF 311456Z VRB03KT 10SM FEW050 FEW130 FEW140 27/19 A3011 RMK AO2 SLP190 T02670189 53012
SDF,2023-07-31 15:56,10.00,2700.00,KSDF 311556Z 03005KT 10SM FEW027 SCT110 28/18 A3011 RMK AO2 SLP190 T02780183
SDF,2023-07-31 16:56,10.00,4000.00,KSDF 311656Z 35006KT 10SM BKN040 28/17 A3011 RMK AO2 SLP192 T02780167
SDF,2023-07-31 17:56,10.00,4900.00,KSDF 311756Z 01007KT 10SM BKN049 BKN120 29/17 A3010 RMK AO2 SLP186 T02890167 10294 20222 58004
SDF,2023-07-31 18:56,10.00,6000.00,KSDF 311856Z 02008KT 10SM BKN060 BKN070 29/16 A3009 RMK AO2 SLP184 T02890156
SDF,2023-07-31 19:56,10.00,5500.00,KSDF 311956Z 35011G18KT 10SM BKN055 BKN250 31/17 A3008 RMK AO2 SLP181 T03060167
SDF,2023-07-31 20:56,10.00,5500.00,KSDF 312056Z 01012KT 10SM SCT055 BKN120 BKN250 29/15 A3008 RMK AO2 SLP180 T02890150 56006
SDF,2023-07-31 21:56,10.00,6000.00,KSDF 312156Z 35010G16KT 10SM FEW060 SCT120 BKN300 28/14 A3008 RMK AO2 SLP180 T02830144
SDF,2023-07-31 22:56,10.00,6000.00,KSDF 312256Z 36013KT 10SM FEW060 FEW120 SCT300 28/14 A3008 RMK AO2 SLP180 T02830144
SDF,2023-07-31 23:56,10.00,6000.00,KSDF 312356Z 36009KT 10SM FEW060 FEW120 27/14 A3008 RMK AO2 SLP183 T02720139 10306 20272 53001
SDF,2023-08-01 00:56,10.00,12000.00,KSDF 010056Z 01009KT 10SM FEW120 FEW300 26/13 A3010 RMK AO2 SLP187 T02610133
SDF,2023-08-01 01:56,10.00,12000.00,KSDF 010156Z 01006KT 10SM FEW120 25/13 A3012 RMK AO2 SLP194 T02500133
SDF,2023-08-01 02:56,10.00,M,KSDF 010256Z 02005KT 10SM CLR 24/14 A3012 RMK AO2 SLP196 T02390144 51013
SDF,2023-08-01 03:56,10.00,M,KSDF 010356Z VRB04KT 10SM CLR 23/15 A3014 RMK AO2 SLP200 T02330150
SDF,2023-08-01 04:56,10.00,M,KSDF 010456Z VRB05KT 10SM CLR 23/15 A3014 RMK AO2 SLP202 T02280150 403060217
SDF,2023-08-01 05:56,10.00,M,KSDF 010556Z 03003KT 10SM CLR 21/14 A3014 RMK AO2 SLP203 T02110144 10278 20211 51007
SDF,2023-08-01 06:56,10.00,M,KSDF 010656Z 01003KT 10SM CLR 20/14 A3014 RMK AO2 SLP201 T02000144
SDF,2023-08-01 07:56,10.00,M,KSDF 010756Z 32003KT 10SM CLR 19/15 A3015 RMK AO2 SLP204 T01940150
SDF,2023-08-01 08:56,10.00,M,KSDF 010856Z 36005KT 10SM CLR 20/16 A3015 RMK AO2 SLP206 T02000156 53004
SDF,2023-08-01 09:56,10.00,M,KSDF 010956Z 01003KT 10SM CLR 18/15 A3016 RMK AO2 SLP209 T01830150
SDF,2023-08-01 10:56,10.00,25000.00,KSDF 011056Z 36003KT 10SM FEW250 18/15 A3018 RMK AO2 SLP215 T01780150
SDF,2023-08-01 11:56,10.00,30000.00,KSDF 011156Z 35003KT 10SM FEW300 19/15 A3019 RMK AO2 SLP219 T01890150 10211 20178 53013
SDF,2023-08-01 12:56,10.00,30000.00,KSDF 011256Z 00000KT 10SM FEW300 21/15 A3020 RMK AO2 SLP223 T02110150
SDF,2023-08-01 13:56,10.00,30000.00,KSDF 011356Z 00000KT 10SM FEW300 24/14 A3021 RMK AO2 SLP224 T02390144
SDF,2023-08-01 14:56,10.00,30000.00,KSDF 011456Z 12006KT 10SM FEW300 26/14 A3021 RMK AO2 SLP225 T02610139 51006
SDF,2023-08-01 15:56,10.00,5500.00,KSDF 011556Z 13005KT 10SM FEW055 FEW300 27/12 A3021 RMK AO2 SLP226 T02720122
SDF,2023-08-01 16:56,10.00,5500.00,KSDF 011656Z COR 12009KT 10SM FEW055 SCT300 28/12 A3020 RMK AO2 SLP222 T02780122
SDF,2023-08-01 17:56,10.00,6000.00,KSDF 011756Z 10010KT 10SM FEW060 SCT300 29/13 A3019 RMK AO2 SLP217 T02890128 10289 20189 58008
SDF,2023-08-01 18:56,10.00,6000.00,KSDF 011856Z 10012G18KT 10SM FEW060 FEW300 29/13 A3017 RMK AO2 SLP213 T02890133
SDF,2023-08-01 19:56,10.00,6000.00,KSDF 011956Z 11007KT 070V130 10SM BKN060 29/14 A3016 RMK AO2 SLP210 T02940144
SDF,2023-08-01 20:56,10.00,6000.00,KSDF 012056Z VRB05KT 10SM FEW060 SCT200 29/13 A3015 RMK AO2 SLP205 T02890133 58012
SDF,2023-08-01 21:56,10.00,6000.00,KSDF 012156Z 10009KT 10SM FEW060 BKN230 29/13 A3013 RMK AO2 SLP198 T02940133
SDF,2023-08-01 22:56,10.00,6000.00,KSDF 012256Z 13006KT 10SM FEW060 SCT230 28/13 A3013 RMK AO2 SLP197 T02780133
SDF,2023-08-01 23:56,10.00,25000.00,KSDF 012356Z 11007KT 10SM BKN250 28/13 A3013 RMK AO2 SLP197 T02780133 10300 20278 56008
SDF,2023-08-02 00:56,10.00,15000.00,KSDF 020056Z 08006KT 10SM FEW150 SCT250 27/13 A3014 RMK AO2 SLP200 T02670133
SDF,2023-08-02 01:56,10.00,25000.00,KSDF 020156Z COR 08004KT 10SM SCT250 26/13 A3015 RMK AO2 SLP205 T02610133
SDF,2023-08-02 02:56,10.00,25000.00,KSDF 020256Z 09005KT 10SM SCT250 24/14 A3016 RMK AO2 SLP208 T02440139 51010
SDF,2023-08-02 03:56,10.00,25000.00,KSDF 020356Z 09004KT 10SM SCT250 24/13 A3017 RMK AO2 SLP211 T02390133
SDF,2023-08-02 04:56,10.00,25000.00,KSDF 020456Z 09003KT 10SM FEW250 23/13 A3017 RMK AO2 SLP211 T02330133 403000178
SDF,2023-08-02 05:56,10.00,25000.00,KSDF 020556Z 09003KT 10SM FEW250 22/14 A3016 RMK AO2 SLP209 T02220139 10278 20222 50001
SDF,2023-08-02 06:56,10.00,25000.00,KSDF 020656Z 11004KT 10SM SCT250 22/13 A3015 RMK AO2 SLP205 T02170133
SDF,2023-08-02 07:56,10.00,25000.00,KSDF 020756Z 10004KT 10SM SCT250 22/13 A3014 RMK AO2 SLP201 T02170133
SDF,2023-08-02 08:56,10.00,25000.00,KSDF 020856Z 12005KT 10SM SCT250 22/13 A3011 RMK AO2 SLP191 T02170133 58017
SDF,2023-08-02 09:56,10.00,25000.00,KSDF 020956Z 00000KT 10SM FEW250 21/13 A3012 RMK AO2 SLP195 T02060133
SDF,2023-08-02 10:56,10.00,25000.00,KSDF 021056Z 00000KT 10SM SCT250 20/14 A3014 RMK AO2 SLP202 T02000139
SDF,2023-08-02 11:56,10.00,18000.00,KSDF 021156Z 00000KT 10SM SCT180 OVC230 21/14 A3016 RMK AO2 SLP208 T02110139 10222 20189 53017
SDF,2023-08-02 12:56,10.00,15000.00,KSDF 021256Z 06004KT 10SM BKN150 BKN190 BKN230 22/14 A3016 RMK AO2 SLP209 T02220144
SDF,2023-08-02 13:56,10.00,17000.00,KSDF 021356Z 00000KT 10SM BKN170 OVC230 23/14 A3015 RMK AO2 SLP205 T02280144
SDF,2023-08-02 14:56,10.00,16000.00,KSDF 021456Z VRB03KT 10SM BKN160 BKN200 OVC250 24/16 A3014 RMK AO2 SLP201 T02390156 58007
SDF,2023-08-02 15:56,10.00,15000.00,KSDF 021556Z 00000KT 10SM BKN150 OVC200 24/16 A3015 RMK AO2 SLP204 T02440156
SDF,2023-08-02 16:56,10.00,14000.00,KSDF 021656Z 31003KT 10SM BKN140 OVC190 27/16 A3014 RMK AO2 SLP201 T02670156
SDF,2023-08-02 17:56,10.00,14000.00,KSDF 021756Z 00000KT 10SM OVC140 26/16 A3013 RMK AO2 SLP198 T02610156 10267 20211 58003
SDF,2023-08-02 18:56,10.00,7000.00,KSDF 021856Z 22005KT 10SM FEW070 OVC120 26/17 A3012 RMK AO2 SLP194 T02610167
SDF,2023-08-02 19:56,10.00,7000.00,KSDF 021956Z 00000KT 10SM FEW070 OVC110 26/16 A3010 RMK AO2 SLP189 T02610161
SDF,2023-08-02 20:56,10.00,8000.00,KSDF 022056Z 20007KT 10SM BKN080 OVC110 26/17 A3009 RMK AO2 SLP185 T02610172 56013
SDF,2023-08-02 21:56,10.00,4000.00,KSDF 022156Z 21004KT 10SM FEW040 BKN070 OVC110 26/16 A3008 RMK AO2 SLP181 T02610161
SDF,2023-08-02 22:56,10.00,7000.00,KSDF 022256Z 22005KT 10SM FEW070 FEW100 SCT120 OVC160 26/16 A3006 RMK AO2 SLP176 T02560156
SDF,2023-08-02 23:56,10.00,10000.00,KSDF 022356Z 22006KT 10SM FEW100 FEW120 OVC160 26/15 A3006 RMK AO2 SLP173 T02560150 10267 20256 56012
SDF,2023-08-03 00:56,10.00,12000.00,KSDF 030056Z 00000KT 10SM -RA BKN120 OVC160 25/17 A3006 RMK AO2 RAB55 SLP176 P0000 T02500172
SDF,2023-08-03 01:56,10.00,10000.00,KSDF 030156Z 21004KT 10SM BKN100 OVC160 25/18 A3007 RMK AO2 RAE11 SLP178 P0000 T02500178
SDF,2023-08-03 02:56,10.00,8000.00,KSDF 030256Z 22004KT 10SM FEW080 SCT100 OVC150 24/18 A3007 RMK AO2 SLP179 60000 T02440183 51006
SDF,2023-08-03 03:56,10.00,5000.00,KSDF 030356Z 22003KT 10SM BKN050 BKN060 BKN095 OVC150 24/19 A3006 RMK AO2 RAB20E45 SLP174 P0000 T02390189
SDF,2023-08-03 04:56,10.00,11000.00,KSDF 030456Z 21003KT 10SM BKN110 OVC130 24/18 A3005 RMK AO2 SLP171 T02390183 402670189
SDF,2023-08-03 05:56,10.00,7000.00,KSDF 030556Z 14004KT 10SM OVC070 23/19 A3004 RMK AO2 SLP166 60000 T02330189 10256 20233 58013
SDF,2023-08-03 06:56,10.00,4600.00,KSDF 030656Z 23006KT 10SM -RA BKN046 BKN060 OVC070 23/18 A3003 RMK AO2 RAB01E13B56 SLP163 P0000 T02330183
SDF,2023-08-03 07:56,10.00,4100.00,KSDF 030756Z 11006KT 10SM BKN041 OVC080 23/18 A3000 RMK AO2 LTG DSNT SW AND W RAE16 SLP155 P0000 T02280183
SDF,2023-08-03 08:56,10.00,5000.00,KSDF 030856Z 15007KT 10SM -RA SCT050 BKN120 OVC130 22/18 A2999 RMK AO2 LTG DSNT S-W RAB0759 SLP151 P0002 60002 T02220178 58015
SDF,2023-08-03 09:56,8.00,3600.00,KSDF 030956Z 15008KT 8SM -RA OVC036 21/18 A2998 RMK AO2 LTG DSNT SE AND S SLP147 P0008 T02060183
SDF,2023-08-03 10:56,5.00,1900.00,KSDF 031056Z 12005KT 5SM RA BR OVC019 21/19 A2997 RMK AO2 SLP144 P0009 T02060189
SDF,2023-08-03 11:56,3.00,600.00,KSDF 031156Z 12004KT 3SM -RA BR BKN006 OVC018 21/19 A2997 RMK AO2 SLP144 P0005 60024 70024 T02110194 10239 20206 56007
SDF,2023-08-03 12:56,1.75,700.00,KSDF 031256Z 02003KT 1 3/4SM -RA BR OVC007 21/20 A2998 RMK AO2 CIG 003V012 SLP149 P0015 T02110200
SDF,2023-08-03 13:56,3.00,800.00,KSDF 031356Z 05004KT 3SM -RA BR BKN008 BKN030 OVC055 21/20 A2997 RMK AO2 SLP145 P0006 T02110200
SDF,2023-08-03 14:56,10.00,900.00,KSDF 031456Z 00000KT 10SM OVC009 23/21 A2997 RMK AO2 RAE25DZB26E41 CIG 005V011 SLP142 P0001 60022 T02280206 58001
SDF,2023-08-03 15:56,10.00,1000.00,KSDF 031556Z 32004KT 10SM OVC010 23/21 A2998 RMK AO2 CIG 008V013 SLP147 T02330206
SDF,2023-08-03 16:56,10.00,900.00,KSDF 031656Z 01004KT 10SM BKN009 OVC014 24/21 A2997 RMK AO2 CIG 008V013 SLP145 T02390206
SDF,2023-08-03 17:56,10.00,1500.00,KSDF 031756Z 03004KT 10SM BKN015 OVC020 25/21 A2997 RMK AO2 SLP144 60022 T02500211 10250 20211 50001
SDF,2023-08-03 18:56,10.00,1600.00,KSDF 031856Z 00000KT 10SM FEW016 SCT029 BKN080 BKN130 BKN180 BKN250 27/21 A2996 RMK AO2 SLP140 T02670211
SDF,2023-08-03 19:56,10.00,2300.00,KSDF 031956Z 36005KT 10SM SCT023 BKN038 BKN080 BKN250 28/21 A2995 RMK AO2 SLP137 T02780206
SDF,2023-08-03 20:56,10.00,3000.00,KSDF 032056Z 00000KT 10SM FEW030 BKN041 BKN080 BKN250 28/19 A2993 RMK AO2 SLP130 T02830194 58014
SDF,2023-08-03 21:56,10.00,3700.00,KSDF 032156Z 03004KT 10SM BKN037 BKN250 BKN300 29/19 A2992 RMK AO2 SLP127 T02890189
SDF,2023-08-03 22:56,10.00,4100.00,KSDF 032256Z 03005KT 10SM SCT041 BKN300 29/19 A2993 RMK AO2 SLP129 T02940194
SDF,2023-08-03 23:56,10.00,4000.00,KSDF 032356Z 29006KT 10SM FEW040 BKN300 28/20 A2993 RMK AO2 SLP129 T02780200 10300 20250 55001
SDF,2023-08-04 00:56,10.00,4000.00,KSDF 040056Z 29006KT 10SM FEW040 BKN300 26/20 A2992 RMK AO2 SLP128 T02610200
SDF,2023-08-04 01:56,10.00,30000.00,KSDF 040156Z 22003KT 10SM SCT300 26/21 A2994 RMK AO2 SLP132 T02560206
SDF,2023-08-04 02:56,10.00,30000.00,KSDF 040256Z 23003KT 10SM FEW300 24/21 A2996 RMK AO2 SLP140 T02440211 53010
SDF,2023-08-04 03:56,10.00,30000.00,KSDF 040356Z 32003KT 10SM FEW300 24/21 A2996 RMK AO2 SLP140 T02390206
SDF,2023-08-04 04:56,10.00,M,KSDF 040456Z 31004KT 10SM CLR 23/21 A2997 RMK AO2 SLP144 T02330211 403000206
SDF,2023-08-04 05:56,10.00,M,KSDF 040556Z 00000KT 10SM CLR 24/21 A2997 RMK AO2 SLP144 T02390211 10278 20228 51004
SDF,2023-08-04 06:56,10.00,M,KSDF 040656Z 00000KT 10SM CLR 23/21 A2995 RMK AO2 SLP138 T02330206
SDF,2023-08-04 07:56,10.00,M,KSDF 040756Z 11003KT 10SM CLR 23/21 A2993 RMK AO2 SLP130 T02280206
SDF,2023-08-04 08:56,10.00,M,KSDF 040856Z VRB03KT 10SM CLR 23/21 A2993 RMK AO2 SLP130 T02280206 55013
SDF,2023-08-04 09:56,10.00,200.00,KSDF 040956Z 13003KT 10SM FEW002 FEW250 22/19 A2993 RMK AO2 SLP130 T02170194
SDF,2023-08-04 10:56,4.00,300.00,KSDF 041056Z 00000KT 4SM BR BKN003 BKN030 BKN150 22/20 A2993 RMK AO2 SLP130 VIS S 1/2SM T02170200
SDF,2023-08-04 11:56,0.50,300.00,KSDF 041156Z 00000KT 1/2SM FG SCT003 SCT150 22/21 A2996 RMK AO2 SLP140 70022 T02170206 10239 20211 53010 RVRNO $
SDF,2023-08-04 12:56,0.50,200.00,KSDF 041256Z 00000KT 1/2SM BR BKN002 BKN150 OVC250 22/21 A2998 RMK AO2 SFC VIS 1 1/2 SLP148 T02220211
SDF,2023-08-04 13:56,0.50,400.00,KSDF 041356Z 22003KT 1/2SM BR BKN004 BKN150 OVC250 23/21 A2999 RMK AO2 SFC VIS 3 SLP152 T02330211
SDF,2023-08-04 14:56,10.00,500.00,KSDF 041456Z VRB03KT 10SM FEW005 FEW150 BKN200 OVC250 26/22 A2999 RMK AO2 SLP151 T02610222 50010
SDF,2023-08-04 15:56,10.00,2500.00,KSDF 041556Z 00000KT 10SM FEW025 FEW070 SCT200 BKN250 OVC300 28/20 A2998 RMK AO2 SLP146 T02830200
SDF,2023-08-04 16:56,10.00,3500.00,KSDF 041656Z 13004KT 10SM SCT035 BKN250 OVC300 30/21 A2997 RMK AO2 SLP143 T03000206
SDF,2023-08-04 17:56,10.00,3500.00,KSDF 041756Z 00000KT 10SM SCT035 SCT250 BKN300 29/19 A2998 RMK AO2 SLP146 T02940194 10306 20217 55004
SDF,2023-08-04 18:56,10.00,4400.00,KSDF 041856Z 27007KT 10SM SCT044 SCT150 OVC300 31/21 A2997 RMK AO2 SLP142 T03110206
SDF,2023-08-04 19:56,10.00,4800.00,KSDF 041956Z 00000KT 10SM BKN048 BKN300 31/19 A2996 RMK AO2 SLP138 T03060194
SDF,2023-08-04 20:56,10.00,5000.00,KSDF 042056Z 14005KT 10SM BKN050 BKN300 32/20 A2994 RMK AO2 SLP132 T03170200 58013
SDF,2023-08-04 21:56,10.00,5000.00,KSDF 042156Z 00000KT 10SM SCT050 BKN300 32/19 A2993 RMK AO2 SLP131 T03170194
SDF,2023-08-04 22:56,10.00,5000.00,KSDF 042256Z 17004KT 10SM SCT050 BKN300 30/19 A2993 RMK AO2 SLP129 T03000189
SDF,2023-08-04 23:56,10.00,4800.00,KSDF 042356Z 17005KT 10SM SCT048 BKN300 30/19 A2993 RMK AO2 SLP130 T03000194 10322 20294 55002
SDF,2023-08-05 00:56,10.00,4800.00,KSDF 050056Z 23004KT 10SM FEW048 SCT060 BKN300 29/19 A2995 RMK AO2 SLP136 T02890194
SDF,2023-08-05 01:56,10.00,30000.00,KSDF 050156Z 00000KT 10SM BKN300 28/20 A2996 RMK AO2 SLP138 T02830200
SDF,2023-08-05 02:56,10.00,30000.00,KSDF 050256Z 23003KT 10SM SCT300 27/21 A2997 RMK AO2 SLP144 T02720211 53014
SDF,2023-08-05 03:56,10.00,30000.00,KSDF 050356Z 14003KT 10SM SCT300 26/21 A2998 RMK AO2 SLP145 T02560206
SDF,2023-08-05 04:56,10.00,30000.00,KSDF 050456Z VRB03KT 10SM SCT300 26/20 A2998 RMK AO2 SLP148 T02560200 403220211
SDF,2023-08-05 05:56,10.00,30000.00,KSDF 050556Z 00000KT 10SM SCT300 24/21 A2999 RMK AO2 SLP149 T02440206 10300 20244 53005
SDF,2023-08-05 06:56,10.00,30000.00,KSDF 050656Z 12003KT 10SM SCT300 23/21 A2998 RMK AO2 SLP146 T02330206
SDF,2023-08-05 07:56,9.00,30000.00,KSDF 050756Z 14003KT 9SM FEW300 23/21 A2998 RMK AO2 SLP147 T02330211
SDF,2023-08-05 08:56,8.00,30000.00,KSDF 050856Z 00000KT 8SM FEW300 24/21 A2998 RMK AO2 SLP146 T02390211 56003
SDF,2023-08-05 09:56,10.00,30000.00,KSDF 050956Z 15004KT 10SM SCT300 23/21 A2999 RMK AO2 SLP150 T02330206
SDF,2023-08-05 10:56,9.00,M,KSDF 051056Z 13004KT 9SM CLR 23/21 A2999 RMK AO2 SLP148 T02280206
SDF,2023-08-05 11:56,8.00,17000.00,KSDF 051156Z 13003KT 8SM BKN170 23/21 A2997 RMK AO2 SLP143 T02330211 10250 20228 58002
SDF,2023-08-05 12:56,10.00,16000.00,KSDF 051256Z 16005KT 10SM SCT160 BKN250 26/22 A3000 RMK AO2 SLP151 T02560217
SDF,2023-08-05 13:56,10.00,11000.00,KSDF 051356Z 16007KT 10SM FEW110 BKN140 BKN250 28/21 A2999 RMK AO2 SLP151 T02780206
SDF,2023-08-05 14:56,10.00,17000.00,KSDF 051456Z 16011KT 10SM BKN170 BKN250 27/21 A2997 RMK AO2 SLP141 T02720206 58002
SDF,2023-08-05 15:56,10.00,16000.00,KSDF 051556Z 19008KT 10SM BKN160 OVC220 28/21 A2999 RMK AO2 SLP149 T02830206
SDF,2023-08-05 16:56,10.00,3600.00,KSDF 051656Z 18014KT 10SM FEW036 FEW110 BKN150 BKN250 29/20 A2997 RMK AO2 SLP143 T02890200
SDF,2023-08-05 17:56,10.00,4000.00,KSDF 051756Z 15013KT 10SM FEW040 FEW110 BKN160 BKN250 29/21 A2995 RMK AO2 SLP137 T02940206 10294 20233 58005
SDF,2023-08-05 18:56,10.00,4000.00,KSDF 051856Z 18011KT 10SM FEW040 BKN150 BKN250 30/21 A2994 RMK AO2 SLP134 T03000206
SDF,2023-08-05 19:56,10.00,3400.00,KSDF 051956Z 17014KT 10SM BKN034 BKN150 BKN250 29/21 A2993 RMK AO2 SLP129 T02940211
SDF,2023-08-05 20:56,10.00,3500.00,KSDF 052056Z 17009KT 10SM FEW035 FEW070 SCT150 BKN250 30/22 A2991 RMK AO2 SLP123 T03000217 58013
SDF,2023-08-05 21:56,10.00,3500.00,KSDF 052156Z 16013KT 10SM FEW035 BKN045 BKN070 OVC250 29/22 A2991 RMK AO2 SLP121 T02940217
SDF,2023-08-05 22:56,10.00,3500.00,KSDF 052256Z 16012KT 10SM FEW035 OVC042 29/22 A2989 RMK AO2 SLP116 T02940217
SDF,2023-08-05 23:56,10.00,3000.00,KSDF 052356Z 18009KT 10SM FEW030 OVC037 29/22 A2988 RMK AO2 SLP113 T02890217 10306 20289 58010
SDF,2023-08-06 00:56,10.00,3000.00,KSDF 060056Z 18011KT 10SM FEW030 BKN042 OVC250 28/22 A2989 RMK AO2 SLP115 T02830217
SDF,2023-08-06 01:56,10.00,3600.00,KSDF 060156Z 18011KT 10SM FEW036 BKN050 28/22 A2990 RMK AO2 SLP120 T02780217
SDF,2023-08-06 02:56,10.00,4200.00,KSDF 060256Z 20007G16KT 10SM OVC042 27/22 A2991 RMK AO2 SLP122 T02720217 52008
SDF,2023-08-06 03:56,10.00,3900.00,KSDF 060356Z 18009KT 10SM FEW039 SCT055 27/21 A2990 RMK AO2 SLP117 T02670211
SDF,2023-08-06 04:56,10.00,2600.00,KSDF 060456Z 18008KT 10SM FEW026 SCT032 26/22 A2988 RMK AO2 SLP112 T02610217 403060228
SDF,2023-08-06 05:56,10.00,4000.00,KSDF 060556Z 22007KT 10SM FEW040 SCT150 26/22 A2988 RMK AO2 SLP113 T02560217 10289 20256 55009
SDF,2023-08-06 06:56,10.00,4000.00,KSDF 060656Z 19005KT 10SM FEW040 BKN050 26/21 A2988 RMK AO2 SLP111 T02560211
SDF,2023-08-06 07:56,10.00,1800.00,KSDF 060756Z 23004KT 10SM -RA FEW018 SCT035 BKN050 25/22 A2987 RMK AO2 RAB45 SLP109 P0001 T02500222
SDF,2023-08-06 08:56,10.00,5500.00,KSDF 060856Z 19006KT 10SM SCT055 25/22 A2987 RMK AO2 RAE00 SLP108 P0000 60001 T02500222 56005
SDF,2023-08-06 09:56,10.00,1400.00,KSDF 060956Z 20004KT 10SM BKN014 24/22 A2986 RMK AO2 SLP104 T02440222
SDF,2023-08-06 10:56,10.00,1200.00,KSDF 061056Z 22007KT 10SM OVC012 24/22 A2986 RMK AO2 SLP106 T02440217
SDF,2023-08-06 11:56,10.00,1200.00,KSDF 061156Z 21008KT 10SM OVC012 24/22 A2987 RMK AO2 SLP110 60001 70001 T02440217 10256 20244 53002
SDF,2023-08-06 12:56,10.00,1200.00,KSDF 061256Z 24011KT 10SM OVC012 24/21 A2989 RMK AO2 SLP117 T02440211
SDF,2023-08-06 13:56,10.00,1300.00,KSDF 061356Z 25010KT 10SM OVC013 25/21 A2991 RMK AO2 SLP122 T02500211
SDF,2023-08-06 14:56,10.00,1600.00,KSDF 061456Z 24011G17KT 10SM BKN016 BKN037 26/22 A2991 RMK AO2 SLP121 T02610217 50011
SDF,2023-08-06 15:56,10.00,2500.00,KSDF 061556Z 25013KT 10SM BKN025 BKN032 28/20 A2990 RMK AO2 SLP120 T02780200
SDF,2023-08-06 16:56,10.00,3400.00,KSDF 061656Z 24012G18KT 10SM SCT034 29/20 A2990 RMK AO2 SLP117 T02940200
SDF,2023-08-06 17:56,10.00,3600.00,KSDF 061756Z 27010G18KT 10SM SCT036 BKN050 30/20 A2989 RMK AO2 SLP117 T03000200 10300 20244 56005
SDF,2023-08-06 18:56,10.00,4000.00,KSDF 061856Z 28012G16KT 10SM FEW040 FEW100 BKN250 31/21 A2988 RMK AO2 SLP111 T03110206
SDF,2023-08-06 19:56,10.00,4300.00,KSDF 061956Z 26011KT 10SM FEW043 BKN160 BKN250 31/20 A2986 RMK AO2 SLP106 T03110200
SDF,2023-08-06 20:56,10.00,4500.00,KSDF 062056Z 23011G18KT 10SM FEW045 BKN210 BKN250 31/21 A2985 RMK AO2 SLP101 T03060206 56015
SDF,2023-08-06 21:56,10.00,4500.00,KSDF 062156Z 24012KT 10SM SCT045 BKN210 31/21 A2985 RMK AO2 SLP102 T03110211
SDF,2023-08-06 22:56,10.00,4200.00,KSDF 062256Z 27011KT 10SM SCT042 SCT200 29/20 A2985 RMK AO2 SLP102 T02940200
SDF,2023-08-06 23:56,10.00,3700.00,KSDF 062356Z 23005KT 10SM FEW037 FEW041 SCT200 29/21 A2984 RMK AO2 SLP098 T02940206 10317 20289 58003
SDF,2023-08-07 00:56,10.00,4000.00,KSDF 070056Z 19007KT 10SM FEW040 FEW200 29/21 A2983 RMK AO2 SLP096 T02890211
SDF,2023-08-07 01:56,10.00,4000.00,KSDF 070156Z 20007KT 10SM FEW040 28/22 A2984 RMK AO2 SLP099 T02780222
SDF,2023-08-07 02:56,10.00,M,KSDF 070256Z 19006KT 10SM CLR 27/22 A2983 RMK AO2 SLP096 T02720222 58002
SDF,2023-08-07 03:56,10.00,4000.00,KSDF 070356Z 17008KT 10SM FEW040 FEW120 SCT200 27/22 A2982 RMK AO2 SLP091 LTG DSNT NW CB DSNT NW T02670222
SDF,2023-08-07 04:56,10.00,3900.00,KSDF 070456Z 18007KT 10SM SCT039 BKN140 BKN200 27/22 A2982 RMK AO2 SLP090 LTG DSNT W-N CB DSNT W-N T02670222 403170244
SDF,2023-08-07 05:56,10.00,3000.00,KSDF 070556Z 31025G35KT 10SM VCTS -RA SCT030 SCT043 BKN100 OVC140 27/22 A2988 RMK AO2 PK WND 31035/0555 LTG DSNT W-N RAB53 PRESRR SLP111 CB DSNT W-N P0000 60000 T02670217 10294 20261 53019
SDF,2023-08-07 06:56,10.00,2500.00,KSDF 070656Z 28008KT 10SM VCTS FEW025 BKN060 OVC080 21/19 A2988 RMK AO2 PK WND 30033/0600 WSHFT 0547 LTG DSNT ALQDS RAE37 TSB01E30 PRESRR SLP112 LTG DSNT E AND SW-NW CB DSNT SW-NW P0013 T02110189
SDF,2023-08-07 07:56,10.00,3000.00,KSDF 070756Z 14004KT 10SM -TSRA SCT030CB SCT070 BKN160 OVC180 21/19 A2980 RMK AO2 PK WND 30032/0702 LTG DSNT W-NE RAB02E39B49 TSB0658E27B49 SLP086 CONS LTGCGICCC ALQDS TS ALQDS MOV E P0014 T02060189
SDF,2023-08-07 08:56,10.00,1000.00,KSDF 070856Z 01003KT 10SM -TSRA FEW010 BKN045CB BKN070 OVC130 21/19 A2983 RMK AO2 LTG DSNT ALQDS RAE30B49 SLP095 CONS LTGCGCCIC W-N-E TS W-N-E MOV E P0000 60027 T02110189 55016
SDF,2023-08-07 09:56,10.00,3700.00,KSDF 070956Z 15004KT 10SM FEW037 BKN250 21/19 A2979 RMK AO2 LTG DSNT E RAE06 TSE19 SLP081 P0000 T02110194
SDF,2023-08-07 10:56,10.00,3000.00,KSDF 071056Z 16006KT 10SM FEW030 SCT060 22/19 A2978 RMK AO2 SLP081 T02170189
SDF,2023-08-07 11:56,10.00,1000.00,KSDF 071156Z 15005KT 10SM FEW010 BKN065 BKN250 22/19 A2978 RMK AO2 SLP077 60027 70027 T02220189 10267 20206 56017
SDF,2023-08-07 12:56,10.00,6000.00,KSDF 071256Z 20009KT 10SM BKN060 BKN100 25/21 A2977 RMK AO2 SLP076 T02500211
SDF,2023-08-07 13:56,10.00,1500.00,KSDF 071356Z 22012KT 10SM FEW015 BKN025 BKN060 27/22 A2978 RMK AO2 SLP079 T02670222
SDF,2023-08-07 14:56,10.00,1700.00,KSDF 071456Z 26014KT 10SM BKN017 BKN043 OVC060 28/22 A2978 RMK AO2 LTG DSNT E RAB16E32 SLP079 P0000 60000 T02780217 53002
SDF,2023-08-07 15:56,10.00,3200.00,KSDF 071556Z 25019G28KT 10SM SCT032 BKN055 28/21 A2978 RMK AO2 PK WND 26028/1550 SLP078 T02830206
SDF,2023-08-07 16:56,10.00,3600.00,KSDF 071656Z 27018G26KT 10SM SCT036 BKN060 29/19 A2977 RMK AO2 PK WND 25029/1604 SLP076 T02890194
SDF,2023-08-07 17:56,10.00,4000.00,KSDF 071756Z 26018G26KT 10SM FEW040 BKN075 29/19 A2977 RMK AO2 PK WND 27028/1658 SLP076 60000 T02890194 10300 20222 56003
SDF,2023-08-07 18:56,10.00,3400.00,KSDF 071856Z 25023G31KT 10SM FEW034 FEW055 OVC075 27/19 A2979 RMK AO2 PK WND 25031/1855 SLP082 T02720194
SDF,2023-08-07 19:56,10.00,3100.00,KSDF 071956Z 26015G25KT 10SM BKN031 BKN070 BKN300 28/20 A2979 RMK AO2 PK WND 26036/1904 RAB20E29 SLP082 P0000 T02830200
SDF,2023-08-07 20:56,10.00,3200.00,KSDF 072056Z 25016G25KT 10SM BKN032 BKN048 BKN070 BKN300 28/19 A2979 RMK AO2 PK WND 26031/2026 SLP083 60000 T02780194 51005
SDF,2023-08-07 21:56,10.00,3600.00,KSDF 072156Z 24016G22KT 10SM SCT036 BKN050 BKN070 BKN300 27/19 A2979 RMK AO2 PK WND 26029/2101 SLP083 SH DSNT W-N-NE T02720194
SDF,2023-08-07 22:56,10.00,1500.00,KSDF 072256Z 28011KT 10SM FEW015 SCT046 BKN065 BKN300 23/21 A2983 RMK AO2 PK WND 31030/2209 WSHFT 2158 RAB2158E45 SLP097 P0040 T02330206
SDF,2023-08-07 23:56,10.00,1900.00,KSDF 072356Z 30012G20KT 10SM FEW019 SCT035 BKN045 BKN200 23/20 A2985 RMK AO2 RAB12E34 SLP103 P0000 60040 T02330200 10289 20222 53020
SDF,2023-08-08 00:56,10.00,2000.00,KSDF 080056Z 32009KT 10SM FEW020 SCT035 BKN046 23/19 A2987 RMK AO2 SLP109 T02330189
SDF,2023-08-08 01:56,10.00,2000.00,KSDF 080156Z 30006KT 10SM FEW020 OVC055 23/19 A2990 RMK AO2 SLP119 T02280189
SDF,2023-08-08 02:56,10.00,4500.00,KSDF 080256Z 28006KT 10SM FEW045 OVC055 22/19 A2992 RMK AO2 SLP126 T02220194 53023
SDF,2023-08-08 03:56,10.00,3300.00,KSDF 080356Z 29007KT 10SM FEW033 OVC055 22/19 A2993 RMK AO2 SLP129 T02220194
SDF,2023-08-08 04:56,10.00,3000.00,KSDF 080456Z 29006KT 10SM FEW030 OVC055 22/19 A2994 RMK AO2 SLP133 T02220189 403000206
SDF,2023-08-08 05:56,10.00,3000.00,KSDF 080556Z 29006KT 10SM FEW030 BKN060 22/18 A2995 RMK AO2 SLP138 T02170183 10233 20217 53012
SDF,2023-08-08 06:56,10.00,6000.00,KSDF 080656Z 29006KT 10SM SCT060 21/18 A2995 RMK AO2 SLP138 T02110183
SDF,2023-08-08 07:56,10.00,2500.00,KSDF 080756Z 29004KT 10SM FEW025 FEW060 21/18 A2996 RMK AO2 SLP140 T02060183
SDF,2023-08-08 08:56,10.00,500.00,KSDF 080856Z 30006KT 10SM FEW005 FEW015 FEW060 21/18 A2996 RMK AO2 SLP140 T02060183 50002
SDF,2023-08-08 09:56,10.00,800.00,KSDF 080956Z 28003KT 10SM BKN008 20/18 A2996 RMK AO2 SLP140 T02000183
SDF,2023-08-08 10:56,10.00,800.00,KSDF 081056Z VRB03KT 10SM SCT008 BKN060 20/18 A2996 RMK AO2 SLP142 T02000178
SDF,2023-08-08 11:56,9.00,800.00,KSDF 081156Z 29003KT 9SM FEW008 FEW300 21/18 A2997 RMK AO2 SLP144 70040 T02060183 10217 20194 53003
SDF,2023-08-08 12:56,10.00,900.00,KSDF 081256Z 24006KT 10SM FEW009 SCT050 BKN100 22/18 A3001 RMK AO2 SLP159 T02170178
SDF,2023-08-08 13:56,10.00,1300.00,KSDF 081356Z 22006KT 10SM FEW013 BKN050 BKN100 23/19 A3001 RMK AO2 SLP159 T02280189
SDF,2023-08-08 14:56,10.00,1900.00,KSDF 081456Z 29006KT 10SM FEW019 BKN041 BKN100 BKN300 24/18 A3002 RMK AO2 SLP161 T02440183 51018
SDF,2023-08-08 15:56,10.00,2800.00,KSDF 081556Z COR 29003KT 10SM SCT028 SCT100 OVC300 26/18 A3000 RMK AO2 SLP154 T02560178
SDF,2023-08-08 16:56,10.00,3400.00,KSDF 081656Z 31006KT 10SM SCT034 OVC300 26/18 A2999 RMK AO2 SLP150 T02610178
SDF,2023-08-08 17:56,10.00,3700.00,KSDF 081756Z 26006KT 10SM BKN037 OVC300 27/18 A2999 RMK AO2 SLP149 T02720178 10272 20206 56012
SDF,2023-08-08 18:56,10.00,4200.00,KSDF 081856Z 28005KT 10SM BKN042 BKN300 27/18 A2999 RMK AO2 SLP150 T02720178
SDF,2023-08-08 19:56,10.00,4400.00,KSDF 081956Z 25008KT 10SM BKN044 BKN300 28/17 A2998 RMK AO2 SLP148 T02830172
SDF,2023-08-08 20:56,10.00,4500.00,KSDF 082056Z 24012G18KT 10SM FEW045 BKN055 BKN300 28/17 A2996 RMK AO2 SLP142 T02830172 58007
SDF,2023-08-08 21:56,10.00,6000.00,KSDF 082156Z 22010KT 10SM FEW060 SCT090 SCT300 28/18 A2994 RMK AO2 SLP134 T02780178
SDF,2023-08-08 22:56,10.00,4200.00,KSDF 082256Z 23009KT 10SM SCT042 28/18 A2993 RMK AO2 SLP130 T02780178
SDF,2023-08-08 23:56,10.00,4000.00,KSDF 082356Z 24007KT 10SM FEW040 SCT250 27/18 A2993 RMK AO2 SLP129 T02670178 10289 20267 56013
SDF,2023-08-09 00:56,10.00,25000.00,KSDF 090056Z 26008KT 10SM FEW250 26/18 A2993 RMK AO2 SLP131 T02560178
SDF,2023-08-09 01:56,10.00,M,KSDF 090156Z 25005KT 10SM CLR 24/18 A2993 RMK AO2 SLP132 T02440183
SDF,2023-08-09 02:56,10.00,M,KSDF 090256Z 20005KT 10SM CLR 24/19 A2994 RMK AO2 SLP134 T02440189 53005
SDF,2023-08-09 03:56,10.00,7000.00,KSDF 090356Z 22005KT 10SM FEW070 23/19 A2995 RMK AO2 SLP136 T02330189
SDF,2023-08-09 04:56,10.00,11000.00,KSDF 090456Z 21005KT 10SM FEW110 23/19 A2994 RMK AO2 SLP135 T02330189 402890194
SDF,2023-08-09 05:56,10.00,15000.00,KSDF 090556Z 21004KT 10SM BKN150 23/19 A2995 RMK AO2 SLP136 T02330189 10267 20233 51002
SDF,2023-08-09 06:56,10.00,13000.00,KSDF 090656Z 22005KT 10SM BKN130 23/19 A2995 RMK AO2 SLP138 T02280189
SDF,2023-08-09 07:56,10.00,11000.00,KSDF 090756Z 22007KT 10SM SCT110 23/19 A2995 RMK AO2 SLP136 T02280189
SDF,2023-08-09 08:56,10.00,11000.00,KSDF 090856Z 22003KT 10SM FEW110 22/19 A2994 RMK AO2 SLP132 T02220189 58004
SDF,2023-08-09 09:56,10.00,30000.00,KSDF 090956Z 22005KT 10SM SCT300 22/18 A2994 RMK AO2 SLP135 T02170183
SDF,2023-08-09 10:56,10.00,9000.00,KSDF 091056Z 15005KT 10SM FEW090 SCT300 22/18 A2995 RMK AO2 SLP138 T02170183
SDF,2023-08-09 11:56,10.00,30000.00,KSDF 091156Z 20004KT 10SM FEW300 22/18 A2996 RMK AO2 SLP139 T02220183 10233 20211 51007
SDF,2023-08-09 12:56,10.00,5000.00,KSDF 091256Z 22005KT 10SM OVC050 23/18 A2996 RMK AO2 SLP139 T02280183
SDF,2023-08-09 13:56,10.00,2800.00,KSDF 091356Z 23008KT 10SM FEW028 25/19 A2997 RMK AO2 SLP145 T02500189
SDF,2023-08-09 14:56,10.00,3500.00,KSDF 091456Z 22006KT 10SM FEW035 SCT055 BKN300 27/20 A2995 RMK AO2 SLP136 T02670200 58004
SDF,2023-08-09 15:56,10.00,2600.00,KSDF 091556Z 24011KT 10SM SCT026 SCT060 BKN300 27/20 A2994 RMK AO2 SLP134 T02720200
SDF,2023-08-09 16:56,10.00,3000.00,KSDF 091656Z 19009KT 10SM SCT030 SCT050 OVC300 28/19 A2990 RMK AO2 SLP120 T02780194
SDF,2023-08-09 17:56,10.00,3300.00,KSDF 091756Z 22010KT 10SM BKN033 BKN200 OVC300 28/20 A2991 RMK AO2 SLP123 T02780200 10278 20222 55013
SDF,2023-08-09 18:56,10.00,3200.00,KSDF 091856Z 20013KT 10SM SCT032 SCT250 OVC300 28/20 A2990 RMK AO2 SLP121 T02780200
SDF,2023-08-09 19:56,10.00,3500.00,KSDF 091956Z 21010KT 10SM FEW035 SCT046 SCT065 BKN220 OVC300 28/21 A2989 RMK AO2 SLP117 T02830206
SDF,2023-08-09 20:56,10.00,3100.00,KSDF 092056Z 21013G19KT 10SM FEW031 SCT095 OVC170 28/20 A2987 RMK AO2 SLP109 T02780200 58013
SDF,2023-08-09 21:56,10.00,3000.00,KSDF 092156Z 19010KT 10SM -RA FEW030 FEW090 OVC110 27/21 A2985 RMK AO2 RAB43 SLP104 P0000 T02670206
SDF,2023-08-09 22:56,10.00,3500.00,KSDF 092256Z 17010KT 10SM FEW035 FEW090 OVC120 26/20 A2983 RMK AO2 RAE22 SLP097 P0000 T02610200
SDF,2023-08-09 23:56,10.00,3500.00,KSDF 092356Z 18008KT 10SM FEW035 BKN070 OVC120 26/21 A2982 RMK AO2 SLP092 60000 T02610206 10283 20261 56017
SDF,2023-08-10 00:56,2.00,3700.00,KSDF 100056Z 24007G16KT 2SM +RA BKN037 OVC050 23/21 A2980 RMK AO2 RAB23 SLP086 P0012 T02280206
SDF,2023-08-10 01:56,10.00,3200.00,KSDF 100156Z 25007KT 10SM OVC032 23/21 A2981 RMK AO2 RAE19 SLP089 P0003 T02330206
SDF,2023-08-10 02:56,10.00,2500.00,KSDF 100256Z 22006KT 10SM -RA BKN025 OVC032 23/21 A2980 RMK AO2 RAB37 SLP087 P0000 60015 T02330206 56005
SDF,2023-08-10 03:56,10.00,1500.00,KSDF 100356Z 21010KT 10SM FEW015 OVC023 23/20 A2979 RMK AO2 RAE37 SLP083 P0000 T02330200
SDF,2023-08-10 04:56,10.00,1500.00,KSDF 100456Z 22010KT 10SM FEW015 BKN022 OVC036 23/20 A2979 RMK AO2 SLP082 T02330200 402830211
SDF,2023-08-10 05:56,10.00,1000.00,KSDF 100556Z 28012KT 10SM -RA FEW010 OVC016 23/20 A2978 RMK AO2 RAB54 SLP078 P0000 60015 T02280200 10261 20228 57008
SDF,2023-08-10 06:56,4.00,2500.00,KSDF 100656Z 27006KT 4SM -RA BR BKN025 OVC033 21/20 A2975 RMK AO2 LTG DSNT S SLP070 P0013 T02110200
SDF,2023-08-10 07:56,10.00,800.00,KSDF 100756Z VRB04KT 10SM FEW008 FEW028 OVC039 22/19 A2973 RMK AO2 RAE11 SLP063 P0000 T02170194
SDF,2023-08-10 08:56,10.00,800.00,KSDF 100856Z 25005KT 10SM SCT008 SCT050 BKN200 OVC250 22/20 A2973 RMK AO2 SLP061 60013 T02170200 56016
SDF,2023-08-10 09:56,10.00,1500.00,KSDF 100956Z 31003KT 10SM OVC015 22/19 A2973 RMK AO2 SLP063 T02170194
SDF,2023-08-10 10:56,10.00,1500.00,KSDF 101056Z 27005KT 10SM OVC015 22/19 A2977 RMK AO2 SLP077 T02170194
SDF,2023-08-10 11:56,10.00,2000.00,KSDF 101156Z 29007KT 10SM OVC020 22/19 A2977 RMK AO2 SLP077 60013 70028 T02170194 10228 20211 51016
SDF,2023-08-10 12:56,10.00,2300.00,KSDF 101256Z 28006KT 10SM OVC023 22/19 A2981 RMK AO2 SLP089 T02170194
SDF,2023-08-10 13:56,10.00,1400.00,KSDF 101356Z 32008KT 10SM BKN014 OVC026 23/19 A2983 RMK AO2 SLP096 T02330189
SDF,2023-08-10 14:56,10.00,1800.00,KSDF 101456Z 29007KT 10SM SCT018 BKN028 24/19 A2984 RMK AO2 SLP098 T02390189 51021
SDF,2023-08-10 15:56,10.00,2000.00,KSDF 101556Z 29008KT 10SM FEW020 BKN031 25/18 A2985 RMK AO2 SLP102 T02500183
SDF,2023-08-10 16:56,10.00,2900.00,KSDF 101656Z 25008KT 10SM BKN029 BKN035 26/19 A2984 RMK AO2 SLP099 T02610189
SDF,2023-08-10 17:56,10.00,3100.00,KSDF 101756Z 27012KT 10SM SCT031 BKN055 26/18 A2983 RMK AO2 SLP097 T02610183 10267 20217 58001
SDF,2023-08-10 18:56,10.00,3800.00,KSDF 101856Z 28010G17KT 10SM FEW038 BKN065 28/19 A2983 RMK AO2 SLP096 T02780189
SDF,2023-08-10 19:56,10.00,4000.00,KSDF 101956Z 29005G15KT 10SM SCT040 BKN065 28/19 A2982 RMK AO2 SLP094 T02830189
SDF,2023-08-10 20:56,10.00,4000.00,KSDF 102056Z 31009G15KT 10SM FEW040 BKN060 28/19 A2983 RMK AO2 SLP095 T02830189 55002
SDF,2023-08-10 21:56,10.00,4400.00,KSDF 102156Z 28011G16KT 10SM FEW044 BKN060 28/18 A2983 RMK AO2 SLP097 T02830183
SDF,2023-08-10 22:56,10.00,4500.00,KSDF 102256Z 28011KT 10SM FEW045 SCT060 28/18 A2983 RMK AO2 SLP097 T02830178
SDF,2023-08-10 23:56,10.00,4000.00,KSDF 102356Z 29009KT 10SM FEW040 SCT048 27/18 A2984 RMK AO2 SLP098 T02720178 10294 20267 51003
SDF,2023-08-11 00:56,10.00,4000.00,KSDF 110056Z 25007KT 10SM FEW040 FEW300 26/19 A2985 RMK AO2 SLP105 T02610189
SDF,2023-08-11 01:56,10.00,4900.00,KSDF 110156Z 24005KT 10SM SCT049 26/19 A2988 RMK AO2 SLP113 T02560189
SDF,2023-08-11 02:56,10.00,3600.00,KSDF 110256Z 23004KT 10SM FEW036 FEW050 24/19 A2989 RMK AO2 SLP117 T02440194 51018
SDF,2023-08-11 03:56,10.00,3500.00,KSDF 110356Z 24005KT 10SM FEW035 SCT300 24/19 A2987 RMK AO2 SLP111 T02390194
SDF,2023-08-11 04:56,10.00,30000.00,KSDF 110456Z VRB03KT 10SM BKN300 24/19 A2987 RMK AO2 SLP109 T02390194 402940211
SDF,2023-08-11 05:56,10.00,30000.00,KSDF 110556Z 00000KT 10SM BKN300 23/19 A2986 RMK AO2 SLP107 T02330194 10272 20228 56010
SDF,2023-08-11 06:56,10.00,30000.00,KSDF 110656Z 15003KT 10SM BKN300 22/19 A2987 RMK AO2 SLP109 T02220194
SDF,2023-08-11 07:56,10.00,30000.00,KSDF 110756Z 13004KT 10SM BKN300 22/19 A2988 RMK AO2 SLP112 T02170189
SDF,2023-08-11 08:56,10.00,30000.00,KSDF 110856Z 18003KT 10SM BKN300 23/19 A2987 RMK AO2 SLP110 T02280189 50003
SDF,2023-08-11 09:56,10.00,30000.00,KSDF 110956Z 12004KT 10SM SCT300 21/19 A2987 RMK AO2 SLP111 T02060189
SDF,2023-08-11 10:56,10.00,3000.00,KSDF 111056Z 11003KT 10SM FEW030 SCT300 21/18 A2988 RMK AO2 SLP115 T02060183
SDF,2023-08-11 11:56,10.00,3000.00,KSDF 111156Z 10003KT 10SM FEW030 SCT250 BKN300 21/19 A2990 RMK AO2 SLP120 T02110189 10233 20206 53010
SDF,2023-08-11 12:56,10.00,25000.00,KSDF 111256Z 00000KT 10SM FEW250 BKN300 23/19 A2992 RMK AO2 SLP127 T02330194
SDF,2023-08-11 13:56,10.00,30000.00,KSDF 111356Z 00000KT 10SM FEW300 25/20 A2993 RMK AO2 SLP129 T02500200
SDF,2023-08-11 14:56,10.00,2500.00,KSDF 111456Z VRB03KT 10SM FEW025 FEW300 27/20 A2991 RMK AO2 SLP122 T02670200 50002
SDF,2023-08-11 15:56,10.00,3200.00,KSDF 111556Z VRB05KT 10SM FEW032 FEW300 29/19 A2991 RMK AO2 SLP123 T02890194
SDF,2023-08-11 16:56,10.00,4000.00,KSDF 111656Z 21007KT 180V240 10SM BKN040 BKN300 29/19 A2991 RMK AO2 SLP124 T02940189
SDF,2023-08-11 17:56,10.00,4500.00,KSDF 111756Z 27006KT 10SM BKN045 BKN300 29/19 A2991 RMK AO2 SLP123 T02890189 10306 20211 50001
SDF,2023-08-11 18:56,10.00,5000.00,KSDF 111856Z 26007KT 10SM FEW050 31/20 A2988 RMK AO2 SLP111 T03110200
SDF,2023-08-11 19:56,10.00,5000.00,KSDF 111956Z 19007G18KT 10SM FEW050 SCT300 30/18 A2984 RMK AO2 SLP097 T03000183
SDF,2023-08-11 20:56,10.00,5000.00,KSDF 112056Z 23006KT 10SM SCT050 SCT300 31/19 A2985 RMK AO2 SLP100 T03060189 55022
SDF,2023-08-11 21:56,10.00,5000.00,KSDF 112156Z 22010KT 10SM FEW050 31/19 A2984 RMK AO2 SLP100 T03110189
SDF,2023-08-11 22:56,10.00,5000.00,KSDF 112256Z 24010KT 10SM FEW050 31/19 A2985 RMK AO2 SLP102 T03060194
SDF,2023-08-11 23:56,10.00,5000.00,KSDF 112356Z 21008KT 10SM FEW050 FEW300 30/19 A2985 RMK AO2 SLP102 T03000194 10317 20294 53000
SDF,2023-08-12 00:56,10.00,30000.00,KSDF 120056Z 22007KT 10SM FEW300 28/20 A2986 RMK AO2 SLP105 T02830200
SDF,2023-08-12 01:56,10.00,M,KSDF 120156Z 21005KT 10SM CLR 28/20 A2987 RMK AO2 SLP110 T02780200
SDF,2023-08-12 02:56,10.00,M,KSDF 120256Z 19005KT 10SM CLR 27/20 A2989 RMK AO2 SLP114 T02720200 51013
SDF,2023-08-12 03:56,10.00,M,KSDF 120356Z 19006KT 10SM CLR 27/20 A2989 RMK AO2 SLP117 T02720200 $
SDF,2023-08-12 04:56,10.00,M,KSDF 120456Z 19006KT 10SM CLR 27/20 A2989 RMK AO2 SLP115 T02720200 403170206 $
SDF,2023-08-12 05:56,10.00,M,KSDF 120556Z 20006KT 10SM CLR 26/21 A2988 RMK AO2 SLP113 T02670206 10300 20267 58001 $
SDF,2023-08-12 06:56,10.00,M,KSDF 120656Z 21004KT 10SM CLR 25/21 A2989 RMK AO2 SLP115 T02500206 $
SDF,2023-08-12 07:56,10.00,M,KSDF 120756Z 20005KT 10SM CLR 24/21 A2989 RMK AO2 SLP116 T02390206 $
SDF,2023-08-12 08:56,10.00,M,KSDF 120856Z 18005KT 10SM CLR 24/21 A2989 RMK AO2 SLP117 T02390206 51003 $
SDF,2023-08-12 09:56,10.00,M,KSDF 120956Z 22004KT 10SM CLR 24/21 A2990 RMK AO2 SLP120 T02390206 $
SDF,2023-08-12 10:56,10.00,18000.00,KSDF 121056Z 19004KT 10SM SCT180 BKN250 24/21 A2992 RMK AO2 SLP125 T02390211 $
SDF,2023-08-12 11:56,10.00,18000.00,KSDF 121156Z 14005KT 10SM SCT180 BKN250 25/22 A2990 RMK AO2 SLP118 T02440217 10261 20233 50002 $
SDF,2023-08-12 12:56,10.00,2000.00,KSDF 121256Z 16004KT 10SM FEW020 BKN150 OVC250 26/22 A2991 RMK AO2 SLP122 T02560222 $
SDF,2023-08-12 13:56,10.00,2000.00,KSDF 121356Z 00000KT 10SM BKN020 BKN150 OVC250 25/22 A2992 RMK AO2 LTG DSNT ALQDS SLP125 T02500222 $
SDF,2023-08-12 14:56,4.00,1800.00,KSDF 121456Z 01016G33KT 4SM -TSRA BKN018CB BKN075 BKN150 OVC210 26/23 A2993 RMK AO2 LTG DSNT ALQDS RAB45 TSE1357B15 SLP128 FRQ LTGICCCCG ALQDS TS ALQDS MOV SE 6//// T02560228 50005 PNO $
SDF,2023-08-12 15:56,10.00,5500.00,KSDF 121556Z 15010KT 10SM SCT055 BKN150 OVC210 26/23 A2990 RMK AO2 LTG DSNT E AND SE RAE05 TSE37 SLP118 T02610228 PNO $
SDF,2023-08-12 16:56,10.00,5500.00,KSDF 121656Z 18007KT 10SM FEW055 BKN150 BKN250 27/23 A2989 RMK AO2 SLP117 T02670228 PNO $
SDF,2023-08-12 17:56,10.00,12000.00,KSDF 121756Z 20007KT 10SM FEW120 BKN150 BKN250 30/24 A2989 RMK AO2 SLP114 6//// T03000239 10300 20244 56014 $
SDF,2023-08-12 18:56,10.00,4000.00,KSDF 121856Z 25007KT 10SM FEW040 SCT200 SCT250 32/24 A2989 RMK AO2 SLP114 T03220233 $
SDF,2023-08-12 19:56,10.00,4000.00,KSDF 121956Z 24016KT 10SM SCT040 BKN250 32/23 A2988 RMK AO2 SLP112 T03220233 $
SDF,2023-08-12 20:56,10.00,4500.00,KSDF 122056Z 24013G18KT 10SM FEW045 FEW150 BKN250 31/22 A2987 RMK AO2 SLP107 T03060222 58006 $
SDF,2023-08-12 21:56,10.00,4500.00,KSDF 122156Z 25014KT 10SM FEW045 FEW150 BKN250 31/21 A2988 RMK AO2 SLP113 T03110211 $
SDF,2023-08-12 22:56,10.00,4500.00,KSDF 122256Z 26009KT 10SM FEW045 BKN250 30/22 A2987 RMK AO2 SLP110 T03000222 $
SDF,2023-08-12 23:56,10.00,4500.00,KSDF 122356Z 26010KT 10SM FEW045 SCT250 29/21 A2988 RMK AO2 SLP112 T02890211 10322 20289 51004 $
SDF,2023-08-13 00:56,10.00,4500.00,KSDF 130056Z 25006KT 10SM FEW045 FEW250 28/21 A2989 RMK AO2 SLP116 T02780211 $
SDF,2023-08-13 01:56,10.00,25000.00,KSDF 130156Z 24007KT 10SM FEW250 27/22 A2991 RMK AO2 SLP124 T02720217 $
SDF,2023-08-13 02:56,10.00,M,KSDF 130256Z 22004KT 10SM CLR 27/22 A2993 RMK AO2 SLP130 T02670217 $
SDF,2023-08-13 03:56,10.00,3000.00,KSDF 130356Z 22004KT 10SM FEW030 SCT200 27/22 A2994 RMK AO2 SLP134 T02670217 $
SDF,2023-08-13 04:56,10.00,3000.00,KSDF 130456Z 22004KT 10SM FEW030 SCT200 26/22 A2995 RMK AO2 SLP137 T02610217 403220233 $
SDF,2023-08-13 05:56,10.00,3000.00,KSDF 130556Z 25008KT 10SM FEW030 BKN200 26/22 A2995 RMK AO2 SLP138 T02610217 51007 $
SDF,2023-08-13 06:56,10.00,3000.00,KSDF 130656Z 25007KT 10SM FEW030 BKN200 25/22 A2996 RMK AO2 SLP139 T02560217 $
SDF,2023-08-13 07:56,10.00,3000.00,KSDF 130756Z 25004KT 10SM FEW030 BKN200 25/22 A2996 RMK AO2 SLP139 T02560217 $
SDF,2023-08-13 08:56,10.00,3000.00,KSDF 130856Z 25005KT 10SM FEW030 BKN200 24/22 A2996 RMK AO2 SLP139 T02440217 51002 $
SDF,2023-08-13 09:56,10.00,3000.00,KSDF 130956Z 25005KT 10SM SCT030 SCT200 24/22 A2997 RMK AO2 SLP143 T02440217 $
SDF,2023-08-13 10:56,10.00,3000.00,KSDF 131056Z 28005KT 10SM SCT030 SCT250 24/21 A2997 RMK AO2 SLPNO T02440219
SDF,2023-08-13 11:56,10.00,7000.00,KSDF 131156Z 04003KT 10SM FEW070 FEW150 24/23 A2999 RMK AO2 SLPNO T02440228
SDF,2023-08-13 12:56,10.00,600.00,KSDF 131256Z 13006KT 10SM FEW006 FEW055 FEW250 28/20 A2999 RMK AO2 SLPNO T02760204
SDF,2023-08-13 13:56,10.00,3000.00,KSDF 131356Z 16004KT 10SM FEW030 FEW150 SCT250 28/21 A3001 RMK AO2 SLPNO T02760207
SDF,2023-08-13 14:56,10.00,2000.00,KSDF 131456Z 16005KT 10SM FEW020 SCT050 BKN220 29/22 A3000 RMK AO2 SLP155 T02890222
SDF,2023-08-13 15:56,10.00,3100.00,KSDF 131556Z 00000KT 10SM FEW031 BKN049 BKN220 30/22 A3000 RMK AO2 SLP153 T03000217
SDF,2023-08-13 16:56,10.00,4100.00,KSDF 131656Z 00000KT 10SM BKN041 BKN050 BKN065 31/21 A3000 RMK AO2 SLP152 T03060211
SDF,2023-08-13 17:56,10.00,4300.00,KSDF 131756Z 31005KT 10SM BKN043 BKN090 31/22 A3000 RMK AO2 SLPNO T03060217 55001
SDF,2023-08-13 18:56,10.00,4400.00,KSDF 131856Z 28007KT 10SM SCT044 BKN150 BKN200 32/21 A2997 RMK AO2 SLP143 T03220211
SDF,2023-08-13 19:56,10.00,5000.00,KSDF 131956Z 04010KT 10SM SCT050 SCT200 32/21 A2996 RMK AO2 LTG DSNT S SLPNO T03220211
SDF,2023-08-13 20:56,10.00,4600.00,KSDF 132056Z 03009KT 10SM BKN046 BKN090 BKN200 32/21 A2997 RMK AO2 LTG DSNT SE AND S SLP142 T03170206 55011
SDF,2023-08-13 21:56,10.00,5000.00,KSDF 132156Z 04007KT 10SM FEW050 BKN100 OVC200 31/20 A2996 RMK AO2 LTG DSNT S SLP140 T03060200
SDF,2023-08-13 22:56,10.00,5000.00,KSDF 132256Z 02006KT 10SM SCT050 OVC120 30/20 A2995 RMK AO2 SLP138 T03000200
SDF,2023-08-13 23:56,10.00,8000.00,KSDF 132356Z 06007KT 10SM SCT080 OVC120 29/19 A2996 RMK AO2 SLPNO T02940189 10328 20294 55002
SDF,2023-08-14 00:56,10.00,10000.00,KSDF 140056Z 16004KT 10SM SCT100 BKN160 27/22 A2997 RMK AO2 SLPNO T02720222
SDF,2023-08-14 01:56,10.00,7500.00,KSDF 140156Z 12004KT 10SM FEW075 SCT160 27/22 A2996 RMK AO2 SLPNO T02670222
SDF,2023-08-14 02:56,10.00,8000.00,KSDF 140256Z 00000KT 10SM SCT080 SCT200 27/22 A2998 RMK AO2 SLP145 T02720217 53005
SDF,2023-08-14 03:56,10.00,12000.00,KSDF 140356Z 16003KT 10SM -RA BKN120 OVC160 26/22 A2997 RMK AO2 RAB41 SLP142 P0000 T02610222
SDF,2023-08-14 04:56,9.00,3900.00,KSDF 140456Z 17005KT 9SM -RA BKN039 OVC100 26/23 A2995 RMK AO2 SLP135 P0002 T02560228 403280239
SDF,2023-08-14 05:56,10.00,1200.00,KSDF 140556Z 00000KT 10SM FEW012 BKN035 OVC060 25/23 A2995 RMK AO2 RAE54 SLP134 P0003 60005 T02500228 10294 20244 56010
SDF,2023-08-14 06:56,10.00,1600.00,KSDF 140656Z 18004KT 10SM SCT016 BKN070 OVC095 25/22 A2992 RMK AO2 SLP125 T02500222
SDF,2023-08-14 07:56,10.00,800.00,KSDF 140756Z 22004KT 10SM -RA BKN008 OVC040 24/23 A2991 RMK AO2 RAB05 SLP123 P0005 T02440228
SDF,2023-08-14 08:56,10.00,700.00,KSDF 140856Z 22008KT 10SM SCT007 OVC013 24/22 A2992 RMK AO2 RAE13 SLP126 P0000 60005 T02390217 55000
SDF,2023-08-14 09:56,10.00,900.00,KSDF 140956Z 22005KT 10SM FEW009 BKN023 BKN031 OVC130 23/21 A2993 RMK AO2 SLP128 LTG DSNT SW-W T02330211
SDF,2023-08-14 10:56,10.00,1500.00,KSDF 141056Z 21006KT 10SM -RA FEW015 BKN031 BKN044 OVC150 23/21 A2995 RMK AO2 LTG DSNT S-W RAB50 SLP135 P0000 T02330206
SDF,2023-08-14 11:56,4.00,1200.00,KSDF 141156Z 20005KT 4SM TSRA OVC012CB 23/21 A2996 RMK AO2 LTG DSNT SE-SW TSB19 SLP138 OCNL LTGIC SE-SW TS SE-SW MOV E P0012 60017 70022 T02280211 10250 20228 53013
SDF,2023-08-14 12:56,4.00,1000.00,KSDF 141256Z 20005KT 4SM VCTS RA SCT010 BKN039 OVC110 23/21 A2995 RMK AO2 LTG DSNT SE AND S TSE23 PRESFR SLP136 TS DSIPT P0014 T02280211
SDF,2023-08-14 13:56,10.00,700.00,KSDF 141356Z 18008KT 10SM -RA FEW007 SCT055 BKN120 OVC200 23/22 A2993 RMK AO2 TSB01E22 SLP130 TS DSIPT P0010 T02330217
SDF,2023-08-14 14:56,10.00,700.00,KSDF 141456Z 23009KT 10SM OVC007 24/22 A2994 RMK AO2 RAE1359 SLP133 P0000 60024 T02440222 55004
SDF,2023-08-14 15:56,10.00,900.00,KSDF 141556Z 19007KT 10SM FEW009 BKN013 BKN130 BKN250 26/22 A2992 RMK AO2 SLP126 T02560217
SDF,2023-08-14 16:56,10.00,1900.00,KSDF 141656Z 18008KT 10SM BKN019 BKN027 OVC130 26/21 A2989 RMK AO2 SLP116 T02610211
SDF,2023-08-14 17:56,10.00,1900.00,KSDF 141756Z 22009KT 10SM SCT019 BKN026 BKN130 27/22 A2989 RMK AO2 RAB27E38 SLP115 P0000 60024 T02670217 10267 20228 56018
SDF,2023-08-14 18:56,10.00,2000.00,KSDF 141856Z COR 23009KT 10SM -RA FEW020 BKN031 BKN042 BKN130 27/22 A2989 RMK AO2 RAB54 SLP114 P0000 T02670217
SDF,2023-08-14 19:56,10.00,2000.00,KSDF 141956Z AUTO 25007KT 10SM SCT020 SCT060 29/23 A2986 RMK AO2 RAE33 SLP104 P0000 T02890228
SDF,2023-08-14 20:56,10.00,2800.00,KSDF 142056Z 25007KT 10SM SCT028 BKN035 BKN100 29/22 A2983 RMK AO2 SLP095 60000 T02890222 58020
SDF,2023-08-14 21:56,10.00,3000.00,KSDF 142156Z AUTO 25014G19KT 10SM FEW030 SCT036 SCT100 29/22 A2983 RMK AO2 SLP094 T02940222
SDF,2023-08-14 22:56,10.00,3300.00,KSDF 142256Z AUTO 23011G21KT 10SM FEW033 SCT042 BKN080 29/22 A2981 RMK AO2 SLP090 T02890217
SDF,2023-08-14 23:56,10.00,3000.00,KSDF 142356Z AUTO 24008KT 10SM -RA FEW030 SCT050 BKN100 27/22 A2982 RMK AO2 LTG DSNT N AND NE RAB48 SLP093 P0000 60000 T02720222 10300 20267 55003
SDF,2023-08-15 00:56,10.00,6000.00,KSDF 150056Z AUTO 25008KT 10SM BKN060 BKN085 24/22 A2985 RMK AO2 PK WND 27028/0009 RAE53 SLP104 P0017 T02390217
SDF,2023-08-15 01:56,10.00,2000.00,KSDF 150156Z AUTO 25008KT 10SM FEW020 BKN060 23/22 A2988 RMK AO2 SLP113 T02330217
SDF,2023-08-15 02:56,10.00,7000.00,KSDF 150256Z AUTO 21006KT 10SM FEW070 23/21 A2990 RMK AO2 SLP119 60017 T02280211 51026
SDF,2023-08-15 03:56,10.00,700.00,KSDF 150356Z AUTO 22007KT 10SM SCT007 SCT070 23/21 A2990 RMK AO2 SLP121 T02280206
SDF,2023-08-15 04:56,10.00,500.00,KSDF 150456Z AUTO 24006KT 10SM FEW005 22/21 A2989 RMK AO2 SLP117 T02220206 403000222
SDF,2023-08-15 05:56,10.00,7500.00,KSDF 150556Z AUTO 25006KT 10SM SCT075 22/20 A2988 RMK AO2 SLP115 60017 T02220200 10267 20222 58005
SDF,2023-08-15 06:56,10.00,7500.00,KSDF 150656Z AUTO 25007KT 10SM FEW075 22/18 A2989 RMK AO2 SLP116 T02170183
SDF,2023-08-15 07:56,10.00,7500.00,KSDF 150756Z AUTO 24007KT 10SM FEW075 FEW250 21/18 A2989 RMK AO2 SLP118 T02110178
SDF,2023-08-15 08:56,10.00,4400.00,KSDF 150856Z AUTO 28008KT 10SM FEW044 FEW250 20/17 A2989 RMK AO2 SLP118 T02000167 50003
SDF,2023-08-15 09:56,10.00,25000.00,KSDF 150956Z AUTO 24008KT 10SM FEW250 19/17 A2989 RMK AO2 SLP116 T01940167
SDF,2023-08-15 10:56,10.00,6000.00,KSDF 151056Z AUTO 25006KT 10SM FEW060 19/17 A2991 RMK AO2 SLP123 T01940167
SDF,2023-08-15 11:56,10.00,1000.00,KSDF 151156Z COR 23008KT 10SM FEW010 FEW050 FEW300 19/17 A2993 RMK AO2 SLP129 T01940167 10222 20189 53011
SDF,2023-08-15 12:56,10.00,1200.00,KSDF 151256Z 29009KT 10SM BKN012 19/17 A2994 RMK AO2 SLP135 T01940167
SDF,2023-08-15 13:56,10.00,1500.00,KSDF 151356Z 26009KT 10SM BKN015 21/17 A2995 RMK AO2 SLP137 T02060167
SDF,2023-08-15 14:56,10.00,2000.00,KSDF 151456Z 27011KT 10SM BKN020 21/17 A2996 RMK AO2 SLP140 T02110167 51010
SDF,2023-08-15 15:56,10.00,2300.00,KSDF 151556Z 28012KT 10SM BKN023 23/17 A2997 RMK AO2 SLP143 T02280167
SDF,2023-08-15 16:56,10.00,2800.00,KSDF 151656Z 25008KT 10SM BKN028 BKN040 23/16 A2997 RMK AO2 SLP143 T02280161
SDF,2023-08-15 17:56,10.00,3400.00,KSDF 151756Z 29008G20KT 10SM SCT034 BKN046 25/17 A2997 RMK AO2 SLP144 T02500167 10250 20194 51004
SDF,2023-08-15 18:56,10.00,3800.00,KSDF 151856Z 30009KT 10SM SCT038 BKN050 24/16 A2997 RMK AO2 SLP144 T02440156
SDF,2023-08-15 19:56,10.00,5000.00,KSDF 151956Z 31010KT 10SM BKN050 BKN060 24/16 A2997 RMK AO2 SLP143 T02440161
SDF,2023-08-15 20:56,10.00,3200.00,KSDF 152056Z 28010KT 10SM BKN032 BKN050 BKN060 25/17 A2997 RMK AO2 SLP144 T02500167 55000
SDF,2023-08-15 21:56,10.00,3500.00,KSDF 152156Z 29008KT 10SM FEW035 BKN047 24/16 A2997 RMK AO2 SLP143 T02440156
SDF,2023-08-15 22:56,10.00,3500.00,KSDF 152256Z 30010KT 10SM FEW035 BKN048 BKN060 24/16 A2996 RMK AO2 SLP142 T02390161
SDF,2023-08-15 23:56,10.00,3000.00,KSDF 152356Z 30009KT 10SM FEW030 BKN050 BKN065 23/16 A2997 RMK AO2 SLP144 T02280161 10261 20228 55001
SDF,2023-08-16 00:56,10.00,3000.00,KSDF 160056Z 31008KT 10SM FEW030 BKN050 OVC070 22/16 A2998 RMK AO2 RAB05E14 SLP149 P0000 T02220161
SDF,2023-08-16 01:56,10.00,7500.00,KSDF 160156Z 29008KT 10SM OVC075 22/17 A3001 RMK AO2 SLP157 T02220167
SDF,2023-08-16 02:56,10.00,3000.00,KSDF 160256Z COR 29006KT 10SM BKN030 BKN060 OVC075 22/17 A3002 RMK AO2 SLP161 60000 T02170167 52017
SDF,2023-08-16 03:56,10.00,6000.00,KSDF 160356Z 30005KT 10SM FEW060 OVC075 22/17 A3003 RMK AO2 SLP166 T02170167
SDF,2023-08-16 04:56,10.00,7500.00,KSDF 160456Z 31006KT 10SM SCT075 21/17 A3004 RMK AO2 SLP168 T02060167 402610189
SDF,2023-08-16 05:56,10.00,6000.00,KSDF 160556Z 31005KT 10SM FEW060 BKN070 21/17 A3003 RMK AO2 SLP165 60000 T02060167 10233 20206 50004
SDF,2023-08-16 06:56,10.00,7000.00,KSDF 160656Z 31005KT 10SM SCT070 20/17 A3001 RMK AO2 SLP160 T02000167
SDF,2023-08-16 07:56,10.00,7000.00,KSDF 160756Z 31005KT 10SM BKN070 20/17 A3001 RMK AO2 SLP159 T02000167
SDF,2023-08-16 08:56,10.00,6500.00,KSDF 160856Z 33007KT 10SM BKN065 20/17 A3000 RMK AO2 SLP155 T02000167
SDF,2023-08-16 09:56,10.00,6500.00,KSDF 160956Z 35005KT 10SM FEW065 19/16 A3001 RMK AO2 SLP160 T01940156
SDF,2023-08-16 10:56,10.00,6500.00,KSDF 161056Z 01005KT 10SM FEW065 19/16 A3003 RMK AO2 SLP166 T01940156
SDF,2023-08-16 11:56,10.00,M,KSDF 161156Z 35004KT 10SM CLR 20/16 A3004 RMK AO2 SLP170 T02000161 10206 20189 53013
SDF,2023-08-16 12:56,10.00,M,KSDF 161256Z 36004KT 10SM CLR 21/16 A3007 RMK AO2 SLP177 T02110156
SDF,2023-08-16 13:56,10.00,M,KSDF 161356Z 34004KT 10SM CLR 22/16 A3007 RMK AO2 SLP179 T02220161
SDF,2023-08-16 14:56,10.00,2500.00,KSDF 161456Z 03004KT 10SM FEW025 FEW070 24/16 A3007 RMK AO2 SLP179 T02390156 51010
SDF,2023-08-16 15:56,10.00,3500.00,KSDF 161556Z VRB03KT 10SM FEW035 25/16 A3007 RMK AO2 SLP177 T02500156
SDF,2023-08-16 16:56,10.00,3700.00,KSDF 161656Z 03006KT 10SM SCT037 26/15 A3005 RMK AO2 SLP172 T02610150
SDF,2023-08-16 17:56,10.00,4600.00,KSDF 161756Z 29004KT 10SM BKN046 27/15 A3003 RMK AO2 SLP165 T02720150 10272 20200 58014
SDF,2023-08-16 18:56,10.00,6500.00,KSDF 161856Z 29008KT 10SM BKN065 27/14 A3002 RMK AO2 SLP160 T02670144
SDF,2023-08-16 19:56,10.00,4500.00,KSDF 161956Z 05004KT 10SM FEW045 BKN055 26/14 A3001 RMK AO2 SLP156 T02610144
SDF,2023-08-16 20:56,10.00,4500.00,KSDF 162056Z VRB03KT 10SM FEW045 BKN070 27/14 A2999 RMK AO2 SLP152 T02720144 56013
SDF,2023-08-16 21:56,10.00,5000.00,KSDF 162156Z 20003KT 10SM FEW050 BKN070 27/14 A2999 RMK AO2 SLP149 T02670144
SDF,2023-08-16 22:56,10.00,5000.00,KSDF 162256Z 01004KT 10SM SCT050 BKN070 27/14 A2998 RMK AO2 SLP146 T02670144
SDF,2023-08-16 23:56,10.00,5000.00,KSDF 162356Z 11010KT 10SM BKN050 BKN070 26/16 A2997 RMK AO2 SLP144 T02610156 10283 20256 56008
SDF,2023-08-17 00:56,10.00,5000.00,KSDF 170056Z 12005KT 10SM BKN050 BKN062 25/17 A2996 RMK AO2 SLP141 T02500167
SDF,2023-08-17 01:56,10.00,4900.00,KSDF 170156Z 17004KT 10SM FEW049 BKN060 24/17 A2998 RMK AO2 SLP146 T02440167
SDF,2023-08-17 02:56,10.00,6500.00,KSDF 170256Z 19004KT 10SM SCT065 24/16 A2998 RMK AO2 SLP148 T02390161 53005
SDF,2023-08-17 03:56,10.00,4700.00,KSDF 170356Z 23003KT 10SM SCT047 23/16 A2998 RMK AO2 SLP146 T02280156
SDF,2023-08-17 04:56,10.00,4500.00,KSDF 170456Z 20003KT 10SM FEW045 22/16 A2996 RMK AO2 SLP140 T02220161 402830189
SDF,2023-08-17 05:56,10.00,M,KSDF 170556Z 11003KT 10SM CLR 21/17 A2994 RMK AO2 SLP134 T02110167 10256 20206 58014
SDF,2023-08-17 06:56,9.00,M,KSDF 170656Z 00000KT 9SM CLR 20/17 A2993 RMK AO2 SLP130 T02000167
SDF,2023-08-17 07:56,9.00,M,KSDF 170756Z 12003KT 9SM CLR 19/17 A2993 RMK AO2 SLP129 T01940167
SDF,2023-08-17 08:56,10.00,M,KSDF 170856Z 00000KT 10SM CLR 20/16 A2992 RMK AO2 SLP127 T02000161 56007
SDF,2023-08-17 09:56,9.00,M,KSDF 170956Z 14004KT 9SM CLR 19/17 A2992 RMK AO2 SLP128 T01890167
SDF,2023-08-17 10:56,9.00,M,KSDF 171056Z 00000KT 9SM CLR 18/16 A2993 RMK AO2 SLP131 T01830161
SDF,2023-08-17 11:56,10.00,30000.00,KSDF 171156Z 19005KT 10SM FEW300 19/16 A2994 RMK AO2 SLP133 T01940156 10211 20178 53006
SDF,2023-08-17 12:56,10.00,30000.00,KSDF 171256Z 20006KT 10SM FEW300 21/16 A2993 RMK AO2 SLP130 T02060161
SDF,2023-08-17 13:56,10.00,M,KSDF 171356Z 22011KT 10SM CLR 23/17 A2991 RMK AO2 SLP124 T02330167
SDF,2023-08-17 14:56,10.00,30000.00,KSDF 171456Z 22013KT 10SM FEW300 25/17 A2991 RMK AO2 SLP124 T02500167 56009
SDF,2023-08-17 15:56,10.00,3600.00,KSDF 171556Z 21015G23KT 10SM FEW036 SCT300 27/17 A2988 RMK AO2 SLP112 T02670167
SDF,2023-08-17 16:56,10.00,4200.00,KSDF 171656Z 21015KT 10SM SCT042 BKN300 27/16 A2989 RMK AO2 SLP115 T02720156
SDF,2023-08-17 17:56,10.00,4500.00,KSDF 171756Z 21014G19KT 10SM FEW045 BKN300 28/16 A2984 RMK AO2 SLP101 T02780161 10283 20194 58022
SDF,2023-08-17 18:56,10.00,4600.00,KSDF 171856Z 23015G22KT 10SM SCT046 BKN300 28/16 A2984 RMK AO2 SLP100 T02830161
SDF,2023-08-17 19:56,10.00,4600.00,KSDF 171956Z 23013G24KT 10SM FEW046 SCT120 BKN300 28/17 A2983 RMK AO2 SLP096 T02830167
SDF,2023-08-17 20:56,10.00,5000.00,KSDF 172056Z 22015G22KT 10SM FEW050 SCT080 BKN150 BKN300 28/17 A2981 RMK AO2 SLP091 T02830167 58010
SDF,2023-08-17 21:56,10.00,4300.00,KSDF 172156Z 25013KT 10SM FEW043 BKN085 OVC300 27/17 A2983 RMK AO2 SLP096 T02720172
SDF,2023-08-17 22:56,10.00,4700.00,KSDF 172256Z 25011KT 10SM OVC047 26/17 A2983 RMK AO2 SLP099 T02610172
SDF,2023-08-17 23:56,10.00,4700.00,KSDF 172356Z 24008KT 10SM FEW047 BKN080 26/18 A2983 RMK AO2 SLP096 T02610178 10289 20261 50005
SDF,2023-08-18 00:56,10.00,4500.00,KSDF 180056Z 23009KT 10SM FEW045 FEW080 25/18 A2984 RMK AO2 SLP098 T02500178
SDF,2023-08-18 01:56,10.00,8000.00,KSDF 180156Z 24007KT 10SM FEW080 24/18 A2986 RMK AO2 SLP107 T02390183
SDF,2023-08-18 02:56,10.00,4500.00,KSDF 180256Z 21006KT 10SM FEW045 SCT120 24/19 A2988 RMK AO2 SLP112 T02390189 53016
SDF,2023-08-18 03:56,10.00,4200.00,KSDF 180356Z 30007KT 10SM SCT042 BKN060 23/19 A2989 RMK AO2 RAB21E43 SLP118 P0002 T02280189
SDF,2023-08-18 04:56,10.00,7500.00,KSDF 180456Z 30007KT 10SM SCT075 22/18 A2991 RMK AO2 SLP123 T02220183 402890178
SDF,2023-08-18 05:56,10.00,7500.00,KSDF 180556Z 31005KT 10SM FEW075 21/17 A2992 RMK AO2 SLP126 60002 T02110172 10261 20211 51013
SDF,2023-08-18 06:56,10.00,M,KSDF 180656Z 30004KT 10SM CLR 20/17 A2992 RMK AO2 SLP127 T02000167
SDF,2023-08-18 07:56,10.00,M,KSDF 180756Z 32003KT 10SM CLR 19/17 A2993 RMK AO2 SLP129 T01940167
SDF,2023-08-18 08:56,10.00,M,KSDF 180856Z 33009KT 10SM CLR 19/14 A2995 RMK AO2 SLP136 T01940144 53010
SDF,2023-08-18 09:56,10.00,M,KSDF 180956Z 35008KT 10SM CLR 19/14 A2997 RMK AO2 SLP142 T01890144
SDF,2023-08-18 10:56,10.00,M,KSDF 181056Z 02004KT 10SM CLR 19/14 A2999 RMK AO2 SLP151 T01890139
SDF,2023-08-18 11:56,10.00,M,KSDF 181156Z 36005KT 10SM CLR 18/14 A3001 RMK AO2 SLP159 70002 T01830144 10211 20183 53022
SDF,2023-08-18 12:56,10.00,M,KSDF 181256Z 01006KT 10SM CLR 20/14 A3003 RMK AO2 SLP163 T02000144
SDF,2023-08-18 13:56,10.00,M,KSDF 181356Z VRB03KT 10SM CLR 21/15 A3005 RMK AO2 SLP169 T02110150
SDF,2023-08-18 14:56,10.00,M,KSDF 181456Z 00000KT 10SM CLR 23/14 A3006 RMK AO2 SLP175 T02330144 53016
SDF,2023-08-18 15:56,10.00,4000.00,KSDF 181556Z 04006KT 10SM FEW040 FEW300 24/13 A3007 RMK AO2 SLP176 T02440133
SDF,2023-08-18 16:56,10.00,5000.00,KSDF 181656Z 02005KT 10SM FEW050 FEW300 25/12 A3006 RMK AO2 SLP174 T02500117
SDF,2023-08-18 17:56,10.00,5500.00,KSDF 181756Z 02007KT 10SM FEW055 SCT300 26/12 A3005 RMK AO2 SLP170 T02610122 10261 20183 58004
SDF,2023-08-18 18:56,10.00,5500.00,KSDF 181856Z 00000KT 10SM FEW055 SCT300 27/12 A3004 RMK AO2 SLP168 T02670122
SDF,2023-08-18 19:56,10.00,5500.00,KSDF 181956Z 04006KT 10SM FEW055 BKN300 27/13 A3003 RMK AO2 SLP164 T02720128
SDF,2023-08-18 20:56,10.00,5500.00,KSDF 182056Z VRB04KT 10SM FEW055 SCT300 28/13 A3002 RMK AO2 SLP162 T02780128 58009
SDF,2023-08-18 21:56,10.00,5500.00,KSDF 182156Z 02007KT 10SM FEW055 SCT300 27/11 A3002 RMK AO2 SLP160 T02670111
SDF,2023-08-18 22:56,10.00,5500.00,KSDF 182256Z 03009KT 10SM FEW055 SCT300 26/12 A3001 RMK AO2 SLP159 T02610122
SDF,2023-08-18 23:56,10.00,30000.00,KSDF 182356Z 02007KT 10SM BKN300 25/12 A3001 RMK AO2 SLP159 T02500122 10278 20250 56003
SDF,2023-08-19 00:56,10.00,30000.00,KSDF 190056Z 02006KT 10SM BKN300 23/13 A3003 RMK AO2 SLP166 T02330133
SDF,2023-08-19 01:56,10.00,30000.00,KSDF 190156Z 03006KT 10SM SCT300 23/13 A3004 RMK AO2 SLP169 T02280133
SDF,2023-08-19 02:56,10.00,30000.00,KSDF 190256Z 07003KT 10SM BKN300 22/13 A3005 RMK AO2 SLP171 T02170133 51013
SDF,2023-08-19 03:56,10.00,30000.00,KSDF 190356Z 07004KT 10SM SCT300 21/13 A3003 RMK AO2 SLP166 T02110133
SDF,2023-08-19 04:56,10.00,30000.00,KSDF 190456Z 00000KT 10SM SCT300 21/13 A3003 RMK AO2 SLP166 T02060133
SDF,2023-08-19 05:56,10.00,30000.00,KSDF 190556Z 00000KT 10SM FEW300 20/13 A3003 RMK AO2 SLP166 T02000133 10250 20200 53006
SDF,2023-08-19 06:56,10.00,M,KSDF 190656Z 00000KT 10SM CLR 19/14 A3007 RMK AO2 SLP166 T01890144
SDF,2023-08-19 07:56,10.00,M,KSDF 190756Z 00000KT 10SM CLR 19/14 A3007 RMK AO2 SLP176 T01890139
SDF,2023-08-19 08:56,10.00,M,KSDF 190856Z 00000KT 10SM CLR 18/13 A3007 RMK AO2 SLP176 T01830133
SDF,2023-08-19 09:56,10.00,M,KSDF 190956Z 00000KT 10SM CLR 18/13 A3007 RMK AO2 SLP178 T01780133
SDF,2023-08-19 10:56,10.00,4000.00,KSDF 191056Z 00000KT 10SM FEW040 FEW250 17/13 A3009 RMK AO2 SLP184 T01670133
SDF,2023-08-19 11:56,10.00,25000.00,KSDF 191156Z 00000KT 10SM SCT250 18/14 A3011 RMK AO2 SLP191 T01780139
SDF,2023-08-19 12:56,4.00,M,KSDF 191256Z 00000KT 4SM HZ CLR 19/15 A3012 RMK AO2 SLP197 T01940150
SDF,2023-08-19 13:56,10.00,25000.00,KSDF 191356Z 00000KT 10SM SCT250 21/14 A3013 RMK AO2 SLP199 T02060144
SDF,2023-08-19 14:56,10.00,25000.00,KSDF 191456Z 00000KT 10SM SCT250 23/15 A3013 RMK AO2 SLP199 T02330150
SDF,2023-08-19 15:56,10.00,25000.00,KSDF 191556Z 15005KT 10SM SCT250 26/14 A3013 RMK AO2 SLP196 T02560139
SDF,2023-08-19 16:56,10.00,25000.00,KSDF 191656Z 15008KT 10SM SCT250 27/13 A3011 RMK AO2 SLP193 T02720133
SDF,2023-08-19 17:56,10.00,25000.00,KSDF 191756Z 15005KT 10SM SCT250 28/14 A3009 RMK AO2 SLP186 T02780139 10278 20178 58012
SDF,2023-08-19 18:56,10.00,25000.00,KSDF 191856Z 15008KT 10SM SCT250 28/14 A3008 RMK AO2 SLP181 T02780144
SDF,2023-08-19 19:56,10.00,25000.00,KSDF 191956Z 12007KT 10SM FEW250 29/14 A3006 RMK AO2 SLP174 T02890139
SDF,2023-08-19 20:56,10.00,25000.00,KSDF 192056Z 16009KT 10SM FEW250 29/14 A3004 RMK AO2 SLP168 T02890139 58018
SDF,2023-08-19 21:56,10.00,M,KSDF 192156Z 15005KT 10SM CLR 29/14 A3003 RMK AO2 SLP165 T02890139
SDF,2023-08-19 22:56,10.00,20000.00,KSDF 192256Z 15006KT 10SM FEW200 28/14 A3004 RMK AO2 SLP166 T02830144
SDF,2023-08-19 23:56,10.00,20000.00,KSDF 192356Z 20009KT 10SM SCT200 28/15 A3002 RMK AO2 SLP161 T02780150 10294 20272 58006
SDF,2023-08-20 00:56,10.00,21000.00,KSDF 200056Z 17006KT 10SM SCT210 27/16 A3002 RMK AO2 SLP162 T02670156
SDF,2023-08-20 01:56,10.00,21000.00,KSDF 200156Z 11004KT 10SM BKN210 26/16 A3004 RMK AO2 SLP166 T02560161
SDF,2023-08-20 02:56,10.00,17000.00,KSDF 200256Z 14004KT 10SM FEW170 BKN210 25/16 A3004 RMK AO2 SLP168 T02500161 53006
SDF,2023-08-20 03:56,10.00,10000.00,KSDF 200356Z 16007KT 10SM FEW100 BKN140 OVC200 24/16 A3004 RMK AO2 SLP167 T02440161
SDF,2023-08-20 04:56,10.00,23000.00,KSDF 200456Z 14004KT 10SM BKN230 24/17 A3005 RMK AO2 SLP171 T02390167 402940167
SDF,2023-08-20 05:56,10.00,23000.00,KSDF 200556Z 12004KT 10SM BKN230 23/17 A3006 RMK AO2 SLP173 T02280167 10278 20228 53005
SDF,2023-08-20 06:56,10.00,23000.00,KSDF 200656Z 13003KT 10SM FEW230 22/17 A3006 RMK AO2 SLP173 T02220167
SDF,2023-08-20 07:56,10.00,23000.00,KSDF 200756Z 13003KT 10SM FEW230 22/17 A3007 RMK AO2 SLP176 T02170167
SDF,2023-08-20 08:56,10.00,M,KSDF 200856Z 00000KT 10SM CLR 21/17 A3008 RMK AO2 SLP180 T02110167
SDF,2023-08-20 09:56,10.00,M,KSDF 200956Z 13004KT 10SM CLR 21/17 A3009 RMK AO2 SLP186 T02060167
SDF,2023-08-20 10:56,10.00,25000.00,KSDF 201056Z 15004KT 10SM FEW250 21/17 A3011 RMK AO2 SLP190 T02060167
SDF,2023-08-20 11:56,10.00,25000.00,KSDF 201156Z 14004KT 10SM SCT250 21/17 A3011 RMK AO2 SLP190 T02060172 10228 20200 51010
SDF,2023-08-20 12:56,10.00,M,KSDF 201256Z 14005KT 10SM CLR 22/18 A3010 RMK AO2 SLP190 T02220178
SDF,2023-08-20 13:56,10.00,25000.00,KSDF 201356Z 19005KT 10SM SCT250 26/18 A3010 RMK AO2 SLP190 T02560178
SDF,2023-08-20 14:56,10.00,M,KSDF 201456Z 20008KT 10SM CLR 28/18 A3011 RMK AO2 SLP189 T02830183 55000
SDF,2023-08-20 15:56,10.00,12000.00,KSDF 201556Z 23008KT 10SM FEW120 FEW250 29/18 A3011 RMK AO2 SLP190 T02890183
SDF,2023-08-20 16:56,10.00,12000.00,KSDF 201656Z 21006KT 10SM FEW120 FEW250 31/19 A3010 RMK AO2 SLP188 T03110200
SDF,2023-08-20 17:56,10.00,25000.00,KSDF 201756Z 24011G16KT 10SM FEW250 32/19 A3009 RMK AO2 SLP184 T03170194 10322 20206 58005
SDF,2023-08-20 18:56,10.00,25000.00,KSDF 201856Z 25007KT 10SM SCT250 33/19 A3007 RMK AO2 SLP184 T03280194
SDF,2023-08-20 19:56,10.00,13000.00,KSDF 201956Z 29003KT 10SM FEW130 FEW250 33/19 A3007 RMK AO2 SLP177 T03280194
SDF,2023-08-20 20:56,10.00,25000.00,KSDF 202056Z 24007KT 10SM FEW250 33/19 A3006 RMK AO2 SLP174 T03280189 56010
SDF,2023-08-20 21:56,10.00,25000.00,KSDF 202156Z 23007KT 10SM FEW250 33/20 A3006 RMK AO2 SLP173 T03280200
SDF,2023-08-20 22:56,10.00,25000.00,KSDF 202256Z 22007KT 10SM FEW250 32/21 A3006 RMK AO2 SLP172 T03220206
SDF,2023-08-20 23:56,10.00,25000.00,KSDF 202356Z 21006KT 10SM FEW250 32/21 A3007 RMK AO2 SLP175 T03170206 10333 20317 53001
SDF,2023-08-21 00:56,10.00,25000.00,KSDF 210056Z 19004KT 10SM FEW250 31/20 A3008 RMK AO2 SLP181 T03110200
SDF,2023-08-21 01:56,10.00,M,KSDF 210156Z 00000KT 10SM CLR 30/21 A3010 RMK AO2 SLP186 T03000206
SDF,2023-08-21 02:56,10.00,M,KSDF 210256Z 00000KT 10SM CLR 29/21 A3011 RMK AO2 SLP190 T02890211 51015
SDF,2023-08-21 03:56,10.00,25000.00,KSDF 210356Z 00000KT 10SM FEW250 28/21 A3012 RMK AO2 SLP195 T02830211
SDF,2023-08-21 04:56,10.00,M,KSDF 210456Z 15005KT 10SM CLR 27/22 A3011 RMK AO2 SLP190 T02720217 403330200
SDF,2023-08-21 05:56,10.00,4500.00,KSDF 210556Z 11003KT 10SM FEW045 26/22 A3011 RMK AO2 SLP192 T02610217 10311 20261 51002
SDF,2023-08-21 06:56,10.00,M,KSDF 210656Z 09003KT 10SM CLR 26/22 A3012 RMK AO2 SLP194 T02610217
SDF,2023-08-21 07:56,10.00,M,KSDF 210756Z 13003KT 10SM CLR 26/22 A3012 RMK AO2 SLP194 T02610217
SDF,2023-08-21 08:56,10.00,4500.00,KSDF 210856Z 15006KT 10SM FEW045 25/21 A3012 RMK AO2 SLP194 T02500211 50002
SDF,2023-08-21 09:56,10.00,3900.00,KSDF 210956Z 13003KT 10SM SCT039 SCT150 BKN300 24/21 A3014 RMK AO2 SLP199 T02440211
SDF,2023-08-21 10:56,10.00,4000.00,KSDF 211056Z 13003KT 10SM BKN040 OVC160 25/21 A3014 RMK AO2 SLP202 T02500211
SDF,2023-08-21 11:56,10.00,4000.00,KSDF 211156Z 15006KT 10SM FEW040 SCT200 SCT250 BKN300 24/21 A3014 RMK AO2 SLP202 T02440211 10267 20244 51008
SDF,2023-08-21 12:56,10.00,4000.00,KSDF 211256Z 14005KT 10SM FEW040 FEW200 SCT250 OVC300 26/22 A3016 RMK AO2 SLP207 T02560217
SDF,2023-08-21 13:56,10.00,20000.00,KSDF 211356Z 00000KT 10SM FEW200 SCT250 OVC300 27/22 A3017 RMK AO2 SLP209 T02670217
SDF,2023-08-21 14:56,10.00,10000.00,KSDF 211456Z 00000KT 10SM FEW100 SCT250 OVC300 29/22 A3016 RMK AO2 SLP205 T02940222 50004
SDF,2023-08-21 15:56,10.00,3000.00,KSDF 211556Z 30003KT 10SM FEW030 FEW200 OVC300 32/23 A3016 RMK AO2 SLP206 T03220228
SDF,2023-08-21 16:56,10.00,4000.00,KSDF 211656Z 00000KT 10SM FEW040 FEW200 OVC300 33/22 A3015 RMK AO2 SLP202 T03280222
SDF,2023-08-21 17:56,10.00,4000.00,KSDF 211756Z VRB03KT 10SM SCT040 SCT200 OVC300 34/23 A3014 RMK AO2 SLP199 T03390228 10339 20244 58006
SDF,2023-08-21 18:56,10.00,4500.00,KSDF 211856Z 12003KT 10SM BKN045 33/22 A3013 RMK AO2 SLP194 T03330222
SDF,2023-08-21 19:56,10.00,4800.00,KSDF 211956Z VRB04KT 10SM BKN048 33/22 A3011 RMK AO2 SLP190 T03330222
SDF,2023-08-21 20:56,10.00,5000.00,KSDF 212056Z 13003KT 10SM BKN050 33/23 A3011 RMK AO2 SLP188 T03330228 56011
SDF,2023-08-21 21:56,10.00,4700.00,KSDF 212156Z 26006KT 10SM BKN047 BKN055 34/23 A3010 RMK AO2 SLP187 T03390233
SDF,2023-08-21 22:56,10.00,4400.00,KSDF 212256Z 00000KT 10SM BKN044 BKN300 33/23 A3011 RMK AO2 SLP189 T03280228
SDF,2023-08-21 23:56,10.00,4100.00,KSDF 212356Z 36006KT 10SM FEW041 BKN050 BKN300 32/23 A3010 RMK AO2 SLP187 T03220228 10339 20317 58002
SDF,2023-08-22 00:56,10.00,4600.00,KSDF 220056Z 03004KT 10SM BKN046 OVC300 32/23 A3011 RMK AO2 SLP190 T03170228
SDF,2023-08-22 01:56,10.00,4100.00,KSDF 220156Z 00000KT 10SM FEW041 FEW048 BKN300 31/23 A3012 RMK AO2 SLP194 T03110228
SDF,2023-08-22 02:56,10.00,4300.00,KSDF 220256Z 36003KT 10SM FEW043 BKN300 30/23 A3013 RMK AO2 SLP195 T03000233 51009
SDF,2023-08-22 03:56,10.00,30000.00,KSDF 220356Z 00000KT 10SM BKN300 29/23 A3013 RMK AO2 SLP195 T02940233
SDF,2023-08-22 04:56,9.00,30000.00,KSDF 220456Z 00000KT 9SM BKN300 28/24 A3013 RMK AO2 SLP196 T02780239 403390244
SDF,2023-08-22 05:56,9.00,30000.00,KSDF 220556Z 29003KT 9SM BKN300 27/24 A3013 RMK AO2 SLP195 T02670239 10322 20267 58001
SDF,2023-08-22 06:56,8.00,30000.00,KSDF 220656Z 34003KT 8SM BKN300 27/23 A3012 RMK AO2 SLP193 T02670233
SDF,2023-08-22 07:56,8.00,30000.00,KSDF 220756Z 36004KT 8SM OVC300 27/24 A3012 RMK AO2 SLP194 T02720239
SDF,2023-08-22 08:56,9.00,30000.00,KSDF 220856Z 00000KT 9SM BKN300 27/23 A3012 RMK AO2 SLP191 T02720233 58003
SDF,2023-08-22 09:56,8.00,4600.00,KSDF 220956Z 34003KT 8SM BKN046 BKN300 26/23 A3013 RMK AO2 SLP196 T02610233
SDF,2023-08-22 10:56,9.00,4700.00,KSDF 221056Z 02006KT 9SM OVC047 27/23 A3014 RMK AO2 SLP200 T02670233
SDF,2023-08-22 11:56,8.00,4800.00,KSDF 221156Z 36004KT 8SM BKN048 OVC300 27/23 A3015 RMK AO2 SLP202 T02670233 10272 20256 51010
SDF,2023-08-22 12:56,8.00,5000.00,KSDF 221256Z 00000KT 8SM SCT050 BKN300 28/24 A3016 RMK AO2 SLP205 T02780239
SDF,2023-08-22 13:56,9.00,4900.00,KSDF 221356Z 01004KT 9SM BKN049 BKN300 28/24 A3016 RMK AO2 SLP205 T02830239
SDF,2023-08-22 14:56,10.00,30000.00,KSDF 221456Z 08004KT 10SM BKN300 31/24 A3016 RMK AO2 SLP206 T03110239 51004
SDF,2023-08-22 15:56,10.00,2800.00,KSDF 221556Z 02006KT 10SM FEW028 SCT044 BKN300 32/24 A3016 RMK AO2 SLP205 T03170239
SDF,2023-08-22 16:56,10.00,3000.00,KSDF 221656Z 04007KT 10SM FEW030 BKN046 BKN300 33/24 A3015 RMK AO2 SLP201 T03280239
SDF,2023-08-22 17:56,10.00,4400.00,KSDF 221756Z 03009KT 10SM SCT044 SCT300 33/23 A3012 RMK AO2 SLP194 T03330228 10333 20267 58012
SDF,2023-08-22 18:56,10.00,4400.00,KSDF 221856Z VRB05KT 10SM BKN044 BKN300 33/22 A3011 RMK AO2 SLP190 T03280222
SDF,2023-08-22 19:56,10.00,4700.00,KSDF 221956Z 08004KT 10SM FEW047 34/22 A3009 RMK AO2 SLP184 T03440217
SDF,2023-08-22 20:56,10.00,4700.00,KSDF 222056Z 07007KT 020V100 10SM FEW047 34/21 A3008 RMK AO2 SLP179 T03440211 58015
SDF,2023-08-22 21:56,10.00,5000.00,KSDF 222156Z 05006KT 10SM FEW050 34/22 A3008 RMK AO2 SLP179 T03440217
SDF,2023-08-22 22:56,10.00,4500.00,KSDF 222256Z 36009KT 10SM FEW045 33/22 A3007 RMK AO2 SLP176 T03330222
SDF,2023-08-22 23:56,10.00,4500.00,KSDF 222356Z 02006KT 10SM FEW045 32/22 A3007 RMK AO2 SLP174 T03220217 10350 20322 58004
SDF,2023-08-23 00:56,10.00,5000.00,KSDF 230056Z 02007KT 10SM FEW050 31/22 A3008 RMK AO2 SLP178 T03110222
SDF,2023-08-23 01:56,10.00,4600.00,KSDF 230156Z 03006KT 10SM SCT046 31/22 A3009 RMK AO2 SLP183 T03060222
SDF,2023-08-23 02:56,10.00,4700.00,KSDF 230256Z 01007KT 10SM BKN047 29/22 A3010 RMK AO2 SLP185 T02940222 51011
SDF,2023-08-23 03:56,10.00,4700.00,KSDF 230356Z 04005KT 10SM FEW047 28/21 A3011 RMK AO2 SLP189 T02830211
SDF,2023-08-23 04:56,10.00,M,KSDF 230456Z 07007KT 10SM CLR 28/19 A3011 RMK AO2 SLP188 T02780194 403500256
SDF,2023-08-23 05:56,10.00,M,KSDF 230556Z 09005KT 10SM CLR 27/18 A3011 RMK AO2 SLP188 T02720178 10322 20272 51003
SDF,2023-08-23 06:56,10.00,M,KSDF 230656Z 00000KT 10SM CLR 26/18 A3010 RMK AO2 SLP186 T02610178
SDF,2023-08-23 07:56,10.00,M,KSDF 230756Z 00000KT 10SM CLR 26/17 A3011 RMK AO2 SLP188 T02560172
SDF,2023-08-23 08:56,10.00,M,KSDF 230856Z 09003KT 10SM CLR 25/17 A3010 RMK AO2 SLP186 T02500172 56002
SDF,2023-08-23 09:56,10.00,30000.00,KSDF 230956Z 11004KT 10SM FEW300 24/17 A3010 RMK AO2 SLP185 T02440172
SDF,2023-08-23 10:56,10.00,30000.00,KSDF 231056Z 11003KT 10SM SCT300 24/18 A3010 RMK AO2 SLP188 T02390178
SDF,2023-08-23 11:56,10.00,30000.00,KSDF 231156Z 11003KT 10SM SCT300 24/18 A3011 RMK AO2 SLP190 T02390183 10272 20233 53003
SDF,2023-08-23 12:56,10.00,30000.00,KSDF 231256Z 13003KT 10SM FEW300 25/18 A3012 RMK AO2 SLP194 T02500183
SDF,2023-08-23 13:56,10.00,30000.00,KSDF 231356Z 00000KT 10SM BKN300 28/19 A3012 RMK AO2 SLP193 T02780189
SDF,2023-08-23 14:56,10.00,30000.00,KSDF 231456Z 13004KT 10SM BKN300 29/19 A3013 RMK AO2 SLP195 T02940194 51005
SDF,2023-08-23 15:56,10.00,30000.00,KSDF 231556Z 15003KT 10SM BKN300 31/19 A3011 RMK AO2 SLP190 T03110189
SDF,2023-08-23 16:56,10.00,30000.00,KSDF 231656Z 04005KT 10SM BKN300 33/20 A3009 RMK AO2 SLP183 T03280200
SDF,2023-08-23 17:56,10.00,30000.00,KSDF 231756Z VRB03KT 10SM BKN300 33/20 A3007 RMK AO2 SLP176 T03330200 10339 20239 58019
SDF,2023-08-23 18:56,10.00,30000.00,KSDF 231856Z VRB04KT 10SM BKN300 34/21 A3005 RMK AO2 SLP168 T03440206
SDF,2023-08-23 19:56,10.00,30000.00,KSDF 231956Z COR VRB03KT 10SM BKN300 35/21 A3002 RMK AO2 SLP159 T03500211
SDF,2023-08-23 20:56,10.00,30000.00,KSDF 232056Z 24009KT 10SM BKN300 34/22 A3001 RMK AO2 SLP156 T03440217 56019
SDF,2023-08-23 21:56,10.00,30000.00,KSDF 232156Z 26009KT 10SM BKN300 33/22 A3001 RMK AO2 SLP155 T03330222
SDF,2023-08-23 22:56,10.00,30000.00,KSDF 232256Z 27008KT 10SM BKN300 33/22 A3000 RMK AO2 SLP154 T03280222
SDF,2023-08-23 23:56,10.00,30000.00,KSDF 232356Z 25006KT 10SM BKN300 32/22 A3000 RMK AO2 SLP153 T03170222 10356 20317 57004
SDF,2023-08-24 00:56,10.00,30000.00,KSDF 240056Z 27007KT 10SM SCT300 31/23 A3000 RMK AO2 SLP153 T03060233
SDF,2023-08-24 01:56,10.00,30000.00,KSDF 240156Z 25005KT 10SM FEW300 29/23 A3000 RMK AO2 SLP154 T02940233
SDF,2023-08-24 02:56,10.00,M,KSDF 240256Z 22006KT 10SM CLR 29/23 A3000 RMK AO2 SLP152 T02890233 50000
SDF,2023-08-24 03:56,10.00,M,KSDF 240356Z 23004KT 10SM CLR 28/23 A2999 RMK AO2 SLP150 T02830233
SDF,2023-08-24 04:56,10.00,M,KSDF 240456Z 24004KT 10SM CLR 28/23 A2999 RMK AO2 SLP149 T02830233 403560233
SDF,2023-08-24 05:56,9.00,13000.00,KSDF 240556Z 21006KT 9SM FEW130 27/23 A2997 RMK AO2 SLP142 T02720233 10317 20272 58010
SDF,2023-08-24 06:56,9.00,17000.00,KSDF 240656Z 09004KT 9SM SCT170 SCT300 27/23 A2998 RMK AO2 SLP146 T02720233
SDF,2023-08-24 07:56,8.00,18000.00,KSDF 240756Z 14006KT 8SM BKN180 26/23 A2998 RMK AO2 SLP144 T02610233
SDF,2023-08-24 08:56,9.00,18000.00,KSDF 240856Z 20007KT 9SM FEW180 27/23 A2995 RMK AO2 SLP134 T02720233 58007
SDF,2023-08-24 09:56,9.00,18000.00,KSDF 240956Z 25004KT 9SM SCT180 SCT300 26/23 A2996 RMK AO2 SLP139 T02610228
SDF,2023-08-24 10:56,9.00,18000.00,KSDF 241056Z 00000KT 9SM BKN180 BKN300 27/23 A2999 RMK AO2 SLP147 T02670228
SDF,2023-08-24 11:56,6.00,15000.00,KSDF 241156Z 15006KT 6SM HZ SCT150 BKN250 OVC300 26/23 A3000 RMK AO2 SLP154 T02610228 10278 20256 53019
SDF,2023-08-24 12:56,7.00,3600.00,KSDF 241256Z 16003KT 7SM SCT036 SCT070 BKN170 OVC250 27/23 A3002 RMK AO2 SLP160 T02720233
SDF,2023-08-24 13:56,7.00,3000.00,KSDF 241356Z 11004KT 7SM BKN030 BKN150 OVC250 28/24 A3005 RMK AO2 SLP170 T02780239
SDF,2023-08-24 14:56,6.00,2600.00,KSDF 241456Z 16004KT 6SM HZ BKN026 BKN031 BKN043 29/24 A3005 RMK AO2 SLP170 T02940244 51017
SDF,2023-08-24 15:56,7.00,2000.00,KSDF 241556Z 00000KT 7SM BKN020 OVC080 29/24 A3005 RMK AO2 LTG DSNT SE SLP170 T02940244
SDF,2023-08-24 16:56,7.00,2000.00,KSDF 241656Z 13013KT 7SM BKN020 OVC060 29/24 A3003 RMK AO2 SLP162 T02890244
SDF,2023-08-24 17:56,7.00,2200.00,KSDF 241756Z 15009KT 7SM BKN022 BKN060 BKN200 31/25 A3000 RMK AO2 SLP152 T03110250 10317 20261
SDF,2023-08-24 18:56,7.00,3100.00,KSDF 241856Z 24011KT 7SM SCT031 SCT060 SCT150 BKN300 34/25 A2997 RMK AO2 SLP143 T03440250
SDF,2023-08-24 19:56,7.00,3500.00,KSDF 241956Z 26012KT 7SM FEW035 FEW065 BKN300 34/24 A2995 RMK AO2 SLP135 T03440244
SDF,2023-08-24 20:56,7.00,4500.00,KSDF 242056Z 24010G18KT 7SM FEW045 BKN300 35/24 A2994 RMK AO2 SLP132 T03500244 56020
SDF,2023-08-24 21:56,8.00,4000.00,KSDF 242156Z 25010KT 8SM FEW040 BKN300 34/24 A2994 RMK AO2 SLP132 T03390244
SDF,2023-08-24 22:56,8.00,4000.00,KSDF 242256Z 25010KT 8SM FEW040 SCT300 34/24 A2994 RMK AO2 SLP132 T03390244
SDF,2023-08-24 23:56,8.00,4000.00,KSDF 242356Z 25007KT 8SM FEW040 SCT300 33/25 A2994 RMK AO2 SLP132 T03280250 10356 20311 50000
SDF,2023-08-25 00:56,9.00,30000.00,KSDF 250056Z 23006KT 9SM FEW300 32/25 A2994 RMK AO2 SLP130 T03170250
SDF,2023-08-25 01:56,8.00,M,KSDF 250156Z 20005KT 8SM CLR 31/25 A2994 RMK AO2 SLP131 T03110250
SDF,2023-08-25 02:56,7.00,M,KSDF 250256Z 21006KT 7SM CLR 30/25 A2992 RMK AO2 SLP124 T03000250 58007
SDF,2023-08-25 03:56,8.00,M,KSDF 250356Z 26009KT 8SM CLR 30/24 A2993 RMK AO2 SLP127 T03000244
SDF,2023-08-25 04:56,9.00,30000.00,KSDF 250456Z 27006KT 9SM FEW300 29/24 A2995 RMK AO2 SLP136 T02940239 403560256
SDF,2023-08-25 05:56,9.00,30000.00,KSDF 250556Z 23006KT 9SM FEW300 29/24 A2995 RMK AO2 SLP134 T02890239 10328 20289 50009
SDF,2023-08-25 06:56,9.00,30000.00,KSDF 250656Z 24005KT 9SM FEW300 28/24 A2994 RMK AO2 SLP132 T02830239
SDF,2023-08-25 07:56,8.00,30000.00,KSDF 250756Z 23008KT 8SM FEW300 28/24 A2993 RMK AO2 SLP128 T02780239
SDF,2023-08-25 08:56,8.00,30000.00,KSDF 250856Z 24006KT 8SM FEW300 28/24 A2992 RMK AO2 SLP126 T02780239 58007
SDF,2023-08-25 09:56,7.00,30000.00,KSDF 250956Z 24006KT 7SM FEW300 27/24 A2993 RMK AO2 SLP129 T02670239
SDF,2023-08-25 10:56,7.00,30000.00,KSDF 251056Z 24005KT 7SM SCT300 27/24 A2993 RMK AO2 SLP130 T02670239
SDF,2023-08-25 11:56,6.00,30000.00,KSDF 251156Z 25007KT 6SM HZ BKN300 27/24 A2994 RMK AO2 SLP130 T02720239 10289 20267 51004
SDF,2023-08-25 12:56,7.00,30000.00,KSDF 251256Z 26009KT 7SM SCT300 28/24 A2994 RMK AO2 SLP132 T02830244
SDF,2023-08-25 13:56,9.00,30000.00,KSDF 251356Z 27009KT 9SM SCT300 31/24 A2994 RMK AO2 SLP133 T03060244
SDF,2023-08-25 14:56,10.00,4500.00,KSDF 251456Z 27006KT 10SM FEW045 FEW090 SCT150 BKN200 BKN300 32/25 A2996 RMK AO2 SLP137 T03170250 53006
SDF,2023-08-25 15:56,10.00,5000.00,KSDF 251556Z 27008KT 10SM FEW050 FEW090 SCT150 BKN200 BKN300 34/25 A2995 RMK AO2 SLP135 T03440250
SDF,2023-08-25 16:56,10.00,3500.00,KSDF 251656Z 27007G17KT 10SM FEW035 FEW060 SCT150 SCT200 BKN300 36/25 A2994 RMK AO2 SLP130 T03560250
SDF,2023-08-25 17:56,10.00,3500.00,KSDF 251756Z 28010G18KT 10SM FEW035 FEW060 FEW150 SCT200 BKN300 37/25 A2992 RMK AO2 SLP124 T03670250 10367 20272 58012
SDF,2023-08-25 18:56,10.00,4500.00,KSDF 251856Z 26013G19KT 10SM SCT045 SCT150 BKN200 BKN300 37/24 A2990 RMK AO2 SLP118 T03720244
SDF,2023-08-25 19:56,10.00,4700.00,KSDF 251956Z 26012G18KT 10SM SCT047 SCT300 37/25 A2988 RMK AO2 SLP111 T03720250
SDF,2023-08-25 20:56,10.00,5000.00,KSDF 252056Z 26017KT 10SM SCT050 BKN060 BKN200 37/24 A2986 RMK AO2 LTG DSNT NE AND NW SLP106 CB DSNT NE AND NW T03670244 56019
SDF,2023-08-25 21:56,10.00,5500.00,KSDF 252156Z 26011KT 10SM SCT055 SCT200 BKN300 37/24 A2986 RMK AO2 LTG DSNT N-E SLP103 CB DSNT NE T03670244
SDF,2023-08-25 22:56,10.00,5000.00,KSDF 252256Z 27011KT 10SM TS SCT050CB SCT200 BKN300 36/24 A2988 RMK AO2 LTG DSNT NE AND E TSB43 SLP112 OCNL LTGICCG N-NE TS N-NE MOV SE SH N-NE T03610244
SDF,2023-08-25 23:56,10.00,4800.00,KSDF 252356Z 08013G25KT 10SM BKN048 BKN060 BKN300 31/21 A2992 RMK AO2 PK WND 01028/2304 WSHFT 2251 LTG DSNT ALQDS TSE34 PRESRR SLP125 TS DSIPT CB DSNT E-SE AND NW FRQ LTGIC DSNT E SH DSNT N-NE T03060206 10372 20
SDF,2023-08-26 00:56,3.00,4200.00,KSDF 260056Z 36008KT 260V240 3SM -TSRA BKN042CB BKN080 OVC100 24/21 A2994 RMK AO2 PK WND 02045/0026 WSHFT 0011 LTG DSNT ALQDS RAB27 TSB15 SLP134 CONS LTGICCG ALQDS TS ALQDS MOV SE P0013 T02440206
SDF,2023-08-26 01:56,7.00,3400.00,KSDF 260156Z 08003KT 7SM -TSRA FEW034CB BKN065 OVC110 27/21 A2995 RMK AO2 PK WND 04038/0129 WSHFT 0112 LTG DSNT ALQDS SLP137 FRQ LTGIC N-NE OCNL LTGIC S-SW TS N-NE MOV SE CB DSNT S-SW P0050 T02670206
SDF,2023-08-26 02:56,10.00,3500.00,KSDF 260256Z 23005KT 10SM FEW035 FEW065 SCT095 BKN130 26/21 A2992 RMK AO2 LTG DSNT SW RAE44 TSE02B19E51 SLP126 FRQ LTGIC S-SW TS MOV SE TS N-NE DSIPT CB DSNT S-SW P0000 60063 T02610211 50001
SDF,2023-08-26 03:56,10.00,3500.00,KSDF 260356Z VRB03KT 10SM FEW035 SCT130 24/21 A2989 RMK AO2 LTG DSNT N AND NW SLP113 T02440211
SDF,2023-08-26 04:56,10.00,3500.00,KSDF 260456Z 34007KT 10SM FEW035 SCT130 24/21 A2989 RMK AO2 LTG DSNT W AND NW SLP115 T02440211 403720244
SDF,2023-08-26 05:56,10.00,4000.00,KSDF 260556Z 25008KT 10SM SCT040 BKN100 25/21 A2991 RMK AO2 LTG DSNT W AND NW SLP122 60063 T02500206 10306 20244 55003
SDF,2023-08-26 06:56,10.00,4500.00,KSDF 260656Z 32018G32KT 10SM VCTS -RA FEW045 SCT090 BKN120 24/19 A2995 RMK AO2 PK WND 30040/0631 WSHFT 0621 LTG DSNT SW-N RAB32 SLP134 P0008 T02440194
SDF,2023-08-26 07:56,10.00,12000.00,KSDF 260756Z 30011KT 10SM -TSRA SCT120 23/20 A2994 RMK AO2 PK WND 30033/0711 LTG DSNT SW-N RAE0658B35 TSB0657E12B56 SLP131 P0001 T02330200
SDF,2023-08-26 08:56,6.00,8500.00,KSDF 260856Z 30007KT 6SM RA BR SCT085 OVC120 23/21 A2993 RMK AO2 TSB24E46 SLP127 P0009 60018 T02280206 50004
SDF,2023-08-26 09:56,10.00,12000.00,KSDF 260956Z 36007KT 10SM -RA OVC120 23/21 A2988 RMK AO2 PRESRR SLP112 P0007 T02330206
SDF,2023-08-26 10:56,10.00,11000.00,KSDF 261056Z 16010KT 10SM OVC110 23/21 A2991 RMK AO2 RAE27 SLP121 P0000 T02330211
SDF,2023-08-26 11:56,10.00,700.00,KSDF 261156Z 00000KT 10SM FEW007 FEW030 BKN140 BKN180 BKN250 23/22 A2997 RMK AO2 SLP142 60025 70088 T02330217 10256 20228 51029
SDF,2023-08-26 12:56,10.00,600.00,KSDF 261256Z 12006KT 10SM FEW006 FEW030 BKN170 BKN250 23/21 A2997 RMK AO2 SLP144 T02330211
SDF,2023-08-26 13:56,10.00,700.00,KSDF 261356Z 18004KT 10SM FEW007 FEW030 BKN170 BKN250 24/22 A2997 RMK AO2 SLP144 T02440217
SDF,2023-08-26 14:56,10.00,1500.00,KSDF 261456Z 00000KT 10SM SCT015 SCT095 BKN170 27/22 A2997 RMK AO2 SLP142 T02670217 50001
SDF,2023-08-26 15:56,10.00,2400.00,KSDF 261556Z 16003KT 10SM FEW024 FEW100 BKN250 27/21 A2995 RMK AO2 SLP136 T02720211
SDF,2023-08-26 16:56,10.00,3000.00,KSDF 261656Z VRB03KT 10SM FEW030 FEW100 BKN250 30/22 A2994 RMK AO2 SLP132 T03000217
SDF,2023-08-26 17:56,10.00,3000.00,KSDF 261756Z 00000KT 10SM FEW030 SCT110 BKN250 31/22 A2992 RMK AO2 SLP125 T03060217 10306 20233 58017
SDF,2023-08-26 18:56,10.00,3000.00,KSDF 261856Z 30007KT 10SM FEW030 SCT110 BKN250 32/21 A2990 RMK AO2 SLP120 T03220211
SDF,2023-08-26 19:56,10.00,4000.00,KSDF 261956Z 01010KT 10SM SCT040 BKN060 OVC080 32/22 A2989 RMK AO2 SLP114 T03170217
SDF,2023-08-26 20:56,10.00,3500.00,KSDF 262056Z VRB04KT 10SM SCT035 BKN060 OVC080 28/23 A2989 RMK AO2 SLP117 T02830228 55009
SDF,2023-08-26 21:56,10.00,3000.00,KSDF 262156Z 21008KT 10SM SCT030 BKN095 28/24 A2989 RMK AO2 LTG DSNT SE AND S SLP116 T02830239
SDF,2023-08-26 22:56,10.00,3000.00,KSDF 262256Z 02007KT 10SM FEW030 SCT090 30/22 A2987 RMK AO2 SLP108 T03000222
SDF,2023-08-26 23:56,10.00,4000.00,KSDF 262356Z 02005KT 10SM FEW040 SCT100 29/22 A2987 RMK AO2 SLP110 T02940217 10333 20278 55006
SDF,2023-08-27 00:56,10.00,12000.00,KSDF 270056Z 02008KT 10SM FEW120 29/22 A2989 RMK AO2 SLP116 T02890217
SDF,2023-08-27 01:56,10.00,10000.00,KSDF 270156Z 01004KT 10SM SCT100 28/22 A2990 RMK AO2 SLP119 T02780222
SDF,2023-08-27 02:56,10.00,14000.00,KSDF 270256Z 04006KT 10SM SCT140 BKN200 27/22 A2991 RMK AO2 SLP123 T02720222 51013
SDF,2023-08-27 03:56,10.00,10000.00,KSDF 270356Z 05007KT 10SM SCT100 BKN200 27/22 A2992 RMK AO2 SLP124 T02670217
SDF,2023-08-27 04:56,10.00,10000.00,KSDF 270456Z 04006KT 10SM BKN100 OVC200 26/22 A2992 RMK AO2 SLP126 T02610217 403330228
SDF,2023-08-27 05:56,10.00,10000.00,KSDF 270556Z 05007KT 10SM FEW100 BKN200 26/22 A2991 RMK AO2 SLP124 T02560217 10294 20256 50001
SDF,2023-08-27 06:56,10.00,5000.00,KSDF 270656Z 05008KT 10SM SCT050 SCT085 BKN200 25/21 A2991 RMK AO2 SLP121 T02500206
SDF,2023-08-27 07:56,10.00,5000.00,KSDF 270756Z 04007KT 10SM FEW050 SCT085 BKN200 24/20 A2990 RMK AO2 SLP120 T02440200
SDF,2023-08-27 08:56,10.00,5000.00,KSDF 270856Z 04007KT 10SM FEW050 BKN130 OVC160 24/19 A2991 RMK AO2 SLP122 T02440194 55001
SDF,2023-08-27 09:56,10.00,13000.00,KSDF 270956Z 06009KT 10SM SCT130 OVC160 24/19 A2991 RMK AO2 SLP123 T02390189
SDF,2023-08-27 10:56,10.00,12000.00,KSDF 271056Z 05008KT 10SM SCT120 OVC160 23/18 A2992 RMK AO2 SLP125 T02330183
SDF,2023-08-27 11:56,10.00,4500.00,KSDF 271156Z 05011KT 10SM BKN045 BKN250 23/18 A2993 RMK AO2 SLP130 T02280183 10256 20228 53008
SDF,2023-08-27 12:56,10.00,1500.00,KSDF 271256Z 05009KT 10SM FEW015 SCT045 BKN170 BKN250 23/18 A2994 RMK AO2 SLP133 T02330183
SDF,2023-08-27 13:56,10.00,1700.00,KSDF 271356Z 07011KT 10SM BKN017 BKN150 BKN250 23/18 A2995 RMK AO2 SLP138 T02330183
SDF,2023-08-27 14:56,10.00,1700.00,KSDF 271456Z 05010KT 10SM OVC017 23/18 A2997 RMK AO2 SLP143 T02330183 53012
SDF,2023-08-27 15:56,10.00,1800.00,KSDF 271556Z 08014G22KT 10SM BKN018 24/18 A2997 RMK AO2 SLP144 T02390178
SDF,2023-08-27 16:56,10.00,2000.00,KSDF 271656Z 04011KT 10SM OVC020 24/18 A2996 RMK AO2 SLP142 T02440183
SDF,2023-08-27 17:56,10.00,2200.00,KSDF 271756Z 05008KT 10SM SCT022 SCT150 BKN200 BKN250 26/18 A2995 RMK AO2 SLP138 T02560183 10256 20228 56006
SDF,2023-08-27 18:56,10.00,3000.00,KSDF 271856Z 05011KT 10SM FEW030 SCT150 BKN200 BKN250 27/18 A2993 RMK AO2 SLP131 T02720183
SDF,2023-08-27 19:56,10.00,3700.00,KSDF 271956Z 08009KT 10SM SCT037 SCT130 BKN200 BKN250 28/18 A2991 RMK AO2 SLP123 T02780178
SDF,2023-08-27 20:56,10.00,3500.00,KSDF 272056Z 06009KT 10SM FEW035 SCT120 BKN210 BKN250 28/18 A2990 RMK AO2 SLP120 T02780178 56016
SDF,2023-08-27 21:56,10.00,3800.00,KSDF 272156Z 04008G16KT 10SM FEW038 BKN210 BKN250 28/18 A2990 RMK AO2 SLP117 T02780178
SDF,2023-08-27 22:56,10.00,3500.00,KSDF 272256Z 04011KT 10SM FEW035 BKN210 BKN250 27/17 A2990 RMK AO2 SLP120 T02720172
SDF,2023-08-27 23:56,10.00,3800.00,KSDF 272356Z 04006KT 10SM SCT038 BKN210 BKN250 27/18 A2990 RMK AO2 SLP120 T02720178 10283 20256 56001
SDF,2023-08-28 00:56,10.00,4000.00,KSDF 280056Z 05005KT 10SM FEW040 SCT250 26/18 A2991 RMK AO2 SLP125 T02560178
SDF,2023-08-28 01:56,10.00,4000.00,KSDF 280156Z 07003KT 10SM FEW040 FEW250 26/18 A2992 RMK AO2 SLP129 T02560178
SDF,2023-08-28 02:56,10.00,4500.00,KSDF 280256Z 01006KT 10SM SCT045 24/18 A2993 RMK AO2 SLP130 T02390183 51010
SDF,2023-08-28 03:56,10.00,4500.00,KSDF 280356Z 02007KT 10SM FEW045 FEW100 23/18 A2993 RMK AO2 SLP130 T02280178
SDF,2023-08-28 04:56,10.00,10000.00,KSDF 280456Z 02006KT 10SM FEW100 22/18 A2994 RMK AO2 SLP132 T02220178 402830222
SDF,2023-08-28 05:56,10.00,12000.00,KSDF 280556Z 01005KT 10SM FEW120 21/18 A2993 RMK AO2 SLP131 T02110178 10272 20211 50001
SDF,2023-08-28 06:56,10.00,12000.00,KSDF 280656Z 01006KT 10SM FEW120 21/17 A2993 RMK AO2 SLP129 T02060172
SDF,2023-08-28 07:56,10.00,4000.00,KSDF 280756Z 36005KT 10SM FEW040 FEW120 20/17 A2992 RMK AO2 SLP128 T02000172
SDF,2023-08-28 08:56,10.00,4000.00,KSDF 280856Z 36005KT 10SM SCT040 SCT120 19/17 A2992 RMK AO2 SLP128 T01940167 56003
SDF,2023-08-28 09:56,10.00,4200.00,KSDF 280956Z 01006KT 10SM FEW042 FEW120 19/17 A2994 RMK AO2 SLP132 T01890167
SDF,2023-08-28 10:56,10.00,4500.00,KSDF 281056Z 36006KT 10SM FEW045 FEW120 18/16 A2995 RMK AO2 SLP138 T01830161
SDF,2023-08-28 11:56,10.00,400.00,KSDF 281156Z 36006KT 10SM FEW004 FEW045 18/17 A2997 RMK AO2 SLP142 T01830167 10211 20183 50009
SDF,2023-08-28 12:56,10.00,500.00,KSDF 281256Z 02007KT 10SM FEW005 FEW200 20/17 A2997 RMK AO2 SLP143 T02000167
SDF,2023-08-28 13:56,10.00,15000.00,KSDF 281356Z 35006KT 10SM FEW150 FEW300 22/17 A2996 RMK AO2 SLP142 T02220172
SDF,2023-08-28 14:56,10.00,15000.00,KSDF 281456Z 36006KT 10SM FEW150 24/17 A2997 RMK AO2 SLP144 T02440172 53002
SDF,2023-08-28 15:56,10.00,2500.00,KSDF 281556Z COR 06007KT 10SM FEW025 FEW110 FEW180 26/18 A2997 RMK AO2 SLP145 T02610178
SDF,2023-08-28 16:56,10.00,3400.00,KSDF 281656Z 02007KT 10SM FEW034 SCT110 SCT180 27/18 A2996 RMK AO2 SLP142 T02720183
SDF,2023-08-28 17:56,10.00,4500.00,KSDF 281756Z 01005KT 10SM SCT045 BKN110 BKN180 28/17 A2996 RMK AO2 SLP139 T02830172 10283 20183 58005
SDF,2023-08-28 18:56,10.00,5000.00,KSDF 281856Z VRB06G15KT 10SM SCT050 SCT110 SCT200 28/16 A2994 RMK AO2 SLP132 T02830156
SDF,2023-08-28 19:56,10.00,5500.00,KSDF 281956Z 07009KT 10SM SCT055 SCT200 29/16 A2991 RMK AO2 SLP125 T02940156
SDF,2023-08-28 20:56,10.00,5500.00,KSDF 282056Z 34011KT 10SM SCT055 SCT200 29/16 A2990 RMK AO2 SLP121 T02940156 56018
SDF,2023-08-28 21:56,10.00,5500.00,KSDF 282156Z 03007KT 10SM FEW055 FEW200 29/14 A2990 RMK AO2 SLP121 T02890144
SDF,2023-08-28 22:56,10.00,5500.00,KSDF 282256Z 02010KT 10SM FEW055 FEW200 28/14 A2991 RMK AO2 SLP123 T02830144
SDF,2023-08-28 23:56,10.00,6000.00,KSDF 282356Z 02008KT 10SM FEW060 FEW200 SCT300 27/14 A2992 RMK AO2 SLP126 T02720144 10300 20272 53005
SDF,2023-08-29 00:56,10.00,6000.00,KSDF 290056Z 02008KT 10SM SCT060 SCT200 26/15 A2994 RMK AO2 SLP134 T02560150
SDF,2023-08-29 01:56,10.00,6000.00,KSDF 290156Z 01009KT 10SM FEW060 24/15 A2996 RMK AO2 SLP139 T02440150
SDF,2023-08-29 02:56,10.00,M,KSDF 290256Z 01009KT 10SM CLR 23/14 A2996 RMK AO2 SLP142 T02280144 51015
SDF,2023-08-29 03:56,10.00,M,KSDF 290356Z 01005KT 10SM CLR 22/14 A2997 RMK AO2 SLP145 T02220139
SDF,2023-08-29 04:56,10.00,M,KSDF 290456Z 02005KT 10SM CLR 21/14 A2996 RMK AO2 SLP141 T02110139 403000183
SDF,2023-08-29 05:56,10.00,8000.00,KSDF 290556Z 01007KT 10SM FEW080 21/14 A2996 RMK AO2 SLP139 T02060139 10272 20206 58002
SDF,2023-08-29 06:56,10.00,8000.00,KSDF 290656Z 01006KT 10SM FEW080 FEW300 19/14 A2995 RMK AO2 SLP136 T01940139
SDF,2023-08-29 07:56,10.00,7000.00,KSDF 290756Z 01003KT 10SM FEW070 FEW300 18/14 A2994 RMK AO2 SLP135 T01830139
SDF,2023-08-29 08:56,10.00,6000.00,KSDF 290856Z 34006KT 10SM FEW060 FEW300 18/14 A2994 RMK AO2 SLP132 T01830139 56007
SDF,2023-08-29 09:56,10.00,6000.00,KSDF 290956Z 35006KT 10SM FEW060 FEW300 18/14 A2993 RMK AO2 SLP132 T01780139
SDF,2023-08-29 10:56,10.00,5000.00,KSDF 291056Z 35005KT 10SM FEW050 SCT300 17/13 A2993 RMK AO2 SLP131 T01720133
SDF,2023-08-29 11:56,10.00,4000.00,KSDF 291156Z 01003KT 10SM FEW040 FEW100 FEW300 18/14 A2994 RMK AO2 SLP134 T01780139 10206 20167 53002
SDF,2023-08-29 12:56,10.00,9000.00,KSDF 291256Z 34003KT 10SM FEW090 BKN300 20/14 A2994 RMK AO2 SLP134 T02000144
SDF,2023-08-29 13:56,10.00,9000.00,KSDF 291356Z 00000KT 10SM FEW090 BKN300 23/16 A2995 RMK AO2 SLP137 T02280156
SDF,2023-08-29 14:56,10.00,9000.00,KSDF 291456Z 36005KT 10SM FEW090 BKN300 24/16 A2995 RMK AO2 SLP137 T02440156 53004
SDF,2023-08-29 15:56,10.00,3000.00,KSDF 291556Z 32006KT 10SM FEW030 FEW090 BKN300 26/16 A2995 RMK AO2 SLP136 T02610161
SDF,2023-08-29 16:56,10.00,9000.00,KSDF 291656Z 31006KT 10SM FEW090 BKN300 27/14 A2993 RMK AO2 SLP131 T02720139
SDF,2023-08-29 17:56,10.00,5000.00,KSDF 291756Z VRB05KT 10SM FEW050 BKN300 28/13 A2992 RMK AO2 SLP125 T02830133 10283 20178 58012
SDF,2023-08-29 18:56,10.00,5000.00,KSDF 291856Z VRB04G17KT 10SM FEW050 BKN300 28/13 A2990 RMK AO2 SLP121 T02780133
SDF,2023-08-29 19:56,10.00,30000.00,KSDF 291956Z 34009KT 10SM BKN300 28/14 A2988 RMK AO2 SLP112 T02830144
SDF,2023-08-29 20:56,10.00,30000.00,KSDF 292056Z 33010KT 10SM SCT300 28/12 A2987 RMK AO2 SLP108 T02830117 56017
SDF,2023-08-29 21:56,10.00,30000.00,KSDF 292156Z 33005KT 10SM FEW300 28/11 A2986 RMK AO2 SLP108 T02780106
SDF,2023-08-29 22:56,10.00,30000.00,KSDF 292256Z 33010KT 10SM FEW300 27/13 A2986 RMK AO2 SLP109 T02670128
SDF,2023-08-29 23:56,10.00,30000.00,KSDF 292356Z 32004KT 10SM FEW300 26/13 A2986 RMK AO2 SLP108 T02560133 10294 20256 58002
SDF,2023-08-30 00:56,10.00,30000.00,KSDF 300056Z 28006KT 10SM FEW300 23/14 A2987 RMK AO2 SLP112 T02280139
SDF,2023-08-30 01:56,10.00,M,KSDF 300156Z 28005KT 10SM CLR 23/14 A2989 RMK AO2 SLP117 T02280144
SDF,2023-08-30 02:56,10.00,M,KSDF 300256Z 30004KT 10SM CLR 22/15 A2990 RMK AO2 SLP120 T02220150 51013
SDF,2023-08-30 03:56,10.00,10000.00,KSDF 300356Z 32003KT 10SM FEW100 22/15 A2991 RMK AO2 SLP124 T02170150
SDF,2023-08-30 04:56,10.00,10000.00,KSDF 300456Z 00000KT 10SM FEW100 22/15 A2991 RMK AO2 SLP122 T02170150 402940167
SDF,2023-08-30 05:56,10.00,10000.00,KSDF 300556Z 00000KT 10SM FEW100 21/16 A2990 RMK AO2 SLP119 T02110156 10256 20206 58001
SDF,2023-08-30 06:56,10.00,9500.00,KSDF 300656Z 00000KT 10SM FEW095 21/15 A2989 RMK AO2 SLP117 T02110150
SDF,2023-08-30 07:56,10.00,9500.00,KSDF 300756Z 34003KT 10SM FEW095 20/16 A2989 RMK AO2 SLP116 T02000156
SDF,2023-08-30 08:56,10.00,4900.00,KSDF 300856Z 33005KT 10SM FEW049 19/16 A2989 RMK AO2 SLP116 T01940161 56003
SDF,2023-08-30 09:56,10.00,25000.00,KSDF 300956Z 36010KT 10SM FEW250 20/16 A2989 RMK AO2 SLP116 T02000161
SDF,2023-08-30 10:56,10.00,25000.00,KSDF 301056Z 01009KT 10SM FEW250 19/16 A2991 RMK AO2 SLP124 T01940161
SDF,2023-08-30 11:56,10.00,900.00,KSDF 301156Z 36012KT 10SM FEW009 FEW070 FEW200 19/16 A2992 RMK AO2 SLP128 T01940161 10211 20194 53013
SDF,2023-08-30 12:56,10.00,800.00,KSDF 301256Z 01011KT 10SM FEW008 FEW200 20/15 A2994 RMK AO2 SLP134 T02000150
SDF,2023-08-30 13:56,10.00,1500.00,KSDF 301356Z 02015KT 10SM FEW015 FEW250 21/14 A2994 RMK AO2 SLP136 T02110139
SDF,2023-08-30 14:56,10.00,2500.00,KSDF 301456Z 36009KT 10SM FEW025 FEW300 22/13 A2995 RMK AO2 SLP138 T02220133 51009
SDF,2023-08-30 15:56,10.00,3000.00,KSDF 301556Z 01009G17KT 10SM FEW030 FEW300 24/13 A2995 RMK AO2 SLP138 T02390133
SDF,2023-08-30 16:56,10.00,4000.00,KSDF 301656Z 03010G15KT 10SM FEW040 FEW300 25/12 A2996 RMK AO2 SLP141 T02500122
SDF,2023-08-30 17:56,10.00,4500.00,KSDF 301756Z 01014G19KT 10SM FEW045 FEW300 26/12 A2995 RMK AO2 SLP136 T02610117 10261 20194 58001
SDF,2023-08-30 18:56,10.00,4500.00,KSDF 301856Z 36010KT 10SM FEW045 FEW300 27/12 A2993 RMK AO2 SLP129 T02670122
SDF,2023-08-30 19:56,10.00,4500.00,KSDF 301956Z 03009G16KT 360V070 10SM FEW045 FEW300 27/13 A2991 RMK AO2 SLP124 T02720128
SDF,2023-08-30 20:56,10.00,4500.00,KSDF 302056Z 02011G18KT 10SM FEW045 FEW300 27/12 A2990 RMK AO2 SLP119 T02720122 56016
SDF,2023-08-30 21:56,10.00,4500.00,KSDF 302156Z 04014G17KT 10SM FEW045 FEW300 27/12 A2989 RMK AO2 SLP117 T02720122
SDF,2023-08-30 22:56,10.00,4500.00,KSDF 302256Z 02011KT 10SM FEW045 FEW300 26/13 A2989 RMK AO2 SLP117 T02610128
SDF,2023-08-30 23:56,10.00,30000.00,KSDF 302356Z 01012KT 10SM FEW300 24/12 A2990 RMK AO2 SLP120 T02390122 10278 20239 55000
SDF,2023-08-31 00:56,10.00,30000.00,KSDF 310056Z 01012KT 10SM FEW300 22/13 A2992 RMK AO2 SLP127 T02220128
SDF,2023-08-31 01:56,10.00,M,KSDF 310156Z 03013G18KT 10SM CLR 21/12 A2995 RMK AO2 SLP137 T02060122
SDF,2023-08-31 02:56,10.00,M,KSDF 310256Z 02010KT 10SM CLR 19/12 A2996 RMK AO2 SLP142 T01940122 51021
SDF,2023-08-31 03:56,10.00,M,KSDF 310356Z 03007KT 10SM CLR 18/12 A2997 RMK AO2 SLP146 T01830117
SDF,2023-08-31 04:56,10.00,M,KSDF 310456Z 03006KT 10SM CLR 18/12 A2998 RMK AO2 SLP148 T01780117 402780178
SDF,2023-08-31 05:56,10.00,M,KSDF 310556Z 01007KT 10SM CLR 17/12 A2998 RMK AO2 SLP149 T01670122 10239 20167 51007
SDF,2023-08-31 06:56,10.00,M,KSDF 310656Z 04005KT 10SM CLR 17/12 A2998 RMK AO2 SLP149 T01670122
SDF,2023-08-31 07:56,10.00,M,KSDF 310756Z 05006KT 10SM CLR 16/11 A2998 RMK AO2 SLP148 T01610111
SDF,2023-08-31 08:56,10.00,M,KSDF 310856Z 04008KT 10SM CLR 16/11 A2999 RMK AO2 SLP151 T01610111 53002
SDF,2023-08-31 09:56,10.00,1500.00,KSDF 310956Z 04008KT 10SM FEW015 15/11 A2999 RMK AO2 SLP153 T01500111
SDF,2023-08-31 10:56,10.00,M,KSDF 311056Z 04006KT 10SM CLR 15/11 A3001 RMK AO2 SLP158 T01500111
SDF,2023-08-31 11:56,10.00,1000.00,KSDF 311156Z 02006KT 10SM FEW010 14/11 A3002 RMK AO2 SLP164 T01440111 10167 20144 53012
SDF,2023-08-31 12:56,10.00,1500.00,KSDF 311256Z 04007KT 10SM FEW015 17/12 A3004 RMK AO2 SLP168 T01720117
SDF,2023-08-31 13:56,10.00,2000.00,KSDF 311356Z 08013KT 10SM FEW020 19/12 A3004 RMK AO2 SLP170 T01890117
SDF,2023-08-31 14:56,10.00,2500.00,KSDF 311456Z 08012KT 10SM FEW025 21/12 A3006 RMK AO2 SLP177 T02110122 53014
SDF,2023-08-31 15:56,10.00,3200.00,KSDF 311556Z 08010KT 10SM BKN032 22/13 A3007 RMK AO2 SLP180 T02170128
SDF,2023-08-31 16:56,10.00,3500.00,KSDF 311656Z 07011KT 10SM BKN035 23/13 A3007 RMK AO2 SLP180 T02330128
SDF,2023-08-31 17:56,10.00,3800.00,KSDF 311756Z 09010KT 10SM SCT038 24/13 A3006 RMK AO2 SLP175 T02390128 10244 20144 58001
SDF,2023-08-31 18:56,10.00,4500.00,KSDF 311856Z 07007G16KT 030V100 10SM FEW045 26/13 A3005 RMK AO2 SLP172 T02560133
SDF,2023-08-31 19:56,10.00,4500.00,KSDF 311956Z VRB05G15KT 10SM FEW045 26/13 A3004 RMK AO2 SLP167 T02610133
SDF,2023-08-31 20:56,10.00,4500.00,KSDF 312056Z 04009G16KT 10SM FEW045 27/13 A3003 RMK AO2 SLP164 T02720133 56011
SDF,2023-08-31 21:56,10.00,4500.00,KSDF 312156Z 08010KT 10SM FEW045 27/13 A3003 RMK AO2 SLP164 T02720128
SDF,2023-08-31 22:56,10.00,4500.00,KSDF 312256Z 06009KT 10SM FEW045 26/12 A3004 RMK AO2 SLP168 T02610122
SDF,2023-08-31 23:56,10.00,M,KSDF 312356Z 06010KT 10SM CLR 25/11 A3004 RMK AO2 SLP167 T02500111 10278 20244 52003
