station,valid,metar
SMF,2023-05-31 00:53,KSMF 310053Z 17011KT 10SM CLR 24/12 A2984 RMK AO2 SLP103 T02390122
SMF,2023-05-31 01:53,KSMF 310153Z 17013KT 10SM CLR 22/12 A2983 RMK AO2 SLP102 T02220117
SMF,2023-05-31 02:53,KSMF 310253Z 16009KT 10SM CLR 20/11 A2984 RMK AO2 SLP104 T02000111 55000
SMF,2023-05-31 03:53,KSMF 310353Z 16011KT 10SM CLR 18/11 A2985 RMK AO2 SLP106 T01780106
SMF,2023-05-31 04:53,KSMF 310453Z 14014KT 10SM CLR 16/10 A2986 RMK AO2 SLP111 T01610100
SMF,2023-05-31 05:53,KSMF 310553Z 15013G18KT 10SM CLR 15/09 A2987 RMK AO2 SLP114 T01500094 10250 20150 53009
SMF,2023-05-31 06:53,KSMF 310653Z 15010KT 10SM FEW200 14/09 A2987 RMK AO2 SLP113 T01390094
SMF,2023-05-31 07:53,KSMF 310753Z 15010KT 10SM CLR 13/09 A2986 RMK AO2 SLP111 T01330094 402560122
SMF,2023-05-31 08:53,KSMF 310853Z 15012KT 10SM CLR 13/09 A2986 RMK AO2 SLP110 T01280094 56003
SMF,2023-05-31 09:53,KSMF 310953Z 14012KT 10SM CLR 12/09 A2986 RMK AO2 SLP111 T01220094
SMF,2023-05-31 10:53,KSMF 311053Z 15010KT 10SM CLR 12/09 A2986 RMK AO2 SLP110 T01220094
SMF,2023-05-31 11:53,KSMF 311153Z 15009KT 10SM CLR 12/09 A2986 RMK AO2 SLP110 T01220094 10150 20122 58001
SMF,2023-05-31 12:53,KSMF 311253Z 14009KT 10SM CLR 12/09 A2986 RMK AO2 SLP110 T01220094
SMF,2023-05-31 13:53,KSMF 311353Z 14009KT 10SM CLR 13/09 A2987 RMK AO2 SLP114 T01280094
SMF,2023-05-31 14:53,KSMF 311453Z 15008KT 10SM BKN011 BKN200 14/10 A2988 RMK AO2 SLP117 T01390100 53007
SMF,2023-05-31 15:53,KSMF 311553Z 17005KT 10SM BKN014 BKN200 16/11 A2989 RMK AO2 SLP119 T01560106
SMF,2023-05-31 16:53,KSMF 311653Z 19005KT 10SM BKN018 BKN250 18/11 A2988 RMK AO2 SLP119 T01780111
SMF,2023-05-31 17:53,KSMF 311753Z VRB03KT 10SM BKN250 19/12 A2988 RMK AO2 SLP116 T01940117 10194 20122 58001
SMF,2023-05-31 18:53,KSMF 311853Z 20006KT 10SM CLR 21/12 A2987 RMK AO2 SLP113 T02060122
SMF,2023-05-31 19:53,KSMF 311953Z 18006KT 10SM CLR 22/13 A2985 RMK AO2 SLP106 T02220128
SMF,2023-05-31 20:53,KSMF 312053Z 20005KT 10SM CLR 24/13 A2983 RMK AO2 SLP099 T02390128 58017
SMF,2023-05-31 21:53,KSMF 312153Z 22008KT 10SM CLR 25/13 A2980 RMK AO2 SLP091 T02500128
SMF,2023-05-31 22:53,KSMF 312253Z 19009KT 10SM CLR 26/13 A2979 RMK AO2 SLP086 T02560128
SMF,2023-05-31 23:53,KSMF 312353Z VRB05KT 10SM CLR 26/12 A2977 RMK AO2 SLP081 T02610122 10261 20189 56018
SMF,2023-06-01 00:53,KSMF 010053Z 18012KT 10SM CLR 26/13 A2975 RMK AO2 SLP075 T02560128
SMF,2023-06-01 01:53,KSMF 010153Z 17013KT 10SM CLR 24/13 A2975 RMK AO2 SLP074 T02440133
SMF,2023-06-01 03:53,KSMF 010353Z 16011KT 10SM CLR 18/11 A2976 RMK AO2 SLP078 T01780111
SMF,2023-06-01 04:53,KSMF 010453Z 17013KT 10SM CLR 17/11 A2978 RMK AO2 SLP083 T01670106
SMF,2023-06-01 05:53,KSMF 010553Z 17011KT 10SM CLR 15/10 A2979 RMK AO2 SLP086 T01500100 10261 20150 52010
SMF,2023-06-01 06:53,KSMF 010653Z 15010KT 10SM CLR 14/10 A2979 RMK AO2 SLP088 T01440100
SMF,2023-06-01 07:53,KSMF 010753Z 16010KT 10SM CLR 14/09 A2979 RMK AO2 SLP088 T01390094 402610122
SMF,2023-06-01 08:53,KSMF 010853Z 16011KT 10SM CLR 13/09 A2978 RMK AO2 SLP085 T01280089 58001
SMF,2023-06-01 09:53,KSMF 010953Z 14010KT 10SM CLR 13/09 A2980 RMK AO2 SLP090 T01280094
SMF,2023-06-01 10:53,KSMF 011053Z 14010KT 10SM CLR 12/09 A2979 RMK AO2 SLP088 T01220094
SMF,2023-06-01 11:53,KSMF 011153Z 16008KT 10SM CLR 13/09 A2980 RMK AO2 SLP091 T01280094 10150 20122 51006
SMF,2023-06-01 12:53,KSMF 011253Z 17008KT 10SM CLR 12/09 A2981 RMK AO2 SLP094 T01220094
SMF,2023-06-01 13:53,KSMF 011353Z 17008KT 10SM CLR 13/10 A2983 RMK AO2 SLP100 T01280100
SMF,2023-06-01 14:53,KSMF 011453Z 20010KT 10SM CLR 14/11 A2984 RMK AO2 SLP105 T01440106 53014
SMF,2023-06-01 15:53,KSMF 011553Z 20007KT 10SM CLR 17/11 A2985 RMK AO2 SLP108 T01670111
SMF,2023-06-01 16:53,KSMF 011653Z 18007KT 10SM CLR 18/12 A2986 RMK AO2 SLP110 T01830117
SMF,2023-06-01 17:53,KSMF 011753Z 22007KT 10SM CLR 21/12 A2985 RMK AO2 SLP108 T02060122 10206 20122 50003
SMF,2023-06-01 18:53,KSMF 011853Z 21007KT 160V260 10SM CLR 23/13 A2985 RMK AO2 SLP107 T02280128
SMF,2023-06-01 19:53,KSMF 011953Z 21006KT 10SM CLR 24/13 A2984 RMK AO2 SLP104 T02440128
SMF,2023-06-01 20:53,KSMF 012053Z 21008KT 10SM CLR 26/12 A2983 RMK AO2 SLP102 T02560117 58007
SMF,2023-06-01 21:53,KSMF 012153Z 19007KT 10SM CLR 27/12 A2982 RMK AO2 SLP099 T02670117
SMF,2023-06-01 22:53,KSMF 012253Z 20009KT 10SM CLR 28/11 A2981 RMK AO2 SLP093 T02780111
SMF,2023-06-01 23:53,KSMF 012353Z 17009KT 10SM CLR 28/09 A2980 RMK AO2 SLP090 T02780089 10278 20211 57011
SMF,2023-06-02 00:53,KSMF 020053Z 17011KT 10SM CLR 27/11 A2980 RMK AO2 SLP091 T02670111
SMF,2023-06-02 01:53,KSMF 020153Z 17010KT 10SM CLR 26/12 A2980 RMK AO2 SLP091 T02560117
SMF,2023-06-02 02:53,KSMF 020253Z 18011KT 10SM CLR 22/12 A2981 RMK AO2 SLP095 T02220117 53004
SMF,2023-06-02 03:53,KSMF 020353Z 17011KT 10SM CLR 20/11 A2983 RMK AO2 SLP100 T02000106
SMF,2023-06-02 04:53,KSMF 020453Z 17011KT 10SM CLR 18/10 A2984 RMK AO2 SLP105 T01780100
SMF,2023-06-02 05:53,KSMF 020553Z 17010KT 10SM CLR 17/10 A2986 RMK AO2 SLP109 T01670100 10278 20167 51015
SMF,2023-06-02 06:53,KSMF 020653Z 16009KT 10SM CLR 16/09 A2986 RMK AO2 SLP111 T01610094
SMF,2023-06-02 07:53,KSMF 020753Z 17010KT 10SM CLR 15/09 A2987 RMK AO2 SLP114 T01500094 402780122
SMF,2023-06-02 08:53,KSMF 020853Z 16008KT 10SM CLR 14/09 A2987 RMK AO2 SLP115 T01440094 51006
SMF,2023-06-02 09:53,KSMF 020953Z 16007KT 10SM CLR 14/09 A2988 RMK AO2 SLP118 T01390094
SMF,2023-06-02 10:53,KSMF 021053Z 13006KT 10SM CLR 13/09 A2988 RMK AO2 SLP119 T01330094
SMF,2023-06-02 11:53,KSMF 021153Z 13007KT 10SM CLR 13/09 A2990 RMK AO2 SLP124 T01330094 10167 20133 53008
SMF,2023-06-02 12:53,KSMF 021253Z 13005KT 10SM CLR 13/09 A2991 RMK AO2 SLP128 T01280094
SMF,2023-06-02 13:53,KSMF 021353Z 14007KT 10SM CLR 13/09 A2993 RMK AO2 SLP135 T01330094
SMF,2023-06-02 14:53,KSMF 021453Z VRB03KT 10SM CLR 15/10 A2994 RMK AO2 SLP139 T01500100 51015
SMF,2023-06-02 15:53,KSMF 021553Z 00000KT 10SM CLR 17/11 A2996 RMK AO2 SLP144 T01670106
SMF,2023-06-02 16:53,KSMF 021653Z 21003KT 10SM CLR 19/11 A2996 RMK AO2 SLP144 T01890111
SMF,2023-06-02 17:53,KSMF 021753Z 00000KT 10SM CLR 22/11 A2996 RMK AO2 SLP143 T02170106 10217 20128 50005
SMF,2023-06-02 18:53,KSMF 021853Z 25009KT 210V290 10SM CLR 25/12 A2995 RMK AO2 SLP141 T02500117
SMF,2023-06-02 19:53,KSMF 021953Z VRB03KT 10SM CLR 26/11 A2994 RMK AO2 SLP137 T02610106
SMF,2023-06-02 20:53,KSMF 022053Z 00000KT 10SM CLR 27/12 A2992 RMK AO2 SLP130 T02720122 58013
SMF,2023-06-02 21:53,KSMF 022153Z 00000KT 10SM CLR 29/11 A2990 RMK AO2 SLP126 T02940111
SMF,2023-06-02 22:53,KSMF 022253Z VRB04KT 10SM CLR 30/12 A2989 RMK AO2 SLP120 T03000122
SMF,2023-06-02 23:53,KSMF 022353Z 21005KT 10SM CLR 31/12 A2987 RMK AO2 SLP115 T03060117 10311 20217 56015
SMF,2023-06-03 00:53,KSMF 030053Z VRB05KT 10SM CLR 31/11 A2986 RMK AO2 SLP112 T03060106
SMF,2023-06-03 01:53,KSMF 030153Z 18006KT 10SM CLR 30/11 A2986 RMK AO2 SLP110 T03000111
SMF,2023-06-03 02:53,KSMF 030253Z 19009KT 10SM CLR 27/13 A2986 RMK AO2 SLP112 T02720133 55004
SMF,2023-06-03 03:53,KSMF 030353Z 18008KT 10SM CLR 24/13 A2987 RMK AO2 SLP115 T02440133
SMF,2023-06-03 04:53,KSMF 030453Z 19008KT 10SM CLR 22/12 A2988 RMK AO2 SLP118 T02170122
SMF,2023-06-03 05:53,KSMF 030553Z 20009KT 10SM CLR 19/12 A2988 RMK AO2 SLP117 T01890117 10311 20189 50006
SMF,2023-06-03 06:53,KSMF 030653Z 21007KT 10SM CLR 18/12 A2987 RMK AO2 SLP115 T01780117
SMF,2023-06-03 07:53,KSMF 030753Z 14008KT 10SM CLR 18/11 A2988 RMK AO2 SLP117 T01780106 403110128
SMF,2023-06-03 08:53,KSMF 030853Z 15008KT 10SM CLR 17/10 A2987 RMK AO2 SLP115 T01720100 56003
SMF,2023-06-03 09:53,KSMF 030953Z 16007KT 10SM CLR 16/09 A2986 RMK AO2 SLP111 T01610094
SMF,2023-06-03 10:53,KSMF 031053Z 17009KT 10SM CLR 16/09 A2987 RMK AO2 SLP113 T01560094
SMF,2023-06-03 11:53,KSMF 031153Z 16004KT 10SM CLR 15/09 A2987 RMK AO2 SLP113 T01500094 10189 20150 55002
SMF,2023-06-03 12:53,KSMF 031253Z 17007KT 10SM CLR 14/10 A2988 RMK AO2 SLP117 T01390100
SMF,2023-06-03 13:53,KSMF 031353Z 16006KT 10SM CLR 14/10 A2990 RMK AO2 SLP125 T01440100
SMF,2023-06-03 14:53,KSMF 031453Z 16005KT 10SM FEW250 17/11 A2990 RMK AO2 SLP125 T01670106 50012
SMF,2023-06-03 15:53,KSMF 031553Z 14004KT 10SM FEW250 19/11 A2990 RMK AO2 SLP126 T01890106
SMF,2023-06-03 16:53,KSMF 031653Z VRB04KT 10SM FEW250 22/11 A2990 RMK AO2 SLP124 T02170111
SMF,2023-06-03 17:53,KSMF 031753Z 22005KT 10SM FEW250 24/12 A2990 RMK AO2 SLP124 T02390122 10239 20139 58000
SMF,2023-06-03 18:53,KSMF 031853Z VRB03KT 10SM CLR 26/14 A2988 RMK AO2 SLP118 T02610139
SMF,2023-06-03 19:53,KSMF 031953Z VRB03KT 10SM FEW250 29/12 A2987 RMK AO2 SLP113 T02890122
SMF,2023-06-03 20:53,KSMF 032053Z 00000KT 10SM FEW250 31/12 A2985 RMK AO2 SLP107 T03110117 58017
SMF,2023-06-03 21:53,KSMF 032153Z 19004KT 10SM FEW250 32/13 A2983 RMK AO2 SLP101 T03220128
SMF,2023-06-03 22:53,KSMF 032253Z 23005KT 10SM FEW250 33/11 A2981 RMK AO2 SLP095 T03280106
SMF,2023-06-03 23:53,KSMF 032353Z 20007KT 10SM FEW250 33/09 A2980 RMK AO2 SLP091 T03330094 10339 20239 56016
SMF,2023-06-04 00:53,KSMF 040053Z 20006KT 10SM SCT250 33/12 A2979 RMK AO2 SLP087 T03280122
SMF,2023-06-04 01:53,KSMF 040153Z 19009KT 10SM SCT250 32/11 A2978 RMK AO2 SLP085 T03220111
SMF,2023-06-04 02:53,KSMF 040253Z 19009KT 10SM FEW250 29/12 A2978 RMK AO2 SLP085 T02940122 56006
SMF,2023-06-04 03:53,KSMF 040353Z 20007KT 10SM FEW250 27/14 A2979 RMK AO2 SLP087 T02670139
SMF,2023-06-04 04:53,KSMF 040453Z 18007KT 10SM CLR 24/13 A2980 RMK AO2 SLP091 T02440128
SMF,2023-06-04 05:53,KSMF 040553Z 19007KT 10SM CLR 22/12 A2980 RMK AO2 SLP090 T02170122 10339 20217 50005
SMF,2023-06-04 06:53,KSMF 040653Z 14006KT 10SM CLR 21/12 A2980 RMK AO2 SLP089 T02060122
SMF,2023-06-04 07:53,KSMF 040753Z 13005KT 10SM CLR 21/11 A2980 RMK AO2 SLP090 T02110111 403390139
SMF,2023-06-04 08:53,KSMF 040853Z 16006KT 10SM CLR 21/11 A2980 RMK AO2 SLP091 T02060111 53001
SMF,2023-06-04 09:53,KSMF 040953Z 18006KT 10SM FEW250 19/11 A2980 RMK AO2 SLP090 T01890106
SMF,2023-06-04 10:53,KSMF 041053Z 17007KT 10SM FEW250 18/11 A2979 RMK AO2 SLP087 T01780106
SMF,2023-06-04 11:53,KSMF 041153Z 00000KT 10SM FEW250 18/11 A2980 RMK AO2 SLP091 T01780106 10222 20178 55000
SMF,2023-06-04 12:53,KSMF 041253Z 17004KT 10SM FEW250 18/11 A2980 RMK AO2 SLP090 T01780106
SMF,2023-06-04 13:53,KSMF 041353Z 17005KT 10SM FEW250 18/11 A2981 RMK AO2 SLP092 T01780111
SMF,2023-06-04 14:53,KSMF 041453Z VRB03KT 10SM FEW250 19/12 A2981 RMK AO2 SLP093 T01890117 53003
SMF,2023-06-04 15:53,KSMF 041553Z 00000KT 10SM FEW250 21/12 A2981 RMK AO2 SLP094 T02110117
SMF,2023-06-04 16:53,KSMF 041653Z 00000KT 10SM SCT250 25/13 A2980 RMK AO2 SLP092 T02500128
SMF,2023-06-04 17:53,KSMF 041753Z 00000KT 10SM FEW250 28/11 A2979 RMK AO2 SLP088 T02830111 10283 20150 58005
SMF,2023-06-04 18:53,KSMF 041853Z VRB04KT 10SM FEW250 31/12 A2978 RMK AO2 SLP085 T03060117
SMF,2023-06-04 19:53,KSMF 041953Z VRB03KT 10SM CLR 32/13 A2977 RMK AO2 SLP080 T03170128
SMF,2023-06-04 20:53,KSMF 042053Z 31003KT 10SM CLR 33/13 A2975 RMK AO2 SLP074 T03330128 58014
SMF,2023-06-04 21:53,KSMF 042153Z VRB03KT 10SM CLR 34/11 A2974 RMK AO2 SLP069 T03390111
SMF,2023-06-04 22:53,KSMF 042253Z 00000KT 10SM CLR 34/10 A2972 RMK AO2 SLP065 T03440100
SMF,2023-06-04 23:53,KSMF 042353Z 20008KT 10SM FEW250 34/13 A2971 RMK AO2 SLP060 T03440128 10350 20289 57014
SMF,2023-06-05 00:53,KSMF 050053Z 21010KT 10SM FEW250 34/12 A2970 RMK AO2 SLP056 T03440117
SMF,2023-06-05 01:53,KSMF 050153Z 21010KT 10SM FEW250 33/10 A2969 RMK AO2 SLP054 T03280100
SMF,2023-06-05 02:53,KSMF 050253Z 18009KT 10SM SCT250 31/12 A2969 RMK AO2 SLP054 T03060117 55006
SMF,2023-06-05 03:53,KSMF 050353Z 18010KT 10SM BKN250 27/15 A2970 RMK AO2 SLP056 T02670150
SMF,2023-06-05 04:53,KSMF 050453Z 18008KT 10SM BKN250 24/14 A2970 RMK AO2 SLP058 T02390139
SMF,2023-06-05 05:53,KSMF 050553Z 17008KT 10SM BKN250 22/13 A2971 RMK AO2 SLP058 T02170133 10350 20217 51004
SMF,2023-06-05 06:53,KSMF 050653Z 15008KT 10SM BKN250 21/12 A2970 RMK AO2 SLP058 T02060122
SMF,2023-06-05 07:53,KSMF 050753Z 17005KT 10SM BKN200 21/12 A2970 RMK AO2 SLP058 T02060117 403500150
SMF,2023-06-05 08:53,KSMF 050853Z 15004KT 10SM BKN250 20/12 A2970 RMK AO2 SLP057 T02000117 58002
SMF,2023-06-05 09:53,KSMF 050953Z 18006KT 10SM OVC250 18/11 A2970 RMK AO2 SLP055 T01830111
SMF,2023-06-05 10:53,KSMF 051053Z 19008KT 10SM BKN170 17/11 A2969 RMK AO2 SLP052 T01670111
SMF,2023-06-05 11:53,KSMF 051153Z 14007KT 10SM OVC150 17/11 A2971 RMK AO2 SLP060 T01670111 10217 20161 53003
SMF,2023-06-05 12:53,KSMF 051253Z 21006KT 10SM BKN150 16/11 A2970 RMK AO2 SLP058 T01610111
SMF,2023-06-05 13:53,KSMF 051353Z 20006KT 10SM BKN240 16/11 A2971 RMK AO2 SLP061 T01560111
SMF,2023-06-05 14:53,KSMF 051453Z 18004KT 10SM BKN220 17/12 A2972 RMK AO2 SLP062 T01670117 53002
SMF,2023-06-05 15:53,KSMF 051553Z 13003KT 10SM BKN220 20/12 A2971 RMK AO2 SLP061 T02000117
SMF,2023-06-05 16:53,KSMF 051653Z COR 19005KT 10SM SCT210 23/13 A2971 RMK AO2 SLP059 T02330128
SMF,2023-06-05 17:53,KSMF 051753Z 20007KT 10SM SCT200 27/14 A2970 RMK AO2 SLP057 T02670144 10267 20156 58005
SMF,2023-06-05 18:53,KSMF 051853Z 00000KT 10SM SCT220 29/14 A2969 RMK AO2 SLP053 T02890144
SMF,2023-06-05 19:53,KSMF 051953Z 18006KT 10SM SCT250 30/16 A2967 RMK AO2 SLP048 T03000156
SMF,2023-06-05 20:53,KSMF 052053Z 16011KT 10SM SCT250 30/16 A2966 RMK AO2 SLP045 T03000156 56012
SMF,2023-06-05 21:53,KSMF 052153Z 17012KT 10SM BKN250 29/15 A2966 RMK AO2 SLP043 T02890150
SMF,2023-06-05 22:53,KSMF 052253Z 15015G20KT 10SM BKN250 29/14 A2968 RMK AO2 SLP050 T02890144
SMF,2023-06-05 23:53,KSMF 052353Z 19014KT 10SM BKN250 26/14 A2967 RMK AO2 SLP047 T02610139 10311 20256 50002
SMF,2023-06-06 00:53,KSMF 060053Z 18014KT 10SM BKN210 26/14 A2967 RMK AO2 SLP048 T02560139
SMF,2023-06-06 01:53,KSMF 060153Z 17014KT 10SM BKN210 23/13 A2970 RMK AO2 SLP056 T02280128
SMF,2023-06-06 02:53,KSMF 060253Z 18014KT 10SM BKN210 19/12 A2970 RMK AO2 SLP058 T01940117 53010
SMF,2023-06-06 03:53,KSMF 060353Z 17009KT 10SM BKN150 BKN210 18/11 A2970 RMK AO2 SLP056 T01830111
SMF,2023-06-06 04:53,KSMF 060453Z 14011KT 10SM BKN150 BKN210 18/11 A2973 RMK AO2 SLP066 T01830111
SMF,2023-06-06 05:53,KSMF 060553Z 15012KT 10SM BKN200 17/11 A2976 RMK AO2 SLP077 T01720111 10261 20172 53019
SMF,2023-06-06 06:53,KSMF 060653Z 18010KT 10SM BKN170 17/11 A2974 RMK AO2 SLP071 T01670106
SMF,2023-06-06 07:53,KSMF 060753Z 11005KT 10SM BKN200 17/11 A2973 RMK AO2 SLP067 T01670106 403110156
SMF,2023-06-06 08:53,KSMF 060853Z COR 13008KT 10SM BKN250 17/10 A2972 RMK AO2 SLP064 T01720100 56013
SMF,2023-06-06 09:53,KSMF 060953Z 18006KT 10SM OVC230 16/11 A2970 RMK AO2 SLP058 T01560106
SMF,2023-06-06 10:53,KSMF 061053Z 13005KT 10SM BKN200 16/11 A2971 RMK AO2 SLP059 T01560106
SMF,2023-06-06 11:53,KSMF 061153Z 11006KT 10SM BKN250 16/11 A2970 RMK AO2 SLP058 T01610106 10172 20150 56007
SMF,2023-06-06 12:53,KSMF 061253Z 14009KT 10SM BKN150 BKN250 17/10 A2972 RMK AO2 SLP062 T01670100
SMF,2023-06-06 13:53,KSMF 061353Z 15011KT 10SM OVC140 16/11 A2974 RMK AO2 SLP070 T01610106
SMF,2023-06-06 14:53,KSMF 061453Z 17015G23KT 10SM OVC170 17/11 A2976 RMK AO2 SLP079 T01670106 53021
SMF,2023-06-06 15:53,KSMF 061553Z 18017KT 10SM OVC130 17/11 A2979 RMK AO2 SLP087 T01670106
SMF,2023-06-06 16:53,KSMF 061653Z 16010KT 10SM -RA FEW042 BKN090 OVC110 17/11 A2979 RMK AO2 RAB18 SLP087 P0000 T01670111
SMF,2023-06-06 17:53,KSMF 061753Z 17008KT 10SM OVC170 18/12 A2979 RMK AO2 WSHFT 1656 RAE12 SLP087 P0000 60000 T01830117 10183 20161 51008
SMF,2023-06-06 18:53,KSMF 061853Z 16011KT 10SM BKN210 21/12 A2980 RMK AO2 SLP090 T02060122
SMF,2023-06-06 19:53,KSMF 061953Z 20010KT 10SM SCT150 22/12 A2980 RMK AO2 SLP091 T02170122
SMF,2023-06-06 20:53,KSMF 062053Z COR 17008KT 130V190 10SM BKN200 24/12 A2979 RMK AO2 SLP089 T02390122 50002
SMF,2023-06-06 21:53,KSMF 062153Z 15015G21KT 10SM BKN200 24/12 A2981 RMK AO2 SLP093 T02390122
SMF,2023-06-06 22:53,KSMF 062253Z 19016KT 10SM BKN200 24/12 A2980 RMK AO2 SLP090 T02390117
SMF,2023-06-06 23:53,KSMF 062353Z 22015KT 10SM -RA FEW029 SCT060 BKN110 BKN250 22/12 A2977 RMK AO2 RAB49 SLP079 P0000 60000 T02220117 10244 20183 58009
SMF,2023-06-07 00:53,KSMF 070053Z 15010KT 10SM BKN150 BKN200 23/11 A2978 RMK AO2 RAE02 SLP085 P0000 T02330111
SMF,2023-06-07 01:53,KSMF 070153Z 15010KT 10SM BKN150 BKN200 22/12 A2979 RMK AO2 SLP088 T02220117
SMF,2023-06-07 02:53,KSMF 070253Z 18012KT 10SM BKN150 BKN200 20/12 A2979 RMK AO2 SLP087 60000 T02000122 50007
SMF,2023-06-07 03:53,KSMF 070353Z 14008KT 10SM BKN150 BKN200 19/12 A2981 RMK AO2 SLP092 T01890122
SMF,2023-06-07 04:53,KSMF 070453Z 13008KT 10SM BKN150 BKN200 19/12 A2982 RMK AO2 SLP096 T01890117
SMF,2023-06-07 05:53,KSMF 070553Z 17006KT 10SM SCT220 17/12 A2984 RMK AO2 SLP104 60000 T01720117 10233 20172 53017
SMF,2023-06-07 06:53,KSMF 070653Z 16007KT 10SM SCT250 17/11 A2984 RMK AO2 SLP105 T01670111
SMF,2023-06-07 07:53,KSMF 070753Z 15007KT 10SM FEW250 16/11 A2983 RMK AO2 SLP102 T01610111 402440150
SMF,2023-06-07 08:53,KSMF 070853Z 13006KT 10SM CLR 16/11 A2983 RMK AO2 SLP102 T01560111 58002
SMF,2023-06-07 09:53,KSMF 070953Z 12006KT 10SM FEW250 16/11 A2983 RMK AO2 SLP102 T01560111
SMF,2023-06-07 10:53,KSMF 071053Z 12007KT 10SM FEW250 15/11 A2984 RMK AO2 SLP105 T01500106
SMF,2023-06-07 11:53,KSMF 071153Z 14007KT 10SM FEW250 15/11 A2985 RMK AO2 SLP106 T01500111 10172 20144 53005
SMF,2023-06-07 12:53,KSMF 071253Z 14008KT 10SM SCT050 15/11 A2986 RMK AO2 SLP111 T01500111
SMF,2023-06-07 13:53,KSMF 071353Z 14008KT 10SM BKN050 BKN250 16/11 A2987 RMK AO2 SLP114 T01560111
SMF,2023-06-07 14:53,KSMF 071453Z 14010KT 10SM FEW050 FEW250 17/11 A2989 RMK AO2 SLP119 T01720111 53013
SMF,2023-06-07 15:53,KSMF 071553Z 15008KT 10SM FEW250 19/12 A2990 RMK AO2 SLP123 T01890117
SMF,2023-06-07 16:53,KSMF 071653Z 16009KT 10SM FEW250 21/12 A2990 RMK AO2 SLP124 T02060117
SMF,2023-06-07 17:53,KSMF 071753Z 19007KT 10SM BKN046 BKN250 23/12 A2989 RMK AO2 SLP122 T02280122 10228 20144 50002
SMF,2023-06-07 18:53,KSMF 071853Z 21008KT 10SM FEW037 BKN047 BKN250 24/12 A2989 RMK AO2 SLP122 T02390122
SMF,2023-06-07 19:53,KSMF 071953Z 17012KT 10SM FEW038 OVC046 24/13 A2990 RMK AO2 SLP125 T02390128
SMF,2023-06-07 20:53,KSMF 072053Z 17010KT 10SM OVC049 25/13 A2989 RMK AO2 SLP122 T02500128 50001
SMF,2023-06-07 21:53,KSMF 072153Z 17011KT 10SM FEW050 25/13 A2989 RMK AO2 SLP121 T02500128
SMF,2023-06-07 22:53,KSMF 072253Z 16014G22KT 10SM BKN050 24/13 A2989 RMK AO2 SLP122 T02440128
SMF,2023-06-07 23:53,KSMF 072353Z 18015KT 10SM BKN050 23/12 A2991 RMK AO2 SLP127 T02330122 10261 20222 53004
SMF,2023-06-08 00:53,KSMF 080053Z 17012KT 10SM BKN060 23/12 A2990 RMK AO2 SLP126 T02330122
SMF,2023-06-08 01:53,KSMF 080153Z 17013KT 10SM BKN060 23/12 A2991 RMK AO2 SLP128 T02280122
SMF,2023-06-08 02:53,KSMF 080253Z 20011KT 10SM BKN065 22/12 A2993 RMK AO2 SLP133 T02170117 53006
SMF,2023-06-08 03:53,KSMF 080353Z 17008KT 10SM BKN070 20/12 A2993 RMK AO2 SLP135 T02000117
SMF,2023-06-08 04:53,KSMF 080453Z 17008KT 10SM BKN070 19/12 A2996 RMK AO2 SLP144 T01940117
SMF,2023-06-08 05:53,KSMF 080553Z 17009KT 10SM BKN075 18/11 A2997 RMK AO2 SLP148 T01830111 10239 20183 53015
SMF,2023-06-08 06:53,KSMF 080653Z 21009KT 10SM SCT075 18/11 A2996 RMK AO2 SLP145 T01780111
SMF,2023-06-08 07:53,KSMF 080753Z 20004KT 10SM CLR 17/11 A2997 RMK AO2 SLP147 T01670111 402610144
SMF,2023-06-08 08:53,KSMF 080853Z 12005KT 10SM CLR 17/11 A2998 RMK AO2 SLP150 T01670111 53002
SMF,2023-06-08 09:53,KSMF 080953Z 15008KT 10SM FEW070 16/11 A2997 RMK AO2 SLP148 T01610106
SMF,2023-06-08 10:53,KSMF 081053Z 15009KT 10SM BKN070 16/11 A2997 RMK AO2 SLP147 T01610106
SMF,2023-06-08 11:53,KSMF 081153Z 15010KT 10SM BKN070 16/11 A2997 RMK AO2 SLP147 T01610106 10183 20156 55003
SMF,2023-06-08 12:53,KSMF 081253Z 14007KT 10SM OVC065 16/11 A2997 RMK AO2 SLP149 T01610106
SMF,2023-06-08 13:53,KSMF 081353Z 15007KT 10SM OVC065 16/11 A2998 RMK AO2 SLP150 T01610106
SMF,2023-06-08 14:53,KSMF 081453Z 18007KT 10SM BKN060 BKN250 17/11 A2999 RMK AO2 SLP153 T01670106 53006
SMF,2023-06-08 15:53,KSMF 081553Z 17006KT 10SM BKN060 BKN250 18/11 A3000 RMK AO2 SLP157 T01830111
SMF,2023-06-08 16:53,KSMF 081653Z 18004KT 10SM SCT060 SCT250 20/12 A2999 RMK AO2 SLP156 T02000117
SMF,2023-06-08 17:53,KSMF 081753Z 13005KT 10SM SCT250 23/12 A2998 RMK AO2 SLP152 T02280117 10228 20156 58001
SMF,2023-06-08 18:53,KSMF 081853Z 23006KT 10SM SCT250 24/12 A2998 RMK AO2 SLP152 T02440117
SMF,2023-06-08 19:53,KSMF 081953Z VRB05KT 10SM SCT250 26/12 A2997 RMK AO2 SLP148 T02560117
SMF,2023-06-08 20:53,KSMF 082053Z 20005KT 10SM FEW250 26/13 A2996 RMK AO2 SLP144 T02610133 58008
SMF,2023-06-08 21:53,KSMF 082153Z 16008KT 10SM FEW050 FEW250 27/13 A2995 RMK AO2 SLP140 T02670128
SMF,2023-06-08 22:53,KSMF 082253Z 21010G15KT 10SM FEW050 FEW250 28/12 A2994 RMK AO2 SLP138 T02780122
SMF,2023-06-08 23:53,KSMF 082353Z 17012KT 10SM FEW050 FEW250 27/12 A2994 RMK AO2 SLP137 T02720117 10283 20228 56007
SMF,2023-06-09 00:53,KSMF 090053Z 19013KT 10SM BKN250 26/11 A2993 RMK AO2 SLP135 T02610106
SMF,2023-06-09 01:53,KSMF 090153Z 19012KT 10SM BKN250 25/12 A2994 RMK AO2 SLP137 T02500122
SMF,2023-06-09 02:53,KSMF 090253Z 19013KT 10SM BKN250 23/12 A2994 RMK AO2 SLP138 T02330122 53000
SMF,2023-06-09 03:53,KSMF 090353Z 20010KT 10SM BKN250 21/12 A2995 RMK AO2 SLP140 T02110117
SMF,2023-06-09 04:53,KSMF 090453Z 16008KT 10SM SCT250 20/11 A2996 RMK AO2 SLP144 T02000111
SMF,2023-06-09 05:53,KSMF 090553Z 15009KT 10SM SCT200 18/11 A2997 RMK AO2 SLP148 T01830106 10278 20183 53010
SMF,2023-06-09 06:53,KSMF 090653Z 16007KT 10SM FEW200 17/10 A2996 RMK AO2 SLP146 T01720100
SMF,2023-06-09 07:53,KSMF 090753Z 14010KT 10SM CLR 17/10 A2996 RMK AO2 SLP145 T01670100 402830156
SMF,2023-06-09 08:53,KSMF 090853Z 15010KT 10SM CLR 16/10 A2996 RMK AO2 SLP145 T01560100 56004
SMF,2023-06-09 09:53,KSMF 090953Z 14009KT 10SM FEW200 15/10 A2995 RMK AO2 SLP143 T01500100
SMF,2023-06-09 10:53,KSMF 091053Z 16009KT 10SM SCT200 14/10 A2995 RMK AO2 SLP142 T01440100
SMF,2023-06-09 11:53,KSMF 091153Z 15011KT 10SM FEW200 14/10 A2996 RMK AO2 SLP144 T01390100 10183 20139 55000
SMF,2023-06-09 12:53,KSMF 091253Z 16010KT 10SM SCT200 14/10 A2996 RMK AO2 SLP145 T01390100
SMF,2023-06-09 13:53,KSMF 091353Z 17010KT 10SM BKN220 14/10 A2997 RMK AO2 SLP147 T01440100
SMF,2023-06-09 14:53,KSMF 091453Z 16009KT 10SM BKN250 16/11 A2998 RMK AO2 SLP151 T01560106 53007
SMF,2023-06-09 15:53,KSMF 091553Z 17010KT 10SM SCT250 18/11 A2998 RMK AO2 SLP153 T01780111
SMF,2023-06-09 16:53,KSMF 091653Z 16008KT 10SM FEW250 21/12 A2998 RMK AO2 SLP152 T02060117
SMF,2023-06-09 17:53,KSMF 091753Z 19009KT 10SM FEW250 22/12 A2998 RMK AO2 SLP150 T02220117 10222 20139 58001
SMF,2023-06-09 18:53,KSMF 091853Z 19009KT 10SM FEW250 23/12 A2997 RMK AO2 SLP148 T02330117
SMF,2023-06-09 19:53,KSMF 091953Z 20011KT 10SM BKN250 24/11 A2995 RMK AO2 SLP143 T02440111
SMF,2023-06-09 20:53,KSMF 092053Z 19009KT 10SM BKN250 26/11 A2994 RMK AO2 SLP137 T02610111 58014
SMF,2023-06-09 21:53,KSMF 092153Z 18010KT 10SM BKN250 27/11 A2992 RMK AO2 SLP131 T02670111
SMF,2023-06-09 22:53,KSMF 092253Z 16009KT 10SM BKN250 27/12 A2990 RMK AO2 SLP126 T02670122
SMF,2023-06-09 23:53,KSMF 092353Z 16009KT 10SM BKN250 26/11 A2989 RMK AO2 SLP121 T02560106 10272 20217 56016
SMF,2023-06-10 00:53,KSMF 100053Z 16012KT 10SM BKN250 26/09 A2987 RMK AO2 SLP116 T02610089
SMF,2023-06-10 01:53,KSMF 100153Z 16010KT 10SM BKN250 24/11 A2987 RMK AO2 SLP115 T02440111
SMF,2023-06-10 02:53,KSMF 100253Z 17010KT 10SM BKN250 21/11 A2988 RMK AO2 SLP117 T02110106 55003
SMF,2023-06-10 03:53,KSMF 100353Z 16010KT 10SM BKN250 19/10 A2988 RMK AO2 SLP119 T01890100
SMF,2023-06-10 04:53,KSMF 100453Z 15009KT 10SM BKN250 18/09 A2989 RMK AO2 SLP122 T01780094
SMF,2023-06-10 05:53,KSMF 100553Z 15010KT 10SM BKN250 16/09 A2990 RMK AO2 SLP125 T01560089 10272 20156 53008
SMF,2023-06-10 06:53,KSMF 100653Z 14011KT 10SM SCT250 14/09 A2990 RMK AO2 SLP125 T01440094
SMF,2023-06-10 07:53,KSMF 100753Z 14010KT 10SM FEW250 14/09 A2990 RMK AO2 SLP125 T01390094 402720139
SMF,2023-06-10 08:53,KSMF 100853Z 15010KT 10SM FEW250 13/09 A2989 RMK AO2 SLP122 T01330094 58004
SMF,2023-06-10 09:53,KSMF 100953Z 14009KT 10SM FEW250 13/09 A2988 RMK AO2 SLP117 T01280094
SMF,2023-06-10 10:53,KSMF 101053Z 14006KT 10SM SCT250 13/09 A2987 RMK AO2 SLP116 T01280094
SMF,2023-06-10 11:53,KSMF 101153Z 14007KT 10SM SCT250 13/10 A2987 RMK AO2 SLP114 T01280100 10156 20122 56008
SMF,2023-06-10 12:53,KSMF 101253Z 13006KT 10SM FEW010 BKN250 13/10 A2987 RMK AO2 SLP114 T01280100
SMF,2023-06-10 13:53,KSMF 101353Z 14004KT 10SM FEW010 BKN250 13/10 A2988 RMK AO2 SLP116 T01330100
SMF,2023-06-10 14:53,KSMF 101453Z VRB03KT 10SM BKN250 14/11 A2988 RMK AO2 SLP119 T01440106 53005
SMF,2023-06-10 15:53,KSMF 101553Z 19004KT 10SM BKN250 17/11 A2989 RMK AO2 SLP122 T01670111
SMF,2023-06-10 16:53,KSMF 101653Z VRB03KT 10SM BKN250 19/11 A2987 RMK AO2 SLP114 T01890106
SMF,2023-06-10 17:53,KSMF 101753Z 19005KT 10SM BKN250 21/12 A2987 RMK AO2 SLP113 T02110117 10211 20122 58006
SMF,2023-06-10 18:53,KSMF 101853Z VRB04KT 10SM BKN250 23/12 A2986 RMK AO2 SLP110 T02330117
SMF,2023-06-10 19:53,KSMF 101953Z 22006KT 10SM BKN250 26/11 A2983 RMK AO2 SLP101 T02560111
SMF,2023-06-10 20:53,KSMF 102053Z VRB05KT 10SM BKN250 27/12 A2981 RMK AO2 SLP094 T02720117 58019
SMF,2023-06-10 21:53,KSMF 102153Z 14008KT 10SM FEW150 BKN250 27/12 A2980 RMK AO2 SLP091 T02720117
SMF,2023-06-10 22:53,KSMF 102253Z 20009KT 10SM SCT120 BKN250 28/12 A2980 RMK AO2 SLP089 T02830117
SMF,2023-06-10 23:53,KSMF 102353Z 17010KT 10SM SCT044 OVC120 26/12 A2980 RMK AO2 SLP090 T02610117 10283 20206 55005
SMF,2023-06-11 00:53,KSMF 110053Z 15008G18KT 10SM SCT045 BKN110 25/13 A2979 RMK AO2 RAB41E53 SLP087 P0000 T02500128
SMF,2023-06-11 01:53,KSMF 110153Z 16008KT 10SM BKN110 BKN140 25/12 A2978 RMK AO2 SLP084 T02500122
SMF,2023-06-11 02:53,KSMF 110253Z 20009KT 10SM BKN140 BKN250 23/13 A2978 RMK AO2 SLP084 60000 T02330133 55005
SMF,2023-06-11 03:53,KSMF 110353Z 17008KT 10SM SCT120 SCT250 20/12 A2979 RMK AO2 SLP085 T02000122
SMF,2023-06-11 04:53,KSMF 110453Z 14008KT 10SM FEW150 SCT250 18/12 A2980 RMK AO2 SLP091 T01830117
SMF,2023-06-11 05:53,KSMF 110553Z 16008KT 10SM FEW120 BKN250 18/12 A2980 RMK AO2 SLP089 60000 T01780117 10261 20178 50005
SMF,2023-06-11 06:53,KSMF 110653Z 17005KT 10SM SCT250 16/11 A2979 RMK AO2 SLP088 T01610111
SMF,2023-06-11 07:53,KSMF 110753Z 15006KT 10SM FEW250 16/11 A2979 RMK AO2 SLP087 T01610111 402830122
SMF,2023-06-11 08:53,KSMF 110853Z 19003KT 10SM FEW250 16/11 A2977 RMK AO2 SLP079 T01560106 58010
SMF,2023-06-11 09:53,KSMF 110953Z 11004KT 10SM FEW250 15/11 A2976 RMK AO2 SLP078 T01500106
SMF,2023-06-11 10:53,KSMF 111053Z 14005KT 10SM FEW250 15/11 A2976 RMK AO2 SLP077 T01500106
SMF,2023-06-11 11:53,KSMF 111153Z 15007KT 10SM FEW150 FEW250 14/11 A2975 RMK AO2 SLP073 T01440106 10178 20144 58005
SMF,2023-06-11 12:53,KSMF 111253Z 17007KT 10SM FEW150 FEW250 14/11 A2976 RMK AO2 SLP076 T01390106
SMF,2023-06-11 13:53,KSMF 111353Z 16005KT 10SM FEW150 SCT250 15/11 A2977 RMK AO2 SLP079 T01500111
SMF,2023-06-11 14:53,KSMF 111453Z 14006KT 10SM FEW150 SCT250 17/12 A2978 RMK AO2 SLP084 T01670117 53011
SMF,2023-06-11 15:53,KSMF 111553Z 16008KT 10SM BKN250 19/12 A2978 RMK AO2 SLP085 T01890122
SMF,2023-06-11 16:53,KSMF 111653Z 17010G17KT 10SM BKN250 21/13 A2979 RMK AO2 SLP086 T02060128
SMF,2023-06-11 17:53,KSMF 111753Z 17012KT 10SM BKN230 23/13 A2978 RMK AO2 SLP085 T02280128 10228 20139 50001
SMF,2023-06-11 18:53,KSMF 111853Z 21011KT 10SM BKN250 25/13 A2978 RMK AO2 SLP084 T02500133
SMF,2023-06-11 19:53,KSMF 111953Z 21010KT 10SM FEW150 BKN250 27/13 A2977 RMK AO2 SLP080 T02670133
SMF,2023-06-11 20:53,KSMF 112053Z 17008KT 10SM BKN250 29/13 A2975 RMK AO2 SLP074 T02890133 58011
SMF,2023-06-11 21:53,KSMF 112153Z 19011KT 10SM BKN250 29/14 A2974 RMK AO2 SLP070 T02890139
SMF,2023-06-11 22:53,KSMF 112253Z 17012KT 10SM BKN250 28/13 A2974 RMK AO2 SLP069 T02780133
SMF,2023-06-11 23:53,KSMF 112353Z 16011KT 10SM BKN180 26/14 A2974 RMK AO2 SLP071 T02610139 10300 20228 55003
SMF,2023-06-12 00:53,KSMF 120053Z 17010KT 10SM BKN210 BKN250 25/14 A2976 RMK AO2 SLP076 T02500144
SMF,2023-06-12 01:53,KSMF 120153Z 15012KT 10SM BKN170 BKN220 23/13 A2978 RMK AO2 SLP085 T02280133
SMF,2023-06-12 02:53,KSMF 120253Z 17013KT 10SM BKN150 OVC210 20/12 A2981 RMK AO2 SLP092 T02000122 53022
SMF,2023-06-12 03:53,KSMF 120353Z 17011KT 10SM BKN120 OVC210 18/12 A2982 RMK AO2 SLP096 T01830117
SMF,2023-06-12 04:53,KSMF 120453Z 18008KT 10SM BKN140 OVC210 18/12 A2984 RMK AO2 SLP104 T01780117
SMF,2023-06-12 05:53,KSMF 120553Z 16010KT 10SM OVC230 17/11 A2984 RMK AO2 SLP105 T01720111 10261 20172 51013
SMF,2023-06-12 06:53,KSMF 120653Z 16012KT 10SM BKN220 16/11 A2984 RMK AO2 SLP105 T01610111
SMF,2023-06-12 07:53,KSMF 120753Z 14009KT 10SM BKN110 BKN220 16/11 A2985 RMK AO2 SLP108 T01560106 403000139
SMF,2023-06-12 08:53,KSMF 120853Z 14011KT 10SM BKN110 16/11 A2985 RMK AO2 SLP107 T01560106 50002
SMF,2023-06-12 09:53,KSMF 120953Z 14012KT 10SM BKN100 16/11 A2987 RMK AO2 SLP113 T01560106
SMF,2023-06-12 10:53,KSMF 121053Z 15009KT 10SM BKN095 16/11 A2989 RMK AO2 SLP122 T01610106
SMF,2023-06-12 11:53,KSMF 121153Z 16010KT 10SM OVC090 16/11 A2989 RMK AO2 SLP122 T01560106 10172 20156 51015
SMF,2023-06-12 12:53,KSMF 121253Z 16008KT 10SM SCT110 BKN140 16/11 A2990 RMK AO2 SLP124 T01560106
SMF,2023-06-12 13:53,KSMF 121353Z 17009KT 10SM SCT140 BKN180 16/10 A2992 RMK AO2 SLP131 T01560100
SMF,2023-06-12 14:53,KSMF 121453Z 17010KT 10SM OVC170 16/11 A2995 RMK AO2 SLP141 T01610106 53019
SMF,2023-06-12 15:53,KSMF 121553Z 17009KT 10SM FEW070 FEW080 BKN110 OVC150 17/11 A2996 RMK AO2 SLP145 T01720111
SMF,2023-06-12 16:53,KSMF 121653Z 17006KT 10SM FEW039 FEW080 SCT120 OVC150 19/11 A2997 RMK AO2 SLP147 T01890111
SMF,2023-06-12 17:53,KSMF 121753Z 18008KT 10SM FEW050 FEW070 FEW100 BKN180 21/12 A2998 RMK AO2 SLP150 T02060117 10206 20156 51009
SMF,2023-06-12 18:53,KSMF 121853Z 14008KT 10SM FEW110 BKN150 22/12 A2998 RMK AO2 SLP151 T02220117
SMF,2023-06-12 19:53,KSMF 121953Z 17005KT 10SM BKN140 23/12 A2997 RMK AO2 SLP148 T02280117
SMF,2023-06-12 20:53,KSMF 122053Z VRB05KT 10SM BKN140 24/12 A2995 RMK AO2 SLP142 T02390122 58008
SMF,2023-06-12 21:53,KSMF 122153Z 17010KT 10SM SCT140 26/13 A2993 RMK AO2 SLP133 T02560128
SMF,2023-06-12 22:53,KSMF 122253Z 18012KT 10SM SCT140 27/13 A2991 RMK AO2 SLP128 T02670128
SMF,2023-06-12 23:53,KSMF 122353Z 18010KT 10SM FEW140 SCT250 26/12 A2991 RMK AO2 SLP127 T02610122 10267 20206 56016
SMF,2023-06-13 00:53,KSMF 130053Z 17008KT 10SM FEW140 FEW250 27/14 A2990 RMK AO2 SLP125 T02720139
SMF,2023-06-13 01:53,KSMF 130153Z 18010KT 10SM FEW100 BKN250 25/13 A2990 RMK AO2 SLP125 T02500133
SMF,2023-06-13 02:53,KSMF 130253Z 16009KT 10SM SCT100 BKN250 23/13 A2992 RMK AO2 SLP132 T02330128 53005
SMF,2023-06-13 03:53,KSMF 130353Z 17011KT 10SM SCT100 BKN250 21/12 A2991 RMK AO2 SLP128 T02110117
SMF,2023-06-13 04:53,KSMF 130453Z 17011KT 10SM SCT100 BKN250 18/11 A2994 RMK AO2 SLP138 T01830111
SMF,2023-06-13 05:53,KSMF 130553Z 16009KT 10SM SCT140 SCT250 17/11 A2996 RMK AO2 SLP144 T01720111 10272 20172 53012
SMF,2023-06-13 06:53,KSMF 130653Z 15008KT 10SM SCT140 17/12 A2996 RMK AO2 SLP145 T01670117
SMF,2023-06-13 07:53,KSMF 130753Z 14010KT 10SM SCT150 16/11 A2996 RMK AO2 SLP144 T01610111 402720156
SMF,2023-06-13 08:53,KSMF 130853Z 14010KT 10SM FEW140 16/11 A2995 RMK AO2 SLP142 T01610111 58002
SMF,2023-06-13 09:53,KSMF 130953Z 14009KT 10SM FEW140 16/11 A2995 RMK AO2 SLP142 T01560111
SMF,2023-06-13 10:53,KSMF 131053Z 14010KT 10SM FEW250 16/11 A2996 RMK AO2 SLP143 T01560111
SMF,2023-06-13 11:53,KSMF 131153Z 14010KT 10SM CLR 15/11 A2996 RMK AO2 SLP144 T01500106 10172 20150 53002
SMF,2023-06-13 12:53,KSMF 131253Z 13008KT 10SM FEW150 FEW250 15/11 A2997 RMK AO2 SLP149 T01500106
SMF,2023-06-13 13:53,KSMF 131353Z 14009KT 10SM CLR 16/11 A2998 RMK AO2 SLP153 T01560111
SMF,2023-06-13 14:53,KSMF 131453Z 14008KT 10SM CLR 17/11 A3000 RMK AO2 SLP157 T01720111 51013
SMF,2023-06-13 15:53,KSMF 131553Z 16006KT 10SM CLR 19/12 A3000 RMK AO2 SLP157 T01890117
SMF,2023-06-13 16:53,KSMF 131653Z 15005KT 10SM CLR 21/12 A3000 RMK AO2 SLP157 T02060122 $
SMF,2023-06-13 17:53,KSMF 131753Z 19005KT 10SM CLR 23/13 A2999 RMK AO2 SLP154 T02280128 10228 20144 58003
SMF,2023-06-13 18:53,KSMF 131853Z 21007KT 10SM CLR 26/14 A2998 RMK AO2 SLP151 T02560139
SMF,2023-06-13 19:53,KSMF 131953Z VRB04KT 10SM CLR 26/14 A2996 RMK AO2 SLP144 T02610139
SMF,2023-06-13 20:53,KSMF 132053Z 21009KT 10SM CLR 28/14 A2994 RMK AO2 SLP137 T02780144 58017
SMF,2023-06-13 21:53,KSMF 132153Z VRB05KT 10SM FEW250 28/14 A2991 RMK AO2 SLP127 T02830144
SMF,2023-06-13 22:53,KSMF 132253Z 17007G14KT 10SM SCT250 29/14 A2990 RMK AO2 SLP124 T02890144
SMF,2023-06-13 23:53,KSMF 132353Z 18011KT 10SM SCT250 29/14 A2989 RMK AO2 SLP120 T02890144 10289 20228 56017
SMF,2023-06-14 00:53,KSMF 140053Z 17013KT 10SM BKN250 28/14 A2987 RMK AO2 SLP113 T02780144
SMF,2023-06-14 01:53,KSMF 140153Z 19015KT 10SM BKN250 27/14 A2987 RMK AO2 SLP114 T02670139
SMF,2023-06-14 02:53,KSMF 140253Z 16010KT 10SM BKN250 24/14 A2987 RMK AO2 SLP115 T02440139 55005
SMF,2023-06-14 03:53,KSMF 140353Z 16010KT 10SM BKN250 22/13 A2988 RMK AO2 SLP117 T02220128
SMF,2023-06-14 04:53,KSMF 140453Z 15010KT 10SM BKN250 21/12 A2989 RMK AO2 SLP122 T02060122
SMF,2023-06-14 05:53,KSMF 140553Z 16011KT 10SM SCT250 19/12 A2989 RMK AO2 SLP120 T01940117 10289 20194 50005
SMF,2023-06-14 06:53,KSMF 140653Z 14010KT 10SM FEW250 18/12 A2990 RMK AO2 SLP126 T01780117
SMF,2023-06-14 07:53,KSMF 140753Z 16009KT 10SM SCT250 17/11 A2988 RMK AO2 SLP117 T01720111 402890144
SMF,2023-06-14 08:53,KSMF 140853Z 15007KT 10SM FEW250 17/11 A2988 RMK AO2 SLP119 T01670111 58001
SMF,2023-06-14 09:53,KSMF 140953Z 16007KT 10SM BKN250 16/11 A2988 RMK AO2 SLP117 T01560111
SMF,2023-06-14 10:53,KSMF 141053Z 16005KT 10SM FEW250 16/11 A2989 RMK AO2 SLP120 T01560111
SMF,2023-06-14 11:53,KSMF 141153Z 14006KT 10SM CLR 16/11 A2988 RMK AO2 SLP118 T01560106 10194 20150 58001
SMF,2023-06-14 12:53,KSMF 141253Z 15006KT 10SM CLR 15/11 A2988 RMK AO2 SLP118 T01500111
SMF,2023-06-14 13:53,KSMF 141353Z 17007KT 10SM CLR 16/11 A2989 RMK AO2 SLP119 T01560111
SMF,2023-06-14 14:53,KSMF 141453Z 14007KT 10SM CLR 17/12 A2989 RMK AO2 SLP120 T01670117 53002
SMF,2023-06-14 15:53,KSMF 141553Z 17005KT 10SM CLR 19/12 A2990 RMK AO2 SLP123 T01890122
SMF,2023-06-14 16:53,KSMF 141653Z 19006KT 10SM FEW250 21/13 A2989 RMK AO2 SLP122 T02060128
SMF,2023-06-14 17:53,KSMF 141753Z 18005KT 10SM BKN250 24/14 A2988 RMK AO2 SLP118 T02390139 10239 20144 58002
SMF,2023-06-14 18:53,KSMF 141853Z 20006KT 10SM BKN250 26/14 A2987 RMK AO2 SLP114 T02610144
SMF,2023-06-14 19:53,KSMF 141953Z VRB05KT 10SM BKN250 28/16 A2985 RMK AO2 SLP107 T02830156
SMF,2023-06-14 20:53,KSMF 142053Z 22008KT 10SM BKN250 29/15 A2983 RMK AO2 SLP101 T02940150 58017
SMF,2023-06-14 21:53,KSMF 142153Z 20009KT 10SM BKN250 30/16 A2981 RMK AO2 SLP094 T03000156
SMF,2023-06-14 22:53,KSMF 142253Z 19008KT 10SM BKN250 30/16 A2979 RMK AO2 SLP089 T03000156
SMF,2023-06-14 23:53,KSMF 142353Z 19010KT 10SM BKN250 30/16 A2976 RMK AO2 SLP079 T03000156 10311 20233 58022
SMF,2023-06-15 00:53,KSMF 150053Z 19011KT 10SM BKN250 29/14 A2975 RMK AO2 SLP073 T02890144
SMF,2023-06-15 01:53,KSMF 150153Z 18010KT 10SM BKN250 28/16 A2974 RMK AO2 SLP071 T02780156
SMF,2023-06-15 02:53,KSMF 150253Z 17011KT 10SM SCT250 25/15 A2974 RMK AO2 SLP069 T02500150 56009
SMF,2023-06-15 03:53,KSMF 150353Z 17010KT 10SM FEW250 22/13 A2975 RMK AO2 SLP074 T02220133
SMF,2023-06-15 04:53,KSMF 150453Z 17010KT 10SM FEW250 20/13 A2975 RMK AO2 SLP074 T02000128
SMF,2023-06-15 05:53,KSMF 150553Z 17008KT 10SM CLR 19/12 A2976 RMK AO2 SLP077 T01890122 10306 20189 51008
SMF,2023-06-15 06:53,KSMF 150653Z 15009KT 10SM CLR 18/12 A2978 RMK AO2 SLP083 T01780122
SMF,2023-06-15 07:53,KSMF 150753Z 15009KT 10SM CLR 17/12 A2977 RMK AO2 SLP081 T01720122 403110144
SMF,2023-06-15 08:53,KSMF 150853Z 15007KT 10SM CLR 16/12 A2978 RMK AO2 SLP083 T01610117 51006
SMF,2023-06-15 09:53,KSMF 150953Z 14008KT 10SM FEW250 16/11 A2979 RMK AO2 SLP086 T01610111
SMF,2023-06-15 10:53,KSMF 151053Z 15008KT 10SM CLR 16/11 A2978 RMK AO2 SLP083 T01610106
SMF,2023-06-15 11:53,KSMF 151153Z 17006KT 10SM CLR 16/11 A2979 RMK AO2 SLP086 T01560106 10189 20156 52003
SMF,2023-06-15 12:53,KSMF 151253Z 16006KT 10SM SCT250 15/11 A2980 RMK AO2 SLP091 T01500111
SMF,2023-06-15 13:53,KSMF 151353Z 00000KT 10SM SCT250 16/11 A2983 RMK AO2 SLP100 T01610111
SMF,2023-06-15 14:53,KSMF 151453Z 04003KT 10SM BKN250 18/12 A2984 RMK AO2 SLP105 T01780117 51019
SMF,2023-06-15 15:53,KSMF 151553Z 00000KT 10SM BKN250 20/12 A2986 RMK AO2 SLP110 T02000122
SMF,2023-06-15 16:53,KSMF 151653Z 00000KT 10SM BKN250 22/13 A2985 RMK AO2 SLP108 T02220128
SMF,2023-06-15 17:53,KSMF 151753Z 30006KT 10SM BKN250 26/13 A2986 RMK AO2 SLP110 T02560133 10256 20150 51005
SMF,2023-06-15 18:53,KSMF 151853Z VRB05KT 8SM SCT250 28/12 A2985 RMK AO2 SLP107 T02830122
SMF,2023-06-15 19:53,KSMF 151953Z 33007KT 10SM FEW250 30/13 A2983 RMK AO2 SLP101 T03000133
SMF,2023-06-15 20:53,KSMF 152053Z 33006KT 10SM FEW250 32/11 A2982 RMK AO2 SLP096 T03170111 58014
SMF,2023-06-15 21:53,KSMF 152153Z VRB04KT 10SM FEW250 32/11 A2980 RMK AO2 SLP090 T03220111
SMF,2023-06-15 22:53,KSMF 152253Z 32007KT 290V360 10SM SCT250 34/13 A2978 RMK AO2 SLP084 T03390128
SMF,2023-06-15 23:53,KSMF 152353Z VRB05KT 10SM SCT250 34/06 A2977 RMK AO2 SLP080 T03390056 10339 20250 56016
SMF,2023-06-16 00:53,KSMF 160053Z 34005KT 10SM BKN250 34/06 A2975 RMK AO2 SLP073 T03440056
SMF,2023-06-16 01:53,KSMF 160153Z 31003KT 10SM BKN250 33/07 A2975 RMK AO2 SLP072 T03330067
SMF,2023-06-16 02:53,KSMF 160253Z 17007KT 10SM SCT250 28/16 A2976 RMK AO2 SLP079 T02780156 55001
SMF,2023-06-16 03:53,KSMF 160353Z 18009KT 10SM FEW250 24/14 A2977 RMK AO2 SLP080 T02390144
SMF,2023-06-16 04:53,KSMF 160453Z 20009KT 10SM FEW250 22/14 A2978 RMK AO2 SLP083 T02170139
SMF,2023-06-16 05:53,KSMF 160553Z 19006KT 10SM FEW250 21/13 A2978 RMK AO2 SLP084 T02060133 10344 20206 51005
SMF,2023-06-16 06:53,KSMF 160653Z 14008KT 10SM CLR 19/13 A2979 RMK AO2 SLP087 T01940128
SMF,2023-06-16 07:53,KSMF 160753Z 13007KT 10SM CLR 19/12 A2980 RMK AO2 SLP090 T01890122 403440150
SMF,2023-06-16 08:53,KSMF 160853Z 16007KT 10SM CLR 18/12 A2980 RMK AO2 SLP091 T01780117 51008
SMF,2023-06-16 09:53,KSMF 160953Z 18004KT 10SM CLR 16/12 A2981 RMK AO2 SLP095 T01610117
SMF,2023-06-16 10:53,KSMF 161053Z 33004KT 10SM CLR 15/11 A2983 RMK AO2 SLP102 T01500111
SMF,2023-06-16 11:53,KSMF 161153Z 00000KT 10SM CLR 15/11 A2985 RMK AO2 SLP108 T01500111 10206 20144 53016
SMF,2023-06-16 12:53,KSMF 161253Z 00000KT 10SM FEW250 14/11 A2986 RMK AO2 SLP112 T01440106
SMF,2023-06-16 13:53,KSMF 161353Z 22005KT 10SM SCT250 17/12 A2987 RMK AO2 SLP116 T01670122
SMF,2023-06-16 14:53,KSMF 161453Z 17003KT 10SM FEW250 18/12 A2989 RMK AO2 SLP121 T01780122 53013
SMF,2023-06-16 15:53,KSMF 161553Z 17003KT 10SM FEW250 19/13 A2990 RMK AO2 SLP125 T01940128
SMF,2023-06-16 16:53,KSMF 161653Z 00000KT 10SM CLR 24/12 A2990 RMK AO2 SLP123 T02390122
SMF,2023-06-16 17:53,KSMF 161753Z 08005KT 10SM CLR 27/12 A2990 RMK AO2 SLP123 T02720122 10272 20139 51002
SMF,2023-06-16 18:53,KSMF 161853Z 32006KT 10SM FEW250 31/11 A2989 RMK AO2 SLP122 T03060106
SMF,2023-06-16 19:53,KSMF 161953Z VRB03KT 10SM FEW250 32/12 A2989 RMK AO2 SLP120 T03220117
SMF,2023-06-16 20:53,KSMF 162053Z 32006KT 10SM FEW250 33/11 A2988 RMK AO2 SLP117 T03330106 58006
SMF,2023-06-16 21:53,KSMF 162153Z 31008KT 10SM FEW250 35/07 A2987 RMK AO2 SLP113 T03500067
SMF,2023-06-16 22:53,KSMF 162253Z 32008KT 10SM FEW250 36/07 A2986 RMK AO2 SLP110 T03610067
SMF,2023-06-16 23:53,KSMF 162353Z 00000KT 10SM FEW250 36/05 A2985 RMK AO2 SLP107 T03560050 10367 20267 56009
SMF,2023-06-17 00:53,KSMF 170053Z 19012KT 10SM FEW250 33/15 A2984 RMK AO2 SLP105 T03280150
SMF,2023-06-17 01:53,KSMF 170153Z 20012KT 10SM FEW250 31/14 A2985 RMK AO2 SLP106 T03110144
SMF,2023-06-17 02:53,KSMF 170253Z 19009KT 10SM FEW250 28/16 A2985 RMK AO2 SLP108 T02830156 53001
SMF,2023-06-17 03:53,KSMF 170353Z 18011KT 10SM CLR 24/14 A2987 RMK AO2 SLP112 T02390144
SMF,2023-06-17 04:53,KSMF 170453Z 18010KT 10SM CLR 22/13 A2988 RMK AO2 SLP116 T02170133
SMF,2023-06-17 05:53,KSMF 170553Z 15012KT 10SM CLR 19/12 A2989 RMK AO2 SLP122 T01940122 10361 20194 53014
SMF,2023-06-17 06:53,KSMF 170653Z 15008KT 10SM CLR 19/12 A2990 RMK AO2 SLP124 T01890117
SMF,2023-06-17 07:53,KSMF 170753Z 15010KT 10SM CLR 18/12 A2990 RMK AO2 SLP123 T01780122 403670139
SMF,2023-06-17 08:53,KSMF 170853Z 15010KT 10SM CLR 17/12 A2990 RMK AO2 SLP123 T01720122 51001
SMF,2023-06-17 09:53,KSMF 170953Z 16009KT 10SM CLR 17/12 A2989 RMK AO2 SLP122 T01670117
SMF,2023-06-17 10:53,KSMF 171053Z 16007KT 10SM CLR 16/12 A2989 RMK AO2 SLP121 T01610117
SMF,2023-06-17 11:53,KSMF 171153Z 16010KT 10SM CLR 16/12 A2989 RMK AO2 SLP122 7//// T01560117 10194 20156 55001
SMF,2023-06-17 12:53,KSMF 171253Z 17012KT 10SM FEW250 15/12 A2990 RMK AO2 SLP125 T01500117
SMF,2023-06-17 13:53,KSMF 171353Z 18010KT 10SM CLR 15/12 A2992 RMK AO2 SLP131 T01500117
SMF,2023-06-17 14:53,KSMF 171453Z 18012KT 10SM FEW250 17/12 A2993 RMK AO2 SLP134 T01670122 51012
SMF,2023-06-17 15:53,KSMF 171553Z 19011KT 10SM FEW250 18/13 A2993 RMK AO2 SLP136 T01830128
SMF,2023-06-17 16:53,KSMF 171653Z 17011KT 10SM FEW250 21/13 A2993 RMK AO2 SLP136 T02110133
SMF,2023-06-17 17:53,KSMF 171753Z 19011KT 10SM FEW250 23/14 A2993 RMK AO2 SLP134 T02330139 10233 20150 50000
SMF,2023-06-17 18:53,KSMF 171853Z 17011KT 10SM FEW012 26/14 A2992 RMK AO2 SLP131 T02560139
SMF,2023-06-17 19:53,KSMF 171953Z 19012KT 10SM FEW230 27/14 A2990 RMK AO2 SLP124 T02720139
SMF,2023-06-17 20:53,KSMF 172053Z 18011KT 10SM SCT230 29/15 A2988 RMK AO2 SLP119 T02890150 58015
SMF,2023-06-17 21:53,KSMF 172153Z 19013G18KT 10SM FEW200 SCT230 31/14 A2987 RMK AO2 SLP113 T03060139
SMF,2023-06-17 22:53,KSMF 172253Z 17013G20KT 10SM FEW200 BKN230 30/14 A2984 RMK AO2 SLP104 T03000144
SMF,2023-06-17 23:53,KSMF 172353Z 19015KT 10SM SCT200 BKN250 31/14 A2982 RMK AO2 SLP097 T03060139 10311 20233 58022
SMF,2023-06-18 00:53,KSMF 180053Z 16015KT 10SM FEW200 BKN250 28/15 A2980 RMK AO2 SLP091 T02830150
SMF,2023-06-18 01:53,KSMF 180153Z 17014KT 10SM SCT200 BKN250 27/14 A2979 RMK AO2 SLP087 T02670144
SMF,2023-06-18 02:53,KSMF 180253Z 16012KT 10SM SCT200 BKN250 26/14 A2979 RMK AO2 SLP086 T02560144 56011
SMF,2023-06-18 03:53,KSMF 180353Z 16012KT 10SM FEW200 BKN250 23/14 A2978 RMK AO2 SLP084 T02330139
SMF,2023-06-18 04:53,KSMF 180453Z 17011KT 10SM SCT200 SCT250 21/13 A2979 RMK AO2 SLP088 T02060128
SMF,2023-06-18 05:53,KSMF 180553Z 16012KT 10SM FEW250 19/12 A2979 RMK AO2 SLP088 T01940122 10311 20194 53002
SMF,2023-06-18 06:53,KSMF 180653Z 16010KT 10SM FEW250 19/12 A2979 RMK AO2 SLP085 T01890122
SMF,2023-06-18 07:53,KSMF 180753Z 15012KT 10SM CLR 18/12 A2978 RMK AO2 SLP083 T01780122 403110150
SMF,2023-06-18 08:53,KSMF 180853Z 15010KT 10SM FEW200 17/12 A2978 RMK AO2 SLP083 T01720117 56005
SMF,2023-06-18 09:53,KSMF 180953Z 15012KT 10SM CLR 17/12 A2977 RMK AO2 SLP082 T01670117
SMF,2023-06-18 10:53,KSMF 181053Z 16012KT 10SM CLR 17/12 A2977 RMK AO2 SLP080 T01670117
SMF,2023-06-18 11:53,KSMF 181153Z 16008KT 10SM FEW250 16/12 A2978 RMK AO2 SLP082 T01610117 10194 20161 55001
SMF,2023-06-18 12:53,KSMF 181253Z 17009KT 10SM SCT250 16/12 A2978 RMK AO2 SLP084 T01610117
SMF,2023-06-18 13:53,KSMF 181353Z 18004KT 10SM BKN250 17/12 A2979 RMK AO2 SLP089 T01670117
SMF,2023-06-18 14:53,KSMF 181453Z 17005KT 10SM FEW250 18/12 A2981 RMK AO2 SLP093 T01780117 53010
SMF,2023-06-18 15:53,KSMF 181553Z 19004KT 10SM CLR 20/12 A2982 RMK AO2 SLP097 T02000122
SMF,2023-06-18 16:53,KSMF 181653Z 21003KT 10SM FEW250 23/13 A2981 RMK AO2 SLP094 T02280133
SMF,2023-06-18 17:53,KSMF 181753Z VRB03KT 10SM CLR 24/14 A2982 RMK AO2 SLP097 T02390139 10244 20161 51004
SMF,2023-06-18 18:53,KSMF 181853Z 00000KT 10SM CLR 26/13 A2981 RMK AO2 SLP094 T02560133
SMF,2023-06-18 19:53,KSMF 181953Z VRB03KT 10SM CLR 28/13 A2980 RMK AO2 SLP089 T02830128
SMF,2023-06-18 20:53,KSMF 182053Z 22007KT 10SM FEW070 29/12 A2978 RMK AO2 SLP084 T02940117 58013
SMF,2023-06-18 21:53,KSMF 182153Z 18010G18KT 10SM FEW070 30/13 A2977 RMK AO2 SLP080 T03000128
SMF,2023-06-18 22:53,KSMF 182253Z 18013KT 10SM FEW070 30/12 A2975 RMK AO2 SLP074 T03000122
SMF,2023-06-18 23:53,KSMF 182353Z 18016G23KT 10SM CLR 30/11 A2974 RMK AO2 SLP069 T03000111 10306 20239 58015
SMF,2023-06-19 00:53,KSMF 190053Z 19014KT 10SM CLR 28/10 A2973 RMK AO2 SLP066 T02830100
SMF,2023-06-19 01:53,KSMF 190153Z 19016KT 10SM CLR 26/09 A2972 RMK AO2 SLP064 T02610089
SMF,2023-06-19 02:53,KSMF 190253Z 18015KT 10SM CLR 23/07 A2972 RMK AO2 SLP065 T02280072 55004
SMF,2023-06-19 03:53,KSMF 190353Z 17012KT 10SM CLR 20/07 A2973 RMK AO2 SLP066 T02000067
SMF,2023-06-19 04:53,KSMF 190453Z 17013KT 10SM CLR 18/07 A2974 RMK AO2 SLP071 T01780072
SMF,2023-06-19 05:53,KSMF 190553Z 17014G21KT 10SM CLR 17/07 A2976 RMK AO2 SLP077 T01670072 10294 20167 53012
SMF,2023-06-19 06:53,KSMF 190653Z 17011KT 10SM CLR 16/08 A2977 RMK AO2 SLP082 T01560078
SMF,2023-06-19 07:53,KSMF 190753Z 15010KT 10SM CLR 16/08 A2977 RMK AO2 SLP081 T01560078 403060150
SMF,2023-06-19 08:53,KSMF 190853Z 16011KT 10SM CLR 14/07 A2978 RMK AO2 SLP083 T01440072 51006
SMF,2023-06-19 09:53,KSMF 190953Z 16012KT 10SM CLR 13/07 A2979 RMK AO2 SLP085 T01330067
SMF,2023-06-19 10:53,KSMF 191053Z 18012KT 10SM CLR 12/07 A2980 RMK AO2 SLP091 T01220067
SMF,2023-06-19 11:53,KSMF 191153Z 15008KT 10SM CLR 12/07 A2982 RMK AO2 SLP096 T01170067 10167 20117 53013
SMF,2023-06-19 12:53,KSMF 191253Z 16011KT 10SM FEW250 12/06 A2985 RMK AO2 SLP107 T01220061
SMF,2023-06-19 13:53,KSMF 191353Z 16008KT 10SM CLR 13/06 A2988 RMK AO2 SLP117 T01280061
SMF,2023-06-19 14:53,KSMF 191453Z 16009KT 10SM CLR 15/06 A2991 RMK AO2 SLP128 T01500061 53032
SMF,2023-06-19 15:53,KSMF 191553Z 17006KT 10SM CLR 17/06 A2994 RMK AO2 SLP138 T01670061
SMF,2023-06-19 16:53,KSMF 191653Z VRB04KT 10SM CLR 19/06 A2996 RMK AO2 SLP144 T01890061
SMF,2023-06-19 17:53,KSMF 191753Z 32006KT 10SM FEW047 FEW250 20/05 A2997 RMK AO2 SLP148 T02000050 10211 20117 51020
SMF,2023-06-19 18:53,KSMF 191853Z 30005KT 9SM CLR 22/03 A2998 RMK AO2 SLP150 T02170028
SMF,2023-06-19 19:53,KSMF 191953Z VRB06G15KT 10SM CLR 23/02 A2997 RMK AO2 SLP148 T02330022
SMF,2023-06-19 20:53,KSMF 192053Z VRB03KT 10SM FEW060 24/02 A2996 RMK AO2 SLP144 T02390022 58004
SMF,2023-06-19 21:53,KSMF 192153Z 17007KT 130V210 10SM FEW070 24/04 A2995 RMK AO2 SLP143 T02440044
SMF,2023-06-19 22:53,KSMF 192253Z COR 24007KT 10SM FEW085 24/03 A2994 RMK AO2 SLP139 T02440033
SMF,2023-06-19 23:53,KSMF 192353Z 18013G17KT 10SM FEW075 25/07 A2994 RMK AO2 SLP136 T02500067 10256 20200 58008
SMF,2023-06-20 00:53,KSMF 200053Z 16013KT 10SM FEW070 24/07 A2992 RMK AO2 SLP133 T02440072
SMF,2023-06-20 01:53,KSMF 200153Z 18011KT 10SM FEW065 24/08 A2992 RMK AO2 SLP132 T02390078
SMF,2023-06-20 02:53,KSMF 200253Z 26007G17KT 10SM CLR 23/06 A2992 RMK AO2 SLP132 T02280061 55004
SMF,2023-06-20 03:53,KSMF 200353Z 29008KT 10SM CLR 21/04 A2994 RMK AO2 SLP138 T02110044
SMF,2023-06-20 04:53,KSMF 200453Z 27009KT 10SM CLR 18/06 A2997 RMK AO2 SLP149 T01830056
SMF,2023-06-20 05:53,KSMF 200553Z 28008KT 10SM CLR 18/06 A3000 RMK AO2 SLP157 T01780056 10250 20178 53025
SMF,2023-06-20 06:53,KSMF 200653Z 30007KT 10SM CLR 16/07 A3001 RMK AO2 SLP161 T01560067
SMF,2023-06-20 07:53,KSMF 200753Z 30007KT 10SM CLR 14/07 A3002 RMK AO2 SLP165 T01440072 402560117
SMF,2023-06-20 08:53,KSMF 200853Z 32008KT 10SM CLR 14/07 A3003 RMK AO2 SLP167 T01440072 51010
SMF,2023-06-20 09:53,KSMF 200953Z 34006KT 10SM CLR 14/07 A3005 RMK AO2 SLP174 T01390067
SMF,2023-06-20 10:53,KSMF 201053Z 33005KT 10SM CLR 13/07 A3005 RMK AO2 SLP175 T01280067
SMF,2023-06-20 11:53,KSMF 201153Z 31005KT 10SM CLR 12/07 A3006 RMK AO2 SLP177 T01220067 10178 20117 51009
SMF,2023-06-20 12:53,KSMF 201253Z 31004KT 10SM CLR 11/07 A3007 RMK AO2 SLP182 T01110067
SMF,2023-06-20 13:53,KSMF 201353Z 31004KT 10SM CLR 13/06 A3009 RMK AO2 SLP187 T01330061
SMF,2023-06-20 14:53,KSMF 201453Z 34006KT 10SM CLR 16/06 A3010 RMK AO2 SLP191 T01560061 51014
SMF,2023-06-20 15:53,KSMF 201553Z 34006KT 10SM CLR 17/06 A3011 RMK AO2 SLP197 T01720061
SMF,2023-06-20 16:53,KSMF 201653Z 33010KT 10SM CLR 19/05 A3011 RMK AO2 SLP196 T01890050
SMF,2023-06-20 17:53,KSMF 201753Z 34011KT 10SM CLR 21/05 A3012 RMK AO2 SLP197 T02110050 10211 20111 51006
SMF,2023-06-20 18:53,KSMF 201853Z 32011KT 10SM CLR 22/04 A3011 RMK AO2 SLP196 T02220039
SMF,2023-06-20 19:53,KSMF 201953Z 35007KT 10SM CLR 23/02 A3010 RMK AO2 SLP193 T02330017
SMF,2023-06-20 20:53,KSMF 202053Z VRB03KT 10SM CLR 24/03 A3009 RMK AO2 SLP190 T02390033 58007
SMF,2023-06-20 21:53,KSMF 202153Z 00000KT 10SM CLR 26/02 A3008 RMK AO2 SLP184 T02560022
SMF,2023-06-20 22:53,KSMF 202253Z VRB05KT 10SM CLR 27/M01 A3006 RMK AO2 SLP177 T02671006
SMF,2023-06-20 23:53,KSMF 202353Z 33007KT 10SM CLR 26/M02 A3004 RMK AO2 SLP171 T02611022 10267 20206 57019
SMF,2023-06-21 00:53,KSMF 210053Z 33006KT 10SM CLR 26/00 A3002 RMK AO2 SLP164 T02610000
SMF,2023-06-21 01:53,KSMF 210153Z 00000KT 10SM CLR 26/M01 A3001 RMK AO2 SLP161 T02611006
SMF,2023-06-21 02:53,KSMF 210253Z 04004KT 10SM CLR 25/02 A3001 RMK AO2 SLP161 T02500017 56011
SMF,2023-06-21 03:53,KSMF 210353Z 00000KT 10SM CLR 23/03 A3001 RMK AO2 SLP161 T02280028
SMF,2023-06-21 04:53,KSMF 210453Z 19005KT 10SM CLR 19/08 A3002 RMK AO2 SLP166 T01940083
SMF,2023-06-21 05:53,KSMF 210553Z 20006KT 10SM CLR 18/08 A3003 RMK AO2 SLP167 T01830083 10267 20183 53006
SMF,2023-06-21 06:53,KSMF 210653Z 21004KT 10SM CLR 16/08 A3002 RMK AO2 SLP166 T01560078
SMF,2023-06-21 07:53,KSMF 210753Z 20005KT 10SM CLR 15/08 A3002 RMK AO2 SLP164 T01500078 402670111
SMF,2023-06-21 08:53,KSMF 210853Z 13005KT 10SM CLR 15/07 A3002 RMK AO2 SLP165 T01500072 55002
SMF,2023-06-21 09:53,KSMF 210953Z 16006KT 10SM CLR 15/07 A3001 RMK AO2 SLP161 T01500072
SMF,2023-06-21 10:53,KSMF 211053Z 17004KT 10SM CLR 14/07 A3000 RMK AO2 SLP159 T01390072
SMF,2023-06-21 11:53,KSMF 211153Z 00000KT 10SM CLR 12/07 A3000 RMK AO2 SLP158 T01170067 10183 20117 56007
SMF,2023-06-21 12:53,KSMF 211253Z 00000KT 10SM CLR 11/07 A3000 RMK AO2 SLP159 T01060067
SMF,2023-06-21 13:53,KSMF 211353Z 00000KT 10SM CLR 13/09 A3001 RMK AO2 SLP162 T01330089
SMF,2023-06-21 14:53,KSMF 211453Z 00000KT 10SM CLR 16/09 A3001 RMK AO2 SLP162 T01610094 51003
SMF,2023-06-21 15:53,KSMF 211553Z 00000KT 10SM CLR 19/09 A3001 RMK AO2 SLP162 T01890089
SMF,2023-06-21 16:53,KSMF 211653Z VRB03KT 10SM CLR 21/08 A3000 RMK AO2 SLP160 T02110078
SMF,2023-06-21 17:53,KSMF 211753Z 00000KT 10SM CLR 23/06 A2999 RMK AO2 SLP156 T02330061 10239 20100 58006
SMF,2023-06-21 18:53,KSMF 211853Z 30004KT 10SM CLR 25/07 A2999 RMK AO2 SLP154 T02500072
SMF,2023-06-21 19:53,KSMF 211953Z VRB03KT 10SM CLR 27/07 A2997 RMK AO2 SLP148 T02670067
SMF,2023-06-21 20:53,KSMF 212053Z VRB03KT 10SM CLR 28/03 A2995 RMK AO2 SLP142 T02780028 58014
SMF,2023-06-21 21:53,KSMF 212153Z VRB06KT 10SM CLR 29/M01 A2993 RMK AO2 SLP136 T02941011
SMF,2023-06-21 22:53,KSMF 212253Z 31011KT 10SM CLR 30/00 A2991 RMK AO2 SLP129 T03000000
SMF,2023-06-21 23:53,KSMF 212353Z COR 31008KT 10SM CLR 30/01 A2989 RMK AO2 SLP123 T03000011 10306 20233 58019
SMF,2023-06-22 00:53,KSMF 220053Z 20007KT 10SM CLR 29/03 A2988 RMK AO2 SLP118 T02940028
SMF,2023-06-22 01:53,KSMF 220153Z 21008KT 10SM CLR 28/06 A2987 RMK AO2 SLP115 T02830056
SMF,2023-06-22 02:53,KSMF 220253Z 20009KT 10SM CLR 26/07 A2987 RMK AO2 SLP115 T02610067 56008
SMF,2023-06-22 03:53,KSMF 220353Z 20009KT 10SM CLR 23/11 A2987 RMK AO2 SLP115 T02280111
SMF,2023-06-22 04:53,KSMF 220453Z 21007KT 10SM CLR 20/11 A2988 RMK AO2 SLP116 T02000111
SMF,2023-06-22 05:53,KSMF 220553Z 18005KT 10SM CLR 19/10 A2988 RMK AO2 SLP117 T01940100 10300 20189 53002
SMF,2023-06-22 06:53,KSMF 220653Z 14007KT 10SM CLR 17/09 A2987 RMK AO2 SLP114 T01720089
SMF,2023-06-22 07:53,KSMF 220753Z 15009KT 10SM CLR 17/09 A2987 RMK AO2 SLP114 T01670089 403060100
SMF,2023-06-22 08:53,KSMF 220853Z 16007KT 10SM CLR 16/09 A2986 RMK AO2 SLP110 T01560094 58007
SMF,2023-06-22 09:53,KSMF 220953Z 17008KT 10SM CLR 14/09 A2986 RMK AO2 SLP109 T01440094
SMF,2023-06-22 10:53,KSMF 221053Z 17008KT 10SM FEW250 13/09 A2985 RMK AO2 SLP108 T01330094
SMF,2023-06-22 11:53,KSMF 221153Z 16009KT 10SM SCT250 13/09 A2985 RMK AO2 SLP106 T01280094 10189 20128 58004
SMF,2023-06-22 12:53,KSMF 221253Z 14007KT 10SM BKN250 13/09 A2985 RMK AO2 SLP108 T01280089
SMF,2023-06-22 13:53,KSMF 221353Z 15009KT 10SM BKN250 13/09 A2987 RMK AO2 SLP113 T01330089
SMF,2023-06-22 14:53,KSMF 221453Z 17008KT 10SM BKN230 15/09 A2988 RMK AO2 SLP117 T01500094 53010
SMF,2023-06-22 15:53,KSMF 221553Z 16010KT 10SM BKN220 17/09 A2988 RMK AO2 SLP118 T01720094
SMF,2023-06-22 16:53,KSMF 221653Z 17008KT 10SM BKN220 18/09 A2988 RMK AO2 SLP117 T01780094
SMF,2023-06-22 17:53,KSMF 221753Z VRB06KT 10SM BKN220 19/10 A2988 RMK AO2 SLP117 T01890100 10189 20128 51001
SMF,2023-06-22 18:53,KSMF 221853Z 21005KT 10SM BKN210 22/09 A2987 RMK AO2 SLP115 T02170094
SMF,2023-06-22 19:53,KSMF 221953Z 18006KT 10SM BKN220 24/10 A2987 RMK AO2 SLP114 T02390100
SMF,2023-06-22 20:53,KSMF 222053Z VRB06KT 10SM FEW250 26/11 A2986 RMK AO2 SLP111 T02610106 58006
SMF,2023-06-22 21:53,KSMF 222153Z 22007KT 10SM FEW250 27/10 A2985 RMK AO2 SLP106 T02670100
SMF,2023-06-22 22:53,KSMF 222253Z 18008KT 10SM SCT250 27/10 A2984 RMK AO2 SLP102 T02720100
SMF,2023-06-22 23:53,KSMF 222353Z 19011G17KT 160V220 10SM SCT250 27/11 A2983 RMK AO2 SLP100 T02720106 10278 20189 56011
SMF,2023-06-23 00:53,KSMF 230053Z 20013KT 10SM SCT250 26/11 A2982 RMK AO2 SLP098 T02560111
SMF,2023-06-23 01:53,KSMF 230153Z 19015KT 10SM SCT250 23/11 A2983 RMK AO2 SLP101 T02330111
SMF,2023-06-23 02:53,KSMF 230253Z 19012KT 10SM SCT250 21/11 A2985 RMK AO2 SLP106 T02060111 53006
SMF,2023-06-23 03:53,KSMF 230353Z 17010KT 10SM CLR 18/11 A2986 RMK AO2 SLP111 T01830106
SMF,2023-06-23 04:53,KSMF 230453Z 17010KT 10SM CLR 17/11 A2988 RMK AO2 SLP116 T01670106
SMF,2023-06-23 05:53,KSMF 230553Z 16009KT 10SM CLR 16/10 A2988 RMK AO2 SLP118 T01610100 10272 20161 51012
SMF,2023-06-23 06:53,KSMF 230653Z 15008KT 10SM CLR 16/09 A2990 RMK AO2 SLP124 T01560094
SMF,2023-06-23 07:53,KSMF 230753Z 17008KT 10SM CLR 15/09 A2989 RMK AO2 SLP122 T01500094 402780128
SMF,2023-06-23 08:53,KSMF 230853Z 16009KT 10SM FEW250 14/09 A2990 RMK AO2 SLP125 T01440089 51007
SMF,2023-06-23 09:53,KSMF 230953Z 17009KT 10SM FEW250 14/09 A2991 RMK AO2 SLP127 T01390089
SMF,2023-06-23 10:53,KSMF 231053Z 16011KT 10SM FEW250 14/09 A2993 RMK AO2 SLP133 T01440089
SMF,2023-06-23 11:53,KSMF 231153Z 15011KT 10SM FEW250 14/09 A2995 RMK AO2 SLP141 T01390094 10161 20139 53016
SMF,2023-06-23 12:53,KSMF 231253Z 16009KT 10SM FEW250 14/09 A2997 RMK AO2 SLP148 T01390094
SMF,2023-06-23 13:53,KSMF 231353Z 17009KT 10SM FEW200 14/09 A2999 RMK AO2 SLP153 T01440094
SMF,2023-06-23 14:53,KSMF 231453Z 20013KT 10SM FEW250 17/10 A3000 RMK AO2 SLP159 T01670100 51018
SMF,2023-06-23 15:53,KSMF 231553Z 19014KT 10SM FEW250 18/09 A3003 RMK AO2 SLP168 T01780094
SMF,2023-06-23 16:53,KSMF 231653Z 19014G19KT 10SM FEW030 FEW250 20/10 A3004 RMK AO2 SLP171 T02000100
SMF,2023-06-23 17:53,KSMF 231753Z 16008KT 130V220 10SM CLR 21/10 A3004 RMK AO2 SLP172 T02110100 10211 20139 51013
SMF,2023-06-23 18:53,KSMF 231853Z 18010KT 10SM CLR 22/10 A3004 RMK AO2 SLP170 T02220100
SMF,2023-06-23 19:53,KSMF 231953Z 22010G18KT 10SM CLR 23/10 A3003 RMK AO2 SLP168 T02330100
SMF,2023-06-23 20:53,KSMF 232053Z 20007KT 10SM CLR 24/10 A3002 RMK AO2 SLP163 T02440100 58008
SMF,2023-06-23 21:53,KSMF 232153Z 16007KT 130V200 10SM CLR 25/11 A3000 RMK AO2 SLP157 T02500106
SMF,2023-06-23 22:53,KSMF 232253Z 21010KT 10SM FEW250 26/10 A2998 RMK AO2 SLP153 T02610100
SMF,2023-06-23 23:53,KSMF 232353Z 20013KT 10SM CLR 27/10 A2997 RMK AO2 SLP149 T02670100 10267 20211 56014
SMF,2023-06-24 00:53,KSMF 240053Z 19008KT 10SM CLR 27/09 A2995 RMK AO2 SLP141 T02670094
SMF,2023-06-24 01:53,KSMF 240153Z 20011KT 10SM CLR 26/11 A2995 RMK AO2 SLP142 T02560106
SMF,2023-06-24 02:53,KSMF 240253Z 18011KT 10SM CLR 23/12 A2996 RMK AO2 SLP144 T02330117 55005
SMF,2023-06-24 03:53,KSMF 240353Z 17009KT 10SM CLR 20/12 A2997 RMK AO2 SLP148 T02000117
SMF,2023-06-24 04:53,KSMF 240453Z 17009KT 10SM CLR 18/11 A2999 RMK AO2 SLP154 T01830111
SMF,2023-06-24 05:53,KSMF 240553Z 16011KT 10SM FEW250 17/11 A2998 RMK AO2 SLP153 T01670106 10267 20167 50009
SMF,2023-06-24 06:53,KSMF 240653Z 16008KT 10SM FEW250 16/10 A2998 RMK AO2 SLP151 T01610100
SMF,2023-06-24 07:53,KSMF 240753Z 14009KT 10SM FEW250 16/10 A2997 RMK AO2 SLP149 T01560100 402670139
SMF,2023-06-24 08:53,KSMF 240853Z 15010KT 10SM FEW250 15/10 A2997 RMK AO2 SLP148 T01500100 56005
SMF,2023-06-24 09:53,KSMF 240953Z 15011KT 10SM FEW250 14/10 A2997 RMK AO2 SLP147 T01440100
SMF,2023-06-24 10:53,KSMF 241053Z 14010KT 10SM CLR 14/09 A2997 RMK AO2 SLP148 T01440094
SMF,2023-06-24 11:53,KSMF 241153Z 16011KT 10SM CLR 13/10 A2997 RMK AO2 SLP148 T01330100 10167 20133 55000
SMF,2023-06-24 12:53,KSMF 241253Z 16007KT 10SM FEW085 FEW250 13/10 A2998 RMK AO2 SLP152 T01330100
SMF,2023-06-24 13:53,KSMF 241353Z 18009KT 10SM SCT250 14/11 A2999 RMK AO2 SLP156 T01390106
SMF,2023-06-24 14:53,KSMF 241453Z 17009KT 10SM FEW085 SCT250 16/11 A3001 RMK AO2 SLP160 T01560111 52012
SMF,2023-06-24 15:53,KSMF 241553Z 16009KT 10SM SCT100 SCT220 17/12 A3002 RMK AO2 SLP163 T01720117
SMF,2023-06-24 16:53,KSMF 241653Z 17008KT 10SM SCT200 20/12 A3001 RMK AO2 SLP162 T02000122
SMF,2023-06-24 17:53,KSMF 241753Z 17008KT 10SM BKN220 23/12 A3001 RMK AO2 SLP162 T02280122 10228 20133 51002
SMF,2023-06-24 18:53,KSMF 241853Z 21007KT 10SM BKN200 24/13 A3001 RMK AO2 SLP161 T02440128
SMF,2023-06-24 19:53,KSMF 241953Z 18009KT 10SM BKN200 25/13 A3000 RMK AO2 SLP158 T02500128
SMF,2023-06-24 20:53,KSMF 242053Z 17009KT 10SM SCT200 26/12 A2999 RMK AO2 SLP154 T02610122 58008
SMF,2023-06-24 21:53,KSMF 242153Z 17007KT 10SM FEW200 28/12 A2997 RMK AO2 SLP149 T02830117
SMF,2023-06-24 22:53,KSMF 242253Z 19008KT 10SM FEW200 29/08 A2995 RMK AO2 SLP143 T02890083
SMF,2023-06-24 23:53,KSMF 242353Z 24005KT 10SM CLR 29/08 A2993 RMK AO2 SLP135 T02890083 10294 20222 58019
SMF,2023-06-25 00:53,KSMF 250053Z 19013KT 10SM CLR 29/09 A2992 RMK AO2 SLP131 T02890089
SMF,2023-06-25 01:53,KSMF 250153Z 20012KT 10SM CLR 27/11 A2992 RMK AO2 SLP132 T02670111
SMF,2023-06-25 02:53,KSMF 250253Z 18012KT 10SM CLR 23/11 A2994 RMK AO2 SLP137 T02330111 53002
SMF,2023-06-25 03:53,KSMF 250353Z 19012KT 10SM FEW200 20/11 A2995 RMK AO2 SLP143 T02000106
SMF,2023-06-25 04:53,KSMF 250453Z 18011KT 10SM FEW200 18/09 A2997 RMK AO2 SLP148 T01780094
SMF,2023-06-25 05:53,KSMF 250553Z 17012KT 10SM CLR 16/09 A2999 RMK AO2 SLP154 T01610094 10294 20161 51017
SMF,2023-06-25 06:53,KSMF 250653Z 15011KT 10SM FEW250 15/10 A3000 RMK AO2 SLP158 T01500100
SMF,2023-06-25 07:53,KSMF 250753Z 16014KT 10SM FEW250 14/10 A3000 RMK AO2 SLP158 T01440100 402940133
SMF,2023-06-25 08:53,KSMF 250853Z 16012KT 10SM SCT200 14/10 A3000 RMK AO2 SLP157 T01440100 50003
SMF,2023-06-25 09:53,KSMF 250953Z 16010KT 10SM SCT250 14/10 A3000 RMK AO2 SLP157 T01390100
SMF,2023-06-25 10:53,KSMF 251053Z 16010KT 10SM SCT250 14/10 A3000 RMK AO2 SLP157 T01390100
SMF,2023-06-25 11:53,KSMF 251153Z 16010KT 10SM SCT250 13/10 A3000 RMK AO2 SLP157 T01330100 10161 20133 57000
SMF,2023-06-25 12:53,KSMF 251253Z 16008KT 10SM SCT250 13/10 A3000 RMK AO2 SLP159 T01330100
SMF,2023-06-25 13:53,KSMF 251353Z 16007KT 10SM BKN250 14/11 A3001 RMK AO2 SLP162 T01390106
SMF,2023-06-25 14:53,KSMF 251453Z 18007KT 10SM SCT240 16/11 A3003 RMK AO2 SLP167 T01560106 53010
SMF,2023-06-25 15:53,KSMF 251553Z 19006KT 10SM SCT250 17/11 A3004 RMK AO2 SLP171 T01720111
SMF,2023-06-25 16:53,KSMF 251653Z 21008KT 10SM FEW250 19/11 A3004 RMK AO2 SLP172 T01940111
SMF,2023-06-25 17:53,KSMF 251753Z 22006KT 10SM CLR 21/12 A3004 RMK AO2 SLP172 T02110117 10211 20133 51005
SMF,2023-06-25 18:53,KSMF 251853Z 18007KT 150V230 10SM CLR 23/12 A3004 RMK AO2 SLP170 T02330122
SMF,2023-06-25 19:53,KSMF 251953Z 19006KT 10SM CLR 24/12 A3003 RMK AO2 SLP167 T02390117
SMF,2023-06-25 20:53,KSMF 252053Z 19008KT 10SM CLR 25/11 A3001 RMK AO2 SLP162 T02500111 58010
SMF,2023-06-25 21:53,KSMF 252153Z 18009KT 10SM CLR 27/12 A2999 RMK AO2 SLP155 T02720117
SMF,2023-06-25 22:53,KSMF 252253Z 20011KT 10SM CLR 27/11 A2997 RMK AO2 SLP149 T02720111
SMF,2023-06-25 23:53,KSMF 252353Z 21010KT 10SM CLR 27/11 A2996 RMK AO2 SLP143 T02720111 10272 20211 56019
SMF,2023-06-26 00:53,KSMF 260053Z 18010KT 10SM CLR 27/12 A2995 RMK AO2 SLP140 T02670117
SMF,2023-06-26 01:53,KSMF 260153Z 18011KT 10SM CLR 25/12 A2994 RMK AO2 SLP139 T02500122
SMF,2023-06-26 02:53,KSMF 260253Z 17011KT 10SM CLR 22/12 A2994 RMK AO2 SLP139 T02220122 56005
SMF,2023-06-26 03:53,KSMF 260353Z 16011KT 10SM CLR 19/11 A2996 RMK AO2 SLP144 T01940111
SMF,2023-06-26 04:53,KSMF 260453Z 17011KT 10SM CLR 17/11 A2997 RMK AO2 SLP148 T01670111
SMF,2023-06-26 05:53,KSMF 260553Z 17011KT 10SM CLR 16/11 A2997 RMK AO2 SLP149 T01560106 10272 20156 51010
SMF,2023-06-26 06:53,KSMF 260653Z 14009KT 10SM CLR 15/11 A2998 RMK AO2 SLP150 T01500106
SMF,2023-06-26 07:53,KSMF 260753Z 14010KT 10SM CLR 14/11 A2998 RMK AO2 SLP150 T01440106 402720133
SMF,2023-06-26 08:53,KSMF 260853Z 15007KT 10SM CLR 14/11 A2997 RMK AO2 SLP148 T01390106 58001
SMF,2023-06-26 09:53,KSMF 260953Z 15010KT 10SM CLR 13/11 A2996 RMK AO2 SLP144 T01330106
SMF,2023-06-26 10:53,KSMF 261053Z 15009KT 10SM CLR 13/11 A2996 RMK AO2 SLP143 T01330106
SMF,2023-06-26 11:53,KSMF 261153Z 15008KT 10SM FEW008 13/11 A2997 RMK AO2 SLP146 T01280106 10156 20128 55002
SMF,2023-06-26 12:53,KSMF 261253Z 16007KT 10SM CLR 13/11 A2996 RMK AO2 SLP145 T01330106
SMF,2023-06-26 13:53,KSMF 261353Z 15008KT 10SM BKN007 13/11 A2997 RMK AO2 SLP149 T01330111
SMF,2023-06-26 14:53,KSMF 261453Z 16007KT 10SM CLR 15/11 A2998 RMK AO2 SLP152 T01500111 53006
SMF,2023-06-26 15:53,KSMF 261553Z 16007KT 10SM CLR 17/12 A2999 RMK AO2 SLP154 T01670117
SMF,2023-06-26 16:53,KSMF 261653Z 15006KT 10SM CLR 19/12 A2997 RMK AO2 SLP149 T01940122
SMF,2023-06-26 17:53,KSMF 261753Z 17007KT 10SM CLR 22/13 A2997 RMK AO2 SLP147 T02170128 10217 20128 58005
SMF,2023-06-26 18:53,KSMF 261853Z 18003KT 10SM CLR 23/13 A2995 RMK AO2 SLP142 T02330128
SMF,2023-06-26 19:53,KSMF 261953Z VRB06KT 10SM CLR 26/12 A2993 RMK AO2 SLP135 T02610122
SMF,2023-06-26 20:53,KSMF 262053Z 24007KT 10SM CLR 29/09 A2991 RMK AO2 SLP127 T02890094 58020
SMF,2023-06-26 21:53,KSMF 262153Z 19006KT 10SM CLR 29/10 A2988 RMK AO2 SLP118 T02940100
SMF,2023-06-26 22:53,KSMF 262253Z 23012KT 10SM CLR 31/10 A2987 RMK AO2 SLP113 T03060100
SMF,2023-06-26 23:53,KSMF 262353Z 21010KT 10SM CLR 30/08 A2985 RMK AO2 SLP107 T03000083 10311 20217 56020
SMF,2023-06-27 00:53,KSMF 270053Z 20012KT 10SM CLR 30/07 A2983 RMK AO2 SLP101 T03000067
SMF,2023-06-27 01:53,KSMF 270153Z 18011KT 10SM CLR 29/11 A2982 RMK AO2 SLP097 T02890111
SMF,2023-06-27 02:53,KSMF 270253Z 17010KT 10SM CLR 25/13 A2982 RMK AO2 SLP098 T02500128 55008
SMF,2023-06-27 03:53,KSMF 270353Z 17010KT 10SM CLR 22/12 A2982 RMK AO2 SLP099 T02170122
SMF,2023-06-27 04:53,KSMF 270453Z 18010KT 10SM CLR 19/11 A2983 RMK AO2 SLP101 T01890111
SMF,2023-06-27 05:53,KSMF 270553Z 17012KT 10SM CLR 17/11 A2984 RMK AO2 SLP103 T01720106 10306 20172 53005
SMF,2023-06-27 06:53,KSMF 270653Z 14012KT 10SM CLR 17/11 A2985 RMK AO2 SLP106 T01670106
SMF,2023-06-27 07:53,KSMF 270753Z 15011KT 10SM CLR 16/11 A2985 RMK AO2 SLP108 T01610106 403110128
SMF,2023-06-27 08:53,KSMF 270853Z 14010KT 10SM CLR 16/11 A2985 RMK AO2 SLP108 T01560106 51005
SMF,2023-06-27 09:53,KSMF 270953Z 17011KT 10SM CLR 15/11 A2985 RMK AO2 SLP107 T01500106
SMF,2023-06-27 10:53,KSMF 271053Z 17013KT 10SM CLR 14/11 A2984 RMK AO2 SLP104 T01390106
SMF,2023-06-27 11:53,KSMF 271153Z 16007KT 10SM CLR 13/11 A2985 RMK AO2 SLP108 T01330106 10172 20133 55000
SMF,2023-06-27 12:53,KSMF 271253Z 12009KT 10SM FEW250 14/11 A2986 RMK AO2 SLP112 T01390106
SMF,2023-06-27 13:53,KSMF 271353Z 15007KT 10SM FEW008 14/11 A2988 RMK AO2 SLP116 T01390111
SMF,2023-06-27 14:53,KSMF 271453Z 17007KT 10SM CLR 15/11 A2988 RMK AO2 SLP118 T01500111 51010
SMF,2023-06-27 15:53,KSMF 271553Z 18007KT 10SM FEW250 18/11 A2988 RMK AO2 SLP118 T01780111
SMF,2023-06-27 16:53,KSMF 271653Z VRB03KT 10SM FEW250 20/12 A2988 RMK AO2 SLP117 T02000122
SMF,2023-06-27 17:53,KSMF 271753Z 20005KT 10SM FEW250 23/13 A2988 RMK AO2 SLP118 T02280128 10228 20133 55000
SMF,2023-06-27 18:53,KSMF 271853Z 19007KT 10SM SCT250 24/13 A2987 RMK AO2 SLP114 T02440128
SMF,2023-06-27 19:53,KSMF 271953Z 21008KT 10SM BKN250 26/13 A2986 RMK AO2 SLP111 T02610128
SMF,2023-06-27 20:53,KSMF 272053Z 17007KT 10SM BKN250 28/13 A2984 RMK AO2 SLP105 T02780128 58012
SMF,2023-06-27 21:53,KSMF 272153Z 18009KT 10SM CLR 29/13 A2982 RMK AO2 SLP097 T02940128
SMF,2023-06-27 22:53,KSMF 272253Z 20008KT 10SM SCT250 30/12 A2980 RMK AO2 SLP090 T03000122
SMF,2023-06-27 23:53,KSMF 272353Z VRB06KT 10SM SCT250 31/12 A2978 RMK AO2 SLP085 T03060117 10306 20222 56021
SMF,2023-06-28 00:53,KSMF 280053Z 18008KT 10SM SCT250 31/12 A2977 RMK AO2 SLP081 T03060117
SMF,2023-06-28 01:53,KSMF 280153Z 18010KT 10SM SCT250 28/13 A2977 RMK AO2 SLP080 T02830128
SMF,2023-06-28 02:53,KSMF 280253Z 18010KT 10SM CLR 26/14 A2977 RMK AO2 SLP079 T02610139 56006
SMF,2023-06-28 03:53,KSMF 280353Z 18012KT 10SM CLR 22/13 A2977 RMK AO2 SLP081 T02220128
SMF,2023-06-28 04:53,KSMF 280453Z 18010KT 10SM CLR 21/13 A2979 RMK AO2 SLP085 T02060128
SMF,2023-06-28 05:53,KSMF 280553Z 15007KT 10SM CLR 19/12 A2980 RMK AO2 SLP090 T01940122 10306 20194 53011
SMF,2023-06-28 06:53,KSMF 280653Z 15011KT 10SM CLR 18/12 A2980 RMK AO2 SLP090 T01830117
SMF,2023-06-28 07:53,KSMF 280753Z 15009KT 10SM CLR 17/11 A2980 RMK AO2 SLP090 T01720111 403060133
SMF,2023-06-28 08:53,KSMF 280853Z 15009KT 10SM CLR 16/11 A2980 RMK AO2 SLP091 T01610111 51001
SMF,2023-06-28 09:53,KSMF 280953Z 14009KT 10SM CLR 15/11 A2980 RMK AO2 SLP091 T01500111
SMF,2023-06-28 10:53,KSMF 281053Z 16008KT 10SM CLR 14/11 A2981 RMK AO2 SLP092 T01440106
SMF,2023-06-28 11:53,KSMF 281153Z 16008KT 10SM CLR 14/11 A2982 RMK AO2 SLP096 T01440106 10194 20144 53005
SMF,2023-06-28 12:53,KSMF 281253Z 15009KT 10SM CLR 14/11 A2983 RMK AO2 SLP101 T01440106
SMF,2023-06-28 13:53,KSMF 281353Z 18007KT 10SM CLR 14/11 A2985 RMK AO2 SLP107 T01440111
SMF,2023-06-28 14:53,KSMF 281453Z AUTO VRB06KT 10SM CLR 16/11 A2986 RMK AO2 SLP112 T01610111 51016
SMF,2023-06-28 15:53,KSMF 281553Z 17005KT 10SM CLR 18/12 A2987 RMK AO2 SLP114 T01830117
SMF,2023-06-28 16:53,KSMF 281653Z 15003KT 10SM CLR 20/12 A2986 RMK AO2 SLP111 T02000122
SMF,2023-06-28 17:53,KSMF 281753Z 21005KT 10SM CLR 23/13 A2986 RMK AO2 SLP110 T02330128 10233 20144 58002
SMF,2023-06-28 18:53,KSMF 281853Z 23006KT 10SM CLR 26/14 A2985 RMK AO2 SLP107 T02610139
SMF,2023-06-28 19:53,KSMF 281953Z 25005KT 10SM CLR 28/13 A2984 RMK AO2 SLP105 T02780133
SMF,2023-06-28 20:53,KSMF 282053Z VRB06KT 10SM CLR 30/14 A2983 RMK AO2 SLP100 T03000139 58010
SMF,2023-06-28 21:53,KSMF 282153Z 19007KT 10SM CLR 32/15 A2980 RMK AO2 SLP091 T03170150
SMF,2023-06-28 22:53,KSMF 282253Z 19008KT 10SM CLR 32/16 A2979 RMK AO2 SLP088 T03220156
SMF,2023-06-28 23:53,KSMF 282353Z 19009KT 10SM CLR 32/14 A2979 RMK AO2 SLP086 T03170139 10328 20233 56014
SMF,2023-06-29 00:53,KSMF 290053Z 20014KT 10SM CLR 32/14 A2978 RMK AO2 SLP083 T03170144
SMF,2023-06-29 01:53,KSMF 290153Z 19011KT 10SM CLR 29/14 A2978 RMK AO2 SLP084 T02940139
SMF,2023-06-29 02:53,KSMF 290253Z 18011KT 10SM CLR 26/13 A2979 RMK AO2 SLP088 T02610133 53002
SMF,2023-06-29 03:53,KSMF 290353Z 19011KT 10SM CLR 23/12 A2979 RMK AO2 SLP088 T02280122
SMF,2023-06-29 04:53,KSMF 290453Z 18009KT 10SM CLR 21/12 A2980 RMK AO2 SLP092 T02060122
SMF,2023-06-29 05:53,KSMF 290553Z 14008KT 10SM CLR 20/11 A2982 RMK AO2 SLP097 T02000111 10322 20194 53009
SMF,2023-06-29 06:53,KSMF 290653Z 16010KT 10SM CLR 18/11 A2983 RMK AO2 SLP100 T01830111
SMF,2023-06-29 07:53,KSMF 290753Z 15009KT 10SM CLR 18/11 A2983 RMK AO2 SLP100 T01780111 403280144
SMF,2023-06-29 08:53,KSMF 290853Z 17006KT 10SM CLR 17/11 A2984 RMK AO2 SLP103 T01670111 53006
SMF,2023-06-29 09:53,KSMF 290953Z 17007KT 10SM CLR 16/11 A2984 RMK AO2 SLP104 T01610106
SMF,2023-06-29 10:53,KSMF 291053Z 16006KT 10SM CLR 16/11 A2985 RMK AO2 SLP107 T01560106
SMF,2023-06-29 11:53,KSMF 291153Z 19004KT 10SM CLR 14/11 A2986 RMK AO2 SLP109 T01440106 10194 20144 53006
SMF,2023-06-29 12:53,KSMF 291253Z 00000KT 10SM CLR 14/11 A2988 RMK AO2 SLP116 T01440106
SMF,2023-06-29 13:53,KSMF 291353Z 06003KT 10SM CLR 16/12 A2989 RMK AO2 SLP120 T01610122
SMF,2023-06-29 14:53,KSMF 291453Z 00000KT 10SM CLR 19/13 A2989 RMK AO2 SLP122 T01940128 51013
SMF,2023-06-29 15:53,KSMF 291553Z 00000KT 10SM CLR 22/12 A2990 RMK AO2 SLP124 T02220122
SMF,2023-06-29 16:53,KSMF 291653Z VRB04KT 10SM CLR 24/14 A2989 RMK AO2 SLP122 T02390139
SMF,2023-06-29 17:53,KSMF 291753Z 18004KT 10SM CLR 27/14 A2989 RMK AO2 SLP123 T02670144 10267 20139 51001
SMF,2023-06-29 18:53,KSMF 291853Z VRB05KT 10SM CLR 29/15 A2988 RMK AO2 SLP119 T02940150 $
SMF,2023-06-29 19:53,KSMF 291953Z 29005KT 10SM CLR 32/16 A2987 RMK AO2 SLP113 T03220156
SMF,2023-06-29 20:53,KSMF 292053Z 25006KT 10SM CLR 34/16 A2984 RMK AO2 SLP106 T03390161 58017
SMF,2023-06-29 21:53,KSMF 292153Z VRB03KT 10SM CLR 35/17 A2983 RMK AO2 SLP100 T03500167
SMF,2023-06-29 22:53,KSMF 292253Z VRB04KT 10SM CLR 36/16 A2981 RMK AO2 SLP095 T03610161
SMF,2023-06-29 23:53,KSMF 292353Z VRB04KT 10SM CLR 37/16 A2980 RMK AO2 SLP090 T03670161 10372 20267 56015
SMF,2023-06-30 00:53,KSMF 300053Z 18007KT 10SM CLR 37/17 A2978 RMK AO2 SLP085 T03670172
SMF,2023-06-30 01:53,KSMF 300153Z 18010KT 10SM CLR 36/16 A2978 RMK AO2 SLP083 T03560161
SMF,2023-06-30 02:53,KSMF 300253Z 18009KT 10SM CLR 33/16 A2978 RMK AO2 SLP084 T03330156 55006
SMF,2023-06-30 03:53,KSMF 300353Z 19009KT 10SM CLR 31/16 A2978 RMK AO2 SLP085 T03060156
SMF,2023-06-30 04:53,KSMF 300453Z 20009KT 10SM CLR 27/14 A2979 RMK AO2 SLP089 T02720144
SMF,2023-06-30 05:53,KSMF 300553Z 19011KT 10SM CLR 25/13 A2980 RMK AO2 SLP091 T02500133 10367 20250 53008
SMF,2023-06-30 06:53,KSMF 300653Z 16007KT 10SM CLR 24/13 A2981 RMK AO2 SLP094 T02390128
SMF,2023-06-30 07:53,KSMF 300753Z 17006KT 10SM CLR 24/13 A2982 RMK AO2 SLP096 T02390133 403720139
SMF,2023-06-30 08:53,KSMF 300853Z 17008KT 10SM CLR 23/13 A2982 RMK AO2 SLP096 T02280133 50004
SMF,2023-06-30 09:53,KSMF 300953Z 15004KT 10SM CLR 22/13 A2982 RMK AO2 SLP096 T02170128
SMF,2023-06-30 10:53,KSMF 301053Z 21004KT 10SM CLR 19/12 A2982 RMK AO2 SLP097 T01940122
SMF,2023-06-30 11:53,KSMF 301153Z 21004KT 10SM CLR 19/12 A2982 RMK AO2 SLP099 T01940122 10250 20194 53003
SMF,2023-06-30 12:53,KSMF 301253Z 17006KT 10SM CLR 18/12 A2985 RMK AO2 SLP106 T01830122
SMF,2023-06-30 13:53,KSMF 301353Z 18004KT 10SM CLR 19/12 A2986 RMK AO2 SLP111 T01940122
SMF,2023-06-30 14:53,KSMF 301453Z 12004KT 10SM CLR 22/13 A2988 RMK AO2 SLP119 T02170128 53020
SMF,2023-06-30 15:53,KSMF 301553Z 14004KT 10SM CLR 26/13 A2989 RMK AO2 SLP120 T02560128
SMF,2023-06-30 16:53,KSMF 301653Z 15005KT 10SM CLR 29/13 A2989 RMK AO2 SLP120 T02890128
SMF,2023-06-30 17:53,KSMF 301753Z VRB04KT 10SM CLR 31/13 A2989 RMK AO2 SLP119 T03060128 10306 20178 50000
SMF,2023-06-30 18:53,KSMF 301853Z VRB03KT 10SM CLR 32/16 A2988 RMK AO2 SLP116 T03220156
SMF,2023-06-30 19:53,KSMF 301953Z VRB05KT 10SM CLR 36/16 A2986 RMK AO2 SLP112 T03560161
SMF,2023-06-30 20:53,KSMF 302053Z VRB03KT 10SM CLR 37/14 A2984 RMK AO2 SLP104 T03670144 58015
SMF,2023-06-30 21:53,KSMF 302153Z 21007KT 10SM CLR 38/15 A2983 RMK AO2 SLP099 T03830150
SMF,2023-06-30 22:53,KSMF 302253Z 20006KT 10SM CLR 39/12 A2981 RMK AO2 SLP095 T03940117
SMF,2023-06-30 23:53,KSMF 302353Z 27004KT 10SM CLR 39/13 A2980 RMK AO2 SLP090 T03890133 10394 20300 58015
SMF,2023-07-01 00:53,KSMF 010053Z 21004KT 10SM CLR 39/14 A2978 RMK AO2 SLP083 T03890139
SMF,2023-07-01 01:53,KSMF 010153Z 15005KT 10SM CLR 39/14 A2977 RMK AO2 SLP080 T03890139
SMF,2023-07-01 02:53,KSMF 010253Z 17005KT 10SM CLR 37/14 A2977 RMK AO2 SLP079 T03720139 56010
SMF,2023-07-01 04:53,KSMF 010453Z 20006KT 10SM CLR 31/16 A2979
SMF,2023-07-01 05:53,KSMF 010553Z 19004KT 10SM CLR 27/16 A2979 RMK AO2 SLP089 T02720156 10394 20272 53009
SMF,2023-07-01 06:53,KSMF 010653Z 18005KT 10SM CLR 26/14 A2980 RMK AO2 SLP089 T02610139
SMF,2023-07-01 07:53,KSMF 010753Z 15007KT 10SM CLR 27/14 A2980 RMK AO2 SLP090 T02670139 403940178
SMF,2023-07-01 08:53,KSMF 010853Z 18005KT 10SM CLR 26/13 A2980 RMK AO2 SLP090 T02610133 50001
SMF,2023-07-01 09:53,KSMF 010953Z 15004KT 10SM CLR 24/13 A2980 RMK AO2 SLP090 T02440128
SMF,2023-07-01 10:53,KSMF 011053Z 16004KT 10SM CLR 24/12 A2980 RMK AO2 SLP091 T02440122
SMF,2023-07-01 11:53,KSMF 011153Z 21004KT 10SM CLR 21/13 A2981 RMK AO2 SLP093 T02110128 10278 20211 53004
SMF,2023-07-01 12:53,KSMF 011253Z 06003KT 10SM CLR 21/13 A2982 RMK AO2 SLP098 T02110128
SMF,2023-07-01 13:53,KSMF 011353Z 00000KT 10SM CLR 24/13 A2984 RMK AO2 SLP105 T02390128
SMF,2023-07-01 14:53,KSMF 011453Z 07004KT 10SM CLR 26/14 A2985 RMK AO2 SLP109 T02610139 51015
SMF,2023-07-01 15:53,KSMF 011553Z 00000KT 10SM CLR 30/14 A2987 RMK AO2 SLP113 T03000139
SMF,2023-07-01 16:53,KSMF 011653Z 32005KT 10SM CLR 32/16 A2987 RMK AO2 SLP115 T03170161
SMF,2023-07-01 17:53,KSMF 011753Z 30005KT 10SM CLR 34/16 A2987 RMK AO2 SLP116 T03390161 10339 20206 51007
SMF,2023-07-01 18:53,KSMF 011853Z VRB04KT 10SM CLR 37/16 A2987 RMK AO2 SLP115 T03670161
SMF,2023-07-01 19:53,KSMF 011953Z 00000KT 10SM CLR 37/14 A2987 RMK AO2 SLP113 T03720144
SMF,2023-07-01 20:53,KSMF 012053Z 27006KT 10SM CLR 39/17 A2985 RMK AO2 SLP106 T03890167 58009
SMF,2023-07-01 21:53,KSMF 012153Z VRB03KT 10SM CLR 41/16 A2983 RMK AO2 SLP101 T04060156
SMF,2023-07-01 22:53,KSMF 012253Z VRB03KT 10SM CLR 42/13 A2982 RMK AO2 SLP096 T04170133
SMF,2023-07-01 23:53,KSMF 012353Z 25005KT 10SM FEW250 42/12 A2980 RMK AO2 SLP091 T04170122 10422 20339 56015
SMF,2023-07-02 00:53,KSMF 020053Z 21006KT 10SM FEW250 41/14 A2979 RMK AO2 SLP086 T04110139
SMF,2023-07-02 01:53,KSMF 020153Z 20007KT 10SM FEW250 41/14 A2978 RMK AO2 SLP084 T04060144
SMF,2023-07-02 02:53,KSMF 020253Z 21005KT 10SM FEW250 38/15 A2977 RMK AO2 SLP082 T03830150 56010
SMF,2023-07-02 03:53,KSMF 020353Z 23004KT 10SM FEW250 34/16 A2978 RMK AO2 SLP083 T03440161
SMF,2023-07-02 04:53,KSMF 020453Z 00000KT 10SM FEW250 32/16 A2979 RMK AO2 SLP088 T03220156
SMF,2023-07-02 05:53,KSMF 020553Z 21004KT 10SM CLR 29/16 A2980 RMK AO2 SLP090 T02940161 10422 20294 53008
SMF,2023-07-02 06:53,KSMF 020653Z 00000KT 10SM CLR 27/17 A2980 RMK AO2 SLP089 T02720167
SMF,2023-07-02 07:53,KSMF 020753Z 16003KT 10SM CLR 27/15 A2979 RMK AO2 SLP087 T02670150 404220206
SMF,2023-07-02 08:53,KSMF 020853Z 13004KT 10SM CLR 27/14 A2979 RMK AO2 SLP087 T02720139 56003
SMF,2023-07-02 09:53,KSMF 020953Z 15003KT 10SM CLR 26/14 A2979 RMK AO2 SLP086 T02610144
SMF,2023-07-02 10:53,KSMF 021053Z 00000KT 10SM CLR 24/14 A2978 RMK AO2 SLP085 T02390139
SMF,2023-07-02 11:53,KSMF 021153Z 14006KT 10SM CLR 24/12 A2979 RMK AO2 SLP086 T02390122 10294 20233 55000
SMF,2023-07-02 12:53,KSMF 021253Z 17006KT 10SM CLR 24/12 A2980 RMK AO2 SLP091 T02390117
SMF,2023-07-02 13:53,KSMF 021353Z 21003KT 10SM CLR 23/13 A2981 RMK AO2 SLP095 T02280128
SMF,2023-07-02 14:53,KSMF 021453Z 00000KT 10SM FEW250 26/12 A2982 RMK AO2 SLP096 T02610122 51010
SMF,2023-07-02 15:53,KSMF 021553Z 08003KT 10SM SCT250 29/14 A2983 RMK AO2 SLP100 T02940139
SMF,2023-07-02 16:53,KSMF 021653Z VRB03KT 10SM SCT250 33/16 A2982 RMK AO2 SLP099 T03280156
SMF,2023-07-02 17:53,KSMF 021753Z VRB05KT 10SM SCT250 34/18 A2983 RMK AO2 SLP100 T03390178 10339 20217 51003
SMF,2023-07-02 18:53,KSMF 021853Z 00000KT 10SM FEW250 37/13 A2982 RMK AO2 SLP098 T03670128
SMF,2023-07-02 19:53,KSMF 021953Z 00000KT 10SM FEW250 39/11 A2982 RMK AO2 SLP096 T03890106
SMF,2023-07-02 20:53,KSMF 022053Z 30004KT 10SM CLR 41/11 A2980 RMK AO2 SLP089 T04060106 58010
SMF,2023-07-02 21:53,KSMF 022153Z VRB04KT 10SM CLR 42/10 A2979 RMK AO2 SLP086 T04170100
SMF,2023-07-02 22:53,KSMF 022253Z VRB05KT 10SM CLR 42/12 A2977 RMK AO2 SLP082 T04170117
SMF,2023-07-02 23:53,KSMF 022353Z 19004KT 10SM CLR 42/12 A2976 RMK AO2 SLP075 T04170122 10422 20339 58014
SMF,2023-07-03 00:53,KSMF 030053Z 21007KT 10SM CLR 42/12 A2974 RMK AO2 SLP070 T04170122
SMF,2023-07-03 01:53,KSMF 030153Z 20007KT 10SM CLR 41/14 A2973 RMK AO2 SLP067 T04060144
SMF,2023-07-03 02:53,KSMF 030253Z 24007KT 10SM CLR 37/13 A2973 RMK AO2 SLP068 T03670133 55008
SMF,2023-07-03 03:53,KSMF 030353Z 22007KT 10SM CLR 33/13 A2974 RMK AO2 SLP069 T03280128
SMF,2023-07-03 04:53,KSMF 030453Z 18007KT 10SM CLR 30/14 A2976 RMK AO2 SLP076 T03000144
SMF,2023-07-03 05:53,KSMF 030553Z 20006KT 10SM CLR 27/12 A2976 RMK AO2 SLP077 T02720122 10422 20272 51010
SMF,2023-07-03 06:53,KSMF 030653Z 15009KT 10SM CLR 27/11 A2977 RMK AO2 SLP081 T02670111
SMF,2023-07-03 07:53,KSMF 030753Z 16009KT 10SM CLR 26/11 A2978 RMK AO2 SLP083 T02560111 404220217
SMF,2023-07-03 08:53,KSMF 030853Z 18009KT 10SM CLR 24/11 A2977 RMK AO2 SLP082 T02390111 50005
SMF,2023-07-03 09:53,KSMF 030953Z 16008KT 10SM CLR 22/11 A2978 RMK AO2 SLP083 T02170106
SMF,2023-07-03 10:53,KSMF 031053Z 15008KT 10SM CLR 21/11 A2978 RMK AO2 SLP083 T02110106
SMF,2023-07-03 11:53,KSMF 031153Z 15008KT 10SM CLR 21/11 A2978 RMK AO2 SLP082 T02060106 10272 20206 50000
SMF,2023-07-03 12:53,KSMF 031253Z 14009KT 10SM CLR 20/11 A2978 RMK AO2 SLP085 T02000106
SMF,2023-07-03 13:53,KSMF 031353Z 15010KT 10SM CLR 20/11 A2980 RMK AO2 SLP090 T02000111
SMF,2023-07-03 14:53,KSMF 031453Z 15008KT 10SM CLR 22/12 A2981 RMK AO2 SLP093 T02170117 53011
SMF,2023-07-03 15:53,KSMF 031553Z 17010KT 10SM CLR 24/12 A2982 RMK AO2 SLP096 T02440122
SMF,2023-07-03 16:53,KSMF 031653Z 17008KT 10SM CLR 27/12 A2982 RMK AO2 SLP096 T02720117
SMF,2023-07-03 17:53,KSMF 031753Z 19008KT 10SM CLR 30/12 A2981 RMK AO2 SLP094 T03000117 10300 20200 50001
SMF,2023-07-03 18:53,KSMF 031853Z 19009KT 10SM CLR 32/12 A2981 RMK AO2 SLP092 T03170122
SMF,2023-07-03 19:53,KSMF 031953Z 18012KT 10SM CLR 34/13 A2979 RMK AO2 SLP088 T03390128
SMF,2023-07-03 20:53,KSMF 032053Z 18011KT 10SM CLR 35/12 A2978 RMK AO2 SLP084 T03500117 58010
SMF,2023-07-03 21:53,KSMF 032153Z 18010KT 10SM CLR 36/13 A2977 RMK AO2 SLP080 T03610133
SMF,2023-07-03 22:53,KSMF 032253Z 17013KT 10SM CLR 37/14 A2976 RMK AO2 SLP077 T03670144
SMF,2023-07-03 23:53,KSMF 032353Z 18012KT 10SM CLR 36/14 A2975 RMK AO2 SLP073 T03610144 10372 20300 56011
SMF,2023-07-04 00:53,KSMF 040053Z 17010KT 10SM CLR 35/14 A2974 RMK AO2 SLP070 T03500139
SMF,2023-07-04 01:53,KSMF 040153Z 19011KT 10SM CLR 33/13 A2974 RMK AO2 SLP071 T03330128
SMF,2023-07-04 02:53,KSMF 040253Z 17011KT 10SM CLR 29/12 A2975 RMK AO2 SLP075 T02890122 53001
SMF,2023-07-04 03:53,KSMF 040353Z 16009KT 10SM CLR 26/12 A2976 RMK AO2 SLP077 T02560117
SMF,2023-07-04 04:53,KSMF 040453Z 15010KT 10SM CLR 23/11 A2978 RMK AO2 SLP083 T02330111
SMF,2023-07-04 05:53,KSMF 040553Z 15012KT 10SM CLR 22/11 A2979 RMK AO2 SLP086 T02170106 10361 20217 53012
SMF,2023-07-04 06:53,KSMF 040653Z 15011KT 10SM CLR 21/11 A2979 RMK AO2 SLP087 T02060106
SMF,2023-07-04 07:53,KSMF 040753Z 14013KT 10SM CLR 19/10 A2980 RMK AO2 SLP089 T01890100 403720189
SMF,2023-07-04 08:53,KSMF 040853Z 15010KT 10SM CLR 19/08 A2980 RMK AO2 SLP089 T01890083 51003
SMF,2023-07-04 09:53,KSMF 040953Z 15012KT 10SM CLR 18/08 A2980 RMK AO2 SLP090 T01780083
SMF,2023-07-04 10:53,KSMF 041053Z 15009KT 10SM CLR 17/09 A2980 RMK AO2 SLP091 T01670094
SMF,2023-07-04 11:53,KSMF 041153Z 15008KT 10SM CLR 16/10 A2981 RMK AO2 SLP092 T01560100 10217 20156 53003
SMF,2023-07-04 12:53,KSMF 041253Z 14010KT 10SM CLR 15/10 A2981 RMK AO2 SLP094 T01500100
SMF,2023-07-04 13:53,KSMF 041353Z 15009KT 10SM CLR 16/10 A2982 RMK AO2 SLP098 T01560100
SMF,2023-07-04 14:53,KSMF 041453Z 16007KT 10SM CLR 17/11 A2984 RMK AO2 SLP104 T01670106 53012
SMF,2023-07-04 15:53,KSMF 041553Z 18006KT 10SM CLR 19/11 A2985 RMK AO2 SLP109 T01890111
SMF,2023-07-04 16:53,KSMF 041653Z VRB04KT 10SM CLR 22/12 A2986 RMK AO2 SLP111 T02170117
SMF,2023-07-04 17:53,KSMF 041753Z 21006KT 10SM CLR 23/12 A2986 RMK AO2 SLP112 T02330117 10239 20150 51008
SMF,2023-07-04 18:53,KSMF 041853Z VRB05KT 10SM CLR 26/12 A2986 RMK AO2 SLP110 T02610122
SMF,2023-07-04 19:53,KSMF 041953Z 14009KT 10SM CLR 29/13 A2985 RMK AO2 SLP108 T02890128
SMF,2023-07-04 20:53,KSMF 042053Z 21007KT 10SM CLR 29/13 A2985 RMK AO2 SLP107 T02940128 56006
SMF,2023-07-04 21:53,KSMF 042153Z 17008KT 140V220 10SM CLR 31/12 A2983 RMK AO2 SLP102 T03110117
SMF,2023-07-04 22:53,KSMF 042253Z 19011KT 10SM CLR 32/13 A2982 RMK AO2 SLP097 T03220128
SMF,2023-07-04 23:53,KSMF 042353Z 19011KT 10SM CLR 33/12 A2980 RMK AO2 SLP092 T03280122 10328 20233 58015
SMF,2023-07-05 00:53,KSMF 050053Z 20013KT 10SM CLR 32/14 A2979 RMK AO2 SLP089 T03170139
SMF,2023-07-05 01:53,KSMF 050153Z 17014KT 10SM CLR 29/14 A2979 RMK AO2 SLP089 T02940139
SMF,2023-07-05 02:53,KSMF 050253Z 17013G20KT 10SM CLR 26/13 A2980 RMK AO2 SLP091 T02610128 55001
SMF,2023-07-05 03:53,KSMF 050353Z 17012KT 10SM CLR 23/12 A2981 RMK AO2 SLP092 T02280122
SMF,2023-07-05 04:53,KSMF 050453Z 15009KT 10SM CLR 21/12 A2982 RMK AO2 SLP097 T02110122
SMF,2023-07-05 05:53,KSMF 050553Z 15010KT 10SM CLR 20/12 A2983 RMK AO2 SLP100 T02000117 10328 20200 53009
SMF,2023-07-05 06:53,KSMF 050653Z 15012KT 10SM CLR 19/11 A2983 RMK AO2 SLP102 T01890111
SMF,2023-07-05 07:53,KSMF 050753Z 15008KT 10SM CLR 18/11 A2983 RMK AO2 SLP102 T01780111 403280150
SMF,2023-07-05 08:53,KSMF 050853Z 15010KT 10SM CLR 17/11 A2983 RMK AO2 SLP100 T01670106 50000
SMF,2023-07-05 09:53,KSMF 050953Z 14012KT 10SM CLR 16/11 A2983 RMK AO2 SLP102 T01560106
SMF,2023-07-05 10:53,KSMF 051053Z 15011KT 10SM CLR 16/11 A2984 RMK AO2 SLP104 T01560106
SMF,2023-07-05 11:53,KSMF 051153Z 14009KT 10SM CLR 15/11 A2985 RMK AO2 SLP108 T01500106 10200 20150 53008
SMF,2023-07-05 12:53,KSMF 051253Z 14009KT 10SM CLR 15/11 A2986 RMK AO2 SLP110 T01500106
SMF,2023-07-05 13:53,KSMF 051353Z 15010KT 10SM CLR 15/11 A2986 RMK AO2 SLP112 T01500106
SMF,2023-07-05 14:53,KSMF 051453Z 15007KT 10SM CLR 16/11 A2988 RMK AO2 SLP117 T01610111 53009
SMF,2023-07-05 15:53,KSMF 051553Z 18007KT 10SM CLR 18/12 A2989 RMK AO2 SLP121 T01830117
SMF,2023-07-05 16:53,KSMF 051653Z 18009KT 10SM CLR 21/12 A2989 RMK AO2 SLP120 T02110122
SMF,2023-07-05 17:53,KSMF 051753Z 19007KT 10SM CLR 23/13 A2988 RMK AO2 SLP119 T02330128 10233 20144 50002
SMF,2023-07-05 18:53,KSMF 051853Z VRB06KT 10SM CLR 26/13 A2989 RMK AO2 SLP119 T02560133
SMF,2023-07-05 19:53,KSMF 051953Z 17007KT 140V210 10SM CLR 27/13 A2988 RMK AO2 SLP116 T02720133
SMF,2023-07-05 20:53,KSMF 052053Z 16008KT 10SM CLR 29/14 A2986 RMK AO2 SLP111 T02890139 58008
SMF,2023-07-05 21:53,KSMF 052153Z 17006KT 10SM CLR 31/13 A2985 RMK AO2 SLP107 T03060133
SMF,2023-07-05 22:53,KSMF 052253Z 18013KT 10SM CLR 31/14 A2983 RMK AO2 SLP101 T03110139
SMF,2023-07-05 23:53,KSMF 052353Z 18012KT 10SM CLR 31/12 A2982 RMK AO2 SLP096 T03110122 10317 20233 58016
SMF,2023-07-06 00:53,KSMF 060053Z 17014KT 10SM CLR 29/13 A2980 RMK AO2 SLP090 T02940128
SMF,2023-07-06 01:53,KSMF 060153Z 18015KT 10SM CLR 27/13 A2980 RMK AO2 SLP089 T02720133
SMF,2023-07-06 02:53,KSMF 060253Z 17014KT 10SM CLR 24/13 A2980 RMK AO2 SLP090 T02390128 55005
SMF,2023-07-06 03:53,KSMF 060353Z 17011KT 10SM CLR 21/12 A2980 RMK AO2 SLP092 T02110122
SMF,2023-07-06 04:53,KSMF 060453Z 16011KT 10SM CLR 19/12 A2983 RMK AO2 SLP100 T01890117
SMF,2023-07-06 05:53,KSMF 060553Z 16011KT 10SM CLR 17/12 A2984 RMK AO2 SLP104 T01720117 10317 20172 53014
SMF,2023-07-06 06:53,KSMF 060653Z 14013KT 10SM CLR 17/11 A2985 RMK AO2 SLP106 T01670111
SMF,2023-07-06 07:53,KSMF 060753Z 15012KT 10SM CLR 16/11 A2985 RMK AO2 SLP107 T01610111 403170144
SMF,2023-07-06 08:53,KSMF 060853Z 15010KT 10SM CLR 16/11 A2985 RMK AO2 SLP108 T01560111 51003
SMF,2023-07-06 09:53,KSMF 060953Z 14013KT 10SM CLR 14/11 A2985 RMK AO2 SLP107 T01440106
SMF,2023-07-06 10:53,KSMF 061053Z 14010KT 10SM CLR 14/11 A2985 RMK AO2 SLP106 T01390106
SMF,2023-07-06 11:53,KSMF 061153Z 14010KT 10SM CLR 14/11 A2984 RMK AO2 SLP105 T01390106 10172 20139 57002
SMF,2023-07-06 12:53,KSMF 061253Z 15009KT 10SM CLR 14/11 A2985 RMK AO2 SLP108 T01390111
SMF,2023-07-06 13:53,KSMF 061353Z 15008KT 10SM CLR 14/11 A2986 RMK AO2 SLP111 T01440111
SMF,2023-07-06 14:53,KSMF 061453Z 18005KT 10SM CLR 16/12 A2987 RMK AO2 SLP116 T01560117 53010
SMF,2023-07-06 15:53,KSMF 061553Z 17005KT 10SM CLR 18/12 A2988 RMK AO2 SLP118 T01780117
SMF,2023-07-06 16:53,KSMF 061653Z 20005KT 10SM CLR 20/12 A2989 RMK AO2 SLP120 T02000122
SMF,2023-07-06 17:53,KSMF 061753Z 18005KT 10SM CLR 22/13 A2988 RMK AO2 SLP118 T02220128 10222 20133 50002
SMF,2023-07-06 18:53,KSMF 061853Z VRB04KT 10SM CLR 25/13 A2987 RMK AO2 SLP115 T02500133
SMF,2023-07-06 19:53,KSMF 061953Z 16006KT 10SM CLR 27/13 A2986 RMK AO2 SLP110 T02670128
SMF,2023-07-06 20:53,KSMF 062053Z 18007KT 150V210 10SM CLR 28/13 A2984 RMK AO2 SLP105 T02780128 58013
SMF,2023-07-06 21:53,KSMF 062153Z 18009KT 10SM CLR 29/13 A2982 RMK AO2 SLP098 T02890133
SMF,2023-07-06 23:53,KSMF 062353Z 18011KT 10SM CLR 30/13 A2979 RMK SLP086 T03000133 10300 20222 56019
SMF,2023-07-07 00:53,KSMF 070053Z 18012KT 10SM CLR 29/13 A2977 RMK SLP080 T02940133
SMF,2023-07-07 01:53,KSMF 070153Z 17011KT 10SM CLR 27/14 A2976 RMK SLP077 T02720139
SMF,2023-07-07 02:53,KSMF 070253Z 17014KT 10SM CLR 23/13 A2976 RMK SLP077 T02330133 56009
SMF,2023-07-07 03:53,KSMF 070353Z 17015KT 10SM CLR 21/12 A2977 RMK SLP079 T02060122
SMF,2023-07-07 04:53,KSMF 070453Z 15011G18KT 10SM CLR 19/12 A2978 RMK SLP085 T01890122
SMF,2023-07-07 05:53,KSMF 070553Z 16013G17KT 10SM CLR 17/12 A2979 RMK SLP088 T01720117 10300 20172 53012
SMF,2023-07-07 06:53,KSMF 070653Z 15012KT 10SM CLR 17/12 A2979 RMK SLP088 T01670117
SMF,2023-07-07 07:53,KSMF 070753Z 17010KT 10SM CLR 16/12 A2980 RMK SLP091 T01560117 403000133
SMF,2023-07-07 09:53,KSMF 070953Z 15011KT 10SM CLR 15/12 A2980 RMK SLP090 T01500117
SMF,2023-07-07 10:53,KSMF 071053Z 16011KT 10SM FEW008 14/12 A2980 RMK SLP090 T01440117
SMF,2023-07-07 11:53,KSMF 071153Z 14011KT 10SM CLR 14/12 A2980 RMK SLP090 T01440117 10172 20144 53000
SMF,2023-07-07 12:53,KSMF 071253Z 15008KT 10SM CLR 14/12 A2981 RMK SLP094 T01440117
SMF,2023-07-07 13:53,KSMF 071353Z 14007KT 10SM CLR 14/12 A2983
SMF,2023-07-07 14:53,KSMF 071453Z 15006KT 10SM FEW010 SCT200 16/12 A2984 RMK SLP103 T01560117 51013
SMF,2023-07-07 15:53,KSMF 071553Z 16007KT 10SM FEW220 18/12 A2984
SMF,2023-07-07 16:53,KSMF 071653Z 18008KT 10SM FEW250 20/13 A2984 RMK SLP104 T02000128
SMF,2023-07-07 17:53,KSMF 071753Z 21007KT 10SM CLR 23/13 A2983 RMK SLP102 T02280133 10228 20139 58001
SMF,2023-07-07 18:53,KSMF 071853Z 20009KT 10SM CLR 25/14 A2984 RMK SLP103 T02500139
SMF,2023-07-07 19:53,KSMF 071953Z 21009KT 10SM CLR 26/14 A2982 RMK SLP098 T02610139
SMF,2023-07-07 20:53,KSMF 072053Z 21006KT 10SM CLR 27/13 A2981 RMK SLP093 T02720133 58009
SMF,2023-07-07 21:53,KSMF 072153Z 19009G14KT 10SM CLR 29/13 A2979 RMK SLP087 T02890133
SMF,2023-07-07 22:53,KSMF 072253Z 20011KT 10SM CLR 30/13 A2977 RMK SLP081 T03000133
SMF,2023-07-07 23:53,KSMF 072353Z 19016KT 10SM CLR 30/14 A2976 RMK AO2 SLP076 T03000139 10311 20222 56017
SMF,2023-07-08 00:53,KSMF 080053Z 18015KT 10SM CLR 28/13 A2975 RMK AO2 SLP074 T02830133
SMF,2023-07-08 01:53,KSMF 080153Z 16014KT 10SM CLR 27/13 A2975 RMK AO2 SLP072 T02670128
SMF,2023-07-08 02:53,KSMF 080253Z 16011KT 10SM CLR 24/12 A2975 RMK AO2 SLP073 T02440117 55003
SMF,2023-07-08 03:53,KSMF 080353Z 15011KT 10SM CLR 22/11 A2976 RMK AO2 SLP076 T02170111
SMF,2023-07-08 04:53,KSMF 080453Z 17011KT 10SM CLR 19/11 A2978 RMK AO2 SLP082 T01940106
SMF,2023-07-08 05:53,KSMF 080553Z 16010KT 10SM CLR 18/11 A2979 RMK AO2 SLP088 T01830106 10300 20183 53014
SMF,2023-07-08 06:53,KSMF 080653Z 17011KT 10SM CLR 17/11 A2980 RMK AO2 SLP089 T01720106
SMF,2023-07-08 07:53,KSMF 080753Z 16009KT 10SM CLR 17/10 A2980 RMK AO2 SLP089 T01670100 403110139
SMF,2023-07-08 08:53,KSMF 080853Z 14011KT 10SM CLR 16/11 A2980 RMK AO2 SLP091 T01560106 52003
SMF,2023-07-08 09:53,KSMF 080953Z 14010KT 10SM CLR 16/10 A2981 RMK AO2 SLP094 T01560100
SMF,2023-07-08 10:53,KSMF 081053Z 15010KT 10SM CLR 15/10 A2982 RMK AO2 SLP096 T01500100
SMF,2023-07-08 11:53,KSMF 081153Z 14008KT 10SM CLR 15/10 A2982 RMK AO2 SLP098 T01500100 10183 20144 51007
SMF,2023-07-08 12:53,KSMF 081253Z 14007KT 10SM CLR 14/09 A2983 RMK AO2 SLP100 T01390094
SMF,2023-07-08 13:53,KSMF 081353Z 14008KT 10SM CLR 14/09 A2984 RMK AO2 SLP105 T01440094
SMF,2023-07-08 14:53,KSMF 081453Z 19006KT 10SM CLR 16/10 A2986 RMK AO2 SLP110 T01560100 53012
SMF,2023-07-08 15:53,KSMF 081553Z 13006KT 10SM CLR 18/11 A2987 RMK AO2 SLP114 T01780106
SMF,2023-07-08 16:53,KSMF 081653Z 18007KT 110V210 10SM CLR 21/11 A2987 RMK AO2 SLP115 T02060111
SMF,2023-07-08 17:53,KSMF 081753Z 17007KT 10SM CLR 22/11 A2986 RMK AO2 SLP112 T02220111 10222 20139 50002
SMF,2023-07-08 18:53,KSMF 081853Z VRB05KT 10SM CLR 24/12 A2985 RMK AO2 SLP109 T02390122
SMF,2023-07-08 19:53,KSMF 081953Z 16007KT 10SM CLR 27/12 A2984 RMK AO2 SLP105 T02670122
SMF,2023-07-08 20:53,KSMF 082053Z 16004KT 10SM CLR 27/12 A2982 RMK AO2 SLP098 T02720122 58014
SMF,2023-07-08 21:53,KSMF 082153Z 14007KT 10SM CLR 29/13 A2980 RMK AO2 SLP091 T02940133
SMF,2023-07-08 22:53,KSMF 082253Z 19007KT 150V220 10SM CLR 31/13 A2978 RMK AO2 SLP085 T03060133
SMF,2023-07-08 23:53,KSMF 082353Z 18012KT 10SM CLR 30/13 A2977 RMK AO2 SLP081 T03000128 10311 20222 56017
SMF,2023-07-09 00:53,KSMF 090053Z 18014KT 10SM CLR 29/12 A2976 RMK AO2 SLP077 T02890122
SMF,2023-07-09 01:53,KSMF 090153Z 18012KT 10SM CLR 27/12 A2976 RMK AO2 SLP077 T02670117
SMF,2023-07-09 02:53,KSMF 090253Z 16015KT 10SM CLR 23/11 A2977 RMK AO2 SLP081 T02330111 55000
SMF,2023-07-09 04:53,KSMF 090453Z 16014KT 10SM CLR 18/09 A2980 RMK AO2 SLP091 T01830094
SMF,2023-07-09 05:53,KSMF 090553Z 16011KT 10SM CLR 17/09 A2981 RMK AO2 SLP094 T01720094 10306 20172 53013
SMF,2023-07-09 06:53,KSMF 090653Z 16012KT 10SM CLR 16/10 A2982 RMK AO2 SLP096 T01610100
SMF,2023-07-09 07:53,KSMF 090753Z 16015G20KT 10SM CLR 16/10 A2982 RMK AO2 SLP097 T01560100 403110139
SMF,2023-07-09 08:53,KSMF 090853Z 15013KT 10SM CLR 15/10 A2982 RMK AO2 SLP098 T01500100 51004
SMF,2023-07-09 09:53,KSMF 090953Z 16011KT 10SM CLR 14/10 A2982 RMK AO2 SLP099 T01440100
SMF,2023-07-09 10:53,KSMF 091053Z 14012KT 10SM CLR 14/10 A2983 RMK AO2 SLP101 T01390100
SMF,2023-07-09 11:53,KSMF 091153Z 16012KT 10SM CLR 13/09 A2983 RMK AO2 SLP102 T01330094 10172 20133 53004
SMF,2023-07-09 12:53,KSMF 091253Z 15009KT 10SM CLR 13/09 A2985 RMK AO2 SLP107 T01280094
SMF,2023-07-09 13:53,KSMF 091353Z 16009KT 10SM CLR 13/09 A2987 RMK AO2 SLP113 T01330094
SMF,2023-07-09 14:53,KSMF 091453Z 16007KT 10SM CLR 14/10 A2988 RMK AO2 SLP119 T01440100 53017
SMF,2023-07-09 15:53,KSMF 091553Z 15008KT 10SM FEW015 17/11 A2990 RMK AO2 SLP125 T01670106
SMF,2023-07-09 16:53,KSMF 091653Z 16011KT 10SM CLR 19/11 A2991 RMK AO2 SLP129 T01940106
SMF,2023-07-09 17:53,KSMF 091753Z 17010KT 10SM CLR 21/11 A2992 RMK AO2 SLP130 T02060106 10206 20128 51012
SMF,2023-07-09 18:53,KSMF 091853Z 20010KT 10SM CLR 22/11 A2991 RMK AO2 SLP129 T02220111
SMF,2023-07-09 19:53,KSMF 091953Z 19009KT 10SM CLR 23/12 A2991 RMK AO2 SLP127 T02330117
SMF,2023-07-09 20:53,KSMF 092053Z 18010G18KT 10SM CLR 24/11 A2991 RMK AO2 SLP127 T02440111 56003
SMF,2023-07-09 21:53,KSMF 092153Z 19013KT 10SM CLR 27/11 A2989 RMK AO2 SLP122 T02670111
SMF,2023-07-09 22:53,KSMF 092253Z 19013KT 10SM CLR 27/11 A2989 RMK AO2 SLP121 T02670111
SMF,2023-07-09 23:53,KSMF 092353Z 17014KT 10SM CLR 27/12 A2988 RMK AO2 SLP118 T02720117 10283 20206 56008
SMF,2023-07-10 00:53,KSMF 100053Z 16012KT 10SM CLR 26/11 A2988 RMK AO2 SLP117 T02560106
SMF,2023-07-10 01:53,KSMF 100153Z 17017G23KT 10SM CLR 24/11 A2988 RMK AO2 SLP116 T02390111
SMF,2023-07-10 02:53,KSMF 100253Z 17014G21KT 10SM CLR 22/12 A2988 RMK AO2 SLP118 T02170117 53000
SMF,2023-07-10 03:53,KSMF 100353Z 16011KT 10SM CLR 19/12 A2989 RMK AO2 SLP120 T01940117
SMF,2023-07-10 04:53,KSMF 100453Z 15012KT 10SM CLR 18/12 A2991 RMK AO2 SLP126 T01780117
SMF,2023-07-10 05:53,KSMF 100553Z 17010KT 10SM CLR 17/12 A2991 RMK AO2 SLP129 T01670117 10272 20167 53010
SMF,2023-07-10 06:53,KSMF 100653Z 16009KT 10SM CLR 17/12 A2992 RMK AO2 SLP130 T01670117
SMF,2023-07-10 07:53,KSMF 100753Z 15010KT 10SM CLR 16/12 A2992 RMK AO2 SLP131 T01610117 402830128
SMF,2023-07-10 08:53,KSMF 100853Z 14009KT 10SM CLR 15/12 A2992 RMK AO2 SLP130 T01500117 50001
SMF,2023-07-10 09:53,KSMF 100953Z 14007KT 10SM CLR 15/12 A2992 RMK AO2 SLP131 T01500117
SMF,2023-07-10 10:53,KSMF 101053Z 14007KT 10SM CLR 14/11 A2992 RMK AO2 SLP130 T01440111
SMF,2023-07-10 11:53,KSMF 101153Z 14005KT 10SM CLR 14/11 A2993 RMK AO2 SLP133 T01390111 10172 20139 53003
SMF,2023-07-10 12:53,KSMF 101253Z 11003KT 10SM CLR 14/11 A2994 RMK AO2 SLP138 T01390111
SMF,2023-07-10 13:53,KSMF 101353Z 00000KT 10SM CLR 14/11 A2996 RMK AO2 SLP144 T01390111
SMF,2023-07-10 14:53,KSMF 101453Z 08003KT 10SM CLR 16/11 A2997 RMK AO2 SLP149 T01560111 51016
SMF,2023-07-10 15:53,KSMF 101553Z 00000KT 10SM CLR 18/12 A2998 RMK AO2 SLP151 T01780117
SMF,2023-07-10 16:53,KSMF 101653Z 00000KT 10SM CLR 20/12 A2997 RMK AO2 SLP149 T02000117
SMF,2023-07-10 17:53,KSMF 101753Z VRB04KT 10SM CLR 23/12 A2997 RMK AO2 SLP146 T02280117 10228 20128 58002
SMF,2023-07-10 18:53,KSMF 101853Z VRB06KT 10SM CLR 26/12 A2995 RMK AO2 SLP143 T02560122
SMF,2023-07-10 19:53,KSMF 101953Z 00000KT 10SM CLR 27/13 A2994 RMK AO2 SLP138 T02720128
SMF,2023-07-10 20:53,KSMF 102053Z 30005KT 10SM CLR 29/12 A2992 RMK AO2 SLP132 T02940117 58014
SMF,2023-07-10 21:53,KSMF 102153Z VRB05KT 10SM CLR 31/08 A2990 RMK AO2 SLP126 T03060078
SMF,2023-07-10 22:53,KSMF 102253Z 00000KT 10SM CLR 31/08 A2989 RMK AO2 SLP120 T03110083
SMF,2023-07-10 23:53,KSMF 102353Z VRB03KT 10SM CLR 32/09 A2987 RMK AO2 SLP114 T03220094 10328 20222 56018
SMF,2023-07-11 00:53,KSMF 110053Z 18003KT 10SM CLR 33/08 A2985 RMK AO2 SLP109 T03280083
SMF,2023-07-11 01:53,KSMF 110153Z 21007KT 10SM CLR 32/10 A2985 RMK AO2 SLP107 T03220100
SMF,2023-07-11 02:53,KSMF 110253Z 18009KT 10SM CLR 31/12 A2985 RMK AO2 SLP107 T03060122 55008
SMF,2023-07-11 03:53,KSMF 110353Z 18009KT 10SM CLR 27/14 A2985 RMK AO2 SLP108 T02720139
SMF,2023-07-11 04:53,KSMF 110453Z 19009KT 10SM CLR 24/13 A2986 RMK AO2 SLP112 T02440133
SMF,2023-07-11 05:53,KSMF 110553Z 19007KT 10SM CLR 23/13 A2987 RMK AO2 SLP113 T02280128 10333 20222 53007
SMF,2023-07-11 06:53,KSMF 110653Z 16006KT 10SM CLR 22/12 A2987 RMK AO2 SLP115 T02170122
SMF,2023-07-11 07:53,KSMF 110753Z 14008KT 10SM CLR 21/12 A2988 RMK AO2 SLP119 T02110117 403330128
SMF,2023-07-11 08:53,KSMF 110853Z 13005KT 10SM CLR 21/11 A2989 RMK AO2 SLP119 T02110111 51006
SMF,2023-07-11 09:53,KSMF 110953Z 16007KT 10SM CLR 20/11 A2989 RMK AO2 SLP120 T02000106
SMF,2023-07-11 10:53,KSMF 111053Z 15005KT 10SM CLR 19/11 A2989 RMK AO2 SLP121 T01890106
SMF,2023-07-11 11:53,KSMF 111153Z 15005KT 10SM CLR 18/11 A2990 RMK AO2 SLP123 T01830106 10228 20183 53003
SMF,2023-07-11 12:53,KSMF 111253Z 00000KT 10SM CLR 17/11 A2991 RMK AO2 SLP129 T01720106
SMF,2023-07-11 13:53,KSMF 111353Z 18006KT 10SM CLR 18/11 A2993 RMK AO2 SLP135 T01780111
SMF,2023-07-11 14:53,KSMF 111453Z VRB03KT 10SM CLR 19/12 A2994 RMK AO2 SLP139 T01940117 51016
SMF,2023-07-11 15:53,KSMF 111553Z 00000KT 10SM CLR 23/11 A2995 RMK AO2 SLP143 T02330111
SMF,2023-07-11 16:53,KSMF 111653Z VRB03KT 10SM CLR 26/12 A2995 RMK AO2 SLP142 T02610117
SMF,2023-07-11 17:53,KSMF 111753Z 00000KT 10SM CLR 28/12 A2995 RMK AO2 SLP142 T02780117 10283 20167 50002
SMF,2023-07-11 18:53,KSMF 111853Z 00000KT 10SM CLR 31/12 A2995 RMK AO2 SLP140 T03060117
SMF,2023-07-11 19:53,KSMF 111953Z VRB04KT 10SM CLR 32/10 A2993 RMK AO2 SLP135 T03220100
SMF,2023-07-11 20:53,KSMF 112053Z 21005KT 10SM CLR 34/09 A2992 RMK AO2 SLP130 T03440094 58012
SMF,2023-07-11 21:53,KSMF 112153Z 27006KT 10SM CLR 34/11 A2990 RMK AO2 SLP124 T03440111
SMF,2023-07-11 22:53,KSMF 112253Z 23007KT 10SM CLR 36/09 A2988 RMK AO2 SLP119 T03560089
SMF,2023-07-11 23:53,KSMF 112353Z 23004KT 10SM CLR 36/05 A2987 RMK AO2 SLP114 T03610050 10361 20283 56016
SMF,2023-07-12 00:53,KSMF 120053Z 21006KT 10SM CLR 36/06 A2985 RMK AO2 SLP109 T03610061
SMF,2023-07-12 01:53,KSMF 120153Z 18007KT 10SM CLR 35/08 A2984 RMK AO2 SLP105 T03500083
SMF,2023-07-12 02:53,KSMF 120253Z 20008KT 10SM CLR 33/13 A2984 RMK AO2 SLP105 T03280128 55008
SMF,2023-07-12 03:53,KSMF 120353Z 18008KT 10SM CLR 30/14 A2985 RMK AO2 SLP109 T03000139
SMF,2023-07-12 04:53,KSMF 120453Z 20006KT 10SM CLR 27/14 A2987 RMK AO2 SLP113 T02720139
SMF,2023-07-12 05:53,KSMF 120553Z 20007KT 10SM CLR 24/13 A2988 RMK AO2 SLP116 T02390133 10361 20239 52010
SMF,2023-07-12 06:53,KSMF 120653Z 17006KT 10SM CLR 23/11 A2988 RMK AO2 SLP116 T02280106
SMF,2023-07-12 07:53,KSMF 120753Z 14008KT 10SM CLR 23/10 A2989 RMK AO2 SLP119 T02280100 403610167
SMF,2023-07-12 08:53,KSMF 120853Z 15009KT 10SM CLR 21/11 A2989 RMK AO2 SLP122 T02110106 53006
SMF,2023-07-12 09:53,KSMF 120953Z 16008KT 10SM CLR 20/11 A2989 RMK AO2 SLP122 T02000106
SMF,2023-07-12 10:53,KSMF 121053Z 14010KT 10SM CLR 19/10 A2989 RMK AO2 SLP122 T01940100
SMF,2023-07-12 11:53,KSMF 121153Z 16010KT 10SM CLR 19/10 A2990 RMK AO2 SLP124 T01890100 10250 20189 53002
SMF,2023-07-12 12:53,KSMF 121253Z 16011KT 10SM CLR 18/10 A2992 RMK AO2 SLP130 T01780100
SMF,2023-07-12 13:53,KSMF 121353Z 17012KT 10SM CLR 18/11 A2993 RMK AO2 SLP135 T01830106
SMF,2023-07-12 14:53,KSMF 121453Z 18012KT 10SM CLR 20/11 A2995 RMK AO2 SLP141 T02000111 51017
SMF,2023-07-12 15:53,KSMF 121553Z 17010KT 10SM CLR 22/12 A2996 RMK AO2 SLP145 T02170117
SMF,2023-07-12 16:53,KSMF 121653Z 18009KT 10SM CLR 24/12 A2996 RMK AO2 SLP145 T02390122
SMF,2023-07-12 17:53,KSMF 121753Z 17010KT 10SM CLR 26/13 A2996 RMK AO2 SLP144 T02610128 10261 20178 50003
SMF,2023-07-12 18:53,KSMF 121853Z 18008KT 10SM CLR 28/13 A2995 RMK AO2 SLP142 T02830128
SMF,2023-07-12 19:53,KSMF 121953Z 19009KT 10SM CLR 31/13 A2995 RMK AO2 SLP140 T03110128
SMF,2023-07-12 20:53,KSMF 122053Z 19011KT 10SM CLR 33/12 A2993 RMK AO2 SLP135 T03280117 58009
SMF,2023-07-12 21:53,KSMF 122153Z 19009KT 10SM CLR 34/09 A2991 RMK AO2 SLP129 T03390094
SMF,2023-07-12 22:53,KSMF 122253Z 20010KT 10SM CLR 34/11 A2990 RMK AO2 SLP123 T03440111
SMF,2023-07-12 23:53,KSMF 122353Z 20010KT 10SM CLR 35/10 A2989 RMK AO2 SLP120 T03500100 10350 20261 56016
SMF,2023-07-13 00:53,KSMF 130053Z 19010KT 10SM CLR 34/09 A2987 RMK AO2 SLP115 T03390094
SMF,2023-07-13 01:53,KSMF 130153Z 18010KT 10SM CLR 32/12 A2987 RMK AO2 SLP114 T03220122
SMF,2023-07-13 02:53,KSMF 130253Z 16009KT 10SM CLR 29/14 A2987 RMK AO2 SLP115 T02890139 55005
SMF,2023-07-13 03:53,KSMF 130353Z 17007KT 10SM CLR 26/13 A2988 RMK AO2 SLP118 T02610128
SMF,2023-07-13 04:53,KSMF 130453Z 16009KT 10SM CLR 24/12 A2990 RMK AO2 SLP124 T02390117
SMF,2023-07-13 05:53,KSMF 130553Z 17008KT 10SM CLR 22/12 A2991 RMK AO2 SLP129 T02220117 10350 20222 53014
SMF,2023-07-13 06:53,KSMF 130653Z 15009KT 10SM CLR 21/12 A2992 RMK AO2 SLP131 T02110117
SMF,2023-07-13 07:53,KSMF 130753Z 16009KT 10SM CLR 20/12 A2991 RMK AO2 SLP129 T02000117 403500178
SMF,2023-07-13 08:53,KSMF 130853Z 16008KT 10SM CLR 19/12 A2991 RMK AO2 SLP129 T01940117 50000
SMF,2023-07-13 09:53,KSMF 130953Z 17008KT 10SM CLR 18/12 A2992 RMK AO2 SLP130 T01830117
SMF,2023-07-13 10:53,KSMF 131053Z 16006KT 10SM CLR 18/12 A2992 RMK AO2 SLP131 T01830117
SMF,2023-07-13 11:53,KSMF 131153Z 18006KT 10SM CLR 18/12 A2993 RMK AO2 SLP134 T01780117 10222 20178 53005
SMF,2023-07-13 12:53,KSMF 131253Z 17006KT 10SM CLR 17/12 A2994 RMK AO2 SLP139 T01720117
SMF,2023-07-13 13:53,KSMF 131353Z 14008KT 10SM CLR 18/12 A2996 RMK AO2 SLP143 T01780117
SMF,2023-07-13 14:53,KSMF 131453Z 17006KT 10SM CLR 19/12 A2997 RMK AO2 SLP146 T01890122 51012
SMF,2023-07-13 15:53,KSMF 131553Z 18005KT 10SM CLR 21/13 A2997 RMK AO2 SLP149 T02110128
SMF,2023-07-13 16:53,KSMF 131653Z VRB03KT 10SM CLR 23/13 A2997 RMK AO2 SLP149 T02330128
SMF,2023-07-13 17:53,KSMF 131753Z 00000KT 10SM CLR 26/13 A2997 RMK AO2 SLP147 T02610128 10261 20167 50001
SMF,2023-07-13 18:53,KSMF 131853Z VRB03KT 10SM CLR 29/13 A2996 RMK AO2 SLP146 T02890133
SMF,2023-07-13 19:53,KSMF 131953Z 19004KT 10SM CLR 30/16 A2996 RMK AO2 SLP143 T03000156
SMF,2023-07-13 20:53,KSMF 132053Z 25005KT 10SM CLR 32/14 A2993 RMK AO2 SLP136 T03220139 58012
SMF,2023-07-13 21:53,KSMF 132153Z 24006KT 10SM CLR 34/11 A2991 RMK AO2 SLP129 T03390111
SMF,2023-07-13 22:53,KSMF 132253Z VRB05KT 10SM CLR 35/13 A2990 RMK AO2 SLP123 T03500133
SMF,2023-07-13 23:53,KSMF 132353Z VRB03KT 10SM CLR 36/14 A2988 RMK AO2 SLP116 T03560139 10356 20261 58020
SMF,2023-07-14 00:53,KSMF 140053Z 27003KT 10SM CLR 36/14 A2986 RMK AO2 SLP112 T03560139
SMF,2023-07-14 01:53,KSMF 140153Z 20006KT 10SM CLR 35/15 A2985 RMK AO2 SLP109 T03500150
SMF,2023-07-14 02:53,KSMF 140253Z 19010KT 10SM CLR 33/16 A2986 RMK AO2 SLP111 T03280156 55005
SMF,2023-07-14 03:53,KSMF 140353Z 18009KT 10SM CLR 29/14 A2987 RMK AO2 SLP114 T02890144
SMF,2023-07-14 04:53,KSMF 140453Z 17008KT 10SM CLR 26/13 A2988 RMK AO2 SLP119 T02610133
SMF,2023-07-14 05:53,KSMF 140553Z 17007KT 10SM CLR 24/13 A2989 RMK AO2 SLP120 T02440128 10361 20244 51009
SMF,2023-07-14 06:53,KSMF 140653Z 14008KT 10SM CLR 24/12 A2989 RMK AO2 SLP122 T02390122
SMF,2023-07-14 07:53,KSMF 140753Z 15008KT 10SM CLR 23/12 A2989 RMK AO2 SLP122 T02280122 403610167
SMF,2023-07-14 08:53,KSMF 140853Z 16008KT 10SM CLR 22/12 A2989 RMK AO2 SLP121 T02170122 50001
SMF,2023-07-14 09:53,KSMF 140953Z 17008KT 10SM CLR 20/12 A2989 RMK AO2 SLP120 T02000122
SMF,2023-07-14 10:53,KSMF 141053Z 15004KT 10SM CLR 19/12 A2989 RMK AO2 SLP122 T01890122
SMF,2023-07-14 11:53,KSMF 141153Z 18005KT 10SM CLR 18/12 A2990 RMK AO2 SLP124 T01830122 10244 20183 53003
SMF,2023-07-14 12:53,KSMF 141253Z 18005KT 10SM CLR 17/12 A2991 RMK AO2 SLP126 T01720122
SMF,2023-07-14 13:53,KSMF 141353Z 17004KT 10SM CLR 18/13 A2991 RMK AO2 SLP129 T01780128
SMF,2023-07-14 14:53,KSMF 141453Z VRB03KT 10SM CLR 21/13 A2993 RMK AO2 SLP133 T02060128 53008
SMF,2023-07-14 15:53,KSMF 141553Z 00000KT 10SM CLR 23/13 A2994 RMK AO2 SLP136 T02330133
SMF,2023-07-14 16:53,KSMF 141653Z VRB05KT 10SM CLR 26/15 A2993 RMK AO2 SLP136 T02610150
SMF,2023-07-14 17:53,KSMF 141753Z 00000KT 10SM CLR 29/14 A2993 RMK AO2 SLP135 T02890144 10289 20172 50002
SMF,2023-07-14 18:53,KSMF 141853Z VRB05KT 10SM CLR 32/15 A2992 RMK AO2 SLP129 T03220150
SMF,2023-07-14 19:53,KSMF 141953Z 29003KT 10SM CLR 34/14 A2990 RMK AO2 SLP125 T03440139
SMF,2023-07-14 20:53,KSMF 142053Z VRB06KT 10SM CLR 36/13 A2988 RMK AO2 SLP118 T03610128 58017
SMF,2023-07-14 21:53,KSMF 142153Z VRB03KT 10SM CLR 37/14 A2986 RMK AO2 SLP111 T03670144
SMF,2023-07-14 22:53,KSMF 142253Z VRB04KT 10SM CLR 38/12 A2984 RMK AO2 SLP105 T03780117
SMF,2023-07-14 23:53,KSMF 142353Z 28004KT 10SM CLR 39/10 A2982 RMK AO2 SLP098 T03940100 10400 20289 56021
SMF,2023-07-15 00:53,KSMF 150053Z 27003KT 10SM CLR 39/11 A2981 RMK AO2 SLP093 T03890106
SMF,2023-07-15 01:53,KSMF 150153Z 21008KT 10SM CLR 37/16 A2980 RMK AO2 SLP090 T03720161
SMF,2023-07-15 02:53,KSMF 150253Z 20008KT 10SM CLR 35/17 A2980 RMK AO2 SLP089 T03500167 56008
SMF,2023-07-15 03:53,KSMF 150353Z 20008KT 10SM CLR 31/18 A2980 RMK AO2 SLP090 T03110178
SMF,2023-07-15 04:53,KSMF 150453Z 20007KT 10SM CLR 29/16 A2981 RMK AO2 SLP094 T02890161
SMF,2023-07-15 05:53,KSMF 150553Z 18006KT 10SM CLR 27/16 A2981 RMK AO2 SLP094 T02720156 10394 20272 52005
SMF,2023-07-15 06:53,KSMF 150653Z 14008KT 10SM CLR 26/14 A2982 RMK AO2 SLP096 T02610144
SMF,2023-07-15 07:53,KSMF 150753Z 14009KT 10SM CLR 26/14 A2982 RMK AO2 SLP098 T02560144 404000172
SMF,2023-07-15 08:53,KSMF 150853Z 16008KT 10SM CLR 24/14 A2982 RMK AO2 SLP097 T02440139 50002
SMF,2023-07-15 09:53,KSMF 150953Z 18008KT 10SM CLR 23/14 A2982 RMK AO2 SLP096 T02280139
SMF,2023-07-15 10:53,KSMF 151053Z 18008KT 10SM CLR 21/13 A2983 RMK AO2 SLP100 T02110133
SMF,2023-07-15 11:53,KSMF 151153Z 18008KT 10SM CLR 20/13 A2983 RMK AO2 SLP101 T02000133 10272 20200 53004
SMF,2023-07-15 12:53,KSMF 151253Z 20005KT 10SM CLR 19/13 A2984 RMK AO2 SLP105 T01890128
SMF,2023-07-15 13:53,KSMF 151353Z 18004KT 10SM CLR 19/13 A2985 RMK AO2 SLP109 T01940128
SMF,2023-07-15 14:53,KSMF 151453Z 00000KT 10SM CLR 22/13 A2986 RMK AO2 SLP112 T02220133 51011
SMF,2023-07-15 15:53,KSMF 151553Z 06004KT 10SM CLR 26/15 A2986 RMK AO2 SLP112 T02610150
SMF,2023-07-15 16:53,KSMF 151653Z VRB03KT 10SM CLR 31/14 A2987 RMK AO2 SLP113 T03060144
SMF,2023-07-15 17:53,KSMF 151753Z VRB03KT 10SM CLR 32/16 A2986 RMK AO2 SLP112 T03220161 10328 20183 50000
SMF,2023-07-15 18:53,KSMF 151853Z 02003KT 10SM CLR 36/14 A2986 RMK AO2 SLP110 T03560144
SMF,2023-07-15 19:53,KSMF 151953Z VRB04KT 10SM CLR 37/15 A2984 RMK AO2 SLP105 T03720150
SMF,2023-07-15 20:53,KSMF 152053Z 26005KT 10SM CLR 38/15 A2983 RMK AO2 SLP101 T03780150 58012
SMF,2023-07-15 21:53,KSMF 152153Z 27005KT 10SM CLR 39/15 A2981 RMK AO2 SLP096 T03890150
SMF,2023-07-15 22:53,KSMF 152253Z 27004KT 10SM CLR 40/14 A2979 RMK AO2 SLP089 T04000144
SMF,2023-07-15 23:53,KSMF 152353Z VRB03KT 10SM CLR 41/16 A2977 RMK AO2 SLP081 T04060156 10411 20322 58020
SMF,2023-07-16 00:53,KSMF 160053Z 25003KT 10SM CLR 41/14 A2976 RMK AO2 SLP076 T04110139
SMF,2023-07-16 01:53,KSMF 160153Z 22005KT 10SM CLR 40/13 A2975 RMK AO2 SLP072 T04000133
SMF,2023-07-16 02:53,KSMF 160253Z 00000KT 10SM CLR 38/18 A2975 RMK AO2 SLP072 T03780183 56008
SMF,2023-07-16 03:53,KSMF 160353Z 20006KT 10SM CLR 33/17 A2974 RMK AO2 SLP072 T03280172
SMF,2023-07-16 04:53,KSMF 160453Z 22006KT 10SM CLR 31/18 A2976 RMK AO2 SLP077 T03110178
SMF,2023-07-16 05:53,KSMF 160553Z 19006KT 10SM CLR 29/17 A2976 RMK AO2 SLP078 T02890172 10411 20289 53006
SMF,2023-07-16 06:53,KSMF 160653Z 18004KT 10SM CLR 28/17 A2977 RMK AO2 SLP080 T02780172
SMF,2023-07-16 07:53,KSMF 160753Z 12004KT 10SM CLR 28/17 A2977 RMK AO2 SLP082 T02780167 404110183
SMF,2023-07-16 08:53,KSMF 160853Z 15007KT 10SM FEW250 27/16 A2978 RMK AO2 SLP083 T02720161 53005
SMF,2023-07-16 09:53,KSMF 160953Z 16004KT 10SM FEW250 26/16 A2978 RMK AO2 SLP083 T02560156
SMF,2023-07-16 10:53,KSMF 161053Z 15006KT 10SM FEW250 25/15 A2978 RMK AO2 SLP084 T02500150
SMF,2023-07-16 11:53,KSMF 161153Z 00000KT 10SM FEW250 23/15 A2978 RMK AO2 SLP085 T02280150 10294 20228 53002
SMF,2023-07-16 12:53,KSMF 161253Z 32003KT 10SM FEW250 21/16 A2979 RMK AO2 SLP086 T02110161
SMF,2023-07-16 13:53,KSMF 161353Z 00000KT 10SM SCT250 22/16 A2980 RMK AO2 SLP090 T02170161
SMF,2023-07-16 14:53,KSMF 161453Z 01003KT 10SM SCT250 26/17 A2980 RMK AO2 SLP091 T02610167 53006
SMF,2023-07-16 15:53,KSMF 161553Z 00000KT 10SM BKN250 31/17 A2981 RMK AO2 SLP095 T03060167
SMF,2023-07-16 16:53,KSMF 161653Z VRB03KT 10SM FEW180 BKN250 33/15 A2981 RMK AO2 SLP095 T03330150
SMF,2023-07-16 17:53,KSMF 161753Z VRB03KT 10SM FEW180 BKN250 35/16 A2982 RMK AO2 SLP096 T03500156 10356 20206 51004
SMF,2023-07-16 18:53,KSMF 161853Z 33005KT 10SM BKN250 37/14 A2981 RMK AO2 SLP093 T03670144
SMF,2023-07-16 19:53,KSMF 161953Z VRB05KT 10SM BKN250 38/16 A2979 RMK AO2 SLP089 T03830161
SMF,2023-07-16 20:53,KSMF 162053Z 30006KT 10SM BKN250 40/16 A2978 RMK AO2 SLP083 T04000161 58013
SMF,2023-07-16 21:53,KSMF 162153Z 00000KT 10SM BKN250 40/13 A2977 RMK AO2 SLP080 T04000128
SMF,2023-07-16 22:53,KSMF 162253Z COR 22006KT 10SM BKN250 41/14 A2975 RMK AO2 SLP074 T04110139
SMF,2023-07-16 23:53,KSMF 162353Z 20007KT 10SM BKN250 41/15 A2973 RMK AO2 SLP068 T04110150 10417 20350 58016
SMF,2023-07-17 00:53,KSMF 170053Z 19008KT 10SM BKN250 41/15 A2972 RMK AO2 SLP063 T04110150
SMF,2023-07-17 01:53,KSMF 170153Z 18011KT 10SM BKN200 39/14 A2971 RMK AO2 SLP062 T03890139
SMF,2023-07-17 02:53,KSMF 170253Z 17011KT 10SM BKN210 34/17 A2972 RMK AO2 SLP062 T03390172 55005
SMF,2023-07-17 03:53,KSMF 170353Z 18012KT 10SM BKN220 30/15 A2973 RMK AO2 SLP066 T03000150
SMF,2023-07-17 04:53,KSMF 170453Z 17011KT 10SM BKN190 BKN230 28/14 A2975 RMK AO2 SLP073 T02830139
SMF,2023-07-17 05:53,KSMF 170553Z 16006KT 10SM BKN190 BKN210 27/13 A2977 RMK AO2 SLP080 T02670133 10422 20267 53018
SMF,2023-07-17 06:53,KSMF 170653Z 14008KT 10SM BKN170 BKN190 27/13 A2978 RMK AO2 SLP084 T02720133
SMF,2023-07-17 07:53,KSMF 170753Z 14009KT 10SM BKN170 28/13 A2977 RMK AO2 SLP080 T02780128 404220206
SMF,2023-07-17 08:53,KSMF 170853Z COR 14011KT 10SM BKN200 28/12 A2976 RMK AO2 SLP077 T02830122 58003
SMF,2023-07-17 09:53,KSMF 170953Z 15012KT 10SM FEW110 BKN200 27/12 A2977 RMK AO2 SLP080 T02720122
SMF,2023-07-17 10:53,KSMF 171053Z 17013KT 10SM BKN200 25/12 A2976 RMK AO2 SLP077 T02500122
SMF,2023-07-17 11:53,KSMF 171153Z 18011KT 10SM BKN210 24/13 A2977 RMK AO2 SLP079 T02440128 10283 20244 51002
SMF,2023-07-17 12:53,KSMF 171253Z 17010KT 10SM BKN210 24/13 A2977 RMK AO2 SLP079 T02440128
SMF,2023-07-17 13:53,KSMF 171353Z 16010KT 10SM BKN210 25/12 A2977 RMK AO2 SLP079 T02500122
SMF,2023-07-17 14:53,KSMF 171453Z 19007KT 10SM BKN180 24/13 A2979 RMK AO2 SLP088 T02440128 53009
SMF,2023-07-17 15:53,KSMF 171553Z 20005KT 10SM BKN190 24/14 A2981 RMK AO2 SLP094 T02440139
SMF,2023-07-17 16:53,KSMF 171653Z VRB03KT 10SM BKN200 27/14 A2982 RMK AO2 SLP099 T02670144
SMF,2023-07-17 17:53,KSMF 171753Z 27005KT 10SM FEW250 29/16 A2983 RMK AO2 SLP101 T02940156 10294 20244 51014
SMF,2023-07-17 18:53,KSMF 171853Z VRB03KT 10SM FEW250 32/16 A2983 RMK AO2 SLP101 T03170161
SMF,2023-07-17 19:53,KSMF 171953Z 26005KT 10SM CLR 34/16 A2982 RMK AO2 SLP097 T03440156
SMF,2023-07-17 20:53,KSMF 172053Z 29004KT 10SM CLR 36/18 A2980 RMK AO2 SLP091 T03610178 58010
SMF,2023-07-17 21:53,KSMF 172153Z VRB06KT 10SM CLR 37/18 A2979 RMK AO2 SLP087 T03720178
SMF,2023-07-17 22:53,KSMF 172253Z 22010KT 10SM CLR 38/17 A2977 RMK AO2 SLP081 T03780172
SMF,2023-07-17 23:53,KSMF 172353Z 21012KT 10SM CLR 37/14 A2976 RMK AO2 SLP077 T03720144 10383 20294 57015
SMF,2023-07-18 00:53,KSMF 180053Z 20012KT 10SM CLR 37/12 A2975 RMK AO2 SLP073 T03720117
SMF,2023-07-18 01:53,KSMF 180153Z 18014KT 10SM CLR 35/14 A2975 RMK AO2 SLP072 T03500139
SMF,2023-07-18 02:53,KSMF 180253Z 18011KT 10SM CLR 32/14 A2975 RMK AO2 SLP075 T03170139 55001
SMF,2023-07-18 03:53,KSMF 180353Z 18013KT 10SM CLR 28/12 A2976 RMK AO2 SLP076 T02830122
SMF,2023-07-18 04:53,KSMF 180453Z 17013KT 10SM CLR 26/12 A2977 RMK AO2 SLP081 T02560117
SMF,2023-07-18 05:53,KSMF 180553Z 19014KT 10SM CLR 26/11 A2978 RMK AO2 SLP083 T02610106 10378 20256 53008
SMF,2023-07-18 06:53,KSMF 180653Z 16012KT 10SM CLR 25/11 A2979 RMK AO2 SLP088 T02500106
SMF,2023-07-18 07:53,KSMF 180753Z 16011KT 10SM CLR 24/11 A2980 RMK AO2 SLP089 T02390106 403830239
SMF,2023-07-18 08:53,KSMF 180853Z 16012KT 10SM CLR 23/11 A2980 RMK AO2 SLP089 T02330106 51006
SMF,2023-07-18 09:53,KSMF 180953Z 17010KT 10SM CLR 22/11 A2980 RMK AO2 SLP090 T02220106
SMF,2023-07-18 10:53,KSMF 181053Z 16009KT 10SM CLR 21/11 A2980 RMK AO2 SLP090 T02110111
SMF,2023-07-18 11:53,KSMF 181153Z 17010KT 10SM CLR 21/11 A2981 RMK AO2 SLP093 T02110111 10261 20211 53004
SMF,2023-07-18 12:53,KSMF 181253Z 19010KT 10SM FEW250 20/11 A2982 RMK AO2 SLP096 T02000111
SMF,2023-07-18 13:53,KSMF 181353Z 17007KT 10SM CLR 19/12 A2983 RMK AO2 SLP101 T01940117
SMF,2023-07-18 14:53,KSMF 181453Z 18007KT 10SM CLR 21/12 A2985 RMK AO2 SLP108 T02110122 53015
SMF,2023-07-18 15:53,KSMF 181553Z 21007KT 10SM CLR 24/14 A2987 RMK AO2 SLP113 T02440139
SMF,2023-07-18 16:53,KSMF 181653Z 20007KT 10SM CLR 27/14 A2987 RMK AO2 SLP115 T02720144
SMF,2023-07-18 17:53,KSMF 181753Z 00000KT 10SM CLR 30/14 A2988 RMK AO2 SLP117 FU DSNT S-SW T03000144 10300 20194 51009
SMF,2023-07-18 18:53,KSMF 181853Z 19007KT 10SM FEW250 31/13 A2988 RMK AO2 SLP118 FU DSNT S-SW T03060133
SMF,2023-07-18 19:53,KSMF 181953Z 15008KT 10SM FEW250 32/13 A2987 RMK AO2 SLP116 T03170128
SMF,2023-07-18 20:53,KSMF 182053Z 19012KT 10SM FEW250 33/13 A2986 RMK AO2 SLP112 T03330128 58004
SMF,2023-07-18 21:53,KSMF 182153Z 18011KT 10SM CLR 34/13 A2985 RMK AO2 SLP108 T03390128
SMF,2023-07-18 22:53,KSMF 182253Z 19010KT 10SM CLR 34/13 A2984 RMK AO2 SLP103 T03440128
SMF,2023-07-18 23:53,KSMF 182353Z 18013KT 10SM CLR 34/13 A2983 RMK AO2 SLP100 T03390133 10344 20294 56013
SMF,2023-07-19 00:53,KSMF 190053Z 18015KT 10SM CLR 33/13 A2982 RMK AO2 SLP097 T03280133
SMF,2023-07-19 01:53,KSMF 190153Z 18013KT 10SM CLR 31/13 A2982 RMK AO2 SLP097 T03060133
SMF,2023-07-19 02:53,KSMF 190253Z 17012KT 10SM CLR 28/14 A2983 RMK AO2 SLP100 T02780139 55000
SMF,2023-07-19 03:53,KSMF 190353Z 17014KT 10SM CLR 24/13 A2984 RMK AO2 SLP103 T02440128
SMF,2023-07-19 04:53,KSMF 190453Z 16010KT 10SM CLR 22/12 A2986 RMK AO2 SLP110 T02170122
SMF,2023-07-19 05:53,KSMF 190553Z 16007KT 10SM CLR 21/12 A2987 RMK AO2 SLP114 T02060122 10339 20200 53014
SMF,2023-07-19 06:53,KSMF 190653Z 16010KT 10SM CLR 20/12 A2987 RMK AO2 SLP115 T02000117
SMF,2023-07-19 07:53,KSMF 190753Z 16010KT 10SM CLR 19/11 A2988 RMK AO2 SLP116 T01940111 403440194
SMF,2023-07-19 08:53,KSMF 190853Z 16007KT 10SM CLR 19/11 A2988 RMK AO2 SLP117 T01890111 53004
SMF,2023-07-19 09:53,KSMF 190953Z 17009KT 10SM CLR 17/11 A2989 RMK AO2 SLP119 T01720111
SMF,2023-07-19 10:53,KSMF 191053Z 17010KT 10SM CLR 16/11 A2989 RMK AO2 SLP122 T01610111
SMF,2023-07-19 11:53,KSMF 191153Z 18010KT 10SM CLR 15/11 A2990 RMK AO2 SLP125 T01500111 10206 20150 53007
SMF,2023-07-19 12:53,KSMF 191253Z 18008KT 10SM CLR 14/11 A2991 RMK AO2 SLP129 T01440111
SMF,2023-07-19 13:53,KSMF 191353Z 17005KT 10SM FEW250 15/12 A2993 RMK AO2 SLP134 T01500117
SMF,2023-07-19 14:53,KSMF 191453Z VRB03KT 10SM FEW250 17/12 A2994 RMK AO2 SLP139 T01670122 53014
SMF,2023-07-19 15:53,KSMF 191553Z 00000KT 10SM FEW250 19/13 A2996 RMK AO2 SLP144 T01940133
SMF,2023-07-19 16:53,KSMF 191653Z 00000KT 10SM CLR 22/14 A2997 RMK AO2 SLP147 T02170139
SMF,2023-07-19 17:53,KSMF 191753Z 18003KT 10SM CLR 25/14 A2997 RMK AO2 SLP148 T02500144 10250 20144 51009
SMF,2023-07-19 18:53,KSMF 191853Z 15005KT 9SM CLR 27/16 A2997 RMK AO2 SLP147 T02720156
SMF,2023-07-19 19:53,KSMF 191953Z 19005KT 10SM CLR 30/16 A2995 RMK AO2 SLP143 T03000156
SMF,2023-07-19 20:53,KSMF 192053Z 00000KT 10SM CLR 32/14 A2994 RMK AO2 SLP139 T03220144 58009
SMF,2023-07-19 21:53,KSMF 192153Z 20006KT 10SM CLR 34/16 A2993 RMK AO2 SLP134 T03390156
SMF,2023-07-19 22:53,KSMF 192253Z 22007KT 10SM CLR 35/15 A2991 RMK AO2 SLP128 T03500150
SMF,2023-07-19 23:53,KSMF 192353Z VRB06KT 10SM CLR 35/14 A2990 RMK AO2 SLP124 T03500139 10356 20250 56015
SMF,2023-07-20 00:53,KSMF 200053Z 17009KT 10SM CLR 35/13 A2989 RMK AO2 SLP122 T03500128
SMF,2023-07-20 01:53,KSMF 200153Z 18009KT 10SM CLR 33/12 A2989 RMK AO2 SLP121 T03280122
SMF,2023-07-20 02:53,KSMF 200253Z 17010KT 10SM CLR 30/14 A2989 RMK AO2 SLP122 T03000139 55002
SMF,2023-07-20 03:53,KSMF 200353Z 19009KT 10SM CLR 26/14 A2990 RMK AO2 SLP125 T02610144
SMF,2023-07-20 04:53,KSMF 200453Z 17008KT 10SM CLR 24/14 A2992 RMK AO2 SLP130 T02390139
SMF,2023-07-20 05:53,KSMF 200553Z 15006KT 10SM CLR 22/13 A2992 RMK AO2 SLP130 T02220133 10350 20222 51008
SMF,2023-07-20 06:53,KSMF 200653Z 14010KT 10SM CLR 21/13 A2993 RMK AO2 SLP133 T02110128
SMF,2023-07-20 07:53,KSMF 200753Z 13007KT 10SM CLR 20/13 A2993 RMK AO2 SLP134 T02000128 403560144
SMF,2023-07-20 08:53,KSMF 200853Z 17009KT 10SM CLR 19/13 A2993 RMK AO2 SLP133 T01940128 50003
SMF,2023-07-20 09:53,KSMF 200953Z 18007KT 10SM CLR 18/13 A2993 RMK AO2 SLP135 T01780128
SMF,2023-07-20 10:53,KSMF 201053Z 18006KT 10SM CLR 16/12 A2994 RMK AO2 SLP137 T01610122
SMF,2023-07-20 11:53,KSMF 201153Z 15005KT 10SM CLR 16/12 A2994 RMK AO2 SLP138 T01610122 10222 20156 51005
SMF,2023-07-20 12:53,KSMF 201253Z 00000KT 9SM CLR 15/12 A2996 RMK AO2 SLP143 T01500117
SMF,2023-07-20 13:53,KSMF 201353Z 00000KT 10SM CLR 16/12 A2997 RMK AO2 SLP149 T01560122
SMF,2023-07-20 14:53,KSMF 201453Z 00000KT 10SM CLR 19/13 A2998 RMK AO2 SLP152 T01890133 51014
SMF,2023-07-20 15:53,KSMF 201553Z 28003KT 10SM CLR 22/14 A2999 RMK AO2 SLP154 T02170139
SMF,2023-07-20 16:53,KSMF 201653Z 25003KT 10SM CLR 24/14 A2998 RMK AO2 SLP153 T02440144
SMF,2023-07-20 17:53,KSMF 201753Z VRB03KT 10SM CLR 28/16 A2998 RMK AO2 SLP153 T02830156 10283 20128 51001
SMF,2023-07-20 18:53,KSMF 201853Z 31004KT 10SM CLR 31/15 A2997 RMK AO2 SLP148 T03060150
SMF,2023-07-20 19:53,KSMF 201953Z 33006KT 10SM CLR 33/16 A2996 RMK AO2 SLP143 T03330156
SMF,2023-07-20 20:53,KSMF 202053Z 31006KT 10SM CLR 36/13 A2994 RMK AO2 SLP138 T03610133 58015
SMF,2023-07-20 21:53,KSMF 202153Z 29006KT 10SM CLR 37/08 A2993 RMK AO2 SLP134 T03670083
SMF,2023-07-20 22:53,KSMF 202253Z 00000KT 10SM CLR 37/10 A2991 RMK AO2 SLP128 T03720100
SMF,2023-07-20 23:53,KSMF 202353Z 20005KT 10SM CLR 38/06 A2990 RMK AO2 SLP123 T03830061 10383 20283 58015
SMF,2023-07-21 00:53,KSMF 210053Z 23006KT 10SM CLR 38/11 A2988 RMK AO2 SLP118 T03780111
SMF,2023-07-21 01:53,KSMF 210153Z 20007KT 10SM CLR 37/11 A2988 RMK AO2 SLP116 T03670106
SMF,2023-07-21 02:53,KSMF 210253Z 18006KT 10SM CLR 35/10 A2987 RMK AO2 SLP115 T03500100 56008
SMF,2023-07-21 03:53,KSMF 210353Z 18006KT 10SM CLR 33/13 A2987 RMK AO2 SLP116 T03330128
SMF,2023-07-21 04:53,KSMF 210453Z 19009KT 10SM CLR 29/15 A2988 RMK AO2 SLP119 T02940150
SMF,2023-07-21 05:53,KSMF 210553Z 19004KT 10SM CLR 27/15 A2988 RMK AO2 SLP119 T02720150 10389 20272 50003
SMF,2023-07-21 06:53,KSMF 210653Z 14006KT 10SM CLR 26/14 A2989 RMK AO2 SLP120 T02560144
SMF,2023-07-21 07:53,KSMF 210753Z 15006KT 10SM CLR 26/14 A2989 RMK AO2 SLP119 T02560144 403890128
SMF,2023-07-21 08:53,KSMF 210853Z 17005KT 10SM CLR 24/14 A2988 RMK AO2 SLP118 T02390139 58001
SMF,2023-07-21 09:53,KSMF 210953Z 16006KT 10SM CLR 23/13 A2987 RMK AO2 SLP115 T02280133
SMF,2023-07-21 10:53,KSMF 211053Z 14005KT 10SM CLR 22/13 A2987 RMK AO2 SLP114 T02170133
SMF,2023-07-21 11:53,KSMF 211153Z 00000KT 10SM CLR 21/13 A2988 RMK AO2 SLP116 T02060128 10267 20206 55001
SMF,2023-07-21 12:53,KSMF 211253Z 21003KT 10SM CLR 18/13 A2989 RMK AO2 SLP119 T01830128
SMF,2023-07-21 13:53,KSMF 211353Z 00000KT 9SM CLR 19/14 A2990 RMK AO2 SLP124 T01940144
SMF,2023-07-21 14:53,KSMF 211453Z 00000KT 10SM CLR 23/13 A2991 RMK AO2 SLP127 T02330133 53011
SMF,2023-07-21 15:53,KSMF 211553Z 00000KT 10SM CLR 27/14 A2991 RMK AO2 SLP127 T02720144
SMF,2023-07-21 16:53,KSMF 211653Z 00000KT 10SM CLR 30/14 A2990 RMK AO2 SLP125 T03000139
SMF,2023-07-21 17:53,KSMF 211753Z VRB03KT 10SM CLR 33/16 A2990 RMK AO2 SLP124 T03280161 10328 20183 58003
SMF,2023-07-21 18:53,KSMF 211853Z 30005KT 10SM CLR 34/14 A2989 RMK AO2 SLP122 T03440144
SMF,2023-07-21 19:53,KSMF 211953Z VRB05KT 10SM CLR 36/15 A2988 RMK AO2 SLP116 T03560150
SMF,2023-07-21 20:53,KSMF 212053Z 25007KT 10SM CLR 37/13 A2986 RMK AO2 SLP112 T03720133 58012
SMF,2023-07-21 21:53,KSMF 212153Z VRB04KT 10SM CLR 39/14 A2985 RMK AO2 SLP106 T03890144
SMF,2023-07-21 22:53,KSMF 212253Z VRB06KT 10SM CLR 40/15 A2982 RMK AO2 SLP098 T04000150
SMF,2023-07-21 23:53,KSMF 212353Z 21008KT 10SM CLR 41/14 A2980 RMK AO2 SLP092 T04060144 10411 20322 58021
SMF,2023-07-22 00:53,KSMF 220053Z 21008KT 10SM CLR 40/17 A2979 RMK AO2 SLP086 T04000167
SMF,2023-07-22 01:53,KSMF 220153Z 21009KT 10SM CLR 38/17 A2978 RMK AO2 SLP082 T03830167
SMF,2023-07-22 02:53,KSMF 220253Z 20008KT 10SM CLR 37/17 A2977 RMK AO2 SLP082 T03670172 56010
SMF,2023-07-22 03:53,KSMF 220353Z 20007KT 10SM CLR 32/17 A2977 RMK AO2 SLP081 T03170172
SMF,2023-07-22 04:53,KSMF 220453Z 18007KT 10SM CLR 30/15 A2978 RMK AO2 SLP083 T03000150
SMF,2023-07-22 05:53,KSMF 220553Z 18006KT 10SM CLR 28/13 A2978 RMK AO2 SLP084 T02780133 10411 20278 53002
SMF,2023-07-22 06:53,KSMF 220653Z 13006KT 10SM CLR 29/13 A2979 RMK AO2 SLP086 T02890128
SMF,2023-07-22 07:53,KSMF 220753Z 20006KT 10SM CLR 26/13 A2978 RMK AO2 SLP085 T02610128 404110183
SMF,2023-07-22 08:53,KSMF 220853Z 19010KT 10SM CLR 24/12 A2978 RMK AO2 SLP085 T02390122 51001
SMF,2023-07-22 09:53,KSMF 220953Z 17006KT 10SM CLR 22/12 A2978 RMK AO2 SLP084 T02220122
SMF,2023-07-22 10:53,KSMF 221053Z 18003KT 10SM CLR 22/12 A2979 RMK AO2 SLP086 T02170122
SMF,2023-07-22 11:53,KSMF 221153Z 00000KT 10SM FEW250 21/12 A2978 RMK AO2 SLP084 T02060122 10289 20200 58001
SMF,2023-07-22 12:53,KSMF 221253Z 31003KT 10SM FEW250 19/13 A2979 RMK AO2 SLP088 T01940133
SMF,2023-07-22 13:53,KSMF 221353Z 32004KT 10SM BKN250 20/13 A2981 RMK AO2 SLP092 T02000133
SMF,2023-07-22 14:53,KSMF 221453Z 26003KT 10SM BKN250 24/14 A2982 RMK AO2 SLP096 T02390139 51012
SMF,2023-07-22 15:53,KSMF 221553Z 00000KT 10SM BKN250 27/14 A2982 RMK AO2 SLP097 T02670139
SMF,2023-07-22 16:53,KSMF 221653Z 20004KT 10SM BKN250 30/15 A2981 RMK AO2 SLP095 T03000150
SMF,2023-07-22 17:53,KSMF 221753Z 19005KT 10SM BKN250 33/14 A2982 RMK AO2 SLP096 T03330144 10333 20183 53001
SMF,2023-07-22 18:53,KSMF 221853Z 27006KT 10SM BKN250 36/14 A2981 RMK AO2 SLP094 T03560139
SMF,2023-07-22 19:53,KSMF 221953Z VRB06KT 10SM SCT250 37/14 A2980 RMK AO2 SLP089 T03670144
SMF,2023-07-22 20:53,KSMF 222053Z 25007KT 10SM SCT250 38/13 A2978 RMK AO2 SLP085 T03830133 58012
SMF,2023-07-22 21:53,KSMF 222153Z VRB06KT 10SM SCT250 40/11 A2977 RMK AO2 SLP080 T04000106
SMF,2023-07-22 22:53,KSMF 222253Z 19006KT 10SM SCT250 41/12 A2975 RMK AO2 SLP075 T04110117
SMF,2023-07-22 23:53,KSMF 222353Z 20006KT 10SM SCT250 41/13 A2973 RMK AO2 SLP068 T04110133 10417 20333 58016
SMF,2023-07-23 00:53,KSMF 230053Z 21010KT 10SM SCT250 41/12 A2972 RMK AO2 SLP063 T04110117
SMF,2023-07-23 01:53,KSMF 230153Z 20007KT 10SM BKN250 39/16 A2971 RMK AO2 SLP059 T03890156
SMF,2023-07-23 02:53,KSMF 230253Z 19007KT 10SM BKN250 36/16 A2971 RMK AO2 SLP060 T03610156 55008
SMF,2023-07-23 03:53,KSMF 230353Z 21005KT 10SM SCT250 32/17 A2971 RMK AO2 SLP059 T03170172
SMF,2023-07-23 04:53,KSMF 230453Z 18006KT 10SM FEW250 31/16 A2972 RMK AO2 SLP065 T03110161
SMF,2023-07-23 05:53,KSMF 230553Z 17004KT 10SM FEW250 29/16 A2973 RMK AO2 SLP067 T02890161 10411 20289 53007
SMF,2023-07-23 06:53,KSMF 230653Z 13007KT 10SM FEW250 29/14 A2974 RMK AO2 SLP070 T02940144
SMF,2023-07-23 07:53,KSMF 230753Z 15007KT 10SM FEW250 28/14 A2974 RMK AO2 SLP071 T02780139 404170183
SMF,2023-07-23 08:53,KSMF 230853Z 17008KT 10SM SCT250 26/13 A2974 RMK AO2 SLP070 T02610128 50003
SMF,2023-07-23 09:53,KSMF 230953Z 16006KT 10SM SCT250 26/13 A2974 RMK AO2 SLP069 T02560128
SMF,2023-07-23 10:53,KSMF 231053Z 15006KT 10SM BKN250 25/13 A2974 RMK AO2 SLP071 T02500128
SMF,2023-07-23 11:53,KSMF 231153Z 19006KT 10SM BKN250 23/13 A2975 RMK AO2 SLP074 T02330128 10294 20233 53005
SMF,2023-07-23 12:53,KSMF 231253Z 18005KT 10SM BKN250 23/13 A2976 RMK AO2 SLP078 T02280128
SMF,2023-07-23 13:53,KSMF 231353Z 17006KT 10SM BKN250 23/13 A2978 RMK AO2 SLP083 T02330128
SMF,2023-07-23 14:53,KSMF 231453Z 18005KT 10SM BKN250 24/13 A2979 RMK AO2 SLP086 T02390128 53012
SMF,2023-07-23 15:53,KSMF 231553Z 00000KT 10SM BKN220 26/13 A2979 RMK AO2 SLP088 T02560128
SMF,2023-07-23 16:53,KSMF 231653Z 00000KT 10SM BKN250 28/14 A2979 RMK AO2 SLP089 T02830139
SMF,2023-07-23 17:53,KSMF 231753Z 19006KT 10SM BKN250 31/14 A2980 RMK AO2 SLP090 T03060144 10306 20222 51003
SMF,2023-07-23 18:53,KSMF 231853Z 22009KT 10SM BKN250 32/16 A2980 RMK AO2 SLP091 T03220161
SMF,2023-07-23 19:53,KSMF 231953Z 19004KT 10SM BKN250 33/17 A2980 RMK AO2 SLP091 T03330172
SMF,2023-07-23 20:53,KSMF 232053Z 22006KT 10SM BKN250 35/18 A2979 RMK AO2 SLP088 T03500178 58002
SMF,2023-07-23 21:53,KSMF 232153Z 16007KT 10SM BKN250 37/18 A2978 RMK AO2 SLP085 T03670183
SMF,2023-07-23 22:53,KSMF 232253Z 20011KT 10SM BKN230 39/17 A2977 RMK AO2 SLP081 T03890167
SMF,2023-07-23 23:53,KSMF 232353Z 16012KT 10SM BKN250 38/13 A2976 RMK AO2 SLP077 T03780133 10389 20300 58010
SMF,2023-07-24 00:53,KSMF 240053Z 18013KT 10SM BKN250 37/14 A2976 RMK AO2 SLP077 T03670144
SMF,2023-07-24 01:53,KSMF 240153Z 17013KT 10SM BKN250 34/14 A2977 RMK AO2 SLP080 T03390139
SMF,2023-07-24 02:53,KSMF 240253Z 17010KT 10SM BKN220 30/13 A2978 RMK AO2 SLP083 T03000133 53006
SMF,2023-07-24 03:53,KSMF 240353Z 16009KT 10SM SCT250 27/12 A2980 RMK AO2 SLP089 T02720122
SMF,2023-07-24 04:53,KSMF 240453Z 16009KT 10SM SCT250 24/12 A2982 RMK AO2 SLP099 T02390117
SMF,2023-07-24 05:53,KSMF 240553Z 16007KT 10SM SCT250 23/12 A2983 RMK AO2 SLP101 T02280117 10378 20228 51017
SMF,2023-07-24 06:53,KSMF 240653Z 16012G18KT 10SM FEW250 22/12 A2985 RMK AO2 SLP107 T02170117
SMF,2023-07-24 07:53,KSMF 240753Z 17011KT 10SM CLR 20/12 A2985 RMK AO2 SLP109 T02000117 403890200
SMF,2023-07-24 08:53,KSMF 240853Z 16010KT 10SM CLR 18/12 A2986 RMK AO2 SLP110 T01830122 51009
SMF,2023-07-24 09:53,KSMF 240953Z 16011KT 10SM CLR 18/12 A2986 RMK AO2 SLP110 T01780122
SMF,2023-07-24 10:53,KSMF 241053Z 16008KT 10SM CLR 17/12 A2987 RMK AO2 SLP113 T01720122
SMF,2023-07-24 11:53,KSMF 241153Z 15010KT 10SM CLR 17/12 A2988 RMK AO2 SLP118 T01720122 10228 20172 53008
SMF,2023-07-24 12:53,KSMF 241253Z 14012KT 10SM SCT250 17/12 A2990 RMK AO2 SLP123 T01670117
SMF,2023-07-24 13:53,KSMF 241353Z 15012KT 10SM BKN250 17/12 A2992 RMK AO2 SLP131 T01720117
SMF,2023-07-24 14:53,KSMF 241453Z 16009KT 10SM BKN250 18/12 A2994 RMK AO2 SLP139 T01830117 53021
SMF,2023-07-24 15:53,KSMF 241553Z 17010KT 10SM BKN250 19/12 A2997 RMK AO2 SLP147 T01940122
SMF,2023-07-24 16:53,KSMF 241653Z 17009KT 10SM BKN250 22/12 A2998 RMK AO2 SLP151 T02220122
SMF,2023-07-24 17:53,KSMF 241753Z 15009KT 10SM SCT250 24/12 A2999 RMK AO2 SLP155 T02440122 10250 20167 51016
SMF,2023-07-24 18:53,KSMF 241853Z 16008KT 10SM SCT250 27/12 A2999 RMK AO2 SLP156 T02720117
SMF,2023-07-24 19:53,KSMF 241953Z COR 15008KT 10SM FEW250 31/13 A2998 RMK AO2 SLP153 FU DSNT NW T03060128
SMF,2023-07-24 20:53,KSMF 242053Z 15009KT 10SM FEW250 33/12 A2998 RMK AO2 SLP151 T03280122 58004
SMF,2023-07-24 21:53,KSMF 242153Z 17009KT 10SM CLR 34/11 A2997 RMK AO2 SLP148 T03390111
SMF,2023-07-24 22:53,KSMF 242253Z 15010KT 10SM FEW250 34/11 A2996 RMK AO2 SLP144 T03440111
SMF,2023-07-24 23:53,KSMF 242353Z 18012KT 10SM FEW250 34/12 A2994 RMK AO2 SLP140 T03440117 10350 20250 58012
SMF,2023-07-25 00:53,KSMF 250053Z 19014KT 10SM FEW250 34/11 A2993 RMK AO2 SLP135 T03440111
SMF,2023-07-25 01:53,KSMF 250153Z 18011KT 10SM FEW250 32/13 A2992 RMK AO2 SLP132 T03220133
SMF,2023-07-25 02:53,KSMF 250253Z 17012KT 10SM FEW250 30/12 A2992 RMK AO2 SLP132 T03000122 56008
SMF,2023-07-25 03:53,KSMF 250353Z 17012KT 10SM FEW250 26/12 A2994 RMK AO2 SLP137 T02610117
SMF,2023-07-25 04:53,KSMF 250453Z 17010KT 10SM CLR 24/12 A2996 RMK AO2 SLP143 T02390117
SMF,2023-07-25 05:53,KSMF 250553Z 16007KT 10SM CLR 23/12 A2996 RMK AO2 SLP146 T02280117 10344 20228 51014
SMF,2023-07-25 06:53,KSMF 250653Z 15009KT 10SM CLR 21/12 A2997 RMK AO2 SLP147 T02110117
SMF,2023-07-25 07:53,KSMF 250753Z 15009KT 10SM CLR 21/12 A2997 RMK AO2 SLP148 T02110117 403500167
SMF,2023-07-25 08:53,KSMF 250853Z 16006KT 10SM CLR 20/12 A2997 RMK AO2 SLP148 T02000117 50002
SMF,2023-07-25 09:53,KSMF 250953Z 15008KT 10SM CLR 19/12 A2997 RMK AO2 SLP148 T01940122
SMF,2023-07-25 10:53,KSMF 251053Z 16006KT 10SM CLR 19/12 A2996 RMK AO2 SLP146 T01890122
SMF,2023-07-25 11:53,KSMF 251153Z 17007KT 10SM CLR 18/12 A2997 RMK AO2 SLP147 T01830122 10228 20183 55000
SMF,2023-07-25 12:53,KSMF 251253Z 14006KT 10SM CLR 18/12 A2998 RMK AO2 SLP151 T01780122
SMF,2023-07-25 13:53,KSMF 251353Z 17004KT 10SM CLR 18/12 A2999 RMK AO2 SLP155 T01830122
SMF,2023-07-25 14:53,KSMF 251453Z 00000KT 10SM CLR 20/12 A3000 RMK AO2 SLP159 T02000122 53012
SMF,2023-07-25 15:53,KSMF 251553Z 00000KT 10SM CLR 23/12 A3001 RMK AO2 SLP162 T02280122
SMF,2023-07-25 16:53,KSMF 251653Z 00000KT 10SM CLR 24/13 A3001 RMK AO2 SLP162 T02440133
SMF,2023-07-25 17:53,KSMF 251753Z VRB03KT 10SM CLR 27/13 A3001 RMK AO2 SLP161 T02670133 10272 20178 50002
SMF,2023-07-25 18:53,KSMF 251853Z VRB03KT 10SM CLR 29/14 A3000 RMK AO2 SLP158 T02890139
SMF,2023-07-25 19:53,KSMF 251953Z 25005KT 10SM CLR 31/15 A2999 RMK AO2 SLP153 T03060150
SMF,2023-07-25 20:53,KSMF 252053Z 24005KT 10SM CLR 33/14 A2997 RMK AO2 SLP148 T03330144 58013
SMF,2023-07-25 21:53,KSMF 252153Z VRB05KT 10SM CLR 34/13 A2995 RMK AO2 SLP142 T03440133
SMF,2023-07-25 22:53,KSMF 252253Z 20005KT 10SM CLR 36/12 A2993 RMK AO2 SLP134 T03560122
SMF,2023-07-25 23:53,KSMF 252353Z VRB06KT 10SM CLR 36/12 A2991 RMK AO2 SLP128 T03560117 10361 20267 58020
SMF,2023-07-26 00:53,KSMF 260053Z 21006KT 10SM CLR 36/11 A2989 RMK AO2 SLP122 T03610106
SMF,2023-07-26 01:53,KSMF 260153Z 21007KT 10SM CLR 35/11 A2988 RMK AO2 SLP119 T03500111
SMF,2023-07-26 02:53,KSMF 260253Z 18009KT 10SM CLR 33/12 A2988 RMK AO2 SLP118 T03330117 56009
SMF,2023-07-26 03:53,KSMF 260353Z 17009KT 10SM CLR 30/14 A2988 RMK AO2 SLP118 T03000139
SMF,2023-07-26 04:53,KSMF 260453Z 17009KT 10SM CLR 27/13 A2989 RMK AO2 SLP121 T02670128
SMF,2023-07-26 05:53,KSMF 260553Z 17009KT 10SM CLR 24/13 A2989 RMK AO2 SLP120 T02390133 10361 20239 50002
SMF,2023-07-26 06:53,KSMF 260653Z 17008KT 10SM CLR 23/13 A2990 RMK AO2 SLP123 T02330133
SMF,2023-07-26 07:53,KSMF 260753Z 14007KT 10SM CLR 22/13 A2990 RMK AO2 SLP124 T02220133 403610178
SMF,2023-07-26 08:53,KSMF 260853Z 15007KT 10SM CLR 22/13 A2989 RMK AO2 SLP122 T02220133 50002
SMF,2023-07-26 09:53,KSMF 260953Z 17006KT 10SM CLR 22/13 A2989 RMK AO2 SLP121 T02170128
SMF,2023-07-26 10:53,KSMF 261053Z 15007KT 10SM CLR 21/13 A2989 RMK AO2 SLP120 T02110128
SMF,2023-07-26 11:53,KSMF 261153Z 17008KT 10SM CLR 20/13 A2990 RMK AO2 SLP123 T02000128 10239 20200 53001
SMF,2023-07-26 12:53,KSMF 261253Z 17009KT 10SM CLR 20/13 A2990 RMK AO2 SLP125 T02000128
SMF,2023-07-26 13:53,KSMF 261353Z 17008KT 10SM CLR 19/13 A2991 RMK AO2 SLP128 T01890128
SMF,2023-07-26 14:53,KSMF 261453Z 16006KT 10SM FEW250 20/13 A2992 RMK AO2 SLP132 T02000133 53009
SMF,2023-07-26 15:53,KSMF 261553Z 19007KT 10SM CLR 22/14 A2993 RMK AO2 SLP134 T02220139
SMF,2023-07-26 16:53,KSMF 261653Z 18007KT 10SM CLR 26/15 A2993 RMK AO2 SLP135 T02560150
SMF,2023-07-26 17:53,KSMF 261753Z VRB04KT 8SM CLR 27/16 A2993 RMK AO2 SLP136 T02720161 10278 20189 51003
SMF,2023-07-26 18:53,KSMF 261853Z 21007KT 10SM FEW006 29/16 A2993 RMK AO2 SLP135 T02940161
SMF,2023-07-26 19:53,KSMF 261953Z 20008KT 170V230 10SM CLR 31/16 A2992 RMK AO2 SLP132 T03110161
SMF,2023-07-26 20:53,KSMF 262053Z 18009KT 9SM CLR 33/15 A2991 RMK AO2 SLP127 T03330150 58009
SMF,2023-07-26 21:53,KSMF 262153Z 21011G16KT 10SM CLR 34/13 A2989 RMK AO2 SLP121 T03440133
SMF,2023-07-26 22:53,KSMF 262253Z 21011KT 10SM CLR 35/13 A2987 RMK AO2 SLP114 T03500128
SMF,2023-07-26 23:53,KSMF 262353Z 21012KT 10SM CLR 34/13 A2985 RMK AO2 SLP107 T03440128 10350 20272 58019
SMF,2023-07-27 00:53,KSMF 270053Z 19011KT 10SM CLR 34/12 A2983 RMK AO2 SLP101 T03390122
SMF,2023-07-27 01:53,KSMF 270153Z 19013KT 10SM CLR 32/13 A2983 RMK AO2 SLP101 T03170133
SMF,2023-07-27 02:53,KSMF 270253Z 18012KT 10SM CLR 28/14 A2983 RMK AO2 SLP102 T02830144 55006
SMF,2023-07-27 03:53,KSMF 270353Z 17014KT 10SM CLR 25/14 A2984 RMK AO2 SLP104 T02500139
SMF,2023-07-27 04:53,KSMF 270453Z 17012KT 10SM CLR 23/13 A2986 RMK AO2 SLP110 T02280133
SMF,2023-07-27 05:53,KSMF 270553Z 17011KT 10SM CLR 22/13 A2987 RMK AO2 SLP113 T02170128 10350 20217 53012
SMF,2023-07-27 06:53,KSMF 270653Z 17011G18KT 10SM CLR 20/13 A2987 RMK AO2 SLP115 T02000128
SMF,2023-07-27 07:53,KSMF 270753Z 17010KT 10SM CLR 19/13 A2988 RMK AO2 SLP116 T01890128 403500189
SMF,2023-07-27 08:53,KSMF 270853Z 17012KT 10SM CLR 17/13 A2987 RMK AO2 SLP114 T01720128 50001
SMF,2023-07-27 09:53,KSMF 270953Z 18011KT 10SM CLR 17/13 A2987 RMK AO2 SLP115 T01670128
SMF,2023-07-27 10:53,KSMF 271053Z 17011KT 10SM CLR 17/12 A2987 RMK AO2 SLP113 T01670122
SMF,2023-07-27 11:53,KSMF 271153Z 17008KT 10SM CLR 17/12 A2987 RMK AO2 SLP114 T01670122 10217 20167 55000
SMF,2023-07-27 12:53,KSMF 271253Z 18007KT 10SM CLR 16/12 A2989 RMK AO2 SLP120 T01610122
SMF,2023-07-27 13:53,KSMF 271353Z 16010KT 10SM CLR 16/12 A2990 RMK AO2 SLP125 T01610122
SMF,2023-07-27 14:53,KSMF 271453Z 18009KT 10SM CLR 18/13 A2992 RMK AO2 SLP131 T01780128 53017
SMF,2023-07-27 15:53,KSMF 271553Z 17008KT 10SM CLR 20/13 A2994 RMK AO2 SLP136 T02000133
SMF,2023-07-27 16:53,KSMF 271653Z 17007KT 10SM CLR 22/14 A2994 RMK AO2 SLP137 T02220139
SMF,2023-07-27 17:53,KSMF 271753Z 18006KT 10SM CLR 25/14 A2994 RMK AO2 SLP139 T02500144 10250 20161 51008
SMF,2023-07-27 18:53,KSMF 271853Z 21006KT 10SM CLR 28/15 A2995 RMK AO2 SLP140 T02780150
SMF,2023-07-27 19:53,KSMF 271953Z VRB05KT 10SM CLR 29/16 A2994 RMK AO2 SLP137 T02940156
SMF,2023-07-27 20:53,KSMF 272053Z 18006KT 10SM FEW250 31/16 A2992 RMK AO2 SLP131 T03060156 58009
SMF,2023-07-27 21:53,KSMF 272153Z 19011G20KT 10SM FEW250 32/14 A2991 RMK AO2 SLP126 T03170144
SMF,2023-07-27 22:53,KSMF 272253Z 18011KT 10SM FEW250 33/13 A2989 RMK AO2 SLP121 T03280133
SMF,2023-07-27 23:53,KSMF 272353Z 19015G22KT 9SM FEW250 32/13 A2988 RMK AO2 SLP116 T03220128 10328 20250 58015
SMF,2023-07-28 00:53,KSMF 280053Z 17013KT 10SM FEW250 31/13 A2987 RMK AO2 SLP113 T03110133
SMF,2023-07-28 01:53,KSMF 280153Z 18016KT 10SM FEW250 28/13 A2987 RMK AO2 SLP113 T02830128
SMF,2023-07-28 02:53,KSMF 280253Z 18012KT 10SM CLR 26/12 A2988 RMK AO2 SLP117 T02610117 53001
SMF,2023-07-28 03:53,KSMF 280353Z 17008KT 10SM CLR 24/11 A2988 RMK AO2 SLP118 T02390111
SMF,2023-07-28 04:53,KSMF 280453Z 15010KT 10SM CLR 22/11 A2990 RMK AO2 SLP123 T02220106
SMF,2023-07-28 05:53,KSMF 280553Z 16008KT 10SM CLR 21/10 A2990 RMK AO2 SLP125 T02110100 10328 20211 52008
SMF,2023-07-28 06:53,KSMF 280653Z 16008KT 10SM CLR 21/11 A2991 RMK AO2 SLP129 T02060106
SMF,2023-07-28 07:53,KSMF 280753Z 15010KT 10SM CLR 19/11 A2991 RMK AO2 SLP127 T01940106 403280161
SMF,2023-07-28 09:53,KSMF 280953Z 17009KT 10SM CLR 18/11 A2990 RMK AO2 SLP123 T01780111
SMF,2023-07-28 10:53,KSMF 281053Z 15009KT 10SM CLR 17/11 A2990 RMK AO2 SLP124 T01720111
SMF,2023-07-28 11:53,KSMF 281153Z 16007KT 10SM CLR 17/11 A2991 RMK AO2 SLP128 T01670111 10211 20167 53003
SMF,2023-07-28 12:53,KSMF 281253Z 18006KT 10SM CLR 16/11 A2993 RMK AO2 SLP135 T01610111
SMF,2023-07-28 13:53,KSMF 281353Z 17009KT 10SM CLR 16/12 A2993 RMK AO2 SLP136 T01560117
SMF,2023-07-28 14:53,KSMF 281453Z 15007KT 10SM CLR 17/12 A2995 RMK AO2 SLP142 T01720122 52013
SMF,2023-07-28 15:53,KSMF 281553Z 19006KT 10SM CLR 19/12 A2996 RMK AO2 SLP146 T01940122
SMF,2023-07-28 16:53,KSMF 281653Z 17005KT 10SM CLR 22/13 A2997 RMK AO2 SLP149 T02220128
SMF,2023-07-28 17:53,KSMF 281753Z VRB05KT 10SM CLR 24/14 A2997 RMK AO2 SLP148 T02440139 10244 20156 50007
SMF,2023-07-28 18:53,KSMF 281853Z VRB03KT 10SM CLR 27/14 A2997 RMK AO2 SLP147 T02670144
SMF,2023-07-28 19:53,KSMF 281953Z VRB03KT 10SM CLR 29/15 A2996 RMK AO2 SLP143 T02940150
SMF,2023-07-28 20:53,KSMF 282053Z VRB03KT 10SM CLR 31/14 A2995 RMK AO2 SLP140 T03110139 58008
SMF,2023-07-28 21:53,KSMF 282153Z 22007KT 10SM CLR 33/14 A2993 RMK AO2 SLP133 T03280139
SMF,2023-07-28 22:53,KSMF 282253Z 22010KT 10SM CLR 34/12 A2991 RMK AO2 SLP128 T03390122
SMF,2023-07-28 23:53,KSMF 282353Z 20007KT 10SM CLR 34/11 A2989 RMK AO2 SLP122 T03440106 10344 20244 56018
SMF,2023-07-29 00:53,KSMF 290053Z 19009KT 10SM CLR 34/11 A2988 RMK AO2 SLP117 T03440111
SMF,2023-07-29 01:53,KSMF 290153Z 17010KT 10SM CLR 33/09 A2988 RMK AO2 SLP117 T03330094
SMF,2023-07-29 02:53,KSMF 290253Z 17012KT 10SM CLR 30/11 A2989 RMK AO2 SLP121 T03000111 55001
SMF,2023-07-29 03:53,KSMF 290353Z 17010KT 10SM CLR 27/09 A2989 RMK AO2 SLP122 T02670094
SMF,2023-07-29 04:53,KSMF 290453Z 15008KT 10SM CLR 25/08 A2991 RMK AO2 SLP128 T02500083
SMF,2023-07-29 05:53,KSMF 290553Z 16009KT 10SM CLR 23/08 A2992 RMK AO2 SLP130 T02330083 10344 20233 53008
SMF,2023-07-29 06:53,KSMF 290653Z 15009KT 10SM CLR 22/08 A2992 RMK AO2 SLP131 T02220078
SMF,2023-07-29 07:53,KSMF 290753Z 15011KT 10SM CLR 21/08 A2993 RMK AO2 SLP134 T02060083 403440156
SMF,2023-07-29 08:53,KSMF 290853Z 15011KT 10SM CLR 19/09 A2993 RMK AO2 SLP134 T01940094 51004
SMF,2023-07-29 09:53,KSMF 290953Z 15008KT 10SM CLR 19/09 A2993 RMK AO2 SLP133 T01890094
SMF,2023-07-29 10:53,KSMF 291053Z 17007KT 10SM CLR 18/11 A2993 RMK AO2 SLP135 T01830106
SMF,2023-07-29 11:53,KSMF 291153Z 15007KT 10SM CLR 18/11 A2994 RMK AO2 SLP136 T01780106 10233 20172 53002
SMF,2023-07-29 12:53,KSMF 291253Z 17009KT 10SM CLR 17/11 A2995 RMK AO2 SLP141 T01670106
SMF,2023-07-29 13:53,KSMF 291353Z 15007KT 10SM FEW250 17/11 A2996 RMK AO2 SLP145 T01670111
SMF,2023-07-29 14:53,KSMF 291453Z 16007KT 10SM FEW250 18/11 A2998 RMK AO2 SLP151 T01830111 53015
SMF,2023-07-29 15:53,KSMF 291553Z 18006KT 10SM FEW250 21/11 A2999 RMK AO2 SLP154 T02060111
SMF,2023-07-29 16:53,KSMF 291653Z 17007KT 130V200 10SM FEW250 23/12 A2999 RMK AO2 SLP155 T02330117
SMF,2023-07-29 17:53,KSMF 291753Z 16005KT 10SM FEW250 26/12 A3000 RMK AO2 SLP157 T02560117 10256 20167 51005
SMF,2023-07-29 18:53,KSMF 291853Z VRB04KT 10SM FEW250 28/11 A3000 RMK AO2 SLP158 T02830111
SMF,2023-07-29 19:53,KSMF 291953Z VRB04KT 10SM FEW250 31/11 A2999 RMK AO2 SLP155 T03060106
SMF,2023-07-29 20:53,KSMF 292053Z 22006KT 10SM CLR 33/09 A2998 RMK AO2 SLP152 T03280089 58005
SMF,2023-07-29 21:53,KSMF 292153Z 17008KT 10SM CLR 35/09 A2997 RMK AO2 SLP147 T03500089
SMF,2023-07-29 22:53,KSMF 292253Z 19009KT 10SM CLR 36/06 A2994 RMK AO2 SLP139 T03560056
SMF,2023-07-29 23:53,KSMF 292353Z 18008KT 10SM FEW210 36/06 A2992 RMK AO2 SLP133 T03610061 10361 20256 58019
SMF,2023-07-30 00:53,KSMF 300053Z COR 18010KT 10SM FEW200 36/08 A2991 RMK AO2 SLP128 T03560083
SMF,2023-07-30 01:53,KSMF 300153Z 19012KT 10SM CLR 33/11 A2991 RMK AO2 SLP128 T03280106
SMF,2023-07-30 02:53,KSMF 300253Z 17008KT 10SM CLR 29/10 A2991 RMK AO2 SLP129 T02940100 55004
SMF,2023-07-30 03:53,KSMF 300353Z 16010KT 10SM CLR 26/09 A2993 RMK AO2 SLP133 T02610094
SMF,2023-07-30 04:53,KSMF 300453Z 15008KT 10SM CLR 23/09 A2994 RMK AO2 SLP138 T02330089
SMF,2023-07-30 05:53,KSMF 300553Z 14007KT 10SM CLR 22/08 A2994 RMK AO2 SLP138 T02220083 10361 20222 50009
SMF,2023-07-30 06:53,KSMF 300653Z 14008KT 10SM CLR 21/08 A2995 RMK AO2 SLP140 T02110083
SMF,2023-07-30 07:53,KSMF 300753Z 15009KT 10SM CLR 21/08 A2994 RMK AO2 SLP138 T02110083 403610167
SMF,2023-07-30 08:53,KSMF 300853Z 18007KT 10SM CLR 19/09 A2994 RMK AO2 SLP137 T01940089 58001
SMF,2023-07-30 09:53,KSMF 300953Z 16009KT 10SM CLR 19/09 A2993 RMK AO2 SLP135 T01890094
SMF,2023-07-30 10:53,KSMF 301053Z 15006KT 10SM CLR 18/10 A2993 RMK AO2 SLP133 T01830100
SMF,2023-07-30 11:53,KSMF 301153Z 17008KT 10SM CLR 17/11 A2993 RMK AO2 SLP133 T01720106 10222 20172 55004
SMF,2023-07-30 12:53,KSMF 301253Z 15007KT 10SM FEW250 17/11 A2994 RMK AO2 SLP136 T01670106
SMF,2023-07-30 13:53,KSMF 301353Z 14007KT 10SM FEW250 17/11 A2994 RMK AO2 SLP138 T01670111
SMF,2023-07-30 14:53,KSMF 301453Z 19004KT 10SM FEW250 18/12 A2996 RMK AO2 SLP145 T01830117 53011
SMF,2023-07-30 15:53,KSMF 301553Z 00000KT 10SM FEW250 21/12 A2996 RMK AO2 SLP146 T02110117
SMF,2023-07-30 16:53,KSMF 301653Z 20004KT 10SM SCT250 23/12 A2997 RMK AO2 SLP147 T02330122
SMF,2023-07-30 17:53,KSMF 301753Z 22003KT 10SM SCT250 26/12 A2996 RMK AO2 SLP145 T02610117 10261 20161 50001
SMF,2023-07-30 18:53,KSMF 301853Z 00000KT 10SM SCT250 30/11 A2995 RMK AO2 SLP141 T03000106
SMF,2023-07-30 19:53,KSMF 301953Z 27004KT 10SM FEW250 32/10 A2995 RMK AO2 SLP140 T03170100
SMF,2023-07-30 20:53,KSMF 302053Z 22006KT 10SM FEW250 33/11 A2993 RMK AO2 SLP136 T03330111 56009
SMF,2023-07-30 21:53,KSMF 302153Z 20007KT 170V230 10SM CLR 34/13 A2992 RMK AO2 SLP130 T03440128
SMF,2023-07-30 22:53,KSMF 302253Z 19010KT 10SM FEW200 36/05 A2990 RMK AO2 SLP125 T03610050
SMF,2023-07-30 23:53,KSMF 302353Z 18010KT 10SM FEW200 36/03 A2989 RMK AO2 SLP120 T03610033 10367 20261 56016
SMF,2023-07-31 00:53,KSMF 310053Z 20013KT 10SM SCT200 36/06 A2987 RMK AO2 SLP115 T03560056
SMF,2023-07-31 01:53,KSMF 310153Z 19012KT 10SM SCT200 33/09 A2987 RMK AO2 SLP114 T03330089
SMF,2023-07-31 02:53,KSMF 310253Z 16009KT 10SM SCT200 30/11 A2988 RMK AO2 SLP117 T03000111 55003
SMF,2023-07-31 03:53,KSMF 310353Z 17011KT 10SM SCT200 27/08 A2988 RMK AO2 SLP118 T02670083
SMF,2023-07-31 04:53,KSMF 310453Z 15009KT 10SM SCT200 24/08 A2989 RMK AO2 SLP122 T02390083
SMF,2023-07-31 05:53,KSMF 310553Z 16009KT 10SM FEW200 23/08 A2990 RMK AO2 SLP125 T02330083 10367 20228 53007
SMF,2023-07-31 06:53,KSMF 310653Z 16008KT 10SM FEW200 23/07 A2990 RMK AO2 SLP124 T02280067
SMF,2023-07-31 07:53,KSMF 310753Z 14009KT 10SM SCT200 22/08 A2990 RMK AO2 SLP123 T02170078 403670161
SMF,2023-07-31 08:53,KSMF 310853Z 15007KT 10SM SCT200 21/09 A2990 RMK AO2 SLP125 T02060089 55000
SMF,2023-07-31 09:53,KSMF 310953Z 15011KT 10SM SCT230 19/09 A2990 RMK AO2 SLP125 T01940094
SMF,2023-07-31 10:53,KSMF 311053Z 17011KT 10SM CLR 19/10 A2990 RMK AO2 SLP124 T01890100
SMF,2023-07-31 11:53,KSMF 311153Z 18010KT 10SM FEW250 18/11 A2991 RMK AO2 SLP127 T01780111 10233 20178 53002
SMF,2023-07-31 12:53,KSMF 311253Z 19006KT 10SM SCT250 16/11 A2991 RMK AO2 SLP128 T01610111
SMF,2023-07-31 13:53,KSMF 311353Z 17004KT 10SM SCT250 16/12 A2992 RMK AO2 SLP132 T01610117
SMF,2023-07-31 14:53,KSMF 311453Z 19004KT 10SM SCT250 18/12 A2994 RMK AO2 SLP136 T01780117 53009
SMF,2023-07-31 15:53,KSMF 311553Z 13003KT 10SM CLR 21/12 A2995 RMK AO2 SLP142 T02060122
SMF,2023-07-31 16:53,KSMF 311653Z 00000KT 10SM CLR 23/13 A2995 RMK AO2 SLP141 T02280128
SMF,2023-07-31 17:53,KSMF 311753Z VRB04KT 10SM CLR 26/14 A2995 RMK AO2 SLP142 T02560139 10256 20156 51006
SMF,2023-07-31 18:53,KSMF 311853Z VRB03KT 10SM CLR 27/13 A2994 RMK AO2 SLP139 T02720133
SMF,2023-07-31 19:53,KSMF 311953Z 27005KT 10SM CLR 30/13 A2993 RMK AO2 SLP133 T03000128
SMF,2023-07-31 20:53,KSMF 312053Z 00000KT 10SM CLR 33/12 A2992 RMK AO2 SLP129 T03280122 58012
SMF,2023-07-31 21:53,KSMF 312153Z 26006KT 10SM FEW200 34/09 A2990 RMK AO2 SLP123 T03440089
SMF,2023-07-31 22:53,KSMF 312253Z 24006KT 10SM SCT200 36/07 A2988 RMK AO2 SLP117 T03560067
SMF,2023-07-31 23:53,KSMF 312353Z 22006KT 10SM SCT200 35/12 A2987 RMK AO2 SLP113 T03500117 10361 20250 56016
SMF,2023-08-01 00:53,KSMF 010053Z 19009KT 10SM BKN200 35/10 A2985 RMK AO2 SLP109 T03500100
SMF,2023-08-01 01:53,KSMF 010153Z 17009KT 10SM SCT200 34/04 A2986 RMK AO2 SLP110 T03390044
SMF,2023-08-01 02:53,KSMF 010253Z 19011KT 10SM BKN200 30/11 A2986 RMK AO2 SLP111 T03000111 55002
SMF,2023-08-01 03:53,KSMF 010353Z 17009KT 10SM BKN200 27/13 A2987 RMK AO2 SLP113 T02670128
SMF,2023-08-01 04:53,KSMF 010453Z 17009KT 10SM CLR 25/13 A2988 RMK AO2 SLP116 T02500128
SMF,2023-08-01 05:53,KSMF 010553Z 17009KT 10SM BKN200 23/12 A2988 RMK AO2 SLP118 T02330122 10361 20233 51007
SMF,2023-08-01 06:53,KSMF 010653Z 16006KT 10SM BKN230 22/12 A2989 RMK AO2 SLP121 T02220117
SMF,2023-08-01 07:53,KSMF 010753Z 16008KT 10SM BKN250 21/11 A2989 RMK AO2 SLP120 T02110111 403610156
SMF,2023-08-01 08:53,KSMF 010853Z 14007KT 10SM BKN250 21/11 A2988 RMK AO2 SLP119 T02060111 50001
SMF,2023-08-01 09:53,KSMF 010953Z 17010KT 10SM BKN250 19/11 A2988 RMK AO2 SLP119 T01940111
SMF,2023-08-01 10:53,KSMF 011053Z 17006KT 10SM BKN250 18/11 A2989 RMK AO2 SLP121 T01780111
SMF,2023-08-01 11:53,KSMF 011153Z 18007KT 10SM BKN250 17/12 A2990 RMK AO2 SLP123 T01720117 10233 20172 53004
SMF,2023-08-01 12:53,KSMF 011253Z 16007KT 10SM SCT250 16/12 A2991 RMK AO2 SLP126 T01610117
SMF,2023-08-01 13:53,KSMF 011353Z 14006KT 9SM BKN250 16/12 A2992 RMK AO2 SLP132 T01610117
SMF,2023-08-01 14:53,KSMF 011453Z 17006KT 10SM BKN250 18/13 A2993 RMK AO2 SLP136 T01780128 53013
SMF,2023-08-01 15:53,KSMF 011553Z 13004KT 10SM BKN250 20/13 A2995 RMK AO2 SLP141 T02000128
SMF,2023-08-01 16:53,KSMF 011653Z VRB04KT 10SM BKN250 22/13 A2996 RMK AO2 SLP143 T02220133
SMF,2023-08-01 17:53,KSMF 011753Z VRB04KT 10SM BKN250 26/14 A2995 RMK AO2 SLP141 T02560144 10256 20156 50005
SMF,2023-08-01 18:53,KSMF 011853Z 21006KT 10SM BKN250 27/14 A2995 RMK AO2 SLP142 T02720144
SMF,2023-08-01 19:53,KSMF 011953Z 18008KT 10SM BKN250 28/14 A2994 RMK AO2 SLP139 T02830139
SMF,2023-08-01 20:53,KSMF 012053Z 22007KT 10SM BKN250 29/14 A2993 RMK AO2 SLP136 T02940139 58005
SMF,2023-08-01 21:53,KSMF 012153Z 18006KT 10SM BKN250 32/14 A2992 RMK AO2 SLP131 T03170139
SMF,2023-08-01 22:53,KSMF 012253Z 19008KT 10SM SCT250 32/13 A2990 RMK AO2 SLP126 T03220128
SMF,2023-08-01 23:53,KSMF 012353Z 19009KT 10SM SCT250 32/13 A2989 RMK AO2 SLP120 T03220133 10328 20244 58016
SMF,2023-08-02 00:53,KSMF 020053Z 18008KT 10SM SCT250 32/12 A2988 RMK AO2 SLP118 T03220122
SMF,2023-08-02 01:53,KSMF 020153Z 18009KT 10SM FEW250 30/13 A2988 RMK AO2 SLP119 T03000128
SMF,2023-08-02 02:53,KSMF 020253Z 18011KT 10SM FEW250 27/13 A2989 RMK AO2 SLP121 T02670133 53001
SMF,2023-08-02 03:53,KSMF 020353Z 17012KT 10SM CLR 23/13 A2991 RMK AO2 SLP127 T02280128
SMF,2023-08-02 04:53,KSMF 020453Z 17010KT 10SM CLR 20/12 A2993 RMK AO2 SLP135 T02000122
SMF,2023-08-02 05:53,KSMF 020553Z 18011KT 10SM FEW250 18/12 A2993 RMK AO2 SLP136 T01830117 10328 20183 51015
SMF,2023-08-02 06:53,KSMF 020653Z 15011KT 10SM FEW250 17/12 A2995 RMK AO2 SLP140 T01720117
SMF,2023-08-02 07:53,KSMF 020753Z 15011KT 10SM FEW250 17/12 A2995 RMK AO2 SLP140 T01670117 403280156
SMF,2023-08-02 08:53,KSMF 020853Z 14012KT 10SM FEW250 16/12 A2994 RMK AO2 SLP139 T01610117 50003
SMF,2023-08-02 09:53,KSMF 020953Z 14011KT 10SM CLR 16/12 A2993 RMK AO2 SLP136 T01560117
SMF,2023-08-02 10:53,KSMF 021053Z 15009KT 10SM CLR 16/12 A2993 RMK AO2 SLP135 T01560117
SMF,2023-08-02 11:53,KSMF 021153Z 16009KT 10SM CLR 15/12 A2993 RMK AO2 SLP135 T01500117 10183 20150 56003
SMF,2023-08-02 12:53,KSMF 021253Z 16007KT 10SM CLR 15/12 A2995 RMK AO2 SLP140 T01500117
SMF,2023-08-02 13:53,KSMF 021353Z 17007KT 10SM CLR 15/12 A2996 RMK AO2 SLP146 T01500117
SMF,2023-08-02 14:53,KSMF 021453Z 17006KT 10SM CLR 16/12 A2998 RMK AO2 SLP152 T01610122 53017
SMF,2023-08-02 15:53,KSMF 021553Z 16006KT 10SM CLR 19/13 A2999 RMK AO2 SLP155 T01890128
SMF,2023-08-02 16:53,KSMF 021653Z 18004KT 10SM CLR 21/13 A2999 RMK AO2 SLP155 T02060128
SMF,2023-08-02 17:53,KSMF 021753Z VRB03KT 10SM CLR 23/13 A2999 RMK AO2 SLP155 T02280133 10233 20144 51002
SMF,2023-08-02 18:53,KSMF 021853Z 18006KT 10SM CLR 25/14 A2999 RMK AO2 SLP154 T02500139
SMF,2023-08-02 19:53,KSMF 021953Z 18006KT 10SM FEW250 27/14 A2998 RMK SLP151 T02720144
SMF,2023-08-02 20:53,KSMF 022053Z 15008KT 10SM SCT250 28/14 A2997 RMK AO2 SLP149 T02830144 58005
SMF,2023-08-02 21:53,KSMF 022153Z 19010KT 10SM FEW250 29/13 A2996 RMK AO2 SLP145 T02940133
SMF,2023-08-02 22:53,KSMF 022253Z 19009G16KT 10SM FEW250 31/13 A2994 RMK AO2 SLP139 T03060128
SMF,2023-08-02 23:53,KSMF 022353Z 18012KT 10SM FEW250 31/12 A2992 RMK AO2 SLP133 T03060117 10311 20228 58017
SMF,2023-08-03 00:53,KSMF 030053Z 18013KT 10SM FEW250 30/12 A2992 RMK AO2 SLP131 T03000122
SMF,2023-08-03 01:53,KSMF 030153Z 17011KT 10SM FEW250 28/13 A2991 RMK AO2 SLP129 T02830133
SMF,2023-08-03 02:53,KSMF 030253Z 18014G20KT 10SM FEW250 24/13 A2992 RMK AO2 SLP129 T02440128 55003
SMF,2023-08-03 03:53,KSMF 030353Z 17014G19KT 10SM FEW250 22/12 A2992 RMK AO2 SLP131 T02170122
SMF,2023-08-03 04:53,KSMF 030453Z 16011KT 10SM CLR 20/12 A2993 RMK AO2 SLP135 T02000117
SMF,2023-08-03 05:53,KSMF 030553Z 17010KT 10SM CLR 19/12 A2994 RMK AO2 SLP138 T01940117 10311 20194 53009
SMF,2023-08-03 06:53,KSMF 030653Z 15011KT 10SM CLR 18/12 A2995 RMK AO2 SLP141 T01830117
SMF,2023-08-03 07:53,KSMF 030753Z 15011KT 10SM CLR 18/12 A2995 RMK AO2 SLP143 T01780117 403110144
SMF,2023-08-03 08:53,KSMF 030853Z 15007KT 10SM CLR 17/11 A2995 RMK AO2 SLP141 T01720111 50003
SMF,2023-08-03 09:53,KSMF 030953Z 15010KT 10SM CLR 17/11 A2996 RMK AO2 SLP145 T01670111
SMF,2023-08-03 10:53,KSMF 031053Z 16009KT 10SM CLR 16/11 A2996 RMK AO2 SLP143 T01610111
SMF,2023-08-03 11:53,KSMF 031153Z 14008KT 10SM CLR 16/11 A2997 RMK AO2 SLP149 T01610111 10194 20156 53008
SMF,2023-08-03 12:53,KSMF 031253Z 15009KT 10SM CLR 16/11 A2999 RMK AO2 SLP155 T01560111
SMF,2023-08-03 13:53,KSMF 031353Z 17011KT 10SM CLR 16/11 A3000 RMK AO2 SLP158 T01560111
SMF,2023-08-03 14:53,KSMF 031453Z 17009KT 10SM CLR 16/11 A3002 RMK AO2 SLP165 T01610111 53017
SMF,2023-08-03 15:53,KSMF 031553Z 16009KT 10SM CLR 18/12 A3003 RMK AO2 SLP169 T01830122
SMF,2023-08-03 16:53,KSMF 031653Z 16008KT 10SM CLR 20/12 A3003 RMK AO2 SLP168 T02000122
SMF,2023-08-03 17:53,KSMF 031753Z 20008KT 10SM CLR 23/13 A3003 RMK AO2 SLP169 T02280128 10228 20150 51004
SMF,2023-08-03 18:53,KSMF 031853Z 21008KT 10SM CLR 25/13 A3003 RMK AO2 SLP168 T02500133
SMF,2023-08-03 19:53,KSMF 031953Z 20008KT 10SM CLR 26/13 A3002 RMK AO2 SLP164 T02610133
SMF,2023-08-03 20:53,KSMF 032053Z 20011G15KT 10SM CLR 28/13 A3001 RMK AO2 SLP162 T02830133 58007
SMF,2023-08-03 21:53,KSMF 032153Z 20009KT 10SM CLR 29/13 A3000 RMK AO2 SLP158 T02890133
SMF,2023-08-03 22:53,KSMF 032253Z 20008KT 10SM CLR 31/13 A2998 RMK AO2 SLP150 T03060133
SMF,2023-08-03 23:53,KSMF 032353Z 18011KT 10SM CLR 30/13 A2996 RMK AO2 SLP145 T03000133 10306 20233 58016
SMF,2023-08-04 00:53,KSMF 040053Z 18014KT 10SM CLR 29/13 A2996 RMK AO2 SLP143 T02890133
SMF,2023-08-04 01:53,KSMF 040153Z 18014KT 10SM CLR 27/14 A2995 RMK AO2 SLP143 T02670139
SMF,2023-08-04 02:53,KSMF 040253Z 17011KT 10SM CLR 24/14 A2996 RMK AO2 SLP143 T02390139 55002
SMF,2023-08-04 03:53,KSMF 040353Z 17012KT 10SM CLR 22/14 A2997 RMK AO2 SLP148 T02170139
SMF,2023-08-04 04:53,KSMF 040453Z 17011KT 10SM CLR 20/13 A2998 RMK AO2 SLP152 T02000133
SMF,2023-08-04 05:53,KSMF 040553Z 17010KT 10SM CLR 18/13 A2998 RMK AO2 SLP153 T01830133 10300 20183 51009
SMF,2023-08-04 06:53,KSMF 040653Z 15011KT 10SM CLR 18/13 A2999 RMK AO2 SLP154 T01830133
SMF,2023-08-04 07:53,KSMF 040753Z 15009KT 10SM CLR 18/13 A2998 RMK AO2 SLP152 T01780133 403060150
SMF,2023-08-04 08:53,KSMF 040853Z 15007KT 10SM CLR 17/13 A2999 RMK AO2 SLP155 T01720133 53002
SMF,2023-08-04 09:53,KSMF 040953Z 14005KT 10SM CLR 17/13 A2999 RMK AO2 SLP155 T01720133
SMF,2023-08-04 10:53,KSMF 041053Z 15007KT 10SM CLR 17/13 A2998 RMK AO2 SLP150 T01720133
SMF,2023-08-04 11:53,KSMF 041153Z 15006KT 10SM CLR 17/13 A2997 RMK AO2 SLP148 T01670133 10183 20167 58007
SMF,2023-08-04 12:53,KSMF 041253Z 11004KT 10SM CLR 17/13 A2998 RMK AO2 SLP150 T01670133
SMF,2023-08-04 13:53,KSMF 041353Z 17004KT 10SM CLR 17/13 A2999 RMK AO2 SLP154 T01670133
SMF,2023-08-04 14:53,KSMF 041453Z 00000KT 10SM CLR 18/13 A3000 RMK AO2 SLP158 T01780133 53010
SMF,2023-08-04 15:53,KSMF 041553Z 00000KT 10SM CLR 20/14 A3000 RMK AO2 SLP159 T02000139
SMF,2023-08-04 16:53,KSMF 041653Z 00000KT 10SM CLR 22/14 A3000 RMK AO2 SLP157 T02170139
SMF,2023-08-04 17:53,KSMF 041753Z 17003KT 10SM CLR 24/14 A2999 RMK AO2 SLP156 T02440139 10250 20161 58002
SMF,2023-08-04 18:53,KSMF 041853Z 20004KT 10SM CLR 27/14 A2998 RMK AO2 SLP150 T02720139
SMF,2023-08-04 19:53,KSMF 041953Z VRB03KT 10SM CLR 29/13 A2996 RMK AO2 SLP144 T02940128
SMF,2023-08-04 20:53,KSMF 042053Z VRB04KT 10SM CLR 31/14 A2994 RMK AO2 SLP138 T03110144 58018
SMF,2023-08-04 21:53,KSMF 042153Z VRB05KT 10SM CLR 33/11 A2992 RMK AO2 SLP130 T03280111
SMF,2023-08-04 22:53,KSMF 042253Z 21006KT 10SM CLR 33/14 A2990 RMK AO2 SLP123 T03330139
SMF,2023-08-04 23:53,KSMF 042353Z 19006KT 10SM CLR 34/14 A2989 RMK AO2 SLP120 T03390144 10344 20244 56018
SMF,2023-08-05 00:53,KSMF 050053Z 18009KT 10SM CLR 34/14 A2987 RMK AO2 SLP114 T03390144
SMF,2023-08-05 01:53,KSMF 050153Z 19009KT 10SM CLR 33/15 A2986 RMK AO2 SLP110 T03330150
SMF,2023-08-05 02:53,KSMF 050253Z 16009KT 10SM CLR 31/16 A2986 RMK AO2 SLP111 T03110156 55009
SMF,2023-08-05 03:53,KSMF 050353Z 17008KT 10SM CLR 27/15 A2987 RMK AO2 SLP115 T02720150
SMF,2023-08-05 04:53,KSMF 050453Z 17008KT 10SM CLR 25/14 A2989 RMK AO2 SLP121 T02500139
SMF,2023-08-05 05:53,KSMF 050553Z 17007KT 10SM CLR 23/13 A2989 RMK AO2 SLP121 T02330133 10344 20233 51010
SMF,2023-08-05 06:53,KSMF 050653Z 15010KT 10SM CLR 22/13 A2990 RMK AO2 SLP124 T02220128
SMF,2023-08-05 07:53,KSMF 050753Z 16009KT 10SM CLR 22/13 A2990 RMK AO2 SLP124 T02170133 403440161
SMF,2023-08-05 08:53,KSMF 050853Z 18006KT 10SM CLR 21/13 A2990 RMK AO2 SLP123 T02060133 50001
SMF,2023-08-05 09:53,KSMF 050953Z 18008KT 10SM CLR 19/13 A2989 RMK AO2 SLP122 T01940133
SMF,2023-08-05 10:53,KSMF 051053Z 17005KT 10SM CLR 18/13 A2990 RMK AO2 SLP125 T01780128
SMF,2023-08-05 11:53,KSMF 051153Z 17003KT 10SM CLR 18/13 A2991 RMK AO2 SLP126 T01780128 10233 20178 53003
SMF,2023-08-05 12:53,KSMF 051253Z 00000KT 10SM CLR 17/13 A2992 RMK AO2 SLP130 T01720128
SMF,2023-08-05 13:53,KSMF 051353Z 00000KT 10SM CLR 17/13 A2993 RMK AO2 SLP133 T01670128
SMF,2023-08-05 14:53,KSMF 051453Z 21003KT 10SM CLR 19/14 A2994 RMK AO2 SLP137 T01940144 51010
SMF,2023-08-05 15:53,KSMF 051553Z 21004KT 10SM CLR 22/14 A2995 RMK AO2 SLP140 T02220144
SMF,2023-08-05 16:53,KSMF 051653Z 22005KT 10SM CLR 24/15 A2995 RMK AO2 SLP140 T02440150
SMF,2023-08-05 17:53,KSMF 051753Z 19005KT 10SM CLR 27/16 A2994 RMK AO2 SLP139 T02720156 10278 20156 50002
SMF,2023-08-05 18:53,KSMF 051853Z 25006KT 10SM CLR 31/15 A2994 RMK AO2 SLP138 T03110150
SMF,2023-08-05 19:53,KSMF 051953Z 26005KT 10SM FEW250 33/16 A2992 RMK AO2 SLP133 T03280156
SMF,2023-08-05 20:53,KSMF 052053Z 30007KT 10SM CLR 35/13 A2991 RMK AO2 SLP128 T03500133 58010
SMF,2023-08-05 21:53,KSMF 052153Z 31005KT 10SM CLR 36/13 A2990 RMK AO2 SLP124 T03610133
SMF,2023-08-05 22:53,KSMF 052253Z 29006KT 10SM CLR 37/12 A2988 RMK AO2 SLP119 T03720117
SMF,2023-08-05 23:53,KSMF 052353Z 20009KT 10SM CLR 37/15 A2987 RMK AO2 SLP115 T03720150 10378 20278 57014
SMF,2023-08-06 00:53,KSMF 060053Z 21009KT 10SM CLR 37/16 A2986 RMK AO2 SLP110 T03670161
SMF,2023-08-06 01:53,KSMF 060153Z 20006KT 10SM CLR 35/17 A2985 RMK AO2 SLP107 T03500167
SMF,2023-08-06 02:53,KSMF 060253Z 17004KT 10SM CLR 33/17 A2985 RMK AO2 SLP106 T03330167 56009
SMF,2023-08-06 03:53,KSMF 060353Z 17006KT 10SM CLR 32/18 A2986 RMK AO2 SLP110 T03170178
SMF,2023-08-06 04:53,KSMF 060453Z 18007KT 10SM CLR 28/17 A2987 RMK AO2 SLP115 T02830167
SMF,2023-08-06 05:53,KSMF 060553Z 18006KT 10SM CLR 26/15 A2989 RMK AO2 SLP119 T02610150 10372 20261 53013
SMF,2023-08-06 06:53,KSMF 060653Z 15008KT 10SM CLR 25/14 A2990 RMK AO2 SLP126 T02500144
SMF,2023-08-06 07:53,KSMF 060753Z 17007KT 10SM CLR 24/14 A2990 RMK AO2 SLP124 T02440139 403780156
SMF,2023-08-06 08:53,KSMF 060853Z 19006KT 10SM CLR 22/14 A2990 RMK AO2 SLP124 T02170139 50005
SMF,2023-08-06 09:53,KSMF 060953Z 24003KT 10SM CLR 20/14 A2990 RMK AO2 SLP125 T02000139
SMF,2023-08-06 10:53,KSMF 061053Z 34004KT 10SM CLR 20/14 A2992 RMK AO2 SLP130 T02000144
SMF,2023-08-06 11:53,KSMF 061153Z 28005KT 10SM CLR 18/14 A2991 RMK AO2 SLP127 T01830144 10261 20183 50003
SMF,2023-08-06 12:53,KSMF 061253Z 00000KT 10SM CLR 20/15 A2992 RMK AO2 SLP131 T02000150
SMF,2023-08-06 13:53,KSMF 061353Z 00000KT 10SM CLR 20/16 A2993 RMK AO2 SLP135 T02000156
SMF,2023-08-06 14:53,KSMF 061453Z 33005KT 10SM CLR 24/16 A2994 RMK AO2 SLP137 T02440156 51010
SMF,2023-08-06 15:53,KSMF 061553Z 35007KT 10SM CLR 27/15 A2995 RMK AO2 SLP141 T02720150
SMF,2023-08-06 16:53,KSMF 061653Z 33011KT 10SM CLR 29/15 A2995 RMK AO2 SLP141 T02940150
SMF,2023-08-06 17:53,KSMF 061753Z 34008KT 10SM CLR 33/16 A2996 RMK SLP144 T03280156 10328 20183 51007
SMF,2023-08-06 18:53,KSMF 061853Z 33013KT 10SM CLR 34/14 A2996 RMK AO2 SLP144 T03440144
SMF,2023-08-06 19:53,KSMF 061953Z 32014KT 10SM CLR 37/14 A2995 RMK AO2 SLP141 T03670139
SMF,2023-08-06 20:53,KSMF 062053Z 34014KT 10SM CLR 38/13 A2993 RMK AO2 SLP134 T03780128 58010
SMF,2023-08-06 21:53,KSMF 062153Z 34011G17KT 10SM CLR 38/11 A2991 RMK AO2 SLP128 T03830106
SMF,2023-08-06 22:53,KSMF 062253Z 34009KT 10SM CLR 39/12 A2989 RMK AO2 SLP121 T03890117
SMF,2023-08-06 23:53,KSMF 062353Z 34009KT 10SM CLR 39/10 A2987 RMK AO2 SLP115 T03890100 10394 20328 58019
SMF,2023-08-07 00:53,KSMF 070053Z 35009KT 10SM CLR 39/08 A2985 RMK AO2 SLP109 T03940083
SMF,2023-08-07 01:53,KSMF 070153Z 33004KT 10SM CLR 38/11 A2985 RMK AO2 SLP108 T03780106
SMF,2023-08-07 02:53,KSMF 070253Z 28003KT 10SM CLR 32/16 A2985 RMK AO2 SLP108 T03220161 55006
SMF,2023-08-07 03:53,KSMF 070353Z 27004KT 10SM CLR 29/15 A2986 RMK AO2 SLP109 T02890150
SMF,2023-08-07 04:53,KSMF 070453Z 20004KT 10SM CLR 30/14 A2987 RMK AO2 SLP114 T03000139
SMF,2023-08-07 05:53,KSMF 070553Z 00000KT 10SM CLR 28/15 A2987 RMK AO2 SLP113 T02780150 10394 20261 50005
SMF,2023-08-07 06:53,KSMF 070653Z 19004KT 10SM CLR 27/14 A2987 RMK AO2 SLP115 T02670144
SMF,2023-08-07 07:53,KSMF 070753Z 16004KT 10SM CLR 24/14 A2988 RMK AO2 SLP118 T02440139 403940183
SMF,2023-08-07 08:53,KSMF 070853Z 19003KT 10SM CLR 24/13 A2988 RMK AO2 SLP118 T02390133 51005
SMF,2023-08-07 09:53,KSMF 070953Z 00000KT 10SM CLR 22/14 A2987 RMK AO2 SLP115 T02170139
SMF,2023-08-07 10:53,KSMF 071053Z 13004KT 10SM CLR 23/14 A2987 RMK AO2 SLP115 T02280139
SMF,2023-08-07 11:53,KSMF 071153Z VRB03KT 10SM CLR 20/13 A2988 RMK AO2 SLP117 T02000133 10278 20200 55001
SMF,2023-08-07 12:53,KSMF 071253Z 00000KT 10SM CLR 19/15 A2989 RMK AO2 SLP121 T01940150
SMF,2023-08-07 13:53,KSMF 071353Z 00000KT 9SM CLR 19/14 A2990 RMK AO2 SLP124 T01890139
SMF,2023-08-07 14:53,KSMF 071453Z 04003KT 10SM CLR 23/14 A2991 RMK AO2 SLP127 T02280144 51010
SMF,2023-08-07 15:53,KSMF 071553Z 06003KT 10SM CLR 26/14 A2992 RMK AO2 SLP131 T02610139
SMF,2023-08-07 16:53,KSMF 071653Z 04003KT 10SM CLR 29/12 A2992 RMK AO2 SLP130 T02890122
SMF,2023-08-07 17:53,KSMF 071753Z 06005KT 10SM CLR 31/12 A2991 RMK AO2 SLP129 T03110117 10311 20183 50002
SMF,2023-08-07 18:53,KSMF 071853Z 00000KT 10SM CLR 33/12 A2990 RMK AO2 SLP125 T03330122
SMF,2023-08-07 19:53,KSMF 071953Z 29005KT 10SM CLR 34/14 A2989 RMK AO2 SLP123 T03440139
SMF,2023-08-07 20:53,KSMF 072053Z 26007KT 10SM CLR 36/13 A2988 RMK AO2 SLP118 T03610128 58012
SMF,2023-08-07 21:53,KSMF 072153Z 00000KT 10SM CLR 37/13 A2986 RMK AO2 SLP110 T03720128
SMF,2023-08-07 22:53,KSMF 072253Z 19007KT 10SM CLR 38/15 A2984 RMK AO2 SLP103 T03780150
SMF,2023-08-07 23:53,KSMF 072353Z 18010KT 10SM CLR 39/14 A2983 RMK AO2 SLP100 T03890139 10389 20317 56018
SMF,2023-08-08 00:53,KSMF 080053Z 22011KT 10SM CLR 38/14 A2982 RMK AO2 SLP096 T03830139
SMF,2023-08-08 01:53,KSMF 080153Z 22008KT 10SM CLR 37/11 A2981 RMK AO2 SLP095 T03670111
SMF,2023-08-08 02:53,KSMF 080253Z 20009KT 10SM CLR 32/15 A2982 RMK AO2 SLP096 T03170150 55003
SMF,2023-08-08 03:53,KSMF 080353Z 19008KT 10SM CLR 29/14 A2982 RMK AO2 SLP099 T02890144
SMF,2023-08-08 04:53,KSMF 080453Z 18010KT 10SM CLR 26/13 A2983 RMK AO2 SLP102 T02560133
SMF,2023-08-08 05:53,KSMF 080553Z 16010KT 10SM CLR 24/13 A2985 RMK AO2 SLP106 T02390128 10394 20239 53009
SMF,2023-08-08 06:53,KSMF 080653Z 16011KT 10SM CLR 23/12 A2985 RMK AO2 SLP109 T02330122
SMF,2023-08-08 07:53,KSMF 080753Z 16010KT 10SM CLR 22/12 A2986 RMK AO2 SLP111 T02170122 403940183
SMF,2023-08-08 08:53,KSMF 080853Z 16010KT 10SM CLR 21/12 A2986 RMK AO2 SLP112 T02060122 51006
SMF,2023-08-08 09:53,KSMF 080953Z 17013KT 10SM CLR 19/13 A2985 RMK AO2 SLP109 T01890128
SMF,2023-08-08 10:53,KSMF 081053Z 17014KT 10SM CLR 18/13 A2986 RMK AO2 SLP110 T01780128
SMF,2023-08-08 11:53,KSMF 081153Z 16013KT 10SM CLR 17/13 A2986 RMK AO2 SLP110 T01720128 10239 20172 55002
SMF,2023-08-08 12:53,KSMF 081253Z 17016KT 10SM CLR 17/12 A2987 RMK AO2 SLP115 T01720122
SMF,2023-08-08 13:53,KSMF 081353Z 17012KT 10SM FEW250 17/12 A2989 RMK AO2 SLP121 T01720122
SMF,2023-08-08 14:53,KSMF 081453Z 17010KT 10SM FEW250 18/13 A2991 RMK AO2 SLP127 T01830128 53017
SMF,2023-08-08 15:53,KSMF 081553Z 18014G18KT 10SM FEW250 21/13 A2992 RMK AO2 SLP133 T02060128
SMF,2023-08-08 16:53,KSMF 081653Z 19016KT 10SM SCT250 23/12 A2993 RMK AO2 SLP135 T02280122
SMF,2023-08-08 17:53,KSMF 081753Z 19018KT 10SM SCT250 25/12 A2994 RMK AO2 SLP138 T02500122 10250 20172 51011
SMF,2023-08-08 18:53,KSMF 081853Z 21014KT 10SM BKN250 27/13 A2993 RMK AO2 SLP135 T02720133
SMF,2023-08-08 19:53,KSMF 081953Z 17014KT 10SM BKN250 28/13 A2992 RMK AO2 SLP131 T02830128
SMF,2023-08-08 20:53,KSMF 082053Z 18012KT 10SM BKN250 30/12 A2991 RMK AO2 SLP127 T03000122 58011
SMF,2023-08-08 21:53,KSMF 082153Z 19014KT 10SM SCT250 31/12 A2989 RMK AO2 SLP122 T03110122
SMF,2023-08-08 22:53,KSMF 082253Z 20014KT 10SM SCT250 32/11 A2987 RMK AO2 SLP115 T03170106
SMF,2023-08-08 23:53,KSMF 082353Z 20015KT 10SM SCT250 31/11 A2986 RMK AO2 SLP111 T03110106 10317 20244 56016
SMF,2023-08-09 00:53,KSMF 090053Z 19012KT 10SM FEW250 31/11 A2985 RMK AO2 SLP107 T03060106
SMF,2023-08-09 01:53,KSMF 090153Z 19013KT 10SM FEW250 29/12 A2985 RMK AO2 SLP106 T02890122
SMF,2023-08-09 02:53,KSMF 090253Z 17011KT 10SM FEW250 27/12 A2985 RMK AO2 SLP106 T02670122 55004
SMF,2023-08-09 03:53,KSMF 090353Z 18010KT 10SM FEW250 23/12 A2986 RMK AO2 SLP109 T02330122
SMF,2023-08-09 04:53,KSMF 090453Z 18011KT 10SM FEW250 22/12 A2987 RMK AO2 SLP113 T02220122
SMF,2023-08-09 05:53,KSMF 090553Z 17011KT 10SM FEW250 21/13 A2987 RMK AO2 SLP114 T02060128 10317 20206 51007
SMF,2023-08-09 06:53,KSMF 090653Z 18010KT 10SM CLR 18/13 A2987 RMK AO2 SLP116 T01830133
SMF,2023-08-09 07:53,KSMF 090753Z 17011KT 10SM CLR 18/13 A2987 RMK AO2 SLP115 T01830133 403170172
SMF,2023-08-09 08:53,KSMF 090853Z 17010KT 10SM CLR 18/13 A2987 RMK AO2 SLP115 T01830133 50001
SMF,2023-08-09 09:53,KSMF 090953Z 17011KT 10SM CLR 17/13 A2987 RMK AO2 SLP115 T01720128
SMF,2023-08-09 10:53,KSMF 091053Z 16010KT 10SM CLR 17/13 A2987 RMK AO2 SLP114 T01720128
SMF,2023-08-09 11:53,KSMF 091153Z 16008KT 10SM CLR 17/13 A2987 RMK AO2 SLP113 T01670128 10206 20167 58002
SMF,2023-08-09 12:53,KSMF 091253Z 17008KT 10SM CLR 17/13 A2988 RMK AO2 SLP117 T01670128
SMF,2023-08-09 13:53,KSMF 091353Z 17006KT 10SM CLR 16/13 A2989 RMK AO2 SLP122 T01610128
SMF,2023-08-09 14:53,KSMF 091453Z 17007KT 10SM CLR 17/13 A2991 RMK AO2 SLP126 T01720128 53013
SMF,2023-08-09 15:53,KSMF 091553Z 19006KT 10SM CLR 19/13 A2991 RMK AO2 SLP127 T01940133
SMF,2023-08-09 16:53,KSMF 091653Z 20005KT 10SM CLR 22/14 A2991 RMK AO2 SLP128 T02170139
SMF,2023-08-09 17:53,KSMF 091753Z 00000KT 10SM FEW250 24/14 A2991 RMK AO2 SLP128 T02390144 10239 20161 51002
SMF,2023-08-09 18:53,KSMF 091853Z 19006KT 10SM FEW250 26/14 A2990 RMK AO2 SLP126 T02610144
SMF,2023-08-09 19:53,KSMF 091953Z 22005KT 10SM CLR 28/14 A2989 RMK AO2 SLP122 T02780139
SMF,2023-08-09 20:53,KSMF 092053Z 19005KT 10SM CLR 30/14 A2987 RMK AO2 SLP114 T03000144 58014
SMF,2023-08-09 21:53,KSMF 092153Z 22006KT 10SM CLR 31/13 A2985 RMK AO2 SLP108 T03110133
SMF,2023-08-09 22:53,KSMF 092253Z 20009KT 10SM CLR 32/13 A2983 RMK AO2 SLP102 T03170128
SMF,2023-08-09 23:53,KSMF 092353Z 20008KT 10SM CLR 32/11 A2983 RMK AO2 SLP101 T03170111 10322 20239 56014
SMF,2023-08-10 00:53,KSMF 100053Z 19010KT 10SM CLR 31/12 A2982 RMK AO2 SLP099 T03110122
SMF,2023-08-10 01:53,KSMF 100153Z 19011KT 10SM CLR 30/13 A2981 RMK AO2 SLP095 T03000128
SMF,2023-08-10 02:53,KSMF 100253Z 18010KT 10SM CLR 28/13 A2982 RMK AO2 SLP096 T02780133 55004
SMF,2023-08-10 03:53,KSMF 100353Z 17011KT 10SM CLR 24/14 A2983 RMK AO2 SLP100 T02440144
SMF,2023-08-10 04:53,KSMF 100453Z 18012KT 10SM CLR 22/14 A2984 RMK AO2 SLP103 T02170139
SMF,2023-08-10 05:53,KSMF 100553Z 18009KT 10SM CLR 21/13 A2984 RMK AO2 SLP104 T02060133 10322 20206 51007
SMF,2023-08-10 06:53,KSMF 100653Z 17007KT 10SM CLR 19/13 A2984 RMK AO2 SLP105 T01940133
SMF,2023-08-10 07:53,KSMF 100753Z 16008KT 10SM CLR 19/13 A2985 RMK AO2 SLP106 T01890128 403220161
SMF,2023-08-10 08:53,KSMF 100853Z 16008KT 10SM CLR 18/13 A2984 RMK AO2 SLP105 T01830128 50001
SMF,2023-08-10 09:53,KSMF 100953Z 15005KT 10SM CLR 18/13 A2984 RMK AO2 SLP105 T01780128
SMF,2023-08-10 10:53,KSMF 101053Z 17008KT 10SM CLR 17/13 A2985 RMK AO2 SLP106 T01720128
SMF,2023-08-10 11:53,KSMF 101153Z 16006KT 10SM CLR 17/13 A2986 RMK AO2 SLP110 T01670128 10206 20167 53004
SMF,2023-08-10 12:53,KSMF 101253Z 13005KT 10SM CLR 16/13 A2986 RMK AO2 SLP112 T01610128
SMF,2023-08-10 13:53,KSMF 101353Z 16006KT 10SM CLR 17/13 A2987 RMK AO2 SLP114 T01670128
SMF,2023-08-10 14:53,KSMF 101453Z 18005KT 10SM CLR 18/13 A2989 RMK AO2 SLP120 T01780133 53010
SMF,2023-08-10 15:53,KSMF 101553Z 20005KT 10SM CLR 19/14 A2990 RMK AO2 SLP124 T01940139
SMF,2023-08-10 16:53,KSMF 101653Z 00000KT 10SM CLR 22/14 A2991 RMK AO2 SLP126 T02170139
SMF,2023-08-10 17:53,KSMF 101753Z 00000KT 10SM CLR 24/15 A2990 RMK AO2 SLP124 T02390150 10239 20161 50004
SMF,2023-08-10 18:53,KSMF 101853Z 00000KT 10SM CLR 26/15 A2990 RMK AO2 SLP123 T02610150
SMF,2023-08-10 19:53,KSMF 101953Z 25005KT 10SM CLR 29/16 A2988 RMK AO2 SLP118 T02890156
SMF,2023-08-10 20:53,KSMF 102053Z COR 18005KT 10SM CLR 31/16 A2987 RMK AO2 SLP114 T03060156 58010
SMF,2023-08-10 21:53,KSMF 102153Z 21007KT 10SM CLR 32/15 A2986 RMK AO2 SLP109 T03220150
SMF,2023-08-10 22:53,KSMF 102253Z 19009KT 10SM CLR 33/14 A2984 RMK AO2 SLP105 T03330139
SMF,2023-08-10 23:53,KSMF 102353Z 21010KT 10SM CLR 33/14 A2983 RMK AO2 SLP100 T03280144 10333 20239 58013
SMF,2023-08-11 00:53,KSMF 110053Z 20012KT 10SM FEW250 32/13 A2982 RMK AO2 SLP098 T03220133
SMF,2023-08-11 01:53,KSMF 110153Z 18014KT 10SM FEW250 30/13 A2982 RMK AO2 SLP099 T03000128
SMF,2023-08-11 02:53,KSMF 110253Z 18014KT 10SM FEW250 27/14 A2984 RMK AO2 SLP103 T02670139 53003
SMF,2023-08-11 03:53,KSMF 110353Z 18012KT 10SM FEW250 23/14 A2985 RMK AO2 SLP108 T02330139
SMF,2023-08-11 04:53,KSMF 110453Z 17010KT 10SM CLR 21/14 A2987 RMK AO2 SLP113 T02110139
SMF,2023-08-11 05:53,KSMF 110553Z 16012KT 10SM CLR 20/13 A2987 RMK AO2 SLP116 T02000133 10333 20200 51013
SMF,2023-08-11 06:53,KSMF 110653Z 16009KT 10SM CLR 19/13 A2988 RMK AO2 SLP116 T01890133
SMF,2023-08-11 07:53,KSMF 110753Z 15009KT 10SM CLR 18/13 A2988 RMK AO2 SLP119 T01830133 403330161
SMF,2023-08-11 08:53,KSMF 110853Z 16008KT 10SM CLR 18/13 A2988 RMK AO2 SLP118 T01780133 50002
SMF,2023-08-11 09:53,KSMF 110953Z 17009KT 10SM CLR 17/13 A2988 RMK AO2 SLP118 T01720133
SMF,2023-08-11 10:53,KSMF 111053Z 14008KT 10SM CLR 17/13 A2989 RMK AO2 SLP120 T01720133
SMF,2023-08-11 11:53,KSMF 111153Z 16010KT 10SM SCT180 17/13 A2989 RMK AO2 SLP122 T01720133 10200 20172 53005
SMF,2023-08-11 12:53,KSMF 111253Z 16012KT 10SM SCT200 17/13 A2991 RMK AO2 SLP128 T01670133
SMF,2023-08-11 13:53,KSMF 111353Z 16009KT 10SM BKN200 17/14 A2993 RMK AO2 SLP134 T01720139
SMF,2023-08-11 14:53,KSMF 111453Z 18008KT 10SM BKN190 18/14 A2995 RMK AO2 SLP140 T01780139 52018
SMF,2023-08-11 15:53,KSMF 111553Z 17008KT 10SM SCT250 20/14 A2996 RMK AO2 SLP145 T02000144
SMF,2023-08-11 16:53,KSMF 111653Z 19008KT 10SM SCT250 22/15 A2997 RMK AO2 SLP148 T02170150
SMF,2023-08-11 17:53,KSMF 111753Z 19007KT 10SM SCT250 24/15 A2997 RMK AO2 SLP148 T02390150 10244 20167 50007
SMF,2023-08-11 18:53,KSMF 111853Z 18007KT 160V220 10SM BKN250 26/16 A2996 RMK AO2 SLP143 T02560156
SMF,2023-08-11 19:53,KSMF 111953Z 19005KT 10SM FEW250 28/16 A2994 RMK AO2 SLP139 T02780156
SMF,2023-08-11 20:53,KSMF 112053Z 19008KT 150V210 10SM FEW250 30/16 A2993 RMK AO2 SLP133 T03000156 58014
SMF,2023-08-11 21:53,KSMF 112153Z 23005KT 10SM FEW250 31/15 A2991 RMK AO2 SLP128 T03060150
SMF,2023-08-11 22:53,KSMF 112253Z 20006KT 10SM FEW250 31/15 A2989 RMK AO2 SLP120 T03110150
SMF,2023-08-11 23:53,KSMF 112353Z 19006KT 10SM FEW250 32/14 A2988 RMK AO2 SLP117 T03170144 10322 20239 56017
SMF,2023-08-12 00:53,KSMF 120053Z 21008KT 10SM FEW250 32/14 A2988 RMK AO2 SLP117 T03170144
SMF,2023-08-12 01:53,KSMF 120153Z 19010KT 10SM FEW250 31/12 A2987 RMK AO2 SLP115 T03110117
SMF,2023-08-12 02:53,KSMF 120253Z 17006KT 10SM FEW250 28/13 A2987 RMK AO2 SLP113 T02830128 58004
SMF,2023-08-12 03:53,KSMF 120353Z 14010KT 10SM FEW250 26/14 A2989 RMK AO2 SLP120 T02610139
SMF,2023-08-12 04:53,KSMF 120453Z 17008KT 10SM FEW250 26/14 A2990 RMK AO2 SLP126 T02560144
SMF,2023-08-12 05:53,KSMF 120553Z 19011KT 10SM SCT190 22/14 A2992 RMK AO2 SLP130 T02220139 10322 20222 51017
SMF,2023-08-12 06:53,KSMF 120653Z 15010KT 10SM CLR 21/14 A2992 RMK AO2 SLP133 T02110139
SMF,2023-08-12 07:53,KSMF 120753Z 16007KT 10SM FEW250 21/14 A2993 RMK AO2 SLP135 T02060139 403220167
SMF,2023-08-12 08:53,KSMF 120853Z 15005KT 10SM CLR 20/14 A2993 RMK AO2 SLP135 T02000139 50005
SMF,2023-08-12 09:53,KSMF 120953Z 13007KT 10SM CLR 20/14 A2993 RMK AO2 SLP134 T02000139
SMF,2023-08-12 10:53,KSMF 121053Z 00000KT 10SM FEW150 FEW180 18/13 A2993 RMK AO2 SLP135 T01780133
SMF,2023-08-12 11:53,KSMF 121153Z 17004KT 10SM FEW160 18/13 A2993 RMK AO2 SLP136 T01830133 10222 20178 53001
SMF,2023-08-12 12:53,KSMF 121253Z 16005KT 10SM FEW160 18/13 A2995 RMK AO2 SLP141 T01780133
SMF,2023-08-12 13:53,KSMF 121353Z 00000KT 10SM SCT160 18/13 A2996 RMK AO2 SLP143 T01780133
SMF,2023-08-12 14:53,KSMF 121453Z 00000KT 10SM SCT160 19/14 A2997 RMK AO2 SLP148 T01890139 51012
SMF,2023-08-12 15:53,KSMF 121553Z 17003KT 10SM FEW160 22/14 A2998 RMK AO2 SLP150 T02170139
SMF,2023-08-12 16:53,KSMF 121653Z VRB03KT 10SM FEW250 25/14 A2997 RMK AO2 SLP150 T02500139
SMF,2023-08-12 17:53,KSMF 121753Z 00000KT 10SM CLR 27/14 A2998 RMK AO2 SLP150 T02670144 10267 20172 51002
SMF,2023-08-12 18:53,KSMF 121853Z 18006KT 10SM CLR 30/15 A2997 RMK AO2 SLP146 T03000150
SMF,2023-08-12 19:53,KSMF 121953Z VRB03KT 10SM CLR 32/15 A2995 RMK AO2 SLP141 T03170150
SMF,2023-08-12 20:53,KSMF 122053Z 00000KT 10SM FEW250 33/16 A2994 RMK AO2 SLP137 T03280156 58013
SMF,2023-08-12 21:53,KSMF 122153Z 18005KT 10SM FEW250 34/16 A2992 RMK AO2 SLP130 T03390156
SMF,2023-08-12 22:53,KSMF 122253Z 19009KT 10SM FEW250 36/12 A2990 RMK AO2 SLP123 T03560122
SMF,2023-08-12 23:53,KSMF 122353Z 20007KT 10SM FEW250 36/12 A2988 RMK AO2 SLP117 T03610122 10361 20272 56020
SMF,2023-08-13 00:53,KSMF 130053Z 18007KT 10SM SCT250 36/11 A2987 RMK AO2 SLP113 T03610111
SMF,2023-08-13 01:53,KSMF 130153Z 18010KT 10SM SCT250 34/12 A2986 RMK AO2 SLP112 T03440117
SMF,2023-08-13 02:53,KSMF 130253Z 17009KT 10SM BKN250 32/14 A2987 RMK AO2 SLP115 T03170144 55002 $
SMF,2023-08-13 03:53,KSMF 130353Z 18008KT 10SM SCT250 29/14 A2988 RMK AO2 SLP119 T02890144 $
SMF,2023-08-13 04:53,KSMF 130453Z 17009KT 10SM FEW250 26/13 A2989 RMK AO2 SLP122 T02610133 $
SMF,2023-08-13 05:53,KSMF 130553Z 16009KT 10SM FEW150 SCT250 25/13 A2990 RMK AO2 SLP125 T02500128 10361 20250 51010 $
SMF,2023-08-13 06:53,KSMF 130653Z 16006KT 10SM FEW150 SCT250 24/13 A2990 RMK AO2 SLP124 T02440128 $
SMF,2023-08-13 07:53,KSMF 130753Z 11005KT 10SM BKN200 24/12 A2991 RMK AO2 SLP127 T02440122 403610172 $
SMF,2023-08-13 08:53,KSMF 130853Z 15008KT 10SM BKN180 24/13 A2990 RMK AO2 SLP125 T02440128 50000 $
SMF,2023-08-13 09:53,KSMF 130953Z 18006KT 10SM BKN180 22/12 A2990 RMK AO2 SLP126 T02220122 $
SMF,2023-08-13 10:53,KSMF 131053Z 21004KT 10SM FEW180 21/13 A2990 RMK AO2 SLP125 T02060128 $
SMF,2023-08-13 11:53,KSMF 131153Z 20003KT 10SM CLR 20/12 A2989 RMK AO2 SLP122 T02000122 10250 20200 58003 $
SMF,2023-08-13 12:53,KSMF 131253Z 04005KT 10SM FEW200 19/12 A2989 RMK AO2 SLP122 T01940122 $
SMF,2023-08-13 13:53,KSMF 131353Z 05003KT 10SM FEW200 19/14 A2991 RMK AO2 SLP127 T01940144 $
SMF,2023-08-13 14:53,KSMF 131453Z 36003KT 10SM FEW200 23/14 A2991 RMK AO2 SLP128 T02280144 53006 $
SMF,2023-08-13 15:53,KSMF 131553Z 00000KT 10SM FEW200 25/14 A2992 RMK AO2 SLP131 T02500144 $
SMF,2023-08-13 16:53,KSMF 131653Z 20004KT 10SM FEW200 26/15 A2992 RMK AO2 SLP132 T02610150 $
SMF,2023-08-13 17:53,KSMF 131753Z 14003KT 10SM FEW200 29/15 A2992 RMK AO2 SLP131 T02940150 10294 20189 50002 $
SMF,2023-08-13 18:53,KSMF 131853Z VRB03KT 10SM FEW200 32/14 A2991 RMK AO2 SLP128 T03170144 $
SMF,2023-08-13 19:53,KSMF 131953Z 27005KT 10SM FEW200 34/14 A2989 RMK AO2 SLP121 T03440144 $
SMF,2023-08-13 20:53,KSMF 132053Z 00000KT 10SM FEW200 36/13 A2988 RMK AO2 SLP116 T03560128 58015 $
SMF,2023-08-13 21:53,KSMF 132153Z VRB06KT 10SM FEW200 37/13 A2985 RMK AO2 SLP107 T03670133 $
SMF,2023-08-13 22:53,KSMF 132253Z 21009KT 10SM FEW200 37/15 A2983 RMK AO2 SLP102 T03720150 $
SMF,2023-08-13 23:53,KSMF 132353Z 19011KT 10SM SCT180 BKN200 37/14 A2983 RMK AO2 SLP101 T03720139 10378 20294 56015 $
SMF,2023-08-14 00:53,KSMF 140053Z 18013KT 10SM SCT160 BKN200 36/14 A2983 RMK AO2 SLP099 T03610139 $
SMF,2023-08-14 01:53,KSMF 140153Z 19011KT 10SM SCT170 BKN200 36/16 A2982 RMK AO2 SLP097 T03560156 $
SMF,2023-08-14 02:53,KSMF 140253Z 16009KT 10SM FEW150 SCT180 BKN200 33/16 A2983 RMK AO2 SLP101 T03280156 55000 $
SMF,2023-08-14 03:53,KSMF 140353Z 19009KT 10SM SCT180 BKN200 30/14 A2983 RMK AO2 SLP101 T03000144 $
SMF,2023-08-14 04:53,KSMF 140453Z 18005KT 10SM SCT200 BKN220 29/14 A2983 RMK AO2 SLP102 T02890139 $
SMF,2023-08-14 05:53,KSMF 140553Z 16006KT 10SM SCT200 29/12 A2984 RMK AO2 SLP102 T02890122 10383 20283 52002 $
SMF,2023-08-14 06:53,KSMF 140653Z 17006KT 10SM BKN200 28/12 A2983 RMK AO2 SLP102 T02780122 $
SMF,2023-08-14 07:53,KSMF 140753Z 19007KT 10SM BKN190 27/12 A2984 RMK AO2 SLP104 T02670117 403830189 $
SMF,2023-08-14 08:53,KSMF 140853Z 18009KT 10SM SCT210 26/12 A2984 RMK AO2 SLP103 T02560117 50000 $
SMF,2023-08-14 09:53,KSMF 140953Z 13005KT 10SM SCT220 24/13 A2984 RMK AO2 SLP104 T02440128 $
SMF,2023-08-14 10:53,KSMF 141053Z 16008KT 10SM BKN200 24/13 A2983 RMK AO2 SLP100 T02440133 $
SMF,2023-08-14 11:53,KSMF 141153Z 28005KT 10SM BKN180 24/13 A2983 RMK AO2 SLP099 T02440133 10289 20228 58003 $
SMF,2023-08-14 12:53,KSMF 141253Z 04004KT 10SM BKN180 BKN230 24/15 A2984 RMK AO2 SLP105 T02390150 $
SMF,2023-08-14 13:53,KSMF 141353Z 31003KT 10SM BKN220 23/16 A2985 RMK AO2 SLP108 T02280156
SMF,2023-08-14 14:53,KSMF 141453Z 09003KT 10SM BKN210 24/16 A2988 RMK AO2 SLP118 T02440156 53019
SMF,2023-08-14 15:53,KSMF 141553Z 00000KT 10SM BKN180 26/16 A2988 RMK AO2 SLP119 T02610156
SMF,2023-08-14 16:53,KSMF 141653Z 00000KT 10SM BKN140 27/15 A2990 RMK AO2 SLP124 T02720150
SMF,2023-08-14 17:53,KSMF 141753Z 03003KT 10SM BKN170 BKN250 31/15 A2990 RMK AO2 SLP125 T03110150 10311 20228 52007
SMF,2023-08-14 18:53,KSMF 141853Z 00000KT 10SM BKN190 BKN250 34/14 A2989 RMK AO2 SLP121 T03390139
SMF,2023-08-14 19:53,KSMF 141953Z VRB03KT 10SM BKN220 35/16 A2988 RMK AO2 SLP117 T03500156
SMF,2023-08-14 20:53,KSMF 142053Z 22006KT 10SM BKN150 35/16 A2986 RMK AO2 SLP112 T03500161 58013
SMF,2023-08-14 21:53,KSMF 142153Z VRB05KT 10SM BKN150 36/16 A2985 RMK AO2 LTG DSNT NE SLP109 T03610161
SMF,2023-08-14 22:53,KSMF 142253Z 32005KT 10SM SCT150 37/18 A2984 RMK AO2 SLP103 T03720178
SMF,2023-08-14 23:53,KSMF 142353Z 31005KT 10SM SCT250 38/17 A2984 RMK AO2 SLP104 T03780172 10383 20311 55007
SMF,2023-08-15 00:53,KSMF 150053Z 03010KT 10SM SCT250 38/17 A2984 RMK AO2 SLP105 T03830167
SMF,2023-08-15 01:53,KSMF 150153Z 29005KT 10SM SCT250 36/18 A2983 RMK AO2 SLP101 T03610183
SMF,2023-08-15 02:53,KSMF 150253Z 31004KT 10SM SCT250 33/18 A2983 RMK AO2 SLP100 T03280183 58004
SMF,2023-08-15 03:53,KSMF 150353Z 29008KT 10SM FEW250 31/18 A2984 RMK AO2 SLP105 T03110183
SMF,2023-08-15 04:53,KSMF 150453Z 35003KT 10SM FEW250 29/19 A2988 RMK AO2 SLP116 T02890194
SMF,2023-08-15 05:53,KSMF 150553Z 02004KT 10SM CLR 27/21 A2988 RMK AO2 SLP117 T02720206 10383 20272 51017
SMF,2023-08-15 06:53,KSMF 150653Z 02005KT 10SM CLR 27/19 A2987 RMK AO2 SLP113 T02670194
SMF,2023-08-15 07:53,KSMF 150753Z 32004KT 10SM CLR 26/19 A2987 RMK AO2 SLP114 T02610189 403830228
SMF,2023-08-15 08:53,KSMF 150853Z 32003KT 10SM CLR 24/19 A2988 RMK AO2 SLP118 T02440194 53001
SMF,2023-08-15 09:53,KSMF 150953Z 33007KT 10SM FEW150 24/19 A2987 RMK AO2 SLP114 T02390189
SMF,2023-08-15 10:53,KSMF 151053Z 31004KT 10SM SCT160 23/18 A2987 RMK AO2 SLP114 T02330183
SMF,2023-08-15 11:53,KSMF 151153Z 34004KT 10SM SCT160 23/18 A2987 RMK AO2 SLP114 T02330183 10272 20233 56004
SMF,2023-08-15 12:53,KSMF 151253Z COR 26003KT 10SM FEW160 22/18 A2989 RMK AO2 SLP121 LTG DSNT SE T02220178
SMF,2023-08-15 13:53,KSMF 151353Z 32003KT 10SM FEW160 23/18 A2991 RMK AO2 SLP127 T02280178
SMF,2023-08-15 14:53,KSMF 151453Z 00000KT 10SM FEW050 FEW160 FEW250 26/18 A2992 RMK AO2 SLP131 T02560183 51016
SMF,2023-08-15 15:53,KSMF 151553Z 36005KT 10SM SCT120 SCT250 29/17 A2992 RMK AO2 SLP131 T02890172
SMF,2023-08-15 16:53,KSMF 151653Z 00000KT 10SM SCT120 31/18 A2993 RMK AO2 SLP133 T03110178
SMF,2023-08-15 17:53,KSMF 151753Z 00000KT 10SM FEW070 FEW140 33/17 A2993 RMK AO2 SLP133 T03330172 10339 20211 51002
SMF,2023-08-15 18:53,KSMF 151853Z VRB03KT 10SM FEW150 36/17 A2992 RMK AO2 SLP132 T03560172
SMF,2023-08-15 19:53,KSMF 151953Z 27007KT 10SM CLR 37/17 A2990 RMK AO2 SLP125 T03720172
SMF,2023-08-15 20:53,KSMF 152053Z 26005KT 10SM CLR 38/17 A2989 RMK AO2 SLP121 T03830172 58012
SMF,2023-08-15 21:53,KSMF 152153Z 00000KT 10SM CLR 39/14 A2987 RMK AO2 SLP114 T03940144
SMF,2023-08-15 22:53,KSMF 152253Z VRB04KT 10SM CLR 40/16 A2986 RMK AO2 SLP110 T04000161
SMF,2023-08-15 23:53,KSMF 152353Z 22004KT 10SM FEW150 SCT250 41/17 A2985 RMK AO2 SLP107 T04060167 10411 20333 56014
SMF,2023-08-16 00:53,KSMF 160053Z 22010KT 10SM FEW150 SCT250 40/19 A2985 RMK AO2 SLP106 T04000189
SMF,2023-08-16 01:53,KSMF 160153Z 20008KT 10SM CLR 38/18 A2984 RMK AO2 SLP105 T03780183
SMF,2023-08-16 02:53,KSMF 160253Z 23007KT 10SM CLR 34/18 A2985 RMK AO2 SLP107 T03440183 55001
SMF,2023-08-16 03:53,KSMF 160353Z 23005KT 10SM CLR 31/17 A2985 RMK AO2 SLP107 T03110172
SMF,2023-08-16 04:53,KSMF 160453Z 19005KT 10SM CLR 31/18 A2986 RMK AO2 SLP109 T03110178
SMF,2023-08-16 05:53,KSMF 160553Z 11005KT 10SM CLR 30/18 A2987 RMK AO2 SLP116 T03000178 10411 20294 53009
SMF,2023-08-16 06:53,KSMF 160653Z 16005KT 10SM SCT160 29/17 A2987 RMK AO2 SLP114 T02890167
SMF,2023-08-16 07:53,KSMF 160753Z 19006KT 10SM FEW160 26/16 A2988 RMK AO2 SLP116 T02610156 404110211
SMF,2023-08-16 08:53,KSMF 160853Z 19006KT 10SM CLR 24/16 A2987 RMK AO2 SLP114 T02390156 58001
SMF,2023-08-16 09:53,KSMF 160953Z 18005KT 10SM FEW160 23/15 A2987 RMK AO2 SLP113 T02280150
SMF,2023-08-16 10:53,KSMF 161053Z 18005KT 10SM SCT150 21/14 A2987 RMK AO2 SLP113 T02110144
SMF,2023-08-16 11:53,KSMF 161153Z 18005KT 10SM SCT150 21/15 A2987 RMK AO2 SLP114 T02110150 10306 20206 55000
SMF,2023-08-16 12:53,KSMF 161253Z 16007KT 10SM SCT150 21/15 A2988 RMK AO2 SLP118 T02110150
SMF,2023-08-16 13:53,KSMF 161353Z 14005KT 10SM SCT160 21/15 A2990 RMK AO2 SLP124 T02110150
SMF,2023-08-16 14:53,KSMF 161453Z 00000KT 10SM SCT160 22/15 A2990 RMK AO2 SLP123 T02170150 50009
SMF,2023-08-16 15:53,KSMF 161553Z 00000KT 10SM SCT200 25/17 A2989 RMK AO2 SLP122 T02500167
SMF,2023-08-16 16:53,KSMF 161653Z 00000KT 10SM FEW250 29/16 A2990 RMK AO2 SLP124 T02890161
SMF,2023-08-16 17:53,KSMF 161753Z VRB03KT 10SM FEW250 33/14 A2989 RMK AO2 SLP122 T03330144 10333 20206 58001
SMF,2023-08-16 18:53,KSMF 161853Z 25004KT 10SM FEW250 36/14 A2988 RMK AO2 SLP117 T03560144
SMF,2023-08-16 19:53,KSMF 161953Z 31004KT 10SM FEW250 38/13 A2986 RMK AO2 SLP109 T03830133
SMF,2023-08-16 20:53,KSMF 162053Z VRB04KT 10SM FEW250 39/15 A2983 RMK AO2 SLP102 T03940150 58020
SMF,2023-08-16 21:53,KSMF 162153Z VRB04KT 10SM FEW250 40/16 A2981 RMK AO2 SLP095 T04000156
SMF,2023-08-16 22:53,KSMF 162253Z VRB03KT 10SM FEW250 42/16 A2980 RMK AO2 SLP090 T04170156
SMF,2023-08-16 23:53,KSMF 162353Z 21006KT 10SM FEW250 42/13 A2978 RMK AO2 SLP084 T04170133 10417 20333 57018
SMF,2023-08-17 00:53,KSMF 170053Z 17008KT 10SM FEW150 SCT250 41/14 A2977 RMK AO2 SLP081 T04060139
SMF,2023-08-17 01:53,KSMF 170153Z 21009KT 10SM FEW150 SCT250 35/18 A2977 RMK AO2 SLP080 T03500178
SMF,2023-08-17 02:53,KSMF 170253Z 20007KT 10SM FEW150 BKN250 33/17 A2976 RMK AO2 SLP078 T03330172 56005
SMF,2023-08-17 03:53,KSMF 170353Z 21008KT 10SM FEW150 BKN250 32/17 A2977 RMK AO2 SLP081 T03220172
SMF,2023-08-17 04:53,KSMF 170453Z 17009KT 10SM SCT150 BKN250 32/17 A2980 RMK AO2 SLP092 T03170167
SMF,2023-08-17 05:53,KSMF 170553Z 12008KT 10SM -RA SCT080 BKN100 OVC120 33/17 A2981 RMK AO2 RAB50 SLP095 P0000 60000 T03280167 10417 20306 51017
SMF,2023-08-17 06:53,KSMF 170653Z 23004KT 10SM FEW075 FEW110 BKN170 29/17 A2979 RMK AO2 RAE18 SLP087 P0000 T02890167
SMF,2023-08-17 07:53,KSMF 170753Z 22010KT 10SM BKN150 27/16 A2978 RMK AO2 SLP085 T02720161 404170206
SMF,2023-08-17 08:53,KSMF 170853Z 20006KT 10SM BKN150 26/16 A2977 RMK AO2 SLP079 60000 T02610156 56015
SMF,2023-08-17 09:53,KSMF 170953Z 15005KT 10SM FEW160 26/16 A2976 RMK AO2 SLP077 T02560156
SMF,2023-08-17 10:53,KSMF 171053Z 19009KT 10SM BKN140 24/16 A2976 RMK AO2 SLP078 T02390156
SMF,2023-08-17 11:53,KSMF 171153Z 18006KT 10SM SCT140 BKN190 23/15 A2976 RMK AO2 SLP076 60000 T02280150 10333 20228 58004
SMF,2023-08-17 12:53,KSMF 171253Z 20005KT 10SM BKN130 BKN240 22/16 A2976 RMK AO2 SLP078 T02220156
SMF,2023-08-17 13:53,KSMF 171353Z 16003KT 10SM BKN130 BKN250 22/16 A2978 RMK AO2 SLP082 T02220156
SMF,2023-08-17 14:53,KSMF 171453Z 15006KT 10SM SCT150 SCT240 24/16 A2978 RMK AO2 SLP083 T02390156 51007
SMF,2023-08-17 15:53,KSMF 171553Z 15006KT 10SM FEW250 27/16 A2979 RMK AO2 SLP088 T02670161
SMF,2023-08-17 16:53,KSMF 171653Z 17006KT 10SM CLR 29/16 A2980 RMK AO2 SLP090 T02890161
SMF,2023-08-17 17:53,KSMF 171753Z 15005KT 10SM CLR 31/17 A2980 RMK AO2 SLP091 T03060167 10306 20222 51007
SMF,2023-08-17 18:53,KSMF 171853Z 19007KT 10SM CLR 33/17 A2979 RMK AO2 SLP087 T03330172
SMF,2023-08-17 19:53,KSMF 171953Z 22008KT 10SM CLR 36/18 A2977 RMK AO2 SLP082 T03560183
SMF,2023-08-17 20:53,KSMF 172053Z 22007KT 10SM FEW250 38/17 A2976 RMK AO2 SLP076 T03780167 58014
SMF,2023-08-17 21:53,KSMF 172153Z 22008KT 10SM FEW250 39/14 A2974 RMK AO2 SLP069 T03890144
SMF,2023-08-17 22:53,KSMF 172253Z 24006KT 10SM FEW250 39/14 A2972 RMK AO2 SLP062 T03940144
SMF,2023-08-17 23:53,KSMF 172353Z 21006KT 10SM FEW250 40/14 A2970 RMK AO2 SLP055 T04000139 10400 20306 56021
SMF,2023-08-18 00:53,KSMF 180053Z 21010KT 10SM FEW250 39/15 A2969 RMK AO2 SLP052 T03890150
SMF,2023-08-18 01:53,KSMF 180153Z 19007KT 10SM FEW250 37/18 A2967 RMK AO2 SLP048 T03670178
SMF,2023-08-18 02:53,KSMF 180253Z 18009KT 10SM FEW250 31/18 A2968 RMK AO2 SLP051 T03110178 55004
SMF,2023-08-18 03:53,KSMF 180353Z 19010KT 10SM FEW250 27/17 A2970 RMK AO2 SLP055 T02720167
SMF,2023-08-18 04:53,KSMF 180453Z 17009KT 10SM CLR 25/16 A2972 RMK AO2 SLP064 T02500161
SMF,2023-08-18 05:53,KSMF 180553Z 17013KT 10SM CLR 23/15 A2973 RMK AO2 SLP068 T02280150 10400 20228 53016
SMF,2023-08-18 06:53,KSMF 180653Z 15013KT 10SM CLR 22/15 A2974 RMK AO2 SLP071 T02220150
SMF,2023-08-18 07:53,KSMF 180753Z 15011KT 10SM CLR 21/15 A2975 RMK AO2 SLP072 T02110150 404000211
SMF,2023-08-18 08:53,KSMF 180853Z 14010KT 10SM CLR 21/15 A2974 RMK AO2 SLP072 T02110150 50004
SMF,2023-08-18 09:53,KSMF 180953Z 15011KT 10SM CLR 21/15 A2974 RMK AO2 SLP069 T02060150
SMF,2023-08-18 10:53,KSMF 181053Z 16007KT 10SM CLR 19/15 A2974 RMK AO2 SLP070 T01940150
SMF,2023-08-18 11:53,KSMF 181153Z 14010KT 10SM CLR 19/15 A2974 RMK AO2 SLP069 T01940150 10228 20189 56002
SMF,2023-08-18 12:53,KSMF 181253Z 14009KT 10SM CLR 19/14 A2975 RMK AO2 SLP074 T01890144
SMF,2023-08-18 13:53,KSMF 181353Z 14010KT 10SM FEW250 19/14 A2977 RMK AO2 SLP079 T01890144
SMF,2023-08-18 14:53,KSMF 181453Z 16011KT 10SM FEW250 20/15 A2978 RMK AO2 SLP085 T02000150 53016
SMF,2023-08-18 15:53,KSMF 181553Z 15010KT 10SM FEW250 22/16 A2980 RMK AO2 SLP090 T02170156
SMF,2023-08-18 16:53,KSMF 181653Z 14009KT 10SM FEW250 24/16 A2981 RMK AO2 SLP093 T02390156
SMF,2023-08-18 17:53,KSMF 181753Z 15013G16KT 10SM BKN160 26/16 A2982 RMK AO2 SLP098 T02560161 10261 20189 51014
SMF,2023-08-18 18:53,KSMF 181853Z 15011KT 10SM BKN250 28/16 A2982 RMK AO2 SLP096 T02780161
SMF,2023-08-18 19:53,KSMF 181953Z COR 17010KT 10SM BKN250 29/16 A2981 RMK AO2 SLP093 T02940156
SMF,2023-08-18 20:53,KSMF 182053Z 18012KT 10SM BKN250 31/16 A2979 RMK AO2 SLP086 T03060161 58012
SMF,2023-08-18 21:53,KSMF 182153Z 18011KT 10SM FEW250 32/16 A2978 RMK AO2 SLP082 T03220156
SMF,2023-08-18 22:53,KSMF 182253Z 17012KT 10SM FEW250 33/15 A2975 RMK AO2 SLP072 T03280150
SMF,2023-08-18 23:53,KSMF 182353Z 18011KT 10SM CLR 33/16 A2972 RMK AO2 SLP065 T03330156 10333 20256 58021
SMF,2023-08-19 00:53,KSMF 190053Z 15010KT 10SM CLR 33/16 A2972 RMK AO2 SLP064 T03280156
SMF,2023-08-19 01:53,KSMF 190153Z 17010KT 10SM CLR 31/17 A2970 RMK AO2 SLP058 T03110167
SMF,2023-08-19 02:53,KSMF 190253Z 17010KT 10SM CLR 28/16 A2971 RMK AO2 SLP059 T02780161 55006
SMF,2023-08-19 03:53,KSMF 190353Z 17010KT 10SM CLR 24/16 A2972 RMK AO2 SLP064 T02440156
SMF,2023-08-19 04:53,KSMF 190453Z 17008KT 10SM CLR 23/15 A2974 RMK AO2 SLP070 T02330150
SMF,2023-08-19 05:53,KSMF 190553Z 15013KT 10SM FEW250 22/15 A2975 RMK AO2 SLP075 T02220150 10333 20222 51017
SMF,2023-08-19 06:53,KSMF 190653Z 14007KT 10SM FEW250 21/15 A2975 RMK AO2 SLP072 T02110150
SMF,2023-08-19 07:53,KSMF 190753Z 14009KT 10SM FEW250 22/14 A2974 RMK AO2 SLP071 T02170144 403330189
SMF,2023-08-19 08:53,KSMF 190853Z 13007KT 10SM FEW250 21/14 A2975 RMK AO2 SLP072 T02110139 55003
SMF,2023-08-19 09:53,KSMF 190953Z 16006KT 10SM FEW250 21/14 A2974 RMK AO2 SLP072 T02060139
SMF,2023-08-19 10:53,KSMF 191053Z 17008KT 10SM CLR 20/14 A2975 RMK AO2 SLP073 T02000139
SMF,2023-08-19 11:53,KSMF 191153Z 15006KT 10SM CLR 19/13 A2975 RMK AO2 SLP074 T01940133 10222 20189 53002
SMF,2023-08-19 12:53,KSMF 191253Z 15006KT 10SM FEW250 18/13 A2976 RMK AO2 SLP075 T01830133
SMF,2023-08-19 13:53,KSMF 191353Z 13004KT 10SM FEW250 18/13 A2977 RMK AO2 SLP080 T01830133
SMF,2023-08-19 14:53,KSMF 191453Z 09003KT 10SM FEW250 19/14 A2977 RMK AO2 SLP080 T01940139 51007
SMF,2023-08-19 15:53,KSMF 191553Z 12004KT 10SM FEW250 21/14 A2978 RMK AO2 SLP083 T02110139
SMF,2023-08-19 16:53,KSMF 191653Z 18004KT 10SM FEW250 23/14 A2977 RMK AO2 SLP079 T02330144
SMF,2023-08-19 17:53,KSMF 191753Z 21004KT 10SM FEW250 26/15 A2976 RMK AO2 SLP078 T02610150 10261 20178 58003
SMF,2023-08-19 18:53,KSMF 191853Z 17005KT 10SM SCT250 29/16 A2976 RMK AO2 SLP076 T02890156
SMF,2023-08-19 19:53,KSMF 191953Z 15006KT 10SM SCT250 31/15 A2975 RMK AO2 SLP072 T03110150
SMF,2023-08-19 21:53,KSMF 192153Z 22004KT 10SM BKN190 34/15 A2971 RMK AO2 SLP060 T03390150
SMF,2023-08-19 22:53,KSMF 192253Z 20007KT 10SM SCT210 34/17 A2968 RMK AO2 SLP051 T03390167
SMF,2023-08-19 23:53,KSMF 192353Z 21010KT 10SM FEW250 34/16 A2967 RMK AO2 SLP048 T03440156 10356 20256 56019
SMF,2023-08-20 00:53,KSMF 200053Z 20012KT 10SM FEW250 34/16 A2967 RMK AO2 SLP046 T03390161
SMF,2023-08-20 01:53,KSMF 200153Z 18011KT 10SM CLR 32/16 A2967 RMK AO2 SLP046 T03170161
SMF,2023-08-20 02:53,KSMF 200253Z 16009KT 10SM FEW250 29/16 A2967 RMK AO2 SLP048 T02890156 55000
SMF,2023-08-20 03:53,KSMF 200353Z 17009KT 10SM FEW250 26/15 A2969 RMK AO2 SLP053 T02610150
SMF,2023-08-20 04:53,KSMF 200453Z 18008KT 10SM FEW250 25/15 A2970 RMK AO2 SLP057 T02500150
SMF,2023-08-20 05:53,KSMF 200553Z 15018G27KT 10SM SCT160 OVC220 24/14 A2977 RMK AO2 PK WND 15030/0530 SLP082 T02440139 10350 20239 53034
SMF,2023-08-20 06:53,KSMF 200653Z 20011KT 10SM OVC190 24/12 A2979 RMK AO2 PK WND 17027/0604 SLP086 T02390122
SMF,2023-08-20 07:53,KSMF 200753Z 22008KT 10SM BKN150 OVC190 23/13 A2977 RMK AO2 SLP079 T02280128 403560178
SMF,2023-08-20 08:53,KSMF 200853Z 00000KT 10SM BKN160 OVC180 24/13 A2975 RMK AO2 SLP074 T02390133 58008
SMF,2023-08-20 09:53,KSMF 200953Z 19006KT 10SM BKN150 OVC180 23/14 A2975 RMK AO2 SLP074 T02330139
SMF,2023-08-20 10:53,KSMF 201053Z 17009KT 10SM OVC150 24/14 A2975 RMK AO2 SLP074 T02390139
SMF,2023-08-20 11:53,KSMF 201153Z 03004KT 10SM BKN120 OVC150 23/14 A2975 RMK AO2 SLP073 T02330144 10244 20228 58001
SMF,2023-08-20 12:53,KSMF 201253Z 06005KT 10SM -RA OVC110 23/15 A2975 RMK AO2 RAB51 SLP075 P0000 T02280150
SMF,2023-08-20 13:53,KSMF 201353Z 17008KT 10SM OVC120 23/14 A2975 RMK AO2 RAE1256 SLP074 P0000 T02330139
SMF,2023-08-20 14:53,KSMF 201453Z 00000KT 10SM OVC160 24/15 A2975 RMK AO2 SLP072 60000 T02440150 58000
SMF,2023-08-20 15:53,KSMF 201553Z 03003KT 10SM BKN150 25/16 A2977 RMK AO2 SLP079 T02500161
SMF,2023-08-20 16:53,KSMF 201653Z 21004KT 10SM FEW120 BKN170 24/16 A2974 RMK AO2 SLP071 T02440161
SMF,2023-08-20 17:53,KSMF 201753Z 28007KT 10SM FEW170 BKN220 27/16 A2973 RMK AO2 SLP068 60000 T02720161 10278 20222 58005
SMF,2023-08-20 18:53,KSMF 201853Z 31006KT 10SM BKN140 30/16 A2971 RMK AO2 SLP060 T03000156
SMF,2023-08-20 19:53,KSMF 201953Z 30011KT 10SM SCT100 BKN140 30/16 A2969 RMK AO2 SLP052 T03000161
SMF,2023-08-20 20:53,KSMF 202053Z 32010KT 10SM BKN100 BKN150 31/14 A2968 RMK AO2 SLP049 T03060144 56018
SMF,2023-08-20 21:53,KSMF 202153Z 34007KT 10SM BKN100 BKN140 31/16 A2967 RMK AO2 SLP045 T03060156
SMF,2023-08-20 22:53,KSMF 202253Z 32007KT 10SM BKN100 BKN150 30/16 A2964 RMK AO2 SLP036 T03000161
SMF,2023-08-20 23:53,KSMF 202353Z 33004KT 10SM BKN100 BKN150 30/17 A2963 RMK AO2 SLP031 T03000167 10311 20272 58018
SMF,2023-08-21 00:53,KSMF 210053Z 36004KT 10SM BKN100 BKN220 31/17 A2961 RMK AO2 SLP027 T03060167
SMF,2023-08-21 01:53,KSMF 210153Z 00000KT 10SM BKN100 BKN230 30/17 A2960 RMK AO2 SLP022 T03000172
SMF,2023-08-21 02:53,KSMF 210253Z 00000KT 10SM BKN120 BKN180 29/17 A2959 RMK AO2 SLP020 T02940167 56011
SMF,2023-08-21 03:53,KSMF 210353Z 00000KT 10SM BKN120 OVC180 27/18 A2958 RMK AO2 SLP015 T02670178
SMF,2023-08-21 04:53,KSMF 210453Z 00000KT 10SM BKN100 OVC210 26/17 A2956 RMK AO2 SLP010 T02610172
SMF,2023-08-21 05:53,KSMF 210553Z 00000KT 10SM BKN110 OVC150 26/18 A2955 RMK AO2 SLP007 T02560178 10306 20250 56013
SMF,2023-08-21 06:53,KSMF 210653Z 23005KT 10SM BKN150 OVC200 26/17 A2955 RMK AO2 SLP007 T02610172
SMF,2023-08-21 07:53,KSMF 210753Z 11005KT 10SM BKN120 BKN150 OVC200 27/17 A2958 RMK AO2 SLP015 T02670167 403110222
SMF,2023-08-21 08:53,KSMF 210853Z 16007KT 10SM BKN110 OVC150 28/17 A2958 RMK AO2 SLP016 T02780167 53009
SMF,2023-08-21 09:53,KSMF 210953Z 14007KT 10SM OVC110 27/16 A2962 RMK AO2 SLP029 T02670161
SMF,2023-08-21 10:53,KSMF 211053Z 15016G21KT 10SM -RA OVC100 25/17 A2967 RMK AO2 RAB11 SLP046 P0000 T02500172
SMF,2023-08-21 11:53,KSMF 211153Z 15016G24KT 10SM BKN070 OVC100 25/19 A2969 RMK AO2 RAE08 SLP052 P0000 60000 T02500189 10278 20244 51035
SMF,2023-08-21 12:53,KSMF 211253Z 15017G26KT 10SM -RA SCT055 BKN070 OVC090 23/19 A2971 RMK AO2 PK WND 16027/1212 RAB23 SLP059 P0001 T02330189
SMF,2023-08-21 13:53,KSMF 211353Z 15012G20KT 10SM OVC120 24/18 A2976 RMK AO2 PK WND 14026/1254 RAE01B40E50 SLP077 P0000 T02390183
SMF,2023-08-21 14:53,KSMF 211453Z 16012KT 10SM OVC021 23/19 A2981 RMK AO2 RAB30E51 SLP093 P0000 60001 T02330189 53042
SMF,2023-08-21 15:53,KSMF 211553Z 18010KT 10SM SCT016 OVC100 23/18 A2984 RMK AO2 SLP103 T02280178
SMF,2023-08-21 16:53,KSMF 211653Z 20008KT 9SM -RA FEW018 BKN085 OVC110 22/17 A2987 RMK AO2 RAB48 SLP114 P0000 T02170167
SMF,2023-08-21 17:53,KSMF 211753Z 20008KT 10SM OVC090 23/17 A2990 RMK AO2 RAE06 SLP124 P0000 60001 T02280172 10250 20211 53021
SMF,2023-08-21 18:53,KSMF 211853Z 21009KT 10SM BKN100 26/18 A2992 RMK AO2 SLP131 T02560178
SMF,2023-08-21 19:53,KSMF 211953Z 21012KT 10SM OVC110 27/15 A2993 RMK AO2 SLP133 T02720150
SMF,2023-08-21 20:53,KSMF 212053Z 22016KT 10SM BKN100 27/16 A2993 RMK AO2 SLP136 T02720156 51013
SMF,2023-08-21 21:53,KSMF 212153Z 24016KT 9SM BKN100 BKN250 27/14 A2993 RMK AO2 SLP134 T02720144
SMF,2023-08-21 22:53,KSMF 212253Z 25013G21KT 10SM SCT100 SCT250 28/15 A2992 RMK AO2 SLP132 T02830150
SMF,2023-08-21 23:53,KSMF 212353Z 25013KT 10SM FEW100 SCT250 27/16 A2993 RMK AO2 SLP136 T02720156 10289 20233 55000
SMF,2023-08-22 00:53,KSMF 220053Z 23011KT 10SM SCT100 SCT250 26/16 A2994 RMK AO2 SLP139 T02610156
SMF,2023-08-22 01:53,KSMF 220153Z 21012KT 10SM BKN110 25/16 A2994 RMK AO2 SLP137 T02500161
SMF,2023-08-22 02:53,KSMF 220253Z 21006KT 10SM BKN120 24/16 A2996 RMK AO2 SLP143 T02390156 53007
SMF,2023-08-22 03:53,KSMF 220353Z 20007KT 10SM CLR 23/16 A2996 RMK AO2 SLP145 T02280156
SMF,2023-08-22 04:53,KSMF 220453Z 22005KT 10SM FEW120 22/16 A2997 RMK AO2 SLP147 T02170156
SMF,2023-08-22 05:53,KSMF 220553Z 19006KT 10SM SCT140 22/16 A2997 RMK AO2 SLP148 T02170156 10272 20217 51004
SMF,2023-08-22 06:53,KSMF 220653Z 17005KT 10SM SCT095 BKN150 21/16 A2998 RMK AO2 SLP152 T02060156
SMF,2023-08-22 07:53,KSMF 220753Z 17006KT 10SM SCT130 21/16 A2999 RMK AO2 SLP156 T02060156 402890206
SMF,2023-08-22 08:53,KSMF 220853Z 15004KT 10SM FEW130 SCT230 20/16 A2999 RMK AO2 SLP154 T02000156 50006
SMF,2023-08-22 09:53,KSMF 220953Z 11004KT 10SM SCT130 BKN230 21/16 A2998 RMK AO2 SLP152 T02060156
SMF,2023-08-22 10:53,KSMF 221053Z 17005KT 10SM SCT140 BKN210 21/16 A2998 RMK AO2 SLP151 T02060156
SMF,2023-08-22 11:53,KSMF 221153Z 21003KT 10SM SCT120 BKN210 19/16 A2997 RMK AO2 SLP149 70001 T01940156 10217 20189 56004
SMF,2023-08-22 12:53,KSMF 221253Z 27003KT 10SM SCT150 BKN200 18/15 A2998 RMK AO2 SLP151 T01830150
SMF,2023-08-22 13:53,KSMF 221353Z 00000KT 10SM SCT150 18/16 A2998 RMK AO2 SLP152 T01830156
SMF,2023-08-22 14:53,KSMF 221453Z 30004KT 10SM BKN095 21/16 A2999 RMK AO2 SLP153 T02060161 51004
SMF,2023-08-22 15:53,KSMF 221553Z 00000KT 10SM BKN095 22/16 A2999 RMK AO2 SLP155 T02170161
SMF,2023-08-22 16:53,KSMF 221653Z 00000KT 10SM FEW100 BKN200 24/16 A2999 RMK AO2 SLP154 T02390161
SMF,2023-08-22 17:53,KSMF 221753Z 03005KT 10SM SCT100 BKN220 27/17 A2998 RMK AO2 SLP152 T02720167 10272 20178 58001
SMF,2023-08-22 18:53,KSMF 221853Z 13003KT 10SM CLR 28/16 A2997 RMK AO2 SLP149 T02780161
SMF,2023-08-22 19:53,KSMF 221953Z 00000KT 10SM CLR 29/16 A2996 RMK AO2 SLP145 T02890161
SMF,2023-08-22 20:53,KSMF 222053Z 22007KT 180V250 10SM CLR 31/16 A2995 RMK AO2 SLP141 T03060156 58011
SMF,2023-08-22 21:53,KSMF 222153Z VRB04KT 10SM CLR 31/15 A2993 RMK AO2 SLP135 T03110150
SMF,2023-08-22 22:53,KSMF 222253Z 26004KT 10SM CLR 32/14 A2991 RMK AO2 SLP129 T03170144
SMF,2023-08-22 23:53,KSMF 222353Z 27007KT 10SM CLR 32/14 A2990 RMK AO2 SLP124 T03220144 10328 20267 56017
SMF,2023-08-23 00:53,KSMF 230053Z 00000KT 10SM CLR 32/14 A2989 RMK AO2 SLP120 T03220144
SMF,2023-08-23 01:53,KSMF 230153Z 04008KT 10SM CLR 32/16 A2988 RMK AO2 SLP118 T03170156
SMF,2023-08-23 02:53,KSMF 230253Z 05006KT 10SM CLR 28/17 A2989 RMK AO2 SLP119 T02830172 55005
SMF,2023-08-23 03:53,KSMF 230353Z 00000KT 10SM CLR 26/17 A2990 RMK AO2 SLP123 T02560167
SMF,2023-08-23 04:53,KSMF 230453Z 27004KT 10SM CLR 24/17 A2992 RMK AO2 SLP129 T02440167
SMF,2023-08-23 05:53,KSMF 230553Z 28007KT 10SM CLR 26/15 A2991 RMK AO2 SLP129 T02610150 10328 20239 50009
SMF,2023-08-23 06:53,KSMF 230653Z 28005KT 10SM CLR 25/14 A2991 RMK AO2 SLP129 T02500144
SMF,2023-08-23 07:53,KSMF 230753Z 24003KT 10SM CLR 23/15 A2992 RMK AO2 SLP130 T02330150 403280178
SMF,2023-08-23 08:53,KSMF 230853Z 14003KT 10SM CLR 23/16 A2992 RMK AO2 SLP132 T02280156 53004
SMF,2023-08-23 09:53,KSMF 230953Z 00000KT 10SM CLR 19/14 A2992 RMK AO2 SLP132 T01940144
SMF,2023-08-23 10:53,KSMF 231053Z 20005KT 10SM CLR 19/15 A2992 RMK AO2 SLP132 T01940150
SMF,2023-08-23 11:53,KSMF 231153Z 00000KT 10SM CLR 21/16 A2993 RMK AO2 SLP133 T02060156 10267 20194 53001
SMF,2023-08-23 12:53,KSMF 231253Z 26003KT 10SM CLR 19/16 A2992 RMK AO2 SLP132 T01890156
SMF,2023-08-23 13:53,KSMF 231353Z 33003KT 10SM CLR 19/16 A2994 RMK AO2 SLP137 T01890156
SMF,2023-08-23 14:53,KSMF 231453Z 33005KT 10SM CLR 21/17 A2993 RMK AO2 SLP136 T02060167 53003
SMF,2023-08-23 15:53,KSMF 231553Z 35003KT 10SM CLR 25/17 A2994 RMK AO2 SLP137 T02500167
SMF,2023-08-23 16:53,KSMF 231653Z 33006KT 10SM CLR 27/16 A2993 RMK AO2 SLP133 T02720156
SMF,2023-08-23 17:53,KSMF 231753Z 33005KT 10SM CLR 28/16 A2992 RMK AO2 SLP131 T02830156 10289 20183 58004
SMF,2023-08-23 18:53,KSMF 231853Z 32008KT 10SM CLR 31/16 A2990 RMK AO2 SLP126 T03110161
SMF,2023-08-23 19:53,KSMF 231953Z 33007KT 10SM CLR 33/16 A2988 RMK AO2 SLP119 T03280161
SMF,2023-08-23 20:53,KSMF 232053Z 35007KT 320V030 10SM CLR 34/14 A2987 RMK AO2 SLP113 T03440144 56018
SMF,2023-08-23 21:53,KSMF 232153Z COR 36007KT 10SM CLR 34/14 A2985 RMK AO2 SLP107 T03440144
SMF,2023-08-23 22:53,KSMF 232253Z VRB03KT 10SM FEW250 36/13 A2983 RMK AO2 SLP099 T03560133
SMF,2023-08-23 23:53,KSMF 232353Z 32004KT 10SM CLR 35/13 A2981 RMK AO2 SLP094 T03500133 10356 20289 56019
SMF,2023-08-24 00:53,KSMF 240053Z 35007KT 10SM FEW250 35/13 A2980 RMK AO2 SLP090 T03500133
SMF,2023-08-24 01:53,KSMF 240153Z 03005KT 10SM FEW250 33/16 A2979 RMK AO2 SLP088 T03330156
SMF,2023-08-24 02:53,KSMF 240253Z 36003KT 10SM FEW250 29/18 A2980 RMK AO2 SLP089 T02940178 55005
SMF,2023-08-24 03:53,KSMF 240353Z 00000KT 10SM CLR 27/16 A2980 RMK AO2 SLP091 T02720161
SMF,2023-08-24 04:53,KSMF 240453Z 29003KT 10SM CLR 24/14 A2981 RMK AO2 SLP095 T02440139
SMF,2023-08-24 05:53,KSMF 240553Z 00000KT 10SM CLR 23/14 A2982 RMK AO2 SLP096 T02330139 10356 20228 51006
SMF,2023-08-24 06:53,KSMF 240653Z 00000KT 10SM CLR 26/15 A2982 RMK AO2 SLP096 T02560150
SMF,2023-08-24 07:53,KSMF 240753Z 00000KT 10SM CLR 23/14 A2981 RMK AO2 SLP095 T02280139 403560183
SMF,2023-08-24 08:53,KSMF 240853Z 00000KT 10SM CLR 22/15 A2981 RMK AO2 SLP095 T02220150 58001
SMF,2023-08-24 09:53,KSMF 240953Z 00000KT 10SM CLR 20/15 A2982 RMK AO2 SLP096 T02000150
SMF,2023-08-24 10:53,KSMF 241053Z 31003KT 10SM CLR 19/14 A2981 RMK AO2 SLP095 T01940144
SMF,2023-08-24 11:53,KSMF 241153Z 33004KT 10SM CLR 19/15 A2980 RMK AO2 SLP091 T01940150 10256 20189 58004
SMF,2023-08-24 12:53,KSMF 241253Z 30003KT 10SM CLR 19/15 A2982 RMK AO2 SLP097 T01890150
SMF,2023-08-24 13:53,KSMF 241353Z 34004KT 10SM CLR 19/15 A2983 RMK AO2 SLP101 T01940150
SMF,2023-08-24 14:53,KSMF 241453Z 34006KT 10SM CLR 22/16 A2985 RMK AO2 SLP106 T02220156 51015
SMF,2023-08-24 15:53,KSMF 241553Z 02004KT 10SM CLR 27/16 A2985 RMK AO2 SLP109 T02670156
SMF,2023-08-24 16:53,KSMF 241653Z 02005KT 10SM CLR 29/16 A2985 RMK AO2 SLP109 T02890156
SMF,2023-08-24 17:53,KSMF 241753Z 32006KT 10SM CLR 31/16 A2985 RMK AO2 SLP108 T03060161 10311 20183 50002
SMF,2023-08-24 18:53,KSMF 241853Z 31006KT 10SM CLR 32/16 A2985 RMK AO2 SLP107 T03170156
SMF,2023-08-24 19:53,KSMF 241953Z 20005KT 10SM CLR 33/14 A2984 RMK AO2 SLP104 T03330144
SMF,2023-08-24 20:53,KSMF 242053Z 25007KT 10SM CLR 35/12 A2982 RMK AO2 SLP098 T03500122 58010
SMF,2023-08-24 21:53,KSMF 242153Z 21009KT 10SM CLR 37/13 A2980 RMK AO2 SLP092 T03670133
SMF,2023-08-24 22:53,KSMF 242253Z 21009KT 10SM CLR 36/13 A2979 RMK AO2 SLP087 T03610133
SMF,2023-08-24 23:53,KSMF 242353Z 19013KT 10SM CLR 36/14 A2979 RMK AO2 SLP087 T03610139 10367 20306 56011
SMF,2023-08-25 00:53,KSMF 250053Z 21010KT 10SM CLR 34/16 A2978 RMK AO2 SLP084 T03440161
SMF,2023-08-25 01:53,KSMF 250153Z 21011KT 10SM CLR 32/15 A2979 RMK AO2 SLP086 T03220150
SMF,2023-08-25 02:53,KSMF 250253Z 20011KT 10SM FEW120 28/16 A2980 RMK AO2 SLP090 T02830161 53004
SMF,2023-08-25 03:53,KSMF 250353Z 18007KT 10SM FEW120 26/16 A2982 RMK AO2 SLP096 T02560156
SMF,2023-08-25 04:53,KSMF 250453Z 17010KT 10SM FEW120 24/15 A2984 RMK AO2 SLP104 T02390150
SMF,2023-08-25 05:53,KSMF 250553Z 15010KT 10SM SCT150 22/15 A2986 RMK AO2 SLP111 T02220150 10361 20222 53021
SMF,2023-08-25 06:53,KSMF 250653Z 15013KT 10SM SCT150 21/14 A2988 RMK AO2 SLP117 T02060144
SMF,2023-08-25 07:53,KSMF 250753Z 17009KT 10SM FEW140 19/14 A2988 RMK AO2 SLP119 T01940139 403670183
SMF,2023-08-25 08:53,KSMF 250853Z 15007KT 10SM CLR 19/14 A2989 RMK AO2 SLP120 T01890139 51009
SMF,2023-08-25 09:53,KSMF 250953Z 14011KT 10SM CLR 18/14 A2988 RMK AO2 SLP118 T01830139
SMF,2023-08-25 10:53,KSMF 251053Z 14009KT 10SM CLR 18/14 A2989 RMK AO2 SLP120 T01780139
SMF,2023-08-25 11:53,KSMF 251153Z 15011KT 10SM CLR 18/13 A2989 RMK AO2 SLP119 T01780133 10222 20178 56001
SMF,2023-08-25 12:53,KSMF 251253Z 15009KT 10SM CLR 17/13 A2990 RMK AO2 SLP123 T01720133
SMF,2023-08-25 13:53,KSMF 251353Z 15010KT 9SM CLR 17/13 A2991 RMK AO2 SLP128 T01720133
SMF,2023-08-25 14:53,KSMF 251453Z 15011KT 9SM CLR 18/13 A2993 RMK AO2 SLP133 T01780133 53013
SMF,2023-08-25 15:53,KSMF 251553Z 16009KT 10SM CLR 20/13 A2993 RMK AO2 SLP135 T02000133
SMF,2023-08-25 16:53,KSMF 251653Z 15008KT 10SM CLR 22/14 A2994 RMK AO2 SLP137 T02220139
SMF,2023-08-25 17:53,KSMF 251753Z 17006KT 10SM CLR 24/14 A2995 RMK AO2 SLP140 T02440139 10244 20172 51007
SMF,2023-08-25 18:53,KSMF 251853Z 14006KT 10SM CLR 27/14 A2995 RMK AO2 SLP140 T02670144
SMF,2023-08-25 19:53,KSMF 251953Z VRB05KT 10SM CLR 29/14 A2993 RMK AO2 SLP134 T02940139
SMF,2023-08-25 20:53,KSMF 252053Z VRB05KT 10SM CLR 31/14 A2991 RMK AO2 SLP129 T03110139 58011
SMF,2023-08-25 21:53,KSMF 252153Z VRB04KT 10SM CLR 33/13 A2989 RMK AO2 SLP122 T03280128
SMF,2023-08-25 22:53,KSMF 252253Z 19005KT 10SM CLR 33/11 A2988 RMK AO2 SLP118 T03280111
SMF,2023-08-25 23:53,KSMF 252353Z 20008KT 10SM CLR 33/11 A2987 RMK AO2 SLP114 T03330106 10333 20244 56015
SMF,2023-08-26 00:53,KSMF 260053Z 18010KT 10SM CLR 32/11 A2987 RMK AO2 SLP114 T03220111
SMF,2023-08-26 01:53,KSMF 260153Z 18012KT 10SM CLR 31/11 A2987 RMK AO2 SLP113 T03060111
SMF,2023-08-26 02:53,KSMF 260253Z 17010KT 10SM CLR 27/14 A2987 RMK AO2 SLP115 T02670139 53000
SMF,2023-08-26 03:53,KSMF 260353Z 17009KT 10SM CLR 23/14 A2988 RMK AO2 SLP119 T02330144
SMF,2023-08-26 04:53,KSMF 260453Z 17011KT 10SM CLR 21/14 A2990 RMK AO2 SLP123 T02110139
SMF,2023-08-26 05:53,KSMF 260553Z 16008KT 10SM CLR 20/13 A2990 RMK AO2 SLP124 T02000133 10333 20200 51009
SMF,2023-08-26 06:53,KSMF 260653Z 14009KT 10SM CLR 19/13 A2991 RMK AO2 SLP126 T01940133
SMF,2023-08-26 07:53,KSMF 260753Z 17007KT 10SM CLR 19/13 A2991 RMK AO2 SLP127 T01890133 403330172
SMF,2023-08-26 08:53,KSMF 260853Z 15008KT 10SM CLR 18/13 A2991 RMK AO2 SLP127 T01780133 51003
SMF,2023-08-26 09:53,KSMF 260953Z 16006KT 10SM CLR 18/13 A2991 RMK AO2 SLP126 T01780133
SMF,2023-08-26 10:53,KSMF 261053Z 17006KT 10SM CLR 17/13 A2990 RMK AO2 SLP126 T01720133
SMF,2023-08-26 11:53,KSMF 261153Z 17005KT 10SM CLR 16/13 A2991 RMK AO2 SLP128 T01610128 10200 20161 53001
SMF,2023-08-26 12:53,KSMF 261253Z 21003KT 10SM CLR 16/13 A2992 RMK AO2 SLP130 T01560128
SMF,2023-08-26 13:53,KSMF 261353Z 00000KT 10SM CLR 15/12 A2993 RMK AO2 SLP135 T01500122
SMF,2023-08-26 14:53,KSMF 261453Z 03003KT 10SM CLR 17/13 A2994 RMK AO2 SLP139 T01720133 53011
SMF,2023-08-26 15:53,KSMF 261553Z 00000KT 10SM CLR 19/14 A2995 RMK AO2 SLP142 T01890139
SMF,2023-08-26 16:53,KSMF 261653Z 00000KT 10SM CLR 22/14 A2996 RMK AO2 SLP146 T02220144
SMF,2023-08-26 17:53,KSMF 261753Z 27003KT 10SM CLR 26/15 A2996 RMK AO2 SLP146 T02560150 10256 20150 51007
SMF,2023-08-26 18:53,KSMF 261853Z 00000KT 10SM CLR 28/14 A2996 RMK AO2 SLP143 T02780144
SMF,2023-08-26 19:53,KSMF 261953Z 00000KT 10SM CLR 30/14 A2995 RMK AO2 SLP142 T03000144
SMF,2023-08-26 20:53,KSMF 262053Z 28005KT 10SM CLR 32/15 A2994 RMK AO2 SLP138 T03220150 58008
SMF,2023-08-26 21:53,KSMF 262153Z 19004KT 10SM CLR 34/09 A2992 RMK AO2 SLP132 T03390094
SMF,2023-08-26 22:53,KSMF 262253Z 24005KT 10SM CLR 34/08 A2990 RMK AO2 SLP126 T03440078
SMF,2023-08-26 23:53,KSMF 262353Z VRB04KT 10SM CLR 35/08 A2989 RMK AO2 SLP121 T03500083 10350 20250 56017
SMF,2023-08-27 00:53,KSMF 270053Z 20007KT 10SM CLR 34/10 A2989 RMK AO2 SLP120 T03440100
SMF,2023-08-27 01:53,KSMF 270153Z 19010KT 10SM CLR 32/11 A2989 RMK AO2 SLP121 T03220106
SMF,2023-08-27 02:53,KSMF 270253Z 18009KT 10SM CLR 30/14 A2990 RMK AO2 SLP124 T03000139 53002
SMF,2023-08-27 03:53,KSMF 270353Z 20008KT 10SM CLR 26/14 A2991 RMK AO2 SLP129 T02560144
SMF,2023-08-27 04:53,KSMF 270453Z 19007KT 10SM CLR 22/13 A2993 RMK AO2 SLP134 T02220133
SMF,2023-08-27 05:53,KSMF 270553Z 18006KT 10SM CLR 21/13 A2993 RMK AO2 SLP135 T02060128 10350 20206 51012
SMF,2023-08-27 06:53,KSMF 270653Z 15006KT 10SM CLR 20/12 A2994 RMK AO2 SLP137 T02000122
SMF,2023-08-27 07:53,KSMF 270753Z 15008KT 10SM CLR 19/12 A2995 RMK AO2 SLP140 T01890117 403500150
SMF,2023-08-27 08:53,KSMF 270853Z 15006KT 10SM CLR 18/12 A2995 RMK AO2 SLP142 T01830117 52007
SMF,2023-08-27 09:53,KSMF 270953Z 17007KT 10SM CLR 17/12 A2995 RMK AO2 SLP141 T01720117
SMF,2023-08-27 10:53,KSMF 271053Z 14007KT 10SM CLR 16/12 A2995 RMK AO2 SLP142 T01610117
SMF,2023-08-27 11:53,KSMF 271153Z 14007KT 10SM CLR 17/12 A2996 RMK AO2 SLP144 T01670122 10206 20161 53002
SMF,2023-08-27 12:53,KSMF 271253Z 15006KT 10SM CLR 16/12 A2997 RMK AO2 SLP147 T01560122
SMF,2023-08-27 13:53,KSMF 271353Z 00000KT 9SM CLR 15/12 A2998 RMK AO2 SLP152 T01500122
SMF,2023-08-27 14:53,KSMF 271453Z 14004KT 10SM CLR 17/13 A3000 RMK AO2 SLP158 T01670128 53015
SMF,2023-08-27 15:53,KSMF 271553Z 00000KT 10SM CLR 19/13 A3001 RMK AO2 SLP163 T01940133
SMF,2023-08-27 16:53,KSMF 271653Z 36003KT 10SM CLR 23/13 A3002 RMK AO2 SLP163 T02280128
SMF,2023-08-27 17:53,KSMF 271753Z VRB03KT 10SM CLR 26/13 A3001 RMK AO2 SLP162 T02560128 10256 20139 50004
SMF,2023-08-27 18:53,KSMF 271853Z 36003KT 10SM CLR 28/11 A3000 RMK AO2 SLP157 T02830111
SMF,2023-08-27 19:53,KSMF 271953Z 30007KT 10SM CLR 31/10 A2998 RMK AO2 SLP152 T03060100
SMF,2023-08-27 20:53,KSMF 272053Z 32006KT 10SM CLR 33/12 A2996 RMK AO2 SLP144 T03280122 58018
SMF,2023-08-27 21:53,KSMF 272153Z 32005KT 10SM CLR 34/11 A2994 RMK AO2 SLP139 T03390106
SMF,2023-08-27 22:53,KSMF 272253Z 26007KT 10SM CLR 34/06 A2993 RMK AO2 SLP134 T03390061
SMF,2023-08-27 23:53,KSMF 272353Z 00000KT 10SM CLR 34/06 A2991 RMK AO2 SLP129 T03440056 10344 20256 56016
SMF,2023-08-28 00:53,KSMF 280053Z 36005KT 10SM CLR 35/09 A2990 RMK AO2 SLP126 T03500089
SMF,2023-08-28 01:53,KSMF 280153Z 05003KT 10SM CLR 34/08 A2990 RMK AO2 SLP123 T03390083
SMF,2023-08-28 02:53,KSMF 280253Z 00000KT 10SM CLR 27/11 A2990 RMK AO2 SLP123 T02720111 56006
SMF,2023-08-28 03:53,KSMF 280353Z 17006KT 10SM CLR 26/14 A2991 RMK AO2 SLP129 T02610139
SMF,2023-08-28 04:53,KSMF 280453Z 19006KT 10SM CLR 24/12 A2992 RMK AO2 SLP131 T02390122
SMF,2023-08-28 05:53,KSMF 280553Z 17004KT 10SM CLR 22/12 A2992 RMK AO2 SLP130 T02220122 10356 20222 50007
SMF,2023-08-28 06:53,KSMF 280653Z 13006KT 10SM CLR 22/12 A2992 RMK AO2 SLP131 T02220122
SMF,2023-08-28 07:53,KSMF 280753Z 14005KT 10SM CLR 22/12 A2992 RMK AO2 SLP130 T02170122 403560139
SMF,2023-08-28 08:53,KSMF 280853Z 16005KT 10SM CLR 21/13 A2991 RMK AO2 SLP129 T02110128 58000
SMF,2023-08-28 09:53,KSMF 280953Z 15005KT 10SM CLR 19/13 A2992 RMK AO2 SLP130 T01940128
SMF,2023-08-28 10:53,KSMF 281053Z 20004KT 10SM CLR 19/12 A2992 RMK AO2 SLP132 T01890122
SMF,2023-08-28 11:53,KSMF 281153Z 20003KT 10SM CLR 18/12 A2992 RMK AO2 SLP131 T01780122 10222 20172 50002
SMF,2023-08-28 12:53,KSMF 281253Z 00000KT 10SM CLR 16/12 A2993 RMK AO2 SLP134 T01610117
SMF,2023-08-28 13:53,KSMF 281353Z 00000KT 10SM CLR 14/12 A2994 RMK AO2 SLP139 T01440117
SMF,2023-08-28 14:53,KSMF 281453Z 00000KT 10SM CLR 18/13 A2996 RMK AO2 SLP144 T01830133 53013
SMF,2023-08-28 15:53,KSMF 281553Z 01003KT 10SM CLR 22/13 A2997 RMK AO2 SLP147 T02220133
SMF,2023-08-28 16:53,KSMF 281653Z 00000KT 10SM CLR 26/14 A2997 RMK AO2 SLP149 T02560139
SMF,2023-08-28 17:53,KSMF 281753Z VRB03KT 10SM CLR 29/13 A2997 RMK AO2 SLP147 T02890133 10289 20144 50003
SMF,2023-08-28 18:53,KSMF 281853Z VRB04KT 10SM CLR 31/13 A2996 RMK AO2 SLP145 T03110128
SMF,2023-08-28 19:53,KSMF 281953Z 00000KT 10SM CLR 32/12 A2995 RMK AO2 SLP140 T03170117
SMF,2023-08-28 20:53,KSMF 282053Z VRB06KT 10SM CLR 34/12 A2993 RMK AO2 SLP135 T03390117 58013
SMF,2023-08-28 21:53,KSMF 282153Z 00000KT 10SM CLR 35/08 A2992 RMK AO2 SLP129 T03500078
SMF,2023-08-28 22:53,KSMF 282253Z 27003KT 10SM CLR 37/10 A2989 RMK AO2 SLP121 T03670100
SMF,2023-08-28 23:53,KSMF 282353Z 00000KT 10SM CLR 36/09 A2987 RMK AO2 SLP116 T03560089 10367 20289 58019
SMF,2023-08-29 00:53,KSMF 290053Z 18006KT 10SM CLR 36/09 A2987 RMK AO2 SLP113 T03610094
SMF,2023-08-29 01:53,KSMF 290153Z 19006KT 10SM CLR 34/10 A2986 RMK AO2 SLP109 T03440100
SMF,2023-08-29 02:53,KSMF 290253Z 18010KT 10SM CLR 31/13 A2986 RMK AO2 SLP109 T03060128 56007
SMF,2023-08-29 03:53,KSMF 290353Z 18008KT 10SM CLR 27/12 A2986 RMK AO2 SLP111 T02720122
SMF,2023-08-29 04:53,KSMF 290453Z 18008KT 10SM CLR 24/11 A2987 RMK AO2 SLP115 T02390111
SMF,2023-08-29 05:53,KSMF 290553Z 17008KT 10SM CLR 22/11 A2987 RMK AO2 SLP114 T02220106 10367 20222 50005
SMF,2023-08-29 06:53,KSMF 290653Z 14008KT 10SM CLR 22/11 A2987 RMK AO2 SLP114 T02220106
SMF,2023-08-29 07:53,KSMF 290753Z 15007KT 10SM CLR 22/11 A2988 RMK AO2 SLP117 T02170106 403670144
SMF,2023-08-29 08:53,KSMF 290853Z 16009KT 10SM CLR 21/11 A2987 RMK AO2 SLP116 T02060111 50002
SMF,2023-08-29 09:53,KSMF 290953Z 15010KT 10SM CLR 19/11 A2987 RMK AO2 SLP115 T01940111
SMF,2023-08-29 10:53,KSMF 291053Z 16008KT 10SM CLR 19/11 A2988 RMK AO2 SLP117 T01890111
SMF,2023-08-29 11:53,KSMF 291153Z 15007KT 10SM CLR 18/11 A2989 RMK AO2 SLP121 T01830111 10222 20178 53006
SMF,2023-08-29 12:53,KSMF 291253Z 20008KT 10SM CLR 17/11 A2990 RMK AO2 SLP126 T01670111
SMF,2023-08-29 13:53,KSMF 291353Z 16006KT 10SM CLR 17/12 A2992 RMK AO2 SLP130 T01720117
SMF,2023-08-29 14:53,KSMF 291453Z 16007KT 10SM CLR 18/12 A2994 RMK AO2 SLP138 T01830117 53017
SMF,2023-08-29 15:53,KSMF 291553Z VRB05KT 10SM CLR 21/12 A2995 RMK AO2 SLP141 T02060117
SMF,2023-08-29 16:53,KSMF 291653Z VRB03KT 10SM CLR 23/12 A2997 RMK AO2 SLP147 T02280122
SMF,2023-08-29 17:53,KSMF 291753Z 30005KT 10SM CLR 25/12 A2997 RMK AO2 SLP148 T02500117 10250 20167 51010
SMF,2023-08-29 18:53,KSMF 291853Z VRB05KT 10SM CLR 27/13 A2997 RMK AO2 SLP147 T02720128
SMF,2023-08-29 19:53,KSMF 291953Z 32007KT 10SM CLR 29/11 A2996 RMK AO2 SLP144 T02940111
SMF,2023-08-29 20:53,KSMF 292053Z 02007KT 10SM CLR 31/11 A2994 RMK AO2 SLP139 T03110111 58009
SMF,2023-08-29 21:53,KSMF 292153Z 34007KT 290V360 10SM CLR 33/12 A2992 RMK AO2 SLP132 T03280117
SMF,2023-08-29 22:53,KSMF 292253Z 32009KT 10SM CLR 33/12 A2990 RMK AO2 SLP123 T03330117
SMF,2023-08-29 23:53,KSMF 292353Z 34006KT 10SM CLR 34/12 A2988 RMK AO2 SLP118 T03440122 10344 20250 56022
SMF,2023-08-30 00:53,KSMF 300053Z 33006KT 9SM CLR 34/08 A2987 RMK AO2 SLP116 T03390083
SMF,2023-08-30 01:53,KSMF 300153Z 34006KT 7SM CLR 32/11 A2986 RMK AO2 SLP112 T03220106
SMF,2023-08-30 02:53,KSMF 300253Z 32004KT 7SM CLR 27/12 A2986 RMK AO2 SLP110 T02670122 56007
SMF,2023-08-30 03:53,KSMF 300353Z 31005KT 8SM CLR 24/11 A2987 RMK AO2 SLP113 T02440111
SMF,2023-08-30 04:53,KSMF 300453Z 29003KT 7SM CLR 24/12 A2988 RMK AO2 SLP116 T02390122
SMF,2023-08-30 05:53,KSMF 300553Z 29003KT 7SM CLR 22/13 A2987 RMK AO2 SLP115 T02170128 10344 20211 50004
SMF,2023-08-30 06:53,KSMF 300653Z 32003KT 7SM CLR 22/12 A2987 RMK AO2 SLP115 T02220122
SMF,2023-08-30 07:53,KSMF 300753Z 32004KT 7SM CLR 21/12 A2987 RMK AO2 SLP114 T02110122 403440167
SMF,2023-08-30 08:53,KSMF 300853Z 32003KT 7SM CLR 20/12 A2987 RMK AO2 SLP114 T02000117 57000
SMF,2023-08-30 09:53,KSMF 300953Z 29003KT 6SM HZ CLR 19/10 A2987 RMK AO2 SLP113 T01890100
SMF,2023-08-30 10:53,KSMF 301053Z 33003KT 6SM HZ CLR 19/10 A2986 RMK AO2 SLP111 T01890100
SMF,2023-08-30 11:53,KSMF 301153Z 32008KT 5SM HZ CLR 20/10 A2986 RMK AO2 SLP111 T02000100 10222 20183 57004
SMF,2023-08-30 12:53,KSMF 301253Z 33007KT 5SM HZ CLR 17/10 A2986 RMK AO2 SLP111 T01720100
SMF,2023-08-30 13:53,KSMF 301353Z 32006KT 5SM HZ CLR 18/10 A2987 RMK AO2 SLP116 T01780100
SMF,2023-08-30 14:53,KSMF 301453Z 32005KT 5SM HZ CLR 21/11 A2989 RMK AO2 SLP121 T02060106 53011
SMF,2023-08-30 15:53,KSMF 301553Z 32008KT 4SM HZ CLR 23/11 A2990 RMK AO2 SLP124 T02330106
SMF,2023-08-30 16:53,KSMF 301653Z 36009KT 6SM HZ CLR 26/09 A2990 RMK AO2 SLP123 T02610094
SMF,2023-08-30 17:53,KSMF 301753Z 32007KT 300V360 8SM CLR 28/09 A2989 RMK AO2 SLP121 T02780094 10278 20172 58000
SMF,2023-08-30 18:53,KSMF 301853Z 33008KT 9SM CLR 30/10 A2987 RMK AO2 SLP115 T03000100
SMF,2023-08-30 19:53,KSMF 301953Z 34006KT 10SM CLR 31/09 A2985 RMK AO2 SLP108 T03110094
SMF,2023-08-30 20:53,KSMF 302053Z VRB04KT 10SM CLR 33/11 A2983 RMK AO2 SLP101 T03280111 58021
SMF,2023-08-30 21:53,KSMF 302153Z VRB05KT 10SM CLR 34/08 A2980 RMK AO2 SLP091 T03390083
SMF,2023-08-30 22:53,KSMF 302253Z 01006KT 10SM CLR 35/08 A2978 RMK AO2 SLP083 T03500083
SMF,2023-08-30 23:53,KSMF 302353Z 36005KT 10SM CLR 36/08 A2975 RMK AO2 SLP075 T03560083 10356 20278 56025
SMF,2023-08-31 00:53,KSMF 310053Z 04003KT 10SM CLR 35/09 A2974 RMK AO2 SLP069 T03500094
SMF,2023-08-31 01:53,KSMF 310153Z 02003KT 10SM CLR 34/11 A2972 RMK AO2 SLP065 T03390106
SMF,2023-08-31 02:53,KSMF 310253Z 34003KT 10SM CLR 28/14 A2972 RMK AO2 SLP063 T02780139 56012
SMF,2023-08-31 03:53,KSMF 310353Z 19003KT 10SM CLR 25/13 A2974 RMK AO2 SLP069 T02500128
SMF,2023-08-31 04:53,KSMF 310453Z 00000KT 10SM CLR 24/13 A2974 RMK AO2 SLP069 T02440128
SMF,2023-08-31 05:53,KSMF 310553Z 00000KT 10SM CLR 23/12 A2973 RMK AO2 SLP067 T02280122 10356 20222 50004
SMF,2023-08-31 06:53,KSMF 310653Z 10004KT 10SM CLR 22/13 A2973 RMK AO2 SLP067 T02220133
SMF,2023-08-31 07:53,KSMF 310753Z 12006KT 10SM CLR 24/11 A2973 RMK AO2 SLP066 T02390111 403560172
SMF,2023-08-31 08:53,KSMF 310853Z 14005KT 10SM CLR 23/11 A2972 RMK AO2 SLP064 T02280111 58003
SMF,2023-08-31 09:53,KSMF 310953Z 13005KT 10SM CLR 23/10 A2971 RMK AO2 SLP061 T02280100
SMF,2023-08-31 10:53,KSMF 311053Z 15007KT 10SM CLR 23/09 A2971 RMK AO2 SLP059 T02280089
SMF,2023-08-31 11:53,KSMF 311153Z 15006KT 10SM CLR 23/09 A2971 RMK AO2 SLP059 T02330094 10250 20211 56005
SMF,2023-08-31 12:53,KSMF 311253Z 24004KT 10SM CLR 18/09 A2971 RMK AO2 SLP061 T01830094
SMF,2023-08-31 13:53,KSMF 311353Z 27004KT 10SM CLR 17/11 A2972 RMK AO2 SLP065 T01720111
SMF,2023-08-31 14:53,KSMF 311453Z 11005KT 10SM CLR 21/12 A2973 RMK AO2 SLP066 T02060117 51007
SMF,2023-08-31 15:53,KSMF 311553Z 15005KT 10SM CLR 23/12 A2973 RMK AO2 SLP066 T02330122
SMF,2023-08-31 16:53,KSMF 311653Z 15005KT 10SM CLR 27/13 A2973 RMK AO2 SLP068 T02670128
SMF,2023-08-31 17:53,KSMF 311753Z 21006KT 10SM CLR 29/13 A2973 RMK AO2 SLP068 T02890133 10289 20167 53003
SMF,2023-08-31 18:53,KSMF 311853Z 24008KT 10SM CLR 31/11 A2972 RMK AO2 SLP063 T03110111
SMF,2023-08-31 19:53,KSMF 311953Z VRB05KT 10SM FEW250 32/10 A2969 RMK AO2 SLP054 T03220100
SMF,2023-08-31 20:53,KSMF 312053Z 20010KT 10SM SCT250 34/11 A2967 RMK AO2 SLP048 T03390111 58020
SMF,2023-08-31 21:53,KSMF 312153Z 21009KT 8SM SCT250 34/11 A2965 RMK AO2 SLP040 T03390111
SMF,2023-08-31 22:53,KSMF 312253Z 22010KT 9SM SCT250 34/11 A2963 RMK AO2 SLP034 T03390106
SMF,2023-08-31 23:53,KSMF 312353Z 22012KT 9SM SCT150 BKN220 32/11 A2963 RMK AO2 SLP032 T03220111 10344 20289 56017
