station,valid,vsby,skyl1,metar
SRQ,2023-05-31 00:53,10.00,7500.00,KSRQ 310053Z 36005KT 10SM FEW075 BKN100 27/19 A2986 RMK AO2 SLP111 T02720189
SRQ,2023-05-31 01:53,10.00,M,KSRQ 310153Z 04005KT 10SM CLR 27/19 A2986 RMK AO2 SLP109 T02670194
SRQ,2023-05-31 02:53,10.00,M,KSRQ 310253Z 11004KT 10SM CLR 26/19 A2988 RMK AO2 SLP116 T02610189 53010
SRQ,2023-05-31 03:53,10.00,M,KSRQ 310353Z 10010KT 10SM CLR 26/18 A2987 RMK AO2 SLP115 T02610183
SRQ,2023-05-31 04:53,10.00,M,KSRQ 310453Z 11009KT 10SM CLR 26/19 A2987 RMK AO2 SLP116 T02560194 403280217
SRQ,2023-05-31 05:53,10.00,M,KSRQ 310553Z AUTO 12004KT 10SM CLR 24/19 A2986 RMK AO2 SLP112 T02440194 10278 20244 58004
SRQ,2023-05-31 06:53,10.00,M,KSRQ 310653Z AUTO 11005KT 10SM CLR 24/19 A2987 RMK AO2 SLP113 T02390194
SRQ,2023-05-31 07:53,10.00,7000.00,KSRQ 310753Z AUTO 08006KT 10SM FEW070 23/19 A2985 RMK AO2 SLP106 T02330194
SRQ,2023-05-31 08:53,10.00,7000.00,KSRQ 310853Z AUTO 08006KT 10SM OVC070 23/19 A2985 RMK AO2 SLP107 T02330194 55005
SRQ,2023-05-31 09:53,10.00,M,KSRQ 310953Z AUTO 08006KT 10SM CLR 23/19 A2985 RMK AO2 SLP109 T02330194
SRQ,2023-05-31 10:53,10.00,6000.00,KSRQ 311053Z 09008KT 10SM FEW060 23/19 A2987 RMK AO2 SLP112 T02330194
SRQ,2023-05-31 11:53,10.00,M,KSRQ 311153Z 10009KT 10SM CLR 25/20 A2988 RMK AO2 SLP116 T02500200 10250 20228 53009
SRQ,2023-05-31 12:53,10.00,M,KSRQ 311253Z 09007KT 10SM CLR 26/20 A2988 RMK AO2 SLP118 T02560200
SRQ,2023-05-31 13:53,10.00,M,KSRQ 311353Z 09007KT 10SM CLR 27/21 A2988 RMK AO2 SLP119 T02720211
SRQ,2023-05-31 14:53,10.00,2500.00,KSRQ 311453Z 11010G15KT 10SM SCT025 29/21 A2988 RMK AO2 SLP117 T02890211 50001
SRQ,2023-05-31 15:53,10.00,3200.00,KSRQ 311553Z 10SM SCT032 SCT070 31/22 A2987 RMK AO2 SLP115 T03060217
SRQ,2023-05-31 16:53,10.00,3800.00,KSRQ 311653Z 12013G22KT 10SM BKN038 31/21 A2986 RMK AO2 SLP112 T03110206
SRQ,2023-05-31 17:53,10.00,4300.00,KSRQ 311753Z 10SM SCT043 SCT070 SCT080 31/21 A2984 RMK AO2 LTG DSNT NW SLP105 T03110206 10328 20250 58012
SRQ,2023-05-31 18:53,10.00,3700.00,KSRQ 311853Z 08012G19KT 10SM -TSRA FEW037 BKN090 OVC110 26/22 A2986 RMK AO2 LTG DSNT NW-E RAB04 TSB34 SLP111 P0006 T02560217
SRQ,2023-05-31 19:53,7.00,2100.00,KSRQ 311953Z 07009KT 7SM VCTS FEW021 BKN037 OVC047 23/20 A2985 RMK AO2 PK WND 17045/1921 WSHFT 1906 LTG DSNT ALQDS RAE47 TSE44 SLP109 P0149 T02330200
SRQ,2023-05-31 20:53,10.00,3400.00,KSRQ 312053Z 02007KT 10SM FEW034 BKN050 BKN075 23/21 A2989 RMK AO2 LTG DSNT N-SE RAB12E40 SLP119 P0004 60159 T02280206 53015
SRQ,2023-05-31 21:53,10.00,7000.00,KSRQ 312153Z 08006KT 10SM SCT070 22/20 A2988 RMK AO2 LTG DSNT N AND E SLP118 T02220200
SRQ,2023-05-31 22:53,10.00,8500.00,KSRQ 312253Z 07006KT 10SM FEW085 SCT110 22/20 A2985 RMK AO2 SLP108 T02220200
SRQ,2023-05-31 23:53,10.00,11000.00,KSRQ 312353Z 06006KT 10SM FEW110 22/20 A2988 RMK AO2 RAB01E36 SLP116 P0002 60161 T02220200 10317 20217 55003
SRQ,2023-06-01 00:53,10.00,11000.00,KSRQ 010053Z 09009KT 10SM FEW110 22/21 A2987 RMK AO2 SLP113 T02220206
SRQ,2023-06-01 01:53,10.00,2200.00,KSRQ 010153Z 10007KT 10SM BKN022 22/21 A2987 RMK AO2 SLP114 T02220206
SRQ,2023-06-01 02:01,10.00,2100.00,KSRQ 010201Z 11010KT 10SM SCT021 22/21 A2987 RMK AO2 T02220206
SRQ,2023-06-01 03:53,10.00,M,KSRQ 010353Z AUTO 10008KT 10SM CLR 22/20 A2986 RMK AO2 SLP111 T02170200
SRQ,2023-06-01 04:53,10.00,M,KSRQ 010453Z AUTO 09006KT 10SM CLR 22/20 A2985 RMK AO2 SLP107 T02170200 403280217
SRQ,2023-06-01 05:53,10.00,M,KSRQ 010553Z AUTO 09006KT 10SM CLR 22/20 A2983 RMK AO2 SLP100 T02170200 10228 20217 58014
SRQ,2023-06-01 06:53,10.00,M,KSRQ 010653Z AUTO 09006KT 10SM CLR 22/20 A2982 RMK AO2 SLP098 T02170200
SRQ,2023-06-01 07:53,10.00,500.00,KSRQ 010753Z AUTO 08006KT 10SM BKN005 21/20 A2982 RMK AO2 SLP097 T02110200
SRQ,2023-06-01 08:53,10.00,500.00,KSRQ 010853Z AUTO 08006KT 10SM FEW005 22/21 A2982 RMK AO2 SLP096 T02170206 56003
SRQ,2023-06-01 09:53,10.00,1600.00,KSRQ 010953Z AUTO 09007KT 10SM FEW016 22/21 A2982 RMK AO2 SLP097 T02170206
SRQ,2023-06-01 10:53,10.00,2000.00,KSRQ 011053Z 08006KT 10SM FEW020 22/21 A2983 RMK AO2 SLP102 T02220211
SRQ,2023-06-01 11:53,10.00,M,KSRQ 011153Z 08006KT 10SM CLR 23/22 A2985 RMK AO2 SLP107 70161 T02330217 10233 20211 53010
SRQ,2023-06-01 12:53,10.00,800.00,KSRQ 011253Z 08006KT 10SM FEW008 SCT032 BKN040 24/22 A2986 RMK AO2 SLP112 T02440222
SRQ,2023-06-01 13:53,10.00,1100.00,KSRQ 011353Z 10008KT 10SM SCT011 26/22 A2987 RMK AO2 SLP113 T02610222
SRQ,2023-06-01 14:53,10.00,2000.00,KSRQ 011453Z 09008KT 10SM FEW020 FEW042 28/23 A2987 RMK AO2 SLP113 T02830228 51006
SRQ,2023-06-01 15:53,10.00,2900.00,KSRQ 011553Z 07006KT 10SM SCT029 SCT036 29/21 A2986 RMK AO2 SLP110 T02940211
SRQ,2023-06-01 16:53,10.00,3300.00,KSRQ 011653Z 10011KT 10SM SCT033 BKN042 BKN085 30/21 A2985 RMK AO2 SLP107 T03000211
SRQ,2023-06-01 17:53,10.00,4100.00,KSRQ 011753Z 27007KT 10SM SCT041 31/21 A2984 RMK AO2 SLP103 T03060211 10311 20233 56007
SRQ,2023-06-01 18:53,10.00,2200.00,KSRQ 011853Z 14004KT 10SM TS FEW022 OVC030 28/20 A2983 RMK AO2 LTG DSNT E AND SE TSB28B53 SLP099 T02780200
SRQ,2023-06-01 19:53,10.00,M,KSRQ 011953Z 24006KT 10SM CLR 29/22 A2981 RMK AO2 LTG DSNT NE-SE TSE08 SLP095 T02890222
SRQ,2023-06-01 20:53,10.00,2800.00,KSRQ 012053Z 10SM SCT028 29/21 A2979 RMK AO2 LTG DSNT N AND NE SLP088 T02940211 58012
SRQ,2023-06-01 21:53,10.00,M,KSRQ 012153Z 25005KT 10SM CLR 28/22 A2980 RMK AO2 LTG DSNT N SLP091 T02830217
SRQ,2023-06-01 22:53,10.00,M,KSRQ 012253Z 26005KT 10SM CLR 28/22 A2980 RMK AO2 SLP091 T02830217
SRQ,2023-06-01 23:53,6.00,3100.00,KSRQ 012353Z 04008KT 6SM -RA OVC031 25/20 A2983 RMK AO2 RAB51 SLP101 P0004 60004 T02500200 10306 20250 53012
SRQ,2023-06-02 00:53,10.00,6500.00,KSRQ 020053Z 07005KT 10SM BKN065 23/21 A2983 RMK AO2 RAE53 SLP099 P0008 T02280211
SRQ,2023-06-02 01:53,10.00,M,KSRQ 020153Z 08006KT 10SM CLR 23/22 A2983 RMK AO2 SLP100 T02330217
SRQ,2023-06-02 02:53,10.00,M,KSRQ 020253Z 12007KT 10SM CLR 23/22 A2983 RMK AO2 SLP101 60008 T02330217 55000
SRQ,2023-06-02 03:53,10.00,M,KSRQ 020353Z 12006KT 10SM CLR 23/21 A2982 RMK AO2 SLP097 T02280211
SRQ,2023-06-02 04:53,10.00,M,KSRQ 020453Z AUTO 09006KT 10SM CLR 23/21 A2981 RMK AO2 SLP095 T02280206 403110211
SRQ,2023-06-02 05:53,10.00,M,KSRQ 020553Z AUTO 06004KT 10SM CLR 22/21 A2980 RMK AO2 SLP090 60008 T02220206 10250 20222 58010
SRQ,2023-06-02 06:53,10.00,M,KSRQ 020653Z AUTO 08006KT 10SM CLR 22/21 A2978 RMK AO2 SLP085 T02220206
SRQ,2023-06-02 07:53,10.00,M,KSRQ 020753Z AUTO 06004KT 10SM CLR 22/21 A2977 RMK AO2 SLP081 T02220206
SRQ,2023-06-02 08:53,10.00,1700.00,KSRQ 020853Z AUTO 08005KT 10SM FEW017 22/21 A2977 RMK AO2 SLP079 T02220211 56011
SRQ,2023-06-02 09:53,10.00,M,KSRQ 020953Z AUTO 08004KT 10SM CLR 22/21 A2977 RMK AO2 SLP081 T02220211
SRQ,2023-06-02 10:53,10.00,600.00,KSRQ 021053Z 08008KT 10SM SCT006 22/21 A2978 RMK AO2 SLP084 T02220211
SRQ,2023-06-02 11:53,10.00,600.00,KSRQ 021153Z 07008KT 10SM SCT006 23/22 A2978 RMK AO2 SLP084 70012 T02330217 10233 20222 50005
SRQ,2023-06-02 12:53,10.00,M,KSRQ 021253Z 08009KT 10SM CLR 26/23 A2979 RMK AO2 SLP088 T02560228
SRQ,2023-06-02 13:53,10.00,1600.00,KSRQ 021353Z 11010KT 10SM SCT016 27/22 A2978 RMK AO2 SLP083 T02670222
SRQ,2023-06-02 14:53,10.00,2300.00,KSRQ 021453Z 09010KT 10SM FEW023 28/22 A2978 RMK AO2 SLP082 T02830222 58002
SRQ,2023-06-02 15:53,10.00,3000.00,KSRQ 021553Z 09010KT 10SM FEW030 BKN095 29/21 A2976 RMK AO2 SLP078 T02940211
SRQ,2023-06-02 16:53,10.00,3500.00,KSRQ 021653Z 08008KT 10SM FEW035 BKN047 BKN060 30/21 A2974 RMK AO2 LTG DSNT NW SLP071 T03000206
SRQ,2023-06-02 17:53,10.00,4200.00,KSRQ 021753Z 13006KT 10SM VCTS FEW042 SCT070 BKN085 31/21 A2973 RMK AO2 LTG DSNT S AND NW SLP065 T03060206 10311 20233 58017
SRQ,2023-06-02 18:53,2.00,3400.00,KSRQ 021853Z 01006KT 2SM TSRA BR SCT034 OVC090 24/22 A2973 RMK AO2 LTG DSNT ALQDS RAB17 TSB1759E14B15 SLP067 P0022 T02390217
SRQ,2023-06-02 19:53,7.00,9000.00,KSRQ 021953Z 08010KT 7SM -RA SCT090 BKN110 22/21 A2971 RMK AO2 LTG DSNT N-SE TSE08B11E26 SLP060 P0015 T02220206
SRQ,2023-06-02 20:53,10.00,M,KSRQ 022053Z 05007KT 10SM CLR 23/21 A2968 RMK AO2 LTG DSNT N-E RAE15 SLP050 P0001 60038 T02330206 58015
SRQ,2023-06-02 21:53,10.00,4600.00,KSRQ 022153Z 06007KT 10SM SCT046 26/19 A2970 RMK AO2 SLP057 T02560194
SRQ,2023-06-02 22:53,10.00,9000.00,KSRQ 022253Z 09009KT 10SM SCT090 BKN110 25/20 A2971 RMK AO2 SLP058 T02500200
SRQ,2023-06-02 23:53,10.00,6500.00,KSRQ 022353Z 08007KT 10SM FEW065 24/22 A2972 RMK AO2 SLP062 60038 T02440217 10300 20222 51012
SRQ,2023-06-03 00:53,10.00,M,KSRQ 030053Z AUTO 10SM CLR 24/21 A2972 RMK AO2 SLP062 T02390206
SRQ,2023-06-03 01:53,10.00,M,KSRQ 030153Z 08010KT 10SM CLR 23/21 A2973 RMK AO2 SLP066 T02280206
SRQ,2023-06-03 02:53,10.00,M,KSRQ 030253Z 07006KT 10SM CLR 22/21 A2972 RMK AO2 SLP064 T02220206 50002
SRQ,2023-06-03 03:53,10.00,M,KSRQ 030353Z AUTO 07006KT 10SM CLR 22/21 A2973 RMK AO2 SLP066 T02220206
SRQ,2023-06-03 04:53,10.00,M,KSRQ 030453Z AUTO 05006KT 10SM CLR 22/21 A2972 RMK AO2 SLP063 T02220206 403110217
SRQ,2023-06-03 05:53,10.00,M,KSRQ 030553Z AUTO 08005KT 10SM CLR 22/20 A2970 RMK AO2 SLP057 T02170200 10244 20217 58007
SRQ,2023-06-03 06:53,10.00,5000.00,KSRQ 030653Z AUTO 08005KT 10SM FEW050 22/19 A2968 RMK AO2 SLP051 T02170194
SRQ,2023-06-03 07:53,10.00,5000.00,KSRQ 030753Z AUTO 04005KT 10SM FEW050 22/19 A2968 RMK AO2 SLP049 T02170194
SRQ,2023-06-03 08:53,10.00,M,KSRQ 030853Z AUTO 06006KT 10SM CLR 22/20 A2967 RMK AO2 SLP047 T02170200 56009
SRQ,2023-06-03 09:53,10.00,8000.00,KSRQ 030953Z AUTO 04005KT 10SM FEW080 22/21 A2969 RMK AO2 SLP051 T02220206
SRQ,2023-06-03 10:53,10.00,M,KSRQ 031053Z 06006KT 10SM CLR 22/21 A2970 RMK AO2 SLP055 T02220206
SRQ,2023-06-03 11:53,10.00,M,KSRQ 031153Z 04008KT 10SM CLR 22/21 A2970 RMK AO2 SLP056 70038 T02220206 10222 20217 51009
SRQ,2023-06-03 12:53,10.00,M,KSRQ 031253Z 05008KT 10SM CLR 24/22 A2969 RMK AO2 SLP054 T02390217
SRQ,2023-06-03 13:53,10.00,M,KSRQ 031353Z 06008KT 10SM CLR 26/22 A2970 RMK AO2 SLP057 T02610217
SRQ,2023-06-03 14:53,10.00,M,KSRQ 031453Z 10007KT 10SM CLR 27/21 A2972 RMK AO2 SLP062 T02720211 53006
SRQ,2023-06-03 15:53,10.00,M,KSRQ 031553Z 07003KT 10SM CLR 29/20 A2972 RMK AO2 SLP062 T02890200
SRQ,2023-06-03 16:53,10.00,3400.00,KSRQ 031653Z 34005KT 10SM BKN034 BKN043 29/21 A2970 RMK AO2 SLP057 T02890206
SRQ,2023-06-03 17:53,10.00,3900.00,KSRQ 031753Z 28012KT 10SM FEW039 SCT048 30/22 A2968 RMK AO2 LTG DSNT SE SLP048 T03000217 10300 20222 58014
SRQ,2023-06-03 18:53,10.00,3700.00,KSRQ 031853Z 29011G19KT 10SM BKN037 BKN048 31/21 A2967 RMK AO2 LTG DSNT SE SLP046 T03060206
SRQ,2023-06-03 19:53,10.00,M,KSRQ 031953Z 33007KT 10SM CLR 31/20 A2965 RMK AO2 LTG DSNT E SLP041 T03110200
SRQ,2023-06-03 20:53,10.00,M,KSRQ 032053Z 30012KT 10SM CLR 30/22 A2965 RMK AO2 SLP040 T03000217 56008
SRQ,2023-06-03 21:53,10.00,M,KSRQ 032153Z 32010KT 10SM CLR 29/21 A2964 RMK AO2 LTG DSNT E SLP037 T02940211
SRQ,2023-06-03 22:53,10.00,M,KSRQ 032253Z 34008KT 10SM CLR 29/21 A2964 RMK AO2 LTG DSNT NE AND E SLP037 T02890211
SRQ,2023-06-03 23:53,10.00,M,KSRQ 032353Z 31010KT 10SM CLR 28/21 A2967 RMK AO2 LTG DSNT NE AND SE SLP045 T02780206 10311 20278 53005
SRQ,2023-06-04 00:53,10.00,3400.00,KSRQ 040053Z 11003KT 10SM OVC034 26/21 A2968 RMK AO2 LTG DSNT E SLP049 T02610206
SRQ,2023-06-04 01:53,10.00,M,KSRQ 040153Z 08008KT 10SM CLR 24/20 A2969 RMK AO2 SLP053 T02440200
SRQ,2023-06-04 02:53,10.00,M,KSRQ 040253Z 08009KT 10SM CLR 24/21 A2970 RMK AO2 SLP055 T02390206 51010
SRQ,2023-06-04 03:53,10.00,M,KSRQ 040353Z AUTO 00000KT 10SM CLR 23/20 A2967 RMK AO2 SLP047 T02330200
SRQ,2023-06-04 04:53,10.00,M,KSRQ 040453Z AUTO 06006KT 10SM CLR 23/20 A2968 RMK AO2 SLP051 T02280200 403110217
SRQ,2023-06-04 05:53,10.00,M,KSRQ 040553Z AUTO 08005KT 10SM CLR 22/19 A2969 RMK AO2 SLP052 T02220194 10278 20222 55003
SRQ,2023-06-04 06:53,10.00,M,KSRQ 040653Z AUTO 06004KT 10SM CLR 22/19 A2968 RMK AO2 SLP051 T02220189
SRQ,2023-06-04 07:53,10.00,4100.00,KSRQ 040753Z AUTO 06004KT 10SM OVC041 22/19 A2968 RMK AO2 SLP050 T02220194
SRQ,2023-06-04 08:53,10.00,M,KSRQ 040853Z AUTO 08005KT 10SM CLR 22/20 A2968 RMK AO2 SLP048 T02170200 58003
SRQ,2023-06-04 09:53,10.00,M,KSRQ 040953Z AUTO 02003KT 10SM CLR 22/19 A2967 RMK AO2 SLP048 T02170194
SRQ,2023-06-04 10:53,10.00,M,KSRQ 041053Z 03006KT 10SM CLR 22/20 A2967 RMK AO2 SLP045 T02170200
SRQ,2023-06-04 11:53,10.00,M,KSRQ 041153Z 02007KT 10SM CLR 23/21 A2970 RMK AO2 SLP056 T02330211 10233 20211 53007
SRQ,2023-06-04 12:53,10.00,800.00,KSRQ 041253Z 05011KT 10SM BKN008 BKN045 26/22 A2971 RMK AO2 SLP060 T02560217
SRQ,2023-06-04 13:53,10.00,800.00,KSRQ 041353Z 03009KT 10SM BKN008 BKN045 25/22 A2972 RMK AO2 SLP063 T02500217
SRQ,2023-06-04 14:53,10.00,M,KSRQ 041453Z 07008KT 10SM CLR 27/22 A2972 RMK AO2 SLP063 T02720217 50007
SRQ,2023-06-04 15:53,10.00,1900.00,KSRQ 041553Z 07010G16KT 10SM BKN019 28/21 A2973 RMK AO2 SLP066 T02830206
SRQ,2023-06-04 16:53,10.00,1900.00,KSRQ 041653Z 05006KT 10SM BKN019 31/21 A2972 RMK AO2 SLP063 T03060206
SRQ,2023-06-04 17:53,10.00,4300.00,KSRQ 041753Z VRB03KT 10SM SCT043 31/19 A2971 RMK AO2 SLP061 T03060194 10317 20233 58001
SRQ,2023-06-04 18:53,10.00,4500.00,KSRQ 041853Z VRB06KT 10SM SCT045 BKN060 32/20 A2970 RMK AO2 SLP056 T03170200
SRQ,2023-06-04 19:53,10.00,4700.00,KSRQ 041953Z 34010G18KT 10SM FEW047 32/20 A2969 RMK AO2 LTG DSNT NE SLP052 T03220200
SRQ,2023-06-04 20:53,10.00,M,KSRQ 042053Z 34008KT 290V020 10SM CLR 31/22 A2967 RMK AO2 SLP047 T03060217 56015
SRQ,2023-06-04 21:53,10.00,M,KSRQ 042153Z 31013KT 10SM CLR 29/22 A2969 RMK AO2 SLP052 T02940222
SRQ,2023-06-04 22:53,10.00,M,KSRQ 042253Z 32017G24KT 10SM CLR 28/22 A2969 RMK AO2 LTG DSNT NE AND SE SLP054 T02830222
SRQ,2023-06-04 23:53,10.00,2400.00,KSRQ 042353Z 02014G22KT 10SM FEW024 FEW038 SCT048 26/18 A2973 RMK AO2 PK WND 01028/2330 LTG DSNT E SLP068 T02560183 10322 20256 53021
SRQ,2023-06-05 00:53,10.00,200.00,KSRQ 050053Z 05007KT 10SM FEW002 BKN060 24/18 A2976 RMK AO2 SLP075 T02440183
SRQ,2023-06-05 01:53,10.00,M,KSRQ 050153Z 08006KT 10SM CLR 23/19 A2976 RMK AO2 SLP078 T02330189
SRQ,2023-06-05 02:53,10.00,M,KSRQ 050253Z 09006KT 10SM CLR 23/19 A2977 RMK AO2 SLP080 T02280194 53006
SRQ,2023-06-05 03:53,10.00,M,KSRQ 050353Z 05004KT 10SM CLR 23/20 A2978 RMK AO2 SLP083 T02280200
SRQ,2023-06-05 04:53,10.00,M,KSRQ 050453Z 02005KT 10SM CLR 22/20 A2979 RMK AO2 SLP085 T02220200 403220211
SRQ,2023-06-05 05:53,10.00,M,KSRQ 050553Z AUTO 03007KT 10SM CLR 23/20 A2978 RMK AO2 SLP082 T02280200 10256 20222 50002
SRQ,2023-06-05 06:53,10.00,M,KSRQ 050653Z AUTO 03006KT 10SM CLR 22/20 A2976 RMK AO2 SLP078 T02220200
SRQ,2023-06-05 07:53,10.00,M,KSRQ 050753Z AUTO 03006KT 10SM CLR 22/19 A2978 RMK AO2 SLP083 T02220194
SRQ,2023-06-05 08:53,10.00,M,KSRQ 050853Z AUTO 02004KT 10SM CLR 22/19 A2980 RMK AO2 SLP089 T02170194 53007
SRQ,2023-06-05 09:53,10.00,M,KSRQ 050953Z 02006KT 10SM CLR 22/20 A2981 RMK AO2 SLP094 T02170200
SRQ,2023-06-05 10:53,10.00,M,KSRQ 051053Z 03007KT 10SM CLR 22/20 A2982 RMK AO2 SLP098 T02220200
SRQ,2023-06-05 11:53,10.00,M,KSRQ 051153Z 05008G17KT 10SM CLR 23/20 A2984 RMK AO2 SLP104 T02280200 10228 20217 53015
SRQ,2023-06-05 12:53,10.00,M,KSRQ 051253Z 05009G15KT 10SM CLR 25/21 A2986 RMK AO2 SLP109 T02500206
SRQ,2023-06-05 13:53,10.00,M,KSRQ 051353Z 06009KT 10SM CLR 26/21 A2986 RMK AO2 SLP112 T02610206
SRQ,2023-06-05 14:53,10.00,M,KSRQ 051453Z 11006KT 10SM CLR 28/21 A2987 RMK AO2 SLP115 T02780206 51011
SRQ,2023-06-05 15:53,10.00,2900.00,KSRQ 051553Z 07006KT 10SM SCT029 BKN038 BKN050 28/21 A2988 RMK AO2 SLP117 T02830206
SRQ,2023-06-05 16:53,10.00,3500.00,KSRQ 051653Z 06007G15KT 10SM FEW035 FEW065 30/21 A2987 RMK AO2 SLP113 T03000206
SRQ,2023-06-05 17:53,10.00,3500.00,KSRQ 051753Z 07008KT 10SM FEW035 SCT045 BKN100 31/21 A2986 RMK AO2 SLP110 T03060206 10306 20228 58005
SRQ,2023-06-05 18:53,10.00,4300.00,KSRQ 051853Z 09010KT 10SM FEW043 SCT060 BKN070 31/20 A2984 RMK AO2 SLP104 T03060200
SRQ,2023-06-05 19:53,9.00,4600.00,KSRQ 051953Z 07008KT 9SM -RA FEW046 SCT060 BKN070 28/21 A2984 RMK AO2 RAB40 SLP104 P0002 T02780211
SRQ,2023-06-05 20:53,10.00,M,KSRQ 052053Z 08011KT 10SM CLR 31/20 A2982 RMK AO2 RAE14 SLP099 P0001 60003 T03060200 56012
SRQ,2023-06-05 21:53,10.00,6000.00,KSRQ 052153Z 08012KT 10SM SCT060 31/18 A2983 RMK AO2 SLP101 T03110178
SRQ,2023-06-05 22:53,10.00,6500.00,KSRQ 052253Z 08006KT 10SM BKN065 OVC085 29/17 A2984 RMK AO2 SLP102 T02940172
SRQ,2023-06-05 23:53,10.00,5500.00,KSRQ 052353Z 19005KT 10SM OVC055 28/21 A2985 RMK AO2 SLP108 60003 T02830211 10322 20272 53009
SRQ,2023-06-06 00:53,10.00,6000.00,KSRQ 060053Z 09006KT 10SM FEW060 SCT075 27/18 A2987 RMK AO2 SLP113 T02720178
SRQ,2023-06-06 01:53,10.00,M,KSRQ 060153Z 11009KT 10SM CLR 27/17 A2988 RMK AO2 SLP118 T02670167
SRQ,2023-06-06 02:53,10.00,M,KSRQ 060253Z 11011KT 10SM CLR 26/17 A2991 RMK AO2 SLP128 T02560172 53020
SRQ,2023-06-06 03:53,10.00,M,KSRQ 060353Z AUTO 10009KT 10SM CLR 24/18 A2992 RMK AO2 SLP132 T02440178
SRQ,2023-06-06 04:53,10.00,M,KSRQ 060453Z AUTO 11007KT 10SM CLR 24/18 A2992 RMK AO2 SLP132 T02390178 403220217
SRQ,2023-06-06 05:53,10.00,M,KSRQ 060553Z AUTO 11005KT 10SM CLR 23/18 A2992 RMK AO2 SLP131 T02280183 10283 20228 50004
SRQ,2023-06-06 06:53,10.00,M,KSRQ 060653Z AUTO 08005KT 10SM CLR 23/18 A2992 RMK AO2 SLP130 T02280183
SRQ,2023-06-06 07:53,10.00,M,KSRQ 060753Z AUTO 08006KT 10SM CLR 22/18 A2992 RMK AO2 SLP130 T02170183
SRQ,2023-06-06 08:53,10.00,7500.00,KSRQ 060853Z AUTO 09006KT 10SM SCT075 22/19 A2992 RMK AO2 SLP130 T02170189 56002
SRQ,2023-06-06 09:53,10.00,M,KSRQ 060953Z AUTO 09007KT 10SM CLR 22/19 A2991 RMK AO2 SLP129 T02170189
SRQ,2023-06-06 10:53,10.00,M,KSRQ 061053Z 08005KT 10SM CLR 21/19 A2993 RMK AO2 SLP134 T02110189
SRQ,2023-06-06 11:53,10.00,M,KSRQ 061153Z 07006KT 10SM CLR 23/19 A2994 RMK AO2 SLP138 70003 T02280194 10233 20211 53009
SRQ,2023-06-06 12:53,10.00,M,KSRQ 061253Z 10010KT 10SM CLR 25/18 A2995 RMK AO2 SLP141 T02500183
SRQ,2023-06-06 13:53,10.00,M,KSRQ 061353Z 09009KT 10SM CLR 27/18 A2995 RMK AO2 SLP142 T02670178
SRQ,2023-06-06 14:53,10.00,M,KSRQ 061453Z 11008KT 10SM CLR 28/17 A2994 RMK AO2 SLP138 T02830167 58000
SRQ,2023-06-06 15:53,10.00,M,KSRQ 061553Z 08007KT 10SM CLR 30/16 A2993 RMK AO2 SLP134 T03000156
SRQ,2023-06-06 16:53,10.00,M,KSRQ 061653Z 11011KT 10SM CLR 32/14 A2992 RMK AO2 SLP129 T03170144
SRQ,2023-06-06 17:53,10.00,M,KSRQ 061753Z 10007KT 10SM CLR 32/14 A2989 RMK AO2 SLP122 T03170139 10322 20228 58016
SRQ,2023-06-06 18:53,10.00,M,KSRQ 061853Z VRB05KT 10SM CLR 32/14 A2989 RMK AO2 SLP119 T03220139
SRQ,2023-06-06 19:53,10.00,M,KSRQ 061953Z 28009KT 10SM CLR 30/19 A2988 RMK AO2 WSHFT 1902 SLP117 T03000194
SRQ,2023-06-06 20:53,10.00,M,KSRQ 062053Z 27010KT 10SM CLR 30/18 A2986 RMK AO2 SLP111 T03000183 58011
SRQ,2023-06-06 21:53,10.00,M,KSRQ 062153Z 27008KT 10SM CLR 29/18 A2985 RMK AO2 SLP108 T02940178
SRQ,2023-06-06 22:53,10.00,M,KSRQ 062253Z 27007KT 10SM CLR 29/17 A2986 RMK AO2 LTG DSNT SE SLP110 T02940172
SRQ,2023-06-06 23:53,10.00,7000.00,KSRQ 062353Z 24005KT 10SM FEW070 28/18 A2987 RMK AO2 SLP113 T02830178 10328 20283 53003
SRQ,2023-06-07 00:53,10.00,M,KSRQ 070053Z 15009KT 10SM CLR 26/19 A2988 RMK AO2 SLP117 T02610194
SRQ,2023-06-07 01:53,10.00,M,KSRQ 070153Z 15005KT 10SM CLR 26/19 A2989 RMK AO2 SLP120 T02560194
SRQ,2023-06-07 02:53,10.00,M,KSRQ 070253Z 12004KT 10SM CLR 24/19 A2989 RMK AO2 SLP121 T02440194 51007
SRQ,2023-06-07 03:53,10.00,M,KSRQ 070353Z AUTO 12005KT 10SM CLR 24/20 A2989 RMK AO2 SLP120 T02390200
SRQ,2023-06-07 04:53,10.00,M,KSRQ 070453Z AUTO 13003KT 10SM CLR 24/20 A2988 RMK AO2 SLP118 T02390200 403280211
SRQ,2023-06-07 05:53,10.00,M,KSRQ 070553Z AUTO 14003KT 10SM CLR 23/20 A2987 RMK AO2 SLP113 T02330200 10283 20233 58007
SRQ,2023-06-07 06:53,10.00,2700.00,KSRQ 070653Z AUTO 00000KT 10SM FEW027 23/20 A2986 RMK AO2 SLP110 T02330200
SRQ,2023-06-07 07:53,10.00,M,KSRQ 070753Z AUTO 08004KT 10SM CLR 23/21 A2985 RMK AO2 SLP107 T02280206
SRQ,2023-06-07 08:53,10.00,M,KSRQ 070853Z AUTO 11004KT 10SM CLR 23/21 A2986 RMK AO2 SLP109 T02280211 55004
SRQ,2023-06-07 09:53,10.00,3000.00,KSRQ 070953Z 11005KT 10SM FEW030 SCT036 23/22 A2985 RMK AO2 SLP108 T02280217
SRQ,2023-06-07 10:53,10.00,M,KSRQ 071053Z 07003KT 10SM CLR 23/22 A2986 RMK AO2 SLP111 T02280217
SRQ,2023-06-07 11:53,10.00,M,KSRQ 071153Z 11006KT 10SM CLR 24/22 A2986 RMK AO2 SLP111 T02440222 10244 20228 53002
SRQ,2023-06-07 12:53,10.00,M,KSRQ 071253Z 14008KT 10SM CLR 27/23 A2987 RMK AO2 SLP113 T02670228
SRQ,2023-06-07 13:53,10.00,1700.00,KSRQ 071353Z 20006KT 10SM BKN017 27/22 A2987 RMK AO2 SLP115 T02720222
SRQ,2023-06-07 14:53,10.00,1700.00,KSRQ 071453Z 21009KT 10SM BKN017 29/22 A2986 RMK AO2 SLP111 T02890222 58001
SRQ,2023-06-07 15:53,10.00,2200.00,KSRQ 071553Z 22009KT 10SM FEW022 30/23 A2986 RMK AO2 SLP111 T03000228
SRQ,2023-06-07 16:53,10.00,200.00,KSRQ 071653Z 23011KT 10SM SCT002 SCT024 29/22 A2985 RMK AO2 SLP107 T02940217 $
SRQ,2023-06-07 17:53,10.00,2400.00,KSRQ 071753Z 23011KT 10SM SCT024 29/22 A2983 RMK AO2 RAB35E48 SLP100 P0000 60000 T02940222 10300 20244 58011
SRQ,2023-06-07 18:53,10.00,M,KSRQ 071853Z AUTO 23011KT 10SM CLR 29/21 A2981 RMK AO2 SLP094 T02940211
SRQ,2023-06-07 19:53,10.00,M,KSRQ 071953Z AUTO 25011KT 10SM CLR 30/21 A2980 RMK AO2 SLP091 T03000211
SRQ,2023-06-07 20:53,10.00,M,KSRQ 072053Z AUTO 24011KT 10SM CLR 29/23 A2979 RMK AO2 SLP086 T02940228 56014
SRQ,2023-06-07 21:53,10.00,2400.00,KSRQ 072153Z AUTO 26012KT 10SM FEW024 28/22 A2978 RMK AO2 SLP082 T02830222
SRQ,2023-06-07 22:53,10.00,2300.00,KSRQ 072253Z 26010KT 10SM SCT023 28/22 A2977 RMK AO2 SLP081 T02830222
SRQ,2023-06-07 23:53,10.00,2000.00,KSRQ 072353Z 25008KT 10SM BKN020 BKN029 28/22 A2978 RMK AO2 SLP083 T02780222 10300 20278 53001
SRQ,2023-06-08 00:53,10.00,1900.00,KSRQ 080053Z 27010KT 10SM FEW019 27/22 A2978 RMK AO2 SLP083 T02720222
SRQ,2023-06-08 01:53,10.00,1900.00,KSRQ 080153Z 27007KT 10SM FEW019 27/22 A2979 RMK AO2 SLP086 T02670222
SRQ,2023-06-08 02:53,10.00,1900.00,KSRQ 080253Z 00000KT 10SM BKN019 BKN024 26/22 A2980 RMK AO2 SLP091 T02610217 53008
SRQ,2023-06-08 03:53,10.00,1900.00,KSRQ 080353Z AUTO 24003KT 10SM SCT019 BKN026 27/22 A2980 RMK AO2 SLP090 T02670222
SRQ,2023-06-08 04:53,10.00,1900.00,KSRQ 080453Z AUTO 23005KT 10SM FEW019 27/22 A2980 RMK AO2 SLP089 T02670222 403000228
SRQ,2023-06-08 05:53,10.00,2000.00,KSRQ 080553Z AUTO 25004KT 10SM SCT020 26/22 A2980 RMK AO2 SLP090 T02610222 10278 20261 55001
SRQ,2023-06-08 06:53,10.00,M,KSRQ 080653Z AUTO 25006KT 10SM CLR 26/22 A2979 RMK AO2 SLP086 T02610222
SRQ,2023-06-08 07:53,10.00,M,KSRQ 080753Z AUTO 24006KT 10SM CLR 26/22 A2978 RMK AO2 SLP082 T02610222
SRQ,2023-06-08 08:53,10.00,M,KSRQ 080853Z AUTO 24005KT 10SM CLR 26/22 A2977 RMK AO2 SLP079 T02610217 56011
SRQ,2023-06-08 09:53,10.00,1500.00,KSRQ 080953Z AUTO 24005KT 10SM FEW015 26/22 A2977 RMK AO2 SLP081 T02610222
SRQ,2023-06-08 10:53,10.00,1700.00,KSRQ 081053Z 22004KT 10SM FEW017 26/22 A2978 RMK AO2 SLP083 T02610222
SRQ,2023-06-08 11:53,10.00,1700.00,KSRQ 081153Z 23006KT 10SM SCT017 SCT025 BKN032 27/23 A2979 RMK AO2 SLP088 T02720228 10272 20261 53009
SRQ,2023-06-08 12:53,10.00,1900.00,KSRQ 081253Z 22007KT 10SM SCT019 SCT033 BKN050 27/23 A2981 RMK AO2 RAB08E25 SLP094 P0001 T02720228
SRQ,2023-06-08 13:53,10.00,1800.00,KSRQ 081353Z 23008KT 10SM FEW018 28/23 A2982 RMK AO2 SLP096 T02830233
SRQ,2023-06-08 14:53,10.00,M,KSRQ 081453Z 24010KT 10SM CLR 29/23 A2983 RMK AO2 SLP099 60001 T02890228 51011
SRQ,2023-06-08 15:53,10.00,4000.00,KSRQ 081553Z 24010G19KT 10SM SCT040 29/23 A2982 RMK AO2 SLP099 T02940228
SRQ,2023-06-08 16:53,10.00,M,KSRQ 081653Z 26009KT 10SM CLR 30/23 A2982 RMK AO2 SLP098 T03000228
SRQ,2023-06-08 17:53,10.00,2000.00,KSRQ 081753Z 27010KT 10SM SCT020 SCT025 BKN034 29/23 A2981 RMK AO2 SLP093 60001 T02940228 10300 20267 58006
SRQ,2023-06-08 18:53,10.00,M,KSRQ 081853Z 26009KT 10SM CLR 29/22 A2980 RMK AO2 SLP090 T02940222
SRQ,2023-06-08 19:53,10.00,M,KSRQ 081953Z 27010KT 10SM CLR 29/23 A2979 RMK AO2 SLP085 T02940228
SRQ,2023-06-08 20:53,10.00,M,KSRQ 082053Z 28008KT 10SM CLR 29/22 A2979 RMK AO2 SLP087 T02940222 55006
SRQ,2023-06-08 21:53,10.00,M,KSRQ 082153Z 28006KT 10SM CLR 29/22 A2978 RMK AO2 SLP084 T02890222
SRQ,2023-06-08 22:53,10.00,M,KSRQ 082253Z 27007KT 10SM CLR 28/22 A2977 RMK AO2 SLP080 T02830217
SRQ,2023-06-08 23:53,10.00,M,KSRQ 082353Z 26005KT 10SM CLR 28/22 A2977 RMK AO2 SLP081 T02780217 10300 20278 55006
SRQ,2023-06-09 00:53,10.00,200.00,KSRQ 090053Z 24004KT 10SM FEW002 27/22 A2978 RMK AO2 SLP085 T02720217
SRQ,2023-06-09 01:53,10.00,M,KSRQ 090153Z 23005KT 10SM CLR 27/22 A2980 RMK AO2 SLP090 T02670222
SRQ,2023-06-09 02:53,10.00,2100.00,KSRQ 090253Z 24005KT 10SM BKN021 BKN028 27/22 A2981 RMK AO2 SLP094 T02670222 53009
SRQ,2023-06-09 03:53,10.00,2100.00,KSRQ 090353Z AUTO 26007KT 10SM SCT021 SCT028 27/22 A2983 RMK AO2 SLP101 T02670222
SRQ,2023-06-09 04:53,10.00,M,KSRQ 090453Z AUTO 26008KT 10SM CLR 27/22 A2983 RMK AO2 SLP099 T02670217 403000261
SRQ,2023-06-09 05:53,10.00,M,KSRQ 090553Z AUTO 27006KT 10SM CLR 26/22 A2980 RMK AO2 SLP089 T02610217 10278 20261 58005
SRQ,2023-06-09 06:53,10.00,2300.00,KSRQ 090653Z AUTO 24007KT 10SM SCT023 27/22 A2980 RMK AO2 SLP090 T02670217
SRQ,2023-06-09 07:53,10.00,2200.00,KSRQ 090753Z AUTO 29007KT 10SM SCT022 SCT027 BKN036 27/22 A2980 RMK AO2 SLP089 T02670217
SRQ,2023-06-09 08:53,10.00,2300.00,KSRQ 090853Z AUTO 28010KT 10SM FEW023 FEW029 26/21 A2980 RMK AO2 SLP089 T02610211 58001
SRQ,2023-06-09 09:53,10.00,M,KSRQ 090953Z AUTO 26007KT 10SM CLR 26/22 A2980 RMK AO2 SLP089 T02610217
SRQ,2023-06-09 10:53,10.00,2100.00,KSRQ 091053Z 29008KT 10SM FEW021 26/21 A2981 RMK AO2 SLP093 T02610211
SRQ,2023-06-09 11:53,10.00,2200.00,KSRQ 091153Z 30007KT 10SM SCT022 27/21 A2981 RMK AO2 SLP094 70001 T02720211 10272 20256 53005
SRQ,2023-06-09 12:53,10.00,2400.00,KSRQ 091253Z 31007KT 10SM SCT024 28/21 A2983 RMK AO2 SLP101 T02780211
SRQ,2023-06-09 13:53,10.00,2500.00,KSRQ 091353Z 28007KT 10SM FEW025 28/22 A2983 RMK AO2 SLP101 T02830217
SRQ,2023-06-09 14:53,10.00,M,KSRQ 091453Z 28009KT 10SM CLR 28/22 A2984 RMK AO2 SLP103 T02830217 51009
SRQ,2023-06-09 15:53,10.00,3000.00,KSRQ 091553Z 27009KT 10SM FEW030 29/22 A2984 RMK AO2 SLP104 T02890217
SRQ,2023-06-09 16:53,10.00,M,KSRQ 091653Z 27011KT 10SM CLR 29/21 A2983 RMK AO2 SLP102 T02940211
SRQ,2023-06-09 17:53,10.00,M,KSRQ 091753Z 28011KT 10SM CLR 29/22 A2983 RMK AO2 SLP099 T02940217 10306 20267 58004
SRQ,2023-06-09 18:53,10.00,M,KSRQ 091853Z 26010KT 10SM CLR 29/22 A2981 RMK AO2 SLP095 T02940217
SRQ,2023-06-09 19:53,10.00,M,KSRQ 091953Z 27010KT 10SM CLR 29/21 A2980 RMK AO2 SLP089 T02940211
SRQ,2023-06-09 20:53,10.00,M,KSRQ 092053Z 28010KT 10SM CLR 29/21 A2980 RMK AO2 SLP090 T02940211 55009
SRQ,2023-06-09 21:53,10.00,M,KSRQ 092153Z 28011KT 10SM CLR 29/21 A2981 RMK AO2 SLP095 T02890206
SRQ,2023-06-09 22:53,10.00,M,KSRQ 092253Z 28011KT 10SM CLR 29/20 A2982 RMK AO2 SLP097 T02890200
SRQ,2023-06-09 23:53,10.00,M,KSRQ 092353Z 28006KT 10SM CLR 28/21 A2981 RMK AO2 SLP094 T02780206 10300 20278 50004
SRQ,2023-06-10 00:53,10.00,M,KSRQ 100053Z 32007KT 10SM CLR 26/21 A2982 RMK AO2 SLP096 T02610206
SRQ,2023-06-10 01:53,10.00,M,KSRQ 100153Z 31005KT 10SM CLR 26/22 A2983 RMK AO2 SLP101 T02560217
SRQ,2023-06-10 02:53,10.00,2300.00,KSRQ 100253Z 00000KT 10SM FEW023 26/22 A2985 RMK AO2 SLP109 T02560217 53015
SRQ,2023-06-10 03:53,10.00,2300.00,KSRQ 100353Z AUTO 00000KT 10SM FEW023 26/22 A2985 RMK AO2 SLP108 T02560217
SRQ,2023-06-10 04:53,10.00,M,KSRQ 100453Z AUTO 00000KT 10SM CLR 26/22 A2984 RMK AO2 SLP104 T02560217 403060256
SRQ,2023-06-10 05:53,10.00,M,KSRQ 100553Z AUTO 00000KT 10SM CLR 25/22 A2984 RMK AO2 SLP103 T02500217 10278 20250 58006
SRQ,2023-06-10 06:53,10.00,M,KSRQ 100653Z AUTO 00000KT 10SM CLR 24/22 A2983 RMK AO2 SLP099 T02440222
SRQ,2023-06-10 07:53,10.00,M,KSRQ 100753Z AUTO 00000KT 10SM CLR 24/22 A2982 RMK AO2 SLP098 T02390217
SRQ,2023-06-10 08:53,10.00,M,KSRQ 100853Z AUTO 00000KT 10SM CLR 24/22 A2983 RMK AO2 SLP101 T02440217 55002
SRQ,2023-06-10 09:53,10.00,M,KSRQ 100953Z 00000KT 10SM CLR 24/22 A2984 RMK AO2 SLP105 T02390217
SRQ,2023-06-10 10:53,10.00,M,KSRQ 101053Z 00000KT 10SM CLR 24/22 A2986 RMK AO2 SLP112 T02390217
SRQ,2023-06-10 11:53,10.00,M,KSRQ 101153Z 10003KT 10SM CLR 26/23 A2987 RMK AO2 SLP115 T02610233 10261 20233 51015
SRQ,2023-06-10 12:53,10.00,2000.00,KSRQ 101253Z 04003KT 10SM FEW020 28/22 A2988 RMK AO2 SLP119 T02780222
SRQ,2023-06-10 13:53,10.00,2500.00,KSRQ 101353Z 00000KT 10SM FEW025 28/22 A2988 RMK AO2 SLP119 T02830217
SRQ,2023-06-10 14:53,10.00,3400.00,KSRQ 101453Z 24006KT 10SM FEW034 28/22 A2988 RMK AO2 SLP117 T02780217 58002
SRQ,2023-06-10 15:53,10.00,M,KSRQ 101553Z 28009KT 10SM CLR 29/22 A2988 RMK AO2 SLP119 T02940222
SRQ,2023-06-10 16:53,10.00,M,KSRQ 101653Z 27009KT 10SM CLR 30/23 A2988 RMK AO2 SLP118 T03000228
SRQ,2023-06-10 17:53,10.00,M,KSRQ 101753Z 28011KT 10SM CLR 30/23 A2988 RMK AO2 SLP116 T03000228 10300 20261 58001
SRQ,2023-06-10 18:53,10.00,M,KSRQ 101853Z 28011KT 10SM CLR 30/23 A2987 RMK AO2 SLP113 T03000228
SRQ,2023-06-10 19:53,10.00,M,KSRQ 101953Z 27011G18KT 10SM CLR 30/22 A2985 RMK AO2 SLP108 T03000217
SRQ,2023-06-10 20:53,10.00,M,KSRQ 102053Z 27010KT 10SM CLR 30/21 A2984 RMK AO2 LTG DSNT NE AND E SLP104 T03000211 58012
SRQ,2023-06-10 21:53,10.00,M,KSRQ 102153Z 27009KT 10SM CLR 30/21 A2985 RMK AO2 LTG DSNT NE SLP107 T03000211
SRQ,2023-06-10 22:53,10.00,M,KSRQ 102253Z 29008KT 10SM CLR 29/21 A2986 RMK AO2 SLP110 T02890211
SRQ,2023-06-10 23:53,10.00,M,KSRQ 102353Z 28008KT 10SM CLR 28/21 A2986 RMK AO2 SLP112 T02830211 10306 20283 51008
SRQ,2023-06-11 00:53,10.00,2700.00,KSRQ 110053Z 30007KT 10SM FEW027 27/21 A2988 RMK AO2 SLP119 T02720211
SRQ,2023-06-11 01:53,10.00,M,KSRQ 110153Z 31004KT 10SM CLR 27/21 A2990 RMK AO2 SLP125 T02670206
SRQ,2023-06-11 02:53,10.00,M,KSRQ 110253Z 00000KT 10SM CLR 27/21 A2991 RMK AO2 SLP128 T02720211 51016
SRQ,2023-06-11 03:53,10.00,M,KSRQ 110353Z 23003KT 10SM CLR 27/21 A2991 RMK AO2 SLP126 T02720211
SRQ,2023-06-11 04:53,10.00,M,KSRQ 110453Z AUTO 32003KT 10SM CLR 26/21 A2990 RMK AO2 SLP124 T02560211 403060233
SRQ,2023-06-11 05:53,10.00,M,KSRQ 110553Z AUTO 00000KT 10SM CLR 26/22 A2988 RMK AO2 SLP117 T02560217 10283 20250 58012
SRQ,2023-06-11 06:53,10.00,2600.00,KSRQ 110653Z AUTO 00000KT 10SM BKN026 26/21 A2987 RMK AO2 SLP115 T02560211
SRQ,2023-06-11 07:53,10.00,2400.00,KSRQ 110753Z AUTO 24004KT 10SM SCT024 26/22 A2988 RMK AO2 SLP116 T02610217
SRQ,2023-06-11 08:53,10.00,M,KSRQ 110853Z AUTO 25005KT 10SM CLR 26/22 A2988 RMK AO2 SLP118 T02610217 53001
SRQ,2023-06-11 09:53,10.00,M,KSRQ 110953Z 27003KT 10SM CLR 26/21 A2989 RMK AO2 SLP122 T02610211
SRQ,2023-06-11 10:53,10.00,M,KSRQ 111053Z 00000KT 10SM CLR 24/22 A2990 RMK AO2 SLP125 T02440217
SRQ,2023-06-11 11:53,10.00,M,KSRQ 111153Z 00000KT 10SM CLR 27/22 A2990 RMK AO2 SLP124 T02720222 10272 20233 50006
SRQ,2023-06-11 12:53,10.00,2400.00,KSRQ 111253Z 00000KT 10SM FEW024 28/22 A2991 RMK AO2 SLP129 T02830217
SRQ,2023-06-11 13:53,10.00,M,KSRQ 111353Z VRB04KT 10SM CLR 28/21 A2992 RMK AO2 SLP130 T02830211
SRQ,2023-06-11 14:53,10.00,M,KSRQ 111453Z 24008KT 10SM CLR 29/22 A2993 RMK AO2 SLP133 T02940217 51009
SRQ,2023-06-11 15:53,10.00,M,KSRQ 111553Z 23009KT 10SM CLR 29/21 A2993 RMK AO2 SLP135 T02940206
SRQ,2023-06-11 16:53,10.00,M,KSRQ 111653Z 26008KT 10SM CLR 30/22 A2993 RMK AO2 SLP133 T03000217
SRQ,2023-06-11 17:53,10.00,M,KSRQ 111753Z 23010KT 10SM CLR 31/22 A2992 RMK AO2 SLP130 T03060217 10311 20272 58002
SRQ,2023-06-11 18:53,10.00,M,KSRQ 111853Z 23011KT 10SM CLR 30/22 A2990 RMK AO2 SLP124 T03000217
SRQ,2023-06-11 19:53,10.00,M,KSRQ 111953Z 26012KT 10SM CLR 31/22 A2989 RMK AO2 SLP122 T03060217
SRQ,2023-06-11 20:53,10.00,M,KSRQ 112053Z 26010KT 10SM CLR 31/22 A2989 RMK AO2 SLP120 T03060222 56011
SRQ,2023-06-11 21:53,10.00,M,KSRQ 112153Z 25009KT 10SM CLR 29/22 A2986 RMK AO2 SLP111 T02940222
SRQ,2023-06-11 22:53,10.00,M,KSRQ 112253Z 24009KT 10SM CLR 29/22 A2986 RMK AO2 SLP112 T02890222
SRQ,2023-06-11 23:53,10.00,M,KSRQ 112353Z 25008KT 10SM CLR 29/23 A2989 RMK AO2 SLP120 T02890228 10311 20283 55000
SRQ,2023-06-12 00:53,10.00,M,KSRQ 120053Z 26009KT 10SM CLR 28/22 A2990 RMK AO2 SLP123 T02780222
SRQ,2023-06-12 01:53,10.00,2300.00,KSRQ 120153Z 27007KT 10SM FEW023 28/22 A2991 RMK AO2 SLP128 T02780222
SRQ,2023-06-12 02:53,10.00,M,KSRQ 120253Z 27005KT 10SM CLR 28/23 A2992 RMK AO2 SLP131 T02780228 53008
SRQ,2023-06-12 03:53,10.00,2200.00,KSRQ 120353Z AUTO 26005KT 10SM SCT022 28/22 A2992 RMK AO2 SLP130 T02780222
SRQ,2023-06-12 04:53,10.00,M,KSRQ 120453Z AUTO 26005KT 10SM CLR 27/23 A2990 RMK AO2 SLP124 T02720228 403110233
SRQ,2023-06-12 05:53,10.00,2000.00,KSRQ 120553Z AUTO 24006KT 10SM SCT020 SCT026 27/23 A2989 RMK AO2 SLP121 T02720228 10289 20272 58009
SRQ,2023-06-12 06:53,10.00,M,KSRQ 120653Z AUTO 24004KT 10SM CLR 27/22 A2988 RMK AO2 SLP118 T02720222
SRQ,2023-06-12 07:53,10.00,2100.00,KSRQ 120753Z AUTO 26005KT 10SM FEW021 27/23 A2989 RMK AO2 SLP119 T02720228
SRQ,2023-06-12 08:53,10.00,2200.00,KSRQ 120853Z AUTO 22005KT 10SM FEW022 27/22 A2989 RMK AO2 SLP120 T02720222 55001
SRQ,2023-06-12 09:53,10.00,M,KSRQ 120953Z 24006KT 10SM CLR 27/23 A2989 RMK AO2 SLP122 T02720228
SRQ,2023-06-12 10:53,10.00,2000.00,KSRQ 121053Z 25004KT 10SM SCT020 27/23 A2991 RMK AO2 SLP128 T02720233
SRQ,2023-06-12 11:53,10.00,1900.00,KSRQ 121153Z 24006KT 10SM FEW019 28/23 A2993 RMK AO2 SLP134 T02780233 10283 20267 53014
SRQ,2023-06-12 12:53,10.00,1900.00,KSRQ 121253Z 23008KT 10SM FEW019 FEW026 SCT043 28/24 A2994 RMK AO2 SLP137 T02830239
SRQ,2023-06-12 13:53,10.00,2000.00,KSRQ 121353Z 24009KT 10SM FEW020 29/24 A2994 RMK AO2 SLP137 T02940239
SRQ,2023-06-12 14:53,10.00,M,KSRQ 121453Z 25007KT 10SM CLR 30/23 A2993 RMK AO2 SLP135 T03000233 50001
SRQ,2023-06-12 15:53,10.00,M,KSRQ 121553Z 25007KT 10SM CLR 31/24 A2994 RMK AO2 SLP137 T03060239
SRQ,2023-06-12 16:53,10.00,M,KSRQ 121653Z 24007KT 10SM CLR 31/23 A2994 RMK AO2 SLP139 T03110233
SRQ,2023-06-12 17:53,10.00,M,KSRQ 121753Z 26008KT 10SM CLR 31/23 A2993 RMK AO2 SLP133 T03110233 10317 20278 58003
SRQ,2023-06-12 18:53,10.00,M,KSRQ 121853Z 26010KT 10SM CLR 31/22 A2989 RMK AO2 SLP122 T03110222
SRQ,2023-06-12 19:53,10.00,M,KSRQ 121953Z 27008G17KT 10SM CLR 31/24 A2988 RMK AO2 SLP117 T03060239
SRQ,2023-06-12 20:53,10.00,M,KSRQ 122053Z 26008KT 10SM CLR 31/23 A2988 RMK AO2 SLP118 T03110233 55015
SRQ,2023-06-12 21:53,10.00,M,KSRQ 122153Z 26008KT 10SM CLR 31/23 A2988 RMK AO2 SLP119 T03110233
SRQ,2023-06-12 22:53,10.00,M,KSRQ 122253Z 29006KT 10SM CLR 30/23 A2988 RMK AO2 SLP117 T03000228 $
SRQ,2023-06-12 23:53,10.00,M,KSRQ 122353Z 29008KT 10SM CLR 29/23 A2988 RMK AO2 SLP118 T02940233 10317 20294 57001 $
SRQ,2023-06-13 00:53,10.00,M,KSRQ 130053Z 30006KT 10SM CLR 28/23 A2988 RMK AO2 SLP117 T02830228 $
SRQ,2023-06-13 01:53,10.00,M,KSRQ 130153Z 33004KT 10SM CLR 27/23 A2992 RMK AO2 SLP129 T02720233 $
SRQ,2023-06-13 02:53,10.00,M,KSRQ 130253Z 00000KT 10SM CLR 28/23 A2996 RMK AO2 SLP143 T02780233 53025 $
SRQ,2023-06-13 03:53,10.00,M,KSRQ 130353Z 27004KT 10SM CLR 28/23 A2998 RMK AO2 SLP150 T02780233 $
SRQ,2023-06-13 04:53,10.00,2000.00,KSRQ 130453Z AUTO 00000KT 10SM FEW020 27/23 A2996 RMK AO2 SLP145 T02670233 403170267 $
SRQ,2023-06-13 05:53,10.00,1900.00,KSRQ 130553Z AUTO 00000KT 10SM SCT019 27/23 A2994 RMK AO2 SLP139 T02670233 10289 20267 58004 $
SRQ,2023-06-13 06:53,10.00,M,KSRQ 130653Z AUTO 22003KT 10SM CLR 27/24 A2992 RMK AO2 SLP130 T02720239 $
SRQ,2023-06-13 07:53,10.00,1800.00,KSRQ 130753Z AUTO 23004KT 10SM FEW018 27/23 A2991 RMK AO2 SLP126 T02720233 $
SRQ,2023-06-13 08:53,10.00,1800.00,KSRQ 130853Z AUTO 23004KT 10SM FEW018 27/23 A2992 RMK AO2 SLP129 T02720233 55009 $
SRQ,2023-06-13 09:53,10.00,1800.00,KSRQ 130953Z AUTO 23007KT 10SM FEW018 SCT024 28/23 A2992 RMK AO2 SLP131 T02780233
SRQ,2023-06-13 10:53,10.00,1800.00,KSRQ 131053Z 21007KT 10SM FEW018 28/23 A2991 RMK AO2 SLP128 T02780233
SRQ,2023-06-13 11:53,10.00,M,KSRQ 131153Z 21008KT 10SM CLR 29/23 A2993 RMK AO2 SLP133 T02890233 10289 20256 53004
SRQ,2023-06-13 12:53,10.00,2200.00,KSRQ 131253Z COR 22009KT 10SM FEW022 29/24 A2994 RMK AO2 SLP138 T02940244
SRQ,2023-06-13 13:53,10.00,1800.00,KSRQ 131353Z 23008KT 10SM BKN018 29/24 A2996 RMK AO2 SLP145 T02940239
SRQ,2023-06-13 14:53,10.00,1800.00,KSRQ 131453Z 23008KT 10SM BKN018 31/24 A2997 RMK AO2 SLP146 T03060244 51013
SRQ,2023-06-13 15:53,10.00,1800.00,KSRQ 131553Z 26008KT 10SM FEW018 31/24 A2997 RMK AO2 SLP147 T03110244
SRQ,2023-06-13 16:53,10.00,2100.00,KSRQ 131653Z 28011KT 10SM FEW021 32/24 A2996 RMK AO2 SLP145 T03170239
SRQ,2023-06-13 17:53,10.00,2100.00,KSRQ 131753Z 28009KT 10SM FEW021 32/23 A2996 RMK AO2 SLP144 T03170233 10322 20289 58002
SRQ,2023-06-13 18:53,10.00,M,KSRQ 131853Z 27009KT 10SM CLR 31/24 A2995 RMK AO2 SLP141 T03110239
SRQ,2023-06-13 19:53,10.00,M,KSRQ 131953Z 27009KT 10SM CLR 32/23 A2994 RMK AO2 SLP139 T03170233
SRQ,2023-06-13 20:53,10.00,M,KSRQ 132053Z 26009KT 10SM CLR 31/23 A2992 RMK AO2 SLP133 T03110233 58012
SRQ,2023-06-13 21:53,10.00,M,KSRQ 132153Z 29011KT 10SM CLR 31/23 A2992 RMK AO2 SLP132 T03060233
SRQ,2023-06-13 22:53,10.00,M,KSRQ 132253Z 28009KT 10SM CLR 30/23 A2993 RMK AO2 SLP134 T03000233
SRQ,2023-06-13 23:53,10.00,M,KSRQ 132353Z 26007KT 10SM CLR 29/23 A2993 RMK AO2 SLP135 T02940228 10322 20294 53002
SRQ,2023-06-14 00:53,10.00,M,KSRQ 140053Z AUTO 31007KT 10SM CLR 29/23 A2997 RMK AO2 SLP147 T02890233
SRQ,2023-06-14 01:53,10.00,2300.00,KSRQ 140153Z AUTO 28004KT 10SM SCT023 29/23 A2998 RMK AO2 SLP152 T02890233
SRQ,2023-06-14 02:53,10.00,2200.00,KSRQ 140253Z AUTO 23005KT 10SM SCT022 28/23 A2997 RMK AO2 SLP148 T02830233 50014
SRQ,2023-06-14 03:53,10.00,M,KSRQ 140353Z AUTO 26004KT 10SM CLR 28/23 A2996 RMK AO2 SLP143 T02830233
SRQ,2023-06-14 04:53,10.00,1900.00,KSRQ 140453Z AUTO 25004KT 10SM FEW019 28/23 A2994 RMK AO2 SLP139 T02780233 403220256
SRQ,2023-06-14 05:53,10.00,1800.00,KSRQ 140553Z AUTO 22007KT 10SM FEW018 28/24 A2992 RMK AO2 SLP131 T02780239 10294 20278 58017
SRQ,2023-06-14 06:53,10.00,M,KSRQ 140653Z AUTO 23007KT 10SM CLR 28/24 A2990 RMK AO2 SLP124 T02780239
SRQ,2023-06-14 07:53,10.00,1700.00,KSRQ 140753Z AUTO 25005KT 10SM FEW017 28/24 A2990 RMK AO2 SLP126 T02780239
SRQ,2023-06-14 08:53,10.00,2000.00,KSRQ 140853Z AUTO 20004KT 10SM FEW020 28/23 A2990 RMK AO2 SLP124 T02780233 56007
SRQ,2023-06-14 09:53,10.00,1900.00,KSRQ 140953Z 12004KT 10SM SCT019 26/23 A2991 RMK AO2 SLP126 T02610233
SRQ,2023-06-14 10:53,10.00,2000.00,KSRQ 141053Z 14005KT 10SM FEW020 26/24 A2992 RMK AO2 SLP131 T02560239
SRQ,2023-06-14 11:53,10.00,2000.00,KSRQ 141153Z 16006KT 10SM FEW020 28/24 A2993 RMK AO2 SLP135 T02780244 10283 20256 53011
SRQ,2023-06-14 12:53,10.00,2200.00,KSRQ 141253Z 21009KT 10SM SCT022 29/24 A2995 RMK AO2 SLP141 T02940239
SRQ,2023-06-14 13:53,10.00,2000.00,KSRQ 141353Z 23010KT 10SM FEW020 SCT028 30/24 A2996 RMK AO2 SLP143 T03000239
SRQ,2023-06-14 14:53,10.00,2000.00,KSRQ 141453Z 21011KT 10SM FEW020 SCT032 31/24 A2997 RMK AO2 SLP146 T03110244 53005
SRQ,2023-06-14 15:53,10.00,2800.00,KSRQ 141553Z COR 22011KT 10SM SCT028 31/24 A2997 RMK AO2 SLP149 T03110239 $
SRQ,2023-06-14 16:53,10.00,2800.00,KSRQ 141653Z 22011G20KT 10SM SCT028 32/24 A2996 RMK AO2 SLP146 T03220244
SRQ,2023-06-14 17:53,10.00,2200.00,KSRQ 141753Z 22014G20KT 10SM FEW022 SCT029 32/24 A2995 RMK AO2 SLP142 T03170244 10328 20278 58004
SRQ,2023-06-14 18:53,10.00,2000.00,KSRQ 141853Z 21010KT 10SM BKN020 32/25 A2994 RMK AO2 SLP139 T03170250
SRQ,2023-06-14 19:53,10.00,2000.00,KSRQ 141953Z 23011KT 10SM SCT020 32/24 A2994 RMK AO2 SLP136 T03170244
SRQ,2023-06-14 20:53,10.00,2000.00,KSRQ 142053Z 22011KT 10SM SCT020 31/24 A2993 RMK AO2 SLP135 T03110244 56007
SRQ,2023-06-14 21:53,10.00,2000.00,KSRQ 142153Z 24010KT 10SM FEW020 SCT025 31/24 A2991 RMK AO2 SLP127 T03110244
SRQ,2023-06-14 22:53,10.00,1800.00,KSRQ 142253Z 21009KT 10SM SCT018 31/25 A2989 RMK AO2 SLP119 T03060250
SRQ,2023-06-14 23:53,10.00,1900.00,KSRQ 142353Z 22009KT 10SM BKN019 30/24 A2990 RMK AO2 SLP124 T03000244 10328 20300 55003
SRQ,2023-06-15 00:53,10.00,1900.00,KSRQ 150053Z 23008KT 10SM FEW019 FEW025 SCT030 29/24 A2993 RMK AO2 SLP133 T02940244
SRQ,2023-06-15 01:53,10.00,M,KSRQ 150153Z 22008KT 10SM CLR 29/24 A2993 RMK AO2 SLP134 T02940239
SRQ,2023-06-15 02:53,10.00,1800.00,KSRQ 150253Z 23006KT 10SM FEW018 29/24 A2996 RMK AO2 SLP144 T02890244 53011
SRQ,2023-06-15 03:53,10.00,1700.00,KSRQ 150353Z 22008KT 10SM SCT017 29/24 A2996 RMK AO2 SLP145 T02890244
SRQ,2023-06-15 04:53,10.00,1700.00,KSRQ 150453Z AUTO 22008KT 10SM FEW017 29/24 A2996 RMK AO2 SLP143 T02890244 403280256
SRQ,2023-06-15 05:53,10.00,1800.00,KSRQ 150553Z AUTO 25007KT 10SM FEW018 28/24 A2995 RMK AO2 SLP142 T02830239 10300 20283 58002
SRQ,2023-06-15 06:53,10.00,2100.00,KSRQ 150653Z AUTO 28005KT 10SM FEW021 SCT100 28/24 A2996 RMK AO2 SLP144 T02830244
SRQ,2023-06-15 07:53,10.00,2000.00,KSRQ 150753Z AUTO 00000KT 10SM SCT020 28/24 A2993 RMK AO2 SLP135 T02780239
SRQ,2023-06-15 08:53,10.00,1700.00,KSRQ 150853Z AUTO 00000KT 10SM SCT017 27/24 A2992 RMK AO2 SLP132 T02670239 58010
SRQ,2023-06-15 09:53,10.00,1200.00,KSRQ 150953Z 11007KT 10SM FEW012 BKN018 BKN035 26/23 A2991 RMK AO2 SLP129 T02560233
SRQ,2023-06-15 10:53,10.00,M,KSRQ 151053Z 16006KT 10SM CLR 26/23 A2991 RMK AO2 SLP128 T02560228
SRQ,2023-06-15 11:53,10.00,M,KSRQ 151153Z 19008KT 10SM CLR 27/24 A2991 RMK AO2 SLP127 T02720244 10283 20250 56005
SRQ,2023-06-15 12:53,10.00,1300.00,KSRQ 151253Z 19011KT 10SM FEW013 28/25 A2993 RMK AO2 SLP135 T02830250
SRQ,2023-06-15 13:53,10.00,M,KSRQ 151353Z 22011KT 10SM CLR 31/24 A2995 RMK AO2 SLP141 T03060239
SRQ,2023-06-15 14:53,10.00,M,KSRQ 151453Z 20007KT 10SM CLR 32/23 A2996 RMK AO2 SLP144 T03170228 51017
SRQ,2023-06-15 15:53,10.00,M,KSRQ 151553Z 22012KT 10SM CLR 32/23 A2997 RMK AO2 SLP147 T03220228
SRQ,2023-06-15 16:53,10.00,M,KSRQ 151653Z 22013KT 10SM CLR 32/23 A2995 RMK AO2 SLP142 T03220233
SRQ,2023-06-15 17:53,10.00,M,KSRQ 151753Z 22014G22KT 10SM CLR 32/24 A2994 RMK AO2 SLP138 T03220244 10328 20272 58006
SRQ,2023-06-15 18:53,10.00,2100.00,KSRQ 151853Z 22013G24KT 10SM FEW021 33/24 A2993 RMK AO2 SLP134 T03280244
SRQ,2023-06-15 19:53,10.00,2200.00,KSRQ 151953Z 22014KT 10SM FEW022 32/23 A2993 RMK AO2 SLP133 T03220233
SRQ,2023-06-15 20:53,10.00,2000.00,KSRQ 152053Z 22012G20KT 10SM FEW020 32/25 A2992 RMK AO2 SLP130 T03170250 56008
SRQ,2023-06-15 21:53,10.00,M,KSRQ 152153Z 24013KT 10SM CLR 31/24 A2992 RMK AO2 SLP129 T03110244
SRQ,2023-06-15 22:53,10.00,M,KSRQ 152253Z 24011KT 10SM CLR 31/24 A2992 RMK AO2 SLP130 T03060244
SRQ,2023-06-15 23:53,10.00,M,KSRQ 152353Z 22011KT 10SM CLR 30/24 A2992 RMK AO2 SLP132 T03000239 10328 20300 53002
SRQ,2023-06-16 00:53,10.00,M,KSRQ 160053Z 21006KT 10SM CLR 30/24 A2995 RMK AO2 SLP140 T03000239
SRQ,2023-06-16 01:53,10.00,M,KSRQ 160153Z 22006KT 10SM CLR 29/24 A2996 RMK AO2 SLP144 T02940244
SRQ,2023-06-16 02:53,10.00,1900.00,KSRQ 160253Z 24004KT 10SM FEW019 29/24 A2998 RMK AO2 SLP153 T02890244 53021
SRQ,2023-06-16 03:53,10.00,M,KSRQ 160353Z 20003KT 10SM CLR 29/25 A2998 RMK AO2 SLP150 T02890250
SRQ,2023-06-16 04:53,10.00,1900.00,KSRQ 160453Z AUTO 14005KT 10SM SCT019 SCT035 28/25 A2997 RMK AO2 SLP149 T02780250 403280250
SRQ,2023-06-16 05:53,10.00,M,KSRQ 160553Z AUTO 12004KT 10SM CLR 27/24 A2996 RMK AO2 SLP143 T02720244 10300 20272 58009
SRQ,2023-06-16 06:53,10.00,1600.00,KSRQ 160653Z AUTO 12010KT 10SM BKN016 BKN020 OVC026 26/22 A2991 RMK AO2 SLP129 T02560222
SRQ,2023-06-16 07:53,10.00,3500.00,KSRQ 160753Z AUTO 14009KT 10SM FEW035 25/22 A2991 RMK AO2 SLP127 T02500217
SRQ,2023-06-16 08:53,10.00,1800.00,KSRQ 160853Z AUTO 16009KT 10SM FEW018 FEW024 25/22 A2990 RMK AO2 SLP125 T02500217 56018
SRQ,2023-06-16 09:53,10.00,2000.00,KSRQ 160953Z 11005KT 10SM BKN020 BKN028 25/22 A2993 RMK AO2 SLP134 T02500222
SRQ,2023-06-16 10:53,10.00,1800.00,KSRQ 161053Z 25014KT 10SM FEW018 29/24 A2994 RMK AO2 SLP137 T02890244
SRQ,2023-06-16 11:53,10.00,M,KSRQ 161153Z 26015KT 10SM CLR 29/25 A2995 RMK AO2 SLP142 T02890250 10289 20244 51017
SRQ,2023-06-16 12:53,10.00,1600.00,KSRQ 161253Z 26012G17KT 10SM SCT016 29/25 A2995 RMK AO2 SLP142 T02940250
SRQ,2023-06-16 13:53,10.00,1700.00,KSRQ 161353Z 24011KT 10SM FEW017 30/25 A2996 RMK AO2 SLP143 T03000250
SRQ,2023-06-16 14:53,10.00,1700.00,KSRQ 161453Z 23013KT 10SM SCT017 31/26 A2995 RMK AO2 SLP142 T03060256 50000
SRQ,2023-06-16 15:53,10.00,1800.00,KSRQ 161553Z 23014KT 10SM SCT018 SCT023 BKN031 31/26 A2996 RMK AO2 SLP144 T03110256
SRQ,2023-06-16 16:53,10.00,1900.00,KSRQ 161653Z 24014KT 10SM BKN019 BKN026 31/25 A2997 RMK AO2 SLP147 T03060250
SRQ,2023-06-16 17:53,10.00,2100.00,KSRQ 161753Z 26015G21KT 10SM SCT021 BKN027 BKN032 31/25 A2998 RMK AO2 SLP150 T03060250 10311 20294 53008
SRQ,2023-06-16 18:53,10.00,1900.00,KSRQ 161853Z AUTO 27015KT 10SM BKN019 BKN025 BKN031 31/26 A2998 RMK AO2 SLP152 T03110256
SRQ,2023-06-16 19:53,10.00,1700.00,KSRQ 161953Z AUTO 28014G19KT 10SM SCT017 SCT022 32/26 A2994 RMK AO2 LTG DSNT NE SLP138 T03220256
SRQ,2023-06-16 20:53,10.00,1900.00,KSRQ 162053Z AUTO 28018G25KT 10SM SCT019 BKN055 BKN070 31/26 A2995 RMK AO2 LTG DSNT NW-E RAB28E37 SLP141 P0000 60000 T03110261 55009
SRQ,2023-06-16 21:53,10.00,M,KSRQ 162153Z 09009KT 10SM CLR 28/22 A2987 RMK AO2 PK WND 32030/2118 LTG DSNT NE-SE RAB28E37 TSB09E32 SLP113 P0000 T02780222
SRQ,2023-06-16 22:53,10.00,M,KSRQ 162253Z 00000KT 10SM CLR 27/22 A2992 RMK AO2 SLP130 T02720217
SRQ,2023-06-16 23:53,10.00,M,KSRQ 162353Z 18006KT 10SM CLR 28/22 A2992 RMK AO2 LTG DSNT E AND SE SLP131 60000 T02830222 10322 20272 53017
SRQ,2023-06-17 00:53,10.00,M,KSRQ 170053Z 21006KT 10SM CLR 28/22 A2993 RMK AO2 SLP134 T02830222
SRQ,2023-06-17 01:53,10.00,M,KSRQ 170153Z 25005KT 10SM CLR 28/23 A2995 RMK AO2 SLP141 T02830228
SRQ,2023-06-17 02:53,10.00,1700.00,KSRQ 170253Z 24010KT 10SM SCT017 29/25 A2995 RMK AO2 SLP143 T02890250 51012
SRQ,2023-06-17 03:53,10.00,1600.00,KSRQ 170353Z AUTO 25008G17KT 10SM SCT016 29/26 A2996 RMK AO2 SLP146 T02890256
SRQ,2023-06-17 04:53,10.00,1500.00,KSRQ 170453Z AUTO 26009KT 10SM SCT015 29/26 A2996 RMK AO2 SLP144 T02890256 403220244
SRQ,2023-06-17 05:53,10.00,1700.00,KSRQ 170553Z AUTO 26010KT 10SM SCT017 29/25 A2996 RMK AO2 SLP145 T02890250 10289 20283 51003
SRQ,2023-06-17 06:53,10.00,1600.00,KSRQ 170653Z AUTO 25009KT 10SM FEW016 FEW022 29/25 A2996 RMK AO2 SLP143 T02890250
SRQ,2023-06-17 07:53,10.00,1700.00,KSRQ 170753Z AUTO 25008KT 10SM SCT017 BKN027 29/25 A2995 RMK AO2 SLP142 T02890250
SRQ,2023-06-17 08:53,10.00,1500.00,KSRQ 170853Z AUTO 27009KT 10SM SCT015 28/25 A2995 RMK AO2 SLP141 T02830250 56005
SRQ,2023-06-17 09:53,10.00,1800.00,KSRQ 170953Z 26008KT 10SM SCT018 28/25 A2993 RMK AO2 SLP135 T02830250
SRQ,2023-06-17 10:53,10.00,1600.00,KSRQ 171053Z 26011KT 10SM FEW016 28/25 A2995 RMK AO2 SLP141 T02830250
SRQ,2023-06-17 11:53,10.00,1700.00,KSRQ 171153Z 26009KT 10SM FEW017 SCT029 29/25 A2996 RMK AO2 SLP146 T02890250 10294 20283 53005
SRQ,2023-06-17 12:53,10.00,1300.00,KSRQ 171253Z 26011KT 10SM BKN013 BKN070 29/26 A2996 RMK AO2 SLP145 T02940256
SRQ,2023-06-17 13:53,10.00,1900.00,KSRQ 171353Z 25015G23KT 10SM SCT019 BKN024 BKN030 30/26 A2995 RMK AO2 SLP140 T03000256
SRQ,2023-06-17 14:53,10.00,1600.00,KSRQ 171453Z 25017G25KT 10SM SCT016 31/26 A2994 RMK AO2 SLP137 T03110256 56008
SRQ,2023-06-17 15:53,10.00,M,KSRQ 171553Z 28010G19KT 10SM CLR 29/23 A2995 RMK AO2 PK WND 25028/1506 LTG DSNT NE AND SE RAB23E32 SLP139 P0000 T02940233
SRQ,2023-06-17 16:53,10.00,M,KSRQ 171653Z 29011KT 10SM CLR 31/23 A2996 RMK AO2 SLP144 T03110228
SRQ,2023-06-17 17:53,10.00,M,KSRQ 171753Z 30011KT 10SM CLR 32/23 A2996 RMK AO2 SLP143 60000 T03170228 10317 20289 50006
SRQ,2023-06-17 18:53,10.00,M,KSRQ 171853Z 31010KT 10SM CLR 32/22 A2995 RMK AO2 SLP142 T03220217
SRQ,2023-06-17 19:53,10.00,M,KSRQ 171953Z 27010KT 10SM CLR 32/22 A2994 RMK AO2 SLP137 T03170222
SRQ,2023-06-17 20:53,10.00,M,KSRQ 172053Z 25010KT 10SM CLR 32/23 A2992 RMK AO2 SLP130 T03170233 58013
SRQ,2023-06-17 21:53,10.00,2300.00,KSRQ 172153Z 24009KT 10SM FEW023 31/24 A2991 RMK AO2 SLP127 T03110244
SRQ,2023-06-17 22:53,6.00,2300.00,KSRQ 172253Z 24006KT 6SM -RA FEW023 BKN070 OVC100 29/26 A2991 RMK AO2 RAB29 SLP129 P0000 T02890256
SRQ,2023-06-17 23:53,10.00,2200.00,KSRQ 172353Z 26010KT 10SM FEW022 29/25 A2991 RMK AO2 LTG DSNT E RAE12 SLP126 P0001 60001 T02940250 10328 20289 56003
SRQ,2023-06-18 00:53,10.00,1800.00,KSRQ 180053Z 26012KT 10SM FEW018 SCT026 29/25 A2993 RMK AO2 LTG DSNT NE SLP134 T02940250
SRQ,2023-06-18 01:53,10.00,1900.00,KSRQ 180153Z 26011KT 10SM FEW019 29/25 A2993 RMK AO2 LTG DSNT NE SLP135 T02940250
SRQ,2023-06-18 02:53,10.00,1900.00,KSRQ 180253Z 25010KT 10SM SCT019 BKN024 29/25 A2994 RMK AO2 LTG DSNT NE SLP137 T02890250 51011
SRQ,2023-06-18 03:53,10.00,1900.00,KSRQ 180353Z AUTO 24009KT 10SM FEW019 SCT025 29/26 A2994 RMK AO2 LTG DSNT NE AND E SLP138 T02890256
SRQ,2023-06-18 04:53,10.00,1600.00,KSRQ 180453Z AUTO 25013KT 10SM SCT016 SCT021 BKN030 29/26 A2992 RMK AO2 LTG DSNT N AND NE SLP131 T02890256 403280283
SRQ,2023-06-18 05:53,10.00,1600.00,KSRQ 180553Z AUTO 05011KT 10SM TS OVC016 24/21 A2991 RMK AO2 LTG DSNT N-SE TSB22 SLP129 T02390206 10294 20239 58009
SRQ,2023-06-18 06:53,10.00,1700.00,KSRQ 180653Z AUTO 07010KT 10SM -TSRA FEW017 BKN042 OVC080 23/21 A2992 RMK AO2 LTG DSNT E-SW RAB0559 TSE0556B41 SLP131 P0001 T02280211
SRQ,2023-06-18 07:53,10.00,4200.00,KSRQ 180753Z AUTO 12005KT 10SM -RA SCT042 BKN050 BKN070 23/22 A2990 RMK AO2 LTG DSNT SE AND S TSE20 SLP125 P0000 T02280217
SRQ,2023-06-18 08:53,10.00,4000.00,KSRQ 180853Z AUTO 12006KT 10SM FEW040 23/22 A2989 RMK AO2 LTG DSNT SE-SW RAE0758 TSB00 SLP120 P0001 60002 T02280217 58008
SRQ,2023-06-18 09:53,10.00,M,KSRQ 180953Z 16008KT 10SM CLR 23/22 A2989 RMK AO2 LTG DSNT SE AND S AND NW RAB23E37 SLP121 P0001 T02330222
SRQ,2023-06-18 10:53,10.00,10000.00,KSRQ 181053Z 18011KT 10SM -RA BKN100 BKN120 24/23 A2987 RMK AO2 LTG DSNT S-W RAB12 SLP115 P0001 T02390228
SRQ,2023-06-18 11:53,10.00,2400.00,KSRQ 181153Z 06003KT 10SM FEW024 BKN030 24/23 A2992 RMK AO2 LTG DSNT W RAE1055 SLP129 P0001 60005 70006 T02390228 10244 20222 53009
SRQ,2023-06-18 12:53,8.00,2500.00,KSRQ 181253Z 36003KT 8SM -RA FEW025 BKN047 OVC090 25/23 A2993 RMK AO2 LTG DSNT SW RAB53 SLP133 P0000 T02500233
SRQ,2023-06-18 13:53,10.00,4600.00,KSRQ 181353Z 18005KT 10SM VCTS FEW046 27/24 A2992 RMK AO2 LTG DSNT SE-SW RAE34 SLP131 P0002 T02720244
SRQ,2023-06-18 14:53,10.00,2200.00,KSRQ 181453Z 28010KT 10SM BKN022 29/25 A2992 RMK AO2 LTG DSNT SE RAB04E18 SLP129 P0002 60004 T02890250 50000
SRQ,2023-06-18 15:53,10.00,M,KSRQ 181553Z 30016KT 10SM CLR 31/24 A2995 RMK AO2 PK WND 30026/1531 LTG DSNT SE SLP140 P0001 T03060244
SRQ,2023-06-18 16:53,10.00,6500.00,KSRQ 181653Z 29012KT 10SM FEW065 31/24 A2994 RMK AO2 SLP139 T03060239
SRQ,2023-06-18 17:53,10.00,M,KSRQ 181753Z 30014KT 10SM CLR 32/24 A2992 RMK AO2 SLP132 60005 T03170239 10317 20239 50003
SRQ,2023-06-18 18:53,10.00,8500.00,KSRQ 181853Z 30012KT 10SM FEW085 31/24 A2991 RMK AO2 SLP129 T03110239
SRQ,2023-06-18 19:53,10.00,8000.00,KSRQ 181953Z 30012KT 10SM FEW080 32/24 A2991 RMK AO2 SLP127 T03170244
SRQ,2023-06-18 20:53,10.00,7500.00,KSRQ 182053Z 29014KT 10SM SCT075 31/25 A2990 RMK AO2 SLP126 T03110250 56006
SRQ,2023-06-18 21:53,10.00,8500.00,KSRQ 182153Z 30015KT 10SM FEW085 30/25 A2991 RMK AO2 SLP127 T03000250
SRQ,2023-06-18 22:53,10.00,2000.00,KSRQ 182253Z 30013KT 10SM SCT020 SCT080 29/25 A2992 RMK AO2 LTG DSNT NW SLP131 T02940250
SRQ,2023-06-18 23:53,0.75,2700.00,KSRQ 182353Z 33012G31KT 3/4SM +RA BR BKN027 24/22 A2994 RMK AO2 PK WND 33037/2343 LTG DSNT ALQDS RAB13 SLP137 6//// T02390222 10317 20239 53011 PNO $
SRQ,2023-06-19 00:53,10.00,800.00,KSRQ 190053Z 00000KT 10SM -RA FEW008 24/22 A2989 RMK AO2 LTG DSNT SE AND S RAE14B43 SLP121 T02440217 PNO $
SRQ,2023-06-19 01:53,10.00,M,KSRQ 190153Z 27006KT 10SM CLR 26/23 A2988 RMK AO2 RAE11 SLP116 P0001 T02560228 $
SRQ,2023-06-19 02:53,10.00,M,KSRQ 190253Z VRB03KT 10SM CLR 27/24 A2990 RMK AO2 SLP123 6//// T02670244 55014 $
SRQ,2023-06-19 03:53,10.00,M,KSRQ 190353Z 31005KT 10SM CLR 27/24 A2993 RMK AO2 SLP136 T02720244 $
SRQ,2023-06-19 04:53,10.00,M,KSRQ 190453Z 00000KT 10SM CLR 28/24 A2992 RMK AO2 SLP130 T02780239 403170222 $
SRQ,2023-06-19 05:53,10.00,M,KSRQ 190553Z AUTO 23007KT 10SM CLR 28/24 A2991 RMK AO2 SLP128 6//// T02780239 10278 20233 50005 $
SRQ,2023-06-19 06:53,10.00,M,KSRQ 190653Z AUTO 24007KT 10SM CLR 28/23 A2990 RMK AO2 SLP125 T02780228 $
SRQ,2023-06-19 07:53,10.00,M,KSRQ 190753Z AUTO 26006KT 10SM CLR 27/23 A2990 RMK AO2 SLP124 T02720228 $
SRQ,2023-06-19 08:53,10.00,M,KSRQ 190853Z AUTO 26007KT 10SM CLR 28/23 A2990 RMK AO2 SLP124 T02780228 56004 $
SRQ,2023-06-19 09:53,10.00,M,KSRQ 190953Z 26010KT 10SM CLR 28/23 A2992 RMK AO2 SLP130 T02780228 $
SRQ,2023-06-19 10:53,10.00,M,KSRQ 191053Z 28010G18KT 10SM CLR 28/23 A2993 RMK AO2 SLP135 T02780228 $
SRQ,2023-06-19 11:53,10.00,M,KSRQ 191153Z 27009KT 10SM CLR 29/23 A2994 RMK AO2 SLP138 7//// T02890233 10289 20272 51014 $
SRQ,2023-06-19 12:53,10.00,1900.00,KSRQ 191253Z 28010KT 10SM FEW019 29/25 A2997 RMK AO2 SLP147 T02940250 $
SRQ,2023-06-19 13:53,10.00,M,KSRQ 191353Z 29009KT 10SM CLR 30/25 A2997 RMK AO2 SLP148 T03000250 $
SRQ,2023-06-19 14:53,10.00,M,KSRQ 191453Z 27009KT 10SM CLR 31/25 A2998 RMK AO2 SLP150 T03060250 51012 $
SRQ,2023-06-19 15:53,10.00,M,KSRQ 191553Z 26008KT 10SM CLR 31/25 A2999 RMK AO2 SLP155 T03060250 $
SRQ,2023-06-19 16:53,10.00,M,KSRQ 191653Z 27010KT 10SM CLR 31/24 A3000 RMK AO2 SLP156 T03110244 $
SRQ,2023-06-19 17:53,10.00,M,KSRQ 191753Z 28009KT 10SM CLR 32/25 A2998 RMK AO2 SLP152 T03170250 10317 20289 50002 $
SRQ,2023-06-19 19:53,10.00,M,KSRQ 191953Z 27011KT 10SM CLR 32/26 A2995 RMK AO2 SLP140 T03170256 $
SRQ,2023-06-19 20:53,10.00,M,KSRQ 192053Z 28011KT 10SM CLR 32/25 A2993 RMK AO2 SLP136 T03170250 56016 $
SRQ,2023-06-19 21:53,10.00,M,KSRQ 192153Z 27011KT 10SM CLR 31/24 A2992 RMK AO2 SLP131 T03110244 $
SRQ,2023-06-19 22:53,10.00,2100.00,KSRQ 192253Z 28008KT 10SM SCT021 31/24 A2992 RMK AO2 SLP131 T03060244 $
SRQ,2023-06-19 23:53,10.00,2200.00,KSRQ 192353Z 26009G16KT 10SM FEW022 SCT031 29/24 A2994 RMK AO2 SLP137 T02940239 10322 20294 53001 $
SRQ,2023-06-20 00:53,10.00,1200.00,KSRQ 200053Z 25009KT 10SM FEW012 SCT021 29/24 A2994 RMK AO2 SLP138 T02890239 $
SRQ,2023-06-20 01:53,10.00,2100.00,KSRQ 200153Z 27007KT 10SM FEW021 29/24 A2995 RMK AO2 SLP142 T02890239
SRQ,2023-06-20 02:53,10.00,2100.00,KSRQ 200253Z 24009KT 10SM FEW021 29/24 A2994 RMK AO2 SLP138 T02890239 50001
SRQ,2023-06-20 03:53,10.00,M,KSRQ 200353Z 22009KT 10SM CLR 29/24 A2994 RMK AO2 SLP138 T02890239
SRQ,2023-06-20 04:53,10.00,2100.00,KSRQ 200453Z 23012G19KT 10SM FEW021 29/24 A2995 RMK AO2 SLP139 T02890244 403220272
SRQ,2023-06-20 05:53,10.00,2200.00,KSRQ 200553Z AUTO 21009KT 10SM SCT022 29/24 A2995 RMK AO2 SLP140 T02890244 10294 20289 53002
SRQ,2023-06-20 06:53,10.00,2100.00,KSRQ 200653Z AUTO 23010KT 10SM SCT021 29/24 A2993 RMK AO2 SLP134 T02890239
SRQ,2023-06-20 07:53,10.00,2000.00,KSRQ 200753Z AUTO 21013KT 10SM SCT020 BKN028 BKN075 29/24 A2991 RMK AO2 SLP126 T02890244
SRQ,2023-06-20 08:53,10.00,7000.00,KSRQ 200853Z AUTO 22013G19KT 10SM BKN070 OVC085 29/24 A2990 RMK AO2 SLP124 T02890244 56010
SRQ,2023-06-20 09:53,10.00,2000.00,KSRQ 200953Z 23014G19KT 10SM FEW020 BKN075 BKN090 29/24 A2989 RMK AO2 SLP122 T02890244
SRQ,2023-06-20 10:53,10.00,1800.00,KSRQ 201053Z 22015G22KT 10SM BKN018 29/24 A2989 RMK AO2 SLP122 T02890244
SRQ,2023-06-20 11:53,10.00,2000.00,KSRQ 201153Z 20011G21KT 10SM FEW020 29/24 A2987 RMK AO2 SLP113 T02940239 10294 20283 58008
SRQ,2023-06-20 12:53,10.00,2300.00,KSRQ 201253Z 22014KT 10SM FEW023 30/24 A2988 RMK AO2 SLP119 T03000239
SRQ,2023-06-20 13:53,10.00,2200.00,KSRQ 201353Z 22016KT 10SM FEW022 31/24 A2991 RMK AO2 SLP128 T03060244
SRQ,2023-06-20 14:53,10.00,2000.00,KSRQ 201453Z 10SM BKN020 31/24 A2993 RMK AO2 SLP133 T03060244 53020
SRQ,2023-06-20 15:53,10.00,11000.00,KSRQ 201553Z 23012G17KT 10SM FEW110 31/25 A2994 RMK AO2 SLP137 T03110250
SRQ,2023-06-20 16:53,10.00,M,KSRQ 201653Z 23013G17KT 10SM CLR 32/26 A2993 RMK AO2 SLP133 T03220256
SRQ,2023-06-20 17:53,10.00,1800.00,KSRQ 201753Z 25013G21KT 10SM SCT018 32/26 A2990 RMK AO2 SLP125 T03220256 10322 20294 58008
SRQ,2023-06-20 18:53,10.00,1900.00,KSRQ 201853Z 25013G21KT 10SM SCT019 SCT025 32/26 A2990 RMK AO2 SLP124 T03170256
SRQ,2023-06-20 19:53,10.00,1900.00,KSRQ 201953Z 26017G25KT 10SM BKN019 BKN029 BKN050 31/25 A2988 RMK AO2 SLP119 T03060250
SRQ,2023-06-20 20:53,10.00,2000.00,KSRQ 202053Z 27015G23KT 10SM BKN020 BKN032 31/26 A2988 RMK AO2 PK WND 26029/2005 LTG DSNT NE AND E SLP116 T03110256 58008
SRQ,2023-06-20 21:53,10.00,2400.00,KSRQ 202153Z 26014G24KT 10SM SCT024 BKN031 BKN039 31/24 A2988 RMK AO2 SLP117 T03060244
SRQ,2023-06-20 22:53,10.00,11000.00,KSRQ 202253Z 27014G19KT 10SM SCT110 30/23 A2989 RMK AO2 PK WND 26027/2220 TSB00E18 SLP119 T03000233
SRQ,2023-06-20 23:53,10.00,12000.00,KSRQ 202353Z 28012KT 10SM FEW120 29/23 A2989 RMK AO2 SLP122 T02940233 10322 20294 53006
SRQ,2023-06-21 00:53,10.00,9000.00,KSRQ 210053Z 28012KT 10SM FEW090 29/23 A2990 RMK AO2 SLP124 T02890233
SRQ,2023-06-21 01:53,10.00,11000.00,KSRQ 210153Z 27010KT 10SM FEW110 29/23 A2991 RMK AO2 SLP129 T02890233
SRQ,2023-06-21 02:53,10.00,10000.00,KSRQ 210253Z 22006KT 10SM FEW100 29/23 A2992 RMK AO2 SLP131 T02890233 52009
SRQ,2023-06-21 03:53,10.00,1700.00,KSRQ 210353Z 22009KT 10SM FEW017 28/24 A2991 RMK AO2 LTG DSNT SE SLP127 T02830244
SRQ,2023-06-21 04:53,10.00,M,KSRQ 210453Z AUTO 20008KT 10SM CLR 29/22 A2990 RMK AO2 SLP124 T02890217 403220283
SRQ,2023-06-21 05:53,10.00,M,KSRQ 210553Z AUTO 20009KT 10SM CLR 29/24 A2989 RMK AO2 LTG DSNT SE SLP121 T02890239 10294 20283 56010
SRQ,2023-06-21 06:53,10.00,1900.00,KSRQ 210653Z AUTO 20011KT 10SM FEW019 29/24 A2988 RMK AO2 SLP116 T02890244
SRQ,2023-06-21 07:53,10.00,1900.00,KSRQ 210753Z AUTO 16015KT 10SM TS BKN019 BKN035 BKN049 27/23 A2987 RMK AO2 LTG DSNT NE-S RAB41E52 TSB15E30B37E52B53 SLP115 P0001 T02670233
SRQ,2023-06-21 08:53,10.00,2300.00,KSRQ 210853Z AUTO 13007KT 10SM VCTS SCT023 BKN028 BKN034 25/22 A2987 RMK AO2 LTG DSNT NW-E TSE40 SLP115 P0001 60002 T02500217 55005
SRQ,2023-06-21 09:53,10.00,2100.00,KSRQ 210953Z AUTO 10006KT 10SM TS FEW021 BKN029 OVC065 24/22 A2987 RMK AO2 LTG DSNT ALQDS TSB14E29B32 SLP115 T02440217
SRQ,2023-06-21 10:53,10.00,1700.00,KSRQ 211053Z 01015G22KT 10SM VCTS OVC017 24/21 A2992 RMK AO2 LTG DSNT NW-NE TSE20 SLP132 T02440211
SRQ,2023-06-21 11:53,10.00,1600.00,KSRQ 211153Z COR 06005KT 10SM BKN016 22/21 A2992 RMK AO2 LTG DSNT NW RAB25 SLP131 P0008 60010 70010 T02220211 10289 20222 50016
SRQ,2023-06-21 12:53,10.00,4300.00,KSRQ 211253Z 03007KT 10SM SCT043 23/22 A2994 RMK AO2 LTG DSNT N AND NW RAE53 SLP137 P0010 T02330217
SRQ,2023-06-21 13:53,10.00,3000.00,KSRQ 211353Z 07006KT 10SM SCT030 BKN037 OVC080 24/21 A2992 RMK AO2 LTG DSNT SW SLP132 T02390211
SRQ,2023-06-21 14:53,10.00,M,KSRQ 211453Z 14012KT 10SM CLR 27/23 A2990 RMK AO2 LTG DSNT S SLP123 60010 T02670228 58009
SRQ,2023-06-21 15:53,10.00,M,KSRQ 211553Z 12013KT 10SM CLR 29/22 A2989 RMK AO2 SLP120 T02940217
SRQ,2023-06-21 16:53,10.00,M,KSRQ 211653Z 16015KT 10SM CLR 31/22 A2991 RMK AO2 SLP127 T03110222
SRQ,2023-06-21 17:53,10.00,M,KSRQ 211753Z 20012KT 10SM CLR 31/22 A2990 RMK AO2 SLP125 60010 T03110217 10317 20222 52002
SRQ,2023-06-21 18:53,10.00,M,KSRQ 211853Z 19008KT 10SM CLR 31/23 A2990 RMK AO2 LTG DSNT N SLP123 T03060228
SRQ,2023-06-21 19:53,10.00,2800.00,KSRQ 211953Z 36013G18KT 10SM BKN028 BKN033 OVC070 27/21 A2991 RMK AO2 LTG DSNT E AND W AND NW SLP126 T02670206
SRQ,2023-06-21 20:53,3.00,2000.00,KSRQ 212053Z 35012G22KT 3SM TS BR FEW020 BKN027 OVC038 23/22 A2994 RMK AO2 PK WND 02030/2036 LTG DSNT ALQDS TSB15 PRESRR SLP138 P0038 60038 T02280217 53013
SRQ,2023-06-21 21:53,3.00,4100.00,KSRQ 212153Z 34006KT 3SM TS BR SCT041 BKN075 BKN085 23/22 A2993 RMK AO2 LTG DSNT ALQDS TSE25B35 SLP134 P0009 T02330217
SRQ,2023-06-21 22:53,2.50,5500.00,KSRQ 212253Z 28003KT 2 1/2SM -TSRA BR FEW055 SCT085 OVC110 24/22 A2991 RMK AO2 LTG DSNT SW-NW RAB31 TSE02B25 SLP128 P0014 T02390222
SRQ,2023-06-21 23:53,8.00,9500.00,KSRQ 212353Z 15010KT 8SM -RA SCT095 BKN120 24/22 A2990 RMK AO2 LTG DSNT E AND SE TSE08 SLP125 P0005 60066 T02390222 10311 20228 56012
SRQ,2023-06-22 00:53,10.00,M,KSRQ 220053Z 14011KT 10SM CLR 23/22 A2988 RMK AO2 RAE28 SLP117 P0000 T02330222
SRQ,2023-06-22 01:53,10.00,M,KSRQ 220153Z 14012KT 10SM CLR 23/21 A2991 RMK AO2 SLP128 T02280211
SRQ,2023-06-22 02:53,10.00,M,KSRQ 220253Z 13010KT 10SM CLR 22/21 A2993 RMK AO2 SLP134 60000 T02220206 53009
SRQ,2023-06-22 03:53,10.00,M,KSRQ 220353Z AUTO 15010KT 10SM CLR 22/21 A2992 RMK AO2 SLP131 T02220206
SRQ,2023-06-22 04:53,10.00,M,KSRQ 220453Z AUTO 15008KT 10SM CLR 23/21 A2992 RMK AO2 SLP130 T02280206 403170222
SRQ,2023-06-22 05:53,10.00,M,KSRQ 220553Z AUTO 15010KT 10SM CLR 23/21 A2990 RMK AO2 SLP123 60000 T02330206 10239 20222 58011
SRQ,2023-06-22 06:53,10.00,M,KSRQ 220653Z AUTO 16007KT 10SM CLR 23/21 A2988 RMK AO2 SLP118 T02330211
SRQ,2023-06-22 07:53,10.00,M,KSRQ 220753Z AUTO 16006KT 10SM CLR 23/22 A2988 RMK AO2 SLP117 T02330217
SRQ,2023-06-22 08:53,10.00,M,KSRQ 220853Z AUTO 15007KT 10SM CLR 24/22 A2988 RMK AO2 SLP119 T02390222 55004
SRQ,2023-06-22 09:53,10.00,1800.00,KSRQ 220953Z 14007KT 10SM FEW018 24/22 A2990 RMK AO2 SLP123 T02390222
SRQ,2023-06-22 10:53,10.00,M,KSRQ 221053Z 14007KT 10SM CLR 24/23 A2991 RMK AO2 SLP128 T02390228
SRQ,2023-06-22 11:53,10.00,M,KSRQ 221153Z 15007KT 10SM CLR 26/23 A2995 RMK AO2 SLP139 70076 T02560228 10256 20233 53021
SRQ,2023-06-22 12:53,10.00,5000.00,KSRQ 221253Z 13008KT 10SM FEW050 28/24 A2997 RMK AO2 LTG DSNT N AND NW SLP149 T02780239
SRQ,2023-06-22 13:53,10.00,2000.00,KSRQ 221353Z 18005KT 10SM BKN020 BKN025 BKN031 29/25 A2997 RMK AO2 LTG DSNT N SLP148 T02940250
SRQ,2023-06-22 14:53,10.00,M,KSRQ 221453Z 18010KT 10SM CLR 31/26 A2996 RMK AO2 SLP145 T03060256 58004
SRQ,2023-06-22 18:53,10.00,1900.00,KSRQ 221853Z 20012KT 10SM FEW019 32/24 A2996 RMK AO2 SLP143 T03170244
SRQ,2023-06-22 19:53,10.00,M,KSRQ 221953Z 23010KT 10SM CLR 32/23 A2995 RMK AO2 SLP142 T03220233
SRQ,2023-06-22 20:53,10.00,M,KSRQ 222053Z 23011KT 10SM CLR 32/23 A2996 RMK AO2 SLP144 T03170233 53002
SRQ,2023-06-22 21:53,10.00,M,KSRQ 222153Z 20011KT 10SM CLR 32/24 A2995 RMK AO2 LTG DSNT E SLP143 T03170239
SRQ,2023-06-22 22:53,10.00,M,KSRQ 222253Z 21011KT 10SM CLR 31/24 A2997 RMK AO2 SLP146 T03110239
SRQ,2023-06-22 23:53,10.00,M,KSRQ 222353Z 19008KT 10SM CLR 31/24 A2997 RMK AO2 LTG DSNT SE SLP147 T03060239 10322 20300 53002
SRQ,2023-06-23 00:53,10.00,M,KSRQ 230053Z 20007KT 10SM CLR 30/24 A2997 RMK AO2 SLP148 T03000244
SRQ,2023-06-23 01:53,10.00,M,KSRQ 230153Z 19009KT 10SM CLR 29/24 A2998 RMK AO2 SLP150 T02940244
SRQ,2023-06-23 02:53,10.00,M,KSRQ 230253Z 19009KT 10SM CLR 29/24 A2999 RMK AO2 LTG DSNT SE SLP154 T02940244 53007
SRQ,2023-06-23 03:53,10.00,2000.00,KSRQ 230353Z AUTO 20010KT 10SM FEW020 29/25 A2999 RMK AO2 LTG DSNT SE SLP153 T02940250
SRQ,2023-06-23 04:53,10.00,M,KSRQ 230453Z AUTO 20009KT 10SM CLR 29/25 A2998 RMK AO2 SLP152 T02940250 403220228
SRQ,2023-06-23 05:53,10.00,2100.00,KSRQ 230553Z AUTO 21011KT 10SM SCT021 SCT032 29/25 A2996 RMK AO2 SLP144 T02940250 10306 20294 58010
SRQ,2023-06-23 06:53,10.00,M,KSRQ 230653Z AUTO 23008KT 10SM CLR 29/25 A2995 RMK AO2 SLP140 T02890250
SRQ,2023-06-23 07:53,10.00,1800.00,KSRQ 230753Z AUTO 22008KT 10SM FEW018 29/25 A2997 RMK AO2 SLP147 T02890250
SRQ,2023-06-23 08:53,10.00,M,KSRQ 230853Z AUTO 22008KT 10SM CLR 29/25 A2999 RMK AO2 SLP155 T02890250 53011
SRQ,2023-06-23 09:53,10.00,M,KSRQ 230953Z AUTO 22008KT 10SM CLR 29/25 A3000 RMK AO2 SLP157 T02890250
SRQ,2023-06-23 10:53,10.00,10000.00,KSRQ 231053Z 22008KT 10SM OVC100 29/25 A3001 RMK AO2 SLP161 T02890250
SRQ,2023-06-23 11:53,10.00,M,KSRQ 231153Z 21007KT 10SM CLR 29/24 A3001 RMK AO2 SLP160 T02940244 10294 20289 50005
SRQ,2023-06-23 12:53,10.00,M,KSRQ 231253Z 22008KT 10SM CLR 29/24 A3002 RMK AO2 SLP165 T02940244
SRQ,2023-06-23 13:53,9.00,M,KSRQ 231353Z 19006KT 9SM CLR 30/25 A3004 RMK AO2 SLP170 T03000250
SRQ,2023-06-23 14:53,10.00,M,KSRQ 231453Z 18005KT 10SM CLR 31/24 A3004 RMK AO2 SLP170 T03110244 51010
SRQ,2023-06-23 15:53,10.00,M,KSRQ 231553Z 22008KT 10SM CLR 31/25 A3004 RMK AO2 SLP170 T03110250
SRQ,2023-06-23 16:53,10.00,M,KSRQ 231653Z 23008KT 10SM CLR 32/24 A3003 RMK AO2 SLP168 T03170244
SRQ,2023-06-23 17:53,10.00,M,KSRQ 231753Z 25007KT 10SM CLR 32/24 A3001 RMK AO2 SLP162 T03170244 10322 20294 58008
SRQ,2023-06-23 18:53,10.00,M,KSRQ 231853Z 24008KT 10SM CLR 32/24 A3002 RMK AO2 SLP163 T03170239
SRQ,2023-06-23 19:53,10.00,M,KSRQ 231953Z 26008KT 10SM CLR 32/23 A2998 RMK AO2 LTG DSNT NE SLP152 T03170233
SRQ,2023-06-23 20:53,10.00,M,KSRQ 232053Z 23008KT 10SM CLR 31/23 A2997 RMK AO2 SLP149 T03110233 58013
SRQ,2023-06-23 21:53,10.00,M,KSRQ 232153Z 25008KT 10SM CLR 31/23 A2999 RMK AO2 SLP155 T03060228
SRQ,2023-06-23 22:53,10.00,M,KSRQ 232253Z 28007KT 10SM CLR 31/24 A2999 RMK AO2 SLP156 T03060244
SRQ,2023-06-23 23:53,10.00,M,KSRQ 232353Z 29008KT 10SM CLR 30/24 A3001 RMK AO2 SLP162 T03000239 10328 20300 53012
SRQ,2023-06-24 00:53,6.00,8000.00,KSRQ 240053Z 27004KT 6SM HZ BKN080 29/24 A3003 RMK AO2 SLP166 T02940244
SRQ,2023-06-24 01:53,10.00,2700.00,KSRQ 240153Z AUTO 34009KT 10SM -TSRA FEW027 BKN065 OVC090 27/23 A3004 RMK AO2 RAB46 TSB38 SLP170 P0000 T02670228
SRQ,2023-06-24 02:53,10.00,M,KSRQ 240253Z AUTO 00000KT 10SM CLR 26/24 A3003 RMK AO2 RAE23 TSE02 SLP168 P0006 60006 T02560239 50006
SRQ,2023-06-24 03:53,10.00,M,KSRQ 240353Z AUTO 11005KT 10SM CLR 26/24 A3005 RMK AO2 SLP173 T02560239
SRQ,2023-06-24 04:53,10.00,M,KSRQ 240453Z AUTO 00000KT 10SM CLR 26/23 A3002 RMK AO2 SLP166 T02560233 403280250
SRQ,2023-06-24 05:53,10.00,M,KSRQ 240553Z AUTO 14003KT 10SM CLR 26/23 A3001 RMK AO2 SLP162 60006 T02560228 10300 20250 58006
SRQ,2023-06-24 06:53,10.00,M,KSRQ 240653Z AUTO 13005KT 10SM CLR 26/23 A3000 RMK AO2 SLP158 T02560228
SRQ,2023-06-24 07:53,10.00,M,KSRQ 240753Z AUTO 14006KT 10SM CLR 25/23 A2999 RMK AO2 SLP155 T02500228
SRQ,2023-06-24 08:53,10.00,M,KSRQ 240853Z AUTO 00000KT 10SM CLR 25/23 A2998 RMK AO2 SLP153 T02500233 56009
SRQ,2023-06-24 09:53,10.00,M,KSRQ 240953Z 00000KT 10SM CLR 26/23 A2999 RMK AO2 SLP155 T02560233
SRQ,2023-06-24 10:53,10.00,M,KSRQ 241053Z 00000KT 10SM CLR 25/23 A3000 RMK AO2 SLP157 T02500233
SRQ,2023-06-24 11:53,10.00,M,KSRQ 241153Z 00000KT 10SM CLR 27/24 A3000 RMK AO2 SLP159 70006 T02670239 10267 20244 52006
SRQ,2023-06-24 12:53,10.00,M,KSRQ 241253Z 00000KT 10SM CLR 29/24 A3001 RMK AO2 SLP161 T02890244
SRQ,2023-06-24 13:53,10.00,M,KSRQ 241353Z 00000KT 10SM CLR 31/24 A3001 RMK AO2 SLP162 T03060239
SRQ,2023-06-24 14:53,10.00,3000.00,KSRQ 241453Z 27003KT 10SM SCT030 31/22 A3002 RMK AO2 SLP166 T03110222 53007
SRQ,2023-06-24 15:53,10.00,M,KSRQ 241553Z 26006KT 10SM CLR 32/23 A3004 RMK AO2 SLP173 T03170228
SRQ,2023-06-24 16:53,10.00,M,KSRQ 241653Z 27008KT 10SM CLR 32/24 A3005 RMK AO2 LTG DSNT SE SLP174 T03170239
SRQ,2023-06-24 17:53,10.00,M,KSRQ 241753Z 29011KT 10SM CLR 32/24 A3003 RMK AO2 LTG DSNT N-SE SLP169 T03220239 10322 20267 50003
SRQ,2023-06-24 18:53,10.00,M,KSRQ 241853Z 29008KT 10SM CLR 32/24 A3003 RMK AO2 LTG DSNT N-SE SLP167 T03220239
SRQ,2023-06-24 19:53,10.00,M,KSRQ 241953Z 28012KT 10SM CLR 32/24 A2998 RMK AO2 SLP153 T03220239
SRQ,2023-06-24 20:53,10.00,M,KSRQ 242053Z 28009KT 10SM CLR 32/23 A2997 RMK AO2 SLP148 T03170233 58020
SRQ,2023-06-24 21:53,10.00,M,KSRQ 242153Z 27008KT 10SM CLR 32/23 A2997 RMK AO2 SLP149 T03170233
SRQ,2023-06-24 22:53,10.00,12000.00,KSRQ 242253Z 10SM BKN120 31/23 A2998 RMK AO2 SLP152 T03060233
SRQ,2023-06-24 23:53,10.00,M,KSRQ 242353Z 28005KT 10SM CLR 30/24 A2999 RMK AO2 SLP153 T03000239 10328 20300 53005
SRQ,2023-06-25 00:53,10.00,300.00,KSRQ 250053Z 31006KT 10SM FEW003 29/23 A2998 RMK AO2 SLP152 T02890233
SRQ,2023-06-25 01:53,10.00,M,KSRQ 250153Z 32006KT 10SM CLR 28/23 A3000 RMK AO2 SLP157 T02830233
SRQ,2023-06-25 02:53,10.00,2300.00,KSRQ 250253Z VRB03KT 10SM FEW023 28/24 A3001 RMK AO2 SLP160 T02830239 53007
SRQ,2023-06-25 03:53,10.00,2200.00,KSRQ 250353Z 00000KT 10SM FEW022 FEW032 28/24 A3001 RMK AO2 SLP161 T02830239
SRQ,2023-06-25 04:53,10.00,M,KSRQ 250453Z AUTO 32004KT 10SM CLR 28/23 A3000 RMK AO2 SLP157 T02780233 403280244
SRQ,2023-06-25 05:53,10.00,M,KSRQ 250553Z AUTO 00000KT 10SM CLR 28/23 A2998 RMK AO2 SLP152 T02780233 10300 20272 58008
SRQ,2023-06-25 06:53,10.00,M,KSRQ 250653Z AUTO 00000KT 10SM CLR 27/23 A2996 RMK AO2 SLP145 T02720233
SRQ,2023-06-25 07:53,10.00,2200.00,KSRQ 250753Z AUTO 32003KT 10SM FEW022 27/23 A2995 RMK AO2 SLP141 T02720233
SRQ,2023-06-25 08:53,10.00,2000.00,KSRQ 250853Z AUTO 33003KT 10SM FEW020 27/24 A2994 RMK AO2 SLP139 T02670239 56013
SRQ,2023-06-25 09:53,10.00,M,KSRQ 250953Z 34003KT 10SM CLR 26/24 A2995 RMK AO2 SLP141 T02610239
SRQ,2023-06-25 10:53,10.00,M,KSRQ 251053Z 31005KT 10SM CLR 26/23 A2996 RMK AO2 SLP144 T02610233
SRQ,2023-06-25 11:53,10.00,M,KSRQ 251153Z 33005KT 10SM CLR 27/24 A2997 RMK AO2 SLP148 T02720239 10278 20261 53009
SRQ,2023-06-25 12:53,10.00,M,KSRQ 251253Z 34007KT 10SM CLR 28/23 A2999 RMK AO2 SLP153 T02830233
SRQ,2023-06-25 13:53,10.00,2300.00,KSRQ 251353Z 34009KT 10SM SCT023 29/23 A2999 RMK AO2 SLP156 T02940233
SRQ,2023-06-25 14:53,10.00,2800.00,KSRQ 251453Z 33006KT 10SM BKN028 30/23 A2999 RMK AO2 SLP154 T03000228 50006
SRQ,2023-06-25 15:53,10.00,3300.00,KSRQ 251553Z 28008KT 10SM SCT033 31/22 A2999 RMK AO2 SLP155 T03110222
SRQ,2023-06-25 16:53,10.00,3900.00,KSRQ 251653Z 28011KT 10SM SCT039 32/22 A2999 RMK AO2 SLP153 T03170217
SRQ,2023-06-25 17:53,10.00,M,KSRQ 251753Z 29013KT 10SM CLR 32/21 A2997 RMK AO2 SLP149 T03170211 10322 20272 58005
SRQ,2023-06-25 18:53,10.00,M,KSRQ 251853Z 29012KT 10SM CLR 32/22 A2995 RMK AO2 SLP142 T03170222
SRQ,2023-06-25 19:53,10.00,M,KSRQ 251953Z 28011KT 10SM CLR 31/22 A2995 RMK AO2 SLP142 T03110222
SRQ,2023-06-25 20:53,10.00,M,KSRQ 252053Z 10SM CLR 31/22 A2994 RMK AO2 SLP139 T03110222 56010
SRQ,2023-06-25 21:53,10.00,M,KSRQ 252153Z 28011KT 10SM CLR 31/23 A2993 RMK AO2 SLP134 T03110233
SRQ,2023-06-25 22:53,10.00,M,KSRQ 252253Z 33008KT 10SM CLR 31/21 A2994 RMK AO2 SLP137 T03060211
SRQ,2023-06-25 23:53,10.00,M,KSRQ 252353Z 31008KT 10SM CLR 29/23 A2994 RMK AO2 SLP138 T02940228 10322 20294 55001
SRQ,2023-06-26 00:53,10.00,M,KSRQ 260053Z 31003KT 10SM CLR 28/22 A2994 RMK AO2 SLP138 T02780222
SRQ,2023-06-26 01:53,10.00,M,KSRQ 260153Z 31004KT 10SM CLR 28/22 A2995 RMK AO2 SLP140 T02780222
SRQ,2023-06-26 02:53,10.00,4900.00,KSRQ 260253Z 32005KT 10SM BKN049 27/22 A2995 RMK AO2 SLP142 T02720222 53005
SRQ,2023-06-26 03:53,10.00,4600.00,KSRQ 260353Z AUTO 33005KT 10SM SCT046 27/23 A2996 RMK AO2 SLP146 T02720228
SRQ,2023-06-26 04:53,10.00,M,KSRQ 260453Z AUTO 00000KT 10SM CLR 27/22 A2996 RMK AO2 SLP144 T02720222 403220261
SRQ,2023-06-26 05:53,10.00,M,KSRQ 260553Z AUTO 33004KT 10SM CLR 27/22 A2994 RMK AO2 SLP137 T02670222 10294 20267 58005
SRQ,2023-06-26 06:53,10.00,M,KSRQ 260653Z AUTO 00000KT 10SM CLR 27/22 A2993 RMK AO2 SLP133 T02670222
SRQ,2023-06-26 07:53,10.00,M,KSRQ 260753Z AUTO 00000KT 10SM CLR 26/22 A2992 RMK AO2 SLP131 T02610222
SRQ,2023-06-26 08:53,10.00,M,KSRQ 260853Z AUTO 33003KT 10SM CLR 26/23 A2993 RMK AO2 SLP134 T02560228 55003
SRQ,2023-06-26 09:53,10.00,M,KSRQ 260953Z AUTO 34005KT 10SM CLR 26/22 A2993 RMK AO2 SLP134 T02560222
SRQ,2023-06-26 10:53,10.00,M,KSRQ 261053Z 14003KT 10SM CLR 25/22 A2994 RMK AO2 SLP136 T02500222
SRQ,2023-06-26 11:53,10.00,M,KSRQ 261153Z 00000KT 10SM CLR 27/24 A2994 RMK AO2 SLP139 T02670239 10267 20244 53006
SRQ,2023-06-26 12:53,10.00,M,KSRQ 261253Z 00000KT 10SM CLR 29/23 A2997 RMK AO2 SLP147 T02890228
SRQ,2023-06-26 13:53,10.00,M,KSRQ 261353Z 33007KT 10SM CLR 30/23 A2997 RMK AO2 SLP149 T03000233
SRQ,2023-06-26 14:53,10.00,2900.00,KSRQ 261453Z 31007KT 10SM FEW029 29/22 A2998 RMK AO2 SLP150 T02940222 51010
SRQ,2023-06-26 15:53,10.00,M,KSRQ 261553Z 30007KT 10SM CLR 31/22 A2997 RMK AO2 SLP148 T03110217
SRQ,2023-06-26 16:53,10.00,3700.00,KSRQ 261653Z 28010KT 10SM FEW037 31/21 A2997 RMK AO2 SLP147 T03110211
SRQ,2023-06-26 17:53,10.00,M,KSRQ 261753Z 28010KT 10SM CLR 31/22 A2996 RMK AO2 SLP143 T03110222 10317 20267 58007
SRQ,2023-06-26 18:53,10.00,M,KSRQ 261853Z 27011KT 10SM CLR 32/22 A2994 RMK AO2 SLP138 T03170222
SRQ,2023-06-26 19:53,10.00,M,KSRQ 261953Z 26008KT 10SM CLR 32/22 A2992 RMK AO2 SLP131 T03170217
SRQ,2023-06-26 20:53,10.00,M,KSRQ 262053Z 29010KT 10SM CLR 31/22 A2992 RMK AO2 SLP132 T03110217 55011
SRQ,2023-06-26 21:53,10.00,M,KSRQ 262153Z 27011KT 10SM CLR 31/22 A2993 RMK AO2 SLP133 T03060222
SRQ,2023-06-26 22:53,10.00,M,KSRQ 262253Z 29009G16KT 10SM CLR 30/22 A2992 RMK AO2 SLP130 T03000222
SRQ,2023-06-26 23:53,10.00,M,KSRQ 262353Z 26009KT 10SM CLR 29/21 A2992 RMK AO2 SLP132 T02940206 10317 20294 55000
SRQ,2023-06-27 00:53,10.00,M,KSRQ 270053Z 28008KT 10SM CLR 29/21 A2993 RMK AO2 SLP135 T02890206
SRQ,2023-06-27 01:53,10.00,M,KSRQ 270153Z 26007KT 10SM CLR 28/20 A2994 RMK AO2 SLP139 T02830200
SRQ,2023-06-27 02:53,10.00,M,KSRQ 270253Z 28007KT 10SM CLR 28/21 A2994 RMK AO2 SLP139 T02830206 51007
SRQ,2023-06-27 03:53,10.00,M,KSRQ 270353Z 26007KT 10SM CLR 28/21 A2995 RMK AO2 SLP140 T02830211
SRQ,2023-06-27 04:53,10.00,M,KSRQ 270453Z AUTO 27007KT 10SM CLR 28/21 A2994 RMK AO2 SLP139 T02830211 403170244
SRQ,2023-06-27 05:53,10.00,M,KSRQ 270553Z AUTO 26007KT 10SM CLR 28/22 A2993 RMK AO2 SLP134 T02780217 10294 20278 58005
SRQ,2023-06-27 06:53,10.00,M,KSRQ 270653Z AUTO 25004KT 10SM CLR 28/22 A2992 RMK AO2 SLP130 T02780217
SRQ,2023-06-27 07:53,10.00,M,KSRQ 270753Z AUTO 26006KT 10SM CLR 28/22 A2991 RMK AO2 SLP128 T02780217
SRQ,2023-06-27 08:53,10.00,M,KSRQ 270853Z AUTO 24007KT 10SM CLR 28/22 A2991 RMK AO2 SLP129 T02780217 55006
SRQ,2023-06-27 09:53,10.00,M,KSRQ 270953Z 23005KT 10SM CLR 28/21 A2992 RMK AO2 SLP130 T02780211
SRQ,2023-06-27 10:53,10.00,M,KSRQ 271053Z 29007KT 10SM CLR 28/21 A2993 RMK AO2 SLP135 T02780211
SRQ,2023-06-27 11:53,10.00,M,KSRQ 271153Z 27008KT 10SM CLR 28/22 A2995 RMK AO2 SLP142 T02830222 10283 20272 53014
SRQ,2023-06-27 12:53,10.00,M,KSRQ 271253Z 28008KT 10SM CLR 29/22 A2997 RMK AO2 SLP146 T02940217
SRQ,2023-06-27 13:53,10.00,M,KSRQ 271353Z 28008KT 10SM CLR 30/22 A2997 RMK AO2 SLP148 T03000222
SRQ,2023-06-27 14:53,10.00,M,KSRQ 271453Z 29008KT 10SM CLR 31/22 A2998 RMK AO2 SLP150 T03060222 51008
SRQ,2023-06-27 15:53,10.00,2000.00,KSRQ 271553Z 28008KT 10SM FEW020 31/23 A2997 RMK AO2 SLP149 T03060228
SRQ,2023-06-27 16:53,10.00,M,KSRQ 271653Z 27010KT 10SM CLR 31/23 A2997 RMK AO2 SLP147 T03110228
SRQ,2023-06-27 17:53,10.00,M,KSRQ 271753Z 26008KT 10SM CLR 31/23 A2995 RMK AO2 SLP142 T03110228 10317 20283 58008
SRQ,2023-06-27 18:53,10.00,M,KSRQ 271853Z 28011KT 10SM CLR 32/24 A2993 RMK AO2 SLP135 T03170239
SRQ,2023-06-27 19:53,10.00,M,KSRQ 271953Z 28010KT 10SM CLR 32/24 A2992 RMK AO2 SLP130 T03170244
SRQ,2023-06-27 20:53,10.00,M,KSRQ 272053Z 27010KT 10SM CLR 31/24 A2991 RMK AO2 SLP128 T03110244 56015
SRQ,2023-06-27 21:53,10.00,M,KSRQ 272153Z 27009KT 10SM CLR 31/24 A2990 RMK AO2 SLP123 T03110244
SRQ,2023-06-27 22:53,10.00,M,KSRQ 272253Z 30009KT 10SM CLR 31/24 A2990 RMK AO2 SLP124 T03060244
SRQ,2023-06-27 23:53,10.00,M,KSRQ 272353Z 29007KT 10SM CLR 29/24 A2991 RMK AO2 SLP128 T02940239 10317 20294 55000
SRQ,2023-06-28 00:53,10.00,2000.00,KSRQ 280053Z 29007KT 10SM SCT020 29/24 A2992 RMK AO2 SLP131 T02890239
SRQ,2023-06-28 01:53,10.00,2000.00,KSRQ 280153Z 29007KT 10SM FEW020 29/24 A2993 RMK AO2 SLP136 T02890239
SRQ,2023-06-28 02:53,10.00,1900.00,KSRQ 280253Z 27008KT 10SM FEW019 29/24 A2994 RMK AO2 SLP138 T02890244 51010
SRQ,2023-06-28 03:53,10.00,1900.00,KSRQ 280353Z AUTO 27007KT 10SM FEW019 29/24 A2996 RMK AO2 SLP144 T02890244
SRQ,2023-06-28 04:53,10.00,1900.00,KSRQ 280453Z AUTO 27008KT 10SM FEW019 SCT027 28/24 A2996 RMK AO2 SLP143 T02830244 403170272
SRQ,2023-06-28 05:53,10.00,2000.00,KSRQ 280553Z AUTO 27007KT 10SM SCT020 BKN027 29/24 A2994 RMK AO2 SLP137 T02890244 10294 20283 58001
SRQ,2023-06-28 06:53,10.00,M,KSRQ 280653Z AUTO 26008KT 10SM CLR 28/24 A2991 RMK AO2 SLP129 T02830244
SRQ,2023-06-28 07:53,10.00,1800.00,KSRQ 280753Z AUTO 27009KT 10SM SCT018 28/24 A2990 RMK AO2 SLP125 T02830244
SRQ,2023-06-28 08:53,10.00,2000.00,KSRQ 280853Z AUTO 27009KT 10SM SCT020 28/24 A2991 RMK AO2 SLP127 T02830244 55010
SRQ,2023-06-28 09:53,10.00,1800.00,KSRQ 280953Z 29007KT 10SM SCT018 28/24 A2991 RMK AO2 SLP126 T02830244
SRQ,2023-06-28 10:53,10.00,1800.00,KSRQ 281053Z 26007KT 10SM FEW018 28/24 A2992 RMK AO2 SLP131 T02830244
SRQ,2023-06-28 11:53,10.00,1900.00,KSRQ 281153Z 26009KT 10SM BKN019 29/24 A2993 RMK AO2 SLP135 T02890244 10289 20283 53008
SRQ,2023-06-28 12:53,10.00,1600.00,KSRQ 281253Z 10SM BKN016 29/24 A2994 RMK AO2 SLP139 T02940244
SRQ,2023-06-28 13:53,10.00,1600.00,KSRQ 281353Z 28009KT 10SM BKN016 31/25 A2996 RMK AO2 SLP146 T03110250
SRQ,2023-06-28 14:53,10.00,1600.00,KSRQ 281453Z 29012G20KT 10SM BKN016 31/25 A2997 RMK AO2 SLP147 T03110250 51013
SRQ,2023-06-28 15:53,10.00,2200.00,KSRQ 281553Z 30010KT 10SM BKN022 OVC045 31/24 A2997 RMK AO2 SLP148 T03110244
SRQ,2023-06-28 16:53,10.00,3900.00,KSRQ 281653Z 30013KT 10SM SCT039 32/25 A2996 RMK AO2 SLP145 T03170250
SRQ,2023-06-28 17:53,10.00,2800.00,KSRQ 281753Z 29014KT 10SM SCT028 BKN038 32/24 A2995 RMK AO2 SLP140 T03170244 10328 20289 58007
SRQ,2023-06-28 18:53,10.00,2600.00,KSRQ 281853Z 28013KT 10SM SCT026 BKN035 OVC047 32/25 A2992 RMK AO2 SLP131 T03170250
SRQ,2023-06-28 19:53,10.00,2700.00,KSRQ 281953Z 30013KT 10SM FEW027 SCT035 BKN047 33/25 A2991 RMK AO2 LTG DSNT NE AND E SLP127 T03280250
SRQ,2023-06-28 20:53,10.00,2600.00,KSRQ 282053Z 28012KT 10SM SCT026 32/25 A2990 RMK AO2 SLP123 T03170250 56017
SRQ,2023-06-28 21:53,10.00,M,KSRQ 282153Z 30013KT 10SM CLR 32/26 A2987 RMK AO2 SLP115 T03170256
SRQ,2023-06-28 22:53,10.00,1900.00,KSRQ 282253Z 30010G18KT 10SM BKN019 31/26 A2988 RMK AO2 SLP118 T03060256
SRQ,2023-06-28 23:53,10.00,1600.00,KSRQ 282353Z 10SM FEW016 31/26 A2990 RMK AO2 SLP123 T03060261 10328 20306 53007
SRQ,2023-06-29 00:53,10.00,1600.00,KSRQ 290053Z 31006KT 10SM SCT016 BKN020 29/26 A2991 RMK AO2 SLP127 T02940256
SRQ,2023-06-29 01:53,10.00,1700.00,KSRQ 290153Z 30008KT 10SM SCT017 29/26 A2991 RMK AO2 SLP129 T02940261
SRQ,2023-06-29 02:53,10.00,1400.00,KSRQ 290253Z 31005KT 10SM SCT014 29/26 A2992 RMK AO2 SLP131 T02890261 51004
SRQ,2023-06-29 03:53,10.00,1300.00,KSRQ 290353Z AUTO 29007KT 10SM SCT013 29/26 A2992 RMK AO2 SLP130 T02890261
SRQ,2023-06-29 04:53,10.00,1400.00,KSRQ 290453Z AUTO 31007KT 10SM SCT014 29/26 A2992 RMK AO2 SLP130 T02890261 403280283
SRQ,2023-06-29 05:53,10.00,M,KSRQ 290553Z AUTO 31007KT 10SM CLR 28/26 A2990 RMK AO2 SLP125 T02830261 10306 20283 58007
SRQ,2023-06-29 06:53,10.00,M,KSRQ 290653Z AUTO 32005KT 10SM CLR 28/26 A2989 RMK AO2 SLP121 T02830261
SRQ,2023-06-29 07:53,10.00,M,KSRQ 290753Z AUTO 31006KT 10SM CLR 28/26 A2989 RMK AO2 SLP119 T02830261
SRQ,2023-06-29 08:53,10.00,1400.00,KSRQ 290853Z AUTO 31006KT 10SM FEW014 FEW065 28/26 A2989 RMK AO2 SLP120 T02830256 55005
SRQ,2023-06-29 09:53,10.00,1500.00,KSRQ 290953Z AUTO 03004KT 10SM TS SCT015 BKN023 28/26 A2989 RMK AO2 TSB31 SLP121 T02830256
SRQ,2023-06-29 10:53,10.00,1400.00,KSRQ 291053Z 05004KT 10SM SCT014 SCT048 BKN060 28/25 A2991 RMK AO2 LTG DSNT SE AND S TSE04 SLP128 T02830250
SRQ,2023-06-29 11:53,10.00,1600.00,KSRQ 291153Z 03004KT 10SM -RA BKN016 BKN110 28/24 A2993 RMK AO2 RAB44 SLP134 P0000 60000 T02830244 10289 20272 53014
SRQ,2023-06-29 12:53,10.00,1900.00,KSRQ 291253Z 06003KT 10SM FEW019 SCT100 28/24 A2995 RMK AO2 LTG DSNT S RAE41 SLP141 P0000 T02830244
SRQ,2023-06-29 13:53,10.00,1800.00,KSRQ 291353Z 00000KT 10SM SCT018 31/24 A2996 RMK AO2 SLP144 T03060244
SRQ,2023-06-29 14:53,10.00,M,KSRQ 291453Z 28005KT 10SM CLR 32/25 A2996 RMK AO2 SLP144 60000 T03170250 50002
SRQ,2023-06-29 15:53,10.00,3300.00,KSRQ 291553Z 27008KT 10SM FEW033 32/24 A2996 RMK AO2 SLP144 T03220244
SRQ,2023-06-29 16:53,10.00,M,KSRQ 291653Z 27011KT 10SM CLR 33/26 A2995 RMK AO2 SLP141 T03330261
SRQ,2023-06-29 17:53,10.00,10000.00,KSRQ 291753Z 27011KT 10SM SCT100 32/26 A2994 RMK AO2 SLP136 60000 T03220261 10339 20278 58007
SRQ,2023-06-29 18:53,10.00,M,KSRQ 291853Z 28013G19KT 10SM CLR 33/26 A2992 RMK AO2 LTG DSNT N-SE SLP131 T03330256
SRQ,2023-06-29 19:53,10.00,10000.00,KSRQ 291953Z 28011KT 10SM VCTS FEW100 33/26 A2991 RMK AO2 LTG DSNT NE-SE SLP127 T03330261
SRQ,2023-06-29 20:53,10.00,2800.00,KSRQ 292053Z 28012KT 10SM FEW028 33/26 A2990 RMK AO2 LTG DSNT E AND SE SLP125 T03330256 56012
SRQ,2023-06-29 21:53,10.00,M,KSRQ 292153Z 29015KT 10SM CLR 33/26 A2987 RMK AO2 LTG DSNT N AND NE SLP115 T03280261
SRQ,2023-06-29 22:53,10.00,M,KSRQ 292253Z 32012KT 10SM CLR 33/24 A2988 RMK AO2 LTG DSNT NE-SE SLP117 T03280244
SRQ,2023-06-29 23:53,10.00,M,KSRQ 292353Z 35008KT 10SM CLR 32/24 A2990 RMK AO2 LTG DSNT E-S SLP125 T03170244 10339 20317 53001
SRQ,2023-06-30 00:53,10.00,4800.00,KSRQ 300053Z 10007KT 10SM FEW048 31/24 A2993 RMK AO2 SLP133 T03110244
SRQ,2023-06-30 01:53,10.00,4500.00,KSRQ 300153Z 09007KT 10SM BKN045 OVC055 31/23 A2993 RMK AO2 SLP136 T03110228
SRQ,2023-06-30 02:53,10.00,M,KSRQ 300253Z 07010KT 10SM CLR 30/22 A2995 RMK AO2 SLP142 T03000222 51017
SRQ,2023-06-30 03:53,10.00,M,KSRQ 300353Z AUTO 09009KT 10SM CLR 29/22 A2997 RMK AO2 SLP147 T02890222
SRQ,2023-06-30 04:53,10.00,M,KSRQ 300453Z AUTO 09008KT 10SM CLR 28/22 A2997 RMK AO2 SLP147 T02780222 403390272
SRQ,2023-06-30 05:53,10.00,M,KSRQ 300553Z AUTO 08006KT 10SM CLR 27/23 A2996 RMK AO2 SLP144 T02670228 10317 20267 50001
SRQ,2023-06-30 06:53,10.00,M,KSRQ 300653Z AUTO 09006KT 10SM CLR 26/23 A2993 RMK AO2 SLP134 T02610228
SRQ,2023-06-30 07:53,10.00,M,KSRQ 300753Z AUTO 09005KT 10SM CLR 26/23 A2992 RMK AO2 SLP130 T02560228
SRQ,2023-06-30 08:53,10.00,M,KSRQ 300853Z AUTO 08007KT 10SM CLR 26/23 A2992 RMK AO2 SLP130 T02560233 55014
SRQ,2023-06-30 09:53,10.00,M,KSRQ 300953Z 07006KT 10SM CLR 25/23 A2993 RMK AO2 SLP133 T02500228
SRQ,2023-06-30 10:53,8.00,M,KSRQ 301053Z 10005KT 8SM CLR 25/23 A2993 RMK AO2 SLP136 T02500228
SRQ,2023-06-30 11:53,9.00,M,KSRQ 301153Z 09004KT 9SM CLR 26/23 A2995 RMK AO2 SLP142 T02610233 10267 20250 53012
SRQ,2023-06-30 12:53,10.00,M,KSRQ 301253Z 08007KT 10SM CLR 28/23 A2997 RMK AO2 SLP148 T02780233
SRQ,2023-06-30 13:53,10.00,M,KSRQ 301353Z 08007KT 10SM CLR 30/23 A2999 RMK AO2 SLP153 T03000233
SRQ,2023-06-30 14:53,10.00,M,KSRQ 301453Z 06006KT 10SM CLR 32/23 A2999 RMK AO2 SLP153 T03220228 51011
SRQ,2023-06-30 15:53,10.00,3700.00,KSRQ 301553Z VRB05KT 10SM SCT037 BKN047 33/22 A2999 RMK AO2 SLP155 T03280217
SRQ,2023-06-30 16:53,10.00,4300.00,KSRQ 301653Z 00000KT 10SM FEW043 34/21 A2999 RMK AO2 SLP153 T03390206
SRQ,2023-06-30 17:53,10.00,M,KSRQ 301753Z VRB05KT 10SM CLR 35/18 A2996 RMK AO2 SLP146 T03500183 10350 20261 58007
SRQ,2023-06-30 18:53,10.00,6000.00,KSRQ 301853Z VRB06KT 10SM FEW060 35/18 A2995 RMK AO2 SLP140 T03500183
SRQ,2023-06-30 19:53,10.00,6500.00,KSRQ 301953Z 05012G19KT 10SM SCT065 35/18 A2993 RMK AO2 SLP134 T03500183
SRQ,2023-06-30 20:53,10.00,6500.00,KSRQ 302053Z 34011KT 10SM SCT065 35/21 A2991 RMK AO2 SLP128 T03500211 56017
SRQ,2023-06-30 21:53,10.00,6000.00,KSRQ 302153Z 34007KT 300V010 10SM FEW060 35/19 A2990 RMK AO2 SLP123 T03500194
SRQ,2023-06-30 22:53,10.00,M,KSRQ 302253Z 06009KT 10SM CLR 34/18 A2992 RMK AO2 SLP130 T03440178
SRQ,2023-06-30 23:53,10.00,M,KSRQ 302353Z 05006KT 10SM CLR 33/18 A2993 RMK AO2 SLP135 T03330183 10367 20333 53006
SRQ,2023-07-01 00:53,10.00,M,KSRQ 010053Z 04004KT 10SM CLR 32/19 A2994 RMK AO2 SLP136 T03170189
SRQ,2023-07-01 01:53,10.00,6500.00,KSRQ 010153Z 09011KT 10SM FEW065 31/22 A2996 RMK AO2 SLP144 T03060217
SRQ,2023-07-01 02:53,10.00,6000.00,KSRQ 010253Z 12010KT 10SM FEW060 30/21 A2997 RMK AO2 SLP147 T03000211 53012
SRQ,2023-07-01 03:53,10.00,M,KSRQ 010353Z 11010KT 10SM CLR 29/22 A2997 RMK AO2 SLP148 T02890217
SRQ,2023-07-01 04:53,10.00,M,KSRQ 010453Z AUTO 11010KT 10SM CLR 28/22 A2997 RMK AO2 SLP147 T02780217 403670250
SRQ,2023-07-01 05:53,10.00,M,KSRQ 010553Z AUTO 10010KT 10SM CLR 27/22 A2996 RMK AO2 SLP143 T02670217 10333 20267 58004
SRQ,2023-07-01 06:53,10.00,M,KSRQ 010653Z AUTO 07005KT 10SM CLR 26/22 A2995 RMK AO2 SLP141 T02560217
SRQ,2023-07-01 07:53,10.00,M,KSRQ 010753Z AUTO 08003KT 10SM CLR 26/22 A2995 RMK AO2 SLP139 T02560217
SRQ,2023-07-01 08:53,10.00,M,KSRQ 010853Z AUTO 05003KT 10SM CLR 25/22 A2994 RMK AO2 SLP139 T02500217 56004
SRQ,2023-07-01 09:53,10.00,M,KSRQ 010953Z 00000KT 10SM CLR 24/22 A2995 RMK AO2 SLP141 T02440217
SRQ,2023-07-01 10:53,10.00,M,KSRQ 011053Z 00000KT 10SM CLR 24/22 A2996 RMK AO2 SLP146 T02440217
SRQ,2023-07-01 11:53,10.00,M,KSRQ 011153Z 07005KT 10SM CLR 26/23 A2998 RMK AO2 SLP151 T02610228 10267 20239 53013
SRQ,2023-07-01 12:53,10.00,M,KSRQ 011253Z 07004KT 10SM CLR 28/23 A2999 RMK AO2 SLP156 T02830228
SRQ,2023-07-01 13:53,10.00,M,KSRQ 011353Z 08004KT 10SM CLR 30/22 A3000 RMK AO2 SLP157 T03000222
SRQ,2023-07-01 14:53,10.00,M,KSRQ 011453Z 12004KT 10SM CLR 31/21 A2999 RMK AO2 SLP156 T03110211 50004
SRQ,2023-07-01 15:53,10.00,M,KSRQ 011553Z 00000KT 10SM CLR 33/19 A2999 RMK AO2 SLP154 T03280194
SRQ,2023-07-01 16:53,10.00,M,KSRQ 011653Z 03007KT 10SM CLR 34/19 A2999 RMK AO2 SLP153 T03390189
SRQ,2023-07-01 17:53,10.00,5500.00,KSRQ 011753Z 30010KT 10SM SCT055 33/21 A2997 RMK AO2 SLP149 T03280211 10350 20261 58007
SRQ,2023-07-01 18:53,10.00,5500.00,KSRQ 011853Z VRB04KT 10SM FEW055 34/22 A2994 RMK AO2 SLP138 T03390222
SRQ,2023-07-01 19:53,10.00,6000.00,KSRQ 011953Z VRB06G17KT 10SM BKN060 34/22 A2994 RMK AO2 SLP136 T03440217
SRQ,2023-07-01 20:53,10.00,M,KSRQ 012053Z 34011KT 10SM CLR 35/22 A2991 RMK AO2 SLP129 T03500217 56020
SRQ,2023-07-01 21:53,10.00,7000.00,KSRQ 012153Z 35009KT 10SM SCT070 34/22 A2990 RMK AO2 SLP126 T03390217
SRQ,2023-07-01 22:53,10.00,M,KSRQ 012253Z 35008KT 10SM CLR 33/22 A2990 RMK AO2 SLP124 T03330222
SRQ,2023-07-01 23:53,10.00,7000.00,KSRQ 012353Z COR 02003KT 10SM SCT070 33/22 A2991 RMK AO2 SLP127 T03280222 10361 20322 55002
SRQ,2023-07-02 00:53,10.00,M,KSRQ 020053Z COR 11003KT 10SM CLR 32/18 A2992 RMK AO2 SLP130 T03170183
SRQ,2023-07-02 01:53,10.00,M,KSRQ 020153Z 11003KT 10SM CLR 30/21 A2994 RMK AO2 SLP138 T03000211
SRQ,2023-07-02 02:53,10.00,M,KSRQ 020253Z 10SM CLR 29/21 A2996 RMK AO2 SLP145 T02940211 53018
SRQ,2023-07-02 03:53,10.00,M,KSRQ 020353Z 10SM CLR 29/22 A2997 RMK AO2 SLP146 T02890222
SRQ,2023-07-02 04:53,10.00,M,KSRQ 020453Z AUTO 10SM CLR 28/23 A2997 RMK AO2 SLP146 T02830228 403610239
SRQ,2023-07-02 05:53,10.00,M,KSRQ 020553Z AUTO 10SM CLR 28/23 A2996 RMK AO2 SLP144 T02780233 10328 20278 58001
SRQ,2023-07-02 06:53,10.00,M,KSRQ 020653Z AUTO 12006KT 10SM CLR 27/23 A2996 RMK AO2 SLP143 T02720228
SRQ,2023-07-02 07:53,10.00,M,KSRQ 020753Z AUTO 10005KT 10SM CLR 27/23 A2995 RMK AO2 SLP141 T02670228
SRQ,2023-07-02 08:53,10.00,M,KSRQ 020853Z AUTO 12006KT 10SM CLR 26/23 A2995 RMK AO2 SLP141 T02610228 56003
SRQ,2023-07-02 09:53,10.00,M,KSRQ 020953Z 12004KT 10SM CLR 26/23 A2995 RMK AO2 SLP141 T02560228
SRQ,2023-07-02 10:53,10.00,M,KSRQ 021053Z 08004KT 10SM CLR 25/23 A2996 RMK AO2 SLP143 T02500228
SRQ,2023-07-02 11:53,10.00,M,KSRQ 021153Z 12006KT 10SM CLR 27/23 A2997 RMK AO2 SLP147 T02670233 10278 20250 53006
SRQ,2023-07-02 12:53,10.00,M,KSRQ 021253Z 11006KT 10SM CLR 28/23 A2997 RMK AO2 SLP148 T02830233
SRQ,2023-07-02 13:53,10.00,M,KSRQ 021353Z 12004KT 10SM CLR 31/23 A2998 RMK AO2 SLP151 T03060233
SRQ,2023-07-02 14:53,10.00,3100.00,KSRQ 021453Z 25006KT 10SM FEW031 32/24 A2999 RMK AO2 SLP153 T03170239 53007
SRQ,2023-07-02 15:53,10.00,M,KSRQ 021553Z 25006KT 10SM CLR 32/23 A2999 RMK AO2 SLP154 T03170233
SRQ,2023-07-02 16:53,10.00,M,KSRQ 021653Z 25009KT 10SM CLR 32/24 A2999 RMK AO2 SLP154 T03220239
SRQ,2023-07-02 17:53,10.00,M,KSRQ 021753Z 27009KT 10SM CLR 33/23 A2997 RMK AO2 SLP149 T03280233 10333 20267 58004
SRQ,2023-07-02 18:53,10.00,3800.00,KSRQ 021853Z COR 27011KT 10SM FEW038 33/23 A2996 RMK AO2 SLP144 T03280233
SRQ,2023-07-02 19:53,10.00,3800.00,KSRQ 021953Z 28013KT 10SM FEW038 33/24 A2995 RMK AO2 SLP140 T03280239
SRQ,2023-07-02 20:53,10.00,M,KSRQ 022053Z 27012KT 10SM CLR 32/24 A2994 RMK AO2 SLP137 T03220244 56012
SRQ,2023-07-02 21:53,10.00,M,KSRQ 022153Z 28011KT 10SM CLR 32/24 A2993 RMK AO2 LTG DSNT SE SLP133 T03220244
SRQ,2023-07-02 22:53,10.00,6000.00,KSRQ 022253Z 28010KT 10SM FEW060 32/24 A2993 RMK AO2 LTG DSNT SE SLP135 T03170239
SRQ,2023-07-02 23:53,10.00,6000.00,KSRQ 022353Z 30008KT 10SM FEW060 31/23 A2993 RMK AO2 SLP134 T03110233 10333 20311 56003
SRQ,2023-07-03 00:53,10.00,5500.00,KSRQ 030053Z 30006KT 10SM SCT055 BKN075 31/24 A2993 RMK AO2 SLP135 T03060239
SRQ,2023-07-03 01:53,10.00,5000.00,KSRQ 030153Z 31007KT 10SM FEW050 30/24 A2995 RMK AO2 SLP141 T03000239
SRQ,2023-07-03 02:53,10.00,6500.00,KSRQ 030253Z 32006KT 10SM SCT065 29/23 A2997 RMK AO2 SLP148 T02940233 53014
SRQ,2023-07-03 03:53,10.00,5000.00,KSRQ 030353Z AUTO 32003KT 10SM SCT050 29/24 A2999 RMK AO2 SLP156 T02940239
SRQ,2023-07-03 04:53,6.00,4700.00,KSRQ 030453Z AUTO 00000KT 6SM -RA BKN047 OVC065 29/24 A3000 RMK AO2 RAB43 SLP158 P0001 T02940239 403330250
SRQ,2023-07-03 05:53,10.00,M,KSRQ 030553Z AUTO 00000KT 10SM CLR 28/25 A2999 RMK AO2 LTG DSNT SE RAE15 SLP153 P0001 60002 T02780250 10311 20278 50005
SRQ,2023-07-03 06:53,10.00,5500.00,KSRQ 030653Z AUTO 00000KT 10SM SCT055 29/26 A2997 RMK AO2 SLP149 T02890256
SRQ,2023-07-03 07:53,10.00,11000.00,KSRQ 030753Z AUTO 00000KT 10SM BKN110 28/25 A2997 RMK AO2 SLP147 T02830250
SRQ,2023-07-03 08:53,10.00,M,KSRQ 030853Z AUTO 12003KT 10SM CLR 27/23 A2996 RMK AO2 SLP145 T02720233 56008
SRQ,2023-07-03 09:53,10.00,M,KSRQ 030953Z 00000KT 10SM CLR 27/23 A2997 RMK AO2 SLP146 T02720233
SRQ,2023-07-03 10:53,10.00,M,KSRQ 031053Z 00000KT 10SM CLR 27/23 A2998 RMK AO2 SLP151 T02720233
SRQ,2023-07-03 11:53,10.00,M,KSRQ 031153Z 01003KT 10SM CLR 29/26 A2999 RMK AO2 SLP153 70002 T02940256 10294 20267 53008
SRQ,2023-07-03 12:53,10.00,M,KSRQ 031253Z VRB04KT 10SM CLR 31/25 A3000 RMK AO2 SLP159 T03060250
SRQ,2023-07-03 13:53,10.00,M,KSRQ 031353Z 26007KT 10SM CLR 31/25 A3002 RMK AO2 SLP163 T03110250
SRQ,2023-07-03 14:53,10.00,M,KSRQ 031453Z 27008KT 10SM CLR 32/25 A3002 RMK AO2 SLP164 T03170250 51010
SRQ,2023-07-03 15:53,10.00,3100.00,KSRQ 031553Z COR 27009KT 10SM SCT031 32/24 A3003 RMK AO2 LTG DSNT N SLP166 T03220244
SRQ,2023-07-03 16:53,10.00,3100.00,KSRQ 031653Z 26009KT 10SM VCTS SCT031 33/24 A3002 RMK AO2 LTG DSNT N-SE SLP166 T03280239
SRQ,2023-07-03 17:53,10.00,M,KSRQ 031753Z 28011KT 10SM VCTS CLR 33/23 A3001 RMK AO2 LTG DSNT N-SE SLP162 T03330233 10339 20294 57004
SRQ,2023-07-03 18:53,10.00,M,KSRQ 031853Z 28010KT 10SM CLR 33/23 A3001 RMK AO2 LTG DSNT NE AND E SLP160 T03330233
SRQ,2023-07-03 19:53,10.00,M,KSRQ 031953Z 28011KT 10SM CLR 33/24 A2999 RMK AO2 SLP156 T03280239
SRQ,2023-07-03 20:53,10.00,M,KSRQ 032053Z 29011KT 10SM CLR 33/23 A2998 RMK AO2 PK WND 28028/2012 LTG DSNT NE AND E SLP152 T03280233 58010
SRQ,2023-07-03 21:53,10.00,M,KSRQ 032153Z 30011KT 10SM CLR 32/23 A2997 RMK AO2 LTG DSNT E AND SE SLP146 T03220233
SRQ,2023-07-03 22:53,10.00,M,KSRQ 032253Z 30010KT 10SM CLR 32/23 A2997 RMK AO2 LTG DSNT NE-SE SLP148 T03220233
SRQ,2023-07-03 23:53,10.00,M,KSRQ 032353Z 28008KT 10SM CLR 31/23 A2997 RMK AO2 SLP149 T03110233 10339 20311 55003
SRQ,2023-07-04 00:53,10.00,6000.00,KSRQ 040053Z 31004KT 10SM BKN060 30/23 A3000 RMK AO2 LTG DSNT NE SLP157 T03000228
SRQ,2023-07-04 01:53,10.00,M,KSRQ 040153Z 32003KT 10SM CLR 29/23 A3001 RMK AO2 LTG DSNT NE SLP163 T02890228
SRQ,2023-07-04 02:53,10.00,8000.00,KSRQ 040253Z 31004KT 10SM FEW080 29/23 A3002 RMK AO2 SLP165 T02940228 51016
SRQ,2023-07-04 03:53,10.00,M,KSRQ 040353Z AUTO 36003KT 10SM CLR 29/23 A3004 RMK AO2 SLP173 T02940228
SRQ,2023-07-04 04:53,10.00,M,KSRQ 040453Z AUTO 00000KT 10SM CLR 29/23 A3004 RMK AO2 SLP172 T02890228 403390267
SRQ,2023-07-04 05:53,10.00,M,KSRQ 040553Z AUTO 31005KT 10SM CLR 28/23 A3002 RMK AO2 SLP166 T02830233 10311 20283 50001
SRQ,2023-07-04 06:53,10.00,M,KSRQ 040653Z AUTO 00000KT 10SM CLR 28/23 A3001 RMK AO2 SLP160 T02830228
SRQ,2023-07-04 07:53,10.00,M,KSRQ 040753Z AUTO 00000KT 10SM CLR 28/23 A3000 RMK AO2 SLP158 T02780233
SRQ,2023-07-04 08:53,10.00,M,KSRQ 040853Z AUTO 00000KT 10SM CLR 26/24 A3000 RMK AO2 SLP159 T02610239 55006
SRQ,2023-07-04 09:53,10.00,M,KSRQ 040953Z AUTO 00000KT 10SM CLR 26/24 A3001 RMK AO2 SLP160 T02610239
SRQ,2023-07-04 10:53,10.00,M,KSRQ 041053Z AUTO 35003KT 10SM CLR 26/24 A3002 RMK AO2 SLP166 T02610239
SRQ,2023-07-04 11:53,10.00,M,KSRQ 041153Z 36003KT 10SM CLR 29/24 A3004 RMK AO2 SLP171 T02890244 10289 20261 53012
SRQ,2023-07-04 12:53,10.00,2100.00,KSRQ 041253Z 00000KT 10SM FEW021 31/24 A3006 RMK AO2 SLP177 T03060244
SRQ,2023-07-04 13:53,10.00,2300.00,KSRQ 041353Z 00000KT 10SM SCT023 32/24 A3006 RMK AO2 SLP179 T03170239
SRQ,2023-07-04 14:53,10.00,3400.00,KSRQ 041453Z VRB06KT 10SM SCT034 33/23 A3007 RMK AO2 SLP182 T03280233 51010
SRQ,2023-07-04 15:53,10.00,M,KSRQ 041553Z 35007KT 10SM CLR 34/23 A3007 RMK AO2 SLP182 T03440228
SRQ,2023-07-04 16:53,10.00,4100.00,KSRQ 041653Z 05007KT 10SM FEW041 34/22 A3006 RMK AO2 SLP179 T03440222
SRQ,2023-07-04 17:53,10.00,4600.00,KSRQ 041753Z 30005KT 10SM FEW046 35/22 A3005 RMK AO2 SLP176 T03500222 10361 20289 58005
SRQ,2023-07-04 18:53,10.00,4800.00,KSRQ 041853Z 29013KT 10SM BKN048 OVC070 33/24 A3003 RMK AO2 SLP169 T03330244
SRQ,2023-07-04 19:53,10.00,4800.00,KSRQ 041953Z 29016G22KT 10SM FEW048 34/24 A3001 RMK AO2 SLP163 T03440239
SRQ,2023-07-04 20:53,10.00,M,KSRQ 042053Z 29014KT 10SM CLR 34/24 A3000 RMK AO2 SLP157 T03390244 56019
SRQ,2023-07-04 21:53,10.00,M,KSRQ 042153Z 30013KT 10SM CLR 34/23 A2998 RMK AO2 SLP152 T03390233
SRQ,2023-07-04 22:53,10.00,M,KSRQ 042253Z 33011KT 10SM CLR 34/24 A2999 RMK AO2 SLP156 T03390239
SRQ,2023-07-04 23:53,10.00,M,KSRQ 042353Z 34007KT 10SM CLR 32/24 A3000 RMK AO2 SLP157 T03220244 10350 20317 55000
SRQ,2023-07-05 00:53,10.00,M,KSRQ 050053Z 32008KT 10SM CLR 31/24 A3001 RMK AO2 LTG DSNT E AND SE SLP161 T03110244
SRQ,2023-07-05 01:53,10.00,6000.00,KSRQ 050153Z 34006KT 10SM FEW060 31/25 A3004 RMK AO2 SLP170 T03060250
SRQ,2023-07-05 02:53,10.00,M,KSRQ 050253Z 32005KT 10SM CLR 30/25 A3005 RMK AO2 SLP175 T03000250 53018
SRQ,2023-07-05 03:53,10.00,M,KSRQ 050353Z AUTO 02003KT 10SM CLR 31/24 A3007 RMK AO2 SLP181 T03060244
SRQ,2023-07-05 04:53,10.00,2300.00,KSRQ 050453Z AUTO 08004KT 10SM FEW023 BKN065 30/25 A3006 RMK AO2 SLP178 T03000250 403610261
SRQ,2023-07-05 05:53,10.00,6000.00,KSRQ 050553Z AUTO 00000KT 10SM FEW060 29/23 A3004 RMK AO2 SLP173 T02940228 10322 20289 58002
SRQ,2023-07-05 06:53,10.00,2100.00,KSRQ 050653Z AUTO 00000KT 10SM FEW021 OVC055 29/23 A3004 RMK AO2 SLP170 T02940228
SRQ,2023-07-05 07:53,10.00,M,KSRQ 050753Z AUTO 34006KT 10SM CLR 29/25 A3001 RMK AO2 SLP163 T02940250
SRQ,2023-07-05 08:53,10.00,M,KSRQ 050853Z AUTO 34006KT 10SM CLR 29/24 A3000 RMK AO2 SLP159 T02940244 58014
SRQ,2023-07-05 09:53,10.00,M,KSRQ 050953Z 03004KT 10SM CLR 29/24 A3002 RMK AO2 SLP163 T02890244
SRQ,2023-07-05 10:53,10.00,M,KSRQ 051053Z 06003KT 10SM CLR 28/25 A3002 RMK AO2 SLP165 T02780250
SRQ,2023-07-05 11:53,10.00,M,KSRQ 051153Z 05004KT 10SM CLR 29/24 A3004 RMK AO2 SLP171 T02940244 10300 20278 53013
SRQ,2023-07-05 12:53,10.00,M,KSRQ 051253Z 04007KT 10SM CLR 31/24 A3005 RMK AO2 SLP176 T03110244
SRQ,2023-07-05 13:53,10.00,M,KSRQ 051353Z 03009KT 10SM CLR 33/24 A3005 RMK AO2 SLP176 T03280244
SRQ,2023-07-05 14:53,10.00,M,KSRQ 051453Z 05008KT 10SM CLR 34/24 A3006 RMK AO2 SLP177 T03390239 51005
SRQ,2023-07-05 15:53,10.00,3600.00,KSRQ 051553Z 01008KT 10SM FEW036 35/24 A3005 RMK AO2 SLP176 T03500239
SRQ,2023-07-05 16:53,10.00,4400.00,KSRQ 051653Z VRB06KT 10SM SCT044 36/23 A3004 RMK AO2 LTG DSNT E-S SLP170 T03610233
SRQ,2023-07-05 17:53,10.00,M,KSRQ 051753Z 01007KT 10SM VCTS CLR 37/22 A3002 RMK AO2 LTG DSNT ALQDS TSB13E28 SLP164 T03670222 10372 20294 58013
SRQ,2023-07-05 18:53,10.00,5500.00,KSRQ 051853Z 29015KT 10SM VCTS FEW055 SCT065 35/26 A3000 RMK AO2 LTG DSNT ALQDS SLP159 T03500261
SRQ,2023-07-05 19:53,10.00,M,KSRQ 051953Z VRB05KT 10SM TS CLR 33/24 A3001 RMK AO2 LTG DSNT NE-SE TSB22 SLP163 T03330244
SRQ,2023-07-05 20:53,10.00,M,KSRQ 052053Z 15006KT 10SM VCTS CLR 32/22 A3000 RMK AO2 LTG DSNT NE-SE TSE33 SLP160 T03220217 56004
SRQ,2023-07-05 21:53,10.00,M,KSRQ 052153Z 12005KT 10SM CLR 29/22 A2999 RMK AO2 SLP156 T02890222
SRQ,2023-07-05 22:53,10.00,M,KSRQ 052253Z 12007KT 10SM CLR 29/22 A2999 RMK AO2 SLP155 T02940217
SRQ,2023-07-05 23:53,10.00,M,KSRQ 052353Z 00000KT 10SM CLR 29/22 A2999 RMK AO2 SLP155 T02890222 10372 20283 56005
SRQ,2023-07-06 00:53,10.00,M,KSRQ 060053Z 11004KT 10SM CLR 29/23 A2999 RMK AO2 SLP156 T02890228
SRQ,2023-07-06 01:53,10.00,M,KSRQ 060153Z 00000KT 10SM CLR 28/23 A3001 RMK AO2 SLP160 T02830228
SRQ,2023-07-06 02:53,10.00,M,KSRQ 060253Z 00000KT 10SM CLR 28/23 A3002 RMK AO2 SLP166 T02780233 53011
SRQ,2023-07-06 03:53,10.00,M,KSRQ 060353Z 11005KT 10SM CLR 27/23 A3003 RMK AO2 SLP167 T02720233
SRQ,2023-07-06 04:53,10.00,M,KSRQ 060453Z 12006KT 10SM CLR 27/23 A3003 RMK AO2 SLP167 T02670228 403720267
SRQ,2023-07-06 05:53,10.00,M,KSRQ 060553Z 15004KT 10SM CLR 26/23 A3002 RMK AO2 SLP166 T02610228 10294 20261 50000
SRQ,2023-07-06 06:53,10.00,2100.00,KSRQ 060653Z 00000KT 10SM BKN021 26/23 A3002 RMK AO2 SLP163 T02610233
SRQ,2023-07-06 07:53,10.00,M,KSRQ 060753Z 00000KT 10SM CLR 27/23 A2999 RMK AO2 SLP156 T02670228
SRQ,2023-07-06 08:53,10.00,M,KSRQ 060853Z 00000KT 10SM CLR 27/23 A2999 RMK AO2 SLP155 T02720228 56011
SRQ,2023-07-06 09:53,10.00,M,KSRQ 060953Z 30003KT 10SM CLR 28/24 A3000 RMK AO2 SLP157 T02780239
SRQ,2023-07-06 10:53,10.00,M,KSRQ 061053Z 00000KT 10SM CLR 28/24 A3000 RMK AO2 SLP159 T02780244
SRQ,2023-07-06 11:53,10.00,M,KSRQ 061153Z 31005KT 10SM CLR 29/26 A3000 RMK AO2 SLP158 T02940256 10294 20256 50003
SRQ,2023-07-06 12:53,10.00,M,KSRQ 061253Z 29007KT 10SM CLR 31/25 A3000 RMK AO2 SLP158 T03110250
SRQ,2023-07-06 13:53,10.00,M,KSRQ 061353Z 29008KT 10SM CLR 32/24 A3000 RMK AO2 SLP159 T03170244
SRQ,2023-07-06 14:53,10.00,M,KSRQ 061453Z 28008KT 10SM CLR 33/24 A2999 RMK AO2 SLP156 T03280239 58003
SRQ,2023-07-06 15:53,10.00,M,KSRQ 061553Z 26010KT 10SM CLR 33/24 A2999 RMK AO2 SLP156 T03280244
SRQ,2023-07-06 16:53,10.00,M,KSRQ 061653Z 27010KT 10SM CLR 33/24 A2999 RMK AO2 LTG DSNT E SLP154 T03330244
SRQ,2023-07-06 17:53,10.00,M,KSRQ 061753Z 27011KT 10SM CLR 33/24 A2998 RMK AO2 LTG DSNT N SLP153 T03330239 10339 20294 58003
SRQ,2023-07-06 18:53,10.00,M,KSRQ 061853Z 29011KT 10SM CLR 34/24 A2997 RMK AO2 SLP148 T03390239
SRQ,2023-07-06 19:53,10.00,M,KSRQ 061953Z 29014KT 10SM CLR 34/24 A2995 RMK AO2 LTG DSNT E AND SE SLP140 T03390244
SRQ,2023-07-06 20:53,10.00,3100.00,KSRQ 062053Z 29015KT 10SM SCT031 33/25 A2994 RMK AO2 SLP138 T03330250 56014
SRQ,2023-07-06 21:53,10.00,2600.00,KSRQ 062153Z 29013KT 10SM FEW026 33/24 A2993 RMK AO2 SLP134 T03280244
SRQ,2023-07-06 22:53,10.00,3200.00,KSRQ 062253Z 31012KT 10SM FEW032 32/24 A2993 RMK AO2 LTG DSNT E SLP134 T03220239
SRQ,2023-07-06 23:53,10.00,M,KSRQ 062353Z 32009KT 10SM CLR 32/23 A2994 RMK AO2 SLP137 T03170233 10339 20317 55002
SRQ,2023-07-07 00:53,10.00,M,KSRQ 070053Z 32006KT 10SM CLR 30/24 A2995 RMK AO2 SLP141 T03000244
SRQ,2023-07-07 01:53,10.00,M,KSRQ 070153Z 33005KT 10SM CLR 29/24 A2996 RMK AO2 SLP144 T02940244
SRQ,2023-07-07 02:53,10.00,2100.00,KSRQ 070253Z 28005KT 10SM FEW021 30/24 A2997 RMK AO2 SLP147 T03000244 51010
SRQ,2023-07-07 03:53,10.00,M,KSRQ 070353Z AUTO 28007KT 10SM CLR 30/24 A2997 RMK AO2 SLP149 T03000244
SRQ,2023-07-07 04:53,10.00,2300.00,KSRQ 070453Z AUTO 28006KT 10SM FEW023 30/24 A2996 RMK AO2 SLP146 T03000244 403390256
SRQ,2023-07-07 05:53,10.00,2200.00,KSRQ 070553Z AUTO 27008KT 10SM SCT022 SCT029 30/24 A2996 RMK AO2 SLP145 T03000244 10317 20294 58002
SRQ,2023-07-07 06:53,10.00,2300.00,KSRQ 070653Z AUTO 29008KT 10SM FEW023 30/24 A2995 RMK AO2 SLP142 T03000244
SRQ,2023-07-07 07:53,10.00,2200.00,KSRQ 070753Z AUTO 29007KT 10SM FEW022 29/24 A2995 RMK AO2 SLP141 T02940244
SRQ,2023-07-07 08:53,10.00,2500.00,KSRQ 070853Z AUTO 28007KT 10SM FEW025 29/24 A2994 RMK AO2 SLP138 T02940239 57007
SRQ,2023-07-07 09:53,10.00,2300.00,KSRQ 070953Z AUTO 31006KT 10SM FEW023 29/24 A2994 RMK AO2 SLP136 T02940239
SRQ,2023-07-07 10:53,10.00,2200.00,KSRQ 071053Z 28006KT 10SM BKN022 29/24 A2994 RMK AO2 SLP138 T02940244
SRQ,2023-07-07 11:53,10.00,2300.00,KSRQ 071153Z 30007KT 10SM FEW023 31/24 A2995 RMK AO2 SLP140 T03060244 10306 20294 53004 $
SRQ,2023-07-07 12:53,10.00,M,KSRQ 071253Z 25006KT 10SM CLR 31/24 A2996 RMK AO2 SLP144 T03110244
SRQ,2023-07-07 13:53,10.00,M,KSRQ 071353Z 27007KT 10SM CLR 32/24 A2996 RMK AO2 SLP145 T03170239
SRQ,2023-07-07 14:53,10.00,2300.00,KSRQ 071453Z 28009KT 10SM FEW023 33/24 A2997 RMK AO2 SLP148 T03280244 51007
SRQ,2023-07-07 15:53,10.00,M,KSRQ 071553Z 29009KT 10SM CLR 33/24 A2998 RMK AO2 SLP151 T03330244
SRQ,2023-07-07 16:53,10.00,M,KSRQ 071653Z 27011KT 10SM CLR 33/24 A2997 RMK AO2 LTG DSNT E SLP149 T03280239
SRQ,2023-07-07 17:53,10.00,2400.00,KSRQ 071753Z 26009KT 10SM FEW024 FEW036 32/24 A2996 RMK AO2 SLP143 T03220239 10339 20306 58004
SRQ,2023-07-07 18:53,10.00,2500.00,KSRQ 071853Z 27013KT 10SM FEW025 33/24 A2994 RMK AO2 SLP138 T03330244
SRQ,2023-07-07 19:53,10.00,2600.00,KSRQ 071953Z 27014KT 10SM FEW026 SCT032 33/24 A2994 RMK AO2 SLP138 T03330244
SRQ,2023-07-07 21:53,10.00,2500.00,KSRQ 072153Z 28011KT 10SM FEW025 FEW033 33/24 A2991 RMK AO2 SLP129 T03280239
SRQ,2023-07-07 22:53,10.00,M,KSRQ 072253Z 29009KT 10SM CLR 32/24 A2992 RMK AO2 SLP129 T03170239
SRQ,2023-07-07 23:53,10.00,2900.00,KSRQ 072353Z 30009KT 10SM FEW029 31/24 A2993 RMK AO2 SLP133 T03110239 10339 20311 55001
SRQ,2023-07-08 00:53,10.00,M,KSRQ 080053Z 31010KT 10SM CLR 31/23 A2994 RMK AO2 SLP138 T03060233
SRQ,2023-07-08 01:53,10.00,M,KSRQ 080153Z 00000KT 10SM CLR 29/22 A2995 RMK AO2 LTG DSNT NE SLP140 T02890217
SRQ,2023-07-08 02:53,10.00,M,KSRQ 080253Z 06003KT 10SM CLR 28/22 A2996 RMK AO2 SLP144 T02830222 51010
SRQ,2023-07-08 03:53,10.00,M,KSRQ 080353Z 14003KT 10SM CLR 28/23 A2995 RMK AO2 SLP142 T02830228
SRQ,2023-07-08 04:53,10.00,2600.00,KSRQ 080453Z AUTO 27009KT 10SM FEW026 30/24 A2995 RMK AO2 SLP140 T03000239 403390283
SRQ,2023-07-08 05:53,10.00,2600.00,KSRQ 080553Z AUTO 27009KT 10SM FEW026 30/24 A2993 RMK AO2 SLP133 T03000239 10311 20283 58010
SRQ,2023-07-08 06:53,10.00,M,KSRQ 080653Z AUTO 28010KT 10SM CLR 30/23 A2992 RMK AO2 SLP130 T03000233
SRQ,2023-07-08 07:53,10.00,2500.00,KSRQ 080753Z AUTO 27008KT 10SM FEW025 30/24 A2992 RMK AO2 SLP131 T03000239
SRQ,2023-07-08 08:53,10.00,2400.00,KSRQ 080853Z AUTO 28009KT 10SM FEW024 29/24 A2992 RMK AO2 SLP132 T02940239 55002
SRQ,2023-07-08 09:53,10.00,2400.00,KSRQ 080953Z 27009KT 10SM FEW024 29/24 A2993 RMK AO2 SLP133 T02940239
SRQ,2023-07-08 10:53,10.00,2500.00,KSRQ 081053Z 26010KT 10SM FEW025 30/24 A2994 RMK AO2 SLP137 T03000239
SRQ,2023-07-08 11:53,10.00,2300.00,KSRQ 081153Z 28011KT 10SM FEW023 31/24 A2995 RMK AO2 SLP140 T03060239 10306 20294 53008
SRQ,2023-07-08 12:53,10.00,2400.00,KSRQ 081253Z 27010KT 10SM FEW024 31/24 A2996 RMK AO2 SLP145 T03060239
SRQ,2023-07-08 13:53,10.00,M,KSRQ 081353Z 27011KT 10SM CLR 31/24 A2998 RMK AO2 SLP151 T03110239
SRQ,2023-07-08 14:53,10.00,2400.00,KSRQ 081453Z 28011KT 10SM FEW024 32/24 A2998 RMK AO2 LTG DSNT ALQDS SLP153 T03170244 51013
SRQ,2023-07-08 15:53,10.00,2700.00,KSRQ 081553Z 29010KT 10SM FEW027 33/24 A2998 RMK AO2 SLP150 T03280244
SRQ,2023-07-08 16:53,10.00,2600.00,KSRQ 081653Z 32008KT 10SM FEW026 32/24 A2997 RMK AO2 SLP148 T03170244
SRQ,2023-07-08 17:53,10.00,M,KSRQ 081753Z 30008KT 10SM CLR 31/25 A2997 RMK AO2 SLP148 T03110250 10328 20306 56005
SRQ,2023-07-08 18:53,10.00,2400.00,KSRQ 081853Z 29010G19KT 10SM FEW024 SCT037 32/25 A2997 RMK AO2 LTG DSNT SW SLP147 T03220250
SRQ,2023-07-08 19:53,5.00,2500.00,KSRQ 081953Z 29009G23KT 5SM VCTS -RA FEW025 SCT039 SCT060 31/26 A2995 RMK AO2 LTG DSNT NE RAB34 SLP143 P0001 T03060256
SRQ,2023-07-08 20:53,10.00,M,KSRQ 082053Z 30012KT 10SM CLR 31/24 A2993 RMK AO2 RAE00 SLP135 P0000 60001 T03110239 58013
SRQ,2023-07-08 21:53,10.00,M,KSRQ 082153Z 28009KT 10SM CLR 31/22 A2993 RMK AO2 SLP135 T03110222
SRQ,2023-07-08 22:53,10.00,M,KSRQ 082253Z 28008KT 10SM CLR 31/23 A2993 RMK AO2 SLP136 T03060228
SRQ,2023-07-08 23:53,10.00,M,KSRQ 082353Z 26006KT 10SM CLR 30/23 A2994 RMK AO2 SLP139 60001 T03000228 10328 20300 53004
SRQ,2023-07-09 00:53,10.00,M,KSRQ 090053Z 26008KT 10SM CLR 29/24 A2996 RMK AO2 SLP143 T02940239
SRQ,2023-07-09 01:53,10.00,M,KSRQ 090153Z 26008KT 10SM CLR 29/24 A2997 RMK AO2 SLP148 T02940239
SRQ,2023-07-09 02:53,10.00,M,KSRQ 090253Z 26008KT 10SM CLR 29/23 A2998 RMK AO2 SLP151 T02940233 51012
SRQ,2023-07-09 03:53,10.00,M,KSRQ 090353Z AUTO 26008KT 10SM CLR 29/23 A2998 RMK AO2 SLP151 T02940228
SRQ,2023-07-09 04:53,10.00,M,KSRQ 090453Z AUTO 26010KT 10SM CLR 29/24 A2997 RMK AO2 SLP148 T02940244 403280294
SRQ,2023-07-09 05:53,10.00,M,KSRQ 090553Z AUTO 26010KT 10SM CLR 29/24 A2996 RMK AO2 SLP146 T02940239 10300 20294 58005
SRQ,2023-07-09 06:53,10.00,2200.00,KSRQ 090653Z AUTO 27009KT 10SM FEW022 29/24 A2995 RMK AO2 SLP141 T02940244
SRQ,2023-07-09 07:53,10.00,M,KSRQ 090753Z AUTO 27011KT 10SM CLR 29/24 A2995 RMK AO2 SLP140 T02940244
SRQ,2023-07-09 08:53,10.00,M,KSRQ 090853Z AUTO 27009KT 10SM CLR 29/24 A2995 RMK AO2 SLP139 T02890239 56006
SRQ,2023-07-09 09:53,10.00,M,KSRQ 090953Z 27008KT 10SM CLR 29/24 A2996 RMK AO2 SLP143 T02890239
SRQ,2023-07-09 10:53,10.00,M,KSRQ 091053Z 28008KT 10SM CLR 29/24 A2997 RMK AO2 SLP149 T02940244
SRQ,2023-07-09 11:53,10.00,2300.00,KSRQ 091153Z 27008KT 10SM FEW023 30/24 A2999 RMK AO2 SLP154 70001 T03000239 10300 20289 53014
SRQ,2023-07-09 12:53,10.00,2200.00,KSRQ 091253Z 28007KT 10SM FEW022 31/24 A3000 RMK AO2 SLP157 T03060244
SRQ,2023-07-09 13:53,10.00,2300.00,KSRQ 091353Z 28007KT 10SM FEW023 32/24 A3001 RMK AO2 SLP160 T03170244
SRQ,2023-07-09 14:53,10.00,M,KSRQ 091453Z 26008KT 10SM CLR 32/24 A3001 RMK AO2 SLP160 T03170244 50006
SRQ,2023-07-09 15:53,10.00,M,KSRQ 091553Z 27009KT 10SM CLR 32/25 A3001 RMK AO2 SLP161 T03220250
SRQ,2023-07-09 16:53,10.00,M,KSRQ 091653Z 27010KT 10SM CLR 33/25 A3000 RMK AO2 SLP159 T03280250
SRQ,2023-07-09 17:53,10.00,M,KSRQ 091753Z 28010G18KT 10SM CLR 33/24 A3000 RMK AO2 SLP157 T03330239 10333 20300 58003
SRQ,2023-07-09 18:53,10.00,M,KSRQ 091853Z 27010KT 10SM CLR 33/24 A2999 RMK AO2 PK WND 27027/1842 LTG DSNT SE AND S SLP154 T03330239
SRQ,2023-07-09 19:53,10.00,3500.00,KSRQ 091953Z COR 27011KT 10SM SCT035 33/24 A2999 RMK AO2 SLP153 T03330244
SRQ,2023-07-09 20:53,10.00,3500.00,KSRQ 092053Z 28013KT 10SM SCT035 33/24 A2998 RMK AO2 SLP150 T03280244 56007
SRQ,2023-07-09 21:53,10.00,2300.00,KSRQ 092153Z 27011KT 10SM FEW023 32/25 A2998 RMK AO2 SLP150 T03220250
SRQ,2023-07-09 22:53,10.00,3100.00,KSRQ 092253Z 26009KT 10SM SCT031 32/24 A2998 RMK AO2 SLP152 T03170244
SRQ,2023-07-09 23:53,10.00,2300.00,KSRQ 092353Z 28009KT 10SM FEW023 31/24 A3000 RMK AO2 SLP157 T03110239 10339 20311 53006
SRQ,2023-07-10 00:53,10.00,2400.00,KSRQ 100053Z 27009KT 10SM FEW024 31/24 A3000 RMK AO2 SLP159 T03060239
SRQ,2023-07-10 01:53,10.00,M,KSRQ 100153Z 29007KT 10SM CLR 30/24 A3001 RMK AO2 SLP163 T03000244
SRQ,2023-07-10 02:53,10.00,2400.00,KSRQ 100253Z 28006KT 10SM FEW024 30/24 A3002 RMK AO2 SLP166 T03000239 53009
SRQ,2023-07-10 03:53,10.00,2100.00,KSRQ 100353Z AUTO 25007KT 10SM FEW021 29/24 A3002 RMK AO2 SLP164 T02940244
SRQ,2023-07-10 04:53,10.00,2200.00,KSRQ 100453Z AUTO 26006KT 10SM FEW022 29/24 A3001 RMK AO2 SLP162 T02940239 403390289
SRQ,2023-07-10 05:53,10.00,M,KSRQ 100553Z AUTO 25007KT 10SM CLR 29/24 A3000 RMK AO2 SLP157 T02940244 10311 20294 58009
SRQ,2023-07-10 06:53,10.00,2100.00,KSRQ 100653Z AUTO 26008KT 10SM FEW021 29/24 A2997 RMK AO2 SLP148 T02940239
SRQ,2023-07-10 07:53,10.00,2200.00,KSRQ 100753Z AUTO 26008KT 10SM FEW022 29/24 A2996 RMK AO2 SLP145 T02940239
SRQ,2023-07-10 08:53,10.00,2300.00,KSRQ 100853Z AUTO 25007KT 10SM FEW023 29/23 A2997 RMK AO2 SLP147 T02940233 55010
SRQ,2023-07-10 09:53,10.00,2200.00,KSRQ 100953Z 25008KT 10SM FEW022 29/24 A2997 RMK AO2 SLP147 T02890239
SRQ,2023-07-10 10:53,10.00,2100.00,KSRQ 101053Z 25008KT 10SM FEW021 29/24 A2998 RMK AO2 SLP153 T02940239
SRQ,2023-07-10 11:53,10.00,2200.00,KSRQ 101153Z 24009KT 10SM FEW022 29/24 A3000 RMK AO2 SLP157 T02940239 10294 20289 53010
SRQ,2023-07-10 12:53,10.00,2400.00,KSRQ 101253Z 23009KT 10SM FEW024 31/24 A3001 RMK AO2 SLP160 T03060239
SRQ,2023-07-10 13:53,10.00,M,KSRQ 101353Z COR 24007G15KT 10SM CLR 32/23 A3002 RMK AO2 SLP164 T03170233
SRQ,2023-07-10 14:53,10.00,M,KSRQ 101453Z 23010KT 10SM CLR 32/24 A3002 RMK AO2 SLP166 T03220239 51009
SRQ,2023-07-10 15:53,10.00,2500.00,KSRQ 101553Z 23012KT 10SM FEW025 32/24 A3003 RMK AO2 SLP167 T03220239
SRQ,2023-07-10 16:53,10.00,2500.00,KSRQ 101653Z 24011KT 10SM FEW025 32/24 A3002 RMK AO2 SLP164 T03220244
SRQ,2023-07-10 17:53,10.00,2400.00,KSRQ 101753Z 25013KT 10SM FEW024 33/24 A3001 RMK AO2 SLP160 T03330244 10333 20294 58005
SRQ,2023-07-10 18:53,10.00,2600.00,KSRQ 101853Z 23011G20KT 10SM FEW026 33/24 A3000 RMK AO2 SLP159 T03330239
SRQ,2023-07-10 19:53,10.00,2500.00,KSRQ 101953Z 25010KT 10SM FEW025 33/24 A3001 RMK AO2 SLP161 T03280239
SRQ,2023-07-10 20:53,10.00,M,KSRQ 102053Z 25011G19KT 10SM CLR 32/24 A3000 RMK AO2 LTG DSNT W-N SLP158 T03220244 58002
SRQ,2023-07-10 21:53,10.00,M,KSRQ 102153Z 35005KT 10SM VCTS CLR 29/24 A3001 RMK AO2 WSHFT 2114 LTG DSNT NW-NE SLP160 T02890239
SRQ,2023-07-10 22:53,10.00,2500.00,KSRQ 102253Z 28006KT 10SM TS BKN025 BKN085 31/25 A3003 RMK AO2 LTG DSNT W-NE TSB18E45B46 SLP167 T03110250
SRQ,2023-07-10 23:53,1.00,3900.00,KSRQ 102353Z VRB04KT 1SM VCTS +RA BR BKN039 BKN065 OVC080 25/23 A3004 RMK AO2 PK WND 35038/2307 WSHFT 2259 VIS 1/2V5 LTG DSNT N-SE RAB02 TSE43 SLP172 P0016 60016 T02500233 10333 20244 50013
SRQ,2023-07-11 00:53,10.00,M,KSRQ 110053Z 09003KT 10SM CLR 26/24 A3003 RMK AO2 RAE14 SLP167 P0006 T02560239
SRQ,2023-07-11 01:53,10.00,M,KSRQ 110153Z 14006KT 10SM CLR 26/24 A3002 RMK AO2 SLP165 T02560239
SRQ,2023-07-11 02:53,10.00,M,KSRQ 110253Z 14005KT 10SM CLR 26/24 A3004 RMK AO2 SLP171 60006 T02560239 55002
SRQ,2023-07-11 03:53,10.00,M,KSRQ 110353Z 18006KT 10SM CLR 27/25 A3004 RMK AO2 SLP173 T02720250
SRQ,2023-07-11 04:53,10.00,M,KSRQ 110453Z AUTO 18005KT 10SM CLR 28/26 A3003 RMK AO2 SLP168 T02780256 403330244
SRQ,2023-07-11 05:53,10.00,M,KSRQ 110553Z AUTO 22007KT 10SM CLR 29/26 A3001 RMK AO2 SLP162 60006 T02890256 10289 20250 58008
SRQ,2023-07-11 06:53,10.00,1700.00,KSRQ 110653Z AUTO 25008KT 10SM SCT017 BKN028 29/26 A3000 RMK AO2 SLP156 T02940256
SRQ,2023-07-11 07:53,10.00,M,KSRQ 110753Z AUTO 24008KT 10SM CLR 29/25 A3000 RMK AO2 SLP156 T02940250
SRQ,2023-07-11 08:53,10.00,M,KSRQ 110853Z AUTO 26008KT 10SM CLR 29/24 A2999 RMK AO2 SLP155 T02940244 56007
SRQ,2023-07-11 09:53,10.00,M,KSRQ 110953Z 25008KT 10SM CLR 29/24 A3000 RMK AO2 SLP158 T02940239
SRQ,2023-07-11 10:53,10.00,2300.00,KSRQ 111053Z 25008KT 10SM FEW023 SCT030 29/24 A3001 RMK AO2 SLP162 T02940244
SRQ,2023-07-11 11:53,10.00,2100.00,KSRQ 111153Z 25007KT 10SM FEW021 30/24 A3003 RMK AO2 SLP168 70022 T03000244 10300 20289 53013
SRQ,2023-07-11 12:53,10.00,M,KSRQ 111253Z 26007KT 10SM CLR 31/24 A3004 RMK AO2 SLP172 T03110244
SRQ,2023-07-11 13:53,10.00,2200.00,KSRQ 111353Z 27008KT 10SM BKN022 BKN027 31/26 A3004 RMK AO2 SLP172 T03110256
SRQ,2023-07-11 14:53,10.00,2200.00,KSRQ 111453Z 27011KT 10SM BKN022 BKN036 31/25 A3006 RMK AO2 SLP178 T03110250 53010
SRQ,2023-07-11 15:53,10.00,3300.00,KSRQ 111553Z COR 26009KT 10SM FEW033 32/24 A3007 RMK AO2 LTG DSNT E SLP181 T03220239
SRQ,2023-07-11 16:53,10.00,3300.00,KSRQ 111653Z 28012KT 10SM FEW033 33/24 A3007 RMK AO2 LTG DSNT N AND NW SLP183 T03280244
SRQ,2023-07-11 17:53,10.00,2800.00,KSRQ 111753Z 29009KT 10SM FEW028 32/24 A3005 RMK AO2 SLP176 T03220244 10333 20300 58002
SRQ,2023-07-11 18:53,10.00,3100.00,KSRQ 111853Z 27006KT 10SM FEW031 32/24 A3003 RMK AO2 SLP168 T03220244
SRQ,2023-07-11 19:53,10.00,4700.00,KSRQ 111953Z 27006KT 10SM FEW047 31/25 A3004 RMK AO2 SLP171 T03110250
SRQ,2023-07-11 20:53,10.00,M,KSRQ 112053Z 29008KT 10SM CLR 32/25 A3002 RMK AO2 SLP166 T03170250 56010
SRQ,2023-07-11 21:53,10.00,M,KSRQ 112153Z 29008KT 10SM CLR 31/24 A3002 RMK AO2 SLP166 T03110239
SRQ,2023-07-11 22:53,10.00,M,KSRQ 112253Z 25007KT 10SM CLR 31/24 A3003 RMK AO2 SLP167 T03110244
SRQ,2023-07-11 23:53,10.00,M,KSRQ 112353Z 26008KT 10SM CLR 31/23 A3004 RMK AO2 SLP170 T03060233 10328 20306 53003
SRQ,2023-07-12 00:53,10.00,200.00,KSRQ 120053Z 28006KT 10SM FEW002 30/24 A3004 RMK AO2 SLP173 T03000239
SRQ,2023-07-12 01:53,10.00,M,KSRQ 120153Z 29006KT 10SM CLR 29/24 A3005 RMK AO2 SLP173 T02940239
SRQ,2023-07-12 02:53,10.00,M,KSRQ 120253Z 27004KT 10SM CLR 29/24 A3005 RMK AO2 SLP174 T02940239 53001
SRQ,2023-07-12 03:53,10.00,M,KSRQ 120353Z AUTO 24004KT 10SM CLR 29/24 A3004 RMK AO2 SLP170 T02940239
SRQ,2023-07-12 04:53,10.00,M,KSRQ 120453Z AUTO 25005KT 10SM CLR 29/24 A3003 RMK AO2 SLP169 T02940239 403330278
SRQ,2023-07-12 05:53,10.00,M,KSRQ 120553Z AUTO 27005KT 10SM CLR 29/24 A3003 RMK AO2 SLP167 T02940244 10306 20289 56007
SRQ,2023-07-12 06:53,10.00,M,KSRQ 120653Z AUTO 28006KT 10SM CLR 29/24 A3001 RMK AO2 SLP161 T02940239
SRQ,2023-07-12 07:53,10.00,M,KSRQ 120753Z AUTO 28007KT 10SM CLR 29/24 A3000 RMK AO2 SLP158 T02890239
SRQ,2023-07-12 08:53,10.00,M,KSRQ 120853Z AUTO 30006KT 10SM CLR 29/24 A3000 RMK AO2 SLP158 T02890244 56009
SRQ,2023-07-12 09:53,10.00,M,KSRQ 120953Z 27003KT 10SM CLR 28/24 A3001 RMK AO2 SLP160 T02830244
SRQ,2023-07-12 10:53,10.00,M,KSRQ 121053Z 25005KT 10SM CLR 29/24 A3001 RMK AO2 SLP161 T02890244
SRQ,2023-07-12 11:53,10.00,M,KSRQ 121153Z 00000KT 10SM CLR 28/25 A3002 RMK AO2 SLP166 T02830250 10294 20283 53008
SRQ,2023-07-12 12:53,10.00,2300.00,KSRQ 121253Z 27007KT 10SM FEW023 31/24 A3003 RMK AO2 SLP169 T03060244
SRQ,2023-07-12 13:53,10.00,2600.00,KSRQ 121353Z 25005KT 10SM FEW026 31/24 A3004 RMK AO2 SLP172 T03110244
SRQ,2023-07-12 14:53,10.00,2600.00,KSRQ 121453Z 28006KT 10SM FEW026 32/24 A3005 RMK AO2 SLP174 T03170244 51008
SRQ,2023-07-12 15:53,10.00,3300.00,KSRQ 121553Z 27009G16KT 10SM FEW033 32/24 A3006 RMK AO2 SLP178 T03220239
SRQ,2023-07-12 16:53,10.00,M,KSRQ 121653Z 27008KT 10SM CLR 32/24 A3006 RMK AO2 SLP179 T03220239
SRQ,2023-07-12 17:53,10.00,M,KSRQ 121753Z 28010KT 10SM CLR 32/24 A3005 RMK AO2 SLP175 T03220239 10333 20283 50001
SRQ,2023-07-12 18:53,10.00,M,KSRQ 121853Z 28010G18KT 10SM CLR 33/24 A3003 RMK AO2 SLP168 T03280239
SRQ,2023-07-12 19:53,10.00,M,KSRQ 121953Z 28010KT 10SM CLR 32/24 A3002 RMK AO2 SLP166 T03220244
SRQ,2023-07-12 20:53,10.00,M,KSRQ 122053Z 29009KT 10SM CLR 33/24 A3000 RMK AO2 SLP158 T03280244 58017
SRQ,2023-07-12 21:53,10.00,M,KSRQ 122153Z 28010KT 10SM CLR 32/24 A3001 RMK AO2 SLP160 T03220244
SRQ,2023-07-12 22:53,10.00,M,KSRQ 122253Z 29010KT 10SM CLR 32/24 A3000 RMK AO2 SLP158 T03170244
SRQ,2023-07-12 23:53,10.00,M,KSRQ 122353Z 30009KT 10SM CLR 31/24 A3000 RMK AO2 SLP157 T03110244 10333 20311 58001
SRQ,2023-07-13 00:53,10.00,M,KSRQ 130053Z 31006KT 10SM CLR 30/24 A3000 RMK AO2 SLP159 T03000239
SRQ,2023-07-13 01:53,10.00,M,KSRQ 130153Z 33004KT 10SM CLR 29/24 A3001 RMK AO2 SLP162 T02940239
SRQ,2023-07-13 02:53,10.00,M,KSRQ 130253Z 33004KT 10SM CLR 29/24 A3001 RMK AO2 SLP162 T02890244 50005
SRQ,2023-07-13 03:53,10.00,M,KSRQ 130353Z AUTO 31004KT 10SM CLR 29/24 A3001 RMK AO2 SLP162 T02890244
SRQ,2023-07-13 04:53,10.00,M,KSRQ 130453Z AUTO 00000KT 10SM CLR 28/24 A3001 RMK AO2 SLP161 T02830244 403330283
SRQ,2023-07-13 05:53,10.00,M,KSRQ 130553Z AUTO 00000KT 10SM CLR 28/24 A2999 RMK AO2 SLP155 T02830244 10311 20283 58007
SRQ,2023-07-13 06:53,10.00,M,KSRQ 130653Z AUTO 00000KT 10SM CLR 28/24 A2997 RMK AO2 SLP147 T02830244
SRQ,2023-07-13 07:53,10.00,M,KSRQ 130753Z AUTO 00000KT 10SM CLR 27/24 A2995 RMK AO2 SLP140 T02720244
SRQ,2023-07-13 08:53,10.00,M,KSRQ 130853Z AUTO 10004KT 10SM CLR 27/24 A2995 RMK AO2 SLP142 T02670244 55013
SRQ,2023-07-13 09:53,10.00,M,KSRQ 130953Z AUTO 00000KT 10SM CLR 27/24 A2996 RMK AO2 SLP146 T02670244
SRQ,2023-07-13 10:53,10.00,M,KSRQ 131053Z 00000KT 10SM CLR 26/24 A2998 RMK AO2 SLP151 T02560239
SRQ,2023-07-13 11:53,10.00,M,KSRQ 131153Z 08003KT 10SM CLR 28/24 A2999 RMK AO2 SLP155 T02780244 10283 20256 53013
SRQ,2023-07-13 12:53,10.00,M,KSRQ 131253Z 08004KT 10SM CLR 30/24 A3001 RMK AO2 SLP161 T03000244
SRQ,2023-07-13 13:53,10.00,M,KSRQ 131353Z 03003KT 10SM CLR 32/23 A3001 RMK AO2 SLP161 T03170233
SRQ,2023-07-13 14:53,10.00,3900.00,KSRQ 131453Z VRB03KT 10SM SCT039 32/23 A3001 RMK AO2 SLP161 T03220228 51006
SRQ,2023-07-13 15:53,10.00,M,KSRQ 131553Z 26009KT 10SM CLR 33/23 A3001 RMK AO2 LTG DSNT N SLP163 T03330233
SRQ,2023-07-13 16:53,10.00,M,KSRQ 131653Z 27009KT 10SM CLR 33/24 A3000 RMK AO2 LTG DSNT NE SLP157 T03330239
SRQ,2023-07-13 17:53,10.00,M,KSRQ 131753Z 30010KT 10SM TS CLR 32/24 A2998 RMK AO2 LTG DSNT NE TSB40 SLP152 T03220244 10339 20278 58009
SRQ,2023-07-13 18:53,10.00,M,KSRQ 131853Z 30009KT 10SM CLR 33/25 A2995 RMK AO2 TSE31 SLP142 T03280250
SRQ,2023-07-13 19:53,10.00,M,KSRQ 131953Z 27011KT 10SM CLR 33/24 A2994 RMK AO2 SLP136 T03330244
SRQ,2023-07-13 20:53,10.00,M,KSRQ 132053Z 28010KT 10SM CLR 33/24 A2994 RMK AO2 SLP137 T03330239 55016
SRQ,2023-07-13 21:53,10.00,M,KSRQ 132153Z 28012KT 10SM CLR 33/24 A2994 RMK AO2 SLP137 T03280239
SRQ,2023-07-13 22:53,10.00,M,KSRQ 132253Z 31009KT 10SM CLR 33/23 A2995 RMK AO2 LTG DSNT N AND NE SLP140 T03280233
SRQ,2023-07-13 23:53,10.00,M,KSRQ 132353Z 32008KT 10SM CLR 32/23 A2995 RMK AO2 SLP140 T03170233 10339 20317 51003
SRQ,2023-07-14 00:53,10.00,M,KSRQ 140053Z 33009KT 10SM CLR 31/24 A2996 RMK AO2 SLP144 T03060244
SRQ,2023-07-14 01:53,10.00,M,KSRQ 140153Z 35007KT 10SM CLR 30/23 A2996 RMK AO2 SLP145 T03000233
SRQ,2023-07-14 02:53,10.00,M,KSRQ 140253Z 03004KT 10SM CLR 30/24 A2998 RMK AO2 SLP152 T03000244 53012
SRQ,2023-07-14 03:53,10.00,M,KSRQ 140353Z 00000KT 10SM CLR 29/24 A2998 RMK AO2 SLP151 T02940239
SRQ,2023-07-14 04:53,10.00,M,KSRQ 140453Z AUTO 13006KT 10SM CLR 28/24 A2997 RMK AO2 SLP148 T02830244 403390256
SRQ,2023-07-14 05:53,10.00,M,KSRQ 140553Z AUTO 12003KT 10SM CLR 28/23 A2996 RMK AO2 SLP144 T02780233 10317 20278 58008
SRQ,2023-07-14 06:53,10.00,M,KSRQ 140653Z AUTO 00000KT 10SM CLR 28/23 A2995 RMK AO2 SLP141 T02780233
SRQ,2023-07-14 07:53,10.00,M,KSRQ 140753Z AUTO 00000KT 10SM CLR 27/23 A2994 RMK AO2 SLP136 T02720233
SRQ,2023-07-14 08:53,10.00,M,KSRQ 140853Z AUTO 00000KT 10SM CLR 26/24 A2995 RMK AO2 SLP141 T02610239 55003
SRQ,2023-07-14 09:53,10.00,M,KSRQ 140953Z AUTO 09003KT 10SM CLR 26/23 A2995 RMK AO2 SLP140 T02560233
SRQ,2023-07-14 10:53,10.00,M,KSRQ 141053Z 00000KT 10SM CLR 26/23 A2996 RMK AO2 SLP146 T02560233
SRQ,2023-07-14 11:53,10.00,M,KSRQ 141153Z 11003KT 10SM CLR 27/24 A2997 RMK AO2 SLP148 T02670239 10278 20250 53008
SRQ,2023-07-14 12:53,10.00,M,KSRQ 141253Z VRB03KT 10SM CLR 30/24 A2998 RMK AO2 SLP152 T03000239
SRQ,2023-07-14 13:53,10.00,M,KSRQ 141353Z 11004KT 10SM CLR 32/23 A2998 RMK AO2 SLP153 T03170228
SRQ,2023-07-14 14:53,10.00,M,KSRQ 141453Z 28006KT 10SM CLR 32/23 A2998 RMK AO2 SLP153 T03220228 51004
SRQ,2023-07-14 15:53,10.00,M,KSRQ 141553Z 28006KT 10SM CLR 33/23 A3000 RMK AO2 SLP159 T03280228
SRQ,2023-07-14 16:53,10.00,M,KSRQ 141653Z 27009KT 10SM CLR 33/23 A3000 RMK AO2 SLP157 T03280228
SRQ,2023-07-14 17:53,10.00,M,KSRQ 141753Z 28010KT 10SM CLR 33/24 A2998 RMK AO2 SLP153 T03330239 10333 20272 50000
SRQ,2023-07-14 18:53,10.00,M,KSRQ 141853Z 28011KT 10SM CLR 34/24 A2998 RMK AO2 SLP152 T03390239
SRQ,2023-07-14 19:53,10.00,M,KSRQ 141953Z 29011KT 10SM CLR 33/24 A2997 RMK AO2 SLP147 T03330239
SRQ,2023-07-14 20:53,10.00,M,KSRQ 142053Z 28010KT 10SM CLR 33/23 A2995 RMK AO2 SLP142 T03330233 58010
SRQ,2023-07-14 21:53,10.00,M,KSRQ 142153Z 28010KT 10SM CLR 33/23 A2994 RMK AO2 SLP137 T03280233
SRQ,2023-07-14 22:53,10.00,M,KSRQ 142253Z 28007KT 10SM CLR 32/24 A2995 RMK AO2 SLP142 T03170239
SRQ,2023-07-14 23:53,10.00,M,KSRQ 142353Z 29007KT 10SM CLR 31/23 A2997 RMK AO2 SLP149 T03110233 10339 20311 53007
SRQ,2023-07-15 00:53,10.00,300.00,KSRQ 150053Z 31005KT 10SM FEW003 30/24 A2998 RMK AO2 SLP150 T03000239
SRQ,2023-07-15 01:53,10.00,M,KSRQ 150153Z 32003KT 10SM CLR 29/23 A2998 RMK AO2 SLP151 T02940233
SRQ,2023-07-15 02:53,10.00,M,KSRQ 150253Z 33005KT 10SM CLR 29/23 A2998 RMK AO2 SLP153 T02940233 53003
SRQ,2023-07-15 03:53,10.00,M,KSRQ 150353Z 00000KT 10SM CLR 29/23 A2999 RMK AO2 SLP155 T02940233
SRQ,2023-07-15 04:53,10.00,M,KSRQ 150453Z AUTO 10003KT 10SM CLR 28/23 A2999 RMK AO2 SLP153 T02830233 403390250
SRQ,2023-07-15 05:53,10.00,M,KSRQ 150553Z AUTO 14005KT 10SM CLR 28/24 A2998 RMK AO2 SLP151 T02780239 10311 20278 58002
SRQ,2023-07-15 06:53,10.00,M,KSRQ 150653Z AUTO 12003KT 10SM CLR 27/24 A2996 RMK AO2 SLP144 T02720239
SRQ,2023-07-15 07:53,10.00,M,KSRQ 150753Z AUTO 00000KT 10SM CLR 27/24 A2995 RMK AO2 SLP140 T02720239
SRQ,2023-07-15 08:53,10.00,M,KSRQ 150853Z AUTO 14004KT 10SM CLR 27/24 A2994 RMK AO2 SLP139 T02670239 56012
SRQ,2023-07-15 09:53,10.00,M,KSRQ 150953Z AUTO 00000KT 10SM CLR 27/24 A2996 RMK AO2 SLP143 T02670239
SRQ,2023-07-15 10:53,10.00,M,KSRQ 151053Z 14003KT 10SM CLR 27/24 A2996 RMK AO2 SLP145 T02670239
SRQ,2023-07-15 11:53,3.00,2500.00,KSRQ 151153Z 3SM RA SCT025 SCT040 BKN047 28/24 A2999 RMK AO2 RAB45 SLP155 P0003 60003 70003 T02780244 10283 20267 53016
SRQ,2023-07-15 12:53,10.00,M,KSRQ 151253Z 10003KT 10SM CLR 29/25 A3001 RMK AO2 LTG DSNT S RAE12 SLP163 P0003 T02890250
SRQ,2023-07-15 13:53,10.00,2100.00,KSRQ 151353Z 00000KT 10SM SCT021 SCT027 31/25 A3002 RMK AO2 LTG DSNT SE AND S SLP166 T03060250
SRQ,2023-07-15 14:53,10.00,M,KSRQ 151453Z 18006KT 10SM CLR 31/22 A3003 RMK AO2 LTG DSNT E AND SE SLP167 60003 T03110222 51004
SRQ,2023-07-15 15:53,10.00,M,KSRQ 151553Z 21007KT 10SM CLR 32/24 A3003 RMK AO2 LTG DSNT E SLP169 T03220244
SRQ,2023-07-15 16:53,10.00,M,KSRQ 151653Z 24007KT 200V270 10SM CLR 32/24 A3003 RMK AO2 SLP169 T03170239
SRQ,2023-07-15 17:53,10.00,M,KSRQ 151753Z 25007KT 10SM CLR 33/25 A3001 RMK AO2 SLP162 60003 T03330250 10333 20272 58005
SRQ,2023-07-15 18:53,10.00,M,KSRQ 151853Z 24008KT 10SM CLR 33/25 A3000 RMK AO2 SLP158 T03280250
SRQ,2023-07-15 19:53,10.00,M,KSRQ 151953Z 24008KT 10SM CLR 33/25 A2999 RMK AO2 LTG DSNT NE AND E SLP155 T03280250
SRQ,2023-07-15 20:53,10.00,M,KSRQ 152053Z 25010KT 10SM CLR 33/25 A2998 RMK AO2 SLP151 T03280250 56011
SRQ,2023-07-15 21:53,10.00,2700.00,KSRQ 152153Z 25008KT 10SM FEW027 33/24 A2998 RMK AO2 LTG DSNT E SLP152 T03280239
SRQ,2023-07-15 22:53,10.00,2700.00,KSRQ 152253Z 28010KT 10SM FEW027 32/24 A2998 RMK AO2 SLP152 T03220239
SRQ,2023-07-15 23:53,10.00,2800.00,KSRQ 152353Z 28006KT 10SM FEW028 31/24 A2999 RMK AO2 SLP156 T03110239 10333 20311 53005
SRQ,2023-07-16 00:53,10.00,M,KSRQ 160053Z 29005KT 10SM CLR 31/22 A2999 RMK AO2 SLP156 T03060222
SRQ,2023-07-16 01:53,10.00,M,KSRQ 160153Z 29004KT 10SM CLR 31/23 A3001 RMK AO2 SLP160 T03060228
SRQ,2023-07-16 02:53,10.00,M,KSRQ 160253Z 00000KT 10SM CLR 29/23 A3002 RMK AO2 SLP165 T02940233 53009
SRQ,2023-07-16 03:53,10.00,M,KSRQ 160353Z AUTO 00000KT 10SM CLR 29/23 A3002 RMK AO2 SLP163 T02890233
SRQ,2023-07-16 04:53,10.00,M,KSRQ 160453Z AUTO 27004KT 10SM CLR 29/23 A3001 RMK AO2 SLP162 T02940233 403330267
SRQ,2023-07-16 05:53,10.00,M,KSRQ 160553Z AUTO 24003KT 10SM CLR 30/23 A3001 RMK AO2 SLP162 T03000233 10311 20289 56004
SRQ,2023-07-16 06:53,10.00,2800.00,KSRQ 160653Z AUTO 25003KT 10SM FEW028 29/23 A3000 RMK AO2 SLP158 T02940233
SRQ,2023-07-16 07:53,10.00,M,KSRQ 160753Z AUTO 25004KT 10SM CLR 29/23 A2999 RMK AO2 SLP155 T02940233
SRQ,2023-07-16 08:53,10.00,M,KSRQ 160853Z AUTO 00000KT 10SM CLR 27/23 A2999 RMK AO2 SLP155 T02720233 56007
SRQ,2023-07-16 09:53,10.00,M,KSRQ 160953Z 27004KT 10SM CLR 29/23 A3000 RMK AO2 SLP156 T02890233
SRQ,2023-07-16 10:53,10.00,M,KSRQ 161053Z 00000KT 10SM CLR 27/24 A3000 RMK AO2 SLP159 T02670239
SRQ,2023-07-16 11:53,10.00,M,KSRQ 161153Z 11003KT 10SM CLR 28/24 A3001 RMK AO2 SLP162 70003 T02830239 10300 20267 53007
SRQ,2023-07-16 12:53,10.00,2700.00,KSRQ 161253Z 26005KT 10SM FEW027 31/23 A3003 RMK AO2 SLP168 T03060233
SRQ,2023-07-16 13:53,10.00,M,KSRQ 161353Z 24006KT 10SM CLR 31/24 A3004 RMK AO2 SLP172 T03110244
SRQ,2023-07-16 14:53,10.00,3300.00,KSRQ 161453Z COR 24008KT 10SM SCT033 33/24 A3004 RMK AO2 SLP172 T03280244 51010
SRQ,2023-07-16 15:53,10.00,2500.00,KSRQ 161553Z 24010KT 10SM FEW025 33/24 A3004 RMK AO2 SLP173 T03280244
SRQ,2023-07-16 16:53,10.00,2500.00,KSRQ 161653Z 27010KT 10SM FEW025 33/24 A3004 RMK AO2 SLP170 T03330244
SRQ,2023-07-16 17:53,10.00,3000.00,KSRQ 161753Z 28011G16KT 10SM SCT030 34/24 A3003 RMK AO2 LTG DSNT N SLP168 T03390244 10339 20289 58004
SRQ,2023-07-16 18:53,10.00,M,KSRQ 161853Z 28011KT 10SM CLR 33/23 A3001 RMK AO2 LTG DSNT N SLP161 T03330233
SRQ,2023-07-16 19:53,10.00,M,KSRQ 161953Z 27010KT 10SM CLR 33/23 A3001 RMK AO2 SLP163 T03330233
SRQ,2023-07-16 20:53,10.00,2600.00,KSRQ 162053Z 29008KT 10SM FEW026 33/24 A3001 RMK AO2 SLP161 T03280244 56007
SRQ,2023-07-16 21:53,10.00,2700.00,KSRQ 162153Z 28009KT 10SM FEW027 32/24 A3000 RMK AO2 LTG DSNT N AND NE SLP158 T03220239
SRQ,2023-07-16 22:53,10.00,M,KSRQ 162253Z 30008KT 10SM CLR 32/24 A2999 RMK AO2 SLP155 T03220239
SRQ,2023-07-16 23:53,10.00,M,KSRQ 162353Z 33003KT 10SM CLR 31/24 A3000 RMK AO2 SLP158 T03110239 10344 20311 55003
SRQ,2023-07-17 00:53,10.00,M,KSRQ 170053Z 32004KT 10SM VCTS CLR 31/24 A3001 RMK AO2 LTG DSNT SW AND W SLP163 T03060239
SRQ,2023-07-17 01:53,7.00,2800.00,KSRQ 170153Z 28012KT 7SM -RA SCT028 SCT065 BKN110 28/24 A3003 RMK AO2 RAB38 TSB06E47 SLP168 P0004 T02780239
SRQ,2023-07-17 02:53,10.00,5000.00,KSRQ 170253Z 19004KT 10SM FEW050 28/24 A3004 RMK AO2 RAE49 SLP172 P0001 60005 T02830244 52014
SRQ,2023-07-17 03:53,10.00,M,KSRQ 170353Z 00000KT 10SM CLR 28/25 A3004 RMK AO2 SLP173 T02780250
SRQ,2023-07-17 04:53,10.00,M,KSRQ 170453Z 24005KT 10SM CLR 30/25 A3004 RMK AO2 SLP170 T03000250 403440267
SRQ,2023-07-17 05:53,10.00,M,KSRQ 170553Z AUTO 24007KT 10SM CLR 30/25 A3002 RMK AO2 SLP166 60005 T03000250 10311 20278 58006
SRQ,2023-07-17 06:53,10.00,2300.00,KSRQ 170653Z AUTO 25006KT 10SM FEW023 30/24 A3001 RMK AO2 SLP161 T03000239
SRQ,2023-07-17 07:53,10.00,M,KSRQ 170753Z AUTO 25008KT 10SM CLR 30/24 A3001 RMK AO2 SLP161 T03000239
SRQ,2023-07-17 08:53,10.00,2500.00,KSRQ 170853Z AUTO 25007KT 10SM FEW025 FEW046 SCT065 30/24 A3000 RMK AO2 LTG DSNT NE AND SE SLP156 T03000244 56010
SRQ,2023-07-17 09:53,10.00,2500.00,KSRQ 170953Z 24007KT 10SM FEW025 30/24 A3000 RMK AO2 SLP156 T03000244
SRQ,2023-07-17 10:53,10.00,2400.00,KSRQ 171053Z 27008KT 10SM FEW024 30/24 A3000 RMK AO2 SLP159 T03000244
SRQ,2023-07-17 11:53,10.00,2300.00,KSRQ 171153Z 28007KT 10SM FEW023 30/24 A3001 RMK AO2 SLP162 70005 T03000244 10306 20294 53006
SRQ,2023-07-17 12:53,10.00,2400.00,KSRQ 171253Z COR 27008KT 10SM SCT024 31/25 A3002 RMK AO2 SLP166 T03110250
SRQ,2023-07-17 13:53,10.00,2400.00,KSRQ 171353Z 26008KT 10SM SCT024 32/24 A3003 RMK AO2 SLP167 T03170244
SRQ,2023-07-17 14:53,10.00,M,KSRQ 171453Z 26008KT 10SM CLR 32/25 A3003 RMK AO2 LTG DSNT NE SLP170 T03170250 51007
SRQ,2023-07-17 15:53,10.00,M,KSRQ 171553Z 26009KT 10SM CLR 33/25 A3004 RMK AO2 LTG DSNT N-E SLP171 T03280250
SRQ,2023-07-17 16:53,10.00,3700.00,KSRQ 171653Z 28011KT 10SM VCTS SCT037 34/24 A3004 RMK AO2 LTG DSNT N-E SLP172 T03390239
SRQ,2023-07-17 17:53,10.00,M,KSRQ 171753Z 28012KT 10SM VCTS CLR 33/24 A3002 RMK AO2 LTG DSNT NE-SE SLP166 T03330244 10344 20300 58004
SRQ,2023-07-17 18:53,10.00,2300.00,KSRQ 171853Z 10SM FEW023 32/25 A3002 RMK AO2 LTG DSNT N-E SLP164 T03220250
SRQ,2023-07-17 19:53,10.00,2300.00,KSRQ 171953Z 27009KT 10SM FEW023 SCT031 32/25 A3001 RMK AO2 LTG DSNT N-SE SLP161 T03170250
SRQ,2023-07-17 20:53,10.00,2500.00,KSRQ 172053Z 27010KT 10SM FEW025 FEW035 32/24 A3001 RMK AO2 LTG DSNT N-E SLP160 T03170244 56005
SRQ,2023-07-17 21:53,10.00,M,KSRQ 172153Z COR 130/08KT 10SM CLR 31/24 A3002 RMK AO2 LTG DSNT E SLP164 T03110239
SRQ,2023-07-17 22:53,10.00,3200.00,KSRQ 172253Z 21004KT 10SM VCTS FEW032 SCT075 BKN090 31/24 A3001 RMK AO2 LTG DSNT N AND SE AND S SLP162 T03060239
SRQ,2023-07-17 23:53,10.00,M,KSRQ 172353Z 19004KT 10SM CLR 30/23 A3001 RMK AO2 LTG DSNT W AND NW TSB09E24 SLP162 T03000233 10322 20300 51002
SRQ,2023-07-18 00:53,10.00,2600.00,KSRQ 180053Z 27004KT 10SM SCT026 31/24 A3002 RMK AO2 SLP166 T03060244
SRQ,2023-07-18 01:53,10.00,9000.00,KSRQ 180153Z AUTO 34003KT 10SM FEW090 29/26 A3004 RMK AO2 RAB07E44 SLP171 P0000 T02890256
SRQ,2023-07-18 02:53,10.00,M,KSRQ 180253Z AUTO 12003KT 10SM CLR 28/23 A3004 RMK AO2 LTG DSNT S SLP173 60000 T02780233 51011
SRQ,2023-07-18 03:53,10.00,M,KSRQ 180353Z AUTO 10005KT 10SM CLR 27/23 A3004 RMK AO2 SLP173 T02720228
SRQ,2023-07-18 04:53,10.00,M,KSRQ 180453Z AUTO 14005KT 10SM CLR 27/24 A3004 RMK AO2 SLP170 T02720239 403440272
SRQ,2023-07-18 05:53,10.00,2500.00,KSRQ 180553Z AUTO 14005KT 10SM FEW025 FEW029 27/24 A3004 RMK AO2 SLP171 60000 T02720244 10306 20272 55002
SRQ,2023-07-18 06:53,10.00,2700.00,KSRQ 180653Z AUTO 12004KT 10SM FEW027 27/24 A3002 RMK AO2 LTG DSNT N SLP166 T02720244
SRQ,2023-07-18 07:53,10.00,2400.00,KSRQ 180753Z AUTO 13005KT 10SM FEW024 27/24 A3001 RMK AO2 SLP162 T02670244
SRQ,2023-07-18 08:53,10.00,2900.00,KSRQ 180853Z AUTO 00000KT 10SM VCTS FEW029 BKN037 BKN090 28/25 A3002 RMK AO2 LTG DSNT N RAB14E30 TSB0756E11B38E53 SLP163 P0008 60008 T02830250 55007
SRQ,2023-07-18 09:53,10.00,2500.00,KSRQ 180953Z AUTO 00000KT 10SM TS FEW025 27/24 A3004 RMK AO2 LTG DSNT SE-SW TSB0859 SLP170 P0001 T02720239
SRQ,2023-07-18 10:53,10.00,2300.00,KSRQ 181053Z 17006KT 10SM VCTS FEW023 SCT038 26/23 A3004 RMK AO2 LTG DSNT SE AND S RAB05E49 TSE18 SLP172 P0025 T02560233
SRQ,2023-07-18 11:53,10.00,M,KSRQ 181153Z 15005KT 10SM TS CLR 27/25 A3006 RMK AO2 LTG DSNT S-NW TSB44 SLP179 60034 70034 T02720250 10283 20250 50009
SRQ,2023-07-18 12:53,10.00,5500.00,KSRQ 181253Z COR 33003KT 10SM -RA SCT055 BKN075 BKN090 28/24 A3009 RMK AO2 LTG DSNT S-NW RAB43E51 TSE1159 SLP187 P0001 T02830239
SRQ,2023-07-18 13:53,10.00,2700.00,KSRQ 181353Z 14003KT 10SM -RA SCT027 BKN045 OVC095 28/25 A3010 RMK AO2 LTG DSNT N AND NW RAB1254 SLP192 P0003 T02780250
SRQ,2023-07-18 14:53,10.00,M,KSRQ 181453Z 36003KT 10SM -RA CLR 28/24 A3011 RMK AO2 LTG DSNT N SLP195 P0000 60004 T02830244 53008
SRQ,2023-07-18 15:53,10.00,M,KSRQ 181553Z 00000KT 10SM -RA CLR 31/24 A3010 RMK AO2 SLP191 P0000 T03060239
SRQ,2023-07-18 16:53,10.00,M,KSRQ 181653Z COR 23003KT 10SM CLR 32/23 A3008 RMK AO2 SLP185 P0000 T03170228
SRQ,2023-07-18 17:53,10.00,M,KSRQ 181753Z 25006KT 10SM CLR 33/23 A3006 RMK AO2 RAE1657 SLP177 P0000 60004 T03280233 10328 20272 58018
SRQ,2023-07-18 18:53,10.00,M,KSRQ 181853Z 25008KT 10SM CLR 33/23 A3006 RMK AO2 SLP177 T03280233
SRQ,2023-07-18 19:53,10.00,M,KSRQ 181953Z 27011KT 10SM VCTS CLR 33/24 A3004 RMK AO2 LTG DSNT E-S SLP170 T03280239
SRQ,2023-07-18 20:53,10.00,M,KSRQ 182053Z 27010KT 10SM TS CLR 33/23 A3006 RMK AO2 LTG DSNT NE-SE TSB18E33B39 SLP177 T03330233 53000
SRQ,2023-07-18 21:53,10.00,2600.00,KSRQ 182153Z 08014G23KT 10SM FEW026 SCT050 BKN060 29/23 A3007 RMK AO2 LTG DSNT N-SE TSE10 SLP183 T02940228
SRQ,2023-07-18 22:53,10.00,7500.00,KSRQ 182253Z 10SM FEW075 28/23 A3006 RMK AO2 SLP179 T02830228
SRQ,2023-07-18 23:53,10.00,M,KSRQ 182353Z 10010KT 10SM CLR 28/22 A3007 RMK AO2 LTG DSNT NE SLP181 T02830222 10333 20272 51004
SRQ,2023-07-19 00:53,10.00,200.00,KSRQ 190053Z 12006KT 10SM FEW002 27/22 A3007 RMK AO2 SLP183 T02720222
SRQ,2023-07-19 01:53,10.00,M,KSRQ 190153Z 12004KT 10SM CLR 27/23 A3010 RMK AO2 SLP190 T02670228
SRQ,2023-07-19 02:53,10.00,M,KSRQ 190253Z 14004KT 10SM CLR 27/23 A3010 RMK AO2 SLP192 T02670228 51011
SRQ,2023-07-19 03:53,10.00,M,KSRQ 190353Z 08003KT 10SM CLR 26/23 A3010 RMK AO2 SLP193 T02610228
SRQ,2023-07-19 04:53,10.00,M,KSRQ 190453Z AUTO 10005KT 10SM CLR 26/23 A3010 RMK AO2 SLP192 T02560228 403330250
SRQ,2023-07-19 05:53,10.00,M,KSRQ 190553Z AUTO 00000KT 10SM CLR 26/23 A3011 RMK AO2 SLP194 T02560228 10283 20256 53002
SRQ,2023-07-19 06:53,10.00,M,KSRQ 190653Z AUTO 05004KT 10SM CLR 26/23 A3009 RMK AO2 SLP190 T02560228
SRQ,2023-07-19 07:53,10.00,M,KSRQ 190753Z AUTO 11006KT 10SM CLR 26/23 A3010 RMK AO2 LTG DSNT SW SLP193 T02560228
SRQ,2023-07-19 08:53,10.00,M,KSRQ 190853Z AUTO 11003KT 10SM CLR 25/23 A3009 RMK AO2 SLP190 T02500228 56005
SRQ,2023-07-19 09:53,10.00,M,KSRQ 190953Z AUTO 06004KT 10SM CLR 25/23 A3009 RMK AO2 LTG DSNT S SLP188 T02500228
SRQ,2023-07-19 10:53,10.00,M,KSRQ 191053Z 11004KT 10SM CLR 25/23 A3010 RMK AO2 SLP192 T02500228
SRQ,2023-07-19 11:53,10.00,M,KSRQ 191153Z 12004KT 10SM CLR 26/23 A3011 RMK AO2 SLP195 70004 T02610228 10261 20244 53005
SRQ,2023-07-19 12:53,10.00,M,KSRQ 191253Z 14005KT 10SM CLR 29/22 A3013 RMK AO2 SLP201 T02890222
SRQ,2023-07-19 13:53,10.00,M,KSRQ 191353Z 15007KT 10SM CLR 31/23 A3011 RMK AO2 SLP194 T03110228
SRQ,2023-07-19 14:53,10.00,M,KSRQ 191453Z 10SM CLR 32/23 A3012 RMK AO2 SLP197 T03220228 51002
SRQ,2023-07-19 15:53,10.00,3900.00,KSRQ 191553Z 09005KT 10SM FEW039 34/22 A3011 RMK AO2 SLP195 T03390222
SRQ,2023-07-19 16:53,10.00,4300.00,KSRQ 191653Z 25008KT 10SM FEW043 33/24 A3011 RMK AO2 SLP195 T03330239
SRQ,2023-07-19 17:53,10.00,5000.00,KSRQ 191753Z 27010KT 10SM FEW050 SCT060 BKN090 34/25 A3010 RMK AO2 SLP193 T03390250 10344 20261 57004
SRQ,2023-07-19 18:53,10.00,5500.00,KSRQ 191853Z 08008KT 10SM TS SCT055 BKN090 33/24 A3009 RMK AO2 LTG DSNT SE TSB36 SLP188 T03330239
SRQ,2023-07-19 19:53,10.00,M,KSRQ 191953Z 26008KT 10SM TS CLR 32/24 A3008 RMK AO2 LTG DSNT E-S TSE08B09 SLP184 T03220239
SRQ,2023-07-19 20:53,10.00,M,KSRQ 192053Z 14009KT 10SM VCTS CLR 28/24 A3009 RMK AO2 LTG DSNT N-SE TSE23 SLP187 T02780239 55006
SRQ,2023-07-19 21:14,10.00,M,KSRQ 192114Z 09005KT 10SM CLR 27/24 A3008 RMK AO2 LTG DSNT N-E T02720239
SRQ,2023-07-19 22:53,10.00,M,KSRQ 192253Z 06004KT 10SM CLR 28/23 A3009 RMK ZMAFD
SRQ,2023-07-20 00:53,10.00,M,KSRQ 200053Z 11006KT 10SM CLR 27/23 A3012 RMK AO2 SLP197 T02720228
SRQ,2023-07-20 01:53,10.00,M,KSRQ 200153Z 00000KT 10SM CLR 27/23 A3012 RMK AO2 SLP200 T02720228
SRQ,2023-07-20 02:53,10.00,M,KSRQ 200253Z 00000KT 10SM CLR 27/23 A3012 RMK AO2 SLP198 T02670233 50000
SRQ,2023-07-20 03:53,10.00,M,KSRQ 200353Z 05005KT 10SM CLR 27/24 A3012 RMK AO2 SLP197 T02670239
SRQ,2023-07-20 04:53,10.00,M,KSRQ 200453Z AUTO 09003KT 10SM CLR 27/24 A3011 RMK AO2 SLP196 T02670239 403440244
SRQ,2023-07-20 05:53,10.00,M,KSRQ 200553Z AUTO 14004KT 10SM CLR 26/24 A3010 RMK AO2 SLP193 T02610239 10278 20261 58005
SRQ,2023-07-20 06:53,10.00,M,KSRQ 200653Z AUTO 11003KT 10SM CLR 26/24 A3009 RMK AO2 SLP187 T02610239
SRQ,2023-07-20 07:53,10.00,M,KSRQ 200753Z AUTO 15004KT 10SM CLR 26/24 A3007 RMK AO2 SLP182 T02560239
SRQ,2023-07-20 08:53,10.00,M,KSRQ 200853Z AUTO 07004KT 10SM CLR 26/24 A3008 RMK AO2 SLP184 T02560239 55009
SRQ,2023-07-20 09:53,10.00,M,KSRQ 200953Z AUTO 09004KT 10SM CLR 26/24 A3008 RMK AO2 SLP184 T02560239
SRQ,2023-07-20 10:53,10.00,M,KSRQ 201053Z 13005KT 10SM CLR 26/23 A3009 RMK AO2 SLP187 T02560233
SRQ,2023-07-20 11:53,10.00,M,KSRQ 201153Z 11005KT 10SM CLR 26/24 A3009 RMK AO2 SLP188 T02610239 10261 20256 53004
SRQ,2023-07-20 12:53,10.00,M,KSRQ 201253Z 15007KT 10SM CLR 28/24 A3011 RMK AO2 SLP196 T02830239
SRQ,2023-07-20 13:53,10.00,M,KSRQ 201353Z 15005KT 10SM CLR 31/24 A3009 RMK AO2 SLP188 T03110239
SRQ,2023-07-20 14:53,M,M,KSRQ 201453Z 00000KT CLR 32/24 A3009 RMK AO2 SLP189 T03170239 51001 $
SRQ,2023-07-20 15:53,10.00,M,KSRQ 201553Z 10SM CLR 32/24 A3009 RMK AO2 SLP190 T03220239 $
SRQ,2023-07-20 16:53,10.00,M,KSRQ 201653Z 25010KT 10SM CLR 33/24 A3009 RMK AO2 SLP189 T03330239
SRQ,2023-07-20 17:53,10.00,M,KSRQ 201753Z 26010KT 10SM CLR 33/24 A3008 RMK AO2 SLP185 T03280239 10339 20261 58004
SRQ,2023-07-20 18:53,10.00,M,KSRQ 201853Z 27009KT 10SM CLR 33/24 A3006 RMK AO2 SLP178 T03330244
SRQ,2023-07-20 19:53,10.00,M,KSRQ 201953Z 28010KT 10SM CLR 33/24 A3004 RMK AO2 LTG DSNT NE AND E SLP173 T03330244
SRQ,2023-07-20 20:53,10.00,M,KSRQ 202053Z 28010KT 10SM VCTS CLR 33/24 A3004 RMK AO2 LTG DSNT NE AND E SLP171 T03330244 56013
SRQ,2023-07-20 21:53,10.00,5000.00,KSRQ 202153Z 27010KT 10SM VCTS FEW050 33/25 A3003 RMK AO2 LTG DSNT N-SE TSB2055E10 SLP168 T03280250
SRQ,2023-07-20 22:52,10.00,3100.00,KSRQ 202252Z 36004KT 10SM TSRA SCT031 BKN065 OVC110 28/23 A3002 RMK AO2 LTG DSNT N AND NE P0001 T02830233
SRQ,2023-07-20 23:53,10.00,M,KSRQ 202353Z 29005KT 10SM CLR 31/25 A3004 RMK AO2 LTG DSNT E AND SE RAE16 TSE06 SLP170 P0001 60011 T03110250 10339 20267 55001
SRQ,2023-07-21 00:53,10.00,200.00,KSRQ 210053Z 31003KT 10SM FEW002 31/24 A3005 RMK AO2 LTG DSNT N AND SE SLP173 T03060244
SRQ,2023-07-21 01:53,10.00,M,KSRQ 210153Z 34004KT 10SM CLR 30/26 A3004 RMK AO2 SLP171 T03000256
SRQ,2023-07-21 02:53,10.00,M,KSRQ 210253Z 13003KT 10SM CLR 29/25 A3006 RMK AO2 SLP177 T02890250 53007
SRQ,2023-07-21 03:53,10.00,M,KSRQ 210353Z AUTO 12003KT 10SM CLR 28/23 A3006 RMK AO2 SLP178 T02830233
SRQ,2023-07-21 04:53,10.00,M,KSRQ 210453Z AUTO 11003KT 10SM CLR 27/24 A3004 RMK AO2 SLP172 T02720239 403390256
SRQ,2023-07-21 05:53,10.00,M,KSRQ 210553Z AUTO 14003KT 10SM CLR 27/24 A3002 RMK AO2 SLP164 T02670239 10311 20261 58013
SRQ,2023-07-21 06:53,10.00,M,KSRQ 210653Z AUTO 13005KT 10SM CLR 27/23 A3000 RMK AO2 SLP158 T02670228
SRQ,2023-07-21 07:53,10.00,M,KSRQ 210753Z AUTO 00000KT 10SM CLR 26/22 A2998 RMK AO2 SLP153 T02610222
SRQ,2023-07-21 08:53,10.00,M,KSRQ 210853Z AUTO 00000KT 10SM CLR 26/22 A2998 RMK AO2 SLP151 T02610222 56013
SRQ,2023-07-21 09:53,10.00,M,KSRQ 210953Z AUTO 14003KT 10SM CLR 26/23 A2998 RMK AO2 SLP153 T02560228
SRQ,2023-07-21 10:53,10.00,M,KSRQ 211053Z 07003KT 10SM CLR 26/22 A2999 RMK AO2 SLP153 T02610222
SRQ,2023-07-21 11:53,10.00,M,KSRQ 211153Z 16005KT 10SM CLR 28/23 A3000 RMK AO2 SLP156 70011 T02780228 10278 20256 53005
SRQ,2023-07-21 12:53,10.00,M,KSRQ 211253Z 01003KT 10SM CLR 31/23 A3001 RMK AO2 SLP163 T03110228
SRQ,2023-07-21 13:53,10.00,M,KSRQ 211353Z 27005KT 10SM CLR 32/24 A3002 RMK AO2 SLP165 T03170239
SRQ,2023-07-21 14:53,10.00,M,KSRQ 211453Z 23004KT 10SM CLR 32/24 A3003 RMK AO2 LTG DSNT N SLP168 T03220244 51011
SRQ,2023-07-21 15:53,10.00,M,KSRQ 211553Z 27005KT 10SM CLR 32/25 A3003 RMK AO2 SLP166 T03220250
SRQ,2023-07-21 16:53,10.00,M,KSRQ 211653Z 26008KT 10SM CLR 33/25 A3002 RMK AO2 SLP163 T03330250
SRQ,2023-07-21 17:53,10.00,M,KSRQ 211753Z 29012KT 10SM CLR 34/25 A3000 RMK AO2 SLP157 T03390250 10344 20278 58010
SRQ,2023-07-21 18:53,10.00,M,KSRQ 211853Z 28012KT 10SM CLR 34/24 A2998 RMK AO2 LTG DSNT SE SLP152 T03390239
SRQ,2023-07-21 19:53,10.00,3400.00,KSRQ 211953Z 29012KT 10SM FEW034 34/26 A2996 RMK AO2 LTG DSNT E-S SLP144 T03390256
SRQ,2023-07-21 20:53,10.00,M,KSRQ 212053Z 29011KT 10SM CLR 34/24 A2996 RMK AO2 LTG DSNT E AND SE SLP145 T03390239 55012
SRQ,2023-07-21 21:53,10.00,M,KSRQ 212153Z 29012KT 10SM CLR 34/23 A2995 RMK AO2 LTG DSNT E AND SE SLP141 T03390233
SRQ,2023-07-21 22:53,10.00,M,KSRQ 212253Z 31010KT 10SM CLR 33/23 A2994 RMK AO2 LTG DSNT NE AND E SLP138 T03330228
SRQ,2023-07-21 23:53,10.00,M,KSRQ 212353Z 32007KT 10SM CLR 33/22 A2995 RMK AO2 SLP141 T03280222 10344 20328 55004
SRQ,2023-07-22 00:53,10.00,200.00,KSRQ 220053Z 32005KT 10SM FEW002 31/23 A2995 RMK AO2 SLP142 T03060233
SRQ,2023-07-22 01:53,10.00,M,KSRQ 220153Z 29006KT 10SM CLR 31/24 A2994 RMK AO2 SLP137 T03110239
SRQ,2023-07-22 02:53,10.00,M,KSRQ 220253Z 32004KT 10SM CLR 31/24 A2995 RMK AO2 SLP142 T03060239 53001
SRQ,2023-07-22 03:53,10.00,M,KSRQ 220353Z AUTO 30004KT 10SM CLR 30/24 A2996 RMK AO2 SLP143 T03000244
SRQ,2023-07-22 04:53,10.00,M,KSRQ 220453Z AUTO 27003KT 10SM CLR 31/24 A2995 RMK AO2 SLP142 T03060244 403440256
SRQ,2023-07-22 05:53,10.00,M,KSRQ 220553Z AUTO 27005KT 10SM CLR 30/24 A2994 RMK AO2 SLP138 T03000244 10328 20294 58004
SRQ,2023-07-22 06:53,10.00,M,KSRQ 220653Z AUTO 29005KT 10SM CLR 30/24 A2994 RMK AO2 SLP138 T03000239
SRQ,2023-07-22 07:53,10.00,M,KSRQ 220753Z AUTO 34003KT 10SM CLR 29/24 A2995 RMK AO2 SLP142 T02890244
SRQ,2023-07-22 08:53,10.00,M,KSRQ 220853Z AUTO 00000KT 10SM CLR 29/24 A2994 RMK AO2 SLP136 T02890239 58002
SRQ,2023-07-22 09:53,10.00,2400.00,KSRQ 220953Z AUTO 00000KT 10SM FEW024 29/24 A2993 RMK AO2 SLP133 T02890244
SRQ,2023-07-22 10:53,10.00,2300.00,KSRQ 221053Z AUTO 00000KT 10SM FEW023 28/24 A2994 RMK AO2 SLP137 T02830244
SRQ,2023-07-22 11:53,10.00,2300.00,KSRQ 221153Z AUTO 27004KT 10SM FEW023 31/25 A2994 RMK AO2 SLP137 T03060250 10306 20278 53001
SRQ,2023-07-22 12:53,10.00,M,KSRQ 221253Z AUTO 10SM CLR 31/24 A2995 RMK AO2 SLP141 T03110244
SRQ,2023-07-22 13:53,10.00,2400.00,KSRQ 221353Z 25007KT 10SM SCT024 BKN030 32/24 A2996 RMK AO2 SLP146 T03170244
SRQ,2023-07-22 14:53,10.00,2400.00,KSRQ 221453Z 26008KT 10SM FEW024 SCT033 32/24 A2998 RMK AO2 SLP150 T03170244 51013
SRQ,2023-07-22 15:53,10.00,2600.00,KSRQ 221553Z 27009KT 10SM FEW026 33/25 A2998 RMK AO2 SLP151 T03330250
SRQ,2023-07-22 16:53,10.00,M,KSRQ 221653Z 27010KT 10SM CLR 33/24 A2997 RMK AO2 SLP148 T03330244
SRQ,2023-07-22 17:53,10.00,2600.00,KSRQ 221753Z 26012KT 10SM FEW026 34/24 A2997 RMK AO2 SLP148 T03390244 10339 20306 58002
SRQ,2023-07-22 18:53,10.00,M,KSRQ 221853Z 28011G19KT 10SM CLR 33/24 A2996 RMK AO2 SLP145 T03330244
SRQ,2023-07-22 19:53,10.00,2900.00,KSRQ 221953Z 28012KT 10SM FEW029 33/24 A2994 RMK AO2 SLP139 T03330244
SRQ,2023-07-22 20:53,10.00,3000.00,KSRQ 222053Z 25010G19KT 10SM FEW030 33/24 A2994 RMK AO2 SLP138 T03330239 56010
SRQ,2023-07-22 21:53,10.00,3100.00,KSRQ 222153Z 27011KT 10SM FEW031 33/24 A2993 RMK AO2 SLP136 T03280239
SRQ,2023-07-22 22:53,10.00,2900.00,KSRQ 222253Z 28009KT 10SM SCT029 32/24 A2995 RMK AO2 LTG DSNT NW SLP142 T03220239
SRQ,2023-07-22 23:53,10.00,3200.00,KSRQ 222353Z 29009KT 10SM SCT032 32/24 A2995 RMK AO2 LTG DSNT W AND NW SLP142 T03170239 10344 20317 53004
SRQ,2023-07-23 00:53,10.00,2900.00,KSRQ 230053Z 33007KT 10SM TS SCT029 27/21 A3001 RMK AO2 PK WND 32028/0053 LTG DSNT ALQDS TSB25 SLP160 T02670211
SRQ,2023-07-23 01:53,10.00,6000.00,KSRQ 230153Z 00000KT 10SM -TSRA SCT060 BKN120 26/23 A2999 RMK AO2 PK WND 32028/0054 LTG DSNT E AND SE RAB0055 SLP153 P0010 T02560228
SRQ,2023-07-23 02:53,10.00,6500.00,KSRQ 230253Z 01003KT 10SM FEW065 26/23 A2999 RMK AO2 LTG DSNT SE RAE0154B14E49 TSE14 SLP155 P0001 60011 T02610233 51013
SRQ,2023-07-23 03:53,10.00,M,KSRQ 230353Z AUTO 00000KT 10SM CLR 26/24 A2999 RMK AO2 SLP155 T02610239
SRQ,2023-07-23 04:53,10.00,M,KSRQ 230453Z AUTO 16005KT 10SM CLR 26/24 A2996 RMK AO2 SLP146 T02610244 403440250
SRQ,2023-07-23 05:53,10.00,M,KSRQ 230553Z AUTO 17004KT 10SM CLR 26/24 A2996 RMK AO2 SLP144 60011 T02610239 10317 20250 58010
SRQ,2023-07-23 06:53,10.00,M,KSRQ 230653Z AUTO 14004KT 10SM CLR 26/23 A2996 RMK AO2 SLP144 T02560233
SRQ,2023-07-23 07:53,10.00,M,KSRQ 230753Z AUTO 16003KT 10SM CLR 26/24 A2995 RMK AO2 SLP142 T02610239
SRQ,2023-07-23 10:53,10.00,2300.00,KSRQ 231053Z 22009KT 10SM FEW023 FEW031 30/25 A2998 RMK AO2 SLP150 T03000250
SRQ,2023-07-23 11:53,10.00,2400.00,KSRQ 231153Z 22007G17KT 10SM SCT024 SCT033 31/25 A2999 RMK AO2 SLP153 70011 T03060250 10306 20256 51012
SRQ,2023-07-23 12:53,10.00,2600.00,KSRQ 231253Z 21009KT 10SM SCT026 SCT031 SCT050 31/25 A3000 RMK AO2 SLP157 T03110250
SRQ,2023-07-23 13:53,10.00,2600.00,KSRQ 231353Z 24010KT 10SM FEW026 32/25 A3001 RMK AO2 SLP162 T03220250
SRQ,2023-07-23 14:53,10.00,2600.00,KSRQ 231453Z 23010KT 10SM FEW026 SCT033 33/25 A3002 RMK AO2 SLP164 T03280250 51010
SRQ,2023-07-23 15:53,10.00,M,KSRQ 231553Z 23011KT 10SM CLR 33/25 A3002 RMK AO2 SLP164 T03330250
SRQ,2023-07-23 16:53,10.00,M,KSRQ 231653Z 23013KT 10SM CLR 34/25 A3001 RMK AO2 SLP163 T03390250
SRQ,2023-07-23 17:53,10.00,2700.00,KSRQ 231753Z 24012G19KT 10SM FEW027 33/25 A3002 RMK AO2 SLP164 T03330250 10339 20306 53000
SRQ,2023-07-23 18:53,10.00,3000.00,KSRQ 231853Z 26014G18KT 10SM FEW030 FEW038 34/24 A3002 RMK AO2 SLP165 T03390239
SRQ,2023-07-23 19:53,10.00,3400.00,KSRQ 231953Z 25012G21KT 10SM SCT034 33/24 A3001 RMK AO2 SLP162 T03330244
SRQ,2023-07-23 20:53,10.00,3200.00,KSRQ 232053Z 25013G20KT 10SM FEW032 SCT038 33/24 A3002 RMK AO2 SLP164 T03280244 55000
SRQ,2023-07-23 21:53,10.00,3000.00,KSRQ 232153Z 25010KT 10SM FEW030 SCT036 32/24 A3002 RMK AO2 SLP164 T03220244
SRQ,2023-07-23 22:53,10.00,M,KSRQ 232253Z 35005KT 10SM VCTS CLR 28/26 A3003 RMK AO2 PK WND 29029/2202 WSHFT 2154 LTG DSNT NE AND E RAB08E26 TSB37E52 SLP168 P0008 T02830256
SRQ,2023-07-23 23:53,10.00,M,KSRQ 232353Z 32003KT 10SM CLR 28/25 A3003 RMK AO2 SLP167 60008 T02830250 10344 20272 50003
SRQ,2023-07-24 00:53,10.00,M,KSRQ 240053Z 00000KT 10SM CLR 28/24 A3004 RMK AO2 SLP171 T02830244
SRQ,2023-07-24 01:53,10.00,M,KSRQ 240153Z 00000KT 10SM CLR 28/25 A3005 RMK AO2 SLP176 T02780250
SRQ,2023-07-24 02:53,10.00,M,KSRQ 240253Z 23003KT 10SM CLR 29/23 A3006 RMK AO2 SLP179 T02890233 51013
SRQ,2023-07-24 03:53,10.00,M,KSRQ 240353Z AUTO 27004KT 10SM CLR 29/23 A3008 RMK AO2 SLP183 T02890228
SRQ,2023-07-24 04:53,10.00,M,KSRQ 240453Z AUTO 00000KT 10SM CLR 27/25 A3006 RMK AO2 SLP179 T02670250 403440256
SRQ,2023-07-24 05:53,10.00,M,KSRQ 240553Z AUTO 11004KT 10SM CLR 27/24 A3005 RMK AO2 SLP175 T02670244 10294 20267 58004
SRQ,2023-07-24 06:53,10.00,M,KSRQ 240653Z AUTO 12005KT 10SM CLR 26/24 A3005 RMK AO2 SLP174 T02610244
SRQ,2023-07-24 07:53,10.00,M,KSRQ 240753Z AUTO 24005KT 10SM CLR 28/24 A3005 RMK AO2 SLP173 T02830244
SRQ,2023-07-24 08:53,10.00,M,KSRQ 240853Z AUTO 24006KT 10SM CLR 29/24 A3005 RMK AO2 SLP174 T02940239 55001
SRQ,2023-07-24 09:53,10.00,2900.00,KSRQ 240953Z 09004KT 10SM FEW029 SCT035 27/24 A3007 RMK AO2 SLP181 T02670244
SRQ,2023-07-24 10:53,10.00,2700.00,KSRQ 241053Z 11004KT 10SM FEW027 27/25 A3008 RMK AO2 SLP184 T02670250
SRQ,2023-07-24 11:53,10.00,M,KSRQ 241153Z 00000KT 10SM CLR 28/25 A3009 RMK AO2 SLP190 70008 T02780250 10294 20261 51016
SRQ,2023-07-24 12:53,10.00,M,KSRQ 241253Z 23006KT 10SM CLR 31/24 A3010 RMK AO2 SLP193 T03110244
SRQ,2023-07-24 13:53,10.00,2600.00,KSRQ 241353Z 23010KT 10SM FEW026 32/24 A3011 RMK AO2 SLP196 T03220244
SRQ,2023-07-24 14:53,10.00,M,KSRQ 241453Z 24008G20KT 10SM CLR 33/24 A3012 RMK AO2 LTG DSNT NW SLP199 T03280244 51009
SRQ,2023-07-24 15:53,10.00,2800.00,KSRQ 241553Z 25010G19KT 10SM FEW028 33/24 A3012 RMK AO2 LTG DSNT N SLP200 T03280244
SRQ,2023-07-24 16:53,10.00,2700.00,KSRQ 241653Z 25010KT 10SM FEW027 32/25 A3012 RMK AO2 SLP198 T03220250
SRQ,2023-07-24 17:53,10.00,2500.00,KSRQ 241753Z 24009KT 10SM FEW025 32/25 A3012 RMK AO2 SLP200 T03220250 10328 20278 53001
SRQ,2023-07-24 19:53,10.00,M,KSRQ 241953Z 27007KT 10SM CLR 32/25 A3011 RMK AO2 SLP194 T03170250
SRQ,2023-07-24 20:53,10.00,2500.00,KSRQ 242053Z 27010KT 10SM FEW025 32/24 A3011 RMK AO2 SLP196 T03170244 55004
SRQ,2023-07-24 21:53,10.00,M,KSRQ 242153Z 26009KT 10SM CLR 32/25 A3011 RMK AO2 SLP194 T03170250
SRQ,2023-07-24 22:53,10.00,M,KSRQ 242253Z 26009KT 10SM CLR 32/23 A3010 RMK AO2 SLP193 T03170233
SRQ,2023-07-24 23:53,10.00,2500.00,KSRQ 242353Z 29009KT 10SM SCT025 SCT035 31/24 A3012 RMK AO2 SLP199 T03110244 10328 20311 53003
SRQ,2023-07-25 00:53,10.00,1300.00,KSRQ 250053Z 34009KT 10SM FEW013 BKN027 BKN034 31/24 A3013 RMK AO2 LTG DSNT NE SLP201 T03060244
SRQ,2023-07-25 01:53,10.00,M,KSRQ 250153Z 05003KT 10SM CLR 29/23 A3013 RMK AO2 SLP203 T02890228
SRQ,2023-07-25 02:53,10.00,M,KSRQ 250253Z AUTO 00000KT 10SM CLR 28/23 A3014 RMK AO2 SLP205 T02830228 53006
SRQ,2023-07-25 03:53,10.00,M,KSRQ 250353Z AUTO 12005KT 10SM CLR 28/23 A3013 RMK AO2 SLP204 T02780228
SRQ,2023-07-25 04:53,10.00,M,KSRQ 250453Z AUTO 12005KT 10SM CLR 27/23 A3013 RMK AO2 SLP202 T02720233 403280261
SRQ,2023-07-25 06:53,10.00,M,KSRQ 250653Z AUTO 12004KT 10SM CLR 26/22 A3010 RMK AO2 SLP192 T02610222
SRQ,2023-07-25 07:53,10.00,M,KSRQ 250753Z AUTO 11003KT 10SM CLR 26/22 A3009 RMK AO2 SLP189 T02610222
SRQ,2023-07-25 08:53,10.00,M,KSRQ 250853Z AUTO 11005KT 10SM CLR 26/23 A3009 RMK AO2 SLP189 T02610228 56008
SRQ,2023-07-25 09:53,10.00,M,KSRQ 250953Z 11003KT 10SM CLR 26/23 A3010 RMK AO2 SLP192 T02560228
SRQ,2023-07-25 11:53,10.00,M,KSRQ 251153Z 12004KT 10SM CLR 27/24 A3012 RMK AO2 SLP199 T02670239 10267 20256 51010
SRQ,2023-07-25 12:53,10.00,M,KSRQ 251253Z 11006KT 10SM CLR 28/24 A3013 RMK AO2 SLP203 T02830239
SRQ,2023-07-25 13:53,10.00,2100.00,KSRQ 251353Z 00000KT 10SM BKN021 32/24 A3014 RMK AO2 SLP205 T03170244
SRQ,2023-07-25 14:53,10.00,2200.00,KSRQ 251453Z 24006KT 10SM VCTS SCT022 BKN027 32/25 A3015 RMK AO2 LTG DSNT SW AND W SLP208 T03170250 51009
SRQ,2023-07-25 15:53,10.00,M,KSRQ 251553Z 29008KT 10SM CLR 32/25 A3014 RMK AO2 SLP206 T03170250
SRQ,2023-07-25 16:53,10.00,M,KSRQ 251653Z 28007KT 10SM CLR 33/24 A3014 RMK AO2 LTG DSNT NE AND E TSB05E20 SLP204 T03280244
SRQ,2023-07-25 17:53,10.00,M,KSRQ 251753Z 27006KT 10SM CLR 33/24 A3012 RMK AO2 LTG DSNT NE AND E SLP198 T03280239 10333 20283 58010
SRQ,2023-07-25 18:53,10.00,M,KSRQ 251853Z 27011KT 10SM CLR 33/24 A3011 RMK AO2 SLP194 T03280239
SRQ,2023-07-25 19:53,10.00,M,KSRQ 251953Z 29012KT 10SM CLR 33/23 A3009 RMK AO2 SLP189 T03330228
SRQ,2023-07-25 20:53,10.00,M,KSRQ 252053Z 32010KT 10SM CLR 34/22 A3007 RMK AO2 LTG DSNT E AND SE SLP181 T03390222 58017
SRQ,2023-07-25 21:53,10.00,M,KSRQ 252153Z 35007KT 10SM CLR 34/22 A3007 RMK AO2 SLP183 T03390222
SRQ,2023-07-25 22:53,10.00,M,KSRQ 252253Z 34010KT 10SM CLR 33/21 A3006 RMK AO2 SLP178 T03280211
SRQ,2023-07-25 23:53,10.00,M,KSRQ 252353Z 34008KT 10SM CLR 32/21 A3007 RMK AO2 SLP183 T03170211 10344 20317 53001
SRQ,2023-07-26 00:53,10.00,M,KSRQ 260053Z 33005KT 10SM CLR 30/21 A3009 RMK AO2 SLP189 T03000211
SRQ,2023-07-26 01:53,10.00,M,KSRQ 260153Z 32005KT 10SM CLR 29/22 A3010 RMK AO2 SLP192 T02890222
SRQ,2023-07-26 02:53,10.00,M,KSRQ 260253Z 00000KT 10SM CLR 29/23 A3011 RMK AO2 SLP195 T02890228 51012
SRQ,2023-07-26 03:53,10.00,M,KSRQ 260353Z 08003KT 10SM CLR 29/23 A3010 RMK AO2 SLP193 T02890228
SRQ,2023-07-26 04:53,10.00,M,KSRQ 260453Z 00000KT 10SM CLR 28/22 A3009 RMK AO2 SLP188 T02830222 403440256
SRQ,2023-07-26 05:53,10.00,M,KSRQ 260553Z 12003KT 10SM CLR 28/22 A3009 RMK AO2 SLP189 T02780222 10317 20278 55006
SRQ,2023-07-26 06:53,10.00,M,KSRQ 260653Z 10004KT 10SM CLR 27/22 A3007 RMK AO2 SLP182 T02670222
SRQ,2023-07-26 07:53,10.00,M,KSRQ 260753Z 12004KT 10SM CLR 27/22 A3005 RMK AO2 SLP174 T02670222
SRQ,2023-07-26 08:53,10.00,M,KSRQ 260853Z 00000KT 10SM CLR 26/22 A3005 RMK AO2 SLP175 T02560222 55014
SRQ,2023-07-26 09:53,10.00,M,KSRQ 260953Z 36003KT 10SM CLR 26/22 A3005 RMK AO2 SLP175 T02560222
SRQ,2023-07-26 10:53,10.00,M,KSRQ 261053Z 09004KT 10SM CLR 26/23 A3006 RMK AO2 SLP177 T02560228
SRQ,2023-07-26 11:53,10.00,M,KSRQ 261153Z 03003KT 10SM CLR 27/23 A3007 RMK AO2 SLP182 T02720233 10278 20250 53007
SRQ,2023-07-26 12:53,10.00,M,KSRQ 261253Z 01004KT 10SM CLR 30/23 A3009 RMK AO2 SLP188 T03000228
SRQ,2023-07-26 13:53,10.00,M,KSRQ 261353Z 05005KT 10SM CLR 31/22 A3009 RMK AO2 SLP189 T03110222
SRQ,2023-07-26 14:53,10.00,M,KSRQ 261453Z 08006KT 10SM CLR 32/23 A3010 RMK AO2 SLP193 T03220228 51011
SRQ,2023-07-26 15:53,10.00,5000.00,KSRQ 261553Z COR 10005KT 10SM SCT050 34/22 A3009 RMK AO2 SLP187 T03390217
SRQ,2023-07-26 16:53,10.00,5000.00,KSRQ 261653Z 29008KT 10SM SCT050 33/23 A3008 RMK AO2 SLP183 T03280228
SRQ,2023-07-26 17:53,10.00,M,KSRQ 261753Z 32007KT 10SM CLR 33/23 A3006 RMK AO2 LTG DSNT N AND NW RAB04E36 TSB11E31 SLP179 P0000 60000 T03280228 10344 20278 56014
SRQ,2023-07-26 18:53,10.00,M,KSRQ 261853Z 29010KT 10SM CLR 34/23 A3003 RMK AO2 LTG DSNT ALQDS SLP169 T03390228
SRQ,2023-07-26 19:53,10.00,M,KSRQ 261953Z 28011KT 10SM TS CLR 32/23 A3002 RMK AO2 LTG DSNT E-S TSB28 SLP163 T03220228
SRQ,2023-07-26 20:53,10.00,4300.00,KSRQ 262053Z 12009KT 10SM -TSRA FEW043 SCT060 BKN110 28/23 A3001 RMK AO2 LTG DSNT NE-SE RAB43 SLP161 P0000 60000 T02780233 56018
SRQ,2023-07-26 21:53,10.00,3500.00,KSRQ 262153Z 00000KT 10SM FEW035 BKN080 30/24 A3000 RMK AO2 LTG DSNT NE AND E RAE45 TSE05 SLP159 P0001 T03000239
SRQ,2023-07-26 22:53,10.00,M,KSRQ 262253Z 10SM CLR 31/23 A3001 RMK AO2 LTG DSNT N SLP160 T03060233
SRQ,2023-07-26 23:53,10.00,M,KSRQ 262353Z 10SM CLR 30/24 A3003 RMK AO2 LTG DSNT ALQDS SLP168 60001 T03000239 10350 20278 53007
SRQ,2023-07-27 00:53,10.00,M,KSRQ 270053Z 10SM CLR 28/23 A3004 RMK AO2 LTG DSNT N AND S SLP171 T02830228
SRQ,2023-07-27 01:53,10.00,8500.00,KSRQ 270153Z 10SM FEW085 FEW100 27/22 A3005 RMK AO2 LTG DSNT SW AND W RAB11E45 SLP174 P0000 T02720222
SRQ,2023-07-27 02:53,10.00,9000.00,KSRQ 270253Z 15007KT 10SM -RA BKN090 BKN100 26/22 A3004 RMK AO2 LTG DSNT W AND NW RAB0156 SLP172 P0001 60001 T02560222 50003
SRQ,2023-07-27 03:53,10.00,M,KSRQ 270353Z 11003KT 10SM CLR 25/22 A3003 RMK AO2 RAE01 SLP168 P0000 T02500222
SRQ,2023-07-27 04:53,10.00,M,KSRQ 270453Z AUTO 05003KT 10SM CLR 26/22 A3002 RMK AO2 SLP165 T02560222 403500250
SRQ,2023-07-27 05:53,10.00,M,KSRQ 270553Z AUTO 00000KT 10SM CLR 26/22 A3002 RMK AO2 SLP164 60001 T02560222 10300 20250 56008
SRQ,2023-07-27 06:53,10.00,M,KSRQ 270653Z AUTO 11005KT 10SM CLR 25/22 A3001 RMK AO2 SLP163 T02500222
SRQ,2023-07-27 07:53,10.00,M,KSRQ 270753Z AUTO 10003KT 10SM CLR 25/22 A3001 RMK AO2 SLP162 T02500222
SRQ,2023-07-27 08:53,10.00,M,KSRQ 270853Z AUTO 03003KT 10SM CLR 24/22 A3000 RMK AO2 SLP158 T02440222 58005
SRQ,2023-07-27 09:53,10.00,M,KSRQ 270953Z AUTO 09003KT 10SM CLR 25/22 A3001 RMK AO2 SLP160 T02500222
SRQ,2023-07-27 10:53,10.00,M,KSRQ 271053Z 08005KT 10SM CLR 25/22 A3002 RMK AO2 SLP165 T02500222
SRQ,2023-07-27 11:53,10.00,M,KSRQ 271153Z 09004KT 10SM CLR 26/22 A3004 RMK AO2 SLP173 70002 T02560222 10256 20244 53014
SRQ,2023-07-27 12:53,10.00,M,KSRQ 271253Z 08004KT 10SM CLR 27/22 A3006 RMK AO2 SLP178 T02670222
SRQ,2023-07-27 13:53,10.00,M,KSRQ 271353Z 06005KT 10SM CLR 28/23 A3006 RMK AO2 SLP179 T02780228
SRQ,2023-07-27 14:53,10.00,M,KSRQ 271453Z 08005KT 10SM CLR 29/23 A3006 RMK AO2 SLP179 T02890233 51006
SRQ,2023-07-27 15:53,10.00,M,KSRQ 271553Z 09004KT 10SM CLR 31/23 A3006 RMK AO2 SLP179 T03060233
SRQ,2023-07-27 16:53,10.00,M,KSRQ 271653Z 06003KT 10SM CLR 31/22 A3007 RMK AO2 SLP181 T03110222
SRQ,2023-07-27 17:53,10.00,M,KSRQ 271753Z VRB04KT 10SM CLR 32/22 A3005 RMK AO2 SLP174 T03170222 10317 20256 58005
SRQ,2023-07-27 18:53,10.00,4200.00,KSRQ 271853Z VRB06KT 10SM FEW042 34/22 A3002 RMK AO2 SLP166 T03390222
SRQ,2023-07-27 19:53,10.00,4700.00,KSRQ 271953Z AUTO 06008KT 10SM BKN047 34/21 A3001 RMK AO2 SLP162 T03440211
SRQ,2023-07-27 20:53,10.00,4300.00,KSRQ 272053Z 01007KT 10SM BKN043 BKN050 33/22 A3000 RMK AO2 SLP156 T03280217 56018
SRQ,2023-07-27 21:53,10.00,4100.00,KSRQ 272153Z 08008KT 10SM SCT041 32/22 A2999 RMK AO2 LTG DSNT S SLP155 T03220222
SRQ,2023-07-27 22:53,10.00,M,KSRQ 272253Z 07006KT 10SM CLR 32/21 A3000 RMK AO2 LTG DSNT S SLP158 T03170211
SRQ,2023-07-27 23:53,10.00,M,KSRQ 272353Z 09004KT 10SM CLR 31/21 A3001 RMK AO2 LTG DSNT S AND SW SLP162 T03110206 10344 20311 53005
SRQ,2023-07-28 00:53,10.00,M,KSRQ 280053Z 08004KT 10SM CLR 29/21 A3003 RMK AO2 SLP167 T02940211
SRQ,2023-07-28 01:53,10.00,M,KSRQ 280153Z 11007KT 10SM CLR 29/22 A3004 RMK AO2 SLP171 T02940222
SRQ,2023-07-28 02:53,10.00,M,KSRQ 280253Z 13008KT 10SM CLR 28/22 A3005 RMK AO2 LTG DSNT SW AND W SLP175 T02830222 51013
SRQ,2023-07-28 03:53,10.00,M,KSRQ 280353Z AUTO 13009KT 10SM CLR 28/23 A3006 RMK AO2 LTG DSNT W SLP179 T02780228
SRQ,2023-07-28 04:53,10.00,M,KSRQ 280453Z AUTO 12007KT 10SM CLR 27/23 A3005 RMK AO2 SLP176 T02720228 403440244
SRQ,2023-07-28 05:53,10.00,M,KSRQ 280553Z AUTO 11005KT 10SM CLR 27/23 A3004 RMK AO2 SLP170 T02670228 10311 20267 58005
SRQ,2023-07-28 06:53,10.00,M,KSRQ 280653Z AUTO 12004KT 10SM CLR 26/23 A3003 RMK AO2 SLP168 T02610228
SRQ,2023-07-28 07:53,10.00,M,KSRQ 280753Z AUTO 10004KT 10SM CLR 26/23 A3003 RMK AO2 SLP167 T02560233
SRQ,2023-07-28 08:53,10.00,M,KSRQ 280853Z AUTO 08003KT 10SM CLR 26/23 A3002 RMK AO2 SLP165 T02560233 56005
SRQ,2023-07-28 09:53,10.00,M,KSRQ 280953Z AUTO 08004KT 10SM CLR 25/23 A3003 RMK AO2 SLP170 T02500233
SRQ,2023-07-28 10:53,10.00,M,KSRQ 281053Z 08005KT 10SM CLR 25/23 A3005 RMK AO2 SLP174 T02500233
SRQ,2023-07-28 11:53,10.00,M,KSRQ 281153Z 07004KT 10SM CLR 26/24 A3006 RMK AO2 SLP177 T02610239 10267 20250 51012
SRQ,2023-07-28 12:53,10.00,M,KSRQ 281253Z 10SM CLR 28/23 A3007 RMK AO2 SLP181 T02830233
SRQ,2023-07-28 13:53,10.00,M,KSRQ 281353Z 11007KT 10SM CLR 31/24 A3008 RMK AO2 SLP184 T03060239
SRQ,2023-07-28 14:53,10.00,M,KSRQ 281453Z 12009KT 10SM CLR 32/22 A3008 RMK AO2 SLP183 T03220222 50007
SRQ,2023-07-28 15:53,10.00,3900.00,KSRQ 281553Z 10007KT 10SM FEW039 34/22 A3009 RMK AO2 SLP188 T03390222
SRQ,2023-07-28 16:53,10.00,4600.00,KSRQ 281653Z 10SM SCT046 34/22 A3007 RMK AO2 SLP183 T03390217
SRQ,2023-07-28 17:53,10.00,4800.00,KSRQ 281753Z 10SM VCTS SCT048 BKN070 33/22 A3005 RMK AO2 LTG DSNT SE SLP175 T03330217 10350 20283 58008
SRQ,2023-07-28 18:53,7.00,3000.00,KSRQ 281853Z VRB03KT 7SM -RA FEW030 BKN042 OVC060 29/24 A3005 RMK AO2 LTG DSNT S RAB28 TSB14E48 SLP175 P0004 T02890244
SRQ,2023-07-28 19:53,10.00,4600.00,KSRQ 281953Z 17004KT 10SM SCT046 32/23 A3004 RMK AO2 LTG DSNT E-S RAE1858 SLP172 P0000 T03220233
SRQ,2023-07-28 20:53,10.00,M,KSRQ 282053Z 21007KT 10SM CLR 32/24 A3003 RMK AO2 LTG DSNT N-SE SLP167 60004 T03220239 58008
SRQ,2023-07-28 21:53,10.00,3000.00,KSRQ 282153Z 14015KT 10SM FEW030 FEW038 30/24 A3004 RMK AO2 LTG DSNT N-SE SLP171 T03000239
SRQ,2023-07-28 22:53,10.00,M,KSRQ 282253Z 16008KT 10SM CLR 32/23 A3002 RMK AO2 LTG DSNT N SLP166 T03170228
SRQ,2023-07-28 23:53,10.00,6000.00,KSRQ 282353Z 21005KT 10SM SCT060 31/23 A3005 RMK AO2 SLP175 60004 T03060233 10333 20283 53008
SRQ,2023-07-29 00:53,10.00,2800.00,KSRQ 290053Z 14004KT 10SM FEW028 29/23 A3006 RMK AO2 SLP178 T02940233
SRQ,2023-07-29 01:53,10.00,M,KSRQ 290153Z 06004KT 10SM CLR 28/23 A3008 RMK AO2 LTG DSNT SW SLP185 T02780233
SRQ,2023-07-29 02:53,10.00,M,KSRQ 290253Z 09005KT 10SM CLR 28/23 A3010 RMK AO2 LTG DSNT SW SLP192 T02780233 53016
SRQ,2023-07-29 03:53,10.00,2800.00,KSRQ 290353Z AUTO 14005KT 10SM FEW028 FEW090 27/24 A3011 RMK AO2 LTG DSNT S-W SLP194 T02720239
SRQ,2023-07-29 04:53,10.00,2800.00,KSRQ 290453Z AUTO 10003KT 10SM SCT028 27/24 A3010 RMK AO2 SLP192 T02720239 403500250
SRQ,2023-07-29 05:53,10.00,M,KSRQ 290553Z AUTO 06005KT 10SM CLR 27/24 A3009 RMK AO2 LTG DSNT S SLP188 T02670239 10306 20267 58006
SRQ,2023-07-29 06:53,10.00,8500.00,KSRQ 290653Z AUTO 09006KT 10SM BKN085 OVC100 26/24 A3007 RMK AO2 LTG DSNT S SLP182 T02610239
SRQ,2023-07-29 07:53,10.00,M,KSRQ 290753Z AUTO 11005KT 10SM CLR 26/24 A3005 RMK AO2 LTG DSNT S SLP173 T02610239
SRQ,2023-07-29 08:53,10.00,M,KSRQ 290853Z AUTO 13006KT 10SM CLR 26/24 A3005 RMK AO2 SLP175 T02560239 55013
SRQ,2023-07-29 09:53,10.00,M,KSRQ 290953Z AUTO 13007KT 10SM CLR 26/23 A3006 RMK AO2 SLP178 T02560233
SRQ,2023-07-29 10:53,10.00,4100.00,KSRQ 291053Z 11004KT 10SM SCT041 SCT048 26/23 A3008 RMK AO2 SLP185 T02560233
SRQ,2023-07-29 11:53,10.00,M,KSRQ 291153Z 12004KT 10SM CLR 27/23 A3009 RMK AO2 SLP187 70004 T02670233 10267 20250 51012
SRQ,2023-07-29 12:53,10.00,M,KSRQ 291253Z 14004KT 10SM CLR 29/24 A3009 RMK AO2 SLP188 T02890244
SRQ,2023-07-29 13:53,10.00,M,KSRQ 291353Z 18004KT 10SM CLR 31/24 A3010 RMK AO2 SLP191 T03060244
SRQ,2023-07-29 14:53,10.00,M,KSRQ 291453Z 24004KT 10SM CLR 31/25 A3010 RMK AO2 SLP193 T03110250 53006
SRQ,2023-07-29 15:53,10.00,5000.00,KSRQ 291553Z 26006KT 10SM FEW050 SCT090 31/24 A3010 RMK AO2 SLP192 T03110239
SRQ,2023-07-29 16:53,10.00,M,KSRQ 291653Z 23008KT 10SM CLR 33/25 A3010 RMK AO2 SLP191 T03280250
SRQ,2023-07-29 17:53,10.00,M,KSRQ 291753Z 26009KT 10SM VCTS CLR 33/24 A3008 RMK AO2 LTG DSNT N AND NE SLP184 T03330244 10333 20267 56008
SRQ,2023-07-29 18:53,10.00,2500.00,KSRQ 291853Z 04010G15KT 10SM VCTS BKN025 BKN029 OVC050 29/24 A3008 RMK AO2 LTG DSNT NW-E TSB1754E51 SLP184 T02940239
SRQ,2023-07-29 19:53,10.00,M,KSRQ 291953Z 03007KT 10SM CLR 32/24 A3005 RMK AO2 LTG DSNT NE-SE TSB13E28 SLP176 T03220239
SRQ,2023-07-29 20:53,10.00,M,KSRQ 292053Z VRB06KT 10SM CLR 32/25 A3004 RMK AO2 SLP172 T03220250 58012
SRQ,2023-07-29 21:53,10.00,M,KSRQ 292153Z 27011KT 10SM CLR 33/24 A3002 RMK AO2 SLP165 T03280244
SRQ,2023-07-29 22:53,10.00,12000.00,KSRQ 292253Z 27006KT 10SM SCT120 32/24 A3003 RMK AO2 SLP167 T03220239
SRQ,2023-07-29 23:53,10.00,M,KSRQ 292353Z 29006KT 10SM CLR 32/24 A3004 RMK AO2 SLP173 T03170244 10339 20294 53001
SRQ,2023-07-30 00:53,10.00,M,KSRQ 300053Z 33004KT 10SM CLR 30/24 A3004 RMK AO2 SLP172 T03000239
SRQ,2023-07-30 01:53,10.00,M,KSRQ 300153Z 30003KT 10SM CLR 29/24 A3003 RMK AO2 SLP170 T02940239
SRQ,2023-07-30 02:53,10.00,M,KSRQ 300253Z 00000KT 10SM CLR 29/24 A3004 RMK AO2 SLP172 T02940239 55001
SRQ,2023-07-30 03:53,10.00,M,KSRQ 300353Z AUTO 36003KT 10SM CLR 29/24 A3006 RMK AO2 SLP178 T02940239
SRQ,2023-07-30 04:53,10.00,M,KSRQ 300453Z AUTO 00000KT 10SM CLR 29/24 A3005 RMK AO2 SLP175 T02890239 403390250
SRQ,2023-07-30 05:53,10.00,M,KSRQ 300553Z AUTO 00000KT 10SM CLR 28/24 A3004 RMK AO2 SLP173 T02830239 10317 20283 50001
SRQ,2023-07-30 06:53,10.00,M,KSRQ 300653Z AUTO 00000KT 10SM CLR 28/24 A3002 RMK AO2 SLP166 T02830244
SRQ,2023-07-30 07:53,10.00,M,KSRQ 300753Z AUTO 00000KT 10SM CLR 27/24 A3001 RMK AO2 SLP160 T02720244
SRQ,2023-07-30 08:53,10.00,M,KSRQ 300853Z AUTO 00000KT 10SM CLR 27/24 A3000 RMK AO2 SLP159 T02720244 56014
SRQ,2023-07-30 09:53,10.00,M,KSRQ 300953Z 04003KT 10SM CLR 27/24 A3001 RMK AO2 SLP162 T02720244
SRQ,2023-07-30 10:53,10.00,M,KSRQ 301053Z 00000KT 10SM CLR 27/24 A3003 RMK AO2 SLP168 T02670244
SRQ,2023-07-30 11:53,10.00,M,KSRQ 301153Z 00000KT 10SM CLR 28/24 A3005 RMK AO2 SLP175 T02830244 10289 20267 53016
SRQ,2023-07-30 12:53,10.00,M,KSRQ 301253Z 08004KT 10SM CLR 31/25 A3005 RMK AO2 SLP175 T03060250
SRQ,2023-07-30 13:53,10.00,M,KSRQ 301353Z 10SM CLR 32/24 A3004 RMK AO2 SLP173 T03170239
SRQ,2023-07-30 14:53,10.00,3200.00,KSRQ 301453Z 00000KT 10SM SCT032 32/23 A3004 RMK AO2 SLP172 T03170233 58002
SRQ,2023-07-30 15:53,10.00,3600.00,KSRQ 301553Z 28007KT 10SM FEW036 SCT060 33/24 A3004 RMK AO2 SLP171 T03280244
SRQ,2023-07-30 16:53,10.00,7000.00,KSRQ 301653Z 29009KT 10SM FEW070 34/24 A3003 RMK AO2 SLP169 T03390244
SRQ,2023-07-30 17:53,10.00,M,KSRQ 301753Z 28012KT 10SM CLR 34/24 A3002 RMK AO2 LTG DSNT N SLP164 T03390244 10344 20283 58008
SRQ,2023-07-30 18:53,10.00,M,KSRQ 301853Z 28011KT 10SM CLR 34/24 A3000 RMK AO2 SLP159 T03390239
SRQ,2023-07-30 19:53,10.00,3800.00,KSRQ 301953Z 29013KT 10SM FEW038 34/24 A2998 RMK AO2 LTG DSNT NE SLP152 T03390244
SRQ,2023-07-30 20:53,10.00,M,KSRQ 302053Z 29011KT 10SM CLR 33/24 A2996 RMK AO2 LTG DSNT NE-SE SLP143 T03330239 58021
SRQ,2023-07-30 21:53,10.00,3700.00,KSRQ 302153Z COR 28008KT 10SM FEW037 33/24 A2995 RMK AO2 LTG DSNT NE-SE SLP142 T03330239
SRQ,2023-07-30 22:53,10.00,M,KSRQ 302253Z 28010KT 10SM CLR 32/24 A2996 RMK AO2 SLP146 T03220244
SRQ,2023-07-30 23:53,10.00,M,KSRQ 302353Z 31007KT 10SM CLR 32/24 A2998 RMK AO2 LTG DSNT NE AND E SLP152 T03170239 10344 20317 53010
SRQ,2023-07-31 00:53,10.00,M,KSRQ 310053Z 31007KT 10SM CLR 31/24 A2998 RMK AO2 LTG DSNT SE SLP153 T03110239
SRQ,2023-07-31 01:53,10.00,8500.00,KSRQ 310153Z 34004KT 10SM OVC085 31/24 A3002 RMK AO2 LTG DSNT N AND NE SLP164 T03060244
SRQ,2023-07-31 02:53,10.00,3000.00,KSRQ 310253Z 07010KT 10SM SCT030 BKN036 BKN080 29/22 A3003 RMK AO2 LTG DSNT NE SLP167 T02940222 53015
SRQ,2023-07-31 03:53,10.00,M,KSRQ 310353Z 11005KT 10SM CLR 28/22 A3002 RMK AO2 SLP164 T02780217
SRQ,2023-07-31 04:53,10.00,M,KSRQ 310453Z 08004KT 10SM CLR 27/22 A3001 RMK AO2 SLP163 T02720217 403440267
SRQ,2023-07-31 05:53,10.00,M,KSRQ 310553Z AUTO 11004KT 10SM CLR 27/22 A3000 RMK AO2 SLP157 T02670222 10317 20267 58009
SRQ,2023-07-31 06:53,10.00,M,KSRQ 310653Z AUTO 00000KT 10SM CLR 27/22 A2998 RMK AO2 SLP150 T02670222
SRQ,2023-07-31 07:53,10.00,M,KSRQ 310753Z AUTO 16004KT 10SM CLR 26/23 A2994 RMK AO2 SLP138 T02610228
SRQ,2023-07-31 08:53,10.00,M,KSRQ 310853Z AUTO 00000KT 10SM CLR 27/23 A2993 RMK AO2 SLP133 T02670228 56024
SRQ,2023-07-31 09:53,10.00,M,KSRQ 310953Z 00000KT 10SM CLR 27/23 A2994 RMK AO2 SLP137 T02670228
SRQ,2023-07-31 10:53,10.00,M,KSRQ 311053Z 08007KT 10SM CLR 26/23 A2997 RMK AO2 SLP147 T02610233
SRQ,2023-07-31 11:53,10.00,M,KSRQ 311153Z 10004KT 10SM CLR 27/24 A2999 RMK AO2 SLP153 T02670239 10272 20261 53020
SRQ,2023-07-31 12:53,10.00,M,KSRQ 311253Z 12006KT 10SM CLR 28/24 A3001 RMK AO2 LTG DSNT NW SLP162 T02830239
SRQ,2023-07-31 13:53,10.00,M,KSRQ 311353Z 00000KT 10SM VCTS CLR 31/24 A3002 RMK AO2 LTG DSNT N AND NW SLP165 T03110244
SRQ,2023-07-31 14:53,10.00,2800.00,KSRQ 311453Z 34006KT 10SM TS FEW028 32/23 A3003 RMK AO2 LTG DSNT S TSB39 SLP167 T03170228 51014
SRQ,2023-07-31 15:53,10.00,M,KSRQ 311553Z 27004KT 10SM VCTS CLR 31/24 A3003 RMK AO2 LTG DSNT NE TSE1458 SLP166 T03110239
SRQ,2023-07-31 16:53,10.00,M,KSRQ 311653Z 25008KT 10SM CLR 33/24 A3001 RMK AO2 LTG DSNT N AND NE SLP162 T03280244
SRQ,2023-07-31 17:53,10.00,M,KSRQ 311753Z 26010KT 10SM CLR 34/25 A3000 RMK AO2 LTG DSNT N-SE SLP158 T03390250 10339 20267 58010
SRQ,2023-07-31 18:53,10.00,M,KSRQ 311853Z 28011G18KT 10SM CLR 33/24 A2999 RMK AO2 LTG DSNT ALQDS SLP154 T03330239
SRQ,2023-07-31 19:53,10.00,M,KSRQ 311953Z 28010G20KT 10SM CLR 33/23 A2996 RMK AO2 LTG DSNT NE AND E SLP144 T03280233
SRQ,2023-07-31 20:53,10.00,M,KSRQ 312053Z 28008KT 10SM CLR 32/24 A2996 RMK AO2 LTG DSNT NE AND E SLP146 T03170239 55012
SRQ,2023-07-31 21:53,10.00,2900.00,KSRQ 312153Z 30007KT 10SM FEW029 32/24 A2996 RMK AO2 LTG DSNT NE AND E SLP144 T03170239
SRQ,2023-07-31 22:53,10.00,2700.00,KSRQ 312253Z 05004KT 10SM VCTS SCT027 BKN033 30/23 A2997 RMK AO2 LTG DSNT N SLP149 T03000233
SRQ,2023-07-31 23:53,10.00,M,KSRQ 312353Z 07006KT 10SM CLR 29/22 A3001 RMK AO2 LTG DSNT N AND NW SLP160 T02890222 10344 20289 53014
SRQ,2023-08-01 00:53,10.00,M,KSRQ 010053Z 09010KT 10SM CLR 28/21 A3001 RMK AO2 SLP161 T02780211
SRQ,2023-08-01 01:53,10.00,M,KSRQ 010153Z 10007KT 10SM CLR 26/21 A3001 RMK AO2 SLP162 T02610211
SRQ,2023-08-01 02:53,10.00,M,KSRQ 010253Z 08006KT 10SM CLR 26/22 A3002 RMK AO2 SLP165 T02610217 53005
SRQ,2023-08-01 03:53,10.00,M,KSRQ 010353Z 09004KT 10SM CLR 26/22 A3002 RMK AO2 SLP163 T02560217
SRQ,2023-08-01 04:53,10.00,M,KSRQ 010453Z AUTO 00000KT 10SM CLR 25/22 A2999 RMK AO2 SLP156 T02500222 403440250
SRQ,2023-08-01 05:53,10.00,M,KSRQ 010553Z AUTO 13004KT 10SM CLR 25/22 A2999 RMK AO2 SLP155 T02500222 10289 20250 56010
SRQ,2023-08-01 06:53,10.00,M,KSRQ 010653Z AUTO 14004KT 10SM CLR 25/22 A2997 RMK AO2 SLP149 T02500222
SRQ,2023-08-01 07:53,10.00,M,KSRQ 010753Z AUTO 00000KT 10SM CLR 25/22 A2997 RMK AO2 SLP148 T02500222
SRQ,2023-08-01 08:53,10.00,M,KSRQ 010853Z AUTO 11003KT 10SM CLR 25/23 A2997 RMK AO2 SLP148 T02500228 55007
SRQ,2023-08-01 09:53,10.00,M,KSRQ 010953Z AUTO 11005KT 10SM CLR 25/23 A2999 RMK AO2 SLP156 T02500228
SRQ,2023-08-01 10:53,10.00,M,KSRQ 011053Z AUTO 12004KT 10SM CLR 25/23 A3001 RMK AO2 LTG DSNT S-NW SLP160 T02500228
SRQ,2023-08-01 11:53,10.00,M,KSRQ 011153Z AUTO 14005KT 10SM CLR 27/23 A3001 RMK AO2 LTG DSNT S SLP162 T02720233 10272 20244 51014
SRQ,2023-08-01 12:53,10.00,2700.00,KSRQ 011253Z 16008KT 10SM FEW027 30/24 A3002 RMK AO2 LTG DSNT S SLP166 T03000244
SRQ,2023-08-01 13:53,1.00,1200.00,KSRQ 011353Z 34010G19KT 310V030 1SM RA FEW012 FEW025 BKN032 29/24 A3004 RMK AO2 LTG DSNT S AND SW RAB48 SLP173 P0017 T02890244
SRQ,2023-08-01 14:53,10.00,1100.00,KSRQ 011453Z 10003KT 10SM SCT011 27/23 A3005 RMK AO2 LTG DSNT S RAE28 TSB03E18 SLP174 P0023 60040 T02670233 51013
SRQ,2023-08-01 15:53,10.00,M,KSRQ 011553Z 21007KT 10SM VCTS CLR 31/24 A3004 RMK AO2 LTG DSNT E AND SW AND W SLP172 T03110244
SRQ,2023-08-01 16:53,10.00,M,KSRQ 011653Z 27007KT 10SM CLR 31/25 A3004 RMK AO2 LTG DSNT N AND NE SLP172 T03060250
SRQ,2023-08-01 17:53,10.00,M,KSRQ 011753Z 27008KT 10SM CLR 32/23 A3003 RMK AO2 LTG DSNT NE SLP169 60040 T03220233 10322 20261 58003
SRQ,2023-08-01 18:53,10.00,3100.00,KSRQ 011853Z 33008KT 10SM FEW031 32/24 A3002 RMK AO2 SLP165 T03170244
SRQ,2023-08-01 19:53,10.00,M,KSRQ 011953Z 29005KT 10SM CLR 32/23 A3000 RMK AO2 SLP157 T03170233
SRQ,2023-08-01 20:53,10.00,M,KSRQ 012053Z 28008KT 10SM CLR 32/24 A2999 RMK AO2 SLP154 T03170239 56015
SRQ,2023-08-01 21:53,10.00,M,KSRQ 012153Z 27007KT 10SM CLR 32/24 A2998 RMK AO2 SLP150 T03170244
SRQ,2023-08-01 22:53,10.00,M,KSRQ 012253Z 28007KT 10SM CLR 32/24 A2999 RMK AO2 SLP155 T03170244
SRQ,2023-08-01 23:53,10.00,M,KSRQ 012353Z 28005KT 10SM CLR 31/24 A2999 RMK AO2 SLP154 T03110244 10322 20311 55000
SRQ,2023-08-02 00:53,10.00,200.00,KSRQ 020053Z 27006KT 10SM FEW002 31/24 A2997 RMK AO2 SLP149 T03060239
SRQ,2023-08-02 01:53,10.00,M,KSRQ 020153Z 29005KT 10SM CLR 30/24 A2999 RMK AO2 SLP154 T03000239
SRQ,2023-08-02 02:53,10.00,M,KSRQ 020253Z 34004KT 10SM CLR 29/24 A3001 RMK AO2 SLP161 T02890244 53011
SRQ,2023-08-02 03:53,10.00,M,KSRQ 020353Z 00000KT 10SM CLR 29/24 A3002 RMK AO2 SLP166 T02890239
SRQ,2023-08-02 04:53,10.00,M,KSRQ 020453Z AUTO 00000KT 10SM CLR 29/24 A3001 RMK AO2 SLP161 T02940239 403220244
SRQ,2023-08-02 05:53,10.00,M,KSRQ 020553Z AUTO 10006KT 10SM CLR 28/24 A3001 RMK AO2 SLP161 T02780239 10311 20278 58000
SRQ,2023-08-02 06:53,10.00,M,KSRQ 020653Z AUTO 11004KT 10SM CLR 27/24 A2999 RMK AO2 SLP155 T02670244
SRQ,2023-08-02 07:53,10.00,M,KSRQ 020753Z AUTO 12005KT 10SM CLR 27/24 A2999 RMK AO2 SLP154 T02670244
SRQ,2023-08-02 08:53,10.00,M,KSRQ 020853Z AUTO 15005KT 10SM CLR 26/24 A2998 RMK AO2 SLP153 T02610244 56008
SRQ,2023-08-02 09:53,10.00,M,KSRQ 020953Z 11003KT 10SM CLR 26/24 A2999 RMK AO2 SLP153 T02610239
SRQ,2023-08-02 10:53,10.00,M,KSRQ 021053Z 00000KT 10SM CLR 26/24 A3000 RMK AO2 SLP159 T02610244
SRQ,2023-08-02 11:53,10.00,M,KSRQ 021153Z 13003KT 10SM CLR 27/25 A3001 RMK AO2 SLP162 70040 T02720250 10278 20256 53009
SRQ,2023-08-02 12:53,10.00,M,KSRQ 021253Z 15003KT 10SM CLR 30/24 A3002 RMK AO2 SLP164 T03000244
SRQ,2023-08-02 13:53,10.00,M,KSRQ 021353Z 24004KT 10SM CLR 31/24 A3002 RMK AO2 SLP164 T03110244
SRQ,2023-08-02 14:53,10.00,2600.00,KSRQ 021453Z 23007KT 10SM SCT026 32/24 A3003 RMK AO2 SLP168 T03170244 53006
SRQ,2023-08-02 15:53,10.00,M,KSRQ 021553Z 27006KT 10SM CLR 32/24 A3003 RMK AO2 SLP169 T03220244
SRQ,2023-08-02 16:53,10.00,M,KSRQ 021653Z 28009KT 10SM CLR 33/25 A3003 RMK AO2 SLP168 T03330250
SRQ,2023-08-02 17:53,2.00,4200.00,KSRQ 021753Z VRB04KT 2SM +RA SCT042 BKN060 BKN100 30/24 A3003 RMK AO2 RAB50 SLP168 P0007 60007 T03000239 10339 20272 51001
SRQ,2023-08-02 18:53,10.00,3700.00,KSRQ 021853Z 36004KT 10SM BKN037 33/24 A3000 RMK AO2 LTG DSNT SE RAE14 SLP159 P0001 T03330244
SRQ,2023-08-02 19:53,10.00,4000.00,KSRQ 021953Z 28012KT 10SM BKN040 33/24 A3000 RMK AO2 LTG DSNT NE-S SLP157 T03280244
SRQ,2023-08-02 20:53,10.00,3900.00,KSRQ 022053Z VRB04KT 10SM FEW039 33/22 A3000 RMK AO2 LTG DSNT NE AND E SLP156 60001 T03280222 56012
SRQ,2023-08-02 21:53,10.00,3400.00,KSRQ 022153Z VRB03KT 10SM FEW034 33/24 A3000 RMK AO2 SLP158 T03280244
SRQ,2023-08-02 22:53,10.00,3000.00,KSRQ 022253Z 09008KT 10SM FEW030 31/24 A3000 RMK AO2 SLP159 T03060239
SRQ,2023-08-02 23:53,10.00,M,KSRQ 022353Z 12006KT 10SM CLR 29/23 A3001 RMK AO2 SLP160 60001 T02940233 10339 20278 51004
SRQ,2023-08-03 00:53,10.00,M,KSRQ 030053Z 09007KT 10SM CLR 28/23 A3002 RMK AO2 SLP165 T02830233
SRQ,2023-08-03 01:53,10.00,M,KSRQ 030153Z 08005KT 10SM CLR 27/23 A3003 RMK AO2 SLP169 T02720233
SRQ,2023-08-03 02:53,10.00,M,KSRQ 030253Z 07004KT 10SM CLR 27/23 A3004 RMK AO2 SLP171 T02670233 51011
SRQ,2023-08-03 03:53,10.00,M,KSRQ 030353Z 09004KT 10SM CLR 26/24 A3004 RMK AO2 SLP172 T02610239
SRQ,2023-08-03 04:53,10.00,M,KSRQ 030453Z AUTO 09005KT 10SM CLR 26/24 A3004 RMK AO2 SLP170 T02610239 403390256
SRQ,2023-08-03 05:53,10.00,M,KSRQ 030553Z AUTO 08005KT 10SM CLR 26/24 A3002 RMK AO2 SLP163 T02560239 10294 20256 58008
SRQ,2023-08-03 06:53,10.00,M,KSRQ 030653Z AUTO 09004KT 10SM CLR 26/23 A2999 RMK AO2 SLP156 T02560233
SRQ,2023-08-03 07:53,10.00,M,KSRQ 030753Z AUTO 08006KT 10SM CLR 26/23 A2999 RMK AO2 SLP154 T02560233
SRQ,2023-08-03 08:53,10.00,M,KSRQ 030853Z AUTO 09005KT 10SM CLR 26/24 A2997 RMK AO2 SLP149 T02560239 56014
SRQ,2023-08-03 09:53,10.00,M,KSRQ 030953Z AUTO 10005KT 10SM CLR 26/24 A2998 RMK AO2 SLP151 T02560239
SRQ,2023-08-03 10:53,10.00,200.00,KSRQ 031053Z 09006KT 10SM FEW002 26/24 A2999 RMK AO2 SLP155 T02560239
SRQ,2023-08-03 11:53,10.00,M,KSRQ 031153Z 09006KT 10SM CLR 27/24 A3001 RMK AO2 SLP162 70008 T02670244 10267 20256 53013
SRQ,2023-08-03 12:53,10.00,M,KSRQ 031253Z 07006KT 10SM CLR 28/25 A3003 RMK AO2 SLP167 T02830250
SRQ,2023-08-03 13:53,10.00,1800.00,KSRQ 031353Z 07007KT 10SM FEW018 30/24 A3003 RMK AO2 SLP168 T03000244
SRQ,2023-08-03 14:53,10.00,2500.00,KSRQ 031453Z 10SM FEW025 32/24 A3003 RMK AO2 SLP168 T03170239 51006
SRQ,2023-08-03 15:53,10.00,4300.00,KSRQ 031553Z VRB04KT 10SM SCT043 BKN060 33/24 A3003 RMK AO2 SLP167 T03330239
SRQ,2023-08-03 16:53,10.00,6500.00,KSRQ 031653Z VRB05KT 10SM FEW065 34/22 A3002 RMK AO2 SLP163 T03390222
SRQ,2023-08-03 17:53,10.00,4500.00,KSRQ 031753Z 06005KT 10SM SCT045 BKN065 33/22 A3000 RMK AO2 SLP157 T03330222 10350 20267 58011
SRQ,2023-08-03 18:53,10.00,4800.00,KSRQ 031853Z 10SM FEW048 SCT070 OVC095 32/24 A2999 RMK AO2 SLP155 T03170239
SRQ,2023-08-03 19:53,1.00,3100.00,KSRQ 031953Z 07014G22KT 1SM +RA SCT031 BKN049 OVC100 27/24 A2999 RMK AO2 RAB37 SLP153 P0022 T02670239
SRQ,2023-08-03 20:53,10.00,7000.00,KSRQ 032053Z 30008KT 10SM FEW070 SCT090 BKN110 28/24 A2997 RMK AO2 WSHFT 1946 RAE47 SLP146 P0038 60060 T02830239 58011
SRQ,2023-08-03 21:53,10.00,10000.00,KSRQ 032153Z 32007KT 10SM BKN100 29/24 A2996 RMK AO2 LTG DSNT N SLP144 T02890244
SRQ,2023-08-03 22:53,10.00,11000.00,KSRQ 032253Z 34007KT 10SM -RA OVC110 28/24 A2994 RMK AO2 LTG DSNT N-SE RAB05 SLP139 P0001 T02830244
SRQ,2023-08-03 23:53,10.00,12000.00,KSRQ 032353Z 10SM FEW120 29/24 A2996 RMK AO2 LTG DSNT N AND NE RAE04 SLP146 P0000 60061 T02890244 10339 20256 55001
SRQ,2023-08-04 00:53,10.00,11000.00,KSRQ 040053Z 04006KT 10SM BKN110 27/24 A2998 RMK AO2 SLP151 T02720239
SRQ,2023-08-04 01:53,10.00,6000.00,KSRQ 040153Z 10008KT 10SM SCT060 BKN120 27/24 A2999 RMK AO2 SLP156 T02720239
SRQ,2023-08-04 02:53,10.00,8000.00,KSRQ 040253Z 10005KT 10SM FEW080 BKN120 27/24 A3001 RMK AO2 LTG DSNT SW SLP163 T02720239 53017
SRQ,2023-08-04 03:53,10.00,10000.00,KSRQ 040353Z AUTO 08005KT 10SM FEW100 SCT120 27/24 A3001 RMK AO2 SLP163 T02670239
SRQ,2023-08-04 04:53,10.00,11000.00,KSRQ 040453Z AUTO 15005KT 10SM OVC110 27/24 A2999 RMK AO2 SLP155 T02670239 403500256
SRQ,2023-08-04 05:53,10.00,M,KSRQ 040553Z AUTO 06003KT 10SM CLR 26/24 A2997 RMK AO2 SLP149 T02610239 10289 20261 58014
SRQ,2023-08-04 06:53,10.00,10000.00,KSRQ 040653Z AUTO 11004KT 10SM BKN100 26/24 A2995 RMK AO2 SLP142 T02610239
SRQ,2023-08-04 07:53,10.00,M,KSRQ 040753Z AUTO 07004KT 10SM CLR 26/23 A2995 RMK AO2 SLP140 T02560233
SRQ,2023-08-04 08:53,10.00,10000.00,KSRQ 040853Z AUTO 06004KT 10SM FEW100 25/23 A2995 RMK AO2 SLP140 T02500233 55009
SRQ,2023-08-04 09:53,10.00,M,KSRQ 040953Z AUTO 08004KT 10SM CLR 25/23 A2995 RMK AO2 SLP141 T02500233
SRQ,2023-08-04 10:53,10.00,M,KSRQ 041053Z 09004KT 10SM CLR 25/23 A2995 RMK AO2 SLP139 T02500233
SRQ,2023-08-04 11:53,10.00,M,KSRQ 041153Z 08005KT 10SM CLR 26/24 A2995 RMK AO2 SLP141 70061 T02610239 10267 20250 53001
SRQ,2023-08-04 12:53,10.00,M,KSRQ 041253Z 12006KT 10SM CLR 28/23 A2996 RMK AO2 SLP143 T02780233
SRQ,2023-08-04 13:53,10.00,M,KSRQ 041353Z 13006KT 10SM CLR 29/24 A2996 RMK AO2 SLP146 T02940239
SRQ,2023-08-04 14:53,10.00,M,KSRQ 041453Z VRB03KT 10SM CLR 31/24 A2997 RMK AO2 SLP148 T03110239 51007
SRQ,2023-08-04 15:53,10.00,3500.00,KSRQ 041553Z 26007KT 10SM FEW035 32/24 A2998 RMK AO2 SLP152 T03170239
SRQ,2023-08-04 18:53,10.00,M,KSRQ 041853Z 28011KT 10SM CLR 33/23 A2995 RMK AO2 SLP142 T03280233
SRQ,2023-08-04 19:53,10.00,M,KSRQ 041953Z 29014KT 10SM CLR 33/24 A2994 RMK AO2 SLP137 T03330239
SRQ,2023-08-04 20:53,10.00,4100.00,KSRQ 042053Z 30013KT 10SM FEW041 34/24 A2993 RMK AO2 LTG DSNT SE SLP134 T03390239 56013
SRQ,2023-08-04 21:53,10.00,M,KSRQ 042153Z 33012KT 10SM CLR 34/23 A2992 RMK AO2 LTG DSNT N AND SE SLP130 T03390228
SRQ,2023-08-04 22:53,10.00,M,KSRQ 042253Z 34007KT 10SM CLR 33/24 A2992 RMK AO2 SLP132 T03330239
SRQ,2023-08-04 23:53,10.00,M,KSRQ 042353Z 35006KT 10SM CLR 32/23 A2993 RMK AO2 SLP134 T03170233 10339 20317 55001
SRQ,2023-08-05 00:53,10.00,200.00,KSRQ 050053Z 34003KT 10SM FEW002 31/23 A2994 RMK AO2 SLP139 T03060233
SRQ,2023-08-05 01:53,10.00,5500.00,KSRQ 050153Z 36005KT 10SM FEW055 31/24 A2996 RMK AO2 SLP145 T03060244
SRQ,2023-08-05 02:53,10.00,3300.00,KSRQ 050253Z 11005KT 10SM SCT033 30/24 A2997 RMK AO2 SLP147 T03000239 51014
SRQ,2023-08-05 03:53,10.00,M,KSRQ 050353Z AUTO 12006KT 10SM CLR 28/24 A2997 RMK AO2 SLP149 T02830239
SRQ,2023-08-05 05:53,10.00,M,KSRQ 050553Z AUTO 10003KT 10SM CLR 27/24 A2994 RMK AO2 SLP139 T02720239 10317 20267 58008
SRQ,2023-08-05 06:53,10.00,M,KSRQ 050653Z AUTO 12003KT 10SM CLR 27/24 A2993 RMK AO2 SLP133 T02670239
SRQ,2023-08-05 08:53,10.00,M,KSRQ 050853Z AUTO 08003KT 10SM CLR 26/23 A2992 RMK AO2 SLP131 T02610233 55008
SRQ,2023-08-05 09:53,10.00,M,KSRQ 050953Z 10003KT 10SM CLR 26/23 A2993 RMK AO2 SLP135 T02610233
SRQ,2023-08-05 10:53,10.00,M,KSRQ 051053Z 13004KT 10SM CLR 26/23 A2994 RMK AO2 SLP139 T02560233
SRQ,2023-08-05 11:53,10.00,M,KSRQ 051153Z 00000KT 10SM CLR 27/24 A2997 RMK AO2 SLP147 T02720244 10272 20256 53016
SRQ,2023-08-05 12:53,10.00,M,KSRQ 051253Z 00000KT 10SM CLR 29/24 A2998 RMK AO2 SLP152 T02940244
SRQ,2023-08-05 13:53,10.00,M,KSRQ 051353Z 29006KT 10SM CLR 32/26 A2999 RMK AO2 SLP155 T03170256
SRQ,2023-08-05 14:53,10.00,M,KSRQ 051453Z 28006KT 10SM CLR 32/26 A2999 RMK AO2 SLP154 T03170256 50008
SRQ,2023-08-05 15:53,10.00,6000.00,KSRQ 051553Z 27009KT 10SM BKN060 BKN070 OVC095 32/26 A2999 RMK AO2 SLP155 T03170256
SRQ,2023-08-05 16:53,10.00,5500.00,KSRQ 051653Z 31011KT 10SM -RA SCT055 BKN075 33/26 A3000 RMK AO2 LTG DSNT SE RAB51 SLP158 P0000 T03330261
SRQ,2023-08-05 17:53,10.00,3300.00,KSRQ 051753Z 28012KT 10SM TS SCT033 BKN100 32/26 A2998 RMK AO2 LTG DSNT SE RAE05 TSB22 SLP152 P0000 60000 T03220256 10339 20272 58003
SRQ,2023-08-05 18:53,10.00,3400.00,KSRQ 051853Z 07008KT 10SM VCTS SCT034 32/24 A2997 RMK AO2 LTG DSNT ALQDS TSE1756 SLP148 T03170239
SRQ,2023-08-05 19:53,10.00,3800.00,KSRQ 051953Z 35007KT 300V010 10SM FEW038 34/24 A2996 RMK AO2 LTG DSNT NE-S SLP146 T03440239
SRQ,2023-08-05 20:53,10.00,M,KSRQ 052053Z 31012G17KT 10SM CLR 34/23 A2996 RMK AO2 LTG DSNT NE SLP145 T03390228 56006
SRQ,2023-08-05 21:53,10.00,3700.00,KSRQ 052153Z 33009KT 10SM SCT037 33/24 A2996 RMK AO2 SLP144 T03280244
SRQ,2023-08-05 22:53,10.00,M,KSRQ 052253Z 34008KT 10SM CLR 32/24 A2996 RMK AO2 LTG DSNT E SLP144 T03220239
SRQ,2023-08-05 23:53,10.00,M,KSRQ 052353Z 35006KT 10SM CLR 32/23 A2996 RMK AO2 SLP145 T03220233 10356 20311 55000
SRQ,2023-08-06 00:53,10.00,200.00,KSRQ 060053Z 01003KT 10SM FEW002 31/24 A2998 RMK AO2 SLP151 T03110239
SRQ,2023-08-06 01:53,10.00,M,KSRQ 060153Z 00000KT 10SM CLR 30/23 A3000 RMK AO2 SLP158 T03000233
SRQ,2023-08-06 02:53,10.00,M,KSRQ 060253Z 01003KT 10SM CLR 29/24 A3001 RMK AO2 SLP160 T02940239 51015
SRQ,2023-08-06 03:53,10.00,M,KSRQ 060353Z AUTO 00000KT 10SM CLR 29/24 A3000 RMK AO2 SLP158 T02890244
SRQ,2023-08-06 04:53,10.00,M,KSRQ 060453Z AUTO 12004KT 10SM CLR 28/24 A2999 RMK AO2 SLP156 T02830244 403560256
SRQ,2023-08-06 05:53,10.00,M,KSRQ 060553Z AUTO 00000KT 10SM CLR 28/24 A2999 RMK AO2 SLP154 T02780244 10322 20272 58006
SRQ,2023-08-06 06:53,10.00,M,KSRQ 060653Z AUTO 11003KT 10SM CLR 27/24 A2998 RMK AO2 SLP151 T02720244
SRQ,2023-08-06 07:53,10.00,M,KSRQ 060753Z AUTO 05003KT 10SM CLR 27/24 A2997 RMK AO2 SLP149 T02670244
SRQ,2023-08-06 08:53,10.00,M,KSRQ 060853Z AUTO 04004KT 10SM CLR 27/24 A2997 RMK AO2 SLP149 T02670239 56005
SRQ,2023-08-06 09:53,10.00,M,KSRQ 060953Z 00000KT 10SM CLR 26/23 A2998 RMK AO2 SLP151 T02610233
SRQ,2023-08-06 10:53,10.00,M,KSRQ 061053Z 00000KT 10SM CLR 26/24 A2999 RMK AO2 SLP154 T02610239
SRQ,2023-08-06 11:53,10.00,M,KSRQ 061153Z 00000KT 10SM CLR 28/24 A3000 RMK AO2 SLP157 T02780244 10278 20261 53009
SRQ,2023-08-06 12:53,10.00,M,KSRQ 061253Z 00000KT 10SM CLR 31/23 A3002 RMK AO2 SLP165 T03060233
SRQ,2023-08-06 13:53,10.00,M,KSRQ 061353Z 00000KT 10SM CLR 32/23 A3003 RMK AO2 SLP168 T03220233
SRQ,2023-08-06 14:53,10.00,M,KSRQ 061453Z 27005KT 10SM CLR 33/23 A3004 RMK AO2 SLP171 T03280228 51014
SRQ,2023-08-06 15:53,10.00,M,KSRQ 061553Z 25007KT 10SM CLR 34/23 A3005 RMK AO2 LTG DSNT W SLP174 T03390228
SRQ,2023-08-06 16:53,10.00,M,KSRQ 061653Z 26008KT 10SM CLR 34/22 A3004 RMK AO2 LTG DSNT SW SLP173 T03390222
SRQ,2023-08-06 17:53,10.00,M,KSRQ 061753Z 28009KT 10SM CLR 34/22 A3004 RMK AO2 LTG DSNT S SLP170 T03390222 10344 20278 58001
SRQ,2023-08-06 18:53,10.00,M,KSRQ 061853Z 27011KT 10SM CLR 34/24 A3003 RMK AO2 LTG DSNT N AND E SLP167 T03440239
SRQ,2023-08-06 19:53,10.00,M,KSRQ 061953Z 28012KT 10SM CLR 34/24 A3001 RMK AO2 LTG DSNT E SLP160 T03390239
SRQ,2023-08-06 20:53,10.00,M,KSRQ 062053Z 27010KT 10SM CLR 34/25 A3000 RMK AO2 LTG DSNT E SLP158 T03390250 56012
SRQ,2023-08-06 21:53,10.00,M,KSRQ 062153Z 28007KT 10SM CLR 33/24 A2999 RMK AO2 SLP156 T03280244
SRQ,2023-08-06 22:53,10.00,M,KSRQ 062253Z 10SM CLR 32/24 A3000 RMK AO2 SLP156 T03220239
SRQ,2023-08-06 23:53,10.00,M,KSRQ 062353Z 31010KT 10SM CLR 32/25 A2999 RMK AO2 SLP156 T03170250 10344 20317 56002
SRQ,2023-08-07 00:53,10.00,M,KSRQ 070053Z 30010KT 10SM CLR 31/24 A3001 RMK AO2 SLP161 T03110244
SRQ,2023-08-07 01:53,10.00,M,KSRQ 070153Z 10SM CLR 31/24 A3002 RMK AO2 SLP166 T03060244
SRQ,2023-08-07 02:53,10.00,M,KSRQ 070253Z COR 00000KT 10SM CLR 30/24 A3003 RMK AO2 SLP168 T03000244 51012
SRQ,2023-08-07 03:53,10.00,M,KSRQ 070353Z AUTO 00000KT 10SM CLR 29/25 A3005 RMK AO2 SLP174 T02940250
SRQ,2023-08-07 04:53,10.00,M,KSRQ 070453Z AUTO 00000KT 10SM CLR 29/25 A3004 RMK AO2 SLP172 T02940250 403440261
SRQ,2023-08-07 05:53,10.00,M,KSRQ 070553Z AUTO 10SM CLR 29/25 A3004 RMK AO2 SLP170 T02940250 10317 20289 50002
SRQ,2023-08-07 06:53,10.00,M,KSRQ 070653Z AUTO 10SM CLR 28/25 A3002 RMK AO2 SLP164 T02830250
SRQ,2023-08-07 07:53,10.00,M,KSRQ 070753Z AUTO 10SM CLR 28/25 A3001 RMK AO2 SLP162 T02830250
SRQ,2023-08-07 08:53,10.00,M,KSRQ 070853Z AUTO 10SM CLR 28/25 A3002 RMK AO2 SLP165 T02780250 55005
SRQ,2023-08-07 09:53,10.00,M,KSRQ 070953Z AUTO 10SM CLR 27/26 A3002 RMK AO2 SLP166 T02720256 $
SRQ,2023-08-07 10:53,10.00,M,KSRQ 071053Z AUTO 12003KT 10SM CLR 27/25 A3004 RMK AO2 SLP171 T02720250
SRQ,2023-08-07 11:53,10.00,M,KSRQ 071153Z 13005KT 10SM CLR 29/26 A3005 RMK AO2 SLP175 T02890256 10294 20272 53010
SRQ,2023-08-07 12:53,10.00,M,KSRQ 071253Z 14008KT 10SM CLR 31/25 A3005 RMK AO2 SLP175 T03110250
SRQ,2023-08-07 14:53,10.00,M,KSRQ 071453Z 10SM CLR 32/24 A3008 RMK AO2 SLP185 T03220244 53010
SRQ,2023-08-07 15:53,10.00,M,KSRQ 071553Z 20005KT 10SM CLR 33/24 A3007 RMK AO2 SLP183 T03330244
SRQ,2023-08-07 16:53,10.00,3500.00,KSRQ 071653Z COR 26007KT 10SM FEW035 33/24 A3007 RMK AO2 RAB27 SLP182 P0000 T03330244
SRQ,2023-08-07 17:53,10.00,M,KSRQ 071753Z 26008KT 10SM CLR 34/25 A3006 RMK AO2 RAE10 SLP178 P0000 60000 T03440250 10350 20289 58007
SRQ,2023-08-07 18:53,10.00,M,KSRQ 071853Z 27010KT 10SM CLR 34/25 A3005 RMK AO2 LTG DSNT N SLP176 T03440250
SRQ,2023-08-07 19:53,10.00,M,KSRQ 071953Z 28011KT 10SM CLR 34/26 A3003 RMK AO2 LTG DSNT NE AND E SLP167 T03440256
SRQ,2023-08-07 20:53,10.00,M,KSRQ 072053Z 27011KT 10SM CLR 34/24 A3002 RMK AO2 SLP164 T03390244 56014
SRQ,2023-08-07 21:53,10.00,M,KSRQ 072153Z 10SM CLR 34/25 A3001 RMK AO2 LTG DSNT NE AND E SLP163 T03390250
SRQ,2023-08-07 22:53,10.00,M,KSRQ 072253Z 28010KT 10SM CLR 33/26 A3002 RMK AO2 LTG DSNT NE AND E SLP163 T03330256
SRQ,2023-08-07 23:53,10.00,M,KSRQ 072353Z 10SM CLR 32/25 A3003 RMK AO2 SLP167 T03220250 10344 20322 53003
SRQ,2023-08-08 00:53,10.00,M,KSRQ 080053Z 34006KT 10SM CLR 31/24 A3003 RMK AO2 SLP170 T03110244
SRQ,2023-08-08 01:53,10.00,M,KSRQ 080153Z 32006KT 10SM CLR 31/24 A3003 RMK AO2 SLP169 T03060244
SRQ,2023-08-08 02:53,10.00,M,KSRQ 080253Z 10SM CLR 31/24 A3005 RMK AO2 SLP175 T03060244 53008
SRQ,2023-08-08 03:53,10.00,M,KSRQ 080353Z 10SM CLR 30/25 A3007 RMK AO2 SLP180 T03000250
SRQ,2023-08-08 04:53,10.00,M,KSRQ 080453Z AUTO 10SM CLR 29/25 A3005 RMK AO2 SLP175 T02940250 403500272
SRQ,2023-08-08 05:53,10.00,M,KSRQ 080553Z AUTO 10SM CLR 29/25 A3004 RMK AO2 SLP172 T02940250 10322 20294 58004
SRQ,2023-08-08 06:53,10.00,M,KSRQ 080653Z AUTO 10SM CLR 28/26 A3002 RMK AO2 SLP164 T02830256
SRQ,2023-08-08 07:53,10.00,M,KSRQ 080753Z AUTO 10SM CLR 28/25 A3001 RMK AO2 SLP161 T02780250
SRQ,2023-08-08 08:53,10.00,M,KSRQ 080853Z AUTO 10SM CLR 28/25 A3001 RMK AO2 SLP161 T02780250 56011
SRQ,2023-08-08 09:53,10.00,M,KSRQ 080953Z AUTO 10SM CLR 27/25 A3003 RMK AO2 SLP167 T02720250
SRQ,2023-08-08 10:53,10.00,M,KSRQ 081053Z 00000KT 10SM CLR 27/25 A3005 RMK AO2 SLP176 T02720250
SRQ,2023-08-08 11:53,10.00,M,KSRQ 081153Z 00000KT 10SM CLR 29/26 A3006 RMK AO2 SLP180 T02890256 10294 20267 51019
SRQ,2023-08-08 12:53,10.00,M,KSRQ 081253Z 10SM CLR 31/26 A3006 RMK AO2 SLP179 T03060256
SRQ,2023-08-08 13:53,10.00,M,KSRQ 081353Z 10SM CLR 33/24 A3006 RMK AO2 SLP177 T03280244
SRQ,2023-08-08 14:53,10.00,M,KSRQ 081453Z 28006KT 10SM CLR 33/24 A3006 RMK AO2 SLP177 T03330239 56003
SRQ,2023-08-08 15:53,10.00,M,KSRQ 081553Z 10SM CLR 34/24 A3006 RMK AO2 SLP177 T03390244
SRQ,2023-08-08 16:53,10.00,M,KSRQ 081653Z 27005KT 10SM CLR 34/24 A3004 RMK AO2 LTG DSNT SE SLP172 T03390239
SRQ,2023-08-08 17:53,10.00,M,KSRQ 081753Z 26008KT 10SM CLR 34/25 A3004 RMK AO2 SLP170 T03440250 10344 20289 58006
SRQ,2023-08-08 18:53,10.00,M,KSRQ 081853Z 26008KT 10SM CLR 34/26 A3003 RMK AO2 SLP167 T03440256
SRQ,2023-08-08 19:53,10.00,M,KSRQ 081953Z 10SM CLR 35/26 A3000 RMK AO2 LTG DSNT E SLP159 T03500256
SRQ,2023-08-08 20:53,10.00,M,KSRQ 082053Z 28008KT 10SM CLR 34/25 A2999 RMK AO2 SLP155 T03440250 58016
SRQ,2023-08-08 21:53,10.00,M,KSRQ 082153Z 10SM CLR 34/24 A2998 RMK AO2 SLP151 T03440244
SRQ,2023-08-08 22:53,10.00,M,KSRQ 082253Z 29012KT 10SM CLR 34/24 A2999 RMK AO2 SLP155 T03390239
SRQ,2023-08-08 23:53,10.00,M,KSRQ 082353Z 30009KT 10SM CLR 32/24 A3000 RMK AO2 LTG DSNT E SLP158 T03220244 10350 20322 53003
SRQ,2023-08-09 00:53,10.00,M,KSRQ 090053Z 31011KT 10SM CLR 32/24 A3001 RMK AO2 SLP160 T03170244
SRQ,2023-08-09 01:53,10.00,M,KSRQ 090153Z 32006KT 10SM CLR 31/24 A3000 RMK AO2 SLP159 T03110244
SRQ,2023-08-09 02:53,10.00,M,KSRQ 090253Z 10SM CLR 31/24 A3000 RMK AO2 SLP158 T03060244 50000
SRQ,2023-08-09 03:53,10.00,M,KSRQ 090353Z AUTO 10SM CLR 30/25 A3001 RMK AO2 SLP160 T03000250
SRQ,2023-08-09 04:53,10.00,M,KSRQ 090453Z AUTO 10SM CLR 29/24 A2999 RMK AO2 SLP155 T02890244 403500267
SRQ,2023-08-09 05:53,10.00,M,KSRQ 090553Z AUTO 10SM CLR 28/24 A2998 RMK AO2 SLP152 T02830244 10322 20283 58006
SRQ,2023-08-09 06:53,10.00,M,KSRQ 090653Z AUTO 10SM CLR 29/24 A2998 RMK AO2 SLP150 T02890244
SRQ,2023-08-09 07:53,10.00,M,KSRQ 090753Z AUTO 10SM CLR 28/24 A2996 RMK AO2 SLP144 T02830244
SRQ,2023-08-09 08:53,10.00,M,KSRQ 090853Z AUTO 10SM CLR 28/24 A2996 RMK AO2 SLP143 T02780244 56008
SRQ,2023-08-09 09:53,10.00,M,KSRQ 090953Z AUTO 00000KT 10SM CLR 28/25 A2997 RMK AO2 SLP148 T02780250 $
SRQ,2023-08-09 10:53,10.00,M,KSRQ 091053Z 00000KT 10SM CLR 27/25 A2998 RMK AO2 SLP152 T02720250
SRQ,2023-08-09 11:53,10.00,M,KSRQ 091153Z 00000KT 10SM CLR 29/26 A3000 RMK AO2 SLP159 T02890261 10294 20272 53016
SRQ,2023-08-09 12:53,10.00,5000.00,KSRQ 091253Z 00000KT 10SM SCT050 32/26 A3002 RMK AO2 SLP165 T03170256
SRQ,2023-08-09 13:53,10.00,5500.00,KSRQ 091353Z 33006KT 10SM SCT055 33/24 A3002 RMK AO2 SLP163 T03330244
SRQ,2023-08-09 14:53,10.00,5000.00,KSRQ 091453Z 27007KT 10SM FEW050 33/24 A3000 RMK AO2 LTG DSNT S SLP159 T03330244 58000
SRQ,2023-08-09 15:53,10.00,M,KSRQ 091553Z 26009KT 10SM CLR 34/25 A3001 RMK AO2 LTG DSNT SE AND S SLP161 T03390250
SRQ,2023-08-09 16:53,10.00,M,KSRQ 091653Z 29009KT 10SM CLR 36/24 A2998 RMK AO2 SLP151 T03560239
SRQ,2023-08-09 17:53,10.00,M,KSRQ 091753Z 28010KT 10SM CLR 36/23 A2998 RMK AO2 SLP153 T03560228 10356 20289 58006
SRQ,2023-08-09 18:53,10.00,M,KSRQ 091853Z 28010KT 10SM CLR 35/24 A2998 RMK AO2 LTG DSNT E TSB25E40 SLP151 T03500244
SRQ,2023-08-09 19:53,10.00,M,KSRQ 091953Z 28010KT 10SM CLR 35/24 A2996 RMK AO2 SLP144 T03500244
SRQ,2023-08-09 20:53,10.00,M,KSRQ 092053Z 27011KT 10SM CLR 34/26 A2996 RMK AO2 SLP143 T03440256 56009
SRQ,2023-08-09 21:53,10.00,M,KSRQ 092153Z 28008KT 10SM CLR 34/25 A2995 RMK AO2 SLP141 T03390250
SRQ,2023-08-09 22:53,10.00,M,KSRQ 092253Z 31009KT 10SM CLR 33/25 A2995 RMK AO2 SLP142 T03330250
SRQ,2023-08-09 23:53,10.00,M,KSRQ 092353Z 10SM CLR 32/25 A2996 RMK AO2 SLP143 T03220250 10356 20322 55000
SRQ,2023-08-10 00:53,10.00,M,KSRQ 100053Z 10SM CLR 31/24 A2997 RMK AO2 SLP147 T03110244
SRQ,2023-08-10 01:53,10.00,M,KSRQ 100153Z 10SM CLR 31/24 A2997 RMK AO2 SLP148 T03060244
SRQ,2023-08-10 02:53,10.00,M,KSRQ 100253Z 10SM CLR 30/25 A2998 RMK AO2 SLP150 T03000250 51007
SRQ,2023-08-10 03:53,10.00,M,KSRQ 100353Z AUTO 10SM CLR 30/25 A2998 RMK AO2 SLP153 T03000250
SRQ,2023-08-10 04:53,10.00,M,KSRQ 100453Z AUTO 10SM CLR 30/25 A2998 RMK AO2 SLP153 T03000250 403560272
SRQ,2023-08-10 05:53,10.00,M,KSRQ 100553Z AUTO 10SM CLR 30/25 A2997 RMK AO2 SLP148 T03000250 10322 20300 58002
SRQ,2023-08-10 06:53,10.00,M,KSRQ 100653Z AUTO 10SM CLR 29/25 A2994 RMK AO2 SLP139 T02940250
SRQ,2023-08-10 07:53,10.00,M,KSRQ 100753Z AUTO 10SM CLR 29/26 A2993 RMK AO2 SLP134 T02890256
SRQ,2023-08-10 08:53,10.00,M,KSRQ 100853Z AUTO 10SM CLR 28/26 A2993 RMK AO2 SLP133 T02830256 56016
SRQ,2023-08-10 09:53,10.00,M,KSRQ 100953Z 11003KT 10SM CLR 28/26 A2992 RMK AO2 SLP131 T02780256
SRQ,2023-08-10 10:53,10.00,M,KSRQ 101053Z 13003KT 10SM CLR 28/26 A2992 RMK AO2 SLP130 T02780256
SRQ,2023-08-10 11:53,10.00,M,KSRQ 101153Z 11003KT 10SM CLR 29/26 A2994 RMK AO2 SLP137 T02890256 10300 20272 53004
SRQ,2023-08-10 12:53,10.00,M,KSRQ 101253Z 10004KT 10SM CLR 31/26 A2996 RMK AO2 SLP146 T03110256
SRQ,2023-08-10 13:53,10.00,2400.00,KSRQ 101353Z 10SM FEW024 33/26 A2997 RMK AO2 SLP146 T03280256
SRQ,2023-08-10 14:53,10.00,3200.00,KSRQ 101453Z 20009KT 10SM FEW032 33/26 A2999 RMK AO2 SLP153 T03280261 51016
SRQ,2023-08-10 15:53,10.00,6500.00,KSRQ 101553Z 24008KT 10SM FEW065 33/26 A2998 RMK AO2 SLP151 T03280261
SRQ,2023-08-10 16:53,10.00,M,KSRQ 101653Z 28008KT 10SM CLR 35/25 A2998 RMK AO2 SLP151 T03500250
SRQ,2023-08-10 17:53,10.00,M,KSRQ 101753Z 25010G17KT 10SM CLR 34/25 A2999 RMK AO2 SLP154 T03440250 10350 20289 53001
SRQ,2023-08-10 18:53,10.00,3000.00,KSRQ 101853Z 10SM FEW030 35/25 A2997 RMK AO2 LTG DSNT NE AND E SLP147 T03500250
SRQ,2023-08-10 19:53,10.00,M,KSRQ 101953Z 28010G16KT 10SM CLR 34/25 A2996 RMK AO2 SLP143 T03440250
SRQ,2023-08-10 20:53,10.00,M,KSRQ 102053Z 10SM CLR 34/24 A2993 RMK AO2 SLP136 T03440244 58018
SRQ,2023-08-10 21:53,10.00,3000.00,KSRQ 102153Z 10SM FEW030 FEW049 34/25 A2993 RMK AO2 SLP133 T03390250
SRQ,2023-08-10 22:53,10.00,M,KSRQ 102253Z 10SM CLR 33/24 A2993 RMK AO2 SLP135 T03330239
SRQ,2023-08-10 23:53,10.00,M,KSRQ 102353Z 28007KT 10SM CLR 32/25 A2994 RMK AO2 SLP139 T03220250 10350 20322 53003
SRQ,2023-08-11 00:53,10.00,2700.00,KSRQ 110053Z 10SM FEW027 31/25 A2995 RMK AO2 SLP140 T03110250
SRQ,2023-08-11 01:53,10.00,2800.00,KSRQ 110153Z 10SM FEW028 31/26 A2995 RMK AO2 SLP140 T03110256
SRQ,2023-08-11 02:53,10.00,M,KSRQ 110253Z 10SM CLR 31/25 A2995 RMK AO2 SLP142 T03110250 53003
SRQ,2023-08-11 03:53,10.00,2500.00,KSRQ 110353Z AUTO 10SM FEW025 31/26 A2994 RMK AO2 SLP137 T03110256
SRQ,2023-08-11 04:53,10.00,M,KSRQ 110453Z AUTO 10SM CLR 31/25 A2994 RMK AO2 SLP136 T03060250 403500272
SRQ,2023-08-11 05:53,10.00,2500.00,KSRQ 110553Z AUTO 10SM FEW025 30/25 A2994 RMK AO2 SLP138 T03000250 10322 20300 55005
SRQ,2023-08-11 06:53,10.00,M,KSRQ 110653Z AUTO 10SM CLR 29/26 A2993 RMK AO2 SLP134 T02890256
SRQ,2023-08-11 07:53,10.00,M,KSRQ 110753Z AUTO 10SM CLR 28/26 A2993 RMK AO2 SLP133 T02830256
SRQ,2023-08-11 08:53,10.00,M,KSRQ 110853Z AUTO 10SM CLR 28/26 A2992 RMK AO2 SLP132 T02780256 56006
SRQ,2023-08-11 09:53,10.00,M,KSRQ 110953Z AUTO 00000KT 10SM CLR 28/26 A2992 RMK AO2 SLP131 T02780256
SRQ,2023-08-11 10:53,10.00,M,KSRQ 111053Z 10003KT 10SM CLR 27/25 A2994 RMK AO2 SLP139 T02720250
SRQ,2023-08-11 11:53,10.00,M,KSRQ 111153Z 14006KT 10SM CLR 28/26 A2997 RMK AO2 SLP147 T02830256 10300 20272 53016
SRQ,2023-08-11 12:53,10.00,2400.00,KSRQ 111253Z 12004KT 10SM SCT024 BKN033 30/25 A2999 RMK AO2 SLP155 T03000250
SRQ,2023-08-11 13:53,10.00,2400.00,KSRQ 111353Z 22003KT 10SM SCT024 32/26 A3000 RMK AO2 SLP157 T03220256
SRQ,2023-08-11 14:53,10.00,M,KSRQ 111453Z 26006KT 10SM CLR 33/24 A3000 RMK AO2 SLP157 T03330244 51009
SRQ,2023-08-11 15:53,10.00,M,KSRQ 111553Z 10SM CLR 34/25 A3000 RMK AO2 SLP158 T03390250
SRQ,2023-08-11 16:53,10.00,M,KSRQ 111653Z 25008KT 10SM CLR 34/25 A3000 RMK AO2 SLP157 T03440250
SRQ,2023-08-11 17:53,10.00,M,KSRQ 111753Z 10SM CLR 35/26 A2999 RMK AO2 SLP153 T03500256 10350 20283 58003
SRQ,2023-08-11 18:53,10.00,M,KSRQ 111853Z 28011KT 10SM CLR 35/25 A2996 RMK AO2 SLP146 T03500250
SRQ,2023-08-11 19:53,10.00,M,KSRQ 111953Z 10SM CLR 34/25 A2996 RMK AO2 SLP143 T03440250
SRQ,2023-08-11 20:53,10.00,M,KSRQ 112053Z 10SM CLR 34/26 A2993 RMK AO2 LTG DSNT E SLP135 T03440256 58018
SRQ,2023-08-11 21:53,10.00,M,KSRQ 112153Z 10SM CLR 34/24 A2992 RMK AO2 LTG DSNT E SLP131 T03440244
SRQ,2023-08-11 22:53,10.00,M,KSRQ 112253Z 10SM CLR 34/23 A2992 RMK AO2 SLP130 T03390233
SRQ,2023-08-11 23:53,10.00,M,KSRQ 112353Z 10SM CLR 33/23 A2993 RMK AO2 LTG DSNT SE SLP135 T03280233 10350 20328 55000
SRQ,2023-08-12 00:53,10.00,M,KSRQ 120053Z 10SM CLR 31/24 A2995 RMK AO2 SLP141 T03110239
SRQ,2023-08-12 01:53,10.00,M,KSRQ 120153Z 10SM CLR 31/25 A2997 RMK AO2 SLP149 T03110250
SRQ,2023-08-12 02:53,10.00,M,KSRQ 120253Z 34003KT 10SM CLR 31/26 A2998 RMK AO2 SLP153 T03110256 51018
SRQ,2023-08-12 03:53,10.00,M,KSRQ 120353Z AUTO 34003KT 10SM CLR 31/26 A2999 RMK AO2 SLP155 T03060256
SRQ,2023-08-12 04:53,10.00,M,KSRQ 120453Z AUTO 10SM CLR 30/26 A2997 RMK AO2 SLP147 T03000256 403500272
SRQ,2023-08-12 05:53,10.00,M,KSRQ 120553Z AUTO 10SM CLR 29/26 A2996 RMK AO2 SLP145 T02940256 10322 20289 58008
SRQ,2023-08-12 06:53,10.00,M,KSRQ 120653Z AUTO 10SM CLR 29/26 A2995 RMK AO2 SLP143 T02890256
SRQ,2023-08-12 07:53,10.00,M,KSRQ 120753Z AUTO 10SM CLR 29/26 A2994 RMK AO2 SLP139 T02890256
SRQ,2023-08-12 08:53,10.00,M,KSRQ 120853Z AUTO 10SM CLR 28/26 A2994 RMK AO2 SLP139 T02830256 56006
SRQ,2023-08-12 09:53,10.00,M,KSRQ 120953Z 12004KT 10SM CLR 27/25 A2995 RMK AO2 SLP140 T02720250
SRQ,2023-08-12 10:53,10.00,M,KSRQ 121053Z 00000KT 10SM CLR 28/25 A2997 RMK AO2 SLP146 T02780250
SRQ,2023-08-12 11:53,10.00,M,KSRQ 121153Z 08003KT 10SM CLR 28/26 A2999 RMK AO2 SLP154 T02830256 10294 20272 53016
SRQ,2023-08-12 12:53,10.00,M,KSRQ 121253Z 10003KT 10SM CLR 31/26 A3000 RMK AO2 SLP157 T03110256
SRQ,2023-08-12 13:53,10.00,M,KSRQ 121353Z 08006KT 10SM CLR 33/26 A3001 RMK AO2 SLP162 T03280256
SRQ,2023-08-12 14:53,10.00,3200.00,KSRQ 121453Z 00000KT 10SM FEW032 SCT050 34/23 A3001 RMK AO2 SLP162 T03440233 50007
SRQ,2023-08-12 15:53,10.00,4000.00,KSRQ 121553Z VRB03KT 10SM SCT040 34/24 A3000 RMK AO2 SLP159 T03440244
SRQ,2023-08-12 16:53,10.00,5000.00,KSRQ 121653Z 29010KT 10SM FEW050 34/25 A2999 RMK AO2 SLP154 T03440250
SRQ,2023-08-12 17:53,10.00,4800.00,KSRQ 121753Z 28012KT 10SM FEW048 SCT070 35/25 A2997 RMK AO2 SLP148 T03500250 10361 20289 58013
SRQ,2023-08-12 18:53,10.00,6500.00,KSRQ 121853Z 28015KT 10SM FEW065 SCT085 36/26 A2995 RMK AO2 LTG DSNT N SLP141 T03610256
SRQ,2023-08-12 19:53,10.00,4400.00,KSRQ 121953Z 29012KT 10SM SCT044 SCT050 36/24 A2993 RMK AO2 SLP135 T03610244
SRQ,2023-08-12 20:53,10.00,3800.00,KSRQ 122053Z 34013KT 10SM FEW038 36/24 A2992 RMK AO2 SLP130 T03560239 56019
SRQ,2023-08-12 21:53,10.00,M,KSRQ 122153Z 35011KT 10SM CLR 36/23 A2991 RMK AO2 LTG DSNT E AND SE SLP128 T03560233
SRQ,2023-08-12 22:53,10.00,M,KSRQ 122253Z 34009KT 10SM CLR 35/22 A2991 RMK AO2 LTG DSNT NE-S SLP129 T03500222
SRQ,2023-08-12 23:53,10.00,3500.00,KSRQ 122353Z COR 34006KT 10SM SCT035 33/24 A2993 RMK AO2 LTG DSNT NE-SE SLP134 T03330239 10367 20333 53004
SRQ,2023-08-13 00:53,10.00,3500.00,KSRQ 130053Z COR 13010KT 10SM FEW035 SCT060 SCT070 31/22 A2995 RMK AO2 LTG DSNT NE AND E SLP142 T03110222
SRQ,2023-08-13 01:53,10.00,M,KSRQ 130153Z 14004KT 10SM CLR 30/22 A2998 RMK AO2 LTG DSNT E SLP151 T03000222
SRQ,2023-08-13 02:53,10.00,M,KSRQ 130253Z 06003KT 10SM VCTS CLR 30/23 A3000 RMK AO2 LTG DSNT E-S SLP158 T03000228 51024
SRQ,2023-08-13 03:53,10.00,3700.00,KSRQ 130353Z 13009KT 10SM VCTS SCT037 29/23 A3001 RMK AO2 LTG DSNT E-S SLP163 T02940233
SRQ,2023-08-13 04:53,10.00,3600.00,KSRQ 130453Z AUTO 11005KT 10SM BKN036 28/23 A3000 RMK AO2 LTG DSNT S AND SW SLP157 T02830228 403670272
SRQ,2023-08-13 05:53,10.00,M,KSRQ 130553Z AUTO 08005KT 10SM CLR 28/23 A2999 RMK AO2 LTG DSNT NE AND E SLP153 T02780228 10333 20278 58008
SRQ,2023-08-13 06:53,10.00,M,KSRQ 130653Z AUTO 09004KT 10SM CLR 28/23 A2995 RMK AO2 SLP140 T02780233
SRQ,2023-08-13 07:53,10.00,M,KSRQ 130753Z AUTO 10003KT 10SM CLR 27/24 A2993 RMK AO2 SLP133 T02720239
SRQ,2023-08-13 08:53,10.00,M,KSRQ 130853Z AUTO 00000KT 10SM CLR 27/24 A2991 RMK AO2 SLP128 T02720239 56025
SRQ,2023-08-13 09:53,10.00,M,KSRQ 130953Z 12005KT 10SM CLR 27/24 A2992 RMK AO2 SLP132 T02720244
SRQ,2023-08-13 10:53,10.00,M,KSRQ 131053Z 06003KT 10SM CLR 27/24 A2995 RMK AO2 SLP141 T02720244
SRQ,2023-08-13 11:53,10.00,M,KSRQ 131153Z 08004KT 10SM CLR 28/24 A2998 RMK AO2 SLP151 T02780244 10278 20267 53023
SRQ,2023-08-13 12:53,10.00,M,KSRQ 131253Z 09007KT 10SM CLR 30/25 A2999 RMK AO2 SLP153 T03000250
SRQ,2023-08-13 13:53,10.00,M,KSRQ 131353Z 12004KT 10SM CLR 31/25 A2999 RMK AO2 SLP156 T03110250
SRQ,2023-08-13 14:53,10.00,M,KSRQ 131453Z 08004KT 10SM CLR 33/24 A3001 RMK AO2 SLP162 T03280244 53010
SRQ,2023-08-13 15:53,10.00,M,KSRQ 131553Z 10SM CLR 34/24 A3000 RMK AO2 SLP158 T03390244
SRQ,2023-08-13 16:53,10.00,4000.00,KSRQ 131653Z 10SM SCT040 34/26 A3000 RMK AO2 SLP158 T03390256
SRQ,2023-08-13 17:53,10.00,M,KSRQ 131753Z 27010KT 10SM CLR 34/26 A2999 RMK AO2 SLP153 T03390261 10350 20278 58008
SRQ,2023-08-13 18:53,10.00,M,KSRQ 131853Z 26010KT 10SM CLR 34/26 A2997 RMK AO2 SLP147 T03440261
SRQ,2023-08-13 19:53,10.00,4800.00,KSRQ 131953Z COR 31011G15KT 10SM RA SCT048 BKN060 BKN075 32/28 A2996 RMK AO2 RAB19 SLP143 P0019 T03170278
SRQ,2023-08-13 20:53,10.00,M,KSRQ 132053Z 33011KT 10SM RA CLR 29/24 A2994 RMK AO2 TSB1956E33 SLP138 P0002 60021 T02890239 57016
SRQ,2023-08-13 21:53,10.00,200.00,KSRQ 132153Z 32007KT 10SM FEW002 33/26 A2993 RMK AO2 LTG DSNT SE RAE01 SLP135 P0000 T03280256
SRQ,2023-08-13 22:53,10.00,M,KSRQ 132253Z 30007KT 10SM CLR 33/26 A2993 RMK AO2 LTG DSNT E-S SLP133 T03330261
SRQ,2023-08-13 23:53,10.00,2600.00,KSRQ 132353Z 31006KT 10SM VCTS SCT026 33/26 A2995 RMK AO2 LTG DSNT ALQDS TSB28E33 SLP143 60021 T03280261 10350 20289 53005
SRQ,2023-08-14 00:53,10.00,2900.00,KSRQ 140053Z 14008G23KT 10SM -TSRA FEW029 BKN043 OVC075 26/22 A3001 RMK AO2 LTG DSNT ALQDS RAB46 PRESRR SLP160 P0001 T02610222
SRQ,2023-08-14 02:53,10.00,M,KSRQ 140253Z 22004KT 10SM CLR 28/26 A3002 RMK AO2 TSE0156 SLP165 60002 T02780256 51008
SRQ,2023-08-14 03:53,10.00,12000.00,KSRQ 140353Z 24004KT 10SM FEW120 27/25 A3003 RMK AO2 SLP167 T02720250
SRQ,2023-08-14 04:53,10.00,11000.00,KSRQ 140453Z 11004KT 10SM FEW110 27/25 A3001 RMK AO2 SLP160 T02720250 403500261
SRQ,2023-08-14 05:53,10.00,M,KSRQ 140553Z AUTO 10SM CLR 27/24 A2999 RMK AO2 SLP156 60002 T02670244 10328 20261 58009
SRQ,2023-08-14 06:53,10.00,M,KSRQ 140653Z AUTO 10SM CLR 27/24 A2998 RMK AO2 SLP151 T02670244
SRQ,2023-08-14 07:53,10.00,M,KSRQ 140753Z AUTO 10SM CLR 27/24 A2997 RMK AO2 SLP149 T02670244
SRQ,2023-08-14 08:53,10.00,M,KSRQ 140853Z AUTO 10SM CLR 27/25 A2996 RMK AO2 SLP146 T02670250 56010
SRQ,2023-08-14 09:53,10.00,M,KSRQ 140953Z AUTO 12006KT 10SM CLR 27/25 A2997 RMK AO2 SLP147 T02670250 $
SRQ,2023-08-14 10:53,10.00,M,KSRQ 141053Z 14007KT 10SM CLR 27/25 A2997 RMK AO2 SLP148 T02670250
SRQ,2023-08-14 11:53,10.00,M,KSRQ 141153Z 12006KT 10SM CLR 28/26 A2999 RMK AO2 SLP156 70023 T02780256 10278 20261 53010
SRQ,2023-08-14 12:53,10.00,M,KSRQ 141253Z 14010KT 10SM CLR 29/26 A3001 RMK AO2 LTG DSNT W SLP163 T02940256
SRQ,2023-08-14 14:53,10.00,2900.00,KSRQ 141453Z 16010KT 10SM FEW029 33/25 A3003 RMK AO2 LTG DSNT E-SW SLP168 T03280250 51013
SRQ,2023-08-14 15:53,10.00,3200.00,KSRQ 141553Z 14009KT 10SM FEW032 31/25 A3005 RMK AO2 LTG DSNT ALQDS SLP176 T03060250
SRQ,2023-08-14 16:53,10.00,8500.00,KSRQ 141653Z 13005KT 10SM -RA FEW085 BKN110 28/25 A3005 RMK AO2 LTG DSNT ALQDS RAB13 TSB38E53 SLP175 P0000 T02780250
SRQ,2023-08-14 17:53,10.00,9000.00,KSRQ 141753Z 14005KT 10SM -RA BKN090 OVC110 27/26 A3005 RMK AO2 LTG DSNT SW-NW SLP176 P0004 60004 T02720256 10333 20272 51007
SRQ,2023-08-14 18:53,10.00,2500.00,KSRQ 141853Z 27010G20KT 10SM -TSRA FEW025 BKN050 OVC100 27/24 A3003 RMK AO2 LTG DSNT SW-N TSB16 SLP168 P0002 T02670239
SRQ,2023-08-14 19:53,10.00,4300.00,KSRQ 141953Z 26005KT 10SM VCTS FEW043 FEW065 29/26 A3002 RMK AO2 LTG DSNT SE AND S RAE07 TSE22 SLP166 P0000 T02890256
SRQ,2023-08-14 20:53,10.00,1500.00,KSRQ 142053Z COR 26004KT 10SM FEW015 29/26 A3002 RMK AO2 LTG DSNT S AND SW TSB1955E10 SLP163 60002 T02940256 56012
SRQ,2023-08-14 21:53,10.00,1500.00,KSRQ 142153Z 15005KT 10SM FEW015 29/26 A2999 RMK AO2 SLP154 T02940256
SRQ,2023-08-14 22:53,10.00,M,KSRQ 142253Z 14006KT 10SM CLR 29/25 A2998 RMK AO2 SLP150 T02940250
SRQ,2023-08-15 00:53,10.00,M,KSRQ 150053Z 00000KT 10SM CLR 28/24 A3001 RMK AO2 SLP160 T02780244
SRQ,2023-08-15 01:53,10.00,M,KSRQ 150153Z 12003KT 10SM CLR 27/24 A3001 RMK AO2 SLP161 T02720244
SRQ,2023-08-15 02:53,10.00,M,KSRQ 150253Z 00000KT 10SM CLR 27/25 A3002 RMK AO2 SLP166 T02670250 51015
SRQ,2023-08-15 03:53,10.00,M,KSRQ 150353Z AUTO 11004KT 10SM CLR 27/25 A3003 RMK AO2 SLP167 T02670250
SRQ,2023-08-15 04:53,10.00,M,KSRQ 150453Z AUTO 12004KT 10SM CLR 27/25 A3002 RMK AO2 SLP164 T02670250 403330261
SRQ,2023-08-15 05:53,10.00,M,KSRQ 150553Z AUTO 11004KT 10SM CLR 27/25 A3000 RMK AO2 SLP156 T02670250 10289 20267 58010
SRQ,2023-08-15 06:53,10.00,M,KSRQ 150653Z AUTO 14008KT 10SM CLR 26/24 A2998 RMK AO2 SLP150 T02610244
SRQ,2023-08-15 07:53,10.00,2500.00,KSRQ 150753Z AUTO 11005KT 10SM BKN025 26/24 A2998 RMK AO2 SLP151 T02610239
SRQ,2023-08-15 08:53,10.00,M,KSRQ 150853Z AUTO 13006KT 10SM CLR 26/23 A2997 RMK AO2 LTG DSNT SW SLP148 T02610233 56008
SRQ,2023-08-15 09:53,10.00,M,KSRQ 150953Z 14004KT 10SM CLR 26/23 A2997 RMK AO2 SLP148 T02610233
SRQ,2023-08-15 10:53,10.00,8500.00,KSRQ 151053Z 14004KT 10SM BKN085 26/23 A2999 RMK AO2 SLP153 T02610233
SRQ,2023-08-15 11:53,10.00,M,KSRQ 151153Z 11003KT 10SM CLR 27/24 A3001 RMK AO2 SLP160 70006 T02720239 10272 20256 53012
SRQ,2023-08-15 12:53,10.00,M,KSRQ 151253Z 11004KT 10SM CLR 29/24 A3002 RMK AO2 SLP165 T02940244
SRQ,2023-08-15 13:53,10.00,M,KSRQ 151353Z 18006KT 10SM CLR 32/26 A3003 RMK AO2 SLP167 T03170256
SRQ,2023-08-15 14:53,10.00,2800.00,KSRQ 151453Z 21006KT 10SM SCT028 32/26 A3003 RMK AO2 SLP170 T03220256 51010
SRQ,2023-08-15 15:53,10.00,M,KSRQ 151553Z 24008KT 10SM CLR 33/24 A3004 RMK AO2 LTG DSNT E SLP170 T03330244
SRQ,2023-08-15 16:53,10.00,M,KSRQ 151653Z 23009KT 10SM CLR 33/24 A3003 RMK AO2 SLP167 T03330239
SRQ,2023-08-15 17:53,10.00,M,KSRQ 151753Z 24008KT 10SM CLR 34/24 A3000 RMK AO2 SLP160 T03390244 10339 20272 58010
SRQ,2023-08-15 18:53,10.00,M,KSRQ 151853Z 23008KT 10SM CLR 34/23 A2997 RMK AO2 SLP148 T03440233
SRQ,2023-08-15 19:53,10.00,M,KSRQ 151953Z 25009KT 10SM CLR 34/24 A2995 RMK AO2 SLP142 T03390239
SRQ,2023-08-15 20:53,10.00,M,KSRQ 152053Z 25009KT 10SM CLR 33/24 A2995 RMK AO2 SLP141 T03330239 56019
SRQ,2023-08-15 21:53,10.00,M,KSRQ 152153Z 27009KT 10SM CLR 33/24 A2996 RMK AO2 SLP144 T03330239
SRQ,2023-08-15 22:53,10.00,M,KSRQ 152253Z 27007KT 10SM CLR 33/24 A2994 RMK AO2 SLP136 T03280244
SRQ,2023-08-15 23:53,10.00,3000.00,KSRQ 152353Z 28005KT 10SM FEW030 32/24 A2993 RMK AO2 SLP134 T03170239 10344 20317 58007
SRQ,2023-08-16 00:53,10.00,M,KSRQ 160053Z 27005KT 10SM CLR 31/24 A2994 RMK AO2 SLP139 T03110239
SRQ,2023-08-16 01:53,10.00,2900.00,KSRQ 160153Z 00000KT 10SM FEW029 31/24 A2996 RMK AO2 SLP146 T03060244
SRQ,2023-08-16 02:53,10.00,M,KSRQ 160253Z 00000KT 10SM CLR 29/24 A2998 RMK AO2 SLP150 T02940244 51015
SRQ,2023-08-16 03:53,10.00,M,KSRQ 160353Z AUTO 00000KT 10SM CLR 29/24 A2999 RMK AO2 SLP155 T02890244
SRQ,2023-08-16 04:53,10.00,M,KSRQ 160453Z AUTO 00000KT 10SM CLR 28/24 A2997 RMK AO2 SLP149 T02830244 403440256
SRQ,2023-08-16 06:53,10.00,M,KSRQ 160653Z AUTO 14007KT 10SM CLR 27/24 A2994 RMK AO2 SLP136 T02720244
SRQ,2023-08-16 07:53,10.00,M,KSRQ 160753Z AUTO 12004KT 10SM CLR 27/24 A2993 RMK AO2 SLP135 T02720239
SRQ,2023-08-16 08:53,10.00,M,KSRQ 160853Z AUTO 13004KT 10SM CLR 27/24 A2993 RMK AO2 LTG DSNT NW SLP134 T02670239 56006
SRQ,2023-08-16 09:53,10.00,M,KSRQ 160953Z 13003KT 10SM CLR 26/24 A2993 RMK AO2 LTG DSNT NW SLP133 T02610239
SRQ,2023-08-16 10:53,10.00,M,KSRQ 161053Z 08003KT 10SM CLR 26/24 A2993 RMK AO2 LTG DSNT W SLP134 T02610239
SRQ,2023-08-16 11:53,10.00,2900.00,KSRQ 161153Z 06003KT 10SM SCT029 SCT039 28/25 A2994 RMK AO2 SLP137 T02780250 10278 20261 53003
SRQ,2023-08-16 12:53,10.00,2200.00,KSRQ 161253Z COR 15006KT 10SM FEW022 30/24 A2995 RMK AO2 SLP139 T03000244
SRQ,2023-08-16 13:53,10.00,2200.00,KSRQ 161353Z VRB05KT 10SM FEW022 33/25 A2995 RMK AO2 SLP142 T03280250
SRQ,2023-08-16 14:53,10.00,M,KSRQ 161453Z 24005KT 10SM CLR 32/24 A2995 RMK AO2 SLP142 T03220244 51005
SRQ,2023-08-16 15:53,10.00,M,KSRQ 161553Z 28003KT 10SM CLR 33/25 A2995 RMK AO2 SLP142 T03280250
SRQ,2023-08-16 16:53,10.00,2800.00,KSRQ 161653Z 29009KT 10SM FEW028 34/25 A2995 RMK AO2 SLP141 T03390250
SRQ,2023-08-16 17:53,10.00,M,KSRQ 161753Z 29008KT 10SM CLR 34/25 A2995 RMK AO2 LTG DSNT NE AND E SLP142 T03390250 10339 20278 56001
SRQ,2023-08-16 18:53,10.00,M,KSRQ 161853Z 27012KT 10SM CLR 34/24 A2993 RMK AO2 LTG DSNT ALQDS SLP134 T03390244
SRQ,2023-08-16 19:53,10.00,8000.00,KSRQ 161953Z 27009KT 10SM VCTS SCT080 33/24 A2992 RMK AO2 LTG DSNT NE-SE SLP132 T03330239
SRQ,2023-08-16 20:53,10.00,3000.00,KSRQ 162053Z 11010KT 10SM FEW030 BKN049 BKN060 31/22 A2991 RMK AO2 LTG DSNT ALQDS SLP128 T03060222 56014
SRQ,2023-08-16 21:53,10.00,3300.00,KSRQ 162153Z 12010KT 10SM SCT033 SCT045 OVC075 31/23 A2991 RMK AO2 LTG DSNT ALQDS SLP128 T03060233
SRQ,2023-08-16 22:53,0.50,2300.00,KSRQ 162253Z 21014G20KT 1/2SM +TSRA FG OVC023 24/22 A2994 RMK AO2 PK WND 26026/2238 LTG DSNT ALQDS RAB07 TSB2155 SLP139 P0176 T02440222
SRQ,2023-08-16 23:53,10.00,M,KSRQ 162353Z 20004KT 10SM CLR 26/24 A2992 RMK AO2 LTG DSNT SE AND SW RAE30 TSE23 SLP131 P0012 60188 T02610239 10344 20239 51003
SRQ,2023-08-17 00:53,10.00,9500.00,KSRQ 170053Z 16006KT 10SM -RA BKN095 26/24 A2993 RMK AO2 RAB05 SLP133 P0000 T02610239
SRQ,2023-08-17 01:53,10.00,M,KSRQ 170153Z 13004KT 10SM CLR 26/24 A2995 RMK AO2 RAE31 SLP142 P0000 T02610239
SRQ,2023-08-17 02:53,10.00,M,KSRQ 170253Z 13005KT 10SM CLR 26/24 A2997 RMK AO2 SLP146 60000 T02610244 53015
SRQ,2023-08-17 03:53,10.00,M,KSRQ 170353Z AUTO 11003KT 10SM CLR 26/24 A2996 RMK AO2 SLP143 T02610244
SRQ,2023-08-17 04:53,10.00,M,KSRQ 170453Z AUTO 00000KT 10SM CLR 26/24 A2994 RMK AO2 SLP138 T02610244 403440239
SRQ,2023-08-17 05:53,10.00,M,KSRQ 170553Z AUTO 14003KT 10SM CLR 26/24 A2993 RMK AO2 SLP135 60000 T02560244 10267 20256 58012
SRQ,2023-08-17 06:53,10.00,2800.00,KSRQ 170653Z AUTO 14003KT 10SM FEW028 26/24 A2992 RMK AO2 SLP131 T02610244
SRQ,2023-08-17 07:53,10.00,M,KSRQ 170753Z AUTO 15004KT 10SM CLR 26/25 A2991 RMK AO2 SLP127 T02610250
SRQ,2023-08-17 08:53,10.00,M,KSRQ 170853Z AUTO 21011KT 10SM CLR 29/25 A2991 RMK AO2 SLP126 T02940250 56009
SRQ,2023-08-17 09:53,10.00,4300.00,KSRQ 170953Z 26010KT 10SM -RA BKN043 BKN110 28/24 A2992 RMK AO2 WSHFT 0911 RAB16 TSB10E45 SLP129 P0021 T02780244
SRQ,2023-08-17 10:53,10.00,9500.00,KSRQ 171053Z 23011KT 10SM FEW095 29/22 A2995 RMK AO2 LTG DSNT ALQDS RAE18 SLP139 P0003 T02890217
SRQ,2023-08-17 11:53,10.00,10000.00,KSRQ 171153Z 22007KT 10SM FEW100 29/24 A2995 RMK AO2 SLP142 60024 70212 T02940244 10300 20256 53012
SRQ,2023-08-17 12:53,10.00,10000.00,KSRQ 171253Z 23008KT 10SM FEW100 31/25 A2995 RMK AO2 SLP140 T03060250
SRQ,2023-08-17 13:53,10.00,2600.00,KSRQ 171353Z 26008KT 10SM BKN026 BKN035 BKN050 31/25 A2996 RMK AO2 SLP144 T03060250
SRQ,2023-08-17 14:50,10.00,2900.00,KSRQ 171450Z 24008KT 10SM SCT029 SCT040 SCT100 31/25 A2997 RMK AO2 TSB29E44
SRQ,2023-08-17 14:50,10.00,2900.00,KSRQ 171450Z AUTO 24008KT 10SM SCT029 SCT040 SCT100 31/25 A2997 RMK T03100250 MADISHF
SRQ,2023-08-17 15:53,10.00,M,KSRQ 171553Z 24012KT 10SM CLR 33/25 A2997 RMK AO2 LTG DSNT NE AND E SLP149 T03280250
SRQ,2023-08-17 16:53,10.00,3300.00,KSRQ 171653Z 23013G20KT 10SM SCT033 33/24 A2997 RMK AO2 LTG DSNT NW-E SLP147 T03330244
SRQ,2023-08-17 17:53,7.00,3700.00,KSRQ 171753Z 26018G28KT 7SM -RA FEW037 SCT045 BKN065 29/24 A2997 RMK AO2 PK WND 25028/1745 LTG DSNT ALQDS RAB49 SLP149 P0000 60000 T02890239 10339 20289 55000
SRQ,2023-08-17 18:53,10.00,3400.00,KSRQ 171853Z 25012G16KT 10SM TS FEW034 SCT060 32/26 A2997 RMK AO2 PK WND 25031/1754 WSHFT 1754 LTG DSNT N-E RAE27 TSB53 SLP146 P0009 T03220256
SRQ,2023-08-17 19:53,10.00,M,KSRQ 171953Z 32009KT 10SM CLR 33/26 A2995 RMK AO2 WSHFT 1859 LTG DSNT E TSE16 SLP142 T03280256
SRQ,2023-08-17 20:53,10.00,3000.00,KSRQ 172053Z 32007KT 10SM TS FEW030 SCT035 BKN042 33/25 A2995 RMK AO2 LTG DSNT E-S TSB39 SLP140 60009 T03280250 56009
SRQ,2023-08-17 21:53,10.00,2800.00,KSRQ 172153Z 27009KT 10SM TS FEW028 31/26 A2996 RMK AO2 LTG DSNT E-S RAB12E35 TSE22B44 SLP144 P0016 T03110256
SRQ,2023-08-17 22:53,10.00,4800.00,KSRQ 172253Z 07005KT 10SM TS FEW048 30/24 A2996 RMK AO2 LTG DSNT W AND NW TSE05B42 SLP143 T03000244
SRQ,2023-08-17 23:53,10.00,1100.00,KSRQ 172353Z 11009G19KT 10SM TS FEW011 SCT034 26/22 A2998 RMK AO2 PK WND 07026/2336 WSHFT 2334 LTG DSNT N-SE RAB13E53 SLP151 P0076 60101 T02610222 10333 20250 53007
SRQ,2023-08-18 00:29,10.00,M,KSRQ 180029Z 07005KT 10SM CLR 25/23 A2998 RMK AO2 TSE08 T02500228
SRQ,2023-08-18 01:53,10.00,M,KSRQ 180153Z 13008KT 10SM CLR 26/23 A2999 RMK AO2 SLP153 T02560233
SRQ,2023-08-18 02:53,10.00,M,KSRQ 180253Z 15008KT 10SM CLR 26/23 A2998 RMK AO2 SLP152 T02560233 50001
SRQ,2023-08-18 03:53,10.00,M,KSRQ 180353Z AUTO 15007KT 10SM CLR 26/23 A2998 RMK AO2 SLP151 T02560233
SRQ,2023-08-18 04:53,10.00,M,KSRQ 180453Z AUTO 16005KT 10SM CLR 26/23 A2998 RMK AO2 SLP150 T02560233 403390250
SRQ,2023-08-18 05:53,10.00,M,KSRQ 180553Z AUTO 15007KT 10SM CLR 26/23 A2995 RMK AO2 SLP142 T02560233 10261 20250 58010
SRQ,2023-08-18 06:53,10.00,M,KSRQ 180653Z AUTO 12004KT 10SM CLR 26/24 A2995 RMK AO2 SLP140 T02560239
SRQ,2023-08-18 07:53,10.00,3700.00,KSRQ 180753Z AUTO 14006KT 10SM FEW037 26/24 A2994 RMK AO2 SLP138 T02610239
SRQ,2023-08-18 08:53,10.00,3400.00,KSRQ 180853Z AUTO 12004KT 10SM FEW034 26/24 A2994 RMK AO2 SLP139 T02560239 55002
SRQ,2023-08-18 09:53,10.00,M,KSRQ 180953Z 12003KT 10SM CLR 26/24 A2995 RMK AO2 SLP141 T02560244
SRQ,2023-08-18 10:53,10.00,M,KSRQ 181053Z 10003KT 10SM CLR 26/24 A2996 RMK AO2 SLP145 T02560244
SRQ,2023-08-18 11:53,10.00,2900.00,KSRQ 181153Z 09003KT 10SM FEW029 SCT043 27/25 A2997 RMK AO2 SLP147 70101 T02670250 10267 20256 53008
SRQ,2023-08-18 12:53,10.00,M,KSRQ 181253Z 00000KT 10SM CLR 29/24 A2998 RMK AO2 SLP150 T02890239
SRQ,2023-08-18 13:53,10.00,2200.00,KSRQ 181353Z 22003KT 10SM FEW022 30/24 A2999 RMK AO2 LTG DSNT SW SLP154 T03000244
SRQ,2023-08-18 14:53,10.00,M,KSRQ 181453Z 18008KT 10SM TS CLR 29/23 A3000 RMK AO2 LTG DSNT SE-SW TSB27E42B49 SLP160 T02890233 51010
SRQ,2023-08-18 15:53,10.00,M,KSRQ 181553Z 18005KT 10SM VCTS CLR 30/21 A3001 RMK AO2 LTG DSNT ALQDS TSE04 SLP161 T03000211
SRQ,2023-08-18 16:53,10.00,M,KSRQ 181653Z 21008KT 10SM CLR 31/24 A2999 RMK AO2 LTG DSNT NE-S SLP155 T03110239
SRQ,2023-08-18 17:53,10.00,M,KSRQ 181753Z 23008KT 10SM CLR 32/25 A2998 RMK AO2 LTG DSNT E AND S SLP151 T03220250 10328 20267 58009
SRQ,2023-08-18 18:53,10.00,M,KSRQ 181853Z 26007KT 10SM CLR 33/24 A2997 RMK AO2 LTG DSNT W-N SLP147 T03280244
SRQ,2023-08-18 19:53,10.00,2400.00,KSRQ 181953Z 28012G20KT 10SM TS SCT024 BKN030 BKN047 31/25 A2994 RMK AO2 LTG DSNT N-E TSB45 SLP139 T03110250
SRQ,2023-08-18 20:53,10.00,M,KSRQ 182053Z 25006KT 10SM TS CLR 32/24 A2994 RMK AO2 LTG DSNT NE AND E TSE00B08E35B48 SLP138 T03170239 56008
SRQ,2023-08-18 21:53,10.00,M,KSRQ 182153Z 18007KT 10SM CLR 31/25 A2994 RMK AO2 LTG DSNT N AND SE AND NW TSE09 SLP137 T03110250
SRQ,2023-08-18 22:53,10.00,M,KSRQ 182253Z 19004KT 10SM CLR 30/25 A2992 RMK AO2 LTG DSNT SW-NW SLP130 T03000250
SRQ,2023-08-18 23:53,10.00,2300.00,KSRQ 182353Z 11008KT 10SM BKN023 28/25 A2993 RMK AO2 LTG DSNT SW-NW SLP133 T02830250 10333 20283 55004
SRQ,2023-08-19 00:53,10.00,6000.00,KSRQ 190053Z 28003KT 10SM FEW060 OVC085 28/25 A2991 RMK AO2 RAB2359E49 TSB12E27 SLP127 P0007 T02780250
SRQ,2023-08-19 01:53,10.00,M,KSRQ 190153Z 00000KT 10SM CLR 27/26 A2993 RMK AO2 SLP136 T02720256
SRQ,2023-08-19 02:53,10.00,M,KSRQ 190253Z 11004KT 10SM CLR 27/25 A2995 RMK AO2 SLP141 60007 T02720250 53007
SRQ,2023-08-19 03:53,10.00,M,KSRQ 190353Z 10005KT 10SM CLR 27/25 A2995 RMK AO2 SLP141 T02720250
SRQ,2023-08-19 04:53,10.00,M,KSRQ 190453Z 12006KT 10SM CLR 27/24 A2994 RMK AO2 SLP139 T02670239 403330256
SRQ,2023-08-19 05:53,10.00,M,KSRQ 190553Z 11005KT 10SM CLR 27/24 A2994 RMK AO2 SLP138 60007 T02670239 10283 20261 58003
SRQ,2023-08-19 06:53,10.00,M,KSRQ 190653Z 11004KT 10SM CLR 26/24 A2993 RMK AO2 SLP134 T02610244
SRQ,2023-08-19 07:53,10.00,M,KSRQ 190753Z 12007KT 10SM CLR 26/24 A2991 RMK AO2 SLP129 T02610244
SRQ,2023-08-19 09:53,10.00,M,KSRQ 190953Z 09005KT 10SM CLR 26/24 A2991 RMK AO2 SLP128 T02560239
SRQ,2023-08-19 10:53,10.00,M,KSRQ 191053Z 10004KT 10SM CLR 26/24 A2993 RMK AO2 SLP135 T02560239
SRQ,2023-08-19 11:53,10.00,M,KSRQ 191153Z 10004KT 10SM CLR 26/24 A2995 RMK AO2 LTG DSNT SW SLP141 70007 T02610244 10267 20256 53014
SRQ,2023-08-19 12:53,10.00,M,KSRQ 191253Z 06004KT 10SM CLR 28/24 A2997 RMK AO2 SLP146 T02780244
SRQ,2023-08-19 13:53,10.00,M,KSRQ 191353Z 11008KT 10SM CLR 30/24 A2997 RMK AO2 LTG DSNT SW SLP149 T03000239
SRQ,2023-08-19 15:53,10.00,M,KSRQ 191553Z 09010G16KT 10SM CLR 32/23 A2998 RMK AO2 SLP153 T03220233
SRQ,2023-08-19 16:53,10.00,3700.00,KSRQ 191653Z 10SM FEW037 33/23 A2997 RMK AO2 SLP147 T03330233
SRQ,2023-08-19 17:53,10.00,4700.00,KSRQ 191753Z VRB03KT 10SM FEW047 34/23 A2995 RMK AO2 SLP140 T03390228 10344 20261 58015
SRQ,2023-08-19 18:53,10.00,4900.00,KSRQ 191853Z 10SM SCT049 BKN070 BKN085 34/23 A2992 RMK AO2 SLP131 T03440228
SRQ,2023-08-19 19:53,10.00,5000.00,KSRQ 191953Z 09005KT 10SM FEW050 34/24 A2989 RMK AO2 SLP122 T03390239
SRQ,2023-08-19 21:53,10.00,M,KSRQ 192153Z 10SM CLR 35/22 A2987 RMK AO2 LTG DSNT E-S SLP115 T03500217
SRQ,2023-08-19 22:53,10.00,3100.00,KSRQ 192253Z 12010G17KT 10SM VCTS FEW031 BKN060 OVC120 31/24 A2989 RMK AO2 LTG DSNT ALQDS RAB29E45 TSB35E53 SLP119 P0001 T03060239
SRQ,2023-08-19 23:53,10.00,6000.00,KSRQ 192353Z 08005KT 10SM VCTS SCT060 BKN075 BKN090 30/23 A2991 RMK AO2 LTG DSNT SW-N TSB2257E32 SLP128 60001 T03000233 10356 20300 53009
SRQ,2023-08-20 00:53,10.00,11000.00,KSRQ 200053Z 16004KT 10SM VCTS SCT110 29/24 A2991 RMK AO2 LTG DSNT W-N SLP128 T02940239
SRQ,2023-08-20 01:53,10.00,3500.00,KSRQ 200153Z 12004KT 10SM FEW035 29/24 A2992 RMK AO2 SLP131 T02940239
SRQ,2023-08-20 02:53,10.00,M,KSRQ 200253Z COR 10SM CLR 29/24 A2995 RMK AO2 SLP141 T02890239 53013
SRQ,2023-08-20 03:53,10.00,M,KSRQ 200353Z 10007KT 10SM CLR 28/24 A2995 RMK AO2 LTG DSNT W SLP140 T02830239
SRQ,2023-08-20 04:53,10.00,M,KSRQ 200453Z AUTO 11007KT 10SM CLR 28/24 A2995 RMK AO2 SLP141 T02780239 403560256
SRQ,2023-08-20 05:53,10.00,M,KSRQ 200553Z AUTO 10005KT 10SM CLR 27/24 A2994 RMK AO2 SLP139 T02720239 10306 20272 58002
SRQ,2023-08-20 06:53,10.00,M,KSRQ 200653Z AUTO 08006KT 10SM CLR 27/24 A2994 RMK AO2 SLP137 T02670239
SRQ,2023-08-20 07:53,10.00,1800.00,KSRQ 200753Z AUTO 07005KT 10SM FEW018 26/24 A2994 RMK AO2 SLP137 T02610239
SRQ,2023-08-20 08:53,10.00,M,KSRQ 200853Z AUTO 09007KT 10SM CLR 26/24 A2992 RMK AO2 SLP132 T02610239 58007
SRQ,2023-08-20 09:53,10.00,M,KSRQ 200953Z 09007KT 10SM CLR 26/23 A2994 RMK AO2 SLP136 T02560233
SRQ,2023-08-20 10:53,10.00,M,KSRQ 201053Z 07007KT 10SM CLR 26/23 A2994 RMK AO2 SLP139 T02560233
SRQ,2023-08-20 11:53,10.00,M,KSRQ 201153Z 09007KT 10SM CLR 26/24 A2997 RMK AO2 SLP147 70001 T02610239 10272 20256 53014
SRQ,2023-08-20 12:53,10.00,M,KSRQ 201253Z 09008KT 10SM CLR 28/24 A2998 RMK AO2 SLP151 T02780239
SRQ,2023-08-20 14:53,10.00,2900.00,KSRQ 201453Z 10SM FEW029 32/24 A2999 RMK AO2 SLP156 T03170239 51009
SRQ,2023-08-20 15:53,10.00,3300.00,KSRQ 201553Z 09010G16KT 10SM SCT033 32/24 A2999 RMK AO2 SLP156 T03170239
SRQ,2023-08-20 16:53,10.00,3400.00,KSRQ 201653Z 07011G15KT 10SM FEW034 SCT050 SCT070 33/23 A2998 RMK AO2 SLP152 T03280233
SRQ,2023-08-20 17:53,10.00,4400.00,KSRQ 201753Z 11009G15KT 10SM VCTS BKN044 BKN050 33/23 A2997 RMK AO2 LTG DSNT E-SW RAB18E29 SLP149 P0000 60000 T03280228 10333 20261 56007
SRQ,2023-08-20 18:53,10.00,3500.00,KSRQ 201853Z 06006KT 10SM TS BKN035 BKN050 BKN060 28/24 A2997 RMK AO2 PK WND 13036/1828 LTG DSNT ALQDS RAB06E22B27E53 TSB22 SLP148 P0016 T02780239
SRQ,2023-08-20 19:53,10.00,M,KSRQ 201953Z 12012KT 10SM CLR 30/24 A2996 RMK AO2 LTG DSNT SE AND W AND NW RAB11E20 TSE08 SLP145 P0000 T03000244
SRQ,2023-08-20 20:53,10.00,4100.00,KSRQ 202053Z 13014G24KT 10SM FEW041 30/23 A2998 RMK AO2 LTG DSNT ALQDS SLP150 60016 T03000233 53002
SRQ,2023-08-20 21:53,10.00,M,KSRQ 202153Z 09005KT 10SM CLR 28/23 A2998 RMK AO2 PK WND 12029/2102 LTG DSNT N AND SE AND NW SLP151 T02830233
SRQ,2023-08-20 22:53,1.00,3300.00,KSRQ 202253Z 13014G32KT 1SM RA SCT033 SCT043 BKN060 26/22 A2999 RMK AO2 PK WND 15032/2244 LTG DSNT E AND SE RAB49 SLP154 P0003 T02560217
SRQ,2023-08-20 23:53,6.00,7500.00,KSRQ 202353Z 07006KT 6SM VCTS RA FEW075 FEW100 SCT120 24/22 A2999 RMK AO2 LTG DSNT N AND NW TSB10E46 SLP154 P0001 60020 T02390217 10328 20239 51004
SRQ,2023-08-21 00:53,10.00,9000.00,KSRQ 210053Z 07008KT 10SM FEW090 24/22 A3000 RMK AO2 RAE2355B15E43 SLP158 P0000 T02440222
SRQ,2023-08-21 01:53,10.00,M,KSRQ 210153Z 07004KT 10SM CLR 25/23 A3001 RMK AO2 SLP160 T02500228
SRQ,2023-08-21 02:53,10.00,3200.00,KSRQ 210253Z 07004KT 10SM FEW032 FEW045 25/23 A3001 RMK AO2 SLP161 60000 T02500233 51006
SRQ,2023-08-21 03:53,10.00,M,KSRQ 210353Z AUTO 06004KT 10SM CLR 25/23 A3002 RMK AO2 SLP164 T02500233
SRQ,2023-08-21 04:53,10.00,M,KSRQ 210453Z AUTO 06005KT 10SM CLR 25/23 A3002 RMK AO2 SLP163 T02500228 403330239
SRQ,2023-08-21 05:53,10.00,M,KSRQ 210553Z AUTO 07006KT 10SM CLR 25/23 A2999 RMK AO2 SLP155 60000 T02500233 10250 20239 58005
SRQ,2023-08-21 06:53,10.00,M,KSRQ 210653Z AUTO 08006KT 10SM CLR 25/24 A2999 RMK AO2 SLP153 T02500239
SRQ,2023-08-21 07:53,10.00,M,KSRQ 210753Z AUTO 06004KT 10SM CLR 25/24 A2999 RMK AO2 SLP153 T02500239
SRQ,2023-08-21 08:53,10.00,M,KSRQ 210853Z AUTO 07005KT 10SM CLR 26/24 A2999 RMK AO2 SLP153 T02560239 56003
SRQ,2023-08-21 09:53,10.00,M,KSRQ 210953Z AUTO 07004KT 10SM CLR 26/24 A2999 RMK AO2 SLP156 T02560244
SRQ,2023-08-21 10:53,10.00,M,KSRQ 211053Z 08006KT 10SM CLR 26/24 A3001 RMK AO2 SLP161 T02560244
SRQ,2023-08-21 11:53,10.00,M,KSRQ 211153Z 07005KT 10SM CLR 27/25 A3002 RMK AO2 SLP166 70020 T02670250 10267 20250 53013
SRQ,2023-08-21 12:53,10.00,M,KSRQ 211253Z 09010KT 10SM CLR 28/25 A3003 RMK AO2 SLP169 T02830250
SRQ,2023-08-21 13:53,10.00,2100.00,KSRQ 211353Z 09014G20KT 10SM FEW021 29/25 A3003 RMK AO2 SLP169 T02940250
SRQ,2023-08-21 14:53,10.00,2600.00,KSRQ 211453Z 10010G17KT 10SM FEW026 SCT033 31/24 A3002 RMK AO2 SLP165 T03110244 58001
SRQ,2023-08-21 15:53,10.00,3900.00,KSRQ 211553Z 08011G20KT 10SM FEW039 33/23 A3002 RMK AO2 SLP164 T03280233
SRQ,2023-08-21 16:53,10.00,4200.00,KSRQ 211653Z COR 120/11G18 10SM SCT042 SCT050 33/23 A3001 RMK AO2 SLP161 T03330233
SRQ,2023-08-21 17:53,10.00,4600.00,KSRQ 211753Z 12011G18KT 10SM SCT046 SCT055 34/23 A2999 RMK AO2 SLP154 T03390228 10344 20267 58010
SRQ,2023-08-21 18:53,10.00,3300.00,KSRQ 211853Z COR 10009G14KT 10SM FEW033 32/24 A2997 RMK AO2 PK WND 11036/1806 RAB04E24 SLP149 P0006 T03220239
SRQ,2023-08-21 19:53,10.00,3300.00,KSRQ 211953Z 08011G18KT 10SM FEW033 34/24 A2996 RMK AO2 SLP143 T03390239
SRQ,2023-08-21 20:53,10.00,5000.00,KSRQ 212053Z 07018G27KT 10SM VCTS SCT050 SCT060 34/23 A2995 RMK AO2 PK WND 07027/2052 LTG DSNT S AND SW SLP142 60006 T03440228 56013
SRQ,2023-08-21 21:53,10.00,4900.00,KSRQ 212153Z 10005KT 10SM VCTS FEW049 FEW070 34/23 A2995 RMK AO2 LTG DSNT SE-W RAB02E12 SLP141 P0000 T03390233
SRQ,2023-08-21 22:53,10.00,5000.00,KSRQ 212253Z 15005KT 10SM VCTS SCT050 SCT065 BKN075 30/23 A2997 RMK AO2 LTG DSNT SE-W RAB07E17 SLP149 P0000 T03000233
SRQ,2023-08-21 23:53,10.00,4800.00,KSRQ 212353Z 12004KT 10SM VCTS FEW048 30/23 A2999 RMK AO2 SLP154 60006 T03000233 10350 20272 53012
SRQ,2023-08-22 00:53,10.00,M,KSRQ 220053Z 08006KT 10SM CLR 29/23 A3000 RMK AO2 SLP156 T02940233
SRQ,2023-08-22 01:53,10.00,M,KSRQ 220153Z 09008KT 10SM CLR 29/23 A3001 RMK AO2 SLP162 T02940228
SRQ,2023-08-22 02:53,10.00,M,KSRQ 220253Z 08009KT 10SM CLR 29/23 A3002 RMK AO2 SLP163 T02890233 51009
SRQ,2023-08-22 03:53,10.00,M,KSRQ 220353Z AUTO 08010KT 10SM CLR 28/24 A3002 RMK AO2 SLP166 T02780239
SRQ,2023-08-22 04:53,10.00,M,KSRQ 220453Z AUTO 08010KT 10SM CLR 27/24 A3001 RMK AO2 SLP163 T02720244 403500250
SRQ,2023-08-22 05:53,10.00,M,KSRQ 220553Z AUTO 08007KT 10SM CLR 27/24 A3000 RMK AO2 SLP158 T02670244 10300 20267 58005
SRQ,2023-08-22 06:53,10.00,M,KSRQ 220653Z AUTO 08006KT 10SM CLR 26/24 A2998 RMK AO2 SLP153 T02610244
SRQ,2023-08-22 07:53,10.00,M,KSRQ 220753Z AUTO 08006KT 10SM CLR 26/24 A2997 RMK AO2 SLP149 T02610239
SRQ,2023-08-22 08:53,10.00,M,KSRQ 220853Z AUTO 07007KT 10SM CLR 26/24 A2997 RMK AO2 SLP146 T02610239 56012
SRQ,2023-08-22 09:53,10.00,M,KSRQ 220953Z AUTO 07007KT 10SM CLR 26/24 A2998 RMK AO2 SLP150 T02560239
SRQ,2023-08-22 10:53,10.00,M,KSRQ 221053Z 08007KT 10SM CLR 26/24 A2998 RMK AO2 SLP150 T02560239
SRQ,2023-08-22 11:53,10.00,M,KSRQ 221153Z 08006KT 10SM CLR 26/24 A2998 RMK AO2 SLP150 70006 T02560239 10267 20256 51004
SRQ,2023-08-22 12:53,10.00,M,KSRQ 221253Z 08007KT 10SM CLR 27/24 A2999 RMK AO2 SLP153 T02720244
SRQ,2023-08-22 13:53,10.00,M,KSRQ 221353Z 06009KT 10SM CLR 29/24 A2999 RMK AO2 SLP155 T02940244
SRQ,2023-08-22 14:53,10.00,M,KSRQ 221453Z 09008KT 10SM CLR 31/23 A2999 RMK AO2 SLP155 T03110233 51005
SRQ,2023-08-22 15:53,10.00,M,KSRQ 221553Z 08007KT 10SM CLR 32/23 A2998 RMK AO2 SLP152 T03220228
SRQ,2023-08-22 16:53,10.00,M,KSRQ 221653Z 08006KT 10SM CLR 33/22 A2996 RMK AO2 SLP144 T03330217
SRQ,2023-08-22 17:53,10.00,M,KSRQ 221753Z 05007KT 10SM CLR 35/19 A2994 RMK AO2 SLP138 T03500189 10350 20256 58017
SRQ,2023-08-22 18:53,10.00,M,KSRQ 221853Z 10SM CLR 36/19 A2992 RMK AO2 SLP130 T03560189
SRQ,2023-08-22 19:53,10.00,M,KSRQ 221953Z 05010KT 10SM CLR 36/19 A2989 RMK AO2 SLP121 T03560189
SRQ,2023-08-22 20:53,10.00,M,KSRQ 222053Z COR 05009G13KT 10SM CLR 35/20 A2988 RMK AO2 SLP118 T03500200 56020
SRQ,2023-08-22 21:53,10.00,6500.00,KSRQ 222153Z 05007G14KT 10SM FEW065 35/18 A2988 RMK AO2 SLP118 T03500183
SRQ,2023-08-22 22:53,10.00,M,KSRQ 222253Z 05007KT 10SM CLR 34/19 A2988 RMK AO2 SLP116 T03390194
SRQ,2023-08-22 23:53,10.00,M,KSRQ 222353Z 08008KT 10SM CLR 32/21 A2988 RMK AO2 SLP119 T03220206 10361 20322 53000
SRQ,2023-08-23 00:53,10.00,M,KSRQ 230053Z 08005KT 10SM CLR 31/21 A2989 RMK AO2 SLP121 T03060211
SRQ,2023-08-23 01:53,10.00,M,KSRQ 230153Z AUTO 11007KT 10SM CLR 30/21 A2991 RMK AO2 SLP126 T03000211
SRQ,2023-08-23 02:53,10.00,M,KSRQ 230253Z AUTO 09006KT 10SM CLR 29/22 A2992 RMK AO2 SLP132 T02890217 53013
SRQ,2023-08-23 03:53,10.00,M,KSRQ 230353Z AUTO 10006KT 10SM CLR 28/22 A2992 RMK AO2 SLP132 T02780217
SRQ,2023-08-23 04:53,10.00,M,KSRQ 230453Z AUTO 09006KT 10SM CLR 27/22 A2992 RMK AO2 SLP131 T02720222 403610256
SRQ,2023-08-23 05:53,10.00,M,KSRQ 230553Z AUTO 10007KT 10SM CLR 27/22 A2992 RMK AO2 SLP131 T02670222 10322 20267 58001
SRQ,2023-08-23 06:53,10.00,M,KSRQ 230653Z AUTO 09004KT 10SM CLR 26/23 A2991 RMK AO2 SLP129 T02560228
SRQ,2023-08-23 07:53,10.00,M,KSRQ 230753Z AUTO 08004KT 10SM CLR 26/23 A2991 RMK AO2 SLP126 T02560228
SRQ,2023-08-23 08:53,10.00,M,KSRQ 230853Z AUTO 08003KT 10SM CLR 25/23 A2991 RMK AO2 SLP126 T02500228 56005
SRQ,2023-08-23 09:53,10.00,M,KSRQ 230953Z 00000KT 10SM CLR 25/23 A2991 RMK AO2 SLP128 T02500228
SRQ,2023-08-23 10:53,10.00,M,KSRQ 231053Z 08004KT 10SM CLR 24/23 A2992 RMK AO2 SLP129 T02440233
SRQ,2023-08-23 11:53,10.00,M,KSRQ 231153Z 07005KT 10SM CLR 26/24 A2992 RMK AO2 SLP130 T02560239 10267 20244 51004
SRQ,2023-08-23 12:53,10.00,M,KSRQ 231253Z 05005KT 10SM CLR 28/24 A2993 RMK AO2 SLP134 T02780239
SRQ,2023-08-23 13:53,10.00,M,KSRQ 231353Z 07006KT 10SM CLR 30/23 A2993 RMK AO2 SLP134 T03000233
SRQ,2023-08-23 14:53,10.00,M,KSRQ 231453Z VRB06KT 10SM CLR 32/22 A2994 RMK AO2 SLP139 T03220222 53009
SRQ,2023-08-23 15:53,10.00,M,KSRQ 231553Z 10008KT 10SM CLR 33/21 A2994 RMK AO2 SLP138 T03330211
SRQ,2023-08-23 16:53,10.00,5000.00,KSRQ 231653Z 06006KT 10SM FEW050 34/21 A2993 RMK AO2 SLP133 T03390211
SRQ,2023-08-23 17:53,10.00,5500.00,KSRQ 231753Z VRB04KT 10SM FEW055 34/21 A2991 RMK AO2 SLP127 T03440206 10350 20256 58012
SRQ,2023-08-23 18:53,10.00,6000.00,KSRQ 231853Z 11007KT 10SM FEW060 35/21 A2989 RMK AO2 SLP120 T03500206
SRQ,2023-08-23 19:53,10.00,6000.00,KSRQ 231953Z 10009KT 10SM SCT060 BKN080 34/21 A2987 RMK AO2 SLP114 T03440211
SRQ,2023-08-23 20:53,10.00,5500.00,KSRQ 232053Z 08008KT 10SM SCT055 SCT080 34/21 A2985 RMK AO2 SLP107 T03440211 58020
SRQ,2023-08-23 21:53,10.00,6500.00,KSRQ 232153Z 08006KT 10SM FEW065 FEW085 34/21 A2984 RMK AO2 LTG DSNT N AND NE SLP105 T03390206
SRQ,2023-08-23 22:53,10.00,5500.00,KSRQ 232253Z 07007KT 10SM FEW055 33/21 A2985 RMK AO2 LTG DSNT N AND NW SLP106 T03280211
SRQ,2023-08-23 23:53,10.00,5000.00,KSRQ 232353Z 05009KT 10SM FEW050 31/23 A2987 RMK AO2 LTG DSNT NW SLP115 T03060233 10361 20306 53008
SRQ,2023-08-24 00:53,10.00,M,KSRQ 240053Z 03007KT 10SM CLR 29/23 A2988 RMK AO2 SLP118 T02890233
SRQ,2023-08-24 01:53,10.00,M,KSRQ 240153Z 05007KT 10SM CLR 28/24 A2990 RMK AO2 SLP126 T02830239
SRQ,2023-08-24 02:53,10.00,M,KSRQ 240253Z 05006KT 10SM CLR 28/24 A2990 RMK AO2 SLP125 T02780239 50010
SRQ,2023-08-24 03:53,10.00,M,KSRQ 240353Z AUTO 09006KT 10SM CLR 28/24 A2991 RMK AO2 SLP128 T02780239
SRQ,2023-08-24 04:53,10.00,M,KSRQ 240453Z AUTO 09005KT 10SM CLR 27/24 A2991 RMK AO2 SLP127 T02720239 403610244
SRQ,2023-08-24 05:53,10.00,M,KSRQ 240553Z AUTO 08004KT 10SM CLR 27/24 A2991 RMK AO2 SLP126 T02720239 10306 20272 50001
SRQ,2023-08-24 06:53,10.00,M,KSRQ 240653Z AUTO 09004KT 10SM CLR 27/24 A2990 RMK AO2 SLP122 T02670239
SRQ,2023-08-24 07:53,10.00,M,KSRQ 240753Z AUTO 07003KT 10SM CLR 26/24 A2990 RMK AO2 SLP124 T02610239
SRQ,2023-08-24 08:53,10.00,M,KSRQ 240853Z AUTO 06004KT 10SM CLR 26/24 A2989 RMK AO2 SLP121 T02610239 56005
SRQ,2023-08-24 09:53,10.00,M,KSRQ 240953Z AUTO 06003KT 10SM CLR 26/24 A2990 RMK AO2 SLP123 T02610239
SRQ,2023-08-24 10:53,10.00,M,KSRQ 241053Z 04003KT 10SM CLR 26/24 A2990 RMK AO2 SLP124 T02610244
SRQ,2023-08-24 11:53,9.00,M,KSRQ 241153Z 04005KT 9SM CLR 27/25 A2992 RMK AO2 SLP132 T02670250 10272 20261 53012
SRQ,2023-08-24 12:53,10.00,M,KSRQ 241253Z 06008KT 10SM CLR 29/26 A2994 RMK AO2 SLP136 T02890256
SRQ,2023-08-24 13:53,10.00,1700.00,KSRQ 241353Z 06005KT 10SM FEW017 30/25 A2994 RMK AO2 SLP137 T03000250
SRQ,2023-08-24 14:53,10.00,2400.00,KSRQ 241453Z 09009KT 10SM FEW024 FEW032 32/24 A2994 RMK AO2 SLP136 T03170244 50003
SRQ,2023-08-24 15:53,10.00,2700.00,KSRQ 241553Z 10SM FEW027 BKN039 BKN047 32/24 A2994 RMK AO2 SLP138 T03170244
SRQ,2023-08-24 16:53,10.00,3700.00,KSRQ 241653Z 07007KT 10SM -RA SCT037 BKN048 BKN070 31/25 A2994 RMK AO2 RAB39 SLP137 P0000 T03110250
SRQ,2023-08-24 17:49,10.00,3200.00,KSRQ 241749Z 09014G21KT 10SM TS FEW032 SCT039 SCT050 31/24 A2994 RMK AO2 LTG DSNT NE AND SW AND W RAE18 TSB48 SLP138 P0000 60000 T03110239 10339 20267 51002
SRQ,2023-08-24 18:53,10.00,8000.00,KSRQ 241853Z 31004KT 10SM TS OVC080 28/24 A2994 RMK AO2 LTG DSNT ALQDS RAB1755E08 SLP136 P0001 T02780244
SRQ,2023-08-24 19:53,10.00,8500.00,KSRQ 241953Z 36005KT 10SM BKN085 29/24 A2990 RMK AO2 LTG DSNT SE-SW RAB1857E07 TSE19 SLP124 P0000 T02890244
SRQ,2023-08-24 20:53,10.00,5000.00,KSRQ 242053Z 00000KT 10SM BKN050 30/25 A2990 RMK AO2 LTG DSNT NW-E SLP123 60001 T03000250 56014
SRQ,2023-08-24 21:53,10.00,4700.00,KSRQ 242153Z 00000KT 10SM TS BKN047 OVC060 31/25 A2990 RMK AO2 LTG DSNT W TSB18E33B45 SLP125 T03060250
SRQ,2023-08-24 22:53,10.00,4900.00,KSRQ 242253Z 00000KT 10SM SCT049 SCT060 31/25 A2989 RMK AO2 TSE10 SLP120 T03060250
SRQ,2023-08-24 23:53,10.00,M,KSRQ 242353Z 14008KT 10SM CLR 29/24 A2990 RMK AO2 SLP125 60001 T02940239 10311 20278 55000
SRQ,2023-08-25 00:53,10.00,5000.00,KSRQ 250053Z 12003KT 10SM BKN050 28/24 A2993 RMK AO2 SLP134 T02830239
SRQ,2023-08-25 01:53,10.00,4800.00,KSRQ 250153Z 13005KT 10SM BKN048 28/24 A2995 RMK AO2 SLP141 T02780239
SRQ,2023-08-25 02:53,10.00,M,KSRQ 250253Z 11005KT 10SM CLR 27/24 A2997 RMK AO2 SLP146 T02720239 51022
SRQ,2023-08-25 03:53,10.00,M,KSRQ 250353Z 09007KT 10SM CLR 27/22 A2997 RMK AO2 SLP147 T02670222
SRQ,2023-08-25 04:53,10.00,M,KSRQ 250453Z AUTO 09005KT 10SM CLR 25/21 A2996 RMK AO2 SLP145 T02500211 403390250
SRQ,2023-08-25 05:53,10.00,M,KSRQ 250553Z AUTO 09003KT 10SM CLR 24/21 A2994 RMK AO2 SLP138 T02440211 10294 20244 58008
SRQ,2023-08-25 06:53,10.00,M,KSRQ 250653Z AUTO 03003KT 10SM CLR 24/21 A2993 RMK AO2 SLP133 T02440211
SRQ,2023-08-25 07:53,10.00,M,KSRQ 250753Z AUTO 05003KT 10SM CLR 24/21 A2992 RMK AO2 SLP130 T02390211
SRQ,2023-08-25 08:53,10.00,M,KSRQ 250853Z AUTO 03004KT 10SM CLR 24/22 A2991 RMK AO2 SLP128 T02390217 56010
SRQ,2023-08-25 09:53,10.00,M,KSRQ 250953Z AUTO 03003KT 10SM CLR 24/22 A2991 RMK AO2 SLP127 T02390217
SRQ,2023-08-25 10:53,10.00,3200.00,KSRQ 251053Z 03004KT 10SM BKN032 24/22 A2993 RMK AO2 SLP135 T02390217
SRQ,2023-08-25 11:53,10.00,M,KSRQ 251153Z 04006KT 10SM CLR 25/22 A2995 RMK AO2 SLP141 70001 T02500222 10250 20233 53013
SRQ,2023-08-25 12:53,10.00,M,KSRQ 251253Z 07007KT 10SM CLR 27/22 A2995 RMK AO2 SLP142 T02670222
SRQ,2023-08-25 13:53,10.00,M,KSRQ 251353Z 06010KT 10SM CLR 29/23 A2997 RMK AO2 SLP147 T02940228
SRQ,2023-08-25 14:53,10.00,M,KSRQ 251453Z 05010KT 10SM CLR 31/23 A2997 RMK AO2 SLP147 T03060228 51006
SRQ,2023-08-25 15:53,10.00,M,KSRQ 251553Z 06009KT 10SM CLR 32/22 A2996 RMK AO2 SLP143 T03220222
SRQ,2023-08-25 16:53,10.00,M,KSRQ 251653Z 05007KT 10SM CLR 33/22 A2993 RMK AO2 SLP134 T03330217
SRQ,2023-08-25 17:53,10.00,4800.00,KSRQ 251753Z 05007KT 10SM FEW048 34/21 A2991 RMK AO2 SLP126 T03390211 10344 20250 58021
SRQ,2023-08-25 18:53,10.00,M,KSRQ 251853Z 09006G16KT 10SM CLR 35/21 A2988 RMK AO2 SLP116 T03500211
SRQ,2023-08-25 19:53,10.00,5000.00,KSRQ 251953Z 09006KT 10SM SCT050 35/22 A2986 RMK AO2 SLP110 T03500217
SRQ,2023-08-25 20:53,10.00,M,KSRQ 252053Z 05011G16KT 10SM CLR 36/21 A2985 RMK AO2 SLP107 T03560206 56019
SRQ,2023-08-25 21:53,10.00,M,KSRQ 252153Z 10SM CLR 34/20 A2985 RMK AO2 SLP107 T03440200
SRQ,2023-08-25 22:53,10.00,M,KSRQ 252253Z 07008KT 10SM CLR 33/20 A2985 RMK AO2 SLP107 T03330200
SRQ,2023-08-25 23:53,10.00,M,KSRQ 252353Z 07004KT 10SM CLR 32/21 A2986 RMK AO2 SLP109 T03220211 10356 20322 53002
SRQ,2023-08-26 00:53,10.00,M,KSRQ 260053Z 08005KT 10SM CLR 31/21 A2987 RMK AO2 SLP115 T03110211
SRQ,2023-08-26 01:53,10.00,M,KSRQ 260153Z 10008KT 10SM CLR 30/22 A2989 RMK AO2 SLP120 T03000217
SRQ,2023-08-26 02:53,10.00,M,KSRQ 260253Z 11006KT 10SM CLR 29/22 A2990 RMK AO2 SLP125 T02940217 51016
SRQ,2023-08-26 03:53,10.00,M,KSRQ 260353Z AUTO 11008KT 10SM CLR 28/21 A2990 RMK AO2 SLP125 T02830211
SRQ,2023-08-26 04:53,10.00,M,KSRQ 260453Z AUTO 10006KT 10SM CLR 27/21 A2990 RMK AO2 SLP122 T02720211 403560233
SRQ,2023-08-26 05:53,10.00,M,KSRQ 260553Z AUTO 10007KT 10SM CLR 27/22 A2988 RMK AO2 SLP116 T02670217 10322 20267 58009
SRQ,2023-08-26 06:53,10.00,M,KSRQ 260653Z AUTO 10006KT 10SM CLR 26/22 A2986 RMK AO2 SLP109 T02610217
SRQ,2023-08-26 08:53,10.00,M,KSRQ 260853Z AUTO 00000KT 10SM CLR 25/22 A2984 RMK AO2 SLP105 T02500222 56011
SRQ,2023-08-26 09:53,10.00,M,KSRQ 260953Z AUTO 00000KT 10SM CLR 24/22 A2983 RMK AO2 SLP101 T02440217
SRQ,2023-08-26 10:53,10.00,M,KSRQ 261053Z 00000KT 10SM CLR 24/22 A2984 RMK AO2 SLP104 T02440222
SRQ,2023-08-26 11:53,10.00,M,KSRQ 261153Z 00000KT 10SM CLR 26/23 A2986 RMK AO2 SLP111 T02560228 10267 20239 53006
SRQ,2023-08-26 12:53,10.00,M,KSRQ 261253Z 06004KT 10SM CLR 27/23 A2987 RMK AO2 SLP113 T02720228
SRQ,2023-08-26 13:53,10.00,M,KSRQ 261353Z 08004KT 10SM CLR 29/23 A2987 RMK AO2 SLP114 T02940233
SRQ,2023-08-26 14:53,10.00,M,KSRQ 261453Z 07007KT 10SM CLR 31/23 A2987 RMK AO2 SLP115 T03060228 51004
SRQ,2023-08-26 15:53,10.00,M,KSRQ 261553Z 02007KT 10SM CLR 33/23 A2986 RMK AO2 SLP110 T03280228
SRQ,2023-08-26 16:53,10.00,4400.00,KSRQ 261653Z 01006KT 10SM SCT044 33/22 A2984 RMK AO2 SLP105 T03330222
SRQ,2023-08-26 17:53,10.00,4700.00,KSRQ 261753Z 02007KT 10SM SCT047 34/22 A2981 RMK AO2 SLP095 T03440222 10350 20256 58020
SRQ,2023-08-26 18:53,10.00,6000.00,KSRQ 261853Z 06007KT 10SM FEW060 36/22 A2979 RMK AO2 SLP087 T03560217
SRQ,2023-08-26 19:53,10.00,5500.00,KSRQ 261953Z 09008KT 10SM FEW055 36/22 A2976 RMK AO2 SLP078 T03560217
SRQ,2023-08-26 20:53,10.00,5500.00,KSRQ 262053Z 20004KT 10SM FEW055 SCT075 34/21 A2975 RMK AO2 LTG DSNT N SLP072 T03440211 56023
SRQ,2023-08-26 21:53,10.00,6000.00,KSRQ 262153Z 01011KT 10SM BKN060 34/23 A2975 RMK AO2 SLP075 T03390233
SRQ,2023-08-26 22:53,10.00,6000.00,KSRQ 262253Z 01009KT 10SM FEW060 31/23 A2976 RMK AO2 SLP076 T03060233
SRQ,2023-08-26 23:53,10.00,M,KSRQ 262353Z 02005KT 10SM CLR 30/22 A2976 RMK AO2 SLP075 T03000222 10361 20300 50003
SRQ,2023-08-27 00:53,10.00,M,KSRQ 270053Z 03004KT 10SM CLR 29/23 A2976 RMK AO2 SLP078 T02890228
SRQ,2023-08-27 01:53,10.00,M,KSRQ 270153Z 04004KT 10SM CLR 28/23 A2978 RMK AO2 SLP083 T02830233
SRQ,2023-08-27 02:53,10.00,M,KSRQ 270253Z 07006KT 10SM CLR 28/24 A2981 RMK AO2 SLP093 T02830239 53017
SRQ,2023-08-27 03:53,10.00,M,KSRQ 270353Z AUTO 11009KT 10SM CLR 28/23 A2982 RMK AO2 SLP096 T02830228
SRQ,2023-08-27 04:53,10.00,M,KSRQ 270453Z AUTO 11006KT 10SM CLR 27/23 A2981 RMK AO2 SLP095 T02720233 403610239
SRQ,2023-08-27 05:53,10.00,M,KSRQ 270553Z AUTO 10005KT 10SM CLR 27/23 A2980 RMK AO2 SLP090 T02670233 10300 20267 58003
SRQ,2023-08-27 06:53,10.00,M,KSRQ 270653Z AUTO 07004KT 10SM CLR 26/23 A2978 RMK AO2 SLP083 T02610233
SRQ,2023-08-27 07:53,10.00,M,KSRQ 270753Z AUTO 07004KT 10SM CLR 26/23 A2976 RMK AO2 SLP077 T02560233
SRQ,2023-08-27 08:53,10.00,M,KSRQ 270853Z AUTO 05003KT 10SM CLR 26/23 A2975 RMK AO2 SLP075 T02560233 56015
SRQ,2023-08-27 09:53,10.00,M,KSRQ 270953Z AUTO 00000KT 10SM CLR 25/23 A2976 RMK AO2 SLP076 T02500233
SRQ,2023-08-27 10:53,10.00,M,KSRQ 271053Z 03004KT 10SM CLR 24/23 A2977 RMK AO2 SLP081 T02440228
SRQ,2023-08-27 11:53,10.00,4600.00,KSRQ 271153Z 08004KT 10SM FEW046 26/23 A2978 RMK AO2 SLP083 T02560233 10267 20244 53008
SRQ,2023-08-27 12:53,10.00,M,KSRQ 271253Z 08009KT 10SM CLR 28/24 A2979 RMK AO2 SLP086 T02780239
SRQ,2023-08-27 13:53,10.00,M,KSRQ 271353Z 08008KT 10SM CLR 29/23 A2978 RMK AO2 SLP084 T02940228
SRQ,2023-08-27 14:53,10.00,M,KSRQ 271453Z 10SM CLR 31/22 A2979 RMK AO2 SLP086 T03060222 51002
SRQ,2023-08-27 15:53,10.00,3700.00,KSRQ 271553Z 07004KT 10SM SCT037 33/22 A2979 RMK AO2 SLP086 T03280222
SRQ,2023-08-27 16:53,10.00,4400.00,KSRQ 271653Z VRB06KT 10SM FEW044 34/22 A2977 RMK AO2 SLP081 T03390217
SRQ,2023-08-27 17:53,10.00,4600.00,KSRQ 271753Z VRB06KT 10SM FEW046 FEW055 34/23 A2975 RMK AO2 SLP072 T03440228 10350 20256 58014
SRQ,2023-08-27 18:53,10.00,5000.00,KSRQ 271853Z VRB03KT 10SM FEW050 FEW075 34/23 A2972 RMK AO2 SLP065 T03440233
SRQ,2023-08-27 19:53,10.00,M,KSRQ 271953Z 33009KT 300V010 10SM CLR 35/23 A2970 RMK AO2 LTG DSNT E SLP055 T03500228
SRQ,2023-08-27 20:53,10.00,3800.00,KSRQ 272053Z 07013G21KT 030V090 10SM VCTS FEW038 BKN048 BKN060 32/23 A2971 RMK AO2 LTG DSNT NE-SE SLP060 T03220233 55005
SRQ,2023-08-27 21:53,8.00,1200.00,KSRQ 272153Z 11003KT 8SM VCTS FEW012 BKN080 OVC110 27/24 A2974 RMK AO2 LTG DSNT N AND SE AND S RAB01E25 TSB36E37 SLP070 P0012 T02720244
SRQ,2023-08-27 22:53,10.00,1100.00,KSRQ 272253Z COR 31003KT 10SM FEW011 27/24 A2974 RMK AO2 LTG DSNT SW-NW SLP069 T02720244
SRQ,2023-08-27 23:53,10.00,1100.00,KSRQ 272353Z 00000KT 10SM FEW011 28/24 A2974 RMK AO2 SLP071 60012 T02780244 10356 20267 51011
SRQ,2023-08-28 00:53,10.00,M,KSRQ 280053Z 00000KT 10SM CLR 27/25 A2975 RMK AO2 SLP074 T02720250
SRQ,2023-08-28 01:53,10.00,11000.00,KSRQ 280153Z 07004KT 10SM OVC110 27/25 A2976 RMK AO2 SLP076 T02720250
SRQ,2023-08-28 02:53,10.00,2900.00,KSRQ 280253Z 00000KT 10SM FEW029 FEW038 27/25 A2977 RMK AO2 SLP081 T02720250 53010
SRQ,2023-08-28 03:53,10.00,M,KSRQ 280353Z 06005KT 10SM CLR 27/24 A2976 RMK AO2 SLP077 T02720244
SRQ,2023-08-28 04:53,10.00,M,KSRQ 280453Z 07005KT 10SM CLR 27/24 A2975 RMK AO2 SLP073 T02670244 403560244
SRQ,2023-08-28 05:53,10.00,M,KSRQ 280553Z AUTO 07004KT 10SM CLR 27/25 A2974 RMK AO2 SLP070 T02670250 10278 20267 56011
SRQ,2023-08-28 06:53,10.00,M,KSRQ 280653Z AUTO 08007KT 10SM CLR 27/25 A2972 RMK AO2 SLP063 T02670250
SRQ,2023-08-28 07:53,10.00,M,KSRQ 280753Z AUTO 08007KT 10SM CLR 27/25 A2971 RMK AO2 SLP060 T02670250
SRQ,2023-08-28 08:53,10.00,M,KSRQ 280853Z AUTO 10005KT 10SM CLR 26/24 A2971 RMK AO2 SLP061 T02610244 55009
SRQ,2023-08-28 09:53,10.00,M,KSRQ 280953Z 10006KT 10SM CLR 26/24 A2972 RMK AO2 SLP063 T02610244
SRQ,2023-08-28 10:53,10.00,M,KSRQ 281053Z 11007KT 10SM CLR 26/24 A2974 RMK AO2 SLP070 T02610244
SRQ,2023-08-28 11:53,10.00,M,KSRQ 281153Z 10003KT 10SM CLR 26/24 A2976 RMK AO2 SLP076 70012 T02610244 10267 20256 53016
SRQ,2023-08-28 12:53,10.00,700.00,KSRQ 281253Z 13007KT 10SM BKN007 27/25 A2978 RMK AO2 SLP084 T02670250
SRQ,2023-08-28 13:53,10.00,M,KSRQ 281353Z 14007KT 10SM CLR 29/26 A2979 RMK AO2 SLP088 T02940256
SRQ,2023-08-28 14:53,10.00,M,KSRQ 281453Z 17008KT 10SM CLR 31/25 A2981 RMK AO2 LTG DSNT SW AND W SLP092 T03110250 51016
SRQ,2023-08-28 15:53,8.00,2800.00,KSRQ 281553Z COR 21008KT 8SM RA SCT028 SCT044 BKN060 31/24 A2981 RMK AO2 LTG DSNT W SLP094 T03110244
SRQ,2023-08-28 16:53,10.00,M,KSRQ 281653Z COR 23007KT 10SM CLR 32/25 A2979 RMK AO2 RAB00E20 SLP087 P0005 T03170250
SRQ,2023-08-28 17:53,10.00,2600.00,KSRQ 281753Z 23010KT 10SM VCTS SCT026 33/26 A2978 RMK AO2 TSB37E52 SLP084 60005 T03280256 10328 20261 58008
SRQ,2023-08-28 18:53,10.00,3000.00,KSRQ 281853Z 23009KT 10SM VCTS SCT030 33/26 A2977 RMK AO2 LTG DSNT E AND SE SLP080 T03330256
SRQ,2023-08-28 19:53,10.00,2400.00,KSRQ 281953Z 18015G26KT 10SM VCTS FEW024 SCT060 BKN080 32/26 A2978 RMK AO2 PK WND 19026/1945 LTG DSNT ALQDS SLP083 T03220256
SRQ,2023-08-28 20:53,10.00,2400.00,KSRQ 282053Z 20013KT 10SM FEW024 31/25 A2977 RMK AO2 LTG DSNT NE SLP079 T03110250 57005
SRQ,2023-08-28 21:53,10.00,7500.00,KSRQ 282153Z 18007KT 10SM FEW075 31/23 A2979 RMK AO2 SLP086 T03060233
SRQ,2023-08-28 22:53,10.00,M,KSRQ 282253Z 19007KT 10SM CLR 31/24 A2978 RMK AO2 LTG DSNT SW SLP084 T03110239
SRQ,2023-08-28 23:53,10.00,M,KSRQ 282353Z 18008KT 10SM CLR 31/24 A2979 RMK AO2 SLP088 T03060244 10333 20306 51009
SRQ,2023-08-29 00:53,10.00,12000.00,KSRQ 290053Z 17007KT 10SM SCT120 31/24 A2981 RMK AO2 SLP094 T03060244
SRQ,2023-08-29 01:53,10.00,10000.00,KSRQ 290153Z 17005KT 10SM BKN100 30/24 A2983 RMK AO2 LTG DSNT S SLP100 T03000244
SRQ,2023-08-29 02:53,10.00,M,KSRQ 290253Z 14005KT 10SM CLR 28/23 A2983 RMK AO2 LTG DSNT SW SLP099 T02830228 50011
SRQ,2023-08-29 03:53,10.00,11000.00,KSRQ 290353Z AUTO 12004KT 10SM SCT110 28/23 A2984 RMK AO2 LTG DSNT S AND SW SLP104 T02780233
SRQ,2023-08-29 04:53,10.00,3600.00,KSRQ 290453Z AUTO 22009KT 10SM VCTS FEW036 FEW046 28/24 A2985 RMK AO2 LTG DSNT SW TSB33E48 SLP106 T02830244 403330256
SRQ,2023-08-29 05:53,10.00,5000.00,KSRQ 290553Z AUTO 00000KT 10SM FEW050 FEW100 27/25 A2983 RMK AO2 RAB0456E45 SLP100 P0001 60001 T02720250 10306 20272 50001
SRQ,2023-08-29 06:53,10.00,2800.00,KSRQ 290653Z AUTO 08005KT 10SM FEW028 27/24 A2981 RMK AO2 SLP093 T02670239
SRQ,2023-08-29 07:53,10.00,3300.00,KSRQ 290753Z AUTO 06005KT 10SM SCT033 27/25 A2980 RMK AO2 SLP090 T02670250
SRQ,2023-08-29 08:53,10.00,M,KSRQ 290853Z AUTO 09006KT 10SM CLR 27/25 A2979 RMK AO2 SLP086 T02670250 56014
SRQ,2023-08-29 09:53,10.00,M,KSRQ 290953Z AUTO 11006KT 10SM CLR 27/24 A2980 RMK AO2 SLP089 T02670244
SRQ,2023-08-29 10:53,10.00,M,KSRQ 291053Z 11009KT 10SM CLR 27/24 A2980 RMK AO2 SLP092 T02670244
SRQ,2023-08-29 11:53,10.00,M,KSRQ 291153Z 12010KT 10SM CLR 27/24 A2980 RMK AO2 SLP090 70006 T02720244 10272 20261 50004
SRQ,2023-08-29 12:53,10.00,M,KSRQ 291253Z 12009KT 10SM CLR 28/24 A2981 RMK AO2 SLP094 T02830244
SRQ,2023-08-29 13:53,10.00,M,KSRQ 291353Z 12009KT 10SM CLR 28/25 A2983 RMK AO2 SLP100 T02830250
SRQ,2023-08-29 14:53,10.00,M,KSRQ 291453Z 11010KT 10SM CLR 28/25 A2983 RMK AO2 LTG DSNT SW SLP099 T02830250 50008
SRQ,2023-08-29 15:53,10.00,M,KSRQ 291553Z 09004KT 10SM CLR 29/26 A2984 RMK AO2 LTG DSNT SW AND W SLP102 T02890256
SRQ,2023-08-29 16:53,7.00,1700.00,KSRQ 291653Z 19025G38KT 7SM -RA FEW017 FEW022 SCT029 28/24 A2985 RMK AO2 PK WND 19038/1652 LTG DSNT ALQDS RAB52 SLP106 P0000 T02780244
SRQ,2023-08-29 17:53,10.00,5000.00,KSRQ 291753Z 14010KT 10SM VCTS -RA FEW050 FEW070 BKN110 26/24 A2982 RMK AO2 PK WND 17030/1655 LTG DSNT NE-SE TSB1658E31 SLP097 P0020 60020 T02560239 10289 20250 58002
SRQ,2023-08-29 18:53,9.00,4200.00,KSRQ 291853Z 14009KT 9SM -RA FEW042 SCT060 BKN090 26/24 A2977 RMK AO2 LTG DSNT NE-SE SLP080 P0001 T02610244
SRQ,2023-08-29 19:53,2.00,8000.00,KSRQ 291953Z 11014G22KT 2SM RA BR SCT080 OVC100 25/24 A2974 RMK AO2 LTG DSNT E AND SE SLP070 P0020 T02500239
SRQ,2023-08-29 20:53,10.00,4800.00,KSRQ 292053Z 12015G21KT 10SM FEW048 FEW100 26/24 A2971 RMK AO2 RAE51 SLP059 P0003 60024 T02560239 56038
SRQ,2023-08-29 21:53,10.00,M,KSRQ 292153Z AUTO 12018G26KT 10SM CLR 26/24 A2968 RMK AO2 PK WND 12026/2146 SLP051 T02610239
SRQ,2023-08-29 22:53,10.00,7500.00,KSRQ 292253Z AUTO 12015G22KT 10SM FEW075 27/24 A2966 RMK AO2 PK WND 12030/2230 SLP042 T02670239
SRQ,2023-08-29 23:53,10.00,M,KSRQ 292353Z AUTO 11015G26KT 10SM -RA CLR 27/24 A2964 RMK AO2 PK WND 13026/2344 RAB2258 SLP036 P0001 60025 T02670244 10272 20250 56024
SRQ,2023-08-30 00:53,7.00,11000.00,KSRQ 300053Z AUTO 12019G28KT 7SM VCTS RA BKN110 26/24 A2964 RMK AO2 PK WND 13028/0042 LTG DSNT S-NW SLP036 P0007 T02610244
SRQ,2023-08-30 01:53,3.00,1300.00,KSRQ 300153Z AUTO 12018G26KT 3SM TSRA BR FEW013 SCT021 OVC032 26/24 A2962 RMK AO2 PK WND 12028/0114 LTG DSNT ALQDS TSB0057E12B27 SLP031 P0026 T02560244
SRQ,2023-08-30 02:53,1.75,800.00,KSRQ 300253Z AUTO 17030G42KT 1 3/4SM RA BR SCT008 BKN022 BKN034 26/26 A2963 RMK AO2 PK WND 19042/0252 LTG DSNT NE-SE TSE17 SLP034 P0085 60118 T02610256 55002
SRQ,2023-08-30 03:53,1.00,1100.00,KSRQ 300353Z AUTO 17032G53KT 1SM +RA BR FEW011 BKN014 OVC026 26/25 A2963 RMK AO2 PK WND 19053/0353 LTG DSNT NE-S RAE02B28 SLP033 P0045 T02610250
SRQ,2023-08-30 04:53,10.00,2000.00,KSRQ 300453Z AUTO 19024G43KT 10SM SCT020 SCT026 BKN033 28/26 A2960 RMK AO2 PK WND 19054/0358 LTG DSNT SE RAE08B36E49 SLP021 P0011 T02830256 402890250
SRQ,2023-08-30 05:53,9.00,2000.00,KSRQ 300553Z AUTO 19024G46KT 9SM FEW020 BKN037 OVC055 28/26 A2958 RMK AO2 PK WND 17058/0511 LTG DSNT N RAB04E29 SLP016 P0005 60179 T02830256 10289 20256 58018
SRQ,2023-08-30 06:53,10.00,2200.00,KSRQ 300653Z AUTO 20023G45KT 10SM VCTS -RA FEW022 BKN028 OVC035 29/26 A2957 RMK AO2 PK WND 17051/0602 LTG DSNT S-NW RAB08 SLP013 P0004 T02890256
SRQ,2023-08-30 07:53,10.00,1800.00,KSRQ 300753Z AUTO 21026G41KT 10SM BKN018 OVC025 29/26 A2958 RMK AO2 PK WND 18061/0722 LTG DSNT NE-SE RAE32 SLP015 P0007 T02890256
SRQ,2023-08-30 08:53,9.00,1000.00,KSRQ 300853Z AUTO 21028G44KT 9SM FEW010 BKN021 OVC055 29/26 A2959 RMK AO2 PK WND 19048/0814 SLP019 60011 T02890256 53002
SRQ,2023-08-30 09:53,6.00,2300.00,KSRQ 300953Z AUTO 21024G40KT 6SM VCTS -RA FEW023 BKN050 BKN065 28/25 A2960 RMK AO2 PK WND 21055/0917 LTG DSNT NE AND SE AND NW RAB0855E04B46 SLP024 P0001 T02830250
SRQ,2023-08-30 10:53,10.00,2100.00,KSRQ 301053Z AUTO 21028G48KT 10SM VCTS -RA FEW021 BKN044 OVC075 29/25 A2963 RMK AO2 PK WND 23048/1047 LTG DSNT N RAE06B36 SLP031 P0001 T02890250
SRQ,2023-08-30 11:53,6.00,2300.00,KSRQ 301153Z AUTO 22022G46KT 6SM -RA SCT023 BKN041 OVC080 28/26 A2965 RMK AO2 PK WND 22053/1143 LTG DSNT ALQDS SLP039 P0003 60016 70240 T02830256 10294 20278 53020
SRQ,2023-08-30 12:53,0.50,900.00,KSRQ 301253Z 23021G48KT 1/2SM +TSRA FG SCT009 BKN018 OVC060 28/26 A2967 RMK AO2 PK WND 24054/1207 LTG DSNT ALQDS TSB12 SLP046 P0068 T02780261
SRQ,2023-08-30 13:53,9.00,1600.00,KSRQ 301353Z 22017G34KT 9SM TS FEW016 SCT027 BKN039 28/26 A2968 RMK AO2 PK WND 21047/1334 LTG DSNT NE-SE RAE09B36E49 SLP050 P0001 T02830261
SRQ,2023-08-30 14:53,9.00,2000.00,KSRQ 301453Z 22020G34KT 9SM -RA BKN020 OVC029 29/26 A2971 RMK AO2 PK WND 20039/1417 LTG DSNT ALQDS RAB02E14B29 TSE00 SLP060 P0000 60069 T02890261 53021
SRQ,2023-08-30 15:53,5.00,1700.00,KSRQ 301553Z 22017G28KT 5SM -TSRA BR SCT017 BKN026 BKN037 28/26 A2972 RMK AO2 PK WND 22040/1524 LTG DSNT NE-S RAE37B52 TSB51 SLP064 P0002 T02830261
SRQ,2023-08-30 16:53,10.00,1800.00,KSRQ 301653Z 21017G27KT 10SM FEW018 SCT050 OVC065 28/26 A2973 RMK AO2 PK WND 20045/1602 LTG DSNT NE-S RAE29 TSE06B17 SLP066 P0046 T02780256
SRQ,2023-08-30 17:53,10.00,2400.00,KSRQ 301753Z 23017G33KT 10SM VCTS FEW024 SCT029 BKN044 29/26 A2973 RMK AO2 PK WND 21033/1704 LTG DSNT ALQDS RAB06E29 TSB13E47 SLP067 P0003 60120 T02940261 10294 20261 53004
SRQ,2023-08-30 18:53,8.00,1500.00,KSRQ 301853Z 22018G27KT 8SM -RA FEW015 SCT027 BKN038 29/27 A2972 RMK AO2 PK WND 23030/1800 LTG DSNT ALQDS RAB50 SLP062 P0001 T02940267
SRQ,2023-08-30 19:53,10.00,1700.00,KSRQ 301953Z 24016G31KT 10SM VCTS FEW017 SCT023 29/26 A2972 RMK AO2 PK WND 22033/1923 LTG DSNT ALQDS RAE1859 SLP062 P0000 T02940261
SRQ,2023-08-30 20:53,6.00,2100.00,KSRQ 302053Z 27017G26KT 6SM -RA BR SCT021 BKN027 OVC055 28/26 A2972 RMK AO2 PK WND 25032/2038 LTG DSNT NE AND E AND SW RAB26 TSB28 SLP064 P0007 60008 T02780256 53002
SRQ,2023-08-30 21:53,10.00,8000.00,KSRQ 302153Z 24013G22KT 10SM TS FEW080 SCT095 28/25 A2973 RMK AO2 PK WND 28027/2054 LTG DSNT NE AND E AND SW RAE15B36E48 TSB33 SLP065 P0004 T02830250
SRQ,2023-08-30 22:53,10.00,2800.00,KSRQ 302253Z 23012KT 10SM VCTS SCT028 BKN037 BKN080 28/26 A2975 RMK AO2 LTG DSNT ALQDS RAB2159E10 TSE2157 SLP074 P0000 T02830256
SRQ,2023-08-30 23:53,10.00,4000.00,KSRQ 302353Z 24011KT 10SM SCT040 BKN048 BKN060 28/25 A2975 RMK AO2 LTG DSNT NE AND SW SLP075 60012 T02830250 10311 20272 51010
SRQ,2023-08-31 00:53,10.00,5500.00,KSRQ 310053Z 22011G20KT 10SM VCTS BKN055 OVC070 29/25 A2977 RMK AO2 LTG DSNT E-SW SLP080 T02890250
SRQ,2023-08-31 01:53,2.00,2100.00,KSRQ 310153Z 22016G34KT 2SM +TSRA BR FEW021 BKN040 OVC080 26/24 A2981 RMK AO2 PK WND 23034/0144 LTG DSNT ALQDS RAB45 TSB24 SLP095 P0010 T02610244
SRQ,2023-08-31 02:53,10.00,6000.00,KSRQ 310253Z 24007KT 10SM VCTS FEW060 SCT075 SCT110 27/24 A2981 RMK AO2 LTG DSNT NE AND E RAE41 TSE29 SLP094 P0009 60019 T02720244 50019
SRQ,2023-08-31 03:53,10.00,6500.00,KSRQ 310353Z AUTO 25007KT 10SM FEW065 SCT080 28/26 A2980 RMK AO2 SLP092 T02830256
SRQ,2023-08-31 04:53,10.00,M,KSRQ 310453Z AUTO 24008KT 10SM CLR 28/26 A2980 RMK AO2 SLP092 T02830261 403110261
SRQ,2023-08-31 05:53,10.00,1800.00,KSRQ 310553Z AUTO 22005KT 10SM FEW018 FEW060 SCT110 28/26 A2980 RMK AO2 SLP090 60019 T02830261 10289 20261 56004
SRQ,2023-08-31 06:53,10.00,M,KSRQ 310653Z AUTO 10SM CLR 28/26 A2979 RMK AO2 RAB03E27 SLP087 P0016 T02830261
SRQ,2023-08-31 07:53,10.00,1700.00,KSRQ 310753Z AUTO 10SM SCT017 SCT027 BKN040 27/24 A2979 RMK AO2 PK WND 210143/0659 SLP085 T02720244
SRQ,2023-08-31 08:53,10.00,2200.00,KSRQ 310853Z AUTO 24009KT 10SM FEW022 29/26 A2979 RMK AO2 SLP086 60016 T02890256 55004
SRQ,2023-08-31 09:53,10.00,2000.00,KSRQ 310953Z AUTO 22009G19KT 160V250 10SM FEW020 FEW037 29/26 A2979 RMK AO2 SLP088 T02890256
SRQ,2023-08-31 10:53,10.00,2000.00,KSRQ 311053Z 23007KT 10SM FEW020 29/26 A2980 RMK AO2 SLP092 T02890256
SRQ,2023-08-31 11:53,10.00,1800.00,KSRQ 311153Z 22010G24KT 10SM BKN018 29/26 A2983 RMK AO2 LTG DSNT SW AND NW SLP100 60016 70167 T02890261 10289 20272 53014
SRQ,2023-08-31 12:53,7.00,2500.00,KSRQ 311253Z 22007KT 7SM -TSRA FEW025 SCT100 27/25 A2983 RMK AO2 RAB20 TSB20 SLP101 P0001 T02720250
SRQ,2023-08-31 13:53,10.00,M,KSRQ 311353Z 25006KT 10SM CLR 30/26 A2985 RMK AO2 RAE1257 SLP107 P0000 T03000256
SRQ,2023-08-31 14:53,10.00,1900.00,KSRQ 311453Z 10SM -RA FEW019 SCT029 31/26 A2988 RMK AO2 RAB41 SLP116 P0000 60001 T03110261 51015
SRQ,2023-08-31 15:53,10.00,2000.00,KSRQ 311553Z 22012G20KT 10SM FEW020 31/26 A2987 RMK AO2 PK WND 22027/1512 LTG DSNT E RAE27 SLP115 P0000 T03110261
SRQ,2023-08-31 16:53,10.00,1900.00,KSRQ 311653Z 23012KT 10SM FEW019 SCT023 SCT029 32/27 A2988 RMK AO2 PK WND 25026/1609 LTG DSNT NE SLP117 T03170267
SRQ,2023-08-31 17:53,10.00,1900.00,KSRQ 311753Z 24011G26KT 10SM SCT019 SCT026 32/27 A2988 RMK AO2 PK WND 25026/1751 LTG DSNT NE-SE SLP117 60001 T03170267 10322 20272 50002
SRQ,2023-08-31 18:53,10.00,1900.00,KSRQ 311853Z 23011KT 10SM SCT019 32/26 A2988 RMK AO2 LTG DSNT E AND SE SLP118 T03170261
SRQ,2023-08-31 19:53,10.00,2000.00,KSRQ 311953Z 23012KT 10SM FEW020 32/27 A2988 RMK AO2 SLP116 T03170267
SRQ,2023-08-31 20:53,10.00,1900.00,KSRQ 312053Z 23011G23KT 10SM FEW019 32/27 A2987 RMK AO2 SLP114 T03170267 58003
SRQ,2023-08-31 21:53,10.00,1800.00,KSRQ 312153Z 24010KT 10SM FEW018 31/26 A2988 RMK AO2 SLP116 T03110261
SRQ,2023-08-31 22:53,10.00,1900.00,KSRQ 312253Z 24008KT 10SM FEW019 31/26 A2988 RMK AO2 SLP116 T03110261
SRQ,2023-08-31 23:53,10.00,2100.00,KSRQ 312353Z 27005KT 10SM FEW021 30/26 A2989 RMK AO2 SLP121 T03000261 10322 20300 53007
