station,valid,metar
STL,2023-05-31 00:51,KSTL 310051Z 20005KT 10SM BKN085 BKN250 30/12 A2990 RMK AO2 SLP114 ACC S T03000117
STL,2023-05-31 01:51,KSTL 310151Z 21005KT 10SM FEW085 BKN250 28/12 A2992 RMK AO2 SLP119 T02830117
STL,2023-05-31 02:51,KSTL 310251Z 00000KT 10SM BKN100 BKN250 27/13 A2995 RMK AO2 SLP130 T02720128 53017
STL,2023-05-31 03:51,KSTL 310351Z 21004KT 10SM BKN100 OVC250 27/13 A2996 RMK AO2 SLP131 T02720128
STL,2023-05-31 04:51,KSTL 310451Z 21004KT 10SM BKN110 OVC250 27/13 A2995 RMK AO2 SLP129 T02670128
STL,2023-05-31 05:51,KSTL 310551Z 21004KT 10SM FEW100 26/13 A2994 RMK AO2 SLP123 T02610128 10306 20261 403220167 58006
STL,2023-05-31 06:51,KSTL 310651Z 21004KT 10SM FEW100 24/13 A2992 RMK AO2 SLP119 T02440133
STL,2023-05-31 07:51,KSTL 310751Z 20005KT 10SM FEW250 24/13 A2992 RMK AO2 SLP118 T02390133
STL,2023-05-31 08:51,KSTL 310851Z 00000KT 10SM BKN250 23/13 A2993 RMK AO2 SLP121 T02280133 55003
STL,2023-05-31 09:51,KSTL 310951Z 00000KT 10SM SCT090 SCT250 22/14 A2995 RMK AO2 SLP129 T02220139
STL,2023-05-31 10:51,KSTL 311051Z 00000KT 10SM SCT095 SCT250 21/14 A2997 RMK AO2 SLP137 T02110139
STL,2023-05-31 11:51,KSTL 311151Z 08003KT 10SM SCT075 BKN090 BKN250 22/15 A2999 RMK AO2 SLP142 ACC OHD T02220150 10261 20206 51019
STL,2023-05-31 12:51,KSTL 311251Z 08003KT 10SM BKN080 BKN120 BKN250 23/16 A3000 RMK AO2 SLP146 T02280156
STL,2023-05-31 13:51,KSTL 311351Z 17003KT 10SM FEW080 SCT095 BKN250 26/14 A3000 RMK AO2 SLP147 T02560144
STL,2023-05-31 14:51,KSTL 311451Z 20004KT 10SM SCT075 BKN250 28/14 A3001 RMK AO2 SLP150 T02830144 51009
STL,2023-05-31 15:51,KSTL 311551Z 18006KT 10SM BKN075 BKN250 28/14 A3001 RMK AO2 SLP150 T02830144
STL,2023-05-31 16:51,KSTL 311651Z 19007KT 10SM FEW060 SCT080 BKN250 30/14 A3001 RMK AO2 SLP147 T03000144
STL,2023-05-31 17:51,KSTL 311751Z 21005KT 10SM FEW060 FEW080 BKN250 31/13 A3000 RMK AO2 SLP145 T03060133 10311 20222 58003
STL,2023-05-31 18:51,KSTL 311851Z 15009KT 10SM FEW060 FEW080 BKN250 32/14 A2997 RMK AO2 SLP137 T03170144
STL,2023-05-31 19:51,KSTL 311951Z 17011G16KT 10SM FEW065 FEW090 BKN250 32/14 A2996 RMK AO2 SLP133 T03170139
STL,2023-05-31 20:51,KSTL 312051Z COR 15007KT 130V200 10SM SCT075 BKN250 31/14 A2995 RMK AO2 SLP129 T03110139 56016
STL,2023-05-31 21:51,KSTL 312151Z 18008KT 10SM SCT070 BKN250 32/15 A2994 RMK AO2 SLP127 T03220150
STL,2023-05-31 22:51,KSTL 312251Z 21006KT 10SM SCT065 BKN250 31/14 A2993 RMK AO2 SLP122 TCU DSNT NE-E T03110139
STL,2023-05-31 23:51,KSTL 312351Z 16008KT 10SM SCT090 BKN250 31/14 A2992 RMK AO2 SLP119 T03060139 10328 20306 57011
STL,2023-06-01 00:51,KSTL 010051Z 16007KT 10SM FEW085 BKN110 BKN250 30/14 A2993 RMK AO2 SLP124 T03000144
STL,2023-06-01 01:51,KSTL 010151Z 16005KT 10SM SCT120 BKN250 29/16 A2995 RMK AO2 SLP129 T02890156
STL,2023-06-01 02:51,KSTL 010251Z 16006KT 10SM FEW110 BKN250 28/16 A2997 RMK AO2 SLP134 T02830156 53016
STL,2023-06-01 03:51,KSTL 010351Z 16006KT 10SM FEW110 BKN250 28/16 A2997 RMK AO2 SLP136 T02780156
STL,2023-06-01 04:51,KSTL 010451Z 16006KT 10SM SCT120 SCT250 27/16 A2998 RMK AO2 SLP138 T02670156
STL,2023-06-01 05:51,KSTL 010551Z 16003KT 10SM FEW120 FEW250 26/16 A2999 RMK AO2 SLP141 T02560156 10306 20256 403280206 53007
STL,2023-06-01 06:51,KSTL 010651Z 16005KT 10SM CLR 25/16 A2998 RMK AO2 SLP137 T02500156
STL,2023-06-01 07:51,KSTL 010751Z 16004KT 10SM CLR 25/16 A2998 RMK AO2 SLP137 T02500156
STL,2023-06-01 08:51,KSTL 010851Z 00000KT 10SM CLR 23/16 A2999 RMK AO2 SLP141 T02330156 55001
STL,2023-06-01 09:51,KSTL 010951Z 00000KT 10SM FEW250 23/16 A2999 RMK AO2 SLP143 T02280156
STL,2023-06-01 10:51,KSTL 011051Z 00000KT 10SM FEW120 FEW250 22/16 A3001 RMK AO2 SLP149 T02220156
STL,2023-06-01 11:51,KSTL 011151Z 11005KT 10SM FEW250 23/17 A3002 RMK AO2 SLP154 T02280167 10256 20217 53012
STL,2023-06-01 12:51,KSTL 011251Z VRB03KT 10SM SCT250 26/17 A3003 RMK AO2 SLP157 T02560172
STL,2023-06-01 13:51,KSTL 011351Z 00000KT 10SM FEW250 28/17 A3005 RMK AO2 SLP161 T02780172
STL,2023-06-01 14:51,KSTL 011451Z 00000KT 10SM FEW250 29/17 A3004 RMK AO2 SLP159 T02940167 50007
STL,2023-06-01 15:51,KSTL 011551Z 14009KT 10SM FEW065 FEW250 31/17 A3005 RMK AO2 SLP159 T03110167
STL,2023-06-01 16:51,KSTL 011651Z 10005KT 10SM SCT060 SCT250 31/16 A3004 RMK AO2 SLP159 T03110156
STL,2023-06-01 17:51,KSTL 011751Z 11006G15KT 10SM SCT060 SCT090 31/16 A3003 RMK AO2 SLP156 T03110156 10322 20228 58003
STL,2023-06-01 18:51,KSTL 011851Z 14009G14KT 10SM SCT060 BKN110 BKN250 32/16 A3001 RMK AO2 SLP149 T03170156
STL,2023-06-01 19:51,KSTL 011951Z 13006G16KT 10SM FEW060 SCT080 BKN110 33/16 A2999 RMK AO2 SLP141 T03280161
STL,2023-06-01 20:51,KSTL 012051Z VRB06G15KT 10SM FEW070 SCT110 SCT250 33/16 A2997 RMK AO2 SLP134 T03280156 58022
STL,2023-06-01 21:51,KSTL 012151Z 16009KT 10SM SCT075 BKN095 BKN250 32/14 A2997 RMK AO2 SLP135 T03170144
STL,2023-06-01 22:51,KSTL 012251Z 15007KT 120V180 7SM -RA BKN065TCU BKN095 OVC250 30/17 A2996 RMK AO2 RAB36 SLP135 CB DSNT NE MOV NW TCU NE AND S-W P0000 T03000167
STL,2023-06-01 23:51,KSTL 012351Z 31005KT 10SM FEW065TCU BKN110 BKN250 26/19 A2998 RMK AO2 RAE20 TSB04E20 SLP140 CB DSNT NW MOV NW TCU N-E AND W P0008 60008 T02610194 10333 20261 53003
STL,2023-06-02 00:51,KSTL 020051Z 00000KT 10SM FEW060 SCT120 BKN250 26/19 A2998 RMK AO2 SLP141 CB DSNT W MOV NW T02560189
STL,2023-06-02 01:51,KSTL 020151Z 00000KT 10SM FEW060 SCT120 BKN250 26/19 A3000 RMK AO2 SLP146 T02560189
STL,2023-06-02 02:51,KSTL 020251Z 00000KT 10SM FEW120 SCT250 25/18 A3002 RMK AO2 SLP151 T02500183 53013
STL,2023-06-02 03:51,KSTL 020351Z 00000KT 10SM FEW120 FEW250 23/18 A3002 RMK AO2 SLP153 T02280183
STL,2023-06-02 04:51,KSTL 020451Z 00000KT 10SM CLR 24/18 A3001 RMK AO2 SLP150 T02390178
STL,2023-06-02 05:51,KSTL 020551Z 04006KT 10SM CLR 24/17 A3002 RMK AO2 SLP151 T02390172 10267 20228 403330217 51001
STL,2023-06-02 06:51,KSTL 020651Z 00000KT 10SM FEW130 23/17 A3002 RMK AO2 SLP152 T02330172
STL,2023-06-02 07:51,KSTL 020751Z 00000KT 10SM FEW130 23/17 A3002 RMK AO2 SLP150 T02280172
STL,2023-06-02 08:51,KSTL 020851Z 00000KT 10SM FEW130 22/17 A3002 RMK AO2 SLP152 T02170172 53001
STL,2023-06-02 09:51,KSTL 020951Z 11003KT 10SM SCT130 22/17 A3002 RMK AO2 SLP153 ACC NE T02170172
STL,2023-06-02 10:51,KSTL 021051Z 08003KT 10SM FEW130 FEW250 22/17 A3003 RMK AO2 SLP155 T02170167
STL,2023-06-02 11:51,KSTL 021151Z 00000KT 10SM FEW130 FEW250 23/17 A3003 RMK AO2 SLP157 70008 T02330172 10239 20217 53003
STL,2023-06-02 12:51,KSTL 021251Z 08003KT 10SM FEW130 FEW250 25/17 A3004 RMK AO2 SLP161 T02500172
STL,2023-06-02 13:51,KSTL 021351Z 08003KT 10SM FEW130 FEW250 27/17 A3004 RMK AO2 SLP159 T02720172
STL,2023-06-02 14:51,KSTL 021451Z 11004KT 10SM FEW130 FEW250 29/18 A3003 RMK AO2 SLP156 T02890178 50001
STL,2023-06-02 15:51,KSTL 021551Z 06007KT 10SM FEW060 FEW250 31/17 A3002 RMK AO2 SLP154 T03060167
STL,2023-06-02 16:51,KSTL 021651Z VRB06G15KT 10SM FEW060 FEW250 32/15 A3001 RMK AO2 SLP149 T03220150
STL,2023-06-02 17:51,KSTL 021751Z 11007KT 10SM SCT070 SCT250 32/15 A3000 RMK AO2 SLP144 T03220150 10322 20233 58011
STL,2023-06-02 18:51,KSTL 021851Z 12008KT 10SM SCT070 33/14 A2999 RMK AO2 SLP140 T03330144
STL,2023-06-02 19:51,KSTL 021951Z 05011KT 10SM FEW075 33/13 A2996 RMK AO2 SLP131 T03330128
STL,2023-06-02 20:51,KSTL 022051Z 07012G18KT 10SM FEW085 FEW250 33/11 A2993 RMK AO2 SLP124 T03330111 58020
STL,2023-06-02 21:51,KSTL 022151Z 07006KT 10SM FEW085 SCT250 33/12 A2992 RMK AO2 SLP120 T03330117
STL,2023-06-02 22:51,KSTL 022251Z 07010G17KT 10SM FEW085 SCT250 32/12 A2991 RMK AO2 SLP115 T03220122
STL,2023-06-03 01:51,KSTL 030151Z 09005KT 10SM FEW085 SCT250 28/13 A2993 RMK AO2 SLP122 T02780133
STL,2023-06-03 02:51,KSTL 030251Z 11005KT 10SM SCT250 27/13 A2994 RMK AO2 SLP124 T02720128 53009
STL,2023-06-03 03:51,KSTL 030351Z 00000KT 10SM FEW250 27/13 A2994 RMK AO2 SLP125 T02670128
STL,2023-06-03 04:51,KSTL 030451Z 00000KT 10SM CLR 24/12 A2994 RMK AO2 SLP123 T02440122
STL,2023-06-03 05:51,KSTL 030551Z 00000KT 10SM CLR 24/12 A2995 RMK AO2 SLP127 T02390122 10322 20233 403390217 53003
STL,2023-06-03 06:51,KSTL 030651Z 00000KT 10SM CLR 22/12 A2994 RMK AO2 SLP125 T02220117
STL,2023-06-03 07:51,KSTL 030751Z 00000KT 10SM CLR 22/12 A2994 RMK AO2 SLP123 T02170122
STL,2023-06-03 08:51,KSTL 030851Z 00000KT 10SM CLR 21/12 A2994 RMK AO2 SLP124 T02060122 55004
STL,2023-06-03 09:51,KSTL 030951Z 00000KT 10SM FEW250 19/12 A2994 RMK AO2 SLP126 T01940122
STL,2023-06-03 10:51,KSTL 031051Z 00000KT 10SM FEW250 19/12 A2994 RMK AO2 SLP128 T01890122
STL,2023-06-03 11:51,KSTL 031151Z 00000KT 10SM FEW100 FEW250 21/14 A2997 RMK AO2 SLP134 T02060144 10244 20183 53009
STL,2023-06-03 12:51,KSTL 031251Z 00000KT 10SM FEW100 SCT250 23/14 A2998 RMK AO2 SLP138 T02330139
STL,2023-06-03 13:51,KSTL 031351Z 00000KT 10SM BKN250 27/13 A2998 RMK AO2 SLP139 T02720133
STL,2023-06-03 14:51,KSTL 031451Z 00000KT 10SM BKN250 30/10 A2998 RMK AO2 SLP139 T03000100 51006
STL,2023-06-03 15:51,KSTL 031551Z 28004KT 10SM BKN250 32/10 A2998 RMK AO2 SLP137 T03220100
STL,2023-06-03 16:51,KSTL 031651Z 33006KT 10SM BKN250 33/11 A2998 RMK AO2 SLP137 T03280111
STL,2023-06-03 17:51,KSTL 031751Z VRB06KT 10SM FEW065 SCT250 33/11 A2996 RMK AO2 SLP132 T03330106 10339 20206 58007
STL,2023-06-03 18:51,KSTL 031851Z 11007KT 10SM FEW065 SCT250 33/08 A2995 RMK AO2 SLP130 T03330083
STL,2023-06-03 19:51,KSTL 031951Z VRB03G14KT 10SM FEW070 FEW250 33/10 A2994 RMK AO2 SLP125 T03330100
STL,2023-06-03 20:51,KSTL 032051Z 09011G17KT 030V120 10SM FEW070 SCT250 34/11 A2991 RMK AO2 SLP116 T03390106 58016
STL,2023-06-03 21:51,KSTL 032151Z 07009KT 10SM FEW070 SCT250 34/11 A2990 RMK AO2 SLP112 T03390111
STL,2023-06-03 22:51,KSTL 032251Z 05010KT 10SM FEW090 SCT250 33/11 A2989 RMK AO2 SLP109 T03330111
STL,2023-06-03 23:51,KSTL 032351Z 09010KT 10SM FEW090 SCT250 32/10 A2990 RMK AO2 SLP112 T03220100 10344 20322 55005
STL,2023-06-04 00:51,KSTL 040051Z 08006KT 10SM FEW090 FEW250 30/11 A2991 RMK AO2 SLP115 T03000111
STL,2023-06-04 01:51,KSTL 040151Z 04005KT 10SM FEW250 29/11 A2991 RMK AO2 SLP115 T02940111
STL,2023-06-04 02:51,KSTL 040251Z 00000KT 10SM CLR 28/12 A2993 RMK AO2 SLP122 T02780122 53012
STL,2023-06-04 03:51,KSTL 040351Z 00000KT 10SM FEW090 26/13 A2994 RMK AO2 SLP123 T02560128
STL,2023-06-04 04:51,KSTL 040451Z 00000KT 10SM FEW090 24/13 A2993 RMK AO2 SLP121 T02390128
STL,2023-06-04 05:51,KSTL 040551Z 34004KT 10SM FEW090 23/13 A2993 RMK AO2 SLP119 T02280133 10322 20228 403440183 58003
STL,2023-06-04 06:51,KSTL 040651Z 06006KT 10SM FEW100 24/13 A2992 RMK AO2 SLP116 T02390128
STL,2023-06-04 07:51,KSTL 040751Z 06006KT 10SM BKN095 24/13 A2991 RMK AO2 SLP115 T02390128
STL,2023-06-04 08:51,KSTL 040851Z 04005KT 10SM SCT095 24/13 A2991 RMK AO2 SLP115 T02390128 56004
STL,2023-06-04 09:51,KSTL 040951Z 00000KT 10SM FEW095 SCT110 SCT250 22/14 A2992 RMK AO2 SLP118 T02170139
STL,2023-06-04 10:51,KSTL 041051Z 00000KT 10SM FEW095 SCT110 SCT250 22/14 A2993 RMK AO2 SLP122 T02170139
STL,2023-06-04 11:51,KSTL 041151Z 01003KT 10SM FEW090 SCT110 BKN250 22/14 A2995 RMK AO2 SLP127 T02220139 10250 20206 53011
STL,2023-06-04 12:51,KSTL 041251Z 04004KT 10SM SCT090 BKN120 BKN250 24/14 A2996 RMK AO2 SLP133 T02390144
STL,2023-06-04 13:51,KSTL 041351Z 04004KT 10SM BKN095 BKN150 BKN250 24/15 A2997 RMK AO2 SLP134 T02440150
STL,2023-06-04 14:51,KSTL 041451Z 00000KT 10SM BKN095 BKN250 27/16 A2996 RMK AO2 SLP133 T02670161 50006
STL,2023-06-04 15:51,KSTL 041551Z COR 00000KT 10SM BKN100 BKN250 29/17 A2997 RMK AO2 SLP136 T02890172
STL,2023-06-04 16:51,KSTL 041651Z VRB03KT 10SM FEW100 BKN250 29/16 A2997 RMK AO2 SLP136 T02890161
STL,2023-06-04 17:51,KSTL 041751Z 09008KT 10SM FEW150 BKN250 31/16 A2996 RMK AO2 SLP132 T03110156 10311 20222 58002
STL,2023-06-04 18:51,KSTL 041851Z 06007G14KT 10SM FEW060 BKN250 32/16 A2995 RMK AO2 SLP128 T03170156
STL,2023-06-04 19:51,KSTL 041951Z VRB03KT 10SM FEW060 BKN250 32/16 A2993 RMK AO2 SLP122 T03220156
STL,2023-06-04 20:51,KSTL 042051Z 19009KT 10SM FEW045 SCT070 BKN090 BKN250 27/20 A2993 RMK AO2 PK WND 08027/2014 LTG DSNT W SLP125 CB DSNT SW MOV SW P0010 60010 T02720200 56009
STL,2023-06-04 21:51,KSTL 042151Z 24004KT 10SM FEW045 SCT170 BKN250 27/20 A2992 RMK AO2 LTG DSNT SE AND S SLP120 CB DSNT SE-S AND DSNT W AND DSNT NW MOV SW T02720200
STL,2023-06-04 22:51,KSTL 042251Z 00000KT 10SM FEW050 SCT160 BKN200 28/22 A2992 RMK AO2 SLP119 CB DSNT S MOV SW T02780217
STL,2023-06-04 23:51,KSTL 042351Z 07003KT 10SM FEW050 SCT200 BKN250 29/18 A2993 RMK AO2 SLP124 TCU DSNT NW 60010 T02890178 10339 20256 55001
STL,2023-06-05 00:51,KSTL 050051Z 04005KT 10SM FEW200 BKN250 29/16 A2993 RMK AO2 SLP124 T02940161
STL,2023-06-05 01:51,KSTL 050151Z 04005KT 10SM BKN250 28/16 A2993 RMK AO2 SLP124 T02830161
STL,2023-06-05 02:51,KSTL 050251Z 04006KT 10SM OVC250 27/16 A2995 RMK AO2 SLP129 T02720161 53007
STL,2023-06-05 03:51,KSTL 050351Z 07007KT 10SM OVC250 26/14 A2997 RMK AO2 SLP134 T02560139
STL,2023-06-05 04:51,KSTL 050451Z 07005KT 9SM BKN250 25/11 A2998 RMK AO2 SLP139 T02500111
STL,2023-06-05 05:51,KSTL 050551Z 08005KT 8SM BKN250 23/09 A2999 RMK AO2 SLP143 T02330089 10294 20228 403390206 51014
STL,2023-06-05 06:51,KSTL 050651Z 04005KT 7SM FEW250 23/08 A3000 RMK AO2 SLP145 T02330083
STL,2023-06-05 07:51,KSTL 050751Z 03003KT 7SM FEW250 22/09 A3000 RMK AO2 SLP144 T02170089
STL,2023-06-05 08:51,KSTL 050851Z 01003KT 8SM CLR 19/08 A2999 RMK AO2 SLP145 T01940083 58002
STL,2023-06-05 09:51,KSTL 050951Z 03003KT 8SM CLR 19/07 A3000 RMK AO2 SLP150 T01940072
STL,2023-06-05 10:51,KSTL 051051Z 04004KT 8SM SCT250 18/08 A3002 RMK AO2 SLP154 FU SCT250 T01830078
STL,2023-06-05 11:51,KSTL 051151Z 07003KT 8SM SCT250 18/08 A3001 RMK AO2 SLP152 FU SCT250 70010 T01830083 10244 20167 50008
STL,2023-06-05 12:51,KSTL 051251Z 05003KT 9SM BKN250 19/08 A3002 RMK AO2 SLP155 FU BKN250 T01940083
STL,2023-06-05 13:51,KSTL 051351Z 06006KT 9SM BKN250 21/09 A3004 RMK AO2 SLP162 FU BKN250 T02110094
STL,2023-06-05 14:51,KSTL 051451Z 00000KT 10SM BKN250 23/09 A3004 RMK AO2 SLP162 FU BKN250 T02330089 50010
STL,2023-06-05 15:51,KSTL 051551Z 06005KT 10SM SCT250 26/07 A3004 RMK AO2 SLP161 FU SCT250 T02610072
STL,2023-06-05 16:51,KSTL 051651Z 07006KT 10SM OVC250 27/07 A3004 RMK AO2 SLP160 FU OVC250 T02670072
STL,2023-06-05 17:51,KSTL 051751Z VRB03KT 10SM BKN250 28/08 A3003 RMK AO2 SLP158 FU BKN250 T02830083 10283 20183 58003
STL,2023-06-05 18:51,KSTL 051851Z VRB03KT 10SM OVC250 29/07 A3002 RMK AO2 SLP155 FU OVC250 T02940072
STL,2023-06-05 19:51,KSTL 051951Z 07010KT 10SM BKN200 BKN250 29/06 A3001 RMK AO2 SLP152 FU BKN200 T02940061
STL,2023-06-05 20:51,KSTL 052051Z COR 03009KT 10SM SCT200 BKN250 29/06 A3000 RMK AO2 SLP148 FU SCT200 T02940061 58011
STL,2023-06-05 21:51,KSTL 052151Z 04010KT 10SM SCT200 BKN250 28/06 A2999 RMK AO2 SLP145 T02830061
STL,2023-06-05 22:51,KSTL 052251Z 03009KT 10SM SCT200 BKN250 27/06 A2998 RMK AO2 SLP141 T02720056
STL,2023-06-05 23:51,KSTL 052351Z 03009KT 10SM SCT200 BKN250 27/06 A2998 RMK AO2 SLP144 T02670056 10306 20267 55005
STL,2023-06-06 00:51,KSTL 060051Z 04004KT 10SM SCT200 BKN250 26/06 A2999 RMK AO2 SLP145 T02610061
STL,2023-06-06 01:51,KSTL 060151Z 01003KT 10SM SCT200 BKN250 23/07 A3000 RMK AO2 SLP149 T02330072
STL,2023-06-06 02:51,KSTL 060251Z 00000KT 10SM SCT200 SCT250 22/09 A3001 RMK AO2 SLP153 T02170089 53008
STL,2023-06-06 03:51,KSTL 060351Z 00000KT 10SM SCT250 21/09 A3002 RMK AO2 SLP156 T02060094
STL,2023-06-06 04:51,KSTL 060451Z 00000KT 10SM FEW250 19/09 A3003 RMK AO2 SLP159 T01940094
STL,2023-06-06 05:51,KSTL 060551Z 00000KT 10SM CLR 18/10 A3002 RMK AO2 SLP157 T01830100 10267 20172 403060167 50004
STL,2023-06-06 06:51,KSTL 060651Z 00000KT 10SM CLR 18/11 A3001 RMK AO2 SLP153 T01780111
STL,2023-06-06 07:51,KSTL 060751Z 24003KT 10SM CLR 17/12 A3001 RMK AO2 SLP153 T01670117
STL,2023-06-06 08:51,KSTL 060851Z 26003KT 10SM CLR 16/11 A3001 RMK AO2 SLP153 T01560111 56004
STL,2023-06-06 09:51,KSTL 060951Z 00000KT 10SM FEW250 17/12 A3000 RMK AO2 SLP150 T01670122
STL,2023-06-06 10:51,KSTL 061051Z 26004KT 10SM FEW250 15/12 A3001 RMK AO2 SLP153 T01500117
STL,2023-06-06 11:51,KSTL 061151Z 00000KT 10SM FEW250 17/13 A3001 RMK AO2 SLP152 T01720133 10189 20150 55001
STL,2023-06-06 12:51,KSTL 061251Z 28003KT 10SM FEW250 20/13 A3001 RMK AO2 SLP153 T02000133
STL,2023-06-06 13:51,KSTL 061351Z 00000KT 10SM FEW250 23/13 A3002 RMK AO2 SLP156 T02280128
STL,2023-06-06 14:51,KSTL 061451Z VRB03KT 10SM FEW250 26/10 A3001 RMK AO2 SLP153 T02610100 50002
STL,2023-06-06 15:51,KSTL 061551Z 04003KT 10SM FEW250 28/08 A3000 RMK AO2 SLP148 T02780078
STL,2023-06-06 16:51,KSTL 061651Z 33007KT 10SM FEW250 29/09 A2999 RMK AO2 SLP147 T02890094
STL,2023-06-06 17:51,KSTL 061751Z VRB04KT 10SM SCT250 31/09 A2998 RMK AO2 SLP142 T03060094 10306 20172 58010
STL,2023-06-06 18:51,KSTL 061851Z 00000KT 10SM SCT250 31/10 A2995 RMK AO2 SLP133 T03110100
STL,2023-06-06 19:51,KSTL 061951Z VRB04KT 10SM SCT250 32/10 A2993 RMK AO2 SLP126 T03170100
STL,2023-06-06 20:51,KSTL 062051Z VRB04KT 9SM FEW250 32/10 A2992 RMK AO2 SLP121 T03170100 56020
STL,2023-06-06 21:51,KSTL 062151Z 29007KT 10SM FEW250 32/10 A2990 RMK AO2 SLP114 T03170100
STL,2023-06-06 22:51,KSTL 062251Z 27006KT 10SM FEW250 32/11 A2988 RMK AO2 SLP110 T03170106
STL,2023-06-06 23:51,KSTL 062351Z 35007KT 10SM FEW250 30/11 A2987 RMK AO2 SLP105 T03000111 10322 20294 56016
STL,2023-06-07 00:51,KSTL 070051Z 35004KT 9SM BKN250 28/12 A2988 RMK AO2 SLP108 T02830117
STL,2023-06-07 01:51,KSTL 070151Z 00000KT 10SM FEW150 BKN250 27/11 A2988 RMK AO2 SLP107 T02720111
STL,2023-06-07 02:51,KSTL 070251Z 24003KT 9SM FEW150 BKN250 26/12 A2988 RMK AO2 SLP107 T02610122 51004
STL,2023-06-07 03:51,KSTL 070351Z 00000KT 8SM BKN160 OVC250 24/12 A2988 RMK AO2 SLP107 T02440122
STL,2023-06-07 04:51,KSTL 070451Z 00000KT 10SM FEW150 BKN250 23/12 A2988 RMK AO2 SLP105 T02330122
STL,2023-06-07 05:51,KSTL 070551Z 26003KT 10SM FEW150 BKN250 24/13 A2987 RMK AO2 SLP100 T02390133 10300 20228 403220150 58007
STL,2023-06-07 06:51,KSTL 070651Z 25004KT 10SM BKN140 24/14 A2986 RMK AO2 SLP097 T02390139
STL,2023-06-07 07:51,KSTL 070751Z 25003KT 10SM FEW120 BKN170 23/14 A2984 RMK AO2 SLP091 T02330139
STL,2023-06-07 08:51,KSTL 070851Z 30003KT 10SM BKN120 OVC170 22/14 A2983 RMK AO2 SLP089 T02220144 58010
STL,2023-06-07 09:51,KSTL 070951Z 26003KT 10SM OVC110 23/14 A2984 RMK AO2 SLP092 T02280139
STL,2023-06-07 10:51,KSTL 071051Z 29003KT 10SM FEW055 FEW075 OVC110 22/14 A2985 RMK AO2 RAB18E51 SLP094 P0000 T02170144
STL,2023-06-07 11:51,KSTL 071151Z 25006KT 8SM SCT090 BKN140 BKN250 23/14 A2985 RMK AO2 SLP095 60000 T02280144 10239 20217 51005
STL,2023-06-07 12:51,KSTL 071251Z 25006KT 10SM SCT095 BKN140 BKN250 24/14 A2984 RMK AO2 SLP093 T02440144
STL,2023-06-07 13:51,KSTL 071351Z 27005KT 10SM SCT080 BKN100 OVC250 24/14 A2985 RMK AO2 SLP095 T02440139
STL,2023-06-07 14:51,KSTL 071451Z 35004KT 9SM -RA FEW035 SCT055 OVC070 22/17 A2986 RMK AO2 RAB18 SLP100 P0007 60007 T02170167 53003
STL,2023-06-07 15:51,KSTL 071551Z 09005KT 7SM -RA FEW029 BKN065 OVC085 21/17 A2988 RMK AO2 LTG DSNT NW SLP110 P0005 T02060172
STL,2023-06-07 16:51,KSTL 071651Z 19004KT 4SM RA FEW035 SCT075 OVC100 21/18 A2986 RMK AO2 SLP103 P0006 T02060178
STL,2023-06-07 17:51,KSTL 071751Z 33003KT 7SM FEW031 SCT080 BKN110 OVC250 22/18 A2986 RMK AO2 RAE47 SLP103 P0002 60020 T02170178 10244 20206 51001
STL,2023-06-07 18:51,KSTL 071851Z 30005KT 7SM SCT014 BKN034 BKN090 OVC250 23/18 A2984 RMK AO2 RAB18E38 SLP096 P0000 T02280178
STL,2023-06-07 19:51,KSTL 071951Z 32007KT 9SM FEW016 SCT090 OVC250 25/18 A2984 RMK AO2 SLP093 T02500178
STL,2023-06-07 20:51,KSTL 072051Z 36004KT 8SM FEW028 SCT060 BKN100 OVC250 26/17 A2982 RMK AO2 SLP087 60000 T02560172 58015
STL,2023-06-07 21:51,KSTL 072151Z 35006KT 9SM BKN028 BKN040 OVC250 26/18 A2980 RMK AO2 SLP081 T02560178
STL,2023-06-07 22:51,KSTL 072251Z VRB03KT 9SM SCT028 BKN036 OVC250 26/18 A2979 RMK AO2 SLP076 T02560183
STL,2023-06-07 23:51,KSTL 072351Z 35003KT 6SM HZ FEW028 SCT037 OVC250 25/18 A2979 RMK AO2 SLP079 60000 T02500178 10261 20217 55008
STL,2023-06-08 00:51,KSTL 080051Z 36005KT 10SM FEW030 FEW150 OVC250 24/14 A2980 RMK AO2 SLP080 T02440144
STL,2023-06-08 01:51,KSTL 080151Z 36005KT 10SM FEW150 BKN250 22/15 A2981 RMK AO2 SLP085 T02220150
STL,2023-06-08 02:51,KSTL 080251Z 01003KT 10SM FEW150 SCT250 22/14 A2982 RMK AO2 SLP090 T02220139 53009
STL,2023-06-08 03:51,KSTL 080351Z 00000KT 10SM FEW250 22/12 A2983 RMK AO2 SLP094 T02170117
STL,2023-06-08 04:51,KSTL 080451Z 00000KT 10SM FEW250 19/13 A2983 RMK AO2 SLP095 T01940128
STL,2023-06-08 05:51,KSTL 080551Z 00000KT 10SM FEW250 19/13 A2983 RMK AO2 SLP093 T01890128 10256 20183 402610183 50001
STL,2023-06-08 06:51,KSTL 080651Z 07012KT 10SM CLR 19/08 A2984 RMK AO2 SLP096 T01890083
STL,2023-06-08 07:51,KSTL 080751Z 08008KT 10SM CLR 18/07 A2985 RMK AO2 SLP098 T01830067
STL,2023-06-08 08:51,KSTL 080851Z 07005KT 10SM CLR 17/07 A2985 RMK AO2 SLP100 T01670067 51007
STL,2023-06-08 09:51,KSTL 080951Z 07005KT 10SM FEW250 17/06 A2986 RMK AO2 SLP102 T01670061
STL,2023-06-08 10:51,KSTL 081051Z 05003KT 9SM FEW120 SCT250 16/06 A2988 RMK AO2 SLP108 T01610056
STL,2023-06-08 11:51,KSTL 081151Z 03003KT 9SM FEW120 BKN250 16/07 A2989 RMK AO2 SLP112 70020 T01610067 10194 20150 53012
STL,2023-06-08 12:51,KSTL 081251Z 00000KT 9SM BKN250 17/07 A2990 RMK AO2 SLP116 T01720067
STL,2023-06-08 13:51,KSTL 081351Z 07003KT 10SM BKN250 19/06 A2991 RMK AO2 SLP119 T01890061
STL,2023-06-08 14:51,KSTL 081451Z 00000KT 10SM BKN250 21/06 A2991 RMK AO2 SLP118 T02060061 51007
STL,2023-06-08 15:51,KSTL 081551Z 00000KT 10SM FEW120 BKN250 23/04 A2991 RMK AO2 SLP118 T02280039
STL,2023-06-08 16:51,KSTL 081651Z 36006KT 10SM FEW130 BKN250 24/03 A2990 RMK AO2 SLP117 T02440033
STL,2023-06-08 17:51,KSTL 081751Z 36007KT 330V040 10SM SCT140 BKN250 25/05 A2989 RMK AO2 SLP114 T02500050 10256 20161 58004
STL,2023-06-08 18:51,KSTL 081851Z 36008KT 10SM BKN140 BKN250 26/06 A2989 RMK AO2 SLP111 T02560061
STL,2023-06-08 19:51,KSTL 081951Z 36006KT 10SM BKN140 BKN250 26/05 A2988 RMK AO2 SLP108 T02560050
STL,2023-06-08 20:51,KSTL 082051Z 32006KT 10SM BKN140 BKN250 27/05 A2986 RMK AO2 SLP102 T02670050 58012
STL,2023-06-08 21:51,KSTL 082151Z 35004KT 10SM SCT140 BKN250 27/06 A2985 RMK AO2 SLP098 T02720056
STL,2023-06-08 22:51,KSTL 082251Z 36006KT 10SM SCT140 BKN250 27/02 A2984 RMK AO2 SLP097 T02670022
STL,2023-06-08 23:51,KSTL 082351Z 35004KT 10SM FEW140 BKN250 26/02 A2985 RMK AO2 SLP101 T02560017 10272 20250 55002
STL,2023-06-09 00:51,KSTL 090051Z 34004KT 7SM FEW140 BKN250 24/03 A2986 RMK AO2 SLP103 T02390028
STL,2023-06-09 01:51,KSTL 090151Z 33004KT 10SM FEW140 SCT250 22/07 A2986 RMK AO2 SLP104 T02170072
STL,2023-06-09 02:51,KSTL 090251Z 00000KT 10SM FEW250 19/08 A2988 RMK AO2 SLP110 T01940083 53008
STL,2023-06-09 03:51,KSTL 090351Z 00000KT 10SM CLR 19/08 A2988 RMK AO2 SLP110 T01890078
STL,2023-06-09 04:51,KSTL 090451Z 00000KT 10SM CLR 17/08 A2989 RMK AO2 SLP113 T01720078
STL,2023-06-09 05:51,KSTL 090551Z 27003KT 10SM CLR 16/07 A2990 RMK AO2 SLP116 T01610072 10256 20156 402720150 53007
STL,2023-06-09 06:51,KSTL 090651Z 24003KT 10SM CLR 14/08 A2990 RMK AO2 SLP118 T01440078
STL,2023-06-09 07:51,KSTL 090751Z 01003KT 10SM FEW250 15/08 A2991 RMK AO2 SLP120 T01500078
STL,2023-06-09 08:51,KSTL 090851Z 07003KT 10SM FEW250 16/06 A2992 RMK AO2 SLP121 T01610056 53005
STL,2023-06-09 09:51,KSTL 090951Z 06003KT 10SM FEW250 16/04 A2992 RMK AO2 SLP122 T01560044
STL,2023-06-09 10:51,KSTL 091051Z 02003KT 9SM BKN250 14/05 A2993 RMK AO2 SLP128 T01440050
STL,2023-06-09 11:51,KSTL 091151Z 04004KT 9SM BKN250 16/05 A2995 RMK AO2 SLP134 T01610050 10167 20144 53012
STL,2023-06-09 12:51,KSTL 091251Z 00000KT 9SM SCT250 18/06 A2996 RMK AO2 SLP137 T01780056
STL,2023-06-09 13:51,KSTL 091351Z 10004KT 10SM SCT250 21/05 A2997 RMK AO2 SLP140 T02060050
STL,2023-06-09 14:51,KSTL 091451Z 11007KT 10SM FEW250 23/05 A2996 RMK AO2 SLP137 T02330050 50004
STL,2023-06-09 15:51,KSTL 091551Z 12006KT 10SM SCT250 24/06 A2996 RMK AO2 SLP135 T02440056
STL,2023-06-09 16:51,KSTL 091651Z 11005KT 10SM SCT250 26/05 A2995 RMK AO2 SLP134 T02560050
STL,2023-06-09 17:51,KSTL 091751Z 13005KT 10SM SCT250 27/04 A2994 RMK AO2 SLP129 T02720044 10272 20161 58007
STL,2023-06-09 18:51,KSTL 091851Z 15005G14KT 10SM SCT250 27/03 A2993 RMK AO2 SLP129 T02670033
STL,2023-06-09 19:51,KSTL 091951Z VRB04KT 10SM SCT250 28/03 A2992 RMK AO2 SLP123 T02780033
STL,2023-06-09 20:51,KSTL 092051Z VRB05KT 10SM SCT250 28/04 A2990 RMK AO2 SLP118 T02830044 58011
STL,2023-06-09 21:51,KSTL 092151Z 09003KT 10SM BKN250 28/04 A2989 RMK AO2 SLP113 T02780039
STL,2023-06-09 22:51,KSTL 092251Z 00000KT 10SM BKN250 28/03 A2987 RMK AO2 SLP108 T02780033
STL,2023-06-09 23:51,KSTL 092351Z 06005KT 10SM FEW150 OVC250 27/04 A2987 RMK AO2 SLP105 T02720044 10289 20261 56012
STL,2023-06-10 00:51,KSTL 100051Z 08006KT 10SM FEW150 BKN250 25/06 A2986 RMK AO2 SLP103 T02500056
STL,2023-06-10 01:51,KSTL 100151Z 13004KT 10SM FEW150 BKN250 24/06 A2986 RMK AO2 SLP102 T02390056
STL,2023-06-10 02:51,KSTL 100251Z 11003KT 10SM FEW150 SCT250 22/07 A2987 RMK AO2 SLP104 T02220067 55000
STL,2023-06-10 03:51,KSTL 100351Z 00000KT 10SM FEW250 22/07 A2988 RMK AO2 SLP107 T02220067
STL,2023-06-10 04:51,KSTL 100451Z 12005KT 10SM FEW150 FEW250 19/08 A2988 RMK AO2 SLP108 T01940078
STL,2023-06-10 05:51,KSTL 100551Z 11004KT 10SM FEW150 FEW250 19/08 A2988 RMK AO2 SLP109 T01890078 10272 20189 402890144 51005
STL,2023-06-10 06:51,KSTL 100651Z 12006KT 10SM FEW150 FEW250 18/08 A2987 RMK AO2 SLP104 T01780083
STL,2023-06-10 07:51,KSTL 100751Z 00000KT 10SM FEW200 SCT250 18/09 A2986 RMK AO2 SLP101 T01780089
STL,2023-06-10 08:51,KSTL 100851Z 00000KT 10SM SCT150 SCT250 18/09 A2986 RMK AO2 SLP102 T01830089 55007
STL,2023-06-10 09:51,KSTL 100951Z 10004KT 10SM SCT150 SCT250 17/08 A2985 RMK AO2 SLP097 T01720083
STL,2023-06-10 10:51,KSTL 101051Z 11006KT 10SM SCT150 BKN250 17/09 A2983 RMK AO2 SLP092 T01670094
STL,2023-06-10 11:51,KSTL 101151Z 23003KT 10SM SCT150 BKN250 19/09 A2984 RMK AO2 SLP094 T01890094 10194 20167 55007
STL,2023-06-10 12:51,KSTL 101251Z 20005KT 10SM FEW100 SCT150 BKN250 20/09 A2985 RMK AO2 SLP099 T02000094
STL,2023-06-10 13:51,KSTL 101351Z 20008KT 10SM FEW150 BKN250 24/09 A2986 RMK AO2 SLP100 T02390094
STL,2023-06-10 14:51,KSTL 101451Z 21010KT 10SM BKN250 27/09 A2985 RMK AO2 SLP098 T02720089 50005
STL,2023-06-10 15:51,KSTL 101551Z 19009KT 10SM SCT120 BKN250 28/09 A2984 RMK AO2 SLP092 T02780089
STL,2023-06-10 16:51,KSTL 101651Z 19010KT 10SM FEW120 BKN220 28/08 A2982 RMK AO2 SLP088 T02830083
STL,2023-06-10 17:51,KSTL 101751Z 17011KT 10SM FEW120 SCT220 29/09 A2981 RMK AO2 SLP086 T02940094 10300 20183 56013
STL,2023-06-10 18:51,KSTL 101851Z 16008G18KT 130V190 10SM FEW120 SCT220 29/08 A2978 RMK AO2 SLP073 T02940083
STL,2023-06-10 19:51,KSTL 101951Z 15009G17KT 110V180 10SM FEW120 SCT220 31/10 A2975 RMK AO2 SLP066 T03110100
STL,2023-06-10 20:51,KSTL 102051Z 18007KT 10SM FEW120 SCT220 31/12 A2973 RMK AO2 SLP057 T03110117 56026
STL,2023-06-10 21:51,KSTL 102151Z 15008KT 10SM SCT100 BKN250 30/12 A2972 RMK AO2 SLP053 T03000117
STL,2023-06-10 22:51,KSTL 102251Z 18012KT 10SM FEW100 BKN150 BKN250 31/12 A2970 RMK AO2 SLP048 T03110122
STL,2023-06-10 23:51,KSTL 102351Z 16009KT 10SM SCT065 BKN160 BKN250 30/12 A2970 RMK AO2 SLP046 T03000122 10311 20294 56012
STL,2023-06-11 00:51,KSTL 110051Z 14010KT 10SM BKN065 OVC160 29/13 A2970 RMK AO2 SLP047 T02890128
STL,2023-06-11 01:51,KSTL 110151Z 14007KT 10SM SCT060 OVC110 28/13 A2970 RMK AO2 SLP043 T02830133
STL,2023-06-11 02:51,KSTL 110251Z 11007KT 10SM OVC060 27/13 A2971 RMK AO2 SLP046 T02720133 53003
STL,2023-06-11 04:51,KSTL 110451Z 02007KT 9SM BKN055 OVC120 23/18 A2969 RMK AO2 WSHFT 0403 RAE10B39E48 SLP043 P0000 T02280178
STL,2023-06-11 05:51,KSTL 110551Z 09005KT 5SM R30R/6000VP6000FT TSRA BKN050 BKN075CB OVC090 21/18 A2970 RMK AO2 RAB05 TSB28 SLP046 OCNL LTGICCC OHD TS OHD MOV NE P0003 60003 T02110183 10300 20211 403110167 55003
STL,2023-06-11 06:51,KSTL 110651Z 32005KT 2SM -TSRA BR SCT028 BKN046 OVC065CB 21/19 A2967 RMK AO2 LTG DSNT NE AND E SLP036 FRQ LTGICCC ALQDS TS ALQDS MOV N P0039 T02060189
STL,2023-06-11 07:51,KSTL 110751Z 07004KT 7SM -RA FEW009 BKN070 OVC110 20/18 A2966 RMK AO2 LTG DSNT NE RAE06B42 TSE16 SLP032 P0000 T02000183
STL,2023-06-11 08:51,KSTL 110851Z 06004KT 6SM -RA BR BKN005 OVC070 20/19 A2966 RMK AO2 SLP030 P0001 60040 T02000189 56015
STL,2023-06-11 09:51,KSTL 110951Z 09003KT 5SM -RA BR BKN005 OVC070 20/18 A2965 RMK AO2 SLP028 P0000 T02000183
STL,2023-06-11 10:51,KSTL 111051Z 07003KT 5SM BR OVC005 20/18 A2965 RMK AO2 RAE22 SLP030 P0000 T02000183
STL,2023-06-11 11:51,KSTL 111151Z 10006KT 2SM BR OVC004 21/19 A2965 RMK AO2 SLP027 60040 70043 T02060189 10211 20200 57003
STL,2023-06-11 12:51,KSTL 111251Z 11006KT 5SM BR OVC003 21/19 A2965 RMK AO2 RAB1152E04B21E42 SLP027 P0000 T02060189
STL,2023-06-11 13:51,KSTL 111351Z 05006KT 2SM +RA BR BKN004 BKN010 OVC027 20/18 A2964 RMK AO2 RAB02 SLP027 P0062 T02000183
STL,2023-06-11 14:51,KSTL 111451Z 04005KT 10SM FEW006 BKN014 OVC021 20/18 A2964 RMK AO2 RAE28 SLP027 P0006 60068 T02000178 56001
STL,2023-06-11 15:51,KSTL 111551Z 01010KT 8SM -RA BKN006 BKN011 OVC033 20/18 A2965 RMK AO2 RAB1459 SLP028 P0000 T02000178
STL,2023-06-11 16:51,KSTL 111651Z 02010KT 10SM BKN012 OVC017 20/17 A2966 RMK AO2 RAE1559 SLP034 P0000 T02000172
STL,2023-06-11 17:51,KSTL 111751Z 36012KT 10SM OVC012 20/17 A2968 RMK AO2 RAB1659E20 SLP042 P0000 60068 T02000167 10206 20194 53010
STL,2023-06-11 18:51,KSTL 111851Z 36008KT 9SM FEW015 BKN021 OVC027 20/16 A2970 RMK AO2 SLP048 T02000161
STL,2023-06-11 19:51,KSTL 111951Z 35013G21KT 10SM SCT022 OVC032 21/15 A2972 RMK AO2 SLP057 T02110150
STL,2023-06-11 20:51,KSTL 112051Z 01011G20KT 10SM BKN026 OVC034 21/14 A2974 RMK AO2 SLP062 T02110144 51019
STL,2023-06-11 21:51,KSTL 112151Z 34011KT 10SM BKN031 OVC043 21/14 A2977 RMK AO2 SLP073 T02110144
STL,2023-06-11 22:51,KSTL 112251Z 34010KT 10SM BKN030 OVC045 21/14 A2979 RMK AO2 SLP079 T02110144
STL,2023-06-11 23:51,KSTL 112351Z 34012KT 10SM BKN034 OVC050 20/14 A2981 RMK AO2 SLP087 T02000144 10217 20194 51024
STL,2023-06-12 00:51,KSTL 120051Z 34011KT 10SM BKN028 OVC050 19/14 A2982 RMK AO2 SLP091 T01940144
STL,2023-06-12 01:51,KSTL 120151Z 36007KT 10SM FEW020 OVC033 19/14 A2983 RMK AO2 SLP096 T01890139
STL,2023-06-12 02:51,KSTL 120251Z 36012G25KT 10SM BKN021 OVC035 18/13 A2985 RMK AO2 SLP103 T01830133 53014
STL,2023-06-12 03:51,KSTL 120351Z 36012KT 10SM BKN025 OVC050 18/13 A2988 RMK AO2 SLP113 T01780128
STL,2023-06-12 04:51,KSTL 120451Z 36009KT 10SM BKN028 OVC049 17/12 A2989 RMK AO2 SLP115 T01720122
STL,2023-06-12 05:51,KSTL 120551Z 36010KT 10SM OVC017 17/12 A2989 RMK AO2 SLP115 T01670117 10200 20167 402170167 50010
STL,2023-06-12 06:51,KSTL 120651Z 02010KT 10SM OVC018 16/11 A2990 RMK AO2 SLP119 T01610111
STL,2023-06-12 07:51,KSTL 120751Z 36006KT 10SM FEW018 OVC030 16/11 A2993 RMK AO2 SLP129 T01560111
STL,2023-06-12 08:51,KSTL 120851Z 35005KT 10SM SCT017 BKN034 BKN043 15/11 A2993 RMK AO2 SLP131 T01500111 51016
STL,2023-06-12 09:51,KSTL 120951Z 35005KT 10SM FEW020 BKN039 15/11 A2993 RMK AO2 SLP129 T01500111
STL,2023-06-12 10:51,KSTL 121051Z 33007KT 10SM FEW020 BKN034 15/11 A2994 RMK AO2 SLP132 T01500111
STL,2023-06-12 11:51,KSTL 121151Z 32007KT 10SM FEW016 SCT024 SCT250 15/11 A2994 RMK AO2 SLP133 70068 T01500111 10167 20144 51004
STL,2023-06-12 12:51,KSTL 121251Z 33010KT 10SM BKN016 BKN250 16/11 A2993 RMK AO2 SLP129 T01610106
STL,2023-06-12 13:51,KSTL 121351Z 35009G18KT 10SM BKN025 BKN250 16/09 A2994 RMK AO2 SLP134 T01610094
STL,2023-06-12 14:51,KSTL 121451Z 33011KT 10SM SCT031 SCT250 17/09 A2995 RMK AO2 SLP137 T01720089 53003
STL,2023-06-12 15:51,KSTL 121551Z 30009KT 10SM SCT035 19/08 A2996 RMK AO2 SLP139 T01890083
STL,2023-06-12 16:51,KSTL 121651Z VRB05KT 10SM SCT043 20/08 A2996 RMK AO2 SLP138 T02000078
STL,2023-06-12 17:51,KSTL 121751Z 29006G16KT 10SM BKN049 21/08 A2996 RMK AO2 SLP141 T02110078 10211 20150 53005
STL,2023-06-12 18:51,KSTL 121851Z 30007KT 10SM SCT055 21/09 A2996 RMK AO2 SLP139 T02110089
STL,2023-06-12 19:51,KSTL 121951Z 32007G17KT 10SM FEW055 23/08 A2994 RMK AO2 SLP134 T02280078
STL,2023-06-12 20:51,KSTL 122051Z 30010G17KT 10SM FEW055 23/07 A2993 RMK AO2 SLP128 T02330072 58012
STL,2023-06-12 21:51,KSTL 122151Z 34006KT 10SM FEW060 SCT250 23/08 A2991 RMK AO2 SLP121 T02280078
STL,2023-06-12 22:51,KSTL 122251Z 34005KT 10SM FEW060 SCT250 22/08 A2989 RMK AO2 SLP117 T02220078
STL,2023-06-12 23:51,KSTL 122351Z 35009KT 10SM FEW060 SCT250 22/07 A2988 RMK AO2 SLP114 T02220067 10233 20200 56014
STL,2023-06-13 00:51,KSTL 130051Z 31005KT 10SM FEW250 21/06 A2988 RMK AO2 SLP112 T02110056
STL,2023-06-13 01:51,KSTL 130151Z 27003KT 10SM FEW120 SCT250 20/06 A2989 RMK AO2 SLP117 T02000061
STL,2023-06-13 02:51,KSTL 130251Z 00000KT 10SM FEW120 BKN250 18/07 A2991 RMK AO2 SLP123 T01780072 53008
STL,2023-06-13 03:51,KSTL 130351Z 24003KT 10SM BKN250 17/07 A2991 RMK AO2 SLP121 T01720072
STL,2023-06-13 04:51,KSTL 130451Z 24004KT 10SM SCT250 17/07 A2989 RMK AO2 SLP117 T01720072
STL,2023-06-13 05:51,KSTL 130551Z 24006KT 10SM FEW250 17/07 A2988 RMK AO2 SLP113 T01670072 10222 20161 402330144 58008
STL,2023-06-13 06:51,KSTL 130651Z 25007KT 10SM FEW250 16/07 A2988 RMK AO2 SLP111 T01610072
STL,2023-06-13 07:51,KSTL 130751Z 24009KT 10SM SCT250 16/07 A2987 RMK AO2 SLP109 T01610067
STL,2023-06-13 08:51,KSTL 130851Z 25010KT 10SM BKN240 16/07 A2987 RMK AO2 SLP108 T01610072 55003
STL,2023-06-13 09:51,KSTL 130951Z 25008KT 10SM BKN250 16/07 A2987 RMK AO2 SLP107 T01560072
STL,2023-06-13 10:51,KSTL 131051Z 26007KT 10SM BKN250 16/08 A2987 RMK AO2 SLP109 T01560078
STL,2023-06-13 11:51,KSTL 131151Z 26007KT 10SM BKN250 17/08 A2987 RMK AO2 SLP108 T01720078 10172 20156 55000
STL,2023-06-13 12:51,KSTL 131251Z 25012KT 10SM BKN250 18/08 A2987 RMK AO2 SLP108 T01830083
STL,2023-06-13 13:51,KSTL 131351Z 25013KT 10SM BKN250 21/09 A2986 RMK AO2 SLP105 T02060089
STL,2023-06-13 14:51,KSTL 131451Z 24014KT 10SM SCT250 22/09 A2985 RMK AO2 SLP102 T02220094 58006
STL,2023-06-13 15:51,KSTL 131551Z 26014KT 10SM SCT250 25/09 A2985 RMK AO2 SLP099 T02500089
STL,2023-06-13 16:51,KSTL 131651Z 24015G20KT 10SM SCT250 26/10 A2984 RMK AO2 SLP097 T02610100
STL,2023-06-13 17:51,KSTL 131751Z 24014G23KT 10SM SCT250 27/09 A2983 RMK AO2 SLP092 T02720094 10272 20172 58008
STL,2023-06-13 18:51,KSTL 131851Z 25016G23KT 10SM FEW065 SCT250 28/09 A2981 RMK AO2 PK WND 24026/1826 SLP087 T02780089
STL,2023-06-13 19:51,KSTL 131951Z 25017G25KT 10SM FEW065 SCT250 28/08 A2980 RMK AO2 PK WND 23026/1934 SLP084 T02830083
STL,2023-06-13 20:51,KSTL 132051Z 25016G24KT 10SM FEW075 SCT250 28/08 A2979 RMK AO2 PK WND 26026/2015 SLP078 T02830078 58014
STL,2023-06-13 21:51,KSTL 132151Z 26013G22KT 10SM FEW075 SCT150 BKN250 28/08 A2976 RMK AO2 SLP070 T02830083
STL,2023-06-13 22:51,KSTL 132251Z 24015G25KT 10SM FEW080 BKN250 28/08 A2975 RMK AO2 SLP066 T02780078
STL,2023-06-13 23:51,KSTL 132351Z 25014KT 10SM SCT250 27/08 A2975 RMK AO2 SLP064 T02720078 10289 20267 56013
STL,2023-06-14 00:51,KSTL 140051Z 27011KT 10SM SCT250 26/07 A2975 RMK AO2 SLP065 T02560072
STL,2023-06-14 01:51,KSTL 140151Z 25009KT 10SM SCT250 24/09 A2976 RMK AO2 SLP067 T02390089
STL,2023-06-14 02:51,KSTL 140251Z 24009KT 10SM SCT250 23/09 A2977 RMK AO2 SLP070 T02330094 53006
STL,2023-06-14 03:51,KSTL 140351Z 25009KT 10SM FEW250 22/09 A2976 RMK AO2 SLP067 T02220094
STL,2023-06-14 04:51,KSTL 140451Z 26008KT 10SM FEW250 21/09 A2976 RMK AO2 SLP065 T02110094
STL,2023-06-14 05:51,KSTL 140551Z 26008KT 10SM CLR 21/09 A2975 RMK AO2 SLP062 T02060094 10267 20206 402890156 58007
STL,2023-06-14 06:51,KSTL 140651Z 25009KT 10SM CLR 20/09 A2973 RMK AO2 SLP057 T02000089
STL,2023-06-14 07:51,KSTL 140751Z 25010KT 10SM CLR 20/09 A2972 RMK AO2 SLP051 T02000094
STL,2023-06-14 08:51,KSTL 140851Z 25009KT 10SM CLR 19/09 A2971 RMK AO2 SLP048 T01940094 56014
STL,2023-06-14 09:51,KSTL 140951Z 26008KT 10SM FEW130 18/09 A2971 RMK AO2 SLP050 T01830094
STL,2023-06-14 10:51,KSTL 141051Z 27005KT 10SM FEW130 FEW250 18/09 A2971 RMK AO2 SLP051 T01780094
STL,2023-06-14 11:51,KSTL 141151Z 25007KT 10SM FEW130 FEW250 19/10 A2973 RMK AO2 SLP056 T01940100 10206 20178 53007
STL,2023-06-14 12:51,KSTL 141251Z 26008KT 10SM FEW120 FEW250 22/11 A2974 RMK AO2 SLP061 T02170106
STL,2023-06-14 13:51,KSTL 141351Z 28009KT 10SM FEW120 FEW250 24/11 A2973 RMK AO2 SLP058 T02440111
STL,2023-06-14 14:51,KSTL 141451Z 31009KT 10SM FEW120 SCT250 27/11 A2973 RMK AO2 SLP057 T02670111 51003
STL,2023-06-14 15:51,KSTL 141551Z 29007KT 10SM FEW120 SCT250 28/11 A2973 RMK AO2 SLP057 T02780111
STL,2023-06-14 16:51,KSTL 141651Z 30008KT 10SM FEW065 FEW130 BKN250 29/11 A2973 RMK AO2 SLP056 T02890111
STL,2023-06-14 17:51,KSTL 141751Z 31007KT 10SM FEW065 FEW130 BKN250 31/12 A2973 RMK AO2 SLP054 T03110122 10311 20194 58002
STL,2023-06-14 18:51,KSTL 141851Z 24007G16KT 210V270 10SM FEW065 FEW130 BKN250 31/12 A2970 RMK AO2 SLP047 T03110117
STL,2023-06-14 19:51,KSTL 141951Z 30007KT 10SM FEW080 BKN250 32/11 A2969 RMK AO2 SLP041 T03170106
STL,2023-06-14 21:51,KSTL 142151Z 34009KT 10SM FEW085 SCT200 OVC250 31/11 A2967 RMK AO2 SLP037 T03110106
STL,2023-06-14 22:51,KSTL 142251Z 33007KT 10SM SCT085 OVC250 31/11 A2967 RMK AO2 SLP036 T03110106
STL,2023-06-14 23:51,KSTL 142351Z 32006KT 10SM FEW100 BKN250 31/10 A2968 RMK AO2 SLP038 T03060100 10322 20300 53001
STL,2023-06-15 00:51,KSTL 150051Z 27004KT 10SM SCT100 BKN250 29/11 A2968 RMK AO2 SLP039 ACC SE-S T02890111
STL,2023-06-15 01:51,KSTL 150151Z 07003KT 10SM FEW100 BKN250 28/11 A2969 RMK AO2 SLP041 T02780111
STL,2023-06-15 02:51,KSTL 150251Z 13003KT 10SM FEW100 SCT250 26/14 A2971 RMK AO2 SLP048 T02560139 53010
STL,2023-06-15 03:51,KSTL 150351Z 00000KT 10SM FEW250 24/14 A2972 RMK AO2 SLP050 T02440144
STL,2023-06-15 04:51,KSTL 150451Z 00000KT 10SM FEW250 23/14 A2972 RMK AO2 SLP052 T02330139
STL,2023-06-15 05:51,KSTL 150551Z 00000KT 10SM FEW250 22/15 A2972 RMK AO2 SLP050 T02220150 10306 20211 403220178 50002
STL,2023-06-15 06:51,KSTL 150651Z 22004KT 10SM FEW250 22/14 A2972 RMK AO2 SLP051 T02170139
STL,2023-06-15 07:51,KSTL 150751Z 25005KT 10SM SCT100 21/13 A2972 RMK AO2 SLP051 T02060133
STL,2023-06-15 08:51,KSTL 150851Z 25005KT 10SM SCT100 21/12 A2972 RMK AO2 SLP051 T02110117 50001
STL,2023-06-15 09:51,KSTL 150951Z 26003KT 10SM FEW100 FEW250 21/12 A2973 RMK AO2 SLP054 T02060117
STL,2023-06-15 10:51,KSTL 151051Z 28004KT 10SM CLR 19/12 A2974 RMK AO2 SLP060 T01940122
STL,2023-06-15 11:51,KSTL 151151Z 28003KT 10SM CLR 21/13 A2976 RMK AO2 SLP064 T02060133 10222 20189 53012
STL,2023-06-15 12:51,KSTL 151251Z 29006KT 10SM CLR 24/13 A2976 RMK AO2 SLP063 T02390133
STL,2023-06-15 13:51,KSTL 151351Z 29006KT 10SM CLR 26/14 A2976 RMK AO2 SLP065 T02610139
STL,2023-06-15 14:51,KSTL 151451Z 30007KT 10SM CLR 29/13 A2976 RMK AO2 SLP065 T02890128 51003
STL,2023-06-15 15:51,KSTL 151551Z 30008KT 10SM CLR 31/12 A2977 RMK AO2 SLP067 T03060122
STL,2023-06-15 16:51,KSTL 151651Z 31008KT 10SM CLR 32/12 A2977 RMK AO2 SLP067 T03170122
STL,2023-06-15 17:51,KSTL 151751Z 28008KT 10SM FEW070 FEW250 32/12 A2977 RMK AO2 SLP066 T03220122 10328 20206 50001
STL,2023-06-15 19:51,KSTL 151951Z VRB04KT 10SM FEW080 SCT100 BKN250 33/13 A2976 RMK AO2 SLP064 T03280128
STL,2023-06-15 20:51,KSTL 152051Z 29006KT 10SM FEW080 SCT250 33/13 A2974 RMK AO2 SLP059 T03280128 58007
STL,2023-06-15 21:51,KSTL 152151Z 33009KT 10SM SCT080 SCT230 32/12 A2973 RMK AO2 SLP056 T03220122
STL,2023-06-15 22:51,KSTL 152251Z 31010KT 10SM SCT080 SCT250 32/12 A2973 RMK AO2 SLP056 T03170117
STL,2023-06-15 23:51,KSTL 152351Z 32007KT 10SM FEW080 BKN250 31/12 A2973 RMK AO2 SLP056 FU BKN250 T03110122 10333 20311 55004
STL,2023-06-16 00:51,KSTL 160051Z 34003KT 10SM BKN250 29/14 A2974 RMK AO2 SLP059 FU BKN250 T02890139
STL,2023-06-16 01:51,KSTL 160151Z 28003KT 10SM BKN250 28/14 A2976 RMK AO2 SLP063 FU BKN250 T02780144
STL,2023-06-16 02:51,KSTL 160251Z 00000KT 10SM BKN250 26/14 A2979 RMK AO2 SLP074 FU BKN250 T02560139 53018
STL,2023-06-16 03:51,KSTL 160351Z 26004KT 10SM BKN250 26/14 A2980 RMK AO2 SLP076 FU BKN250 T02560139
STL,2023-06-16 04:51,KSTL 160451Z 25004KT 10SM FEW090 SCT250 24/15 A2980 RMK AO2 SLP078 FU SCT250 T02440150
STL,2023-06-16 05:51,KSTL 160551Z 26004KT 10SM FEW090 24/14 A2981 RMK AO2 SLP079 T02390144 10311 20233 403330189 51006
STL,2023-06-16 06:51,KSTL 160651Z 27005KT 10SM FEW090 23/14 A2979 RMK AO2 SLP075 T02330144
STL,2023-06-16 07:51,KSTL 160751Z 29004KT 10SM FEW250 22/16 A2979 RMK AO2 SLP072 T02170156
STL,2023-06-16 08:51,KSTL 160851Z 00000KT 10SM FEW085 FEW250 22/15 A2979 RMK AO2 SLP074 T02170150 55005
STL,2023-06-16 09:51,KSTL 160951Z 00000KT 10SM FEW090 SCT250 22/15 A2983 RMK AO2 SLP086 T02170150
STL,2023-06-16 10:51,KSTL 161051Z 04009KT 7SM BKN250 18/14 A2986 RMK AO2 SLP099 T01830144
STL,2023-06-16 11:51,KSTL 161151Z 05009KT 9SM BKN250 17/12 A2987 RMK AO2 SLP102 T01720122 10239 20172 51024
STL,2023-06-16 12:51,KSTL 161251Z 05008KT 9SM BKN250 18/12 A2989 RMK AO2 SLP111 T01780117
STL,2023-06-16 13:51,KSTL 161351Z 07007KT 10SM BKN250 19/12 A2990 RMK AO2 SLP114 T01890117
STL,2023-06-16 14:51,KSTL 161451Z 06003KT 10SM SCT250 21/12 A2991 RMK AO2 SLP119 T02060122 51016
STL,2023-06-16 15:51,KSTL 161551Z 12004KT 10SM SCT250 22/12 A2992 RMK AO2 SLP120 T02170122
STL,2023-06-16 16:51,KSTL 161651Z 07006KT 10SM SCT250 23/13 A2993 RMK AO2 SLP123 T02330128
STL,2023-06-16 17:51,KSTL 161751Z 03007KT 10SM SCT250 25/14 A2991 RMK AO2 SLP119 T02500139 10250 20172 50001
STL,2023-06-16 18:51,KSTL 161851Z 06005KT 10SM SCT250 26/14 A2991 RMK AO2 SLP117 T02610139
STL,2023-06-16 19:51,KSTL 161951Z 05007KT 10SM BKN250 27/15 A2990 RMK AO2 SLP115 T02720150
STL,2023-06-16 20:51,KSTL 162051Z 08006KT 10SM SCT250 27/15 A2989 RMK AO2 SLP111 T02720150 58007
STL,2023-06-16 21:51,KSTL 162151Z 04008KT 8SM SCT250 28/16 A2988 RMK AO2 SLP107 T02780156
STL,2023-06-16 22:51,KSTL 162251Z 06005KT 7SM FEW070 BKN250 27/15 A2990 RMK AO2 SLP114 FU BKN250 T02670150
STL,2023-06-16 23:51,KSTL 162351Z 07005KT 8SM FEW080 BKN250 26/15 A2991 RMK AO2 SLP119 T02610150 10283 20250 53006
STL,2023-06-17 00:51,KSTL 170051Z 06009KT 7SM FEW080 BKN250 25/14 A2991 RMK AO2 SLP118 T02500139
STL,2023-06-17 01:51,KSTL 170151Z 06006KT 8SM BKN250 23/14 A2992 RMK AO2 SLP124 T02330139
STL,2023-06-17 02:51,KSTL 170251Z 06008KT 10SM SCT250 23/13 A2994 RMK AO2 SLP128 T02330128 53009
STL,2023-06-17 03:51,KSTL 170351Z 06007KT 10SM BKN250 22/12 A2994 RMK AO2 SLP128 T02220122
STL,2023-06-17 04:51,KSTL 170451Z 08005KT 10SM BKN250 21/12 A2995 RMK AO2 SLP133 T02110122
STL,2023-06-17 05:51,KSTL 170551Z 08005KT 10SM FEW250 21/13 A2994 RMK AO2 SLP129 T02060128 10261 20200 402830172 50002
STL,2023-06-17 06:51,KSTL 170651Z 08004KT 10SM FEW250 20/13 A2994 RMK AO2 SLP130 T02000128
STL,2023-06-17 07:51,KSTL 170751Z 11003KT 10SM CLR 19/13 A2996 RMK AO2 SLP134 T01940128
STL,2023-06-17 08:51,KSTL 170851Z 12003KT 10SM CLR 18/13 A2997 RMK AO2 SLP137 T01830128 53008
STL,2023-06-17 09:51,KSTL 170951Z 00000KT 10SM FEW250 18/13 A2997 RMK AO2 SLP139 T01830128
STL,2023-06-17 10:51,KSTL 171051Z 07006KT 9SM FEW250 18/13 A2997 RMK AO2 SLP141 T01780128
STL,2023-06-17 11:51,KSTL 171151Z 12004KT 9SM SCT250 18/14 A2999 RMK AO2 SLP145 T01830139 10206 20172 53007
STL,2023-06-17 12:51,KSTL 171251Z 10007KT 9SM BKN250 20/14 A3000 RMK AO2 SLP148 T02000139
STL,2023-06-17 13:51,KSTL 171351Z 12006KT 10SM BKN250 22/14 A3001 RMK AO2 SLP152 T02220139
STL,2023-06-17 14:51,KSTL 171451Z 13004KT 10SM BKN250 23/14 A3001 RMK AO2 SLP151 T02330139 50006
STL,2023-06-17 15:51,KSTL 171551Z 09004KT 10SM SCT250 25/13 A3000 RMK AO2 SLP148 T02500133
STL,2023-06-17 16:51,KSTL 171651Z 00000KT 10SM SCT250 26/13 A2999 RMK AO2 SLP145 T02560133
STL,2023-06-17 17:51,KSTL 171751Z 09004KT 10SM BKN250 27/13 A2997 RMK AO2 SLP137 T02670133 10267 20183 58013
STL,2023-06-17 18:51,KSTL 171851Z 08006KT 10SM BKN250 27/13 A2995 RMK AO2 SLP130 T02720133
STL,2023-06-17 19:51,KSTL 171951Z 09008KT 10SM BKN250 29/13 A2991 RMK AO2 SLP119 T02890133
STL,2023-06-17 20:51,KSTL 172051Z VRB05KT 10SM BKN250 29/13 A2990 RMK AO2 SLP116 T02890128 56021
STL,2023-06-17 21:51,KSTL 172151Z 13005KT 10SM BKN250 29/13 A2989 RMK AO2 SLP111 T02940128
STL,2023-06-17 22:51,KSTL 172251Z 11007KT 10SM SCT250 29/13 A2987 RMK AO2 SLP106 T02940128
STL,2023-06-17 23:51,KSTL 172351Z 10008KT 10SM FEW250 29/13 A2986 RMK AO2 SLP100 T02890128 10294 20267 58016
STL,2023-06-18 00:51,KSTL 180051Z 08007KT 10SM SCT250 27/13 A2986 RMK AO2 SLP101 T02720128
STL,2023-06-18 01:51,KSTL 180151Z 08006KT 10SM SCT250 26/13 A2987 RMK AO2 SLP103 T02560128
STL,2023-06-18 02:51,KSTL 180251Z 12005KT 10SM SCT250 24/13 A2987 RMK AO2 SLP104 T02440133 52004
STL,2023-06-18 03:51,KSTL 180351Z 12007KT 10SM BKN250 24/13 A2987 RMK AO2 SLP103 T02440133
STL,2023-06-18 04:51,KSTL 180451Z 15008KT 10SM SCT070 BKN250 26/13 A2987 RMK AO2 SLP104 T02560133
STL,2023-06-18 05:51,KSTL 180551Z 15007KT 10SM OVC070 25/14 A2986 RMK AO2 SLP099 T02500139 10289 20239 402940172 58003
STL,2023-06-18 06:51,KSTL 180651Z 15009KT 10SM BKN070 BKN085 24/14 A2984 RMK AO2 SLP091 T02440139
STL,2023-06-18 07:51,KSTL 180751Z 10007KT 10SM FEW070 23/14 A2980 RMK AO2 SLP078 T02280139
STL,2023-06-18 08:51,KSTL 180851Z 16011KT 10SM FEW070 BKN085 24/13 A2983 RMK AO2 SLP088 T02390133 55010
STL,2023-06-18 09:51,KSTL 180951Z 12008KT 10SM FEW070 FEW085 23/14 A2981 RMK AO2 SLP082 T02280139
STL,2023-06-18 10:51,KSTL 181051Z 14010KT 10SM FEW070 22/14 A2981 RMK AO2 SLP081 T02220139
STL,2023-06-18 11:51,KSTL 181151Z 14009KT 10SM SCT070 23/14 A2978 RMK AO2 SLP073 T02280139 10250 20222 58015
STL,2023-06-18 12:51,KSTL 181251Z 14011KT 10SM SCT070 BKN100 23/13 A2977 RMK AO2 SLP070 T02330133
STL,2023-06-18 13:51,KSTL 181351Z COR 13013KT 10SM BKN100 OVC250 25/14 A2976 RMK AO2 SLP065 T02500144
STL,2023-06-18 14:51,KSTL 181451Z 13013KT 10SM BKN100 BKN250 27/16 A2974 RMK AO2 SLP059 T02670156 58014
STL,2023-06-18 15:51,KSTL 181551Z 19010KT 10SM BKN100 OVC250 27/16 A2976 RMK AO2 PRESRR SLP065 T02670161
STL,2023-06-18 16:51,KSTL 181651Z 13009KT 10SM SCT060 BKN100 OVC150 27/17 A2976 RMK AO2 LTG DSNT W SLP066 T02670167
STL,2023-06-18 17:51,KSTL 181751Z 12007KT 10SM FEW046 BKN090 OVC110 26/17 A2974 RMK AO2 LTG DSNT S-W RAB27E36 SLP061 P0000 60000 T02610172 10272 20228 50001
STL,2023-06-18 18:51,KSTL 181851Z 22009KT 5SM -TSRA BKN039CB BKN065 OVC095 21/18 A2978 RMK AO2 PK WND 21034/1820 WSHFT 1815 LTG DSNT NW-E RAB18 TSB17 SLP073 OCNL LTGICCG ALQDS TS ALQDS MOV N P0026 T02110183
STL,2023-06-18 19:51,KSTL 181951Z 05007KT 10SM -RA SCT060 BKN100 BKN250 23/19 A2972 RMK AO2 LTG DSNT N-E TSE07 SLP053 TCU DSNT SW P0015 T02280189
STL,2023-06-18 20:51,KSTL 182051Z 05007KT 10SM FEW060 BKN100 BKN250 24/21 A2972 RMK AO2 LTG DSNT ALQDS RAE1953 SLP054 P0000 60041 T02440206 58008
STL,2023-06-18 21:51,KSTL 182151Z 07008KT 10SM FEW030 BKN075 BKN100 BKN250 23/18 A2971 RMK AO2 LTG DSNT ALQDS SLP052 T02280183
STL,2023-06-18 22:51,KSTL 182251Z COR 17015G24KT 1SM R30R/2800VP6000FT +TSRA BR BKN011 OVC050CB 21/18 A2973 RMK AO2 LTG DSNT ALQDS RAB30 TSB19 SLP058 OCNL LTGICCG ALQDS TS ALQDS MOV N P0004 T02060183
STL,2023-06-18 23:51,KSTL 182351Z 12009KT 3SM TSRA BR FEW010 BKN065CB OVC100 21/19 A2973 RMK AO2 WSHFT 2241 LTG DSNT NE-SE SLP057 OCNL LTGICCG ALQDS TS ALQDS MOV N P0081 60126 T02060189 10261 20200 50003
STL,2023-06-19 00:51,KSTL 190051Z 00000KT 6SM RA BR FEW015 BKN080 OVC250 20/18 A2972 RMK AO2 TSE10 SLP055 P0020 T02000183
STL,2023-06-19 01:51,KSTL 190151Z 07005KT 10SM -RA FEW050 BKN100 BKN250 21/18 A2972 RMK AO2 SLP053 P0007 T02060183
STL,2023-06-19 02:51,KSTL 190251Z 07003KT 10SM FEW009 BKN110 BKN250 20/18 A2973 RMK AO2 RAE01 SLP057 P0000 60027 T02000183 53002
STL,2023-06-19 03:51,KSTL 190351Z 27005KT 10SM FEW009 SCT120 BKN250 20/18 A2975 RMK AO2 SLP064 T02000178
STL,2023-06-19 04:51,KSTL 190451Z 31004KT 6SM BR OVC007 20/19 A2975 RMK AO2 SLP065 T02000189
STL,2023-06-19 05:51,KSTL 190551Z 30004KT 5SM BR SCT004 OVC009 21/19 A2975 RMK AO2 SLP064 60027 T02060189 10206 20194 402720194 50006
STL,2023-06-19 06:51,KSTL 190651Z 35004KT 6SM BR FEW007 OVC010 21/19 A2975 RMK AO2 SLP067 T02060189
STL,2023-06-19 07:51,KSTL 190751Z 01005KT 7SM FEW013 BKN026 BKN100 21/19 A2974 RMK AO2 SLP063 T02060189
STL,2023-06-19 08:51,KSTL 190851Z 00000KT 7SM SCT006 BKN025 BKN060 20/18 A2975 RMK AO2 SLP064 T02000183 57001
STL,2023-06-19 09:51,KSTL 190951Z 32005KT 7SM FEW006 FEW010 19/18 A2976 RMK AO2 SLP068 T01940178
STL,2023-06-19 10:51,KSTL 191051Z 34005KT 5SM BR FEW006 SCT100 BKN200 19/18 A2976 RMK AO2 SLP069 VIS NW 3 T01940183
STL,2023-06-19 11:51,KSTL 191151Z 36005KT 5SM BR FEW003 BKN170 BKN200 20/18 A2977 RMK AO2 SLP073 70153 T02000183 10206 20194 53008
STL,2023-06-19 12:51,KSTL 191251Z 35003KT 7SM FEW003 SCT022 SCT060 BKN200 21/19 A2980 RMK AO2 SLP085 T02110189
STL,2023-06-19 13:51,KSTL 191351Z 01008KT 8SM FEW012 FEW048 SCT060 BKN200 23/18 A2982 RMK AO2 SLP090 T02280183
STL,2023-06-19 14:51,KSTL 191451Z 03007KT 10SM FEW020 SCT250 25/18 A2984 RMK AO2 SLP093 T02500183 51022
STL,2023-06-19 15:51,KSTL 191551Z 02009KT 10SM FEW027 FEW250 26/18 A2985 RMK AO2 SLP097 T02610183
STL,2023-06-19 16:51,KSTL 191651Z 36007G14KT 10SM FEW030 FEW250 28/18 A2986 RMK AO2 SLP101 T02780183
STL,2023-06-19 17:51,KSTL 191751Z 34008KT 10SM FEW035 FEW250 29/18 A2986 RMK AO2 SLP100 T02890178 10289 20200 51008
STL,2023-06-19 18:51,KSTL 191851Z 34009KT 9SM FEW040 FEW250 29/17 A2985 RMK AO2 SLP096 T02940167
STL,2023-06-19 19:51,KSTL 191951Z 02010KT 9SM FEW042 30/17 A2984 RMK AO2 SLP095 T03000167
STL,2023-06-19 20:51,KSTL 192051Z 35007G16KT 9SM FEW044 30/17 A2985 RMK AO2 SLP095 T03000167 55004
STL,2023-06-19 21:51,KSTL 192151Z 35008G17KT 9SM FEW045 30/16 A2985 RMK AO2 SLP096 T03000156
STL,2023-06-19 22:51,KSTL 192251Z 01007KT 10SM FEW045 30/15 A2984 RMK AO2 SLP095 T03000150
STL,2023-06-19 23:51,KSTL 192351Z 34006KT 9SM CLR 29/16 A2985 RMK AO2 SLP097 T02940156 10306 20289 53001
STL,2023-06-20 00:51,KSTL 200051Z 31005KT 8SM CLR 28/17 A2986 RMK AO2 SLP099 T02830167
STL,2023-06-20 01:51,KSTL 200151Z 31005KT 8SM CLR 26/17 A2986 RMK AO2 SLP101 T02560172
STL,2023-06-20 02:51,KSTL 200251Z 31005KT 9SM CLR 24/17 A2988 RMK AO2 SLP108 T02440167 53011
STL,2023-06-20 03:51,KSTL 200351Z 32007KT 9SM CLR 25/17 A2989 RMK AO2 SLP110 T02500167
STL,2023-06-20 04:51,KSTL 200451Z 04004KT 10SM FEW065 24/16 A2990 RMK AO2 SLP111 T02440161
STL,2023-06-20 05:51,KSTL 200551Z 05007KT 10SM CLR 24/17 A2991 RMK AO2 SLP114 T02390167 10294 20239 403060194 53007
STL,2023-06-20 06:51,KSTL 200651Z 08005KT 10SM CLR 23/17 A2991 RMK AO2 SLP115 T02330172
STL,2023-06-20 07:51,KSTL 200751Z 00000KT 9SM CLR 23/17 A2991 RMK AO2 SLP117 T02280167
STL,2023-06-20 08:51,KSTL 200851Z 34003KT 9SM CLR 21/17 A2992 RMK AO2 SLP121 T02110172 53006
STL,2023-06-20 09:51,KSTL 200951Z 00000KT 9SM CLR 21/17 A2993 RMK AO2 SLP124 T02110172
STL,2023-06-20 10:51,KSTL 201051Z 00000KT 8SM FEW250 20/17 A2995 RMK AO2 SLP130 T02000167
STL,2023-06-20 11:51,KSTL 201151Z 32004KT 8SM CLR 21/17 A2996 RMK AO2 SLP132 T02110172 10239 20194 51010
STL,2023-06-20 12:51,KSTL 201251Z VRB04KT 9SM FEW250 23/17 A2996 RMK AO2 SLP132 T02330167
STL,2023-06-20 13:51,KSTL 201351Z 04004KT 9SM CLR 26/16 A2996 RMK AO2 SLP135 T02560161
STL,2023-06-20 14:51,KSTL 201451Z 05010KT 10SM CLR 28/16 A2997 RMK AO2 SLP137 T02780161 53006
STL,2023-06-20 15:51,KSTL 201551Z 03013KT 9SM CLR 28/16 A2997 RMK AO2 SLP137 T02780161
STL,2023-06-20 16:51,KSTL 201651Z 03012G17KT 10SM CLR 29/14 A2997 RMK AO2 SLP135 T02940139
STL,2023-06-20 17:51,KSTL 201751Z 36010KT 10SM CLR 30/16 A2996 RMK AO2 SLP133 T03000156 10300 20211 58003
STL,2023-06-20 18:51,KSTL 201851Z 02009KT 10SM CLR 31/17 A2995 RMK AO2 SLP130 T03060167
STL,2023-06-20 19:51,KSTL 201951Z 06010G19KT 9SM FEW050 31/17 A2994 RMK AO2 SLP126 T03110167
STL,2023-06-20 20:51,KSTL 202051Z 05007G19KT 9SM FEW050 32/17 A2993 RMK AO2 SLP123 T03170172 58010
STL,2023-06-20 21:51,KSTL 202151Z 04013G17KT 10SM FEW050 32/18 A2992 RMK AO2 SLP120 T03170178
STL,2023-06-20 22:51,KSTL 202251Z 04010G19KT 9SM FEW055 31/18 A2991 RMK AO2 SLP117 T03110178
STL,2023-06-20 23:51,KSTL 202351Z 05011KT 10SM FEW060 31/17 A2991 RMK AO2 SLP117 T03110167 10322 20300 55006
STL,2023-06-21 00:51,KSTL 210051Z 04009KT 10SM CLR 30/17 A2992 RMK AO2 SLP118 T03000172
STL,2023-06-21 01:51,KSTL 210151Z 07006KT 8SM CLR 28/18 A2993 RMK AO2 SLP122 T02780178
STL,2023-06-21 02:51,KSTL 210251Z 05003KT 9SM CLR 28/18 A2994 RMK AO2 SLP125 T02830178 53009
STL,2023-06-21 03:51,KSTL 210351Z 03004KT 10SM CLR 27/18 A2994 RMK AO2 SLP126 T02670183
STL,2023-06-21 04:51,KSTL 210451Z 34005KT 10SM CLR 24/18 A2994 RMK AO2 SLP125 T02440183
STL,2023-06-21 05:51,KSTL 210551Z 06009KT 10SM CLR 26/18 A2995 RMK AO2 SLP127 T02560178 10311 20244 403220194 53001
STL,2023-06-21 06:51,KSTL 210651Z 05006KT 10SM CLR 24/17 A2994 RMK AO2 SLP125 T02390172
STL,2023-06-21 07:51,KSTL 210751Z 06006KT 10SM CLR 23/17 A2994 RMK AO2 SLP124 T02330172
STL,2023-06-21 08:51,KSTL 210851Z 05006KT 10SM CLR 23/17 A2996 RMK AO2 SLP131 T02280172 53003
STL,2023-06-21 09:51,KSTL 210951Z 05006KT 10SM CLR 22/17 A2997 RMK AO2 SLP133 T02220172
STL,2023-06-21 10:51,KSTL 211051Z 03005KT 10SM FEW040 22/17 A2999 RMK AO2 SLP141 T02170172
STL,2023-06-21 11:51,KSTL 211151Z 07008KT 10SM FEW040 22/17 A2998 RMK AO2 SLP140 T02170172 10256 20211 50008
STL,2023-06-21 12:51,KSTL 211251Z 08010KT 10SM FEW015 FEW040 23/18 A2999 RMK AO2 SLP144 T02280178
STL,2023-06-21 13:51,KSTL 211351Z 10007KT 10SM FEW017 FEW041 23/18 A3000 RMK AO2 SLP146 T02330178
STL,2023-06-21 14:51,KSTL 211451Z 11006KT 10SM FEW022 FEW042 25/19 A2999 RMK AO2 SLP141 T02500189 50001
STL,2023-06-21 15:51,KSTL 211551Z 06011KT 10SM FEW028 26/18 A2999 RMK AO2 SLP144 T02610183
STL,2023-06-21 16:51,KSTL 211651Z 07012G15KT 10SM SCT032 28/18 A2999 RMK AO2 SLP144 T02780183
STL,2023-06-21 17:51,KSTL 211751Z 07012G18KT 10SM BKN039 29/18 A2998 RMK AO2 SLP139 T02890183 10289 20217 58001
STL,2023-06-21 18:51,KSTL 211851Z 09013KT 10SM BKN044 29/18 A2998 RMK AO2 SLP138 T02940178
STL,2023-06-21 19:51,KSTL 211951Z 08011G17KT 10SM BKN050 29/18 A2998 RMK AO2 SLP139 T02940178
STL,2023-06-21 20:51,KSTL 212051Z 06008G16KT 10SM SCT055 BKN075 31/18 A2998 RMK AO2 SLP138 T03060178 56002
STL,2023-06-21 21:51,KSTL 212151Z 09005KT 10SM SCT050 BKN085 31/18 A2998 RMK AO2 SLP140 T03060178
STL,2023-06-21 22:51,KSTL 212251Z 06012KT 10SM SCT050TCU BKN100 31/17 A2996 RMK AO2 SLP134 TCU SE-S T03060172
STL,2023-06-21 23:51,KSTL 212351Z 07012G22KT 10SM SCT055 SCT100 29/16 A2995 RMK AO2 SLP129 T02940161 10311 20289 58010
STL,2023-06-22 00:51,KSTL 220051Z 07012KT 10SM FEW050 SCT100 SCT250 28/17 A2994 RMK AO2 SLP128 T02830167
STL,2023-06-22 01:51,KSTL 220151Z 08010KT 10SM FEW050 SCT250 27/16 A2994 RMK AO2 SLP128 T02720161
STL,2023-06-22 02:51,KSTL 220251Z 10011KT 10SM FEW050 FEW250 27/16 A2996 RMK AO2 SLP133 T02670156 53004
STL,2023-06-22 03:51,KSTL 220351Z 11011KT 10SM FEW250 25/14 A2996 RMK AO2 SLP133 T02500144
STL,2023-06-22 04:51,KSTL 220451Z 10006KT 10SM FEW250 24/15 A2997 RMK AO2 SLP135 T02390150
STL,2023-06-22 05:51,KSTL 220551Z 15003KT 10SM FEW250 24/14 A2997 RMK AO2 SLP136 T02390144 10294 20228 403110211 53003
STL,2023-06-22 06:51,KSTL 220651Z 28003KT 10SM CLR 22/15 A2998 RMK AO2 SLP139 T02220150
STL,2023-06-22 07:51,KSTL 220751Z 00000KT 10SM CLR 22/15 A2999 RMK AO2 SLP143 T02170150
STL,2023-06-22 08:51,KSTL 220851Z 00000KT 10SM FEW250 21/16 A3000 RMK AO2 SLP146 T02110156 53010 $
STL,2023-06-22 09:51,KSTL 220951Z 00000KT 10SM FEW250 21/15 A3000 RMK AO2 SLP148 T02060150 $
STL,2023-06-22 10:51,KSTL 221051Z 00000KT 10SM FEW120 FEW250 20/16 A3002 RMK AO2 SLP152 T02000156 $
STL,2023-06-22 11:51,KSTL 221151Z 02005KT 10SM FEW250 22/17 A3002 RMK AO2 SLP153 T02170167 10239 20194 51006 $
STL,2023-06-22 12:51,KSTL 221251Z 36005KT 10SM FEW250 24/17 A3002 RMK AO2 SLP154 T02390172
STL,2023-06-22 13:51,KSTL 221351Z 01008KT 10SM FEW250 26/17 A3001 RMK AO2 SLP150 T02610167
STL,2023-06-22 14:51,KSTL 221451Z 02006KT 10SM SCT250 28/16 A3000 RMK AO2 SLP146 T02780161 58005
STL,2023-06-22 15:51,KSTL 221551Z 02010KT 10SM FEW060 BKN250 29/17 A3000 RMK AO2 SLP146 T02890167
STL,2023-06-22 16:51,KSTL 221651Z 02008KT 10SM FEW060 SCT080 BKN250 29/16 A3000 RMK AO2 SLP146 T02940161
STL,2023-06-22 17:51,KSTL 221751Z 05008KT 320V070 10SM FEW050 SCT065 SCT250 29/16 A2998 RMK AO2 SLP139 T02940161 10300 20217 58007
STL,2023-06-22 18:51,KSTL 221851Z 33007KT 10SM SCT055 BKN075 BKN250 31/17 A2996 RMK AO2 SLP134 T03110167
STL,2023-06-22 19:51,KSTL 221951Z 34008KT 10SM FEW065 SCT090 BKN110 BKN250 31/16 A2995 RMK AO2 SLP130 T03110161
STL,2023-06-22 20:51,KSTL 222051Z 08009KT 10SM FEW060 BKN100 BKN250 29/16 A2994 RMK AO2 SLP128 T02940161 56011
STL,2023-06-22 21:51,KSTL 222151Z 05008KT 10SM FEW060 BKN110 BKN250 31/15 A2993 RMK AO2 RAB2059E08 SLP124 P0000 T03060150
STL,2023-06-22 22:51,KSTL 222251Z 06006KT 10SM FEW060 SCT110 BKN250 30/16 A2992 RMK AO2 SLP122 T03000156
STL,2023-06-22 23:51,KSTL 222351Z 04005KT 10SM FEW060 BKN110 BKN250 29/16 A2992 RMK AO2 SLP120 60000 T02940156 10317 20289 56007
STL,2023-06-23 00:51,KSTL 230051Z 36004KT 10SM SCT095 BKN250 29/16 A2991 RMK AO2 SLP117 T02890156
STL,2023-06-23 01:51,KSTL 230151Z 00000KT 10SM FEW100 SCT250 27/16 A2991 RMK AO2 SLP117 T02670161
STL,2023-06-23 02:51,KSTL 230251Z 32004KT 10SM FEW100 FEW250 27/17 A2993 RMK AO2 SLP121 T02670167 53003
STL,2023-06-23 03:51,KSTL 230351Z 05005KT 10SM FEW100 25/16 A2994 RMK AO2 SLP126 T02500161
STL,2023-06-23 04:51,KSTL 230451Z 00000KT 10SM FEW100 24/16 A2994 RMK AO2 SLP124 T02440161
STL,2023-06-23 05:51,KSTL 230551Z 00000KT 10SM CLR 23/16 A2994 RMK AO2 SLP124 T02330161 10300 20233 403170194 50002 $
STL,2023-06-23 06:51,KSTL 230651Z 00000KT 10SM CLR 23/16 A2993 RMK AO2 SLP123 T02280161 $
STL,2023-06-23 07:51,KSTL 230751Z 00000KT 10SM SCT095 22/17 A2994 RMK AO2 SLP124 T02170167 $
STL,2023-06-23 08:51,KSTL 230851Z 00000KT 10SM BKN100 22/18 A2993 RMK AO2 SLP124 T02170178 58001 $
STL,2023-06-23 09:51,KSTL 230951Z 00000KT 10SM SCT100 21/18 A2994 RMK AO2 SLP125 T02060178 $
STL,2023-06-23 10:51,KSTL 231051Z 36004KT 10SM BKN095 BKN250 21/18 A2995 RMK AO2 SLP131 T02060178 $
STL,2023-06-23 11:51,KSTL 231151Z 27004KT 8SM BKN095 BKN250 22/18 A2996 RMK AO2 SLP132 T02170183 10239 20200 51008 $
STL,2023-06-23 12:51,KSTL 231251Z 29003KT 8SM SCT095 SCT250 24/19 A2997 RMK AO2 SLP137 ACC OHD T02440189
STL,2023-06-23 13:51,KSTL 231351Z 32004KT 10SM SCT095 BKN250 26/18 A2999 RMK AO2 SLP141 T02610183
STL,2023-06-23 14:51,KSTL 231451Z 33005KT 10SM BKN095 BKN250 27/17 A2999 RMK AO2 SLP141 T02720167 51010
STL,2023-06-23 15:51,KSTL 231551Z 35006KT 10SM FEW095 SCT250 29/16 A2999 RMK AO2 SLP141 T02940161
STL,2023-06-23 16:51,KSTL 231651Z VRB04KT 10SM FEW060 FEW095 SCT250 30/17 A2998 RMK AO2 SLP140 T03000172
STL,2023-06-23 17:51,KSTL 231751Z VRB03KT 10SM FEW060 FEW250 32/16 A2997 RMK AO2 SLP135 T03170156 10317 20217 58005
STL,2023-06-23 18:51,KSTL 231851Z 02013G18KT 10SM FEW065 FEW250 32/14 A2994 RMK AO2 SLP127 T03220144
STL,2023-06-23 19:51,KSTL 231951Z 32006KT 10SM FEW065 FEW250 32/14 A2994 RMK AO2 SLP126 T03220139
STL,2023-06-23 20:51,KSTL 232051Z 35004KT 10SM FEW070 FEW250 32/13 A2994 RMK AO2 SLP125 T03220133 56010
STL,2023-06-23 21:51,KSTL 232151Z COR 03008KT 360V070 10SM FEW070 FEW250 32/13 A2993 RMK AO2 SLP122 T03220133
STL,2023-06-23 22:51,KSTL 232251Z COR 01004KT 10SM FEW070 SCT250 32/13 A2992 RMK AO2 SLP119 T03220133
STL,2023-06-23 23:51,KSTL 232351Z 07007KT 10SM BKN250 31/14 A2991 RMK AO2 SLP115 T03060139 10328 20306 58010
STL,2023-06-24 00:51,KSTL 240051Z 08007KT 10SM BKN250 28/14 A2990 RMK AO2 SLP114 T02830144
STL,2023-06-24 01:51,KSTL 240151Z 09004KT 10SM FEW200 BKN250 28/15 A2991 RMK AO2 SLP114 T02780150
STL,2023-06-24 02:51,KSTL 240251Z 12005KT 10SM BKN250 27/14 A2992 RMK AO2 SLP117 T02720144 53003 $
STL,2023-06-24 03:51,KSTL 240351Z 13005KT 10SM BKN250 27/14 A2993 RMK AO2 SLP120 T02670144 $
STL,2023-06-24 04:51,KSTL 240451Z 12004KT 10SM SCT085 SCT250 26/14 A2993 RMK AO2 SLP122 T02560144 $
STL,2023-06-24 05:51,KSTL 240551Z 00000KT 10SM BKN080 25/15 A2994 RMK AO2 SLP124 T02500150 10306 20239 403280200 51007 $
STL,2023-06-24 06:51,KSTL 240651Z 16004KT 10SM FEW080 FEW250 26/13 A2993 RMK AO2 SLP120 T02560133 $
STL,2023-06-24 07:51,KSTL 240751Z 00000KT 10SM FEW250 24/14 A2992 RMK AO2 SLP117 T02440139 $
STL,2023-06-24 08:51,KSTL 240851Z 00000KT 10SM FEW250 23/13 A2993 RMK AO2 SLP122 T02330133 55003 $
STL,2023-06-24 09:51,KSTL 240951Z 00000KT 10SM FEW250 24/13 A2993 RMK AO2 SLP120 T02390133 $
STL,2023-06-24 10:51,KSTL 241051Z 00000KT 10SM SCT100 SCT250 24/13 A2993 RMK AO2 SLP120 T02390133 $
STL,2023-06-24 11:51,KSTL 241151Z 19003KT 10SM SCT090 SCT250 25/14 A2994 RMK AO2 SLP124 T02500144 10261 20233 53002 $
STL,2023-06-24 12:51,KSTL 241251Z 20005KT 10SM SCT090 SCT250 27/15 A2995 RMK AO2 SLP129 T02670150 $
STL,2023-06-24 13:51,KSTL 241351Z 22003KT 10SM FEW075 28/16 A2995 RMK AO2 SLP127 T02830161 $
STL,2023-06-24 14:51,KSTL 241451Z VRB03KT 10SM CLR 31/17 A2993 RMK AO2 SLP120 T03060172 58002 $
STL,2023-06-24 15:51,KSTL 241551Z VRB04KT 10SM CLR 32/17 A2993 RMK AO2 SLP120 T03220172 $
STL,2023-06-24 16:51,KSTL 241651Z 18008KT 10SM FEW080 33/17 A2992 RMK AO2 SLP116 T03330172 $
STL,2023-06-24 17:51,KSTL 241751Z 22010KT 10SM FEW080 34/17 A2991 RMK AO2 SLP114 T03440167 10344 20250 58005 $
STL,2023-06-24 18:51,KSTL 241851Z 17008KT 10SM FEW080 SCT120 34/17 A2988 RMK AO2 SLP102 T03390167 $
STL,2023-06-24 19:51,KSTL 241951Z 15011G17KT 10SM FEW080 SCT120 34/17 A2986 RMK AO2 SLP097 T03440167 $
STL,2023-06-24 20:51,KSTL 242051Z 18011G18KT 10SM FEW075 SCT120 BKN220 35/17 A2983 RMK AO2 SLP088 T03500167 56025 $
STL,2023-06-24 21:51,KSTL 242151Z 16010KT 10SM FEW070 SCT200 36/16 A2980 RMK AO2 SLP077 T03560161 $
STL,2023-06-24 22:51,KSTL 242251Z 17012KT 10SM FEW070 SCT250 36/16 A2979 RMK AO2 SLP072 T03560161 $
STL,2023-06-24 23:51,KSTL 242351Z 20009KT 10SM FEW070 SCT250 35/17 A2979 RMK AO2 SLP072 T03500172 10361 20339 55016 $
STL,2023-06-25 00:51,KSTL 250051Z 17008KT 10SM FEW070 SCT110 34/18 A2979 RMK AO2 SLP074 T03390183 $
STL,2023-06-25 02:51,KSTL 250251Z 21012KT 10SM SCT110 32/19 A2981 RMK AO2 SLP079 T03220189 53008 $
STL,2023-06-25 03:51,KSTL 250351Z COR 19013G20KT 10SM FEW110 31/19 A2980 RMK AO2 LTG DSNT NW SLP076 T03110194 $
STL,2023-06-25 04:51,KSTL 250451Z 20012KT 10SM FEW110 FEW250 30/19 A2981 RMK AO2 SLP078 T03000194 $
STL,2023-06-25 05:51,KSTL 250551Z 20009KT 10SM FEW110 FEW250 29/20 A2979 RMK AO2 SLP070 T02940200 10350 20294 403610233 58008 $
STL,2023-06-25 06:51,KSTL 250651Z 21013KT 10SM FEW100 FEW250 29/20 A2978 RMK AO2 SLP068 T02890200 $
STL,2023-06-25 07:51,KSTL 250751Z 21012KT 10SM FEW100 28/21 A2977 RMK AO2 SLP064 T02830206 $
STL,2023-06-25 08:51,KSTL 250851Z 23009G17KT 10SM FEW100 28/21 A2976 RMK AO2 SLP060 T02780211 58011 $
STL,2023-06-25 09:51,KSTL 250951Z 26013KT 10SM CLR 27/21 A2977 RMK AO2 SLP063 T02720211 $
STL,2023-06-25 10:51,KSTL 251051Z 25010KT 10SM FEW100 27/22 A2977 RMK AO2 SLP066 T02720217 $
STL,2023-06-25 11:51,KSTL 251151Z 25012KT 10SM CLR 28/22 A2978 RMK AO2 SLP068 T02780222 10294 20272 51007 $
STL,2023-06-25 12:51,KSTL 251251Z 26009KT 10SM FEW250 29/23 A2979 RMK AO2 SLP070 T02890228 $
STL,2023-06-25 13:51,KSTL 251351Z 28012KT 10SM FEW040 FEW250 31/20 A2978 RMK AO2 SLP069 T03110200 $
STL,2023-06-25 14:51,KSTL 251451Z 28013G19KT 10SM FEW250 33/19 A2978 RMK AO2 SLP068 T03280189 50001 $
STL,2023-06-25 15:51,KSTL 251551Z 30010KT 10SM CLR 33/19 A2978 RMK AO2 SLP069 T03330189 $
STL,2023-06-25 16:51,KSTL 251651Z 30011KT 10SM CLR 33/17 A2979 RMK AO2 SLP073 T03330172 $
STL,2023-06-25 17:51,KSTL 251751Z 25020G32KT 10SM CLR 34/15 A2978 RMK AO2 PK WND 26032/1749 SLP069 T03440150 10344 20278 50001 $
STL,2023-06-25 18:51,KSTL 251851Z 29017G31KT 10SM FEW060 35/12 A2977 RMK AO2 PK WND 27033/1758 SLP063 T03500122 $
STL,2023-06-25 19:51,KSTL 251951Z 27018G31KT 10SM FEW060 36/11 A2975 RMK AO2 PK WND 29033/1914 SLP057 T03560111 $
STL,2023-06-25 20:51,KSTL 252051Z 28020G29KT 10SM FEW070 35/11 A2973 RMK AO2 PK WND 26031/2024 SLP051 T03500111 58018 $
STL,2023-06-25 21:51,KSTL 252151Z 28020G29KT 10SM FEW070 34/10 A2972 RMK AO2 PK WND 29030/2140 SLP048 T03440100 $
STL,2023-06-25 22:51,KSTL 252251Z 29016G28KT 10SM FEW070 FEW250 33/09 A2972 RMK AO2 PK WND 31031/2217 SLP049 T03280089 $
STL,2023-06-25 23:51,KSTL 252351Z 30013G28KT 10SM FEW070 FEW250 32/09 A2972 RMK AO2 PK WND 28031/2323 SLP050 TCU DSNT SE AND DSNT S T03170089 10356 20317 55002 $
STL,2023-06-26 00:51,KSTL 260051Z 30011G20KT 10SM FEW080 FEW250 31/10 A2973 RMK AO2 PK WND 29027/0001 SLP054 T03060100 $
STL,2023-06-26 01:51,KSTL 260151Z 30008KT 10SM FEW080 FEW250 29/12 A2975 RMK AO2 SLP059 T02940122 $
STL,2023-06-26 02:51,KSTL 260251Z 29009KT 10SM FEW080 27/13 A2977 RMK AO2 SLP067 T02720128 53017 $
STL,2023-06-26 03:51,KSTL 260351Z 29008KT 10SM FEW250 27/13 A2978 RMK AO2 SLP069 T02670133 $
STL,2023-06-26 04:51,KSTL 260451Z 29008KT 10SM CLR 26/13 A2978 RMK AO2 SLP069 T02560133 $
STL,2023-06-26 05:51,KSTL 260551Z 28009KT 10SM CLR 24/13 A2978 RMK AO2 SLP068 T02440133 10317 20244 403560244 50002 $
STL,2023-06-26 06:51,KSTL 260651Z 29012KT 10SM CLR 24/13 A2978 RMK AO2 SLP069 T02440133 $
STL,2023-06-26 07:51,KSTL 260751Z 29012KT 10SM CLR 24/13 A2978 RMK AO2 SLP069 T02390133 $
STL,2023-06-26 08:51,KSTL 260851Z 29011G19KT 10SM CLR 23/14 A2978 RMK AO2 SLP069 T02330139 50000 $
STL,2023-06-26 09:51,KSTL 260951Z 29012G19KT 10SM CLR 23/14 A2978 RMK AO2 SLP069 T02280139 $
STL,2023-06-26 10:51,KSTL 261051Z 29011KT 10SM CLR 22/14 A2979 RMK AO2 SLP073 T02220139 $
STL,2023-06-26 11:51,KSTL 261151Z 29010KT 10SM CLR 23/14 A2980 RMK AO2 SLP078 T02280144 10250 20222 53007 $
STL,2023-06-26 12:51,KSTL 261251Z 30012KT 10SM CLR 23/15 A2982 RMK AO2 SLP083 T02330150
STL,2023-06-26 13:51,KSTL 261351Z 31010G21KT 10SM CLR 24/16 A2982 RMK AO2 SLP083 T02440156
STL,2023-06-26 14:51,KSTL 261451Z 28014G21KT 10SM FEW032 26/16 A2982 RMK AO2 SLP085 T02610161 51006
STL,2023-06-26 15:51,KSTL 261551Z 27012G20KT 10SM FEW039 27/16 A2981 RMK AO2 SLP080 T02720161
STL,2023-06-26 16:51,KSTL 261651Z 29011G21KT 10SM BKN045 28/16 A2981 RMK AO2 SLP082 T02780156
STL,2023-06-26 17:51,KSTL 261751Z 30013G21KT 10SM SCT055 28/14 A2981 RMK AO2 SLP084 T02830139 10294 20228 55001
STL,2023-06-26 18:51,KSTL 261851Z 29014G22KT 10SM SCT060 31/14 A2982 RMK AO2 PK WND 29027/1823 SLP085 T03060144
STL,2023-06-26 19:51,KSTL 261951Z 30015G23KT 10SM FEW060 31/14 A2981 RMK AO2 PK WND 29028/1928 SLP083 T03060144
STL,2023-06-26 20:51,KSTL 262051Z 31019G25KT 10SM SCT065 31/14 A2981 RMK AO2 PK WND 29026/2015 SLP083 T03060144 50000
STL,2023-06-26 21:51,KSTL 262151Z 32018G27KT 10SM SCT065 31/14 A2982 RMK AO2 PK WND 32027/2151 SLP085 T03060139
STL,2023-06-26 22:51,KSTL 262251Z 33014KT 10SM SCT065 29/14 A2982 RMK AO2 PK WND 32028/2218 SLP085 T02940139
STL,2023-06-26 23:51,KSTL 262351Z 33008KT 10SM FEW070 SCT080 28/14 A2983 RMK AO2 SLP089 T02780144 10311 20278 53004
STL,2023-06-27 00:51,KSTL 270051Z 33008KT 10SM FEW070 28/14 A2984 RMK AO2 SLP092 T02780144
STL,2023-06-27 01:51,KSTL 270151Z 33005KT 10SM FEW065 26/15 A2984 RMK AO2 SLP093 T02610150
STL,2023-06-27 02:51,KSTL 270251Z 31005KT 10SM FEW065 24/15 A2986 RMK AO2 SLP099 T02440150 53009
STL,2023-06-27 03:51,KSTL 270351Z 34004KT 10SM CLR 23/15 A2987 RMK AO2 SLP103 T02330150
STL,2023-06-27 04:51,KSTL 270451Z 31004KT 10SM CLR 22/15 A2987 RMK AO2 SLP104 T02220150
STL,2023-06-27 05:51,KSTL 270551Z 29003KT 10SM CLR 22/16 A2988 RMK AO2 SLP107 T02220156 10283 20222 403110222 51008
STL,2023-06-27 06:51,KSTL 270651Z 29003KT 10SM CLR 22/16 A2988 RMK AO2 SLP105 T02220156
STL,2023-06-27 07:51,KSTL 270751Z 30003KT 10SM CLR 21/15 A2988 RMK AO2 SLP105 T02110150
STL,2023-06-27 08:51,KSTL 270851Z 27005KT 10SM CLR 21/15 A2989 RMK AO2 SLP108 T02060150 53001
STL,2023-06-27 09:51,KSTL 270951Z 26004KT 10SM CLR 21/15 A2990 RMK AO2 SLP112 T02060150
STL,2023-06-27 10:51,KSTL 271051Z 27007KT 10SM CLR 20/16 A2991 RMK AO2 SLP116 T02000156
STL,2023-06-27 11:51,KSTL 271151Z 28006KT 10SM FEW250 21/16 A2992 RMK AO2 SLP121 T02110156 10222 20194 52012
STL,2023-06-27 12:51,KSTL 271251Z 30006KT 10SM FEW250 23/17 A2993 RMK AO2 SLP123 T02280167
STL,2023-06-27 13:51,KSTL 271351Z 34007KT 10SM FEW250 24/16 A2995 RMK AO2 SLP132 T02440161
STL,2023-06-27 14:51,KSTL 271451Z 29006KT 10SM FEW250 26/16 A2995 RMK AO2 SLP130 T02610161 50009
STL,2023-06-27 15:51,KSTL 271551Z 34010G15KT 10SM FEW050 FEW250 27/16 A2995 RMK AO2 SLP131 T02720156
STL,2023-06-27 16:51,KSTL 271651Z 35010KT 10SM FEW043 FEW250 28/16 A2994 RMK AO2 SLP127 T02830161
STL,2023-06-27 17:51,KSTL 271751Z COR VRB05KT 10SM FEW045 SCT250 29/16 A2995 RMK AO2 SLP131 T02940156 10294 20211 53003
STL,2023-06-27 18:51,KSTL 271851Z 35009KT 10SM FEW050 SCT250 31/15 A2995 RMK AO2 SLP129 T03060150
STL,2023-06-27 19:51,KSTL 271951Z 02006G14KT 10SM FEW050 FEW200 BKN250 31/15 A2993 RMK AO2 SLP122 T03060150
STL,2023-06-27 20:51,KSTL 272051Z COR VRB03KT 10SM FEW050 FEW200 BKN250 31/14 A2992 RMK AO2 SLP119 T03110144 58012
STL,2023-06-27 21:51,KSTL 272151Z VRB04KT 10SM FEW050 BKN250 30/15 A2992 RMK AO2 SLP122 T03000150
STL,2023-06-27 22:51,KSTL 272251Z 36006KT 10SM BKN250 30/15 A2991 RMK AO2 SLP117 T03000150
STL,2023-06-27 23:51,KSTL 272351Z 03005KT 10SM BKN250 29/14 A2989 RMK AO2 SLP111 T02940144 10317 20289 58009
STL,2023-06-28 00:51,KSTL 280051Z 04008KT 3SM FU BKN250 28/16 A2990 RMK AO2 SLP115 T02830156
STL,2023-06-28 01:51,KSTL 280151Z 08005KT 2SM FU SCT250 25/16 A2991 RMK AO2 SLP116 T02500156
STL,2023-06-28 02:51,KSTL 280251Z 06003KT 3SM FU FEW250 26/16 A2993 RMK AO2 SLP123 T02610156 53013
STL,2023-06-28 03:51,KSTL 280351Z 06005KT 3SM FU FEW250 25/16 A2995 RMK AO2 SLP128 T02500156
STL,2023-06-28 04:51,KSTL 280451Z 13004KT 3SM FU CLR 24/16 A2994 RMK AO2 SLP126 T02390161
STL,2023-06-28 05:51,KSTL 280551Z 10003KT 3SM FU SCT250 24/16 A2995 RMK AO2 SLP129 T02390161 10294 20228 403170194 51006
STL,2023-06-28 06:51,KSTL 280651Z 00000KT 3SM FU FEW250 23/17 A2995 RMK AO2 SLP129 T02330167
STL,2023-06-28 07:51,KSTL 280751Z 07006KT 3SM FU CLR 22/17 A2995 RMK AO2 SLP129 T02170167
STL,2023-06-28 08:51,KSTL 280851Z 11005KT 3SM FU FEW250 21/17 A2995 RMK AO2 SLP129 T02110167 50000
STL,2023-06-28 09:51,KSTL 280951Z 13007KT 3SM FU FEW250 22/17 A2996 RMK AO2 SLP131 T02170167
STL,2023-06-28 10:51,KSTL 281051Z 11008KT 3SM FU FEW200 BKN250 22/16 A2997 RMK AO2 SLP136 T02170161
STL,2023-06-28 11:51,KSTL 281151Z 12010KT 3SM FU SCT120 BKN250 23/16 A2998 RMK AO2 SLP141 ACC OHD T02280161 10244 20211 53011
STL,2023-06-28 12:51,KSTL 281251Z 12013KT 3SM FU FEW120 BKN250 24/17 A2996 RMK AO2 SLP133 ACC N T02390167
STL,2023-06-28 13:51,KSTL 281351Z 12012KT 2 1/2SM FU FEW120 BKN250 25/17 A2996 RMK AO2 SLP132 T02500167
STL,2023-06-28 14:51,KSTL 281451Z 13017G23KT 2 1/2SM FU SCT120 SCT170 BKN230 27/17 A2992 RMK AO2 SLP119 T02670167 58021
STL,2023-06-28 15:51,KSTL 281551Z 08009KT 3SM FU SCT090 SCT150 BKN250 27/17 A2997 RMK AO2 PRESRR SLP137 T02670172
STL,2023-06-28 16:51,KSTL 281651Z 11013KT 3SM FU FEW090 BKN150 BKN250 28/17 A2997 RMK AO2 SLP138 T02830172
STL,2023-06-28 17:51,KSTL 281751Z 15010KT 4SM FU FEW032 SCT090 BKN140 BKN250 29/18 A2997 RMK AO2 LTG DSNT E SLP137 T02890178 10294 20228 50018
STL,2023-06-28 18:51,KSTL 281851Z 14010KT 5SM HZ FEW090 BKN150 BKN250 29/18 A2994 RMK AO2 PRESFR SLP127 T02940178
STL,2023-06-28 19:51,KSTL 281951Z 16014G21KT 6SM HZ FEW100 BKN150 BKN250 32/19 A2989 RMK AO2 SLP108 T03220189
STL,2023-06-28 20:51,KSTL 282051Z COR 14014KT 8SM FEW090 SCT150 SCT250 33/18 A2987 RMK AO2 LTG DSNT NW SLP102 T03330183 56033
STL,2023-06-28 21:51,KSTL 282151Z 15009KT 10SM FEW065 FEW100 BKN150 32/18 A2986 RMK AO2 RAB09E26 SLP098 P0000 T03220183
STL,2023-06-28 22:51,KSTL 282251Z 14013KT 10SM SCT070 BKN150 33/19 A2985 RMK AO2 SLP094 T03330189
STL,2023-06-28 23:51,KSTL 282351Z 14011KT 10SM FEW070 SCT150 32/19 A2984 RMK AO2 SLP092 60000 T03220189 10339 20283 56009
STL,2023-06-29 00:51,KSTL 290051Z 15012KT 10SM FEW070 SCT150 32/18 A2984 RMK AO2 SLP092 T03170183
STL,2023-06-29 01:51,KSTL 290151Z 15011KT 10SM FEW150 31/18 A2984 RMK AO2 SLP092 T03060183
STL,2023-06-29 02:51,KSTL 290251Z 17010KT 10SM FEW150 30/19 A2985 RMK AO2 SLP095 T03000189 53003
STL,2023-06-29 03:51,KSTL 290351Z 19009KT 10SM FEW150 29/19 A2986 RMK AO2 SLP096 T02940189
STL,2023-06-29 04:51,KSTL 290451Z 18015G19KT 10SM FEW070 FEW150 29/19 A2985 RMK AO2 SLP096 T02940194
STL,2023-06-29 05:51,KSTL 290551Z 18010KT 10SM FEW070 SCT150 29/20 A2985 RMK AO2 SLP093 T02890200 10322 20289 403390211 58002
STL,2023-06-29 06:51,KSTL 290651Z 19009KT 10SM FEW070 FEW150 28/20 A2984 RMK AO2 SLP092 T02830200
STL,2023-06-29 07:51,KSTL 290751Z 19007KT 10SM SCT070 SCT200 28/21 A2984 RMK AO2 SLP088 T02830211
STL,2023-06-29 08:51,KSTL 290851Z 19006KT 10SM FEW070 FEW200 28/22 A2983 RMK AO2 SLP086 T02780217 58005
STL,2023-06-29 09:51,KSTL 290951Z 19005KT 10SM SCT070 BKN200 28/22 A2984 RMK AO2 SLP089 T02780222
STL,2023-06-29 10:51,KSTL 291051Z 19006KT 10SM FEW075 SCT200 SCT250 28/23 A2985 RMK AO2 SLP093 T02780228
STL,2023-06-29 11:51,KSTL 291151Z 00000KT 10SM FEW050 BKN120 29/23 A2987 RMK AO2 SLP098 ACC OHD T02890228 10289 20278 53013
STL,2023-06-29 12:51,KSTL 291251Z 21005KT 10SM FEW100 BKN130 30/23 A2987 RMK AO2 SLP098 VIRGA W ACC OHD T03000233
STL,2023-06-29 13:51,KSTL 291351Z 24009KT 10SM FEW100 SCT130 BKN250 30/23 A2988 RMK AO2 SLP101 VIRGA N AND W T03000233
STL,2023-06-29 14:51,KSTL 291451Z 25014G22KT 10SM FEW100 FEW130 SCT250 33/23 A2985 RMK AO2 SLP093 ACC SW T03280233 58005
STL,2023-06-29 15:51,KSTL 291551Z 25010KT 10SM FEW100 BKN160 BKN200 33/23 A2985 RMK AO2 SLP094 T03330228
STL,2023-06-29 16:51,KSTL 291651Z 26013G24KT 10SM FEW060 FEW100 BKN150 BKN250 34/23 A2988 RMK AO2 PRESRR SLP102 T03440228
STL,2023-06-29 17:51,KSTL 291751Z 33015G38KT 10SM SCT039 BKN050 BKN075 28/18 A2989 RMK AO2 PK WND 33038/1744 LTG DSNT N-E SLP106 CB DSNT N-NE MOV SE T02830183 10350 20283 51012
STL,2023-06-29 18:51,KSTL 291851Z 10008KT 10SM FEW040 SCT075 BKN110 OVC200 28/18 A2986 RMK AO2 SLP098 T02780178
STL,2023-06-29 19:51,KSTL 291951Z 13010KT 10SM SCT100 BKN210 28/19 A2985 RMK AO2 SLP094 T02830189
STL,2023-06-29 20:51,KSTL 292051Z 02010G16KT 10SM FEW100 OVC250 29/19 A2992 RMK AO2 SLP117 T02890189 53011
STL,2023-06-29 21:51,KSTL 292151Z 09012KT 10SM FEW120 BKN250 28/19 A2992 RMK AO2 SLP117 T02780189
STL,2023-06-29 22:51,KSTL 292251Z 08011KT 10SM FEW110 BKN250 29/20 A2991 RMK AO2 SLP115 T02940200
STL,2023-06-29 23:51,KSTL 292351Z 09011KT 10SM FEW110 BKN250 29/21 A2991 RMK AO2 SLP114 T02890211 10300 20272 58004
STL,2023-06-30 00:51,KSTL 300051Z 08008KT 10SM FEW050 FEW110 SCT250 28/21 A2989 RMK AO2 SLP108 CB DSNT E MOV SE T02830211
STL,2023-06-30 01:51,KSTL 300151Z 12007KT 10SM FEW110 SCT250 28/21 A2990 RMK AO2 SLP110 T02780211
STL,2023-06-30 02:51,KSTL 300251Z 13011KT 10SM FEW110 FEW250 27/21 A2989 RMK AO2 SLP108 T02670211 56005
STL,2023-06-30 03:51,KSTL 300351Z 10007KT 10SM SCT250 26/21 A2989 RMK AO2 SLP107 T02610211
STL,2023-06-30 04:51,KSTL 300451Z 07005KT 10SM BKN250 25/21 A2989 RMK AO2 SLP107 T02500206
STL,2023-06-30 05:51,KSTL 300551Z 04003KT 10SM SCT250 26/21 A2990 RMK AO2 SLP110 T02560211 10289 20250 403500250 53001
STL,2023-06-30 06:51,KSTL 300651Z 36004KT 10SM FEW250 24/21 A2990 RMK AO2 SLP113 T02440211
STL,2023-06-30 07:51,KSTL 300751Z 00000KT 10SM FEW250 24/21 A2991 RMK AO2 SLP114 T02390211
STL,2023-06-30 08:51,KSTL 300851Z 00000KT 10SM CLR 24/21 A2990 RMK AO2 SLP113 T02390206 50001
STL,2023-06-30 09:51,KSTL 300951Z 05003KT 10SM FEW100 FEW250 23/21 A2991 RMK AO2 SLP116 T02330206
STL,2023-06-30 10:51,KSTL 301051Z 10003KT 10SM FEW130 BKN250 23/21 A2993 RMK AO2 SLP122 T02330206
STL,2023-06-30 11:51,KSTL 301151Z 00000KT 10SM BKN250 24/21 A2994 RMK AO2 SLP127 T02440206 10256 20228 53014
STL,2023-06-30 12:51,KSTL 301251Z 00000KT 10SM BKN250 26/21 A2995 RMK AO2 SLP128 T02560206
STL,2023-06-30 13:51,KSTL 301351Z 11004KT 10SM BKN250 27/21 A2995 RMK AO2 SLP128 T02720211
STL,2023-06-30 14:51,KSTL 301451Z 06004KT 10SM FEW200 BKN250 29/22 A2995 RMK AO2 SLP129 T02940222 51005
STL,2023-06-30 15:51,KSTL 301551Z 28006KT 10SM BKN250 33/23 A2995 RMK AO2 SLP128 T03280228
STL,2023-06-30 16:51,KSTL 301651Z 30004KT 10SM FEW050 BKN250 34/23 A2995 RMK AO2 SLP129 T03390228
STL,2023-06-30 17:51,KSTL 301751Z VRB05KT 10SM FEW050 BKN250 34/23 A2995 RMK AO2 SLP126 T03390233 10350 20244 58002
STL,2023-06-30 18:51,KSTL 301851Z 01008KT 10SM SCT035 SCT200 BKN250 34/23 A2994 RMK AO2 SLP123 T03440233
STL,2023-06-30 19:51,KSTL 301951Z 05009KT 10SM FEW040 SCT250 33/24 A2992 RMK AO2 SLP119 T03330239
STL,2023-06-30 20:51,KSTL 302051Z 09004KT 10SM FEW050 SCT250 34/24 A2991 RMK AO2 LTG DSNT SW SLP112 TCU DSNT SW T03440239 58013
STL,2023-06-30 21:51,KSTL 302151Z 10008KT 10SM FEW050 BKN250 34/24 A2989 RMK AO2 LTG DSNT SW SLP108 CB DSNT SE-W MOV NE T03440244
STL,2023-06-30 22:51,KSTL 302251Z 10006KT 10SM FEW050 SCT150 BKN250 34/24 A2985 RMK AO2 LTG DSNT S-W SLP096 CB DSNT S-W MOV NE T03440239
STL,2023-06-30 23:51,KSTL 302351Z 18015G28KT 10SM -TSRA FEW050 SCT090CB BKN130 BKN250 32/21 A2985 RMK AO2 PK WND 20028/2348 LTG DSNT ALQDS RAB16 TSB2255 PRESFR SLP094 FRQ LTGICCGCC SE-W TS SE-W MOV E P0000 60000 T03170206 10356 20317 56019
STL,2023-07-01 00:51,KSTL 010051Z 35003KT 10SM FEW050 FEW090 BKN190 BKN250 28/18 A2985 RMK AO2 PK WND 18028/2357 LTG DSNT E-SW RAE04 TSE45 SLP097 OCNL LTGCG DSNT SW CB DSNT SW AND DSNT NW MOV E P0000 T02780178
STL,2023-07-01 01:51,KSTL 010151Z 07005KT 10SM TS FEW080CB BKN190 BKN250 28/18 A2987 RMK AO2 LTG DSNT ALQDS TSB0057E35B44 SLP103 CONS LTGCGCC SW-W TS SW-W MOV E T02830183
STL,2023-07-01 02:51,KSTL 010251Z 16014KT 7SM R30R/3500VP6000FT -TSRA SCT021 OVC070CB 26/22 A2989 RMK AO2 WSHFT 0236 LTG DSNT ALQDS RAB10GRB12E17B41E46 SLP108 CONS LTGICCCCG ALQDS TS ALQDS MOV E GR 1 P0007 60007 T02560217 50005
STL,2023-07-01 03:51,KSTL 010351Z 24003KT 10SM -RA FEW070 BKN150 OVC250 26/21 A2988 RMK AO2 LTG DSNT E AND SE RAE00B46 TSE23 SLP102 OCNL LTGIC DSNT E CB DSNT E MOV E P0000 T02610211
STL,2023-07-01 04:51,KSTL 010451Z 08005G16KT 10SM OVC250 25/22 A2988 RMK AO2 RAE04 SLP104 P0000 T02500217
STL,2023-07-01 05:51,KSTL 010551Z 11005KT 10SM OVC250 25/22 A2988 RMK AO2 LTG DSNT NE SLP101 60007 T02500217 10311 20250 403560228 56005
STL,2023-07-01 06:51,KSTL 010651Z 17006KT 10SM FEW075 OVC250 26/21 A2985 RMK AO2 LTG DSNT NE SLP094 T02560211
STL,2023-07-01 07:51,KSTL 010751Z 18005KT 10SM OVC250 26/21 A2984 RMK AO2 SLP089 T02610206
STL,2023-07-01 08:51,KSTL 010851Z 00000KT 10SM SCT080 OVC250 26/21 A2985 RMK AO2 LTG DSNT W-N SLP090 CONS LTGICCCCG DNST NW CB DSNT NW MOV NE T02610211 55010
STL,2023-07-01 09:51,KSTL 010951Z 33021G30KT 10SM -TSRA SCT041 SCT070CB BKN100 24/20 A2990 RMK AO2 PK WND 33030/0946 LTG DSNT ALQDS RAB16 TSB0859 SLP109 CONS LTGICCCCG ALQDS TS ALQDS MOV NE P0000 T02440200
STL,2023-07-01 10:51,KSTL 011051Z 04009G17KT 10SM -TSRA FEW045 BKN085CB OVC100 23/21 A2993 RMK AO2 PK WND 32026/0952 LTG DSNT ALQDS SLP121 FRQ LTGICCCCG N-NE TS N-NE MOV NE P0010 T02330206 $
STL,2023-07-01 11:51,KSTL 011151Z 12006KT 10SM SCT014 BKN080 BKN150 23/21 A2990 RMK AO2 LTG DSNT ALQDS RAE41 SLP113 P0001 60011 70018 T02280206 10267 20222 50019 $
STL,2023-07-01 12:51,KSTL 011251Z 13006KT 10SM SCT090 BKN200 24/21 A2990 RMK AO2 SLP113 T02390206 $
STL,2023-07-01 13:51,KSTL 011351Z 16008KT 10SM FEW015 BKN220 25/21 A2991 RMK AO2 SLP117 T02500206 $
STL,2023-07-01 14:51,KSTL 011451Z 15009KT 10SM OVC210 26/21 A2991 RMK AO2 SLP117 T02610211 53004 $
STL,2023-07-01 15:51,KSTL 011551Z 15009KT 10SM BKN190 BKN250 28/22 A2991 RMK AO2 SLP114 T02780217 $
STL,2023-07-01 16:51,KSTL 011651Z 18010KT 10SM FEW050 BKN200 BKN250 29/22 A2989 RMK AO2 SLP109 T02940222 $
STL,2023-07-01 17:51,KSTL 011751Z 20007KT 10SM FEW050 FEW200 BKN250 32/23 A2987 RMK AO2 SLP100 T03170228 10317 20228 58015 $
STL,2023-07-01 18:51,KSTL 011851Z COR 23008KT 10SM FEW041 SCT200 BKN250 34/23 A2983 RMK AO2 SLP086 TCU DSNT SE T03390228 $
STL,2023-07-01 19:51,KSTL 011951Z 00000KT 10SM SCT045TCU BKN250 34/21 A2977 RMK AO2 LTG DSNT W AND NW SLP066 CB DSNT SE AND DSNT W-NW MOV NE TCU W T03390211 $
STL,2023-07-01 20:51,KSTL 012051Z 04010G26KT 3/4SM R30R/3000VP6000FT +TSRA BR SCT008 OVC045CB 22/20 A2984 RMK AO2 PK WND 27048/2038 WSHFT 2028 LTG DSNT ALQDS RAB25 TSB09 SLP095 CONS LTGCGCCIC ALQDS TS ALQDS MOV NE P0076 60076 T02170200 55009
STL,2023-07-01 21:51,KSTL 012151Z 00000KT 10SM -RA FEW010 SCT035 BKN080 OVC250 23/21 A2983 RMK AO2 WSHFT 2038 LTG DSNT ALQDS TSE45 SLP089 P0056 T02280206 $
STL,2023-07-01 22:51,KSTL 012251Z 00000KT 6SM -RA FEW010 SCT055 BKN085 OVC130 23/21 A2982 RMK AO2 LTG DSNT NW SLP088 P0004 T02330206 $
STL,2023-07-01 23:51,KSTL 012351Z 15007KT 10SM FEW016 SCT042 BKN085 OVC250 24/21 A2982 RMK AO2 RAE03B35E43 SLP087 TCU DSNT NW P0001 60137 T02390211 10350 20217 58002 $
STL,2023-07-02 00:51,KSTL 020051Z 18005KT 10SM FEW016 SCT042 SCT090 BKN250 24/21 A2980 RMK AO2 SLP080 TCU DSNT SW T02390211 $
STL,2023-07-02 01:51,KSTL 020151Z 15006KT 10SM FEW008 FEW045 BKN090 BKN250 24/21 A2981 RMK AO2 SLP082 T02440211 $
STL,2023-07-02 02:51,KSTL 020251Z 13004KT 10SM FEW055 BKN250 23/21 A2983 RMK AO2 SLP089 T02330211 53004 $
STL,2023-07-02 03:51,KSTL 020351Z 17003KT 10SM FEW055 BKN240 23/21 A2980 RMK AO2 SLP080 T02330211 $
STL,2023-07-02 04:51,KSTL 020451Z 20004KT 10SM FEW055 SCT250 24/22 A2980 RMK AO2 SLP078 CONS LTGIC DSNT SW-W CB DSNT SW-W MOV E T02390217 $
STL,2023-07-02 05:51,KSTL 020551Z 26014G46KT 2SM R30R/4000VP6000FT +TSRA FEW010 BKN050CB 21/18 A2982 RMK AO2 PK WND 22046/0547 LTG DSNT SE-W RAB40 TSB31 SLP084 CONS LTGICCC S-NW TS S-NW MOV E P0000 60000 T02110178 10244 20211 403500211 55004 $
STL,2023-07-02 06:51,KSTL 020651Z 20006KT 10SM FEW070 SCT150 21/18 A2975 RMK AO2 LTG DSNT E RAE16 TSE33 SLP060 P0017 T02110183 $
STL,2023-07-02 07:51,KSTL 020751Z 22006KT 10SM FEW070 SCT150 21/18 A2976 RMK AO2 SLP064 T02060178 $
STL,2023-07-02 08:51,KSTL 020851Z 23007KT 10SM SCT210 21/18 A2977 RMK AO2 SLP073 60017 T02060178 55015 $
STL,2023-07-02 09:51,KSTL 020951Z 00000KT 10SM SCT150 20/18 A2978 RMK AO2 SLP076 T02000178 $
STL,2023-07-02 10:51,KSTL 021051Z 26005KT 10SM SCT150 20/18 A2981 RMK AO2 SLP084 T02000178 $
STL,2023-07-02 11:51,KSTL 021151Z 26009KT 10SM BKN010 BKN200 21/18 A2983 RMK AO2 SLP092 60017 70154 T02060183 10217 20194 53020 $
STL,2023-07-02 12:51,KSTL 021251Z 21007KT 10SM FEW011 BKN015 BKN050 22/19 A2983 RMK AO2 SLP090 T02170189 $
STL,2023-07-02 13:51,KSTL 021351Z 23008KT 10SM BKN013 BKN250 23/19 A2982 RMK AO2 SLP088 T02330189 $
STL,2023-07-02 14:51,KSTL 021451Z 26010KT 10SM BKN013 BKN250 24/19 A2983 RMK AO2 SLP090 T02440189 55001 $
STL,2023-07-02 15:51,KSTL 021551Z 25013KT 10SM BKN021 BKN025 25/19 A2985 RMK AO2 SLP096 T02500189 $
STL,2023-07-02 16:51,KSTL 021651Z 25012KT 10SM BKN023 BKN034 BKN250 26/19 A2984 RMK AO2 SLP094 T02610194 $
STL,2023-07-02 17:51,KSTL 021751Z 25014KT 10SM FEW029 SCT036 BKN250 27/19 A2983 RMK AO2 SLP092 T02720189 10283 20206 50003
STL,2023-07-02 18:51,KSTL 021851Z 23016G21KT 10SM FEW037 BKN045 BKN250 29/18 A2982 RMK AO2 SLP086 T02890183
STL,2023-07-02 19:51,KSTL 021951Z 25012G21KT 10SM SCT042 BKN250 29/18 A2981 RMK AO2 SLP082 T02940178
STL,2023-07-02 20:51,KSTL 022051Z 28015G23KT 10SM BKN040 BKN250 30/18 A2979 RMK AO2 SLP077 T03000183 56014
STL,2023-07-02 21:51,KSTL 022151Z 31015G22KT 10SM BKN040 BKN250 30/19 A2979 RMK AO2 SLP077 TCU DSNT NW VCSH SW T03000189
STL,2023-07-02 22:51,KSTL 022251Z 28013G18KT 10SM SCT035 BKN140 BKN250 28/20 A2981 RMK AO2 SLP084 VCSH SE T02780200
STL,2023-07-02 23:51,KSTL 022351Z 33008KT 10SM -RA SCT031 SCT140 BKN250 27/19 A2981 RMK AO2 RAB51 SLP085 P0000 60000 T02720194 10306 20272 53007
STL,2023-07-03 00:51,KSTL 030051Z 30005KT 10SM FEW035 SCT110 BKN250 26/22 A2983 RMK AO2 RAE11 SLP092 TCU DSNT SW P0003 T02560217 $
STL,2023-07-03 01:51,KSTL 030151Z 33005KT 10SM FEW031 FEW100 SCT250 24/21 A2985 RMK AO2 SLP098 T02440206 $
STL,2023-07-03 02:51,KSTL 030251Z 30004KT 10SM FEW150 23/20 A2988 RMK AO2 SLP106 60003 T02330200 53021 $
STL,2023-07-03 03:51,KSTL 030351Z 29003KT 10SM CLR 23/20 A2989 RMK AO2 SLP110 T02330200 $
STL,2023-07-03 04:51,KSTL 030451Z 31004KT 10SM CLR 23/20 A2989 RMK AO2 SLP110 T02280200 $
STL,2023-07-03 05:51,KSTL 030551Z 29003KT 10SM CLR 22/19 A2990 RMK AO2 SLP113 60003 T02220194 10272 20222 403060194 53008 $
STL,2023-07-03 06:51,KSTL 030651Z 00000KT 10SM CLR 22/19 A2991 RMK AO2 SLP115 T02220194 $
STL,2023-07-03 07:51,KSTL 030751Z 00000KT 8SM CLR 22/20 A2989 RMK AO2 SLP110 T02220200 $
STL,2023-07-03 08:51,KSTL 030851Z 24004KT 7SM CLR 22/19 A2989 RMK AO2 SLP110 T02170194 58002 $
STL,2023-07-03 09:51,KSTL 030951Z 24004KT 7SM CLR 21/19 A2991 RMK AO2 SLP117 T02110189 $
STL,2023-07-03 10:51,KSTL 031051Z 23004KT 7SM CLR 21/19 A2993 RMK AO2 SLP125 T02110189 $
STL,2023-07-03 11:51,KSTL 031151Z 24003KT 9SM FEW250 23/19 A2995 RMK AO2 SLP130 70003 T02280194 10228 20206 53019 $
STL,2023-07-03 12:51,KSTL 031251Z 24006KT 10SM FEW250 24/20 A2997 RMK AO2 SLP138 T02440200 $
STL,2023-07-03 13:51,KSTL 031351Z 27005KT 10SM FEW250 27/21 A2998 RMK AO2 SLP140 T02670206 $
STL,2023-07-03 14:51,KSTL 031451Z 26004KT 10SM SCT250 28/19 A2999 RMK AO2 SLP144 T02830189 51014 $
STL,2023-07-03 15:51,KSTL 031551Z 29007KT 10SM FEW040 FEW250 30/19 A2999 RMK AO2 SLP143 T03000194 $
STL,2023-07-03 16:51,KSTL 031651Z VRB03KT 10SM FEW038 FEW075 FEW250 32/19 A2999 RMK AO2 SLP141 T03170189 $
STL,2023-07-03 17:51,KSTL 031751Z 10SM FEW050 SCT250 32/17 A2997 RMK AO2 SLP138 T03220167 10322 20228 58005 $
STL,2023-07-03 18:51,KSTL 031851Z 32005KT 10SM FEW050 SCT100 BKN250 33/17 A2996 RMK AO2 SLP134 T03280167 $
STL,2023-07-03 19:51,KSTL 031951Z 33008KT 10SM FEW050 FEW110 BKN250 32/18 A2996 RMK AO2 SLP132 T03220178 $
STL,2023-07-03 20:51,KSTL 032051Z 33005KT 10SM FEW060 SCT100 BKN250 32/18 A2995 RMK AO2 SLP129 T03170178 58009 $
STL,2023-07-03 21:51,KSTL 032151Z 34004KT 10SM FEW060 BKN100 BKN250 32/18 A2993 RMK AO2 SLP123 T03170178 $
STL,2023-07-03 22:51,KSTL 032251Z COR 35005KT 10SM FEW060 SCT100 BKN250 32/18 A2992 RMK AO2 SLP120 T03170178 $
STL,2023-07-03 23:51,KSTL 032351Z 35004KT 10SM FEW100 BKN250 31/18 A2993 RMK AO2 SLP122 T03110178 10328 20311 55006 $
STL,2023-07-04 00:51,KSTL 040051Z 35004KT 10SM FEW060 BKN250 29/18 A2994 RMK AO2 SLP125 T02940178 $
STL,2023-07-04 01:51,KSTL 040151Z 11006KT 10SM BKN250 27/19 A2994 RMK AO2 SLP124 T02720189 $
STL,2023-07-04 02:51,KSTL 040251Z 13006KT 10SM BKN250 27/19 A2996 RMK AO2 SLP132 T02720194 53009 $
STL,2023-07-04 03:51,KSTL 040351Z 12004KT 10SM BKN250 27/19 A2998 RMK AO2 SLP139 T02670189 $
STL,2023-07-04 04:51,KSTL 040451Z 12005KT 10SM FEW090 BKN250 26/19 A2999 RMK AO2 SLP140 T02610194 $
STL,2023-07-04 05:51,KSTL 040551Z 12004KT 10SM FEW085 FEW250 26/19 A2998 RMK AO2 SLP136 T02610194 10317 20250 403280206 50006 $
STL,2023-07-04 06:51,KSTL 040651Z 13006KT 10SM SCT090 25/19 A2998 RMK AO2 SLP136 T02500194 $
STL,2023-07-04 07:51,KSTL 040751Z 13005KT 10SM SCT090 25/20 A2998 RMK AO2 SLP136 T02500200 $
STL,2023-07-04 08:51,KSTL 040851Z 12003KT 10SM FEW080 23/19 A2997 RMK AO2 SLP135 T02330194 58003 $
STL,2023-07-04 09:51,KSTL 040951Z 17003KT 10SM FEW090 24/19 A2997 RMK AO2 SLP133 T02440189 $
STL,2023-07-04 10:51,KSTL 041051Z 18004KT 10SM FEW085 SCT200 24/19 A2998 RMK AO2 SLP139 CB DSNT SW MOV NE T02390189 $
STL,2023-07-04 11:51,KSTL 041151Z 18005KT 10SM FEW085 SCT200 SCT250 25/19 A3000 RMK AO2 SLP143 T02500189 10261 20228 53008 $
STL,2023-07-04 12:51,KSTL 041251Z 18005KT 10SM FEW080 BKN100 BKN250 26/19 A3002 RMK AO2 SLP152 ACC OHD T02610189 $
STL,2023-07-04 13:51,KSTL 041351Z 16005KT 10SM SCT085 BKN250 28/19 A3002 RMK AO2 SLP152 T02830194 $
STL,2023-07-04 14:51,KSTL 041451Z 16011KT 10SM SCT085 BKN250 29/18 A3001 RMK AO2 SLP147 T02940183 50004 $
STL,2023-07-04 15:51,KSTL 041551Z 16008KT 10SM FEW050 FEW085 SCT250 30/20 A3001 RMK AO2 SLP147 T03000200 $
STL,2023-07-04 16:51,KSTL 041651Z 13010KT 10SM FEW050 FEW085 FEW250 31/21 A2999 RMK AO2 SLP141 T03110211 $
STL,2023-07-04 17:51,KSTL 041751Z 21008G15KT 10SM FEW050 FEW085 FEW250 33/21 A2997 RMK AO2 SLP133 CB DSNT S MOV NE T03280211 10328 20250 58013 $
STL,2023-07-04 18:51,KSTL 041851Z 20007KT 10SM FEW055 FEW075 SCT250 34/19 A2996 RMK AO2 LTG DSNT S SLP130 CB DSNT SE-S MOV NE T03390194 $
STL,2023-07-04 19:51,KSTL 041951Z 17013G19KT 10SM FEW055 SCT080 SCT250 34/21 A2995 RMK AO2 WSHFT 1936 LTG DSNT SE SLP127 CB DSNT E-SE MOV NE T03390211 $
STL,2023-07-04 20:51,KSTL 042051Z 15009KT 10SM FEW055 FEW080 SCT250 33/21 A2994 RMK AO2 WSHFT 1938 SLP124 T03330206 58010 $
STL,2023-07-04 21:51,KSTL 042151Z 16010KT 10SM FEW060 SCT250 34/19 A2993 RMK AO2 LTG DSNT W-NE SLP120 CB DSNT NE MOV E T03390189 $
STL,2023-07-04 22:51,KSTL 042251Z 14009KT 10SM SCT085 BKN250 32/20 A2993 RMK AO2 LTG DSNT SW SLP120 CB DSNT SW MOV E T03220200 $
STL,2023-07-04 23:51,KSTL 042351Z 14011KT 10SM FEW085 BKN250 32/21 A2993 RMK AO2 LTG DSNT SW SLP123 T03220206 10356 20322 55001 $
STL,2023-07-05 00:51,KSTL 050051Z 14012KT 10SM FEW080 BKN250 31/19 A2996 RMK AO2 LTG DSNT SW-N PRESRR SLP130 CB DSNT NW-N MOV E T03110189 $
STL,2023-07-05 01:51,KSTL 050151Z 15012KT 10SM FEW085 BKN250 30/19 A2995 RMK AO2 SLP127 T03000194 $
STL,2023-07-05 02:51,KSTL 050251Z 16004KT 10SM FEW010 FEW080 BKN250 29/21 A2996 RMK AO2 SLP132 FU FEW010 T02940211 51010 $
STL,2023-07-05 03:51,KSTL 050351Z 17008KT 10SM FEW005 BKN250 29/21 A2999 RMK AO2 SLP141 FU FEW005 T02890211 $
STL,2023-07-05 04:51,KSTL 050451Z 18005KT 10SM FEW100 FEW250 28/19 A2999 RMK AO2 SLP140 T02780194 $
STL,2023-07-05 05:51,KSTL 050551Z 18006KT 10SM CLR 27/19 A2997 RMK AO2 SLP135 T02670194 10322 20267 403560228 58005 $
STL,2023-07-05 06:51,KSTL 050651Z 17005KT 10SM FEW250 26/20 A2997 RMK AO2 SLP133 T02610200 $
STL,2023-07-05 07:51,KSTL 050751Z 20006KT 10SM BKN130 BKN250 26/20 A2999 RMK AO2 SLP140 T02610200 $
STL,2023-07-05 08:51,KSTL 050851Z 22006KT 10SM FEW130 FEW250 26/20 A2997 RMK AO2 SLP135 T02560200 50000 $
STL,2023-07-05 09:51,KSTL 050951Z 20004KT 10SM FEW250 25/19 A2996 RMK AO2 SLP131 T02500189 $
STL,2023-07-05 10:51,KSTL 051051Z 17003KT 10SM SCT110 SCT250 25/19 A2997 RMK AO2 SLP134 ACC S-W AND OHD T02500189 $
STL,2023-07-05 11:51,KSTL 051151Z 20004KT 10SM BKN250 26/19 A2996 RMK AO2 SLP132 T02560194 10267 20244 56003 $
STL,2023-07-05 12:51,KSTL 051251Z 23005KT 10SM BKN250 27/19 A2997 RMK AO2 SLP133 T02670194
STL,2023-07-05 13:51,KSTL 051351Z 21003KT 10SM SCT250 28/19 A2996 RMK AO2 SLP130 T02780194
STL,2023-07-05 14:51,KSTL 051451Z VRB03KT 10SM FEW250 29/20 A2995 RMK AO2 SLP128 T02940200 58004
STL,2023-07-05 15:51,KSTL 051551Z 20003KT 10SM FEW250 32/21 A2996 RMK AO2 SLP130 T03170206
STL,2023-07-05 16:51,KSTL 051651Z 25005KT 10SM SCT250 32/21 A2997 RMK AO2 SLP135 T03220206
STL,2023-07-05 17:51,KSTL 051751Z 25006KT 10SM FEW050 SCT075 BKN250 33/22 A2997 RMK AO2 SLP134 T03280217 10339 20256 50006
STL,2023-07-05 18:51,KSTL 051851Z 29012KT 10SM FEW050 SCT075 BKN250 33/21 A2995 RMK AO2 SLP129 T03330211
STL,2023-07-05 19:51,KSTL 051951Z 24014KT 10SM TS FEW047CB SCT095 SCT110 BKN250 31/19 A2993 RMK AO2 WSHFT 1933 LTG DSNT NE-SE TSB22 SLP121 OCNL LTGIC SE TS SE MOV NE CB DSNT NE-E MOV NE VCSH SE T03110194
STL,2023-07-05 20:51,KSTL 052051Z 24008KT 10SM FEW045 FEW110 BKN180 BKN250 32/21 A2993 RMK AO2 LTG DSNT E AND SE TSE00 SLP120 TCU DSNT NE T03220206 56015
STL,2023-07-05 21:51,KSTL 052151Z 22008KT 10SM FEW045 SCT110 BKN180 BKN250 33/20 A2992 RMK AO2 SLP118 CB DSNT NE MOV E TCU DSNT E T03280200
STL,2023-07-05 22:51,KSTL 052251Z 27007KT 10SM SCT055 BKN090 BKN250 32/19 A2991 RMK AO2 SLP113 TCU DSNT NE-E T03220189
STL,2023-07-05 23:51,KSTL 052351Z 32006KT 10SM SCT050 BKN070 BKN250 32/19 A2992 RMK AO2 SLP117 T03220194 10344 20311 55002
STL,2023-07-06 00:51,KSTL 060051Z 33007KT 10SM SCT060TCU BKN100 OVC250 31/18 A2994 RMK AO2 SLP124 TCU S T03060183
STL,2023-07-06 01:51,KSTL 060151Z 31006KT 10SM SCT065 BKN100 OVC250 29/18 A2995 RMK AO2 SLP128 CB DSNT NW MOV SE T02940183
STL,2023-07-06 02:51,KSTL 060251Z 34005KT 10SM FEW065 SCT100 OVC250 28/19 A2996 RMK AO2 SLP132 T02830189 51015
STL,2023-07-06 03:51,KSTL 060351Z 33004KT 10SM FEW060 FEW100 BKN250 27/19 A2996 RMK AO2 SLP130 T02720194
STL,2023-07-06 04:51,KSTL 060451Z 33006KT 10SM FEW060 SCT150 BKN250 27/19 A2998 RMK AO2 SLP138 T02670194
STL,2023-07-06 05:51,KSTL 060551Z 33007KT 10SM FEW150 BKN250 26/21 A2998 RMK AO2 SLP137 T02560206 10322 20256 403440244 53005
STL,2023-07-06 06:51,KSTL 060651Z 30004KT 10SM BKN250 24/21 A2999 RMK AO2 SLP141 T02440206
STL,2023-07-06 07:51,KSTL 060751Z 31005KT 10SM BKN250 24/21 A2999 RMK AO2 SLP141 T02390206
STL,2023-07-06 08:51,KSTL 060851Z 32005KT 10SM BKN250 24/20 A2998 RMK AO2 SLP137 T02390200 58001
STL,2023-07-06 09:51,KSTL 060951Z 29004KT 10SM SCT250 23/20 A2998 RMK AO2 SLP140 T02280200
STL,2023-07-06 10:51,KSTL 061051Z 30004KT 10SM FEW050 FEW250 22/19 A3001 RMK AO2 SLP148 T02220194
STL,2023-07-06 11:51,KSTL 061151Z 32008KT 10SM FEW025 BKN250 23/18 A3001 RMK AO2 SLP149 T02330178 10256 20222 51011
STL,2023-07-06 12:51,KSTL 061251Z 34008KT 10SM FEW150 BKN250 24/17 A3003 RMK AO2 SLP156 T02390167
STL,2023-07-06 13:51,KSTL 061351Z 31007KT 10SM FEW150 SCT250 25/17 A3004 RMK AO2 SLP160 T02500167 $
STL,2023-07-06 14:51,KSTL 061451Z 33007KT 10SM FEW150 FEW250 26/17 A3004 RMK AO2 SLP158 T02560172 50009 $
STL,2023-07-06 15:51,KSTL 061551Z 35008KT 10SM FEW050 SCT250 27/17 A3004 RMK AO2 SLP160 T02670172
STL,2023-07-06 16:51,KSTL 061651Z 32009KT 10SM FEW033 SCT250 28/17 A3005 RMK AO2 SLP164 T02830172
STL,2023-07-06 17:51,KSTL 061751Z 31007KT 10SM FEW035 BKN250 28/18 A3005 RMK AO2 SLP162 T02830178 10289 20233 50004
STL,2023-07-06 18:51,KSTL 061851Z 31010G15KT 10SM FEW036 BKN250 29/17 A3004 RMK AO2 SLP160 T02940172
STL,2023-07-06 19:51,KSTL 061951Z 35012G15KT 10SM FEW036 BKN250 29/17 A3002 RMK AO2 SLP154 T02940172
STL,2023-07-06 20:51,KSTL 062051Z 35008KT 10SM FEW046 BKN250 30/18 A3001 RMK AO2 SLP149 T03000178 58013
STL,2023-07-06 21:51,KSTL 062151Z 35008KT 10SM FEW045 BKN250 29/17 A3000 RMK AO2 SLP145 T02940172
STL,2023-07-06 22:51,KSTL 062251Z 35012KT 10SM FEW045 BKN250 28/14 A2998 RMK AO2 SLP142 T02780144
STL,2023-07-06 23:51,KSTL 062351Z 35007KT 10SM FEW200 OVC250 26/14 A3001 RMK AO2 SLP149 T02610139 10300 20261 55002
STL,2023-07-07 00:51,KSTL 070051Z 35008KT 10SM SCT200 OVC250 25/14 A3001 RMK AO2 SLP151 T02500139
STL,2023-07-07 01:51,KSTL 070151Z 34005KT 10SM BKN130 OVC250 24/14 A3001 RMK AO2 SLP151 T02440144
STL,2023-07-07 02:51,KSTL 070251Z 34007KT 10SM SCT130 BKN250 23/15 A3002 RMK AO2 SLP155 T02330150 53005
STL,2023-07-07 03:51,KSTL 070351Z 01005KT 10SM BKN150 BKN250 23/15 A3003 RMK AO2 SLP156 T02330150
STL,2023-07-07 04:51,KSTL 070451Z 35003KT 10SM FEW150 BKN250 22/14 A3003 RMK AO2 SLP157 T02220144
STL,2023-07-07 05:51,KSTL 070551Z 32003KT 10SM BKN250 22/15 A3003 RMK AO2 SLP157 T02170150 10261 20211 403000211 51003
STL,2023-07-07 06:51,KSTL 070651Z 33003KT 10SM FEW130 SCT250 21/16 A3003 RMK AO2 SLP157 T02110156
STL,2023-07-07 07:51,KSTL 070751Z 02005KT 10SM FEW130 21/15 A3002 RMK AO2 SLP153 T02110150
STL,2023-07-07 08:51,KSTL 070851Z 00000KT 10SM FEW130 21/15 A3001 RMK AO2 SLP151 T02060150 58006
STL,2023-07-07 09:51,KSTL 070951Z 27003KT 10SM FEW120 19/15 A3003 RMK AO2 SLP158 T01940150
STL,2023-07-07 10:51,KSTL 071051Z 00000KT 10SM BKN110 BKN250 21/15 A3003 RMK AO2 SLP157 T02060150
STL,2023-07-07 11:51,KSTL 071151Z 34003KT 10SM FEW110 SCT250 22/15 A3003 RMK AO2 SLP157 T02170150 10217 20189 51005
STL,2023-07-07 12:51,KSTL 071251Z COR 00000KT 10SM FEW120 FEW250 23/14 A3003 RMK AO2 SLP159 T02280139
STL,2023-07-07 13:51,KSTL 071351Z 00000KT 10SM BKN250 23/14 A3003 RMK AO2 SLP158 T02330139
STL,2023-07-07 14:51,KSTL 071451Z 10006KT 10SM FEW060 BKN250 25/14 A3001 RMK AO2 SLP151 T02500139 58006
STL,2023-07-07 15:51,KSTL 071551Z 12006KT 10SM FEW150 OVC230 26/14 A3001 RMK AO2 SLP149 T02610144
STL,2023-07-07 16:51,KSTL 071651Z COR 13008KT 10SM OVC230 27/15 A2999 RMK AO2 SLP143 T02720150
STL,2023-07-07 17:51,KSTL 071751Z 03004KT 10SM FEW060 OVC210 28/16 A2998 RMK AO2 SLP140 T02830156 10283 20217 58010
STL,2023-07-07 18:51,KSTL 071851Z 09005KT 10SM FEW060 OVC210 29/16 A2996 RMK AO2 SLP133 T02890161
STL,2023-07-07 19:51,KSTL 071951Z 16009KT 10SM FEW050 OVC200 29/17 A2996 RMK AO2 SLP133 T02940167
STL,2023-07-07 20:51,KSTL 072051Z 12006KT 10SM FEW060 SCT150 OVC250 28/17 A2995 RMK AO2 SLP132 T02830172 56009
STL,2023-07-07 21:51,KSTL 072151Z 10008KT 10SM SCT070 SCT190 OVC250 29/18 A2991 RMK AO2 SLP118 T02940178
STL,2023-07-07 22:51,KSTL 072251Z 07008KT 10SM BKN070 OVC090 29/18 A2991 RMK AO2 SLP116 T02890183
STL,2023-07-07 23:51,KSTL 072351Z 09009KT 10SM SCT075 BKN110 OVC250 28/18 A2989 RMK AO2 SLP110 T02780183 10300 20278 56020
STL,2023-07-08 00:51,KSTL 080051Z 08009KT 10SM FEW075 BKN100 OVC170 27/18 A2988 RMK AO2 SLP107 T02720183
STL,2023-07-08 01:51,KSTL 080151Z 10008KT 10SM SCT043 BKN070 OVC130 26/19 A2987 RMK AO2 LTG DSNT NE RAB24E48 SLP104 P0002 T02560194
STL,2023-07-08 02:51,KSTL 080251Z 12007KT 10SM SCT140 OVC250 26/19 A2988 RMK AO2 SLP106 60002 T02560189 55003
STL,2023-07-08 03:51,KSTL 080351Z 12009KT 10SM FEW140 OVC250 26/18 A2987 RMK AO2 SLP101 T02560178
STL,2023-07-08 04:51,KSTL 080451Z 14006KT 10SM FEW140 BKN250 26/17 A2987 RMK AO2 SLP102 T02610172
STL,2023-07-08 05:51,KSTL 080551Z 17005KT 10SM BKN250 26/19 A2987 RMK AO2 SLP102 60002 T02560189 10278 20250 403000189 55002
STL,2023-07-08 06:51,KSTL 080651Z 20008KT 10SM SCT120 SCT250 25/19 A2985 RMK AO2 SLP095 T02500194
STL,2023-07-08 07:51,KSTL 080751Z 22014G23KT 10SM -TSRA SCT055 BKN070CB BKN090 24/21 A2986 RMK AO2 LTG DSNT SW RAB45 TSB26 SLP097 OCNL LTGICCC OHD TS OHD MOV E P0000 T02440206
STL,2023-07-08 08:51,KSTL 080851Z 22007KT 10SM FEW047 FEW120 24/21 A2983 RMK AO2 LTG DSNT NE RAE46 TSE46 SLP088 P0004 60004 T02390211 58014 $
STL,2023-07-08 09:51,KSTL 080951Z 27007KT 10SM OVC120 23/21 A2985 RMK AO2 LTG DSNT E SLP095 T02330211 $
STL,2023-07-08 10:51,KSTL 081051Z 28007KT 10SM SCT009 OVC012 23/21 A2986 RMK AO2 SLP099 T02330211 $
STL,2023-07-08 11:51,KSTL 081151Z 28006KT 10SM BKN011 OVC100 23/21 A2987 RMK AO2 SLP103 60004 70006 T02330206 10256 20233 51013 $
STL,2023-07-08 12:51,KSTL 081251Z 36008KT 10SM BKN011 OVC015 23/19 A2989 RMK AO2 SLP109 T02280194 $
STL,2023-07-08 13:51,KSTL 081351Z 36008KT 10SM BKN008 OVC100 22/19 A2989 RMK AO2 SLP110 T02170189 $
STL,2023-07-08 14:51,KSTL 081451Z 33003KT 10SM BKN011 BKN085 23/19 A2989 RMK AO2 SLP112 T02280189 51008 $
STL,2023-07-08 15:51,KSTL 081551Z 31006KT 10SM BKN013 BKN050 BKN100 23/18 A2991 RMK AO2 SLP117 T02280183 $
STL,2023-07-08 16:51,KSTL 081651Z 34008KT 10SM OVC018 24/18 A2991 RMK AO2 SLP116 T02390183 $
STL,2023-07-08 17:51,KSTL 081751Z 01010KT 10SM OVC020 23/18 A2991 RMK AO2 SLP118 T02330183 10244 20217 51005 $
STL,2023-07-08 18:51,KSTL 081851Z 36005KT 10SM OVC023 23/18 A2992 RMK AO2 SLP122 T02330178 $
STL,2023-07-08 19:51,KSTL 081951Z 31006KT 10SM BKN022 OVC029 24/18 A2990 RMK AO2 SLP116 T02440183 $
STL,2023-07-08 20:51,KSTL 082051Z 30007KT 10SM FEW022 SCT030 BKN042 25/18 A2989 RMK AO2 SLP111 T02500183 58007 $
STL,2023-07-08 21:51,KSTL 082151Z 33007KT 10SM SCT028 BKN038 BKN045 25/18 A2988 RMK AO2 SLP106 T02500178 $
STL,2023-07-08 22:51,KSTL 082251Z 35008KT 10SM SCT025 OVC050 25/17 A2988 RMK AO2 SLP108 T02500167 $
STL,2023-07-08 23:51,KSTL 082351Z 35011KT 10SM SCT033 OVC050 24/16 A2989 RMK AO2 SLP111 T02440161 10267 20233 55000 $
STL,2023-07-09 00:51,KSTL 090051Z 35006KT 10SM FEW035 OVC050 23/15 A2990 RMK AO2 SLP116 T02330150 $
STL,2023-07-09 01:51,KSTL 090151Z 34004KT 10SM FEW050 22/16 A2992 RMK AO2 SLP122 T02220156 $
STL,2023-07-09 02:51,KSTL 090251Z 35004KT 10SM FEW050 21/15 A2993 RMK AO2 SLP126 T02110150 51013 $
STL,2023-07-09 03:51,KSTL 090351Z 31005KT 10SM FEW050 20/16 A2995 RMK AO2 SLP132 T02000156 $
STL,2023-07-09 04:51,KSTL 090451Z 34004KT 10SM FEW050 20/16 A2994 RMK AO2 SLP128 T02000156 $
STL,2023-07-09 05:51,KSTL 090551Z 33004KT 10SM CLR 19/16 A2994 RMK AO2 SLP129 T01890156 10239 20183 402670183 51002 $
STL,2023-07-09 06:51,KSTL 090651Z 00000KT 10SM CLR 19/16 A2992 RMK AO2 SLP124 T01940156 $
STL,2023-07-09 07:51,KSTL 090751Z 00000KT 10SM FEW250 19/16 A2992 RMK AO2 SLP123 T01890156 $
STL,2023-07-09 08:51,KSTL 090851Z 30005KT 10SM FEW250 18/16 A2994 RMK AO2 SLP128 T01830156 55000 $
STL,2023-07-09 09:51,KSTL 090951Z 00000KT 10SM FEW150 BKN240 19/15 A2992 RMK AO2 SLP121 T01890150 $
STL,2023-07-09 10:51,KSTL 091051Z 30003KT 10SM FEW050 BKN200 BKN250 18/15 A2996 RMK AO2 SLP134 T01780150 $
STL,2023-07-09 11:51,KSTL 091151Z 26003KT 10SM BKN170 BKN250 19/16 A2996 RMK AO2 SLP135 T01940156 10194 20172 53007 $
STL,2023-07-09 12:51,KSTL 091251Z 32003KT 10SM BKN180 BKN250 21/16 A2996 RMK AO2 SLP137 T02060161 $
STL,2023-07-09 13:51,KSTL 091351Z 32003KT 10SM BKN150 BKN250 22/16 A2998 RMK AO2 SLP144 T02170156 $
STL,2023-07-09 14:51,KSTL 091451Z VRB03KT 10SM BKN150 BKN250 23/16 A2998 RMK AO2 SLP144 T02330156 51009 $
STL,2023-07-09 15:51,KSTL 091551Z 03006KT 10SM FEW150 BKN250 26/15 A2998 RMK AO2 SLP143 T02560150 $
STL,2023-07-09 16:51,KSTL 091651Z 01006KT 10SM FEW044 BKN250 27/15 A2997 RMK AO2 SLP140 T02670150 $
STL,2023-07-09 17:51,KSTL 091751Z 36006KT 10SM SCT049 BKN250 28/13 A2996 RMK AO2 SLP137 T02780133 10278 20194 58006 $
STL,2023-07-09 18:51,KSTL 091851Z 03005KT 10SM SCT055 BKN250 27/13 A2996 RMK AO2 SLP136 T02720133 $
STL,2023-07-09 19:51,KSTL 091951Z 08003KT 10SM SCT060 BKN250 28/13 A2995 RMK AO2 SLP132 T02780128 $
STL,2023-07-09 20:51,KSTL 092051Z 34007KT 10SM SCT065 SCT250 29/13 A2993 RMK AO2 SLP126 T02940133 58009 $
STL,2023-07-09 21:51,KSTL 092151Z 35004KT 10SM SCT065 29/13 A2993 RMK AO2 SLP123 T02890128 $
STL,2023-07-09 22:51,KSTL 092251Z 32007KT 10SM SCT065 SCT250 29/14 A2992 RMK AO2 SLP124 T02890139 $
STL,2023-07-09 23:51,KSTL 092351Z 35005KT 10SM SCT065 SCT250 28/13 A2992 RMK AO2 SLP123 T02830133 10300 20267 56003 $
STL,2023-07-10 00:51,KSTL 100051Z 03004KT 10SM FEW060 27/13 A2993 RMK AO2 SLP126 T02720133 $
STL,2023-07-10 01:51,KSTL 100151Z 04005KT 10SM FEW060 FEW250 26/12 A2994 RMK AO2 SLP127 T02610122 $
STL,2023-07-10 02:51,KSTL 100251Z 00000KT 10SM FEW250 24/13 A2995 RMK AO2 SLP131 T02390133 53008 $
STL,2023-07-10 03:51,KSTL 100351Z 00000KT 10SM FEW250 24/14 A2995 RMK AO2 SLP132 T02390139 $
STL,2023-07-10 04:51,KSTL 100451Z 21003KT 10SM CLR 22/14 A2996 RMK AO2 SLP135 T02170144 $
STL,2023-07-10 05:51,KSTL 100551Z 00000KT 10SM CLR 22/14 A2996 RMK AO2 SLP133 T02170144 10283 20217 403000172 50003 $
STL,2023-07-10 06:51,KSTL 100651Z 00000KT 10SM CLR 22/14 A2996 RMK AO2 SLP133 T02170139 $
STL,2023-07-10 07:51,KSTL 100751Z 00000KT 10SM CLR 20/14 A2995 RMK AO2 SLP132 T02000144 $
STL,2023-07-10 08:51,KSTL 100851Z 00000KT 10SM CLR 21/14 A2996 RMK AO2 SLP133 T02110144 55000 $
STL,2023-07-10 09:51,KSTL 100951Z 00000KT 10SM CLR 21/14 A2997 RMK AO2 SLP136 T02060139 $
STL,2023-07-10 10:51,KSTL 101051Z 26003KT 10SM FEW250 20/14 A2999 RMK AO2 SLP143 T02000144 $
STL,2023-07-10 11:51,KSTL 101151Z 25004KT 10SM FEW250 21/16 A3000 RMK AO2 SLP147 T02110156 10222 20200 53014 $
STL,2023-07-10 12:51,KSTL 101251Z 25003KT 10SM CLR 23/16 A3001 RMK AO2 SLP152 T02330156 $
STL,2023-07-10 13:51,KSTL 101351Z VRB03KT 10SM CLR 26/16 A3002 RMK AO2 SLP152 T02560156 $
STL,2023-07-10 14:51,KSTL 101451Z 26007KT 10SM CLR 27/15 A3001 RMK AO2 SLP152 T02720150 50005 $
STL,2023-07-10 15:51,KSTL 101551Z VRB03KT 10SM FEW050 29/15 A3001 RMK AO2 SLP149 T02890150 $
STL,2023-07-10 16:51,KSTL 101651Z 23009KT 190V260 10SM FEW060 29/14 A3000 RMK AO2 SLP148 T02940144 $
STL,2023-07-10 17:51,KSTL 101751Z 26006KT 10SM FEW060 29/14 A2999 RMK AO2 SLP144 T02940139 10311 20217 58008 $
STL,2023-07-10 18:51,KSTL 101851Z 27011G15KT 10SM FEW060 32/14 A2997 RMK AO2 SLP138 T03170144 $
STL,2023-07-10 19:51,KSTL 101951Z 27007KT 10SM FEW060 32/14 A2996 RMK AO2 SLP133 T03220139 $
STL,2023-07-10 20:51,KSTL 102051Z COR 00000KT 10SM FEW070 32/14 A2995 RMK AO2 SLP130 T03220139 56012 $
STL,2023-07-10 21:51,KSTL 102151Z VRB03KT 10SM FEW070 32/14 A2994 RMK AO2 SLP127 T03170144 $
STL,2023-07-10 22:51,KSTL 102251Z 27004G16KT 10SM FEW070 32/13 A2993 RMK AO2 SLP123 T03220133 $
STL,2023-07-10 23:51,KSTL 102351Z 24007KT 10SM FEW070 32/13 A2992 RMK AO2 SLP121 T03170128 10328 20294 56009 $
STL,2023-07-11 00:51,KSTL 110051Z 14010KT 10SM FEW070 SCT250 31/14 A2992 RMK AO2 SLP118 T03060139 $
STL,2023-07-11 01:51,KSTL 110151Z 15008KT 10SM SCT250 29/14 A2992 RMK AO2 SLP119 T02890144 $
STL,2023-07-11 02:51,KSTL 110251Z 17008KT 10SM FEW250 28/14 A2993 RMK AO2 SLP123 T02830144 53002 $
STL,2023-07-11 03:51,KSTL 110351Z 16009KT 10SM SCT250 27/14 A2993 RMK AO2 SLP122 T02720144 $
STL,2023-07-11 04:51,KSTL 110451Z 18009KT 10SM SCT250 26/14 A2993 RMK AO2 SLP123 T02610144 $
STL,2023-07-11 05:51,KSTL 110551Z 20008KT 10SM CLR 25/15 A2993 RMK AO2 SLP123 T02500150 10317 20250 403280200 50000 $
STL,2023-07-11 06:51,KSTL 110651Z 22011KT 10SM FEW250 24/15 A2994 RMK AO2 SLP125 T02440150 $
STL,2023-07-11 07:51,KSTL 110751Z 22011KT 10SM FEW150 24/14 A2995 RMK AO2 SLP126 T02440144 $
STL,2023-07-11 08:51,KSTL 110851Z 21006KT 10SM FEW150 23/14 A2995 RMK AO2 SLP127 T02330144 51004 $
STL,2023-07-11 09:51,KSTL 110951Z 21006KT 10SM FEW150 23/14 A2994 RMK AO2 SLP124 T02280144 $
STL,2023-07-11 10:51,KSTL 111051Z 21005KT 10SM FEW130 FEW250 23/14 A2994 RMK AO2 SLP123 T02280144 $
STL,2023-07-11 11:51,KSTL 111151Z 19004KT 10SM FEW130 FEW250 23/15 A2995 RMK AO2 SLP128 T02330150 10250 20228 53001 $
STL,2023-07-11 12:51,KSTL 111251Z 22005KT 10SM FEW075 FEW150 FEW250 25/16 A2996 RMK AO2 SLP133 T02500156
STL,2023-07-11 13:51,KSTL 111351Z 22009KT 10SM FEW075 SCT150 SCT250 26/16 A2998 RMK AO2 SLP137 T02610161
STL,2023-07-11 14:51,KSTL 111451Z 22010KT 10SM FEW150 FEW250 28/17 A2998 RMK AO2 SLP138 T02780172 51011
STL,2023-07-11 15:51,KSTL 111551Z 24009KT 10SM FEW075 FEW150 FEW250 29/18 A2999 RMK AO2 SLP140 T02940183
STL,2023-07-11 16:51,KSTL 111651Z 24005KT 10SM FEW250 31/19 A2998 RMK AO2 SLP138 T03060189
STL,2023-07-11 17:51,KSTL 111751Z VRB05KT 10SM FEW050 FEW250 32/19 A2996 RMK AO2 SLP133 T03220194 10328 20233 58006
STL,2023-07-11 18:51,KSTL 111851Z 25008G16KT 10SM FEW050 SCT250 34/19 A2994 RMK AO2 SLP125 T03390194
STL,2023-07-11 19:51,KSTL 111951Z 26010KT 10SM FEW050 FEW250 34/18 A2994 RMK AO2 SLP123 T03440183
STL,2023-07-11 20:51,KSTL 112051Z 26004KT 10SM FEW060 FEW250 34/18 A2992 RMK AO2 SLP119 T03440183 56013
STL,2023-07-11 21:51,KSTL 112151Z VRB03KT 10SM SCT070 SCT250 35/17 A2991 RMK AO2 SLP114 T03500172
STL,2023-07-11 22:51,KSTL 112251Z COR 23006KT 10SM FEW070 35/17 A2990 RMK AO2 SLP111 T03500172
STL,2023-07-11 23:51,KSTL 112351Z VRB04KT 10SM FEW070 FEW250 34/17 A2990 RMK AO2 SLP111 T03390172 10356 20322 56008
STL,2023-07-12 00:51,KSTL 120051Z 12006KT 10SM FEW070 33/16 A2990 RMK AO2 SLP112 T03280161
STL,2023-07-12 01:51,KSTL 120151Z 16012KT 10SM FEW080 FEW250 32/16 A2990 RMK AO2 SLP112 T03170161
STL,2023-07-12 02:51,KSTL 120251Z 16010KT 10SM CLR 30/16 A2992 RMK AO2 SLP117 T03000156 53006
STL,2023-07-12 03:51,KSTL 120351Z 17013G21KT 10SM CLR 29/16 A2992 RMK AO2 SLP118 T02940156
STL,2023-07-12 04:51,KSTL 120451Z 18011KT 10SM CLR 28/16 A2994 RMK AO2 SLP122 T02780156
STL,2023-07-12 05:51,KSTL 120551Z 19008KT 10SM CLR 27/16 A2995 RMK AO2 SLP126 T02720156 10339 20272 403560228 53009
STL,2023-07-12 06:51,KSTL 120651Z 21006KT 10SM FEW130 26/15 A2995 RMK AO2 SLP127 T02610150
STL,2023-07-12 07:51,KSTL 120751Z 22004KT 10SM FEW130 26/16 A2995 RMK AO2 SLP126 T02560156
STL,2023-07-12 08:51,KSTL 120851Z 21005KT 10SM FEW075 24/16 A2993 RMK AO2 SLP121 T02440161 58005
STL,2023-07-12 09:51,KSTL 120951Z 18003KT 10SM FEW075 FEW250 24/16 A2992 RMK AO2 SLP116 T02440161
STL,2023-07-12 10:51,KSTL 121051Z 20005KT 10SM FEW075 FEW250 24/16 A2991 RMK AO2 SLP114 T02390156
STL,2023-07-12 11:51,KSTL 121151Z 20007KT 10SM SCT250 24/17 A2991 RMK AO2 SLP114 T02440167 10272 20239 56006
STL,2023-07-12 12:51,KSTL 121251Z 21006KT 10SM FEW250 26/17 A2991 RMK AO2 SLP113 T02560172
STL,2023-07-12 13:51,KSTL 121351Z 22008KT 10SM FEW150 FEW250 27/19 A2993 RMK AO2 SLP119 T02720189
STL,2023-07-12 14:51,KSTL 121451Z 23006KT 10SM FEW180 FEW250 29/19 A2993 RMK AO2 SLP119 T02890194 53005
STL,2023-07-12 15:51,KSTL 121551Z 21010KT 10SM SCT150 BKN250 31/19 A2990 RMK AO2 SLP110 T03060194
STL,2023-07-12 16:51,KSTL 121651Z 28005KT 10SM FEW045 SCT150 BKN250 32/19 A2995 RMK AO2 SLP128 T03220189
STL,2023-07-12 17:51,KSTL 121751Z 26010G15KT 10SM FEW045 FEW150 BKN250 33/18 A2995 RMK AO2 SLP126 T03330183 10333 20244 53007
STL,2023-07-12 18:51,KSTL 121851Z 00000KT 8SM FEW050 SCT150 BKN250 32/18 A2991 RMK AO2 SLP112 T03220183
STL,2023-07-12 19:51,KSTL 121951Z VRB05KT 10SM FEW050 SCT150 BKN240 33/18 A2990 RMK AO2 SLP111 T03330183
STL,2023-07-12 20:51,KSTL 122051Z 17011KT 10SM FEW050 SCT150 BKN250 33/19 A2983 RMK AO2 PRESFR SLP088 T03330189 58039
STL,2023-07-12 21:51,KSTL 122151Z 20013G23KT 10SM FEW050 SCT150 BKN250 34/19 A2976 RMK AO2 SLP062 T03390189
STL,2023-07-12 22:51,KSTL 122251Z 20013KT 10SM FEW055 FEW150 SCT250 34/19 A2975 RMK AO2 SLP058 T03440194
STL,2023-07-12 23:51,KSTL 122351Z 18009G18KT 10SM FEW055 SCT110 BKN190 BKN250 33/21 A2976 RMK AO2 LTG DSNT W AND NW SLP064 CB DSNT W-NW MOV SE T03330206 10350 20322 55024
STL,2023-07-13 00:51,KSTL 130051Z 20013G20KT 9SM -TSRA FEW029 SCT065CB BKN110 OVC190 28/23 A2980 RMK AO2 LTG DSNT ALQDS RAB15 TSB00 SLP076 FRQ LTGCCCG SE-NW TS SE-NW MOV SE P0010 T02830228
STL,2023-07-13 01:51,KSTL 130151Z 21004KT 10SM TS SCT070CB BKN140 OVC250 27/22 A2981 RMK AO2 LTG DSNT SE-W RAE45 TSE07B16 SLP082 CONS LTGCCCGCA SE-W TS SE-W MOV SE P0001 T02720217
STL,2023-07-13 02:51,KSTL 130251Z 26011G22KT 10SM FEW085 BKN190 BKN250 26/22 A2986 RMK AO2 LTG DSNT SE-W RAB03E22 TSE09 SLP096 OCNL LTGCCCGCA DSNT SE-SW CB DSNT SE-SW MOV SE P0000 60011 T02610217 53031
STL,2023-07-13 03:51,KSTL 130351Z 25005KT 10SM TS FEW085CB SCT110 OVC180 26/22 A2984 RMK AO2 LTG DSNT SW-NW TSB34 SLP090 FRQ LTGICCC SW-NW TS SW-NW MOV SE T02560217
STL,2023-07-13 04:51,KSTL 130451Z 24004KT 10SM TS FEW065CB BKN110 OVC160 24/20 A2985 RMK AO2 LTG DSNT S-W RAB41E51 TSE20B40 SLP094 FRQ LTGCCCA SW-W TS SW-W MOV SE P0000 T02440200
STL,2023-07-13 05:51,KSTL 130551Z 25014KT 1 1/4SM +TSRA BR SCT055 BKN085CB OVC110 23/21 A2989 RMK AO2 LTG DSNT SE-W RAB24 TSE22B34 SLP107 FRQ LTGICCCCG ALQDS TS ALQDS MOV SE P0022 60033 T02280211 10333 20228 403500228 50016 $
STL,2023-07-13 06:51,KSTL 130651Z 23016G21KT 6SM TSRA BKN085CB OVC110 23/20 A2987 RMK AO2 LTG DSNT SE AND W RAE12B22 TSE20B42 SLP101 FRQ LTGICCG S-NW TS S-NW MOV SE P0034 T02280200 $
STL,2023-07-13 07:51,KSTL 130751Z 21008KT 10SM -RA FEW050 BKN090 OVC110 23/20 A2986 RMK AO2 LTG DSNT SE TSE42 SLP097 OCNL LTGIC DSNT S CB DSNT S MOV SE P0026 T02280200 $
STL,2023-07-13 08:51,KSTL 130851Z 22008KT 10SM SCT085 BKN110 OVC140 23/19 A2985 RMK AO2 LTG DSNT W-N RAE0759 SLP092 FRQ LTGICCG DSNT NW-N CB DSNT NW-N MOV SE P0001 60061 T02330194 56015 $
STL,2023-07-13 09:51,KSTL 130951Z 00000KT 10SM -RA BKN095 OVC130 23/21 A2987 RMK AO2 LTG DSNT NE AND E RAB13 TSB0857E36 SLP100 OCNL LTGIC DSNT NE CB DSNT NE MOV SE P0001 T02280206 $
STL,2023-07-13 10:51,KSTL 131051Z 24006KT 10SM FEW050 FEW075 SCT130 BKN180 BKN250 23/21 A2984 RMK AO2 RAE37 SLP091 P0003 T02280206 $
STL,2023-07-13 11:51,KSTL 131151Z 27006KT 10SM FEW075 SCT180 BKN250 24/21 A2984 RMK AO2 SLP092 60065 70098 T02390211 10239 20222 58000 $
STL,2023-07-13 12:51,KSTL 131251Z 00000KT 10SM FEW100 FEW180 BKN250 25/21 A2985 RMK AO2 SLP094 T02500211
STL,2023-07-13 13:51,KSTL 131351Z VRB06KT 10SM BKN017 BKN100 BKN250 27/21 A2985 RMK AO2 SLP095 T02670211
STL,2023-07-13 14:51,KSTL 131451Z 26008KT 10SM BKN016 27/22 A2985 RMK AO2 SLP096 T02720217 52002
STL,2023-07-13 16:51,KSTL 131651Z 32005KT 10SM OVC028 29/22 A2986 RMK AO2 SLP098 T02890222
STL,2023-07-13 17:51,KSTL 131751Z VRB04KT 10SM SCT028 BKN034 30/22 A2986 RMK AO2 SLP098 T03000222 10300 20239 53002
STL,2023-07-13 18:51,KSTL 131851Z 29004KT 10SM FEW026 OVC040 30/22 A2985 RMK AO2 SLP097 T03000222
STL,2023-07-13 19:51,KSTL 131951Z 31006KT 10SM SCT029 BKN046 32/23 A2985 RMK AO2 SLP095 T03170228
STL,2023-07-13 20:51,KSTL 132051Z VRB06KT 10SM SCT030 SCT150 SCT250 31/22 A2985 RMK AO2 SLP096 T03110222 55001
STL,2023-07-13 21:51,KSTL 132151Z COR 29003KT 10SM SCT030 BKN150 BKN250 33/21 A2984 RMK AO2 SLP090 T03280211
STL,2023-07-13 22:51,KSTL 132251Z 03005KT 10SM SCT035 BKN190 BKN250 32/21 A2984 RMK AO2 SLP090 T03170211
STL,2023-07-13 23:51,KSTL 132351Z 00000KT 10SM SCT040 BKN180 BKN250 32/21 A2983 RMK AO2 SLP088 T03220206 10328 20294 56007
STL,2023-07-14 00:51,KSTL 140051Z 00000KT 10SM BKN043 BKN180 31/21 A2983 RMK AO2 SLP088 T03110206
STL,2023-07-14 01:51,KSTL 140151Z 12005KT 10SM BKN041 BKN060 29/22 A2984 RMK AO2 SLP092 T02940217
STL,2023-07-14 02:51,KSTL 140251Z 16006KT 10SM FEW039 BKN060 29/22 A2986 RMK AO2 SLP097 T02940217 53009
STL,2023-07-14 03:51,KSTL 140351Z 00000KT 10SM SCT055 29/22 A2990 RMK AO2 SLP110 T02890222
STL,2023-07-14 04:51,KSTL 140451Z 00000KT 10SM FEW055 SCT120 28/22 A2989 RMK AO2 SLP108 T02780222
STL,2023-07-14 05:51,KSTL 140551Z 19004KT 10SM CLR 28/22 A2988 RMK AO2 SLP104 T02780217 10322 20272 403280222 50007
STL,2023-07-14 06:51,KSTL 140651Z 22003KT 10SM CLR 27/22 A2986 RMK AO2 SLP098 T02720217
STL,2023-07-14 07:51,KSTL 140751Z 28003KT 10SM FEW040 26/22 A2984 RMK AO2 SLP089 T02610217
STL,2023-07-14 08:51,KSTL 140851Z 00000KT 10SM CLR 26/22 A2983 RMK AO2 SLP087 T02560217 56017
STL,2023-07-14 09:51,KSTL 140951Z 08004KT 10SM FEW250 24/22 A2987 RMK AO2 SLP099 T02440217
STL,2023-07-14 10:51,KSTL 141051Z 12004KT 8SM FEW250 24/22 A2989 RMK AO2 SLP107 T02390217
STL,2023-07-14 11:51,KSTL 141151Z 11004KT 8SM FEW200 FEW250 25/22 A2988 RMK AO2 SLP105 T02500222 10278 20239 50018
STL,2023-07-14 12:51,KSTL 141251Z 12003KT 9SM FEW250 27/23 A2989 RMK AO2 SLP106 T02720228
STL,2023-07-14 13:51,KSTL 141351Z 20006KT 10SM FEW250 29/23 A2990 RMK AO2 SLP111 T02940228
STL,2023-07-14 14:51,KSTL 141451Z 21005KT 10SM FEW250 31/23 A2991 RMK AO2 SLP113 T03110228 53009
STL,2023-07-14 15:51,KSTL 141551Z 23006KT 10SM FEW040 SCT250 33/22 A2990 RMK AO2 SLP110 T03280222
STL,2023-07-14 16:51,KSTL 141651Z 24004KT 10SM FEW040 SCT250 34/21 A2990 RMK AO2 SLP110 T03390211
STL,2023-07-14 17:51,KSTL 141751Z 21005KT 10SM SCT049TCU BKN250 35/21 A2989 RMK AO2 LTG DSNT SE AND S SLP105 TCU SE-S T03500211 10350 20250 58007
STL,2023-07-14 18:51,KSTL 141851Z 18008KT 10SM SCT049TCU SCT250 32/19 A2987 RMK AO2 WSHFT 1823 LTG DSNT E AND SE TSB1758E40 SLP101 CB DSNT E-SE MOV NE TCU NW T03170194
STL,2023-07-14 19:51,KSTL 141951Z 00000KT 10SM FEW050 FEW110 SCT250 34/21 A2983 RMK AO2 SLP087 TCU DSNT NW T03440211
STL,2023-07-14 20:51,KSTL 142051Z 00000KT 10SM FEW055 FEW110 SCT250 36/22 A2981 RMK AO2 SLP080 CB DSNT NW MOV E T03560222 58025
STL,2023-07-14 21:51,KSTL 142151Z VRB04KT 10SM FEW055TCU SCT110 BKN250 35/22 A2981 RMK AO2 LTG DSNT N AND NW SLP080 CB DSNT NW-NE MOV E TCU W-NW T03500222
STL,2023-07-14 22:51,KSTL 142251Z 00000KT 10SM SCT060 BKN120 BKN250 35/22 A2981 RMK AO2 LTG DSNT W SLP080 CB DSNT W-NW MOV E T03500217
STL,2023-07-14 23:51,KSTL 142351Z 03010G15KT 350V060 10SM -TSRA SCT055CB BKN120 BKN250 31/17 A2980 RMK AO2 LTG DSNT NW-E RAB48 TSB23 SLP078 FRQ LTGCGCC NW-NE TS NW-NE MOV E TCU SW P0000 60000 T03060167 10361 20306 58005
STL,2023-07-15 00:51,KSTL 150051Z 08022G29KT 10SM BKN055 BKN120 OVC250 27/17 A2981 RMK AO2 PK WND 05035/0016 LTG DSNT NE-SE RAE2356 TSE27 SLP081 OCNL LTGICCGCC DSNT NE-SE CB DSNT NE-SE MOV E P0000 T02670172 $
STL,2023-07-15 01:51,KSTL 150151Z 11009KT 10SM SCT055 BKN075 OVC180 26/21 A2980 RMK AO2 PK WND 07030/0053 WSHFT 0059 LTG DSNT ALQDS RAB03E41 TSB0056E28 SLP079 CONS LTGICCC DSNT E-SW CB DSNT E-SW MOV E P0013 T02610206 $
STL,2023-07-15 02:51,KSTL 150251Z 16014KT 10SM -TSRA SCT020 BKN055CB OVC075 25/20 A2984 RMK AO2 LTG DSNT ALQDS RAB40 TSB16 SLP091 CONS LTGICCCCG SE-W TS SE-W MOV NE P0000 60013 T02500200 53014 $
STL,2023-07-15 03:51,KSTL 150351Z 18010KT 1SM R30R/P6000FT +TSRA BR FEW012 BKN024 OVC060CB 23/21 A2990 RMK AO2 PK WND 15027/0304 WSHFT 0302 LTG DSNT ALQDS SLP109 CONS LTGICCCCG ALQDS TS ALQDS MOV NE P0061 T02330211 $
STL,2023-07-15 04:51,KSTL 150451Z 11009KT 10SM FEW050 OVC140 23/22 A2981 RMK AO2 LTG DSNT NE AND E RAE46 TSE36 SLP079 OCNL LTGICCC DSNT NE-E CB DSNT NE-E MOV NE P0029 T02330217 $
STL,2023-07-15 05:51,KSTL 150551Z 10008KT 10SM -RA SCT050 BKN110 23/21 A2986 RMK AO2 RAB07 SLP096 P0000 60103 T02330211 10306 20228 403610228 51005 $
STL,2023-07-15 06:51,KSTL 150651Z 10008KT 10SM FEW050 SCT100 SCT110 23/20 A2984 RMK AO2 LTG DSNT N AND NE RAE0553 SLP089 P0000 T02280200 $
STL,2023-07-15 07:51,KSTL 150751Z 01005KT 10SM OVC024 23/21 A2981 RMK AO2 LTG DSNT N AND NE SLP081 T02280206 $
STL,2023-07-15 08:51,KSTL 150851Z 00000KT 10SM FEW120 22/20 A2981 RMK AO2 SLP078 60000 T02220200 56018 $
STL,2023-07-15 09:51,KSTL 150951Z 00000KT 10SM CLR 22/20 A2982 RMK AO2 SLP082 T02220200 $
STL,2023-07-15 10:51,KSTL 151051Z 29004KT 10SM FEW080 22/20 A2982 RMK AO2 SLP082 T02220200 $
STL,2023-07-15 11:51,KSTL 151151Z 29004KT 10SM FEW015 FEW050 23/21 A2983 RMK AO2 SLP090 60000 70103 T02280206 10233 20217 53009 $
STL,2023-07-15 12:51,KSTL 151251Z 31008KT 10SM FEW006 24/21 A2984 RMK AO2 SLP094 T02390206 $
STL,2023-07-15 13:51,KSTL 151351Z 36007KT 10SM BKN008 OVC015 24/21 A2988 RMK AO2 SLP106 T02390211 $
STL,2023-07-15 14:51,KSTL 151451Z 04006KT 10SM FEW008 OVC013 23/21 A2990 RMK AO2 SLP115 T02330206 53023 $
STL,2023-07-15 15:51,KSTL 151551Z VRB04KT 10SM SCT012 BKN033 26/21 A2991 RMK AO2 SLP119 T02560211 $
STL,2023-07-15 16:51,KSTL 151651Z VRB04KT 10SM FEW019 SCT031 28/21 A2991 RMK AO2 SLP118 T02780211 $
STL,2023-07-15 17:51,KSTL 151751Z 33009KT 10SM FEW024 SCT031 SCT040 29/21 A2991 RMK AO2 SLP116 T02890206 10294 20228 50002 $
STL,2023-07-15 18:51,KSTL 151851Z 30007KT 10SM FEW024 SCT040 30/19 A2991 RMK AO2 SLP115 T03000194 $
STL,2023-07-15 19:51,KSTL 151951Z VRB04KT 10SM FEW044 31/21 A2990 RMK AO2 SLP112 T03110206 $
STL,2023-07-15 20:51,KSTL 152051Z 31008KT 10SM FEW044 31/20 A2990 RMK AO2 SLP113 T03110200 56002 $
STL,2023-07-15 21:51,KSTL 152151Z 31007KT 10SM SCT045 BKN250 31/19 A2988 RMK AO2 SLP107 T03110194 $
STL,2023-07-15 22:51,KSTL 152251Z 01006KT 10SM SCT050 BKN250 30/20 A2988 RMK AO2 SLP106 TCU DSNT NW T03000200 $
STL,2023-07-15 23:51,KSTL 152351Z 31006KT 10SM SCT048 BKN250 28/22 A2989 RMK AO2 PK WND 34047/2303 LTG DSNT E AND SE RAB02E24 TSB2259E50 SLP112 CB DSNT SE MOV SE P0010 60010 T02830222 10317 20244 55003 $
STL,2023-07-16 00:51,KSTL 160051Z 32005KT 10SM FEW045 SCT100 BKN250 28/22 A2990 RMK AO2 SLP113 T02780217 $
STL,2023-07-16 01:51,KSTL 160151Z 33003KT 8SM FEW045 OVC250 27/19 A2992 RMK AO2 SLP119 T02670194 $
STL,2023-07-16 02:51,KSTL 160251Z 29003KT 8SM BKN250 26/19 A2994 RMK AO2 SLP129 T02560189 53016 $
STL,2023-07-16 03:51,KSTL 160351Z 00000KT 7SM OVC250 25/19 A2995 RMK AO2 SLP130 T02500189 $
STL,2023-07-16 04:51,KSTL 160451Z 00000KT 7SM FEW055 OVC250 24/19 A2996 RMK AO2 SLP132 T02390189 $
STL,2023-07-16 05:51,KSTL 160551Z 00000KT 7SM OVC250 23/18 A2996 RMK AO2 SLP134 T02330178 10283 20228 403170217 51007 $
STL,2023-07-16 06:51,KSTL 160651Z 00000KT 8SM BKN250 23/18 A2996 RMK AO2 SLP134 T02330178 $
STL,2023-07-16 07:51,KSTL 160751Z 00000KT 8SM BKN250 23/18 A2996 RMK AO2 SLP131 T02280178 $
STL,2023-07-16 08:51,KSTL 160851Z 24003KT 8SM BKN250 23/17 A2996 RMK AO2 SLP132 T02280172 55001 $
STL,2023-07-16 09:51,KSTL 160951Z 00000KT 8SM BKN250 22/17 A2996 RMK AO2 SLP132 T02220167 $
STL,2023-07-16 10:51,KSTL 161051Z 00000KT 7SM OVC250 22/17 A2996 RMK AO2 SLP133 T02220172 $
STL,2023-07-16 11:51,KSTL 161151Z 24003KT 7SM OVC250 23/18 A2998 RMK AO2 SLP139 70010 T02280178 10239 20211 53005 $
STL,2023-07-16 12:51,KSTL 161251Z 24006KT 7SM OVC250 24/19 A2997 RMK AO2 SLP137 T02390189 $
STL,2023-07-16 13:51,KSTL 161351Z 25008KT 8SM OVC250 26/19 A2999 RMK AO2 SLP142 T02560194 $
STL,2023-07-16 14:51,KSTL 161451Z 27008KT 7SM OVC250 27/20 A2999 RMK AO2 SLP143 T02720200 53005 $
STL,2023-07-16 15:51,KSTL 161551Z 26011KT 7SM OVC250 29/19 A3000 RMK AO2 SLP144 T02890194 $
STL,2023-07-16 16:51,KSTL 161651Z 24011KT 8SM OVC250 31/20 A2998 RMK AO2 SLP140 T03060200 $
STL,2023-07-16 17:51,KSTL 161751Z 25011KT 9SM OVC250 32/20 A2997 RMK AO2 SLP137 T03170200 10317 20228 58005 $
STL,2023-07-16 18:51,KSTL 161851Z 24010KT 9SM OVC250 33/21 A2996 RMK AO2 SLP132 T03280206 $
STL,2023-07-16 19:51,KSTL 161951Z 27013G21KT 9SM FEW060 OVC250 32/18 A2994 RMK AO2 LTG DSNT W-N SLP125 T03220183 $
STL,2023-07-16 20:51,KSTL 162051Z 25009KT 10SM -RA FEW050 BKN110 OVC250 23/18 A2996 RMK AO2 PK WND 29037/2022 LTG DSNT ALQDS RAB19 TSB13E50 SLP136 P0003 60003 T02330178 55005 $
STL,2023-07-16 21:51,KSTL 162151Z 25005KT 10SM BKN130 OVC250 25/19 A2995 RMK AO2 LTG DSNT NE RAE2054 SLP132 ACC W P0000 T02500194 $
STL,2023-07-16 22:51,KSTL 162251Z 29005KT 10SM SCT150 BKN250 28/19 A2994 RMK AO2 SLP126 ACC S T02830194 $
STL,2023-07-16 23:51,KSTL 162351Z 00000KT 10SM FEW150 BKN250 28/18 A2993 RMK AO2 SLP122 60003 T02830183 10333 20228 58011 $
STL,2023-07-17 00:51,KSTL 170051Z 24006KT 10SM FEW130 BKN250 28/19 A2992 RMK AO2 SLP121 T02780194 $
STL,2023-07-17 01:51,KSTL 170151Z 24003KT 10SM FEW150 SCT250 26/20 A2993 RMK AO2 SLP123 T02610200 $
STL,2023-07-17 02:51,KSTL 170251Z 23006KT 10SM FEW120 BKN250 25/21 A2996 RMK AO2 SLP133 T02500206 53012 $
STL,2023-07-17 03:51,KSTL 170351Z 24006KT 10SM SCT150 BKN250 25/20 A2998 RMK AO2 SLP137 T02500200 $
STL,2023-07-17 04:51,KSTL 170451Z 25004KT 10SM BKN140 BKN250 24/19 A2998 RMK AO2 SLP137 T02440194 $
STL,2023-07-17 05:51,KSTL 170551Z 22005KT 10SM TS SCT075CB BKN110 BKN150 BKN250 24/19 A2996 RMK AO2 LTG DSNT S-W TSB41 SLP130 FRQ LTGICCG SW-W TS SW-W MOV SE T02440189 10289 20244 403330211 58001 $
STL,2023-07-17 06:51,KSTL 170651Z 23011KT 10SM TS BKN065CB OVC110 24/19 A2997 RMK AO2 LTG DSNT ALQDS SLP133 CONS LTGICCCCG SE-SW TS SE-SW MOV SE T02440189 $
STL,2023-07-17 07:51,KSTL 170751Z 22014KT 10SM TS SCT060CB BKN095 OVC150 23/19 A2996 RMK AO2 LTG DSNT ALQDS RAB16E26 SLP132 FRQ LTGICCCCG E-S TS E-S MOV SE P0000 T02280189 $
STL,2023-07-17 08:51,KSTL 170851Z 25004KT 10SM FEW055 FEW100 OVC160 23/19 A2993 RMK AO2 LTG DSNT NE-S TSE36 SLP126 OCNL LTGICCC DSNT NE-SW CB DSNT NE-SW MOV SE 60000 T02330189 58009 $
STL,2023-07-17 09:51,KSTL 170951Z 24007KT 10SM BKN065 BKN150 OVC250 22/17 A2996 RMK AO2 LTG DSNT SE AND S SLP135 OCNL LTGIC DSNT SW CB DSNT SW MOV SE T02220172 $
STL,2023-07-17 10:51,KSTL 171051Z 22006KT 10SM FEW065 SCT150 BKN250 22/17 A2998 RMK AO2 LTG DSNT SW SLP139 T02170172 $
STL,2023-07-17 11:51,KSTL 171151Z 16003KT 10SM FEW150 BKN250 22/18 A2998 RMK AO2 SLP139 60000 70003 T02170178 10244 20211 50014 $
STL,2023-07-17 12:51,KSTL 171251Z 19004KT 10SM FEW150 BKN250 22/18 A2999 RMK AO2 SLP143 T02220178
STL,2023-07-17 13:51,KSTL 171351Z 24007KT 10SM SCT250 24/18 A3001 RMK AO2 SLP151 T02440183
STL,2023-07-17 14:51,KSTL 171451Z VRB04KT 10SM SCT250 26/19 A3000 RMK AO2 SLP147 T02610194 50008
STL,2023-07-17 15:51,KSTL 171551Z 25005KT 10SM FEW250 28/20 A2999 RMK AO2 SLP145 T02780200
STL,2023-07-17 16:51,KSTL 171651Z 22006KT 10SM FEW250 29/21 A2998 RMK AO2 SLP141 T02890206
STL,2023-07-17 17:51,KSTL 171751Z 25008KT 10SM FEW070 BKN220 31/21 A2997 RMK AO2 SLP136 T03060211 10311 20217 58009
STL,2023-07-17 18:51,KSTL 171851Z 29005KT 10SM SCT040 BKN200 32/22 A2996 RMK AO2 LTG DSNT N AND NW SLP131 T03170222
STL,2023-07-17 19:51,KSTL 171951Z 06010G34KT 8SM -TSRA SCT040CB BKN220 24/16 A2997 RMK AO2 PK WND 04036/1947 LTG DSNT NW-E RAB51 TSB23 SLP137 FRQ LTGICCC N-NE TS N-NE MOV SE P0000 T02440156
STL,2023-07-17 20:51,KSTL 172051Z COR 12011KT 9SM FEW035 SCT045 BKN110 26/18 A2996 RMK AO2 LTG DSNT SE RAE01 TSE38 SLP134 P0000 60000 T02610178 56003
STL,2023-07-17 21:51,KSTL 172151Z 00000KT 9SM SCT048TCU BKN140 BKN220 29/16 A2996 RMK AO2 LTG DSNT SE SLP134 TCU S T02940161
STL,2023-07-17 22:51,KSTL 172251Z 21004KT 10SM FEW045 FEW075 BKN160 OVC250 29/18 A2993 RMK AO2 RAB13E24 SLP126 P0000 T02940183
STL,2023-07-17 23:51,KSTL 172351Z 21007KT 10SM FEW060 FEW100 BKN160 OVC250 30/19 A2993 RMK AO2 LTG DSNT S AND SW SLP125 60000 T03000189 10322 20244 58008
STL,2023-07-18 00:51,KSTL 180051Z 20012KT 8SM FEW110 BKN170 BKN250 28/19 A2993 RMK AO2 SLP123 ACC E T02780194
STL,2023-07-18 01:51,KSTL 180151Z 27007KT 10SM SCT130 BKN180 BKN250 27/18 A2995 RMK AO2 SLP131 T02670183
STL,2023-07-18 02:51,KSTL 180251Z 00000KT 10SM BKN140 BKN250 26/18 A2997 RMK AO2 SLP135 T02560178 53010
STL,2023-07-18 03:51,KSTL 180351Z 00000KT 10SM FEW110 SCT180 BKN250 24/18 A2997 RMK AO2 SLP135 T02440178
STL,2023-07-18 04:51,KSTL 180451Z 00000KT 10SM FEW130 24/17 A2997 RMK AO2 SLP135 T02390172
STL,2023-07-18 05:51,KSTL 180551Z 26005KT 10SM FEW250 23/17 A2997 RMK AO2 SLP136 T02330172 10300 20228 403220211 53002
STL,2023-07-18 06:51,KSTL 180651Z 32003KT 10SM SCT250 22/18 A2997 RMK AO2 SLP134 T02220178
STL,2023-07-18 07:51,KSTL 180751Z 06004KT 10SM FEW050 BKN250 23/19 A2995 RMK AO2 SLP133 T02280189
STL,2023-07-18 08:51,KSTL 180851Z 07005KT 10SM BKN046 23/19 A2995 RMK AO2 SLP132 T02280189 56007
STL,2023-07-18 09:51,KSTL 180951Z 00000KT 9SM FEW055 FEW100 23/19 A2998 RMK AO2 SLP140 T02280189
STL,2023-07-18 10:51,KSTL 181051Z 06004KT 8SM BKN060 BKN250 22/19 A2998 RMK AO2 SLP139 T02170189
STL,2023-07-18 11:51,KSTL 181151Z 04005KT 7SM BKN065 BKN250 23/19 A2999 RMK AO2 SLP143 ACC ALQDS T02280189 10239 20217 51013
STL,2023-07-18 12:51,KSTL 181251Z 05003KT 7SM SCT065 OVC250 23/18 A3001 RMK AO2 SLP149 ACC NW-E T02330183
STL,2023-07-18 13:51,KSTL 181351Z 09005KT 9SM FEW065 SCT130 OVC250 24/19 A2999 RMK AO2 SLP142 ACC N-NE T02440189
STL,2023-07-18 14:51,KSTL 181451Z 10004KT 9SM FEW060 SCT110 OVC250 26/19 A2997 RMK AO2 SLP137 T02560194 58007
STL,2023-07-18 15:51,KSTL 181551Z 20004KT 8SM FEW060 SCT080 BKN110 OVC250 26/19 A2999 RMK AO2 SLP146 T02610189
STL,2023-07-18 16:51,KSTL 181651Z 33004KT 10SM FEW060 SCT100 BKN150 OVC250 26/19 A2998 RMK AO2 RAB1555E27 SLP139 P0000 T02610194
STL,2023-07-18 17:51,KSTL 181751Z VRB03KT 10SM FEW060 SCT100 BKN150 OVC250 27/19 A2996 RMK AO2 SLP135 60000 T02720194 10272 20228 58002
STL,2023-07-18 18:51,KSTL 181851Z 27005KT 10SM FEW060 SCT100 BKN160 OVC250 28/19 A2997 RMK AO2 SLP136 T02830194
STL,2023-07-18 19:51,KSTL 181951Z 21006KT 9SM -RA FEW050 SCT090 BKN110 OVC250 26/21 A2996 RMK AO2 RAB37 PRESFR SLP133 P0000 T02610206
STL,2023-07-18 20:51,KSTL 182051Z 24004KT 10SM FEW035 SCT080 BKN130 OVC250 27/21 A2992 RMK AO2 RAE08 SLP120 P0000 60000 T02720206 58014
STL,2023-07-18 21:51,KSTL 182151Z 00000KT 10SM FEW035 FEW080 SCT150 OVC250 28/20 A2991 RMK AO2 SLP115 T02780200
STL,2023-07-18 22:51,KSTL 182251Z 00000KT 10SM SCT025 BKN150 OVC250 28/20 A2990 RMK AO2 SLP113 T02830200
STL,2023-07-18 23:51,KSTL 182351Z 32008KT 10SM BKN029 BKN150 OVC250 28/22 A2991 RMK AO2 SLP117 60000 T02780217 10289 20261 55002
STL,2023-07-19 00:51,KSTL 190051Z 35005KT 10SM SCT023 BKN031 BKN250 27/21 A2995 RMK AO2 SLP130 T02670206
STL,2023-07-19 01:51,KSTL 190151Z 00000KT 10SM SCT031 BKN150 BKN240 26/21 A2997 RMK AO2 SLP136 T02610206
STL,2023-07-19 02:51,KSTL 190251Z 02003KT 10SM FEW035 SCT250 26/21 A2999 RMK AO2 SLP145 T02560206 51027
STL,2023-07-19 03:51,KSTL 190351Z 06006KT 10SM SCT250 24/21 A2998 RMK AO2 SLP142 T02440206
STL,2023-07-19 04:51,KSTL 190451Z 07006KT 10SM FEW050 SCT095 BKN250 24/21 A3000 RMK AO2 SLP148 CONS LTGIC DSNT SW CB DSNT SW MOV E T02390206
STL,2023-07-19 05:51,KSTL 190551Z 11006KT 10SM FEW050 SCT100 SCT250 24/19 A2998 RMK AO2 LTG DSNT SE-SW SLP141 CONS LTGICCCCA DSNT SE-SW CB DSNT SE-SW MOV SE T02390194 10278 20239 402890217 58003
STL,2023-07-19 06:51,KSTL 190651Z 08005KT 10SM BKN060 BKN090 23/19 A2998 RMK AO2 LTG DSNT S SLP138 OCNL LTGIC DSNT SE-S CB DSNT SE-S MOV SE T02330194
STL,2023-07-19 07:51,KSTL 190751Z 08005KT 10SM -RA BKN048 BKN100 23/19 A2996 RMK AO2 LTG DSNT SE-W RAB45 SLP135 OCNL LTGICCG DSNT S-W CB DSNT S-W MOV SE P0000 T02330194
STL,2023-07-19 08:51,KSTL 190851Z 10006KT 10SM TS FEW030 BKN045CB OVC100 23/19 A2997 RMK AO2 LTG DSNT SE-W RAE0755 TSB00 SLP138 CONS LTGICCCCG S-SW TS S-SW MOV SE P0000 60000 T02330194 55003
STL,2023-07-19 09:51,KSTL 190951Z 13004KT 10SM SCT013 BKN043 OVC100 23/19 A2998 RMK AO2 LTG DSNT S-W TSE09 SLP142 FRQ LTGICCCCG DSNT SE-S AND DSNT W CB DSNT SE-S AND DSNT W MOV SE T02330194
STL,2023-07-19 10:51,KSTL 191051Z 12004KT 10SM BKN011 OVC043 23/20 A2999 RMK AO2 LTG DSNT S AND SW SLP143 OCNL LTGIC DSNT S CB DSNT S MOV SE T02330200
STL,2023-07-19 11:51,KSTL 191151Z 07005KT 10SM SCT010 OVC046 23/20 A3000 RMK AO2 LTG DSNT SW SLP146 60000 T02330200 10239 20233 53004
STL,2023-07-19 12:51,KSTL 191251Z 09005KT 10SM BKN010 BKN046 BKN250 24/21 A2999 RMK AO2 LTG DSNT S SLP145 T02390206
STL,2023-07-19 13:51,KSTL 191351Z 09008KT 10SM BKN011 24/21 A3002 RMK AO2 LTG DSNT SW SLP153 T02440211
STL,2023-07-19 14:51,KSTL 191451Z 09004KT 10SM R30R/5000VP6000FT SCT012 BKN250 26/22 A3000 RMK AO2 SLP146 CB DSNT SW MOV SE T02610217 50001
STL,2023-07-19 15:51,KSTL 191551Z 10009KT 10SM BKN018 28/22 A3001 RMK AO2 SLP150 T02830222
STL,2023-07-19 16:51,KSTL 191651Z 18006KT 10SM SCT025 BKN250 30/22 A3002 RMK AO2 SLP154 T03000222
STL,2023-07-19 17:51,KSTL 191751Z 19010KT 9SM BKN028 31/22 A3001 RMK AO2 SLP149 T03060217 10306 20233 50004
STL,2023-07-19 18:51,KSTL 191851Z 19008KT 9SM BKN029 29/22 A3001 RMK AO2 SLP151 T02940222
STL,2023-07-19 19:51,KSTL 191951Z 22010KT 9SM SCT023 BKN032 BKN046 31/23 A3000 RMK AO2 SLP147 T03060233
STL,2023-07-19 20:51,KSTL 192051Z 19008G15KT 10SM BKN021 BKN036 29/23 A2999 RMK AO2 SLP144 T02890228 58006
STL,2023-07-19 21:51,KSTL 192151Z 23006KT 10SM OVC023 29/23 A3000 RMK AO2 SLP147 T02890228
STL,2023-07-19 22:51,KSTL 192251Z 30003KT 10SM FEW021 OVC031 29/23 A3001 RMK AO2 SLP149 T02890228
STL,2023-07-19 23:51,KSTL 192351Z 00000KT 10SM OVC035 29/23 A3000 RMK AO2 SLP147 T02890233 10306 20283 50001
STL,2023-07-20 00:51,KSTL 200051Z 00000KT 10SM FEW035 BKN190 OVC250 29/23 A3001 RMK AO2 SLP149 T02890228
STL,2023-07-20 01:51,KSTL 200151Z 14006KT 10SM FEW038 OVC190 28/23 A3000 RMK AO2 SLP147 T02830228
STL,2023-07-20 02:51,KSTL 200251Z 11008KT 10SM BKN170 28/23 A2997 RMK AO2 SLP134 T02780233 58012
STL,2023-07-20 03:51,KSTL 200351Z 13006KT 10SM SCT033 OVC150 28/23 A2998 RMK AO2 SLP137 T02780233
STL,2023-07-20 04:51,KSTL 200451Z 15007KT 10SM BKN140 27/23 A2998 RMK AO2 SLP136 T02720233
STL,2023-07-20 05:51,KSTL 200551Z 17005KT 10SM FEW140 BKN200 27/23 A2998 RMK AO2 SLP138 T02720233 10294 20272 403060233 51005
STL,2023-07-20 06:51,KSTL 200651Z 00000KT 10SM OVC026 27/24 A2998 RMK AO2 SLP138 T02720239
STL,2023-07-20 07:51,KSTL 200751Z 15004KT 10SM SCT024 BKN240 27/24 A2997 RMK AO2 SLP135 T02670239
STL,2023-07-20 08:51,KSTL 200851Z 12003KT 10SM FEW016 BKN230 26/24 A2997 RMK AO2 SLP135 T02610239 58004
STL,2023-07-20 09:51,KSTL 200951Z 11003KT 9SM SCT012 BKN190 26/24 A2997 RMK AO2 SLP135 T02610239
STL,2023-07-20 10:51,KSTL 201051Z 18004KT 9SM BKN008 OVC200 27/24 A2997 RMK AO2 SLP136 T02670239
STL,2023-07-20 11:51,KSTL 201151Z 00000KT 5SM -RA BR OVC006 27/24 A2997 RMK AO2 RAB16 SLP136 P0000 60000 T02670244 10272 20261 51001
STL,2023-07-20 12:51,KSTL 201251Z 25003KT 4SM -RA BR OVC005 27/25 A2999 RMK AO2 SLP143 P0001 T02670250
STL,2023-07-20 13:51,KSTL 201351Z 21005KT 5SM -RA BR BKN004 OVC080 27/26 A2995 RMK AO2 SLP129 P0001 T02670256
STL,2023-07-20 14:51,KSTL 201451Z 23004KT 5SM BR OVC005 27/25 A2999 RMK AO2 LTG DSNT NE RAE04 SLP142 P0000 60002 T02720250 53005
STL,2023-07-20 15:51,KSTL 201551Z 20018G36KT 3/4SM R30R/3500VP6000FT +TSRA BR SCT005 BKN014CB OVC045 23/21 A2999 RMK AO2 PK WND 26037/1541 LTG DSNT ALQDS RAB25 TSB28 SLP143 OCNL LTGICCG ALQDS TS ALQDS MOV E P0013 T02330211 $
STL,2023-07-20 16:51,KSTL 201651Z VRB03KT 10SM -TSRA FEW014CB SCT021 BKN080 BKN130 BKN250 24/22 A2999 RMK AO2 LTG DSNT E SLP142 OCNL LTGIC N-NE TS N-NE MOV E P0039 T02440217 $
STL,2023-07-20 17:51,KSTL 201751Z 26004KT 10SM FEW015 SCT110 SCT250 28/23 A2999 RMK AO2 RAE1653 TSE04 SLP141 P0000 60054 T02830228 10283 20233 57001 $
STL,2023-07-20 18:51,KSTL 201851Z 22003KT 10SM FEW017 FEW250 30/23 A2996 RMK AO2 SLP132 T03000228
STL,2023-07-20 19:51,KSTL 201951Z 31009KT 10SM FEW025 FEW250 32/23 A2994 RMK AO2 SLP124 TCU DSNT NW T03220233
STL,2023-07-20 20:51,KSTL 202051Z 29008KT 10SM SCT035 BKN250 33/23 A2994 RMK AO2 SLP124 T03280233 56015
STL,2023-07-20 21:51,KSTL 202151Z 32012KT 10SM FEW035 SCT250 33/17 A2993 RMK AO2 SLP121 T03330167
STL,2023-07-20 22:51,KSTL 202251Z 34007KT 10SM FEW035 SCT250 33/18 A2993 RMK AO2 SLP120 CB DSNT SE MOV SE TCU DSNT S T03280183
STL,2023-07-20 23:51,KSTL 202351Z 35005KT 10SM FEW035 SCT070 SCT250 32/19 A2993 RMK AO2 SLP120 T03220189 10339 20283 55003
STL,2023-07-21 00:51,KSTL 210051Z 33007KT 10SM FEW070 BKN250 30/17 A2995 RMK AO2 SLP128 T03000172
STL,2023-07-21 01:51,KSTL 210151Z 36010KT 10SM FEW070 BKN250 28/17 A2998 RMK AO2 SLP138 T02830172
STL,2023-07-21 02:51,KSTL 210251Z 01009KT 10SM BKN250 27/16 A3000 RMK AO2 SLP147 T02670161 53024
STL,2023-07-21 03:51,KSTL 210351Z 35004KT 10SM SCT250 25/16 A3002 RMK AO2 SLP154 T02500161
STL,2023-07-21 04:51,KSTL 210451Z 35004KT 10SM SCT250 24/16 A3001 RMK AO2 SLP153 T02390161
STL,2023-07-21 05:51,KSTL 210551Z 34003KT 10SM FEW250 23/16 A3001 RMK AO2 SLP150 T02330161 10317 20233 403390233 51002
STL,2023-07-21 06:51,KSTL 210651Z 31004KT 10SM CLR 22/16 A3001 RMK AO2 SLP149 T02220161
STL,2023-07-21 07:51,KSTL 210751Z 31004KT 10SM CLR 21/16 A3001 RMK AO2 SLP150 T02060161
STL,2023-07-21 08:51,KSTL 210851Z 28003KT 10SM FEW200 21/16 A3001 RMK AO2 SLP149 T02060161 56002
STL,2023-07-21 09:51,KSTL 210951Z 00000KT 10SM FEW200 FEW250 21/16 A3001 RMK AO2 SLP147 T02060161
STL,2023-07-21 10:51,KSTL 211051Z 00000KT 10SM FEW200 SCT250 21/16 A3002 RMK AO2 SLP154 T02060161
STL,2023-07-21 11:51,KSTL 211151Z 30004KT 10SM BKN250 21/17 A3004 RMK AO2 SLP161 70054 T02110167 10233 20200 53012
STL,2023-07-21 12:51,KSTL 211251Z 36003KT 10SM FEW200 BKN250 23/17 A3004 RMK AO2 SLP161 T02280167
STL,2023-07-21 13:51,KSTL 211351Z VRB03KT 10SM FEW150 FEW200 BKN250 24/17 A3005 RMK AO2 SLP163 T02390172
STL,2023-07-21 14:51,KSTL 211451Z 00000KT 10SM BKN150 BKN250 24/16 A3005 RMK AO2 SLP163 T02440161 50001
STL,2023-07-21 15:51,KSTL 211551Z 34004KT 10SM FEW030 BKN130 OVC180 24/17 A3006 RMK AO2 SLP166 T02440172
STL,2023-07-21 16:51,KSTL 211651Z 29005KT 10SM FEW030 FEW100 OVC160 24/17 A3007 RMK AO2 SLP172 T02440172
STL,2023-07-21 17:51,KSTL 211751Z 31006KT 10SM FEW035 BKN140 BKN250 26/17 A3007 RMK AO2 SLP171 T02560167 10256 20211 50007
STL,2023-07-21 18:51,KSTL 211851Z 33004KT 10SM FEW035 BKN160 BKN250 26/17 A3004 RMK AO2 SLP163 T02560167
STL,2023-07-21 19:51,KSTL 211951Z 32007KT 10SM FEW035 SCT130 OVC170 26/17 A3003 RMK AO2 SLP159 T02560172
STL,2023-07-21 20:51,KSTL 212051Z 36007KT 10SM FEW035 SCT130 BKN180 26/17 A2999 RMK AO2 SLP147 T02610172 58024
STL,2023-07-21 21:51,KSTL 212151Z 35009KT 10SM SCT035 BKN190 BKN250 27/17 A2997 RMK AO2 SLP139 T02670167
STL,2023-07-21 22:51,KSTL 212251Z 36006KT 10SM SCT050 BKN190 BKN250 27/16 A2997 RMK AO2 SLP139 T02720161
STL,2023-07-21 23:51,KSTL 212351Z 34008KT 10SM BKN065 BKN190 26/16 A2998 RMK AO2 SLP141 T02610161 10272 20250 55005
STL,2023-07-22 00:51,KSTL 220051Z 34004KT 10SM BKN070 25/17 A2998 RMK AO2 SLP142 T02500167
STL,2023-07-22 01:51,KSTL 220151Z 36003KT 10SM SCT055 24/17 A2999 RMK AO2 SLP144 T02390167
STL,2023-07-22 02:51,KSTL 220251Z 35003KT 10SM BKN075 24/16 A3000 RMK AO2 SLP147 T02390161 53006
STL,2023-07-22 03:51,KSTL 220351Z 00000KT 10SM SCT075 23/17 A3000 RMK AO2 SLP147 T02330167
STL,2023-07-22 04:51,KSTL 220451Z 33003KT 10SM FEW075 22/17 A3000 RMK AO2 SLP147 T02170167
STL,2023-07-22 05:51,KSTL 220551Z 00000KT 10SM FEW075 22/17 A2999 RMK AO2 SLP143 T02170172 10261 20211 402720200 58004
STL,2023-07-22 06:51,KSTL 220651Z 31003KT 10SM FEW075 19/17 A2999 RMK AO2 SLP144 T01940167
STL,2023-07-22 07:51,KSTL 220751Z 26003KT 10SM CLR 20/17 A2998 RMK AO2 SLP142 T02000167
STL,2023-07-22 08:51,KSTL 220851Z 00000KT 10SM CLR 19/16 A2998 RMK AO2 SLP142 T01940161 57002
STL,2023-07-22 09:51,KSTL 220951Z 00000KT 10SM CLR 19/16 A2998 RMK AO2 SLP143 T01940161
STL,2023-07-22 10:51,KSTL 221051Z 27003KT 10SM FEW250 19/16 A3000 RMK AO2 SLP147 T01890156
STL,2023-07-22 11:51,KSTL 221151Z 29003KT 10SM FEW250 20/16 A3000 RMK AO2 SLP149 T02000161 10222 20183 53007
STL,2023-07-22 12:51,KSTL 221251Z 30003KT 10SM FEW250 22/17 A3001 RMK AO2 SLP152 T02170167
STL,2023-07-22 13:51,KSTL 221351Z 29003KT 10SM FEW250 23/17 A3002 RMK AO2 SLP154 T02330167
STL,2023-07-22 14:51,KSTL 221451Z 33004KT 10SM FEW025 25/17 A3001 RMK AO2 SLP152 T02500167 50004
STL,2023-07-22 15:51,KSTL 221551Z 35009KT 10SM FEW033 27/17 A3001 RMK AO2 SLP150 T02670167
STL,2023-07-22 16:51,KSTL 221651Z 35008KT 10SM SCT041 28/17 A3000 RMK AO2 SLP148 T02780167
STL,2023-07-22 17:51,KSTL 221751Z 33006KT 10SM SCT044 SCT060 SCT250 27/16 A3000 RMK AO2 SLP148 T02670161 10283 20200 58004
STL,2023-07-22 18:51,KSTL 221851Z VRB04KT 10SM SCT045 28/16 A2999 RMK AO2 SLP145 T02830156
STL,2023-07-22 19:51,KSTL 221951Z 34005KT 10SM FEW055 30/14 A2998 RMK AO2 SLP140 T03000144
STL,2023-07-22 20:51,KSTL 222051Z 32007KT 10SM FEW055 29/14 A2996 RMK AO2 SLP137 T02940144 58011
STL,2023-07-22 21:51,KSTL 222151Z 32007KT 10SM FEW060 29/14 A2995 RMK AO2 SLP130 T02940139
STL,2023-07-22 22:51,KSTL 222251Z 02005KT 10SM FEW060 29/13 A2993 RMK AO2 SLP124 T02890133
STL,2023-07-22 23:51,KSTL 222351Z 00000KT 10SM FEW060 SCT250 29/13 A2992 RMK AO2 SLP123 T02890133 10300 20267 56014
STL,2023-07-23 00:51,KSTL 230051Z 00000KT 10SM FEW150 SCT250 28/13 A2991 RMK AO2 SLP119 T02830128
STL,2023-07-23 01:51,KSTL 230151Z 21004KT 10SM FEW150 SCT250 27/14 A2993 RMK AO2 SLP124 T02670144
STL,2023-07-23 02:51,KSTL 230251Z 21004KT 10SM FEW150 SCT250 26/15 A2995 RMK AO2 SLP130 T02610150 53008
STL,2023-07-23 03:51,KSTL 230351Z 20004KT 10SM FEW050 FEW150 SCT250 26/14 A2995 RMK AO2 LTG DSNT NW SLP128 OCNL LTGCC DSNT NW CB DSNT NW MOV SE T02560144
STL,2023-07-23 04:51,KSTL 230451Z 21005KT 10SM SCT075 BKN220 25/15 A2996 RMK AO2 LTG DSNT W AND NW SLP132 OCNL LTGICCC DSNT NW CB DSNT NW MOV SE T02500150
STL,2023-07-23 05:51,KSTL 230551Z 24008KT 10SM FEW090 SCT110 24/16 A2996 RMK AO2 RAB25E45 SLP132 P0000 60000 T02440161 10289 20244 403000183 53002
STL,2023-07-23 06:51,KSTL 230651Z 21007KT 10SM FEW085 FEW250 23/16 A2994 RMK AO2 LTG DSNT N AND NE SLP125 T02330161
STL,2023-07-23 07:51,KSTL 230751Z 22005KT 10SM FEW120 23/16 A2994 RMK AO2 SLP125 T02280161
STL,2023-07-23 08:51,KSTL 230851Z 25005KT 10SM SCT120 23/16 A2993 RMK AO2 SLP124 T02280161 56007
STL,2023-07-23 09:51,KSTL 230951Z 26005KT 10SM FEW085 SCT100 22/17 A2995 RMK AO2 LTG DSNT W AND NW RAB29E44 SLP128 P0000 T02220172
STL,2023-07-23 10:51,KSTL 231051Z 26007KT 10SM TS SCT045 BKN070CB BKN110 22/18 A2996 RMK AO2 RAB0958E48 TSB14 SLP134 OCNL LTGICCC S TS S MOV SE P0002 T02170183
STL,2023-07-23 11:51,KSTL 231151Z 23003KT 10SM FEW070 FEW250 22/19 A2997 RMK AO2 TSE1057 SLP135 60002 70002 T02220189 10244 20217 51010
STL,2023-07-23 12:51,KSTL 231251Z 25005KT 10SM SCT250 23/18 A2998 RMK AO2 SLP139 T02330183
STL,2023-07-23 13:51,KSTL 231351Z 26006KT 10SM FEW250 25/19 A2999 RMK AO2 SLP144 T02500189
STL,2023-07-23 14:51,KSTL 231451Z 26003KT 10SM FEW250 27/19 A2999 RMK AO2 SLP143 T02670194 50008
STL,2023-07-23 15:51,KSTL 231551Z 28003KT 10SM FEW250 29/20 A2999 RMK AO2 SLP143 T02890200
STL,2023-07-23 16:51,KSTL 231651Z 24003KT 10SM FEW200 FEW250 31/21 A2998 RMK AO2 SLP139 T03110206
STL,2023-07-23 17:51,KSTL 231751Z 22005KT 10SM FEW060 SCT110 BKN250 31/19 A2998 RMK AO2 SLP138 T03060189 10317 20222 58004
STL,2023-07-23 18:51,KSTL 231851Z 25010KT 10SM FEW060 SCT110 BKN250 32/19 A2997 RMK AO2 SLP134 T03170189
STL,2023-07-23 19:51,KSTL 231951Z 26007KT 10SM FEW060 SCT120 SCT250 33/17 A2995 RMK AO2 SLP127 T03330167
STL,2023-07-23 20:51,KSTL 232051Z 28009KT 10SM FEW060 SCT250 34/16 A2993 RMK AO2 SLP122 T03390161 58015
STL,2023-07-23 21:51,KSTL 232151Z 27010KT 10SM FEW085 BKN250 33/18 A2992 RMK AO2 SLP120 ACC NE-S T03330178
STL,2023-07-23 22:51,KSTL 232251Z 25008KT 10SM SCT085 OVC250 32/18 A2994 RMK AO2 LTG DSNT W AND NW SLP127 T03170183
STL,2023-07-23 23:51,KSTL 232351Z 23009KT 10SM FEW085 BKN170 OVC250 31/18 A2994 RMK AO2 SLP127 T03110178 10339 20306 53003
STL,2023-07-24 00:51,KSTL 240051Z 20005KT 10SM FEW170 BKN250 31/18 A2993 RMK AO2 SLP124 T03110183
STL,2023-07-24 01:51,KSTL 240151Z 20006KT 10SM BKN250 29/19 A2994 RMK AO2 SLP127 T02940189
STL,2023-07-24 02:51,KSTL 240251Z 22007KT 10SM BKN250 29/19 A2997 RMK AO2 SLP134 T02890189 53008
STL,2023-07-24 03:51,KSTL 240351Z 22005KT 10SM SCT250 28/19 A2997 RMK AO2 SLP136 T02780189
STL,2023-07-24 04:51,KSTL 240451Z 22005KT 10SM SCT150 BKN250 27/19 A2998 RMK AO2 SLP136 T02720189
STL,2023-07-24 05:51,KSTL 240551Z 28006KT 10SM BKN070 BKN130 27/19 A2998 RMK AO2 SLP139 T02720189 10317 20272 403390217 51005
STL,2023-07-24 06:51,KSTL 240651Z 00000KT 10SM SCT060 SCT200 26/19 A2997 RMK AO2 LTG DSNT SW SLP134 OCNL LTGIC DSNT SW CB DSNT SW MOV SE T02610194
STL,2023-07-24 07:51,KSTL 240751Z 23007KT 10SM SCT060 SCT200 26/19 A2998 RMK AO2 LTG DSNT SE AND S SLP136 FRQ LTGICCC DSNT SE CB DSNT SE MOV SE T02560194
STL,2023-07-24 08:51,KSTL 240851Z 24009KT 10SM FEW060 FEW200 26/19 A2998 RMK AO2 SLP137 T02560194 55001
STL,2023-07-24 09:51,KSTL 240951Z 27009KT 10SM FEW070 25/19 A2999 RMK AO2 SLP142 T02500194
STL,2023-07-24 10:51,KSTL 241051Z 27006KT 10SM FEW070 FEW250 24/19 A3000 RMK AO2 SLP146 CB DSNT SE MOV SE T02440194
STL,2023-07-24 11:51,KSTL 241151Z 25005KT 10SM FEW070 FEW250 25/19 A3001 RMK AO2 SLP146 T02500194 10272 20239 51008
STL,2023-07-24 12:51,KSTL 241251Z 27007KT 10SM FEW065 SCT250 26/19 A3003 RMK AO2 SLP156 ACC SE-W T02610194
STL,2023-07-24 13:51,KSTL 241351Z 26008KT 10SM FEW070 SCT100 SCT250 28/20 A3005 RMK AO2 SLP162 ACC S-SW T02780200
STL,2023-07-24 14:51,KSTL 241451Z 25004KT 10SM FEW070 BKN250 29/21 A3005 RMK AO2 SLP162 ACC S T02890206 51016
STL,2023-07-24 15:51,KSTL 241551Z 25006KT 10SM FEW070 BKN250 30/21 A3005 RMK AO2 SLP162 T03000211
STL,2023-07-24 16:51,KSTL 241651Z 26008KT 10SM FEW070 SCT120 OVC250 31/22 A3005 RMK AO2 SLP163 ACC SW-W T03060217
STL,2023-07-24 17:51,KSTL 241751Z 35006KT 10SM FEW039 BKN250 31/23 A3005 RMK AO2 SLP160 T03110228 10317 20250 58001
STL,2023-07-24 18:51,KSTL 241851Z 25006KT 10SM FEW034 SCT250 32/22 A3004 RMK AO2 SLP158 T03170222
STL,2023-07-24 19:51,KSTL 241951Z 26007KT 240V300 10SM SCT040 SCT250 33/23 A3002 RMK AO2 SLP152 T03330228
STL,2023-07-24 20:51,KSTL 242051Z 01006KT 10SM FEW036 SCT047 SCT250 33/23 A3000 RMK AO2 SLP146 T03280228 58014
STL,2023-07-24 21:51,KSTL 242151Z VRB03KT 10SM FEW047 SCT250 33/22 A3000 RMK AO2 SLP145 T03330222
STL,2023-07-24 22:51,KSTL 242251Z 33003KT 10SM SCT050 33/21 A3000 RMK AO2 SLP147 T03280211
STL,2023-07-24 23:51,KSTL 242351Z 30003KT 10SM SCT055 33/22 A3001 RMK AO2 SLP150 T03280222 10339 20306 53003
STL,2023-07-25 00:51,KSTL 250051Z 00000KT 10SM BKN047 32/21 A3003 RMK AO2 SLP154 T03170206
STL,2023-07-25 01:51,KSTL 250151Z 27005KT 10SM BKN045 30/20 A3005 RMK AO2 SLP162 T03000200
STL,2023-07-25 02:51,KSTL 250251Z 00000KT 10SM BKN045 29/19 A3006 RMK AO2 SLP165 T02940194 51015
STL,2023-07-25 03:51,KSTL 250351Z 25005KT 10SM BKN044 28/20 A3007 RMK AO2 SLP166 T02830200
STL,2023-07-25 04:51,KSTL 250451Z 00000KT 10SM FEW046 27/20 A3006 RMK AO2 SLP165 T02720200
STL,2023-07-25 05:51,KSTL 250551Z 00000KT 10SM CLR 27/20 A3006 RMK AO2 SLP165 T02670200 10328 20267 403390239 58000
STL,2023-07-25 06:51,KSTL 250651Z 00000KT 10SM CLR 26/20 A3006 RMK AO2 SLP164 T02610200
STL,2023-07-25 07:51,KSTL 250751Z 00000KT 10SM CLR 26/20 A3006 RMK AO2 SLP163 T02560200
STL,2023-07-25 08:51,KSTL 250851Z 00000KT 10SM CLR 24/20 A3005 RMK AO2 SLP161 T02440200 58004
STL,2023-07-25 09:51,KSTL 250951Z 00000KT 10SM CLR 24/20 A3005 RMK AO2 SLP163 T02440200
STL,2023-07-25 10:51,KSTL 251051Z 00000KT 10SM FEW060 25/20 A3007 RMK AO2 SLP168 T02500200
STL,2023-07-25 11:51,KSTL 251151Z 10003KT 10SM FEW065 25/21 A3007 RMK AO2 SLP169 T02500206 10272 20239 51007
STL,2023-07-25 12:51,KSTL 251251Z 16004KT 10SM FEW065 27/22 A3008 RMK AO2 SLP172 T02720217
STL,2023-07-25 13:51,KSTL 251351Z 20003KT 10SM FEW065 29/22 A3008 RMK AO2 SLP172 T02890217
STL,2023-07-25 14:51,KSTL 251451Z VRB03KT 10SM FEW065 31/22 A3007 RMK AO2 SLP168 T03060217 50000
STL,2023-07-25 15:51,KSTL 251551Z VRB05KT 10SM FEW250 32/22 A3006 RMK AO2 SLP165 T03220217
STL,2023-07-25 16:51,KSTL 251651Z 16005KT 10SM FEW040 FEW250 33/22 A3004 RMK AO2 SLP159 T03280217
STL,2023-07-25 17:51,KSTL 251751Z 17005G15KT 10SM FEW050 FEW250 34/22 A3002 RMK AO2 SLP151 T03390217 10344 20250 58016
STL,2023-07-25 18:51,KSTL 251851Z 20011KT 10SM FEW050 FEW250 35/22 A3001 RMK AO2 SLP146 T03500217
STL,2023-07-25 19:51,KSTL 251951Z 20007KT 10SM SCT050 BKN110 BKN250 36/21 A2999 RMK AO2 SLP139 T03560206
STL,2023-07-25 20:51,KSTL 252051Z 24009KT 10SM FEW050 FEW120 SCT250 36/19 A2997 RMK AO2 SLP133 T03610189 58017
STL,2023-07-25 21:51,KSTL 252151Z 22008KT 10SM FEW050 SCT120 BKN250 36/19 A2996 RMK AO2 SLP130 T03610194
STL,2023-07-25 22:51,KSTL 252251Z 22012KT 10SM FEW065 BKN170 BKN250 36/21 A2996 RMK AO2 SLP130 ACC OHD T03560206
STL,2023-07-25 23:51,KSTL 252351Z 24010KT 10SM FEW065 BKN130 OVC250 34/21 A2997 RMK AO2 LTG DSNT W AND NW SLP134 CB DSNT W-NW MOV SE ACC E-SW T03440206 10367 20339 55001
STL,2023-07-26 00:51,KSTL 260051Z 24010KT 10SM -RA FEW070 FEW110 BKN150 OVC250 33/22 A2999 RMK AO2 RAB47 TSB22E44 SLP140 P0000 T03280217
STL,2023-07-26 01:51,KSTL 260151Z 26005KT 10SM -RA FEW050 BKN150 OVC250 31/22 A3000 RMK AO2 RAE07B45 SLP143 P0000 T03110217
STL,2023-07-26 02:51,KSTL 260251Z 22013KT 10SM FEW120 OVC170 32/21 A2996 RMK AO2 RAE0155 SLP129 P0000 60000 T03170211 58011
STL,2023-07-26 03:51,KSTL 260351Z 21010KT 10SM OVC150 32/22 A2994 RMK AO2 SLP122 T03170217
STL,2023-07-26 04:51,KSTL 260451Z 20010G16KT 10SM OVC150 31/22 A2995 RMK AO2 SLP124 T03110217
STL,2023-07-26 05:51,KSTL 260551Z 23008KT 10SM FEW120 OVC150 31/22 A2995 RMK AO2 RAB15E20 SLP124 P0000 60000 T03060217 10344 20306 403670239 56004
STL,2023-07-26 06:51,KSTL 260651Z 21006KT 10SM FEW065 FEW120 OVC150 30/22 A2993 RMK AO2 LTG DSNT NE AND E SLP119 OCNL LTGIC DSNT NE CB DSNT NE MOV SE T03000217
STL,2023-07-26 07:51,KSTL 260751Z 19006KT 10SM FEW120 OVC150 29/21 A2994 RMK AO2 RAB33E43 SLP121 P0000 T02940211
STL,2023-07-26 08:51,KSTL 260851Z 20008KT 10SM SCT150 OVC200 29/21 A2992 RMK AO2 SLP116 60000 T02940211 58007
STL,2023-07-26 09:51,KSTL 260951Z 21011KT 10SM BKN170 BKN200 29/21 A2992 RMK AO2 SLP115 T02940206
STL,2023-07-26 10:51,KSTL 261051Z 20013KT 10SM BKN120 BKN200 29/21 A2992 RMK AO2 SLP115 ACC ALQDS T02940206
STL,2023-07-26 11:51,KSTL 261151Z 20008KT 10SM TS FEW075CB BKN120 BKN200 29/21 A2993 RMK AO2 RAB21E33 TSB31 SLP119 OCNL LTGCG SE TS SE MOV SE VCSH NW P0000 60000 T02890206 10306 20289 53002
STL,2023-07-26 12:51,KSTL 261251Z 17011KT 10SM TS FEW060CB SCT120 BKN250 29/21 A2993 RMK AO2 LTG DSNT E AND SE RAB1157E17 SLP118 OCNL LTGCG E-SE TS E-SE MOV SE ACC S-N AND OHD P0000 T02890206
STL,2023-07-26 13:51,KSTL 261351Z 20009KT 10SM FEW060 BKN130 BKN250 29/22 A2991 RMK AO2 LTG DSNT E TSE1255 SLP113 VCSH SE T02940217
STL,2023-07-26 14:51,KSTL 261451Z 20013G19KT 10SM FEW022 FEW060 SCT130 BKN180 BKN250 31/22 A2991 RMK AO2 PK WND 21026/1428 RAB09E21 SLP112 P0000 60000 T03060217 58007
STL,2023-07-26 15:51,KSTL 261551Z 21015G24KT 10SM SCT130 BKN180 BKN250 33/22 A2989 RMK AO2 SLP107 T03280217
STL,2023-07-26 16:51,KSTL 261651Z 21012KT 10SM FEW070 SCT130 BKN200 33/21 A2988 RMK AO2 PK WND 22026/1600 SLP101 T03280211
STL,2023-07-26 17:51,KSTL 261751Z 23012KT 10SM FEW070 SCT130 BKN170 BKN250 33/21 A2990 RMK AO2 LTG DSNT W-N SLP109 CB DSNT NW-N MOV E 60000 T03280211 10350 20289 55003
STL,2023-07-26 18:51,KSTL 261851Z 24009KT 9SM -TSRA FEW034 SCT075CB BKN095 OVC250 32/22 A2991 RMK AO2 LTG DSNT W-NE RAB12 TSB12 PRESRR SLP112 OCNL LTGIC NW-N TS NW-N MOV E P0000 T03170217
STL,2023-07-26 19:51,KSTL 261951Z COR 20012KT 8SM -TSRA FEW039 SCT075CB BKN100 OVC250 29/23 A2989 RMK AO2 LTG DSNT E AND SW AND W SLP106 OCNL LTGICCG W-N TS W-N MOV SE T02940228 P0000 $
STL,2023-07-26 20:51,KSTL 262051Z 22017G23KT 10SM FEW038 FEW075 SCT110 BKN250 33/23 A2987 RMK AO2 RAE11 TSE12 SLP099 P0001 60001 T03330228 58009 $
STL,2023-07-26 21:51,KSTL 262151Z 24016G24KT 10SM FEW040 FEW120 SCT250 34/22 A2986 RMK AO2 PK WND 23027/2134 SLP095 T03440217 $
STL,2023-07-26 22:51,KSTL 262251Z 22017G24KT 10SM FEW040 SCT130 SCT250 35/21 A2984 RMK AO2 PK WND 21027/2204 SLP089 ACC N-E AND SW T03500211 $
STL,2023-07-26 23:51,KSTL 262351Z 23015G24KT 10SM FEW130 SCT250 34/21 A2984 RMK AO2 PK WND 24026/2314 SLP090 ACC NE-E 60001 T03390206 10350 20294 56008 $
STL,2023-07-27 00:51,KSTL 270051Z 25010KT 10SM FEW130 SCT250 33/21 A2986 RMK AO2 SLP097 ACC E T03280211 $
STL,2023-07-27 01:51,KSTL 270151Z 22008KT 10SM FEW120 SCT250 32/22 A2986 RMK AO2 SLP096 T03220217 $
STL,2023-07-27 02:51,KSTL 270251Z 22009KT 10SM BKN085 BKN100 OVC250 32/22 A2988 RMK AO2 SLP103 T03170222 53013 $
STL,2023-07-27 03:51,KSTL 270351Z 23011KT 10SM FEW055 SCT080 BKN250 31/22 A2988 RMK AO2 LTG DSNT NE AND E SLP102 OCNL LTGCC DSNT E CB DSNT E MOV SE T03110222 $
STL,2023-07-27 04:51,KSTL 270451Z 22009KT 10SM FEW090 BKN250 31/22 A2989 RMK AO2 SLP106 T03060222 $
STL,2023-07-27 05:51,KSTL 270551Z 21006KT 10SM BKN085 30/22 A2990 RMK AO2 SLP108 T03000222 10339 20300 403500289 53005 $
STL,2023-07-27 06:51,KSTL 270651Z 24007KT 10SM SCT080 30/22 A2990 RMK AO2 SLP109 T03000217 $
STL,2023-07-27 07:51,KSTL 270751Z 24007KT 10SM FEW080 29/22 A2990 RMK AO2 SLP109 T02940217 $
STL,2023-07-27 08:51,KSTL 270851Z 23008KT 10SM FEW080 29/22 A2990 RMK AO2 SLP108 T02890217 58000 $
STL,2023-07-27 09:51,KSTL 270951Z 24007KT 10SM CLR 28/21 A2991 RMK AO2 SLP112 T02830211 $
STL,2023-07-27 10:51,KSTL 271051Z 26004KT 10SM FEW100 28/21 A2993 RMK AO2 SLP118 T02780211 $
STL,2023-07-27 11:51,KSTL 271151Z 25006KT 10SM FEW100 29/21 A2994 RMK AO2 SLP122 70001 T02890211 10300 20278 51014 $
STL,2023-07-27 12:51,KSTL 271251Z 25012KT 10SM FEW250 29/22 A2994 RMK AO2 SLP123 T02940217
STL,2023-07-27 13:51,KSTL 271351Z 25015G19KT 10SM FEW250 31/22 A2996 RMK AO2 SLP130 T03110217
STL,2023-07-27 14:51,KSTL 271451Z 26015G20KT 10SM FEW250 33/22 A2996 RMK AO2 SLP130 T03280222 51009
STL,2023-07-27 15:51,KSTL 271551Z 28012KT 10SM FEW250 34/22 A2996 RMK AO2 SLP130 T03390222
STL,2023-07-27 16:51,KSTL 271651Z 24012KT 10SM FEW250 35/23 A2996 RMK AO2 SLP130 T03500228
STL,2023-07-27 17:51,KSTL 271751Z 25013G19KT 10SM FEW250 36/22 A2996 RMK AO2 SLP129 T03560217 10361 20289 58001
STL,2023-07-27 18:51,KSTL 271851Z 26009KT 10SM FEW250 37/22 A2996 RMK AO2 SLP127 T03670222
STL,2023-07-27 19:51,KSTL 271951Z 26006G15KT 10SM FEW250 37/22 A2995 RMK AO2 SLP126 T03720217
STL,2023-07-27 20:51,KSTL 272051Z 24011KT 10SM FEW070 BKN250 37/22 A2995 RMK AO2 SLP125 T03670217 58003
STL,2023-07-27 21:51,KSTL 272151Z 24012KT 10SM FEW065 BKN250 37/21 A2994 RMK AO2 SLP122 TCU DSNT NE T03720211
STL,2023-07-27 22:51,KSTL 272251Z 25008KT 10SM FEW070 SCT250 37/22 A2993 RMK AO2 SLP120 T03720217
STL,2023-07-27 23:51,KSTL 272351Z 21010KT 10SM FEW070 SCT250 36/22 A2993 RMK AO2 SLP118 T03610217 10378 20356 56007
STL,2023-07-28 00:51,KSTL 280051Z 21009KT 10SM FEW075 SCT250 35/22 A2995 RMK AO2 SLP125 T03500217
STL,2023-07-28 01:51,KSTL 280151Z 20005KT 10SM FEW080 FEW250 34/22 A2995 RMK AO2 SLP124 T03390222
STL,2023-07-28 02:51,KSTL 280251Z 21007KT 10SM FEW080 FEW250 33/22 A2995 RMK AO2 SLP125 T03330222 51008
STL,2023-07-28 03:51,KSTL 280351Z 23011KT 10SM FEW250 33/22 A2995 RMK AO2 SLP124 T03330222
STL,2023-07-28 04:51,KSTL 280451Z 23010KT 10SM CLR 33/21 A2996 RMK AO2 SLP127 T03280211
STL,2023-07-28 05:51,KSTL 280551Z 24012KT 10SM FEW150 32/21 A2997 RMK AO2 SLP132 T03220206 10361 20322 403780278 53007
STL,2023-07-28 06:51,KSTL 280651Z 23009KT 10SM BKN150 32/21 A2999 RMK AO2 SLP135 T03170206
STL,2023-07-28 07:51,KSTL 280751Z 23008KT 10SM BKN150 OVC180 31/21 A2998 RMK AO2 SLP134 T03110206
STL,2023-07-28 08:51,KSTL 280851Z 25008KT 10SM SCT110 OVC150 31/20 A2998 RMK AO2 SLP135 T03060200 50002
STL,2023-07-28 09:51,KSTL 280951Z 24006KT 10SM FEW110 OVC160 30/21 A2998 RMK AO2 RAB00E10 SLP135 P0000 T03000206
STL,2023-07-28 10:51,KSTL 281051Z 25007KT 10SM BKN150 BKN210 30/20 A3000 RMK AO2 SLP140 T03000200
STL,2023-07-28 11:51,KSTL 281151Z 22005KT 10SM FEW150 BKN210 29/20 A3001 RMK AO2 SLP144 60000 T02940200 10322 20294 53008
STL,2023-07-28 12:51,KSTL 281251Z 22008KT 10SM FEW150 BKN210 30/21 A3001 RMK AO2 SLP147 T03000206
STL,2023-07-28 13:51,KSTL 281351Z 23010KT 10SM FEW150 FEW250 32/21 A3001 RMK AO2 SLP144 T03220206
STL,2023-07-28 14:51,KSTL 281451Z 26012KT 10SM FEW150 FEW250 33/20 A3001 RMK AO2 SLP146 T03330200 51003
STL,2023-07-28 15:51,KSTL 281551Z 26010KT 10SM FEW150 FEW250 34/21 A3002 RMK AO2 SLP149 T03440206
STL,2023-07-28 16:51,KSTL 281651Z 22006KT 10SM FEW150 FEW250 36/21 A3002 RMK AO2 SLP148 T03560206
STL,2023-07-28 17:51,KSTL 281751Z COR 00000KT 10SM FEW150 37/20 A3000 RMK AO2 SLP142 T03720200 10372 20294 58003
STL,2023-07-28 18:51,KSTL 281851Z 20007KT 170V230 10SM CLR 37/22 A2999 RMK AO2 SLP137 T03720217
STL,2023-07-28 19:51,KSTL 281951Z 22011KT 10SM FEW250 38/21 A2997 RMK AO2 SLP132 T03780211
STL,2023-07-28 20:51,KSTL 282051Z 19011KT 8SM CLR 38/22 A2996 RMK AO2 SLP126 T03780217 58016
STL,2023-07-28 21:51,KSTL 282151Z 24013G20KT 10SM CLR 38/22 A2995 RMK AO2 SLP126 T03780222
STL,2023-07-28 22:51,KSTL 282251Z 24016G21KT 10SM FEW100 37/22 A2995 RMK AO2 SLP125 T03670217
STL,2023-07-28 23:51,KSTL 282351Z 21012KT 10SM FEW100 36/21 A2996 RMK AO2 SLP127 T03610211 10383 20361 55001
STL,2023-07-29 00:51,KSTL 290051Z 21010KT 10SM FEW150 FEW250 35/21 A2996 RMK AO2 SLP129 T03500211
STL,2023-07-29 01:51,KSTL 290151Z 21008KT 10SM FEW150 FEW250 34/21 A2996 RMK AO2 SLP128 T03390211
STL,2023-07-29 02:51,KSTL 290251Z 21010KT 10SM FEW150 FEW250 33/22 A2996 RMK AO2 SLP129 T03330217 52003
STL,2023-07-29 03:51,KSTL 290351Z 24011G22KT 10SM SCT150 33/22 A2996 RMK AO2 SLP129 T03330217
STL,2023-07-29 04:51,KSTL 290451Z 24010G17KT 10SM FEW150 33/22 A2999 RMK AO2 SLP135 T03280217
STL,2023-07-29 05:51,KSTL 290551Z 25010KT 10SM FEW150 32/22 A2999 RMK AO2 SLP136 T03170217 10361 20317 403830294 53007
STL,2023-07-29 06:51,KSTL 290651Z 24010KT 10SM CLR 31/22 A2997 RMK AO2 SLP130 T03110217
STL,2023-07-29 07:51,KSTL 290751Z 26006KT 10SM CLR 31/22 A2997 RMK AO2 LTG DSNT N SLP131 T03060217
STL,2023-07-29 08:51,KSTL 290851Z 02009G18KT 10SM SCT080 BKN090 BKN110 31/21 A3001 RMK AO2 LTG DSNT NE AND E SLP143 T03060211 53007
STL,2023-07-29 09:51,KSTL 290951Z 10010KT 10SM FEW080 FEW110 29/22 A3001 RMK AO2 SLP144 T02890217
STL,2023-07-29 10:51,KSTL 291051Z 12012KT 10SM SCT100 SCT250 27/21 A2999 RMK AO2 LTG DSNT S SLP139 T02720206
STL,2023-07-29 11:51,KSTL 291151Z 15008KT 10SM SCT100 BKN250 28/21 A3003 RMK AO2 SLP150 T02780211 10317 20267 53005
STL,2023-07-29 12:51,KSTL 291251Z 18007KT 10SM FEW080 SCT150 BKN250 29/22 A3001 RMK AO2 SLP146 T02890217
STL,2023-07-29 13:51,KSTL 291351Z 21009KT 10SM FEW080 SCT150 BKN250 30/22 A3003 RMK AO2 SLP153 T03000222
STL,2023-07-29 14:51,KSTL 291451Z 25010KT 10SM FEW080 SCT150 BKN250 32/22 A3002 RMK AO2 SLP149 T03170217 57001
STL,2023-07-29 15:51,KSTL 291551Z 24007KT 10SM SCT150 BKN250 33/22 A3003 RMK AO2 SLP153 T03280217
STL,2023-07-29 16:51,KSTL 291651Z 22006KT 10SM SCT150 BKN250 33/22 A3002 RMK AO2 SLP150 T03330222
STL,2023-07-29 17:51,KSTL 291751Z 32006KT 10SM FEW060 SCT150 SCT250 35/23 A3002 RMK AO2 SLP150 T03500228 10356 20278 51002
STL,2023-07-29 18:51,KSTL 291851Z 33004KT 10SM FEW050 SCT150 SCT250 36/22 A3000 RMK AO2 SLP142 T03560222
STL,2023-07-29 19:51,KSTL 291951Z 03006KT 10SM FEW050 SCT150 BKN250 36/22 A3000 RMK AO2 LTG DSNT NW SLP142 T03560222
STL,2023-07-29 20:51,KSTL 292051Z 29033G54KT 4SM TSRA BKN050CB BKN070 27/19 A3004 RMK AO2 PK WND 29054/2050 LTG DSNT ALQDS RAB42 TSB42 PRESRR SLP159 OCNL LTGICCCCG SW-N TS SW-N MOV SE P0000 60000 T02670194 53005
STL,2023-07-29 21:51,KSTL 292151Z 32011G17KT 10SM -TSRA FEW039 BKN080CB OVC110 23/21 A3009 RMK AO2 PK WND 29069/2054 LTG DSNT ALQDS SLP177 OCNL LTGICCC N-SE TS N-SE MOV SE P0010 T02330206
STL,2023-07-29 22:51,KSTL 292251Z 01007KT 8SM TSRA FEW040 BKN100CB 24/21 A3005 RMK AO2 LTG DSNT ALQDS SLP164 OCNL LTGICCCCACG ALQDS TS ALQDS MOV SE P0009 T02390206
STL,2023-07-29 23:51,KSTL 292351Z 05007KT 10SM -TSRA BKN110CB OVC250 24/21 A3000 RMK AO2 LTG DSNT E AND SE SLP146 OCNL LTGICCA N-S TS N-S MOV SE P0009 60028 T02390206 10367 20228 58015
STL,2023-07-30 00:51,KSTL 300051Z 24003KT 10SM BKN150 BKN210 25/20 A3000 RMK AO2 RAE23 TSE03 SLP146 P0001 T02500200
STL,2023-07-30 01:51,KSTL 300151Z 30005KT 10SM BKN120 BKN210 24/21 A3004 RMK AO2 SLP160 T02390211
STL,2023-07-30 02:51,KSTL 300251Z 29005KT 10SM FEW009 BKN130 BKN250 23/21 A3007 RMK AO2 SLP169 60001 T02330211 53023
STL,2023-07-30 03:51,KSTL 300351Z 27005KT 10SM BKN150 BKN200 23/21 A3008 RMK AO2 SLP172 T02280211
STL,2023-07-30 04:51,KSTL 300451Z 29004KT 10SM FEW030 FEW150 SCT200 23/21 A3008 RMK AO2 SLP171 T02330206
STL,2023-07-30 05:51,KSTL 300551Z 00000KT 10SM CLR 23/21 A3007 RMK AO2 SLP169 60001 T02280211 10250 20228 403670228 50001
STL,2023-07-30 06:51,KSTL 300651Z 33003KT 10SM FEW035 23/21 A3008 RMK AO2 SLP169 T02330211
STL,2023-07-30 07:51,KSTL 300751Z 29003KT 10SM BKN034 23/21 A3008 RMK AO2 SLP170 T02330211
STL,2023-07-30 08:51,KSTL 300851Z 32003KT 10SM SCT034 23/21 A3007 RMK AO2 SLP170 T02330211 58002
STL,2023-07-30 09:51,KSTL 300951Z 29004KT 10SM SCT030 BKN034 23/21 A3008 RMK AO2 SLP175 T02280211
STL,2023-07-30 10:51,KSTL 301051Z 34004KT 10SM BKN033 23/21 A3010 RMK AO2 SLP183 T02330211
STL,2023-07-30 11:51,KSTL 301151Z 00000KT 10SM FEW030 23/21 A3011 RMK AO2 SLP186 70029 T02330206 10233 20228 52015
STL,2023-07-30 12:51,KSTL 301251Z 36005KT 10SM FEW030 24/21 A3013 RMK AO2 SLP192 T02440206
STL,2023-07-30 13:51,KSTL 301351Z 05005KT 10SM FEW030 FEW250 26/20 A3014 RMK AO2 SLP197 T02560200
STL,2023-07-30 14:51,KSTL 301451Z 04005KT 10SM FEW030 SCT250 27/20 A3014 RMK AO2 SLP195 T02670200 50009 $
STL,2023-07-30 15:51,KSTL 301551Z 05004KT 10SM FEW030 BKN250 28/19 A3013 RMK AO2 SLP193 T02830194 $
STL,2023-07-30 16:51,KSTL 301651Z 00000KT 10SM FEW030 SCT250 29/19 A3013 RMK AO2 SLP190 T02940194 $
STL,2023-07-30 17:51,KSTL 301751Z 35008KT 10SM FEW035 SCT250 31/20 A3012 RMK AO2 SLP186 T03110200 10311 20233 58007 $
STL,2023-07-30 18:51,KSTL 301851Z COR 34008KT 10SM FEW035 SCT250 31/19 A3011 RMK AO2 SLP183 T03110194 $
STL,2023-07-30 19:51,KSTL 301951Z 34006KT 10SM FEW035 SCT250 32/19 A3010 RMK AO2 SLP181 T03170189 $
STL,2023-07-30 20:51,KSTL 302051Z 35005KT 10SM FEW035 FEW250 32/19 A3009 RMK AO2 SLP176 T03170189 58009 $
STL,2023-07-30 21:51,KSTL 302151Z 35008KT 10SM FEW035 32/18 A3008 RMK AO2 SLP174 T03170183 $
STL,2023-07-30 22:51,KSTL 302251Z 35006KT 10SM FEW040 32/19 A3007 RMK AO2 SLP171 T03170194 $
STL,2023-07-30 23:51,KSTL 302351Z 02006KT 10SM FEW045 FEW250 31/18 A3007 RMK AO2 SLP169 T03060183 10322 20306 56007 $
STL,2023-07-31 00:51,KSTL 310051Z 00000KT 10SM FEW045 FEW250 30/18 A3007 RMK AO2 SLP169 T03000178 $
STL,2023-07-31 01:51,KSTL 310151Z 06003KT 10SM FEW100 SCT250 29/18 A3008 RMK AO2 SLP173 T02890183 $
STL,2023-07-31 02:51,KSTL 310251Z 07004KT 10SM FEW250 28/19 A3008 RMK AO2 SLP173 T02830189 50003 $
STL,2023-07-31 03:51,KSTL 310351Z 00000KT 10SM FEW250 28/19 A3007 RMK AO2 SLP170 T02780189 $
STL,2023-07-31 04:51,KSTL 310451Z 08007KT 10SM BKN140 BKN250 26/19 A3008 RMK AO2 SLP172 T02560189 $
STL,2023-07-31 05:51,KSTL 310551Z 07004KT 10SM FEW140 SCT250 26/18 A3008 RMK AO2 SLP172 T02560183 10306 20250 403220228 53000 $
STL,2023-07-31 06:51,KSTL 310651Z 06006KT 10SM FEW140 FEW250 25/18 A3008 RMK AO2 SLP171 T02500183 $
STL,2023-07-31 07:51,KSTL 310751Z 10008KT 10SM FEW150 SCT250 24/17 A3007 RMK AO2 SLP171 T02390167 $
STL,2023-07-31 08:51,KSTL 310851Z 07008KT 10SM FEW150 23/17 A3009 RMK AO2 SLP176 T02280167 53003 $
STL,2023-07-31 09:51,KSTL 310951Z 10006KT 10SM CLR 22/17 A3008 RMK AO2 SLP173 T02220167 $
STL,2023-07-31 10:51,KSTL 311051Z 11007KT 10SM FEW070 FEW150 SCT250 22/17 A3010 RMK AO2 SLP179 ACC NW-NE T02220167 $
STL,2023-07-31 11:51,KSTL 311151Z 07004KT 10SM FEW070 FEW150 BKN250 23/17 A3012 RMK AO2 SLP188 ACC W-NW T02280172 10256 20217 53010 $
STL,2023-07-31 12:51,KSTL 311251Z 08006KT 10SM FEW070 FEW150 BKN250 24/17 A3013 RMK AO2 SLP190 ACC S-SW T02390167 $
STL,2023-07-31 13:51,KSTL 311351Z 11009KT 10SM FEW070 FEW150 BKN250 26/17 A3014 RMK AO2 SLP192 ACC SW-W T02610172 $
STL,2023-07-31 14:51,KSTL 311451Z 10006KT 10SM FEW150 BKN250 27/18 A3014 RMK AO2 SLP194 T02670178 51007 $
STL,2023-07-31 15:51,KSTL 311551Z 09007KT 10SM FEW070 FEW150 BKN250 27/17 A3015 RMK AO2 SLP197 ACC SW-NW T02720172 $
STL,2023-07-31 16:51,KSTL 311651Z 09007KT 10SM FEW100 BKN250 28/16 A3016 RMK AO2 SLP199 T02830161 $
STL,2023-07-31 17:51,KSTL 311751Z 06005KT 10SM SCT075 SCT100 BKN250 28/17 A3016 RMK AO2 SLP199 T02830167 10283 20228 51005 $
STL,2023-07-31 18:51,KSTL 311851Z 08006KT 10SM BKN080 BKN100 OVC250 28/17 A3014 RMK AO2 SLP194 T02830172 $
STL,2023-07-31 19:51,KSTL 311951Z 10007KT 10SM FEW043 SCT070 BKN095 OVC250 28/17 A3013 RMK AO2 SLP190 T02830172 $
STL,2023-07-31 20:51,KSTL 312051Z 10008KT 10SM -RA FEW046 BKN070 OVC090 28/18 A3010 RMK AO2 RAB18 SLP181 P0000 60000 T02780183 58019 $
STL,2023-07-31 21:51,KSTL 312151Z 08005KT 10SM -RA FEW039 SCT090 OVC130 27/19 A3010 RMK AO2 RAE11B29 SLP183 P0000 T02670194 $
STL,2023-07-31 22:51,KSTL 312251Z 13007KT 10SM FEW055 BKN120 OVC180 26/19 A3011 RMK AO2 RAE33 SLP185 P0000 T02610194 $
STL,2023-07-31 23:51,KSTL 312351Z 13005KT 10SM FEW055 FEW080 SCT110 BKN180 27/19 A3010 RMK AO2 SLP183 60000 T02670194 10289 20261 50001 $
STL,2023-08-01 00:51,KSTL 010051Z 10006KT 10SM SCT065 BKN150 BKN250 26/19 A3012 RMK AO2 SLP187 T02610189 $
STL,2023-08-01 01:51,KSTL 010151Z 20005KT 10SM FEW065 SCT150 BKN250 25/19 A3012 RMK AO2 SLP187 T02500194 $
STL,2023-08-01 02:51,KSTL 010251Z 00000KT 10SM FEW065 SCT150 BKN250 25/19 A3014 RMK AO2 SLP193 T02500189 53011 $
STL,2023-08-01 03:51,KSTL 010351Z 10004KT 10SM FEW150 BKN250 24/18 A3014 RMK AO2 SLP194 T02390183 $
STL,2023-08-01 04:51,KSTL 010451Z 08004KT 10SM SCT090 SCT250 23/18 A3013 RMK AO2 SLP191 T02330183 $
STL,2023-08-01 05:51,KSTL 010551Z 12003KT 10SM BKN080 23/19 A3013 RMK AO2 SLP192 T02330189 10267 20233 402890217 55001 $
STL,2023-08-01 06:51,KSTL 010651Z 10006KT 10SM FEW080 23/18 A3013 RMK AO2 SLP190 T02280178 $
STL,2023-08-01 07:51,KSTL 010751Z 10006KT 10SM BKN043 BKN050 23/17 A3013 RMK AO2 SLP192 T02280167 $
STL,2023-08-01 08:51,KSTL 010851Z 10007KT 10SM BKN045 BKN090 BKN250 23/17 A3013 RMK AO2 SLP190 T02330167 56003 $
STL,2023-08-01 09:51,KSTL 010951Z 12008KT 10SM SCT041 BKN090 BKN150 23/16 A3014 RMK AO2 SLP194 T02280161 $
STL,2023-08-01 10:51,KSTL 011051Z 10009KT 10SM BKN041 BKN060 23/16 A3015 RMK AO2 SLP200 T02280156 $
STL,2023-08-01 11:51,KSTL 011151Z 11007KT 10SM FEW040 BKN080 BKN150 BKN250 23/14 A3017 RMK AO2 SLP205 T02280144 10233 20222 53015 $
STL,2023-08-01 12:51,KSTL 011251Z 12009KT 10SM SCT046 BKN100 BKN250 24/14 A3018 RMK AO2 SLP209 VCSH W T02390144 $
STL,2023-08-01 13:51,KSTL 011351Z 17007KT 10SM BKN045 OVC060 24/15 A3019 RMK AO2 RAB29E45 SLP213 P0000 T02390150 $
STL,2023-08-01 14:51,KSTL 011451Z 13007KT 10SM -RA OVC043 23/16 A3019 RMK AO2 RAB1358 SLP214 P0001 60001 T02330156 51008 $
STL,2023-08-01 15:51,KSTL 011551Z 15006KT 10SM OVC045 25/16 A3020 RMK AO2 RAE10 SLP216 P0000 T02500161 $
STL,2023-08-01 16:51,KSTL 011651Z 13008KT 10SM OVC045 26/17 A3019 RMK AO2 SLP211 T02610167 $
STL,2023-08-01 17:51,KSTL 011751Z 13009KT 10SM BKN044 27/17 A3017 RMK AO2 SLP206 60001 T02720172 10272 20228 58007 $
STL,2023-08-01 18:51,KSTL 011851Z 14012KT 10SM FEW047 SCT055 28/17 A3015 RMK AO2 SLP198 T02830172 $
STL,2023-08-01 19:51,KSTL 011951Z 15007G17KT 10SM FEW047 SCT055 29/18 A3014 RMK AO2 SLP194 T02940178 $
STL,2023-08-01 20:51,KSTL 012051Z 18010KT 10SM FEW050 30/17 A3012 RMK AO2 SLP187 T03000172 56018 $
STL,2023-08-01 21:51,KSTL 012151Z 13011KT 10SM SCT047 SCT250 29/18 A3010 RMK AO2 SLP182 T02940178 $
STL,2023-08-01 22:51,KSTL 012251Z 14012KT 10SM FEW047 SCT120 BKN250 29/18 A3009 RMK AO2 SLP176 ACC SW T02940178 $
STL,2023-08-01 23:51,KSTL 012351Z 14011KT 10SM SCT120 BKN250 28/17 A3009 RMK AO2 SLP178 ACC S T02830172 10300 20272 55010 $
STL,2023-08-02 00:51,KSTL 020051Z 12009KT 10SM BKN070 OVC250 28/17 A3010 RMK AO2 SLP182 T02780172 $
STL,2023-08-02 01:51,KSTL 020151Z 11007KT 10SM OVC070 27/17 A3011 RMK AO2 SLP186 T02720172 $
STL,2023-08-02 02:51,KSTL 020251Z 13010KT 10SM BKN070 OVC250 27/17 A3011 RMK AO2 SLP186 T02720167 50007 $
STL,2023-08-02 03:51,KSTL 020351Z 13008KT 10SM SCT070 OVC250 27/17 A3010 RMK AO2 SLP179 T02670172 $
STL,2023-08-02 04:51,KSTL 020451Z 15007KT 10SM BKN200 OVC250 26/18 A3012 RMK AO2 SLP187 T02610178 $
STL,2023-08-02 05:51,KSTL 020551Z 12006KT 10SM OVC070 26/18 A3012 RMK AO2 SLP188 T02610183 10283 20256 403000222 53003 $
STL,2023-08-02 06:51,KSTL 020651Z 13011KT 10SM FEW070 BKN120 26/18 A3008 RMK AO2 SLP172 T02560178 $
STL,2023-08-02 07:51,KSTL 020751Z 13013KT 10SM BKN065 BKN120 OVC250 25/17 A3005 RMK AO2 SLP163 T02500172 $
STL,2023-08-02 08:51,KSTL 020851Z 17008KT 10SM TS FEW050CB BKN120 OVC230 25/18 A3006 RMK AO2 LTG DSNT SW-NW TSB38 SLP166 FRQ LTGICCGCA SW-NW TS SW-NW MOV SE T02500178 55020 $
STL,2023-08-02 09:51,KSTL 020951Z 11006KT 8SM -TSRA SCT055CB BKN080 OVC120 23/20 A3009 RMK AO2 LTG DSNT ALQDS RAB05 SLP178 OCNL LTGICCCCACG ALQDS TS ALQDS MOV SE P0004 T02330200 $
STL,2023-08-02 10:51,KSTL 021051Z 20007KT 7SM TSRA BKN045CB BKN110 OVC140 23/20 A3012 RMK AO2 LTG DSNT ALQDS SLP186 OCNL LTGICCCCA ALQDS TS ALQDS MOV SE P0013 T02280200 $
STL,2023-08-02 11:51,KSTL 021151Z 20009KT 7SM -TSRA FEW050CB BKN110 OVC140 22/20 A3009 RMK AO2 LTG DSNT ALQDS SLP177 OCNL LTGICCCCACG ALQDS TS ALQDS MOV SE P0014 60031 70032 T02220200 10261 20222 50009 $
STL,2023-08-02 12:51,KSTL 021251Z 18008KT 9SM -RA BKN008 BKN090 OVC130 22/20 A3005 RMK AO2 TSE30 SLP164 P0007 T02170200 $
STL,2023-08-02 13:51,KSTL 021351Z 21003KT 4SM -RA BR OVC008 22/20 A3010 RMK AO2 LTG DSNT SW AND W SLP181 P0006 T02220200 $
STL,2023-08-02 14:51,KSTL 021451Z 01003KT 5SM -TSRA BR SCT008CB BKN090 OVC110 22/21 A3013 RMK AO2 TSB21 SLP191 OCNL LTGIC S TS S MOV SE P0012 60025 T02220206 53013 $
STL,2023-08-02 15:51,KSTL 021551Z 09004KT 10SM FEW006 OVC012 23/21 A3011 RMK AO2 RAE35 TSE1455 SLP185 P0004 T02280211 $
STL,2023-08-02 16:51,KSTL 021651Z 00000KT 10SM SCT008 BKN011 OVC120 23/21 A3012 RMK AO2 SLP188 T02330211 $
STL,2023-08-02 17:51,KSTL 021751Z 15008KT 10SM BKN011 BKN014 OVC130 25/22 A3005 RMK AO2 RAB12E30 PRESFR SLP165 P0000 60029 T02500217 10250 20217 58025 $
STL,2023-08-02 18:51,KSTL 021851Z 15010G17KT 10SM SCT012 BKN130 BKN250 27/22 A3002 RMK AO2 SLP155 T02720217 $
STL,2023-08-02 19:51,KSTL 021951Z 13010KT 10SM SCT018 SCT130 BKN170 BKN250 27/21 A3001 RMK AO2 SLP152 T02670211 $
STL,2023-08-02 20:51,KSTL 022051Z 19007KT 10SM BKN021 BKN130 BKN170 BKN250 27/21 A3001 RMK AO2 SLP151 T02720211 56012 $
STL,2023-08-02 21:51,KSTL 022151Z 14009KT 10SM SCT022 OVC150 27/22 A3000 RMK AO2 SLP146 T02670217 $
STL,2023-08-02 22:51,KSTL 022251Z 11009KT 10SM BKN017 OVC160 27/22 A2999 RMK AO2 SLP145 T02670217 $
STL,2023-08-02 23:51,KSTL 022351Z 08006KT 10SM FEW040 BKN065 OVC140 27/22 A3002 RMK AO2 SLP154 T02670217 10283 20250 53001 $
STL,2023-08-03 00:51,KSTL 030051Z 07006KT 7SM FEW045 SCT100 OVC130 26/22 A3002 RMK AO2 RAB05E34 SLP155 P0000 T02560222 $
STL,2023-08-03 01:51,KSTL 030151Z 09008KT 8SM FEW035 OVC110 24/22 A2997 RMK AO2 RAB02E27 SLP140 P0000 T02440222 $
STL,2023-08-03 02:51,KSTL 030251Z 11011KT 10SM FEW022 SCT090 OVC170 24/22 A2997 RMK AO2 LTG DSNT SW AND W RAB0158E26 SLP139 OCNL LTGICCC DSNT SW-W CB DSNT SW-W MOV SE P0001 60001 T02440222 58016 $
STL,2023-08-03 03:51,KSTL 030351Z 10008KT 10SM TS SCT080CB BKN110 OVC220 24/22 A2997 RMK AO2 LTG DSNT SE-W TSB00E24B37 SLP138 CONS LTGCCCGCA S-W TS S-W MOV SE T02440217 $
STL,2023-08-03 04:51,KSTL 030451Z 16007KT 6SM -TSRA BR SCT017 BKN030 OVC090CB 24/22 A2998 RMK AO2 LTG DSNT NE-S RAB13 SLP140 FRQ LTGCCCG NE-S AND OHD TS NE-S AND OHD MOV SE P0016 T02390217 $
STL,2023-08-03 05:51,KSTL 030551Z 19005KT 9SM -RA FEW009 FEW014 OVC100 24/22 A2997 RMK AO2 LTG DSNT SW TSE12 SLP137 P0004 60021 T02390222 10267 20239 402830217 58002 $
STL,2023-08-03 06:51,KSTL 030651Z 23007KT 10SM -RA SCT010 SCT055 BKN070 OVC150 24/22 A2994 RMK AO2 SLP128 P0001 T02390217 $
STL,2023-08-03 07:51,KSTL 030751Z 00000KT 10SM FEW009 FEW055 BKN120 OVC200 23/21 A2993 RMK AO2 LTG DSNT SW RAE27 PRESFR SLP122 FRQ LTGICCG DSNT SW-W CB DSNT SW-W MOV SE P0000 T02330211 $
STL,2023-08-03 08:51,KSTL 030851Z 17003KT 10SM FEW005 FEW020 SCT100 OVC220 23/21 A2994 RMK AO2 LTG DSNT SW SLP126 OCNL LTGICCG DSNT SW CB DSNT SW MOV SE 60001 T02330211 55009 $
STL,2023-08-03 09:51,KSTL 030951Z 10005KT 10SM FEW005 FEW055 SCT120 OVC190 23/21 A2993 RMK AO2 SLP123 OCNL LTGIC DSNT S-SW CB DSNT S-SW MOV SE T02330211 $
STL,2023-08-03 10:51,KSTL 031051Z 06004KT 10SM FEW007 FEW055 SCT120 BKN250 23/21 A2994 RMK AO2 SLP128 OCNL LTGIC DSNT S CB DSNT S MOV SE T02280211 $
STL,2023-08-03 11:51,KSTL 031151Z 16003KT 10SM FEW005 OVC009 23/21 A2996 RMK AO2 LTG DSNT S SLP134 60001 70051 T02330211 10239 20228 53007 $
STL,2023-08-03 12:51,KSTL 031251Z 00000KT 10SM FEW005 OVC010 24/22 A2997 RMK AO2 LTG DSNT SW SLP136 T02390217 $
STL,2023-08-03 13:51,KSTL 031351Z 24005KT 10SM OVC009 24/22 A3000 RMK AO2 LTG DSNT SE-SW SLP148 T02390217 $
STL,2023-08-03 14:51,KSTL 031451Z 08007KT 10SM BKN008 OVC017 24/22 A2996 RMK AO2 SLP135 T02440217 58001 $
STL,2023-08-03 15:29,KSTL 031529Z 09006KT 8SM OVC012 25/22 A2997 RMK AO2 T02500217 $
STL,2023-08-03 16:51,KSTL 031651Z 10005KT 10SM OVC016 27/22 A2999 RMK AO2 SLP143 T02670222 $
STL,2023-08-03 17:51,KSTL 031751Z 07006KT 10SM FEW016 BKN024 OVC130 27/22 A2998 RMK AO2 SLP140 T02720222 10272 20233 50006 $
STL,2023-08-03 18:51,KSTL 031851Z 10005KT 10SM OVC025 28/22 A2997 RMK AO2 SLP137 T02780217 $
STL,2023-08-03 19:51,KSTL 031951Z 00000KT 10SM OVC023 28/22 A2998 RMK AO2 SLP141 T02780217 $
STL,2023-08-03 20:51,KSTL 032051Z 10003KT 10SM OVC025 28/22 A2996 RMK AO2 SLP135 T02780217 58005 $
STL,2023-08-03 21:51,KSTL 032151Z 10005KT 10SM SCT024 BKN029 OVC120 28/22 A2994 RMK AO2 SLP126 T02830222 $
STL,2023-08-03 22:51,KSTL 032251Z VRB06KT 10SM SCT029 BKN120 29/22 A2993 RMK AO2 SLP122 T02890222 $
STL,2023-08-03 23:51,KSTL 032351Z 11004KT 10SM BKN033 OVC160 28/22 A2994 RMK AO2 SLP125 T02830222 10289 20272 55001 $
STL,2023-08-04 00:51,KSTL 040051Z 11004KT 10SM FEW034 BKN150 BKN250 28/22 A2993 RMK AO2 SLP124 T02780222 $
STL,2023-08-04 01:51,KSTL 040151Z 00000KT 10SM BKN022 BKN035 OVC150 28/23 A2996 RMK AO2 SLP133 T02780228 $
STL,2023-08-04 02:51,KSTL 040251Z 23005KT 10SM BKN022 OVC031 27/23 A2997 RMK AO2 SLP137 T02720228 53012 $
STL,2023-08-04 03:51,KSTL 040351Z 23004KT 9SM -RA BKN022 BKN036 OVC140 27/23 A2997 RMK AO2 RAB48 SLP136 P0000 T02670233 $
STL,2023-08-04 04:51,KSTL 040451Z 11008KT 6SM -RA BR FEW036 FEW100 OVC150 26/24 A2993 RMK AO2 SLP122 P0001 T02610239 $
STL,2023-08-04 05:51,KSTL 040551Z 36005KT 7SM RA FEW015 BKN036 OVC100 26/23 A2995 RMK AO2 RAE0453B34 SLP130 P0006 60007 T02560233 10283 20256 402890228 55007 $
STL,2023-08-04 06:51,KSTL 040651Z 13006KT 7SM TS FEW050CB BKN095 BKN110 OVC150 26/23 A2991 RMK AO2 LTG DSNT SW RAE51 TSB50 SLP116 FRQ LTGICCG SW-W TS SW-W MOV SE P0003 T02560233 $
STL,2023-08-04 07:51,KSTL 040751Z 00000KT 5SM -RA BR FEW028 SCT065 BKN095 OVC150 25/23 A2991 RMK AO2 LTG DSNT S AND SW RAB11 TSE21 PRESFR SLP117 OCNL LTGICCC S-W CB DSNT S-W MOV SE P0004 T02500233 $
STL,2023-08-04 08:51,KSTL 040851Z 07006KT 5SM -RA BR FEW035 SCT095 OVC130 25/23 A2991 RMK AO2 RAE31B47 SLP114 P0002 60009 T02500233 56015 $
STL,2023-08-04 09:51,KSTL 040951Z 05003KT 5SM BR FEW020 BKN030 OVC095 25/23 A2991 RMK AO2 RAE0856 SLP115 P0000 T02500233 $
STL,2023-08-04 10:51,KSTL 041051Z 10003KT 5SM BR FEW006 BKN022 BKN035 OVC130 25/23 A2994 RMK AO2 LTG DSNT SW AND W SLP126 T02500233 $
STL,2023-08-04 11:51,KSTL 041151Z 10009KT 4SM BR FEW005 BKN025 BKN031 BKN130 OVC250 25/23 A2994 RMK AO2 SLP126 60009 70016 T02500233 10261 20250 50010 $
STL,2023-08-04 12:51,KSTL 041251Z 10006KT 5SM BR BKN006 OVC250 25/23 A2994 RMK AO2 SLP127 T02500233 $
STL,2023-08-04 13:51,KSTL 041351Z 16005KT 8SM BKN009 OVC016 26/23 A2996 RMK AO2 SLP132 T02610228 $
STL,2023-08-04 14:51,KSTL 041451Z 11007KT 10SM SCT013 OVC023 27/23 A2995 RMK AO2 SLP128 T02670228 50003 $
STL,2023-08-04 15:51,KSTL 041551Z 20005KT 10SM SCT015 OVC026 27/22 A2997 RMK AO2 SLP135 T02720222 $
STL,2023-08-04 16:51,KSTL 041651Z 21005KT 10SM FEW016 OVC034 29/22 A2999 RMK AO2 LTG DSNT SW SLP141 T02890222 $
STL,2023-08-04 17:51,KSTL 041751Z 15004KT 10SM SCT026 BKN039 BKN250 30/23 A2996 RMK AO2 SLP132 T03000228 10300 20250 50005 $
STL,2023-08-04 18:51,KSTL 041851Z 10005KT 10SM FEW026 FEW038 SCT150 BKN250 30/23 A2994 RMK AO2 SLP124 T03000228 $
STL,2023-08-04 19:51,KSTL 041951Z 11007KT 10SM SCT032 SCT045 SCT150 BKN250 31/22 A2992 RMK AO2 SLP120 T03060222 $
STL,2023-08-04 20:51,KSTL 042051Z 13007KT 10SM FEW034 SCT047 BKN250 31/22 A2991 RMK AO2 SLP115 T03110217 56016 $
STL,2023-08-04 21:51,KSTL 042151Z 15007KT 10SM SCT031 BKN043 OVC250 30/22 A2992 RMK AO2 SLP119 T03000222 $
STL,2023-08-04 22:51,KSTL 042251Z 16009KT 10SM FEW045 BKN150 OVC250 29/23 A2991 RMK AO2 SLP116 T02940228 $
STL,2023-08-04 23:51,KSTL 042351Z 15008KT 10SM FEW037 BKN170 OVC250 29/23 A2989 RMK AO2 SLP109 T02940228 10317 20289 58007 $
STL,2023-08-05 00:51,KSTL 050051Z 15007KT 10SM FEW040 BKN130 OVC250 29/23 A2991 RMK AO2 SLP114 T02890228 $
STL,2023-08-05 01:51,KSTL 050151Z 16006KT 10SM FEW040 BKN220 28/23 A2992 RMK AO2 SLP118 T02830228 $
STL,2023-08-05 02:51,KSTL 050251Z 15007KT 10SM FEW040 SCT130 BKN190 28/23 A2994 RMK AO2 SLP125 T02780233 53016 $
STL,2023-08-05 03:51,KSTL 050351Z 15006KT 10SM FEW040 BKN130 28/23 A2995 RMK AO2 SLP127 T02780233 $
STL,2023-08-05 04:51,KSTL 050451Z 14008KT 10SM FEW040 SCT170 BKN250 27/23 A2993 RMK AO2 LTG DSNT SW-NW SLP119 FRQ LTGICCC DSNT SW-NW CB DSNT SW-NW MOV E T02720233 $
STL,2023-08-05 05:51,KSTL 050551Z 11016KT 6SM -TSRA BKN025 BKN031CB BKN110 27/24 A2988 RMK AO2 LTG DSNT ALQDS RAB38 TSB15 PRESFR SLP103 FRQ LTGICCC OHD TS OHD MOV E P0004 60004 T02670239 10294 20267 403170250 58020 $
STL,2023-08-05 06:51,KSTL 050651Z 12010KT 10SM TS BKN031CB OVC120 26/24 A2987 RMK AO2 WSHFT 0539 LTG DSNT SE AND S RAE35 SLP100 OCNL LTGICCC NE-SE TS NE-SE MOV E P0001 T02610239 $
STL,2023-08-05 07:51,KSTL 050751Z 15009KT 10SM TS FEW010 SCT070CB BKN080 26/23 A2987 RMK AO2 LTG DSNT ALQDS TSE0659B46 SLP099 OCNL LTGICCC SW-NW TS SW-NW MOV E T02560233 $
STL,2023-08-05 08:51,KSTL 050851Z VRB04KT 1 1/2SM +TSRA BR SCT009 BKN032CB OVC060 22/21 A2991 RMK AO2 PK WND 31027/0819 WSHFT 0815 LTG DSNT ALQDS RAB15 SLP116 FRQ LTGICCC ALQDS TS ALQDS MOV E P0038 60039 T02220206 53010 $
STL,2023-08-05 09:51,KSTL 050951Z 18005KT 10SM TS BKN046CB OVC060 23/21 A2987 RMK AO2 LTG DSNT E-S RAE32 SLP101 OCNL LTGICCC E-S TS E-S MOV E P0056 T02330211 $
STL,2023-08-05 10:51,KSTL 051051Z 18011KT 10SM FEW018 BKN027 OVC075 24/22 A2988 RMK AO2 TSE11 SLP104 T02390217 $
STL,2023-08-05 11:51,KSTL 051151Z 16011KT 10SM BKN015 BKN060 24/21 A2986 RMK AO2 SLP098 60095 70099 T02390211 10267 20222 56017 $
STL,2023-08-05 12:51,KSTL 051251Z 18012KT 10SM FEW023 BKN045 BKN100 BKN250 24/22 A2986 RMK AO2 SLP098 T02440217 $
STL,2023-08-05 13:51,KSTL 051351Z 19012KT 10SM FEW009 SCT038 BKN250 26/22 A2987 RMK AO2 SLP100 T02560222 $
STL,2023-08-05 14:51,KSTL 051451Z 24008KT 10SM OVC012 26/23 A2989 RMK AO2 SLP106 T02610228 53009 $
STL,2023-08-05 15:51,KSTL 051551Z 27014G22KT 10SM BKN023 BKN100 29/23 A2988 RMK AO2 SLP105 T02890228 $
STL,2023-08-05 16:51,KSTL 051651Z 26012KT 10SM BKN026 BKN250 28/22 A2989 RMK AO2 SLP109 T02830222 $
STL,2023-08-05 17:51,KSTL 051751Z 28015G22KT 10SM BKN029 BKN250 30/22 A2990 RMK AO2 PK WND 24026/1708 SLP111 T03000222 10300 20239 53006 $
STL,2023-08-05 18:51,KSTL 051851Z 30010KT 10SM BKN030 BKN150 29/22 A2990 RMK AO2 SLP111 T02890217 $
STL,2023-08-05 19:51,KSTL 051951Z 31015G23KT 10SM FEW029 BKN035 BKN150 30/22 A2989 RMK AO2 SLP109 T03000217 $
STL,2023-08-05 20:51,KSTL 052051Z 33011G19KT 10SM BKN034 29/22 A2988 RMK AO2 SLP106 T02940217 58007 $
STL,2023-08-05 21:51,KSTL 052151Z 32009KT 10SM FEW025 BKN035 29/21 A2987 RMK AO2 SLP104 T02890211 $
STL,2023-08-05 22:51,KSTL 052251Z 32009KT 10SM BKN035 28/21 A2989 RMK AO2 SLP110 T02780211 $
STL,2023-08-05 23:51,KSTL 052351Z 33008KT 10SM SCT040 SCT150 27/21 A2989 RMK AO2 SLP109 T02720206 10311 20272 50002 $
STL,2023-08-06 00:51,KSTL 060051Z 35008KT 10SM SCT023 SCT150 26/21 A2990 RMK AO2 SLP112 T02610206 $
STL,2023-08-06 01:51,KSTL 060151Z 35006KT 10SM FEW023 SCT150 24/20 A2991 RMK AO2 SLP118 T02440200 $
STL,2023-08-06 02:51,KSTL 060251Z 35004KT 10SM SCT035 24/20 A2993 RMK AO2 SLP122 T02390200 53013 $
STL,2023-08-06 03:51,KSTL 060351Z 36004KT 10SM FEW040 23/20 A2993 RMK AO2 SLP122 T02330200 $
STL,2023-08-06 04:51,KSTL 060451Z 34004KT 10SM CLR 23/19 A2993 RMK AO2 SLP122 T02280194 $
STL,2023-08-06 05:51,KSTL 060551Z 31003KT 10SM CLR 22/19 A2993 RMK AO2 SLP122 T02220194 10272 20222 403110222 51001 $
STL,2023-08-06 06:51,KSTL 060651Z 33003KT 10SM CLR 22/19 A2992 RMK AO2 SLP119 T02220194 $
STL,2023-08-06 07:51,KSTL 060751Z 00000KT 10SM CLR 22/19 A2990 RMK AO2 SLP111 T02220194 $
STL,2023-08-06 08:51,KSTL 060851Z 03003KT 10SM CLR 22/19 A2990 RMK AO2 SLP112 T02170189 56011 $
STL,2023-08-06 09:51,KSTL 060951Z 00000KT 10SM CLR 21/19 A2991 RMK AO2 SLP117 T02110189 $
STL,2023-08-06 10:51,KSTL 061051Z 00000KT 10SM BKN055 21/19 A2993 RMK AO2 SLP126 T02110189 $
STL,2023-08-06 11:51,KSTL 061151Z 00000KT 10SM SCT065 SCT200 22/19 A2994 RMK AO2 SLP126 T02170194 10222 20211 51014 $
STL,2023-08-06 12:51,KSTL 061251Z 10003KT 10SM BKN028 BKN038 22/19 A2994 RMK AO2 SLP127 T02220189 $
STL,2023-08-06 13:51,KSTL 061351Z 01003KT 10SM SCT028 BKN055 BKN250 23/19 A2993 RMK AO2 SLP125 T02330194 $
STL,2023-08-06 14:51,KSTL 061451Z 17006KT 10SM FEW028 BKN055 BKN250 24/19 A2990 RMK AO2 SLP113 T02440194 58013 $
STL,2023-08-06 15:51,KSTL 061551Z 20007KT 10SM SCT070 BKN110 OVC250 26/19 A2991 RMK AO2 SLP117 T02560194 $
STL,2023-08-06 16:51,KSTL 061651Z 13009KT 10SM -RA FEW070 BKN100 BKN250 24/21 A2988 RMK AO2 LTG DSNT NE AND E RAB02 SLP108 P0003 T02440211 $
STL,2023-08-06 17:51,KSTL 061751Z 18009KT 10SM FEW030 SCT100 BKN250 27/22 A2988 RMK AO2 RAE1656 SLP108 P0000 60003 T02720222 10278 20217 58004 $
STL,2023-08-06 18:51,KSTL 061851Z 24008KT 10SM SCT035 SCT250 31/22 A2986 RMK AO2 SLP099 T03110222 $
STL,2023-08-06 19:51,KSTL 061951Z 22008KT 10SM FEW042 SCT110 SCT250 32/22 A2984 RMK AO2 SLP091 T03220217 $
STL,2023-08-06 20:51,KSTL 062051Z 25008KT 10SM SCT045 SCT250 33/21 A2982 RMK AO2 SLP083 T03280211 57022 $
STL,2023-08-06 21:51,KSTL 062151Z 22012KT 10SM SCT047 BKN250 32/21 A2979 RMK AO2 SLP076 CB DSNT N MOV E T03220206 $
STL,2023-08-06 22:51,KSTL 062251Z 24013G21KT 10SM SCT045 BKN080 BKN250 32/20 A2977 RMK AO2 SLP071 CB DSNT N AND DSNT NE MOV NE T03220200 $
STL,2023-08-06 23:51,KSTL 062351Z 25010KT 10SM SCT060 BKN250 31/21 A2976 RMK AO2 LTG DSNT NE SLP064 CB DSNT N MOV NE TCU DSNT N AND DSNT W T03110206 10333 20272 56020 $
STL,2023-08-07 00:51,KSTL 070051Z 28014G30KT 9SM -TSRA BKN048CB BKN250 27/21 A2976 RMK AO2 PK WND 31030/0047 WSHFT 0024 LTG DSNT N-E RAB23E33B39 TSB36 SLP068 OCNL LTGIC NW-NE TS NW-NE MOV E P0006 T02670206 $
STL,2023-08-07 01:51,KSTL 070151Z 26008KT 10SM FEW050 SCT100 BKN250 27/22 A2977 RMK AO2 LTG DSNT E AND SE RAE0059 TSE18 SLP070 CONS LTGICCCCA DSNT NE-E CB DSNT NE-E MOV E P0000 T02670217 $
STL,2023-08-07 02:51,KSTL 070251Z 29003KT 10SM FEW050 BKN100 26/22 A2978 RMK AO2 SLP074 FRQ LTGICCC DSNT E-SE CB DSNT E-SE MOV E 60006 T02610222 53008 $
STL,2023-08-07 03:51,KSTL 070351Z 26004KT 10SM BKN090 26/22 A2978 RMK AO2 SLP073 T02610222 $
STL,2023-08-07 04:51,KSTL 070451Z 00000KT 10SM OVC070 26/22 A2979 RMK AO2 SLP077 T02610217 $
STL,2023-08-07 05:51,KSTL 070551Z 00000KT 10SM BKN060 OVC070 26/21 A2979 RMK AO2 SLP076 60006 T02560211 10311 20256 403330211 50003 $
STL,2023-08-07 06:51,KSTL 070651Z 25012KT 10SM SCT036 SCT070 26/19 A2977 RMK AO2 SLP067 T02560189 $
STL,2023-08-07 07:51,KSTL 070751Z 26009KT 10SM BKN036 BKN110 24/18 A2978 RMK AO2 SLP069 T02440183 $
STL,2023-08-07 08:51,KSTL 070851Z 25009KT 10SM FEW028 BKN035 OVC042 24/18 A2977 RMK AO2 SLP067 T02440183 56006 $
STL,2023-08-07 09:51,KSTL 070951Z 25011KT 10SM SCT021 BKN035 OVC050 23/19 A2977 RMK AO2 RAB25E38 SLP069 P0000 T02330189 $
STL,2023-08-07 10:51,KSTL 071051Z 25009KT 10SM FEW009 BKN021 BKN110 22/20 A2978 RMK AO2 RAB00E36 SLP072 P0001 T02220200 $
STL,2023-08-07 11:51,KSTL 071151Z 27011G19KT 10SM -RA BKN013 OVC026 22/19 A2978 RMK AO2 RAB50 SLP073 P0000 60001 70010 T02220194 10261 20222 52003 $
STL,2023-08-07 12:51,KSTL 071251Z 28014G19KT 10SM FEW009 BKN018 OVC032 22/19 A2982 RMK AO2 RAE34 SLP086 P0001 T02220194 $
STL,2023-08-07 13:51,KSTL 071351Z 28015G20KT 8SM -RA BKN016 OVC026 22/19 A2986 RMK AO2 RAB43 SLP100 P0000 T02220194 $
STL,2023-08-07 14:51,KSTL 071451Z 32012KT 10SM SCT016 BKN037 BKN065 BKN250 22/18 A2991 RMK AO2 RAE1356 SLP116 P0000 60001 T02220178 53040 $
STL,2023-08-07 15:51,KSTL 071551Z 32016G24KT 10SM FEW015 BKN070 BKN250 24/18 A2991 RMK AO2 RAB1453E41 SLP116 P0000 T02390183 $
STL,2023-08-07 16:51,KSTL 071651Z 32016G23KT 10SM SCT021 SCT080 BKN250 24/17 A2991 RMK AO2 SLP117 T02440167 $
STL,2023-08-07 17:51,KSTL 071751Z 32012G21KT 10SM SCT028 BKN250 25/17 A2991 RMK AO2 SLP117 60001 T02500167 10256 20217 50002 $
STL,2023-08-07 18:51,KSTL 071851Z 31011G20KT 10SM SCT038 BKN250 27/16 A2992 RMK AO2 SLP121 T02670156 $
STL,2023-08-07 19:51,KSTL 071951Z 34010G19KT 10SM BKN044 BKN250 28/17 A2993 RMK AO2 SLP122 T02780167 $
STL,2023-08-07 20:51,KSTL 072051Z 31011G18KT 10SM SCT055 BKN250 28/16 A2993 RMK AO2 SLP123 T02830161 51007 $
STL,2023-08-07 21:51,KSTL 072151Z 31008G16KT 10SM SCT050 SCT150 BKN250 28/16 A2993 RMK AO2 SLP123 T02780156 $
STL,2023-08-07 22:51,KSTL 072251Z 32010KT 10SM FEW047 SCT150 BKN250 28/16 A2993 RMK AO2 SLP123 T02780156 $
STL,2023-08-07 23:51,KSTL 072351Z 34006KT 10SM FEW047 SCT250 26/14 A2994 RMK AO2 SLP129 T02610144 10283 20250 53004 $
STL,2023-08-08 00:51,KSTL 080051Z 34003KT 10SM SCT100 BKN250 26/14 A2995 RMK AO2 SLP133 T02560144 $
STL,2023-08-08 01:51,KSTL 080151Z 36003KT 10SM BKN100 25/16 A2996 RMK AO2 SLP135 T02500156 $
STL,2023-08-08 02:51,KSTL 080251Z 23003KT 10SM SCT055 OVC100 25/16 A2998 RMK AO2 SLP141 T02500161 53012 $
STL,2023-08-08 03:51,KSTL 080351Z 30004KT 10SM -RA FEW041 BKN070 OVC085 24/18 A2999 RMK AO2 RAB41 SLP144 P0000 T02390183 $
STL,2023-08-08 04:51,KSTL 080451Z 25004KT 10SM FEW065 BKN100 OVC250 23/19 A2999 RMK AO2 RAE08 SLP145 P0000 T02280189 $
STL,2023-08-08 05:51,KSTL 080551Z 26004KT 10SM FEW250 22/19 A3000 RMK AO2 SLP148 60000 T02220189 10261 20222 402830217 53006 $
STL,2023-08-08 06:51,KSTL 080651Z 27003KT 10SM FEW250 21/18 A2999 RMK AO2 SLP146 T02110183 $
STL,2023-08-08 07:51,KSTL 080751Z 29005KT 10SM CLR 21/18 A2999 RMK AO2 SLP144 T02060183 $
STL,2023-08-08 08:51,KSTL 080851Z 25003KT 10SM CLR 21/18 A2996 RMK AO2 SLP135 T02110183 58012 $
STL,2023-08-08 09:51,KSTL 080951Z 25004KT 10SM CLR 21/18 A2996 RMK AO2 SLP134 T02060183 $
STL,2023-08-08 10:51,KSTL 081051Z 00000KT 10SM SCT250 21/18 A2995 RMK AO2 SLP132 T02060183 $
STL,2023-08-08 11:51,KSTL 081151Z 24007KT 10SM FEW150 BKN250 21/18 A3001 RMK AO2 SLP150 70001 T02110183 10222 20206 53014 $
STL,2023-08-08 12:51,KSTL 081251Z 24006KT 9SM FEW150 BKN250 22/18 A3002 RMK AO2 SLP154 T02220183 $
STL,2023-08-08 13:51,KSTL 081351Z 24006KT 9SM SCT150 BKN250 23/19 A3001 RMK AO2 SLP153 T02330189 $
STL,2023-08-08 14:51,KSTL 081451Z 26004KT 10SM BKN160 BKN240 26/19 A3002 RMK AO2 SLP155 T02560194 51005 $
STL,2023-08-08 15:51,KSTL 081551Z 23007KT 10SM FEW045 SCT160 SCT250 27/19 A3001 RMK AO2 SLP150 T02720189 $
STL,2023-08-08 16:51,KSTL 081651Z 27008KT 10SM FEW045 FEW150 SCT250 28/18 A3001 RMK AO2 SLP151 T02830183
STL,2023-08-08 17:51,KSTL 081751Z 27008KT 10SM FEW035 SCT060 SCT250 29/18 A2999 RMK AO2 SLP145 T02940183 10294 20211 58009
STL,2023-08-08 18:51,KSTL 081851Z 23010KT 10SM SCT041 SCT250 30/18 A2997 RMK AO2 SLP139 T03000183
STL,2023-08-08 19:51,KSTL 081951Z 00000KT 10SM FEW044 SCT250 30/17 A2995 RMK AO2 SLP132 T03000172
STL,2023-08-08 20:51,KSTL 082051Z VRB03KT 10SM SCT050 SCT250 31/17 A2994 RMK AO2 SLP127 T03060167 56018
STL,2023-08-08 21:51,KSTL 082151Z 22007KT 10SM BKN055 BKN250 30/17 A2993 RMK AO2 SLP125 T03000172
STL,2023-08-08 22:51,KSTL 082251Z 26007KT 10SM FEW050 BKN070 BKN250 31/17 A2992 RMK AO2 SLP121 T03060167
STL,2023-08-08 23:51,KSTL 082351Z 25005KT 10SM FEW070 SCT250 29/17 A2991 RMK AO2 SLP118 T02890172 10311 20283 58009
STL,2023-08-09 00:51,KSTL 090051Z COR 27005KT 10SM FEW065 BKN250 28/18 A2992 RMK AO2 CB DSNT N MOV SE SLP121 T02780178
STL,2023-08-09 01:51,KSTL 090151Z 25004KT 10SM FEW060 SCT250 27/18 A2991 RMK AO2 SLP118 T02720178
STL,2023-08-09 02:51,KSTL 090251Z 00000KT 10SM FEW060 SCT250 26/18 A2993 RMK AO2 SLP122 T02560183 53003
STL,2023-08-09 03:51,KSTL 090351Z 00000KT 10SM FEW070 SCT250 26/18 A2992 RMK AO2 SLP120 T02560183
STL,2023-08-09 04:51,KSTL 090451Z 08003KT 10SM SCT065 BKN250 24/18 A2992 RMK AO2 SLP120 T02440183
STL,2023-08-09 05:51,KSTL 090551Z 00000KT 10SM FEW070 BKN250 25/19 A2993 RMK AO2 SLP120 T02500189 10289 20244 403110206 55000
STL,2023-08-09 06:51,KSTL 090651Z 21004KT 10SM FEW070 SCT250 24/19 A2991 RMK AO2 SLP116 T02440194
STL,2023-08-09 07:51,KSTL 090751Z 00000KT 10SM FEW060 SCT250 24/19 A2991 RMK AO2 SLP113 T02440194
STL,2023-08-09 08:51,KSTL 090851Z 00000KT 10SM FEW060 BKN250 24/19 A2989 RMK AO2 SLP109 T02440194 57010
STL,2023-08-09 09:51,KSTL 090951Z 18003KT 10SM FEW060 SCT250 24/20 A2989 RMK AO2 SLP108 T02390200
STL,2023-08-09 10:51,KSTL 091051Z 11005KT 10SM FEW060 BKN250 22/19 A2987 RMK AO2 SLP102 T02220194
STL,2023-08-09 11:51,KSTL 091151Z 10004KT 10SM FEW075 FEW130 BKN250 23/20 A2988 RMK AO2 SLP106 ACC S-W T02330200 10250 20222 55005
STL,2023-08-09 12:51,KSTL 091251Z 17006KT 10SM SCT110 OVC250 24/20 A2988 RMK AO2 SLP107 ACC S-NW AND OHD T02440200 $
STL,2023-08-09 13:51,KSTL 091351Z 18005KT 10SM FEW070 BKN110 OVC230 24/21 A2988 RMK AO2 SLP106 T02440206 $
STL,2023-08-09 14:51,KSTL 091451Z 21009KT 10SM -RA FEW042 SCT070 BKN120 BKN230 24/21 A2990 RMK AO2 LTG DSNT S AND SW RAB41 SLP112 P0000 60000 T02440206 53005 $
STL,2023-08-09 15:51,KSTL 091551Z 22013G22KT 10SM -RA FEW048 BKN100 OVC200 25/21 A2987 RMK AO2 LTG DSNT NE AND W SLP105 P0000 T02500211 $
STL,2023-08-09 16:51,KSTL 091651Z 22013KT 10SM -RA FEW049 BKN100 OVC200 24/21 A2985 RMK AO2 RAE09B42 SLP099 P0000 T02440206 $
STL,2023-08-09 17:51,KSTL 091751Z 22004KT 10SM -RA BKN014 BKN070 OVC100 24/21 A2983 RMK AO2 SLP090 P0002 60002 T02390206 10250 20233 58023 $
STL,2023-08-09 18:51,KSTL 091851Z 22004KT 10SM -RA SCT012 BKN018 BKN100 OVC250 25/21 A2982 RMK AO2 SLP086 P0000 T02500206 $
STL,2023-08-09 19:51,KSTL 091951Z 29006KT 10SM -RA FEW014 BKN025 OVC090 25/21 A2984 RMK AO2 RAE12B35 SLP092 P0000 T02500206 $
STL,2023-08-09 20:51,KSTL 092051Z 28003KT 10SM FEW018 FEW065 OVC100 25/20 A2983 RMK AO2 RAE05 SLP088 P0000 60000 T02500200 58000 $
STL,2023-08-09 21:51,KSTL 092151Z 00000KT 10SM SCT022 BKN047 OVC100 26/19 A2980 RMK AO2 SLP081 T02560194 $
STL,2023-08-09 22:51,KSTL 092251Z 00000KT 10SM SCT032 BKN043 OVC075 26/19 A2979 RMK AO2 SLP078 T02610189 $
STL,2023-08-09 23:51,KSTL 092351Z 18003KT 9SM -RA FEW009 BKN029 OVC039 25/19 A2978 RMK AO2 RAB46 SLP074 P0000 60000 T02500194 10267 20239 56008 $
STL,2023-08-10 00:51,KSTL 100051Z 03005KT 10SM FEW025 BKN036 OVC110 23/21 A2981 RMK AO2 RAE46 SLP083 P0000 T02330206 $
STL,2023-08-10 01:51,KSTL 100151Z 10004KT 10SM FEW018 SCT027 OVC036 23/21 A2981 RMK AO2 SLP084 T02280206 $
STL,2023-08-10 02:51,KSTL 100251Z 08003KT 10SM FEW014 SCT021 BKN038 22/21 A2979 RMK AO2 RAB0154E19 SLP076 P0000 60000 T02220206 50001 $
STL,2023-08-10 03:51,KSTL 100351Z 00000KT 10SM SCT036 23/21 A2981 RMK AO2 SLP085 T02280206 $
STL,2023-08-10 04:51,KSTL 100451Z 23004KT 10SM FEW033 BKN250 22/20 A2980 RMK AO2 SLP081 T02220200 $
STL,2023-08-10 05:51,KSTL 100551Z 00000KT 10SM SCT250 22/19 A2978 RMK AO2 SLP074 60000 T02170194 10250 20217 402670217 58002 $
STL,2023-08-10 06:51,KSTL 100651Z 00000KT 10SM FEW005 SCT250 21/19 A2977 RMK AO2 SLP072 T02110194 $
STL,2023-08-10 07:51,KSTL 100751Z 28003KT 9SM BKN005 BKN250 21/19 A2977 RMK AO2 SLP071 T02110194 $
STL,2023-08-10 08:51,KSTL 100851Z 29005KT 7SM OVC003 22/21 A2978 RMK AO2 SLP075 T02170206 53003 $
STL,2023-08-10 09:51,KSTL 100951Z 30005KT 8SM OVC003 22/21 A2979 RMK AO2 SLP076 T02170206 $
STL,2023-08-10 10:51,KSTL 101051Z 30003KT 7SM BKN002 21/20 A2980 RMK AO2 SLP081 VIS W-NW 2 T02110200 $
STL,2023-08-10 11:51,KSTL 101151Z 27003KT 5SM BR BKN002 21/19 A2982 RMK AO2 SLP089 VIS W 1 1/2 70002 T02110194 10222 20206 53014 $
STL,2023-08-10 12:51,KSTL 101251Z 23003KT 8SM SCT003 23/21 A2985 RMK AO2 SLP097 T02280206
STL,2023-08-10 13:51,KSTL 101351Z 29005KT 10SM SCT008 24/21 A2986 RMK AO2 SLP101 T02440206
STL,2023-08-10 14:51,KSTL 101451Z 29005KT 10SM SCT013 26/21 A2987 RMK AO2 SLP103 T02610211 51015
STL,2023-08-10 15:51,KSTL 101551Z 00000KT 10SM SCT029 28/20 A2987 RMK AO2 SLP103 T02780200
STL,2023-08-10 16:51,KSTL 101651Z 00000KT 10SM FEW027 BKN040 28/20 A2987 RMK AO2 SLP103 T02830200
STL,2023-08-10 17:51,KSTL 101751Z 27008KT 10SM FEW029 SCT040 30/21 A2985 RMK AO2 SLP097 T03000206 10300 20211 58004
STL,2023-08-10 18:51,KSTL 101851Z VRB06KT 10SM SCT033 30/20 A2984 RMK AO2 SLP095 T03000200
STL,2023-08-10 19:51,KSTL 101951Z 30005KT 10SM BKN037 29/20 A2985 RMK AO2 SLP095 T02940200
STL,2023-08-10 20:51,KSTL 102051Z 30006KT 10SM FEW040 BKN050 30/19 A2984 RMK AO2 SLP091 T03000194 57005
STL,2023-08-10 21:51,KSTL 102151Z 35006KT 10SM SCT050 SCT250 29/19 A2982 RMK AO2 SLP088 T02940194
STL,2023-08-10 22:51,KSTL 102251Z 30004KT 10SM SCT060 BKN250 31/19 A2982 RMK AO2 SLP087 T03060194
STL,2023-08-10 23:51,KSTL 102351Z 25009KT 10SM SCT055 BKN250 29/19 A2983 RMK AO2 SLP091 T02940189 10311 20289 55001
STL,2023-08-11 00:51,KSTL 110051Z 26005KT 10SM SCT050 BKN250 29/18 A2984 RMK AO2 SLP093 T02890183
STL,2023-08-11 01:51,KSTL 110151Z 00000KT 10SM FEW050 BKN250 28/19 A2984 RMK AO2 SLP092 T02780189
STL,2023-08-11 02:51,KSTL 110251Z 00000KT 10SM BKN250 26/19 A2984 RMK AO2 SLP093 T02610194 51003
STL,2023-08-11 03:51,KSTL 110351Z 00000KT 10SM BKN250 26/19 A2985 RMK AO2 SLP097 T02560194
STL,2023-08-11 04:51,KSTL 110451Z 18004KT 10SM SCT250 25/19 A2985 RMK AO2 SLP096 T02500194
STL,2023-08-11 05:51,KSTL 110551Z 17008KT 10SM SCT250 26/20 A2983 RMK AO2 SLP089 T02560200 10294 20250 403110206 58004
STL,2023-08-11 06:51,KSTL 110651Z 21005KT 10SM SCT250 24/21 A2984 RMK AO2 SLP090 T02440206
STL,2023-08-11 07:51,KSTL 110751Z COR 00000KT 10SM FEW250 24/21 A2983 RMK AO2 SLP090 T02390206
STL,2023-08-11 08:51,KSTL 110851Z 20006KT 10SM FEW250 23/21 A2983 RMK AO2 SLP088 T02330206 58001
STL,2023-08-11 09:51,KSTL 110951Z 21006KT 10SM CLR 23/21 A2982 RMK AO2 SLP086 T02330211
STL,2023-08-11 10:51,KSTL 111051Z 22007KT 9SM FEW005 FEW250 23/21 A2983 RMK AO2 SLP087 T02330211
STL,2023-08-11 11:51,KSTL 111151Z 22008KT 7SM BKN005 23/21 A2984 RMK AO2 SLP093 T02330211 10256 20228 53004
STL,2023-08-11 12:51,KSTL 111251Z 22007KT 7SM BKN005 24/22 A2985 RMK AO2 SLP097 T02440217
STL,2023-08-11 13:51,KSTL 111351Z 22009KT 10SM FEW009 FEW040 SCT250 26/22 A2985 RMK AO2 SLP093 T02610217
STL,2023-08-11 14:51,KSTL 111451Z 20007KT 10SM FEW040 FEW100 FEW250 29/22 A2986 RMK AO2 SLP098 ACC N-NE AND S T02890222 53007
STL,2023-08-11 15:51,KSTL 111551Z 21010KT 10SM FEW040 FEW100 FEW250 31/22 A2987 RMK AO2 SLP100 ACC NE T03060217
STL,2023-08-11 16:51,KSTL 111651Z 22006KT 10SM FEW035 BKN090 BKN250 32/22 A2987 RMK AO2 SLP102 T03170217
STL,2023-08-11 17:51,KSTL 111751Z 20007KT 10SM FEW040 FEW250 33/21 A2984 RMK AO2 SLP091 T03280211 10328 20233 58006
STL,2023-08-11 18:51,KSTL 111851Z 21004KT 10SM FEW050 FEW250 33/20 A2983 RMK AO2 SLP089 T03330200
STL,2023-08-11 19:51,KSTL 111951Z 19007G18KT 10SM FEW050 FEW250 34/20 A2982 RMK AO2 SLP082 T03440200
STL,2023-08-11 20:51,KSTL 112051Z 21010KT 10SM FEW050 SCT250 34/21 A2981 RMK AO2 SLP079 T03390211 58012
STL,2023-08-11 21:51,KSTL 112151Z 23009KT 10SM FEW050 BKN250 34/21 A2981 RMK AO2 SLP081 T03390211
STL,2023-08-11 22:51,KSTL 112251Z 26010KT 10SM FEW055 BKN250 33/22 A2982 RMK AO2 SLP085 T03330222
STL,2023-08-11 23:51,KSTL 112351Z 26006KT 10SM FEW060 BKN250 33/22 A2983 RMK AO2 SLP086 T03280222 10350 20322 53007
STL,2023-08-12 00:51,KSTL 120051Z 21004KT 10SM FEW150 SCT250 32/22 A2981 RMK AO2 SLP082 T03170222
STL,2023-08-12 01:51,KSTL 120151Z 20004KT 10SM FEW150 FEW250 31/22 A2982 RMK AO2 SLP083 T03110222
STL,2023-08-12 02:51,KSTL 120251Z 19004KT 10SM FEW250 31/22 A2982 RMK AO2 SLP084 T03060222 55002
STL,2023-08-12 03:51,KSTL 120351Z 17006KT 10SM CLR 30/23 A2980 RMK AO2 SLP076 T03000228
STL,2023-08-12 04:51,KSTL 120451Z 19006KT 10SM SCT250 29/23 A2982 RMK AO2 SLP082 T02940228
STL,2023-08-12 05:51,KSTL 120551Z 18004KT 10SM SCT220 29/23 A2984 RMK AO2 SLP087 T02890233 10328 20289 403500228 53004
STL,2023-08-12 06:51,KSTL 120651Z COR 18003KT 10SM SCT220 29/24 A2984 RMK AO2 LTG DSNT NW SLP090 T02890239
STL,2023-08-12 07:51,KSTL 120751Z 17004KT 10SM FEW100 BKN200 28/24 A2983 RMK AO2 LTG DSNT N AND NW SLP086 T02830239
STL,2023-08-12 08:51,KSTL 120851Z 33012G19KT 10SM SCT018 BKN025 OVC049 26/19 A2989 RMK AO2 PK WND 35030/0832 WSHFT 0829 LTG DSNT ALQDS SLP108 T02610194 53019
STL,2023-08-12 09:51,KSTL 120951Z 30018G33KT 2 1/2SM +TSRA FEW026 BKN060CB OVC075 23/18 A2999 RMK AO2 PK WND 32033/0949 LTG DSNT ALQDS RAB38 TSB14 PRESRR SLP141 FQT LTGICCCCG ALQDS TS ALQDS MOV SE P0006 T02280183
STL,2023-08-12 10:51,KSTL 121051Z 17004KT 10SM -TSRA BKN050CB OVC090 23/19 A2989 RMK AO2 PK WND 31032/1000 LTG DSNT ALQDS SLP107 OCNL LTGICCCCG NW-SE TS NW-SE MOV SE P0027 T02330189
STL,2023-08-12 11:51,KSTL 121151Z 17012KT 10SM SCT050 BKN110 23/18 A2983 RMK AO2 RAE06 TSE19 SLP089 P0001 60034 70034 T02280183 10289 20217 58020
STL,2023-08-12 12:51,KSTL 121251Z 20005KT 10SM SCT150 BKN250 23/18 A2987 RMK AO2 PRESRR SLP102 T02280183
STL,2023-08-12 13:51,KSTL 121351Z 28006KT 10SM FEW030 BKN150 BKN250 23/19 A2992 RMK AO2 SLP116 T02280194
STL,2023-08-12 14:51,KSTL 121451Z 26005KT 10SM SCT044 BKN250 24/19 A2992 RMK AO2 SLP117 T02390194 51028
STL,2023-08-12 15:51,KSTL 121551Z 00000KT 10SM SCT060 BKN250 26/21 A2992 RMK AO2 SLP118 T02560206
STL,2023-08-12 16:51,KSTL 121651Z 25011KT 10SM FEW060 BKN250 30/21 A2991 RMK AO2 SLP114 T03000211
STL,2023-08-12 17:51,KSTL 121751Z 26011G21KT 10SM SCT070 BKN250 31/22 A2992 RMK AO2 SLP116 T03060217 10311 20228 53001
STL,2023-08-12 18:51,KSTL 121851Z 27014KT 10SM SCT037 BKN250 31/22 A2991 RMK AO2 SLP114 T03110217
STL,2023-08-12 19:51,KSTL 121951Z 31013KT 10SM SCT039 BKN250 32/22 A2991 RMK AO2 SLP112 T03220217
STL,2023-08-12 20:51,KSTL 122051Z 30010KT 10SM SCT041 BKN250 32/22 A2991 RMK AO2 SLP115 T03220217 55001
STL,2023-08-12 21:51,KSTL 122151Z 30007KT 10SM SCT044 BKN100 BKN250 33/22 A2991 RMK AO2 SLP115 T03280217
STL,2023-08-12 22:51,KSTL 122251Z 33010KT 10SM SCT040 BKN250 32/22 A2991 RMK AO2 SLP114 T03170222
STL,2023-08-12 23:51,KSTL 122351Z 33009KT 10SM SCT034 SCT250 30/23 A2991 RMK AO2 SLP115 T03000228 10328 20300 56003
STL,2023-08-13 00:51,KSTL 130051Z 36007KT 10SM SCT035 SCT250 29/20 A2992 RMK AO2 SLP119 T02890200
STL,2023-08-13 01:51,KSTL 130151Z 01007KT 10SM BKN039 BKN250 28/18 A2994 RMK AO2 SLP127 T02830183
STL,2023-08-13 02:51,KSTL 130251Z 36003KT 10SM SCT042 27/18 A2996 RMK AO2 SLP135 T02670178 53019
STL,2023-08-13 03:51,KSTL 130351Z 02004KT 10SM FEW042 FEW150 BKN250 26/18 A2998 RMK AO2 SLP141 T02610178
STL,2023-08-13 04:51,KSTL 130451Z 00000KT 10SM FEW047 BKN250 24/18 A3000 RMK AO2 SLP146 T02390183
STL,2023-08-13 05:51,KSTL 130551Z 00000KT 10SM FEW047 SCT250 23/18 A3001 RMK AO2 SLP148 T02330178 10300 20233 403280217 51014
STL,2023-08-13 06:51,KSTL 130651Z 00000KT 10SM FEW047 SCT250 23/18 A2999 RMK AO2 SLP140 T02280183
STL,2023-08-13 07:51,KSTL 130751Z 00000KT 10SM FEW047 BKN250 22/18 A2999 RMK AO2 SLP140 T02170178
STL,2023-08-13 08:51,KSTL 130851Z 00000KT 10SM FEW047 SCT170 BKN250 23/18 A3000 RMK AO2 SLP145 T02330183 55002
STL,2023-08-13 09:51,KSTL 130951Z 00000KT 10SM SCT170 BKN250 23/18 A2998 RMK AO2 SLP138 T02280183
STL,2023-08-13 10:51,KSTL 131051Z 12006KT 10SM SCT170 SCT250 22/18 A2996 RMK AO2 SLP132 T02170178
STL,2023-08-13 11:51,KSTL 131151Z 14003KT 10SM SCT047 SCT170 SCT250 23/18 A2999 RMK AO2 SLP144 T02330178 10239 20217 55002
STL,2023-08-13 12:51,KSTL 131251Z 09005KT 10SM BKN170 BKN250 24/19 A3001 RMK AO2 SLP148 T02390189
STL,2023-08-13 13:51,KSTL 131351Z 12006KT 10SM BKN150 OVC250 25/19 A3000 RMK AO2 SLP146 T02500189
STL,2023-08-13 14:51,KSTL 131451Z 14007KT 10SM FEW035 BKN150 OVC250 27/18 A3000 RMK AO2 SLP146 T02670178 51002
STL,2023-08-13 15:51,KSTL 131551Z 11008KT 10SM BKN150 OVC250 28/19 A3001 RMK AO2 SLP148 T02780189
STL,2023-08-13 16:51,KSTL 131651Z 12006KT 10SM BKN040 OVC150 28/19 A3001 RMK AO2 SLP149 T02780189
STL,2023-08-13 17:51,KSTL 131751Z 11009KT 10SM SCT040 BKN050 OVC250 28/20 A2998 RMK AO2 SLP141 T02830200 10283 20228 58006
STL,2023-08-13 18:51,KSTL 131851Z 09009KT 10SM -RA FEW070 BKN110 OVC250 28/20 A2996 RMK AO2 LTG DSNT NW RAB47 SLP133 P0000 T02830200
STL,2023-08-13 19:51,KSTL 131951Z 05006KT 10SM FEW035 BKN060 OVC075 27/22 A2995 RMK AO2 RAE47 SLP131 P0003 T02720217 $
STL,2023-08-13 20:51,KSTL 132051Z 04007KT 10SM -RA BKN033 BKN040 OVC060 26/22 A2995 RMK AO2 RAB16 SLP132 P0000 60003 T02560222 55010 $
STL,2023-08-13 21:51,KSTL 132151Z 07004KT 10SM SCT022 BKN036 OVC085 25/23 A2995 RMK AO2 SLP130 RAE46 P0019 T02500228 $
STL,2023-08-13 22:51,KSTL 132251Z 01006KT 10SM -RA SCT008 BKN022 OVC060 25/22 A2995 RMK AO2 LTG DSNT SE RAB03 SLP131 P0000 T02500222 $
STL,2023-08-13 23:51,KSTL 132351Z 01004KT 9SM -RA FEW008 SCT024 BKN046 BKN130 24/22 A2995 RMK AO2 SLP130 P0003 60025 T02440222 10283 20244 56002 $
STL,2023-08-14 00:51,KSTL 140051Z 11004KT 10SM -RA FEW018 SCT043 BKN160 BKN250 24/22 A2994 RMK AO2 SLP128 P0000 T02440222 $
STL,2023-08-14 01:51,KSTL 140151Z 05004KT 10SM FEW040 FEW150 SCT250 24/22 A2993 RMK AO2 RAE05 SLP125 P0000 T02390217 $
STL,2023-08-14 02:51,KSTL 140251Z 12004KT 10SM FEW008 BKN028 23/22 A2996 RMK AO2 SLP134 60000 T02330217 53004 $
STL,2023-08-14 03:51,KSTL 140351Z 10003KT 10SM FEW008 BKN027 OVC085 23/22 A2995 RMK AO2 SLP132 T02330217 $
STL,2023-08-14 04:51,KSTL 140451Z 10003KT 10SM FEW006 BKN022 OVC090 24/22 A2994 RMK AO2 SLP126 T02390217 $
STL,2023-08-14 05:51,KSTL 140551Z 08006KT 6SM BR OVC005 23/22 A2991 RMK AO2 SLP116 60000 T02330217 10244 20233 402890217 58016 $
STL,2023-08-14 06:51,KSTL 140651Z 11006KT 1/2SM R30R/2800V4000FT -TSRA FG OVC001CB 23/22 A2988 RMK AO2 LTG DSNT S AND SW RAB20 TSB23 SLP106 OCNL LTGIC SW TS SW MOV E P0001 T02280217 $
STL,2023-08-14 07:51,KSTL 140751Z 13007KT 4SM TSRA BR BKN004 BKN055CB OVC100 23/22 A2989 RMK AO2 LTG DSNT ALQDS TSE23B50 SLP109 OCNL LTGIC SW TS SW MOV E P0009 T02330222 $
STL,2023-08-14 08:51,KSTL 140851Z 00000KT 2 1/2SM -RA BR OVC005 23/22 A2992 RMK AO2 LTG DSNT SE RAE31B48 TSE21 SLP120 P0002 60012 T02330222 53002 $
STL,2023-08-14 09:51,KSTL 140951Z 15005KT 7SM SCT009 BKN013 OVC050 24/22 A2990 RMK AO2 RAE28 SLP113 P0019 T02390222 $
STL,2023-08-14 10:51,KSTL 141051Z 20005KT 9SM FEW010 BKN110 OVC170 24/22 A2991 RMK AO2 SLP115 T02440222 $
STL,2023-08-14 11:51,KSTL 141151Z 25007KT 9SM -RA BKN009 BKN043 BKN120 OVC150 24/22 A2991 RMK AO2 LTG DSNT N RAB12 SLP118 P0001 60032 70057 T02390222 10244 20228 55002 $
STL,2023-08-14 12:51,KSTL 141251Z 24007KT 10SM FEW009 SCT055 BKN140 OVC200 24/22 A2990 RMK AO2 RAE15 SLP113 P0000 T02440222
STL,2023-08-14 13:51,KSTL 141351Z 25010KT 10SM -TSRA BKN009 OVC055CB 24/22 A2990 RMK AO2 RAB22 TSB21 SLP114 OCNL LTGIC N TS N MOV NE P0002 T02390222 $
STL,2023-08-14 14:51,KSTL 141451Z 31013G22KT 10SM BKN010 BKN015 OVC023 24/21 A2990 RMK AO2 RAE24 TSE1355 SLP114 P0001 60003 T02440211 56004 $
STL,2023-08-14 15:51,KSTL 141551Z 31012KT 10SM BKN016 OVC023 24/21 A2991 RMK AO2 SLP117 T02390206
STL,2023-08-14 16:51,KSTL 141651Z 27011KT 10SM SCT028 BKN150 BKN200 25/20 A2991 RMK AO2 SLP118 T02500200
STL,2023-08-14 17:51,KSTL 141751Z 28012KT 10SM SCT024 BKN034 26/19 A2992 RMK AO2 SLP119 60003 T02610189 10272 20239 51006
STL,2023-08-14 18:51,KSTL 141851Z 29013G25KT 10SM FEW025 SCT041 SCT049 28/17 A2991 RMK AO2 SLP118 T02830167
STL,2023-08-14 19:51,KSTL 141951Z 30013G24KT 10SM SCT048 27/16 A2991 RMK AO2 PK WND 31029/1906 SLP117 T02720161
STL,2023-08-14 20:51,KSTL 142051Z 30015G24KT 10SM SCT050 28/16 A2991 RMK AO2 SLP118 T02780161 55001
STL,2023-08-14 21:51,KSTL 142151Z 29015G25KT 10SM BKN055 27/15 A2991 RMK AO2 PK WND 28027/2133 SLP117 T02720150
STL,2023-08-14 22:51,KSTL 142251Z 29012G21KT 10SM BKN050 26/14 A2991 RMK AO2 PK WND 32027/2158 SLP118 T02560144
STL,2023-08-14 23:51,KSTL 142351Z 28018G25KT 10SM FEW047 SCT060 26/15 A2991 RMK AO2 SLP118 T02560150 10289 20256 55000
STL,2023-08-15 00:51,KSTL 150051Z 30012G24KT 10SM FEW048 FEW065 SCT250 23/14 A2994 RMK AO2 PK WND 29030/0023 SLP127 T02330144
STL,2023-08-15 01:51,KSTL 150151Z 29006KT 10SM SCT065 22/15 A2996 RMK AO2 PK WND 31026/0058 SLP136 T02220150
STL,2023-08-15 02:51,KSTL 150251Z 27014G19KT 10SM SCT065 22/15 A2997 RMK AO2 SLP137 T02170150 51017
STL,2023-08-15 03:51,KSTL 150351Z 28010KT 10SM FEW065 21/15 A2998 RMK AO2 SLP140 T02110150
STL,2023-08-15 04:51,KSTL 150451Z 27009KT 10SM FEW065 21/16 A2998 RMK AO2 SLP141 T02060156
STL,2023-08-15 05:51,KSTL 150551Z 28009KT 10SM BKN026 21/16 A2998 RMK AO2 SLP140 T02110156 10256 20206 402890206 51004
STL,2023-08-15 06:51,KSTL 150651Z 29007G16KT 10SM BKN023 BKN041 21/16 A2997 RMK AO2 SLP138 T02060161
STL,2023-08-15 07:51,KSTL 150751Z 29008KT 10SM FEW023 19/16 A2997 RMK AO2 SLP138 T01940161
STL,2023-08-15 08:51,KSTL 150851Z 29009KT 10SM BKN014 19/17 A2998 RMK AO2 SLP140 T01940167 55000
STL,2023-08-15 09:51,KSTL 150951Z 29008KT 10SM BKN012 18/16 A2998 RMK AO2 SLP143 T01830161
STL,2023-08-15 10:51,KSTL 151051Z 30009KT 10SM FEW009 OVC014 19/16 A3000 RMK AO2 SLP151 T01890161
STL,2023-08-15 11:51,KSTL 151151Z 32007KT 10SM SCT015 OVC025 19/17 A3002 RMK AO2 SLP156 70003 T01940167 10211 20183 53015
STL,2023-08-15 12:51,KSTL 151251Z 34010KT 10SM FEW010 SCT014 OVC029 19/16 A3005 RMK AO2 DZB10E21 SLP167 P0000 T01890161
STL,2023-08-15 13:51,KSTL 151351Z 34012KT 10SM BKN017 BKN039 20/16 A3007 RMK AO2 SLP174 T02000156
STL,2023-08-15 14:51,KSTL 151451Z 33010KT 10SM OVC021 20/15 A3008 RMK AO2 SLP178 60000 T02000150 51019
STL,2023-08-15 15:51,KSTL 151551Z 31011KT 10SM SCT021 BKN028 22/15 A3009 RMK AO2 SLP180 T02170150
STL,2023-08-15 16:51,KSTL 151651Z 31010KT 10SM FEW023 OVC030 22/15 A3009 RMK AO2 SLP182 T02170150
STL,2023-08-15 17:51,KSTL 151751Z 28010KT 10SM BKN037 23/15 A3009 RMK AO2 SLP180 60000 T02280150 10233 20189 50003
STL,2023-08-15 18:51,KSTL 151851Z 35008KT 10SM FEW029 BKN042 24/16 A3009 RMK AO2 SLP179 T02390156
STL,2023-08-15 19:51,KSTL 151951Z 32009KT 10SM FEW032 BKN060 24/15 A3008 RMK AO2 SLP178 T02440150
STL,2023-08-15 20:51,KSTL 152051Z 31009KT 10SM FEW042 BKN060 24/15 A3007 RMK AO2 SLP175 T02390150 58005
STL,2023-08-15 21:51,KSTL 152151Z 32008KT 10SM FEW034 BKN065 23/15 A3007 RMK AO2 SLP175 T02330150
STL,2023-08-15 22:51,KSTL 152251Z 32007KT 10SM FEW035 BKN070 24/16 A3006 RMK AO2 SLP171 T02390156
STL,2023-08-15 23:51,KSTL 152351Z 32007KT 10SM FEW035 BKN070 24/16 A3006 RMK AO2 SLP170 T02390156 10256 20228 56005
STL,2023-08-16 00:51,KSTL 160051Z 30003KT 10SM BKN070 BKN250 23/16 A3006 RMK AO2 SLP171 T02280161
STL,2023-08-16 01:51,KSTL 160151Z 00000KT 10SM FEW070 SCT250 22/16 A3006 RMK AO2 SLP172 T02170161
STL,2023-08-16 02:51,KSTL 160251Z 30003KT 10SM FEW070 FEW250 21/16 A3008 RMK AO2 SLP177 T02060156 53006
STL,2023-08-16 03:51,KSTL 160351Z 32004KT 10SM CLR 20/16 A3008 RMK AO2 SLP179 T02000161
STL,2023-08-16 04:51,KSTL 160451Z 22003KT 10SM FEW070 19/16 A3009 RMK AO2 SLP181 T01940156
STL,2023-08-16 05:51,KSTL 160551Z 28003KT 10SM CLR 19/16 A3010 RMK AO2 SLP183 T01890156 10239 20183 402560183 53005
STL,2023-08-16 06:51,KSTL 160651Z 00000KT 10SM CLR 18/16 A3009 RMK AO2 SLP183 T01830156
STL,2023-08-16 07:51,KSTL 160751Z 25003KT 9SM CLR 18/16 A3009 RMK AO2 SLP181 T01780156
STL,2023-08-16 08:51,KSTL 160851Z 27003KT 8SM CLR 18/16 A3008 RMK AO2 SLP177 T01780156 58006
STL,2023-08-16 09:51,KSTL 160951Z 00000KT 9SM CLR 17/16 A3007 RMK AO2 SLP174 T01720156
STL,2023-08-16 10:51,KSTL 161051Z 00000KT 8SM CLR 17/15 A3008 RMK AO2 SLP178 T01720150
STL,2023-08-16 11:51,KSTL 161151Z 00000KT 7SM FEW250 17/15 A3010 RMK AO2 SLP183 T01720150 10189 20167 53006
STL,2023-08-16 12:51,KSTL 161251Z 26003KT 8SM FEW250 19/16 A3010 RMK AO2 SLP186 T01940156
STL,2023-08-16 13:51,KSTL 161351Z 00000KT 10SM FEW250 22/16 A3011 RMK AO2 SLP186 T02220161
STL,2023-08-16 14:51,KSTL 161451Z 00000KT 10SM FEW040 FEW250 24/15 A3010 RMK AO2 SLP183 T02440150 50001
STL,2023-08-16 15:51,KSTL 161551Z 28006KT 10SM FEW040 FEW250 26/13 A3010 RMK AO2 SLP182 T02560128
STL,2023-08-16 16:51,KSTL 161651Z 00000KT 10SM FEW046 FEW250 26/13 A3008 RMK AO2 SLP176 T02560133
STL,2023-08-16 17:51,KSTL 161751Z 00000KT 10SM FEW046 FEW250 27/13 A3007 RMK AO2 SLP172 T02720128 10272 20172 58010
STL,2023-08-16 18:51,KSTL 161851Z 00000KT 10SM FEW050 FEW250 28/12 A3004 RMK AO2 SLP163 T02780122
STL,2023-08-16 19:51,KSTL 161951Z 21005KT 10SM FEW055 FEW250 29/14 A3002 RMK AO2 SLP157 T02890139
STL,2023-08-16 20:51,KSTL 162051Z 19005KT 10SM FEW055 FEW250 27/13 A3000 RMK AO2 SLP149 T02720133 56023
STL,2023-08-16 21:51,KSTL 162151Z 21006KT 10SM FEW055 28/13 A2998 RMK AO2 SLP144 T02830133
STL,2023-08-16 22:51,KSTL 162251Z 24007KT 10SM FEW055 28/14 A2996 RMK AO2 SLP136 T02780139
STL,2023-08-16 23:51,KSTL 162351Z 21008KT 10SM FEW050 27/13 A2995 RMK AO2 SLP132 T02720133 10289 20267 57017
STL,2023-08-17 00:51,KSTL 170051Z 21006KT 10SM CLR 26/14 A2994 RMK AO2 SLP128 T02560139
STL,2023-08-17 01:51,KSTL 170151Z 18006KT 10SM CLR 25/14 A2994 RMK AO2 SLP127 T02500144
STL,2023-08-17 02:51,KSTL 170251Z 17006KT 10SM CLR 24/14 A2994 RMK AO2 SLP127 T02390144 55003
STL,2023-08-17 03:51,KSTL 170351Z 18006KT 10SM CLR 23/15 A2993 RMK AO2 SLP123 T02330150
STL,2023-08-17 04:51,KSTL 170451Z 18006KT 10SM CLR 22/16 A2991 RMK AO2 SLP116 T02220156
STL,2023-08-17 05:51,KSTL 170551Z 19005KT 10SM CLR 22/15 A2991 RMK AO2 SLP117 T02170150 10272 20217 402890167 55010
STL,2023-08-17 06:51,KSTL 170651Z 22006KT 10SM CLR 21/15 A2991 RMK AO2 SLP116 T02110150
STL,2023-08-17 07:51,KSTL 170751Z 21008KT 10SM FEW250 21/15 A2990 RMK AO2 SLP111 T02110150
STL,2023-08-17 08:51,KSTL 170851Z 23005KT 10SM FEW250 21/15 A2990 RMK AO2 SLP113 T02060150 55003
STL,2023-08-17 09:51,KSTL 170951Z 21008KT 10SM FEW250 20/15 A2988 RMK AO2 SLP108 T02000150
STL,2023-08-17 10:51,KSTL 171051Z 21007KT 10SM FEW250 20/15 A2987 RMK AO2 SLP104 T02000150
STL,2023-08-17 11:51,KSTL 171151Z 22012KT 10SM FEW150 SCT250 21/15 A2987 RMK AO2 SLP103 T02060150 10217 20200 56010
STL,2023-08-17 12:51,KSTL 171251Z 22012G19KT 10SM FEW150 SCT250 22/15 A2986 RMK AO2 SLP099 T02170150
STL,2023-08-17 13:51,KSTL 171351Z 22013KT 10SM SCT070 SCT250 23/15 A2984 RMK AO2 SLP094 T02280150
STL,2023-08-17 14:51,KSTL 171451Z 25015G21KT 10SM FEW075 FEW250 26/16 A2984 RMK AO2 SLP094 T02610156 55008
STL,2023-08-17 15:51,KSTL 171551Z 25013G19KT 10SM FEW075 FEW250 27/17 A2985 RMK AO2 SLP097 T02720172
STL,2023-08-17 16:51,KSTL 171651Z 29010G20KT 9SM -TSRA FEW040 BKN055CB OVC095 24/19 A2985 RMK AO2 LTG DSNT NE AND E AND W SLP100 OCNL LTICCG NW-NE RAB38 TSB42 TS NW-NE MOV SE P0003 T02390189 $
STL,2023-08-17 17:51,KSTL 171751Z 28009G18KT 10SM FEW028 FEW070 SCT120 BKN250 27/18 A2986 RMK AO2 RAE1658 TSE12 SLP100 P0000 60003 T02720183 10278 20206 53002 $
STL,2023-08-17 18:51,KSTL 171851Z 30009KT 10SM FEW035 FEW120 BKN250 29/18 A2986 RMK AO2 SLP099 T02890178 $
STL,2023-08-17 19:51,KSTL 171951Z 28013G20KT 10SM SCT045 BKN250 30/18 A2986 RMK AO2 SLP100 T03000178 $
STL,2023-08-17 20:51,KSTL 172051Z 29012G20KT 10SM FEW050 FEW250 31/17 A2986 RMK AO2 SLP101 T03060167 53002 $
STL,2023-08-17 21:51,KSTL 172151Z 33013KT 10SM FEW060 SCT250 29/16 A2987 RMK AO2 SLP104 T02890156 $
STL,2023-08-17 22:51,KSTL 172251Z 34012KT 10SM FEW060 FEW250 28/14 A2988 RMK AO2 SLP109 T02830144 $
STL,2023-08-17 23:51,KSTL 172351Z 33008KT 10SM FEW060 FEW250 27/13 A2989 RMK AO2 SLP111 T02720128 10306 20272 53008 $
STL,2023-08-18 00:51,KSTL 180051Z 34005KT 10SM FEW070 FEW250 24/13 A2991 RMK AO2 SLP118 T02390133 $
STL,2023-08-18 01:51,KSTL 180151Z 32004KT 10SM CLR 23/12 A2993 RMK AO2 SLP125 T02280122 $
STL,2023-08-18 02:51,KSTL 180251Z 34004KT 10SM CLR 22/12 A2995 RMK AO2 SLP132 T02220122 53020 $
STL,2023-08-18 03:51,KSTL 180351Z 33006KT 10SM CLR 21/13 A2996 RMK AO2 SLP135 T02110128 $
STL,2023-08-18 04:51,KSTL 180451Z 32004KT 10SM CLR 21/12 A2997 RMK AO2 SLP140 T02110122 $
STL,2023-08-18 05:51,KSTL 180551Z 33003KT 10SM CLR 19/13 A2999 RMK AO2 SLP146 T01940128 10272 20194 403060194 53013 $
STL,2023-08-18 06:51,KSTL 180651Z 29003KT 10SM CLR 19/13 A2999 RMK AO2 SLP144 T01890133 $
STL,2023-08-18 07:51,KSTL 180751Z 35003KT 10SM CLR 19/13 A2999 RMK AO2 SLP145 T01890133 $
STL,2023-08-18 08:51,KSTL 180851Z 00000KT 10SM CLR 18/13 A3001 RMK AO2 SLP149 T01780133 53005 $
STL,2023-08-18 09:51,KSTL 180951Z 25003KT 10SM CLR 17/13 A3002 RMK AO2 SLP154 T01720133 $
STL,2023-08-18 10:51,KSTL 181051Z 25003KT 10SM CLR 17/13 A3004 RMK AO2 SLP163 T01670133 $
STL,2023-08-18 11:51,KSTL 181151Z 00000KT 10SM FEW250 18/14 A3006 RMK AO2 SLP169 70003 T01780139 10200 20161 53018 $
STL,2023-08-18 12:51,KSTL 181251Z 00000KT 10SM FEW250 20/14 A3007 RMK AO2 SLP174 T02000144
STL,2023-08-18 13:51,KSTL 181351Z 00000KT 10SM FEW250 21/14 A3008 RMK AO2 SLP177 T02110139
STL,2023-08-18 14:51,KSTL 181451Z VRB03KT 10SM CLR 23/14 A3009 RMK AO2 SLP181 T02280139 53011
STL,2023-08-18 15:51,KSTL 181551Z 11004KT 10SM CLR 24/13 A3009 RMK AO2 SLP180 T02440133
STL,2023-08-18 16:51,KSTL 181651Z 00000KT 10SM FEW050 26/12 A3008 RMK AO2 SLP178 T02560122
STL,2023-08-18 17:51,KSTL 181751Z 05004KT 10SM FEW050 27/13 A3007 RMK AO2 SLP174 T02670128 10267 20172 58006
STL,2023-08-18 18:51,KSTL 181851Z 00000KT 10SM FEW050 FEW250 27/13 A3006 RMK AO2 SLP170 T02670128
STL,2023-08-18 19:51,KSTL 181951Z VRB04KT 10SM FEW055 FEW250 28/13 A3004 RMK AO2 SLP163 T02830128
STL,2023-08-18 20:51,KSTL 182051Z 12008KT 10SM FEW250 28/14 A3002 RMK AO2 SLP157 T02830139 58017
STL,2023-08-18 21:51,KSTL 182151Z 10006KT 10SM FEW250 28/13 A3001 RMK AO2 SLP152 T02780133
STL,2023-08-18 22:51,KSTL 182251Z 11008KT 10SM FEW250 28/13 A2999 RMK AO2 SLP148 T02780133
STL,2023-08-18 23:51,KSTL 182351Z 11008KT 10SM FEW250 27/14 A2999 RMK AO2 SLP146 T02670144 10289 20261 56012
STL,2023-08-19 00:51,KSTL 190051Z 12008KT 10SM SCT250 26/14 A3000 RMK AO2 SLP148 T02560144
STL,2023-08-19 01:51,KSTL 190151Z 11008KT 10SM SCT250 23/15 A3001 RMK AO2 SLP154 T02330150
STL,2023-08-19 02:51,KSTL 190251Z 11007KT 10SM SCT250 22/15 A3002 RMK AO2 SLP154 T02220150 51009
STL,2023-08-19 03:51,KSTL 190351Z 11006KT 10SM SCT250 22/14 A3001 RMK AO2 SLP152 T02220144
STL,2023-08-19 04:51,KSTL 190451Z 14009KT 10SM FEW250 23/14 A3001 RMK AO2 SLP151 T02280144
STL,2023-08-19 05:51,KSTL 190551Z 15008KT 10SM FEW250 23/14 A3001 RMK AO2 SLP152 T02280139 10267 20217 402890161 55001
STL,2023-08-19 06:51,KSTL 190651Z 15008KT 10SM FEW250 21/14 A3001 RMK AO2 SLP151 T02110144
STL,2023-08-19 07:51,KSTL 190751Z 14007KT 10SM FEW250 21/15 A3001 RMK AO2 SLP149 T02110150
STL,2023-08-19 08:51,KSTL 190851Z 15006KT 10SM FEW250 21/15 A3002 RMK AO2 SLP153 T02110150 53001
STL,2023-08-19 09:51,KSTL 190951Z 14008KT 10SM FEW250 21/15 A3002 RMK AO2 SLP155 T02060150
STL,2023-08-19 10:51,KSTL 191051Z 14006KT 10SM FEW250 20/15 A3003 RMK AO2 SLP157 T02000150
STL,2023-08-19 11:51,KSTL 191151Z 14008KT 10SM SCT150 SCT250 21/15 A3004 RMK AO2 SLP161 T02060150 10228 20200 53006
STL,2023-08-19 12:51,KSTL 191251Z 15007KT 10SM SCT160 BKN250 22/16 A3005 RMK AO2 SLP167 T02170156
STL,2023-08-19 13:51,KSTL 191351Z 16008KT 10SM SCT160 BKN250 23/16 A3005 RMK AO2 SLP167 T02330156
STL,2023-08-19 14:51,KSTL 191451Z 18009G17KT 10SM SCT160 BKN250 25/16 A3005 RMK AO2 SLP165 T02500161 50004
STL,2023-08-19 15:51,KSTL 191551Z 16010KT 10SM FEW160 SCT250 27/17 A3004 RMK AO2 SLP161 T02720167
STL,2023-08-19 16:51,KSTL 191651Z 14010G17KT 10SM FEW160 FEW250 29/17 A3002 RMK AO2 SLP154 T02890172
STL,2023-08-19 17:51,KSTL 191751Z 15008G15KT 10SM FEW160 FEW250 30/18 A3000 RMK AO2 SLP146 T03000183 10300 20206 58017
STL,2023-08-19 18:51,KSTL 191851Z 16009G15KT 10SM FEW250 31/19 A2999 RMK AO2 SLP143 T03110194
STL,2023-08-19 19:51,KSTL 191951Z 15010KT 10SM SCT250 32/20 A2997 RMK AO2 SLP136 T03170200
STL,2023-08-19 20:51,KSTL 192051Z 17014KT 10SM SCT250 32/21 A2994 RMK AO2 SLP128 T03170206 58018
STL,2023-08-19 21:51,KSTL 192151Z 14013KT 10SM SCT250 32/21 A2994 RMK AO2 SLP125 T03170206
STL,2023-08-19 22:51,KSTL 192251Z 18012G20KT 10SM SCT250 32/21 A2993 RMK AO2 SLP124 T03170206
STL,2023-08-19 23:51,KSTL 192351Z 17010KT 10SM FEW250 31/21 A2993 RMK AO2 SLP125 T03060211 10322 20300 56004
STL,2023-08-20 00:51,KSTL 200051Z 17008KT 10SM FEW080 FEW150 29/21 A2992 RMK AO2 SLP122 T02940211
STL,2023-08-20 01:51,KSTL 200151Z 17006KT 10SM FEW150 28/21 A2994 RMK AO2 SLP127 T02830211
STL,2023-08-20 02:51,KSTL 200251Z 17006KT 10SM CLR 28/21 A2995 RMK AO2 SLP131 T02780211 53007
STL,2023-08-20 03:51,KSTL 200351Z 16009KT 10SM CLR 27/21 A2996 RMK AO2 SLP134 T02720211
STL,2023-08-20 04:51,KSTL 200451Z 17006KT 10SM FEW150 27/21 A2997 RMK AO2 SLP134 T02670211
STL,2023-08-20 05:51,KSTL 200551Z 18007KT 10SM SCT170 26/21 A2996 RMK AO2 SLP132 T02610211 10306 20261 403220200 50003
STL,2023-08-20 06:51,KSTL 200651Z 17006KT 10SM FEW170 26/21 A2997 RMK AO2 SLP133 T02560211
STL,2023-08-20 07:51,KSTL 200751Z 19005KT 10SM BKN170 25/21 A2997 RMK AO2 SLP135 T02500211
STL,2023-08-20 08:51,KSTL 200851Z 20004KT 10SM SCT170 25/22 A2998 RMK AO2 SLP136 T02500217 51004
STL,2023-08-20 09:51,KSTL 200951Z 00000KT 10SM SCT190 24/21 A2998 RMK AO2 SLP139 T02390211
STL,2023-08-20 10:51,KSTL 201051Z 13005KT 10SM BKN170 BKN250 24/21 A3000 RMK AO2 SLP145 T02390211
STL,2023-08-20 11:51,KSTL 201151Z 11005KT 10SM SCT170 BKN250 24/22 A3001 RMK AO2 SLP149 ACC S-SW T02390217 10261 20239 53012
STL,2023-08-20 12:51,KSTL 201251Z 12006KT 10SM SCT170 BKN250 24/22 A3003 RMK AO2 SLP157 T02440217
STL,2023-08-20 13:51,KSTL 201351Z 17004KT 10SM FEW200 SCT250 28/23 A3004 RMK AO2 SLP159 T02780228
STL,2023-08-20 14:51,KSTL 201451Z 22006KT 10SM FEW200 SCT250 30/23 A3004 RMK AO2 SLP158 T03000233 50009
STL,2023-08-20 15:51,KSTL 201551Z 24008KT 10SM FEW200 SCT250 32/23 A3003 RMK AO2 SLP155 T03220233
STL,2023-08-20 16:51,KSTL 201651Z 22005KT 10SM FEW200 BKN250 33/24 A3003 RMK AO2 SLP155 T03330239
STL,2023-08-20 17:51,KSTL 201751Z 00000KT 10SM FEW200 BKN250 35/24 A3002 RMK AO2 SLP150 T03500239 10356 20239 58006
STL,2023-08-20 18:51,KSTL 201851Z 02004KT 10SM FEW150 BKN250 36/23 A3001 RMK AO2 SLP147 T03560233
STL,2023-08-20 19:51,KSTL 201951Z 06005KT 10SM FEW150 BKN250 36/26 A3000 RMK AO2 SLP144 T03610256
STL,2023-08-20 20:51,KSTL 202051Z 07005KT 10SM FEW150 SCT250 35/26 A2999 RMK AO2 SLP141 T03500261 58009
STL,2023-08-20 21:51,KSTL 202151Z 10005KT 10SM FEW150 FEW250 37/25 A2999 RMK AO2 SLP140 T03720250
STL,2023-08-20 22:51,KSTL 202251Z 05007KT 10SM FEW250 36/27 A3000 RMK AO2 SLP144 T03560267
STL,2023-08-20 23:51,KSTL 202351Z 05005KT 10SM FEW250 34/26 A3001 RMK AO2 SLP147 T03440261 10378 20344 53006
STL,2023-08-21 00:51,KSTL 210051Z 05009KT 10SM CLR 33/26 A3003 RMK AO2 SLP155 T03330256
STL,2023-08-21 01:51,KSTL 210151Z 07007KT 10SM FEW200 32/26 A3004 RMK AO2 SLP157 T03170261
STL,2023-08-21 02:51,KSTL 210251Z 08006KT 10SM FEW100 SCT200 31/26 A3006 RMK AO2 SLP163 T03060256 53017
STL,2023-08-21 03:51,KSTL 210351Z 06006KT 10SM FEW190 31/24 A3007 RMK AO2 SLP165 T03060244
STL,2023-08-21 04:51,KSTL 210451Z 08006KT 10SM BKN250 30/25 A3007 RMK AO2 SLP166 T03000250
STL,2023-08-21 05:51,KSTL 210551Z 10006KT 10SM FEW030 SCT150 29/26 A3007 RMK AO2 SLP164 FU FEW030 T02890256 10350 20289 403780239 50002
STL,2023-08-21 06:51,KSTL 210651Z 10005KT 10SM FEW030 SCT150 28/26 A3006 RMK AO2 SLP162 FU FEW030 T02830256
STL,2023-08-21 07:51,KSTL 210751Z 05004KT 10SM SCT150 28/26 A3007 RMK AO2 SLP166 T02830256
STL,2023-08-21 08:51,KSTL 210851Z 05004KT 8SM FEW030 SCT150 28/26 A3008 RMK AO2 SLP168 FU FEW030 T02780256 53003
STL,2023-08-21 09:51,KSTL 210951Z 06003KT 7SM OVC007 27/26 A3007 RMK AO2 SLP167 T02720256
STL,2023-08-21 10:51,KSTL 211051Z 05004KT 6SM BR OVC004 27/26 A3009 RMK AO2 SLP172 T02720256
STL,2023-08-21 11:51,KSTL 211151Z 08005KT 1 1/2SM BR OVC002 27/26 A3010 RMK AO2 SLP176 T02720256 10289 20272 53008
STL,2023-08-21 12:51,KSTL 211251Z 06004KT 1SM R30R/2800V5000FT BR OVC003 27/26 A3012 RMK AO2 SLP182 VIS SE-S 3/4 T02720256
STL,2023-08-21 13:51,KSTL 211351Z 06004KT 2 1/2SM BR OVC003 28/26 A3013 RMK AO2 SLP186 T02780256
STL,2023-08-21 14:51,KSTL 211451Z 06003KT 3SM HZ OVC005 28/26 A3013 RMK AO2 SLP187 T02830256 51010
STL,2023-08-21 15:51,KSTL 211551Z 06003KT 7SM OVC011 30/26 A3013 RMK AO2 SLP188 T03000256
STL,2023-08-21 16:51,KSTL 211651Z 07006KT 10SM OVC016 32/26 A3013 RMK AO2 SLP186 T03170261
STL,2023-08-21 17:51,KSTL 211751Z 10007KT 8SM BKN019 OVC025 32/27 A3012 RMK AO2 SLP183 T03220267 10322 20272 58004
STL,2023-08-21 18:51,KSTL 211851Z COR 08005KT 9SM BKN022 BKN030 33/27 A3011 RMK AO2 SLP180 T03330272
STL,2023-08-21 19:51,KSTL 211951Z 07007KT 9SM FEW026 BKN036 BKN250 34/27 A3010 RMK AO2 SLP178 T03440267
STL,2023-08-21 20:51,KSTL 212051Z VRB05KT 9SM SCT026 BKN037 BKN046 BKN250 34/27 A3009 RMK AO2 SLP175 T03390267 56008
STL,2023-08-21 21:51,KSTL 212151Z 05008KT 10SM SCT029 BKN046 BKN250 34/27 A3009 RMK AO2 SLP175 T03390267
STL,2023-08-21 22:51,KSTL 212251Z 04007KT 10SM FEW028 SCT035 34/27 A3010 RMK AO2 SLP177 T03440267
STL,2023-08-21 23:51,KSTL 212351Z 06007KT 10SM SCT035 33/27 A3010 RMK AO2 SLP177 T03330267 10350 20322 50002
STL,2023-08-22 00:51,KSTL 220051Z 06008KT 10SM SCT027 SCT035 33/26 A3011 RMK AO2 SLP180 T03280261
STL,2023-08-22 01:51,KSTL 220151Z 04006KT 10SM FEW030 SCT038 32/26 A3012 RMK AO2 SLP185 T03170261
STL,2023-08-22 02:51,KSTL 220251Z 05006KT 10SM FEW028 SCT035 31/26 A3013 RMK AO2 SLP188 T03110261 53009
STL,2023-08-22 03:51,KSTL 220351Z 05007KT 10SM FEW030 SCT250 31/26 A3013 RMK AO2 SLP187 T03060261
STL,2023-08-22 04:51,KSTL 220451Z 06006KT 10SM SCT029 29/26 A3013 RMK AO2 SLP186 T02940261
STL,2023-08-22 05:51,KSTL 220551Z 09005KT 10SM SCT029 29/26 A3013 RMK AO2 SLP187 T02890261 10333 20289 403500272 52000
STL,2023-08-22 06:51,KSTL 220651Z 07005KT 7SM FEW029 28/26 A3012 RMK AO2 SLP184 T02830261
STL,2023-08-22 07:51,KSTL 220751Z 08004KT 6SM BR CLR 28/26 A3013 RMK AO2 SLP185 T02780261
STL,2023-08-22 08:51,KSTL 220851Z 09003KT 5SM BR FEW025 28/26 A3013 RMK AO2 SLP186 T02780261 55001
STL,2023-08-22 09:51,KSTL 220951Z 09004KT 4SM BR FEW025 28/26 A3013 RMK AO2 SLP187 T02780256
STL,2023-08-22 10:51,KSTL 221051Z 11004KT 3SM BR FEW005 BKN009 27/26 A3013 RMK AO2 SLP188 T02720256
STL,2023-08-22 11:51,KSTL 221151Z 06004KT 3SM BR BKN004 BKN250 27/26 A3014 RMK AO2 SLP190 T02720256 10289 20272 51003
STL,2023-08-22 12:51,KSTL 221251Z 09005KT 4SM BR FEW005 BKN011 BKN120 28/26 A3015 RMK AO2 SLP194 T02830261
STL,2023-08-22 13:51,KSTL 221351Z 13004KT 5SM HZ FEW006 SCT012 BKN250 29/26 A3016 RMK AO2 SLP196 T02940261
STL,2023-08-22 14:51,KSTL 221451Z 10007KT 8SM FEW015 FEW040 SCT250 32/26 A3015 RMK AO2 SLP195 T03170261 50005
STL,2023-08-22 15:51,KSTL 221551Z 11007KT 8SM FEW021 FEW250 33/27 A3014 RMK AO2 SLP191 T03330267
STL,2023-08-22 16:51,KSTL 221651Z 09005KT 9SM BKN026 BKN250 33/26 A3014 RMK AO2 SLP190 T03330261
STL,2023-08-22 17:51,KSTL 221751Z 15005KT 10SM BKN037 34/25 A3013 RMK AO2 SLP187 T03390250 10350 20272 $
STL,2023-08-22 18:51,KSTL 221851Z 26003KT 10SM SCT037 37/26 A3011 RMK AO2 SLP180 T03720256 $
STL,2023-08-22 19:51,KSTL 221951Z 00000KT 9SM BKN055 37/25 A3010 RMK AO2 SLP176 T03670250
STL,2023-08-22 20:51,KSTL 222051Z 11006KT 10SM BKN044 36/25 A3009 RMK AO2 SLP173 T03560250 56014
STL,2023-08-22 21:51,KSTL 222151Z 08008KT 10SM BKN045 36/26 A3008 RMK AO2 SLP170 T03560256
STL,2023-08-22 22:51,KSTL 222251Z 09007KT 10SM BKN049 35/26 A3007 RMK AO2 SLP168 T03500256
STL,2023-08-22 23:51,KSTL 222351Z 11007KT 10SM SCT048 BKN100 34/25 A3006 RMK AO2 SLP165 T03440250 10378 20339 58008
STL,2023-08-23 00:51,KSTL 230051Z 11007KT 10SM SCT049 33/25 A3006 RMK AO2 SLP165 T03330250
STL,2023-08-23 01:51,KSTL 230151Z 14007KT 10SM SCT046 32/26 A3008 RMK AO2 SLP169 T03220256
STL,2023-08-23 02:51,KSTL 230251Z 14006KT 10SM SCT044 32/25 A3008 RMK AO2 SLP171 T03220250 53006
STL,2023-08-23 03:51,KSTL 230351Z 17004KT 10SM BKN045 32/25 A3008 RMK AO2 SLP171 T03220250
STL,2023-08-23 04:51,KSTL 230451Z 16004KT 10SM SCT045 BKN250 32/25 A3009 RMK AO2 SLP171 T03170250
STL,2023-08-23 05:51,KSTL 230551Z 19003KT 10SM FEW040 FEW250 31/25 A3008 RMK AO2 SLP170 T03110250 10344 20311 403780272 58001
STL,2023-08-23 06:51,KSTL 230651Z 19005KT 9SM FEW040 FEW250 31/25 A3008 RMK AO2 SLP167 T03060250
STL,2023-08-23 07:51,KSTL 230751Z 20003KT 10SM BKN041 30/25 A3008 RMK AO2 SLP167 T03000250
STL,2023-08-23 08:51,KSTL 230851Z 00000KT 9SM FEW041 SCT250 29/25 A3007 RMK AO2 SLP167 T02940250 57003
STL,2023-08-23 09:51,KSTL 230951Z 20003KT 8SM FEW250 29/25 A3007 RMK AO2 SLP166 T02890250
STL,2023-08-23 10:51,KSTL 231051Z 23004KT 8SM FEW250 28/25 A3007 RMK AO2 SLP168 T02830250
STL,2023-08-23 11:51,KSTL 231151Z 21004KT 7SM BKN250 28/25 A3010 RMK AO2 SLP176 T02830250 10311 20278 53008
STL,2023-08-23 12:51,KSTL 231251Z 24006KT 8SM BKN250 30/25 A3011 RMK AO2 SLP179 T03000250 $
STL,2023-08-23 13:51,KSTL 231351Z 27010KT 8SM BKN250 31/25 A3011 RMK AO2 SLP181 T03110250 $
STL,2023-08-23 14:51,KSTL 231451Z 26009KT 9SM BKN250 32/26 A3011 RMK AO2 SLP180 T03220256 51004 $
STL,2023-08-23 15:51,KSTL 231551Z 24008KT 10SM FEW040 BKN250 34/26 A3010 RMK AO2 SLP175 T03390256 $
STL,2023-08-23 16:51,KSTL 231651Z 21008KT 10SM FEW033 BKN250 34/25 A3008 RMK AO2 SLP170 T03440250 $
STL,2023-08-23 17:51,KSTL 231751Z 23008KT 10SM FEW035 BKN250 35/25 A3006 RMK AO2 SLP162 T03500250 10356 20283 58017 $
STL,2023-08-23 18:51,KSTL 231851Z 26009KT 8SM FEW038 BKN250 36/25 A3004 RMK AO2 SLP154 T03610250
STL,2023-08-23 19:51,KSTL 231951Z 28008KT 8SM FEW039 BKN250 37/25 A3001 RMK AO2 SLP146 T03670250
STL,2023-08-23 20:51,KSTL 232051Z COR 27007KT 9SM FEW042 BKN250 37/25 A3001 RMK AO2 SLP144 T03670250 56018
STL,2023-08-23 21:51,KSTL 232151Z 26009KT 10SM FEW042 BKN250 36/25 A3000 RMK AO2 SLP142 T03560250
STL,2023-08-23 22:51,KSTL 232251Z 26008KT 8SM FEW042 OVC250 35/25 A3000 RMK AO2 SLP142 T03500250
STL,2023-08-23 23:51,KSTL 232351Z 26006KT 8SM FEW045 OVC250 34/25 A2999 RMK AO2 SLP139 T03440250 10372 20344 56006
STL,2023-08-24 00:51,KSTL 240051Z 25007KT 10SM FEW045 OVC250 33/25 A2999 RMK AO2 SLP141 T03330250
STL,2023-08-24 01:51,KSTL 240151Z 21004KT 10SM BKN250 33/25 A2999 RMK AO2 SLP140 T03280250
STL,2023-08-24 02:51,KSTL 240251Z 21004KT 10SM FEW130 BKN250 32/25 A3000 RMK AO2 SLP141 T03170250 51003
STL,2023-08-24 03:51,KSTL 240351Z 22006KT 10SM SCT250 31/25 A2999 RMK AO2 SLP139 T03110250
STL,2023-08-24 04:51,KSTL 240451Z 22004KT 10SM BKN250 31/25 A2998 RMK AO2 SLP135 T03060250
STL,2023-08-24 05:51,KSTL 240551Z 22005KT 9SM SCT250 30/24 A2998 RMK AO2 SLP134 T03000244 10344 20300 403720278 56007
STL,2023-08-24 06:51,KSTL 240651Z 23006KT 9SM FEW250 29/24 A2997 RMK AO2 SLP130 T02940244
STL,2023-08-24 07:51,KSTL 240751Z 23007KT 9SM FEW250 29/25 A2997 RMK AO2 SLP130 T02890250
STL,2023-08-24 08:51,KSTL 240851Z 24008KT 9SM CLR 29/24 A2996 RMK AO2 SLP129 T02890244 56006
STL,2023-08-24 09:51,KSTL 240951Z 24009KT 9SM CLR 28/24 A2996 RMK AO2 SLP128 T02830244
STL,2023-08-24 10:51,KSTL 241051Z 24010KT 9SM FEW250 28/24 A2997 RMK AO2 SLP132 T02830239
STL,2023-08-24 11:51,KSTL 241151Z 25008KT 8SM FEW250 28/24 A2999 RMK AO2 SLP139 T02830239 10300 20278 53009
STL,2023-08-24 12:51,KSTL 241251Z 25010KT 8SM CLR 29/24 A3001 RMK AO2 SLP145 T02940244
STL,2023-08-24 13:51,KSTL 241351Z 27009KT 8SM CLR 31/24 A3001 RMK AO2 SLP145 T03060244
STL,2023-08-24 14:51,KSTL 241451Z 26010KT 9SM CLR 32/24 A3001 RMK AO2 SLP146 T03220244 51008
STL,2023-08-24 15:51,KSTL 241551Z 24009KT 10SM CLR 34/25 A3000 RMK AO2 SLP144 T03390250
STL,2023-08-24 16:51,KSTL 241651Z 24011G15KT 10SM CLR 35/25 A2999 RMK AO2 SLP139 T03500250
STL,2023-08-24 17:51,KSTL 241751Z 25011KT 10SM CLR 37/25 A2997 RMK AO2 SLP132 T03670250 10367 20283 58013
STL,2023-08-24 18:51,KSTL 241851Z 23009KT 10SM FEW050 37/25 A2997 RMK AO2 SLP130 T03720250
STL,2023-08-24 19:51,KSTL 241951Z 22007KT 10SM FEW050 38/24 A2995 RMK AO2 SLP124 T03780244
STL,2023-08-24 20:51,KSTL 242051Z 21008KT 10SM FEW050 38/23 A2993 RMK AO2 SLP117 T03830233 58014
STL,2023-08-24 21:51,KSTL 242151Z 25008KT 10SM FEW060 SCT250 38/22 A2993 RMK AO2 SLP116 T03830222
STL,2023-08-24 22:51,KSTL 242251Z 26010KT 10SM FEW060 SCT250 37/23 A2992 RMK AO2 SLP117 T03720233
STL,2023-08-24 23:51,KSTL 242351Z 25010KT 10SM FEW060 BKN250 36/24 A2992 RMK AO2 SLP116 CB DSNT S MOV E T03610239 10383 20361 57002
STL,2023-08-25 00:51,KSTL 250051Z 24009KT 10SM SCT250 35/24 A2993 RMK AO2 SLP117 T03500239
STL,2023-08-25 01:51,KSTL 250151Z 21005KT 10SM FEW250 34/24 A2994 RMK AO2 SLP123 T03390239
STL,2023-08-25 02:51,KSTL 250251Z 22006KT 10SM FEW250 33/24 A2995 RMK AO2 SLP124 T03280239 52008
STL,2023-08-25 03:51,KSTL 250351Z 23006KT 10SM CLR 32/24 A2994 RMK AO2 SLP120 T03220239
STL,2023-08-25 04:51,KSTL 250451Z 23008KT 10SM FEW250 32/24 A2993 RMK AO2 SLP118 T03170239
STL,2023-08-25 05:51,KSTL 250551Z 24006KT 10SM CLR 31/24 A2993 RMK AO2 SLP119 T03110239 10361 20311 403830278 55004
STL,2023-08-25 06:51,KSTL 250651Z 22006KT 10SM CLR 30/23 A2993 RMK AO2 SLP118 T03000233
STL,2023-08-25 07:51,KSTL 250751Z 23005KT 10SM CLR 29/23 A2993 RMK AO2 SLP117 T02940233
STL,2023-08-25 08:51,KSTL 250851Z 26003KT 10SM CLR 29/23 A2993 RMK AO2 SLP119 T02890233 55000
STL,2023-08-25 09:51,KSTL 250951Z 26004KT 10SM CLR 28/23 A2993 RMK AO2 SLP117 T02830233
STL,2023-08-25 10:51,KSTL 251051Z 26005KT 10SM CLR 28/23 A2993 RMK AO2 SLP118 T02830233
STL,2023-08-25 11:51,KSTL 251151Z 26005KT 10SM CLR 28/23 A2994 RMK AO2 SLP122 T02830233 10311 20283 53003
STL,2023-08-25 12:51,KSTL 251251Z 27006KT 10SM CLR 30/23 A2995 RMK AO2 SLP125 T03000233
STL,2023-08-25 13:51,KSTL 251351Z 26005KT 10SM CLR 32/24 A2996 RMK AO2 SLP129 T03170239
STL,2023-08-25 14:51,KSTL 251451Z 24007KT 10SM CLR 34/24 A2997 RMK AO2 SLP131 T03390239 52009
STL,2023-08-25 15:51,KSTL 251551Z 29007KT 10SM CLR 36/23 A2996 RMK AO2 SLP127 T03610233
STL,2023-08-25 16:51,KSTL 251651Z 32009KT 10SM CLR 38/23 A2995 RMK AO2 SLP124 T03780228
STL,2023-08-25 17:51,KSTL 251751Z 30009KT 10SM CLR 38/22 A2994 RMK AO2 SLP119 T03830222 10383 20283 58010
STL,2023-08-25 18:51,KSTL 251851Z 28006KT 10SM FEW060 39/23 A2993 RMK AO2 SLP118 T03940233
STL,2023-08-25 19:51,KSTL 251951Z 30008KT 10SM FEW060 FEW250 39/23 A2991 RMK AO2 SLP112 CB DSNT NE MOV E T03940233
STL,2023-08-25 20:51,KSTL 252051Z 31009KT 10SM FEW060TCU FEW250 39/22 A2990 RMK AO2 LTG DSNT S SLP108 CB DSNT E MOV E TCU SE T03940222 58011
STL,2023-08-25 21:51,KSTL 252151Z 32010KT 10SM FEW060 FEW250 39/22 A2989 RMK AO2 LTG DSNT SE SLP106 CB DSNT SE MOV SE T03890222
STL,2023-08-25 22:51,KSTL 252251Z 31008KT 10SM FEW060 SCT150 SCT250 38/22 A2989 RMK AO2 LTG DSNT SE SLP104 CB DSNT SE MOV SE T03830222
STL,2023-08-25 23:51,KSTL 252351Z 31009KT 10SM FEW065 SCT150 BKN250 37/22 A2988 RMK AO2 SLP103 CB DSNT N AND DSNT SE MOV SE T03670217 10400 20367 56006
STL,2023-08-26 00:51,KSTL 260051Z 25008KT 10SM FEW060 SCT150 BKN250 35/24 A2988 RMK AO2 SLP103 T03500239
STL,2023-08-26 01:51,KSTL 260151Z 25004KT 10SM FEW060 FEW150 SCT350 34/24 A2990 RMK AO2 SLP110 T03390239
STL,2023-08-26 02:51,KSTL 260251Z 22005KT 10SM FEW150 FEW250 33/24 A2990 RMK AO2 SLP109 T03330239 53006
STL,2023-08-26 03:51,KSTL 260351Z 25004KT 10SM FEW250 32/24 A2991 RMK AO2 SLP110 T03170239
STL,2023-08-26 04:51,KSTL 260451Z 26007KT 10SM FEW250 31/24 A2992 RMK AO2 SLP111 T03110239
STL,2023-08-26 05:51,KSTL 260551Z 28006KT 10SM FEW250 31/24 A2991 RMK AO2 SLP108 T03060239 10367 20306 404000283 50001
STL,2023-08-26 06:51,KSTL 260651Z 28005KT 10SM FEW250 29/24 A2991 RMK AO2 LTG DSNT N SLP111 T02940239
STL,2023-08-26 07:51,KSTL 260751Z 06008KT 10SM FEW055 SCT250 28/22 A2992 RMK AO2 SLP112 T02830222
STL,2023-08-26 08:51,KSTL 260851Z 07006KT 10SM FEW250 28/21 A2990 RMK AO2 SLP108 T02780206 58002
STL,2023-08-26 09:51,KSTL 260951Z 05005KT 10SM FEW060 SCT110 SCT250 28/21 A2993 RMK AO2 LTG DSNT N AND NE SLP116 OCNL LTGICCC DSNT N CB DSNT N MOV SE T02780206
STL,2023-08-26 10:51,KSTL 261051Z 03010KT 10SM -RA FEW038 SCT060 BKN150 27/21 A2996 RMK AO2 LTG DSNT NE AND E RAB50 SLP127 OCNL LTGICCC DSNT E CB DSNT E MOV SE P0000 T02720206
STL,2023-08-26 11:51,KSTL 261151Z 11010KT 10SM SCT060 BKN160 26/21 A2996 RMK AO2 RAE24 SLP129 P0000 60000 T02610206 10306 20261 51019
STL,2023-08-26 12:51,KSTL 261251Z 09009KT 10SM SCT055 BKN150 OVC250 26/21 A2997 RMK AO2 LTG DSNT NW-NE SLP134 OCNL LTGICCCCG DSNT N CB DSNT N MOV SE T02610211
STL,2023-08-26 13:51,KSTL 261351Z 16011KT 10SM SCT050 BKN140 OVC200 27/21 A2995 RMK AO2 LTG DSNT ALQDS TSB02E36 SLP127 T02670211 $
STL,2023-08-26 14:51,KSTL 261451Z 05008G18KT 6SM TSRA BR FEW013 BKN033CB OVC070 23/21 A3003 RMK AO2 PK WND 32040/1422 WSHFT 1344 LTG DSNT ALQDS RAB16 TSB23 SLP154 OCNL LTGICCG N-SE AND OHD TS N-SE AND OHD MOV SE P0003 60003 T02280206 53022 $
STL,2023-08-26 15:51,KSTL 261551Z 27006KT 6SM -TSRA BR FEW060 BKN090CB OVC130 23/21 A3003 RMK AO2 LTG DSNT ALQDS SLP155 OCNL LTGICCC ALQDS TS ALQDS MOV SE P0014 T02280211 $
STL,2023-08-26 16:51,KSTL 261651Z 33006KT 5SM -TSRA BR FEW015 BKN090CB OVC120 24/22 A3002 RMK AO2 LTG DSNT ALQDS SLP152 OCNL LTGICCC ALQDS TS ALQDS MOV SE P0015 T02390222 $
STL,2023-08-26 17:51,KSTL 261751Z 09004KT 6SM RA BR FEW015 OVC085 24/22 A2998 RMK AO2 TSE35 PRESFR SLP137 P0012 60044 T02390217 10272 20228 58018 $
STL,2023-08-26 18:51,KSTL 261851Z 30006KT 10SM -RA FEW015 BKN090 OVC130 24/22 A2997 RMK AO2 PRESFR SLP135 P0004 T02440222 $
STL,2023-08-26 19:51,KSTL 261951Z 00000KT 10SM -RA BKN095 BKN140 24/21 A2991 RMK AO2 SLP117 P0001 T02440211 $
STL,2023-08-26 20:51,KSTL 262051Z 00000KT 10SM SCT011 BKN110 BKN170 26/22 A2993 RMK AO2 RAE39 SLP123 P0001 60006 T02560217 55015 $
STL,2023-08-26 21:51,KSTL 262151Z 33006KT 10SM SCT011 BKN110 BKN170 26/22 A2994 RMK AO2 SLP125 T02610217 $
STL,2023-08-26 22:51,KSTL 262251Z 33007KT 10SM SCT013 BKN100 BKN150 26/22 A2996 RMK AO2 SLP131 T02610222 $
STL,2023-08-26 23:51,KSTL 262351Z 32006KT 10SM FEW020 SCT027 BKN100 26/22 A2994 RMK AO2 SLP127 60006 T02560222 10272 20239 50003 $
STL,2023-08-27 00:51,KSTL 270051Z 31004KT 10SM SCT025 BKN100 25/22 A2994 RMK AO2 LTG DSNT NE SLP128 T02500222 $
STL,2023-08-27 01:51,KSTL 270151Z 35006KT 10SM BKN012 BKN025 OVC030 25/22 A2996 RMK AO2 SLP132 T02500222 $
STL,2023-08-27 02:51,KSTL 270251Z 05011KT 10SM OVC011 25/22 A2996 RMK AO2 SLP135 T02500217 51006 $
STL,2023-08-27 03:51,KSTL 270351Z 04012KT 10SM OVC012 24/21 A2997 RMK AO2 RAB39E48 SLP139 P0000 T02440211 $
STL,2023-08-27 04:51,KSTL 270451Z 04009KT 10SM -RA BKN010 BKN026 OVC080 23/21 A2998 RMK AO2 RAB0356 SLP141 P0002 T02330206 $
STL,2023-08-27 05:51,KSTL 270551Z 04010KT 10SM FEW013 SCT026 OVC085 23/20 A2998 RMK AO2 RAE36 SLP141 P0000 60002 T02280200 10256 20228 403000228 50004 $
STL,2023-08-27 06:51,KSTL 270651Z 05008KT 10SM FEW013 OVC025 23/19 A2997 RMK AO2 SLP139 T02280194 $
STL,2023-08-27 07:51,KSTL 270751Z 04010KT 10SM FEW015 OVC027 22/18 A2997 RMK AO2 SLP139 T02220183 $
STL,2023-08-27 08:51,KSTL 270851Z 04008KT 10SM SCT014 BKN028 22/18 A2997 RMK AO2 SLP138 T02170178 56002 $
STL,2023-08-27 09:51,KSTL 270951Z 02010KT 10SM OVC012 21/18 A2997 RMK AO2 SLP137 T02110178 $
STL,2023-08-27 10:51,KSTL 271051Z 02008KT 10SM OVC012 21/18 A2998 RMK AO2 SLP142 T02060178 $
STL,2023-08-27 11:51,KSTL 271151Z 03009KT 10SM OVC010 21/17 A3000 RMK AO2 SLP147 70052 T02060172 10228 20206 53008 $
STL,2023-08-27 12:51,KSTL 271251Z 01007KT 10SM SCT009 OVC010 21/17 A3000 RMK AO2 SLP149 T02060172 $
STL,2023-08-27 13:51,KSTL 271351Z 36008KT 10SM OVC009 21/17 A3000 RMK AO2 SLP150 T02060172 $
STL,2023-08-27 14:51,KSTL 271451Z 01008KT 10SM OVC009 21/18 A3001 RMK AO2 SLP153 T02110178 53006 $
STL,2023-08-27 15:51,KSTL 271551Z 34009KT 10SM OVC010 21/18 A3002 RMK AO2 SLP156 T02110178 $
STL,2023-08-27 16:51,KSTL 271651Z 34010KT 10SM OVC010 22/18 A3001 RMK AO2 SLP153 T02170178 $
STL,2023-08-27 17:51,KSTL 271751Z 35008KT 10SM OVC012 22/18 A3000 RMK AO2 SLP150 T02220183 10228 20200 58003 $
STL,2023-08-27 18:51,KSTL 271851Z 34009KT 10SM OVC013 23/18 A2999 RMK AO2 SLP146 T02330183 $
STL,2023-08-27 19:51,KSTL 271951Z 34011KT 10SM OVC015 23/19 A2998 RMK AO2 SLP142 T02330189 $
STL,2023-08-27 20:51,KSTL 272051Z COR 34012KT 10SM R30R/3500VP6000FT OVC015 23/19 A2998 RMK AO2 SLP142 T02330189 56008 $
STL,2023-08-27 21:51,KSTL 272151Z 34009KT 10SM SCT016 BKN033 24/19 A2997 RMK AO2 SLP140 T02390189 $
STL,2023-08-27 22:51,KSTL 272251Z 34008KT 10SM SCT017 BKN035 24/19 A2997 RMK AO2 SLP139 T02390189 $
STL,2023-08-27 23:51,KSTL 272351Z 34006KT 10SM FEW016 BKN055 23/19 A2997 RMK AO2 SLP139 T02330189 10244 20222 56004 $
STL,2023-08-28 00:51,KSTL 280051Z 34004KT 10SM FEW020 SCT070 22/19 A2996 RMK AO2 SLP137 T02220189 $
STL,2023-08-28 01:51,KSTL 280151Z 33004KT 10SM BKN060 22/19 A2997 RMK AO2 SLP141 T02170189 $
STL,2023-08-28 02:51,KSTL 280251Z 34006KT 10SM SCT033 BKN060 22/19 A2998 RMK AO2 SLP143 T02170189 53004 $
STL,2023-08-28 03:51,KSTL 280351Z 36004KT 10SM FEW029 BKN065 22/19 A2999 RMK AO2 SLP145 T02170189 $
STL,2023-08-28 04:51,KSTL 280451Z 34003KT 10SM FEW029 SCT065 21/19 A2999 RMK AO2 SLP146 T02110189 $
STL,2023-08-28 05:51,KSTL 280551Z 34003KT 10SM FEW030 SCT065 21/18 A2999 RMK AO2 SLP147 T02060183 10233 20206 402440200 51004 $
STL,2023-08-28 06:51,KSTL 280651Z 03004KT 10SM BKN034 BKN070 21/18 A2999 RMK AO2 SLP146 T02110183 $
STL,2023-08-28 07:51,KSTL 280751Z 03004KT 10SM BKN035 BKN070 21/18 A3000 RMK AO2 SLP149 T02110178 $
STL,2023-08-28 08:51,KSTL 280851Z 07005KT 10SM BKN039 OVC075 21/17 A2999 RMK AO2 SLP148 T02060172 50001 $
STL,2023-08-28 09:51,KSTL 280951Z 06006KT 10SM SCT070 20/17 A3000 RMK AO2 SLP148 T02000167 $
STL,2023-08-28 10:51,KSTL 281051Z 05004KT 10SM FEW070 20/16 A3000 RMK AO2 SLP151 T02000161 $
STL,2023-08-28 11:51,KSTL 281151Z 00000KT 10SM FEW070 19/16 A3002 RMK AO2 SLP156 ACC S T01940161 10217 20194 53008 $
STL,2023-08-28 12:51,KSTL 281251Z 05004KT 10SM FEW070 21/16 A3003 RMK AO2 SLP159 T02060161
STL,2023-08-28 13:51,KSTL 281351Z 05004KT 10SM CLR 22/17 A3004 RMK AO2 SLP163 T02220167
STL,2023-08-28 14:51,KSTL 281451Z 07004KT 10SM CLR 24/16 A3004 RMK AO2 SLP162 T02390161 51008
STL,2023-08-28 15:51,KSTL 281551Z 07009KT 10SM FEW050 FEW250 26/14 A3004 RMK AO2 SLP162 T02560144
STL,2023-08-28 16:51,KSTL 281651Z 05008KT 10SM FEW050 FEW250 26/15 A3003 RMK AO2 SLP160 T02610150
STL,2023-08-28 17:51,KSTL 281751Z 02010G16KT 10SM FEW047 FEW250 27/14 A3003 RMK AO2 SLP158 T02720144 10272 20194 58004
STL,2023-08-28 18:51,KSTL 281851Z 04007G15KT 10SM FEW050 27/14 A3001 RMK AO2 SLP152 T02720139
STL,2023-08-28 19:51,KSTL 281951Z 04008KT 10SM FEW050 FEW250 28/13 A3000 RMK AO2 SLP148 T02780128
STL,2023-08-28 20:51,KSTL 282051Z 04006KT 10SM FEW050 FEW250 28/13 A2999 RMK AO2 SLP146 T02830133 56011
STL,2023-08-28 21:51,KSTL 282151Z 36006KT 10SM FEW250 28/13 A2999 RMK AO2 SLP144 T02780133
STL,2023-08-28 22:51,KSTL 282251Z 04008KT 10SM FEW250 28/13 A2999 RMK AO2 SLP145 T02780128
STL,2023-08-28 23:51,KSTL 282351Z 01008KT 10SM FEW250 27/14 A2998 RMK AO2 SLP142 T02670139 10283 20267 58005
STL,2023-08-29 00:51,KSTL 290051Z 36004KT 10SM SCT250 25/14 A2998 RMK AO2 SLP142 T02500139
STL,2023-08-29 01:51,KSTL 290151Z 04005KT 10SM SCT250 24/14 A3000 RMK AO2 SLP148 T02440139
STL,2023-08-29 02:51,KSTL 290251Z 04003KT 10SM FEW250 24/14 A3001 RMK AO2 SLP152 T02390144 53011
STL,2023-08-29 03:51,KSTL 290351Z 00000KT 10SM SCT120 22/15 A3002 RMK AO2 SLP153 T02170150
STL,2023-08-29 04:51,KSTL 290451Z 00000KT 10SM FEW120 21/15 A3002 RMK AO2 SLP154 T02110150
STL,2023-08-29 05:51,KSTL 290551Z 00000KT 10SM FEW130 21/16 A3001 RMK AO2 SLP152 T02110156 10267 20206 402830194 50000
STL,2023-08-29 06:51,KSTL 290651Z 00000KT 10SM BKN250 21/16 A3000 RMK AO2 SLP147 T02060156
STL,2023-08-29 07:51,KSTL 290751Z 00000KT 10SM FEW130 FEW250 20/15 A2998 RMK AO2 SLP142 T02000150
STL,2023-08-29 08:51,KSTL 290851Z 27003KT 10SM FEW250 18/14 A2998 RMK AO2 SLP142 T01780144 56011
STL,2023-08-29 09:51,KSTL 290951Z 25003KT 10SM FEW250 18/15 A2998 RMK AO2 SLP143 T01830150
STL,2023-08-29 10:51,KSTL 291051Z 00000KT 9SM FEW250 18/15 A2999 RMK AO2 SLP145 T01780150
STL,2023-08-29 11:51,KSTL 291151Z 00000KT 10SM FEW150 FEW250 19/16 A2999 RMK AO2 SLP146 T01890161 10217 20178 53004
STL,2023-08-29 12:51,KSTL 291251Z 00000KT 10SM FEW250 21/17 A2999 RMK AO2 SLP147 T02060172
STL,2023-08-29 13:51,KSTL 291351Z 00000KT 10SM FEW250 23/17 A3000 RMK AO2 SLP149 T02330172
STL,2023-08-29 14:51,KSTL 291451Z VRB03KT 10SM FEW250 25/15 A3001 RMK AO2 SLP151 T02500150 53005
STL,2023-08-29 15:51,KSTL 291551Z 29005KT 10SM FEW250 27/16 A3000 RMK AO2 SLP149 T02720156
STL,2023-08-29 16:51,KSTL 291651Z 30006KT 10SM FEW250 28/16 A2999 RMK AO2 SLP146 T02830156
STL,2023-08-29 17:51,KSTL 291751Z 34004KT 10SM FEW250 29/17 A2998 RMK AO2 SLP140 T02890167 10289 20183 58010
STL,2023-08-29 18:51,KSTL 291851Z VRB03KT 10SM FEW050 FEW250 29/16 A2996 RMK AO2 SLP134 T02940161
STL,2023-08-29 19:51,KSTL 291951Z COR VRB03KT 10SM FEW050 FEW250 29/17 A2994 RMK AO2 SLP126 T02940172
STL,2023-08-29 20:51,KSTL 292051Z COR 29007G14KT 10SM FEW049 FEW250 31/17 A2992 RMK AO2 SLP120 T03060172 58020
STL,2023-08-29 21:51,KSTL 292151Z 33007KT 10SM FEW049 BKN250 30/17 A2990 RMK AO2 SLP116 T03000172
STL,2023-08-29 22:51,KSTL 292251Z 31008KT 10SM FEW050 BKN250 29/17 A2990 RMK AO2 SLP115 T02940167
STL,2023-08-29 23:51,KSTL 292351Z 30005KT 10SM FEW050 BKN250 28/17 A2989 RMK AO2 SLP113 CB DSNT NW-N MOV S T02830167 10306 20283 56007
STL,2023-08-30 00:51,KSTL 300051Z 32005KT 10SM FEW050 SCT110 BKN250 26/17 A2990 RMK AO2 SLP114 CB DSNT N MOV S T02610172
STL,2023-08-30 01:51,KSTL 300151Z 27003KT 10SM FEW050 BKN100 BKN250 26/18 A2991 RMK AO2 SLP115 CB DSNT NW-N MOV S T02610178
STL,2023-08-30 02:51,KSTL 300251Z 34008KT 10SM FEW039 BKN090 25/19 A2993 RMK AO2 SLP124 T02500194 53013
STL,2023-08-30 03:51,KSTL 300351Z 22004KT 10SM BKN075 OVC100 24/19 A2993 RMK AO2 SLP123 T02390194
STL,2023-08-30 04:51,KSTL 300451Z 36004KT 10SM FEW080 OVC110 24/19 A2994 RMK AO2 SLP125 T02390194
STL,2023-08-30 05:51,KSTL 300551Z 00000KT 10SM FEW100 23/19 A2994 RMK AO2 SLP126 T02330189 10283 20233 403060178 53002
STL,2023-08-30 06:51,KSTL 300651Z 36005KT 10SM FEW100 22/19 A2994 RMK AO2 SLP125 T02220194
STL,2023-08-30 07:51,KSTL 300751Z 02005KT 10SM CLR 23/19 A2993 RMK AO2 SLP123 T02280194
STL,2023-08-30 08:51,KSTL 300851Z 04006KT 10SM CLR 22/19 A2995 RMK AO2 SLP127 T02220194 53001
STL,2023-08-30 09:51,KSTL 300951Z 06008KT 10SM CLR 22/18 A2996 RMK AO2 SLP132 T02170183
STL,2023-08-30 10:51,KSTL 301051Z 06008KT 10SM CLR 21/16 A2998 RMK AO2 SLP140 T02110161
STL,2023-08-30 11:51,KSTL 301151Z 06006KT 10SM FEW075 20/16 A3000 RMK AO2 SLP149 T02000156 10239 20200 53019
STL,2023-08-30 12:51,KSTL 301251Z 08007KT 10SM FEW075 21/15 A3002 RMK AO2 SLP156 ACC W T02060150
STL,2023-08-30 13:51,KSTL 301351Z 08007KT 10SM FEW075 22/14 A3003 RMK AO2 SLP159 T02170144
STL,2023-08-30 14:51,KSTL 301451Z 09007KT 10SM FEW075 23/14 A3004 RMK AO2 SLP163 T02330144 51014
STL,2023-08-30 15:51,KSTL 301551Z 07007KT 10SM FEW040 24/14 A3005 RMK AO2 SLP167 T02390139
STL,2023-08-30 16:51,KSTL 301651Z 07013KT 10SM FEW045 26/14 A3005 RMK AO2 SLP165 T02560139
STL,2023-08-30 17:51,KSTL 301751Z 06008KT 10SM FEW042 26/14 A3003 RMK AO2 SLP159 T02610144 10267 20200 58003 $
STL,2023-08-30 18:51,KSTL 301851Z 03009KT 10SM SCT044 26/13 A3002 RMK AO2 SLP157 T02610133 $
STL,2023-08-30 19:51,KSTL 301951Z 02009G19KT 10SM FEW046 26/13 A3000 RMK AO2 SLP150 T02610133 $
STL,2023-08-30 20:51,KSTL 302051Z 04009G17KT 10SM FEW046 27/14 A2999 RMK AO2 SLP143 T02720139 58015 $
STL,2023-08-30 21:51,KSTL 302151Z 02011G19KT 10SM SCT048 26/14 A2999 RMK AO2 SLP144 T02610139 $
STL,2023-08-30 22:51,KSTL 302251Z 03010G18KT 10SM FEW048 26/13 A2998 RMK AO2 SLP142 T02610128 $
STL,2023-08-30 23:51,KSTL 302351Z 04010KT 10SM FEW048 25/12 A2998 RMK AO2 SLP143 T02500122 10278 20250 55002 $
STL,2023-08-31 00:51,KSTL 310051Z 04009KT 10SM FEW050 23/12 A2999 RMK AO2 SLP146 T02330122 $
STL,2023-08-31 01:51,KSTL 310151Z 05005KT 10SM CLR 22/12 A3000 RMK AO2 SLP151 T02220122 $
STL,2023-08-31 02:51,KSTL 310251Z 06006KT 10SM CLR 21/12 A3001 RMK AO2 SLP155 T02110122 53010 $
STL,2023-08-31 03:51,KSTL 310351Z 03006KT 10SM CLR 21/12 A3002 RMK AO2 SLP157 T02060122 $
STL,2023-08-31 04:51,KSTL 310451Z 04006KT 10SM CLR 19/12 A3003 RMK AO2 SLP157 T01940122 $
STL,2023-08-31 05:51,KSTL 310551Z 06006KT 10SM CLR 18/12 A3003 RMK AO2 SLP159 T01830122 10250 20183 402780183 51004 $
STL,2023-08-31 06:51,KSTL 310651Z 06005KT 10SM CLR 18/12 A3003 RMK AO2 SLP160 T01780122 $
STL,2023-08-31 07:51,KSTL 310751Z 06005KT 10SM CLR 17/12 A3003 RMK AO2 SLP159 T01720122 $
STL,2023-08-31 08:51,KSTL 310851Z 07006KT 10SM CLR 16/12 A3003 RMK AO2 SLP159 T01560117 51000 $
STL,2023-08-31 09:51,KSTL 310951Z 06004KT 10SM CLR 16/12 A3005 RMK AO2 SLP166 T01560117 $
STL,2023-08-31 10:51,KSTL 311051Z 05004KT 10SM CLR 15/12 A3005 RMK AO2 SLP169 T01500117 $
STL,2023-08-31 11:51,KSTL 311151Z 06004KT 10SM CLR 14/11 A3007 RMK AO2 SLP175 T01440111 10183 20144 52014 $
STL,2023-08-31 12:51,KSTL 311251Z 08004KT 10SM CLR 16/12 A3009 RMK AO2 SLP183 T01610122
STL,2023-08-31 13:51,KSTL 311351Z 09004KT 10SM CLR 18/13 A3010 RMK AO2 SLP186 T01780128
STL,2023-08-31 14:51,KSTL 311451Z VRB04KT 10SM CLR 20/13 A3011 RMK AO2 SLP187 T02000133 51012
STL,2023-08-31 15:51,KSTL 311551Z COR 00000KT 10SM FEW045 22/13 A3011 RMK AO2 SLP187 T02220128
STL,2023-08-31 16:51,KSTL 311651Z VRB03KT 10SM FEW045 23/12 A3011 RMK AO2 SLP188 T02330122
STL,2023-08-31 17:51,KSTL 311751Z 02007KT 10SM FEW045 25/13 A3010 RMK AO2 SLP183 T02500128 10250 20150 58002
STL,2023-08-31 18:51,KSTL 311851Z 07005KT 10SM FEW050 26/13 A3008 RMK AO2 SLP178 T02560128
STL,2023-08-31 19:51,KSTL 311951Z 04005G16KT 10SM FEW050 26/13 A3007 RMK AO2 SLP174 T02610128
STL,2023-08-31 20:51,KSTL 312051Z 04005KT 10SM FEW050 26/12 A3006 RMK AO2 SLP173 T02610122 56011
STL,2023-08-31 21:51,KSTL 312151Z 09008KT 10SM FEW250 27/12 A3005 RMK AO2 SLP169 T02670122
STL,2023-08-31 22:51,KSTL 312251Z 06008KT 10SM FEW250 26/12 A3005 RMK AO2 SLP168 T02610117
STL,2023-08-31 23:51,KSTL 312351Z 06007KT 10SM FEW250 26/12 A3005 RMK AO2 SLP168 T02560117 10267 20244 56005
